id,text,upos,xpos,feats,head,deprel,span,lemma,expanded
1,בדיקת,NOUN,NOUN,Definite=Cons|Gender=Fem|Number=Sing,22.0,nsubj,"(0, 5)",בדיקה,
2,עמדות,NOUN,NOUN,Gender=Fem|Number=Plur,1.0,compound:smixut,"(6, 11)",עמדה,
"(3, 4)",למגורים,,,,,,"(12, 19)",,"[{'id': 3, 'text': 'ל', 'upos': 'ADP', 'xpos': 'ADP', 'head': 4, 'deprel': 'case', 'lemma': 'ל'}, {'id': 4, 'text': 'מגורים', 'upos': 'NOUN', 'xpos': 'NOUN', 'feats': 'Gender=Masc|Number=Plur', 'head': 2, 'deprel': 'nmod', 'lemma': 'מגורים'}]"
"(5, 7)",בבניינים,,,,,,"(20, 28)",,"[{'id': 5, 'text': 'ב', 'upos': 'ADP', 'xpos': 'ADP', 'head': 7, 'deprel': 'case', 'lemma': 'ב'}, {'id': 6, 'text': 'ה_', 'upos': 'DET', 'xpos': 'DET', 'feats': 'PronType=Art', 'head': 7, 'deprel': 'det:def', 'lemma': 'ה'}, {'id': 7, 'text': 'בניינים', 'upos': 'NOUN', 'xpos': 'NOUN', 'feats': 'Gender=Masc|Number=Plur', 'head': 4, 'deprel': 'nmod', 'lemma': 'בניין'}]"
8,משותפים,ADJ,ADJ,Gender=Masc|Number=Plur,7.0,amod,"(29, 36)",משותף,
"(9, 11)",בעיר,,,,,,"(37, 41)",,"[{'id': 9, 'text': 'ב', 'upos': 'ADP', 'xpos': 'ADP', 'head': 11, 'deprel': 'case', 'lemma': 'ב'}, {'id': 10, 'text': 'ה_', 'upos': 'DET', 'xpos': 'DET', 'feats': 'PronType=Art', 'head': 11, 'deprel': 'det:def', 'lemma': 'ה'}, {'id': 11, 'text': 'עיר', 'upos': 'NOUN', 'xpos': 'NOUN', 'feats': 'Gender=Fem|Number=Sing', 'head': 7, 'deprel': 'nmod', 'lemma': 'עיר'}]"
"(12, 14)",סח'נין,,,,,,"(42, 48)",,"[{'id': 12, 'text': 'סחחן_', 'upos': 'NOUN', 'xpos': 'NOUN', 'feats': 'Definite=Def|Gender=Masc|Number=Plur', 'head': 11, 'deprel': 'acl', 'lemma': 'סחחן'}, {'id': 13, 'text': '_של_', 'upos': 'ADP', 'xpos': 'ADP', 'head': 14, 'deprel': 'case:gen', 'lemma': 'של'}, {'id': 14, 'text': '_הן', 'upos': 'PRON', 'xpos': 'PRON', 'feats': 'Case=Gen|Gender=Fem|Number=Plur|Person=3|PronType=Prs', 'head': 12, 'deprel': 'nmod:poss', 'lemma': 'הוא'}]"
15,דוח,NOUN,NOUN,Definite=Cons|Gender=Masc|HebSource=ConvUncertainHead|Number=Sing,1.0,dep,"(49, 52)",דיווח,
16,סיכום,NOUN,NOUN,Definite=Cons|Gender=Masc|Number=Sing,15.0,compound:smixut,"(53, 58)",סיכום,
17,מחקר,NOUN,NOUN,Gender=Masc|Number=Sing,16.0,compound:smixut,"(59, 63)",מחקר,
18,איכותי,ADJ,ADJ,Gender=Masc|Number=Sing,17.0,amod,"(64, 70)",איכותי,
19,משרד,NOUN,NOUN,Definite=Cons|Gender=Masc|Number=Sing,17.0,acl,"(71, 75)",משרד,
"(20, 21)",השיכון,,,,,,"(76, 82)",,"[{'id': 20, 'text': 'ה', 'upos': 'DET', 'xpos': 'DET', 'feats': 'PronType=Art', 'head': 21, 'deprel': 'det:def', 'lemma': 'ה'}, {'id': 21, 'text': 'שיכון', 'upos': 'NOUN', 'xpos': 'NOUN', 'feats': 'Gender=Masc|Number=Sing', 'head': 19, 'deprel': 'compound:smixut', 'lemma': 'שיכון'}]"
22,מוגשת,VERB,VERB,"Gender=Fem|HebBinyan=NIFAL|Number=Sing|Person=1,2,3|VerbForm=Part|Voice=Mid",0.0,root,"(83, 88)",הוגש,
"(23, 24)",ללשכת,,,,,,"(89, 94)",,"[{'id': 23, 'text': 'ל', 'upos': 'ADP', 'xpos': 'ADP', 'head': 24, 'deprel': 'case', 'lemma': 'ל'}, {'id': 24, 'text': 'לשכת', 'upos': 'NOUN', 'xpos': 'NOUN', 'feats': 'Definite=Cons|Gender=Fem|Number=Sing', 'head': 22, 'deprel': 'obl', 'lemma': 'לשכה'}]"
"(25, 26)",הפרסום,,,,,,"(95, 101)",,"[{'id': 25, 'text': 'ה', 'upos': 'DET', 'xpos': 'DET', 'feats': 'PronType=Art', 'head': 26, 'deprel': 'det:def', 'lemma': 'ה'}, {'id': 26, 'text': 'פרסום', 'upos': 'NOUN', 'xpos': 'NOUN', 'feats': 'Gender=Masc|Number=Sing', 'head': 24, 'deprel': 'compound:smixut', 'lemma': 'פרסום'}]"
"(27, 28)",הממשלתית,,,,,,"(102, 110)",,"[{'id': 27, 'text': 'ה', 'upos': 'DET', 'xpos': 'DET', 'feats': 'PronType=Art', 'head': 28, 'deprel': 'det:def', 'lemma': 'ה'}, {'id': 28, 'text': 'ממשלתית', 'upos': 'ADJ', 'xpos': 'ADJ', 'feats': 'Gender=Fem|Number=Sing', 'head': 24, 'deprel': 'amod', 'lemma': 'ממשלתי'}]"
29,אוקטובר,PROPN,PROPN,HebSource=ConvUncertainHead,22.0,dep,"(111, 118)",אוקטובר,
30,נובמבר,PROPN,PROPN,HebSource=ConvUncertainHead,29.0,nmod,"(119, 125)",נובמבר,
31,2010,NUM,NUM,HebSource=ConvUncertainHead,29.0,nummod,"(126, 130)",2010,
32,אות,NOUN,NOUN,Gender=Masc|HebSource=ConvUncertainHead|Number=Sing,22.0,dep,"(131, 134)",אות,
33,נתל,PROPN,PROPN,HebSource=ConvUncertainHead,32.0,nmod,"(134, 137)",נתל,
34,אינס״ט,PROPN,PROPN,Abbr=Yes,32.0,flat:name,"(138, 144)",אינס״ט,
35,מטרות,NOUN,NOUN,Definite=Cons|Gender=Fem|Number=Plur,22.0,nsubj,"(145, 150)",מטרה,
"(36, 37)",המחקר,,,,,,"(151, 156)",,"[{'id': 36, 'text': 'ה', 'upos': 'DET', 'xpos': 'DET', 'feats': 'PronType=Art', 'head': 37, 'deprel': 'det:def', 'lemma': 'ה'}, {'id': 37, 'text': 'מחקר', 'upos': 'NOUN', 'xpos': 'NOUN', 'feats': 'Gender=Masc|Number=Sing', 'head': 35, 'deprel': 'compound:smixut', 'lemma': 'מחקר'}]"
38,□,PUNCT,PUNCT,,39.0,punct,"(157, 158)",□,
39,בדיקת,NOUN,NOUN,Definite=Cons|Gender=Fem|Number=Sing,22.0,parataxis,"(159, 164)",בדיקה,
40,היתכנות,NOUN,NOUN,Definite=Cons|Gender=Fem|Number=Sing,39.0,compound:smixut,"(165, 172)",היתכנות,
"(41, 42)",השיווק,,,,,,"(173, 179)",,"[{'id': 41, 'text': 'ה', 'upos': 'DET', 'xpos': 'DET', 'feats': 'PronType=Art', 'head': 42, 'deprel': 'det:def', 'lemma': 'ה'}, {'id': 42, 'text': 'שיווק', 'upos': 'NOUN', 'xpos': 'NOUN', 'feats': 'Gender=Masc|Number=Sing', 'head': 40, 'deprel': 'compound:smixut', 'lemma': 'שיווק'}]"
43,של,ADP,ADP,Case=Gen,44.0,case:gen,"(180, 182)",של,
44,דירות,NOUN,NOUN,Gender=Fem|Number=Plur,40.0,nmod:poss,"(183, 188)",דירה,
"(45, 47)",בבניינים,,,,,,"(189, 197)",,"[{'id': 45, 'text': 'ב', 'upos': 'ADP', 'xpos': 'ADP', 'head': 47, 'deprel': 'case', 'lemma': 'ב'}, {'id': 46, 'text': 'ה_', 'upos': 'DET', 'xpos': 'DET', 'feats': 'PronType=Art', 'head': 47, 'deprel': 'det:def', 'lemma': 'ה'}, {'id': 47, 'text': 'בניינים', 'upos': 'NOUN', 'xpos': 'NOUN', 'feats': 'Gender=Masc|Number=Plur', 'head': 44, 'deprel': 'nmod', 'lemma': 'בניין'}]"
48,משותפים,ADJ,ADJ,Gender=Masc|Number=Plur,47.0,amod,"(198, 205)",משותף,
"(49, 51)",בסחינין,,,,,,"(206, 213)",,"[{'id': 49, 'text': 'ב', 'upos': 'ADP', 'xpos': 'ADP', 'head': 51, 'deprel': 'case', 'lemma': 'ב'}, {'id': 50, 'text': 'ה_', 'upos': 'DET', 'xpos': 'DET', 'feats': 'PronType=Art', 'head': 51, 'deprel': 'det:def', 'lemma': 'ה'}, {'id': 51, 'text': 'סחינין', 'upos': 'NOUN', 'xpos': 'NOUN', 'feats': 'Gender=Masc|Number=Sing', 'head': 47, 'deprel': 'nmod', 'lemma': 'סחינין'}]"
52,□,PUNCT,PUNCT,,39.0,punct,"(214, 215)",□,
53,גילוי,NOUN,NOUN,Definite=Cons|Gender=Masc|Number=Sing,39.0,conj,"(216, 221)",גילוי,
54,חסמים,NOUN,NOUN,Gender=Masc|Number=Plur,53.0,compound:smixut,"(222, 227)",חסם,
"(55, 56)",והתנגדויות,,,,,,"(228, 238)",,"[{'id': 55, 'text': 'ו', 'upos': 'CCONJ', 'xpos': 'CCONJ', 'head': 56, 'deprel': 'cc', 'lemma': 'ו'}, {'id': 56, 'text': 'התנגדויות', 'upos': 'NOUN', 'xpos': 'NOUN', 'feats': 'Gender=Fem|Number=Plur', 'head': 54, 'deprel': 'conj', 'lemma': 'התנגדות'}]"
57,□,PUNCT,PUNCT,,58.0,cc,"(239, 240)",□,
58,איסוף,NOUN,NOUN,Definite=Cons|Gender=Masc|Number=Sing,39.0,conj,"(241, 246)",איסוף,
59,תובנות,NOUN,NOUN,Gender=Fem|Number=Plur,58.0,compound:smixut,"(247, 253)",תובנה,
"(60, 62)",בגיבוש,,,,,,"(254, 260)",,"[{'id': 60, 'text': 'ב', 'upos': 'ADP', 'xpos': 'ADP', 'head': 62, 'deprel': 'case', 'lemma': 'ב'}, {'id': 61, 'text': 'ה_', 'upos': 'DET', 'xpos': 'DET', 'feats': 'PronType=Art', 'head': 62, 'deprel': 'det:def', 'lemma': 'ה'}, {'id': 62, 'text': 'גיבוש', 'upos': 'NOUN', 'xpos': 'NOUN', 'feats': 'Gender=Masc|Number=Sing', 'head': 58, 'deprel': 'nmod', 'lemma': 'גיבוש'}]"
63,חלופות,NOUN,NOUN,Gender=Fem|Number=Plur,58.0,nmod,"(261, 267)",חלופה,
"(64, 66)",לתקשורת,,,,,,"(268, 275)",,"[{'id': 64, 'text': 'ל', 'upos': 'ADP', 'xpos': 'ADP', 'head': 66, 'deprel': 'case', 'lemma': 'ל'}, {'id': 65, 'text': 'ה_', 'upos': 'DET', 'xpos': 'DET', 'feats': 'PronType=Art', 'head': 66, 'deprel': 'det:def', 'lemma': 'ה'}, {'id': 66, 'text': 'תקשורת', 'upos': 'NOUN', 'xpos': 'NOUN', 'feats': 'Gender=Fem|Number=Sing', 'head': 63, 'deprel': 'nmod', 'lemma': 'תקשורת'}]"
67,שיווקית,ADJ,ADJ,Gender=Fem|HebSource=ConvUncertainHead|Number=Sing,63.0,nmod,"(276, 283)",שיווקי,
68,סוגיות,NOUN,NOUN,Gender=Fem|HebSource=ConvUncertainHead|Number=Plur,39.0,dep,"(284, 290)",סוגיות,
"(69, 70)",ושאלות,,,,,,"(291, 297)",,"[{'id': 69, 'text': 'ו', 'upos': 'CCONJ', 'xpos': 'CCONJ', 'head': 70, 'deprel': 'cc', 'lemma': 'ו'}, {'id': 70, 'text': 'שאלות', 'upos': 'NOUN', 'xpos': 'NOUN', 'feats': 'Definite=Cons|Gender=Fem|Number=Plur', 'head': 68, 'deprel': 'conj', 'lemma': 'שאלה'}]"
"(71, 72)",המחקר,,,,,,"(298, 303)",,"[{'id': 71, 'text': 'ה', 'upos': 'DET', 'xpos': 'DET', 'feats': 'PronType=Art', 'head': 72, 'deprel': 'det:def', 'lemma': 'ה'}, {'id': 72, 'text': 'מחקר', 'upos': 'NOUN', 'xpos': 'NOUN', 'feats': 'Gender=Masc|Number=Sing', 'head': 68, 'deprel': 'compound:smixut', 'lemma': 'מחקר'}]"
73,1,NUM,NUM,HebSource=ConvUncertainHead,22.0,dep,"(304, 305)",1,
1,בחינת,NOUN,NOUN,Definite=Cons|Gender=Fem|Number=Sing,0.0,root,"(1, 6)",בחינה,
"(2, 3)",המושג,,,,,,"(7, 12)",,"[{'id': 2, 'text': 'ה', 'upos': 'DET', 'xpos': 'DET', 'feats': 'PronType=Art', 'head': 3, 'deprel': 'det:def', 'lemma': 'ה'}, {'id': 3, 'text': 'מושג', 'upos': 'NOUN', 'xpos': 'NOUN', 'feats': 'Gender=Masc|Number=Sing', 'head': 1, 'deprel': 'compound:smixut', 'lemma': 'מושג'}]"
4,בית,NOUN,NOUN,Gender=Masc|Number=Sing,3.0,nmod,"(13, 16)",בית,
"(5, 8)",ומרכיביו,,,,,,"(17, 25)",,"[{'id': 5, 'text': 'ו', 'upos': 'CCONJ', 'xpos': 'CCONJ', 'head': 6, 'deprel': 'cc', 'lemma': 'ו'}, {'id': 6, 'text': 'מרכיב_', 'upos': 'NOUN', 'xpos': 'NOUN', 'feats': 'Definite=Def|Gender=Masc|Number=Plur', 'head': 1, 'deprel': 'conj', 'lemma': 'מרכיב'}, {'id': 7, 'text': '_של_', 'upos': 'ADP', 'xpos': 'ADP', 'head': 8, 'deprel': 'case:gen', 'lemma': 'של'}, {'id': 8, 'text': '_הוא', 'upos': 'PRON', 'xpos': 'PRON', 'feats': 'Case=Gen|Gender=Masc|Number=Sing|Person=3|PronType=Prs', 'head': 6, 'deprel': 'nmod:poss', 'lemma': 'הוא'}]"
"(9, 10)",הפונקציונאליים,,,,,,"(26, 40)",,"[{'id': 9, 'text': 'ה', 'upos': 'DET', 'xpos': 'DET', 'feats': 'PronType=Art', 'head': 10, 'deprel': 'det:def', 'lemma': 'ה'}, {'id': 10, 'text': 'פונקציונאליים', 'upos': 'ADJ', 'xpos': 'ADJ', 'feats': 'Gender=Masc|Number=Plur', 'head': 6, 'deprel': 'amod', 'lemma': 'פונקציונלי'}]"
"(11, 13)",והרגשיים,,,,,,"(41, 49)",,"[{'id': 11, 'text': 'ו', 'upos': 'CCONJ', 'xpos': 'CCONJ', 'head': 13, 'deprel': 'cc', 'lemma': 'ו'}, {'id': 12, 'text': 'ה', 'upos': 'DET', 'xpos': 'DET', 'feats': 'PronType=Art', 'head': 13, 'deprel': 'det:def', 'lemma': 'ה'}, {'id': 13, 'text': 'רגשיים', 'upos': 'ADJ', 'xpos': 'ADJ', 'feats': 'Gender=Masc|Number=Plur', 'head': 10, 'deprel': 'conj', 'lemma': 'רגשי'}]"
14,!,PUNCT,PUNCT,,1.0,punct,"(49, 50)",!,
15,2,NUM,NUM,,1.0,nummod,"(51, 52)",2,
1,בדיקת,NOUN,NOUN,Definite=Cons|Gender=Fem|Number=Sing,0.0,root,"(1, 6)",בדיקה,
2,עמדות,NOUN,NOUN,Gender=Fem|Number=Plur,1.0,compound:smixut,"(7, 12)",עמדה,
3,כלפי,ADP,ADP,,4.0,case,"(13, 17)",כלפי,
4,מגורים,NOUN,NOUN,Gender=Masc|Number=Plur,1.0,nmod,"(18, 24)",מגורים,
"(5, 7)",בבניינים,,,,,,"(25, 33)",,"[{'id': 5, 'text': 'ב', 'upos': 'ADP', 'xpos': 'ADP', 'head': 7, 'deprel': 'case', 'lemma': 'ב'}, {'id': 6, 'text': 'ה_', 'upos': 'DET', 'xpos': 'DET', 'feats': 'PronType=Art', 'head': 7, 'deprel': 'det:def', 'lemma': 'ה'}, {'id': 7, 'text': 'בניינים', 'upos': 'NOUN', 'xpos': 'NOUN', 'feats': 'Gender=Masc|Number=Plur', 'head': 4, 'deprel': 'nmod', 'lemma': 'בניין'}]"
8,משותפים,ADJ,ADJ,Gender=Masc|Number=Plur,7.0,amod,"(34, 41)",משותף,
9,3,NUM,NUM,,1.0,nummod,"(42, 43)",3,
1,מאפייני,NOUN,NOUN,Definite=Cons|Gender=Masc|Number=Plur,0.0,root,"(1, 8)",מאפיין,
2,"""",PUNCT,PUNCT,,4.0,punct,"(9, 10)","""",
"(3, 4)",השכונה,,,,,,"(10, 16)",,"[{'id': 3, 'text': 'ה', 'upos': 'DET', 'xpos': 'DET', 'feats': 'PronType=Art', 'head': 4, 'deprel': 'det:def', 'lemma': 'ה'}, {'id': 4, 'text': 'שכונה', 'upos': 'NOUN', 'xpos': 'NOUN', 'feats': 'Gender=Fem|Number=Sing', 'head': 1, 'deprel': 'compound:smixut', 'lemma': 'שכונה'}]"
"(5, 6)",האיכותית,,,,,,"(17, 25)",,"[{'id': 5, 'text': 'ה', 'upos': 'DET', 'xpos': 'DET', 'feats': 'PronType=Art', 'head': 6, 'deprel': 'det:def', 'lemma': 'ה'}, {'id': 6, 'text': 'איכותית', 'upos': 'ADJ', 'xpos': 'ADJ', 'feats': 'Gender=Fem|Number=Sing', 'head': 4, 'deprel': 'amod', 'lemma': 'איכותי'}]"
7,"""",PUNCT,PUNCT,,4.0,punct,"(25, 26)","""",
8,4,NUM,NUM,,1.0,nummod,"(27, 28)",4,
1,בדיקה,NOUN,NOUN,Gender=Fem|Number=Sing,0.0,root,"(1, 6)",בדיקה,
"(2, 3)",וזיהוי,,,,,,"(7, 13)",,"[{'id': 2, 'text': 'ו', 'upos': 'CCONJ', 'xpos': 'CCONJ', 'head': 3, 'deprel': 'cc', 'lemma': 'ו'}, {'id': 3, 'text': 'זיהוי', 'upos': 'NOUN', 'xpos': 'NOUN', 'feats': 'Gender=Fem|Number=Sing', 'head': 1, 'deprel': 'conj', 'lemma': 'זיהוי'}]"
4,של,ADP,ADP,Case=Gen,6.0,case:gen,"(14, 16)",של,
"(5, 6)",החסמים,,,,,,"(17, 23)",,"[{'id': 5, 'text': 'ה', 'upos': 'DET', 'xpos': 'DET', 'feats': 'PronType=Art', 'head': 6, 'deprel': 'det:def', 'lemma': 'ה'}, {'id': 6, 'text': 'חסמים', 'upos': 'NOUN', 'xpos': 'NOUN', 'feats': 'Gender=Masc|Number=Plur', 'head': 1, 'deprel': 'nmod', 'lemma': 'חסם'}]"
"(7, 8)",הכלכליים,,,,,,"(24, 32)",,"[{'id': 7, 'text': 'ה', 'upos': 'DET', 'xpos': 'DET', 'feats': 'PronType=Art', 'head': 8, 'deprel': 'det:def', 'lemma': 'ה'}, {'id': 8, 'text': 'כלכליים', 'upos': 'ADJ', 'xpos': 'ADJ', 'feats': 'Gender=Masc|Number=Plur', 'head': 6, 'deprel': 'amod', 'lemma': 'כלכלי'}]"
9,פיננסיים,ADJ,ADJ,Gender=Masc|Number=Plur,6.0,amod,"(33, 41)",פיננסי,
"(10, 11)",בדרך,,,,,,"(42, 46)",,"[{'id': 10, 'text': 'ב', 'upos': 'ADP', 'xpos': 'ADP', 'head': 11, 'deprel': 'case', 'lemma': 'ב'}, {'id': 11, 'text': 'דרך', 'upos': 'NOUN', 'xpos': 'NOUN', 'feats': 'Gender=Fem|Number=Sing', 'head': 1, 'deprel': 'nmod', 'lemma': 'דרך'}]"
"(12, 13)",לרכישת,,,,,,"(47, 53)",,"[{'id': 12, 'text': 'ל', 'upos': 'ADP', 'xpos': 'ADP', 'head': 13, 'deprel': 'case', 'lemma': 'ל'}, {'id': 13, 'text': 'רכישת', 'upos': 'NOUN', 'xpos': 'NOUN', 'feats': 'Definite=Cons|Gender=Fem|Number=Sing', 'head': 11, 'deprel': 'nmod', 'lemma': 'רכישה'}]"
14,בית,NOUN,NOUN,Gender=Masc|Number=Sing,13.0,compound:smixut,"(54, 57)",בית,
15,חדש,ADJ,ADJ,Gender=Masc|Number=Sing,14.0,amod,"(58, 61)",חדש,
16,5,NUM,NUM,,1.0,nummod,"(62, 63)",5,
1,מידת,NOUN,NOUN,Definite=Cons|Gender=Fem|Number=Sing,0.0,root,"(1, 5)",מידה,
"(2, 3)",האטרקטיביות,,,,,,"(6, 17)",,"[{'id': 2, 'text': 'ה', 'upos': 'DET', 'xpos': 'DET', 'feats': 'PronType=Art', 'head': 3, 'deprel': 'det:def', 'lemma': 'ה'}, {'id': 3, 'text': 'אטרקטיביות', 'upos': 'NOUN', 'xpos': 'NOUN', 'feats': 'Gender=Fem|Number=Sing', 'head': 1, 'deprel': 'compound:smixut', 'lemma': 'אטרקטיביות'}]"
4,של,ADP,ADP,Case=Gen,5.0,case:gen,"(18, 20)",של,
5,הצעת,NOUN,NOUN,Definite=Cons|Gender=Fem|Number=Sing,1.0,nmod:poss,"(21, 25)",הצעה,
"(6, 7)",המכר,,,,,,"(26, 30)",,"[{'id': 6, 'text': 'ה', 'upos': 'DET', 'xpos': 'DET', 'feats': 'PronType=Art', 'head': 7, 'deprel': 'det:def', 'lemma': 'ה'}, {'id': 7, 'text': 'מכר', 'upos': 'NOUN', 'xpos': 'NOUN', 'feats': 'Gender=Masc|Number=Sing', 'head': 5, 'deprel': 'compound:smixut', 'lemma': 'מכר'}]"
8,6,NUM,NUM,,1.0,nummod,"(31, 32)",6,
1,זיהוי,NOUN,NOUN,Gender=Fem|Number=Sing,26.0,obj,"(1, 6)",זיהוי,
"(2, 3)",כיוונים,,,,,,"(7, 14)",,"[{'id': 2, 'text': 'כ', 'upos': 'ADP', 'xpos': 'ADP', 'head': 3, 'deprel': 'case', 'lemma': 'כ'}, {'id': 3, 'text': 'יוונים', 'upos': 'NOUN', 'xpos': 'NOUN', 'feats': 'Gender=Masc|Number=Plur', 'head': 1, 'deprel': 'nmod', 'lemma': 'יוון'}]"
4,תקשורתיים,ADJ,ADJ,Gender=Masc|Number=Plur,3.0,amod,"(15, 24)",תקשורתי,
5,פוטנציאליים,ADJ,ADJ,Gender=Masc|Number=Plur,3.0,amod,"(25, 36)",פוטנציאלי,
"(6, 7)",מתודולוגיה,,,,,,"(37, 47)",,"[{'id': 6, 'text': 'מ', 'upos': 'ADP', 'xpos': 'ADP', 'head': 7, 'deprel': 'case', 'lemma': 'מ'}, {'id': 7, 'text': 'תודולוגיה', 'upos': 'NOUN', 'xpos': 'NOUN', 'feats': 'Definite=Cons|Gender=Fem|Number=Sing', 'head': 3, 'deprel': 'nmod', 'lemma': 'תודולוגיה'}]"
8,אוכלוסיית,NOUN,NOUN,Definite=Cons|Gender=Fem|Number=Sing,7.0,compound:smixut,"(48, 57)",אוכלוסייה,
"(9, 10)",המחקר,,,,,,"(58, 63)",,"[{'id': 9, 'text': 'ה', 'upos': 'DET', 'xpos': 'DET', 'feats': 'PronType=Art', 'head': 10, 'deprel': 'det:def', 'lemma': 'ה'}, {'id': 10, 'text': 'מחקר', 'upos': 'NOUN', 'xpos': 'NOUN', 'feats': 'Gender=Masc|Number=Sing', 'head': 8, 'deprel': 'compound:smixut', 'lemma': 'מחקר'}]"
11,תושבי,NOUN,NOUN,Definite=Cons|Gender=Masc|Number=Plur,3.0,acl,"(64, 69)",תושב,
12,סח'נין,PROPN,PROPN,,11.0,compound:smixut,"(70, 76)",סח'נין,
13,",",PUNCT,PUNCT,,11.0,punct,"(76, 77)",",",
14,רווקים,NOUN,NOUN,Gender=Masc|Number=Plur,11.0,conj,"(78, 84)",רווק,
"(15, 16)",ורווקות,,,,,,"(85, 92)",,"[{'id': 15, 'text': 'ו', 'upos': 'CCONJ', 'xpos': 'CCONJ', 'head': 16, 'deprel': 'cc', 'lemma': 'ו'}, {'id': 16, 'text': 'רווקות', 'upos': 'NOUN', 'xpos': 'NOUN', 'feats': 'Gender=Fem|Number=Plur', 'head': 14, 'deprel': 'conj', 'lemma': 'רווקה'}]"
17,",",PUNCT,PUNCT,,11.0,punct,"(93, 94)",",",
18,נשואים,NOUN,NOUN,Gender=Masc|Number=Plur,11.0,conj,"(95, 101)",נשוא,
"(19, 20)",ונשואות,,,,,,"(102, 109)",,"[{'id': 19, 'text': 'ו', 'upos': 'CCONJ', 'xpos': 'CCONJ', 'head': 20, 'deprel': 'cc', 'lemma': 'ו'}, {'id': 20, 'text': 'נשואות', 'upos': 'NOUN', 'xpos': 'NOUN', 'feats': 'Gender=Fem|Number=Plur', 'head': 11, 'deprel': 'conj', 'lemma': 'נשואה'}]"
"(21, 22)",בגילאי,,,,,,"(110, 116)",,"[{'id': 21, 'text': 'ב', 'upos': 'ADP', 'xpos': 'ADP', 'head': 22, 'deprel': 'case', 'lemma': 'ב'}, {'id': 22, 'text': 'גילאי', 'upos': 'NOUN', 'xpos': 'NOUN', 'feats': 'Definite=Cons|Gender=Masc|Number=Plur', 'head': 11, 'deprel': 'nmod', 'lemma': 'גיל'}]"
23,18,NUM,NUM,,22.0,compound:smixut,"(117, 119)",18,
24,-,PUNCT,PUNCT,,23.0,punct,"(119, 120)",-,
25,50,NUM,NUM,,23.0,nummod,"(120, 122)",50,
26,הדגימה,VERB,VERB,Gender=Fem|HebBinyan=HIFIL|Number=Sing|Person=3|Tense=Past|Voice=Act,0.0,root,"(123, 129)",הדגים,
"(27, 28)",המחקר,,,,,,"(130, 135)",,"[{'id': 27, 'text': 'ה', 'upos': 'DET', 'xpos': 'DET', 'feats': 'PronType=Art', 'head': 28, 'deprel': 'det:def', 'lemma': 'ה'}, {'id': 28, 'text': 'מחקר', 'upos': 'NOUN', 'xpos': 'NOUN', 'feats': 'Gender=Masc|Number=Sing', 'head': 26, 'deprel': 'nsubj', 'lemma': 'מחקר'}]"
29,כלל,VERB,VERB,Gender=Masc|HebBinyan=PAAL|Number=Sing|Person=3|Tense=Past|Voice=Act,26.0,dep,"(136, 139)",כלל,
30,4,NUM,NUM,,31.0,nummod,"(140, 141)",4,
31,קבוצות,NOUN,NOUN,Definite=Cons|Gender=Fem|Number=Plur,29.0,obj,"(142, 148)",קבוצה,
32,מיקוד,NOUN,NOUN,Gender=Masc|Number=Sing,31.0,compound:smixut,"(149, 154)",מיקוד,
"(33, 34)",במטרה,,,,,,"(155, 160)",,"[{'id': 33, 'text': 'ב', 'upos': 'ADP', 'xpos': 'ADP', 'head': 34, 'deprel': 'case', 'lemma': 'ב'}, {'id': 34, 'text': 'מטרה', 'upos': 'NOUN', 'xpos': 'NOUN', 'feats': 'Gender=Fem|Number=Sing', 'head': 29, 'deprel': 'obl', 'lemma': 'מטרה'}]"
35,לדגום,VERB,VERB,HebBinyan=PAAL|VerbForm=Inf|Voice=Act,34.0,acl,"(161, 166)",דגם,
36,שכבות,NOUN,NOUN,Gender=Fem|Number=Plur,35.0,obj,"(167, 172)",שכבה,
37,שונות,ADJ,ADJ,Gender=Fem|Number=Plur,36.0,amod,"(173, 178)",שונה,
"(38, 39)",ופלחי,,,,,,"(179, 184)",,"[{'id': 38, 'text': 'ו', 'upos': 'CCONJ', 'xpos': 'CCONJ', 'head': 39, 'deprel': 'cc', 'lemma': 'ו'}, {'id': 39, 'text': 'פלחי', 'upos': 'NOUN', 'xpos': 'NOUN', 'feats': 'Definite=Cons|Gender=Masc|Number=Plur', 'head': 36, 'deprel': 'conj', 'lemma': 'פלח'}]"
40,שוק,NOUN,NOUN,Gender=Masc|Number=Sing,39.0,compound:smixut,"(185, 188)",שוק,
41,רלבנטיים,ADJ,ADJ,Gender=Masc|Number=Plur,39.0,amod,"(189, 197)",רלבנטי,
"(42, 43)",לסוגיית,,,,,,"(198, 205)",,"[{'id': 42, 'text': 'ל', 'upos': 'ADP', 'xpos': 'ADP', 'head': 43, 'deprel': 'case', 'lemma': 'ל'}, {'id': 43, 'text': 'סוגיית', 'upos': 'NOUN', 'xpos': 'NOUN', 'feats': 'Definite=Cons|Gender=Fem|Number=Sing', 'head': 39, 'deprel': 'nmod', 'lemma': 'סוגיה'}]"
"(44, 45)",הדיור,,,,,,"(206, 211)",,"[{'id': 44, 'text': 'ה', 'upos': 'DET', 'xpos': 'DET', 'feats': 'PronType=Art', 'head': 45, 'deprel': 'det:def', 'lemma': 'ה'}, {'id': 45, 'text': 'דיור', 'upos': 'NOUN', 'xpos': 'NOUN', 'feats': 'Gender=Masc|Number=Sing', 'head': 43, 'deprel': 'compound:smixut', 'lemma': 'דיור'}]"
"(46, 47)",בנוסף,,,,,,"(212, 217)",,"[{'id': 46, 'text': 'ב', 'upos': 'ADP', 'xpos': 'ADP', 'head': 51, 'deprel': 'case', 'lemma': 'ב'}, {'id': 47, 'text': 'נוסף', 'upos': 'VERB', 'xpos': 'VERB', 'feats': 'Gender=Masc|HebBinyan=NIFAL|Number=Sing|Person=1,2,3|VerbForm=Part|Voice=Mid', 'head': 46, 'deprel': 'fixed', 'lemma': 'נוסף'}]"
48,ל,ADP,ADP,,46.0,fixed,"(218, 219)",ל,
49,-,PUNCT,PUNCT,,51.0,punct,"(219, 220)",-,
50,8,NUM,NUM,,51.0,nummod,"(220, 221)",8,
51,ראיונות,NOUN,NOUN,Definite=Cons|Gender=Masc|Number=Plur,35.0,obl,"(222, 229)",ריאיון,
52,עומק,NOUN,NOUN,Gender=Masc|Number=Sing,51.0,compound:smixut,"(230, 234)",עומק,
"(1, 2)",השיטה,,,,,,"(1, 6)",,"[{'id': 1, 'text': 'ה', 'upos': 'DET', 'xpos': 'DET', 'feats': 'PronType=Art', 'head': 2, 'deprel': 'det:def', 'lemma': 'ה'}, {'id': 2, 'text': 'שיטה', 'upos': 'NOUN', 'xpos': 'NOUN', 'feats': 'Gender=Fem|Number=Sing', 'head': 0, 'deprel': 'root', 'lemma': 'שיטה'}]"
3,הנחיית,NOUN,NOUN,Definite=Cons|Gender=Fem|Number=Sing,2.0,acl,"(7, 13)",הנחיה,
4,קבוצות,NOUN,NOUN,Gender=Fem|Number=Plur,3.0,compound:smixut,"(14, 20)",קבוצה,
"(5, 7)",בשפה,,,,,,"(21, 25)",,"[{'id': 5, 'text': 'ב', 'upos': 'ADP', 'xpos': 'ADP', 'head': 7, 'deprel': 'case', 'lemma': 'ב'}, {'id': 6, 'text': 'ה_', 'upos': 'DET', 'xpos': 'DET', 'feats': 'PronType=Art', 'head': 7, 'deprel': 'det:def', 'lemma': 'ה'}, {'id': 7, 'text': 'שפה', 'upos': 'NOUN', 'xpos': 'NOUN', 'feats': 'Gender=Fem|Number=Sing', 'head': 3, 'deprel': 'nmod', 'lemma': 'שפה'}]"
"(8, 9)",הערבית,,,,,,"(26, 32)",,"[{'id': 8, 'text': 'ה', 'upos': 'DET', 'xpos': 'DET', 'feats': 'PronType=Art', 'head': 9, 'deprel': 'det:def', 'lemma': 'ה'}, {'id': 9, 'text': 'ערבית', 'upos': 'ADJ', 'xpos': 'ADJ', 'feats': 'Gender=Fem|Number=Sing', 'head': 7, 'deprel': 'amod', 'lemma': 'ערבי'}]"
10,"ע""י",ADP,ADP,Abbr=Yes,11.0,case,"(33, 36)","ע""י",
11,מנחים,NOUN,NOUN,Gender=Masc|Number=Plur,3.0,nmod,"(37, 42)",מנח,
12,דוברי,NOUN,NOUN,Definite=Cons|Gender=Masc|Number=Plur,11.0,acl,"(43, 48)",דובר,
13,ערבית,PROPN,PROPN,,12.0,compound:smixut,"(49, 54)",ערבי,
"(14, 15)",בהתאם,,,,,,"(55, 60)",,"[{'id': 14, 'text': 'ב', 'upos': 'ADP', 'xpos': 'ADP', 'head': 17, 'deprel': 'case', 'lemma': 'ב'}, {'id': 15, 'text': 'התאם', 'upos': 'NOUN', 'xpos': 'NOUN', 'feats': 'Gender=Masc|Number=Sing', 'head': 14, 'deprel': 'fixed', 'lemma': 'התאם'}]"
"(16, 17)",לקו,,,,,,"(61, 64)",,"[{'id': 16, 'text': 'ל', 'upos': 'ADP', 'xpos': 'ADP', 'head': 14, 'deprel': 'fixed', 'lemma': 'ל'}, {'id': 17, 'text': 'קו', 'upos': 'NOUN', 'xpos': 'NOUN', 'feats': 'Definite=Cons|Gender=Masc|Number=Sing', 'head': 3, 'deprel': 'nmod', 'lemma': 'קו'}]"
18,מנחה,NOUN,NOUN,Gender=Masc|Number=Sing,17.0,compound:smixut,"(65, 69)",מנחה,
1,כדי,ADP,ADP,,2.0,case,"(1, 4)",כדי,
2,למנוע,VERB,VERB,HebBinyan=PAAL|VerbForm=Inf|Voice=Act,9.0,advcl,"(5, 10)",מנע,
3,OVER,NUM,NUM,Definite=Cons|Gender=Masc|Number=Sing,2.0,obj,"(11, 15)",OVER,
4,VOICE,NOUN,NOUN,,3.0,compound:smixut,"(16, 21)",VOICE,
5,של,ADP,ADP,Case=Gen,7.0,case:gen,"(22, 24)",של,
"(6, 7)",הגברים,,,,,,"(25, 31)",,"[{'id': 6, 'text': 'ה', 'upos': 'DET', 'xpos': 'DET', 'feats': 'PronType=Art', 'head': 7, 'deprel': 'det:def', 'lemma': 'ה'}, {'id': 7, 'text': 'גברים', 'upos': 'NOUN', 'xpos': 'NOUN', 'feats': 'Gender=Masc|Number=Plur', 'head': 3, 'deprel': 'nmod:poss', 'lemma': 'גבר'}]"
8,",",PUNCT,PUNCT,,9.0,punct,"(31, 32)",",",
9,החלטנו,VERB,VERB,"Gender=Fem,Masc|HebBinyan=HIFIL|Number=Plur|Person=1|Tense=Past|Voice=Act",0.0,root,"(33, 39)",החליט,
10,כי,SCONJ,SCONJ,,15.0,mark,"(40, 42)",כי,
"(11, 12)",בקבוצות,,,,,,"(43, 50)",,"[{'id': 11, 'text': 'ב', 'upos': 'ADP', 'xpos': 'ADP', 'head': 12, 'deprel': 'case', 'lemma': 'ב'}, {'id': 12, 'text': 'קבוצות', 'upos': 'NOUN', 'xpos': 'NOUN', 'feats': 'Definite=Cons|Gender=Fem|Number=Plur', 'head': 15, 'deprel': 'obl', 'lemma': 'קבוצה'}]"
"(13, 14)",הנשים,,,,,,"(51, 56)",,"[{'id': 13, 'text': 'ה', 'upos': 'DET', 'xpos': 'DET', 'feats': 'PronType=Art', 'head': 14, 'deprel': 'det:def', 'lemma': 'ה'}, {'id': 14, 'text': 'נשים', 'upos': 'NOUN', 'xpos': 'NOUN', 'feats': 'Gender=Fem|Number=Plur', 'head': 12, 'deprel': 'compound:smixut', 'lemma': 'איש'}]"
15,תנחה,VERB,VERB,Gender=Fem|HebBinyan=HIFIL|Number=Sing|Person=3|Tense=Fut|Voice=Act,9.0,ccomp,"(57, 61)",ניחה,
16,את,ADP,ADP,Case=Acc,18.0,case:acc,"(62, 64)",את,
"(17, 18)",הדיון,,,,,,"(65, 70)",,"[{'id': 17, 'text': 'ה', 'upos': 'DET', 'xpos': 'DET', 'feats': 'PronType=Art', 'head': 18, 'deprel': 'det:def', 'lemma': 'ה'}, {'id': 18, 'text': 'דיון', 'upos': 'NOUN', 'xpos': 'NOUN', 'feats': 'Gender=Masc|Number=Sing', 'head': 15, 'deprel': 'obj', 'lemma': 'דיון'}]"
19,אישה,NOUN,NOUN,Gender=Fem|Number=Sing,15.0,nsubj,"(71, 75)",איש,
20,(,PUNCT,PUNCT,,21.0,punct,"(76, 77)",(,
21,פסיכולוגית,NOUN,NOUN,Gender=Fem|Number=Sing,19.0,appos,"(77, 87)",פסיכולוג,
22,קלינית,ADJ,ADJ,Gender=Fem|Number=Sing,21.0,amod,"(88, 94)",קליני,
23,),PUNCT,PUNCT,,21.0,punct,"(95, 96)",),
"(24, 26)",ובקבוצות,,,,,,"(97, 105)",,"[{'id': 24, 'text': 'ו', 'upos': 'CCONJ', 'xpos': 'CCONJ', 'head': 29, 'deprel': 'cc', 'lemma': 'ו'}, {'id': 25, 'text': 'ב', 'upos': 'ADP', 'xpos': 'ADP', 'head': 26, 'deprel': 'case', 'lemma': 'ב'}, {'id': 26, 'text': 'קבוצות', 'upos': 'NOUN', 'xpos': 'NOUN', 'feats': 'Definite=Cons|Gender=Fem|Number=Plur', 'head': 29, 'deprel': 'obl', 'lemma': 'קבוצה'}]"
"(27, 28)",הגברים,,,,,,"(106, 112)",,"[{'id': 27, 'text': 'ה', 'upos': 'DET', 'xpos': 'DET', 'feats': 'PronType=Art', 'head': 28, 'deprel': 'det:def', 'lemma': 'ה'}, {'id': 28, 'text': 'גברים', 'upos': 'NOUN', 'xpos': 'NOUN', 'feats': 'Gender=Masc|Number=Plur', 'head': 26, 'deprel': 'compound:smixut', 'lemma': 'גבר'}]"
29,ינחה,VERB,VERB,Gender=Masc|Number=Sing|Person=3|Tense=Fut,15.0,conj,"(113, 117)",ניחה,
30,גבר,NOUN,NOUN,Gender=Masc|Number=Sing,29.0,obj,"(118, 121)",גבר,
1,משך,NOUN,NOUN,Definite=Cons|Gender=Masc|Number=Sing,9.0,nsubj,"(1, 4)",משך,
"(2, 3)",השיחה,,,,,,"(5, 10)",,"[{'id': 2, 'text': 'ה', 'upos': 'DET', 'xpos': 'DET', 'feats': 'PronType=Art', 'head': 3, 'deprel': 'det:def', 'lemma': 'ה'}, {'id': 3, 'text': 'שיחה', 'upos': 'NOUN', 'xpos': 'NOUN', 'feats': 'Gender=Fem|Number=Sing', 'head': 1, 'deprel': 'compound:smixut', 'lemma': 'שיחה'}]"
"(4, 5)",בכל,,,,,,"(11, 14)",,"[{'id': 4, 'text': 'ב', 'upos': 'ADP', 'xpos': 'ADP', 'head': 6, 'deprel': 'case', 'lemma': 'ב'}, {'id': 5, 'text': 'כל', 'upos': 'DET', 'xpos': 'DET', 'feats': 'Definite=Cons', 'head': 6, 'deprel': 'det', 'lemma': 'כול'}]"
6,קבוצה,NOUN,NOUN,Gender=Fem|Number=Sing,1.0,nmod,"(15, 20)",קבוצה,
7,היה,AUX,AUX,Gender=Masc|Number=Sing|Person=3|Polarity=Pos|Tense=Past|VerbType=Cop,9.0,cop,"(21, 24)",היה,
8,בערך,ADV,ADV,,9.0,det,"(25, 29)",בערך,
9,שעה,NOUN,NOUN,Gender=Fem|Number=Sing,0.0,root,"(30, 33)",שעה,
10,עד,ADP,ADP,,11.0,case,"(34, 36)",עד,
11,שעה,NOUN,NOUN,Gender=Fem|Number=Sing,9.0,nmod,"(37, 40)",שעה,
"(12, 13)",וחצי,,,,,,"(41, 45)",,"[{'id': 12, 'text': 'ו', 'upos': 'CCONJ', 'xpos': 'CCONJ', 'head': 13, 'deprel': 'cc', 'lemma': 'ו'}, {'id': 13, 'text': 'חצי', 'upos': 'NOUN', 'xpos': 'NOUN', 'feats': 'Definite=Cons|Gender=Masc|Number=Plur', 'head': 9, 'deprel': 'conj', 'lemma': 'חץ'}]"
"(1, 2)",השיחות,,,,,,"(1, 7)",,"[{'id': 1, 'text': 'ה', 'upos': 'DET', 'xpos': 'DET', 'feats': 'PronType=Art', 'head': 2, 'deprel': 'det:def', 'lemma': 'ה'}, {'id': 2, 'text': 'שיחות', 'upos': 'NOUN', 'xpos': 'NOUN', 'feats': 'Gender=Fem|Number=Plur', 'head': 3, 'deprel': 'nsubj', 'lemma': 'שיחה'}]"
3,הוקלטו,VERB,VERB,"Gender=Fem,Masc|HebBinyan=HUFAL|Number=Plur|Person=3|Tense=Past|Voice=Pass",0.0,root,"(8, 14)",הוקלט,
4,במקום,ADV,ADV,,3.0,advmod,"(15, 20)",במקום,
5,",",PUNCT,PUNCT,,3.0,punct,"(20, 21)",",",
"(6, 7)",ולאחר,,,,,,"(22, 27)",,"[{'id': 6, 'text': 'ו', 'upos': 'CCONJ', 'xpos': 'CCONJ', 'head': 22, 'deprel': 'cc', 'lemma': 'ו'}, {'id': 7, 'text': 'לאחר', 'upos': 'ADP', 'xpos': 'ADP', 'head': 9, 'deprel': 'case', 'lemma': 'לאחר'}]"
"(8, 9)",מכן,,,,,,"(28, 31)",,"[{'id': 8, 'text': 'מ', 'upos': 'ADP', 'xpos': 'ADP', 'head': 9, 'deprel': 'case', 'lemma': 'מ'}, {'id': 9, 'text': 'כן', 'upos': 'ADV', 'xpos': 'ADV', 'head': 3, 'deprel': 'advmod', 'lemma': 'כן'}]"
"(10, 11)",ומתוך,,,,,,"(32, 37)",,"[{'id': 10, 'text': 'ו', 'upos': 'CCONJ', 'xpos': 'CCONJ', 'head': 13, 'deprel': 'cc', 'lemma': 'ו'}, {'id': 11, 'text': 'מתוך', 'upos': 'ADP', 'xpos': 'ADP', 'head': 13, 'deprel': 'case', 'lemma': 'מתוך'}]"
"(12, 13)",התמלילים,,,,,,"(38, 46)",,"[{'id': 12, 'text': 'ה', 'upos': 'DET', 'xpos': 'DET', 'feats': 'PronType=Art', 'head': 13, 'deprel': 'det:def', 'lemma': 'ה'}, {'id': 13, 'text': 'תמלילים', 'upos': 'NOUN', 'xpos': 'NOUN', 'feats': 'Gender=Masc|Number=Plur', 'head': 22, 'deprel': 'obl', 'lemma': 'תמליל'}]"
14,של,ADP,ADP,Case=Gen,16.0,case:gen,"(47, 49)",של,
"(15, 16)",השיחות,,,,,,"(50, 56)",,"[{'id': 15, 'text': 'ה', 'upos': 'DET', 'xpos': 'DET', 'feats': 'PronType=Art', 'head': 16, 'deprel': 'det:def', 'lemma': 'ה'}, {'id': 16, 'text': 'שיחות', 'upos': 'NOUN', 'xpos': 'NOUN', 'feats': 'Gender=Fem|Number=Plur', 'head': 13, 'deprel': 'nmod:poss', 'lemma': 'שיחה'}]"
"(17, 19)",והאזנות,,,,,,"(57, 64)",,"[{'id': 17, 'text': 'ו', 'upos': 'CCONJ', 'xpos': 'CCONJ', 'head': 19, 'deprel': 'cc', 'lemma': 'ו'}, {'id': 18, 'text': 'ה', 'upos': 'DET', 'xpos': 'DET', 'feats': 'PronType=Art', 'head': 19, 'deprel': 'det:def', 'lemma': 'ה'}, {'id': 19, 'text': 'אזנות', 'upos': 'NOUN', 'xpos': 'NOUN', 'feats': 'Gender=Fem|Number=Plur', 'head': 16, 'deprel': 'conj', 'lemma': 'אזנות'}]"
20,חוזרות,ADJ,ADJ,Gender=Fem|Number=Plur,19.0,amod,"(65, 71)",חוזר,
21,",",PUNCT,PUNCT,,22.0,punct,"(71, 72)",",",
22,בוצע,VERB,VERB,Gender=Masc|HebBinyan=PUAL|Number=Sing|Person=3|Tense=Past|Voice=Pass,3.0,conj,"(73, 77)",בוצע,
23,ניתוח,NOUN,NOUN,Definite=Cons|Gender=Masc|Number=Sing,22.0,nsubj,"(78, 83)",ניתוח,
24,תוכן,NOUN,NOUN,Gender=Masc|Number=Sing,23.0,compound:smixut,"(84, 88)",תוכן,
"(25, 26)",ונכתב,,,,,,"(89, 94)",,"[{'id': 25, 'text': 'ו', 'upos': 'CCONJ', 'xpos': 'CCONJ', 'head': 26, 'deprel': 'cc', 'lemma': 'ו'}, {'id': 26, 'text': 'נכתב', 'upos': 'VERB', 'xpos': 'VERB', 'feats': 'Gender=Masc|HebBinyan=NIFAL|Number=Sing|Person=3|Tense=Past|Voice=Mid', 'head': 22, 'deprel': 'conj', 'lemma': 'נכתב'}]"
27,דוח,NOUN,NOUN,Gender=Masc|Number=Sing,26.0,nsubj,"(95, 98)",דיווח,
28,מסכם,VERB,VERB,Gender=Masc|Number=Sing,27.0,amod,"(99, 103)",סיכם,
1,-,PUNCT,PUNCT,,2.0,punct,"(1, 2)",-,
2,חשוב,AUX,AUX,"Gender=Masc|Number=Sing|Person=1,2,3|VerbType=Mod",3.0,aux,"(3, 7)",חשוב,
3,להתייחס,VERB,VERB,HebBinyan=HITPAEL|VerbForm=Inf,0.0,root,"(8, 15)",התייחס,
"(4, 5)",לממצאי,,,,,,"(16, 22)",,"[{'id': 4, 'text': 'ל', 'upos': 'ADP', 'xpos': 'ADP', 'head': 5, 'deprel': 'case', 'lemma': 'ל'}, {'id': 5, 'text': 'ממצאי', 'upos': 'NOUN', 'xpos': 'NOUN', 'feats': 'Definite=Cons|Gender=Masc|Number=Plur', 'head': 3, 'deprel': 'obl', 'lemma': 'ממצא'}]"
"(6, 7)",המחקר,,,,,,"(23, 28)",,"[{'id': 6, 'text': 'ה', 'upos': 'DET', 'xpos': 'DET', 'feats': 'PronType=Art', 'head': 7, 'deprel': 'det:def', 'lemma': 'ה'}, {'id': 7, 'text': 'מחקר', 'upos': 'NOUN', 'xpos': 'NOUN', 'feats': 'Gender=Masc|Number=Sing', 'head': 5, 'deprel': 'compound:smixut', 'lemma': 'מחקר'}]"
"(8, 9)",בזהירות,,,,,,"(29, 36)",,"[{'id': 8, 'text': 'ב', 'upos': 'ADP', 'xpos': 'ADP', 'head': 9, 'deprel': 'case', 'lemma': 'ב'}, {'id': 9, 'text': 'זהירות', 'upos': 'NOUN', 'xpos': 'NOUN', 'feats': 'Gender=Fem|Number=Sing', 'head': 3, 'deprel': 'obl', 'lemma': 'זהירות'}]"
"(10, 11)",הנדרשת,,,,,,"(37, 43)",,"[{'id': 10, 'text': 'ה', 'upos': 'SCONJ', 'xpos': 'SCONJ', 'head': 11, 'deprel': 'mark', 'lemma': 'ה'}, {'id': 11, 'text': 'נדרשת', 'upos': 'VERB', 'xpos': 'VERB', 'feats': 'Gender=Fem|HebBinyan=NIFAL|Number=Sing|Person=1,2,3|VerbForm=Part|Voice=Mid', 'head': 9, 'deprel': 'acl:relcl', 'lemma': 'נדרש'}]"
"(12, 13)",ולתקף,,,,,,"(44, 49)",,"[{'id': 12, 'text': 'ו', 'upos': 'CCONJ', 'xpos': 'CCONJ', 'head': 13, 'deprel': 'cc', 'lemma': 'ו'}, {'id': 13, 'text': 'לתקף', 'upos': 'VERB', 'xpos': 'VERB', 'feats': 'HebBinyan=PIEL|VerbForm=Inf|Voice=Act', 'head': 3, 'deprel': 'conj', 'lemma': 'תיקף'}]"
"(14, 15)",אותם,,,,,,"(50, 54)",,"[{'id': 14, 'text': 'את_', 'upos': 'ADP', 'xpos': 'ADP', 'feats': 'Case=Acc', 'head': 15, 'deprel': 'case:acc', 'lemma': 'את'}, {'id': 15, 'text': '_הם', 'upos': 'PRON', 'xpos': 'PRON', 'feats': 'Gender=Masc|Number=Plur|Person=3|PronType=Prs', 'head': 13, 'deprel': 'obj', 'lemma': 'הוא'}]"
"(16, 17)",במחקר,,,,,,"(55, 60)",,"[{'id': 16, 'text': 'ב', 'upos': 'ADP', 'xpos': 'ADP', 'head': 17, 'deprel': 'case', 'lemma': 'ב'}, {'id': 17, 'text': 'מחקר', 'upos': 'NOUN', 'xpos': 'NOUN', 'feats': 'Gender=Masc|Number=Sing', 'head': 13, 'deprel': 'obl', 'lemma': 'מחקר'}]"
18,כמותי,ADJ,ADJ,Gender=Masc|Number=Sing,17.0,amod,"(61, 66)",כמותי,
1,-,PUNCT,PUNCT,,11.0,punct,"(1, 2)",-,
"(2, 3)",הציטוטים,,,,,,"(3, 11)",,"[{'id': 2, 'text': 'ה', 'upos': 'DET', 'xpos': 'DET', 'feats': 'PronType=Art', 'head': 3, 'deprel': 'det:def', 'lemma': 'ה'}, {'id': 3, 'text': 'ציטוטים', 'upos': 'NOUN', 'xpos': 'NOUN', 'feats': 'Gender=Masc|Number=Plur', 'head': 11, 'deprel': 'nsubj:cop', 'lemma': 'ציטוט'}]"
"(4, 6)",שבגוף,,,,,,"(12, 17)",,"[{'id': 4, 'text': 'ש', 'upos': 'SCONJ', 'xpos': 'SCONJ', 'head': 6, 'deprel': 'mark', 'lemma': 'ש'}, {'id': 5, 'text': 'ב', 'upos': 'ADP', 'xpos': 'ADP', 'head': 6, 'deprel': 'case', 'lemma': 'ב'}, {'id': 6, 'text': 'גוף', 'upos': 'NOUN', 'xpos': 'NOUN', 'feats': 'Definite=Cons|Gender=Masc|Number=Sing', 'head': 3, 'deprel': 'acl:relcl', 'lemma': 'גוף'}]"
7,מחקר,NOUN,NOUN,Gender=Masc|Number=Sing,6.0,compound:smixut,"(18, 22)",מחקר,
8,זה,PRON,PRON,Gender=Masc|Number=Sing|Person=3|PronType=Dem,7.0,det,"(23, 25)",זה,
9,",",PUNCT,PUNCT,,11.0,punct,"(25, 26)",",",
10,הנם,AUX,AUX,Gender=Masc|Number=Plur|Person=3|Polarity=Pos|VerbForm=Part|VerbType=Cop,11.0,cop,"(27, 30)",הנו,
11,תרגום,NOUN,NOUN,Gender=Masc|Number=Sing,0.0,root,"(31, 36)",תרגום,
12,כמעט,ADV,ADV,,13.0,advmod,"(37, 41)",כמעט,
13,מילולי,ADJ,ADJ,Gender=Masc|Number=Sing,11.0,amod,"(42, 48)",מילולי,
"(14, 16)",מהשפה,,,,,,"(49, 54)",,"[{'id': 14, 'text': 'מ', 'upos': 'ADP', 'xpos': 'ADP', 'head': 16, 'deprel': 'case', 'lemma': 'מ'}, {'id': 15, 'text': 'ה', 'upos': 'DET', 'xpos': 'DET', 'feats': 'PronType=Art', 'head': 16, 'deprel': 'det:def', 'lemma': 'ה'}, {'id': 16, 'text': 'שפה', 'upos': 'NOUN', 'xpos': 'NOUN', 'feats': 'Gender=Fem|Number=Sing', 'head': 11, 'deprel': 'nmod', 'lemma': 'שפה'}]"
"(17, 18)",הערבית,,,,,,"(55, 61)",,"[{'id': 17, 'text': 'ה', 'upos': 'DET', 'xpos': 'DET', 'feats': 'PronType=Art', 'head': 18, 'deprel': 'det:def', 'lemma': 'ה'}, {'id': 18, 'text': 'ערבית', 'upos': 'ADJ', 'xpos': 'ADJ', 'feats': 'Gender=Fem|Number=Sing', 'head': 16, 'deprel': 'amod', 'lemma': 'ערבי'}]"
19,על,ADP,ADP,,21.0,case,"(62, 64)",על,
20,מנת,ADP,ADP,,19.0,fixed,"(65, 68)",מנה,
21,לשמור,VERB,VERB,HebBinyan=PAAL|VerbForm=Inf|Voice=Act,11.0,advcl,"(69, 74)",שמר,
22,על,ADP,ADP,,23.0,case,"(75, 77)",על,
23,מקסימום,NOUN,NOUN,Definite=Cons|Gender=Masc|Number=Sing,21.0,obl,"(78, 85)",מקסימום,
24,אוטנטיות,NOUN,NOUN,Gender=Fem|Number=Sing,23.0,compound:smixut,"(86, 94)",אוטנטיה,
"(25, 27)",ברשמים,,,,,,"(95, 101)",,"[{'id': 25, 'text': 'ב', 'upos': 'ADP', 'xpos': 'ADP', 'head': 27, 'deprel': 'case', 'lemma': 'ב'}, {'id': 26, 'text': 'ה_', 'upos': 'DET', 'xpos': 'DET', 'feats': 'PronType=Art', 'head': 27, 'deprel': 'det:def', 'lemma': 'ה'}, {'id': 27, 'text': 'רשמים', 'upos': 'NOUN', 'xpos': 'NOUN', 'feats': 'Gender=Masc|Number=Plur', 'head': 23, 'deprel': 'nmod', 'lemma': 'רשם'}]"
"(28, 29)",המועברים,,,,,,"(102, 110)",,"[{'id': 28, 'text': 'ה', 'upos': 'SCONJ', 'xpos': 'SCONJ', 'head': 29, 'deprel': 'mark', 'lemma': 'ה'}, {'id': 29, 'text': 'מועברים', 'upos': 'VERB', 'xpos': 'VERB', 'feats': 'Gender=Masc|HebBinyan=HUFAL|Number=Plur|Person=1,2,3|VerbForm=Part|Voice=Pass', 'head': 27, 'deprel': 'acl:relcl', 'lemma': 'הועבר'}]"
"(30, 31)",לשפה,,,,,,"(111, 115)",,"[{'id': 30, 'text': 'ל', 'upos': 'ADP', 'xpos': 'ADP', 'head': 31, 'deprel': 'case', 'lemma': 'ל'}, {'id': 31, 'text': 'שפה', 'upos': 'NOUN', 'xpos': 'NOUN', 'feats': 'Gender=Fem|Number=Sing', 'head': 29, 'deprel': 'obl', 'lemma': 'שפה'}]"
"(32, 33)",העברית,,,,,,"(116, 122)",,"[{'id': 32, 'text': 'ה', 'upos': 'DET', 'xpos': 'DET', 'feats': 'PronType=Art', 'head': 33, 'deprel': 'det:def', 'lemma': 'ה'}, {'id': 33, 'text': 'עברית', 'upos': 'ADJ', 'xpos': 'ADJ', 'feats': 'Gender=Fem|Number=Sing', 'head': 31, 'deprel': 'amod', 'lemma': 'עברי'}]"
34,",",PUNCT,PUNCT,,11.0,punct,"(122, 123)",",",
35,לכן,ADV,ADV,,36.0,advmod,"(124, 127)",לכן,
36,תיתכן,VERB,VERB,Gender=Fem|HebBinyan=NIFAL|Number=Sing|Person=3|Tense=Fut|Voice=Mid,11.0,conj,"(128, 133)",נתכן,
37,עברית,PROPN,PROPN,,36.0,nsubj,"(134, 139)",עברית,
38,עילגת,ADJ,ADJ,Gender=Fem|Number=Sing,36.0,xcomp,"(140, 145)",עילג,
1,תמצית,NOUN,NOUN,Definite=Cons|Gender=Fem|Number=Sing,0.0,root,"(1, 6)",תמצית,
2,מנהלים,NOUN,NOUN,Gender=Masc|Number=Plur,1.0,compound:smixut,"(7, 13)",מנהל,
3,עיקר,NOUN,NOUN,Definite=Cons|Gender=Masc|Number=Sing,1.0,nsubj,"(14, 18)",עיקר,
"(4, 5)",הממצאים,,,,,,"(19, 26)",,"[{'id': 4, 'text': 'ה', 'upos': 'DET', 'xpos': 'DET', 'feats': 'PronType=Art', 'head': 5, 'deprel': 'det:def', 'lemma': 'ה'}, {'id': 5, 'text': 'ממצאים', 'upos': 'NOUN', 'xpos': 'NOUN', 'feats': 'Gender=Masc|Number=Plur', 'head': 3, 'deprel': 'compound:smixut', 'lemma': 'ממצא'}]"
6,מסקנות,NOUN,NOUN,Gender=Fem|HebSource=ConvUncertainHead|Number=Plur,1.0,dep,"(27, 33)",מסקנה,
"(7, 8)",ודיון,,,,,,"(34, 39)",,"[{'id': 7, 'text': 'ו', 'upos': 'CCONJ', 'xpos': 'CCONJ', 'head': 8, 'deprel': 'cc', 'lemma': 'ו'}, {'id': 8, 'text': 'דיון', 'upos': 'NOUN', 'xpos': 'NOUN', 'feats': 'Gender=Masc|Number=Sing', 'head': 6, 'deprel': 'conj', 'lemma': 'דיון'}]"
9,פרק,NOUN,NOUN,Gender=Masc|Number=Sing,6.0,dep,"(40, 43)",פרק,
10,1,NUM,NUM,,9.0,nummod,"(44, 45)",1,
11,-,PUNCT,PUNCT,,12.0,punct,"(45, 46)",-,
12,בחינת,NOUN,NOUN,Definite=Cons|Gender=Fem|Number=Sing,6.0,dep,"(47, 52)",בחינה,
"(13, 14)",המושג,,,,,,"(53, 58)",,"[{'id': 13, 'text': 'ה', 'upos': 'DET', 'xpos': 'DET', 'feats': 'PronType=Art', 'head': 14, 'deprel': 'det:def', 'lemma': 'ה'}, {'id': 14, 'text': 'מושג', 'upos': 'NOUN', 'xpos': 'NOUN', 'feats': 'Gender=Masc|Number=Sing', 'head': 12, 'deprel': 'compound:smixut', 'lemma': 'מושג'}]"
15,בית,NOUN,NOUN,Gender=Masc|Number=Sing,14.0,nmod,"(59, 62)",בית,
"(16, 19)",ומרכיביו,,,,,,"(63, 71)",,"[{'id': 16, 'text': 'ו', 'upos': 'CCONJ', 'xpos': 'CCONJ', 'head': 17, 'deprel': 'cc', 'lemma': 'ו'}, {'id': 17, 'text': 'מרכיב_', 'upos': 'NOUN', 'xpos': 'NOUN', 'feats': 'Definite=Def|Gender=Masc|Number=Plur', 'head': 12, 'deprel': 'conj', 'lemma': 'מרכיב'}, {'id': 18, 'text': '_של_', 'upos': 'ADP', 'xpos': 'ADP', 'head': 19, 'deprel': 'case:gen', 'lemma': 'של'}, {'id': 19, 'text': '_הוא', 'upos': 'PRON', 'xpos': 'PRON', 'feats': 'Case=Gen|Gender=Masc|Number=Sing|Person=3|PronType=Prs', 'head': 17, 'deprel': 'nmod:poss', 'lemma': 'הוא'}]"
"(20, 21)",הפונקציונאליים,,,,,,"(72, 86)",,"[{'id': 20, 'text': 'ה', 'upos': 'DET', 'xpos': 'DET', 'feats': 'PronType=Art', 'head': 21, 'deprel': 'det:def', 'lemma': 'ה'}, {'id': 21, 'text': 'פונקציונאליים', 'upos': 'ADJ', 'xpos': 'ADJ', 'feats': 'Gender=Masc|Number=Plur', 'head': 17, 'deprel': 'amod', 'lemma': 'פונקציונלי'}]"
"(22, 24)",והרגשיים,,,,,,"(87, 95)",,"[{'id': 22, 'text': 'ו', 'upos': 'CCONJ', 'xpos': 'CCONJ', 'head': 24, 'deprel': 'cc', 'lemma': 'ו'}, {'id': 23, 'text': 'ה', 'upos': 'DET', 'xpos': 'DET', 'feats': 'PronType=Art', 'head': 24, 'deprel': 'det:def', 'lemma': 'ה'}, {'id': 24, 'text': 'רגשיים', 'upos': 'ADJ', 'xpos': 'ADJ', 'feats': 'Gender=Masc|Number=Plur', 'head': 21, 'deprel': 'conj', 'lemma': 'רגשי'}]"
25,!,PUNCT,PUNCT,,6.0,punct,"(95, 96)",!,
26,•,PUNCT,PUNCT,,30.0,punct,"(97, 98)",•,
"(27, 28)",מתרגיל,,,,,,"(99, 105)",,"[{'id': 27, 'text': 'מ', 'upos': 'ADP', 'xpos': 'ADP', 'head': 28, 'deprel': 'case', 'lemma': 'מ'}, {'id': 28, 'text': 'תרגיל', 'upos': 'NOUN', 'xpos': 'NOUN', 'feats': 'Gender=Masc|Number=Sing', 'head': 30, 'deprel': 'obl', 'lemma': 'תרגיל'}]"
29,זה,PRON,PRON,Gender=Masc|Number=Sing|Person=3|PronType=Dem,28.0,det,"(106, 108)",זה,
30,עלו,VERB,VERB,"Gender=Fem,Masc|HebBinyan=PAAL|Number=Plur|Person=3|Tense=Past|Voice=Act",6.0,conj,"(109, 112)",עלה,
31,מילים,NOUN,NOUN,Gender=Fem|Number=Plur,30.0,nsubj,"(113, 118)",מיל,
32,כמו,ADP,ADP,,35.0,case,"(119, 122)",כמו,
33,:,PUNCT,PUNCT,,35.0,punct,"(122, 123)",:,
34,"""",PUNCT,PUNCT,,35.0,punct,"(124, 125)","""",
35,יציבות,NOUN,NOUN,Gender=Fem|Number=Sing,31.0,nmod,"(125, 131)",יציבות,
36,",",PUNCT,PUNCT,,35.0,punct,"(131, 132)",",",
37,ביטחון,NOUN,NOUN,Gender=Masc|Number=Sing,35.0,conj,"(133, 139)",ביטחון,
38,",",PUNCT,PUNCT,,35.0,punct,"(139, 140)",",",
39,שייכות,NOUN,NOUN,Gender=Fem|Number=Sing,35.0,conj,"(141, 147)",שייכות,
40,",",PUNCT,PUNCT,,35.0,punct,"(147, 148)",",",
41,משפחה,NOUN,NOUN,Gender=Fem|Number=Sing,35.0,conj,"(149, 154)",משפחה,
42,",",PUNCT,PUNCT,,35.0,punct,"(154, 155)",",",
43,עתיד,NOUN,NOUN,Gender=Masc|Number=Sing,35.0,conj,"(156, 160)",עתיד,
44,"""",PUNCT,PUNCT,,35.0,punct,"(160, 161)","""",
45,•,PUNCT,PUNCT,,46.0,cc,"(162, 163)",•,
46,עלו,VERB,VERB,"Gender=Fem,Masc|HebBinyan=PAAL|Number=Plur|Person=3|Tense=Past|Voice=Act",30.0,parataxis,"(164, 167)",עלה,
47,גם,ADV,ADV,,48.0,det,"(168, 170)",גם,
48,תכנים,NOUN,NOUN,Gender=Masc|Number=Plur,46.0,nsubj,"(171, 176)",תוכן,
49,ייחודיים,ADJ,ADJ,Gender=Masc|Number=Plur,48.0,amod,"(177, 185)",ייחודי,
"(50, 51)",למשתתפי,,,,,,"(186, 193)",,"[{'id': 50, 'text': 'ל', 'upos': 'ADP', 'xpos': 'ADP', 'head': 51, 'deprel': 'case', 'lemma': 'ל'}, {'id': 51, 'text': 'משתתפי', 'upos': 'NOUN', 'xpos': 'NOUN', 'feats': 'Definite=Cons|Gender=Masc|Number=Plur', 'head': 48, 'deprel': 'nmod', 'lemma': 'משתתף'}]"
52,קבוצה,NOUN,NOUN,Gender=Fem|Number=Sing,51.0,compound:smixut,"(194, 199)",קבוצה,
53,ספציפית,ADJ,ADJ,Gender=Fem|Number=Sing,52.0,amod,"(200, 207)",ספציפית,
1,בלט,VERB,VERB,Gender=Masc|HebBinyan=PAAL|Number=Sing|Person=3|Tense=Past|Voice=Act,0.0,root,"(1, 4)",בלט,
2,בקרב,ADP,ADP,,3.0,case,"(5, 9)",בקרב,
3,קבוצות,NOUN,NOUN,Definite=Cons|Gender=Fem|Number=Plur,1.0,obl,"(10, 16)",קבוצה,
"(4, 5)",הנשים,,,,,,"(17, 22)",,"[{'id': 4, 'text': 'ה', 'upos': 'DET', 'xpos': 'DET', 'feats': 'PronType=Art', 'head': 5, 'deprel': 'det:def', 'lemma': 'ה'}, {'id': 5, 'text': 'נשים', 'upos': 'NOUN', 'xpos': 'NOUN', 'feats': 'Gender=Fem|Number=Plur', 'head': 3, 'deprel': 'compound:smixut', 'lemma': 'איש'}]"
"(6, 8)",ובאופן,,,,,,"(23, 29)",,"[{'id': 6, 'text': 'ו', 'upos': 'CCONJ', 'xpos': 'CCONJ', 'head': 8, 'deprel': 'cc', 'lemma': 'ו'}, {'id': 7, 'text': 'ב', 'upos': 'ADP', 'xpos': 'ADP', 'head': 8, 'deprel': 'case', 'lemma': 'ב'}, {'id': 8, 'text': 'אופן', 'upos': 'NOUN', 'xpos': 'NOUN', 'feats': 'Gender=Masc|Number=Sing', 'head': 1, 'deprel': 'obl', 'lemma': 'אופן'}]"
9,ייחודי,ADJ,ADJ,Gender=Masc|Number=Sing,8.0,amod,"(30, 36)",ייחודי,
10,",",PUNCT,PUNCT,,1.0,punct,"(36, 37)",",",
11,מילים,NOUN,NOUN,Gender=Fem|Number=Plur,1.0,obj,"(38, 43)",מיל,
12,כמו,ADP,ADP,,14.0,case,"(44, 47)",כמו,
13,"""",PUNCT,PUNCT,,14.0,punct,"(48, 49)","""",
14,נוחיות,NOUN,NOUN,Gender=Fem|Number=Sing,11.0,nmod,"(49, 55)",נוחיות,
15,",",PUNCT,PUNCT,,14.0,punct,"(55, 56)",",",
16,אהבה,NOUN,NOUN,Gender=Fem|Number=Sing,14.0,conj,"(57, 61)",אהבה,
17,",",PUNCT,PUNCT,,14.0,punct,"(61, 62)",",",
18,חום,NOUN,NOUN,Gender=Masc|Number=Sing,14.0,conj,"(63, 66)",חום,
19,",",PUNCT,PUNCT,,14.0,punct,"(67, 68)",",",
20,עצמאות,NOUN,NOUN,Gender=Fem|Number=Sing,14.0,conj,"(69, 75)",עצמאות,
21,",",PUNCT,PUNCT,,14.0,punct,"(75, 76)",",",
"(22, 23)",הממלכה,,,,,,"(77, 83)",,"[{'id': 22, 'text': 'ה', 'upos': 'DET', 'xpos': 'DET', 'feats': 'PronType=Art', 'head': 23, 'deprel': 'det:def', 'lemma': 'ה'}, {'id': 23, 'text': 'ממלכה', 'upos': 'NOUN', 'xpos': 'NOUN', 'feats': 'Gender=Fem|HebSource=ConvUncertainHead|Number=Sing', 'head': 14, 'deprel': 'appos', 'lemma': 'ממלכה'}]"
"(24, 25)",שלי,,,,,,"(84, 87)",,"[{'id': 24, 'text': 'של_', 'upos': 'ADP', 'xpos': 'ADP', 'feats': 'Case=Gen', 'head': 25, 'deprel': 'case:gen', 'lemma': 'של'}, {'id': 25, 'text': '_אני', 'upos': 'PRON', 'xpos': 'PRON', 'feats': 'Gender=Fem,Masc|Number=Sing|Person=1|PronType=Prs', 'head': 23, 'deprel': 'nmod:poss', 'lemma': 'הוא'}]"
26,"""",PUNCT,PUNCT,,14.0,punct,"(88, 89)","""",
27,",",PUNCT,PUNCT,,1.0,punct,"(89, 90)",",",
28,מאחר,CCONJ,CCONJ,,32.0,mark,"(91, 95)",מאחר,
"(29, 31)",והאישה,,,,,,"(96, 102)",,"[{'id': 29, 'text': 'ו', 'upos': 'CCONJ', 'xpos': 'CCONJ', 'head': 28, 'deprel': 'fixed', 'lemma': 'ו'}, {'id': 30, 'text': 'ה', 'upos': 'DET', 'xpos': 'DET', 'feats': 'PronType=Art', 'head': 31, 'deprel': 'det:def', 'lemma': 'ה'}, {'id': 31, 'text': 'אישה', 'upos': 'NOUN', 'xpos': 'NOUN', 'feats': 'Gender=Fem|Number=Sing', 'head': 32, 'deprel': 'nsubj', 'lemma': 'איש'}]"
32,מרגישה,VERB,VERB,"Gender=Fem|HebBinyan=HIFIL|Number=Sing|Person=1,2,3|VerbForm=Part|Voice=Act",47.0,advcl,"(103, 109)",הרגיש,
33,יותר,ADV,ADV,,34.0,advmod,"(110, 114)",יותר,
34,עצמאות,NOUN,NOUN,Gender=Fem|Number=Sing,32.0,obj,"(115, 121)",עצמאות,
"(35, 36)",בבית,,,,,,"(122, 126)",,"[{'id': 35, 'text': 'ב', 'upos': 'ADP', 'xpos': 'ADP', 'head': 36, 'deprel': 'case', 'lemma': 'ב'}, {'id': 36, 'text': 'בית', 'upos': 'NOUN', 'xpos': 'NOUN', 'feats': 'Definite=Cons|Gender=Masc|Number=Sing', 'head': 34, 'deprel': 'nmod', 'lemma': 'בית'}]"
"(37, 38)",הזוגיות,,,,,,"(127, 134)",,"[{'id': 37, 'text': 'ה', 'upos': 'DET', 'xpos': 'DET', 'feats': 'PronType=Art', 'head': 38, 'deprel': 'det:def', 'lemma': 'ה'}, {'id': 38, 'text': 'זוגיות', 'upos': 'NOUN', 'xpos': 'NOUN', 'feats': 'Gender=Fem|Number=Sing', 'head': 36, 'deprel': 'compound:smixut', 'lemma': 'זוגיות'}]"
39,מאשר,CCONJ,CCONJ,,41.0,case,"(135, 139)",מאשר,
"(40, 41)",בבית,,,,,,"(140, 144)",,"[{'id': 40, 'text': 'ב', 'upos': 'ADP', 'xpos': 'ADP', 'head': 41, 'deprel': 'case', 'lemma': 'ב'}, {'id': 41, 'text': 'בית', 'upos': 'NOUN', 'xpos': 'NOUN', 'feats': 'Definite=Cons|Gender=Masc|Number=Sing', 'head': 36, 'deprel': 'nmod', 'lemma': 'בית'}]"
"(42, 43)",ההורים,,,,,,"(145, 151)",,"[{'id': 42, 'text': 'ה', 'upos': 'DET', 'xpos': 'DET', 'feats': 'PronType=Art', 'head': 43, 'deprel': 'det:def', 'lemma': 'ה'}, {'id': 43, 'text': 'הורים', 'upos': 'NOUN', 'xpos': 'NOUN', 'feats': 'Gender=Masc|Number=Plur', 'head': 41, 'deprel': 'compound:smixut', 'lemma': 'הורה'}]"
44,",",PUNCT,PUNCT,,1.0,punct,"(152, 153)",",",
45,כמו,ADP,ADP,,46.0,case,"(153, 156)",כמו,
46,כן,PRON,PRON,Person=3|PronType=Dem,47.0,obl,"(157, 159)",כן,
47,עלה,VERB,VERB,Gender=Masc|HebBinyan=PAAL|Number=Sing|Person=3|Tense=Past|Voice=Act,1.0,conj,"(160, 163)",עלה,
48,נושא,NOUN,NOUN,Definite=Cons|Gender=Masc|Number=Sing,47.0,nsubj,"(164, 168)",נושא,
"(49, 50)",האחריות,,,,,,"(169, 176)",,"[{'id': 49, 'text': 'ה', 'upos': 'DET', 'xpos': 'DET', 'feats': 'PronType=Art', 'head': 50, 'deprel': 'det:def', 'lemma': 'ה'}, {'id': 50, 'text': 'אחריות', 'upos': 'NOUN', 'xpos': 'NOUN', 'feats': 'Gender=Fem|Number=Sing', 'head': 48, 'deprel': 'compound:smixut', 'lemma': 'אחריות'}]"
"(51, 52)",וגודל,,,,,,"(177, 182)",,"[{'id': 51, 'text': 'ו', 'upos': 'CCONJ', 'xpos': 'CCONJ', 'head': 52, 'deprel': 'cc', 'lemma': 'ו'}, {'id': 52, 'text': 'גודל', 'upos': 'NOUN', 'xpos': 'NOUN', 'feats': 'Definite=Cons|Gender=Masc|Number=Sing', 'head': 48, 'deprel': 'conj', 'lemma': 'גודל'}]"
"(53, 54)",המשימה,,,,,,"(183, 189)",,"[{'id': 53, 'text': 'ה', 'upos': 'DET', 'xpos': 'DET', 'feats': 'PronType=Art', 'head': 54, 'deprel': 'det:def', 'lemma': 'ה'}, {'id': 54, 'text': 'משימה', 'upos': 'NOUN', 'xpos': 'NOUN', 'feats': 'Gender=Fem|Number=Sing', 'head': 52, 'deprel': 'compound:smixut', 'lemma': 'משימה'}]"
"(55, 56)",כבעלת,,,,,,"(190, 195)",,"[{'id': 55, 'text': 'כ', 'upos': 'ADP', 'xpos': 'ADP', 'head': 56, 'deprel': 'case', 'lemma': 'כ'}, {'id': 56, 'text': 'בעלת', 'upos': 'NOUN', 'xpos': 'NOUN', 'feats': 'Definite=Cons|Gender=Fem|Number=Sing', 'head': 54, 'deprel': 'nmod', 'lemma': 'בעל'}]"
57,בית,NOUN,NOUN,Gender=Masc|Number=Sing,56.0,compound:smixut,"(196, 199)",בית,
58,מרכזית,ADJ,ADJ,Gender=Fem|Number=Sing,57.0,amod,"(200, 206)",מרכזי,
"(59, 61)",בממלכה,,,,,,"(207, 213)",,"[{'id': 59, 'text': 'ב', 'upos': 'ADP', 'xpos': 'ADP', 'head': 61, 'deprel': 'case', 'lemma': 'ב'}, {'id': 60, 'text': 'ה_', 'upos': 'DET', 'xpos': 'DET', 'feats': 'PronType=Art', 'head': 61, 'deprel': 'det:def', 'lemma': 'ה'}, {'id': 61, 'text': 'ממלכה', 'upos': 'NOUN', 'xpos': 'NOUN', 'feats': 'Gender=Fem|Number=Sing', 'head': 57, 'deprel': 'nmod', 'lemma': 'ממלכה'}]"
62,זו,PRON,PRON,Gender=Fem|Number=Sing|Person=3|PronType=Dem,61.0,det,"(214, 216)",זו,
1,•,PUNCT,PUNCT,,8.0,punct,"(1, 2)",•,
2,בקרב,ADP,ADP,,3.0,case,"(3, 7)",בקרב,
3,קבוצת,NOUN,NOUN,Definite=Cons|Gender=Fem|Number=Sing,8.0,obl,"(8, 13)",קבוצה,
"(4, 5)",הנשים,,,,,,"(14, 19)",,"[{'id': 4, 'text': 'ה', 'upos': 'DET', 'xpos': 'DET', 'feats': 'PronType=Art', 'head': 5, 'deprel': 'det:def', 'lemma': 'ה'}, {'id': 5, 'text': 'נשים', 'upos': 'NOUN', 'xpos': 'NOUN', 'feats': 'Gender=Fem|Number=Plur', 'head': 3, 'deprel': 'compound:smixut', 'lemma': 'איש'}]"
"(6, 7)",הרווקות,,,,,,"(20, 27)",,"[{'id': 6, 'text': 'ה', 'upos': 'DET', 'xpos': 'DET', 'feats': 'PronType=Art', 'head': 7, 'deprel': 'det:def', 'lemma': 'ה'}, {'id': 7, 'text': 'רווקות', 'upos': 'ADJ', 'xpos': 'ADJ', 'feats': 'Gender=Fem|Number=Plur', 'head': 5, 'deprel': 'amod', 'lemma': 'רווקה'}]"
8,עלה,VERB,VERB,Gender=Masc|HebBinyan=PAAL|Number=Sing|Person=3|Tense=Past|Voice=Act,0.0,root,"(28, 31)",עלה,
"(9, 10)",בנוסף,,,,,,"(32, 37)",,"[{'id': 9, 'text': 'ב', 'upos': 'ADP', 'xpos': 'ADP', 'head': 10, 'deprel': 'case', 'lemma': 'ב'}, {'id': 10, 'text': 'נוסף', 'upos': 'VERB', 'xpos': 'VERB', 'feats': 'Gender=Masc|HebBinyan=NIFAL|Number=Sing|Person=1,2,3|VerbForm=Part|Voice=Mid', 'head': 8, 'deprel': 'obl', 'lemma': 'נוסף'}]"
11,גם,ADV,ADV,,12.0,det,"(38, 40)",גם,
12,מילים,NOUN,NOUN,Gender=Fem|Number=Plur,8.0,nsubj,"(41, 46)",מיל,
13,כמו,ADP,ADP,,15.0,case,"(47, 50)",כמו,
14,"""",PUNCT,PUNCT,,15.0,punct,"(51, 52)","""",
15,אסתטיקה,NOUN,NOUN,Gender=Fem|Number=Sing,12.0,nmod,"(52, 59)",אסתטיקה,
16,",",PUNCT,PUNCT,,15.0,punct,"(59, 60)",",",
17,יופי,NOUN,NOUN,Gender=Masc|Number=Sing,15.0,conj,"(61, 65)",יופי,
18,",",PUNCT,PUNCT,,15.0,punct,"(65, 66)",",",
"(19, 20)",ועיצוב,,,,,,"(67, 73)",,"[{'id': 19, 'text': 'ו', 'upos': 'CCONJ', 'xpos': 'CCONJ', 'head': 20, 'deprel': 'cc', 'lemma': 'ו'}, {'id': 20, 'text': 'עיצוב', 'upos': 'NOUN', 'xpos': 'NOUN', 'feats': 'Gender=Masc|Number=Sing', 'head': 15, 'deprel': 'conj', 'lemma': 'עיצוב'}]"
21,"""",PUNCT,PUNCT,,15.0,punct,"(73, 74)","""",
22,•,PUNCT,PUNCT,,8.0,punct,"(75, 76)",•,
23,אבל,CCONJ,CCONJ,,32.0,cc,"(77, 80)",אבל,
"(24, 26)",ומנגד,,,,,,"(81, 86)",,"[{'id': 24, 'text': 'ו', 'upos': 'CCONJ', 'xpos': 'CCONJ', 'head': 32, 'deprel': 'cc', 'lemma': 'ו'}, {'id': 25, 'text': 'מ', 'upos': 'ADP', 'xpos': 'ADP', 'head': 26, 'deprel': 'case', 'lemma': 'מ'}, {'id': 26, 'text': 'נגד', 'upos': 'NOUN', 'xpos': 'NOUN', 'feats': 'Gender=Masc|Number=Sing', 'head': 32, 'deprel': 'obl', 'lemma': 'נגד'}]"
"(27, 29)",לדברים,,,,,,"(87, 93)",,"[{'id': 27, 'text': 'ל', 'upos': 'ADP', 'xpos': 'ADP', 'head': 29, 'deprel': 'case', 'lemma': 'ל'}, {'id': 28, 'text': 'ה_', 'upos': 'DET', 'xpos': 'DET', 'feats': 'PronType=Art', 'head': 29, 'deprel': 'det:def', 'lemma': 'ה'}, {'id': 29, 'text': 'דברים', 'upos': 'NOUN', 'xpos': 'NOUN', 'feats': 'Gender=Masc|Number=Plur', 'head': 26, 'deprel': 'nmod', 'lemma': 'דבר'}]"
30,אלו,PRON,PRON,"Gender=Fem,Masc|Number=Plur|Person=3|PronType=Dem",29.0,det,"(94, 97)",אלו,
31,",",PUNCT,PUNCT,,32.0,punct,"(98, 99)",",",
32,בלטה,VERB,VERB,Gender=Fem|HebBinyan=PAAL|Number=Sing|Person=3|Tense=Past|Voice=Act,8.0,conj,"(100, 104)",בלטה,
33,קבוצת,NOUN,NOUN,Definite=Cons|Gender=Fem|Number=Sing,32.0,nsubj,"(105, 110)",קבוצה,
"(34, 35)",הרווקים,,,,,,"(111, 118)",,"[{'id': 34, 'text': 'ה', 'upos': 'DET', 'xpos': 'DET', 'feats': 'PronType=Art', 'head': 35, 'deprel': 'det:def', 'lemma': 'ה'}, {'id': 35, 'text': 'רווקים', 'upos': 'NOUN', 'xpos': 'NOUN', 'feats': 'Gender=Masc|Number=Plur', 'head': 33, 'deprel': 'compound:smixut', 'lemma': 'רווק'}]"
"(36, 37)",הצעירים,,,,,,"(119, 126)",,"[{'id': 36, 'text': 'ה', 'upos': 'DET', 'xpos': 'DET', 'feats': 'PronType=Art', 'head': 37, 'deprel': 'det:def', 'lemma': 'ה'}, {'id': 37, 'text': 'צעירים', 'upos': 'ADJ', 'xpos': 'ADJ', 'feats': 'Gender=Masc|Number=Plur', 'head': 35, 'deprel': 'amod', 'lemma': 'צעיר'}]"
"(38, 39)",בהשמעת,,,,,,"(127, 133)",,"[{'id': 38, 'text': 'ב', 'upos': 'ADP', 'xpos': 'ADP', 'head': 39, 'deprel': 'case', 'lemma': 'ב'}, {'id': 39, 'text': 'השמעת', 'upos': 'NOUN', 'xpos': 'NOUN', 'feats': 'Definite=Cons|Gender=Fem|Number=Sing', 'head': 32, 'deprel': 'obl', 'lemma': 'השמעה'}]"
40,תכנים,NOUN,NOUN,Gender=Masc|Number=Plur,39.0,compound:smixut,"(134, 139)",תוכן,
41,שונים,ADJ,ADJ,Gender=Masc|Number=Plur,40.0,amod,"(140, 145)",שונה,
"(42, 43)",וטיפה,,,,,,"(146, 151)",,"[{'id': 42, 'text': 'ו', 'upos': 'CCONJ', 'xpos': 'CCONJ', 'head': 44, 'deprel': 'cc', 'lemma': 'ו'}, {'id': 43, 'text': 'טיפה', 'upos': 'ADV', 'xpos': 'ADV', 'head': 44, 'deprel': 'advmod', 'lemma': 'טיפה'}]"
44,שליליים,ADJ,ADJ,Gender=Masc|Number=Plur,41.0,conj,"(152, 159)",שלילי,
45,יותר,ADV,ADV,,44.0,advmod,"(160, 164)",יותר,
1,כאשר,SCONJ,SCONJ,,2.0,mark,"(1, 5)",כאשר,
2,עלו,VERB,VERB,"Gender=Fem,Masc|HebBinyan=PAAL|Number=Plur|Person=3|Tense=Past|Voice=Act",0.0,root,"(6, 9)",עלה,
"(3, 4)",בשאלת,,,,,,"(10, 15)",,"[{'id': 3, 'text': 'ב', 'upos': 'ADP', 'xpos': 'ADP', 'head': 4, 'deprel': 'case', 'lemma': 'ב'}, {'id': 4, 'text': 'שאלת', 'upos': 'NOUN', 'xpos': 'NOUN', 'feats': 'Definite=Cons|Gender=Fem|Number=Sing', 'head': 2, 'deprel': 'obl', 'lemma': 'שאלה'}]"
"(5, 6)",האסוציאציות,,,,,,"(16, 27)",,"[{'id': 5, 'text': 'ה', 'upos': 'DET', 'xpos': 'DET', 'feats': 'PronType=Art', 'head': 6, 'deprel': 'det:def', 'lemma': 'ה'}, {'id': 6, 'text': 'אסוציאציות', 'upos': 'NOUN', 'xpos': 'NOUN', 'feats': 'Gender=Fem|Number=Plur', 'head': 4, 'deprel': 'compound:smixut', 'lemma': 'אסוציאציה'}]"
7,מילים,NOUN,NOUN,Gender=Fem|Number=Plur,2.0,nsubj,"(28, 33)",מיל,
8,כמו,ADP,ADP,,10.0,case,"(34, 37)",כמו,
9,:,PUNCT,PUNCT,,10.0,punct,"(38, 39)",:,
10,דאגה,NOUN,NOUN,Gender=Fem|Number=Sing,7.0,nmod,"(40, 44)",דאגה,
11,",",PUNCT,PUNCT,,10.0,punct,"(45, 46)",",",
12,אחריות,NOUN,NOUN,Gender=Fem|Number=Sing,10.0,conj,"(47, 53)",אחריות,
13,",",PUNCT,PUNCT,,10.0,punct,"(54, 55)",",",
14,מחויבות,NOUN,NOUN,Gender=Fem|Number=Sing,10.0,conj,"(56, 63)",מחויבות,
15,",",PUNCT,PUNCT,,10.0,punct,"(64, 65)",",",
16,מגורים,NOUN,NOUN,Gender=Masc|HebSource=ConvUncertainHead|Number=Plur,10.0,conj,"(66, 72)",מגורים,
17,",",PUNCT,PUNCT,,10.0,punct,"(72, 73)",",",
18,מקום,NOUN,NOUN,Definite=Cons|Gender=Masc|HebSource=ConvUncertainHead|Number=Sing,10.0,conj,"(74, 78)",מקום,
19,מגורים,NOUN,NOUN,Gender=Masc|Number=Plur,18.0,compound:smixut,"(79, 85)",מגורים,
20,",",PUNCT,PUNCT,,2.0,punct,"(85, 86)",",",
"(21, 24)",ובאוויר,,,,,,"(87, 94)",,"[{'id': 21, 'text': 'ו', 'upos': 'CCONJ', 'xpos': 'CCONJ', 'head': 25, 'deprel': 'cc', 'lemma': 'ו'}, {'id': 22, 'text': 'ב', 'upos': 'ADP', 'xpos': 'ADP', 'head': 24, 'deprel': 'case', 'lemma': 'ב'}, {'id': 23, 'text': 'ה_', 'upos': 'DET', 'xpos': 'DET', 'feats': 'PronType=Art', 'head': 24, 'deprel': 'det:def', 'lemma': 'ה'}, {'id': 24, 'text': 'אוויר', 'upos': 'NOUN', 'xpos': 'NOUN', 'feats': 'Gender=Masc|Number=Sing', 'head': 25, 'deprel': 'obl', 'lemma': 'אוויר'}]"
25,ריחפה,VERB,VERB,Gender=Fem|HebBinyan=PAAL|Number=Sing|Person=3|Tense=Past|Voice=Act,2.0,conj,"(95, 100)",ריחף,
26,תחושה,NOUN,NOUN,Gender=Fem|Number=Sing,25.0,nsubj,"(101, 106)",תחושה,
27,של,ADP,ADP,Case=Gen,28.0,case:gen,"(107, 109)",של,
28,כבדות,NOUN,NOUN,Gender=Fem|Number=Sing,26.0,nmod:poss,"(110, 115)",כבד,
"(29, 30)",וחשש,,,,,,"(116, 120)",,"[{'id': 29, 'text': 'ו', 'upos': 'CCONJ', 'xpos': 'CCONJ', 'head': 30, 'deprel': 'cc', 'lemma': 'ו'}, {'id': 30, 'text': 'חשש', 'upos': 'NOUN', 'xpos': 'NOUN', 'feats': 'Gender=Masc|Number=Sing', 'head': 28, 'deprel': 'conj', 'lemma': 'חשש'}]"
"(31, 32)",מכל,,,,,,"(121, 124)",,"[{'id': 31, 'text': 'מ', 'upos': 'ADP', 'xpos': 'ADP', 'head': 34, 'deprel': 'case', 'lemma': 'מ'}, {'id': 32, 'text': 'כל', 'upos': 'DET', 'xpos': 'DET', 'feats': 'Definite=Cons', 'head': 34, 'deprel': 'det', 'lemma': 'כול'}]"
"(33, 34)",העניין,,,,,,"(125, 131)",,"[{'id': 33, 'text': 'ה', 'upos': 'DET', 'xpos': 'DET', 'feats': 'PronType=Art', 'head': 34, 'deprel': 'det:def', 'lemma': 'ה'}, {'id': 34, 'text': 'עניין', 'upos': 'NOUN', 'xpos': 'NOUN', 'feats': 'Gender=Masc|Number=Sing', 'head': 30, 'deprel': 'nmod', 'lemma': 'עניין'}]"
1,אסוציאציות,NOUN,NOUN,Gender=Fem|Number=Plur,0.0,root,"(0, 10)",אסוציאציה,
2,חופשיות,ADJ,ADJ,Gender=Fem|Number=Plur,1.0,amod,"(11, 18)",חופשי,
"(3, 4)",למילה,,,,,,"(19, 24)",,"[{'id': 3, 'text': 'ל', 'upos': 'ADP', 'xpos': 'ADP', 'head': 4, 'deprel': 'case', 'lemma': 'ל'}, {'id': 4, 'text': 'מילה', 'upos': 'NOUN', 'xpos': 'NOUN', 'feats': 'Gender=Fem|Number=Sing', 'head': 1, 'deprel': 'nmod', 'lemma': 'מילה'}]"
5,בית,NOUN,NOUN,Gender=Masc|Number=Sing,4.0,nmod,"(25, 28)",בית,
"(6, 7)",ושיכון,,,,,,"(29, 35)",,"[{'id': 6, 'text': 'ו', 'upos': 'CCONJ', 'xpos': 'CCONJ', 'head': 7, 'deprel': 'cc', 'lemma': 'ו'}, {'id': 7, 'text': 'שיכון', 'upos': 'NOUN', 'xpos': 'NOUN', 'feats': 'Gender=Masc|Number=Sing', 'head': 5, 'deprel': 'conj', 'lemma': 'שיכון'}]"
8,המשך,NOUN,NOUN,Gender=Masc|Number=Sing,1.0,advmod,"(36, 40)",המשך,
"(1, 2)",המושג,,,,,,"(0, 5)",,"[{'id': 1, 'text': 'ה', 'upos': 'DET', 'xpos': 'DET', 'feats': 'PronType=Art', 'head': 2, 'deprel': 'det:def', 'lemma': 'ה'}, {'id': 2, 'text': 'מושג', 'upos': 'NOUN', 'xpos': 'NOUN', 'feats': 'Gender=Masc|Number=Sing', 'head': 6, 'deprel': 'nsubj', 'lemma': 'מושג'}]"
3,בית,NOUN,NOUN,Gender=Masc|Number=Sing,2.0,nmod,"(6, 9)",בית,
4,•,PUNCT,PUNCT,,6.0,dep,"(10, 11)",•,
"(5, 6)",בראיונות,,,,,,"(12, 20)",,"[{'id': 5, 'text': 'ב', 'upos': 'ADP', 'xpos': 'ADP', 'head': 6, 'deprel': 'case', 'lemma': 'ב'}, {'id': 6, 'text': 'ראיונות', 'upos': 'NOUN', 'xpos': 'NOUN', 'feats': 'Gender=Masc|Number=Plur', 'head': 0, 'deprel': 'root', 'lemma': 'ריאיון'}]"
"(7, 8)",העותק,,,,,,"(21, 26)",,"[{'id': 7, 'text': 'ה', 'upos': 'DET', 'xpos': 'DET', 'feats': 'PronType=Art', 'head': 8, 'deprel': 'det:def', 'lemma': 'ה'}, {'id': 8, 'text': 'עותק', 'upos': 'NOUN', 'xpos': 'NOUN', 'feats': 'Gender=Masc|Number=Sing', 'head': 6, 'deprel': 'compound:smixut', 'lemma': 'עותק'}]"
"(9, 10)",בהם,,,,,,"(27, 30)",,"[{'id': 9, 'text': 'ב_', 'upos': 'ADP', 'xpos': 'ADP', 'head': 10, 'deprel': 'case', 'lemma': 'ב'}, {'id': 10, 'text': '_הם', 'upos': 'PRON', 'xpos': 'PRON', 'feats': 'Gender=Masc|Number=Plur|Person=3|PronType=Prs', 'head': 11, 'deprel': 'obl', 'lemma': 'הוא'}]"
11,השתתפו,VERB,VERB,"Gender=Fem,Masc|HebBinyan=HITPAEL|Number=Plur|Person=3|Tense=Past",6.0,acl,"(31, 37)",השתתף,
12,בעיקר,ADV,ADV,,13.0,det,"(38, 43)",בעיקר,
13,שוכרי,NOUN,NOUN,Definite=Cons|Gender=Masc|Number=Plur,11.0,nsubj,"(44, 49)",שוכר,
14,דירות,NOUN,NOUN,Gender=Fem|Number=Plur,13.0,compound:smixut,"(50, 55)",דירה,
15,",",PUNCT,PUNCT,,6.0,punct,"(55, 56)",",",
"(16, 17)",המושג,,,,,,"(57, 62)",,"[{'id': 16, 'text': 'ה', 'upos': 'DET', 'xpos': 'DET', 'feats': 'PronType=Art', 'head': 17, 'deprel': 'det:def', 'lemma': 'ה'}, {'id': 17, 'text': 'מושג', 'upos': 'NOUN', 'xpos': 'NOUN', 'feats': 'Gender=Masc|Number=Sing', 'head': 20, 'deprel': 'nsubj', 'lemma': 'מושג'}]"
"(18, 19)",הבית,,,,,,"(63, 67)",,"[{'id': 18, 'text': 'ה', 'upos': 'DET', 'xpos': 'DET', 'feats': 'PronType=Art', 'head': 19, 'deprel': 'det:def', 'lemma': 'ה'}, {'id': 19, 'text': 'בית', 'upos': 'NOUN', 'xpos': 'NOUN', 'feats': 'Gender=Masc|Number=Sing', 'head': 17, 'deprel': 'nmod', 'lemma': 'בית'}]"
20,קיבל,VERB,VERB,Gender=Masc|HebBinyan=PIEL|Number=Sing|Person=3|Tense=Past|Voice=Act,6.0,acl,"(68, 72)",קיבל,
21,משמעות,NOUN,NOUN,Gender=Fem|Number=Sing,20.0,obj,"(73, 79)",משמעות,
22,עמוקה,ADJ,ADJ,Gender=Fem|Number=Sing,21.0,amod,"(80, 85)",עמוק,
23,אף,CCONJ,CCONJ,,22.0,advmod,"(86, 88)",אף,
24,יותר,ADV,ADV,,22.0,advmod,"(89, 93)",יותר,
"(25, 26)",כסוג,,,,,,"(94, 98)",,"[{'id': 25, 'text': 'כ', 'upos': 'ADP', 'xpos': 'ADP', 'head': 26, 'deprel': 'case', 'lemma': 'כ'}, {'id': 26, 'text': 'סוג', 'upos': 'NOUN', 'xpos': 'NOUN', 'feats': 'Gender=Masc|Number=Sing', 'head': 21, 'deprel': 'nmod', 'lemma': 'סוג'}]"
27,של,ADP,ADP,Case=Gen,28.0,case:gen,"(99, 101)",של,
28,הישרדות,NOUN,NOUN,Gender=Fem|Number=Sing,26.0,nmod:poss,"(102, 109)",הישרדות,
29,",",PUNCT,PUNCT,,6.0,punct,"(110, 111)",",",
"(30, 31)",ועלו,,,,,,"(112, 116)",,"[{'id': 30, 'text': 'ו', 'upos': 'CCONJ', 'xpos': 'CCONJ', 'head': 31, 'deprel': 'cc', 'lemma': 'ו'}, {'id': 31, 'text': 'עלו', 'upos': 'VERB', 'xpos': 'VERB', 'feats': 'Gender=Fem,Masc|HebBinyan=PAAL|Number=Plur|Person=3|Tense=Past|Voice=Act', 'head': 20, 'deprel': 'conj', 'lemma': 'עלה'}]"
32,מילים,NOUN,NOUN,Gender=Fem|Number=Plur,31.0,nsubj,"(117, 122)",מיל,
33,כמו,ADP,ADP,,36.0,case,"(123, 126)",כמו,
34,:,PUNCT,PUNCT,,36.0,punct,"(126, 127)",:,
35,"""",PUNCT,PUNCT,,36.0,punct,"(128, 129)","""",
36,חיים,NOUN,NOUN,Gender=Masc|Number=Plur,32.0,nmod,"(129, 133)",חיים,
37,"""",PUNCT,PUNCT,,36.0,punct,"(133, 134)","""",
38,"""",PUNCT,PUNCT,,39.0,punct,"(135, 136)","""",
39,שקט,NOUN,NOUN,Gender=Masc|Number=Sing,36.0,conj,"(136, 139)",שקט,
40,נפשי,ADJ,ADJ,Gender=Masc|Number=Sing,39.0,amod,"(140, 144)",נפשי,
41,"""",PUNCT,PUNCT,,39.0,punct,"(144, 145)","""",
42,",",PUNCT,PUNCT,,36.0,punct,"(145, 146)",",",
"(43, 45)",והמרואיינים,,,,,,"(147, 158)",,"[{'id': 43, 'text': 'ו', 'upos': 'CCONJ', 'xpos': 'CCONJ', 'head': 45, 'deprel': 'cc', 'lemma': 'ו'}, {'id': 44, 'text': 'ה', 'upos': 'DET', 'xpos': 'DET', 'feats': 'PronType=Art', 'head': 45, 'deprel': 'det:def', 'lemma': 'ה'}, {'id': 45, 'text': 'מרואיינים', 'upos': 'NOUN', 'xpos': 'NOUN', 'feats': 'Gender=Masc|Number=Plur', 'head': 32, 'deprel': 'conj', 'lemma': 'מרואיין'}]"
"(46, 47)",הבדילו,,,,,,"(159, 165)",,"[{'id': 46, 'text': 'ה', 'upos': 'SCONJ', 'xpos': 'SCONJ', 'head': 47, 'deprel': 'mark', 'lemma': 'ה'}, {'id': 47, 'text': 'בדילו', 'upos': 'VERB', 'xpos': 'VERB', 'head': 45, 'deprel': 'acl:relcl', 'lemma': 'הדיל'}]"
48,בין,ADP,ADP,,50.0,case,"(166, 169)",בין,
49,",",PUNCT,PUNCT,,32.0,punct,"(169, 170)",",",
50,מושג,NOUN,NOUN,Definite=Cons|Gender=Masc|Number=Sing,45.0,nmod,"(171, 175)",מושג,
"(51, 52)",הבית,,,,,,"(176, 180)",,"[{'id': 51, 'text': 'ה', 'upos': 'DET', 'xpos': 'DET', 'feats': 'PronType=Art', 'head': 52, 'deprel': 'det:def', 'lemma': 'ה'}, {'id': 52, 'text': 'בית', 'upos': 'NOUN', 'xpos': 'NOUN', 'feats': 'Gender=Masc|Number=Sing', 'head': 50, 'deprel': 'compound:smixut', 'lemma': 'בית'}]"
"(53, 55)",כמשהו,,,,,,"(181, 186)",,"[{'id': 53, 'text': 'כמש_', 'upos': 'ADP', 'xpos': 'ADP', 'feats': 'Definite=Def|Gender=Masc|Number=Sing', 'head': 50, 'deprel': 'acl', 'lemma': 'כמש'}, {'id': 54, 'text': '_של_', 'upos': 'ADP', 'xpos': 'ADP', 'head': 55, 'deprel': 'case:gen', 'lemma': 'של'}, {'id': 55, 'text': '_הוא', 'upos': 'PRON', 'xpos': 'PRON', 'feats': 'Case=Gen|Gender=Masc|Number=Sing|Person=3|PronType=Prs', 'head': 53, 'deprel': 'nmod:poss', 'lemma': 'הוא'}]"
"(56, 57)",שלך,,,,,,"(187, 190)",,"[{'id': 56, 'text': 'של_', 'upos': 'ADP', 'xpos': 'ADP', 'feats': 'Case=Gen', 'head': 57, 'deprel': 'case:gen', 'lemma': 'של'}, {'id': 57, 'text': '_אתה', 'upos': 'PRON', 'xpos': 'PRON', 'feats': 'Gender=Masc|Number=Sing|Person=2|PronType=Prs', 'head': 53, 'deprel': 'nmod:poss', 'lemma': 'הוא'}]"
58,",",PUNCT,PUNCT,,60.0,punct,"(190, 191)",",",
59,לעומת,ADP,ADP,,60.0,case,"(192, 197)",לעומת,
60,גר,NOUN,NOUN,HebSource=ConvUncertainHead,50.0,nmod,"(198, 200)",גר,
"(61, 62)",בשכירות,,,,,,"(201, 208)",,"[{'id': 61, 'text': 'ב', 'upos': 'ADP', 'xpos': 'ADP', 'head': 62, 'deprel': 'case', 'lemma': 'ב'}, {'id': 62, 'text': 'שכירות', 'upos': 'NOUN', 'xpos': 'NOUN', 'feats': 'Definite=Cons|Gender=Fem|Number=Sing', 'head': 60, 'deprel': 'nmod', 'lemma': 'שכירות'}]"
"(63, 64)",האסוציאציות,,,,,,"(209, 220)",,"[{'id': 63, 'text': 'ה', 'upos': 'DET', 'xpos': 'DET', 'feats': 'PronType=Art', 'head': 64, 'deprel': 'det:def', 'lemma': 'ה'}, {'id': 64, 'text': 'אסוציאציות', 'upos': 'NOUN', 'xpos': 'NOUN', 'feats': 'Gender=Fem|Number=Plur', 'head': 62, 'deprel': 'compound:smixut', 'lemma': 'אסוציאציה'}]"
65,של,ADP,ADP,Case=Gen,66.0,case:gen,"(221, 223)",של,
66,בית,NOUN,NOUN,Gender=Masc|Number=Sing,62.0,nmod:poss,"(224, 227)",בית,
67,נטו,ADJ,ADJ,Gender=Masc|Number=Sing,66.0,amod,"(228, 231)",נטו,
"(68, 69)",בכיוון,,,,,,"(232, 238)",,"[{'id': 68, 'text': 'ב', 'upos': 'ADP', 'xpos': 'ADP', 'head': 69, 'deprel': 'case', 'lemma': 'ב'}, {'id': 69, 'text': 'כיוון', 'upos': 'NOUN', 'xpos': 'NOUN', 'feats': 'Definite=Cons|Gender=Masc|Number=Sing', 'head': 50, 'deprel': 'nmod', 'lemma': 'כיוון'}]"
70,בית,NOUN,NOUN,Gender=Masc|Number=Sing,69.0,compound:smixut,"(239, 242)",בית,
"(71, 72)",משלי,,,,,,"(243, 247)",,"[{'id': 71, 'text': 'מ', 'upos': 'ADP', 'xpos': 'ADP', 'head': 73, 'deprel': 'case', 'lemma': 'מ'}, {'id': 72, 'text': 'שלי', 'upos': 'PROPN', 'xpos': 'PROPN', 'feats': 'Case=Gen', 'head': 73, 'deprel': 'det', 'lemma': 'שלי'}]"
73,רכוש,NOUN,NOUN,Gender=Masc|Number=Sing,70.0,nmod,"(248, 252)",רכוש,
"(74, 75)",שלי,,,,,,"(253, 256)",,"[{'id': 74, 'text': 'של_', 'upos': 'ADP', 'xpos': 'ADP', 'feats': 'Case=Gen', 'head': 75, 'deprel': 'case:gen', 'lemma': 'של'}, {'id': 75, 'text': '_אני', 'upos': 'PRON', 'xpos': 'PRON', 'feats': 'Gender=Fem,Masc|Number=Sing|Person=1|PronType=Prs', 'head': 73, 'deprel': 'nmod:poss', 'lemma': 'הוא'}]"
1,כמובן,ADV,ADV,,2.0,advmod,"(1, 6)",כמובן,
2,היו,VERB,VERB,"Gender=Fem,Masc|HebExistential=True|Number=Plur|Person=3|Polarity=Pos|Tense=Past",0.0,root,"(7, 10)",היה,
3,גם,ADV,ADV,,4.0,det,"(11, 13)",גם,
4,תכנים,NOUN,NOUN,Gender=Masc|Number=Plur,2.0,nsubj,"(14, 19)",תוכן,
5,משותפים,ADJ,ADJ,Gender=Masc|Number=Plur,4.0,amod,"(20, 27)",משותף,
6,של,ADP,ADP,Case=Gen,7.0,case:gen,"(28, 30)",של,
7,יציבות,NOUN,NOUN,Gender=Fem|Number=Sing,4.0,nmod,"(31, 37)",יציבות,
8,",",PUNCT,PUNCT,,7.0,punct,"(38, 39)",",",
9,ביטחון,NOUN,NOUN,Gender=Masc|Number=Sing,7.0,conj,"(40, 46)",ביטחון,
10,",",PUNCT,PUNCT,,7.0,punct,"(46, 47)",",",
11,שקט,NOUN,NOUN,Gender=Masc|Number=Sing,7.0,conj,"(48, 51)",שקט,
1,תפיסת,NOUN,NOUN,Definite=Cons|Gender=Fem|Number=Sing,0.0,root,"(1, 6)",תפיסה,
"(2, 3)",המילה,,,,,,"(7, 12)",,"[{'id': 2, 'text': 'ה', 'upos': 'DET', 'xpos': 'DET', 'feats': 'PronType=Art', 'head': 3, 'deprel': 'det:def', 'lemma': 'ה'}, {'id': 3, 'text': 'מילה', 'upos': 'NOUN', 'xpos': 'NOUN', 'feats': 'Gender=Fem|Number=Sing', 'head': 1, 'deprel': 'compound:smixut', 'lemma': 'מילה'}]"
4,שיכון,NOUN,NOUN,Gender=Masc|Number=Sing,3.0,nmod,"(13, 18)",שיכון,
5,/,PUNCT,PUNCT,,4.0,punct,"(19, 20)",/,
6,דירות,NOUN,NOUN,Gender=Fem|Number=Plur,4.0,conj,"(21, 26)",דירה,
"(7, 8)",בבניין,,,,,,"(27, 33)",,"[{'id': 7, 'text': 'ב', 'upos': 'ADP', 'xpos': 'ADP', 'head': 8, 'deprel': 'case', 'lemma': 'ב'}, {'id': 8, 'text': 'בניין', 'upos': 'NOUN', 'xpos': 'NOUN', 'feats': 'Gender=Masc|Number=Sing', 'head': 1, 'deprel': 'nmod', 'lemma': 'בניין'}]"
9,משותף,ADJ,ADJ,Gender=Masc|Number=Sing,8.0,amod,"(34, 39)",משותף,
10,•,PUNCT,PUNCT,,19.0,punct,"(40, 41)",•,
"(11, 12)",בבחינת,,,,,,"(42, 48)",,"[{'id': 11, 'text': 'ב', 'upos': 'ADP', 'xpos': 'ADP', 'head': 12, 'deprel': 'case', 'lemma': 'ב'}, {'id': 12, 'text': 'בחינת', 'upos': 'NOUN', 'xpos': 'NOUN', 'feats': 'Definite=Cons|Gender=Fem|Number=Sing', 'head': 19, 'deprel': 'obl', 'lemma': 'בחינה'}]"
13,אסוציאציות,NOUN,NOUN,Gender=Fem|Number=Plur,12.0,compound:smixut,"(49, 59)",אסוציאציה,
14,חופשיות,ADJ,ADJ,Gender=Fem|Number=Plur,13.0,amod,"(60, 67)",חופשי,
15,סביב,ADP,ADP,,17.0,case,"(68, 72)",סביב,
"(16, 17)",המושג,,,,,,"(73, 78)",,"[{'id': 16, 'text': 'ה', 'upos': 'DET', 'xpos': 'DET', 'feats': 'PronType=Art', 'head': 17, 'deprel': 'det:def', 'lemma': 'ה'}, {'id': 17, 'text': 'מושג', 'upos': 'NOUN', 'xpos': 'NOUN', 'feats': 'Gender=Masc|Number=Sing', 'head': 13, 'deprel': 'nmod', 'lemma': 'מושג'}]"
18,שיכון,NOUN,NOUN,Gender=Masc|Number=Sing,17.0,flat:name,"(79, 84)",שיכון,
19,עלו,VERB,VERB,"Gender=Fem,Masc|HebBinyan=PAAL|Number=Plur|Person=3|Tense=Past|Voice=Act",1.0,conj,"(85, 88)",עלה,
20,בעיקר,ADV,ADV,,21.0,det,"(89, 94)",בעיקר,
21,תכנים,NOUN,NOUN,Gender=Masc|Number=Plur,19.0,nsubj,"(95, 100)",תוכן,
22,שליליים,ADJ,ADJ,Gender=Masc|Number=Plur,21.0,amod,"(101, 108)",שלילי,
"(23, 24)",ברוב,,,,,,"(109, 113)",,"[{'id': 23, 'text': 'ב', 'upos': 'ADP', 'xpos': 'ADP', 'head': 26, 'deprel': 'case', 'lemma': 'ב'}, {'id': 24, 'text': 'רוב', 'upos': 'DET', 'xpos': 'DET', 'feats': 'Definite=Cons', 'head': 26, 'deprel': 'det', 'lemma': 'רוב'}]"
"(25, 26)",הקבוצות,,,,,,"(114, 121)",,"[{'id': 25, 'text': 'ה', 'upos': 'DET', 'xpos': 'DET', 'feats': 'PronType=Art', 'head': 26, 'deprel': 'det:def', 'lemma': 'ה'}, {'id': 26, 'text': 'קבוצות', 'upos': 'NOUN', 'xpos': 'NOUN', 'feats': 'Gender=Fem|Number=Plur', 'head': 21, 'deprel': 'nmod', 'lemma': 'קבוצה'}]"
1,•,PUNCT,PUNCT,,0.0,root,"(1, 2)",•,
2,"""",PUNCT,PUNCT,,3.0,punct,"(3, 4)","""",
3,בניין,NOUN,NOUN,Gender=Masc|Number=Sing,1.0,dep,"(4, 9)",בניין,
4,רב,ADJ,ADJ,Definite=Cons|Gender=Masc|Number=Sing,3.0,amod,"(10, 12)",רב,
5,קומות,NOUN,NOUN,Gender=Fem|Number=Plur,4.0,compound:smixut,"(13, 18)",קומה,
6,",",PUNCT,PUNCT,,3.0,punct,"(18, 19)",",",
7,הרבה,DET,DET,Definite=Cons,8.0,det,"(20, 24)",הרבה,
8,אנשים,NOUN,NOUN,Gender=Masc|Number=Plur,3.0,conj,"(25, 30)",איש,
9,",",PUNCT,PUNCT,,3.0,punct,"(30, 31)",",",
10,צפוף,ADJ,ADJ,Gender=Masc|HebSource=ConvUncertainHead|Number=Sing,3.0,dep,"(32, 36)",צפוף,
11,",",PUNCT,PUNCT,,3.0,punct,"(36, 37)",",",
12,הכל,NOUN,NOUN,,13.0,nsubj,"(38, 41)",הכיל,
13,משותף,ADJ,ADJ,Gender=Masc|Number=Sing,3.0,dep,"(42, 47)",משותף,
14,",",PUNCT,PUNCT,HebSource=ConvUncertainHead,3.0,punct,"(47, 48)",",",
15,בעיות,NOUN,NOUN,Gender=Fem|HebSource=ConvUncertainHead|Number=Plur,3.0,dep,"(49, 54)",בעיה,
16,",",PUNCT,PUNCT,HebSource=ConvUncertainHead,3.0,punct,"(54, 55)",",",
17,מגורים,NOUN,NOUN,Gender=Masc|HebSource=ConvUncertainHead|Number=Plur,3.0,dep,"(56, 62)",מגורים,
18,זמניים,ADJ,ADJ,Gender=Masc|Number=Plur,17.0,amod,"(63, 69)",זמני,
19,",",PUNCT,PUNCT,HebSource=ConvUncertainHead,3.0,punct,"(69, 70)",",",
20,מגורים,NOUN,NOUN,Gender=Masc|HebSource=ConvUncertainHead|Number=Plur,3.0,dep,"(71, 77)",מגורים,
21,עם,ADP,ADP,,22.0,case,"(78, 80)",עם,
22,זרים,NOUN,NOUN,Gender=Masc|Number=Plur,20.0,nmod,"(81, 85)",זר,
23,"""",PUNCT,PUNCT,,3.0,punct,"(85, 86)","""",
1,•,PUNCT,PUNCT,,8.0,punct,"(1, 2)",•,
"(2, 3)",ובקרב,,,,,,"(3, 8)",,"[{'id': 2, 'text': 'ו', 'upos': 'CCONJ', 'xpos': 'CCONJ', 'head': 8, 'deprel': 'cc', 'lemma': 'ו'}, {'id': 3, 'text': 'בקרב', 'upos': 'ADP', 'xpos': 'ADP', 'head': 5, 'deprel': 'case', 'lemma': 'בקרב'}]"
"(4, 5)",הגברים,,,,,,"(9, 15)",,"[{'id': 4, 'text': 'ה', 'upos': 'DET', 'xpos': 'DET', 'feats': 'PronType=Art', 'head': 5, 'deprel': 'det:def', 'lemma': 'ה'}, {'id': 5, 'text': 'גברים', 'upos': 'NOUN', 'xpos': 'NOUN', 'feats': 'Gender=Masc|Number=Plur', 'head': 8, 'deprel': 'obl', 'lemma': 'גבר'}]"
"(6, 7)",הרווקים,,,,,,"(16, 23)",,"[{'id': 6, 'text': 'ה', 'upos': 'DET', 'xpos': 'DET', 'feats': 'PronType=Art', 'head': 7, 'deprel': 'det:def', 'lemma': 'ה'}, {'id': 7, 'text': 'רווקים', 'upos': 'ADJ', 'xpos': 'ADJ', 'feats': 'Gender=Masc|Number=Plur', 'head': 5, 'deprel': 'amod', 'lemma': 'רווק'}]"
8,הייתה,VERB,VERB,Gender=Fem|HebExistential=True|Number=Sing|Person=3|Polarity=Pos|Tense=Past,0.0,root,"(24, 29)",היה,
9,התנגדות,NOUN,NOUN,Gender=Fem|Number=Sing,8.0,nsubj,"(30, 37)",התנגדות,
10,גורפת,ADJ,ADJ,Gender=Fem|Number=Sing,9.0,amod,"(38, 43)",גורף,
"(11, 12)",למילה,,,,,,"(44, 49)",,"[{'id': 11, 'text': 'ל', 'upos': 'ADP', 'xpos': 'ADP', 'head': 12, 'deprel': 'case', 'lemma': 'ל'}, {'id': 12, 'text': 'מילה', 'upos': 'NOUN', 'xpos': 'NOUN', 'feats': 'Gender=Fem|Number=Sing', 'head': 9, 'deprel': 'nmod', 'lemma': 'מילה'}]"
13,שיכון,NOUN,NOUN,Gender=Masc|Number=Sing,12.0,amod,"(50, 55)",שיכון,
14,או,CCONJ,CCONJ,,15.0,cc,"(56, 58)",או,
15,רב,ADJ,ADJ,Definite=Cons|Gender=Masc|Number=Sing,13.0,conj,"(59, 61)",רב,
16,קומות,NOUN,NOUN,Gender=Fem|Number=Plur,15.0,compound:smixut,"(62, 67)",קומה,
17,",",PUNCT,PUNCT,,9.0,punct,"(67, 68)",",",
"(18, 19)",ואף,,,,,,"(69, 72)",,"[{'id': 18, 'text': 'ו', 'upos': 'CCONJ', 'xpos': 'CCONJ', 'head': 20, 'deprel': 'cc', 'lemma': 'ו'}, {'id': 19, 'text': 'אף', 'upos': 'ADV', 'xpos': 'ADV', 'head': 20, 'deprel': 'det', 'lemma': 'אף'}]"
20,חוסר,NOUN,NOUN,Definite=Cons|Gender=Masc|Number=Sing,9.0,conj,"(73, 77)",חוסר,
21,מוכנות,NOUN,NOUN,Gender=Fem|Number=Sing,20.0,compound:smixut,"(78, 84)",מוכנה,
22,לבחון,VERB,VERB,HebBinyan=PAAL|VerbForm=Inf|Voice=Act,21.0,acl,"(85, 90)",בחן,
23,את,ADP,ADP,Case=Acc,25.0,case:acc,"(91, 93)",את,
"(24, 25)",האופציה,,,,,,"(94, 101)",,"[{'id': 24, 'text': 'ה', 'upos': 'DET', 'xpos': 'DET', 'feats': 'PronType=Art', 'head': 25, 'deprel': 'det:def', 'lemma': 'ה'}, {'id': 25, 'text': 'אופציה', 'upos': 'NOUN', 'xpos': 'NOUN', 'feats': 'Gender=Fem|Number=Sing', 'head': 22, 'deprel': 'obj', 'lemma': 'אופציה'}]"
1,הייתה,VERB,VERB,Gender=Fem|HebExistential=True|Number=Sing|Person=3|Polarity=Pos|Tense=Past,0.0,root,"(1, 6)",היה,
2,דעת,NOUN,NOUN,Definite=Cons|Gender=Fem|Number=Sing,1.0,nsubj,"(7, 10)",דעה,
3,מיעוט,NOUN,NOUN,Gender=Masc|Number=Sing,2.0,compound:smixut,"(11, 16)",מיעוט,
"(4, 5)",שצידדה,,,,,,"(17, 23)",,"[{'id': 4, 'text': 'ש', 'upos': 'SCONJ', 'xpos': 'SCONJ', 'head': 5, 'deprel': 'mark', 'lemma': 'ש'}, {'id': 5, 'text': 'צידדה', 'upos': 'VERB', 'xpos': 'VERB', 'feats': 'Gender=Fem|HebBinyan=PIEL|Number=Sing|Person=3|Tense=Past|Voice=Act', 'head': 2, 'deprel': 'acl:relcl', 'lemma': 'צידד'}]"
"(6, 7)",בעניין,,,,,,"(24, 30)",,"[{'id': 6, 'text': 'ב', 'upos': 'ADP', 'xpos': 'ADP', 'head': 7, 'deprel': 'case', 'lemma': 'ב'}, {'id': 7, 'text': 'עניין', 'upos': 'NOUN', 'xpos': 'NOUN', 'feats': 'Definite=Cons|Gender=Masc|Number=Sing', 'head': 5, 'deprel': 'obl', 'lemma': 'עניין'}]"
8,"""",PUNCT,PUNCT,,9.0,punct,"(31, 32)","""",
9,כורח,NOUN,NOUN,Definite=Cons|Gender=Masc|Number=Sing,7.0,compound:smixut,"(32, 36)",כורח,
"(10, 11)",המציאות,,,,,,"(37, 44)",,"[{'id': 10, 'text': 'ה', 'upos': 'DET', 'xpos': 'DET', 'feats': 'PronType=Art', 'head': 11, 'deprel': 'det:def', 'lemma': 'ה'}, {'id': 11, 'text': 'מציאות', 'upos': 'NOUN', 'xpos': 'NOUN', 'feats': 'Gender=Fem|Number=Sing', 'head': 9, 'deprel': 'compound:smixut', 'lemma': 'מציאות'}]"
12,"""",PUNCT,PUNCT,,9.0,punct,"(44, 45)","""",
"(13, 14)",שעשוי,,,,,,"(46, 51)",,"[{'id': 13, 'text': 'ש', 'upos': 'SCONJ', 'xpos': 'SCONJ', 'head': 14, 'deprel': 'mark', 'lemma': 'ש'}, {'id': 14, 'text': 'עשוי', 'upos': 'AUX', 'xpos': 'AUX', 'feats': 'Gender=Masc|Number=Sing|Person=1,2,3|VerbType=Mod', 'head': 15, 'deprel': 'aux', 'lemma': 'עשוי'}]"
15,לגרום,VERB,VERB,HebBinyan=PAAL|VerbForm=Inf|Voice=Act,9.0,acl:relcl,"(52, 57)",גרם,
"(16, 17)",להם,,,,,,"(58, 61)",,"[{'id': 16, 'text': 'ל_', 'upos': 'ADP', 'xpos': 'ADP', 'head': 17, 'deprel': 'case', 'lemma': 'ל'}, {'id': 17, 'text': '_הם', 'upos': 'PRON', 'xpos': 'PRON', 'feats': 'Gender=Masc|Number=Plur|Person=3|PronType=Prs', 'head': 14, 'deprel': 'obl', 'lemma': 'הוא'}]"
18,אולי,ADV,ADV,,19.0,advmod,"(62, 66)",אולי,
19,לשנות,VERB,VERB,HebBinyan=PIEL|HebSource=ConvUncertainHead|VerbForm=Inf|Voice=Act,15.0,dep,"(67, 72)",לשנות,
20,את,ADP,ADP,Case=Acc,21.0,case:acc,"(73, 75)",את,
"(21, 23)",דעתם,,,,,,"(76, 80)",,"[{'id': 21, 'text': 'דעה_', 'upos': 'NOUN', 'xpos': 'NOUN', 'feats': 'Definite=Def|Gender=Fem|Number=Sing', 'head': 19, 'deprel': 'obj', 'lemma': 'דעה'}, {'id': 22, 'text': '_של_', 'upos': 'ADP', 'xpos': 'ADP', 'head': 23, 'deprel': 'case:gen', 'lemma': 'של'}, {'id': 23, 'text': '_הם', 'upos': 'PRON', 'xpos': 'PRON', 'feats': 'Case=Gen|Gender=Masc|Number=Plur|Person=3|PronType=Prs', 'head': 21, 'deprel': 'nmod:poss', 'lemma': 'הוא'}]"
24,",",PUNCT,PUNCT,,1.0,punct,"(80, 81)",",",
25,אמנם,ADV,ADV,,28.0,advmod,"(82, 86)",אמנם,
26,דעה,NOUN,NOUN,Gender=Fem|Number=Sing,28.0,nsubj,"(87, 90)",דעה,
27,זו,PRON,PRON,Gender=Fem|Number=Sing|Person=3|PronType=Dem,26.0,det,"(91, 93)",זו,
28,נשארה,VERB,VERB,Gender=Fem|HebBinyan=NIFAL|Number=Sing|Person=3|Tense=Past|Voice=Mid,1.0,conj,"(94, 99)",נשאר,
"(29, 30)",כדעת,,,,,,"(100, 104)",,"[{'id': 29, 'text': 'כ', 'upos': 'ADP', 'xpos': 'ADP', 'head': 30, 'deprel': 'case', 'lemma': 'כ'}, {'id': 30, 'text': 'דעת', 'upos': 'NOUN', 'xpos': 'NOUN', 'feats': 'Definite=Cons|Gender=Fem|Number=Sing', 'head': 28, 'deprel': 'obl', 'lemma': 'דעה'}]"
31,מיעוט,NOUN,NOUN,Gender=Masc|Number=Sing,30.0,compound:smixut,"(105, 110)",מיעוט,
"(32, 33)",ולא,,,,,,"(111, 114)",,"[{'id': 32, 'text': 'ו', 'upos': 'CCONJ', 'xpos': 'CCONJ', 'head': 34, 'deprel': 'cc', 'lemma': 'ו'}, {'id': 33, 'text': 'לא', 'upos': 'ADV', 'xpos': 'ADV', 'feats': 'Polarity=Neg', 'head': 34, 'deprel': 'advmod', 'lemma': 'לא'}]"
34,התפתחה,VERB,VERB,Gender=Fem|HebBinyan=HITPAEL|Number=Sing|Person=3|Tense=Past,28.0,conj,"(115, 121)",התפתח,
"(35, 36)",בדינאמיקה,,,,,,"(122, 131)",,"[{'id': 35, 'text': 'ב', 'upos': 'ADP', 'xpos': 'ADP', 'head': 36, 'deprel': 'case', 'lemma': 'ב'}, {'id': 36, 'text': 'דינאמיקה', 'upos': 'NOUN', 'xpos': 'NOUN', 'feats': 'Gender=Fem|Number=Sing', 'head': 34, 'deprel': 'obl', 'lemma': 'דינאמיקה'}]"
"(37, 38)",הקבוצתית,,,,,,"(132, 140)",,"[{'id': 37, 'text': 'ה', 'upos': 'DET', 'xpos': 'DET', 'feats': 'PronType=Art', 'head': 38, 'deprel': 'det:def', 'lemma': 'ה'}, {'id': 38, 'text': 'קבוצתית', 'upos': 'ADJ', 'xpos': 'ADJ', 'feats': 'Gender=Fem|Number=Sing', 'head': 36, 'deprel': 'amod', 'lemma': 'קבוצתי'}]"
1,•,PUNCT,PUNCT,,9.0,punct,"(1, 2)",•,
"(2, 3)",לרוחב,,,,,,"(3, 8)",,"[{'id': 2, 'text': 'ל', 'upos': 'ADP', 'xpos': 'ADP', 'head': 3, 'deprel': 'case', 'lemma': 'ל'}, {'id': 3, 'text': 'רוחב', 'upos': 'NOUN', 'xpos': 'NOUN', 'feats': 'Definite=Cons|Gender=Masc|Number=Sing', 'head': 9, 'deprel': 'obl', 'lemma': 'רוחב'}]"
4,כל,DET,DET,Definite=Cons,6.0,det,"(9, 11)",כול,
"(5, 6)",הקבוצות,,,,,,"(12, 19)",,"[{'id': 5, 'text': 'ה', 'upos': 'DET', 'xpos': 'DET', 'feats': 'PronType=Art', 'head': 6, 'deprel': 'det:def', 'lemma': 'ה'}, {'id': 6, 'text': 'קבוצות', 'upos': 'NOUN', 'xpos': 'NOUN', 'feats': 'Gender=Fem|Number=Plur', 'head': 3, 'deprel': 'compound:smixut', 'lemma': 'קבוצה'}]"
7,",",PUNCT,PUNCT,,9.0,punct,"(19, 20)",",",
8,לא,ADV,ADV,Polarity=Neg,9.0,advmod,"(21, 23)",לא,
9,עלו,VERB,VERB,"Gender=Fem,Masc|HebBinyan=PAAL|Number=Plur|Person=3|Tense=Past|Voice=Act",0.0,root,"(24, 27)",עלה,
10,סביב,ADP,ADP,,12.0,case,"(28, 32)",סביב,
"(11, 12)",המילה,,,,,,"(33, 38)",,"[{'id': 11, 'text': 'ה', 'upos': 'DET', 'xpos': 'DET', 'feats': 'PronType=Art', 'head': 12, 'deprel': 'det:def', 'lemma': 'ה'}, {'id': 12, 'text': 'מילה', 'upos': 'NOUN', 'xpos': 'NOUN', 'feats': 'Gender=Fem|Number=Sing', 'head': 9, 'deprel': 'obl', 'lemma': 'מילה'}]"
13,שיכון,NOUN,NOUN,Gender=Masc|Number=Sing,12.0,compound:smixut,"(39, 44)",שיכון,
14,אסוציאציות,NOUN,NOUN,Gender=Fem|Number=Plur,9.0,nsubj,"(45, 55)",אסוציאציה,
15,של,ADP,ADP,Case=Gen,16.0,case:gen,"(56, 58)",של,
16,אזור,NOUN,NOUN,Gender=Masc|Number=Sing,14.0,nmod:poss,"(59, 63)",אזור,
17,עוני,ADJ,ADJ,Gender=Masc|Number=Sing,16.0,amod,"(64, 68)",עוני,
18,או,CCONJ,CCONJ,,19.0,cc,"(69, 71)",או,
19,סמל,NOUN,NOUN,Gender=Masc|Number=Sing,16.0,conj,"(72, 75)",סמל,
"(20, 21)",המעיד,,,,,,"(76, 81)",,"[{'id': 20, 'text': 'ה', 'upos': 'SCONJ', 'xpos': 'SCONJ', 'head': 21, 'deprel': 'mark', 'lemma': 'ה'}, {'id': 21, 'text': 'מעיד', 'upos': 'VERB', 'xpos': 'VERB', 'feats': 'Gender=Masc|HebBinyan=HIFIL|Number=Sing|Person=1,2,3|VerbForm=Part|Voice=Act', 'head': 19, 'deprel': 'acl:relcl', 'lemma': 'העיד'}]"
22,על,ADP,ADP,,23.0,case,"(82, 84)",על,
23,מעמד,NOUN,NOUN,Gender=Masc|Number=Sing,21.0,obl,"(85, 89)",מעמד,
24,סוציו אקונומי,ADJ,ADJ,,23.0,amod,"(90, 103)",סוציו אקונומי,
25,נמוך,ADJ,ADJ,Gender=Masc|Number=Sing,23.0,amod,"(104, 108)",נמוך,
1,(,PUNCT,PUNCT,,2.0,punct,"(1, 2)",(,
2,כנראה,ADV,ADV,,18.0,advmod,"(2, 7)",כנראה,
"(3, 4)",שהסוגיה,,,,,,"(8, 15)",,"[{'id': 3, 'text': 'ש', 'upos': 'SCONJ', 'xpos': 'SCONJ', 'head': 6, 'deprel': 'mark', 'lemma': 'ש'}, {'id': 4, 'text': 'הסוגיה', 'upos': 'NOUN', 'xpos': 'NOUN', 'feats': 'Gender=Fem|Number=Sing', 'head': 6, 'deprel': 'nsubj:cop', 'lemma': 'הסוגיה'}]"
5,היא,AUX,AUX,Gender=Fem|Number=Sing|Person=3|Polarity=Pos|VerbForm=Part|VerbType=Cop,6.0,cop,"(16, 19)",הוא,
6,חברתית,ADJ,ADJ,Gender=Fem|Number=Sing,2.0,ccomp,"(20, 26)",חברתי,
7,תרבותית,ADJ,ADJ,Gender=Fem|Number=Sing,6.0,dep,"(27, 34)",תרבותי,
"(8, 9)",הקשורה,,,,,,"(35, 41)",,"[{'id': 8, 'text': 'ה', 'upos': 'SCONJ', 'xpos': 'SCONJ', 'head': 9, 'deprel': 'mark', 'lemma': 'ה'}, {'id': 9, 'text': 'קשורה', 'upos': 'VERB', 'xpos': 'VERB', 'feats': 'Gender=Fem|HebBinyan=PAAL|Number=Sing|Person=1,2,3|VerbForm=Part|Voice=Act', 'head': 6, 'deprel': 'acl:relcl', 'lemma': 'קשר'}]"
"(10, 11)",בקונפורמיות,,,,,,"(42, 53)",,"[{'id': 10, 'text': 'ב', 'upos': 'ADP', 'xpos': 'ADP', 'head': 11, 'deprel': 'case', 'lemma': 'ב'}, {'id': 11, 'text': 'קונפורמיות', 'upos': 'NOUN', 'xpos': 'NOUN', 'feats': 'Gender=Fem|Number=Plur', 'head': 9, 'deprel': 'obl', 'lemma': 'קונפורמיה'}]"
12,),PUNCT,PUNCT,,2.0,punct,"(53, 54)",),
13,•,PUNCT,PUNCT,,18.0,punct,"(55, 56)",•,
"(14, 15)",בקבוצות,,,,,,"(57, 64)",,"[{'id': 14, 'text': 'ב', 'upos': 'ADP', 'xpos': 'ADP', 'head': 15, 'deprel': 'case', 'lemma': 'ב'}, {'id': 15, 'text': 'קבוצות', 'upos': 'NOUN', 'xpos': 'NOUN', 'feats': 'Definite=Cons|Gender=Fem|Number=Plur', 'head': 18, 'deprel': 'obl', 'lemma': 'קבוצה'}]"
"(16, 17)",הגברים,,,,,,"(65, 71)",,"[{'id': 16, 'text': 'ה', 'upos': 'DET', 'xpos': 'DET', 'feats': 'PronType=Art', 'head': 17, 'deprel': 'det:def', 'lemma': 'ה'}, {'id': 17, 'text': 'גברים', 'upos': 'NOUN', 'xpos': 'NOUN', 'feats': 'Gender=Masc|Number=Plur', 'head': 15, 'deprel': 'compound:smixut', 'lemma': 'גבר'}]"
18,בלט,VERB,VERB,Gender=Masc|HebBinyan=PAAL|Number=Sing|Person=3|Tense=Past|Voice=Act,0.0,root,"(72, 75)",בלט,
"(19, 20)",החשש,,,,,,"(76, 80)",,"[{'id': 19, 'text': 'ה', 'upos': 'DET', 'xpos': 'DET', 'feats': 'PronType=Art', 'head': 20, 'deprel': 'det:def', 'lemma': 'ה'}, {'id': 20, 'text': 'חשש', 'upos': 'NOUN', 'xpos': 'NOUN', 'feats': 'Gender=Masc|Number=Sing', 'head': 18, 'deprel': 'nsubj', 'lemma': 'חשש'}]"
"(21, 22)",הרב,,,,,,"(81, 84)",,"[{'id': 21, 'text': 'ה', 'upos': 'DET', 'xpos': 'DET', 'feats': 'PronType=Art', 'head': 22, 'deprel': 'det:def', 'lemma': 'ה'}, {'id': 22, 'text': 'רב', 'upos': 'ADJ', 'xpos': 'ADJ', 'feats': 'Gender=Masc|Number=Sing', 'head': 20, 'deprel': 'amod', 'lemma': 'רב'}]"
23,של,ADP,ADP,Case=Gen,24.0,case:gen,"(85, 87)",של,
24,מגורים,NOUN,NOUN,Gender=Masc|Number=Plur,20.0,nmod,"(88, 94)",מגורים,
25,משותפים,ADJ,ADJ,Gender=Masc|Number=Plur,24.0,amod,"(95, 102)",משותף,
26,עם,ADP,ADP,,27.0,case,"(103, 105)",עם,
27,תושבים,NOUN,NOUN,Gender=Masc|Number=Plur,24.0,nmod,"(106, 112)",תושב,
"(28, 29)",מחוץ,,,,,,"(113, 117)",,"[{'id': 28, 'text': 'מ', 'upos': 'ADP', 'xpos': 'ADP', 'head': 32, 'deprel': 'case', 'lemma': 'מ'}, {'id': 29, 'text': 'חוץ', 'upos': 'NOUN', 'xpos': 'NOUN', 'feats': 'Gender=Masc|Number=Sing', 'head': 28, 'deprel': 'fixed', 'lemma': 'חוץ'}]"
"(30, 32)",לסחינין,,,,,,"(118, 125)",,"[{'id': 30, 'text': 'ל', 'upos': 'ADP', 'xpos': 'ADP', 'head': 28, 'deprel': 'fixed', 'lemma': 'ל'}, {'id': 31, 'text': 'ה_', 'upos': 'DET', 'xpos': 'DET', 'feats': 'PronType=Art', 'head': 32, 'deprel': 'det:def', 'lemma': 'ה'}, {'id': 32, 'text': 'סחינין', 'upos': 'NOUN', 'xpos': 'NOUN', 'feats': 'Gender=Masc|Number=Sing', 'head': 24, 'deprel': 'nmod', 'lemma': 'סחינין'}]"
"(33, 34)",והעלו,,,,,,"(126, 131)",,"[{'id': 33, 'text': 'ו', 'upos': 'CCONJ', 'xpos': 'CCONJ', 'head': 34, 'deprel': 'cc', 'lemma': 'ו'}, {'id': 34, 'text': 'העלו', 'upos': 'VERB', 'xpos': 'VERB', 'feats': 'Gender=Fem,Masc|HebBinyan=HIFIL|Number=Plur|Person=3|Tense=Past|Voice=Act', 'head': 18, 'deprel': 'conj', 'lemma': 'העלה'}]"
35,דוגמאות,NOUN,NOUN,Gender=Fem|Number=Plur,34.0,obj,"(132, 139)",דוגמה,
36,של,ADP,ADP,Case=Gen,37.0,case:gen,"(140, 142)",של,
37,זרים,NOUN,NOUN,Gender=Masc|Number=Plur,35.0,nmod:poss,"(143, 147)",זר,
"(38, 39)",מעכו,,,,,,"(148, 152)",,"[{'id': 38, 'text': 'מעכו', 'upos': 'ADP', 'xpos': 'ADP', 'head': 39, 'deprel': 'case', 'lemma': 'מעכו'}, {'id': 39, 'text': '_הוא', 'upos': 'PRON', 'xpos': 'PRON', 'feats': 'Case=Gen|Gender=Masc|Number=Sing|Person=3|PronType=Prs', 'head': 37, 'deprel': 'nmod', 'lemma': 'הוא'}]"
40,או,CCONJ,CCONJ,,42.0,cc,"(153, 155)",או,
"(41, 42)",מיישובים,,,,,,"(156, 164)",,"[{'id': 41, 'text': 'מ', 'upos': 'ADP', 'xpos': 'ADP', 'head': 42, 'deprel': 'case', 'lemma': 'מ'}, {'id': 42, 'text': 'יישובים', 'upos': 'NOUN', 'xpos': 'NOUN', 'feats': 'Gender=Masc|Number=Plur', 'head': 37, 'deprel': 'conj', 'lemma': 'יישוב'}]"
43,סמוכים,ADJ,ADJ,Gender=Masc|Number=Plur,42.0,amod,"(165, 171)",סמוך,
44,דבר,NOUN,NOUN,Gender=Masc|Number=Sing,34.0,nsubj,"(172, 175)",דבר,
"(45, 46)",שלא,,,,,,"(176, 179)",,"[{'id': 45, 'text': 'ש', 'upos': 'SCONJ', 'xpos': 'SCONJ', 'head': 49, 'deprel': 'mark', 'lemma': 'ש'}, {'id': 46, 'text': 'לא', 'upos': 'ADV', 'xpos': 'ADV', 'feats': 'Polarity=Neg', 'head': 49, 'deprel': 'advmod', 'lemma': 'לא'}]"
47,כל,DET,DET,Definite=Cons,49.0,advmod,"(180, 182)",כול,
48,כך,ADV,ADV,,47.0,fixed,"(183, 185)",כך,
49,מקובל,ADJ,ADJ,Gender=Masc|Number=Sing,44.0,acl:relcl,"(186, 191)",מקובל,
50,על,ADP,ADP,,52.0,case,"(192, 194)",על,
"(51, 52)",המשתתפים,,,,,,"(195, 203)",,"[{'id': 51, 'text': 'ה', 'upos': 'DET', 'xpos': 'DET', 'feats': 'PronType=Art', 'head': 52, 'deprel': 'det:def', 'lemma': 'ה'}, {'id': 52, 'text': 'משתתפים', 'upos': 'NOUN', 'xpos': 'NOUN', 'feats': 'Gender=Masc|Number=Plur', 'head': 49, 'deprel': 'advmod', 'lemma': 'משתתף'}]"
1,•,PUNCT,PUNCT,,7.0,punct,"(1, 2)",•,
2,בעיקר,ADV,ADV,,3.0,advmod,"(3, 8)",בעיקר,
"(3, 4)",בקבוצת,,,,,,"(9, 15)",,"[{'id': 3, 'text': 'ב', 'upos': 'ADP', 'xpos': 'ADP', 'head': 4, 'deprel': 'case', 'lemma': 'ב'}, {'id': 4, 'text': 'קבוצת', 'upos': 'NOUN', 'xpos': 'NOUN', 'feats': 'Definite=Cons|Gender=Fem|Number=Sing', 'head': 7, 'deprel': 'obl', 'lemma': 'קבוצה'}]"
"(5, 6)",הרווקים,,,,,,"(16, 23)",,"[{'id': 5, 'text': 'ה', 'upos': 'DET', 'xpos': 'DET', 'feats': 'PronType=Art', 'head': 6, 'deprel': 'det:def', 'lemma': 'ה'}, {'id': 6, 'text': 'רווקים', 'upos': 'NOUN', 'xpos': 'NOUN', 'feats': 'Gender=Masc|Number=Plur', 'head': 4, 'deprel': 'compound:smixut', 'lemma': 'רווק'}]"
7,עלו,VERB,VERB,"Gender=Fem,Masc|HebBinyan=PAAL|Number=Plur|Person=3|Tense=Past|Voice=Act",0.0,root,"(24, 27)",עלה,
8,אסוציאציות,NOUN,NOUN,Gender=Fem|Number=Plur,7.0,nsubj,"(28, 38)",אסוציאציה,
9,של,ADP,ADP,Case=Gen,11.0,case:gen,"(39, 41)",של,
10,"""",PUNCT,PUNCT,,11.0,punct,"(42, 43)","""",
11,סמים,NOUN,NOUN,Gender=Masc|Number=Plur,8.0,nmod:poss,"(43, 47)",סם,
12,"""",PUNCT,PUNCT,,11.0,punct,"(47, 48)","""",
13,",",PUNCT,PUNCT,,11.0,punct,"(48, 49)",",",
14,"""",PUNCT,PUNCT,,15.0,punct,"(50, 51)","""",
15,זרים,NOUN,NOUN,Gender=Masc|Number=Plur,11.0,conj,"(51, 55)",זר,
16,"""",PUNCT,PUNCT,,15.0,punct,"(55, 56)","""",
17,",",PUNCT,PUNCT,,11.0,punct,"(56, 57)",",",
18,"""",PUNCT,PUNCT,,19.0,punct,"(58, 59)","""",
19,גרושות,NOUN,NOUN,Gender=Fem|Number=Plur,11.0,conj,"(59, 65)",גרוש,
"(20, 21)",מעכו,,,,,,"(66, 70)",,"[{'id': 20, 'text': 'מעכו', 'upos': 'NOUN', 'xpos': 'NOUN', 'head': 19, 'deprel': 'nmod', 'lemma': 'מעכו'}, {'id': 21, 'text': '_הוא', 'upos': 'PRON', 'xpos': 'PRON', 'feats': 'Case=Gen|Gender=Masc|Number=Sing|Person=3|PronType=Prs', 'head': 19, 'deprel': 'nmod:poss', 'lemma': 'הוא'}]"
22,"""",PUNCT,PUNCT,,19.0,punct,"(70, 71)","""",
"(23, 24)",ועוד,,,,,,"(72, 76)",,"[{'id': 23, 'text': 'ו', 'upos': 'CCONJ', 'xpos': 'CCONJ', 'head': 24, 'deprel': 'cc', 'lemma': 'ו'}, {'id': 24, 'text': 'עוד', 'upos': 'ADV', 'xpos': 'ADV', 'head': 11, 'deprel': 'conj', 'lemma': 'עוד'}]"
"(1, 2)",וגם,,,,,,"(1, 4)",,"[{'id': 1, 'text': 'ו', 'upos': 'CCONJ', 'xpos': 'CCONJ', 'head': 3, 'deprel': 'cc', 'lemma': 'ו'}, {'id': 2, 'text': 'גם', 'upos': 'ADV', 'xpos': 'ADV', 'head': 3, 'deprel': 'det', 'lemma': 'גם'}]"
3,התנגדות,NOUN,NOUN,Gender=Fem|Number=Sing,0.0,root,"(5, 12)",התנגדות,
"(4, 6)",לגור,,,,,,"(13, 17)",,"[{'id': 4, 'text': 'ל', 'upos': 'ADP', 'xpos': 'ADP', 'head': 6, 'deprel': 'case', 'lemma': 'ל'}, {'id': 5, 'text': 'ה_', 'upos': 'DET', 'xpos': 'DET', 'feats': 'PronType=Art', 'head': 6, 'deprel': 'det:def', 'lemma': 'ה'}, {'id': 6, 'text': 'גור', 'upos': 'NOUN', 'xpos': 'NOUN', 'feats': 'Gender=Masc|Number=Sing', 'head': 3, 'deprel': 'nmod', 'lemma': 'גור'}]"
"(7, 9)",בשיכון,,,,,,"(18, 24)",,"[{'id': 7, 'text': 'ב', 'upos': 'ADP', 'xpos': 'ADP', 'head': 9, 'deprel': 'case', 'lemma': 'ב'}, {'id': 8, 'text': 'ה_', 'upos': 'DET', 'xpos': 'DET', 'feats': 'PronType=Art', 'head': 9, 'deprel': 'det:def', 'lemma': 'ה'}, {'id': 9, 'text': 'שיכון', 'upos': 'NOUN', 'xpos': 'NOUN', 'feats': 'Gender=Masc|Number=Sing', 'head': 6, 'deprel': 'nmod', 'lemma': 'שיכון'}]"
10,רב,ADJ,ADJ,Definite=Cons|Gender=Masc|Number=Sing,9.0,amod,"(25, 27)",רב,
11,קומות,NOUN,NOUN,Gender=Fem|Number=Plur,10.0,compound:smixut,"(28, 33)",קומה,
"(12, 13)",מאותה,,,,,,"(34, 39)",,"[{'id': 12, 'text': 'מ', 'upos': 'ADP', 'xpos': 'ADP', 'head': 14, 'deprel': 'case', 'lemma': 'מ'}, {'id': 13, 'text': 'אותה', 'upos': 'PRON', 'xpos': 'PRON', 'feats': 'Definite=Def|Gender=Fem|Number=Sing|Person=3|PronType=Prs', 'head': 14, 'deprel': 'det', 'lemma': 'אותו'}]"
14,סיבה,NOUN,NOUN,Gender=Fem|Number=Sing,3.0,nmod,"(40, 44)",סיבה,
15,של,ADP,ADP,Case=Gen,16.0,case:gen,"(45, 47)",של,
16,חוסר,NOUN,NOUN,Definite=Cons|Gender=Masc|Number=Sing,14.0,nmod:poss,"(48, 52)",חוסר,
17,שליטה,NOUN,NOUN,Gender=Fem|Number=Sing,16.0,compound:smixut,"(53, 58)",שליטה,
18,או,CCONJ,CCONJ,,19.0,cc,"(59, 61)",או,
19,חוסר,NOUN,NOUN,Definite=Cons|Gender=Masc|Number=Sing,16.0,conj,"(62, 66)",חוסר,
20,יכולת,NOUN,NOUN,Definite=Cons|Gender=Fem|Number=Sing,19.0,compound:smixut,"(67, 72)",יכולת,
21,הסלקציה,NOUN,NOUN,Gender=Fem|Number=Sing,20.0,compound:smixut,"(73, 80)",הסלקציה,
22,של,ADP,ADP,Case=Gen,24.0,case:gen,"(81, 83)",של,
"(23, 24)",השכנים,,,,,,"(84, 90)",,"[{'id': 23, 'text': 'ה', 'upos': 'DET', 'xpos': 'DET', 'feats': 'PronType=Art', 'head': 24, 'deprel': 'det:def', 'lemma': 'ה'}, {'id': 24, 'text': 'שכנים', 'upos': 'NOUN', 'xpos': 'NOUN', 'feats': 'Gender=Masc|Number=Plur', 'head': 20, 'deprel': 'nmod:poss', 'lemma': 'שכן'}]"
1,רוב,DET,DET,Definite=Cons,3.0,det,"(1, 4)",רוב,
"(2, 3)",המשתתפים,,,,,,"(5, 13)",,"[{'id': 2, 'text': 'ה', 'upos': 'DET', 'xpos': 'DET', 'feats': 'PronType=Art', 'head': 3, 'deprel': 'det:def', 'lemma': 'ה'}, {'id': 3, 'text': 'משתתפים', 'upos': 'NOUN', 'xpos': 'NOUN', 'feats': 'Gender=Masc|Number=Plur', 'head': 4, 'deprel': 'nsubj', 'lemma': 'משתתף'}]"
4,ציינו,VERB,VERB,"Gender=Fem,Masc|HebBinyan=PIEL|Number=Plur|Person=3|Tense=Past|Voice=Act",0.0,root,"(14, 19)",ציין,
5,כי,SCONJ,SCONJ,,7.0,mark,"(20, 22)",כי,
6,זה,PRON,PRON,Gender=Masc|Number=Sing|Person=3,7.0,nsubj,"(23, 25)",זה,
7,גורם,VERB,VERB,"Gender=Masc|HebBinyan=PAAL|Number=Sing|Person=1,2,3|VerbForm=Part|Voice=Act",4.0,ccomp,"(26, 30)",גרם,
"(8, 9)",להרבה,,,,,,"(31, 36)",,"[{'id': 8, 'text': 'ל', 'upos': 'ADP', 'xpos': 'ADP', 'head': 10, 'deprel': 'case', 'lemma': 'ל'}, {'id': 9, 'text': 'הרבה', 'upos': 'DET', 'xpos': 'DET', 'feats': 'Definite=Cons', 'head': 10, 'deprel': 'det', 'lemma': 'הרבה'}]"
10,בעיות,NOUN,NOUN,Gender=Fem|Number=Plur,7.0,obl,"(37, 42)",בעיה,
"(11, 12)",וריבים,,,,,,"(43, 49)",,"[{'id': 11, 'text': 'ו', 'upos': 'CCONJ', 'xpos': 'CCONJ', 'head': 12, 'deprel': 'cc', 'lemma': 'ו'}, {'id': 12, 'text': 'ריבים', 'upos': 'NOUN', 'xpos': 'NOUN', 'feats': 'Gender=Masc|Number=Plur', 'head': 10, 'deprel': 'conj', 'lemma': 'ריב'}]"
1,•,PUNCT,PUNCT,,18.0,punct,"(1, 2)",•,
2,גם,ADV,ADV,,4.0,advmod,"(3, 5)",גם,
"(3, 4)",שניסינו,,,,,,"(6, 13)",,"[{'id': 3, 'text': 'ש', 'upos': 'SCONJ', 'xpos': 'SCONJ', 'head': 2, 'deprel': 'fixed', 'lemma': 'ש'}, {'id': 4, 'text': 'ניסינו', 'upos': 'VERB', 'xpos': 'VERB', 'feats': 'Gender=Fem,Masc|HebBinyan=PIEL|Number=Plur|Person=1|Tense=Past|Voice=Act', 'head': 18, 'deprel': 'advcl', 'lemma': 'ניסה'}]"
5,לעמת,VERB,VERB,HebBinyan=PIEL|VerbForm=Inf|Voice=Act,4.0,xcomp,"(14, 18)",עימת,
"(6, 7)",אותם,,,,,,"(19, 23)",,"[{'id': 6, 'text': 'את_', 'upos': 'ADP', 'xpos': 'ADP', 'feats': 'Case=Acc', 'head': 7, 'deprel': 'case:acc', 'lemma': 'את'}, {'id': 7, 'text': '_הם', 'upos': 'PRON', 'xpos': 'PRON', 'feats': 'Gender=Masc|Number=Plur|Person=3|PronType=Prs', 'head': 5, 'deprel': 'obj', 'lemma': 'הוא'}]"
8,עם,ADP,ADP,,9.0,case,"(24, 26)",עם,
9,בנין,NOUN,NOUN,Gender=Masc|Number=Sing,5.0,obl,"(27, 31)",בניין,
10,רב,ADJ,ADJ,Definite=Cons|Gender=Masc|Number=Sing,9.0,amod,"(32, 34)",רב,
11,קומות,NOUN,NOUN,Gender=Fem|Number=Plur,10.0,compound:smixut,"(35, 40)",קומה,
"(12, 13)",בו,,,,,,"(41, 43)",,"[{'id': 12, 'text': 'ב_', 'upos': 'ADP', 'xpos': 'ADP', 'head': 13, 'deprel': 'case', 'lemma': 'ב'}, {'id': 13, 'text': '_הוא', 'upos': 'PRON', 'xpos': 'PRON', 'feats': 'Gender=Masc|Number=Sing|Person=3|PronType=Prs', 'head': 14, 'deprel': 'obl', 'lemma': 'הוא'}]"
14,גרים,VERB,VERB,"Gender=Masc|HebBinyan=PAAL|Number=Plur|Person=1,2,3|VerbForm=Part|Voice=Act",9.0,acl,"(44, 48)",גר,
15,4,NUM,NUM,,16.0,nummod,"(49, 50)",4,
16,אחים,NOUN,NOUN,Number=Plur,14.0,nsubj,"(51, 55)",אח,
17,",",PUNCT,PUNCT,,18.0,punct,"(56, 57)",",",
18,ענו,VERB,VERB,"Gender=Fem,Masc|HebBinyan=PAAL|Number=Plur|Person=3|Tense=Past|Voice=Act",0.0,root,"(58, 61)",ענה,
19,כי,SCONJ,SCONJ,,21.0,mark,"(62, 64)",כי,
20,זה,PRON,PRON,Gender=Masc|Number=Sing|Person=3,21.0,nsubj,"(65, 67)",זה,
21,שונה,ADJ,ADJ,Gender=Masc|Number=Sing,18.0,ccomp,"(68, 72)",שונה,
"(22, 23)",וכי,,,,,,"(73, 76)",,"[{'id': 22, 'text': 'ו', 'upos': 'CCONJ', 'xpos': 'CCONJ', 'head': 24, 'deprel': 'cc', 'lemma': 'ו'}, {'id': 23, 'text': 'כי', 'upos': 'SCONJ', 'xpos': 'SCONJ', 'head': 24, 'deprel': 'mark', 'lemma': 'כי'}]"
24,ניתן,AUX,AUX,"Gender=Masc|Number=Sing|Person=1,2,3|VerbType=Mod",25.0,aux,"(77, 81)",ניתן,
25,להסתדר,VERB,VERB,HebBinyan=HITPAEL|VerbForm=Inf,21.0,conj,"(82, 88)",הסתדר,
26,יותר,ADV,ADV,,25.0,advmod,"(89, 93)",יותר,
27,עם,ADP,ADP,,29.0,case,"(94, 96)",עם,
"(28, 29)",האחים,,,,,,"(97, 102)",,"[{'id': 28, 'text': 'ה', 'upos': 'DET', 'xpos': 'DET', 'feats': 'PronType=Art', 'head': 29, 'deprel': 'det:def', 'lemma': 'ה'}, {'id': 29, 'text': 'אחים', 'upos': 'NOUN', 'xpos': 'NOUN', 'feats': 'Number=Plur', 'head': 25, 'deprel': 'obl', 'lemma': 'אח'}]"
"(30, 31)",וזה,,,,,,"(103, 106)",,"[{'id': 30, 'text': 'ו', 'upos': 'CCONJ', 'xpos': 'CCONJ', 'head': 33, 'deprel': 'cc', 'lemma': 'ו'}, {'id': 31, 'text': 'זה', 'upos': 'PRON', 'xpos': 'PRON', 'feats': 'Gender=Masc|Number=Sing|Person=3', 'head': 33, 'deprel': 'nsubj', 'lemma': 'זה'}]"
32,לא,ADV,ADV,Polarity=Neg,33.0,advmod,"(107, 109)",לא,
33,יעלה,VERB,VERB,Gender=Masc|Number=Sing|Person=3|Tense=Fut,21.0,conj,"(110, 114)",עלה,
"(34, 35)",לפסים,,,,,,"(115, 120)",,"[{'id': 34, 'text': 'ל', 'upos': 'ADP', 'xpos': 'ADP', 'head': 35, 'deprel': 'case', 'lemma': 'ל'}, {'id': 35, 'text': 'פסים', 'upos': 'NOUN', 'xpos': 'NOUN', 'feats': 'Gender=Masc|Number=Plur', 'head': 33, 'deprel': 'obl', 'lemma': 'פס'}]"
36,גבוהים,ADJ,ADJ,Gender=Masc|Number=Plur,35.0,amod,"(121, 127)",גבוה,
"(37, 38)",ואפשר,,,,,,"(128, 133)",,"[{'id': 37, 'text': 'ו', 'upos': 'CCONJ', 'xpos': 'CCONJ', 'head': 38, 'deprel': 'cc', 'lemma': 'ו'}, {'id': 38, 'text': 'אפשר', 'upos': 'AUX', 'xpos': 'AUX', 'feats': 'VerbType=Mod', 'head': 39, 'deprel': 'aux', 'lemma': 'אפשר'}]"
39,להשתלט,VERB,VERB,HebBinyan=HITPAEL|VerbForm=Inf,21.0,conj,"(134, 140)",השתלט,
40,על,ADP,ADP,,42.0,case,"(141, 143)",על,
41,כל,DET,DET,Definite=Cons,42.0,det,"(144, 146)",כול,
42,ריב,NOUN,NOUN,Gender=Masc|Number=Sing,39.0,obl,"(147, 150)",ריב,
43,או,CCONJ,CCONJ,,44.0,cc,"(151, 153)",או,
44,בעיה,NOUN,NOUN,Gender=Fem|Number=Sing,42.0,conj,"(154, 158)",בעיה,
"(45, 46)",שצצה,,,,,,"(159, 163)",,"[{'id': 45, 'text': 'ש', 'upos': 'SCONJ', 'xpos': 'SCONJ', 'head': 46, 'deprel': 'mark', 'lemma': 'ש'}, {'id': 46, 'text': 'צצה', 'upos': 'VERB', 'xpos': 'VERB', 'feats': 'Gender=Fem|Number=Sing|Person=3|Tense=Past', 'head': 44, 'deprel': 'acl:relcl', 'lemma': 'צצה'}]"
"(1, 2)",הדבר,,,,,,"(1, 5)",,"[{'id': 1, 'text': 'ה', 'upos': 'DET', 'xpos': 'DET', 'feats': 'PronType=Art', 'head': 2, 'deprel': 'det:def', 'lemma': 'ה'}, {'id': 2, 'text': 'דבר', 'upos': 'NOUN', 'xpos': 'NOUN', 'feats': 'Gender=Masc|Number=Sing', 'head': 4, 'deprel': 'nsubj', 'lemma': 'דבר'}]"
3,גם,ADV,ADV,,4.0,advmod,"(6, 8)",גם,
4,נכון,ADJ,ADJ,Gender=Masc|Number=Sing,0.0,root,"(9, 13)",נכון,
5,לגבי,ADP,ADP,,6.0,case,"(14, 18)",לגבי,
6,מגורים,NOUN,NOUN,Gender=Masc|Number=Plur,4.0,obl,"(19, 25)",מגורים,
7,עם,ADP,ADP,,8.0,case,"(26, 28)",עם,
8,בני,NOUN,NOUN,Definite=Cons|Gender=Masc|Number=Plur,6.0,nmod,"(29, 32)",בן,
9,אותה,PRON,PRON,Definite=Def|Gender=Fem|Number=Sing|Person=3|PronType=Prs,11.0,det,"(33, 37)",אותו,
"(10, 11)",המשפחה,,,,,,"(38, 44)",,"[{'id': 10, 'text': 'ה', 'upos': 'DET', 'xpos': 'DET', 'feats': 'PronType=Art', 'head': 11, 'deprel': 'det:def', 'lemma': 'ה'}, {'id': 11, 'text': 'משפחה', 'upos': 'NOUN', 'xpos': 'NOUN', 'feats': 'Gender=Fem|Number=Sing', 'head': 8, 'deprel': 'compound:smixut', 'lemma': 'משפחה'}]"
"(12, 13)",המורחבת,,,,,,"(45, 52)",,"[{'id': 12, 'text': 'ה', 'upos': 'DET', 'xpos': 'DET', 'feats': 'PronType=Art', 'head': 13, 'deprel': 'det:def', 'lemma': 'ה'}, {'id': 13, 'text': 'מורחבת', 'upos': 'ADJ', 'xpos': 'ADJ', 'feats': 'Gender=Fem|Number=Sing', 'head': 11, 'deprel': 'amod', 'lemma': 'מורחב'}]"
14,או,CCONJ,CCONJ,,16.0,cc,"(53, 55)",או,
15,אף,CCONJ,CCONJ,,16.0,det,"(56, 58)",אף,
16,מכרים,NOUN,NOUN,Gender=Masc|Number=Plur,8.0,conj,"(59, 64)",מכר,
"(17, 19)",מהיישוב,,,,,,"(65, 72)",,"[{'id': 17, 'text': 'מ', 'upos': 'ADP', 'xpos': 'ADP', 'head': 19, 'deprel': 'case', 'lemma': 'מ'}, {'id': 18, 'text': 'ה', 'upos': 'DET', 'xpos': 'DET', 'feats': 'PronType=Art', 'head': 19, 'deprel': 'det:def', 'lemma': 'ה'}, {'id': 19, 'text': 'יישוב', 'upos': 'NOUN', 'xpos': 'NOUN', 'feats': 'Gender=Masc|Number=Sing', 'head': 16, 'deprel': 'nmod', 'lemma': 'יישוב'}]"
20,עצמו,PRON,PRON,Gender=Masc|Number=Sing|Person=3|PronType=Emp|Reflex=Yes,19.0,nmod,"(73, 77)",עצמו,
1,המשך,PROPN,PROPN,,0.0,root,"(1, 5)",המשך,
1,תפיסת,NOUN,NOUN,Definite=Cons|Gender=Fem|Number=Sing,4.0,nsubj,"(0, 5)",תפיסה,
"(2, 3)",המילה,,,,,,"(6, 11)",,"[{'id': 2, 'text': 'ה', 'upos': 'DET', 'xpos': 'DET', 'feats': 'PronType=Art', 'head': 3, 'deprel': 'det:def', 'lemma': 'ה'}, {'id': 3, 'text': 'מילה', 'upos': 'NOUN', 'xpos': 'NOUN', 'feats': 'Gender=Fem|Number=Sing', 'head': 1, 'deprel': 'compound:smixut', 'lemma': 'מילה'}]"
4,שיכון,NOUN,NOUN,Gender=Masc|Number=Sing,0.0,root,"(12, 17)",שיכון,
5,•,PUNCT,PUNCT,,4.0,punct,"(18, 19)",•,
6,אך,CCONJ,CCONJ,,7.0,cc,"(20, 22)",אך,
7,חשוב,AUX,AUX,"Gender=Masc|Number=Sing|Person=1,2,3|VerbType=Mod",8.0,aux,"(23, 27)",חשוב,
8,לציין,VERB,VERB,HebBinyan=PIEL|VerbForm=Inf|Voice=Act,4.0,conj,"(28, 33)",ציין,
9,כי,SCONJ,SCONJ,,10.0,mark,"(34, 36)",כי,
10,הושמעה,VERB,VERB,Gender=Fem|HebBinyan=HUFAL|Number=Sing|Person=3|Tense=Past|Voice=Pass,8.0,advcl,"(37, 43)",הושמע,
11,גם,ADV,ADV,,12.0,det,"(44, 46)",גם,
12,דעת,NOUN,NOUN,Definite=Cons|Gender=Fem|Number=Sing,10.0,nsubj,"(47, 50)",דעה,
13,מיעוט,NOUN,NOUN,Gender=Masc|Number=Sing,12.0,compound:smixut,"(51, 56)",מיעוט,
"(14, 15)",שגורסת,,,,,,"(57, 63)",,"[{'id': 14, 'text': 'ש', 'upos': 'SCONJ', 'xpos': 'SCONJ', 'head': 15, 'deprel': 'mark', 'lemma': 'ש'}, {'id': 15, 'text': 'גורסת', 'upos': 'VERB', 'xpos': 'VERB', 'feats': 'Gender=Fem|HebBinyan=PAAL|Number=Sing|Person=1,2,3|VerbForm=Part|Voice=Act', 'head': 12, 'deprel': 'acl:relcl', 'lemma': 'גרס'}]"
"(16, 18)",שהמציאות,,,,,,"(64, 72)",,"[{'id': 16, 'text': 'ש', 'upos': 'SCONJ', 'xpos': 'SCONJ', 'head': 23, 'deprel': 'mark', 'lemma': 'ש'}, {'id': 17, 'text': 'ה', 'upos': 'DET', 'xpos': 'DET', 'feats': 'PronType=Art', 'head': 18, 'deprel': 'det:def', 'lemma': 'ה'}, {'id': 18, 'text': 'מציאות', 'upos': 'NOUN', 'xpos': 'NOUN', 'feats': 'Gender=Fem|Number=Sing', 'head': 23, 'deprel': 'nsubj', 'lemma': 'מציאות'}]"
"(19, 20)",וחוסר,,,,,,"(73, 78)",,"[{'id': 19, 'text': 'ו', 'upos': 'CCONJ', 'xpos': 'CCONJ', 'head': 20, 'deprel': 'cc', 'lemma': 'ו'}, {'id': 20, 'text': 'חוסר', 'upos': 'NOUN', 'xpos': 'NOUN', 'feats': 'Definite=Cons|Gender=Masc|Number=Sing', 'head': 18, 'deprel': 'conj', 'lemma': 'חוסר'}]"
"(21, 22)",הזמינות,,,,,,"(79, 86)",,"[{'id': 21, 'text': 'ה', 'upos': 'DET', 'xpos': 'DET', 'feats': 'PronType=Art', 'head': 22, 'deprel': 'det:def', 'lemma': 'ה'}, {'id': 22, 'text': 'זמינות', 'upos': 'NOUN', 'xpos': 'NOUN', 'feats': 'Gender=Fem|Number=Sing', 'head': 20, 'deprel': 'compound:smixut', 'lemma': 'זמינות'}]"
23,עשוי,AUX,AUX,"Gender=Masc|Number=Sing|Person=1,2,3|VerbType=Mod",24.0,aux,"(87, 91)",עשוי,
24,לגרום,VERB,VERB,HebBinyan=PAAL|VerbForm=Inf|Voice=Act,15.0,ccomp,"(92, 97)",גרם,
"(25, 26)",לפשרה,,,,,,"(98, 103)",,"[{'id': 25, 'text': 'ל', 'upos': 'ADP', 'xpos': 'ADP', 'head': 26, 'deprel': 'case', 'lemma': 'ל'}, {'id': 26, 'text': 'פשרה', 'upos': 'NOUN', 'xpos': 'NOUN', 'feats': 'Gender=Fem|Number=Sing', 'head': 24, 'deprel': 'obl', 'lemma': 'פשרה'}]"
"(27, 28)",ואז,,,,,,"(104, 107)",,"[{'id': 27, 'text': 'ו', 'upos': 'CCONJ', 'xpos': 'CCONJ', 'head': 30, 'deprel': 'cc', 'lemma': 'ו'}, {'id': 28, 'text': 'אז', 'upos': 'ADV', 'xpos': 'ADV', 'head': 30, 'deprel': 'advmod', 'lemma': 'אז'}]"
29,כן,ADV,ADV,,30.0,advmod,"(108, 110)",כן,
30,להתגורר,VERB,VERB,HebBinyan=HITPAEL|VerbForm=Inf,24.0,conj,"(111, 118)",התגורר,
"(31, 33)",בשיכון,,,,,,"(119, 125)",,"[{'id': 31, 'text': 'ב', 'upos': 'ADP', 'xpos': 'ADP', 'head': 33, 'deprel': 'case', 'lemma': 'ב'}, {'id': 32, 'text': 'ה_', 'upos': 'DET', 'xpos': 'DET', 'feats': 'PronType=Art', 'head': 33, 'deprel': 'det:def', 'lemma': 'ה'}, {'id': 33, 'text': 'שיכון', 'upos': 'NOUN', 'xpos': 'NOUN', 'feats': 'Gender=Masc|Number=Sing', 'head': 30, 'deprel': 'obl', 'lemma': 'שיכון'}]"
1,•,PUNCT,PUNCT,,13.0,punct,"(1, 2)",•,
2,בקרב,ADP,ADP,,3.0,case,"(3, 7)",בקרב,
3,קבוצת,NOUN,NOUN,Definite=Cons|Gender=Fem|Number=Sing,13.0,obl,"(8, 13)",קבוצה,
"(4, 5)",הנשואות,,,,,,"(14, 21)",,"[{'id': 4, 'text': 'ה', 'upos': 'DET', 'xpos': 'DET', 'feats': 'PronType=Art', 'head': 5, 'deprel': 'det:def', 'lemma': 'ה'}, {'id': 5, 'text': 'נשואות', 'upos': 'NOUN', 'xpos': 'NOUN', 'feats': 'Gender=Fem|Number=Plur', 'head': 3, 'deprel': 'compound:smixut', 'lemma': 'נשואה'}]"
"(6, 8)",וברמה,,,,,,"(22, 27)",,"[{'id': 6, 'text': 'ו', 'upos': 'CCONJ', 'xpos': 'CCONJ', 'head': 8, 'deprel': 'cc', 'lemma': 'ו'}, {'id': 7, 'text': 'ב', 'upos': 'ADP', 'xpos': 'ADP', 'head': 8, 'deprel': 'case', 'lemma': 'ב'}, {'id': 8, 'text': 'רמה', 'upos': 'NOUN', 'xpos': 'NOUN', 'feats': 'Gender=Fem|Number=Sing', 'head': 3, 'deprel': 'conj', 'lemma': 'רמה'}]"
"(9, 10)",הבלתי,,,,,,"(28, 33)",,"[{'id': 9, 'text': 'ה', 'upos': 'DET', 'xpos': 'DET', 'feats': 'PronType=Art', 'head': 11, 'deprel': 'det:def', 'lemma': 'ה'}, {'id': 10, 'text': 'בלתי', 'upos': 'ADV', 'xpos': 'ADV', 'feats': 'Prefix=Yes', 'head': 11, 'deprel': 'compound:affix', 'lemma': 'בלתי'}]"
11,נעזרת,VERB,VERB,"Gender=Fem|HebBinyan=NIFAL|Number=Sing|Person=1,2,3|VerbForm=Part|Voice=Mid",8.0,amod,"(34, 39)",נעזר,
12,",",PUNCT,PUNCT,,13.0,punct,"(39, 40)",",",
13,הביעו,VERB,VERB,"Gender=Fem,Masc|HebBinyan=HIFIL|Number=Plur|Person=3|Tense=Past|Voice=Act",0.0,root,"(41, 46)",הביע,
14,מצוקה,NOUN,NOUN,Gender=Fem|Number=Sing,13.0,obj,"(47, 52)",מצוקה,
"(15, 17)",מהמילה,,,,,,"(53, 59)",,"[{'id': 15, 'text': 'מ', 'upos': 'ADP', 'xpos': 'ADP', 'head': 17, 'deprel': 'case', 'lemma': 'מ'}, {'id': 16, 'text': 'ה', 'upos': 'DET', 'xpos': 'DET', 'feats': 'PronType=Art', 'head': 17, 'deprel': 'det:def', 'lemma': 'ה'}, {'id': 17, 'text': 'מילה', 'upos': 'NOUN', 'xpos': 'NOUN', 'feats': 'Gender=Fem|Number=Sing', 'head': 14, 'deprel': 'nmod', 'lemma': 'מילה'}]"
18,שיכון,NOUN,NOUN,Gender=Masc|Number=Sing,17.0,flat:name,"(60, 65)",שיכון,
19,",",PUNCT,PUNCT,,13.0,punct,"(66, 67)",",",
20,"""",PUNCT,PUNCT,,22.0,punct,"(68, 69)","""",
21,אני,PRON,PRON,"Gender=Fem,Masc|Number=Sing|Person=1|PronType=Prs",22.0,nsubj,"(69, 72)",הוא,
22,מרגישה,VERB,VERB,"Gender=Fem|HebBinyan=HIFIL|Number=Sing|Person=1,2,3|VerbForm=Part|Voice=Act",13.0,parataxis,"(73, 79)",הרגיש,
23,חנק,NOUN,NOUN,Gender=Masc|Number=Sing,22.0,obj,"(80, 83)",חנק,
24,",",PUNCT,PUNCT,,23.0,punct,"(83, 84)",",",
25,חוסר,NOUN,NOUN,Definite=Cons|Gender=Masc|Number=Sing,23.0,conj,"(85, 89)",חוסר,
26,יציבות,NOUN,NOUN,Gender=Fem|Number=Sing,25.0,compound:smixut,"(90, 96)",יציבות,
27,",",PUNCT,PUNCT,,23.0,punct,"(96, 97)",",",
28,בעיות,NOUN,NOUN,Gender=Fem|HebSource=ConvUncertainHead|Number=Plur,23.0,dep,"(98, 103)",בעיה,
29,",",PUNCT,PUNCT,,23.0,punct,"(103, 104)",",",
30,רעשים,NOUN,NOUN,Gender=Masc|Number=Plur,23.0,conj,"(105, 110)",רעש,
31,",",PUNCT,PUNCT,,23.0,punct,"(110, 111)",",",
32,שותפות,NOUN,NOUN,Gender=Fem|HebSource=ConvUncertainHead|Number=Sing,23.0,dep,"(112, 118)",שותפות,
33,",",PUNCT,PUNCT,,22.0,punct,"(118, 119)",",",
34,בעיות,NOUN,NOUN,Gender=Fem|Number=Plur,23.0,dep,"(120, 125)",בעיה,
35,עם,ADP,ADP,,36.0,case,"(126, 128)",עם,
36,שכנים,NOUN,NOUN,Gender=Masc|Number=Plur,34.0,nmod,"(129, 134)",שכן,
37,",",PUNCT,PUNCT,,22.0,punct,"(134, 135)",",",
38,כל,DET,DET,Definite=Cons,39.0,det,"(136, 138)",כול,
39,דבר,NOUN,NOUN,Gender=Masc|Number=Sing,22.0,nsubj,"(139, 142)",דבר,
40,רע,ADJ,ADJ,Gender=Masc|Number=Sing,22.0,parataxis,"(143, 145)",רע,
1,"""",PUNCT,PUNCT,,3.0,punct,"(0, 1)","""",
2,בעיקר,ADV,ADV,,3.0,advmod,"(2, 7)",בעיקר,
3,משתתפות,VERB,VERB,"Gender=Fem|HebBinyan=HITPAEL|Number=Plur|Person=1,2,3|VerbForm=Part",0.0,root,"(8, 15)",השתתף,
"(4, 5)",שחוו,,,,,,"(16, 20)",,"[{'id': 4, 'text': 'ש', 'upos': 'SCONJ', 'xpos': 'SCONJ', 'head': 5, 'deprel': 'mark', 'lemma': 'ש'}, {'id': 5, 'text': 'חוו', 'upos': 'VERB', 'xpos': 'VERB', 'feats': 'Gender=Fem,Masc|HebBinyan=PAAL|Number=Plur|Person=3|Tense=Past|Voice=Act', 'head': 3, 'deprel': 'acl:relcl', 'lemma': 'חווה'}]"
6,את,ADP,ADP,Case=Acc,7.0,case:acc,"(21, 23)",את,
7,חוויית,NOUN,NOUN,Definite=Cons|Gender=Fem|Number=Sing,5.0,obj,"(24, 30)",חווית,
8,מגורים,NOUN,NOUN,Gender=Masc|Number=Plur,7.0,compound:smixut,"(31, 37)",מגורים,
"(9, 10)",בדירות,,,,,,"(38, 44)",,"[{'id': 9, 'text': 'ב', 'upos': 'ADP', 'xpos': 'ADP', 'head': 10, 'deprel': 'case', 'lemma': 'ב'}, {'id': 10, 'text': 'דירות', 'upos': 'NOUN', 'xpos': 'NOUN', 'feats': 'Gender=Fem|Number=Plur', 'head': 7, 'deprel': 'nmod', 'lemma': 'דירה'}]"
11,שכורות,ADJ,ADJ,Gender=Fem|Number=Plur,10.0,amod,"(45, 51)",שכור,
1,"""",PUNCT,PUNCT,,2.0,punct,"(1, 2)","""",
2,קשה,AUX,AUX,Gender=Masc|Number=Sing|Tense=Past|VerbType=Mod,4.0,aux,"(2, 5)",קשה,
3,מאוד,ADV,ADV,,2.0,advmod,"(6, 10)",מאוד,
4,לחבר,VERB,VERB,HebBinyan=PIEL|VerbForm=Inf|Voice=Act,0.0,root,"(11, 15)",חיבר,
5,כל,DET,DET,Definite=Cons,8.0,advmod,"(16, 18)",כול,
6,כך,ADV,ADV,,5.0,fixed,"(19, 21)",כך,
7,הרבה,DET,DET,Definite=Cons,8.0,det,"(22, 26)",הרבה,
8,אנשים,NOUN,NOUN,Gender=Masc|Number=Plur,4.0,obj,"(27, 32)",איש,
9,זרים,ADJ,ADJ,Gender=Masc|Number=Plur,8.0,amod,"(33, 37)",זר,
"(10, 11)",בבניין,,,,,,"(38, 44)",,"[{'id': 10, 'text': 'ב', 'upos': 'ADP', 'xpos': 'ADP', 'head': 11, 'deprel': 'case', 'lemma': 'ב'}, {'id': 11, 'text': 'בניין', 'upos': 'NOUN', 'xpos': 'NOUN', 'feats': 'Gender=Masc|Number=Sing', 'head': 4, 'deprel': 'obl', 'lemma': 'בניין'}]"
12,אחד,NUM,NUM,Gender=Masc|Number=Sing,11.0,nummod,"(45, 48)",אחד,
13,"""",PUNCT,PUNCT,,2.0,punct,"(48, 49)","""",
1,•,PUNCT,PUNCT,,13.0,punct,"(1, 2)",•,
"(2, 3)",בחקירה,,,,,,"(3, 9)",,"[{'id': 2, 'text': 'ב', 'upos': 'ADP', 'xpos': 'ADP', 'head': 3, 'deprel': 'case', 'lemma': 'ב'}, {'id': 3, 'text': 'חקירה', 'upos': 'NOUN', 'xpos': 'NOUN', 'feats': 'Gender=Fem|Number=Sing', 'head': 13, 'deprel': 'obl', 'lemma': 'חקירה'}]"
4,נעזרת,VERB,VERB,"Gender=Fem|HebBinyan=NIFAL|Number=Sing|Person=1,2,3|VerbForm=Part|Voice=Mid",3.0,amod,"(10, 15)",נעזר,
5,של,ADP,ADP,Case=Gen,6.0,case:gen,"(16, 18)",של,
6,משמעויות,NOUN,NOUN,Gender=Fem|Number=Plur,3.0,nmod,"(19, 27)",משמעות,
7,חיוביות,ADJ,ADJ,Gender=Fem|Number=Plur,6.0,amod,"(28, 35)",חיובי,
8,עבור,ADP,ADP,,10.0,case,"(36, 40)",עבור,
"(9, 10)",המילה,,,,,,"(41, 46)",,"[{'id': 9, 'text': 'ה', 'upos': 'DET', 'xpos': 'DET', 'feats': 'PronType=Art', 'head': 10, 'deprel': 'det:def', 'lemma': 'ה'}, {'id': 10, 'text': 'מילה', 'upos': 'NOUN', 'xpos': 'NOUN', 'feats': 'Gender=Fem|Number=Sing', 'head': 6, 'deprel': 'nmod', 'lemma': 'מילה'}]"
11,שיכון,NOUN,NOUN,Gender=Masc|Number=Sing,10.0,flat:name,"(47, 52)",שיכון,
12,",",PUNCT,PUNCT,,13.0,punct,"(52, 53)",",",
13,עלה,VERB,VERB,Gender=Masc|HebBinyan=PAAL|Number=Sing|Person=3|Tense=Past|Voice=Act,0.0,root,"(54, 57)",עלה,
14,יתרון,NOUN,NOUN,Definite=Cons|Gender=Masc|Number=Sing,13.0,nsubj,"(58, 63)",יתרון,
"(15, 16)",הפרטיות,,,,,,"(64, 71)",,"[{'id': 15, 'text': 'ה', 'upos': 'DET', 'xpos': 'DET', 'feats': 'PronType=Art', 'head': 16, 'deprel': 'det:def', 'lemma': 'ה'}, {'id': 16, 'text': 'פרטיות', 'upos': 'NOUN', 'xpos': 'NOUN', 'feats': 'Gender=Fem|Number=Sing', 'head': 14, 'deprel': 'compound:smixut', 'lemma': 'פרטי'}]"
"(17, 18)",שיש,,,,,,"(72, 75)",,"[{'id': 17, 'text': 'ש', 'upos': 'SCONJ', 'xpos': 'SCONJ', 'head': 18, 'deprel': 'mark', 'lemma': 'ש'}, {'id': 18, 'text': 'יש', 'upos': 'VERB', 'xpos': 'VERB', 'feats': 'HebExistential=True', 'head': 14, 'deprel': 'acl:relcl', 'lemma': 'יש'}]"
19,יותר,ADV,ADV,,18.0,advmod,"(76, 80)",יותר,
20,חופשיות,NOUN,NOUN,Gender=Fem|Number=Sing,18.0,nsubj,"(81, 88)",חופשיות,
21,להתנהג,VERB,VERB,HebBinyan=HITPAEL|VerbForm=Inf,20.0,acl,"(89, 95)",התנהג,
22,בלי,ADP,ADP,,24.0,case,"(96, 99)",בלי,
"(23, 24)",העין,,,,,,"(100, 104)",,"[{'id': 23, 'text': 'ה', 'upos': 'DET', 'xpos': 'DET', 'feats': 'PronType=Art', 'head': 24, 'deprel': 'det:def', 'lemma': 'ה'}, {'id': 24, 'text': 'עין', 'upos': 'NOUN', 'xpos': 'NOUN', 'feats': 'Gender=Fem|Number=Sing', 'head': 21, 'deprel': 'obl', 'lemma': 'עין'}]"
"(25, 26)",המפקחת,,,,,,"(105, 111)",,"[{'id': 25, 'text': 'ה', 'upos': 'DET', 'xpos': 'DET', 'feats': 'PronType=Art', 'head': 26, 'deprel': 'det:def', 'lemma': 'ה'}, {'id': 26, 'text': 'מפקחת', 'upos': 'ADJ', 'xpos': 'ADJ', 'feats': 'Gender=Fem|Number=Sing', 'head': 24, 'deprel': 'amod', 'lemma': 'פיקח'}]"
27,של,ADP,ADP,Case=Gen,29.0,case:gen,"(112, 114)",של,
"(28, 29)",המשפחה,,,,,,"(115, 121)",,"[{'id': 28, 'text': 'ה', 'upos': 'DET', 'xpos': 'DET', 'feats': 'PronType=Art', 'head': 29, 'deprel': 'det:def', 'lemma': 'ה'}, {'id': 29, 'text': 'משפחה', 'upos': 'NOUN', 'xpos': 'NOUN', 'feats': 'Gender=Fem|Number=Sing', 'head': 24, 'deprel': 'nmod', 'lemma': 'משפחה'}]"
30,או,CCONJ,CCONJ,,31.0,cc,"(122, 124)",או,
31,משפחת,NOUN,NOUN,Definite=Cons|Gender=Fem|Number=Sing,29.0,conj,"(125, 130)",משפחה,
"(32, 33)",הגבר,,,,,,"(131, 135)",,"[{'id': 32, 'text': 'ה', 'upos': 'DET', 'xpos': 'DET', 'feats': 'PronType=Art', 'head': 33, 'deprel': 'det:def', 'lemma': 'ה'}, {'id': 33, 'text': 'גבר', 'upos': 'NOUN', 'xpos': 'NOUN', 'feats': 'Gender=Masc|Number=Sing', 'head': 31, 'deprel': 'compound:smixut', 'lemma': 'גבר'}]"
1,כמו,ADP,ADP,,2.0,case,"(1, 4)",כמו,
2,כן,PRON,PRON,Person=3|PronType=Dem,0.0,root,"(5, 7)",כן,
"(3, 4)",האפשרות,,,,,,"(8, 15)",,"[{'id': 3, 'text': 'ה', 'upos': 'DET', 'xpos': 'DET', 'feats': 'PronType=Art', 'head': 4, 'deprel': 'det:def', 'lemma': 'ה'}, {'id': 4, 'text': 'אפשרות', 'upos': 'NOUN', 'xpos': 'NOUN', 'feats': 'Gender=Fem|Number=Sing', 'head': 2, 'deprel': 'nsubj', 'lemma': 'אפשרות'}]"
5,להכיר,VERB,VERB,HebBinyan=HIFIL|VerbForm=Inf|Voice=Act,4.0,acl,"(16, 21)",הכיר,
6,אנשים,NOUN,NOUN,Gender=Masc|Number=Plur,5.0,obj,"(22, 27)",איש,
7,חדשים,ADJ,ADJ,Gender=Masc|Number=Plur,6.0,amod,"(28, 33)",חדש,
"(8, 9)",ולא,,,,,,"(34, 37)",,"[{'id': 8, 'text': 'ו', 'upos': 'CCONJ', 'xpos': 'CCONJ', 'head': 11, 'deprel': 'cc', 'lemma': 'ו'}, {'id': 9, 'text': 'לא', 'upos': 'ADV', 'xpos': 'ADV', 'feats': 'Polarity=Neg', 'head': 10, 'deprel': 'advmod', 'lemma': 'לא'}]"
10,רק,ADV,ADV,,11.0,det,"(38, 40)",רק,
11,בני,NOUN,NOUN,Definite=Cons|Gender=Masc|Number=Plur,6.0,conj,"(41, 44)",בן,
"(12, 13)",המשפחה,,,,,,"(45, 51)",,"[{'id': 12, 'text': 'ה', 'upos': 'DET', 'xpos': 'DET', 'feats': 'PronType=Art', 'head': 13, 'deprel': 'det:def', 'lemma': 'ה'}, {'id': 13, 'text': 'משפחה', 'upos': 'NOUN', 'xpos': 'NOUN', 'feats': 'Gender=Fem|Number=Sing', 'head': 11, 'deprel': 'compound:smixut', 'lemma': 'משפחה'}]"
1,משתתפות,VERB,VERB,"Definite=Cons|Gender=Fem|HebBinyan=PIEL|Number=Plur|Person=1,2,3|VerbForm=Part|Voice=Act",4.0,nsubj,"(1, 8)",השתתף,
2,קבוצה,NOUN,NOUN,Gender=Fem|Number=Sing,1.0,compound:smixut,"(9, 14)",קבוצה,
3,זו,PRON,PRON,Gender=Fem|Number=Sing|Person=3|PronType=Dem,2.0,det,"(15, 17)",זו,
4,יישרו,VERB,VERB,"Gender=Fem,Masc|HebBinyan=PIEL|Number=Plur|Person=3|Tense=Past|Voice=Act",0.0,root,"(18, 23)",נשר,
5,קו,NOUN,NOUN,Gender=Masc|Number=Sing,4.0,obj,"(24, 26)",קו,
6,עם,ADP,ADP,,8.0,case,"(27, 29)",עם,
"(7, 8)",השאר,,,,,,"(30, 34)",,"[{'id': 7, 'text': 'ה', 'upos': 'DET', 'xpos': 'DET', 'feats': 'PronType=Art', 'head': 8, 'deprel': 'det:def', 'lemma': 'ה'}, {'id': 8, 'text': 'שאר', 'upos': 'NOUN', 'xpos': 'NOUN', 'feats': 'Gender=Masc|Number=Sing', 'head': 5, 'deprel': 'nmod', 'lemma': 'שאר'}]"
9,",",PUNCT,PUNCT,,4.0,punct,"(34, 35)",",",
"(10, 11)",ואישרו,,,,,,"(35, 41)",,"[{'id': 10, 'text': 'ו', 'upos': 'CCONJ', 'xpos': 'CCONJ', 'head': 11, 'deprel': 'cc', 'lemma': 'ו'}, {'id': 11, 'text': 'אישרו', 'upos': 'VERB', 'xpos': 'VERB', 'feats': 'Gender=Fem,Masc|HebBinyan=PIEL|Number=Plur|Person=3|Tense=Past|Voice=Act', 'head': 4, 'deprel': 'conj', 'lemma': 'אישר'}]"
12,כי,SCONJ,SCONJ,,15.0,mark,"(42, 44)",כי,
13,הרבה,ADV,ADV,,15.0,advmod,"(45, 49)",הרבה,
14,יותר,ADV,ADV,,15.0,advmod,"(50, 54)",יותר,
15,קל,AUX,AUX,Gender=Masc|Number=Sing|Tense=Past|VerbType=Mod,16.0,aux,"(55, 57)",קל,
16,להסתדר,VERB,VERB,HebBinyan=HITPAEL|VerbForm=Inf,11.0,ccomp,"(58, 64)",הסתדר,
17,עם,ADP,ADP,,18.0,case,"(65, 67)",עם,
18,אחים,NOUN,NOUN,Gender=Masc|Number=Plur,16.0,obl,"(68, 72)",אח,
"(19, 20)",ובני,,,,,,"(73, 77)",,"[{'id': 19, 'text': 'ו', 'upos': 'CCONJ', 'xpos': 'CCONJ', 'head': 20, 'deprel': 'cc', 'lemma': 'ו'}, {'id': 20, 'text': 'בני', 'upos': 'NOUN', 'xpos': 'NOUN', 'feats': 'Definite=Cons|Gender=Masc|Number=Plur', 'head': 18, 'deprel': 'conj', 'lemma': 'בן'}]"
21,משפחה,NOUN,NOUN,Gender=Fem|Number=Sing,20.0,compound:smixut,"(78, 83)",משפחה,
"(22, 23)",באותו,,,,,,"(84, 89)",,"[{'id': 22, 'text': 'ב', 'upos': 'ADP', 'xpos': 'ADP', 'head': 24, 'deprel': 'case', 'lemma': 'ב'}, {'id': 23, 'text': 'אותו', 'upos': 'PRON', 'xpos': 'PRON', 'feats': 'Definite=Def|Gender=Masc|Number=Sing|Person=3|PronType=Prs', 'head': 24, 'deprel': 'det', 'lemma': 'אותו'}]"
24,בלוק,NOUN,NOUN,Gender=Masc|Number=Sing,18.0,nmod,"(90, 94)",בלוק,
25,מאשר,CCONJ,CCONJ,,26.0,case,"(95, 99)",מאשר,
26,זרים,NOUN,NOUN,Gender=Masc|Number=Plur,18.0,conj,"(100, 104)",זר,
27,"""",PUNCT,PUNCT,,35.0,punct,"(105, 106)","""",
28,אם,SCONJ,SCONJ,,30.0,mark,"(106, 108)",אם,
29,אני,PRON,PRON,"Gender=Fem,Masc|Number=Sing|Person=1|PronType=Prs",30.0,nsubj,"(109, 112)",הוא,
30,צריכה,VERB,VERB,"Gender=Fem|HebBinyan=PAAL|Number=Sing|Person=1,2,3|VerbForm=Part|Voice=Act",35.0,advcl,"(113, 118)",צריך,
31,עזרה,NOUN,NOUN,Gender=Fem|Number=Sing,30.0,obj,"(119, 123)",עזרה,
32,במקרה,ADP,ADP,,33.0,case,"(124, 129)",במקרה,
33,חירום,NOUN,NOUN,Gender=Masc|Number=Sing,30.0,obl,"(130, 135)",חירום,
34,יותר,ADV,ADV,,35.0,advmod,"(136, 140)",יותר,
35,קל,AUX,AUX,Gender=Masc|Number=Sing|Tense=Past|VerbType=Mod,36.0,aux,"(141, 143)",קל,
36,לפנות,VERB,VERB,VerbForm=Inf,11.0,ccomp,"(144, 149)",לפנות,
"(37, 38)",לאח,,,,,,"(150, 153)",,"[{'id': 37, 'text': 'ל', 'upos': 'ADP', 'xpos': 'ADP', 'head': 38, 'deprel': 'case', 'lemma': 'ל'}, {'id': 38, 'text': 'אח', 'upos': 'NOUN', 'xpos': 'NOUN', 'feats': 'Gender=Masc|Number=Sing', 'head': 36, 'deprel': 'obl', 'lemma': 'אח'}]"
39,של,ADP,ADP,Case=Gen,40.0,case:gen,"(154, 156)",של,
40,בעלי,NOUN,NOUN,Gender=Masc|Number=Sing,38.0,nmod:poss,"(157, 161)",בעל,
41,מאשר,CCONJ,CCONJ,,44.0,case,"(162, 166)",מאשר,
"(42, 44)",למישהו,,,,,,"(167, 173)",,"[{'id': 42, 'text': 'ל', 'upos': 'ADP', 'xpos': 'ADP', 'head': 44, 'deprel': 'case', 'lemma': 'ל'}, {'id': 43, 'text': 'ה_', 'upos': 'DET', 'xpos': 'DET', 'feats': 'PronType=Art', 'head': 44, 'deprel': 'det:def', 'lemma': 'ה'}, {'id': 44, 'text': 'מישהו', 'upos': 'NOUN', 'xpos': 'NOUN', 'feats': 'Gender=Masc|Number=Sing', 'head': 38, 'deprel': 'conj', 'lemma': 'מישהו'}]"
45,זר,ADJ,ADJ,Gender=Masc|Number=Sing,44.0,amod,"(174, 176)",זר,
"(46, 47)",שיבוא,,,,,,"(177, 182)",,"[{'id': 46, 'text': 'ש', 'upos': 'SCONJ', 'xpos': 'SCONJ', 'head': 47, 'deprel': 'mark', 'lemma': 'ש'}, {'id': 47, 'text': 'יבוא', 'upos': 'VERB', 'xpos': 'VERB', 'feats': 'Gender=Masc|HebBinyan=PAAL|Number=Sing|Person=3|Tense=Fut|Voice=Act', 'head': 44, 'deprel': 'acl:relcl', 'lemma': 'בא'}]"
"(48, 49)",אלי,,,,,,"(183, 186)",,"[{'id': 48, 'text': 'אל_', 'upos': 'ADP', 'xpos': 'ADP', 'head': 49, 'deprel': 'case', 'lemma': 'אל'}, {'id': 49, 'text': '_אני', 'upos': 'PRON', 'xpos': 'PRON', 'feats': 'Gender=Fem,Masc|Number=Sing|Person=1|PronType=Prs', 'head': 47, 'deprel': 'obl', 'lemma': 'הוא'}]"
50,הביתה,ADV,ADV,,47.0,advmod,"(187, 192)",הביתה,
"(51, 52)",ויעזור,,,,,,"(193, 199)",,"[{'id': 51, 'text': 'ו', 'upos': 'CCONJ', 'xpos': 'CCONJ', 'head': 52, 'deprel': 'cc', 'lemma': 'ו'}, {'id': 52, 'text': 'יעזור', 'upos': 'VERB', 'xpos': 'VERB', 'feats': 'Gender=Masc|Number=Sing|Person=3|Tense=Fut', 'head': 47, 'deprel': 'conj', 'lemma': 'עזר'}]"
53,"""",PUNCT,PUNCT,,35.0,punct,"(199, 200)","""",
"(1, 2)",מצד,,,,,,"(1, 4)",,"[{'id': 1, 'text': 'מ', 'upos': 'ADP', 'xpos': 'ADP', 'head': 2, 'deprel': 'case', 'lemma': 'מ'}, {'id': 2, 'text': 'צד', 'upos': 'NOUN', 'xpos': 'NOUN', 'feats': 'Gender=Masc|Number=Sing', 'head': 5, 'deprel': 'obl', 'lemma': 'צד'}]"
3,שני,NUM,NUM,Gender=Masc|Number=Sing,2.0,amod,"(5, 8)",שני,
4,לא,ADV,ADV,Polarity=Neg,5.0,advmod,"(9, 11)",לא,
5,עלתה,VERB,VERB,Gender=Fem|HebBinyan=PAAL|Number=Sing|Person=3|Tense=Past|Voice=Act,0.0,root,"(12, 16)",עלה,
6,חרדת,NOUN,NOUN,Definite=Cons|Gender=Fem|Number=Sing,5.0,nsubj,"(17, 21)",חרדה,
"(7, 8)",הזרים,,,,,,"(22, 27)",,"[{'id': 7, 'text': 'ה', 'upos': 'DET', 'xpos': 'DET', 'feats': 'PronType=Art', 'head': 8, 'deprel': 'det:def', 'lemma': 'ה'}, {'id': 8, 'text': 'זרים', 'upos': 'NOUN', 'xpos': 'NOUN', 'feats': 'Gender=Masc|Number=Plur', 'head': 6, 'deprel': 'compound:smixut', 'lemma': 'זר'}]"
"(9, 10)",באותה,,,,,,"(28, 33)",,"[{'id': 9, 'text': 'ב', 'upos': 'ADP', 'xpos': 'ADP', 'head': 12, 'deprel': 'case', 'lemma': 'ב'}, {'id': 10, 'text': 'אותה', 'upos': 'PRON', 'xpos': 'PRON', 'feats': 'Definite=Def|Gender=Fem|Number=Sing|Person=3|PronType=Prs', 'head': 12, 'deprel': 'det', 'lemma': 'אותו'}]"
"(11, 12)",המידה,,,,,,"(34, 39)",,"[{'id': 11, 'text': 'ה', 'upos': 'DET', 'xpos': 'DET', 'feats': 'PronType=Art', 'head': 12, 'deprel': 'det:def', 'lemma': 'ה'}, {'id': 12, 'text': 'מידה', 'upos': 'NOUN', 'xpos': 'NOUN', 'feats': 'Gender=Fem|Number=Sing', 'head': 5, 'deprel': 'obl', 'lemma': 'מידה'}]"
13,",",PUNCT,PUNCT,,12.0,punct,"(39, 40)",",",
"(14, 15)",שהייתה,,,,,,"(41, 47)",,"[{'id': 14, 'text': 'ש', 'upos': 'SCONJ', 'xpos': 'SCONJ', 'head': 15, 'deprel': 'mark', 'lemma': 'ש'}, {'id': 15, 'text': 'הייתה', 'upos': 'AUX', 'xpos': 'AUX', 'feats': 'Gender=Fem|Number=Sing|Person=3|Polarity=Pos|Tense=Past|VerbType=Cop', 'head': 12, 'deprel': 'acl:relcl', 'lemma': 'היה'}]"
"(16, 17)",בשתי,,,,,,"(48, 52)",,"[{'id': 16, 'text': 'ב', 'upos': 'ADP', 'xpos': 'ADP', 'head': 18, 'deprel': 'case', 'lemma': 'ב'}, {'id': 17, 'text': 'שתי', 'upos': 'NUM', 'xpos': 'NUM', 'feats': 'Definite=Cons|Gender=Fem|Number=Plur', 'head': 18, 'deprel': 'nummod', 'lemma': 'שתי'}]"
18,קבוצות,NOUN,NOUN,Definite=Cons|Gender=Fem|Number=Plur,15.0,obl,"(53, 59)",קבוצה,
"(19, 20)",הגברים,,,,,,"(60, 66)",,"[{'id': 19, 'text': 'ה', 'upos': 'DET', 'xpos': 'DET', 'feats': 'PronType=Art', 'head': 20, 'deprel': 'det:def', 'lemma': 'ה'}, {'id': 20, 'text': 'גברים', 'upos': 'NOUN', 'xpos': 'NOUN', 'feats': 'Gender=Masc|Number=Plur', 'head': 18, 'deprel': 'compound:smixut', 'lemma': 'גבר'}]"
21,",",PUNCT,PUNCT,,12.0,punct,"(66, 67)",",",
22,שם,ADV,ADV,,23.0,advmod,"(68, 70)",שם,
23,עוררה,VERB,VERB,Gender=Fem|HebBinyan=PAAL|Number=Sing|Person=3|Tense=Past|Voice=Act,18.0,acl,"(71, 76)",עורר,
24,סוגיה,NOUN,NOUN,Gender=Fem|Number=Sing,23.0,nsubj,"(77, 82)",סוגיה,
25,זו,PRON,PRON,Gender=Fem|Number=Sing|Person=3|PronType=Dem,24.0,det,"(83, 85)",זו,
26,הרבה,DET,DET,Definite=Cons,27.0,det,"(86, 90)",הרבה,
27,התנגדויות,NOUN,NOUN,Gender=Fem|Number=Plur,23.0,obj,"(91, 100)",התנגדות,
1,המשך,PROPN,PROPN,,0.0,root,"(1, 5)",המשך,
1,תפיסת,NOUN,NOUN,Definite=Cons|Gender=Fem|Number=Sing,11.0,nsubj,"(0, 5)",תפיסה,
"(2, 3)",המילה,,,,,,"(6, 11)",,"[{'id': 2, 'text': 'ה', 'upos': 'DET', 'xpos': 'DET', 'feats': 'PronType=Art', 'head': 3, 'deprel': 'det:def', 'lemma': 'ה'}, {'id': 3, 'text': 'מילה', 'upos': 'NOUN', 'xpos': 'NOUN', 'feats': 'Gender=Fem|Number=Sing', 'head': 1, 'deprel': 'compound:smixut', 'lemma': 'מילה'}]"
4,שיכון,NOUN,NOUN,Gender=Masc|Number=Sing,1.0,nmod,"(12, 17)",שיכון,
5,•,PUNCT,PUNCT,,4.0,punct,"(18, 19)",•,
"(6, 7)",בקבוצת,,,,,,"(20, 26)",,"[{'id': 6, 'text': 'ב', 'upos': 'ADP', 'xpos': 'ADP', 'head': 7, 'deprel': 'case', 'lemma': 'ב'}, {'id': 7, 'text': 'קבוצת', 'upos': 'NOUN', 'xpos': 'NOUN', 'feats': 'Definite=Cons|Gender=Fem|Number=Sing', 'head': 11, 'deprel': 'obl', 'lemma': 'קבוצה'}]"
"(8, 9)",הרווקות,,,,,,"(27, 34)",,"[{'id': 8, 'text': 'ה', 'upos': 'DET', 'xpos': 'DET', 'feats': 'PronType=Art', 'head': 9, 'deprel': 'det:def', 'lemma': 'ה'}, {'id': 9, 'text': 'רווקות', 'upos': 'NOUN', 'xpos': 'NOUN', 'feats': 'Gender=Fem|Number=Plur', 'head': 7, 'deprel': 'compound:smixut', 'lemma': 'רווקה'}]"
10,לא,ADV,ADV,Polarity=Neg,11.0,advmod,"(35, 37)",לא,
11,הייתה,VERB,VERB,Gender=Fem|HebExistential=True|Number=Sing|Person=3|Polarity=Pos|Tense=Past,0.0,root,"(38, 43)",היה,
12,הסכמה,NOUN,NOUN,Gender=Fem|Number=Sing,11.0,nsubj,"(44, 49)",הסכמה,
"(13, 15)",והדעות,,,,,,"(50, 56)",,"[{'id': 13, 'text': 'ו', 'upos': 'CCONJ', 'xpos': 'CCONJ', 'head': 16, 'deprel': 'cc', 'lemma': 'ו'}, {'id': 14, 'text': 'ה', 'upos': 'DET', 'xpos': 'DET', 'feats': 'PronType=Art', 'head': 15, 'deprel': 'det:def', 'lemma': 'ה'}, {'id': 15, 'text': 'דעות', 'upos': 'NOUN', 'xpos': 'NOUN', 'feats': 'Gender=Fem|Number=Plur', 'head': 16, 'deprel': 'nsubj', 'lemma': 'דעה'}]"
16,התחלקו,VERB,VERB,"Gender=Fem,Masc|HebBinyan=HITPAEL|Number=Plur|Person=3|Tense=Past",11.0,conj,"(57, 63)",התחלק,
17,בין,ADP,ADP,,19.0,case,"(64, 67)",בין,
"(18, 19)",המשתתפות,,,,,,"(68, 76)",,"[{'id': 18, 'text': 'ה', 'upos': 'DET', 'xpos': 'DET', 'feats': 'PronType=Art', 'head': 19, 'deprel': 'det:def', 'lemma': 'ה'}, {'id': 19, 'text': 'משתתפות', 'upos': 'VERB', 'xpos': 'VERB', 'feats': 'Gender=Fem|HebBinyan=HITPAEL|Number=Plur|Person=1,2,3|VerbForm=Part', 'head': 16, 'deprel': 'obl', 'lemma': 'השתתף'}]"
20,בין,ADP,ADP,,21.0,case,"(77, 80)",בין,
21,דעות,NOUN,NOUN,Gender=Fem|Number=Plur,19.0,obl,"(81, 85)",דעה,
22,תפיסות,ADJ,ADJ,Gender=Fem|Number=Plur,21.0,amod,"(86, 92)",תפיס,
23,שליליות,ADJ,ADJ,Gender=Fem|Number=Plur,21.0,amod,"(93, 100)",שלילי,
24,לבין,ADP,ADP,,25.0,case,"(101, 105)",לבין,
25,חיוביות,ADJ,ADJ,Gender=Fem|Number=Plur,23.0,conj,"(106, 113)",חיובי,
"(1, 2)",עלו,,,,,,"(1, 4)",,"[{'id': 1, 'text': 'על_', 'upos': 'ADP', 'xpos': 'ADP', 'head': 2, 'deprel': 'case', 'lemma': 'על'}, {'id': 2, 'text': '_הוא', 'upos': 'PRON', 'xpos': 'PRON', 'feats': 'Gender=Masc|Number=Sing|Person=3|PronType=Prs', 'head': 0, 'deprel': 'root', 'lemma': 'הוא'}]"
"(3, 4)",בצורה,,,,,,"(5, 10)",,"[{'id': 3, 'text': 'ב', 'upos': 'ADP', 'xpos': 'ADP', 'head': 4, 'deprel': 'case', 'lemma': 'ב'}, {'id': 4, 'text': 'צורה', 'upos': 'NOUN', 'xpos': 'NOUN', 'feats': 'Gender=Fem|Number=Sing', 'head': 2, 'deprel': 'nmod', 'lemma': 'צורה'}]"
5,בלתי,ADV,ADV,Prefix=Yes,6.0,compound:affix,"(11, 15)",בלתי,
6,נעזרת,ADJ,ADJ,"Gender=Fem|HebBinyan=NIFAL|Number=Sing|Person=1,2,3|VerbForm=Part|Voice=Mid",4.0,amod,"(16, 21)",נעזר,
7,תכנים,NOUN,NOUN,Gender=Masc|Number=Plur,2.0,nsubj,"(22, 27)",תוכן,
8,שליליים,ADJ,ADJ,Gender=Masc|Number=Plur,7.0,amod,"(28, 35)",שלילי,
"(9, 10)",למילה,,,,,,"(36, 41)",,"[{'id': 9, 'text': 'ל', 'upos': 'ADP', 'xpos': 'ADP', 'head': 10, 'deprel': 'case', 'lemma': 'ל'}, {'id': 10, 'text': 'מילה', 'upos': 'NOUN', 'xpos': 'NOUN', 'feats': 'Gender=Fem|Number=Sing', 'head': 7, 'deprel': 'nmod', 'lemma': 'מילה'}]"
11,שיכון,NOUN,NOUN,Gender=Masc|Number=Sing,10.0,compound:smixut,"(42, 47)",שיכון,
12,או,CCONJ,CCONJ,,13.0,cc,"(48, 50)",או,
13,מגורים,NOUN,NOUN,Gender=Masc|Number=Plur,10.0,conj,"(51, 57)",מגורים,
"(14, 15)",בבניין,,,,,,"(58, 64)",,"[{'id': 14, 'text': 'ב', 'upos': 'ADP', 'xpos': 'ADP', 'head': 15, 'deprel': 'case', 'lemma': 'ב'}, {'id': 15, 'text': 'בניין', 'upos': 'NOUN', 'xpos': 'NOUN', 'feats': 'Definite=Cons|Gender=Masc|Number=Sing', 'head': 13, 'deprel': 'nmod', 'lemma': 'בניין'}]"
16,מגורים,NOUN,NOUN,Gender=Masc|Number=Plur,15.0,compound:smixut,"(65, 71)",מגורים,
1,זה,PRON,PRON,Gender=Masc|Number=Sing|Person=3,2.0,nsubj,"(1, 3)",זה,
2,משהו,NOUN,NOUN,Gender=Masc|Number=Sing,0.0,root,"(4, 8)",משהו,
3,חדש,ADJ,ADJ,Gender=Masc|Number=Sing,2.0,amod,"(9, 12)",חדש,
4,בשביל,ADP,ADP,,5.0,case,"(13, 18)",בשביל,
5,סחינין,PROPN,PROPN,,2.0,nmod,"(19, 25)",סחינין,
6,",",PUNCT,PUNCT,,2.0,punct,"(26, 27)",",",
7,"""",PUNCT,PUNCT,,10.0,punct,"(28, 29)","""",
8,שיכון,NOUN,NOUN,Gender=Masc|Number=Sing,10.0,nsubj:cop,"(29, 34)",שיכון,
9,זה,PRON,PRON,Gender=Masc|Number=Sing|Person=3,10.0,cop,"(35, 37)",זה,
10,מאפיין,NOUN,NOUN,Gender=Masc|Number=Sing,2.0,appos,"(38, 44)",מאפיין,
11,ייחודי,ADJ,ADJ,Gender=Masc|Number=Sing,10.0,amod,"(45, 51)",ייחודי,
12,של,ADP,ADP,Case=Gen,14.0,case:gen,"(52, 54)",של,
"(13, 14)",העיר,,,,,,"(55, 59)",,"[{'id': 13, 'text': 'ה', 'upos': 'DET', 'xpos': 'DET', 'feats': 'PronType=Art', 'head': 14, 'deprel': 'det:def', 'lemma': 'ה'}, {'id': 14, 'text': 'עיר', 'upos': 'NOUN', 'xpos': 'NOUN', 'feats': 'Gender=Fem|Number=Sing', 'head': 10, 'deprel': 'nmod', 'lemma': 'עיר'}]"
"(15, 16)",שחסר,,,,,,"(60, 64)",,"[{'id': 15, 'text': 'ש', 'upos': 'SCONJ', 'xpos': 'SCONJ', 'head': 16, 'deprel': 'mark', 'lemma': 'ש'}, {'id': 16, 'text': 'חסר', 'upos': 'VERB', 'xpos': 'VERB', 'feats': 'Gender=Masc|Number=Sing', 'head': 10, 'deprel': 'acl:relcl', 'lemma': 'חסר'}]"
17,עדיין,ADV,ADV,,16.0,advmod,"(65, 70)",עדיין,
"(18, 20)",בסחנין,,,,,,"(71, 77)",,"[{'id': 18, 'text': 'ב', 'upos': 'ADP', 'xpos': 'ADP', 'head': 20, 'deprel': 'case', 'lemma': 'ב'}, {'id': 19, 'text': 'ה_', 'upos': 'DET', 'xpos': 'DET', 'feats': 'PronType=Art', 'head': 20, 'deprel': 'det:def', 'lemma': 'ה'}, {'id': 20, 'text': 'סחנין', 'upos': 'NOUN', 'xpos': 'NOUN', 'feats': 'Gender=Masc|Number=Sing', 'head': 16, 'deprel': 'obl', 'lemma': 'סחנין'}]"
21,"""",PUNCT,PUNCT,,10.0,punct,"(77, 78)","""",
"(1, 2)",מצד,,,,,,"(1, 4)",,"[{'id': 1, 'text': 'מ', 'upos': 'ADP', 'xpos': 'ADP', 'head': 2, 'deprel': 'case', 'lemma': 'מ'}, {'id': 2, 'text': 'צד', 'upos': 'NOUN', 'xpos': 'NOUN', 'feats': 'Gender=Masc|Number=Sing', 'head': 4, 'deprel': 'obl', 'lemma': 'צד'}]"
3,שני,NUM,NUM,Gender=Masc|Number=Sing,2.0,amod,"(5, 8)",שני,
4,ציינו,VERB,VERB,"Gender=Fem,Masc|HebBinyan=PIEL|Number=Plur|Person=3|Tense=Past|Voice=Act",0.0,root,"(9, 14)",ציין,
5,גם,ADV,ADV,,6.0,det,"(15, 17)",גם,
6,יתרונות,NOUN,NOUN,Gender=Masc|Number=Plur,4.0,obj,"(18, 25)",יתרון,
7,כמו,ADP,ADP,,9.0,case,"(26, 29)",כמו,
8,"""",PUNCT,PUNCT,,9.0,punct,"(30, 31)","""",
9,פרטיות,NOUN,NOUN,Gender=Fem|Number=Plur,6.0,nmod,"(31, 37)",פרטי,
10,"""",PUNCT,PUNCT,,9.0,punct,"(37, 38)","""",
11,",",PUNCT,PUNCT,,9.0,punct,"(39, 40)",",",
12,"""",PUNCT,PUNCT,,13.0,punct,"(41, 42)","""",
13,חופש,NOUN,NOUN,Definite=Cons|Gender=Masc|Number=Sing,9.0,conj,"(42, 46)",חופש,
14,תנועה,NOUN,NOUN,Gender=Fem|Number=Sing,13.0,compound:smixut,"(47, 52)",תנועה,
15,יותר,ADV,ADV,,13.0,advmod,"(53, 57)",יותר,
16,"""",PUNCT,PUNCT,,13.0,punct,"(57, 58)","""",
17,",",PUNCT,PUNCT,,9.0,punct,"(59, 60)",",",
18,"""",PUNCT,PUNCT,,20.0,punct,"(61, 62)","""",
19,זה,PRON,PRON,Gender=Masc|Number=Sing|Person=3,20.0,nsubj,"(62, 64)",זה,
20,מאפיין,NOUN,NOUN,Gender=Masc|Number=Sing,9.0,appos,"(65, 71)",מאפיין,
21,של,ADP,ADP,Case=Gen,22.0,case:gen,"(72, 74)",של,
22,עיר,NOUN,NOUN,Gender=Fem|Number=Sing,20.0,nmod:poss,"(75, 78)",עיר,
23,"""",PUNCT,PUNCT,,20.0,punct,"(78, 79)","""",
"(24, 25)",וסחנין,,,,,,"(80, 86)",,"[{'id': 24, 'text': 'ו', 'upos': 'CCONJ', 'xpos': 'CCONJ', 'head': 26, 'deprel': 'cc', 'lemma': 'ו'}, {'id': 25, 'text': 'סחנין', 'upos': 'PROPN', 'xpos': 'PROPN', 'head': 26, 'deprel': 'nsubj', 'lemma': 'סחנין'}]"
26,עברה,VERB,VERB,Gender=Fem|Number=Sing|Person=3|Tense=Past,4.0,conj,"(87, 91)",עבר,
27,לא,ADV,ADV,Polarity=Neg,26.0,advmod,"(92, 94)",לא,
28,מזמן,ADV,ADV,,26.0,advmod,"(95, 99)",מזמן,
"(29, 32)",מהגדרתה,,,,,,"(100, 107)",,"[{'id': 29, 'text': 'מ', 'upos': 'ADP', 'xpos': 'ADP', 'head': 30, 'deprel': 'case', 'lemma': 'מ'}, {'id': 30, 'text': 'הגדרה_', 'upos': 'NOUN', 'xpos': 'NOUN', 'feats': 'Definite=Def|Gender=Fem|Number=Sing', 'head': 26, 'deprel': 'obl', 'lemma': 'הגדרה'}, {'id': 31, 'text': '_של_', 'upos': 'ADP', 'xpos': 'ADP', 'head': 32, 'deprel': 'case:gen', 'lemma': 'של'}, {'id': 32, 'text': '_היא', 'upos': 'PRON', 'xpos': 'PRON', 'feats': 'Case=Gen|Gender=Fem|Number=Sing|Person=3|PronType=Prs', 'head': 30, 'deprel': 'nmod:poss', 'lemma': 'הוא'}]"
33,של,ADP,ADP,Case=Gen,34.0,case:gen,"(108, 110)",של,
34,כפר,NOUN,NOUN,Gender=Masc|Number=Sing,30.0,nmod:poss,"(111, 114)",כפר,
"(35, 36)",להגדרה,,,,,,"(115, 121)",,"[{'id': 35, 'text': 'ל', 'upos': 'ADP', 'xpos': 'ADP', 'head': 36, 'deprel': 'case', 'lemma': 'ל'}, {'id': 36, 'text': 'הגדרה', 'upos': 'NOUN', 'xpos': 'NOUN', 'feats': 'Gender=Fem|Number=Sing', 'head': 26, 'deprel': 'obl', 'lemma': 'הגדרה'}]"
37,של,ADP,ADP,Case=Gen,38.0,case:gen,"(122, 124)",של,
38,עיר,NOUN,NOUN,Gender=Fem|Number=Sing,36.0,nmod:poss,"(125, 128)",עיר,
39,אך,CCONJ,CCONJ,,44.0,cc,"(129, 131)",אך,
"(40, 41)",מבחינה,,,,,,"(132, 138)",,"[{'id': 40, 'text': 'מ', 'upos': 'ADP', 'xpos': 'ADP', 'head': 41, 'deprel': 'case', 'lemma': 'מ'}, {'id': 41, 'text': 'בחינה', 'upos': 'NOUN', 'xpos': 'NOUN', 'feats': 'Gender=Fem|Number=Sing', 'head': 44, 'deprel': 'nmod', 'lemma': 'בחינה'}]"
42,תרבותית,ADJ,ADJ,Gender=Fem|Number=Sing,41.0,amod,"(139, 146)",תרבותי,
43,זהו,PRON,PRON,Gender=Masc|Number=Sing|Person=3|PronType=Dem,44.0,nsubj,"(147, 150)",זהו,
44,תהליך,NOUN,NOUN,Gender=Masc|Number=Sing,4.0,conj,"(151, 156)",תהליך,
"(45, 46)",שכרוך,,,,,,"(157, 162)",,"[{'id': 45, 'text': 'ש', 'upos': 'SCONJ', 'xpos': 'SCONJ', 'head': 46, 'deprel': 'mark', 'lemma': 'ש'}, {'id': 46, 'text': 'כרוך', 'upos': 'VERB', 'xpos': 'VERB', 'feats': 'Gender=Masc|HebBinyan=PAAL|Number=Sing|Person=1,2,3|VerbForm=Part|Voice=Act', 'head': 44, 'deprel': 'acl:relcl', 'lemma': 'כרך'}]"
"(47, 48)",בתמורות,,,,,,"(163, 170)",,"[{'id': 47, 'text': 'ב', 'upos': 'ADP', 'xpos': 'ADP', 'head': 48, 'deprel': 'case', 'lemma': 'ב'}, {'id': 48, 'text': 'תמורות', 'upos': 'NOUN', 'xpos': 'NOUN', 'feats': 'Gender=Fem|Number=Plur', 'head': 46, 'deprel': 'obl', 'lemma': 'תמורה'}]"
49,חברתיות,ADJ,ADJ,Gender=Fem|Number=Plur,48.0,amod,"(171, 178)",חברתי,
"(50, 53)",ובשינויים,,,,,,"(179, 188)",,"[{'id': 50, 'text': 'ו', 'upos': 'CCONJ', 'xpos': 'CCONJ', 'head': 53, 'deprel': 'cc', 'lemma': 'ו'}, {'id': 51, 'text': 'ב', 'upos': 'ADP', 'xpos': 'ADP', 'head': 53, 'deprel': 'case', 'lemma': 'ב'}, {'id': 52, 'text': 'ה_', 'upos': 'DET', 'xpos': 'DET', 'feats': 'PronType=Art', 'head': 53, 'deprel': 'det:def', 'lemma': 'ה'}, {'id': 53, 'text': 'שינויים', 'upos': 'NOUN', 'xpos': 'NOUN', 'feats': 'Gender=Masc|Number=Plur', 'head': 48, 'deprel': 'conj', 'lemma': 'שינוי'}]"
54,סוציולוגיים,ADJ,ADJ,Gender=Masc|Number=Plur,53.0,amod,"(189, 200)",סוציולוגיים,
55,הדרגתיים,ADJ,ADJ,Gender=Masc|Number=Plur,53.0,amod,"(201, 209)",הדרגתי,
"(56, 57)",ולא,,,,,,"(210, 213)",,"[{'id': 56, 'text': 'ו', 'upos': 'CCONJ', 'xpos': 'CCONJ', 'head': 59, 'deprel': 'cc', 'lemma': 'ו'}, {'id': 57, 'text': 'לא', 'upos': 'ADV', 'xpos': 'ADV', 'feats': 'Polarity=Neg', 'head': 58, 'deprel': 'advmod', 'lemma': 'לא'}]"
"(58, 59)",כמעבר,,,,,,"(214, 219)",,"[{'id': 58, 'text': 'כ', 'upos': 'ADP', 'xpos': 'ADP', 'head': 59, 'deprel': 'case', 'lemma': 'כ'}, {'id': 59, 'text': 'מעבר', 'upos': 'NOUN', 'xpos': 'NOUN', 'feats': 'Gender=Masc|Number=Sing', 'head': 53, 'deprel': 'conj', 'lemma': 'מעבר'}]"
60,חד,ADJ,ADJ,Gender=Masc|Number=Sing,59.0,amod,"(220, 222)",חד,
"(61, 62)",ואוטומטי,,,,,,"(223, 231)",,"[{'id': 61, 'text': 'ו', 'upos': 'CCONJ', 'xpos': 'CCONJ', 'head': 62, 'deprel': 'cc', 'lemma': 'ו'}, {'id': 62, 'text': 'אוטומטי', 'upos': 'ADJ', 'xpos': 'ADJ', 'feats': 'Gender=Masc|Number=Sing', 'head': 60, 'deprel': 'conj', 'lemma': 'אוטומטי'}]"
1,•,PUNCT,PUNCT,,25.0,parataxis,"(1, 2)",•,
2,•,PUNCT,PUNCT,,1.0,dep,"(3, 4)",•,
3,בקרב,ADP,ADP,,4.0,case,"(5, 9)",בקרב,
4,מרואייני,NOUN,NOUN,Definite=Cons|Gender=Masc|Number=Plur,25.0,obl,"(10, 18)",מרואיין,
"(5, 6)",העומק,,,,,,"(19, 24)",,"[{'id': 5, 'text': 'ה', 'upos': 'DET', 'xpos': 'DET', 'feats': 'PronType=Art', 'head': 6, 'deprel': 'det:def', 'lemma': 'ה'}, {'id': 6, 'text': 'עומק', 'upos': 'NOUN', 'xpos': 'NOUN', 'feats': 'Gender=Masc|Number=Sing', 'head': 4, 'deprel': 'compound:smixut', 'lemma': 'עומק'}]"
7,-,PUNCT,PUNCT,,4.0,punct,"(25, 26)",-,
"(8, 9)",שהיו,,,,,,"(27, 31)",,"[{'id': 8, 'text': 'ש', 'upos': 'SCONJ', 'xpos': 'SCONJ', 'head': 13, 'deprel': 'mark', 'lemma': 'ש'}, {'id': 9, 'text': 'היו', 'upos': 'AUX', 'xpos': 'AUX', 'feats': 'Gender=Fem,Masc|Number=Plur|Person=3|Polarity=Pos|Tense=Past|VerbType=Cop', 'head': 4, 'deprel': 'dep', 'lemma': 'היה'}]"
"(10, 12)",לרוב,,,,,,"(32, 36)",,"[{'id': 10, 'text': 'ל', 'upos': 'ADP', 'xpos': 'ADP', 'head': 12, 'deprel': 'case', 'lemma': 'ל'}, {'id': 11, 'text': 'ה_', 'upos': 'DET', 'xpos': 'DET', 'feats': 'PronType=Art', 'head': 12, 'deprel': 'det:def', 'lemma': 'ה'}, {'id': 12, 'text': 'רוב', 'upos': 'NOUN', 'xpos': 'NOUN', 'feats': 'Gender=Masc|Number=Sing', 'head': 13, 'deprel': 'nmod', 'lemma': 'רוב'}]"
13,שוכרי,NOUN,NOUN,Definite=Cons|Gender=Masc|Number=Plur,4.0,acl:relcl,"(37, 42)",שוכר,
14,דירות,NOUN,NOUN,Gender=Fem|Number=Plur,13.0,compound:smixut,"(43, 48)",דירה,
"(15, 16)",בבתים,,,,,,"(49, 54)",,"[{'id': 15, 'text': 'ב', 'upos': 'ADP', 'xpos': 'ADP', 'head': 16, 'deprel': 'case', 'lemma': 'ב'}, {'id': 16, 'text': 'בתים', 'upos': 'NOUN', 'xpos': 'NOUN', 'feats': 'Gender=Masc|Number=Plur', 'head': 13, 'deprel': 'nmod', 'lemma': 'בית'}]"
17,משותפים,ADJ,ADJ,Gender=Masc|Number=Plur,16.0,amod,"(55, 62)",משותף,
"(18, 20)",כאלה,,,,,,"(63, 67)",,"[{'id': 18, 'text': 'כ', 'upos': 'ADP', 'xpos': 'ADP', 'head': 20, 'deprel': 'case', 'lemma': 'כ'}, {'id': 19, 'text': 'ה_', 'upos': 'DET', 'xpos': 'DET', 'feats': 'PronType=Art', 'head': 20, 'deprel': 'det:def', 'lemma': 'ה'}, {'id': 20, 'text': 'אלה', 'upos': 'PRON', 'xpos': 'PRON', 'feats': 'Gender=Masc|Number=Plur|Person=3|PronType=Dem', 'head': 16, 'deprel': 'nmod', 'lemma': 'אלה'}]"
"(21, 22)",ואחרים,,,,,,"(68, 74)",,"[{'id': 21, 'text': 'ו', 'upos': 'CCONJ', 'xpos': 'CCONJ', 'head': 22, 'deprel': 'cc', 'lemma': 'ו'}, {'id': 22, 'text': 'אחרים', 'upos': 'ADJ', 'xpos': 'ADJ', 'feats': 'Gender=Masc|Number=Plur', 'head': 20, 'deprel': 'conj', 'lemma': 'אחר'}]"
23,-,PUNCT,PUNCT,,25.0,punct,"(75, 76)",-,
24,לא,ADV,ADV,Polarity=Neg,25.0,advmod,"(77, 79)",לא,
25,עלו,VERB,VERB,"Gender=Fem,Masc|HebBinyan=PAAL|Number=Plur|Person=3|Tense=Past|Voice=Act",0.0,root,"(80, 83)",עלה,
26,התנגדויות,NOUN,NOUN,Gender=Fem|Number=Plur,25.0,nsubj,"(84, 93)",התנגדות,
27,עקרוניות,ADJ,ADJ,Gender=Fem|Number=Plur,26.0,amod,"(94, 102)",עקרוני,
"(28, 29)",למילה,,,,,,"(103, 108)",,"[{'id': 28, 'text': 'ל', 'upos': 'ADP', 'xpos': 'ADP', 'head': 29, 'deprel': 'case', 'lemma': 'ל'}, {'id': 29, 'text': 'מילה', 'upos': 'NOUN', 'xpos': 'NOUN', 'feats': 'Gender=Fem|Number=Sing', 'head': 26, 'deprel': 'nmod', 'lemma': 'מילה'}]"
30,שיכון,NOUN,NOUN,Gender=Masc|Number=Sing,29.0,compound:smixut,"(109, 114)",שיכון,
"(31, 33)",והמילה,,,,,,"(115, 121)",,"[{'id': 31, 'text': 'ו', 'upos': 'CCONJ', 'xpos': 'CCONJ', 'head': 35, 'deprel': 'cc', 'lemma': 'ו'}, {'id': 32, 'text': 'ה', 'upos': 'DET', 'xpos': 'DET', 'feats': 'PronType=Art', 'head': 33, 'deprel': 'det:def', 'lemma': 'ה'}, {'id': 33, 'text': 'מילה', 'upos': 'NOUN', 'xpos': 'NOUN', 'feats': 'Gender=Fem|Number=Sing', 'head': 35, 'deprel': 'nsubj', 'lemma': 'מילה'}]"
34,לא,ADV,ADV,Polarity=Neg,35.0,advmod,"(122, 124)",לא,
35,עוררה,VERB,VERB,Gender=Fem|HebBinyan=PAAL|Number=Sing|Person=3|Tense=Past|Voice=Act,25.0,conj,"(125, 130)",עורר,
36,אסוציאציות,NOUN,NOUN,Gender=Fem|Number=Plur,35.0,obj,"(131, 141)",אסוציאציה,
37,שליליות,ADJ,ADJ,Gender=Fem|Number=Plur,36.0,amod,"(142, 149)",שלילי,
1,"""",PUNCT,PUNCT,,3.0,punct,"(1, 2)","""",
2,זה,PRON,PRON,Gender=Masc|Number=Sing|Person=3,3.0,nsubj,"(2, 4)",זה,
3,משהו,NOUN,NOUN,Gender=Masc|Number=Sing,0.0,root,"(5, 9)",משהו,
"(4, 5)",שאנחנו,,,,,,"(10, 16)",,"[{'id': 4, 'text': 'ש', 'upos': 'SCONJ', 'xpos': 'SCONJ', 'head': 6, 'deprel': 'mark', 'lemma': 'ש'}, {'id': 5, 'text': 'אנחנו', 'upos': 'PRON', 'xpos': 'PRON', 'feats': 'Gender=Fem,Masc|Number=Plur|Person=1|PronType=Prs', 'head': 6, 'deprel': 'nsubj', 'lemma': 'הוא'}]"
6,חיים,VERB,VERB,"Gender=Masc|HebBinyan=PAAL|Number=Plur|Person=1,2,3|VerbForm=Part|Voice=Act",3.0,acl:relcl,"(17, 21)",חי,
"(7, 8)",ורגילים,,,,,,"(22, 29)",,"[{'id': 7, 'text': 'ו', 'upos': 'CCONJ', 'xpos': 'CCONJ', 'head': 8, 'deprel': 'cc', 'lemma': 'ו'}, {'id': 8, 'text': 'רגילים', 'upos': 'VERB', 'xpos': 'VERB', 'feats': 'Gender=Masc|HebBinyan=PAAL|Number=Plur|Person=1,2,3|VerbForm=Part|Voice=Act', 'head': 6, 'deprel': 'conj', 'lemma': 'רגיל'}]"
"(9, 10)",אליו,,,,,,"(30, 34)",,"[{'id': 9, 'text': 'אל_', 'upos': 'ADP', 'xpos': 'ADP', 'head': 10, 'deprel': 'case', 'lemma': 'אל'}, {'id': 10, 'text': '_הוא', 'upos': 'PRON', 'xpos': 'PRON', 'feats': 'Gender=Masc|Number=Sing|Person=3|PronType=Prs', 'head': 8, 'deprel': 'obl', 'lemma': 'הוא'}]"
11,"""",PUNCT,PUNCT,,3.0,punct,"(34, 35)","""",
12,למרות,ADP,ADP,,15.0,mark,"(36, 41)",למרות,
"(13, 14)",שכן,,,,,,"(42, 45)",,"[{'id': 13, 'text': 'ש', 'upos': 'SCONJ', 'xpos': 'SCONJ', 'head': 12, 'deprel': 'fixed', 'lemma': 'ש'}, {'id': 14, 'text': 'כן', 'upos': 'ADV', 'xpos': 'ADV', 'head': 15, 'deprel': 'advmod', 'lemma': 'כן'}]"
15,היו,VERB,VERB,"Gender=Fem,Masc|HebExistential=True|Number=Plur|Person=3|Polarity=Pos|Tense=Past",3.0,advcl,"(46, 49)",היה,
16,תלונות,NOUN,NOUN,Gender=Fem|Number=Plur,15.0,nsubj,"(50, 56)",תלונה,
"(17, 19)",לחלק,,,,,,"(57, 61)",,"[{'id': 17, 'text': 'ל', 'upos': 'ADP', 'xpos': 'ADP', 'head': 22, 'deprel': 'case', 'lemma': 'ל'}, {'id': 18, 'text': 'ה_', 'upos': 'DET', 'xpos': 'DET', 'feats': 'PronType=Art', 'head': 22, 'deprel': 'det:def', 'lemma': 'ה'}, {'id': 19, 'text': 'חלק', 'upos': 'NOUN', 'xpos': 'NOUN', 'feats': 'Gender=Masc|Number=Sing', 'head': 16, 'deprel': 'nmod', 'lemma': 'חלק'}]"
"(20, 22)",מהמרואיינים,,,,,,"(62, 73)",,"[{'id': 20, 'text': 'מ', 'upos': 'ADP', 'xpos': 'ADP', 'feats': 'HebSource=ConvUncertainLabel', 'head': 22, 'deprel': 'case', 'lemma': 'מ'}, {'id': 21, 'text': 'ה', 'upos': 'DET', 'xpos': 'DET', 'feats': 'PronType=Art', 'head': 22, 'deprel': 'det:def', 'lemma': 'ה'}, {'id': 22, 'text': 'מרואיינים', 'upos': 'NOUN', 'xpos': 'NOUN', 'feats': 'Gender=Masc|Number=Plur', 'head': 16, 'deprel': 'nmod', 'lemma': 'מרואיין'}]"
23,על,ADP,ADP,,24.0,case,"(74, 76)",על,
24,מגוון,NOUN,NOUN,Definite=Cons|Gender=Masc|Number=Sing,16.0,nmod,"(77, 82)",מגוון,
25,או,CCONJ,CCONJ,,26.0,cc,"(83, 85)",או,
26,איכות,NOUN,NOUN,Definite=Cons|Gender=Fem|Number=Sing,24.0,conj,"(86, 91)",איכות,
"(27, 28)",השכנים,,,,,,"(92, 98)",,"[{'id': 27, 'text': 'ה', 'upos': 'DET', 'xpos': 'DET', 'feats': 'PronType=Art', 'head': 28, 'deprel': 'det:def', 'lemma': 'ה'}, {'id': 28, 'text': 'שכנים', 'upos': 'NOUN', 'xpos': 'NOUN', 'feats': 'Gender=Masc|Number=Plur', 'head': 26, 'deprel': 'compound:smixut', 'lemma': 'שכן'}]"
29,",",PUNCT,PUNCT,,24.0,punct,"(98, 99)",",",
30,או,CCONJ,CCONJ,,32.0,cc,"(100, 102)",או,
31,על,ADP,ADP,,32.0,case,"(103, 105)",על,
32,מיקום,NOUN,NOUN,Gender=Masc|Number=Sing,24.0,conj,"(106, 111)",מיקום,
33,גרוע,ADJ,ADJ,Gender=Masc|Number=Sing,32.0,amod,"(112, 116)",גרוע,
34,של,ADP,ADP,Case=Gen,36.0,case:gen,"(117, 119)",של,
"(35, 36)",הבניין,,,,,,"(120, 126)",,"[{'id': 35, 'text': 'ה', 'upos': 'DET', 'xpos': 'DET', 'feats': 'PronType=Art', 'head': 36, 'deprel': 'det:def', 'lemma': 'ה'}, {'id': 36, 'text': 'בניין', 'upos': 'NOUN', 'xpos': 'NOUN', 'feats': 'Gender=Masc|Number=Sing', 'head': 32, 'deprel': 'nmod', 'lemma': 'בניין'}]"
"(37, 39)",בעיר,,,,,,"(127, 131)",,"[{'id': 37, 'text': 'ב', 'upos': 'ADP', 'xpos': 'ADP', 'head': 39, 'deprel': 'case', 'lemma': 'ב'}, {'id': 38, 'text': 'ה_', 'upos': 'DET', 'xpos': 'DET', 'feats': 'PronType=Art', 'head': 39, 'deprel': 'det:def', 'lemma': 'ה'}, {'id': 39, 'text': 'עיר', 'upos': 'NOUN', 'xpos': 'NOUN', 'feats': 'Gender=Fem|Number=Sing', 'head': 36, 'deprel': 'nmod', 'lemma': 'עיר'}]"
40,",",PUNCT,PUNCT,,3.0,punct,"(132, 133)",",",
41,אך,CCONJ,CCONJ,,43.0,cc,"(133, 135)",אך,
42,הם,PRON,PRON,Gender=Masc|Number=Plur|Person=3|PronType=Prs,43.0,nsubj,"(136, 138)",הוא,
43,הדגישו,VERB,VERB,"Gender=Fem,Masc|HebBinyan=HIFIL|Number=Plur|Person=3|Tense=Past|Voice=Act",3.0,conj,"(139, 145)",הדגיש,
"(44, 45)",שהם,,,,,,"(146, 149)",,"[{'id': 44, 'text': 'ש', 'upos': 'SCONJ', 'xpos': 'SCONJ', 'head': 46, 'deprel': 'mark', 'lemma': 'ש'}, {'id': 45, 'text': 'הם', 'upos': 'PRON', 'xpos': 'PRON', 'feats': 'Gender=Masc|Number=Plur|Person=3|PronType=Prs', 'head': 46, 'deprel': 'nsubj', 'lemma': 'הוא'}]"
46,מסוגלים,AUX,AUX,"Gender=Masc|Number=Plur|Person=1,2,3|VerbType=Mod",47.0,aux,"(150, 157)",מסוגל,
47,להתאקלם,VERB,VERB,HebBinyan=HITPAEL|VerbForm=Inf,43.0,ccomp,"(158, 165)",התאקל,
48,עם,ADP,ADP,,50.0,case,"(166, 168)",עם,
"(49, 50)",הרעשים,,,,,,"(169, 175)",,"[{'id': 49, 'text': 'ה', 'upos': 'DET', 'xpos': 'DET', 'feats': 'PronType=Art', 'head': 50, 'deprel': 'det:def', 'lemma': 'ה'}, {'id': 50, 'text': 'רעשים', 'upos': 'NOUN', 'xpos': 'NOUN', 'feats': 'Gender=Masc|Number=Plur', 'head': 47, 'deprel': 'obl', 'lemma': 'רעש'}]"
51,של,ADP,ADP,Case=Gen,53.0,case:gen,"(176, 178)",של,
"(52, 53)",השכנים,,,,,,"(179, 185)",,"[{'id': 52, 'text': 'ה', 'upos': 'DET', 'xpos': 'DET', 'feats': 'PronType=Art', 'head': 53, 'deprel': 'det:def', 'lemma': 'ה'}, {'id': 53, 'text': 'שכנים', 'upos': 'NOUN', 'xpos': 'NOUN', 'feats': 'Gender=Masc|Number=Plur', 'head': 50, 'deprel': 'nmod:poss', 'lemma': 'שכן'}]"
54,או,CCONJ,CCONJ,,55.0,cc,"(186, 188)",או,
55,רעשי,NOUN,NOUN,Definite=Cons|Gender=Masc|Number=Plur,50.0,conj,"(189, 193)",רעש,
"(56, 57)",סביבה,,,,,,"(194, 199)",,"[{'id': 56, 'text': 'סביב_', 'upos': 'ADP', 'xpos': 'ADP', 'head': 57, 'deprel': 'case', 'lemma': 'סביב'}, {'id': 57, 'text': '_היא', 'upos': 'PRON', 'xpos': 'PRON', 'feats': 'Gender=Fem|Number=Sing|Person=3|PronType=Prs', 'head': 55, 'deprel': 'nmod', 'lemma': 'הוא'}]"
"(58, 59)",ממיקום,,,,,,"(200, 206)",,"[{'id': 58, 'text': 'מ', 'upos': 'ADP', 'xpos': 'ADP', 'head': 59, 'deprel': 'case', 'lemma': 'מ'}, {'id': 59, 'text': 'מיקום', 'upos': 'NOUN', 'xpos': 'NOUN', 'feats': 'Gender=Masc|Number=Sing', 'head': 55, 'deprel': 'nmod', 'lemma': 'מיקום'}]"
60,של,ADP,ADP,Case=Gen,62.0,case:gen,"(207, 209)",של,
"(61, 62)",הבניין,,,,,,"(210, 216)",,"[{'id': 61, 'text': 'ה', 'upos': 'DET', 'xpos': 'DET', 'feats': 'PronType=Art', 'head': 62, 'deprel': 'det:def', 'lemma': 'ה'}, {'id': 62, 'text': 'בניין', 'upos': 'NOUN', 'xpos': 'NOUN', 'feats': 'Gender=Masc|Number=Sing', 'head': 59, 'deprel': 'nmod:poss', 'lemma': 'בניין'}]"
"(63, 64)",במרכז,,,,,,"(217, 222)",,"[{'id': 63, 'text': 'ב', 'upos': 'ADP', 'xpos': 'ADP', 'head': 64, 'deprel': 'case', 'lemma': 'ב'}, {'id': 64, 'text': 'מרכז', 'upos': 'NOUN', 'xpos': 'NOUN', 'feats': 'Definite=Cons|Gender=Masc|Number=Sing', 'head': 59, 'deprel': 'nmod', 'lemma': 'מרכז'}]"
65,עיר,NOUN,NOUN,Gender=Fem|Number=Sing,64.0,compound:smixut,"(223, 226)",עיר,
66,או,CCONJ,CCONJ,,68.0,cc,"(227, 229)",או,
67,ליד,ADP,ADP,,68.0,case,"(230, 233)",ליד,
68,ציר,NOUN,NOUN,Gender=Masc|Number=Sing,64.0,conj,"(234, 237)",ציר,
69,ראשי,ADJ,ADJ,Gender=Masc|Number=Sing,68.0,amod,"(238, 242)",ראשי,
1,גם,ADV,ADV,,3.0,det,"(1, 3)",גם,
"(2, 3)",הנשים,,,,,,"(4, 9)",,"[{'id': 2, 'text': 'ה', 'upos': 'DET', 'xpos': 'DET', 'feats': 'PronType=Art', 'head': 3, 'deprel': 'det:def', 'lemma': 'ה'}, {'id': 3, 'text': 'נשים', 'upos': 'NOUN', 'xpos': 'NOUN', 'feats': 'Gender=Fem|Number=Plur', 'head': 8, 'deprel': 'nsubj', 'lemma': 'איש'}]"
4,מבין,ADP,ADP,,5.0,case,"(10, 14)",מבין,
5,מרואיינות,NOUN,NOUN,Definite=Cons|Gender=Masc|Number=Plur,3.0,nmod,"(15, 24)",מרואיין,
"(6, 7)",העומק,,,,,,"(25, 30)",,"[{'id': 6, 'text': 'ה', 'upos': 'DET', 'xpos': 'DET', 'feats': 'PronType=Art', 'head': 7, 'deprel': 'det:def', 'lemma': 'ה'}, {'id': 7, 'text': 'עומק', 'upos': 'NOUN', 'xpos': 'NOUN', 'feats': 'Gender=Masc|Number=Sing', 'head': 5, 'deprel': 'compound:smixut', 'lemma': 'עומק'}]"
8,ציינו,VERB,VERB,"Gender=Fem,Masc|HebBinyan=PIEL|Number=Plur|Person=3|Tense=Past|Voice=Act",0.0,root,"(31, 36)",ציין,
9,כי,SCONJ,SCONJ,,11.0,mark,"(37, 39)",כי,
10,הן,PRON,PRON,Gender=Fem|Number=Plur|Person=3|PronType=Prs,11.0,nsubj,"(40, 42)",הוא,
11,מתאקלמות,VERB,VERB,"Gender=Fem|HebBinyan=HITPAEL|Number=Plur|Person=1,2,3|VerbForm=Part",8.0,ccomp,"(43, 51)",התאקלם,
12,עם,ADP,ADP,,13.0,case,"(52, 54)",עם,
13,סביבת,NOUN,NOUN,Definite=Cons|Gender=Fem|Number=Sing,11.0,obl,"(55, 60)",סביבה,
"(14, 15)",השיכון,,,,,,"(61, 67)",,"[{'id': 14, 'text': 'ה', 'upos': 'DET', 'xpos': 'DET', 'feats': 'PronType=Art', 'head': 15, 'deprel': 'det:def', 'lemma': 'ה'}, {'id': 15, 'text': 'שיכון', 'upos': 'NOUN', 'xpos': 'NOUN', 'feats': 'Gender=Masc|Number=Sing', 'head': 13, 'deprel': 'compound:smixut', 'lemma': 'שיכון'}]"
16,כי,SCONJ,SCONJ,,17.0,mark,"(68, 70)",כי,
17,אין,VERB,VERB,HebExistential=True,11.0,advcl,"(71, 74)",אין,
"(18, 19)",להם,,,,,,"(75, 78)",,"[{'id': 18, 'text': 'ל_', 'upos': 'ADP', 'xpos': 'ADP', 'head': 19, 'deprel': 'case', 'lemma': 'ל'}, {'id': 19, 'text': '_הם', 'upos': 'PRON', 'xpos': 'PRON', 'feats': 'Gender=Masc|Number=Plur|Person=3|PronType=Prs', 'head': 17, 'deprel': 'obl', 'lemma': 'הוא'}]"
20,ברירה,NOUN,NOUN,Gender=Fem|Number=Sing,17.0,nsubj,"(79, 84)",ברירה,
21,"""",PUNCT,PUNCT,,24.0,punct,"(85, 86)","""",
22,כל,DET,DET,Definite=Cons,23.0,det,"(87, 89)",כול,
23,אחד,NUM,NUM,Gender=Masc|Number=Sing,24.0,nsubj,"(90, 93)",אחד,
24,יכול,AUX,AUX,"Gender=Masc|Number=Sing|Person=1,2,3|VerbForm=Part|VerbType=Mod",25.0,aux,"(94, 98)",יכול,
25,לבחור,VERB,VERB,HebBinyan=PAAL|VerbForm=Inf|Voice=Act,8.0,ccomp,"(99, 104)",בחר,
26,להתאקלם,VERB,VERB,HebBinyan=HITPAEL|HebSource=ConvUncertainHead|VerbForm=Inf,25.0,dep,"(105, 112)",התאקל,
27,או,CCONJ,CCONJ,,30.0,cc,"(113, 115)",או,
28,לא,ADV,ADV,Polarity=Neg,30.0,advmod,"(116, 118)",לא,
29,זה,PRON,PRON,Gender=Masc|Number=Sing|Person=3,30.0,nsubj,"(119, 121)",זה,
30,תלוי,ADJ,ADJ,Gender=Masc|Number=Sing,24.0,conj,"(122, 126)",תלוי,
31,רק,ADV,ADV,,32.0,advmod,"(127, 129)",רק,
"(32, 33)",בו,,,,,,"(130, 132)",,"[{'id': 32, 'text': 'ב_', 'upos': 'ADP', 'xpos': 'ADP', 'head': 33, 'deprel': 'case', 'lemma': 'ב'}, {'id': 33, 'text': '_הוא', 'upos': 'PRON', 'xpos': 'PRON', 'feats': 'Gender=Masc|Number=Sing|Person=3|PronType=Prs', 'head': 30, 'deprel': 'obl', 'lemma': 'הוא'}]"
34,"""",PUNCT,PUNCT,,24.0,punct,"(133, 134)","""",
35,"""",PUNCT,PUNCT,,37.0,punct,"(135, 136)","""",
36,זה,PRON,PRON,Gender=Masc|Number=Sing|Person=3,37.0,nsubj,"(137, 139)",זה,
37,רגיל,ADJ,ADJ,Gender=Masc|Number=Sing,62.0,parataxis,"(140, 144)",רגיל,
"(38, 39)",בשבילי,,,,,,"(145, 151)",,"[{'id': 38, 'text': 'בשביל_', 'upos': 'ADP', 'xpos': 'ADP', 'head': 39, 'deprel': 'case', 'lemma': 'בשביל'}, {'id': 39, 'text': '_אני', 'upos': 'PRON', 'xpos': 'PRON', 'feats': 'Gender=Fem,Masc|Number=Sing|Person=1|PronType=Prs', 'head': 37, 'deprel': 'obl', 'lemma': 'הוא'}]"
40,לחיות,VERB,VERB,HebSource=ConvUncertainHead|VerbForm=Inf,37.0,xcomp,"(152, 157)",לחיות,
"(41, 43)",בשיכון,,,,,,"(158, 164)",,"[{'id': 41, 'text': 'ב', 'upos': 'ADP', 'xpos': 'ADP', 'head': 43, 'deprel': 'case', 'lemma': 'ב'}, {'id': 42, 'text': 'ה_', 'upos': 'DET', 'xpos': 'DET', 'feats': 'PronType=Art', 'head': 43, 'deprel': 'det:def', 'lemma': 'ה'}, {'id': 43, 'text': 'שיכון', 'upos': 'NOUN', 'xpos': 'NOUN', 'feats': 'Gender=Masc|Number=Sing', 'head': 40, 'deprel': 'obl', 'lemma': 'שיכון'}]"
44,"""",PUNCT,PUNCT,,24.0,punct,"(164, 165)","""",
45,בית,NOUN,NOUN,Definite=Cons|Gender=Masc|HebSource=ConvUncertainHead|Number=Sing,62.0,dep,"(166, 169)",בית,
"(46, 47)",החלומות,,,,,,"(170, 177)",,"[{'id': 46, 'text': 'ה', 'upos': 'DET', 'xpos': 'DET', 'feats': 'PronType=Art', 'head': 47, 'deprel': 'det:def', 'lemma': 'ה'}, {'id': 47, 'text': 'חלומות', 'upos': 'NOUN', 'xpos': 'NOUN', 'feats': 'Gender=Masc|Number=Plur', 'head': 45, 'deprel': 'compound:smixut', 'lemma': 'חלום'}]"
48,-,PUNCT,PUNCT,HebSource=ConvUncertainHead,49.0,punct,"(178, 179)",-,
49,איך,ADV,ADV,HebSource=ConvUncertainHead|PronType=Int,45.0,advmod,"(180, 183)",איך,
"(50, 52)",׳יראה,,,,,,"(184, 189)",,"[{'id': 50, 'text': 'קירא_', 'upos': 'NOUN', 'xpos': 'NOUN', 'feats': 'Definite=Def|Gender=Masc|Number=Sing', 'head': 49, 'deprel': 'dep', 'lemma': 'קירא'}, {'id': 51, 'text': '_של_', 'upos': 'ADP', 'xpos': 'ADP', 'head': 52, 'deprel': 'case:gen', 'lemma': 'של'}, {'id': 52, 'text': '_היא', 'upos': 'PRON', 'xpos': 'PRON', 'feats': 'Case=Gen|Gender=Fem|Number=Sing|Person=3|PronType=Prs', 'head': 50, 'deprel': 'nmod:poss', 'lemma': 'הוא'}]"
"(53, 54)",מבפנים,,,,,,"(190, 196)",,"[{'id': 53, 'text': 'מ', 'upos': 'ADP', 'xpos': 'ADP', 'head': 54, 'deprel': 'case', 'lemma': 'מ'}, {'id': 54, 'text': 'בפנים', 'upos': 'NOUN', 'xpos': 'NOUN', 'feats': 'Gender=Fem|Number=Plur', 'head': 50, 'deprel': 'nmod', 'lemma': 'בפן'}]"
"(55, 56)",ומבחוץ,,,,,,"(197, 203)",,"[{'id': 55, 'text': 'ו', 'upos': 'CCONJ', 'xpos': 'CCONJ', 'head': 56, 'deprel': 'cc', 'lemma': 'ו'}, {'id': 56, 'text': 'מבחוץ', 'upos': 'ADV', 'xpos': 'ADV', 'head': 54, 'deprel': 'conj', 'lemma': 'מבחוץ'}]"
57,?,PUNCT,PUNCT,HebSource=ConvUncertainHead,8.0,punct,"(203, 204)",?,
58,•,PUNCT,PUNCT,,8.0,punct,"(205, 206)",•,
59,כל,DET,DET,Definite=Cons,61.0,det,"(207, 209)",כול,
"(60, 61)",המשתתפים,,,,,,"(210, 218)",,"[{'id': 60, 'text': 'ה', 'upos': 'DET', 'xpos': 'DET', 'feats': 'PronType=Art', 'head': 61, 'deprel': 'det:def', 'lemma': 'ה'}, {'id': 61, 'text': 'משתתפים', 'upos': 'NOUN', 'xpos': 'NOUN', 'feats': 'Gender=Masc|Number=Plur', 'head': 62, 'deprel': 'nsubj', 'lemma': 'משתתף'}]"
62,חולמים,VERB,VERB,"Gender=Masc|HebBinyan=PAAL|Number=Plur|Person=1,2,3|VerbForm=Part|Voice=Act",8.0,conj,"(219, 225)",חלם,
63,על,ADP,ADP,,64.0,case,"(226, 228)",על,
64,בית,NOUN,NOUN,Gender=Masc|Number=Sing,25.0,obl,"(229, 232)",בית,
65,פרטי,ADJ,ADJ,Gender=Masc|Number=Sing,64.0,amod,"(233, 237)",פרטי,
66,עם,ADP,ADP,,67.0,case,"(238, 240)",עם,
67,גינה,NOUN,NOUN,Gender=Fem|Number=Sing,64.0,nmod,"(241, 245)",גינה,
"(68, 70)",משלהם,,,,,,"(246, 251)",,"[{'id': 68, 'text': 'מ', 'upos': 'ADP', 'xpos': 'ADP', 'head': 70, 'deprel': 'case', 'lemma': 'מ'}, {'id': 69, 'text': 'שלהם', 'upos': 'ADP', 'xpos': 'ADP', 'feats': 'Case=Gen', 'head': 70, 'deprel': 'case:gen', 'lemma': 'של'}, {'id': 70, 'text': '_הם', 'upos': 'PRON', 'xpos': 'PRON', 'feats': 'Gender=Masc|Number=Plur|Person=3|PronType=Prs', 'head': 67, 'deprel': 'nmod', 'lemma': 'הוא'}]"
71,",",PUNCT,PUNCT,,37.0,punct,"(251, 252)",",",
"(72, 73)",ואף,,,,,,"(253, 256)",,"[{'id': 72, 'text': 'ו', 'upos': 'CCONJ', 'xpos': 'CCONJ', 'head': 76, 'deprel': 'cc', 'lemma': 'ו'}, {'id': 73, 'text': 'אף', 'upos': 'DET', 'xpos': 'DET', 'feats': 'Definite=Cons', 'head': 74, 'deprel': 'det', 'lemma': 'אף'}]"
74,מרואיין,NOUN,NOUN,Gender=Masc|Number=Sing,76.0,nsubj,"(257, 264)",מרואיין,
75,לא,ADV,ADV,Polarity=Neg,76.0,advmod,"(265, 267)",לא,
76,השתמש,VERB,VERB,Gender=Masc|HebBinyan=HITPAEL|Number=Sing|Person=3|Tense=Past,37.0,conj,"(268, 273)",השתמש,
"(77, 78)",במילה,,,,,,"(274, 279)",,"[{'id': 77, 'text': 'ב', 'upos': 'ADP', 'xpos': 'ADP', 'head': 78, 'deprel': 'case', 'lemma': 'ב'}, {'id': 78, 'text': 'מילה', 'upos': 'NOUN', 'xpos': 'NOUN', 'feats': 'Gender=Fem|Number=Sing', 'head': 76, 'deprel': 'obl', 'lemma': 'מילה'}]"
79,דירה,NOUN,NOUN,Gender=Fem|Number=Sing,78.0,nmod,"(280, 284)",דירה,
80,או,CCONJ,CCONJ,,81.0,cc,"(285, 287)",או,
81,שיכון,NOUN,NOUN,Gender=Masc|Number=Sing,79.0,conj,"(288, 293)",שיכון,
82,כדי,ADP,ADP,,83.0,case,"(294, 297)",כדי,
83,לתאר,VERB,VERB,HebBinyan=PIEL|VerbForm=Inf|Voice=Act,76.0,advcl,"(298, 302)",תיאר,
84,את,ADP,ADP,Case=Acc,85.0,case:acc,"(303, 305)",את,
85,בית,NOUN,NOUN,Definite=Cons|Gender=Masc|Number=Sing,83.0,obj,"(306, 309)",בית,
"(86, 87)",החלומות,,,,,,"(310, 317)",,"[{'id': 86, 'text': 'ה', 'upos': 'DET', 'xpos': 'DET', 'feats': 'PronType=Art', 'head': 87, 'deprel': 'det:def', 'lemma': 'ה'}, {'id': 87, 'text': 'חלומות', 'upos': 'NOUN', 'xpos': 'NOUN', 'feats': 'Gender=Masc|Number=Plur', 'head': 85, 'deprel': 'compound:smixut', 'lemma': 'חלום'}]"
"(88, 89)",שלו,,,,,,"(318, 321)",,"[{'id': 88, 'text': 'של_', 'upos': 'ADP', 'xpos': 'ADP', 'feats': 'Case=Gen', 'head': 89, 'deprel': 'case:gen', 'lemma': 'של'}, {'id': 89, 'text': '_הוא', 'upos': 'PRON', 'xpos': 'PRON', 'feats': 'Gender=Masc|Number=Sing|Person=3|PronType=Prs', 'head': 85, 'deprel': 'nmod:poss', 'lemma': 'הוא'}]"
1,אך,CCONJ,CCONJ,,23.0,cc,"(1, 3)",אך,
2,מאחר,CCONJ,CCONJ,,8.0,mark,"(4, 8)",מאחר,
"(3, 4)",והשגת,,,,,,"(9, 14)",,"[{'id': 3, 'text': 'ו', 'upos': 'CCONJ', 'xpos': 'CCONJ', 'head': 2, 'deprel': 'fixed', 'lemma': 'ו'}, {'id': 4, 'text': 'השגת', 'upos': 'NOUN', 'xpos': 'NOUN', 'feats': 'Definite=Cons|Gender=Fem|Number=Sing', 'head': 8, 'deprel': 'nsubj', 'lemma': 'השגה'}]"
5,בית,NOUN,NOUN,Gender=Masc|Number=Sing,4.0,compound:smixut,"(15, 18)",בית,
"(6, 7)",משלך,,,,,,"(19, 23)",,"[{'id': 6, 'text': 'מ', 'upos': 'ADP', 'xpos': 'ADP', 'head': 5, 'deprel': 'case', 'lemma': 'מ'}, {'id': 7, 'text': 'שלך', 'upos': 'VERB', 'xpos': 'VERB', 'head': 5, 'deprel': 'case:gen', 'lemma': 'שלך'}]"
8,נחשב,VERB,VERB,"Gender=Masc|HebBinyan=NIFAL|Number=Sing|Person=1,2,3|VerbForm=Part|Voice=Mid",23.0,advcl,"(24, 28)",נחשב,
"(9, 10)",לדבר,,,,,,"(29, 33)",,"[{'id': 9, 'text': 'ל', 'upos': 'ADP', 'xpos': 'ADP', 'head': 10, 'deprel': 'case', 'lemma': 'ל'}, {'id': 10, 'text': 'דבר', 'upos': 'NOUN', 'xpos': 'NOUN', 'feats': 'Gender=Masc|Number=Sing', 'head': 8, 'deprel': 'obl', 'lemma': 'דבר'}]"
11,בסיסי,ADJ,ADJ,Gender=Masc|Number=Sing,10.0,amod,"(34, 39)",בסיסי,
"(12, 13)",וחובה,,,,,,"(40, 45)",,"[{'id': 12, 'text': 'ו', 'upos': 'CCONJ', 'xpos': 'CCONJ', 'head': 13, 'deprel': 'cc', 'lemma': 'ו'}, {'id': 13, 'text': 'חובה', 'upos': 'NOUN', 'xpos': 'NOUN', 'feats': 'Gender=Fem|Number=Sing', 'head': 10, 'deprel': 'conj', 'lemma': 'חובה'}]"
"(14, 15)",כנורמה,,,,,,"(46, 52)",,"[{'id': 14, 'text': 'כ', 'upos': 'ADP', 'xpos': 'ADP', 'head': 15, 'deprel': 'case', 'lemma': 'כ'}, {'id': 15, 'text': 'נורמה', 'upos': 'NOUN', 'xpos': 'NOUN', 'feats': 'Gender=Fem|Number=Sing', 'head': 13, 'deprel': 'nmod', 'lemma': 'נורמה'}]"
16,חברתית,ADJ,ADJ,Gender=Fem|Number=Sing,15.0,amod,"(53, 59)",חברתי,
"(17, 18)",השיחה,,,,,,"(60, 65)",,"[{'id': 17, 'text': 'ה', 'upos': 'DET', 'xpos': 'DET', 'feats': 'PronType=Art', 'head': 18, 'deprel': 'det:def', 'lemma': 'ה'}, {'id': 18, 'text': 'שיחה', 'upos': 'NOUN', 'xpos': 'NOUN', 'feats': 'Gender=Fem|Number=Sing', 'head': 23, 'deprel': 'nsubj', 'lemma': 'שיחה'}]"
19,סביב,ADP,ADP,,20.0,case,"(66, 70)",סביב,
20,בית,NOUN,NOUN,Definite=Cons|Gender=Masc|Number=Sing,18.0,nmod,"(71, 74)",בית,
"(21, 22)",החלומות,,,,,,"(75, 82)",,"[{'id': 21, 'text': 'ה', 'upos': 'DET', 'xpos': 'DET', 'feats': 'PronType=Art', 'head': 22, 'deprel': 'det:def', 'lemma': 'ה'}, {'id': 22, 'text': 'חלומות', 'upos': 'NOUN', 'xpos': 'NOUN', 'feats': 'Gender=Masc|Number=Plur', 'head': 20, 'deprel': 'compound:smixut', 'lemma': 'חלום'}]"
23,נשארה,VERB,VERB,Gender=Fem|HebBinyan=NIFAL|Number=Sing|Person=3|Tense=Past|Voice=Mid,0.0,root,"(83, 88)",נשאר,
24,בתוך,ADP,ADP,,26.0,case,"(89, 93)",בתוך,
"(25, 26)",המציאות,,,,,,"(94, 101)",,"[{'id': 25, 'text': 'ה', 'upos': 'DET', 'xpos': 'DET', 'feats': 'PronType=Art', 'head': 26, 'deprel': 'det:def', 'lemma': 'ה'}, {'id': 26, 'text': 'מציאות', 'upos': 'NOUN', 'xpos': 'NOUN', 'feats': 'Gender=Fem|Number=Sing', 'head': 23, 'deprel': 'obl', 'lemma': 'מציאות'}]"
"(27, 28)",ולא,,,,,,"(102, 105)",,"[{'id': 27, 'text': 'ו', 'upos': 'CCONJ', 'xpos': 'CCONJ', 'head': 30, 'deprel': 'cc', 'lemma': 'ו'}, {'id': 28, 'text': 'לא', 'upos': 'ADV', 'xpos': 'ADV', 'feats': 'Polarity=Neg', 'head': 30, 'deprel': 'det', 'lemma': 'לא'}]"
"(29, 30)",עלו,,,,,,"(106, 109)",,"[{'id': 29, 'text': 'על_', 'upos': 'ADP', 'xpos': 'ADP', 'head': 30, 'deprel': 'case', 'lemma': 'על'}, {'id': 30, 'text': '_הוא', 'upos': 'PRON', 'xpos': 'PRON', 'feats': 'Gender=Masc|Number=Sing|Person=3|PronType=Prs', 'head': 23, 'deprel': 'conj', 'lemma': 'הוא'}]"
31,תכנים,NOUN,NOUN,Gender=Masc|Number=Plur,30.0,nsubj,"(110, 115)",תוכן,
32,דמיוניים,ADJ,ADJ,Gender=Masc|Number=Plur,31.0,amod,"(116, 124)",דמיוני,
33,של,ADP,ADP,Case=Gen,35.0,case:gen,"(125, 127)",של,
"(34, 35)",החלום,,,,,,"(128, 133)",,"[{'id': 34, 'text': 'ה', 'upos': 'DET', 'xpos': 'DET', 'feats': 'PronType=Art', 'head': 35, 'deprel': 'det:def', 'lemma': 'ה'}, {'id': 35, 'text': 'חלום', 'upos': 'NOUN', 'xpos': 'NOUN', 'feats': 'Gender=Masc|Number=Sing', 'head': 31, 'deprel': 'nmod', 'lemma': 'חלום'}]"
"(36, 37)",הפרוע,,,,,,"(134, 139)",,"[{'id': 36, 'text': 'ה', 'upos': 'DET', 'xpos': 'DET', 'feats': 'PronType=Art', 'head': 37, 'deprel': 'det:def', 'lemma': 'ה'}, {'id': 37, 'text': 'פרוע', 'upos': 'ADJ', 'xpos': 'ADJ', 'feats': 'Gender=Masc|Number=Sing', 'head': 35, 'deprel': 'amod', 'lemma': 'פרוע'}]"
38,או,CCONJ,CCONJ,,40.0,cc,"(140, 142)",או,
"(39, 40)",הפנטזיה,,,,,,"(143, 150)",,"[{'id': 39, 'text': 'ה', 'upos': 'DET', 'xpos': 'DET', 'feats': 'PronType=Art', 'head': 40, 'deprel': 'det:def', 'lemma': 'ה'}, {'id': 40, 'text': 'פנטזיה', 'upos': 'NOUN', 'xpos': 'NOUN', 'feats': 'Gender=Fem|Number=Sing', 'head': 35, 'deprel': 'conj', 'lemma': 'פנטזיה'}]"
41,של,ADP,ADP,Case=Gen,43.0,case:gen,"(151, 153)",של,
"(42, 43)",הבית,,,,,,"(154, 158)",,"[{'id': 42, 'text': 'ה', 'upos': 'DET', 'xpos': 'DET', 'feats': 'PronType=Art', 'head': 43, 'deprel': 'det:def', 'lemma': 'ה'}, {'id': 43, 'text': 'בית', 'upos': 'NOUN', 'xpos': 'NOUN', 'feats': 'Gender=Masc|Number=Sing', 'head': 40, 'deprel': 'nmod:poss', 'lemma': 'בית'}]"
1,•,PUNCT,PUNCT,,9.0,punct,"(1, 2)",•,
"(2, 3)",ההבדל,,,,,,"(3, 8)",,"[{'id': 2, 'text': 'ה', 'upos': 'DET', 'xpos': 'DET', 'feats': 'PronType=Art', 'head': 3, 'deprel': 'det:def', 'lemma': 'ה'}, {'id': 3, 'text': 'הבדל', 'upos': 'NOUN', 'xpos': 'NOUN', 'feats': 'Gender=Masc|Number=Sing', 'head': 9, 'deprel': 'nsubj', 'lemma': 'הבדל'}]"
4,בין,ADP,ADP,,6.0,case,"(9, 12)",בין,
"(5, 6)",הקבוצות,,,,,,"(13, 20)",,"[{'id': 5, 'text': 'ה', 'upos': 'DET', 'xpos': 'DET', 'feats': 'PronType=Art', 'head': 6, 'deprel': 'det:def', 'lemma': 'ה'}, {'id': 6, 'text': 'קבוצות', 'upos': 'NOUN', 'xpos': 'NOUN', 'feats': 'Gender=Fem|Number=Plur', 'head': 3, 'deprel': 'nmod', 'lemma': 'קבוצה'}]"
7,היה,AUX,AUX,Gender=Masc|Number=Sing|Person=3|Polarity=Pos|Tense=Past|VerbType=Cop,9.0,cop,"(21, 24)",היה,
8,בין,ADP,ADP,,9.0,case,"(25, 28)",בין,
9,קבוצות,NOUN,NOUN,Definite=Cons|Gender=Fem|Number=Plur,0.0,root,"(29, 35)",קבוצה,
"(10, 11)",הגברים,,,,,,"(36, 42)",,"[{'id': 10, 'text': 'ה', 'upos': 'DET', 'xpos': 'DET', 'feats': 'PronType=Art', 'head': 11, 'deprel': 'det:def', 'lemma': 'ה'}, {'id': 11, 'text': 'גברים', 'upos': 'NOUN', 'xpos': 'NOUN', 'feats': 'Gender=Masc|Number=Plur', 'head': 9, 'deprel': 'compound:smixut', 'lemma': 'גבר'}]"
12,לבין,ADP,ADP,,13.0,case,"(43, 47)",לבין,
13,קבוצות,NOUN,NOUN,Definite=Cons|Gender=Fem|Number=Plur,9.0,conj,"(48, 54)",קבוצה,
"(14, 15)",הנשים,,,,,,"(55, 60)",,"[{'id': 14, 'text': 'ה', 'upos': 'DET', 'xpos': 'DET', 'feats': 'PronType=Art', 'head': 15, 'deprel': 'det:def', 'lemma': 'ה'}, {'id': 15, 'text': 'נשים', 'upos': 'NOUN', 'xpos': 'NOUN', 'feats': 'Gender=Fem|Number=Plur', 'head': 13, 'deprel': 'compound:smixut', 'lemma': 'איש'}]"
16,-,PUNCT,PUNCT,,9.0,punct,"(61, 62)",-,
17,כאשר,SCONJ,SCONJ,,19.0,mark,"(63, 67)",כאשר,
18,הן,PRON,PRON,Gender=Fem|Number=Plur|Person=3|PronType=Prs,19.0,nsubj,"(68, 70)",הוא,
19,התמקדו,VERB,VERB,"Gender=Fem,Masc|HebBinyan=HITPAEL|Number=Plur|Person=3|Tense=Past",9.0,advcl,"(71, 77)",התמקד,
20,יותר,ADV,ADV,,19.0,advmod,"(78, 82)",יותר,
"(21, 22)",בפירוט,,,,,,"(83, 89)",,"[{'id': 21, 'text': 'ב', 'upos': 'ADP', 'xpos': 'ADP', 'head': 22, 'deprel': 'case', 'lemma': 'ב'}, {'id': 22, 'text': 'פירוט', 'upos': 'NOUN', 'xpos': 'NOUN', 'feats': 'Gender=Masc|Number=Sing', 'head': 19, 'deprel': 'obl', 'lemma': 'פירוט'}]"
"(23, 25)",ובתיאור,,,,,,"(90, 97)",,"[{'id': 23, 'text': 'ו', 'upos': 'CCONJ', 'xpos': 'CCONJ', 'head': 25, 'deprel': 'cc', 'lemma': 'ו'}, {'id': 24, 'text': 'ב', 'upos': 'ADP', 'xpos': 'ADP', 'head': 25, 'deprel': 'case', 'lemma': 'ב'}, {'id': 25, 'text': 'תיאור', 'upos': 'NOUN', 'xpos': 'NOUN', 'feats': 'Gender=Masc|Number=Sing', 'head': 22, 'deprel': 'conj', 'lemma': 'תיאור'}]"
26,של,ADP,ADP,Case=Gen,27.0,case:gen,"(98, 100)",של,
27,בית,NOUN,NOUN,Gender=Masc|Number=Sing,25.0,nmod:poss,"(101, 104)",בית,
"(28, 29)",מבחינת,,,,,,"(105, 111)",,"[{'id': 28, 'text': 'מ', 'upos': 'ADP', 'xpos': 'ADP', 'head': 29, 'deprel': 'case', 'lemma': 'מ'}, {'id': 29, 'text': 'בחינת', 'upos': 'NOUN', 'xpos': 'NOUN', 'feats': 'Definite=Cons|Gender=Fem|Number=Sing', 'head': 22, 'deprel': 'nmod', 'lemma': 'בחינה'}]"
"(30, 31)",העיצוב,,,,,,"(112, 118)",,"[{'id': 30, 'text': 'ה', 'upos': 'DET', 'xpos': 'DET', 'feats': 'PronType=Art', 'head': 31, 'deprel': 'det:def', 'lemma': 'ה'}, {'id': 31, 'text': 'עיצוב', 'upos': 'NOUN', 'xpos': 'NOUN', 'feats': 'Gender=Masc|Number=Sing', 'head': 29, 'deprel': 'compound:smixut', 'lemma': 'עיצוב'}]"
32,",",PUNCT,PUNCT,,31.0,punct,"(118, 119)",",",
"(33, 34)",החדרים,,,,,,"(120, 126)",,"[{'id': 33, 'text': 'ה', 'upos': 'DET', 'xpos': 'DET', 'feats': 'PronType=Art', 'head': 34, 'deprel': 'det:def', 'lemma': 'ה'}, {'id': 34, 'text': 'חדרים', 'upos': 'NOUN', 'xpos': 'NOUN', 'feats': 'Gender=Masc|Number=Plur', 'head': 31, 'deprel': 'conj', 'lemma': 'חדר'}]"
35,",",PUNCT,PUNCT,,31.0,punct,"(126, 127)",",",
"(36, 37)",הנוחיות,,,,,,"(128, 135)",,"[{'id': 36, 'text': 'ה', 'upos': 'DET', 'xpos': 'DET', 'feats': 'PronType=Art', 'head': 37, 'deprel': 'det:def', 'lemma': 'ה'}, {'id': 37, 'text': 'נוחיות', 'upos': 'NOUN', 'xpos': 'NOUN', 'feats': 'Gender=Fem|Number=Sing', 'head': 31, 'deprel': 'conj', 'lemma': 'נוחיות'}]"
38,",",PUNCT,PUNCT,,31.0,punct,"(135, 136)",",",
"(39, 40)",האופי,,,,,,"(137, 142)",,"[{'id': 39, 'text': 'ה', 'upos': 'DET', 'xpos': 'DET', 'feats': 'PronType=Art', 'head': 40, 'deprel': 'det:def', 'lemma': 'ה'}, {'id': 40, 'text': 'אופי', 'upos': 'NOUN', 'xpos': 'NOUN', 'feats': 'Gender=Masc|Number=Sing', 'head': 31, 'deprel': 'conj', 'lemma': 'אופי'}]"
1,אך,CCONJ,CCONJ,,3.0,cc,"(1, 3)",אך,
2,גם,ADV,ADV,,3.0,advmod,"(4, 6)",גם,
3,עלו,VERB,VERB,"Gender=Fem,Masc|HebBinyan=PAAL|Number=Plur|Person=3|Tense=Past|Voice=Act",0.0,root,"(7, 10)",עלה,
4,תכנים,NOUN,NOUN,Gender=Masc|Number=Plur,3.0,nsubj,"(11, 16)",תוכן,
5,פונקציונאליים,ADJ,ADJ,Gender=Masc|Number=Plur,4.0,amod,"(17, 30)",פונקציונלי,
6,פרקטיים,ADJ,ADJ,Gender=Masc|Number=Plur,4.0,amod,"(31, 38)",פרקטי,
7,:,PUNCT,PUNCT,,4.0,punct,"(39, 40)",:,
8,"""",PUNCT,PUNCT,,10.0,punct,"(41, 42)","""",
"(9, 10)",שיהיה,,,,,,"(42, 47)",,"[{'id': 9, 'text': 'ש', 'upos': 'SCONJ', 'xpos': 'SCONJ', 'head': 10, 'deprel': 'mark', 'lemma': 'ש'}, {'id': 10, 'text': 'יהיה', 'upos': 'AUX', 'xpos': 'AUX', 'feats': 'Gender=Masc|Number=Sing|Person=3|Polarity=Pos|Tense=Fut|VerbType=Cop', 'head': 3, 'deprel': 'advcl', 'lemma': 'היה'}]"
11,עם,ADP,ADP,,12.0,case,"(48, 50)",עם,
12,גינה,NOUN,NOUN,Gender=Fem|Number=Sing,10.0,obl,"(51, 55)",גינה,
13,",",PUNCT,PUNCT,HebSource=ConvUncertainHead,10.0,punct,"(55, 56)",",",
14,מרווח,NOUN,NOUN,Gender=Masc|HebSource=ConvUncertainHead|Number=Sing,12.0,dep,"(57, 62)",מרווח,
15,",",PUNCT,PUNCT,HebSource=ConvUncertainHead,12.0,punct,"(63, 64)",",",
16,מקום,NOUN,NOUN,Gender=Masc|HebSource=ConvUncertainHead|Number=Sing,12.0,dep,"(65, 69)",מקום,
17,עם,ADP,ADP,,19.0,case,"(70, 72)",עם,
18,מספיק,DET,DET,Definite=Cons,19.0,det,"(73, 78)",מספיק,
19,שטח,NOUN,NOUN,Gender=Masc|Number=Sing,16.0,nmod,"(79, 82)",שטח,
"(20, 22)",לילדים,,,,,,"(83, 89)",,"[{'id': 20, 'text': 'ל', 'upos': 'ADP', 'xpos': 'ADP', 'head': 22, 'deprel': 'case', 'lemma': 'ל'}, {'id': 21, 'text': 'ה_', 'upos': 'DET', 'xpos': 'DET', 'feats': 'PronType=Art', 'head': 22, 'deprel': 'det:def', 'lemma': 'ה'}, {'id': 22, 'text': 'ילדים', 'upos': 'NOUN', 'xpos': 'NOUN', 'feats': 'Gender=Masc|Number=Plur', 'head': 19, 'deprel': 'nmod', 'lemma': 'ילד'}]"
23,",",PUNCT,PUNCT,HebSource=ConvUncertainHead,10.0,dep,"(90, 91)",",",
24,"""",PUNCT,PUNCT,,10.0,punct,"(92, 93)","""",
25,גג,NOUN,NOUN,Gender=Masc|HebSource=ConvUncertainHead|Number=Sing,10.0,dep,"(93, 95)",גג,
26,של,ADP,ADP,Case=Gen,27.0,case:gen,"(96, 98)",של,
27,בית,NOUN,NOUN,Gender=Masc|Number=Sing,25.0,nmod:poss,"(99, 102)",בית,
"(28, 29)",לבנות,,,,,,"(103, 108)",,"[{'id': 28, 'text': 'ל', 'upos': 'ADP', 'xpos': 'ADP', 'head': 29, 'deprel': 'case', 'lemma': 'ל'}, {'id': 29, 'text': 'בנות', 'upos': 'NOUN', 'xpos': 'NOUN', 'feats': 'Gender=Fem|Number=Plur', 'head': 25, 'deprel': 'nmod', 'lemma': 'בת'}]"
"(30, 32)",לילדים,,,,,,"(109, 115)",,"[{'id': 30, 'text': 'ל', 'upos': 'ADP', 'xpos': 'ADP', 'head': 32, 'deprel': 'case', 'lemma': 'ל'}, {'id': 31, 'text': 'ה_', 'upos': 'DET', 'xpos': 'DET', 'feats': 'PronType=Art', 'head': 32, 'deprel': 'det:def', 'lemma': 'ה'}, {'id': 32, 'text': 'ילדים', 'upos': 'NOUN', 'xpos': 'NOUN', 'feats': 'Gender=Masc|Number=Plur', 'head': 29, 'deprel': 'nmod', 'lemma': 'ילד'}]"
33,או,CCONJ,CCONJ,,35.0,cc,"(116, 118)",או,
"(34, 35)",לנכדים,,,,,,"(119, 125)",,"[{'id': 34, 'text': 'ל', 'upos': 'ADP', 'xpos': 'ADP', 'head': 35, 'deprel': 'case', 'lemma': 'ל'}, {'id': 35, 'text': 'נכדים', 'upos': 'NOUN', 'xpos': 'NOUN', 'feats': 'Gender=Masc|Number=Plur', 'head': 32, 'deprel': 'conj', 'lemma': 'נכד'}]"
"(1, 3)",והגברים,,,,,,"(1, 8)",,"[{'id': 1, 'text': 'ו', 'upos': 'CCONJ', 'xpos': 'CCONJ', 'head': 176, 'deprel': 'cc', 'lemma': 'ו'}, {'id': 2, 'text': 'ה', 'upos': 'DET', 'xpos': 'DET', 'feats': 'PronType=Art', 'head': 3, 'deprel': 'det:def', 'lemma': 'ה'}, {'id': 3, 'text': 'גברים', 'upos': 'NOUN', 'xpos': 'NOUN', 'feats': 'Gender=Masc|Number=Plur', 'head': 4, 'deprel': 'nsubj', 'lemma': 'גבר'}]"
4,העלו,VERB,VERB,"Gender=Fem,Masc|HebBinyan=HIFIL|Number=Plur|Person=3|Tense=Past|Voice=Act",176.0,conj,"(9, 13)",העלה,
5,תכנים,NOUN,NOUN,Gender=Masc|Number=Plur,4.0,obj,"(14, 19)",תוכן,
6,בסיסיים,ADJ,ADJ,Gender=Masc|Number=Plur,5.0,amod,"(20, 27)",בסיסי,
7,יותר,ADV,ADV,,6.0,advmod,"(28, 32)",יותר,
8,עם,ADP,ADP,,9.0,case,"(33, 35)",עם,
9,דגש,NOUN,NOUN,Gender=Masc|Number=Sing,5.0,nmod,"(36, 39)",דגש,
10,על,ADP,ADP,,11.0,case,"(40, 42)",על,
11,נושא,NOUN,NOUN,Definite=Cons|Gender=Masc|Number=Sing,9.0,nmod,"(43, 47)",נושא,
"(12, 13)",הרכוש,,,,,,"(48, 53)",,"[{'id': 12, 'text': 'ה', 'upos': 'DET', 'xpos': 'DET', 'feats': 'PronType=Art', 'head': 13, 'deprel': 'det:def', 'lemma': 'ה'}, {'id': 13, 'text': 'רכוש', 'upos': 'NOUN', 'xpos': 'NOUN', 'feats': 'Gender=Masc|Number=Sing', 'head': 11, 'deprel': 'compound:smixut', 'lemma': 'רכוש'}]"
14,:,PUNCT,PUNCT,,4.0,punct,"(54, 55)",:,
15,"""",PUNCT,PUNCT,,17.0,punct,"(56, 57)","""",
"(16, 17)",שיהיה,,,,,,"(57, 62)",,"[{'id': 16, 'text': 'ש', 'upos': 'SCONJ', 'xpos': 'SCONJ', 'head': 17, 'deprel': 'mark', 'lemma': 'ש'}, {'id': 17, 'text': 'יהיה', 'upos': 'VERB', 'xpos': 'VERB', 'feats': 'Gender=Masc|HebExistential=True|Number=Sing|Person=3|Polarity=Pos|Tense=Fut', 'head': 4, 'deprel': 'conj', 'lemma': 'היה'}]"
18,רכוש,NOUN,NOUN,Gender=Masc|Number=Sing,17.0,nsubj,"(63, 67)",רכוש,
"(19, 20)",שלי,,,,,,"(68, 71)",,"[{'id': 19, 'text': 'של_', 'upos': 'ADP', 'xpos': 'ADP', 'feats': 'Case=Gen', 'head': 20, 'deprel': 'case:gen', 'lemma': 'של'}, {'id': 20, 'text': '_אני', 'upos': 'PRON', 'xpos': 'PRON', 'feats': 'Gender=Fem,Masc|Number=Sing|Person=1|PronType=Prs', 'head': 18, 'deprel': 'nmod:poss', 'lemma': 'הוא'}]"
21,"""",PUNCT,PUNCT,,22.0,punct,"(72, 73)","""",
22,בית,NOUN,NOUN,Gender=Masc|Number=Sing,17.0,dep,"(73, 76)",בית,
"(23, 24)",משלי,,,,,,"(77, 81)",,"[{'id': 23, 'text': 'מ', 'upos': 'ADP', 'xpos': 'ADP', 'head': 24, 'deprel': 'case', 'lemma': 'מ'}, {'id': 24, 'text': 'שלי', 'upos': 'VERB', 'xpos': 'VERB', 'feats': 'Case=Gen', 'head': 22, 'deprel': 'nmod', 'lemma': 'של'}]"
25,"""",PUNCT,PUNCT,,22.0,punct,"(81, 82)","""",
"(26, 28)",ומצד,,,,,,"(83, 87)",,"[{'id': 26, 'text': 'ו', 'upos': 'CCONJ', 'xpos': 'CCONJ', 'head': 30, 'deprel': 'cc', 'lemma': 'ו'}, {'id': 27, 'text': 'מ', 'upos': 'ADP', 'xpos': 'ADP', 'head': 28, 'deprel': 'case', 'lemma': 'מ'}, {'id': 28, 'text': 'צד', 'upos': 'NOUN', 'xpos': 'NOUN', 'feats': 'Gender=Masc|Number=Sing', 'head': 30, 'deprel': 'obl', 'lemma': 'צד'}]"
29,שני,NUM,NUM,Gender=Masc|Number=Sing,28.0,amod,"(88, 91)",שני,
30,עלה,VERB,VERB,Gender=Masc|HebBinyan=PAAL|Number=Sing|Person=3|Tense=Past|Voice=Act,4.0,conj,"(92, 95)",עלה,
31,נושא,NOUN,NOUN,Definite=Cons|Gender=Masc|Number=Sing,30.0,nsubj,"(96, 100)",נושא,
"(32, 33)",הגודל,,,,,,"(101, 106)",,"[{'id': 32, 'text': 'ה', 'upos': 'DET', 'xpos': 'DET', 'feats': 'PronType=Art', 'head': 33, 'deprel': 'det:def', 'lemma': 'ה'}, {'id': 33, 'text': 'גודל', 'upos': 'NOUN', 'xpos': 'NOUN', 'feats': 'Gender=Masc|Number=Sing', 'head': 31, 'deprel': 'compound:smixut', 'lemma': 'גודל'}]"
"(34, 36)",והמרווח,,,,,,"(107, 114)",,"[{'id': 34, 'text': 'ו', 'upos': 'CCONJ', 'xpos': 'CCONJ', 'head': 36, 'deprel': 'cc', 'lemma': 'ו'}, {'id': 35, 'text': 'ה', 'upos': 'DET', 'xpos': 'DET', 'feats': 'PronType=Art', 'head': 36, 'deprel': 'det:def', 'lemma': 'ה'}, {'id': 36, 'text': 'מרווח', 'upos': 'NOUN', 'xpos': 'NOUN', 'feats': 'Gender=Masc|Number=Sing', 'head': 33, 'deprel': 'conj', 'lemma': 'מרווח'}]"
"(37, 38)",כחשוב,,,,,,"(115, 120)",,"[{'id': 37, 'text': 'כ', 'upos': 'ADP', 'xpos': 'ADP', 'head': 38, 'deprel': 'case', 'lemma': 'כ'}, {'id': 38, 'text': 'חשוב', 'upos': 'ADJ', 'xpos': 'ADJ', 'feats': 'Gender=Masc|Number=Sing', 'head': 30, 'deprel': 'obl', 'lemma': 'חשוב'}]"
"(39, 42)",בעיניהם,,,,,,"(121, 128)",,"[{'id': 39, 'text': 'ב', 'upos': 'ADP', 'xpos': 'ADP', 'head': 40, 'deprel': 'case', 'lemma': 'ב'}, {'id': 40, 'text': 'עין_', 'upos': 'NOUN', 'xpos': 'NOUN', 'feats': 'Definite=Def|Gender=Fem|Number=Plur', 'head': 38, 'deprel': 'advmod', 'lemma': 'עין'}, {'id': 41, 'text': '_של_', 'upos': 'ADP', 'xpos': 'ADP', 'head': 42, 'deprel': 'case:gen', 'lemma': 'של'}, {'id': 42, 'text': '_הם', 'upos': 'PRON', 'xpos': 'PRON', 'feats': 'Case=Gen|Gender=Masc|Number=Plur|Person=3|PronType=Prs', 'head': 40, 'deprel': 'nmod:poss', 'lemma': 'הוא'}]"
43,"""",PUNCT,PUNCT,,45.0,punct,"(129, 130)","""",
"(44, 45)",שיהיה,,,,,,"(130, 135)",,"[{'id': 44, 'text': 'ש', 'upos': 'SCONJ', 'xpos': 'SCONJ', 'head': 45, 'deprel': 'mark', 'lemma': 'ש'}, {'id': 45, 'text': 'יהיה', 'upos': 'VERB', 'xpos': 'VERB', 'feats': 'Gender=Masc|HebExistential=True|Number=Sing|Person=3|Polarity=Pos|Tense=Fut', 'head': 214, 'deprel': 'advcl', 'lemma': 'היה'}]"
46,בית,NOUN,NOUN,Gender=Masc|Number=Sing,45.0,nsubj,"(136, 139)",בית,
47,מרווח,ADJ,ADJ,Gender=Masc|Number=Sing,46.0,amod,"(140, 145)",מרווח,
"(48, 49)",וגדול,,,,,,"(146, 151)",,"[{'id': 48, 'text': 'ו', 'upos': 'CCONJ', 'xpos': 'CCONJ', 'head': 49, 'deprel': 'cc', 'lemma': 'ו'}, {'id': 49, 'text': 'גדול', 'upos': 'ADJ', 'xpos': 'ADJ', 'feats': 'Gender=Masc|Number=Sing', 'head': 47, 'deprel': 'conj', 'lemma': 'גדול'}]"
50,"""",PUNCT,PUNCT,,45.0,punct,"(151, 152)","""",
51,•,PUNCT,PUNCT,,164.0,punct,"(153, 154)",•,
52,דוגמאות,NOUN,NOUN,Gender=Fem|Number=Plur,164.0,dep,"(155, 162)",דוגמה,
"(53, 54)",וציטוטים,,,,,,"(163, 171)",,"[{'id': 53, 'text': 'ו', 'upos': 'CCONJ', 'xpos': 'CCONJ', 'head': 54, 'deprel': 'cc', 'lemma': 'ו'}, {'id': 54, 'text': 'ציטוטים', 'upos': 'NOUN', 'xpos': 'NOUN', 'feats': 'Gender=Masc|Number=Plur', 'head': 52, 'deprel': 'conj', 'lemma': 'ציטוט'}]"
55,של,ADP,ADP,Case=Gen,56.0,case:gen,"(172, 174)",של,
56,בית,NOUN,NOUN,Definite=Cons|Gender=Masc|Number=Sing,152.0,nmod:poss,"(175, 178)",בית,
"(57, 58)",החלומות,,,,,,"(179, 186)",,"[{'id': 57, 'text': 'ה', 'upos': 'DET', 'xpos': 'DET', 'feats': 'PronType=Art', 'head': 58, 'deprel': 'det:def', 'lemma': 'ה'}, {'id': 58, 'text': 'חלומות', 'upos': 'NOUN', 'xpos': 'NOUN', 'feats': 'Gender=Masc|Number=Plur', 'head': 56, 'deprel': 'compound:smixut', 'lemma': 'חלום'}]"
59,:,PUNCT,PUNCT,,61.0,punct,"(187, 188)",:,
60,"""",PUNCT,PUNCT,,61.0,punct,"(189, 190)","""",
61,בית,NOUN,NOUN,Gender=Masc|Number=Sing,52.0,nmod,"(190, 193)",בית,
62,גדול,ADJ,ADJ,Gender=Masc|Number=Sing,61.0,amod,"(194, 198)",גדול,
"(63, 64)",ורחב,,,,,,"(199, 203)",,"[{'id': 63, 'text': 'ו', 'upos': 'CCONJ', 'xpos': 'CCONJ', 'head': 64, 'deprel': 'cc', 'lemma': 'ו'}, {'id': 64, 'text': 'רחב', 'upos': 'ADJ', 'xpos': 'ADJ', 'feats': 'Gender=Masc|Number=Sing', 'head': 62, 'deprel': 'conj', 'lemma': 'רחב'}]"
65,סלון,NOUN,NOUN,Gender=Masc|HebSource=ConvUncertainHead|Number=Sing,62.0,dep,"(204, 208)",סלון,
66,גדול,ADJ,ADJ,Gender=Masc|Number=Sing,65.0,amod,"(209, 213)",גדול,
67,",",PUNCT,PUNCT,,61.0,punct,"(213, 214)",",",
68,חדרים,NOUN,NOUN,Gender=Masc|HebSource=ConvUncertainHead|Number=Plur,22.0,dep,"(215, 220)",חדר,
69,מרווחים,ADJ,ADJ,Gender=Masc|Number=Plur,68.0,amod,"(221, 228)",מרווח,
70,",",PUNCT,PUNCT,,61.0,punct,"(228, 229)",",",
71,עם,ADP,ADP,,72.0,case,"(230, 232)",עם,
72,גינה,NOUN,NOUN,Gender=Fem|Number=Sing,225.0,conj,"(233, 237)",גינה,
73,או,CCONJ,CCONJ,,74.0,cc,"(238, 240)",או,
74,פינה,NOUN,NOUN,Gender=Fem|Number=Sing,225.0,conj,"(241, 245)",פינה,
"(75, 77)",בחוץ,,,,,,"(246, 250)",,"[{'id': 75, 'text': 'ב', 'upos': 'ADP', 'xpos': 'ADP', 'head': 77, 'deprel': 'case', 'lemma': 'ב'}, {'id': 76, 'text': 'ה_', 'upos': 'DET', 'xpos': 'DET', 'feats': 'PronType=Art', 'head': 77, 'deprel': 'det:def', 'lemma': 'ה'}, {'id': 77, 'text': 'חוץ', 'upos': 'NOUN', 'xpos': 'NOUN', 'feats': 'Gender=Masc|Number=Sing', 'head': 74, 'deprel': 'nmod', 'lemma': 'חוץ'}]"
"(78, 79)",שלא,,,,,,"(251, 254)",,"[{'id': 78, 'text': 'ש', 'upos': 'SCONJ', 'xpos': 'SCONJ', 'head': 80, 'deprel': 'mark', 'lemma': 'ש'}, {'id': 79, 'text': 'לא', 'upos': 'ADV', 'xpos': 'ADV', 'feats': 'Polarity=Neg', 'head': 80, 'deprel': 'advmod', 'lemma': 'לא'}]"
80,יהיה,AUX,AUX,Gender=Masc|Number=Sing|Person=3|Polarity=Pos|Tense=Fut|VerbType=Cop,74.0,acl:relcl,"(255, 259)",היה,
81,ישר,ADV,ADV,Gender=Masc|Number=Sing,80.0,advmod,"(260, 263)",ישר,
82,אל,ADP,ADP,,84.0,case,"(264, 266)",אל,
83,תוך,ADP,ADP,,82.0,fixed,"(267, 270)",תוך,
84,רחוב,NOUN,NOUN,Gender=Masc|Number=Sing,81.0,advmod,"(271, 275)",רחוב,
85,"""",PUNCT,PUNCT,,217.0,punct,"(275, 276)","""",
86,",",PUNCT,PUNCT,,61.0,punct,"(277, 278)",",",
87,"""",PUNCT,PUNCT,,88.0,punct,"(279, 280)","""",
88,בית,NOUN,NOUN,Gender=Masc|Number=Sing,220.0,conj,"(280, 283)",בית,
89,רחב,ADJ,ADJ,Gender=Masc|Number=Sing,223.0,amod,"(284, 287)",רחב,
90,שקט,ADJ,ADJ,Gender=Masc|Number=Sing,88.0,amod,"(288, 291)",שקט,
91,מסודר,VERB,VERB,"Gender=Masc|HebBinyan=PUAL|Number=Sing|Person=1,2,3|VerbForm=Part|Voice=Pass",90.0,dep,"(292, 297)",סודר,
92,",",PUNCT,PUNCT,,90.0,punct,"(298, 299)",",",
"(93, 94)",ומעוצב,,,,,,"(300, 306)",,"[{'id': 93, 'text': 'ו', 'upos': 'CCONJ', 'xpos': 'CCONJ', 'head': 94, 'deprel': 'cc', 'lemma': 'ו'}, {'id': 94, 'text': 'מעוצב', 'upos': 'VERB', 'xpos': 'VERB', 'feats': 'Gender=Masc|HebBinyan=PAAL|Number=Sing|Person=1,2,3|VerbForm=Part|Voice=Act', 'head': 90, 'deprel': 'conj', 'lemma': 'עוצב'}]"
95,טוב,ADV,ADV,,94.0,advmod,"(307, 310)",טוב,
96,",",PUNCT,PUNCT,,88.0,punct,"(310, 311)",",",
97,עם,ADP,ADP,,98.0,case,"(312, 314)",עם,
98,מרפסת,NOUN,NOUN,Gender=Fem|Number=Sing,225.0,nmod,"(315, 320)",מרפסת,
99,או,CCONJ,CCONJ,,100.0,cc,"(321, 323)",או,
100,גינה,NOUN,NOUN,Gender=Fem|Number=Sing,98.0,conj,"(324, 328)",גינה,
101,קטנה,ADJ,ADJ,Gender=Fem|Number=Sing,100.0,amod,"(329, 333)",קטן,
"(102, 103)",ויפה,,,,,,"(334, 338)",,"[{'id': 102, 'text': 'ו', 'upos': 'CCONJ', 'xpos': 'CCONJ', 'head': 103, 'deprel': 'cc', 'lemma': 'ו'}, {'id': 103, 'text': 'יפה', 'upos': 'ADJ', 'xpos': 'ADJ', 'feats': 'Gender=Fem|Number=Sing', 'head': 101, 'deprel': 'conj', 'lemma': 'יפה'}]"
104,"""",PUNCT,PUNCT,,88.0,punct,"(339, 340)","""",
105,",",PUNCT,PUNCT,,61.0,punct,"(341, 342)",",",
106,"""",PUNCT,PUNCT,,61.0,punct,"(343, 344)","""",
107,בית,NOUN,NOUN,Gender=Masc|Number=Sing,61.0,conj,"(344, 347)",בית,
"(108, 109)",שאפשר,,,,,,"(348, 353)",,"[{'id': 108, 'text': 'ש', 'upos': 'SCONJ', 'xpos': 'SCONJ', 'head': 109, 'deprel': 'mark', 'lemma': 'ש'}, {'id': 109, 'text': 'אפשר', 'upos': 'AUX', 'xpos': 'AUX', 'feats': 'VerbType=Mod', 'head': 110, 'deprel': 'aux', 'lemma': 'אפשר'}]"
110,להרגיש,VERB,VERB,HebBinyan=PAAL|VerbForm=Inf|Voice=Act,107.0,acl:relcl,"(354, 360)",הרגיש,
"(111, 112)",בו,,,,,,"(361, 363)",,"[{'id': 111, 'text': 'ב_', 'upos': 'ADP', 'xpos': 'ADP', 'head': 112, 'deprel': 'case', 'lemma': 'ב'}, {'id': 112, 'text': '_הוא', 'upos': 'PRON', 'xpos': 'PRON', 'feats': 'Gender=Masc|Number=Sing|Person=3|PronType=Prs', 'head': 110, 'deprel': 'obl', 'lemma': 'הוא'}]"
"(113, 114)",בנוח,,,,,,"(364, 368)",,"[{'id': 113, 'text': 'ב', 'upos': 'ADP', 'xpos': 'ADP', 'head': 114, 'deprel': 'case', 'lemma': 'ב'}, {'id': 114, 'text': 'נוח', 'upos': 'NOUN', 'xpos': 'NOUN', 'feats': 'Gender=Masc|Number=Sing', 'head': 110, 'deprel': 'obl', 'lemma': 'נוח'}]"
115,",",PUNCT,PUNCT,,110.0,punct,"(368, 369)",",",
116,עם,ADP,ADP,,117.0,case,"(370, 372)",עם,
117,מרפסת,NOUN,NOUN,Gender=Fem|Number=Sing,110.0,obl,"(373, 378)",מרפסת,
118,",",PUNCT,PUNCT,,117.0,punct,"(378, 379)",",",
119,שקט,ADJ,ADJ,Gender=Masc|Number=Sing,117.0,amod,"(380, 383)",שקט,
"(120, 121)",ולא,,,,,,"(384, 387)",,"[{'id': 120, 'text': 'ו', 'upos': 'CCONJ', 'xpos': 'CCONJ', 'feats': 'HebSource=ConvUncertainHead', 'head': 123, 'deprel': 'cc', 'lemma': 'ו'}, {'id': 121, 'text': 'לא', 'upos': 'ADV', 'xpos': 'ADV', 'feats': 'Polarity=Neg', 'head': 122, 'deprel': 'advmod', 'lemma': 'לא'}]"
"(122, 123)",באזור,,,,,,"(388, 393)",,"[{'id': 122, 'text': 'ב', 'upos': 'ADP', 'xpos': 'ADP', 'head': 123, 'deprel': 'case', 'lemma': 'ב'}, {'id': 123, 'text': 'אזור', 'upos': 'NOUN', 'xpos': 'NOUN', 'feats': 'Definite=Cons|Gender=Masc|Number=Sing', 'head': 117, 'deprel': 'conj', 'lemma': 'אזור'}]"
124,תעשייה,NOUN,NOUN,Gender=Fem|Number=Sing,123.0,compound:smixut,"(394, 400)",תעשייה,
125,"""",PUNCT,PUNCT,,117.0,punct,"(401, 402)","""",
126,",",PUNCT,PUNCT,,61.0,punct,"(402, 403)",",",
127,"""",PUNCT,PUNCT,,61.0,punct,"(404, 405)","""",
128,בית,NOUN,NOUN,Gender=Masc|Number=Sing,61.0,conj,"(405, 408)",בית,
129,קטן,ADJ,ADJ,Gender=Masc|Number=Sing,128.0,amod,"(409, 412)",קטן,
130,של,ADP,ADP,Case=Gen,134.0,case:gen,"(413, 415)",של,
131,150,NUM,NUM,,134.0,nummod,"(416, 419)",150,
132,-,PUNCT,PUNCT,,131.0,dep,"(419, 420)",-,
133,120,NUM,NUM,,131.0,nummod,"(420, 423)",120,
134,קוסג',NOUN,NOUN,Definite=Def|Gender=Masc|Number=Plur,11.0,nmod:poss,"(424, 429)",קוסג',
135,דו,ADV,ADV,Prefix=Yes,136.0,compound:affix,"(430, 432)",דו,
136,קומתי,ADJ,ADJ,Gender=Masc|Number=Sing,134.0,amod,"(433, 438)",קומתי,
137,עם,ADP,ADP,,138.0,case,"(439, 441)",עם,
138,חדרים,NOUN,NOUN,Gender=Masc|Number=Plur,22.0,nmod,"(442, 447)",חדר,
139,יפים,ADJ,ADJ,Gender=Masc|Number=Plur,138.0,amod,"(448, 452)",יפה,
"(140, 142)",לילדים,,,,,,"(453, 459)",,"[{'id': 140, 'text': 'ל', 'upos': 'ADP', 'xpos': 'ADP', 'head': 142, 'deprel': 'case', 'lemma': 'ל'}, {'id': 141, 'text': 'ה_', 'upos': 'DET', 'xpos': 'DET', 'feats': 'PronType=Art', 'head': 142, 'deprel': 'det:def', 'lemma': 'ה'}, {'id': 142, 'text': 'ילדים', 'upos': 'NOUN', 'xpos': 'NOUN', 'feats': 'Gender=Masc|Number=Plur', 'head': 138, 'deprel': 'nmod', 'lemma': 'ילד'}]"
"(143, 144)",וחצר,,,,,,"(460, 464)",,"[{'id': 143, 'text': 'ו', 'upos': 'CCONJ', 'xpos': 'CCONJ', 'head': 144, 'deprel': 'cc', 'lemma': 'ו'}, {'id': 144, 'text': 'חצר', 'upos': 'NOUN', 'xpos': 'NOUN', 'feats': 'Gender=Fem|Number=Sing', 'head': 220, 'deprel': 'conj', 'lemma': 'חצר'}]"
"(145, 146)",וגינה,,,,,,"(465, 470)",,"[{'id': 145, 'text': 'ו', 'upos': 'CCONJ', 'xpos': 'CCONJ', 'head': 146, 'deprel': 'cc', 'lemma': 'ו'}, {'id': 146, 'text': 'גינה', 'upos': 'NOUN', 'xpos': 'NOUN', 'feats': 'Gender=Fem|Number=Sing', 'head': 225, 'deprel': 'conj', 'lemma': 'גינה'}]"
147,קטנה,ADJ,ADJ,Gender=Fem|Number=Sing,146.0,amod,"(471, 475)",קטן,
148,"""",PUNCT,PUNCT,,61.0,punct,"(476, 477)","""",
149,פרק,NOUN,NOUN,Gender=Masc|Number=Sing,164.0,dep,"(478, 481)",פרק,
150,2,NUM,NUM,,149.0,nummod,"(482, 483)",2,
151,-,PUNCT,PUNCT,,52.0,punct,"(484, 485)",-,
152,עמדות,NOUN,NOUN,Gender=Fem|Number=Plur,164.0,nmod,"(486, 491)",עמדה,
153,כלפי,ADP,ADP,,154.0,case,"(492, 496)",כלפי,
154,מגורים,NOUN,NOUN,Gender=Masc|Number=Plur,217.0,advmod,"(497, 503)",מגורים,
155,בכלל,ADV,ADV,,154.0,advmod,"(504, 508)",בכלל,
"(156, 159)",ובבניין,,,,,,"(509, 516)",,"[{'id': 156, 'text': 'ו', 'upos': 'CCONJ', 'xpos': 'CCONJ', 'head': 159, 'deprel': 'cc', 'lemma': 'ו'}, {'id': 157, 'text': 'ב', 'upos': 'ADP', 'xpos': 'ADP', 'head': 159, 'deprel': 'case', 'lemma': 'ב'}, {'id': 158, 'text': 'ה_', 'upos': 'DET', 'xpos': 'DET', 'feats': 'PronType=Art', 'head': 159, 'deprel': 'det:def', 'lemma': 'ה'}, {'id': 159, 'text': 'בניין', 'upos': 'NOUN', 'xpos': 'NOUN', 'feats': 'Gender=Masc|Number=Sing', 'head': 220, 'deprel': 'conj', 'lemma': 'בניין'}]"
160,משותף,ADJ,ADJ,Gender=Masc|Number=Sing,159.0,amod,"(517, 522)",משותף,
161,בפרט,ADV,ADV,,159.0,advmod,"(523, 527)",בפרט,
162,•,PUNCT,PUNCT,,4.0,punct,"(528, 529)",•,
"(163, 164)",הדברים,,,,,,"(530, 536)",,"[{'id': 163, 'text': 'ה', 'upos': 'DET', 'xpos': 'DET', 'feats': 'PronType=Art', 'head': 164, 'deprel': 'det:def', 'lemma': 'ה'}, {'id': 164, 'text': 'דברים', 'upos': 'NOUN', 'xpos': 'NOUN', 'feats': 'Gender=Masc|Number=Plur', 'head': 176, 'deprel': 'nsubj', 'lemma': 'דבר'}]"
165,הכי,ADV,ADV,,166.0,advmod,"(537, 540)",הכי,
166,חשובים,ADJ,ADJ,Gender=Masc|Number=Plur,164.0,amod,"(541, 547)",חשוב,
"(167, 168)",בבחירת,,,,,,"(548, 554)",,"[{'id': 167, 'text': 'ב', 'upos': 'ADP', 'xpos': 'ADP', 'head': 168, 'deprel': 'case', 'lemma': 'ב'}, {'id': 168, 'text': 'בחירת', 'upos': 'NOUN', 'xpos': 'NOUN', 'feats': 'Definite=Cons|Gender=Fem|Number=Sing', 'head': 164, 'deprel': 'nmod', 'lemma': 'בחירה'}]"
169,מקום,NOUN,NOUN,Definite=Cons|Gender=Masc|Number=Sing,168.0,compound:smixut,"(555, 559)",מקום,
170,מגורים,NOUN,NOUN,Gender=Masc|Number=Plur,169.0,compound:smixut,"(560, 566)",מגורים,
171,:,PUNCT,PUNCT,,176.0,punct,"(567, 568)",:,
172,•,PUNCT,PUNCT,,176.0,punct,"(569, 570)",•,
173,בקרב,ADP,ADP,,175.0,case,"(571, 575)",בקרב,
"(174, 175)",הגברים,,,,,,"(576, 582)",,"[{'id': 174, 'text': 'ה', 'upos': 'DET', 'xpos': 'DET', 'feats': 'PronType=Art', 'head': 175, 'deprel': 'det:def', 'lemma': 'ה'}, {'id': 175, 'text': 'גברים', 'upos': 'NOUN', 'xpos': 'NOUN', 'feats': 'Gender=Masc|Number=Plur', 'head': 176, 'deprel': 'obl', 'lemma': 'גבר'}]"
176,בלטו,VERB,VERB,"Gender=Fem,Masc|HebBinyan=PAAL|Number=Plur|Person=3|Tense=Past|Voice=Act",0.0,root,"(583, 587)",בלט,
177,תשובות,NOUN,NOUN,Gender=Fem|Number=Plur,176.0,nsubj,"(588, 594)",תשובה,
178,כמו,ADP,ADP,,181.0,case,"(595, 598)",כמו,
179,:,PUNCT,PUNCT,,181.0,punct,"(599, 600)",:,
"(180, 181)",המיקום,,,,,,"(601, 607)",,"[{'id': 180, 'text': 'ה', 'upos': 'DET', 'xpos': 'DET', 'feats': 'PronType=Art', 'head': 181, 'deprel': 'det:def', 'lemma': 'ה'}, {'id': 181, 'text': 'מיקום', 'upos': 'NOUN', 'xpos': 'NOUN', 'feats': 'Gender=Masc|Number=Sing', 'head': 176, 'deprel': 'obl', 'lemma': 'מיקום'}]"
182,",",PUNCT,PUNCT,,4.0,punct,"(608, 609)",",",
"(183, 184)",ובעיקר,,,,,,"(610, 616)",,"[{'id': 183, 'text': 'ו', 'upos': 'CCONJ', 'xpos': 'CCONJ', 'head': 185, 'deprel': 'cc', 'lemma': 'ו'}, {'id': 184, 'text': 'בעיקר', 'upos': 'ADV', 'xpos': 'ADV', 'head': 185, 'deprel': 'advmod', 'lemma': 'בעיקר'}]"
185,עלה,VERB,VERB,Gender=Masc|HebBinyan=PAAL|Number=Sing|Person=3|Tense=Past|Voice=Act,4.0,conj,"(617, 620)",עלה,
"(186, 187)",הצורך,,,,,,"(621, 626)",,"[{'id': 186, 'text': 'ה', 'upos': 'DET', 'xpos': 'DET', 'feats': 'PronType=Art', 'head': 187, 'deprel': 'det:def', 'lemma': 'ה'}, {'id': 187, 'text': 'צורך', 'upos': 'NOUN', 'xpos': 'NOUN', 'feats': 'Gender=Masc|Number=Sing', 'head': 185, 'deprel': 'nsubj', 'lemma': 'צורך'}]"
"(188, 189)",בזמינות,,,,,,"(627, 634)",,"[{'id': 188, 'text': 'ב', 'upos': 'ADP', 'xpos': 'ADP', 'head': 189, 'deprel': 'case', 'lemma': 'ב'}, {'id': 189, 'text': 'זמינות', 'upos': 'NOUN', 'xpos': 'NOUN', 'feats': 'Gender=Fem|Number=Sing', 'head': 187, 'deprel': 'nmod', 'lemma': 'זמינות'}]"
190,של,ADP,ADP,Case=Gen,191.0,case:gen,"(635, 637)",של,
191,תשתיות,NOUN,NOUN,Gender=Fem|Number=Plur,189.0,nmod:poss,"(638, 644)",תשתית,
192,בסיסיות,ADJ,ADJ,Gender=Fem|Number=Plur,191.0,amod,"(645, 652)",בסיסי,
193,כמו,ADP,ADP,,194.0,case,"(653, 656)",כמו,
194,מים,NOUN,NOUN,Gender=Masc|Number=Plur,191.0,nmod,"(657, 660)",מים,
195,",",PUNCT,PUNCT,,194.0,punct,"(661, 662)",",",
196,ביוב,NOUN,NOUN,Gender=Masc|Number=Sing,194.0,conj,"(663, 667)",ביוב,
197,",",PUNCT,PUNCT,,194.0,punct,"(667, 668)",",",
"(198, 199)",וכל,,,,,,"(669, 672)",,"[{'id': 198, 'text': 'ו', 'upos': 'CCONJ', 'xpos': 'CCONJ', 'head': 201, 'deprel': 'cc', 'lemma': 'ו'}, {'id': 199, 'text': 'כל', 'upos': 'DET', 'xpos': 'DET', 'feats': 'Definite=Cons', 'head': 201, 'deprel': 'det', 'lemma': 'כול'}]"
"(200, 201)",הדברים,,,,,,"(673, 679)",,"[{'id': 200, 'text': 'ה', 'upos': 'DET', 'xpos': 'DET', 'feats': 'PronType=Art', 'head': 201, 'deprel': 'det:def', 'lemma': 'ה'}, {'id': 201, 'text': 'דברים', 'upos': 'NOUN', 'xpos': 'NOUN', 'feats': 'Gender=Masc|Number=Plur', 'head': 194, 'deprel': 'conj', 'lemma': 'דבר'}]"
"(202, 203)",הבסיסיים,,,,,,"(680, 688)",,"[{'id': 202, 'text': 'ה', 'upos': 'DET', 'xpos': 'DET', 'feats': 'PronType=Art', 'head': 203, 'deprel': 'det:def', 'lemma': 'ה'}, {'id': 203, 'text': 'בסיסיים', 'upos': 'ADJ', 'xpos': 'ADJ', 'feats': 'Gender=Masc|Number=Plur', 'head': 201, 'deprel': 'amod', 'lemma': 'בסיסי'}]"
204,",",PUNCT,PUNCT,,17.0,punct,"(689, 690)",",",
"(205, 207)",והסביבה,,,,,,"(691, 698)",,"[{'id': 205, 'text': 'ו', 'upos': 'CCONJ', 'xpos': 'CCONJ', 'head': 30, 'deprel': 'cc', 'lemma': 'ו'}, {'id': 206, 'text': 'ה', 'upos': 'DET', 'xpos': 'DET', 'feats': 'PronType=Art', 'head': 207, 'deprel': 'det:def', 'lemma': 'ה'}, {'id': 207, 'text': 'סביבה', 'upos': 'NOUN', 'xpos': 'NOUN', 'feats': 'Gender=Fem|Number=Sing', 'head': 30, 'deprel': 'dep', 'lemma': 'סביבה'}]"
"(208, 209)",המרחק,,,,,,"(699, 704)",,"[{'id': 208, 'text': 'ה', 'upos': 'DET', 'xpos': 'DET', 'feats': 'PronType=Art', 'head': 209, 'deprel': 'det:def', 'lemma': 'ה'}, {'id': 209, 'text': 'מרחק', 'upos': 'NOUN', 'xpos': 'NOUN', 'feats': 'Gender=Masc|Number=Sing', 'head': 214, 'deprel': 'nsubj', 'lemma': 'מרחק'}]"
"(210, 211)",ממרכז,,,,,,"(705, 710)",,"[{'id': 210, 'text': 'מ', 'upos': 'ADP', 'xpos': 'ADP', 'head': 211, 'deprel': 'case', 'lemma': 'מ'}, {'id': 211, 'text': 'מרכז', 'upos': 'NOUN', 'xpos': 'NOUN', 'feats': 'Definite=Cons|Gender=Masc|Number=Sing', 'head': 209, 'deprel': 'nmod', 'lemma': 'מרכז'}]"
"(212, 213)",העיר,,,,,,"(711, 715)",,"[{'id': 212, 'text': 'ה', 'upos': 'DET', 'xpos': 'DET', 'feats': 'PronType=Art', 'head': 213, 'deprel': 'det:def', 'lemma': 'ה'}, {'id': 213, 'text': 'עיר', 'upos': 'NOUN', 'xpos': 'NOUN', 'feats': 'Gender=Fem|Number=Sing', 'head': 211, 'deprel': 'compound:smixut', 'lemma': 'עיר'}]"
214,רצוי,AUX,AUX,"Gender=Masc|Number=Sing|Person=1,2,3|VerbType=Mod",17.0,conj,"(716, 720)",רצוי,
"(215, 216)",שיהיה,,,,,,"(721, 726)",,"[{'id': 215, 'text': 'ש', 'upos': 'SCONJ', 'xpos': 'SCONJ', 'head': 217, 'deprel': 'mark', 'lemma': 'ש'}, {'id': 216, 'text': 'יהיה', 'upos': 'AUX', 'xpos': 'AUX', 'feats': 'Gender=Masc|Number=Sing|Person=3|Polarity=Pos|Tense=Fut|VerbType=Cop', 'head': 217, 'deprel': 'cop', 'lemma': 'היה'}]"
217,קרוב,ADJ,ADJ,Gender=Masc|Number=Sing,214.0,ccomp,"(727, 731)",קרוב,
"(218, 220)",לגני,,,,,,"(732, 736)",,"[{'id': 218, 'text': 'ל', 'upos': 'ADP', 'xpos': 'ADP', 'head': 220, 'deprel': 'case', 'lemma': 'ל'}, {'id': 219, 'text': 'ה_', 'upos': 'X', 'xpos': 'X', 'feats': 'Xtra=Junk', 'head': 220, 'deprel': 'det:def', 'lemma': 'ה'}, {'id': 220, 'text': 'גני', 'upos': 'NOUN', 'xpos': 'NOUN', 'feats': 'Definite=Cons|Gender=Masc|Number=Plur', 'head': 217, 'deprel': 'advmod', 'lemma': 'גן'}]"
221,ילדים,NOUN,NOUN,Gender=Masc|Number=Plur,220.0,compound:smixut,"(737, 742)",ילד,
"(222, 223)",ושירותים,,,,,,"(743, 751)",,"[{'id': 222, 'text': 'ו', 'upos': 'CCONJ', 'xpos': 'CCONJ', 'head': 223, 'deprel': 'cc', 'lemma': 'ו'}, {'id': 223, 'text': 'שירותים', 'upos': 'NOUN', 'xpos': 'NOUN', 'feats': 'Gender=Masc|Number=Plur', 'head': 220, 'deprel': 'conj', 'lemma': 'שירות'}]"
224,כמו,ADP,ADP,,225.0,case,"(752, 755)",כמו,
225,בתי,NOUN,NOUN,Definite=Cons|Gender=Masc|Number=Plur,223.0,nmod,"(756, 759)",בית,
226,ספר,NOUN,NOUN,Gender=Masc|Number=Sing,225.0,compound:smixut,"(760, 763)",ספר,
227,קופות,NOUN,NOUN,Definite=Cons|Gender=Fem|Number=Plur,169.0,appos,"(764, 769)",קופה,
228,חולים,VERB,VERB,"Gender=Masc|HebBinyan=PAAL|Number=Plur|Person=1,2,3|VerbForm=Part|Voice=Act",227.0,flat:name,"(770, 775)",חלה,
229,",",PUNCT,PUNCT,,225.0,punct,"(776, 777)",",",
230,בתי,NOUN,NOUN,Definite=Cons|Gender=Masc|Number=Plur,225.0,conj,"(778, 781)",בית,
231,מרקחת,NOUN,NOUN,Gender=Fem|Number=Sing,227.0,compound:smixut,"(782, 787)",מרקחת,
"(232, 233)",וטיפות,,,,,,"(788, 794)",,"[{'id': 232, 'text': 'ו', 'upos': 'CCONJ', 'xpos': 'CCONJ', 'head': 233, 'deprel': 'cc', 'lemma': 'ו'}, {'id': 233, 'text': 'טיפות', 'upos': 'NOUN', 'xpos': 'NOUN', 'feats': 'Definite=Cons|Gender=Fem|Number=Plur', 'head': 194, 'deprel': 'conj', 'lemma': 'טיפה'}]"
234,חלב,NOUN,NOUN,Gender=Masc|Number=Sing,233.0,compound:smixut,"(795, 798)",חלב,
1,כמו,ADP,ADP,,2.0,case,"(1, 4)",כמו,
2,כן,PRON,PRON,Person=3|PronType=Dem,3.0,obl,"(5, 7)",כן,
3,התייחסו,VERB,VERB,"Gender=Fem,Masc|HebBinyan=HITPAEL|Number=Plur|Person=3|Tense=Past",0.0,root,"(8, 15)",התייחס,
"(4, 6)",לגודל,,,,,,"(16, 21)",,"[{'id': 4, 'text': 'ל', 'upos': 'ADP', 'xpos': 'ADP', 'head': 6, 'deprel': 'case', 'lemma': 'ל'}, {'id': 5, 'text': 'ה_', 'upos': 'DET', 'xpos': 'DET', 'feats': 'PronType=Art', 'head': 6, 'deprel': 'det:def', 'lemma': 'ה'}, {'id': 6, 'text': 'גודל', 'upos': 'NOUN', 'xpos': 'NOUN', 'feats': 'Definite=Cons|Gender=Masc|Number=Sing', 'head': 3, 'deprel': 'obl', 'lemma': 'גודל'}]"
"(7, 8)",הבית,,,,,,"(22, 26)",,"[{'id': 7, 'text': 'ה', 'upos': 'DET', 'xpos': 'DET', 'feats': 'PronType=Art', 'head': 8, 'deprel': 'det:def', 'lemma': 'ה'}, {'id': 8, 'text': 'בית', 'upos': 'NOUN', 'xpos': 'NOUN', 'feats': 'Gender=Masc|Number=Sing', 'head': 6, 'deprel': 'compound:smixut', 'lemma': 'בית'}]"
"(9, 10)",שיהיה,,,,,,"(27, 32)",,"[{'id': 9, 'text': 'ש', 'upos': 'SCONJ', 'xpos': 'SCONJ', 'head': 11, 'deprel': 'mark', 'lemma': 'ש'}, {'id': 10, 'text': 'יהיה', 'upos': 'AUX', 'xpos': 'AUX', 'feats': 'Gender=Masc|Number=Sing|Person=3|Polarity=Pos|Tense=Fut|VerbType=Cop', 'head': 11, 'deprel': 'cop', 'lemma': 'היה'}]"
11,מרווח,ADJ,ADJ,Gender=Masc|Number=Sing,6.0,acl:relcl,"(33, 38)",מרווח,
12,(,PUNCT,PUNCT,,14.0,punct,"(39, 40)",(,
13,3,NUM,NUM,,14.0,nummod,"(40, 41)",3,
14,חדרי,NOUN,NOUN,Definite=Cons|Gender=Masc|Number=Plur,11.0,appos,"(42, 46)",חדר,
15,שינה,NOUN,NOUN,Gender=Fem|Number=Sing,14.0,compound:smixut,"(47, 51)",שינה,
16,בין,ADP,ADP,,20.0,case,"(52, 55)",בין,
17,120,NUM,NUM,,20.0,nummod,"(56, 59)",120,
18,עד,ADP,ADP,,17.0,dep,"(60, 62)",עד,
19,150,NUM,NUM,,17.0,nummod,"(63, 66)",150,
20,מטר,NOUN,NOUN,Gender=Masc|Number=Sing,14.0,nmod,"(67, 70)",מטר,
21,),PUNCT,PUNCT,,14.0,punct,"(70, 71)",),
22,•,PUNCT,PUNCT,,3.0,punct,"(72, 73)",•,
"(23, 24)",ואם,,,,,,"(74, 77)",,"[{'id': 23, 'text': 'ו', 'upos': 'CCONJ', 'xpos': 'CCONJ', 'head': 31, 'deprel': 'cc', 'lemma': 'ו'}, {'id': 24, 'text': 'אם', 'upos': 'SCONJ', 'xpos': 'SCONJ', 'head': 26, 'deprel': 'case', 'lemma': 'אם'}]"
25,כבר,ADV,ADV,,26.0,advmod,"(78, 81)",כבר,
26,לגור,VERB,VERB,HebBinyan=PAAL|VerbForm=Inf|Voice=Act,31.0,advcl,"(82, 86)",גר,
"(27, 28)",בבניין,,,,,,"(87, 93)",,"[{'id': 27, 'text': 'ב', 'upos': 'ADP', 'xpos': 'ADP', 'head': 28, 'deprel': 'case', 'lemma': 'ב'}, {'id': 28, 'text': 'בניין', 'upos': 'NOUN', 'xpos': 'NOUN', 'feats': 'Gender=Masc|Number=Sing', 'head': 26, 'deprel': 'obl', 'lemma': 'בניין'}]"
29,משותף,ADJ,ADJ,Gender=Masc|Number=Sing,28.0,amod,"(94, 99)",משותף,
30,אז,ADV,ADV,,31.0,advmod,"(100, 102)",אז,
31,קריטי,ADJ,ADJ,,3.0,conj,"(103, 108)",קריטי,
"(32, 34)",שהשכנים,,,,,,"(109, 116)",,"[{'id': 32, 'text': 'ש', 'upos': 'SCONJ', 'xpos': 'SCONJ', 'head': 35, 'deprel': 'mark', 'lemma': 'ש'}, {'id': 33, 'text': 'ה', 'upos': 'DET', 'xpos': 'DET', 'feats': 'PronType=Art', 'head': 34, 'deprel': 'det:def', 'lemma': 'ה'}, {'id': 34, 'text': 'שכנים', 'upos': 'NOUN', 'xpos': 'NOUN', 'feats': 'Gender=Masc|Number=Plur', 'head': 35, 'deprel': 'nsubj', 'lemma': 'שכן'}]"
35,יהיו,AUX,AUX,"Gender=Fem,Masc|Number=Plur|Person=3|Polarity=Pos|Tense=Fut|VerbType=Cop",31.0,advcl,"(117, 121)",היה,
"(36, 37)",מסחינין,,,,,,"(122, 129)",,"[{'id': 36, 'text': 'מ', 'upos': 'ADP', 'xpos': 'ADP', 'head': 37, 'deprel': 'case', 'lemma': 'מ'}, {'id': 37, 'text': 'סחינין', 'upos': 'PROPN', 'xpos': 'PROPN', 'head': 31, 'deprel': 'obl', 'lemma': 'סחינין'}]"
1,•,PUNCT,PUNCT,,13.0,punct,"(1, 2)",•,
2,בקרב,ADP,ADP,,3.0,case,"(3, 7)",בקרב,
3,קבוצות,NOUN,NOUN,Definite=Cons|Gender=Fem|Number=Plur,13.0,obl,"(8, 14)",קבוצה,
"(4, 5)",הנשים,,,,,,"(15, 20)",,"[{'id': 4, 'text': 'ה', 'upos': 'DET', 'xpos': 'DET', 'feats': 'PronType=Art', 'head': 5, 'deprel': 'det:def', 'lemma': 'ה'}, {'id': 5, 'text': 'נשים', 'upos': 'NOUN', 'xpos': 'NOUN', 'feats': 'Gender=Fem|Number=Plur', 'head': 3, 'deprel': 'compound:smixut', 'lemma': 'איש'}]"
6,",",PUNCT,PUNCT,,13.0,punct,"(21, 22)",",",
"(7, 8)",התשובות,,,,,,"(23, 30)",,"[{'id': 7, 'text': 'ה', 'upos': 'DET', 'xpos': 'DET', 'feats': 'PronType=Art', 'head': 8, 'deprel': 'det:def', 'lemma': 'ה'}, {'id': 8, 'text': 'תשובות', 'upos': 'NOUN', 'xpos': 'NOUN', 'feats': 'Gender=Fem|Number=Plur', 'head': 13, 'deprel': 'nsubj', 'lemma': 'תשובה'}]"
"(9, 10)",הבלתי,,,,,,"(31, 36)",,"[{'id': 9, 'text': 'ה', 'upos': 'DET', 'xpos': 'DET', 'feats': 'PronType=Art', 'head': 11, 'deprel': 'det:def', 'lemma': 'ה'}, {'id': 10, 'text': 'בלתי', 'upos': 'ADV', 'xpos': 'ADV', 'feats': 'Prefix=Yes', 'head': 11, 'deprel': 'compound:affix', 'lemma': 'בלתי'}]"
11,נעזרות,VERB,VERB,Gender=Fem|Number=Plur,8.0,amod,"(37, 43)",נעזר,
12,",",PUNCT,PUNCT,,13.0,punct,"(43, 44)",",",
13,נטו,VERB,VERB,"Gender=Fem,Masc|HebBinyan=PAAL|Number=Plur|Person=3|Tense=Past|Voice=Act",0.0,root,"(45, 48)",נטה,
14,לעבר,ADP,ADP,,16.0,case,"(49, 53)",לעבר,
"(15, 16)",הדברים,,,,,,"(54, 60)",,"[{'id': 15, 'text': 'ה', 'upos': 'DET', 'xpos': 'DET', 'feats': 'PronType=Art', 'head': 16, 'deprel': 'det:def', 'lemma': 'ה'}, {'id': 16, 'text': 'דברים', 'upos': 'NOUN', 'xpos': 'NOUN', 'feats': 'Gender=Masc|Number=Plur', 'head': 13, 'deprel': 'obl', 'lemma': 'דבר'}]"
"(17, 18)",הפנימיים,,,,,,"(61, 69)",,"[{'id': 17, 'text': 'ה', 'upos': 'DET', 'xpos': 'DET', 'feats': 'PronType=Art', 'head': 18, 'deprel': 'det:def', 'lemma': 'ה'}, {'id': 18, 'text': 'פנימיים', 'upos': 'ADJ', 'xpos': 'ADJ', 'feats': 'Gender=Masc|Number=Plur', 'head': 16, 'deprel': 'amod', 'lemma': 'פנימי'}]"
19,יותר,ADV,ADV,,18.0,advmod,"(70, 74)",יותר,
20,בתוך,ADP,ADP,,22.0,case,"(75, 79)",בתוך,
"(21, 22)",הבית,,,,,,"(80, 84)",,"[{'id': 21, 'text': 'ה', 'upos': 'DET', 'xpos': 'DET', 'feats': 'PronType=Art', 'head': 22, 'deprel': 'det:def', 'lemma': 'ה'}, {'id': 22, 'text': 'בית', 'upos': 'NOUN', 'xpos': 'NOUN', 'feats': 'Gender=Masc|Number=Sing', 'head': 16, 'deprel': 'nmod', 'lemma': 'בית'}]"
23,בעיקר,ADV,ADV,,24.0,det,"(85, 90)",בעיקר,
24,גודל,NOUN,NOUN,Definite=Cons|Gender=Masc|Number=Sing,16.0,acl,"(91, 95)",גודל,
"(25, 26)",הדירה,,,,,,"(96, 101)",,"[{'id': 25, 'text': 'ה', 'upos': 'DET', 'xpos': 'DET', 'feats': 'PronType=Art', 'head': 26, 'deprel': 'det:def', 'lemma': 'ה'}, {'id': 26, 'text': 'דירה', 'upos': 'NOUN', 'xpos': 'NOUN', 'feats': 'Gender=Fem|Number=Sing', 'head': 24, 'deprel': 'compound:smixut', 'lemma': 'דירה'}]"
27,",",PUNCT,PUNCT,,24.0,punct,"(101, 102)",",",
28,מספר,DET,DET,Definite=Cons|Gender=Masc|Number=Sing,30.0,det,"(103, 107)",מספר,
"(29, 30)",החדרים,,,,,,"(108, 114)",,"[{'id': 29, 'text': 'ה', 'upos': 'DET', 'xpos': 'DET', 'feats': 'PronType=Art', 'head': 30, 'deprel': 'det:def', 'lemma': 'ה'}, {'id': 30, 'text': 'חדרים', 'upos': 'NOUN', 'xpos': 'NOUN', 'feats': 'Gender=Masc|Number=Plur', 'head': 24, 'deprel': 'conj', 'lemma': 'חדר'}]"
31,",",PUNCT,PUNCT,HebSource=ConvUncertainHead,24.0,punct,"(114, 115)",",",
32,"""",PUNCT,PUNCT,,37.0,punct,"(116, 117)","""",
"(33, 34)",שבנים,,,,,,"(118, 123)",,"[{'id': 33, 'text': 'ש', 'upos': 'SCONJ', 'xpos': 'SCONJ', 'head': 37, 'deprel': 'mark', 'lemma': 'ש'}, {'id': 34, 'text': 'בנים', 'upos': 'NOUN', 'xpos': 'NOUN', 'feats': 'Gender=Masc|Number=Plur', 'head': 37, 'deprel': 'nsubj', 'lemma': 'בן'}]"
"(35, 36)",ובנות,,,,,,"(124, 129)",,"[{'id': 35, 'text': 'ו', 'upos': 'CCONJ', 'xpos': 'CCONJ', 'head': 36, 'deprel': 'cc', 'lemma': 'ו'}, {'id': 36, 'text': 'בנות', 'upos': 'NOUN', 'xpos': 'NOUN', 'feats': 'Gender=Fem|Number=Plur', 'head': 34, 'deprel': 'conj', 'lemma': 'בת'}]"
37,יגדלו,VERB,VERB,"Gender=Fem,Masc|Number=Plur|Person=3|Tense=Fut",16.0,acl,"(130, 135)",גדל,
"(38, 39)",לחוד,,,,,,"(136, 140)",,"[{'id': 38, 'text': 'ל', 'upos': 'ADP', 'xpos': 'ADP', 'head': 39, 'deprel': 'case', 'lemma': 'ל'}, {'id': 39, 'text': 'חוד', 'upos': 'NOUN', 'xpos': 'NOUN', 'feats': 'Gender=Masc|Number=Sing', 'head': 37, 'deprel': 'obl', 'lemma': 'חוד'}]"
40,"""",PUNCT,PUNCT,,37.0,punct,"(140, 141)","""",
"(41, 42)",הצורך,,,,,,"(142, 147)",,"[{'id': 41, 'text': 'ה', 'upos': 'DET', 'xpos': 'DET', 'feats': 'PronType=Art', 'head': 42, 'deprel': 'det:def', 'lemma': 'ה'}, {'id': 42, 'text': 'צורך', 'upos': 'NOUN', 'xpos': 'NOUN', 'feats': 'Gender=Masc|Number=Sing', 'head': 16, 'deprel': 'appos', 'lemma': 'צורך'}]"
"(43, 44)",בגינה,,,,,,"(148, 153)",,"[{'id': 43, 'text': 'בגין_', 'upos': 'ADP', 'xpos': 'ADP', 'head': 44, 'deprel': 'case', 'lemma': 'בגין'}, {'id': 44, 'text': '_היא', 'upos': 'PRON', 'xpos': 'PRON', 'feats': 'Gender=Fem|Number=Sing|Person=3|PronType=Prs', 'head': 42, 'deprel': 'nmod', 'lemma': 'הוא'}]"
"(45, 46)",ומרווח,,,,,,"(154, 160)",,"[{'id': 45, 'text': 'ו', 'upos': 'CCONJ', 'xpos': 'CCONJ', 'head': 46, 'deprel': 'cc', 'lemma': 'ו'}, {'id': 46, 'text': 'מרווח', 'upos': 'NOUN', 'xpos': 'NOUN', 'feats': 'Gender=Masc|Number=Sing', 'head': 42, 'deprel': 'conj', 'lemma': 'מרווח'}]"
1,"""",PUNCT,PUNCT,,3.0,punct,"(1, 2)","""",
"(2, 3)",שיהיה,,,,,,"(2, 7)",,"[{'id': 2, 'text': 'ש', 'upos': 'SCONJ', 'xpos': 'SCONJ', 'head': 3, 'deprel': 'mark', 'lemma': 'ש'}, {'id': 3, 'text': 'יהיה', 'upos': 'VERB', 'xpos': 'VERB', 'feats': 'Gender=Masc|HebExistential=True|Number=Sing|Person=3|Polarity=Pos|Tense=Fut', 'head': 0, 'deprel': 'root', 'lemma': 'היה'}]"
4,קומת,NOUN,NOUN,Definite=Cons|Gender=Fem|Number=Sing,3.0,nsubj,"(8, 12)",קומה,
5,קרקע,NOUN,NOUN,Gender=Fem|Number=Sing,4.0,compound:smixut,"(13, 17)",קרקע,
"(6, 7)",ולא,,,,,,"(18, 21)",,"[{'id': 6, 'text': 'ו', 'upos': 'CCONJ', 'xpos': 'CCONJ', 'head': 9, 'deprel': 'cc', 'lemma': 'ו'}, {'id': 7, 'text': 'לא', 'upos': 'ADV', 'xpos': 'ADV', 'feats': 'Polarity=Neg', 'head': 9, 'deprel': 'det', 'lemma': 'לא'}]"
8,70,NUM,NUM,,9.0,nummod,"(22, 24)",70,
9,מדרגות,NOUN,NOUN,Gender=Fem|Number=Plur,4.0,conj,"(25, 31)",מדרגה,
10,כדי,ADP,ADP,,11.0,case,"(32, 35)",כדי,
11,להגיע,VERB,VERB,HebBinyan=HIFIL|VerbForm=Inf|Voice=Act,3.0,advcl,"(36, 41)",הגיע,
"(12, 13)",לבית,,,,,,"(42, 46)",,"[{'id': 12, 'text': 'ל', 'upos': 'ADP', 'xpos': 'ADP', 'head': 13, 'deprel': 'case', 'lemma': 'ל'}, {'id': 13, 'text': 'בית', 'upos': 'NOUN', 'xpos': 'NOUN', 'feats': 'Gender=Masc|Number=Sing', 'head': 11, 'deprel': 'obl', 'lemma': 'בית'}]"
"(14, 15)",שלך,,,,,,"(47, 50)",,"[{'id': 14, 'text': 'של_', 'upos': 'ADP', 'xpos': 'ADP', 'feats': 'Case=Gen', 'head': 15, 'deprel': 'case:gen', 'lemma': 'של'}, {'id': 15, 'text': '_אתה', 'upos': 'PRON', 'xpos': 'PRON', 'feats': 'Gender=Masc|Number=Sing|Person=2|PronType=Prs', 'head': 13, 'deprel': 'nmod:poss', 'lemma': 'הוא'}]"
16,"""",PUNCT,PUNCT,,3.0,punct,"(50, 51)","""",
17,אך,CCONJ,CCONJ,,22.0,cc,"(52, 54)",אך,
18,גם,ADV,ADV,,19.0,advmod,"(55, 57)",גם,
19,בקרב,ADP,ADP,,20.0,case,"(58, 62)",בקרב,
20,משתתפות,VERB,VERB,"Gender=Fem|HebBinyan=HITPAEL|Number=Plur|Person=1,2,3|VerbForm=Part",22.0,obl,"(63, 70)",השתתף,
21,אלו,PRON,PRON,"Gender=Fem,Masc|Number=Plur|Person=3|PronType=Dem",20.0,det,"(71, 74)",אלו,
22,יישרו,VERB,VERB,"Gender=Fem,Masc|HebBinyan=PIEL|Number=Plur|Person=3|Tense=Fut|Voice=Act",3.0,conj,"(75, 80)",נשר,
23,קו,NOUN,NOUN,Gender=Masc|Number=Sing,22.0,nsubj,"(81, 83)",קו,
24,עם,ADP,ADP,,25.0,case,"(84, 86)",עם,
25,מה,ADV,ADV,PronType=Int,23.0,nmod,"(87, 89)",מה,
"(26, 27)",שנאמר,,,,,,"(90, 95)",,"[{'id': 26, 'text': 'ש', 'upos': 'SCONJ', 'xpos': 'SCONJ', 'head': 27, 'deprel': 'mark', 'lemma': 'ש'}, {'id': 27, 'text': 'נאמר', 'upos': 'VERB', 'xpos': 'VERB', 'feats': 'Gender=Masc|HebBinyan=NIFAL|Number=Sing|Person=3|Tense=Past|Voice=Mid', 'head': 25, 'deprel': 'acl:relcl', 'lemma': 'נאמר'}]"
"(28, 29)",בקבוצות,,,,,,"(96, 103)",,"[{'id': 28, 'text': 'ב', 'upos': 'ADP', 'xpos': 'ADP', 'head': 29, 'deprel': 'case', 'lemma': 'ב'}, {'id': 29, 'text': 'קבוצות', 'upos': 'NOUN', 'xpos': 'NOUN', 'feats': 'Definite=Cons|Gender=Fem|Number=Plur', 'head': 27, 'deprel': 'obl', 'lemma': 'קבוצה'}]"
"(30, 31)",הגברים,,,,,,"(104, 110)",,"[{'id': 30, 'text': 'ה', 'upos': 'DET', 'xpos': 'DET', 'feats': 'PronType=Art', 'head': 31, 'deprel': 'det:def', 'lemma': 'ה'}, {'id': 31, 'text': 'גברים', 'upos': 'NOUN', 'xpos': 'NOUN', 'feats': 'Gender=Masc|Number=Plur', 'head': 29, 'deprel': 'compound:smixut', 'lemma': 'גבר'}]"
"(32, 33)",מבחינת,,,,,,"(111, 117)",,"[{'id': 32, 'text': 'מ', 'upos': 'ADP', 'xpos': 'ADP', 'head': 33, 'deprel': 'case', 'lemma': 'מ'}, {'id': 33, 'text': 'בחינת', 'upos': 'NOUN', 'xpos': 'NOUN', 'feats': 'Definite=Cons|Gender=Fem|Number=Sing', 'head': 27, 'deprel': 'obl', 'lemma': 'בחינה'}]"
"(34, 35)",התנאים,,,,,,"(118, 124)",,"[{'id': 34, 'text': 'ה', 'upos': 'DET', 'xpos': 'DET', 'feats': 'PronType=Art', 'head': 35, 'deprel': 'det:def', 'lemma': 'ה'}, {'id': 35, 'text': 'תנאים', 'upos': 'NOUN', 'xpos': 'NOUN', 'feats': 'Gender=Masc|Number=Plur', 'head': 33, 'deprel': 'compound:smixut', 'lemma': 'תנאי'}]"
"(36, 37)",הסביבתיים,,,,,,"(125, 134)",,"[{'id': 36, 'text': 'ה', 'upos': 'DET', 'xpos': 'DET', 'feats': 'PronType=Art', 'head': 37, 'deprel': 'det:def', 'lemma': 'ה'}, {'id': 37, 'text': 'סביבתיים', 'upos': 'ADJ', 'xpos': 'ADJ', 'feats': 'Gender=Masc|Number=Plur', 'head': 35, 'deprel': 'amod', 'lemma': 'סביבתי'}]"
1,•,PUNCT,PUNCT,,15.0,punct,"(1, 2)",•,
"(2, 3)",הנושא,,,,,,"(3, 8)",,"[{'id': 2, 'text': 'ה', 'upos': 'DET', 'xpos': 'DET', 'feats': 'PronType=Art', 'head': 3, 'deprel': 'det:def', 'lemma': 'ה'}, {'id': 3, 'text': 'נושא', 'upos': 'NOUN', 'xpos': 'NOUN', 'feats': 'Gender=Masc|Number=Sing', 'head': 15, 'deprel': 'nsubj', 'lemma': 'נושא'}]"
4,של,ADP,ADP,Case=Gen,5.0,case:gen,"(9, 11)",של,
5,גנים,NOUN,NOUN,Gender=Masc|Number=Plur,3.0,nmod:poss,"(12, 16)",גן,
6,ציבוריים,ADJ,ADJ,Gender=Masc|Number=Plur,5.0,amod,"(17, 25)",ציבורי,
"(7, 8)",ומקומות,,,,,,"(26, 33)",,"[{'id': 7, 'text': 'ו', 'upos': 'CCONJ', 'xpos': 'CCONJ', 'head': 8, 'deprel': 'cc', 'lemma': 'ו'}, {'id': 8, 'text': 'מקומות', 'upos': 'NOUN', 'xpos': 'NOUN', 'feats': 'Gender=Masc|Number=Plur', 'head': 5, 'deprel': 'conj', 'lemma': 'מקום'}]"
"(9, 10)",למשחקים,,,,,,"(34, 41)",,"[{'id': 9, 'text': 'ל', 'upos': 'ADP', 'xpos': 'ADP', 'head': 10, 'deprel': 'case', 'lemma': 'ל'}, {'id': 10, 'text': 'משחקים', 'upos': 'NOUN', 'xpos': 'NOUN', 'feats': 'Gender=Masc|Number=Plur', 'head': 8, 'deprel': 'nmod', 'lemma': 'משחק'}]"
11,עבור,ADP,ADP,,13.0,case,"(42, 46)",עבור,
"(12, 13)",הילדים,,,,,,"(47, 53)",,"[{'id': 12, 'text': 'ה', 'upos': 'DET', 'xpos': 'DET', 'feats': 'PronType=Art', 'head': 13, 'deprel': 'det:def', 'lemma': 'ה'}, {'id': 13, 'text': 'ילדים', 'upos': 'NOUN', 'xpos': 'NOUN', 'feats': 'Gender=Masc|Number=Plur', 'head': 8, 'deprel': 'nmod', 'lemma': 'ילד'}]"
14,",",PUNCT,PUNCT,,15.0,punct,"(53, 54)",",",
15,נתפס,VERB,VERB,Gender=Masc|HebBinyan=NIFAL|Number=Sing|Person=3|Tense=Past|Voice=Mid,0.0,root,"(55, 59)",נתפס,
16,מעין,ADV,ADV,,17.0,det,"(60, 64)",מעין,
17,חלום,NOUN,NOUN,Gender=Masc|Number=Sing,15.0,obj,"(65, 69)",חלום,
18,",",PUNCT,PUNCT,,17.0,punct,"(69, 70)",",",
"(19, 20)",שהלוואי,,,,,,"(71, 78)",,"[{'id': 19, 'text': 'ש', 'upos': 'SCONJ', 'xpos': 'SCONJ', 'head': 20, 'deprel': 'mark', 'lemma': 'ש'}, {'id': 20, 'text': 'הלוואי', 'upos': 'VERB', 'xpos': 'VERB', 'head': 22, 'deprel': 'advmod', 'lemma': 'הלוואי'}]"
"(21, 22)",ויתגשם,,,,,,"(79, 85)",,"[{'id': 21, 'text': 'ו', 'upos': 'CCONJ', 'xpos': 'CCONJ', 'head': 22, 'deprel': 'cc', 'lemma': 'ו'}, {'id': 22, 'text': 'יתגשם', 'upos': 'VERB', 'xpos': 'VERB', 'feats': 'Gender=Masc|HebBinyan=HITPAEL|Number=Sing|Person=3|Tense=Fut', 'head': 17, 'deprel': 'acl:relcl', 'lemma': 'התגשם'}]"
23,",",PUNCT,PUNCT,,15.0,punct,"(86, 87)",",",
24,דבר,NOUN,NOUN,Gender=Masc|Number=Sing,26.0,nsubj,"(88, 91)",דבר,
25,זה,PRON,PRON,Gender=Masc|Number=Sing|Person=3|PronType=Dem,24.0,det,"(92, 94)",זה,
26,בלט,VERB,VERB,Gender=Masc|HebBinyan=PAAL|Number=Sing|Person=3|Tense=Past|Voice=Act,15.0,parataxis,"(95, 98)",בלט,
27,מאוד,ADV,ADV,,26.0,advmod,"(99, 103)",מאוד,
"(28, 29)",בקרבת,,,,,,"(104, 109)",,"[{'id': 28, 'text': 'ב', 'upos': 'ADP', 'xpos': 'ADP', 'head': 29, 'deprel': 'case', 'lemma': 'ב'}, {'id': 29, 'text': 'קרבת', 'upos': 'NOUN', 'xpos': 'NOUN', 'feats': 'Definite=Cons|Gender=Fem|Number=Sing', 'head': 26, 'deprel': 'obl', 'lemma': 'קרבה'}]"
30,קבוצות,NOUN,NOUN,Definite=Cons|Gender=Fem|Number=Plur,29.0,compound:smixut,"(110, 116)",קבוצה,
"(31, 32)",הרווקים,,,,,,"(117, 124)",,"[{'id': 31, 'text': 'ה', 'upos': 'DET', 'xpos': 'DET', 'feats': 'PronType=Art', 'head': 32, 'deprel': 'det:def', 'lemma': 'ה'}, {'id': 32, 'text': 'רווקים', 'upos': 'NOUN', 'xpos': 'NOUN', 'feats': 'Gender=Masc|Number=Plur', 'head': 30, 'deprel': 'compound:smixut', 'lemma': 'רווק'}]"
"(33, 35)",והרווקות,,,,,,"(125, 133)",,"[{'id': 33, 'text': 'ו', 'upos': 'CCONJ', 'xpos': 'CCONJ', 'head': 35, 'deprel': 'cc', 'lemma': 'ו'}, {'id': 34, 'text': 'ה', 'upos': 'DET', 'xpos': 'DET', 'feats': 'PronType=Art', 'head': 35, 'deprel': 'det:def', 'lemma': 'ה'}, {'id': 35, 'text': 'רווקות', 'upos': 'NOUN', 'xpos': 'NOUN', 'feats': 'Gender=Fem|Number=Plur', 'head': 32, 'deprel': 'conj', 'lemma': 'רווקה'}]"
1,•,PUNCT,PUNCT,,6.0,punct,"(1, 2)",•,
2,בקרב,ADP,ADP,,3.0,case,"(3, 7)",בקרב,
3,קבוצת,NOUN,NOUN,Definite=Cons|Gender=Fem|Number=Sing,6.0,obl,"(8, 13)",קבוצה,
"(4, 5)",הרווקות,,,,,,"(14, 21)",,"[{'id': 4, 'text': 'ה', 'upos': 'DET', 'xpos': 'DET', 'feats': 'PronType=Art', 'head': 5, 'deprel': 'det:def', 'lemma': 'ה'}, {'id': 5, 'text': 'רווקות', 'upos': 'NOUN', 'xpos': 'NOUN', 'feats': 'Gender=Fem|Number=Plur', 'head': 3, 'deprel': 'compound:smixut', 'lemma': 'רווקה'}]"
6,הדגישו,VERB,VERB,"Gender=Fem,Masc|HebBinyan=HIFIL|Number=Plur|Person=3|Tense=Past|Voice=Act",0.0,root,"(22, 28)",הדגיש,
7,",",PUNCT,PUNCT,,6.0,punct,"(29, 30)",",",
"(8, 9)",שזה,,,,,,"(31, 34)",,"[{'id': 8, 'text': 'ש', 'upos': 'SCONJ', 'xpos': 'SCONJ', 'head': 10, 'deprel': 'mark', 'lemma': 'ש'}, {'id': 9, 'text': 'זה', 'upos': 'PRON', 'xpos': 'PRON', 'feats': 'Gender=Masc|Number=Sing|Person=3', 'head': 10, 'deprel': 'nsubj', 'lemma': 'זה'}]"
10,חייב,AUX,AUX,"Gender=Masc|Number=Sing|Person=1,2,3|VerbType=Mod",11.0,aux,"(35, 39)",חייב,
11,להיות,AUX,AUX,Polarity=Pos|VerbForm=Inf|VerbType=Cop,6.0,ccomp,"(40, 45)",היה,
12,רכוש,NOUN,NOUN,Gender=Masc|Number=Sing,11.0,obl,"(46, 50)",רכוש,
13,",",PUNCT,PUNCT,,12.0,punct,"(51, 52)",",",
14,שכנות,NOUN,NOUN,Gender=Fem|Number=Sing,12.0,dep,"(53, 58)",שכנות,
15,טובה,ADJ,ADJ,Gender=Fem|Number=Sing,14.0,amod,"(59, 63)",טוב,
16,",",PUNCT,PUNCT,,12.0,punct,"(63, 64)",",",
17,מיקום,NOUN,NOUN,Gender=Masc|HebSource=ConvUncertainHead|Number=Sing,12.0,dep,"(65, 70)",מיקום,
18,בתוך,ADP,ADP,,20.0,case,"(71, 75)",בתוך,
"(19, 20)",העיר,,,,,,"(76, 80)",,"[{'id': 19, 'text': 'ה', 'upos': 'DET', 'xpos': 'DET', 'feats': 'PronType=Art', 'head': 20, 'deprel': 'det:def', 'lemma': 'ה'}, {'id': 20, 'text': 'עיר', 'upos': 'NOUN', 'xpos': 'NOUN', 'feats': 'Gender=Fem|Number=Sing', 'head': 17, 'deprel': 'nmod', 'lemma': 'עיר'}]"
21,סחנין,PROPN,PROPN,,20.0,flat:name,"(81, 86)",סחנין,
22,",",PUNCT,PUNCT,,12.0,punct,"(86, 87)",",",
"(23, 24)",שיהיה,,,,,,"(88, 93)",,"[{'id': 23, 'text': 'ש', 'upos': 'SCONJ', 'xpos': 'SCONJ', 'head': 24, 'deprel': 'mark', 'lemma': 'ש'}, {'id': 24, 'text': 'יהיה', 'upos': 'VERB', 'xpos': 'VERB', 'feats': 'Gender=Masc|HebExistential=True|Number=Sing|Person=3|Polarity=Pos|Tense=Fut', 'head': 17, 'deprel': 'acl:relcl', 'lemma': 'היה'}]"
25,מקום,NOUN,NOUN,Gender=Masc|Number=Sing,24.0,nsubj,"(94, 98)",מקום,
"(26, 27)",לפרטיות,,,,,,"(99, 106)",,"[{'id': 26, 'text': 'ל', 'upos': 'ADP', 'xpos': 'ADP', 'head': 27, 'deprel': 'case', 'lemma': 'ל'}, {'id': 27, 'text': 'פרטיות', 'upos': 'NOUN', 'xpos': 'NOUN', 'feats': 'Gender=Fem|Number=Sing', 'head': 25, 'deprel': 'nmod', 'lemma': 'פרטי'}]"
28,",",PUNCT,PUNCT,,12.0,punct,"(106, 107)",",",
"(29, 30)",וגם,,,,,,"(108, 111)",,"[{'id': 29, 'text': 'ו', 'upos': 'CCONJ', 'xpos': 'CCONJ', 'head': 31, 'deprel': 'cc', 'lemma': 'ו'}, {'id': 30, 'text': 'גם', 'upos': 'ADV', 'xpos': 'ADV', 'head': 31, 'deprel': 'det', 'lemma': 'גם'}]"
31,קרבה,NOUN,NOUN,Gender=Fem|Number=Sing,12.0,conj,"(112, 116)",קרבה,
"(32, 34)",למקום,,,,,,"(117, 122)",,"[{'id': 32, 'text': 'ל', 'upos': 'ADP', 'xpos': 'ADP', 'head': 34, 'deprel': 'case', 'lemma': 'ל'}, {'id': 33, 'text': 'ה_', 'upos': 'DET', 'xpos': 'DET', 'feats': 'PronType=Art', 'head': 34, 'deprel': 'det:def', 'lemma': 'ה'}, {'id': 34, 'text': 'מקום', 'upos': 'NOUN', 'xpos': 'NOUN', 'feats': 'Gender=Masc|Number=Sing', 'head': 31, 'deprel': 'nmod', 'lemma': 'מקום'}]"
"(35, 36)",העבודה,,,,,,"(123, 129)",,"[{'id': 35, 'text': 'ה', 'upos': 'DET', 'xpos': 'DET', 'feats': 'PronType=Art', 'head': 36, 'deprel': 'det:def', 'lemma': 'ה'}, {'id': 36, 'text': 'עבודה', 'upos': 'NOUN', 'xpos': 'NOUN', 'feats': 'Gender=Fem|Number=Sing', 'head': 34, 'deprel': 'nmod', 'lemma': 'עבודה'}]"
37,בעיקר,ADV,ADV,,38.0,advmod,"(130, 135)",בעיקר,
38,בקרב,ADP,ADP,,40.0,case,"(136, 140)",בקרב,
"(39, 40)",האקדמיות,,,,,,"(141, 149)",,"[{'id': 39, 'text': 'ה', 'upos': 'DET', 'xpos': 'DET', 'feats': 'PronType=Art', 'head': 40, 'deprel': 'det:def', 'lemma': 'ה'}, {'id': 40, 'text': 'אקדמיות', 'upos': 'NOUN', 'xpos': 'NOUN', 'feats': 'Gender=Fem|Number=Plur', 'head': 31, 'deprel': 'nmod', 'lemma': 'אקדמי'}]"
"(41, 43)",שביניהם,,,,,,"(150, 157)",,"[{'id': 41, 'text': 'ש', 'upos': 'SCONJ', 'xpos': 'SCONJ', 'head': 43, 'deprel': 'mark', 'lemma': 'ש'}, {'id': 42, 'text': 'בין_', 'upos': 'ADP', 'xpos': 'ADP', 'head': 43, 'deprel': 'case', 'lemma': 'בין'}, {'id': 43, 'text': '_הם', 'upos': 'PRON', 'xpos': 'PRON', 'feats': 'Gender=Masc|Number=Plur|Person=3|PronType=Prs', 'head': 40, 'deprel': 'acl:relcl', 'lemma': 'הוא'}]"
44,",",PUNCT,PUNCT,,40.0,punct,"(157, 158)",",",
45,אופי,NOUN,NOUN,Definite=Cons|Gender=Masc|Number=Sing,40.0,dep,"(159, 163)",אופי,
"(46, 47)",השכונה,,,,,,"(164, 170)",,"[{'id': 46, 'text': 'ה', 'upos': 'DET', 'xpos': 'DET', 'feats': 'PronType=Art', 'head': 47, 'deprel': 'det:def', 'lemma': 'ה'}, {'id': 47, 'text': 'שכונה', 'upos': 'NOUN', 'xpos': 'NOUN', 'feats': 'Gender=Fem|Number=Sing', 'head': 45, 'deprel': 'compound:smixut', 'lemma': 'שכונה'}]"
48,מאוד,ADV,ADV,,49.0,advmod,"(171, 175)",מאוד,
49,חשוב,ADJ,ADJ,Gender=Masc|Number=Sing,45.0,amod,"(176, 180)",חשוב,
"(50, 51)",שיהיה,,,,,,"(181, 186)",,"[{'id': 50, 'text': 'ש', 'upos': 'SCONJ', 'xpos': 'SCONJ', 'head': 51, 'deprel': 'mark', 'lemma': 'ש'}, {'id': 51, 'text': 'יהיה', 'upos': 'AUX', 'xpos': 'AUX', 'feats': 'Gender=Masc|Number=Sing|Person=3|Polarity=Pos|Tense=Fut|VerbType=Cop', 'head': 68, 'deprel': 'acl:relcl', 'lemma': 'היה'}]"
52,לפי,ADP,ADP,,54.0,case,"(187, 190)",לפי,
"(53, 54)",המנהגים,,,,,,"(191, 198)",,"[{'id': 53, 'text': 'ה', 'upos': 'DET', 'xpos': 'DET', 'feats': 'PronType=Art', 'head': 54, 'deprel': 'det:def', 'lemma': 'ה'}, {'id': 54, 'text': 'מנהגים', 'upos': 'NOUN', 'xpos': 'NOUN', 'feats': 'Gender=Masc|Number=Plur', 'head': 51, 'deprel': 'obl', 'lemma': 'מנהג'}]"
"(55, 56)",שלי,,,,,,"(199, 202)",,"[{'id': 55, 'text': 'של_', 'upos': 'ADP', 'xpos': 'ADP', 'feats': 'Case=Gen', 'head': 56, 'deprel': 'case:gen', 'lemma': 'של'}, {'id': 56, 'text': '_אני', 'upos': 'PRON', 'xpos': 'PRON', 'feats': 'Gender=Fem,Masc|Number=Sing|Person=1|PronType=Prs', 'head': 54, 'deprel': 'nmod:poss', 'lemma': 'הוא'}]"
"(57, 59)",והמסורת,,,,,,"(203, 210)",,"[{'id': 57, 'text': 'ו', 'upos': 'CCONJ', 'xpos': 'CCONJ', 'head': 59, 'deprel': 'cc', 'lemma': 'ו'}, {'id': 58, 'text': 'ה', 'upos': 'DET', 'xpos': 'DET', 'feats': 'PronType=Art', 'head': 59, 'deprel': 'det:def', 'lemma': 'ה'}, {'id': 59, 'text': 'מסורת', 'upos': 'NOUN', 'xpos': 'NOUN', 'feats': 'Gender=Fem|Number=Sing', 'head': 54, 'deprel': 'conj', 'lemma': 'מסורת'}]"
"(60, 61)",שלי,,,,,,"(211, 214)",,"[{'id': 60, 'text': 'של_', 'upos': 'ADP', 'xpos': 'ADP', 'feats': 'Case=Gen', 'head': 61, 'deprel': 'case:gen', 'lemma': 'של'}, {'id': 61, 'text': '_אני', 'upos': 'PRON', 'xpos': 'PRON', 'feats': 'Gender=Fem,Masc|Number=Sing|Person=1|PronType=Prs', 'head': 59, 'deprel': 'nmod:poss', 'lemma': 'הוא'}]"
62,",",PUNCT,PUNCT,HebSource=ConvUncertainHead,40.0,punct,"(214, 215)",",",
63,חשוב,AUX,AUX,"Gender=Masc|Number=Sing|Person=1,2,3|VerbType=Mod",40.0,dep,"(216, 220)",חשוב,
"(64, 65)",שלא,,,,,,"(221, 224)",,"[{'id': 64, 'text': 'ש', 'upos': 'SCONJ', 'xpos': 'SCONJ', 'head': 66, 'deprel': 'mark', 'lemma': 'ש'}, {'id': 65, 'text': 'לא', 'upos': 'ADV', 'xpos': 'ADV', 'feats': 'Polarity=Neg', 'head': 66, 'deprel': 'advmod', 'lemma': 'לא'}]"
66,יהיה,AUX,AUX,Gender=Masc|Number=Sing|Person=3|Polarity=Pos|Tense=Fut|VerbType=Cop,63.0,advcl,"(225, 229)",היה,
"(67, 68)",באזור,,,,,,"(230, 235)",,"[{'id': 67, 'text': 'ב', 'upos': 'ADP', 'xpos': 'ADP', 'head': 68, 'deprel': 'case', 'lemma': 'ב'}, {'id': 68, 'text': 'אזור', 'upos': 'NOUN', 'xpos': 'NOUN', 'feats': 'Gender=Masc|Number=Sing', 'head': 66, 'deprel': 'obl', 'lemma': 'אזור'}]"
69,של,ADP,ADP,Case=Gen,70.0,case:gen,"(236, 238)",של,
70,מפגעים,NOUN,NOUN,Definite=Cons|Gender=Masc|Number=Plur,68.0,nmod:poss,"(239, 245)",מפגע,
71,רעשים,NOUN,NOUN,Gender=Masc|Number=Plur,70.0,compound:smixut,"(246, 251)",רעש,
"(72, 73)",ואזורי,,,,,,"(252, 258)",,"[{'id': 72, 'text': 'ו', 'upos': 'CCONJ', 'xpos': 'CCONJ', 'head': 73, 'deprel': 'cc', 'lemma': 'ו'}, {'id': 73, 'text': 'אזורי', 'upos': 'NOUN', 'xpos': 'NOUN', 'feats': 'Definite=Cons|Gender=Masc|Number=Plur', 'head': 70, 'deprel': 'conj', 'lemma': 'אזור'}]"
74,תעשייה,NOUN,NOUN,Gender=Fem|Number=Sing,73.0,compound:smixut,"(259, 265)",תעשייה,
1,•,PUNCT,PUNCT,,4.0,punct,"(1, 2)",•,
2,כמו,ADP,ADP,,3.0,case,"(3, 6)",כמו,
3,כן,PRON,PRON,Person=3|PronType=Dem,4.0,obl,"(7, 9)",כן,
4,עלה,VERB,VERB,Gender=Masc|HebBinyan=PAAL|Number=Sing|Person=3|Tense=Past|Voice=Act,0.0,root,"(10, 13)",עלה,
"(5, 7)",ובאופן,,,,,,"(14, 20)",,"[{'id': 5, 'text': 'ו', 'upos': 'CCONJ', 'xpos': 'CCONJ', 'head': 4, 'deprel': 'dep', 'lemma': 'ו'}, {'id': 6, 'text': 'ב', 'upos': 'ADP', 'xpos': 'ADP', 'head': 7, 'deprel': 'case', 'lemma': 'ב'}, {'id': 7, 'text': 'אופן', 'upos': 'NOUN', 'xpos': 'NOUN', 'feats': 'Gender=Masc|Number=Sing', 'head': 4, 'deprel': 'obl', 'lemma': 'אופן'}]"
8,בלתי,ADV,ADV,Prefix=Yes,9.0,compound:affix,"(21, 25)",בלתי,
9,נעזר,ADJ,ADJ,"Gender=Masc|HebBinyan=NIFAL|Number=Sing|Person=1,2,3|VerbForm=Part|Voice=Mid",7.0,amod,"(26, 30)",נעזר,
10,",",PUNCT,PUNCT,,4.0,punct,"(30, 31)",",",
11,כי,SCONJ,SCONJ,,14.0,mark,"(32, 34)",כי,
"(12, 13)",המיקום,,,,,,"(35, 41)",,"[{'id': 12, 'text': 'ה', 'upos': 'DET', 'xpos': 'DET', 'feats': 'PronType=Art', 'head': 13, 'deprel': 'det:def', 'lemma': 'ה'}, {'id': 13, 'text': 'מיקום', 'upos': 'NOUN', 'xpos': 'NOUN', 'feats': 'Gender=Masc|Number=Sing', 'head': 14, 'deprel': 'nsubj', 'lemma': 'מיקום'}]"
14,חייב,AUX,AUX,"Gender=Masc|Number=Sing|Person=1,2,3|VerbType=Mod",15.0,aux,"(42, 46)",חייב,
15,להיות,AUX,AUX,Polarity=Pos|VerbForm=Inf|VerbType=Cop,4.0,ccomp,"(47, 52)",היה,
"(16, 18)",בסחינין,,,,,,"(53, 60)",,"[{'id': 16, 'text': 'ב', 'upos': 'ADP', 'xpos': 'ADP', 'head': 18, 'deprel': 'case', 'lemma': 'ב'}, {'id': 17, 'text': 'ה_', 'upos': 'DET', 'xpos': 'DET', 'feats': 'PronType=Art', 'head': 18, 'deprel': 'det:def', 'lemma': 'ה'}, {'id': 18, 'text': 'סחינין', 'upos': 'NOUN', 'xpos': 'NOUN', 'feats': 'Gender=Fem|Number=Sing', 'head': 14, 'deprel': 'obl', 'lemma': 'סחינין'}]"
19,עצמה,PRON,PRON,Gender=Fem|Number=Sing|Person=3|PronType=Emp|Reflex=Yes,18.0,nmod,"(61, 65)",עצמו,
"(20, 21)",הנו,,,,,,"(66, 69)",,"[{'id': 20, 'text': 'ה', 'upos': 'DET', 'xpos': 'DET', 'feats': 'PronType=Art', 'head': 26, 'deprel': 'dep', 'lemma': 'ה'}, {'id': 21, 'text': 'נו', 'upos': 'NOUN', 'xpos': 'NOUN', 'feats': 'Gender=Masc|Number=Sing', 'head': 26, 'deprel': 'dep', 'lemma': 'נו'}]"
"(22, 24)",גורם,,,,,,"(70, 74)",,"[{'id': 22, 'text': 'גור_', 'upos': 'NOUN', 'xpos': 'NOUN', 'feats': 'Definite=Def|Gender=Masc|Number=Sing', 'head': 26, 'deprel': 'nsubj', 'lemma': 'גור'}, {'id': 23, 'text': '_של_', 'upos': 'ADP', 'xpos': 'ADP', 'head': 24, 'deprel': 'case:gen', 'lemma': 'של'}, {'id': 24, 'text': '_הם', 'upos': 'PRON', 'xpos': 'PRON', 'feats': 'Case=Gen|Gender=Masc|Number=Plur|Person=3|PronType=Prs', 'head': 22, 'deprel': 'nmod:poss', 'lemma': 'הוא'}]"
25,בל,X,X,,26.0,dep,"(75, 77)",בל,
26,יעבור,VERB,VERB,Gender=Masc|HebBinyan=PAAL|Number=Sing|Person=3|Tense=Fut|Voice=Act,14.0,parataxis,"(78, 83)",עבר,
"(27, 28)",מבחינת,,,,,,"(84, 90)",,"[{'id': 27, 'text': 'מ', 'upos': 'ADP', 'xpos': 'ADP', 'head': 28, 'deprel': 'case', 'lemma': 'מ'}, {'id': 28, 'text': 'בחינת', 'upos': 'NOUN', 'xpos': 'NOUN', 'feats': 'Definite=Cons|Gender=Fem|Number=Sing', 'head': 26, 'deprel': 'obl', 'lemma': 'בחינה'}]"
29,בחירת,NOUN,NOUN,Definite=Cons|Gender=Fem|Number=Sing,28.0,compound:smixut,"(91, 96)",בחירה,
30,מקום,NOUN,NOUN,Definite=Cons|Gender=Masc|Number=Sing,29.0,compound:smixut,"(97, 101)",מקום,
31,מגורים,NOUN,NOUN,Gender=Masc|Number=Plur,30.0,compound:smixut,"(102, 108)",מגורים,
"(32, 33)",הדבר,,,,,,"(109, 113)",,"[{'id': 32, 'text': 'ה', 'upos': 'DET', 'xpos': 'DET', 'feats': 'PronType=Art', 'head': 33, 'deprel': 'det:def', 'lemma': 'ה'}, {'id': 33, 'text': 'דבר', 'upos': 'NOUN', 'xpos': 'NOUN', 'feats': 'Gender=Masc|Number=Sing', 'head': 34, 'deprel': 'nsubj', 'lemma': 'דבר'}]"
34,עלה,VERB,VERB,Gender=Masc|HebBinyan=PAAL|Number=Sing|Person=3|Tense=Past|Voice=Act,4.0,parataxis,"(114, 117)",עלה,
35,מאוד,ADV,ADV,,36.0,advmod,"(118, 122)",מאוד,
36,חזק,ADJ,ADJ,Gender=Masc|Number=Sing,34.0,xcomp,"(123, 126)",חזק,
37,",",PUNCT,PUNCT,,34.0,punct,"(126, 127)",",",
"(38, 39)",בקבוצות,,,,,,"(128, 135)",,"[{'id': 38, 'text': 'ב', 'upos': 'ADP', 'xpos': 'ADP', 'head': 39, 'deprel': 'case', 'lemma': 'ב'}, {'id': 39, 'text': 'קבוצות', 'upos': 'NOUN', 'xpos': 'NOUN', 'feats': 'Definite=Cons|Gender=Fem|Number=Plur', 'head': 34, 'deprel': 'obl', 'lemma': 'קבוצה'}]"
"(40, 41)",הגברים,,,,,,"(136, 142)",,"[{'id': 40, 'text': 'ה', 'upos': 'DET', 'xpos': 'DET', 'feats': 'PronType=Art', 'head': 41, 'deprel': 'det:def', 'lemma': 'ה'}, {'id': 41, 'text': 'גברים', 'upos': 'NOUN', 'xpos': 'NOUN', 'feats': 'Gender=Masc|Number=Plur', 'head': 39, 'deprel': 'compound:smixut', 'lemma': 'גבר'}]"
"(42, 43)",הנשואים,,,,,,"(143, 150)",,"[{'id': 42, 'text': 'ה', 'upos': 'DET', 'xpos': 'DET', 'feats': 'PronType=Art', 'head': 43, 'deprel': 'det:def', 'lemma': 'ה'}, {'id': 43, 'text': 'נשואים', 'upos': 'ADJ', 'xpos': 'ADJ', 'feats': 'Gender=Masc|Number=Plur', 'head': 41, 'deprel': 'amod', 'lemma': 'נשוא'}]"
"(44, 46)",והרווקים,,,,,,"(151, 159)",,"[{'id': 44, 'text': 'ו', 'upos': 'CCONJ', 'xpos': 'CCONJ', 'head': 46, 'deprel': 'cc', 'lemma': 'ו'}, {'id': 45, 'text': 'ה', 'upos': 'DET', 'xpos': 'DET', 'feats': 'PronType=Art', 'head': 46, 'deprel': 'det:def', 'lemma': 'ה'}, {'id': 46, 'text': 'רווקים', 'upos': 'ADJ', 'xpos': 'ADJ', 'feats': 'Gender=Masc|Number=Plur', 'head': 43, 'deprel': 'conj', 'lemma': 'רווק'}]"
1,גם,ADV,ADV,,2.0,det,"(1, 3)",גם,
2,קבוצות,NOUN,NOUN,Definite=Cons|Gender=Fem|Number=Plur,5.0,nsubj,"(4, 10)",קבוצה,
"(3, 4)",הנשים,,,,,,"(11, 16)",,"[{'id': 3, 'text': 'ה', 'upos': 'DET', 'xpos': 'DET', 'feats': 'PronType=Art', 'head': 4, 'deprel': 'det:def', 'lemma': 'ה'}, {'id': 4, 'text': 'נשים', 'upos': 'NOUN', 'xpos': 'NOUN', 'feats': 'Gender=Fem|Number=Plur', 'head': 2, 'deprel': 'compound:smixut', 'lemma': 'איש'}]"
5,יישרו קוו,VERB,VERB,"Gender=Fem,Masc|HebBinyan=PIEL|Number=Plur|Person=3|Tense=Fut|Voice=Act",0.0,root,"(17, 26)",נשרווק,
6,עם,ADP,ADP,,7.0,case,"(27, 29)",עם,
7,נורמה,NOUN,NOUN,Gender=Fem|Number=Sing,5.0,obl,"(30, 35)",נורמה,
8,זו,PRON,PRON,Gender=Fem|Number=Sing|Person=3|PronType=Dem,7.0,det,"(36, 38)",זו,
9,אך,CCONJ,CCONJ,,14.0,cc,"(39, 41)",אך,
10,לא,ADV,ADV,Polarity=Neg,11.0,advmod,"(42, 44)",לא,
"(11, 12)",באותה,,,,,,"(45, 50)",,"[{'id': 11, 'text': 'ב', 'upos': 'ADP', 'xpos': 'ADP', 'head': 14, 'deprel': 'case', 'lemma': 'ב'}, {'id': 12, 'text': 'אותה', 'upos': 'PRON', 'xpos': 'PRON', 'feats': 'Definite=Def|Gender=Fem|Number=Sing|Person=3|PronType=Prs', 'head': 14, 'deprel': 'det', 'lemma': 'אותו'}]"
"(13, 16)",מידה,,,,,,"(51, 55)",,"[{'id': 13, 'text': 'מ', 'upos': 'ADP', 'xpos': 'ADP', 'head': 14, 'deprel': 'case', 'lemma': 'מ'}, {'id': 14, 'text': 'יד_', 'upos': 'NOUN', 'xpos': 'NOUN', 'feats': 'Definite=Def|Gender=Fem|Number=Plur', 'head': 7, 'deprel': 'dep', 'lemma': 'יד'}, {'id': 15, 'text': '_של_', 'upos': 'ADP', 'xpos': 'ADP', 'head': 16, 'deprel': 'case:gen', 'lemma': 'של'}, {'id': 16, 'text': '_היא', 'upos': 'PRON', 'xpos': 'PRON', 'feats': 'Case=Gen|Gender=Fem|Number=Sing|Person=3|PronType=Prs', 'head': 14, 'deprel': 'nmod:poss', 'lemma': 'הוא'}]"
17,של,ADP,ADP,Case=Gen,18.0,case:gen,"(56, 58)",של,
18,נוקשות,ADJ,ADJ,Gender=Fem|Number=Plur,14.0,nmod:poss,"(59, 65)",נוקשה,
1,בקרבת,ADP,ADP,,3.0,case,"(1, 6)",בקרבת,
"(2, 3)",הרווקים,,,,,,"(7, 14)",,"[{'id': 2, 'text': 'ה', 'upos': 'DET', 'xpos': 'DET', 'feats': 'PronType=Art', 'head': 3, 'deprel': 'det:def', 'lemma': 'ה'}, {'id': 3, 'text': 'רווקים', 'upos': 'NOUN', 'xpos': 'NOUN', 'feats': 'Gender=Masc|Number=Plur', 'head': 4, 'deprel': 'obl', 'lemma': 'רווק'}]"
4,עלה,VERB,VERB,Gender=Masc|HebBinyan=PAAL|Number=Sing|Person=3|Tense=Past|Voice=Act,0.0,root,"(15, 18)",עלה,
"(5, 6)",הנושא,,,,,,"(19, 24)",,"[{'id': 5, 'text': 'ה', 'upos': 'DET', 'xpos': 'DET', 'feats': 'PronType=Art', 'head': 6, 'deprel': 'det:def', 'lemma': 'ה'}, {'id': 6, 'text': 'נושא', 'upos': 'NOUN', 'xpos': 'NOUN', 'feats': 'Gender=Masc|Number=Sing', 'head': 4, 'deprel': 'nsubj', 'lemma': 'נושא'}]"
7,של,ADP,ADP,Case=Gen,8.0,case:gen,"(25, 27)",של,
8,זמינות,NOUN,NOUN,Gender=Fem|Number=Sing,6.0,nmod:poss,"(28, 34)",זמינות,
9,של,ADP,ADP,Case=Gen,10.0,case:gen,"(35, 37)",של,
10,תשתיות,NOUN,NOUN,Gender=Fem|Number=Plur,8.0,nmod:poss,"(38, 44)",תשתית,
11,בסיסיות,ADJ,ADJ,Gender=Fem|Number=Plur,10.0,amod,"(45, 52)",בסיסי,
1,מיקום,NOUN,NOUN,Gender=Masc|Number=Sing,0.0,root,"(0, 5)",מיקום,
"(2, 4)",בסביבה,,,,,,"(6, 12)",,"[{'id': 2, 'text': 'ב', 'upos': 'ADP', 'xpos': 'ADP', 'head': 4, 'deprel': 'case', 'lemma': 'ב'}, {'id': 3, 'text': 'ה_', 'upos': 'DET', 'xpos': 'DET', 'feats': 'PronType=Art', 'head': 4, 'deprel': 'det:def', 'lemma': 'ה'}, {'id': 4, 'text': 'סביבה', 'upos': 'NOUN', 'xpos': 'NOUN', 'feats': 'Gender=Fem|Number=Sing', 'head': 1, 'deprel': 'nmod', 'lemma': 'סביבה'}]"
5,מסודרת,VERB,VERB,"Gender=Fem|HebBinyan=PUAL|Number=Sing|Person=1,2,3|VerbForm=Part|Voice=Pass",4.0,amod,"(13, 19)",סודר,
6,נקייה,NOUN,NOUN,Gender=Fem|Number=Sing,4.0,nmod,"(20, 25)",נקי,
7,",",PUNCT,PUNCT,,6.0,punct,"(26, 27)",",",
8,זמינות,NOUN,NOUN,Gender=Fem|Number=Sing,6.0,conj,"(28, 34)",זמינות,
9,של,ADP,ADP,Case=Gen,10.0,case:gen,"(35, 37)",של,
10,גני,NOUN,NOUN,Definite=Cons|Gender=Masc|Number=Plur,8.0,nmod:poss,"(38, 41)",גן,
11,ילדים,NOUN,NOUN,Gender=Masc|Number=Plur,10.0,compound:smixut,"(42, 47)",ילד,
"(12, 13)",ושירותים,,,,,,"(48, 56)",,"[{'id': 12, 'text': 'ו', 'upos': 'CCONJ', 'xpos': 'CCONJ', 'head': 13, 'deprel': 'cc', 'lemma': 'ו'}, {'id': 13, 'text': 'שירותים', 'upos': 'NOUN', 'xpos': 'NOUN', 'feats': 'Gender=Masc|Number=Plur', 'head': 6, 'deprel': 'conj', 'lemma': 'שירות'}]"
1,•,PUNCT,PUNCT,,8.0,punct,"(1, 2)",•,
"(2, 3)",הרוב,,,,,,"(3, 7)",,"[{'id': 2, 'text': 'ה', 'upos': 'DET', 'xpos': 'DET', 'feats': 'PronType=Art', 'head': 3, 'deprel': 'det:def', 'lemma': 'ה'}, {'id': 3, 'text': 'רוב', 'upos': 'NOUN', 'xpos': 'NOUN', 'feats': 'Gender=Masc|Number=Sing', 'head': 8, 'deprel': 'nsubj', 'lemma': 'רוב'}]"
"(4, 5)",בקבוצות,,,,,,"(8, 15)",,"[{'id': 4, 'text': 'ב', 'upos': 'ADP', 'xpos': 'ADP', 'head': 5, 'deprel': 'case', 'lemma': 'ב'}, {'id': 5, 'text': 'קבוצות', 'upos': 'NOUN', 'xpos': 'NOUN', 'feats': 'Definite=Cons|Gender=Fem|Number=Plur', 'head': 3, 'deprel': 'nmod', 'lemma': 'קבוצה'}]"
"(6, 7)",הגברים,,,,,,"(16, 22)",,"[{'id': 6, 'text': 'ה', 'upos': 'DET', 'xpos': 'DET', 'feats': 'PronType=Art', 'head': 7, 'deprel': 'det:def', 'lemma': 'ה'}, {'id': 7, 'text': 'גברים', 'upos': 'NOUN', 'xpos': 'NOUN', 'feats': 'Gender=Masc|Number=Plur', 'head': 5, 'deprel': 'compound:smixut', 'lemma': 'גבר'}]"
8,הדגישו,VERB,VERB,"Gender=Fem,Masc|HebBinyan=HIFIL|Number=Plur|Person=3|Tense=Past|Voice=Act",0.0,root,"(23, 29)",הדגיש,
9,כי,SCONJ,SCONJ,,10.0,mark,"(30, 32)",כי,
10,חשוב,AUX,AUX,"Gender=Masc|Number=Sing|Person=1,2,3|VerbType=Mod",12.0,aux,"(33, 37)",חשוב,
11,מאוד,ADV,ADV,,10.0,advmod,"(38, 42)",מאוד,
12,לגור,VERB,VERB,HebBinyan=PAAL|VerbForm=Inf|Voice=Act,8.0,ccomp,"(43, 47)",גר,
"(13, 15)",בסביבה,,,,,,"(48, 54)",,"[{'id': 13, 'text': 'ב', 'upos': 'ADP', 'xpos': 'ADP', 'head': 15, 'deprel': 'case', 'lemma': 'ב'}, {'id': 14, 'text': 'ה_', 'upos': 'DET', 'xpos': 'DET', 'feats': 'PronType=Art', 'head': 15, 'deprel': 'det:def', 'lemma': 'ה'}, {'id': 15, 'text': 'סביבה', 'upos': 'NOUN', 'xpos': 'NOUN', 'feats': 'Gender=Fem|Number=Sing', 'head': 12, 'deprel': 'obl', 'lemma': 'סביבה'}]"
16,עם,ADP,ADP,,17.0,case,"(55, 57)",עם,
17,תושבי,NOUN,NOUN,Definite=Cons|Gender=Masc|Number=Plur,12.0,obl,"(58, 63)",תושב,
18,סחינין,PROPN,PROPN,,17.0,compound:smixut,"(64, 70)",סחינין,
"(19, 20)",ולא,,,,,,"(71, 74)",,"[{'id': 19, 'text': 'ו', 'upos': 'CCONJ', 'xpos': 'CCONJ', 'head': 22, 'deprel': 'cc', 'lemma': 'ו'}, {'id': 20, 'text': 'לא', 'upos': 'ADV', 'xpos': 'ADV', 'feats': 'Polarity=Neg', 'head': 21, 'deprel': 'advmod', 'lemma': 'לא'}]"
21,בקרבת,ADP,ADP,,22.0,case,"(75, 80)",בקרבת,
22,זרים,NOUN,NOUN,Gender=Masc|Number=Plur,12.0,obl,"(81, 85)",זר,
23,(,PUNCT,PUNCT,,24.0,punct,"(86, 87)",(,
"(24, 25)",מעכו,,,,,,"(87, 91)",,"[{'id': 24, 'text': 'מעכו', 'upos': 'NOUN', 'xpos': 'NOUN', 'head': 22, 'deprel': 'appos', 'lemma': 'מעכו'}, {'id': 25, 'text': '_הוא', 'upos': 'PRON', 'xpos': 'PRON', 'feats': 'Case=Gen|Gender=Masc|Number=Sing|Person=3|PronType=Prs', 'head': 24, 'deprel': 'dep', 'lemma': 'הוא'}]"
26,או,CCONJ,CCONJ,,29.0,cc,"(92, 94)",או,
"(27, 29)",מהשטחים,,,,,,"(95, 102)",,"[{'id': 27, 'text': 'מ', 'upos': 'ADP', 'xpos': 'ADP', 'head': 29, 'deprel': 'case', 'lemma': 'מ'}, {'id': 28, 'text': 'ה', 'upos': 'DET', 'xpos': 'DET', 'feats': 'PronType=Art', 'head': 29, 'deprel': 'det:def', 'lemma': 'ה'}, {'id': 29, 'text': 'שטחים', 'upos': 'NOUN', 'xpos': 'NOUN', 'feats': 'Gender=Masc|Number=Plur', 'head': 24, 'deprel': 'conj', 'lemma': 'שטח'}]"
30,),PUNCT,PUNCT,,24.0,punct,"(103, 104)",),
1,התנגדות,NOUN,NOUN,Gender=Fem|Number=Sing,4.0,nsubj,"(1, 8)",התנגדות,
2,זו,PRON,PRON,Gender=Fem|Number=Sing|Person=3|PronType=Dem,1.0,det,"(9, 11)",זו,
3,לא,ADV,ADV,Polarity=Neg,4.0,advmod,"(12, 14)",לא,
4,עלתה,VERB,VERB,Gender=Fem|HebBinyan=PAAL|Number=Sing|Person=3|Tense=Past|Voice=Act,0.0,root,"(15, 19)",עלה,
"(5, 6)",בצורה,,,,,,"(20, 25)",,"[{'id': 5, 'text': 'ב', 'upos': 'ADP', 'xpos': 'ADP', 'head': 6, 'deprel': 'case', 'lemma': 'ב'}, {'id': 6, 'text': 'צורה', 'upos': 'NOUN', 'xpos': 'NOUN', 'feats': 'Gender=Fem|Number=Sing', 'head': 4, 'deprel': 'obl', 'lemma': 'צורה'}]"
7,בלתי,ADV,ADV,Prefix=Yes,8.0,compound:affix,"(26, 30)",בלתי,
8,נעזרת,VERB,VERB,"Gender=Fem|HebBinyan=NIFAL|Number=Sing|Person=1,2,3|VerbForm=Part|Voice=Mid",6.0,amod,"(31, 36)",נעזר,
"(9, 10)",בקבוצות,,,,,,"(37, 44)",,"[{'id': 9, 'text': 'ב', 'upos': 'ADP', 'xpos': 'ADP', 'head': 10, 'deprel': 'case', 'lemma': 'ב'}, {'id': 10, 'text': 'קבוצות', 'upos': 'NOUN', 'xpos': 'NOUN', 'feats': 'Definite=Cons|Gender=Fem|Number=Plur', 'head': 4, 'deprel': 'obl', 'lemma': 'קבוצה'}]"
"(11, 12)",הנשים,,,,,,"(45, 50)",,"[{'id': 11, 'text': 'ה', 'upos': 'DET', 'xpos': 'DET', 'feats': 'PronType=Art', 'head': 12, 'deprel': 'det:def', 'lemma': 'ה'}, {'id': 12, 'text': 'נשים', 'upos': 'NOUN', 'xpos': 'NOUN', 'feats': 'Gender=Fem|Number=Plur', 'head': 10, 'deprel': 'compound:smixut', 'lemma': 'איש'}]"
13,או,CCONJ,CCONJ,,15.0,cc,"(51, 53)",או,
14,בקרב,ADP,ADP,,15.0,case,"(54, 58)",בקרב,
15,מרואייני,NOUN,NOUN,Definite=Cons|Gender=Masc|Number=Plur,10.0,conj,"(59, 67)",מרואיין,
"(16, 17)",העומק,,,,,,"(68, 73)",,"[{'id': 16, 'text': 'ה', 'upos': 'DET', 'xpos': 'DET', 'feats': 'PronType=Art', 'head': 17, 'deprel': 'det:def', 'lemma': 'ה'}, {'id': 17, 'text': 'עומק', 'upos': 'NOUN', 'xpos': 'NOUN', 'feats': 'Gender=Masc|Number=Sing', 'head': 15, 'deprel': 'compound:smixut', 'lemma': 'עומק'}]"
1,בקרב,ADP,ADP,,3.0,case,"(1, 5)",בקרב,
"(2, 3)",בנשים,,,,,,"(6, 11)",,"[{'id': 2, 'text': 'ב', 'upos': 'ADP', 'xpos': 'ADP', 'head': 3, 'deprel': 'case', 'lemma': 'ב'}, {'id': 3, 'text': 'נשים', 'upos': 'NOUN', 'xpos': 'NOUN', 'feats': 'Gender=Fem|Number=Plur', 'head': 5, 'deprel': 'obl', 'lemma': 'איש'}]"
4,לא,ADV,ADV,Polarity=Neg,5.0,advmod,"(12, 14)",לא,
5,התגלתה,VERB,VERB,Gender=Fem|HebBinyan=HITPAEL|Number=Sing|Person=3|Tense=Past,0.0,root,"(15, 21)",התגלה,
6,חרדת,NOUN,NOUN,Definite=Cons|Gender=Fem|Number=Sing,5.0,nsubj,"(22, 26)",חרדה,
7,זרים,NOUN,NOUN,Gender=Masc|Number=Plur,6.0,compound:smixut,"(27, 31)",זר,
8,אך,CCONJ,CCONJ,,9.0,cc,"(32, 34)",אך,
9,הדגישו,VERB,VERB,"Gender=Fem,Masc|HebBinyan=HIFIL|Number=Plur|Person=3|Tense=Past|Voice=Act",5.0,conj,"(35, 41)",הדגיש,
10,חשיבות,NOUN,NOUN,Definite=Cons|Gender=Fem|Number=Sing,9.0,obj,"(42, 48)",חשיבות,
11,איכות,NOUN,NOUN,Definite=Cons|Gender=Fem|Number=Sing,10.0,compound:smixut,"(49, 54)",איכות,
"(12, 13)",השכנים,,,,,,"(55, 61)",,"[{'id': 12, 'text': 'ה', 'upos': 'DET', 'xpos': 'DET', 'feats': 'PronType=Art', 'head': 13, 'deprel': 'det:def', 'lemma': 'ה'}, {'id': 13, 'text': 'שכנים', 'upos': 'NOUN', 'xpos': 'NOUN', 'feats': 'Gender=Masc|Number=Plur', 'head': 11, 'deprel': 'compound:smixut', 'lemma': 'שכן'}]"
"(14, 15)",וממוצע,,,,,,"(62, 68)",,"[{'id': 14, 'text': 'ו', 'upos': 'CCONJ', 'xpos': 'CCONJ', 'head': 15, 'deprel': 'cc', 'lemma': 'ו'}, {'id': 15, 'text': 'ממוצע', 'upos': 'NOUN', 'xpos': 'NOUN', 'feats': 'Definite=Cons|Gender=Masc|Number=Sing', 'head': 11, 'deprel': 'conj', 'lemma': 'ממוצע'}]"
"(16, 17)",הגילאים,,,,,,"(69, 76)",,"[{'id': 16, 'text': 'ה', 'upos': 'DET', 'xpos': 'DET', 'feats': 'PronType=Art', 'head': 17, 'deprel': 'det:def', 'lemma': 'ה'}, {'id': 17, 'text': 'גילאים', 'upos': 'NOUN', 'xpos': 'NOUN', 'feats': 'Gender=Masc|Number=Plur', 'head': 15, 'deprel': 'compound:smixut', 'lemma': 'גיל'}]"
"(18, 19)",וכדי,,,,,,"(77, 81)",,"[{'id': 18, 'text': 'ו', 'upos': 'CCONJ', 'xpos': 'CCONJ', 'feats': 'HebSource=ConvUncertainHead', 'head': 9, 'deprel': 'dep', 'lemma': 'ו'}, {'id': 19, 'text': 'כדי', 'upos': 'ADP', 'xpos': 'ADP', 'head': 18, 'deprel': 'fixed', 'lemma': 'כדי'}]"
"(1, 2)",בקבוצת,,,,,,"(1, 7)",,"[{'id': 1, 'text': 'ב', 'upos': 'ADP', 'xpos': 'ADP', 'head': 2, 'deprel': 'case', 'lemma': 'ב'}, {'id': 2, 'text': 'קבוצת', 'upos': 'NOUN', 'xpos': 'NOUN', 'feats': 'Definite=Cons|Gender=Fem|Number=Sing', 'head': 7, 'deprel': 'obl', 'lemma': 'קבוצה'}]"
"(3, 4)",הרווקות,,,,,,"(8, 15)",,"[{'id': 3, 'text': 'ה', 'upos': 'DET', 'xpos': 'DET', 'feats': 'PronType=Art', 'head': 4, 'deprel': 'det:def', 'lemma': 'ה'}, {'id': 4, 'text': 'רווקות', 'upos': 'NOUN', 'xpos': 'NOUN', 'feats': 'Gender=Fem|Number=Plur', 'head': 2, 'deprel': 'compound:smixut', 'lemma': 'רווקה'}]"
5,זה,PRON,PRON,Gender=Masc|Number=Sing|Person=3,7.0,nsubj,"(16, 18)",זה,
6,לא,ADV,ADV,Polarity=Neg,7.0,advmod,"(19, 21)",לא,
7,עלה,VERB,VERB,Gender=Masc|HebBinyan=PAAL|Number=Sing|Person=3|Tense=Past|Voice=Act,0.0,root,"(22, 25)",עלה,
"(8, 9)",בצורה,,,,,,"(26, 31)",,"[{'id': 8, 'text': 'ב', 'upos': 'ADP', 'xpos': 'ADP', 'head': 9, 'deprel': 'case', 'lemma': 'ב'}, {'id': 9, 'text': 'צורה', 'upos': 'NOUN', 'xpos': 'NOUN', 'feats': 'Gender=Fem|Number=Sing', 'head': 7, 'deprel': 'obl', 'lemma': 'צורה'}]"
10,בלתי,ADV,ADV,Prefix=Yes,11.0,compound:affix,"(32, 36)",בלתי,
11,נעזרת,VERB,VERB,"Gender=Fem|HebBinyan=NIFAL|Number=Sing|Person=1,2,3|VerbForm=Part|Voice=Mid",9.0,amod,"(37, 42)",נעזר,
12,",",PUNCT,PUNCT,,7.0,punct,"(43, 44)",",",
13,אך,CCONJ,CCONJ,,18.0,cc,"(45, 47)",אך,
"(14, 15)",ברמה,,,,,,"(48, 52)",,"[{'id': 14, 'text': 'ב', 'upos': 'ADP', 'xpos': 'ADP', 'head': 15, 'deprel': 'case', 'lemma': 'ב'}, {'id': 15, 'text': 'רמה', 'upos': 'NOUN', 'xpos': 'NOUN', 'feats': 'Gender=Fem|Number=Sing', 'head': 18, 'deprel': 'obl', 'lemma': 'רמה'}]"
"(16, 17)",הנעזרת,,,,,,"(53, 59)",,"[{'id': 16, 'text': 'ה', 'upos': 'DET', 'xpos': 'DET', 'feats': 'PronType=Art', 'head': 17, 'deprel': 'mark', 'lemma': 'ה'}, {'id': 17, 'text': 'נעזרת', 'upos': 'VERB', 'xpos': 'VERB', 'feats': 'Gender=Fem|HebBinyan=NIFAL|Number=Sing|Person=1,2,3|VerbForm=Part|Voice=Mid', 'head': 15, 'deprel': 'amod', 'lemma': 'נעזר'}]"
18,רשמנו,VERB,VERB,"Gender=Fem,Masc|HebBinyan=PAAL|Number=Plur|Person=3|Tense=Past|Voice=Act",7.0,conj,"(60, 65)",_,
19,גם,ADV,ADV,,20.0,det,"(66, 68)",גם,
20,עמדות,NOUN,NOUN,Gender=Fem|Number=Plur,18.0,obj,"(69, 74)",עמדה,
21,של,ADP,ADP,Case=Gen,22.0,case:gen,"(75, 77)",של,
22,חשש,NOUN,NOUN,Gender=Masc|Number=Sing,20.0,nmod:poss,"(78, 81)",חשש,
"(23, 25)",מהשכנים,,,,,,"(82, 89)",,"[{'id': 23, 'text': 'מ', 'upos': 'ADP', 'xpos': 'ADP', 'head': 25, 'deprel': 'case', 'lemma': 'מ'}, {'id': 24, 'text': 'ה', 'upos': 'DET', 'xpos': 'DET', 'feats': 'PronType=Art', 'head': 25, 'deprel': 'det:def', 'lemma': 'ה'}, {'id': 25, 'text': 'שכנים', 'upos': 'NOUN', 'xpos': 'NOUN', 'feats': 'Gender=Masc|Number=Plur', 'head': 22, 'deprel': 'nmod', 'lemma': 'שכן'}]"
"(26, 28)",והזרים,,,,,,"(90, 96)",,"[{'id': 26, 'text': 'ו', 'upos': 'CCONJ', 'xpos': 'CCONJ', 'head': 28, 'deprel': 'cc', 'lemma': 'ו'}, {'id': 27, 'text': 'ה', 'upos': 'DET', 'xpos': 'DET', 'feats': 'PronType=Art', 'head': 28, 'deprel': 'det:def', 'lemma': 'ה'}, {'id': 28, 'text': 'זרים', 'upos': 'NOUN', 'xpos': 'NOUN', 'feats': 'Gender=Masc|Number=Plur', 'head': 25, 'deprel': 'conj', 'lemma': 'זר'}]"
"(29, 31)",בעיר,,,,,,"(97, 101)",,"[{'id': 29, 'text': 'ב', 'upos': 'ADP', 'xpos': 'ADP', 'head': 31, 'deprel': 'case', 'lemma': 'ב'}, {'id': 30, 'text': 'ה_', 'upos': 'DET', 'xpos': 'DET', 'feats': 'PronType=Art', 'head': 31, 'deprel': 'det:def', 'lemma': 'ה'}, {'id': 31, 'text': 'עיר', 'upos': 'NOUN', 'xpos': 'NOUN', 'feats': 'Gender=Fem|Number=Sing', 'head': 25, 'deprel': 'nmod', 'lemma': 'עיר'}]"
1,•,PUNCT,PUNCT,,15.0,punct,"(1, 2)",•,
2,לגבי,ADP,ADP,,4.0,case,"(3, 7)",לגבי,
"(3, 4)",הנראות,,,,,,"(8, 14)",,"[{'id': 3, 'text': 'ה', 'upos': 'DET', 'xpos': 'DET', 'feats': 'PronType=Art', 'head': 4, 'deprel': 'det:def', 'lemma': 'ה'}, {'id': 4, 'text': 'נראות', 'upos': 'NOUN', 'xpos': 'NOUN', 'feats': 'Gender=Fem|Number=Plur', 'head': 15, 'deprel': 'obl', 'lemma': 'נראה'}]"
"(5, 6)",החיצונית,,,,,,"(15, 23)",,"[{'id': 5, 'text': 'ה', 'upos': 'DET', 'xpos': 'DET', 'feats': 'PronType=Art', 'head': 6, 'deprel': 'det:def', 'lemma': 'ה'}, {'id': 6, 'text': 'חיצונית', 'upos': 'ADJ', 'xpos': 'ADJ', 'feats': 'Gender=Fem|Number=Sing', 'head': 4, 'deprel': 'amod', 'lemma': 'חיצוני'}]"
7,-,PUNCT,PUNCT,,4.0,punct,"(24, 25)",-,
"(8, 9)",בקבוצות,,,,,,"(26, 33)",,"[{'id': 8, 'text': 'ב', 'upos': 'ADP', 'xpos': 'ADP', 'head': 9, 'deprel': 'case', 'lemma': 'ב'}, {'id': 9, 'text': 'קבוצות', 'upos': 'NOUN', 'xpos': 'NOUN', 'feats': 'Definite=Cons|Gender=Fem|Number=Plur', 'head': 4, 'deprel': 'nmod', 'lemma': 'קבוצה'}]"
"(10, 11)",הגברים,,,,,,"(34, 40)",,"[{'id': 10, 'text': 'ה', 'upos': 'DET', 'xpos': 'DET', 'feats': 'PronType=Art', 'head': 11, 'deprel': 'det:def', 'lemma': 'ה'}, {'id': 11, 'text': 'גברים', 'upos': 'NOUN', 'xpos': 'NOUN', 'feats': 'Gender=Masc|Number=Plur', 'head': 9, 'deprel': 'compound:smixut', 'lemma': 'גבר'}]"
"(12, 13)",הנושא,,,,,,"(41, 46)",,"[{'id': 12, 'text': 'ה', 'upos': 'DET', 'xpos': 'DET', 'feats': 'PronType=Art', 'head': 13, 'deprel': 'det:def', 'lemma': 'ה'}, {'id': 13, 'text': 'נושא', 'upos': 'NOUN', 'xpos': 'NOUN', 'feats': 'Gender=Masc|Number=Sing', 'head': 15, 'deprel': 'nsubj', 'lemma': 'נושא'}]"
14,לא,ADV,ADV,Polarity=Neg,15.0,advmod,"(47, 49)",לא,
15,עלה,VERB,VERB,Gender=Masc|HebBinyan=PAAL|Number=Sing|Person=3|Tense=Past|Voice=Act,0.0,root,"(50, 53)",עלה,
"(16, 17)",בצורה,,,,,,"(54, 59)",,"[{'id': 16, 'text': 'ב', 'upos': 'ADP', 'xpos': 'ADP', 'head': 17, 'deprel': 'case', 'lemma': 'ב'}, {'id': 17, 'text': 'צורה', 'upos': 'NOUN', 'xpos': 'NOUN', 'feats': 'Gender=Fem|Number=Sing', 'head': 15, 'deprel': 'obl', 'lemma': 'צורה'}]"
18,בלתי,ADV,ADV,Prefix=Yes,19.0,compound:affix,"(60, 64)",בלתי,
19,נעזרת,VERB,VERB,"Gender=Fem|HebBinyan=NIFAL|Number=Sing|Person=1,2,3|VerbForm=Part|Voice=Mid",17.0,amod,"(65, 70)",נעזר,
"(20, 22)",וכששאלנו,,,,,,"(71, 79)",,"[{'id': 20, 'text': 'ו', 'upos': 'CCONJ', 'xpos': 'CCONJ', 'head': 40, 'deprel': 'cc', 'lemma': 'ו'}, {'id': 21, 'text': 'כש', 'upos': 'SCONJ', 'xpos': 'SCONJ', 'feats': 'Case=Tem', 'head': 22, 'deprel': 'mark', 'lemma': 'כש'}, {'id': 22, 'text': 'שאלנו', 'upos': 'VERB', 'xpos': 'VERB', 'feats': 'Gender=Fem,Masc|HebBinyan=PAAL|Number=Plur|Person=1|Tense=Past|Voice=Act', 'head': 15, 'deprel': 'advcl', 'lemma': 'שאל'}]"
23,את,ADP,ADP,Case=Acc,24.0,case:acc,"(80, 82)",את,
24,זה,PRON,PRON,Gender=Masc|Number=Sing|Person=3,22.0,obj,"(83, 85)",זה,
"(25, 26)",התשובה,,,,,,"(86, 92)",,"[{'id': 25, 'text': 'ה', 'upos': 'DET', 'xpos': 'DET', 'feats': 'PronType=Art', 'head': 26, 'deprel': 'det:def', 'lemma': 'ה'}, {'id': 26, 'text': 'תשובה', 'upos': 'NOUN', 'xpos': 'NOUN', 'feats': 'Gender=Fem|Number=Sing', 'head': 22, 'deprel': 'nsubj', 'lemma': 'תשובה'}]"
27,הייתה,AUX,AUX,Gender=Fem|Number=Sing|Person=3|Polarity=Pos|Tense=Past|VerbType=Cop,15.0,cop,"(93, 98)",היה,
"(28, 29)",שזה,,,,,,"(99, 102)",,"[{'id': 28, 'text': 'ש', 'upos': 'SCONJ', 'xpos': 'SCONJ', 'head': 33, 'deprel': 'mark', 'lemma': 'ש'}, {'id': 29, 'text': 'זה', 'upos': 'PRON', 'xpos': 'PRON', 'feats': 'Gender=Masc|Number=Sing|Person=3', 'head': 33, 'deprel': 'nsubj', 'lemma': 'זה'}]"
30,לא,ADV,ADV,Polarity=Neg,31.0,advmod,"(103, 105)",לא,
31,ממש,ADV,ADV,,33.0,advmod,"(106, 109)",ממש,
"(32, 33)",בראש,,,,,,"(110, 114)",,"[{'id': 32, 'text': 'ב', 'upos': 'ADP', 'xpos': 'ADP', 'head': 33, 'deprel': 'case', 'lemma': 'ב'}, {'id': 33, 'text': 'ראש', 'upos': 'NOUN', 'xpos': 'NOUN', 'feats': 'Definite=Cons|Gender=Masc|Number=Sing', 'head': 15, 'deprel': 'advcl', 'lemma': 'ראש'}]"
34,מעיינים,NOUN,NOUN,Gender=Masc|Number=Plur,33.0,compound:smixut,"(115, 122)",מעיין,
"(35, 36)",ולאור,,,,,,"(123, 128)",,"[{'id': 35, 'text': 'ו', 'upos': 'CCONJ', 'xpos': 'CCONJ', 'head': 40, 'deprel': 'cc', 'lemma': 'ו'}, {'id': 36, 'text': 'לאור', 'upos': 'ADP', 'xpos': 'ADP', 'head': 38, 'deprel': 'case', 'lemma': 'לאור'}]"
"(37, 38)",המחסור,,,,,,"(129, 135)",,"[{'id': 37, 'text': 'ה', 'upos': 'DET', 'xpos': 'DET', 'feats': 'PronType=Art', 'head': 38, 'deprel': 'det:def', 'lemma': 'ה'}, {'id': 38, 'text': 'מחסור', 'upos': 'NOUN', 'xpos': 'NOUN', 'feats': 'Gender=Masc|Number=Sing', 'head': 40, 'deprel': 'obl', 'lemma': 'מחסור'}]"
39,זה,PRON,PRON,Gender=Masc|Number=Sing|Person=3,40.0,nsubj,"(136, 138)",זה,
40,נראה,VERB,VERB,"Gender=Masc|HebBinyan=NIFAL|Number=Sing|Person=1,2,3|VerbForm=Part|Voice=Mid",33.0,conj,"(139, 143)",נראה,
41,עכשיו,ADV,ADV,,40.0,advmod,"(144, 149)",עכשיו,
"(42, 43)",כמותרות,,,,,,"(150, 157)",,"[{'id': 42, 'text': 'כ', 'upos': 'ADP', 'xpos': 'ADP', 'head': 43, 'deprel': 'case', 'lemma': 'כ'}, {'id': 43, 'text': 'מותרות', 'upos': 'NOUN', 'xpos': 'NOUN', 'feats': 'Gender=Fem|Number=Sing', 'head': 40, 'deprel': 'obl', 'lemma': 'מותרות'}]"
44,",",PUNCT,PUNCT,,40.0,punct,"(158, 159)",",",
"(45, 46)",ולכן,,,,,,"(160, 164)",,"[{'id': 45, 'text': 'ו', 'upos': 'CCONJ', 'xpos': 'CCONJ', 'head': 46, 'deprel': 'cc', 'lemma': 'ו'}, {'id': 46, 'text': 'לכן', 'upos': 'ADV', 'xpos': 'ADV', 'head': 48, 'deprel': 'advmod', 'lemma': 'לכן'}]"
47,הכי,ADV,ADV,,48.0,advmod,"(165, 168)",הכי,
48,חשוב,ADJ,ADJ,"Gender=Masc|Number=Sing|Person=1,2,3|VerbType=Mod",40.0,conj,"(169, 173)",חשוב,
49,זה,PRON,PRON,Gender=Masc|Number=Sing|Person=3,48.0,nsubj,"(174, 176)",זה,
"(50, 51)",הפנים,,,,,,"(177, 182)",,"[{'id': 50, 'text': 'ה', 'upos': 'DET', 'xpos': 'DET', 'feats': 'PronType=Art', 'head': 51, 'deprel': 'det:def', 'lemma': 'ה'}, {'id': 51, 'text': 'פנים', 'upos': 'NOUN', 'xpos': 'NOUN', 'feats': 'Gender=Masc|Number=Sing', 'head': 48, 'deprel': 'nsubj', 'lemma': 'פנים'}]"
52,של,ADP,ADP,Case=Gen,54.0,case:gen,"(183, 185)",של,
"(53, 54)",הבית,,,,,,"(186, 190)",,"[{'id': 53, 'text': 'ה', 'upos': 'DET', 'xpos': 'DET', 'feats': 'PronType=Art', 'head': 54, 'deprel': 'det:def', 'lemma': 'ה'}, {'id': 54, 'text': 'בית', 'upos': 'NOUN', 'xpos': 'NOUN', 'feats': 'Gender=Masc|Number=Sing', 'head': 51, 'deprel': 'nmod:poss', 'lemma': 'בית'}]"
"(55, 57)",והסביבה,,,,,,"(191, 198)",,"[{'id': 55, 'text': 'ו', 'upos': 'CCONJ', 'xpos': 'CCONJ', 'head': 57, 'deprel': 'cc', 'lemma': 'ו'}, {'id': 56, 'text': 'ה', 'upos': 'DET', 'xpos': 'DET', 'feats': 'PronType=Art', 'head': 57, 'deprel': 'det:def', 'lemma': 'ה'}, {'id': 57, 'text': 'סביבה', 'upos': 'NOUN', 'xpos': 'NOUN', 'feats': 'Gender=Fem|Number=Sing', 'head': 54, 'deprel': 'conj', 'lemma': 'סביבה'}]"
1,לעומת,ADP,ADP,,2.0,case,"(1, 6)",לעומת,
2,זאת,PRON,PRON,Gender=Fem|Number=Sing|Person=3|PronType=Dem,10.0,obl,"(7, 10)",זאת,
"(3, 4)",הנשים,,,,,,"(11, 16)",,"[{'id': 3, 'text': 'ה', 'upos': 'DET', 'xpos': 'DET', 'feats': 'PronType=Art', 'head': 4, 'deprel': 'det:def', 'lemma': 'ה'}, {'id': 4, 'text': 'נשים', 'upos': 'NOUN', 'xpos': 'NOUN', 'feats': 'Gender=Fem|Number=Plur', 'head': 10, 'deprel': 'nsubj', 'lemma': 'איש'}]"
"(5, 6)",ובעיקר,,,,,,"(17, 23)",,"[{'id': 5, 'text': 'ו', 'upos': 'CCONJ', 'xpos': 'CCONJ', 'head': 7, 'deprel': 'cc', 'lemma': 'ו'}, {'id': 6, 'text': 'בעיקר', 'upos': 'ADV', 'xpos': 'ADV', 'head': 7, 'deprel': 'det', 'lemma': 'בעיקר'}]"
7,קבוצת,NOUN,NOUN,Definite=Cons|Gender=Fem|Number=Sing,4.0,conj,"(24, 29)",קבוצה,
"(8, 9)",הרווקות,,,,,,"(30, 37)",,"[{'id': 8, 'text': 'ה', 'upos': 'DET', 'xpos': 'DET', 'feats': 'PronType=Art', 'head': 9, 'deprel': 'det:def', 'lemma': 'ה'}, {'id': 9, 'text': 'רווקות', 'upos': 'NOUN', 'xpos': 'NOUN', 'feats': 'Gender=Fem|Number=Plur', 'head': 7, 'deprel': 'compound:smixut', 'lemma': 'רווקה'}]"
10,ציינו,VERB,VERB,"Gender=Fem,Masc|HebBinyan=PIEL|Number=Plur|Person=3|Tense=Past|Voice=Act",0.0,root,"(38, 43)",ציין,
11,כי,SCONJ,SCONJ,,13.0,mark,"(44, 46)",כי,
12,מאוד,ADV,ADV,,13.0,advmod,"(47, 51)",מאוד,
13,חשוב,AUX,AUX,"Gender=Masc|Number=Sing|Person=1,2,3|VerbType=Mod",10.0,ccomp,"(52, 56)",חשוב,
"(14, 15)",להם,,,,,,"(57, 60)",,"[{'id': 14, 'text': 'ל_', 'upos': 'ADP', 'xpos': 'ADP', 'head': 15, 'deprel': 'case', 'lemma': 'ל'}, {'id': 15, 'text': '_הם', 'upos': 'PRON', 'xpos': 'PRON', 'feats': 'Gender=Masc|Number=Plur|Person=3|PronType=Prs', 'head': 13, 'deprel': 'obl', 'lemma': 'הוא'}]"
"(16, 17)",הנראות,,,,,,"(61, 67)",,"[{'id': 16, 'text': 'ה', 'upos': 'DET', 'xpos': 'DET', 'feats': 'PronType=Art', 'head': 17, 'deprel': 'det:def', 'lemma': 'ה'}, {'id': 17, 'text': 'נראות', 'upos': 'NOUN', 'xpos': 'NOUN', 'feats': 'Gender=Fem|Number=Sing', 'head': 13, 'deprel': 'nsubj', 'lemma': 'נראה'}]"
"(18, 19)",החיצונית,,,,,,"(68, 76)",,"[{'id': 18, 'text': 'ה', 'upos': 'DET', 'xpos': 'DET', 'feats': 'PronType=Art', 'head': 19, 'deprel': 'det:def', 'lemma': 'ה'}, {'id': 19, 'text': 'חיצונית', 'upos': 'ADJ', 'xpos': 'ADJ', 'feats': 'Gender=Fem|Number=Sing', 'head': 17, 'deprel': 'amod', 'lemma': 'חיצוני'}]"
20,של,ADP,ADP,Case=Gen,22.0,case:gen,"(77, 79)",של,
"(21, 22)",הבית,,,,,,"(80, 84)",,"[{'id': 21, 'text': 'ה', 'upos': 'DET', 'xpos': 'DET', 'feats': 'PronType=Art', 'head': 22, 'deprel': 'det:def', 'lemma': 'ה'}, {'id': 22, 'text': 'בית', 'upos': 'NOUN', 'xpos': 'NOUN', 'feats': 'Gender=Masc|Number=Sing', 'head': 17, 'deprel': 'nmod', 'lemma': 'בית'}]"
"(23, 24)",שלהם,,,,,,"(85, 89)",,"[{'id': 23, 'text': 'של_', 'upos': 'ADP', 'xpos': 'ADP', 'feats': 'Case=Gen', 'head': 24, 'deprel': 'case:gen', 'lemma': 'של'}, {'id': 24, 'text': '_הם', 'upos': 'PRON', 'xpos': 'PRON', 'feats': 'Gender=Masc|Number=Plur|Person=3|PronType=Prs', 'head': 22, 'deprel': 'nmod:poss', 'lemma': 'הוא'}]"
1,•,PUNCT,PUNCT,,16.0,punct,"(1, 2)",•,
2,גם,ADV,ADV,,4.0,det,"(3, 5)",גם,
"(3, 4)",הנשים,,,,,,"(6, 11)",,"[{'id': 3, 'text': 'ה', 'upos': 'DET', 'xpos': 'DET', 'feats': 'PronType=Art', 'head': 4, 'deprel': 'det:def', 'lemma': 'ה'}, {'id': 4, 'text': 'נשים', 'upos': 'NOUN', 'xpos': 'NOUN', 'feats': 'Gender=Fem|Number=Plur', 'head': 16, 'deprel': 'nsubj', 'lemma': 'איש'}]"
"(5, 6)",מקרב,,,,,,"(12, 16)",,"[{'id': 5, 'text': 'מ', 'upos': 'ADP', 'xpos': 'ADP', 'head': 6, 'deprel': 'case', 'lemma': 'מ'}, {'id': 6, 'text': 'קרב', 'upos': 'NOUN', 'xpos': 'NOUN', 'feats': 'Definite=Cons|Gender=Masc|Number=Sing', 'head': 4, 'deprel': 'nmod', 'lemma': 'קרב'}]"
7,מרואייני,NOUN,NOUN,Definite=Cons|Gender=Masc|Number=Plur,6.0,compound:smixut,"(17, 25)",מרואיין,
"(8, 9)",העומק,,,,,,"(26, 31)",,"[{'id': 8, 'text': 'ה', 'upos': 'DET', 'xpos': 'DET', 'feats': 'PronType=Art', 'head': 9, 'deprel': 'det:def', 'lemma': 'ה'}, {'id': 9, 'text': 'עומק', 'upos': 'NOUN', 'xpos': 'NOUN', 'feats': 'Gender=Masc|Number=Sing', 'head': 7, 'deprel': 'compound:smixut', 'lemma': 'עומק'}]"
10,גם,ADV,ADV,,11.0,advmod,"(32, 34)",גם,
11,כמו,ADP,ADP,,13.0,case,"(35, 38)",כמו,
"(12, 13)",בקבוצות,,,,,,"(39, 46)",,"[{'id': 12, 'text': 'ב', 'upos': 'ADP', 'xpos': 'ADP', 'head': 13, 'deprel': 'case', 'lemma': 'ב'}, {'id': 13, 'text': 'קבוצות', 'upos': 'NOUN', 'xpos': 'NOUN', 'feats': 'Definite=Cons|Gender=Fem|Number=Plur', 'head': 16, 'deprel': 'obl', 'lemma': 'קבוצה'}]"
"(14, 15)",המיקוד,,,,,,"(47, 53)",,"[{'id': 14, 'text': 'ה', 'upos': 'DET', 'xpos': 'DET', 'feats': 'PronType=Art', 'head': 15, 'deprel': 'det:def', 'lemma': 'ה'}, {'id': 15, 'text': 'מיקוד', 'upos': 'NOUN', 'xpos': 'NOUN', 'feats': 'Gender=Masc|Number=Sing', 'head': 13, 'deprel': 'compound:smixut', 'lemma': 'מיקוד'}]"
16,ציינו,VERB,VERB,"Gender=Fem,Masc|HebBinyan=PIEL|Number=Plur|Person=3|Tense=Past|Voice=Act",0.0,root,"(54, 59)",ציין,
17,כי,SCONJ,SCONJ,,18.0,mark,"(60, 62)",כי,
18,חשוב,AUX,AUX,"Gender=Masc|Number=Sing|Person=1,2,3|VerbType=Mod",21.0,aux,"(63, 67)",חשוב,
"(19, 20)",להם,,,,,,"(68, 71)",,"[{'id': 19, 'text': 'ל_', 'upos': 'ADP', 'xpos': 'ADP', 'head': 20, 'deprel': 'case', 'lemma': 'ל'}, {'id': 20, 'text': '_הם', 'upos': 'PRON', 'xpos': 'PRON', 'feats': 'Gender=Masc|Number=Plur|Person=3|PronType=Prs', 'head': 18, 'deprel': 'obl', 'lemma': 'הוא'}]"
21,נראות,VERB,VERB,Definite=Cons|Gender=Fem|Number=Sing,16.0,ccomp,"(72, 77)",נראה,
"(22, 23)",הבית,,,,,,"(78, 82)",,"[{'id': 22, 'text': 'ה', 'upos': 'DET', 'xpos': 'DET', 'feats': 'PronType=Art', 'head': 23, 'deprel': 'det:def', 'lemma': 'ה'}, {'id': 23, 'text': 'בית', 'upos': 'NOUN', 'xpos': 'NOUN', 'feats': 'Gender=Masc|Number=Sing', 'head': 21, 'deprel': 'obl', 'lemma': 'בית'}]"
"(24, 25)",החיצונית,,,,,,"(83, 91)",,"[{'id': 24, 'text': 'ה', 'upos': 'DET', 'xpos': 'DET', 'feats': 'PronType=Art', 'head': 25, 'deprel': 'det:def', 'lemma': 'ה'}, {'id': 25, 'text': 'חיצונית', 'upos': 'ADJ', 'xpos': 'ADJ', 'feats': 'Gender=Fem|Number=Sing', 'head': 23, 'deprel': 'amod', 'lemma': 'חיצוני'}]"
26,אך,CCONJ,CCONJ,,30.0,cc,"(92, 94)",אך,
"(27, 28)",העדיפות,,,,,,"(95, 102)",,"[{'id': 27, 'text': 'ה', 'upos': 'DET', 'xpos': 'DET', 'feats': 'PronType=Art', 'head': 28, 'deprel': 'det:def', 'lemma': 'ה'}, {'id': 28, 'text': 'עדיפות', 'upos': 'NOUN', 'xpos': 'NOUN', 'feats': 'Gender=Fem|Number=Sing', 'head': 30, 'deprel': 'nsubj:cop', 'lemma': 'עדיפות'}]"
29,היא,AUX,AUX,Gender=Fem|Number=Sing|Person=3|Polarity=Pos|VerbForm=Part|VerbType=Cop,30.0,cop,"(103, 106)",הוא,
30,קודם,ADV,ADV,,31.0,advmod,"(107, 111)",קודם,
31,למצוא,VERB,VERB,HebBinyan=PAAL|VerbForm=Inf|Voice=Act,16.0,ccomp,"(112, 117)",מצא,
32,פתרון,NOUN,NOUN,Definite=Cons|Gender=Masc|Number=Sing,31.0,obj,"(118, 123)",פתרון,
33,דיור,NOUN,NOUN,Gender=Masc|Number=Sing,32.0,compound:smixut,"(124, 128)",דיור,
"(34, 35)",ואם,,,,,,"(129, 132)",,"[{'id': 34, 'text': 'ו', 'upos': 'CCONJ', 'xpos': 'CCONJ', 'head': 40, 'deprel': 'cc', 'lemma': 'ו'}, {'id': 35, 'text': 'אם', 'upos': 'SCONJ', 'xpos': 'SCONJ', 'head': 37, 'deprel': 'mark', 'lemma': 'אם'}]"
36,זה,PRON,PRON,Gender=Masc|Number=Sing|Person=3,37.0,nsubj,"(133, 135)",זה,
37,יתאפשר,VERB,VERB,Gender=Masc|HebBinyan=HITPAEL|Number=Sing|Person=3|Tense=Fut,40.0,advcl,"(136, 142)",התאפשר,
38,אז,ADV,ADV,,40.0,advmod,"(143, 145)",אז,
39,גם,ADV,ADV,,40.0,advmod,"(146, 148)",גם,
40,רוצים,VERB,VERB,"Gender=Masc|HebBinyan=PAAL|Number=Plur|Person=1,2,3|VerbForm=Part|Voice=Act",31.0,conj,"(149, 154)",רצה,
"(41, 42)",שיהיה,,,,,,"(155, 160)",,"[{'id': 41, 'text': 'ש', 'upos': 'SCONJ', 'xpos': 'SCONJ', 'head': 43, 'deprel': 'mark', 'lemma': 'ש'}, {'id': 42, 'text': 'יהיה', 'upos': 'AUX', 'xpos': 'AUX', 'feats': 'Gender=Masc|Number=Sing|Person=3|Polarity=Pos|Tense=Fut|VerbType=Cop', 'head': 43, 'deprel': 'cop', 'lemma': 'היה'}]"
43,מעוצב,VERB,VERB,Gender=Masc|Number=Sing,40.0,ccomp,"(161, 166)",עוצב,
1,סיכום,NOUN,NOUN,Definite=Cons|Gender=Masc|Number=Sing,7.0,nsubj,"(1, 6)",סיכום,
2,העדפות,NOUN,NOUN,Definite=Cons|Gender=Fem|Number=Plur,1.0,compound:smixut,"(7, 13)",העדפה,
"(3, 4)",המיקום,,,,,,"(14, 20)",,"[{'id': 3, 'text': 'ה', 'upos': 'DET', 'xpos': 'DET', 'feats': 'PronType=Art', 'head': 4, 'deprel': 'det:def', 'lemma': 'ה'}, {'id': 4, 'text': 'מיקום', 'upos': 'NOUN', 'xpos': 'NOUN', 'feats': 'Gender=Masc|Number=Sing', 'head': 2, 'deprel': 'compound:smixut', 'lemma': 'מיקום'}]"
5,עד,ADP,ADP,,7.0,advmod,"(21, 23)",עד,
6,כמה,DET,DET,Definite=Cons,5.0,fixed,"(24, 27)",כמה,
7,חשוב,AUX,AUX,"Gender=Masc|Number=Sing|Person=1,2,3|VerbType=Mod",8.0,aux,"(28, 32)",חשוב,
8,לגור,VERB,VERB,HebBinyan=PAAL|VerbForm=Inf|Voice=Act,0.0,root,"(33, 37)",גר,
"(9, 10)",באותו,,,,,,"(38, 43)",,"[{'id': 9, 'text': 'ב', 'upos': 'ADP', 'xpos': 'ADP', 'head': 12, 'deprel': 'case', 'lemma': 'ב'}, {'id': 10, 'text': 'אותו', 'upos': 'PRON', 'xpos': 'PRON', 'feats': 'Definite=Def|Gender=Masc|Number=Sing|Person=3|PronType=Prs', 'head': 12, 'deprel': 'det', 'lemma': 'אותו'}]"
"(11, 12)",יישוב,,,,,,"(44, 49)",,"[{'id': 11, 'text': 'י', 'upos': 'PROPN', 'xpos': 'PROPN', 'head': 12, 'deprel': 'nmod', 'lemma': 'וי'}, {'id': 12, 'text': 'ישוב', 'upos': 'NOUN', 'xpos': 'NOUN', 'feats': 'Gender=Masc|Number=Sing', 'head': 8, 'deprel': 'obl', 'lemma': 'יישוב'}]"
"(13, 14)",בו,,,,,,"(50, 52)",,"[{'id': 13, 'text': 'ב_', 'upos': 'ADP', 'xpos': 'ADP', 'head': 14, 'deprel': 'case', 'lemma': 'ב'}, {'id': 14, 'text': '_הוא', 'upos': 'PRON', 'xpos': 'PRON', 'feats': 'Gender=Masc|Number=Sing|Person=3|PronType=Prs', 'head': 15, 'deprel': 'obl', 'lemma': 'הוא'}]"
15,נולדת,VERB,VERB,"Gender=Fem|HebBinyan=NIFAL|Number=Sing|Person=1,2,3|VerbForm=Part|Voice=Mid",12.0,acl,"(53, 58)",נלד,
16,-,PUNCT,PUNCT,,15.0,flat:name,"(59, 60)",-,
17,סחינין,PROPN,PROPN,,15.0,flat:name,"(61, 67)",סחינין,
18,?,PUNCT,PUNCT,,7.0,punct,"(68, 69)",?,
19,:,PUNCT,PUNCT,,7.0,punct,"(70, 71)",:,
20,זהו,PRON,PRON,Gender=Masc|Number=Sing|Person=3|PronType=Dem,21.0,nsubj,"(72, 75)",זהו,
21,תנאי,NOUN,NOUN,Gender=Masc|Number=Sing,7.0,parataxis,"(76, 80)",תנאי,
22,בל,ADP,ADP,,23.0,mark,"(81, 83)",בל,
23,יעבור,VERB,VERB,Gender=Masc|HebBinyan=PAAL|Number=Sing|Person=3|Tense=Fut|Voice=Act,21.0,acl:relcl,"(84, 89)",עבר,
"(24, 25)",בבחירת,,,,,,"(90, 96)",,"[{'id': 24, 'text': 'ב', 'upos': 'ADP', 'xpos': 'ADP', 'head': 25, 'deprel': 'case', 'lemma': 'ב'}, {'id': 25, 'text': 'בחירת', 'upos': 'NOUN', 'xpos': 'NOUN', 'feats': 'Definite=Cons|Gender=Fem|Number=Sing', 'head': 23, 'deprel': 'obl', 'lemma': 'בחירה'}]"
26,מקום,NOUN,NOUN,Definite=Cons|Gender=Masc|Number=Sing,25.0,compound:smixut,"(97, 101)",מקום,
"(27, 28)",המגורים,,,,,,"(102, 109)",,"[{'id': 27, 'text': 'ה', 'upos': 'DET', 'xpos': 'DET', 'feats': 'PronType=Art', 'head': 28, 'deprel': 'det:def', 'lemma': 'ה'}, {'id': 28, 'text': 'מגורים', 'upos': 'NOUN', 'xpos': 'NOUN', 'feats': 'Gender=Masc|Number=Plur', 'head': 26, 'deprel': 'compound:smixut', 'lemma': 'מגורים'}]"
1,התקבלה,VERB,VERB,Gender=Fem|HebBinyan=HITPAEL|Number=Sing|Person=3|Tense=Past,0.0,root,"(1, 7)",התקבל,
2,תשובה,NOUN,NOUN,Gender=Fem|Number=Sing,1.0,nsubj,"(8, 13)",תשובה,
3,פה,NOUN,NOUN,Gender=Masc|Number=Sing,1.0,dep,"(14, 16)",פה,
4,אחד,NUM,NUM,Gender=Masc|Number=Sing,3.0,nummod,"(17, 20)",אחד,
"(5, 7)",ובהסכמה,,,,,,"(21, 28)",,"[{'id': 5, 'text': 'ו', 'upos': 'CCONJ', 'xpos': 'CCONJ', 'head': 7, 'deprel': 'cc', 'lemma': 'ו'}, {'id': 6, 'text': 'ב', 'upos': 'ADP', 'xpos': 'ADP', 'head': 7, 'deprel': 'case', 'lemma': 'ב'}, {'id': 7, 'text': 'הסכמה', 'upos': 'NOUN', 'xpos': 'NOUN', 'feats': 'Gender=Fem|Number=Sing', 'head': 1, 'deprel': 'obl', 'lemma': 'הסכמה'}]"
8,מלאה,ADJ,ADJ,Gender=Fem|Number=Sing,7.0,amod,"(29, 33)",מלא,
"(9, 10)",שזה,,,,,,"(34, 37)",,"[{'id': 9, 'text': 'ש', 'upos': 'SCONJ', 'xpos': 'SCONJ', 'head': 12, 'deprel': 'mark', 'lemma': 'ש'}, {'id': 10, 'text': 'זה', 'upos': 'PRON', 'xpos': 'PRON', 'feats': 'Gender=Masc|Number=Sing|Person=3', 'head': 12, 'deprel': 'nsubj', 'lemma': 'זה'}]"
11,הכי,ADV,ADV,,12.0,advmod,"(38, 41)",הכי,
12,חשוב,AUX,AUX,"Gender=Masc|Number=Sing|Person=1,2,3|VerbType=Mod",7.0,acl:relcl,"(42, 46)",חשוב,
"(13, 14)",בבחירת,,,,,,"(47, 53)",,"[{'id': 13, 'text': 'ב', 'upos': 'ADP', 'xpos': 'ADP', 'head': 14, 'deprel': 'case', 'lemma': 'ב'}, {'id': 14, 'text': 'בחירת', 'upos': 'NOUN', 'xpos': 'NOUN', 'feats': 'Definite=Cons|Gender=Fem|Number=Sing', 'head': 12, 'deprel': 'obl', 'lemma': 'בחירה'}]"
15,בית,NOUN,NOUN,Definite=Cons|Gender=Masc|Number=Sing,14.0,compound:smixut,"(54, 57)",בית,
16,מגורים,NOUN,NOUN,Gender=Masc|Number=Plur,15.0,compound:smixut,"(58, 64)",מגורים,
1,עד,ADP,ADP,,3.0,advmod,"(1, 3)",עד,
2,כמה,DET,DET,Definite=Cons,1.0,fixed,"(4, 7)",כמה,
3,חשוב,AUX,AUX,"Gender=Masc|Number=Sing|Person=1,2,3|VerbType=Mod",6.0,aux,"(8, 12)",חשוב,
"(4, 5)",לך,,,,,,"(13, 15)",,"[{'id': 4, 'text': 'ל_', 'upos': 'ADP', 'xpos': 'ADP', 'head': 5, 'deprel': 'case', 'lemma': 'ל'}, {'id': 5, 'text': '_אתה', 'upos': 'PRON', 'xpos': 'PRON', 'feats': 'Gender=Masc|Number=Sing|Person=2|PronType=Prs', 'head': 3, 'deprel': 'obl', 'lemma': 'הוא'}]"
6,לגור,VERB,VERB,HebBinyan=PAAL|VerbForm=Inf|Voice=Act,0.0,root,"(16, 20)",גר,
"(7, 8)",באותה,,,,,,"(21, 26)",,"[{'id': 7, 'text': 'ב', 'upos': 'ADP', 'xpos': 'ADP', 'head': 9, 'deprel': 'case', 'lemma': 'ב'}, {'id': 8, 'text': 'אותה', 'upos': 'PRON', 'xpos': 'PRON', 'feats': 'Definite=Def|Gender=Fem|Number=Sing|Person=3|PronType=Prs', 'head': 9, 'deprel': 'det', 'lemma': 'אותו'}]"
9,שכונה,NOUN,NOUN,Gender=Fem|Number=Sing,6.0,obl,"(27, 32)",שכונה,
"(10, 11)",בה,,,,,,"(33, 35)",,"[{'id': 10, 'text': 'ב_', 'upos': 'ADP', 'xpos': 'ADP', 'head': 11, 'deprel': 'case', 'lemma': 'ב'}, {'id': 11, 'text': '_היא', 'upos': 'PRON', 'xpos': 'PRON', 'feats': 'Gender=Fem|Number=Sing|Person=3|PronType=Prs', 'head': 12, 'deprel': 'obl', 'lemma': 'הוא'}]"
12,נולדת,VERB,VERB,"Gender=Fem|HebBinyan=NIFAL|Number=Sing|Person=1,2,3|VerbForm=Part|Voice=Mid",9.0,acl,"(36, 41)",נלד,
13,?,PUNCT,PUNCT,,3.0,punct,"(42, 43)",?,
14,:,PUNCT,PUNCT,,3.0,punct,"(43, 44)",:,
15,אכן,ADV,ADV,,16.0,advmod,"(45, 48)",אכן,
16,קיימת,ADJ,ADJ,Gender=Fem|Number=Sing,3.0,parataxis,"(49, 54)",קיים,
17,העדפה,NOUN,NOUN,Gender=Fem|Number=Sing,16.0,nsubj,"(55, 60)",העדפה,
"(18, 19)",בקרבת,,,,,,"(61, 66)",,"[{'id': 18, 'text': 'ב', 'upos': 'ADP', 'xpos': 'ADP', 'head': 19, 'deprel': 'case', 'lemma': 'ב'}, {'id': 19, 'text': 'קרבת', 'upos': 'NOUN', 'xpos': 'NOUN', 'feats': 'Definite=Cons|Gender=Fem|Number=Sing', 'head': 17, 'deprel': 'nmod', 'lemma': 'קרבה'}]"
20,חלק,NOUN,NOUN,Gender=Masc|Number=Sing,23.0,det,"(67, 70)",חלק,
21,מן,ADP,ADP,HebSource=ConvUncertainLabel,23.0,case,"(71, 73)",מן,
"(22, 23)",המשתתפים,,,,,,"(74, 82)",,"[{'id': 22, 'text': 'ה', 'upos': 'DET', 'xpos': 'DET', 'feats': 'PronType=Art', 'head': 23, 'deprel': 'det:def', 'lemma': 'ה'}, {'id': 23, 'text': 'משתתפים', 'upos': 'NOUN', 'xpos': 'NOUN', 'feats': 'Gender=Masc|Number=Plur', 'head': 19, 'deprel': 'compound:smixut', 'lemma': 'משתתף'}]"
24,להתגורר,VERB,VERB,HebBinyan=HITPAEL|VerbForm=Inf,19.0,acl,"(83, 90)",התגורר,
"(25, 26)",באותה,,,,,,"(91, 96)",,"[{'id': 25, 'text': 'ב', 'upos': 'ADP', 'xpos': 'ADP', 'head': 28, 'deprel': 'case', 'lemma': 'ב'}, {'id': 26, 'text': 'אותה', 'upos': 'PRON', 'xpos': 'PRON', 'feats': 'Definite=Def|Gender=Fem|Number=Sing|Person=3|PronType=Prs', 'head': 28, 'deprel': 'obj', 'lemma': 'אותו'}]"
"(27, 28)",שכונה,,,,,,"(97, 102)",,"[{'id': 27, 'text': 'ש', 'upos': 'SCONJ', 'xpos': 'SCONJ', 'head': 28, 'deprel': 'mark', 'lemma': 'ש'}, {'id': 28, 'text': 'כונה', 'upos': 'VERB', 'xpos': 'VERB', 'feats': 'Gender=Fem|HebBinyan=PAAL|Number=Sing|Person=1,2,3|VerbForm=Part|Voice=Act', 'head': 24, 'deprel': 'obl', 'lemma': 'כונה'}]"
29,",",PUNCT,PUNCT,,3.0,punct,"(102, 103)",",",
30,אך,CCONJ,CCONJ,,33.0,cc,"(104, 106)",אך,
31,אין,ADV,ADV,Polarity=Neg,33.0,advmod,"(107, 110)",אין,
32,זה,PRON,PRON,Gender=Masc|Number=Sing|Person=3,33.0,nsubj,"(111, 113)",זה,
33,תנאי,NOUN,NOUN,Gender=Masc|Number=Sing,16.0,conj,"(114, 118)",תנאי,
34,בל,ADP,ADP,,35.0,mark,"(119, 121)",בל,
35,יעבור,VERB,VERB,Gender=Masc|HebBinyan=PAAL|Number=Sing|Person=3|Tense=Fut|Voice=Act,33.0,acl:relcl,"(122, 127)",עבר,
"(36, 37)",בבחירת,,,,,,"(128, 134)",,"[{'id': 36, 'text': 'ב', 'upos': 'ADP', 'xpos': 'ADP', 'head': 37, 'deprel': 'case', 'lemma': 'ב'}, {'id': 37, 'text': 'בחירת', 'upos': 'NOUN', 'xpos': 'NOUN', 'feats': 'Definite=Cons|Gender=Fem|Number=Sing', 'head': 35, 'deprel': 'obl', 'lemma': 'בחירה'}]"
38,מקום,NOUN,NOUN,Definite=Cons|Gender=Masc|Number=Sing,37.0,compound:smixut,"(135, 139)",מקום,
39,מגורים,NOUN,NOUN,Gender=Masc|Number=Plur,38.0,compound:smixut,"(140, 146)",מגורים,
40,בעיקר,ADV,ADV,,41.0,advmod,"(147, 152)",בעיקר,
41,מול,ADP,ADP,,42.0,case,"(153, 156)",מול,
42,כורח,NOUN,NOUN,Definite=Cons|Gender=Masc|Number=Sing,35.0,obl,"(157, 161)",כורח,
"(43, 44)",המציאות,,,,,,"(162, 169)",,"[{'id': 43, 'text': 'ה', 'upos': 'DET', 'xpos': 'DET', 'feats': 'PronType=Art', 'head': 44, 'deprel': 'det:def', 'lemma': 'ה'}, {'id': 44, 'text': 'מציאות', 'upos': 'NOUN', 'xpos': 'NOUN', 'feats': 'Gender=Fem|Number=Sing', 'head': 42, 'deprel': 'compound:smixut', 'lemma': 'מציאות'}]"
1,בקרב,ADP,ADP,,2.0,case,"(1, 5)",בקרב,
2,קבוצות,NOUN,NOUN,Definite=Cons|Gender=Fem|Number=Plur,5.0,obl,"(6, 12)",קבוצה,
"(3, 4)",הנשים,,,,,,"(13, 18)",,"[{'id': 3, 'text': 'ה', 'upos': 'DET', 'xpos': 'DET', 'feats': 'PronType=Art', 'head': 4, 'deprel': 'det:def', 'lemma': 'ה'}, {'id': 4, 'text': 'נשים', 'upos': 'NOUN', 'xpos': 'NOUN', 'feats': 'Gender=Fem|Number=Plur', 'head': 2, 'deprel': 'compound:smixut', 'lemma': 'איש'}]"
5,רמזו,VERB,VERB,"Gender=Fem,Masc|HebBinyan=PAAL|Number=Plur|Person=3|Tense=Past|Voice=Act",0.0,root,"(19, 23)",רמז,
6,כי,SCONJ,SCONJ,,8.0,mark,"(24, 26)",כי,
7,זאת,PRON,PRON,Gender=Fem|Number=Sing|Person=3|PronType=Dem,8.0,nsubj,"(27, 30)",זאת,
8,החלטה,NOUN,NOUN,Gender=Fem|Number=Sing,5.0,ccomp,"(31, 36)",החלטה,
9,של,ADP,ADP,Case=Gen,11.0,case:gen,"(37, 39)",של,
"(10, 11)",הגבר,,,,,,"(40, 44)",,"[{'id': 10, 'text': 'ה', 'upos': 'DET', 'xpos': 'DET', 'feats': 'PronType=Art', 'head': 11, 'deprel': 'det:def', 'lemma': 'ה'}, {'id': 11, 'text': 'גבר', 'upos': 'NOUN', 'xpos': 'NOUN', 'feats': 'Gender=Masc|Number=Sing', 'head': 8, 'deprel': 'nmod:poss', 'lemma': 'גבר'}]"
12,בעיקר,ADV,ADV,,14.0,advmod,"(45, 50)",בעיקר,
13,אם,SCONJ,SCONJ,,14.0,mark,"(51, 53)",אם,
14,יש,VERB,VERB,HebExistential=True,8.0,advcl,"(54, 56)",יש,
"(15, 16)",לו,,,,,,"(57, 59)",,"[{'id': 15, 'text': 'ל_', 'upos': 'ADP', 'xpos': 'ADP', 'head': 16, 'deprel': 'case', 'lemma': 'ל'}, {'id': 16, 'text': '_הוא', 'upos': 'PRON', 'xpos': 'PRON', 'feats': 'Gender=Masc|Number=Sing|Person=3|PronType=Prs', 'head': 14, 'deprel': 'obl', 'lemma': 'הוא'}]"
17,בית,NOUN,NOUN,Gender=Masc|Number=Sing,14.0,nsubj,"(60, 63)",בית,
18,או,CCONJ,CCONJ,,19.0,cc,"(64, 66)",או,
19,מקום,NOUN,NOUN,Gender=Masc|Number=Sing,17.0,conj,"(67, 71)",מקום,
"(20, 21)",בבית,,,,,,"(72, 76)",,"[{'id': 20, 'text': 'ב', 'upos': 'ADP', 'xpos': 'ADP', 'head': 21, 'deprel': 'case', 'lemma': 'ב'}, {'id': 21, 'text': 'בית', 'upos': 'NOUN', 'xpos': 'NOUN', 'feats': 'Definite=Cons|Gender=Masc|Number=Sing', 'head': 19, 'deprel': 'nmod', 'lemma': 'בית'}]"
"(22, 23)",ההורים,,,,,,"(77, 83)",,"[{'id': 22, 'text': 'ה', 'upos': 'DET', 'xpos': 'DET', 'feats': 'PronType=Art', 'head': 23, 'deprel': 'det:def', 'lemma': 'ה'}, {'id': 23, 'text': 'הורים', 'upos': 'NOUN', 'xpos': 'NOUN', 'feats': 'Gender=Masc|Number=Plur', 'head': 21, 'deprel': 'compound:smixut', 'lemma': 'הורה'}]"
24,אז,ADV,ADV,,27.0,advmod,"(84, 86)",אז,
25,אין,ADV,ADV,Polarity=Neg,27.0,advmod,"(87, 90)",אין,
"(26, 27)",ביכולתי,,,,,,"(91, 98)",,"[{'id': 26, 'text': 'ב', 'upos': 'ADP', 'xpos': 'ADP', 'head': 27, 'deprel': 'case', 'lemma': 'ב'}, {'id': 27, 'text': 'יכולתי', 'upos': 'AUX', 'xpos': 'AUX', 'feats': 'VerbType=Mod', 'head': 28, 'deprel': 'aux', 'lemma': 'יכולתי'}]"
28,לבחור,VERB,VERB,HebBinyan=PAAL|VerbForm=Inf|Voice=Act,5.0,ccomp,"(99, 104)",בחר,
29,חלופה,NOUN,NOUN,Gender=Fem|Number=Sing,28.0,obj,"(105, 110)",חלופה,
30,כנגד,ADP,ADP,,31.0,case,"(111, 115)",כנגד,
31,בחירה,NOUN,NOUN,Gender=Fem|Number=Sing,29.0,nmod,"(116, 121)",בחירה,
32,זו,PRON,PRON,Gender=Fem|Number=Sing|Person=3|PronType=Dem,31.0,det,"(122, 124)",זו,
1,בקרב,ADP,ADP,,3.0,case,"(1, 5)",בקרב,
"(2, 3)",הרווקות,,,,,,"(6, 13)",,"[{'id': 2, 'text': 'ה', 'upos': 'DET', 'xpos': 'DET', 'feats': 'PronType=Art', 'head': 3, 'deprel': 'det:def', 'lemma': 'ה'}, {'id': 3, 'text': 'רווקות', 'upos': 'NOUN', 'xpos': 'NOUN', 'feats': 'Gender=Fem|Number=Plur', 'head': 6, 'deprel': 'obl', 'lemma': 'רווקה'}]"
"(4, 5)",הרוב,,,,,,"(14, 18)",,"[{'id': 4, 'text': 'ה', 'upos': 'DET', 'xpos': 'DET', 'feats': 'PronType=Art', 'head': 5, 'deprel': 'det:def', 'lemma': 'ה'}, {'id': 5, 'text': 'רוב', 'upos': 'NOUN', 'xpos': 'NOUN', 'feats': 'Gender=Masc|Number=Sing', 'head': 3, 'deprel': 'nmod', 'lemma': 'רוב'}]"
6,נתנו,VERB,VERB,"Gender=Fem,Masc|Number=Plur|Person=3|Tense=Past",0.0,root,"(19, 23)",נתן,
7,ציונים,NOUN,NOUN,Gender=Masc|Number=Plur,6.0,obj,"(24, 30)",ציון,
8,נמוכים,ADJ,ADJ,Gender=Masc|Number=Plur,7.0,amod,"(31, 37)",נמוך,
"(9, 10)",לתנאי,,,,,,"(38, 43)",,"[{'id': 9, 'text': 'ל', 'upos': 'ADP', 'xpos': 'ADP', 'head': 10, 'deprel': 'case', 'lemma': 'ל'}, {'id': 10, 'text': 'תנאי', 'upos': 'NOUN', 'xpos': 'NOUN', 'feats': 'Gender=Masc|Number=Sing', 'head': 7, 'deprel': 'nmod', 'lemma': 'תנאי'}]"
11,זה,PRON,PRON,Gender=Masc|Number=Sing|Person=3|PronType=Dem,10.0,det,"(44, 46)",זה,
"(12, 13)",בבחירת,,,,,,"(47, 53)",,"[{'id': 12, 'text': 'ב', 'upos': 'ADP', 'xpos': 'ADP', 'head': 13, 'deprel': 'case', 'lemma': 'ב'}, {'id': 13, 'text': 'בחירת', 'upos': 'NOUN', 'xpos': 'NOUN', 'feats': 'Definite=Cons|Gender=Fem|Number=Sing', 'head': 7, 'deprel': 'nmod', 'lemma': 'בחירה'}]"
14,מקום,NOUN,NOUN,Definite=Cons|Gender=Masc|Number=Sing,13.0,compound:smixut,"(54, 58)",מקום,
"(15, 16)",המגורים,,,,,,"(59, 66)",,"[{'id': 15, 'text': 'ה', 'upos': 'DET', 'xpos': 'DET', 'feats': 'PronType=Art', 'head': 16, 'deprel': 'det:def', 'lemma': 'ה'}, {'id': 16, 'text': 'מגורים', 'upos': 'NOUN', 'xpos': 'NOUN', 'feats': 'Gender=Masc|Number=Plur', 'head': 14, 'deprel': 'compound:smixut', 'lemma': 'מגורים'}]"
1,דווקא,ADV,ADV,,2.0,advmod,"(1, 6)",דווקא,
2,קיים,ADJ,ADJ,Gender=Masc|Number=Sing,0.0,root,"(7, 11)",קיים,
3,צורך,NOUN,NOUN,Gender=Masc|Number=Sing,2.0,nsubj,"(12, 16)",צורך,
4,לצאת,VERB,VERB,HebBinyan=PAAL|VerbForm=Inf|Voice=Act,3.0,acl,"(17, 21)",יצא,
"(5, 7)",מהחממה,,,,,,"(22, 28)",,"[{'id': 5, 'text': 'מ', 'upos': 'ADP', 'xpos': 'ADP', 'head': 7, 'deprel': 'case', 'lemma': 'מ'}, {'id': 6, 'text': 'ה', 'upos': 'DET', 'xpos': 'DET', 'feats': 'PronType=Art', 'head': 7, 'deprel': 'det:def', 'lemma': 'ה'}, {'id': 7, 'text': 'חממה', 'upos': 'NOUN', 'xpos': 'NOUN', 'feats': 'Gender=Fem|Number=Sing', 'head': 4, 'deprel': 'obl', 'lemma': 'חממה'}]"
8,של,ADP,ADP,Case=Gen,10.0,case:gen,"(29, 31)",של,
"(9, 10)",המשפחה,,,,,,"(32, 38)",,"[{'id': 9, 'text': 'ה', 'upos': 'DET', 'xpos': 'DET', 'feats': 'PronType=Art', 'head': 10, 'deprel': 'det:def', 'lemma': 'ה'}, {'id': 10, 'text': 'משפחה', 'upos': 'NOUN', 'xpos': 'NOUN', 'feats': 'Gender=Fem|Number=Sing', 'head': 7, 'deprel': 'nmod:poss', 'lemma': 'משפחה'}]"
"(11, 13)",והשכונה,,,,,,"(39, 46)",,"[{'id': 11, 'text': 'ו', 'upos': 'CCONJ', 'xpos': 'CCONJ', 'head': 13, 'deprel': 'cc', 'lemma': 'ו'}, {'id': 12, 'text': 'ה', 'upos': 'DET', 'xpos': 'DET', 'feats': 'PronType=Art', 'head': 13, 'deprel': 'det:def', 'lemma': 'ה'}, {'id': 13, 'text': 'שכונה', 'upos': 'NOUN', 'xpos': 'NOUN', 'feats': 'Gender=Fem|Number=Sing', 'head': 10, 'deprel': 'conj', 'lemma': 'שכונה'}]"
"(14, 15)",ולקבל,,,,,,"(47, 52)",,"[{'id': 14, 'text': 'ו', 'upos': 'CCONJ', 'xpos': 'CCONJ', 'head': 15, 'deprel': 'cc', 'lemma': 'ו'}, {'id': 15, 'text': 'לקבל', 'upos': 'VERB', 'xpos': 'VERB', 'feats': 'HebBinyan=PIEL|VerbForm=Inf|Voice=Act', 'head': 4, 'deprel': 'conj', 'lemma': 'קיבל'}]"
16,יותר,ADV,ADV,,17.0,advmod,"(53, 57)",יותר,
17,חופש,NOUN,NOUN,Gender=Masc|Number=Sing,15.0,obj,"(58, 62)",חופש,
"(18, 19)",וחירות,,,,,,"(63, 69)",,"[{'id': 18, 'text': 'ו', 'upos': 'CCONJ', 'xpos': 'CCONJ', 'head': 19, 'deprel': 'cc', 'lemma': 'ו'}, {'id': 19, 'text': 'חירות', 'upos': 'NOUN', 'xpos': 'NOUN', 'feats': 'Gender=Fem|Number=Sing', 'head': 17, 'deprel': 'conj', 'lemma': 'חירות'}]"
20,להיות,AUX,AUX,Polarity=Pos|VerbForm=Inf|VerbType=Cop,17.0,acl,"(70, 75)",היה,
21,עצמאית,ADJ,ADJ,Gender=Fem|Number=Sing,20.0,obl,"(76, 82)",עצמאי,
1,עד,ADP,ADP,,3.0,advmod,"(1, 3)",עד,
2,כמה,DET,DET,Definite=Cons,1.0,fixed,"(4, 7)",כמה,
3,חשוב,AUX,AUX,"Gender=Masc|Number=Sing|Person=1,2,3|VerbType=Mod",6.0,aux,"(8, 12)",חשוב,
"(4, 5)",לך,,,,,,"(13, 15)",,"[{'id': 4, 'text': 'ל_', 'upos': 'ADP', 'xpos': 'ADP', 'head': 5, 'deprel': 'case', 'lemma': 'ל'}, {'id': 5, 'text': '_אתה', 'upos': 'PRON', 'xpos': 'PRON', 'feats': 'Gender=Masc|Number=Sing|Person=2|PronType=Prs', 'head': 3, 'deprel': 'obl', 'lemma': 'הוא'}]"
6,לגור,VERB,VERB,HebBinyan=PAAL|VerbForm=Inf|Voice=Act,0.0,root,"(16, 20)",גר,
"(7, 8)",בקרבת,,,,,,"(21, 26)",,"[{'id': 7, 'text': 'ב', 'upos': 'ADP', 'xpos': 'ADP', 'head': 8, 'deprel': 'case', 'lemma': 'ב'}, {'id': 8, 'text': 'קרבת', 'upos': 'NOUN', 'xpos': 'NOUN', 'feats': 'Definite=Cons|Gender=Fem|Number=Sing', 'head': 6, 'deprel': 'obl', 'lemma': 'קרבה'}]"
"(9, 10)",ההורים,,,,,,"(27, 33)",,"[{'id': 9, 'text': 'ה', 'upos': 'DET', 'xpos': 'DET', 'feats': 'PronType=Art', 'head': 10, 'deprel': 'det:def', 'lemma': 'ה'}, {'id': 10, 'text': 'הורים', 'upos': 'NOUN', 'xpos': 'NOUN', 'feats': 'Gender=Masc|Number=Plur', 'head': 8, 'deprel': 'compound:smixut', 'lemma': 'הורה'}]"
11,:,PUNCT,PUNCT,,3.0,punct,"(34, 35)",:,
12,כאן,ADV,ADV,,13.0,advmod,"(36, 39)",כאן,
13,התקיימה,VERB,VERB,Gender=Fem|HebBinyan=HITPAEL|Number=Sing|Person=3|Tense=Past,3.0,conj,"(40, 47)",התקיים,
14,הסכמה,NOUN,NOUN,Gender=Fem|Number=Sing,13.0,nsubj,"(48, 53)",הסכמה,
15,חלקית,ADJ,ADJ,Gender=Fem|Number=Sing,14.0,amod,"(54, 59)",חלקי,
16,בלבד,ADV,ADV,,14.0,advmod,"(60, 64)",בלבד,
17,-,PUNCT,PUNCT,,13.0,punct,"(65, 66)",-,
18,גם,ADV,ADV,,19.0,advmod,"(67, 69)",גם,
"(19, 20)",במקרה,,,,,,"(70, 75)",,"[{'id': 19, 'text': 'ב', 'upos': 'ADP', 'xpos': 'ADP', 'head': 20, 'deprel': 'case', 'lemma': 'ב'}, {'id': 20, 'text': 'מקרה', 'upos': 'NOUN', 'xpos': 'NOUN', 'feats': 'Gender=Masc|Number=Sing', 'head': 25, 'deprel': 'obl', 'lemma': 'מקרה'}]"
"(21, 23)",כזה,,,,,,"(76, 79)",,"[{'id': 21, 'text': 'כ', 'upos': 'ADP', 'xpos': 'ADP', 'head': 23, 'deprel': 'case', 'lemma': 'כ'}, {'id': 22, 'text': 'ה_', 'upos': 'DET', 'xpos': 'DET', 'feats': 'PronType=Art', 'head': 23, 'deprel': 'det:def', 'lemma': 'ה'}, {'id': 23, 'text': 'זה', 'upos': 'PRON', 'xpos': 'PRON', 'feats': 'Gender=Masc|Number=Sing|Person=3', 'head': 20, 'deprel': 'nmod', 'lemma': 'זה'}]"
24,היה,AUX,AUX,Gender=Masc|Number=Sing|Person=3|Polarity=Pos|Tense=Past|VerbType=Cop,25.0,cop,"(80, 83)",היה,
25,חשוב,AUX,AUX,"Gender=Masc|Number=Sing|Person=1,2,3|VerbType=Mod",28.0,aux,"(84, 88)",חשוב,
"(26, 27)",למשתתפים,,,,,,"(89, 97)",,"[{'id': 26, 'text': 'ל', 'upos': 'ADP', 'xpos': 'ADP', 'head': 27, 'deprel': 'case', 'lemma': 'ל'}, {'id': 27, 'text': 'משתתפים', 'upos': 'NOUN', 'xpos': 'NOUN', 'feats': 'Gender=Masc|Number=Plur', 'head': 25, 'deprel': 'obl', 'lemma': 'משתתף'}]"
28,לגור,VERB,VERB,HebBinyan=PAAL|VerbForm=Inf|Voice=Act,13.0,xcomp,"(98, 102)",גר,
29,ליד,ADP,ADP,,31.0,case,"(103, 106)",ליד,
"(30, 31)",ההורים,,,,,,"(107, 113)",,"[{'id': 30, 'text': 'ה', 'upos': 'DET', 'xpos': 'DET', 'feats': 'PronType=Art', 'head': 31, 'deprel': 'det:def', 'lemma': 'ה'}, {'id': 31, 'text': 'הורים', 'upos': 'NOUN', 'xpos': 'NOUN', 'feats': 'Gender=Masc|Number=Plur', 'head': 28, 'deprel': 'obl', 'lemma': 'הורה'}]"
"(32, 33)",וזה,,,,,,"(114, 117)",,"[{'id': 32, 'text': 'ו', 'upos': 'CCONJ', 'xpos': 'CCONJ', 'head': 34, 'deprel': 'cc', 'lemma': 'ו'}, {'id': 33, 'text': 'זה', 'upos': 'PRON', 'xpos': 'PRON', 'feats': 'Gender=Masc|Number=Sing|Person=3', 'head': 34, 'deprel': 'nsubj', 'lemma': 'זה'}]"
34,בלט,VERB,VERB,Gender=Masc|HebBinyan=PAAL|Number=Sing|Person=3|Tense=Past|Voice=Act,3.0,conj,"(118, 121)",בלט,
"(35, 36)",בקבוצת,,,,,,"(122, 128)",,"[{'id': 35, 'text': 'ב', 'upos': 'ADP', 'xpos': 'ADP', 'head': 36, 'deprel': 'case', 'lemma': 'ב'}, {'id': 36, 'text': 'קבוצת', 'upos': 'NOUN', 'xpos': 'NOUN', 'feats': 'Definite=Cons|Gender=Fem|Number=Sing', 'head': 34, 'deprel': 'obl', 'lemma': 'קבוצה'}]"
"(37, 38)",הגברים,,,,,,"(129, 135)",,"[{'id': 37, 'text': 'ה', 'upos': 'DET', 'xpos': 'DET', 'feats': 'PronType=Art', 'head': 38, 'deprel': 'det:def', 'lemma': 'ה'}, {'id': 38, 'text': 'גברים', 'upos': 'NOUN', 'xpos': 'NOUN', 'feats': 'Gender=Masc|Number=Plur', 'head': 36, 'deprel': 'compound:smixut', 'lemma': 'גבר'}]"
39,לעומת,ADP,ADP,,41.0,case,"(136, 141)",לעומת,
"(40, 41)",הבחורות,,,,,,"(142, 149)",,"[{'id': 40, 'text': 'ה', 'upos': 'DET', 'xpos': 'DET', 'feats': 'PronType=Art', 'head': 41, 'deprel': 'det:def', 'lemma': 'ה'}, {'id': 41, 'text': 'בחורות', 'upos': 'NOUN', 'xpos': 'NOUN', 'feats': 'Gender=Fem|Number=Plur', 'head': 34, 'deprel': 'obl', 'lemma': 'בחור'}]"
"(42, 43)",הרווקות,,,,,,"(150, 157)",,"[{'id': 42, 'text': 'ה', 'upos': 'DET', 'xpos': 'DET', 'feats': 'PronType=Art', 'head': 43, 'deprel': 'det:def', 'lemma': 'ה'}, {'id': 43, 'text': 'רווקות', 'upos': 'ADJ', 'xpos': 'ADJ', 'feats': 'Gender=Fem|Number=Plur', 'head': 41, 'deprel': 'amod', 'lemma': 'רווקה'}]"
44,",",PUNCT,PUNCT,,3.0,punct,"(158, 159)",",",
45,אך,CCONJ,CCONJ,,48.0,cc,"(160, 162)",אך,
46,אין,ADV,ADV,Polarity=Neg,48.0,advmod,"(163, 166)",אין,
47,זה,PRON,PRON,Gender=Masc|Number=Sing|Person=3,48.0,nsubj,"(167, 169)",זה,
48,גורם,VERB,VERB,"Gender=Masc|HebBinyan=PAAL|Number=Sing|Person=1,2,3|VerbForm=Part|Voice=Act",3.0,conj,"(170, 174)",גרם,
49,בל,ADP,ADP,,50.0,case,"(175, 177)",בל,
50,יעבור,VERB,VERB,Gender=Masc|HebBinyan=PAAL|Number=Sing|Person=3|Tense=Fut|Voice=Act,48.0,advcl,"(178, 183)",עבר,
"(51, 52)",בבחירת,,,,,,"(184, 190)",,"[{'id': 51, 'text': 'ב', 'upos': 'ADP', 'xpos': 'ADP', 'head': 52, 'deprel': 'case', 'lemma': 'ב'}, {'id': 52, 'text': 'בחירת', 'upos': 'NOUN', 'xpos': 'NOUN', 'feats': 'Definite=Cons|Gender=Fem|Number=Sing', 'head': 50, 'deprel': 'obl', 'lemma': 'בחירה'}]"
53,מקום,NOUN,NOUN,Definite=Cons|Gender=Masc|Number=Sing,52.0,compound:smixut,"(191, 195)",מקום,
54,מגורים,NOUN,NOUN,Gender=Masc|Number=Plur,53.0,compound:smixut,"(196, 202)",מגורים,
1,זה,PRON,PRON,Gender=Masc|Number=Sing|Person=3,4.0,nsubj,"(1, 3)",זה,
2,כבר,ADV,ADV,,4.0,advmod,"(4, 7)",כבר,
3,לא,ADV,ADV,Polarity=Neg,4.0,advmod,"(8, 10)",לא,
4,קריטי,ADJ,ADJ,Gender=Masc|Number=Sing,0.0,root,"(11, 16)",קריטי,
5,",",PUNCT,PUNCT,,4.0,punct,"(17, 18)",",",
"(6, 7)",העיקר,,,,,,"(19, 24)",,"[{'id': 6, 'text': 'ה', 'upos': 'DET', 'xpos': 'DET', 'feats': 'PronType=Art', 'head': 7, 'deprel': 'det:def', 'lemma': 'ה'}, {'id': 7, 'text': 'עיקר', 'upos': 'NOUN', 'xpos': 'NOUN', 'feats': 'Gender=Masc|Number=Sing', 'head': 15, 'deprel': 'nsubj', 'lemma': 'עיקר'}]"
"(8, 9)",שהוא,,,,,,"(25, 29)",,"[{'id': 8, 'text': 'ש', 'upos': 'SCONJ', 'xpos': 'SCONJ', 'head': 12, 'deprel': 'mark', 'lemma': 'ש'}, {'id': 9, 'text': 'הוא', 'upos': 'PRON', 'xpos': 'PRON', 'feats': 'Gender=Masc|Number=Sing|Person=3|PronType=Prs', 'head': 12, 'deprel': 'nsubj', 'lemma': 'הוא'}]"
"(10, 12)",בעיר,,,,,,"(30, 34)",,"[{'id': 10, 'text': 'ב', 'upos': 'ADP', 'xpos': 'ADP', 'head': 12, 'deprel': 'case', 'lemma': 'ב'}, {'id': 11, 'text': 'ה_', 'upos': 'DET', 'xpos': 'DET', 'feats': 'PronType=Art', 'head': 12, 'deprel': 'det:def', 'lemma': 'ה'}, {'id': 12, 'text': 'עיר', 'upos': 'NOUN', 'xpos': 'NOUN', 'feats': 'Gender=Fem|Number=Sing', 'head': 7, 'deprel': 'acl:relcl', 'lemma': 'עיר'}]"
13,סחנין,PROPN,PROPN,,12.0,flat:name,"(35, 40)",סחנין,
14,זה,PRON,PRON,Gender=Masc|Number=Sing|Person=3|PronType=Dem,15.0,nsubj,"(41, 43)",זה,
15,נחשב,VERB,VERB,"Gender=Masc|HebBinyan=NIFAL|Number=Sing|Person=1,2,3|VerbForm=Part|Voice=Mid",4.0,parataxis,"(44, 48)",נחשב,
"(16, 18)",לקרוב,,,,,,"(49, 54)",,"[{'id': 16, 'text': 'ל', 'upos': 'ADP', 'xpos': 'ADP', 'head': 18, 'deprel': 'case', 'lemma': 'ל'}, {'id': 17, 'text': 'ה_', 'upos': 'DET', 'xpos': 'DET', 'feats': 'PronType=Art', 'head': 18, 'deprel': 'det:def', 'lemma': 'ה'}, {'id': 18, 'text': 'קרוב', 'upos': 'NOUN', 'xpos': 'NOUN', 'feats': 'Gender=Masc|Number=Sing', 'head': 15, 'deprel': 'obl', 'lemma': 'קרוב'}]"
19,",",PUNCT,PUNCT,,18.0,punct,"(55, 56)",",",
20,אך,CCONJ,CCONJ,,22.0,cc,"(57, 59)",אך,
21,לא,ADV,ADV,Polarity=Neg,22.0,det,"(60, 62)",לא,
22,כרמיאל,PROPN,PROPN,HebSource=ConvUncertainHead,18.0,conj,"(63, 69)",כרמיאל,
1,"""",PUNCT,PUNCT,,15.0,punct,"(1, 2)","""",
2,הורה,NOUN,NOUN,Gender=Masc|Number=Sing,15.0,nsubj,"(2, 6)",הורה,
3,של,ADP,ADP,Case=Gen,4.0,case:gen,"(7, 9)",של,
4,בחור,NOUN,NOUN,Gender=Masc|Number=Sing,2.0,nmod:poss,"(10, 14)",בחור,
"(5, 8)",שמתחתן,,,,,,"(15, 21)",,"[{'id': 5, 'text': 'ש', 'upos': 'SCONJ', 'xpos': 'SCONJ', 'head': 9, 'deprel': 'mark', 'lemma': 'ש'}, {'id': 6, 'text': 'מתחה_', 'upos': 'NOUN', 'xpos': 'NOUN', 'feats': 'Definite=Def|Gender=Masc|Number=Sing', 'head': 9, 'deprel': 'nsubj', 'lemma': 'מתחה'}, {'id': 7, 'text': '_של_', 'upos': 'ADP', 'xpos': 'ADP', 'head': 8, 'deprel': 'case:gen', 'lemma': 'של'}, {'id': 8, 'text': '_הן', 'upos': 'PRON', 'xpos': 'PRON', 'feats': 'Case=Gen|Gender=Fem|Number=Plur|Person=3|PronType=Prs', 'head': 6, 'deprel': 'nmod:poss', 'lemma': 'הוא'}]"
9,יעדיף,AUX,AUX,Gender=Masc|HebBinyan=HIFIL|Number=Sing|Person=3|Tense=Fut|Voice=Act,4.0,acl:relcl,"(22, 27)",יעדיף,
10,לרכוש,VERB,VERB,HebBinyan=PAAL|VerbForm=Inf|Voice=Act,9.0,xcomp,"(28, 33)",רכש,
11,אפילו,CCONJ,CCONJ,,12.0,det,"(34, 39)",אפילו,
12,שיכון,NOUN,NOUN,Gender=Masc|Number=Sing,10.0,obj,"(40, 45)",שיכון,
13,בתוך,ADP,ADP,,14.0,case,"(46, 50)",בתוך,
14,סח'נין,PROPN,PROPN,,12.0,nmod,"(51, 57)",סח'נין,
15,עדיף,AUX,AUX,Gender=Masc|HebBinyan=HIFIL|Number=Sing|Person=3|Tense=Fut|Voice=Act,0.0,root,"(58, 62)",עדיף,
16,מאשר,CCONJ,CCONJ,,17.0,case,"(63, 67)",מאשר,
17,לצאת,VERB,VERB,HebBinyan=PAAL|VerbForm=Inf|Voice=Act,15.0,advcl,"(68, 72)",יצא,
"(18, 19)",ולהתגורר,,,,,,"(73, 81)",,"[{'id': 18, 'text': 'ו', 'upos': 'CCONJ', 'xpos': 'CCONJ', 'head': 19, 'deprel': 'cc', 'lemma': 'ו'}, {'id': 19, 'text': 'להתגורר', 'upos': 'VERB', 'xpos': 'VERB', 'feats': 'HebBinyan=HITPAEL|VerbForm=Inf', 'head': 17, 'deprel': 'conj', 'lemma': 'התגורר'}]"
"(20, 21)",מחוץ,,,,,,"(82, 86)",,"[{'id': 20, 'text': 'מ', 'upos': 'ADP', 'xpos': 'ADP', 'head': 24, 'deprel': 'case', 'lemma': 'מ'}, {'id': 21, 'text': 'חוץ', 'upos': 'NOUN', 'xpos': 'NOUN', 'feats': 'Gender=Masc|Number=Sing', 'head': 20, 'deprel': 'fixed', 'lemma': 'חוץ'}]"
"(22, 24)",לעיר,,,,,,"(87, 91)",,"[{'id': 22, 'text': 'ל', 'upos': 'ADP', 'xpos': 'ADP', 'head': 20, 'deprel': 'fixed', 'lemma': 'ל'}, {'id': 23, 'text': 'ה_', 'upos': 'DET', 'xpos': 'DET', 'feats': 'PronType=Art', 'head': 24, 'deprel': 'det:def', 'lemma': 'ה'}, {'id': 24, 'text': 'עיר', 'upos': 'NOUN', 'xpos': 'NOUN', 'feats': 'Gender=Fem|Number=Sing', 'head': 19, 'deprel': 'obl', 'lemma': 'עיר'}]"
"(25, 26)",בכרמיאל,,,,,,"(92, 99)",,"[{'id': 25, 'text': 'ב', 'upos': 'ADP', 'xpos': 'ADP', 'head': 26, 'deprel': 'case', 'lemma': 'ב'}, {'id': 26, 'text': 'כרמיאל', 'upos': 'PROPN', 'xpos': 'PROPN', 'head': 24, 'deprel': 'nmod', 'lemma': 'כרמיאל'}]"
27,או,CCONJ,CCONJ,,31.0,cc,"(100, 102)",או,
"(28, 29)",בכל,,,,,,"(103, 106)",,"[{'id': 28, 'text': 'ב', 'upos': 'ADP', 'xpos': 'ADP', 'head': 31, 'deprel': 'case', 'lemma': 'ב'}, {'id': 29, 'text': 'כל', 'upos': 'DET', 'xpos': 'DET', 'feats': 'Definite=Cons', 'head': 31, 'deprel': 'det', 'lemma': 'כול'}]"
30,"""",PUNCT,PUNCT,,31.0,punct,"(107, 108)","""",
31,שוב,NOUN,NOUN,,24.0,conj,"(108, 111)",שוב,
32,אחר,ADJ,ADJ,Gender=Masc|Number=Sing,31.0,amod,"(112, 115)",אחר,
"(33, 34)",מחוץ,,,,,,"(116, 120)",,"[{'id': 33, 'text': 'מ', 'upos': 'ADP', 'xpos': 'ADP', 'head': 36, 'deprel': 'case', 'lemma': 'מ'}, {'id': 34, 'text': 'חוץ', 'upos': 'NOUN', 'xpos': 'NOUN', 'feats': 'Gender=Masc|Number=Sing', 'head': 33, 'deprel': 'fixed', 'lemma': 'חוץ'}]"
"(35, 36)",ליישוב,,,,,,"(121, 127)",,"[{'id': 35, 'text': 'ל', 'upos': 'ADP', 'xpos': 'ADP', 'head': 33, 'deprel': 'fixed', 'lemma': 'ל'}, {'id': 36, 'text': 'יישוב', 'upos': 'NOUN', 'xpos': 'NOUN', 'feats': 'Gender=Masc|Number=Sing', 'head': 31, 'deprel': 'nmod', 'lemma': 'יישוב'}]"
"(37, 38)",שלו,,,,,,"(128, 131)",,"[{'id': 37, 'text': 'של_', 'upos': 'ADP', 'xpos': 'ADP', 'feats': 'Case=Gen', 'head': 38, 'deprel': 'case:gen', 'lemma': 'של'}, {'id': 38, 'text': '_הוא', 'upos': 'PRON', 'xpos': 'PRON', 'feats': 'Gender=Masc|Number=Sing|Person=3|PronType=Prs', 'head': 36, 'deprel': 'nmod:poss', 'lemma': 'הוא'}]"
39,"""",PUNCT,PUNCT,,15.0,punct,"(131, 132)","""",
40,זה,PRON,PRON,Gender=Masc|Number=Sing|Person=3,42.0,nsubj,"(133, 135)",זה,
41,כבר,ADV,ADV,,42.0,det,"(136, 139)",כבר,
42,שאלת,NOUN,NOUN,Definite=Cons|Gender=Fem|Number=Sing,15.0,parataxis,"(140, 144)",שאלה,
43,מותרות,NOUN,NOUN,Gender=Fem|Number=Sing,42.0,compound:smixut,"(145, 151)",מותרות,
44,",",PUNCT,PUNCT,,15.0,punct,"(151, 152)",",",
45,אין,VERB,VERB,HebExistential=True,15.0,advcl,"(153, 156)",אין,
"(46, 48)",בסחנין,,,,,,"(157, 163)",,"[{'id': 46, 'text': 'ב', 'upos': 'ADP', 'xpos': 'ADP', 'head': 48, 'deprel': 'case', 'lemma': 'ב'}, {'id': 47, 'text': 'ה_', 'upos': 'DET', 'xpos': 'DET', 'feats': 'PronType=Art', 'head': 48, 'deprel': 'det:def', 'lemma': 'ה'}, {'id': 48, 'text': 'סחנין', 'upos': 'NOUN', 'xpos': 'NOUN', 'feats': 'Gender=Masc|Number=Sing', 'head': 45, 'deprel': 'obl', 'lemma': 'סחנין'}]"
49,אפשרות,NOUN,NOUN,Gender=Fem|Number=Sing,45.0,nsubj,"(164, 170)",אפשרות,
"(50, 52)",לבחירה,,,,,,"(171, 177)",,"[{'id': 50, 'text': 'ל', 'upos': 'ADP', 'xpos': 'ADP', 'head': 52, 'deprel': 'case', 'lemma': 'ל'}, {'id': 51, 'text': 'ה_', 'upos': 'DET', 'xpos': 'DET', 'feats': 'PronType=Art', 'head': 52, 'deprel': 'det:def', 'lemma': 'ה'}, {'id': 52, 'text': 'בחירה', 'upos': 'NOUN', 'xpos': 'NOUN', 'feats': 'Gender=Fem|Number=Sing', 'head': 49, 'deprel': 'nmod', 'lemma': 'בחירה'}]"
53,לכן,CCONJ,CCONJ,,63.0,advmod,"(178, 181)",לכן,
54,למרות,ADP,ADP,,56.0,case,"(182, 187)",למרות,
"(55, 56)",הנורמה,,,,,,"(188, 194)",,"[{'id': 55, 'text': 'ה', 'upos': 'DET', 'xpos': 'DET', 'feats': 'PronType=Art', 'head': 56, 'deprel': 'det:def', 'lemma': 'ה'}, {'id': 56, 'text': 'נורמה', 'upos': 'NOUN', 'xpos': 'NOUN', 'feats': 'Gender=Fem|Number=Sing', 'head': 63, 'deprel': 'obl', 'lemma': 'נורמה'}]"
"(57, 58)",החברתית,,,,,,"(195, 202)",,"[{'id': 57, 'text': 'ה', 'upos': 'DET', 'xpos': 'DET', 'feats': 'PronType=Art', 'head': 58, 'deprel': 'det:def', 'lemma': 'ה'}, {'id': 58, 'text': 'חברתית', 'upos': 'ADJ', 'xpos': 'ADJ', 'feats': 'Gender=Fem|Number=Sing', 'head': 56, 'deprel': 'amod', 'lemma': 'חברתי'}]"
59,להיות,AUX,AUX,Polarity=Pos|VerbForm=Inf|VerbType=Cop,56.0,acl,"(203, 208)",היה,
60,ליד,ADP,ADP,,62.0,case,"(209, 212)",ליד,
"(61, 62)",ההורים,,,,,,"(213, 219)",,"[{'id': 61, 'text': 'ה', 'upos': 'DET', 'xpos': 'DET', 'feats': 'PronType=Art', 'head': 62, 'deprel': 'det:def', 'lemma': 'ה'}, {'id': 62, 'text': 'הורים', 'upos': 'NOUN', 'xpos': 'NOUN', 'feats': 'Gender=Masc|Number=Plur', 'head': 59, 'deprel': 'obl', 'lemma': 'הורה'}]"
63,יש,VERB,VERB,HebExistential=True,15.0,conj,"(220, 222)",יש,
64,היום,ADV,ADV,,63.0,advmod,"(223, 227)",היום,
65,גמישות,NOUN,NOUN,Gender=Fem|Number=Sing,63.0,nsubj,"(228, 234)",גמישה,
"(66, 67)",והסכמה,,,,,,"(235, 241)",,"[{'id': 66, 'text': 'ו', 'upos': 'CCONJ', 'xpos': 'CCONJ', 'head': 67, 'deprel': 'cc', 'lemma': 'ו'}, {'id': 67, 'text': 'הסכמה', 'upos': 'NOUN', 'xpos': 'NOUN', 'feats': 'Gender=Fem|Number=Sing', 'head': 65, 'deprel': 'conj', 'lemma': 'הסכמה'}]"
"(68, 69)",מכורח,,,,,,"(242, 247)",,"[{'id': 68, 'text': 'מ', 'upos': 'ADP', 'xpos': 'ADP', 'head': 69, 'deprel': 'case', 'lemma': 'מ'}, {'id': 69, 'text': 'כורח', 'upos': 'NOUN', 'xpos': 'NOUN', 'feats': 'Definite=Cons|Gender=Masc|Number=Sing', 'head': 63, 'deprel': 'obl', 'lemma': 'כורח'}]"
"(70, 71)",המציאות,,,,,,"(248, 255)",,"[{'id': 70, 'text': 'ה', 'upos': 'DET', 'xpos': 'DET', 'feats': 'PronType=Art', 'head': 71, 'deprel': 'det:def', 'lemma': 'ה'}, {'id': 71, 'text': 'מציאות', 'upos': 'NOUN', 'xpos': 'NOUN', 'feats': 'Gender=Fem|Number=Sing', 'head': 69, 'deprel': 'compound:smixut', 'lemma': 'מציאות'}]"
1,בקרב,ADP,ADP,,3.0,case,"(1, 5)",בקרב,
"(2, 3)",הרווקות,,,,,,"(6, 13)",,"[{'id': 2, 'text': 'ה', 'upos': 'DET', 'xpos': 'DET', 'feats': 'PronType=Art', 'head': 3, 'deprel': 'det:def', 'lemma': 'ה'}, {'id': 3, 'text': 'רווקות', 'upos': 'NOUN', 'xpos': 'NOUN', 'feats': 'Gender=Fem|Number=Plur', 'head': 4, 'deprel': 'obl', 'lemma': 'רווקה'}]"
4,ריחפה,VERB,VERB,Gender=Fem|HebBinyan=PAAL|Number=Sing|Person=3|Tense=Past|Voice=Act,0.0,root,"(14, 19)",ריחף,
5,תחושה,NOUN,NOUN,Gender=Fem|Number=Sing,4.0,nsubj,"(20, 25)",תחושה,
6,של,ADP,ADP,Case=Gen,7.0,case:gen,"(26, 28)",של,
7,חוסר,NOUN,NOUN,Definite=Cons|Gender=Masc|Number=Sing,5.0,nmod:poss,"(29, 33)",חוסר,
8,נוחות,NOUN,NOUN,Gender=Fem|Number=Sing,7.0,compound:smixut,"(34, 39)",נוחות,
9,לענות,VERB,VERB,HebBinyan=PIEL|VerbForm=Inf|Voice=Act,7.0,acl,"(40, 45)",לענות,
10,על,ADP,ADP,,11.0,case,"(46, 48)",על,
11,שאלה,NOUN,NOUN,Gender=Fem|Number=Sing,9.0,obl,"(49, 53)",שאלה,
"(12, 14)",כזאת,,,,,,"(54, 58)",,"[{'id': 12, 'text': 'כ', 'upos': 'ADP', 'xpos': 'ADP', 'head': 14, 'deprel': 'case', 'lemma': 'כ'}, {'id': 13, 'text': 'ה_', 'upos': 'DET', 'xpos': 'DET', 'feats': 'PronType=Art', 'head': 14, 'deprel': 'det:def', 'lemma': 'ה'}, {'id': 14, 'text': 'זאת', 'upos': 'PRON', 'xpos': 'PRON', 'feats': 'Gender=Fem|Number=Sing|Person=3|PronType=Dem', 'head': 11, 'deprel': 'nmod', 'lemma': 'זאת'}]"
15,",",PUNCT,PUNCT,,4.0,punct,"(58, 59)",",",
16,אך,CCONJ,CCONJ,,4.0,cc,"(60, 62)",אך,
17,כנראה,ADV,ADV,,19.0,det,"(63, 68)",כנראה,
"(18, 19)",הניגוד,,,,,,"(69, 75)",,"[{'id': 18, 'text': 'ה', 'upos': 'DET', 'xpos': 'DET', 'feats': 'PronType=Art', 'head': 19, 'deprel': 'det:def', 'lemma': 'ה'}, {'id': 19, 'text': 'ניגוד', 'upos': 'NOUN', 'xpos': 'NOUN', 'feats': 'Gender=Masc|Number=Sing', 'head': 4, 'deprel': 'nsubj', 'lemma': 'ניגוד'}]"
20,בין,ADP,ADP,,22.0,case,"(76, 79)",בין,
"(21, 22)",הרצון,,,,,,"(80, 85)",,"[{'id': 21, 'text': 'ה', 'upos': 'DET', 'xpos': 'DET', 'feats': 'PronType=Art', 'head': 22, 'deprel': 'det:def', 'lemma': 'ה'}, {'id': 22, 'text': 'רצון', 'upos': 'NOUN', 'xpos': 'NOUN', 'feats': 'Gender=Masc|Number=Sing', 'head': 19, 'deprel': 'nmod', 'lemma': 'רצון'}]"
"(23, 24)",האישי,,,,,,"(86, 91)",,"[{'id': 23, 'text': 'ה', 'upos': 'DET', 'xpos': 'DET', 'feats': 'PronType=Art', 'head': 24, 'deprel': 'det:def', 'lemma': 'ה'}, {'id': 24, 'text': 'אישי', 'upos': 'ADJ', 'xpos': 'ADJ', 'feats': 'Gender=Masc|Number=Sing', 'head': 22, 'deprel': 'amod', 'lemma': 'אישי'}]"
25,לבין,ADP,ADP,,27.0,case,"(92, 96)",לבין,
"(26, 27)",הנורמה,,,,,,"(97, 103)",,"[{'id': 26, 'text': 'ה', 'upos': 'DET', 'xpos': 'DET', 'feats': 'PronType=Art', 'head': 27, 'deprel': 'det:def', 'lemma': 'ה'}, {'id': 27, 'text': 'נורמה', 'upos': 'NOUN', 'xpos': 'NOUN', 'feats': 'Gender=Fem|Number=Sing', 'head': 22, 'deprel': 'conj', 'lemma': 'נורמה'}]"
"(28, 29)",החברתית,,,,,,"(104, 111)",,"[{'id': 28, 'text': 'ה', 'upos': 'DET', 'xpos': 'DET', 'feats': 'PronType=Art', 'head': 29, 'deprel': 'det:def', 'lemma': 'ה'}, {'id': 29, 'text': 'חברתית', 'upos': 'ADJ', 'xpos': 'ADJ', 'feats': 'Gender=Fem|Number=Sing', 'head': 27, 'deprel': 'amod', 'lemma': 'חברתי'}]"
30,לקבל,VERB,VERB,HebBinyan=PIEL|VerbForm=Inf|Voice=Act,27.0,acl,"(112, 116)",קיבל,
31,את,ADP,ADP,Case=Acc,32.0,case:acc,"(117, 119)",את,
32,מה,ADV,ADV,PronType=Int,30.0,obj,"(120, 122)",מה,
"(33, 34)",שיש,,,,,,"(123, 126)",,"[{'id': 33, 'text': 'ש', 'upos': 'SCONJ', 'xpos': 'SCONJ', 'head': 34, 'deprel': 'mark', 'lemma': 'ש'}, {'id': 34, 'text': 'יש', 'upos': 'VERB', 'xpos': 'VERB', 'feats': 'HebExistential=True', 'head': 32, 'deprel': 'acl:relcl', 'lemma': 'יש'}]"
"(35, 37)",לחתן,,,,,,"(127, 131)",,"[{'id': 35, 'text': 'ל', 'upos': 'ADP', 'xpos': 'ADP', 'head': 37, 'deprel': 'case', 'lemma': 'ל'}, {'id': 36, 'text': 'ה_', 'upos': 'DET', 'xpos': 'DET', 'feats': 'PronType=Art', 'head': 37, 'deprel': 'det:def', 'lemma': 'ה'}, {'id': 37, 'text': 'חתן', 'upos': 'NOUN', 'xpos': 'NOUN', 'feats': 'Gender=Masc|Number=Sing', 'head': 34, 'deprel': 'obl', 'lemma': 'חתן'}]"
38,להציע,VERB,VERB,HebBinyan=HIFIL|VerbForm=Inf|Voice=Act,34.0,xcomp,"(132, 137)",הציע,
"(39, 40)",מבחינת,,,,,,"(138, 144)",,"[{'id': 39, 'text': 'מ', 'upos': 'ADP', 'xpos': 'ADP', 'head': 40, 'deprel': 'case', 'lemma': 'מ'}, {'id': 40, 'text': 'בחינת', 'upos': 'NOUN', 'xpos': 'NOUN', 'feats': 'Definite=Cons|Gender=Fem|Number=Sing', 'head': 38, 'deprel': 'obl', 'lemma': 'בחינה'}]"
41,בית,NOUN,NOUN,Gender=Masc|Number=Sing,40.0,compound:smixut,"(145, 148)",בית,
"(42, 43)",ושם,,,,,,"(149, 152)",,"[{'id': 42, 'text': 'ו', 'upos': 'CCONJ', 'xpos': 'CCONJ', 'head': 47, 'deprel': 'cc', 'lemma': 'ו'}, {'id': 43, 'text': 'שם', 'upos': 'ADV', 'xpos': 'ADV', 'head': 47, 'deprel': 'advmod', 'lemma': 'שם'}]"
44,זה,PRON,PRON,Gender=Masc|Number=Sing|Person=3,47.0,nsubj,"(153, 155)",זה,
45,לא,ADV,ADV,Polarity=Neg,47.0,advmod,"(156, 158)",לא,
46,ממש,ADV,ADV,,47.0,advmod,"(159, 162)",ממש,
47,תחום,NOUN,NOUN,Definite=Cons|Gender=Masc|Number=Sing,22.0,dep,"(163, 167)",תחום,
48,בחירה,NOUN,NOUN,Gender=Fem|Number=Sing,47.0,compound:smixut,"(168, 173)",בחירה,
49,של,ADP,ADP,Case=Gen,50.0,case:gen,"(174, 176)",של,
50,נשים,NOUN,NOUN,Gender=Fem|Number=Plur,48.0,nmod:poss,"(177, 181)",איש,
51,-,PUNCT,PUNCT,,55.0,punct,"(182, 183)",-,
52,לכן,ADV,ADV,,55.0,advmod,"(184, 187)",לכן,
"(53, 54)",הרוב,,,,,,"(188, 192)",,"[{'id': 53, 'text': 'ה', 'upos': 'DET', 'xpos': 'DET', 'feats': 'PronType=Art', 'head': 54, 'deprel': 'det:def', 'lemma': 'ה'}, {'id': 54, 'text': 'רוב', 'upos': 'NOUN', 'xpos': 'NOUN', 'feats': 'Gender=Masc|Number=Sing', 'head': 55, 'deprel': 'nsubj', 'lemma': 'רוב'}]"
55,נתן,VERB,VERB,Gender=Masc|Number=Sing|Person=3|Tense=Past,4.0,parataxis,"(193, 196)",נתן,
56,ציונים,NOUN,NOUN,Gender=Masc|Number=Plur,55.0,obj,"(197, 203)",ציון,
57,נמוכים,ADJ,ADJ,Gender=Masc|Number=Plur,56.0,amod,"(204, 210)",נמוך,
58,-,PUNCT,PUNCT,,47.0,punct,"(211, 212)",-,
59,אין,ADV,ADV,Polarity=Neg,61.0,advmod,"(213, 216)",אין,
60,זה,PRON,PRON,Gender=Masc|Number=Sing|Person=3,61.0,nsubj,"(217, 219)",זה,
61,חסם,NOUN,NOUN,Gender=Masc|HebSource=ConvUncertainHead|Number=Sing,55.0,dep,"(220, 223)",חסם,
1,קיימת,ADJ,ADJ,Gender=Fem|Number=Sing,0.0,root,"(1, 6)",קיים,
2,נורמה,NOUN,NOUN,Gender=Fem|Number=Sing,1.0,nsubj,"(7, 12)",נורמה,
3,חברתית,ADJ,ADJ,Gender=Fem|Number=Sing,2.0,amod,"(13, 19)",חברתי,
4,לקבל,VERB,VERB,HebBinyan=PIEL|VerbForm=Inf|Voice=Act,2.0,acl,"(20, 24)",קיבל,
5,את,ADP,ADP,Case=Acc,6.0,case:acc,"(25, 27)",את,
6,בחירת,NOUN,NOUN,Definite=Cons|Gender=Fem|Number=Sing,4.0,obj,"(28, 33)",בחירה,
7,מיקום,NOUN,NOUN,Definite=Cons|Gender=Masc|Number=Sing,6.0,compound:smixut,"(34, 39)",מיקום,
"(8, 9)",הבית,,,,,,"(40, 44)",,"[{'id': 8, 'text': 'ה', 'upos': 'DET', 'xpos': 'DET', 'feats': 'PronType=Art', 'head': 9, 'deprel': 'det:def', 'lemma': 'ה'}, {'id': 9, 'text': 'בית', 'upos': 'NOUN', 'xpos': 'NOUN', 'feats': 'Gender=Masc|Number=Sing', 'head': 7, 'deprel': 'compound:smixut', 'lemma': 'בית'}]"
10,ע״י,ADP,ADP,Abbr=Yes,12.0,case,"(45, 48)",ע״י,
"(11, 12)",הגבר,,,,,,"(49, 53)",,"[{'id': 11, 'text': 'ה', 'upos': 'DET', 'xpos': 'DET', 'feats': 'PronType=Art', 'head': 12, 'deprel': 'det:def', 'lemma': 'ה'}, {'id': 12, 'text': 'גבר', 'upos': 'NOUN', 'xpos': 'NOUN', 'feats': 'Gender=Masc|Number=Sing', 'head': 6, 'deprel': 'nmod', 'lemma': 'גבר'}]"
"(13, 16)",ומשפחתו,,,,,,"(54, 61)",,"[{'id': 13, 'text': 'ו', 'upos': 'CCONJ', 'xpos': 'CCONJ', 'head': 14, 'deprel': 'cc', 'lemma': 'ו'}, {'id': 14, 'text': 'משפחה_', 'upos': 'NOUN', 'xpos': 'NOUN', 'feats': 'Definite=Def|Gender=Fem|Number=Sing', 'head': 12, 'deprel': 'conj', 'lemma': 'משפחה'}, {'id': 15, 'text': '_של_', 'upos': 'ADP', 'xpos': 'ADP', 'head': 16, 'deprel': 'case:gen', 'lemma': 'של'}, {'id': 16, 'text': '_הוא', 'upos': 'PRON', 'xpos': 'PRON', 'feats': 'Case=Gen|Gender=Masc|Number=Sing|Person=3|PronType=Prs', 'head': 14, 'deprel': 'nmod:poss', 'lemma': 'הוא'}]"
17,בעיקר,ADV,ADV,,21.0,advmod,"(62, 67)",בעיקר,
18,אם,SCONJ,SCONJ,,21.0,mark,"(68, 70)",אם,
"(19, 20)",הפתרון,,,,,,"(71, 77)",,"[{'id': 19, 'text': 'ה', 'upos': 'DET', 'xpos': 'DET', 'feats': 'PronType=Art', 'head': 20, 'deprel': 'det:def', 'lemma': 'ה'}, {'id': 20, 'text': 'פתרון', 'upos': 'NOUN', 'xpos': 'NOUN', 'feats': 'Gender=Masc|Number=Sing', 'head': 21, 'deprel': 'nsubj', 'lemma': 'פתרון'}]"
21,זמין,ADJ,ADJ,Gender=Masc|Number=Sing,1.0,advcl,"(78, 82)",זמין,
22,מעל,ADP,ADP,,24.0,case,"(83, 86)",מעל,
"(23, 24)",ההורים,,,,,,"(87, 93)",,"[{'id': 23, 'text': 'ה', 'upos': 'DET', 'xpos': 'DET', 'feats': 'PronType=Art', 'head': 24, 'deprel': 'det:def', 'lemma': 'ה'}, {'id': 24, 'text': 'הורים', 'upos': 'NOUN', 'xpos': 'NOUN', 'feats': 'Gender=Masc|Number=Plur', 'head': 21, 'deprel': 'obl', 'lemma': 'הורה'}]"
25,או,CCONJ,CCONJ,,27.0,cc,"(94, 96)",או,
"(26, 27)",בקרקע,,,,,,"(97, 102)",,"[{'id': 26, 'text': 'ב', 'upos': 'ADP', 'xpos': 'ADP', 'head': 27, 'deprel': 'case', 'lemma': 'ב'}, {'id': 27, 'text': 'קרקע', 'upos': 'NOUN', 'xpos': 'NOUN', 'feats': 'Gender=Fem|Number=Sing', 'head': 24, 'deprel': 'conj', 'lemma': 'קרקע'}]"
28,קיימת,ADJ,ADJ,Gender=Fem|Number=Sing,27.0,amod,"(103, 108)",קיים,
"(29, 32)",במתחם,,,,,,"(109, 114)",,"[{'id': 29, 'text': 'ב', 'upos': 'ADP', 'xpos': 'ADP', 'head': 30, 'deprel': 'case', 'lemma': 'ב'}, {'id': 30, 'text': 'מתח_', 'upos': 'NOUN', 'xpos': 'NOUN', 'feats': 'Definite=Def|Gender=Masc|Number=Sing', 'head': 28, 'deprel': 'obl', 'lemma': 'מתח'}, {'id': 31, 'text': '_של_', 'upos': 'ADP', 'xpos': 'ADP', 'head': 32, 'deprel': 'case:gen', 'lemma': 'של'}, {'id': 32, 'text': '_הם', 'upos': 'PRON', 'xpos': 'PRON', 'feats': 'Case=Gen|Gender=Masc|Number=Plur|Person=3|PronType=Prs', 'head': 30, 'deprel': 'nmod:poss', 'lemma': 'הוא'}]"
"(33, 34)",המשפחה,,,,,,"(115, 121)",,"[{'id': 33, 'text': 'ה', 'upos': 'DET', 'xpos': 'DET', 'feats': 'PronType=Art', 'head': 34, 'deprel': 'det:def', 'lemma': 'ה'}, {'id': 34, 'text': 'משפחה', 'upos': 'NOUN', 'xpos': 'NOUN', 'feats': 'Gender=Fem|Number=Sing', 'head': 28, 'deprel': 'nsubj', 'lemma': 'משפחה'}]"
"(1, 2)",וכמעט,,,,,,"(1, 6)",,"[{'id': 1, 'text': 'ו', 'upos': 'CCONJ', 'xpos': 'CCONJ', 'head': 3, 'deprel': 'cc', 'lemma': 'ו'}, {'id': 2, 'text': 'כמעט', 'upos': 'ADV', 'xpos': 'ADV', 'head': 3, 'deprel': 'advmod', 'lemma': 'כמעט'}]"
3,אין,VERB,VERB,HebExistential=True,0.0,root,"(7, 10)",אין,
4,אפשרות,NOUN,NOUN,Gender=Fem|Number=Sing,3.0,nsubj,"(11, 17)",אפשרות,
"(5, 7)",לבחורה,,,,,,"(18, 24)",,"[{'id': 5, 'text': 'ל', 'upos': 'ADP', 'xpos': 'ADP', 'head': 7, 'deprel': 'case', 'lemma': 'ל'}, {'id': 6, 'text': 'ה_', 'upos': 'DET', 'xpos': 'DET', 'feats': 'PronType=Art', 'head': 7, 'deprel': 'det:def', 'lemma': 'ה'}, {'id': 7, 'text': 'בחורה', 'upos': 'NOUN', 'xpos': 'NOUN', 'feats': 'Gender=Fem|Number=Sing', 'head': 4, 'deprel': 'nmod', 'lemma': 'בחורה'}]"
8,לצאת,VERB,VERB,HebBinyan=PAAL|VerbForm=Inf|Voice=Act,4.0,acl,"(25, 29)",יצא,
9,נגד,ADP,ADP,,10.0,case,"(30, 33)",נגד,
10,בחירה,NOUN,NOUN,Gender=Fem|Number=Sing,8.0,obl,"(34, 39)",בחירה,
"(11, 13)",כזאת,,,,,,"(40, 44)",,"[{'id': 11, 'text': 'כ', 'upos': 'ADP', 'xpos': 'ADP', 'head': 13, 'deprel': 'case', 'lemma': 'כ'}, {'id': 12, 'text': 'ה_', 'upos': 'DET', 'xpos': 'DET', 'feats': 'PronType=Art', 'head': 13, 'deprel': 'det:def', 'lemma': 'ה'}, {'id': 13, 'text': 'זאת', 'upos': 'PRON', 'xpos': 'PRON', 'feats': 'Gender=Fem|Number=Sing|Person=3|PronType=Dem', 'head': 10, 'deprel': 'nmod', 'lemma': 'זאת'}]"
"(1, 2)",הכוח,,,,,,"(1, 5)",,"[{'id': 1, 'text': 'ה', 'upos': 'DET', 'xpos': 'DET', 'feats': 'PronType=Art', 'head': 2, 'deprel': 'det:def', 'lemma': 'ה'}, {'id': 2, 'text': 'כוח', 'upos': 'NOUN', 'xpos': 'NOUN', 'feats': 'Gender=Masc|Number=Sing', 'head': 6, 'deprel': 'nsubj', 'lemma': 'כוח'}]"
3,של,ADP,ADP,Case=Gen,5.0,case:gen,"(6, 8)",של,
"(4, 5)",ההשפעה,,,,,,"(9, 15)",,"[{'id': 4, 'text': 'ה', 'upos': 'DET', 'xpos': 'DET', 'feats': 'PronType=Art', 'head': 5, 'deprel': 'det:def', 'lemma': 'ה'}, {'id': 5, 'text': 'השפעה', 'upos': 'NOUN', 'xpos': 'NOUN', 'feats': 'Gender=Fem|Number=Sing', 'head': 2, 'deprel': 'nmod:poss', 'lemma': 'השפעה'}]"
6,יותר,ADV,ADV,,8.0,advmod,"(16, 20)",יותר,
"(7, 8)",במקרים,,,,,,"(21, 27)",,"[{'id': 7, 'text': 'ב', 'upos': 'ADP', 'xpos': 'ADP', 'head': 8, 'deprel': 'case', 'lemma': 'ב'}, {'id': 8, 'text': 'מקרים', 'upos': 'NOUN', 'xpos': 'NOUN', 'feats': 'Gender=Masc|HebSource=ConvUncertainHead|Number=Plur', 'head': 0, 'deprel': 'root', 'lemma': 'מקרה'}]"
"(9, 10)",שאין,,,,,,"(28, 32)",,"[{'id': 9, 'text': 'ש', 'upos': 'SCONJ', 'xpos': 'SCONJ', 'head': 10, 'deprel': 'mark', 'lemma': 'ש'}, {'id': 10, 'text': 'אין', 'upos': 'AUX', 'xpos': 'AUX', 'feats': 'VerbType=Mod', 'head': 11, 'deprel': 'aux', 'lemma': 'אין'}]"
11,לגבר,VERB,VERB,HebBinyan=PIEL|VerbForm=Inf|Voice=Act,8.0,acl:relcl,"(33, 37)",גיבר,
12,פתרון,NOUN,NOUN,Definite=Cons|Gender=Masc|Number=Sing,11.0,obj,"(38, 43)",פתרון,
13,דיור,NOUN,NOUN,Gender=Masc|Number=Sing,12.0,compound:smixut,"(44, 48)",דיור,
1,בחורה,NOUN,NOUN,Gender=Fem|Number=Sing,7.0,nsubj,"(1, 6)",בחורה,
"(2, 3)",היוצאת,,,,,,"(7, 13)",,"[{'id': 2, 'text': 'ה', 'upos': 'SCONJ', 'xpos': 'SCONJ', 'head': 3, 'deprel': 'mark', 'lemma': 'ה'}, {'id': 3, 'text': 'יוצאת', 'upos': 'VERB', 'xpos': 'VERB', 'feats': 'Gender=Fem|HebBinyan=PAAL|Number=Sing|Person=1,2,3|VerbForm=Part|Voice=Act', 'head': 1, 'deprel': 'acl:relcl', 'lemma': 'יצא'}]"
4,נגד,ADP,ADP,,5.0,case,"(14, 17)",נגד,
5,נורמה,NOUN,NOUN,Gender=Fem|Number=Sing,3.0,obl,"(18, 23)",נורמה,
6,זו,PRON,PRON,Gender=Fem|Number=Sing|Person=3|PronType=Dem,5.0,det,"(24, 26)",זו,
7,תיתפס,VERB,VERB,Gender=Fem|HebBinyan=NIFAL|Number=Sing|Person=3|Tense=Fut|Voice=Mid,0.0,root,"(27, 32)",נתפס,
"(8, 9)",כלא,,,,,,"(33, 36)",,"[{'id': 8, 'text': 'כ', 'upos': 'ADP', 'xpos': 'ADP', 'head': 10, 'deprel': 'case', 'lemma': 'כ'}, {'id': 9, 'text': 'לא', 'upos': 'ADV', 'xpos': 'ADV', 'feats': 'Polarity=Neg', 'head': 10, 'deprel': 'advmod', 'lemma': 'לא'}]"
10,מקובלת,ADJ,ADJ,Gender=Fem|HebSource=ConvUncertainHead|Number=Sing,7.0,obl,"(37, 43)",מקובל,
"(11, 13)",בחברה,,,,,,"(44, 49)",,"[{'id': 11, 'text': 'ב', 'upos': 'ADP', 'xpos': 'ADP', 'head': 13, 'deprel': 'case', 'lemma': 'ב'}, {'id': 12, 'text': 'ה_', 'upos': 'DET', 'xpos': 'DET', 'feats': 'PronType=Art', 'head': 13, 'deprel': 'det:def', 'lemma': 'ה'}, {'id': 13, 'text': 'חברה', 'upos': 'NOUN', 'xpos': 'NOUN', 'feats': 'Gender=Fem|Number=Sing', 'head': 10, 'deprel': 'advmod', 'lemma': 'חברה'}]"
14,"""",PUNCT,PUNCT,,15.0,punct,"(50, 51)","""",
15,חוצפנית,ADJ,ADJ,,13.0,appos,"(51, 58)",חוצפן,
16,"""",PUNCT,PUNCT,,15.0,punct,"(59, 60)","""",
17,הייתה,VERB,VERB,Gender=Fem|HebExistential=True|Number=Sing|Person=3|Polarity=Pos|Tense=Past,7.0,conj,"(61, 66)",היה,
18,הסכמה,NOUN,NOUN,Gender=Fem|HebSource=ConvUncertainHead|Number=Sing,7.0,dep,"(67, 72)",הסכמה,
"(19, 20)",בנושא,,,,,,"(73, 78)",,"[{'id': 19, 'text': 'ב', 'upos': 'ADP', 'xpos': 'ADP', 'head': 20, 'deprel': 'case', 'lemma': 'ב'}, {'id': 20, 'text': 'נושא', 'upos': 'NOUN', 'xpos': 'NOUN', 'feats': 'Definite=Cons|Gender=Masc|Number=Sing', 'head': 18, 'deprel': 'nmod', 'lemma': 'נושא'}]"
21,גודל,NOUN,NOUN,Definite=Cons|Gender=Masc|Number=Sing,20.0,compound:smixut,"(79, 83)",גודל,
"(22, 23)",הבית,,,,,,"(84, 88)",,"[{'id': 22, 'text': 'ה', 'upos': 'DET', 'xpos': 'DET', 'feats': 'PronType=Art', 'head': 23, 'deprel': 'det:def', 'lemma': 'ה'}, {'id': 23, 'text': 'בית', 'upos': 'NOUN', 'xpos': 'NOUN', 'feats': 'Gender=Masc|Number=Sing', 'head': 21, 'deprel': 'compound:smixut', 'lemma': 'בית'}]"
24,-,PUNCT,PUNCT,,26.0,punct,"(89, 90)",-,
"(25, 26)",ההעדפה,,,,,,"(91, 97)",,"[{'id': 25, 'text': 'ה', 'upos': 'DET', 'xpos': 'DET', 'feats': 'PronType=Art', 'head': 26, 'deprel': 'det:def', 'lemma': 'ה'}, {'id': 26, 'text': 'העדפה', 'upos': 'NOUN', 'xpos': 'NOUN', 'feats': 'Gender=Fem|HebSource=ConvUncertainHead|Number=Sing', 'head': 7, 'deprel': 'nsubj', 'lemma': 'העדפה'}]"
"(27, 28)",הקיימת,,,,,,"(98, 104)",,"[{'id': 27, 'text': 'ה', 'upos': 'DET', 'xpos': 'DET', 'feats': 'PronType=Art', 'head': 28, 'deprel': 'det:def', 'lemma': 'ה'}, {'id': 28, 'text': 'קיימת', 'upos': 'ADJ', 'xpos': 'ADJ', 'feats': 'Gender=Fem|Number=Sing', 'head': 26, 'deprel': 'amod', 'lemma': 'קיים'}]"
29,היא,PRON,PRON,Gender=Fem|Number=Sing|Person=3|Polarity=Pos|VerbForm=Part|VerbType=Cop,26.0,cop,"(105, 108)",הוא,
"(30, 31)",לבית,,,,,,"(109, 113)",,"[{'id': 30, 'text': 'ל', 'upos': 'ADP', 'xpos': 'ADP', 'head': 31, 'deprel': 'case', 'lemma': 'ל'}, {'id': 31, 'text': 'בית', 'upos': 'NOUN', 'xpos': 'NOUN', 'feats': 'Gender=Masc|HebSource=ConvUncertainHead|Number=Sing', 'head': 26, 'deprel': 'dep', 'lemma': 'בית'}]"
32,של,ADP,ADP,Case=Gen,35.0,case:gen,"(114, 116)",של,
33,לפחות,ADV,ADV,,35.0,det,"(117, 122)",לפחות,
34,3,NUM,NUM,,35.0,nummod,"(123, 124)",3,
35,חדרי,NOUN,NOUN,Definite=Cons|Gender=Masc|Number=Plur,31.0,nmod:poss,"(125, 129)",חדר,
36,שינה,NOUN,NOUN,Gender=Fem|Number=Sing,35.0,compound:smixut,"(130, 134)",שינה,
37,120,NUM,NUM,,35.0,nummod,"(135, 138)",120,
38,-,PUNCT,PUNCT,HebSource=ConvUncertainHead,37.0,punct,"(138, 139)",-,
39,150,NUM,NUM,,37.0,nummod,"(139, 142)",150,
40,",",PUNCT,PUNCT,,41.0,punct,"(143, 144)",",",
41,חשוב,AUX,AUX,"Gender=Masc|Number=Sing|Person=1,2,3|VerbType=Mod",31.0,appos,"(145, 149)",חשוב,
"(42, 44)",שהבית,,,,,,"(150, 155)",,"[{'id': 42, 'text': 'ש', 'upos': 'SCONJ', 'xpos': 'SCONJ', 'head': 47, 'deprel': 'mark', 'lemma': 'ש'}, {'id': 43, 'text': 'ה', 'upos': 'DET', 'xpos': 'DET', 'feats': 'PronType=Art', 'head': 44, 'deprel': 'det:def', 'lemma': 'ה'}, {'id': 44, 'text': 'בית', 'upos': 'NOUN', 'xpos': 'NOUN', 'feats': 'Gender=Masc|Number=Sing', 'head': 47, 'deprel': 'nsubj', 'lemma': 'בית'}]"
45,יהיה,AUX,AUX,Gender=Masc|Number=Sing|Person=3|Polarity=Pos|Tense=Fut|VerbType=Cop,47.0,cop,"(156, 160)",היה,
46,מספיק,ADV,ADV,,47.0,advmod,"(161, 166)",מספיק,
47,גדול,ADJ,ADJ,Gender=Masc|Number=Sing,41.0,ccomp,"(167, 171)",גדול,
"(48, 49)",ומרווח,,,,,,"(172, 178)",,"[{'id': 48, 'text': 'ו', 'upos': 'CCONJ', 'xpos': 'CCONJ', 'head': 49, 'deprel': 'cc', 'lemma': 'ו'}, {'id': 49, 'text': 'מרווח', 'upos': 'ADJ', 'xpos': 'ADJ', 'feats': 'Gender=Masc|Number=Sing', 'head': 47, 'deprel': 'conj', 'lemma': 'מרווח'}]"
1,דעת,NOUN,NOUN,Definite=Cons|Gender=Fem|Number=Sing,3.0,nsubj,"(1, 4)",דעה,
2,מעוט,VERB,VERB,Gender=Masc|Number=Sing,1.0,compound:smixut,"(5, 9)",_,
3,גרסה,VERB,VERB,Gender=Fem|HebBinyan=PIEL|Number=Sing|Person=3|Tense=Past|Voice=Act,0.0,root,"(10, 14)",גרסה,
4,כי,SCONJ,SCONJ,,9.0,mark,"(15, 17)",כי,
5,אם,SCONJ,SCONJ,,6.0,mark,"(18, 20)",אם,
6,אין,VERB,VERB,HebExistential=True,9.0,advcl,"(21, 24)",אין,
7,פתרון,NOUN,NOUN,Gender=Masc|Number=Sing,6.0,nsubj,"(25, 30)",פתרון,
8,יהיו,AUX,AUX,"Gender=Fem,Masc|Number=Plur|Person=3|Polarity=Pos|Tense=Fut|VerbType=Cop",9.0,cop,"(31, 35)",היה,
9,מוכנים,AUX,AUX,"Gender=Masc|Number=Plur|Person=1,2,3|VerbType=Mod",10.0,aux,"(36, 42)",מוכן,
10,להתפשר,VERB,VERB,HebBinyan=HITPAEL|VerbForm=Inf,3.0,ccomp,"(43, 49)",התפשר,
"(11, 12)",בדירה,,,,,,"(50, 55)",,"[{'id': 11, 'text': 'ב', 'upos': 'ADP', 'xpos': 'ADP', 'head': 12, 'deprel': 'case', 'lemma': 'ב'}, {'id': 12, 'text': 'דירה', 'upos': 'NOUN', 'xpos': 'NOUN', 'feats': 'Gender=Fem|Number=Sing', 'head': 10, 'deprel': 'obl', 'lemma': 'דירה'}]"
13,קטנה,ADJ,ADJ,Gender=Fem|Number=Sing,12.0,amod,"(56, 60)",קטן,
14,אך,CCONJ,CCONJ,,17.0,cc,"(61, 63)",אך,
15,דעה,NOUN,NOUN,Gender=Fem|Number=Sing,17.0,nsubj,"(64, 67)",דעה,
16,זו,PRON,PRON,Gender=Fem|Number=Sing|Person=3|PronType=Dem,15.0,det,"(68, 70)",זו,
17,נתקלה,VERB,VERB,Gender=Fem|HebBinyan=NIFAL|Number=Sing|Person=3|Tense=Past|Voice=Mid,9.0,conj,"(71, 76)",התקלה,
"(18, 19)",בהתנגדות,,,,,,"(77, 85)",,"[{'id': 18, 'text': 'ב', 'upos': 'ADP', 'xpos': 'ADP', 'head': 19, 'deprel': 'case', 'lemma': 'ב'}, {'id': 19, 'text': 'התנגדות', 'upos': 'NOUN', 'xpos': 'NOUN', 'feats': 'Gender=Fem|Number=Sing', 'head': 17, 'deprel': 'obl', 'lemma': 'התנגדות'}]"
20,רבה,ADJ,ADJ,Gender=Fem|Number=Sing,19.0,amod,"(86, 89)",רב,
1,השפעת,NOUN,NOUN,Definite=Cons|Gender=Fem|Number=Sing,12.0,nsubj,"(1, 6)",השפעה,
"(2, 3)",ההורים,,,,,,"(7, 13)",,"[{'id': 2, 'text': 'ה', 'upos': 'DET', 'xpos': 'DET', 'feats': 'PronType=Art', 'head': 3, 'deprel': 'det:def', 'lemma': 'ה'}, {'id': 3, 'text': 'הורים', 'upos': 'NOUN', 'xpos': 'NOUN', 'feats': 'Gender=Masc|Number=Plur', 'head': 1, 'deprel': 'compound:smixut', 'lemma': 'הורה'}]"
"(4, 5)",בבחירת,,,,,,"(14, 20)",,"[{'id': 4, 'text': 'ב', 'upos': 'ADP', 'xpos': 'ADP', 'head': 5, 'deprel': 'case', 'lemma': 'ב'}, {'id': 5, 'text': 'בחירת', 'upos': 'NOUN', 'xpos': 'NOUN', 'feats': 'Definite=Cons|Gender=Fem|Number=Sing', 'head': 1, 'deprel': 'nmod', 'lemma': 'בחירה'}]"
6,מקום,NOUN,NOUN,Definite=Cons|Gender=Masc|Number=Sing,5.0,compound:smixut,"(21, 25)",מקום,
"(7, 8)",המגורים,,,,,,"(26, 33)",,"[{'id': 7, 'text': 'ה', 'upos': 'DET', 'xpos': 'DET', 'feats': 'PronType=Art', 'head': 8, 'deprel': 'det:def', 'lemma': 'ה'}, {'id': 8, 'text': 'מגורים', 'upos': 'NOUN', 'xpos': 'NOUN', 'feats': 'Gender=Masc|Number=Plur', 'head': 6, 'deprel': 'compound:smixut', 'lemma': 'מגורים'}]"
9,!,PUNCT,PUNCT,,12.0,punct,"(34, 35)",!,
10,•,PUNCT,PUNCT,,12.0,punct,"(36, 37)",•,
11,כן,ADV,ADV,,12.0,advmod,"(38, 40)",כן,
12,נמצאה,VERB,VERB,Gender=Fem|HebBinyan=NIFAL|Number=Sing|Person=3|Tense=Past|Voice=Mid,0.0,root,"(41, 46)",נמצא,
13,השפעה,NOUN,NOUN,Gender=Fem|Number=Sing,12.0,nsubj,"(47, 52)",השפעה,
14,משמעותית,ADJ,ADJ,Gender=Fem|Number=Sing,13.0,amod,"(53, 61)",משמעותי,
15,של,ADP,ADP,Case=Gen,17.0,case:gen,"(62, 64)",של,
"(16, 17)",ההורים,,,,,,"(65, 71)",,"[{'id': 16, 'text': 'ה', 'upos': 'DET', 'xpos': 'DET', 'feats': 'PronType=Art', 'head': 17, 'deprel': 'det:def', 'lemma': 'ה'}, {'id': 17, 'text': 'הורים', 'upos': 'NOUN', 'xpos': 'NOUN', 'feats': 'Gender=Masc|Number=Plur', 'head': 13, 'deprel': 'nmod', 'lemma': 'הורה'}]"
"(18, 19)",בבחירת,,,,,,"(72, 78)",,"[{'id': 18, 'text': 'ב', 'upos': 'ADP', 'xpos': 'ADP', 'head': 19, 'deprel': 'case', 'lemma': 'ב'}, {'id': 19, 'text': 'בחירת', 'upos': 'NOUN', 'xpos': 'NOUN', 'feats': 'Definite=Cons|Gender=Fem|Number=Sing', 'head': 13, 'deprel': 'nmod', 'lemma': 'בחירה'}]"
20,מקום,NOUN,NOUN,Definite=Cons|Gender=Masc|Number=Sing,19.0,compound:smixut,"(79, 83)",מקום,
"(21, 22)",המגורים,,,,,,"(84, 91)",,"[{'id': 21, 'text': 'ה', 'upos': 'DET', 'xpos': 'DET', 'feats': 'PronType=Art', 'head': 22, 'deprel': 'det:def', 'lemma': 'ה'}, {'id': 22, 'text': 'מגורים', 'upos': 'NOUN', 'xpos': 'NOUN', 'feats': 'Gender=Masc|Number=Plur', 'head': 20, 'deprel': 'compound:smixut', 'lemma': 'מגורים'}]"
"(23, 24)",בקבוצות,,,,,,"(92, 99)",,"[{'id': 23, 'text': 'ב', 'upos': 'ADP', 'xpos': 'ADP', 'head': 24, 'deprel': 'case', 'lemma': 'ב'}, {'id': 24, 'text': 'קבוצות', 'upos': 'NOUN', 'xpos': 'NOUN', 'feats': 'Definite=Cons|Gender=Fem|Number=Plur', 'head': 19, 'deprel': 'nmod', 'lemma': 'קבוצה'}]"
"(25, 26)",הרווקים,,,,,,"(100, 107)",,"[{'id': 25, 'text': 'ה', 'upos': 'DET', 'xpos': 'DET', 'feats': 'PronType=Art', 'head': 26, 'deprel': 'det:def', 'lemma': 'ה'}, {'id': 26, 'text': 'רווקים', 'upos': 'NOUN', 'xpos': 'NOUN', 'feats': 'Gender=Masc|Number=Plur', 'head': 24, 'deprel': 'compound:smixut', 'lemma': 'רווק'}]"
"(27, 29)",והרווקות,,,,,,"(108, 116)",,"[{'id': 27, 'text': 'ו', 'upos': 'CCONJ', 'xpos': 'CCONJ', 'head': 29, 'deprel': 'cc', 'lemma': 'ו'}, {'id': 28, 'text': 'ה', 'upos': 'DET', 'xpos': 'DET', 'feats': 'PronType=Art', 'head': 29, 'deprel': 'det:def', 'lemma': 'ה'}, {'id': 29, 'text': 'רווקות', 'upos': 'NOUN', 'xpos': 'NOUN', 'feats': 'Gender=Fem|Number=Plur', 'head': 26, 'deprel': 'conj', 'lemma': 'רווקה'}]"
"(30, 31)",ופחות,,,,,,"(117, 122)",,"[{'id': 30, 'text': 'ו', 'upos': 'CCONJ', 'xpos': 'CCONJ', 'head': 33, 'deprel': 'cc', 'lemma': 'ו'}, {'id': 31, 'text': 'פחות', 'upos': 'ADV', 'xpos': 'ADV', 'head': 32, 'deprel': 'advmod', 'lemma': 'פחות'}]"
"(32, 33)",בקבוצות,,,,,,"(123, 130)",,"[{'id': 32, 'text': 'ב', 'upos': 'ADP', 'xpos': 'ADP', 'head': 33, 'deprel': 'case', 'lemma': 'ב'}, {'id': 33, 'text': 'קבוצות', 'upos': 'NOUN', 'xpos': 'NOUN', 'feats': 'Definite=Cons|Gender=Fem|Number=Plur', 'head': 24, 'deprel': 'conj', 'lemma': 'קבוצה'}]"
"(34, 35)",הנשואים,,,,,,"(131, 138)",,"[{'id': 34, 'text': 'ה', 'upos': 'DET', 'xpos': 'DET', 'feats': 'PronType=Art', 'head': 35, 'deprel': 'det:def', 'lemma': 'ה'}, {'id': 35, 'text': 'נשואים', 'upos': 'NOUN', 'xpos': 'NOUN', 'feats': 'Gender=Masc|Number=Plur', 'head': 33, 'deprel': 'compound:smixut', 'lemma': 'נשוא'}]"
"(36, 38)",והנשואות,,,,,,"(139, 147)",,"[{'id': 36, 'text': 'ו', 'upos': 'CCONJ', 'xpos': 'CCONJ', 'head': 38, 'deprel': 'cc', 'lemma': 'ו'}, {'id': 37, 'text': 'ה', 'upos': 'DET', 'xpos': 'DET', 'feats': 'PronType=Art', 'head': 38, 'deprel': 'det:def', 'lemma': 'ה'}, {'id': 38, 'text': 'נשואות', 'upos': 'NOUN', 'xpos': 'NOUN', 'feats': 'Gender=Fem|Number=Plur', 'head': 35, 'deprel': 'conj', 'lemma': 'נשואה'}]"
1,•,PUNCT,PUNCT,,3.0,punct,"(1, 2)",•,
2,כן,ADV,ADV,,3.0,advmod,"(3, 5)",כן,
3,נמצא,VERB,VERB,Gender=Masc|HebBinyan=NIFAL|Number=Sing|Person=3|Tense=Past|Voice=Mid,0.0,root,"(6, 10)",נמצא,
"(4, 6)",שהעניין,,,,,,"(11, 18)",,"[{'id': 4, 'text': 'ש', 'upos': 'SCONJ', 'xpos': 'SCONJ', 'head': 7, 'deprel': 'mark', 'lemma': 'ש'}, {'id': 5, 'text': 'ה', 'upos': 'DET', 'xpos': 'DET', 'feats': 'PronType=Art', 'head': 6, 'deprel': 'det:def', 'lemma': 'ה'}, {'id': 6, 'text': 'עניין', 'upos': 'NOUN', 'xpos': 'NOUN', 'feats': 'Gender=Masc|Number=Sing', 'head': 7, 'deprel': 'nsubj', 'lemma': 'עניין'}]"
7,קשור,VERB,VERB,"Gender=Masc|HebBinyan=PAAL|Number=Sing|Person=1,2,3|VerbForm=Part|Voice=Act",3.0,advcl,"(19, 23)",קשר,
"(8, 9)",לערכים,,,,,,"(24, 30)",,"[{'id': 8, 'text': 'ל', 'upos': 'ADP', 'xpos': 'ADP', 'head': 9, 'deprel': 'case', 'lemma': 'ל'}, {'id': 9, 'text': 'ערכים', 'upos': 'NOUN', 'xpos': 'NOUN', 'feats': 'Gender=Masc|Number=Plur', 'head': 7, 'deprel': 'obl', 'lemma': 'ערך'}]"
10,חברתיים,ADJ,ADJ,Gender=Masc|Number=Plur,9.0,amod,"(31, 38)",חברתי,
"(11, 12)",שמקנה,,,,,,"(39, 44)",,"[{'id': 11, 'text': 'ש', 'upos': 'SCONJ', 'xpos': 'SCONJ', 'head': 12, 'deprel': 'mark', 'lemma': 'ש'}, {'id': 12, 'text': 'מקנה', 'upos': 'VERB', 'xpos': 'VERB', 'feats': 'Gender=Masc|HebBinyan=HIFIL|Number=Sing|Person=1,2,3|VerbForm=Part|Voice=Act', 'head': 9, 'deprel': 'acl:relcl', 'lemma': 'הקנה'}]"
"(13, 15)",לגבר,,,,,,"(45, 49)",,"[{'id': 13, 'text': 'ל', 'upos': 'ADP', 'xpos': 'ADP', 'head': 15, 'deprel': 'case', 'lemma': 'ל'}, {'id': 14, 'text': 'ה_', 'upos': 'DET', 'xpos': 'DET', 'feats': 'PronType=Art', 'head': 15, 'deprel': 'det:def', 'lemma': 'ה'}, {'id': 15, 'text': 'גבר', 'upos': 'NOUN', 'xpos': 'NOUN', 'feats': 'Gender=Masc|Number=Sing', 'head': 12, 'deprel': 'obl', 'lemma': 'גבר'}]"
16,את,ADP,ADP,Case=Acc,17.0,case:acc,"(50, 52)",את,
17,זכות,NOUN,NOUN,Definite=Cons|Gender=Fem|Number=Sing,12.0,obj,"(53, 57)",זכות,
18,בחירת,NOUN,NOUN,Definite=Cons|Gender=Fem|Number=Sing,17.0,compound:smixut,"(58, 63)",בחירה,
"(19, 20)",המיקום,,,,,,"(64, 70)",,"[{'id': 19, 'text': 'ה', 'upos': 'DET', 'xpos': 'DET', 'feats': 'PronType=Art', 'head': 20, 'deprel': 'det:def', 'lemma': 'ה'}, {'id': 20, 'text': 'מיקום', 'upos': 'NOUN', 'xpos': 'NOUN', 'feats': 'Gender=Masc|Number=Sing', 'head': 18, 'deprel': 'compound:smixut', 'lemma': 'מיקום'}]"
"(21, 22)",ובעיקר,,,,,,"(71, 77)",,"[{'id': 21, 'text': 'ו', 'upos': 'CCONJ', 'xpos': 'CCONJ', 'head': 25, 'deprel': 'cc', 'lemma': 'ו'}, {'id': 22, 'text': 'בעיקר', 'upos': 'ADV', 'xpos': 'ADV', 'head': 25, 'deprel': 'advmod', 'lemma': 'בעיקר'}]"
"(23, 24)",שהוא,,,,,,"(78, 82)",,"[{'id': 23, 'text': 'ש', 'upos': 'SCONJ', 'xpos': 'SCONJ', 'head': 25, 'deprel': 'mark', 'lemma': 'ש'}, {'id': 24, 'text': 'הוא', 'upos': 'PRON', 'xpos': 'PRON', 'feats': 'Gender=Masc|Number=Sing|Person=3|PronType=Prs', 'head': 25, 'deprel': 'nsubj', 'lemma': 'הוא'}]"
25,בונה,VERB,VERB,"Gender=Masc|HebBinyan=PAAL|Number=Sing|Person=1,2,3|VerbForm=Part|Voice=Act",12.0,conj,"(83, 87)",בנה,
1,•,PUNCT,PUNCT,,9.0,punct,"(1, 2)",•,
2,בקרב,ADP,ADP,,3.0,case,"(3, 7)",בקרב,
3,קבוצות,NOUN,NOUN,Definite=Cons|Gender=Fem|Number=Plur,9.0,obl,"(8, 14)",קבוצה,
"(4, 5)",הרווקים,,,,,,"(15, 22)",,"[{'id': 4, 'text': 'ה', 'upos': 'DET', 'xpos': 'DET', 'feats': 'PronType=Art', 'head': 5, 'deprel': 'det:def', 'lemma': 'ה'}, {'id': 5, 'text': 'רווקים', 'upos': 'NOUN', 'xpos': 'NOUN', 'feats': 'Gender=Masc|Number=Plur', 'head': 3, 'deprel': 'compound:smixut', 'lemma': 'רווק'}]"
"(6, 8)",והרווקות,,,,,,"(23, 31)",,"[{'id': 6, 'text': 'ו', 'upos': 'CCONJ', 'xpos': 'CCONJ', 'head': 8, 'deprel': 'cc', 'lemma': 'ו'}, {'id': 7, 'text': 'ה', 'upos': 'DET', 'xpos': 'DET', 'feats': 'PronType=Art', 'head': 8, 'deprel': 'det:def', 'lemma': 'ה'}, {'id': 8, 'text': 'רווקות', 'upos': 'NOUN', 'xpos': 'NOUN', 'feats': 'Gender=Fem|Number=Plur', 'head': 5, 'deprel': 'conj', 'lemma': 'רווקה'}]"
9,עלה,VERB,VERB,Gender=Masc|HebBinyan=PAAL|Number=Sing|Person=3|Tense=Past|Voice=Act,0.0,root,"(32, 35)",עלה,
10,כמעט,ADV,ADV,,11.0,advmod,"(36, 40)",כמעט,
"(11, 13)",בפה,,,,,,"(41, 44)",,"[{'id': 11, 'text': 'ב', 'upos': 'ADP', 'xpos': 'ADP', 'head': 13, 'deprel': 'case', 'lemma': 'ב'}, {'id': 12, 'text': 'ה_', 'upos': 'DET', 'xpos': 'DET', 'feats': 'PronType=Art', 'head': 13, 'deprel': 'det:def', 'lemma': 'ה'}, {'id': 13, 'text': 'פה', 'upos': 'NOUN', 'xpos': 'NOUN', 'feats': 'Gender=Masc|Number=Sing', 'head': 9, 'deprel': 'obl', 'lemma': 'פה'}]"
14,מלא,ADJ,ADJ,Gender=Masc|Number=Sing,13.0,amod,"(45, 48)",מלא,
15,",",PUNCT,PUNCT,,9.0,punct,"(48, 49)",",",
16,כי,SCONJ,SCONJ,,17.0,mark,"(50, 52)",כי,
17,חשוב,AUX,AUX,"Gender=Masc|Number=Sing|Person=1,2,3|VerbType=Mod",9.0,ccomp,"(53, 57)",חשוב,
"(18, 19)",להם,,,,,,"(58, 61)",,"[{'id': 18, 'text': 'ל_', 'upos': 'ADP', 'xpos': 'ADP', 'head': 19, 'deprel': 'case', 'lemma': 'ל'}, {'id': 19, 'text': '_הם', 'upos': 'PRON', 'xpos': 'PRON', 'feats': 'Gender=Masc|Number=Plur|Person=3|PronType=Prs', 'head': 17, 'deprel': 'obl', 'lemma': 'הוא'}]"
20,מאוד,ADV,ADV,,17.0,advmod,"(62, 66)",מאוד,
"(21, 22)",בירכת,,,,,,"(67, 72)",,"[{'id': 21, 'text': 'ב', 'upos': 'ADP', 'xpos': 'ADP', 'head': 22, 'deprel': 'case', 'lemma': 'ב'}, {'id': 22, 'text': 'ירכת', 'upos': 'NOUN', 'xpos': 'NOUN', 'feats': 'Definite=Cons|Gender=Fem|Number=Sing', 'head': 17, 'deprel': 'obl', 'lemma': 'ירכת'}]"
"(23, 24)",ההורים,,,,,,"(73, 79)",,"[{'id': 23, 'text': 'ה', 'upos': 'DET', 'xpos': 'DET', 'feats': 'PronType=Art', 'head': 24, 'deprel': 'det:def', 'lemma': 'ה'}, {'id': 24, 'text': 'הורים', 'upos': 'NOUN', 'xpos': 'NOUN', 'feats': 'Gender=Masc|Number=Plur', 'head': 22, 'deprel': 'compound:smixut', 'lemma': 'הורה'}]"
"(25, 26)",בבחירת,,,,,,"(80, 86)",,"[{'id': 25, 'text': 'ב', 'upos': 'ADP', 'xpos': 'ADP', 'head': 26, 'deprel': 'case', 'lemma': 'ב'}, {'id': 26, 'text': 'בחירת', 'upos': 'NOUN', 'xpos': 'NOUN', 'feats': 'Definite=Cons|Gender=Fem|Number=Sing', 'head': 22, 'deprel': 'nmod', 'lemma': 'בחירה'}]"
27,מקום,NOUN,NOUN,Definite=Cons|Gender=Masc|Number=Sing,26.0,compound:smixut,"(87, 91)",מקום,
"(28, 29)",המגורים,,,,,,"(92, 99)",,"[{'id': 28, 'text': 'ה', 'upos': 'DET', 'xpos': 'DET', 'feats': 'PronType=Art', 'head': 29, 'deprel': 'det:def', 'lemma': 'ה'}, {'id': 29, 'text': 'מגורים', 'upos': 'NOUN', 'xpos': 'NOUN', 'feats': 'Gender=Masc|Number=Plur', 'head': 27, 'deprel': 'compound:smixut', 'lemma': 'מגורים'}]"
"(30, 31)",וכנראה,,,,,,"(100, 106)",,"[{'id': 30, 'text': 'ו', 'upos': 'CCONJ', 'xpos': 'CCONJ', 'head': 35, 'deprel': 'cc', 'lemma': 'ו'}, {'id': 31, 'text': 'כנראה', 'upos': 'ADV', 'xpos': 'ADV', 'head': 35, 'deprel': 'advmod', 'lemma': 'כנראה'}]"
"(32, 33)",שזה,,,,,,"(107, 110)",,"[{'id': 32, 'text': 'ש', 'upos': 'SCONJ', 'xpos': 'SCONJ', 'head': 35, 'deprel': 'mark', 'lemma': 'ש'}, {'id': 33, 'text': 'זה', 'upos': 'PRON', 'xpos': 'PRON', 'feats': 'Gender=Masc|Number=Sing|Person=3', 'head': 35, 'deprel': 'nsubj', 'lemma': 'זה'}]"
34,גם,ADV,ADV,,35.0,advmod,"(111, 113)",גם,
35,קשור,VERB,VERB,"Gender=Masc|HebBinyan=PAAL|Number=Sing|Person=1,2,3|VerbForm=Part|Voice=Act",17.0,conj,"(114, 118)",קשר,
"(36, 38)",לעובדה,,,,,,"(119, 125)",,"[{'id': 36, 'text': 'ל', 'upos': 'ADP', 'xpos': 'ADP', 'head': 38, 'deprel': 'case', 'lemma': 'ל'}, {'id': 37, 'text': 'ה_', 'upos': 'DET', 'xpos': 'DET', 'feats': 'PronType=Art', 'head': 38, 'deprel': 'det:def', 'lemma': 'ה'}, {'id': 38, 'text': 'עובדה', 'upos': 'NOUN', 'xpos': 'NOUN', 'feats': 'Gender=Fem|Number=Sing', 'head': 35, 'deprel': 'obl', 'lemma': 'עובדה'}]"
"(39, 41)",שההורים,,,,,,"(126, 133)",,"[{'id': 39, 'text': 'ש', 'upos': 'SCONJ', 'xpos': 'SCONJ', 'head': 43, 'deprel': 'mark', 'lemma': 'ש'}, {'id': 40, 'text': 'ה', 'upos': 'DET', 'xpos': 'DET', 'feats': 'PronType=Art', 'head': 41, 'deprel': 'det:def', 'lemma': 'ה'}, {'id': 41, 'text': 'הורים', 'upos': 'NOUN', 'xpos': 'NOUN', 'feats': 'Gender=Masc|Number=Plur', 'head': 43, 'deprel': 'nsubj', 'lemma': 'הורה'}]"
42,גם,ADV,ADV,,43.0,advmod,"(134, 136)",גם,
43,מממנים,VERB,VERB,"Gender=Masc|HebBinyan=PIEL|Number=Plur|Person=1,2,3|VerbForm=Part|Voice=Act",38.0,acl:relcl,"(137, 143)",מימן,
44,חלק,NOUN,NOUN,Gender=Masc|Number=Sing,47.0,det,"(144, 147)",חלק,
"(45, 47)",מהזוגות,,,,,,"(148, 155)",,"[{'id': 45, 'text': 'מ', 'upos': 'ADP', 'xpos': 'ADP', 'feats': 'HebSource=ConvUncertainLabel', 'head': 47, 'deprel': 'case', 'lemma': 'מ'}, {'id': 46, 'text': 'ה', 'upos': 'DET', 'xpos': 'DET', 'feats': 'PronType=Art', 'head': 47, 'deprel': 'det:def', 'lemma': 'ה'}, {'id': 47, 'text': 'זוגות', 'upos': 'NOUN', 'xpos': 'NOUN', 'feats': 'Gender=Masc|Number=Plur', 'head': 43, 'deprel': 'obj', 'lemma': 'זוג'}]"
"(48, 49)",הצעירים,,,,,,"(156, 163)",,"[{'id': 48, 'text': 'ה', 'upos': 'DET', 'xpos': 'DET', 'feats': 'PronType=Art', 'head': 49, 'deprel': 'det:def', 'lemma': 'ה'}, {'id': 49, 'text': 'צעירים', 'upos': 'ADJ', 'xpos': 'ADJ', 'feats': 'Gender=Masc|Number=Plur', 'head': 47, 'deprel': 'amod', 'lemma': 'צעיר'}]"
"(1, 2)",בקרבת,,,,,,"(1, 6)",,"[{'id': 1, 'text': 'ב', 'upos': 'ADP', 'xpos': 'ADP', 'head': 2, 'deprel': 'case', 'lemma': 'ב'}, {'id': 2, 'text': 'קרבת', 'upos': 'NOUN', 'xpos': 'NOUN', 'feats': 'Definite=Cons|Gender=Fem|Number=Sing', 'head': 7, 'deprel': 'obl', 'lemma': 'קרבה'}]"
"(3, 4)",הרווקים,,,,,,"(7, 14)",,"[{'id': 3, 'text': 'ה', 'upos': 'DET', 'xpos': 'DET', 'feats': 'PronType=Art', 'head': 4, 'deprel': 'det:def', 'lemma': 'ה'}, {'id': 4, 'text': 'רווקים', 'upos': 'NOUN', 'xpos': 'NOUN', 'feats': 'Gender=Masc|Number=Plur', 'head': 2, 'deprel': 'compound:smixut', 'lemma': 'רווק'}]"
"(5, 6)",הצעירים,,,,,,"(15, 22)",,"[{'id': 5, 'text': 'ה', 'upos': 'DET', 'xpos': 'DET', 'feats': 'PronType=Art', 'head': 6, 'deprel': 'det:def', 'lemma': 'ה'}, {'id': 6, 'text': 'צעירים', 'upos': 'ADJ', 'xpos': 'ADJ', 'feats': 'Gender=Masc|Number=Plur', 'head': 4, 'deprel': 'amod', 'lemma': 'צעיר'}]"
7,ציינו,VERB,VERB,"Gender=Fem,Masc|HebBinyan=PIEL|Number=Plur|Person=3|Tense=Past|Voice=Act",0.0,root,"(23, 28)",ציין,
8,אף,ADV,ADV,,7.0,advmod,"(29, 31)",אף,
9,כי,SCONJ,SCONJ,,12.0,mark,"(32, 34)",כי,
"(10, 11)",להורים,,,,,,"(35, 41)",,"[{'id': 10, 'text': 'ל', 'upos': 'ADP', 'xpos': 'ADP', 'head': 11, 'deprel': 'case', 'lemma': 'ל'}, {'id': 11, 'text': 'הורים', 'upos': 'NOUN', 'xpos': 'NOUN', 'feats': 'Gender=Masc|Number=Plur', 'head': 12, 'deprel': 'obl', 'lemma': 'הורה'}]"
12,יש,VERB,VERB,HebExistential=True,7.0,ccomp,"(42, 44)",יש,
13,אפילו,CCONJ,CCONJ,,14.0,det,"(45, 50)",אפילו,
14,זכות,NOUN,NOUN,Definite=Cons|Gender=Fem|Number=Sing,12.0,nsubj,"(51, 55)",זכות,
15,וטו,NOUN,NOUN,Gender=Masc|Number=Sing,14.0,compound:smixut,"(56, 59)",וטו,
"(16, 17)",בבחירת,,,,,,"(60, 66)",,"[{'id': 16, 'text': 'ב', 'upos': 'ADP', 'xpos': 'ADP', 'head': 17, 'deprel': 'case', 'lemma': 'ב'}, {'id': 17, 'text': 'בחירת', 'upos': 'NOUN', 'xpos': 'NOUN', 'feats': 'Definite=Cons|Gender=Fem|Number=Sing', 'head': 14, 'deprel': 'nmod', 'lemma': 'בחירה'}]"
"(18, 19)",המקום,,,,,,"(67, 72)",,"[{'id': 18, 'text': 'ה', 'upos': 'DET', 'xpos': 'DET', 'feats': 'PronType=Art', 'head': 19, 'deprel': 'det:def', 'lemma': 'ה'}, {'id': 19, 'text': 'מקום', 'upos': 'NOUN', 'xpos': 'NOUN', 'feats': 'Gender=Masc|Number=Sing', 'head': 17, 'deprel': 'compound:smixut', 'lemma': 'מקום'}]"
"(20, 23)",ובמקרה,,,,,,"(73, 79)",,"[{'id': 20, 'text': 'ו', 'upos': 'CCONJ', 'xpos': 'CCONJ', 'head': 25, 'deprel': 'cc', 'lemma': 'ו'}, {'id': 21, 'text': 'ב', 'upos': 'ADP', 'xpos': 'ADP', 'head': 23, 'deprel': 'case', 'lemma': 'ב'}, {'id': 22, 'text': 'ה_', 'upos': 'DET', 'xpos': 'DET', 'feats': 'PronType=Art', 'head': 23, 'deprel': 'det:def', 'lemma': 'ה'}, {'id': 23, 'text': 'מקרה', 'upos': 'NOUN', 'xpos': 'NOUN', 'feats': 'Gender=Masc|Number=Sing', 'head': 25, 'deprel': 'obl', 'lemma': 'מקרה'}]"
"(24, 25)",ויש,,,,,,"(80, 83)",,"[{'id': 24, 'text': 'ו', 'upos': 'CCONJ', 'xpos': 'CCONJ', 'head': 25, 'deprel': 'cc', 'lemma': 'ו'}, {'id': 25, 'text': 'יש', 'upos': 'VERB', 'xpos': 'VERB', 'feats': 'HebExistential=True', 'head': 12, 'deprel': 'conj', 'lemma': 'יש'}]"
26,חילוקי,NOUN,NOUN,Definite=Cons|Gender=Masc|Number=Plur,25.0,nsubj,"(84, 90)",חילוק,
27,דעות,NOUN,NOUN,Gender=Fem|Number=Plur,26.0,compound:smixut,"(91, 95)",דעה,
28,בין,ADP,ADP,,30.0,case,"(96, 99)",בין,
"(29, 30)",הילדים,,,,,,"(100, 106)",,"[{'id': 29, 'text': 'ה', 'upos': 'DET', 'xpos': 'DET', 'feats': 'PronType=Art', 'head': 30, 'deprel': 'det:def', 'lemma': 'ה'}, {'id': 30, 'text': 'ילדים', 'upos': 'NOUN', 'xpos': 'NOUN', 'feats': 'Gender=Masc|Number=Plur', 'head': 26, 'deprel': 'nmod', 'lemma': 'ילד'}]"
"(31, 32)",להורים,,,,,,"(107, 113)",,"[{'id': 31, 'text': 'ל', 'upos': 'ADP', 'xpos': 'ADP', 'head': 32, 'deprel': 'case', 'lemma': 'ל'}, {'id': 32, 'text': 'הורים', 'upos': 'NOUN', 'xpos': 'NOUN', 'feats': 'Gender=Masc|Number=Plur', 'head': 30, 'deprel': 'conj', 'lemma': 'הורה'}]"
33,הם,PRON,PRON,Gender=Masc|Number=Plur|Person=3|PronType=Prs,34.0,nsubj,"(114, 116)",הוא,
34,יקבלו,VERB,VERB,"Gender=Fem,Masc|Number=Plur|Person=3|Tense=Fut",7.0,ccomp,"(117, 122)",קיבל,
35,את,ADP,ADP,Case=Acc,36.0,case:acc,"(123, 125)",את,
"(36, 38)",עמדותיהם,,,,,,"(126, 134)",,"[{'id': 36, 'text': 'עמדה_', 'upos': 'NOUN', 'xpos': 'NOUN', 'feats': 'Definite=Def|Gender=Fem|Number=Sing', 'head': 34, 'deprel': 'obj', 'lemma': 'עמדה'}, {'id': 37, 'text': '_של_', 'upos': 'ADP', 'xpos': 'ADP', 'head': 38, 'deprel': 'case:gen', 'lemma': 'של'}, {'id': 38, 'text': '_הם', 'upos': 'PRON', 'xpos': 'PRON', 'feats': 'Case=Gen|Gender=Masc|Number=Plur|Person=3|PronType=Prs', 'head': 36, 'deprel': 'nmod:poss', 'lemma': 'הוא'}]"
39,של,ADP,ADP,Case=Gen,41.0,case:gen,"(135, 137)",של,
"(40, 41)",ההורים,,,,,,"(138, 144)",,"[{'id': 40, 'text': 'ה', 'upos': 'DET', 'xpos': 'DET', 'feats': 'PronType=Art', 'head': 41, 'deprel': 'det:def', 'lemma': 'ה'}, {'id': 41, 'text': 'הורים', 'upos': 'NOUN', 'xpos': 'NOUN', 'feats': 'Gender=Masc|Number=Plur', 'head': 36, 'deprel': 'nmod:poss', 'lemma': 'הורה'}]"
"(42, 43)",ולא,,,,,,"(145, 148)",,"[{'id': 42, 'text': 'ו', 'upos': 'CCONJ', 'xpos': 'CCONJ', 'head': 44, 'deprel': 'cc', 'lemma': 'ו'}, {'id': 43, 'text': 'לא', 'upos': 'ADV', 'xpos': 'ADV', 'feats': 'Polarity=Neg', 'head': 44, 'deprel': 'advmod', 'lemma': 'לא'}]"
44,יצאו,VERB,VERB,"Gender=Fem,Masc|Number=Plur|Person=3|Tense=Past",34.0,conj,"(149, 153)",יצא,
"(45, 46)",נגדם,,,,,,"(154, 158)",,"[{'id': 45, 'text': 'נגד_', 'upos': 'ADP', 'xpos': 'ADP', 'head': 46, 'deprel': 'case', 'lemma': 'נגד'}, {'id': 46, 'text': '_הם', 'upos': 'PRON', 'xpos': 'PRON', 'feats': 'Gender=Masc|Number=Plur|Person=3|PronType=Prs', 'head': 44, 'deprel': 'obl', 'lemma': 'הוא'}]"
1,•,PUNCT,PUNCT,,7.0,punct,"(1, 2)",•,
"(2, 3)",בקרבת,,,,,,"(3, 8)",,"[{'id': 2, 'text': 'ב', 'upos': 'ADP', 'xpos': 'ADP', 'head': 3, 'deprel': 'case', 'lemma': 'ב'}, {'id': 3, 'text': 'קרבת', 'upos': 'NOUN', 'xpos': 'NOUN', 'feats': 'Definite=Cons|Gender=Fem|Number=Sing', 'head': 7, 'deprel': 'obl', 'lemma': 'קרבה'}]"
"(4, 5)",הרווקות,,,,,,"(9, 16)",,"[{'id': 4, 'text': 'ה', 'upos': 'DET', 'xpos': 'DET', 'feats': 'PronType=Art', 'head': 5, 'deprel': 'det:def', 'lemma': 'ה'}, {'id': 5, 'text': 'רווקות', 'upos': 'NOUN', 'xpos': 'NOUN', 'feats': 'Gender=Fem|Number=Plur', 'head': 3, 'deprel': 'compound:smixut', 'lemma': 'רווקה'}]"
6,גם,ADV,ADV,,7.0,advmod,"(17, 19)",גם,
7,ראינו,VERB,VERB,"Gender=Fem,Masc|HebBinyan=PAAL|Number=Plur|Person=1|Tense=Past|Voice=Act",0.0,root,"(20, 25)",ראה,
"(8, 10)",מקודם,,,,,,"(26, 31)",,"[{'id': 8, 'text': 'מקוד_', 'upos': 'NOUN', 'xpos': 'NOUN', 'feats': 'Definite=Def|Gender=Masc|Number=Sing', 'head': 7, 'deprel': 'obj', 'lemma': 'מקוד'}, {'id': 9, 'text': '_של_', 'upos': 'ADP', 'xpos': 'ADP', 'head': 10, 'deprel': 'case:gen', 'lemma': 'של'}, {'id': 10, 'text': '_הם', 'upos': 'PRON', 'xpos': 'PRON', 'feats': 'Case=Gen|Gender=Masc|Number=Plur|Person=3|PronType=Prs', 'head': 8, 'deprel': 'nmod:poss', 'lemma': 'הוא'}]"
"(11, 12)",שזה,,,,,,"(32, 35)",,"[{'id': 11, 'text': 'ש', 'upos': 'SCONJ', 'xpos': 'SCONJ', 'head': 13, 'deprel': 'mark', 'lemma': 'ש'}, {'id': 12, 'text': 'זה', 'upos': 'PRON', 'xpos': 'PRON', 'feats': 'Gender=Masc|Number=Sing|Person=3', 'head': 13, 'deprel': 'nsubj', 'lemma': 'זה'}]"
13,עלה,VERB,VERB,Gender=Masc|HebBinyan=PAAL|Number=Sing|Person=3|Tense=Past|Voice=Act,7.0,ccomp,"(36, 39)",עלה,
"(14, 15)",וגרסו,,,,,,"(40, 45)",,"[{'id': 14, 'text': 'ו', 'upos': 'CCONJ', 'xpos': 'CCONJ', 'head': 15, 'deprel': 'cc', 'lemma': 'ו'}, {'id': 15, 'text': 'גרסו', 'upos': 'VERB', 'xpos': 'VERB', 'feats': 'Gender=Fem,Masc|HebBinyan=PAAL|Number=Plur|Person=3|Tense=Past|Voice=Act', 'head': 7, 'deprel': 'conj', 'lemma': 'גרס'}]"
"(16, 17)",בהסכמה,,,,,,"(46, 52)",,"[{'id': 16, 'text': 'ב', 'upos': 'ADP', 'xpos': 'ADP', 'head': 17, 'deprel': 'case', 'lemma': 'ב'}, {'id': 17, 'text': 'הסכמה', 'upos': 'NOUN', 'xpos': 'NOUN', 'feats': 'Gender=Fem|Number=Sing', 'head': 15, 'deprel': 'obl', 'lemma': 'הסכמה'}]"
18,מלאה,ADJ,ADJ,Gender=Fem|Number=Sing,17.0,amod,"(53, 57)",מלא,
"(19, 20)",שיש,,,,,,"(58, 61)",,"[{'id': 19, 'text': 'ש', 'upos': 'SCONJ', 'xpos': 'SCONJ', 'head': 20, 'deprel': 'mark', 'lemma': 'ש'}, {'id': 20, 'text': 'יש', 'upos': 'VERB', 'xpos': 'VERB', 'feats': 'HebExistential=True', 'head': 15, 'deprel': 'ccomp', 'lemma': 'יש'}]"
21,השפעה,NOUN,NOUN,Gender=Fem|Number=Sing,20.0,nsubj,"(62, 67)",השפעה,
22,מאוד,ADV,ADV,,23.0,advmod,"(68, 72)",מאוד,
23,רבה,ADJ,ADJ,Gender=Fem|Number=Sing,21.0,amod,"(73, 76)",רב,
"(24, 25)",להורים,,,,,,"(77, 83)",,"[{'id': 24, 'text': 'ל', 'upos': 'ADP', 'xpos': 'ADP', 'head': 25, 'deprel': 'case', 'lemma': 'ל'}, {'id': 25, 'text': 'הורים', 'upos': 'NOUN', 'xpos': 'NOUN', 'feats': 'Gender=Masc|Number=Plur', 'head': 21, 'deprel': 'nmod', 'lemma': 'הורה'}]"
26,להשפיע,VERB,VERB,HebBinyan=HIFIL|VerbForm=Inf|Voice=Act,21.0,acl,"(84, 90)",השפיע,
27,על,ADP,ADP,,28.0,case,"(91, 93)",על,
28,מקום,NOUN,NOUN,Definite=Cons|Gender=Masc|Number=Sing,26.0,obl,"(94, 98)",מקום,
"(29, 30)",המגורים,,,,,,"(99, 106)",,"[{'id': 29, 'text': 'ה', 'upos': 'DET', 'xpos': 'DET', 'feats': 'PronType=Art', 'head': 30, 'deprel': 'det:def', 'lemma': 'ה'}, {'id': 30, 'text': 'מגורים', 'upos': 'NOUN', 'xpos': 'NOUN', 'feats': 'Gender=Masc|Number=Plur', 'head': 28, 'deprel': 'compound:smixut', 'lemma': 'מגורים'}]"
31,בעיקר,ADV,ADV,,32.0,advmod,"(107, 112)",בעיקר,
"(32, 33)",להורים,,,,,,"(113, 119)",,"[{'id': 32, 'text': 'ל', 'upos': 'ADP', 'xpos': 'ADP', 'head': 33, 'deprel': 'case', 'lemma': 'ל'}, {'id': 33, 'text': 'הורים', 'upos': 'NOUN', 'xpos': 'NOUN', 'feats': 'Gender=Masc|Number=Plur', 'head': 26, 'deprel': 'obl', 'lemma': 'הורה'}]"
34,של,ADP,ADP,Case=Gen,36.0,case:gen,"(120, 122)",של,
"(35, 36)",הגבר,,,,,,"(123, 127)",,"[{'id': 35, 'text': 'ה', 'upos': 'DET', 'xpos': 'DET', 'feats': 'PronType=Art', 'head': 36, 'deprel': 'det:def', 'lemma': 'ה'}, {'id': 36, 'text': 'גבר', 'upos': 'NOUN', 'xpos': 'NOUN', 'feats': 'Gender=Masc|Number=Sing', 'head': 33, 'deprel': 'nmod:poss', 'lemma': 'גבר'}]"
"(37, 38)",ופחות,,,,,,"(128, 133)",,"[{'id': 37, 'text': 'ו', 'upos': 'CCONJ', 'xpos': 'CCONJ', 'head': 41, 'deprel': 'cc', 'lemma': 'ו'}, {'id': 38, 'text': 'פחות', 'upos': 'ADV', 'xpos': 'ADV', 'head': 32, 'deprel': 'advmod', 'lemma': 'פחות'}]"
39,של,ADP,ADP,Case=Gen,41.0,case:gen,"(134, 136)",של,
"(40, 41)",האישה,,,,,,"(137, 142)",,"[{'id': 40, 'text': 'ה', 'upos': 'DET', 'xpos': 'DET', 'feats': 'PronType=Art', 'head': 41, 'deprel': 'det:def', 'lemma': 'ה'}, {'id': 41, 'text': 'אישה', 'upos': 'NOUN', 'xpos': 'NOUN', 'feats': 'Gender=Fem|Number=Sing', 'head': 36, 'deprel': 'conj', 'lemma': 'איש'}]"
1,למעט,CCONJ,CCONJ,,7.0,case,"(1, 5)",למעט,
2,אם,SCONJ,SCONJ,,7.0,mark,"(6, 8)",אם,
3,שני,NUM,NUM,Definite=Cons|Gender=Masc|Number=Plur,4.0,nummod,"(9, 12)",שני,
4,בני,NOUN,NOUN,Definite=Cons|Gender=Masc|Number=Plur,7.0,nsubj,"(13, 16)",בן,
"(5, 6)",הזוג,,,,,,"(17, 21)",,"[{'id': 5, 'text': 'ה', 'upos': 'DET', 'xpos': 'DET', 'feats': 'PronType=Art', 'head': 6, 'deprel': 'det:def', 'lemma': 'ה'}, {'id': 6, 'text': 'זוג', 'upos': 'NOUN', 'xpos': 'NOUN', 'feats': 'Gender=Masc|Number=Sing', 'head': 4, 'deprel': 'compound:smixut', 'lemma': 'זוג'}]"
7,מחליטים,VERB,VERB,"Gender=Masc|HebBinyan=HIFIL|Number=Plur|Person=1,2,3|VerbForm=Part|Voice=Act",13.0,advcl,"(22, 29)",החליט,
"(8, 9)",ביחד,,,,,,"(30, 34)",,"[{'id': 8, 'text': 'ב', 'upos': 'ADP', 'xpos': 'ADP', 'head': 9, 'deprel': 'case', 'lemma': 'ב'}, {'id': 9, 'text': 'יחד', 'upos': 'ADV', 'xpos': 'ADV', 'head': 7, 'deprel': 'obl', 'lemma': 'יחד'}]"
10,לקנות,VERB,VERB,HebBinyan=PAAL|VerbForm=Inf|Voice=Act,7.0,xcomp,"(35, 40)",קנה,
11,בית,NOUN,NOUN,Gender=Masc|Number=Sing,10.0,obj,"(41, 44)",בית,
12,אז,ADV,ADV,,13.0,advmod,"(45, 47)",אז,
13,יש,VERB,VERB,HebExistential=True,0.0,root,"(48, 50)",יש,
14,פחות,ADV,ADV,,15.0,advmod,"(51, 55)",פחות,
15,השפעה,NOUN,NOUN,Gender=Fem|Number=Sing,13.0,nsubj,"(56, 61)",השפעה,
"(16, 17)",להורים,,,,,,"(62, 68)",,"[{'id': 16, 'text': 'ל', 'upos': 'ADP', 'xpos': 'ADP', 'head': 17, 'deprel': 'case', 'lemma': 'ל'}, {'id': 17, 'text': 'הורים', 'upos': 'NOUN', 'xpos': 'NOUN', 'feats': 'Gender=Masc|Number=Plur', 'head': 13, 'deprel': 'obl', 'lemma': 'הורה'}]"
1,•,PUNCT,PUNCT,,3.0,punct,"(1, 2)",•,
2,זהו,PRON,PRON,Gender=Masc|Number=Sing|Person=3|PronType=Dem,3.0,nsubj,"(3, 6)",זהו,
3,ממצא,NOUN,NOUN,Gender=Masc|Number=Sing,0.0,root,"(7, 11)",ממצא,
4,חשוב,ADJ,ADJ,Gender=Masc|Number=Sing,3.0,amod,"(12, 16)",חשוב,
5,מאוד,ADV,ADV,,4.0,advmod,"(17, 21)",מאוד,
6,",",PUNCT,PUNCT,,3.0,punct,"(21, 22)",",",
7,בעיקר,ADV,ADV,,9.0,advmod,"(23, 28)",בעיקר,
8,זה,PRON,PRON,Gender=Masc|Number=Sing|Person=3,9.0,nsubj,"(29, 31)",זה,
9,עוזר,VERB,VERB,"Gender=Masc|HebBinyan=PAAL|Number=Sing|Person=1,2,3|VerbForm=Part|Voice=Act",3.0,parataxis,"(32, 36)",עזר,
"(10, 11)",בזיהוי,,,,,,"(37, 43)",,"[{'id': 10, 'text': 'ב', 'upos': 'ADP', 'xpos': 'ADP', 'head': 11, 'deprel': 'case', 'lemma': 'ב'}, {'id': 11, 'text': 'זיהוי', 'upos': 'NOUN', 'xpos': 'NOUN', 'feats': 'Definite=Cons|Gender=Fem|Number=Sing', 'head': 9, 'deprel': 'obl', 'lemma': 'זיהוי'}]"
12,קהלי,NOUN,NOUN,Definite=Cons|Gender=Masc|Number=Plur,11.0,compound:smixut,"(44, 48)",קהל,
"(13, 14)",היעד,,,,,,"(49, 53)",,"[{'id': 13, 'text': 'ה', 'upos': 'DET', 'xpos': 'DET', 'feats': 'PronType=Art', 'head': 14, 'deprel': 'det:def', 'lemma': 'ה'}, {'id': 14, 'text': 'יעד', 'upos': 'NOUN', 'xpos': 'NOUN', 'feats': 'Gender=Masc|Number=Sing', 'head': 12, 'deprel': 'compound:smixut', 'lemma': 'יעד'}]"
15,–,PUNCT,PUNCT,,17.0,punct,"(54, 55)",–,
"(16, 17)",הרווקים,,,,,,"(56, 63)",,"[{'id': 16, 'text': 'ה', 'upos': 'DET', 'xpos': 'DET', 'feats': 'PronType=Art', 'head': 17, 'deprel': 'det:def', 'lemma': 'ה'}, {'id': 17, 'text': 'רווקים', 'upos': 'ADJ', 'xpos': 'ADJ', 'feats': 'Gender=Masc|Number=Plur', 'head': 12, 'deprel': 'nmod', 'lemma': 'רווק'}]"
"(18, 19)",כקהלי,,,,,,"(64, 69)",,"[{'id': 18, 'text': 'כ', 'upos': 'ADP', 'xpos': 'ADP', 'head': 19, 'deprel': 'case', 'lemma': 'כ'}, {'id': 19, 'text': 'קהלי', 'upos': 'NOUN', 'xpos': 'NOUN', 'feats': 'Definite=Cons|Gender=Masc|Number=Plur', 'head': 12, 'deprel': 'nmod', 'lemma': 'קהל'}]"
20,יעד,NOUN,NOUN,Gender=Masc|Number=Sing,19.0,compound:smixut,"(70, 73)",יעד,
21,עיקריים,ADJ,ADJ,Gender=Masc|Number=Plur,19.0,amod,"(74, 81)",עיקרי,
22,-,PUNCT,PUNCT,,19.0,punct,"(82, 83)",-,
"(23, 24)",ההורים,,,,,,"(84, 90)",,"[{'id': 23, 'text': 'ה', 'upos': 'DET', 'xpos': 'DET', 'feats': 'PronType=Art', 'head': 24, 'deprel': 'det:def', 'lemma': 'ה'}, {'id': 24, 'text': 'הורים', 'upos': 'NOUN', 'xpos': 'NOUN', 'feats': 'Gender=Masc|HebSource=ConvUncertainHead|Number=Plur', 'head': 19, 'deprel': 'nmod', 'lemma': 'הורה'}]"
"(25, 26)",כקהלי,,,,,,"(91, 96)",,"[{'id': 25, 'text': 'כ', 'upos': 'ADP', 'xpos': 'ADP', 'head': 26, 'deprel': 'case', 'lemma': 'כ'}, {'id': 26, 'text': 'קהלי', 'upos': 'NOUN', 'xpos': 'NOUN', 'feats': 'Definite=Cons|Gender=Masc|Number=Plur', 'head': 11, 'deprel': 'nmod', 'lemma': 'קהל'}]"
27,יעד,NOUN,NOUN,Gender=Masc|Number=Sing,26.0,compound:smixut,"(97, 100)",יעד,
"(28, 29)",משניים,,,,,,"(101, 107)",,"[{'id': 28, 'text': 'מ', 'upos': 'ADP', 'xpos': 'ADP', 'head': 29, 'deprel': 'case', 'lemma': 'מ'}, {'id': 29, 'text': 'שניים', 'upos': 'NUM', 'xpos': 'NUM', 'feats': 'Gender=Masc|Number=Plur', 'head': 26, 'deprel': 'nmod', 'lemma': 'שניים'}]"
"(1, 2)",ובעלי,,,,,,"(0, 5)",,"[{'id': 1, 'text': 'ו', 'upos': 'CCONJ', 'xpos': 'CCONJ', 'head': 2, 'deprel': 'cc', 'lemma': 'ו'}, {'id': 2, 'text': 'בעלי', 'upos': 'NOUN', 'xpos': 'NOUN', 'feats': 'Definite=Cons|Gender=Masc|Number=Plur', 'head': 0, 'deprel': 'root', 'lemma': 'בעל'}]"
3,השפעה,NOUN,NOUN,Gender=Fem|Number=Sing,2.0,compound:smixut,"(6, 11)",השפעה,
4,מכרעת,ADJ,ADJ,Gender=Fem|Number=Sing,3.0,amod,"(12, 17)",מכריע,
"(5, 6)",בעניין,,,,,,"(18, 24)",,"[{'id': 5, 'text': 'ב', 'upos': 'ADP', 'xpos': 'ADP', 'head': 6, 'deprel': 'case', 'lemma': 'ב'}, {'id': 6, 'text': 'עניין', 'upos': 'NOUN', 'xpos': 'NOUN', 'feats': 'Definite=Cons|Gender=Masc|Number=Sing', 'head': 3, 'deprel': 'nmod', 'lemma': 'עניין'}]"
7,עמדות,NOUN,NOUN,Gender=Fem|Number=Plur,6.0,compound:smixut,"(25, 30)",עמדה,
8,כלפי,ADP,ADP,,9.0,case,"(31, 35)",כלפי,
9,צורת,NOUN,NOUN,Definite=Cons|Gender=Fem|Number=Sing,6.0,nmod,"(36, 40)",צורה,
"(10, 11)",המגורים,,,,,,"(41, 48)",,"[{'id': 10, 'text': 'ה', 'upos': 'DET', 'xpos': 'DET', 'feats': 'PronType=Art', 'head': 11, 'deprel': 'det:def', 'lemma': 'ה'}, {'id': 11, 'text': 'מגורים', 'upos': 'NOUN', 'xpos': 'NOUN', 'feats': 'Gender=Masc|Number=Plur', 'head': 9, 'deprel': 'compound:smixut', 'lemma': 'מגורים'}]"
12,של,ADP,ADP,Case=Gen,13.0,case:gen,"(49, 51)",של,
13,בניין,NOUN,NOUN,Gender=Masc|Number=Sing,9.0,nmod:poss,"(52, 57)",בניין,
14,משותף,ADJ,ADJ,Gender=Masc|Number=Sing,13.0,amod,"(58, 63)",משותף,
15,רב,ADJ,ADJ,Definite=Cons|Gender=Masc|Number=Sing,13.0,amod,"(64, 66)",רב,
16,קומות,NOUN,NOUN,Gender=Fem|Number=Plur,15.0,compound:smixut,"(67, 72)",קומה,
17,עם,ADP,ADP,,21.0,case,"(73, 75)",עם,
18,8,NUM,NUM,,21.0,nummod,"(76, 77)",8,
19,-,PUNCT,PUNCT,,21.0,punct,"(77, 78)",-,
20,10,NUM,NUM,,21.0,nummod,"(78, 80)",10,
21,דירות,NOUN,NOUN,Gender=Fem|Number=Plur,13.0,nmod,"(81, 86)",דירה,
"(22, 23)",לבניין,,,,,,"(87, 93)",,"[{'id': 22, 'text': 'ל', 'upos': 'ADP', 'xpos': 'ADP', 'head': 23, 'deprel': 'case', 'lemma': 'ל'}, {'id': 23, 'text': 'בניין', 'upos': 'NOUN', 'xpos': 'NOUN', 'feats': 'Gender=Masc|Number=Sing', 'head': 21, 'deprel': 'nmod', 'lemma': 'בניין'}]"
1,•,PUNCT,PUNCT,,9.0,punct,"(1, 2)",•,
2,בקרב,ADP,ADP,,5.0,case,"(3, 7)",בקרב,
3,רוב,DET,DET,Definite=Cons,5.0,det,"(8, 11)",רוב,
"(4, 5)",משתתפי,,,,,,"(12, 18)",,"[{'id': 4, 'text': 'מ', 'upos': 'ADP', 'xpos': 'ADP', 'feats': 'HebSource=ConvUncertainLabel', 'head': 5, 'deprel': 'case', 'lemma': 'מ'}, {'id': 5, 'text': 'שתתפי', 'upos': 'NOUN', 'xpos': 'NOUN', 'feats': 'Definite=Cons|Gender=Masc|Number=Plur', 'head': 9, 'deprel': 'obl', 'lemma': 'שתתף'}]"
"(6, 7)",המחקר,,,,,,"(19, 24)",,"[{'id': 6, 'text': 'ה', 'upos': 'DET', 'xpos': 'DET', 'feats': 'PronType=Art', 'head': 7, 'deprel': 'det:def', 'lemma': 'ה'}, {'id': 7, 'text': 'מחקר', 'upos': 'NOUN', 'xpos': 'NOUN', 'feats': 'Gender=Masc|Number=Sing', 'head': 5, 'deprel': 'compound:smixut', 'lemma': 'מחקר'}]"
8,",",PUNCT,PUNCT,,9.0,punct,"(25, 26)",",",
9,קיימת,ADJ,ADJ,Gender=Fem|Number=Sing,0.0,root,"(27, 32)",קיים,
10,התנגדות,NOUN,NOUN,Gender=Fem|Number=Sing,9.0,nsubj,"(33, 40)",התנגדות,
11,עקרונית,ADJ,ADJ,Gender=Fem|Number=Sing,10.0,amod,"(41, 48)",עקרוני,
"(12, 13)",לצורת,,,,,,"(49, 54)",,"[{'id': 12, 'text': 'ל', 'upos': 'ADP', 'xpos': 'ADP', 'head': 13, 'deprel': 'case', 'lemma': 'ל'}, {'id': 13, 'text': 'צורת', 'upos': 'NOUN', 'xpos': 'NOUN', 'feats': 'Definite=Cons|Gender=Fem|Number=Sing', 'head': 10, 'deprel': 'nmod', 'lemma': 'צורה'}]"
14,מגורים,NOUN,NOUN,Gender=Masc|Number=Plur,13.0,compound:smixut,"(55, 61)",מגורים,
15,זו,PRON,PRON,Gender=Fem|Number=Sing|Person=3|PronType=Dem,13.0,det,"(62, 64)",זו,
1,•,PUNCT,PUNCT,,2.0,punct,"(1, 2)",•,
2,נשמעו,VERB,VERB,"Gender=Fem,Masc|HebBinyan=NIFAL|Number=Plur|Person=3|Tense=Past|Voice=Mid",0.0,root,"(3, 8)",נשמע,
3,גם,ADV,ADV,,4.0,det,"(9, 11)",גם,
4,קולות,NOUN,NOUN,Gender=Masc|Number=Plur,2.0,nsubj,"(12, 17)",קול,
5,יוצאים,VERB,VERB,"Gender=Masc|HebBinyan=PAAL|Number=Plur|Person=1,2,3|VerbForm=Part|Voice=Act",4.0,acl,"(18, 24)",יצא,
6,מן,ADP,ADP,,8.0,case,"(25, 27)",מן,
"(7, 8)",הכלל,,,,,,"(28, 32)",,"[{'id': 7, 'text': 'ה', 'upos': 'DET', 'xpos': 'DET', 'feats': 'PronType=Art', 'head': 8, 'deprel': 'det:def', 'lemma': 'ה'}, {'id': 8, 'text': 'כלל', 'upos': 'NOUN', 'xpos': 'NOUN', 'feats': 'Gender=Masc|Number=Sing', 'head': 5, 'deprel': 'compound:smixut', 'lemma': 'כלל'}]"
"(9, 10)",ובעיקר,,,,,,"(33, 39)",,"[{'id': 9, 'text': 'ו', 'upos': 'CCONJ', 'xpos': 'CCONJ', 'feats': 'HebSource=ConvUncertainHead', 'head': 12, 'deprel': 'cc', 'lemma': 'ו'}, {'id': 10, 'text': 'בעיקר', 'upos': 'ADV', 'xpos': 'ADV', 'head': 11, 'deprel': 'advmod', 'lemma': 'בעיקר'}]"
"(11, 12)",במקרים,,,,,,"(40, 46)",,"[{'id': 11, 'text': 'ב', 'upos': 'ADP', 'xpos': 'ADP', 'head': 12, 'deprel': 'case', 'lemma': 'ב'}, {'id': 12, 'text': 'מקרים', 'upos': 'NOUN', 'xpos': 'NOUN', 'feats': 'Gender=Masc|HebSource=ConvUncertainHead|Number=Plur', 'head': 2, 'deprel': 'obl', 'lemma': 'מקרה'}]"
"(13, 14)",שזה,,,,,,"(47, 50)",,"[{'id': 13, 'text': 'ש', 'upos': 'SCONJ', 'xpos': 'SCONJ', 'head': 15, 'deprel': 'mark', 'lemma': 'ש'}, {'id': 14, 'text': 'זה', 'upos': 'PRON', 'xpos': 'PRON', 'feats': 'Gender=Masc|Number=Sing|Person=3', 'head': 15, 'deprel': 'nsubj', 'lemma': 'זה'}]"
15,כורח,NOUN,NOUN,Definite=Cons|Gender=Masc|Number=Sing,12.0,acl:relcl,"(51, 55)",כורח,
"(16, 17)",המציאות,,,,,,"(56, 63)",,"[{'id': 16, 'text': 'ה', 'upos': 'DET', 'xpos': 'DET', 'feats': 'PronType=Art', 'head': 17, 'deprel': 'det:def', 'lemma': 'ה'}, {'id': 17, 'text': 'מציאות', 'upos': 'NOUN', 'xpos': 'NOUN', 'feats': 'Gender=Fem|Number=Sing', 'head': 15, 'deprel': 'compound:smixut', 'lemma': 'מציאות'}]"
"(18, 19)",ואין,,,,,,"(64, 68)",,"[{'id': 18, 'text': 'ו', 'upos': 'CCONJ', 'xpos': 'CCONJ', 'head': 19, 'deprel': 'cc', 'lemma': 'ו'}, {'id': 19, 'text': 'אין', 'upos': 'VERB', 'xpos': 'VERB', 'feats': 'HebExistential=True', 'head': 15, 'deprel': 'conj', 'lemma': 'אין'}]"
20,פתרון,NOUN,NOUN,Gender=Masc|Number=Sing,19.0,nsubj,"(69, 74)",פתרון,
21,זמין,ADJ,ADJ,Gender=Masc|Number=Sing,20.0,amod,"(75, 79)",זמין,
22,אחר,ADJ,ADJ,Gender=Masc|Number=Sing,20.0,amod,"(80, 83)",אחר,
1,•,PUNCT,PUNCT,,6.0,punct,"(1, 2)",•,
2,אך,CCONJ,CCONJ,,6.0,cc,"(3, 5)",אך,
3,צורת,NOUN,NOUN,Definite=Cons|Gender=Fem|Number=Sing,6.0,nsubj,"(6, 10)",צורה,
4,מגורים,NOUN,NOUN,Gender=Masc|Number=Plur,3.0,compound:smixut,"(11, 17)",מגורים,
5,זו,PRON,PRON,Gender=Fem|Number=Sing|Person=3|PronType=Dem,3.0,det,"(18, 20)",זו,
6,נתפסת,VERB,VERB,"Gender=Fem|HebBinyan=NIFAL|Number=Sing|Person=1,2,3|VerbForm=Part|Voice=Mid",0.0,root,"(21, 26)",נתפס,
"(7, 8)",כבחירה,,,,,,"(27, 33)",,"[{'id': 7, 'text': 'כ', 'upos': 'ADP', 'xpos': 'ADP', 'head': 8, 'deprel': 'case', 'lemma': 'כ'}, {'id': 8, 'text': 'בחירה', 'upos': 'NOUN', 'xpos': 'NOUN', 'feats': 'Gender=Fem|Number=Sing', 'head': 6, 'deprel': 'obl', 'lemma': 'בחירה'}]"
9,אחרונה,ADJ,ADJ,Gender=Fem|Number=Sing,8.0,amod,"(34, 40)",אחרון,
"(10, 11)",מבין,,,,,,"(41, 45)",,"[{'id': 10, 'text': 'מ', 'upos': 'ADP', 'xpos': 'ADP', 'head': 13, 'deprel': 'case', 'lemma': 'מ'}, {'id': 11, 'text': 'בין', 'upos': 'ADP', 'xpos': 'ADP', 'head': 10, 'deprel': 'fixed', 'lemma': 'בין'}]"
"(12, 13)",החלופות,,,,,,"(46, 53)",,"[{'id': 12, 'text': 'ה', 'upos': 'DET', 'xpos': 'DET', 'feats': 'PronType=Art', 'head': 13, 'deprel': 'det:def', 'lemma': 'ה'}, {'id': 13, 'text': 'חלופות', 'upos': 'NOUN', 'xpos': 'NOUN', 'feats': 'Gender=Fem|Number=Plur', 'head': 8, 'deprel': 'nmod', 'lemma': 'חלופה'}]"
"(14, 15)",הזמינות,,,,,,"(54, 61)",,"[{'id': 14, 'text': 'ה', 'upos': 'DET', 'xpos': 'DET', 'feats': 'PronType=Art', 'head': 15, 'deprel': 'det:def', 'lemma': 'ה'}, {'id': 15, 'text': 'זמינות', 'upos': 'ADJ', 'xpos': 'ADJ', 'feats': 'Gender=Fem|Number=Sing', 'head': 13, 'deprel': 'amod', 'lemma': 'זמין'}]"
1,"""",PUNCT,PUNCT,,12.0,punct,"(1, 2)","""",
"(2, 3)",כשאני,,,,,,"(2, 7)",,"[{'id': 2, 'text': 'כש', 'upos': 'SCONJ', 'xpos': 'SCONJ', 'feats': 'Case=Tem', 'head': 4, 'deprel': 'mark', 'lemma': 'כש'}, {'id': 3, 'text': 'אני', 'upos': 'PRON', 'xpos': 'PRON', 'feats': 'Gender=Fem,Masc|Number=Sing|Person=1|PronType=Prs', 'head': 4, 'deprel': 'nsubj', 'lemma': 'הוא'}]"
4,חייבת,AUX,AUX,"Gender=Fem|Number=Sing|Person=1,2,3|VerbType=Mod",12.0,advcl,"(8, 13)",חייב,
"(5, 6)",ואין,,,,,,"(14, 18)",,"[{'id': 5, 'text': 'ו', 'upos': 'CCONJ', 'xpos': 'CCONJ', 'head': 6, 'deprel': 'cc', 'lemma': 'ו'}, {'id': 6, 'text': 'אין', 'upos': 'VERB', 'xpos': 'VERB', 'feats': 'HebExistential=True', 'head': 4, 'deprel': 'conj', 'lemma': 'אין'}]"
"(7, 8)",לי,,,,,,"(19, 21)",,"[{'id': 7, 'text': 'ל_', 'upos': 'ADP', 'xpos': 'ADP', 'head': 8, 'deprel': 'case', 'lemma': 'ל'}, {'id': 8, 'text': '_אני', 'upos': 'PRON', 'xpos': 'PRON', 'feats': 'Gender=Fem,Masc|Number=Sing|Person=1|PronType=Prs', 'head': 6, 'deprel': 'obl', 'lemma': 'הוא'}]"
9,אופציות,NOUN,NOUN,Gender=Fem|Number=Plur,6.0,nsubj,"(22, 29)",אופציה,
10,אחרות,ADJ,ADJ,Gender=Fem|Number=Plur,9.0,amod,"(30, 35)",אחר,
11,אז,ADV,ADV,,12.0,advmod,"(36, 38)",אז,
12,אין,VERB,VERB,HebExistential=True,0.0,root,"(39, 42)",אין,
"(13, 14)",לי,,,,,,"(43, 45)",,"[{'id': 13, 'text': 'ל_', 'upos': 'ADP', 'xpos': 'ADP', 'head': 14, 'deprel': 'case', 'lemma': 'ל'}, {'id': 14, 'text': '_אני', 'upos': 'PRON', 'xpos': 'PRON', 'feats': 'Gender=Fem,Masc|Number=Sing|Person=1|PronType=Prs', 'head': 12, 'deprel': 'obl', 'lemma': 'הוא'}]"
15,ברירה,NOUN,NOUN,Gender=Fem|Number=Sing,12.0,nsubj,"(46, 51)",ברירה,
16,"""",PUNCT,PUNCT,,12.0,punct,"(51, 52)","""",
17,•,PUNCT,PUNCT,,12.0,punct,"(53, 54)",•,
18,בקרב,ADP,ADP,,19.0,case,"(55, 59)",בקרב,
19,קבוצות,NOUN,NOUN,Definite=Cons|Gender=Fem|Number=Plur,22.0,obl,"(60, 66)",קבוצה,
"(20, 21)",הגברים,,,,,,"(67, 73)",,"[{'id': 20, 'text': 'ה', 'upos': 'DET', 'xpos': 'DET', 'feats': 'PronType=Art', 'head': 21, 'deprel': 'det:def', 'lemma': 'ה'}, {'id': 21, 'text': 'גברים', 'upos': 'NOUN', 'xpos': 'NOUN', 'feats': 'Gender=Masc|Number=Plur', 'head': 19, 'deprel': 'compound:smixut', 'lemma': 'גבר'}]"
22,עלתה,VERB,VERB,Gender=Fem|HebBinyan=PAAL|Number=Sing|Person=3|Tense=Past|Voice=Act,12.0,conj,"(74, 78)",עלה,
23,התנגדות,NOUN,NOUN,Gender=Fem|Number=Sing,22.0,nsubj,"(79, 86)",התנגדות,
24,עזה,PROPN,PROPN,,23.0,amod,"(87, 90)",עזה,
25,להתגורר,VERB,VERB,HebBinyan=HITPAEL|VerbForm=Inf,23.0,acl,"(91, 98)",התגורר,
"(26, 27)",ברב,,,,,,"(99, 102)",,"[{'id': 26, 'text': 'ב', 'upos': 'ADP', 'xpos': 'ADP', 'head': 27, 'deprel': 'case', 'lemma': 'ב'}, {'id': 27, 'text': 'רב', 'upos': 'NOUN', 'xpos': 'NOUN', 'feats': 'Definite=Cons|Gender=Masc|Number=Sing', 'head': 25, 'deprel': 'obl', 'lemma': 'רב'}]"
28,קומות,NOUN,NOUN,Gender=Fem|Number=Plur,27.0,compound:smixut,"(103, 108)",קומה,
29,משותף,ADJ,ADJ,Gender=Masc|Number=Sing,27.0,amod,"(109, 114)",משותף,
"(1, 2)",הגברים,,,,,,"(1, 7)",,"[{'id': 1, 'text': 'ה', 'upos': 'DET', 'xpos': 'DET', 'feats': 'PronType=Art', 'head': 2, 'deprel': 'det:def', 'lemma': 'ה'}, {'id': 2, 'text': 'גברים', 'upos': 'NOUN', 'xpos': 'NOUN', 'feats': 'Gender=Masc|Number=Plur', 'head': 3, 'deprel': 'nsubj', 'lemma': 'גבר'}]"
3,התמקדו,VERB,VERB,"Gender=Fem,Masc|HebBinyan=HITPAEL|Number=Plur|Person=3|Tense=Past",0.0,root,"(8, 14)",התמקד,
"(4, 5)",בחששות,,,,,,"(15, 21)",,"[{'id': 4, 'text': 'ב', 'upos': 'ADP', 'xpos': 'ADP', 'head': 5, 'deprel': 'case', 'lemma': 'ב'}, {'id': 5, 'text': 'חששות', 'upos': 'NOUN', 'xpos': 'NOUN', 'feats': 'Gender=Masc|Number=Plur', 'head': 3, 'deprel': 'obl', 'lemma': 'חשש'}]"
"(6, 8)",מהזר,,,,,,"(22, 26)",,"[{'id': 6, 'text': 'מ', 'upos': 'ADP', 'xpos': 'ADP', 'head': 8, 'deprel': 'case', 'lemma': 'מ'}, {'id': 7, 'text': 'ה', 'upos': 'DET', 'xpos': 'DET', 'feats': 'PronType=Art', 'head': 8, 'deprel': 'det:def', 'lemma': 'ה'}, {'id': 8, 'text': 'זר', 'upos': 'NOUN', 'xpos': 'NOUN', 'feats': 'Gender=Masc|Number=Sing', 'head': 5, 'deprel': 'nmod', 'lemma': 'זר'}]"
9,",",PUNCT,PUNCT,,5.0,punct,"(27, 28)",",",
"(10, 11)",מבעיות,,,,,,"(29, 35)",,"[{'id': 10, 'text': 'מ', 'upos': 'ADP', 'xpos': 'ADP', 'head': 11, 'deprel': 'case', 'lemma': 'מ'}, {'id': 11, 'text': 'בעיות', 'upos': 'NOUN', 'xpos': 'NOUN', 'feats': 'Gender=Fem|Number=Plur', 'head': 5, 'deprel': 'dep', 'lemma': 'בעיה'}]"
12,",",PUNCT,PUNCT,,5.0,punct,"(35, 36)",",",
"(13, 14)",ממריבות,,,,,,"(37, 44)",,"[{'id': 13, 'text': 'מ', 'upos': 'ADP', 'xpos': 'ADP', 'head': 14, 'deprel': 'case', 'lemma': 'מ'}, {'id': 14, 'text': 'מריבות', 'upos': 'NOUN', 'xpos': 'NOUN', 'feats': 'Gender=Fem|HebSource=ConvUncertainHead|Number=Sing', 'head': 5, 'deprel': 'dep', 'lemma': 'מריבות'}]"
15,של,ADP,ADP,Case=Gen,16.0,case:gen,"(45, 47)",של,
16,שכנים,NOUN,NOUN,Gender=Masc|Number=Plur,14.0,nmod:poss,"(48, 53)",שכן,
17,",",PUNCT,PUNCT,HebSource=ConvUncertainHead,5.0,punct,"(54, 55)",",",
"(18, 19)",מחשש,,,,,,"(56, 60)",,"[{'id': 18, 'text': 'מ', 'upos': 'ADP', 'xpos': 'ADP', 'head': 19, 'deprel': 'case', 'lemma': 'מ'}, {'id': 19, 'text': 'חשש', 'upos': 'NOUN', 'xpos': 'NOUN', 'feats': 'Gender=Masc|Number=Sing', 'head': 5, 'deprel': 'dep', 'lemma': 'חשש'}]"
"(20, 21)",להימצאות,,,,,,"(61, 69)",,"[{'id': 20, 'text': 'ל', 'upos': 'ADP', 'xpos': 'ADP', 'head': 21, 'deprel': 'case', 'lemma': 'ל'}, {'id': 21, 'text': 'הימצאות', 'upos': 'NOUN', 'xpos': 'NOUN', 'feats': 'Gender=Fem|Number=Sing', 'head': 19, 'deprel': 'nmod', 'lemma': 'הימצאות'}]"
22,בקרבת,ADP,ADP,,23.0,case,"(70, 75)",בקרבת,
23,אנשים,NOUN,NOUN,Gender=Masc|Number=Plur,21.0,nmod,"(76, 81)",איש,
24,בעלי,NOUN,NOUN,Definite=Cons|Gender=Masc|Number=Plur,23.0,acl,"(82, 86)",בעל,
25,רקע,NOUN,NOUN,Gender=Masc|Number=Sing,24.0,compound:smixut,"(87, 90)",רקע,
26,שונה,ADJ,ADJ,Gender=Masc|Number=Sing,25.0,amod,"(91, 95)",שונה,
"(1, 2)",והיו,,,,,,"(1, 5)",,"[{'id': 1, 'text': 'ו', 'upos': 'CCONJ', 'xpos': 'CCONJ', 'head': 2, 'deprel': 'cc', 'lemma': 'ו'}, {'id': 2, 'text': 'היו', 'upos': 'VERB', 'xpos': 'VERB', 'feats': 'Gender=Fem,Masc|HebExistential=True|Number=Plur|Person=3|Polarity=Pos|Tense=Past', 'head': 0, 'deprel': 'root', 'lemma': 'היה'}]"
3,סיבות,NOUN,NOUN,Gender=Fem|Number=Plur,2.0,nsubj,"(6, 11)",סיבה,
4,משותפות,ADJ,ADJ,Gender=Fem|Number=Plur,3.0,amod,"(12, 19)",משותף,
5,של,ADP,ADP,Case=Gen,7.0,case:gen,"(20, 22)",של,
6,אי,ADV,ADV,HebSource=ConvUncertainHead|Prefix=Yes,7.0,compound:affix,"(23, 25)",אי,
7,יכולת,NOUN,NOUN,Gender=Fem|Number=Sing,3.0,nmod,"(26, 31)",יכולת,
8,להסתדר,VERB,VERB,HebBinyan=HITPAEL|VerbForm=Inf,7.0,acl,"(32, 38)",הסתדר,
"(9, 10)",ושזה,,,,,,"(39, 43)",,"[{'id': 9, 'text': 'ו', 'upos': 'CCONJ', 'xpos': 'CCONJ', 'head': 11, 'deprel': 'cc', 'lemma': 'ו'}, {'id': 10, 'text': 'שזה', 'upos': 'PRON', 'xpos': 'PRON', 'feats': 'Gender=Masc|Number=Sing|Person=3', 'head': 11, 'deprel': 'nsubj', 'lemma': 'שזה'}]"
11,עשוי,AUX,AUX,"Gender=Masc|Number=Sing|Person=1,2,3|VerbType=Mod",12.0,aux,"(44, 48)",עשוי,
12,להיות,AUX,AUX,Polarity=Pos|VerbForm=Inf|VerbType=Cop,2.0,conj,"(49, 54)",היה,
13,מקור,NOUN,NOUN,Gender=Masc|Number=Sing,12.0,obl,"(55, 59)",מקור,
14,של,ADP,ADP,Case=Gen,15.0,case:gen,"(60, 62)",של,
15,צרות,NOUN,NOUN,Gender=Fem|Number=Plur,13.0,nmod:poss,"(63, 67)",צרה,
1,•,PUNCT,PUNCT,,6.0,punct,"(1, 2)",•,
2,בקרב,ADP,ADP,,3.0,case,"(3, 7)",בקרב,
3,קבוצת,NOUN,NOUN,Definite=Cons|Gender=Fem|Number=Sing,6.0,obl,"(8, 13)",קבוצה,
"(4, 5)",הרווקות,,,,,,"(14, 21)",,"[{'id': 4, 'text': 'ה', 'upos': 'DET', 'xpos': 'DET', 'feats': 'PronType=Art', 'head': 5, 'deprel': 'det:def', 'lemma': 'ה'}, {'id': 5, 'text': 'רווקות', 'upos': 'NOUN', 'xpos': 'NOUN', 'feats': 'Gender=Fem|Number=Plur', 'head': 3, 'deprel': 'compound:smixut', 'lemma': 'רווקה'}]"
6,התקיימה,VERB,VERB,Gender=Fem|HebBinyan=HITPAEL|Number=Sing|Person=3|Tense=Past,0.0,root,"(22, 29)",התקיים,
7,הסכמה,NOUN,NOUN,Gender=Fem|Number=Sing,6.0,nsubj,"(30, 35)",הסכמה,
8,של,ADP,ADP,Case=Gen,9.0,case:gen,"(36, 38)",של,
9,חוסר,NOUN,NOUN,Definite=Cons|Gender=Masc|Number=Sing,7.0,nmod,"(39, 43)",חוסר,
10,העדפה,NOUN,NOUN,Gender=Fem|Number=Sing,9.0,compound:smixut,"(44, 49)",העדפה,
11,להתגורר,VERB,VERB,HebBinyan=HITPAEL|VerbForm=Inf,9.0,acl,"(50, 57)",התגורר,
"(12, 13)",בבניין,,,,,,"(58, 64)",,"[{'id': 12, 'text': 'ב', 'upos': 'ADP', 'xpos': 'ADP', 'head': 13, 'deprel': 'case', 'lemma': 'ב'}, {'id': 13, 'text': 'בניין', 'upos': 'NOUN', 'xpos': 'NOUN', 'feats': 'Gender=Masc|Number=Sing', 'head': 11, 'deprel': 'obl', 'lemma': 'בניין'}]"
14,רב,ADJ,ADJ,Definite=Cons|Gender=Masc|Number=Sing,13.0,amod,"(65, 67)",רב,
15,קומות,NOUN,NOUN,Gender=Fem|Number=Plur,14.0,compound:smixut,"(68, 73)",קומה,
"(16, 17)",כמתואר,,,,,,"(74, 80)",,"[{'id': 16, 'text': 'כ', 'upos': 'ADP', 'xpos': 'ADP', 'head': 17, 'deprel': 'mark', 'lemma': 'כ'}, {'id': 17, 'text': 'מתואר', 'upos': 'VERB', 'xpos': 'VERB', 'feats': 'Gender=Masc|HebBinyan=PUAL|Number=Sing|Person=1,2,3|VerbForm=Part|Voice=Pass', 'head': 13, 'deprel': 'acl:relcl', 'lemma': 'תואר'}]"
18,לעיל,ADV,ADV,,17.0,advmod,"(81, 85)",לעיל,
"(1, 3)",בקבוצה,,,,,,"(1, 7)",,"[{'id': 1, 'text': 'ב', 'upos': 'ADP', 'xpos': 'ADP', 'head': 3, 'deprel': 'case', 'lemma': 'ב'}, {'id': 2, 'text': 'ה_', 'upos': 'DET', 'xpos': 'DET', 'feats': 'PronType=Art', 'head': 3, 'deprel': 'det:def', 'lemma': 'ה'}, {'id': 3, 'text': 'קבוצה', 'upos': 'NOUN', 'xpos': 'NOUN', 'feats': 'Gender=Fem|Number=Sing', 'head': 5, 'deprel': 'obl', 'lemma': 'קבוצה'}]"
4,זו,PRON,PRON,Gender=Fem|Number=Sing|Person=3|PronType=Dem,3.0,det,"(8, 10)",זו,
5,התחדד,VERB,VERB,Gender=Masc|HebBinyan=HITPAEL|Number=Sing|Person=3|Tense=Past,0.0,root,"(11, 16)",התחדד,
"(6, 7)",ההבדל,,,,,,"(17, 22)",,"[{'id': 6, 'text': 'ה', 'upos': 'DET', 'xpos': 'DET', 'feats': 'PronType=Art', 'head': 7, 'deprel': 'det:def', 'lemma': 'ה'}, {'id': 7, 'text': 'הבדל', 'upos': 'NOUN', 'xpos': 'NOUN', 'feats': 'Gender=Masc|Number=Sing', 'head': 5, 'deprel': 'nsubj', 'lemma': 'הבדל'}]"
8,בין,ADP,ADP,,9.0,case,"(23, 26)",בין,
9,בניין,NOUN,NOUN,Gender=Masc|Number=Sing,7.0,nmod,"(27, 32)",בניין,
10,של,ADP,ADP,Case=Gen,11.0,case:gen,"(33, 35)",של,
11,שיכון,NOUN,NOUN,Gender=Masc|Number=Sing,9.0,nmod,"(36, 41)",שיכון,
"(12, 13)",באמצע,,,,,,"(42, 47)",,"[{'id': 12, 'text': 'ב', 'upos': 'ADP', 'xpos': 'ADP', 'head': 13, 'deprel': 'case', 'lemma': 'ב'}, {'id': 13, 'text': 'אמצע', 'upos': 'NOUN', 'xpos': 'NOUN', 'feats': 'Definite=Cons|Gender=Masc|Number=Sing', 'head': 9, 'deprel': 'nmod', 'lemma': 'אמצע'}]"
14,שכונה,NOUN,NOUN,Gender=Fem|Number=Sing,13.0,compound:smixut,"(48, 53)",שכונה,
15,קיימת,ADJ,ADJ,Gender=Fem|Number=Sing,14.0,amod,"(54, 59)",קיים,
16,קלאסית,ADJ,ADJ,Gender=Fem|Number=Sing,14.0,amod,"(60, 66)",קלאסי,
"(17, 19)",בסחינין,,,,,,"(67, 74)",,"[{'id': 17, 'text': 'ב', 'upos': 'ADP', 'xpos': 'ADP', 'head': 19, 'deprel': 'case', 'lemma': 'ב'}, {'id': 18, 'text': 'ה_', 'upos': 'DET', 'xpos': 'DET', 'feats': 'PronType=Art', 'head': 19, 'deprel': 'det:def', 'lemma': 'ה'}, {'id': 19, 'text': 'סחינין', 'upos': 'NOUN', 'xpos': 'NOUN', 'feats': 'Gender=Masc|Number=Sing', 'head': 14, 'deprel': 'nmod', 'lemma': 'סחינין'}]"
"(20, 22)",שבדרך,,,,,,"(75, 80)",,"[{'id': 20, 'text': 'ש', 'upos': 'SCONJ', 'xpos': 'SCONJ', 'head': 25, 'deprel': 'mark', 'lemma': 'ש'}, {'id': 21, 'text': 'ב', 'upos': 'ADP', 'xpos': 'ADP', 'head': 25, 'deprel': 'advmod', 'lemma': 'ב'}, {'id': 22, 'text': 'דרך', 'upos': 'NOUN', 'xpos': 'NOUN', 'feats': 'Definite=Cons|Gender=Fem|Number=Sing', 'head': 21, 'deprel': 'fixed', 'lemma': 'דרך'}]"
23,כלל,NOUN,NOUN,Gender=Masc|Number=Sing,21.0,fixed,"(81, 84)",כלל,
24,היא,PRON,PRON,Gender=Fem|Number=Sing|Person=3|PronType=Prs,25.0,nsubj,"(85, 88)",הוא,
25,צפופה,ADJ,ADJ,Gender=Fem|Number=Sing,14.0,acl:relcl,"(89, 94)",צפוף,
"(26, 27)",ועמוסה,,,,,,"(95, 101)",,"[{'id': 26, 'text': 'ו', 'upos': 'CCONJ', 'xpos': 'CCONJ', 'head': 27, 'deprel': 'cc', 'lemma': 'ו'}, {'id': 27, 'text': 'עמוסה', 'upos': 'ADJ', 'xpos': 'ADJ', 'feats': 'Gender=Fem|Number=Sing', 'head': 25, 'deprel': 'conj', 'lemma': 'עמוס'}]"
"(28, 29)",ואין,,,,,,"(102, 106)",,"[{'id': 28, 'text': 'ו', 'upos': 'CCONJ', 'xpos': 'CCONJ', 'head': 29, 'deprel': 'cc', 'lemma': 'ו'}, {'id': 29, 'text': 'אין', 'upos': 'VERB', 'xpos': 'VERB', 'feats': 'HebExistential=True', 'head': 25, 'deprel': 'conj', 'lemma': 'אין'}]"
30,מרווח,NOUN,NOUN,Gender=Masc|Number=Sing,29.0,nsubj,"(107, 112)",מרווח,
31,סביבתי,ADJ,ADJ,Gender=Masc|Number=Sing,30.0,amod,"(113, 119)",סביבתי,
32,ליד,ADP,ADP,,34.0,case,"(120, 123)",ליד,
"(33, 34)",הבניין,,,,,,"(124, 130)",,"[{'id': 33, 'text': 'ה', 'upos': 'DET', 'xpos': 'DET', 'feats': 'PronType=Art', 'head': 34, 'deprel': 'det:def', 'lemma': 'ה'}, {'id': 34, 'text': 'בניין', 'upos': 'NOUN', 'xpos': 'NOUN', 'feats': 'Gender=Masc|Number=Sing', 'head': 29, 'deprel': 'obl', 'lemma': 'בניין'}]"
35,",",PUNCT,PUNCT,,9.0,punct,"(130, 131)",",",
36,לבין,ADP,ADP,,37.0,case,"(131, 135)",לבין,
37,שיכון,NOUN,NOUN,Gender=Masc|Number=Sing,9.0,conj,"(136, 141)",שיכון,
"(38, 40)",בשכונה,,,,,,"(142, 148)",,"[{'id': 38, 'text': 'ב', 'upos': 'ADP', 'xpos': 'ADP', 'head': 40, 'deprel': 'case', 'lemma': 'ב'}, {'id': 39, 'text': 'ה_', 'upos': 'DET', 'xpos': 'DET', 'feats': 'PronType=Art', 'head': 40, 'deprel': 'det:def', 'lemma': 'ה'}, {'id': 40, 'text': 'שכונה', 'upos': 'NOUN', 'xpos': 'NOUN', 'feats': 'Gender=Fem|Number=Sing', 'head': 37, 'deprel': 'nmod', 'lemma': 'שכונה'}]"
41,חדשה,ADJ,ADJ,Gender=Fem|Number=Sing,40.0,amod,"(149, 153)",חדש,
42,מרווחת,ADJ,ADJ,Gender=Fem|Number=Sing,40.0,amod,"(154, 160)",מרווח,
43,עם,ADP,ADP,,44.0,case,"(161, 163)",עם,
44,תשתית,NOUN,NOUN,Gender=Fem|Number=Sing,40.0,nmod,"(164, 169)",תשתית,
"(45, 46)",וסביבה,,,,,,"(170, 176)",,"[{'id': 45, 'text': 'ו', 'upos': 'CCONJ', 'xpos': 'CCONJ', 'head': 46, 'deprel': 'cc', 'lemma': 'ו'}, {'id': 46, 'text': 'סביבה', 'upos': 'NOUN', 'xpos': 'NOUN', 'feats': 'Gender=Fem|Number=Sing', 'head': 44, 'deprel': 'conj', 'lemma': 'סביבה'}]"
47,יותר,ADV,ADV,,48.0,advmod,"(177, 181)",יותר,
48,פתוחה,ADJ,ADJ,Gender=Fem|Number=Sing,46.0,amod,"(182, 187)",פתוח,
"(49, 50)",המאפשרת,,,,,,"(188, 195)",,"[{'id': 49, 'text': 'ה', 'upos': 'SCONJ', 'xpos': 'SCONJ', 'head': 50, 'deprel': 'mark', 'lemma': 'ה'}, {'id': 50, 'text': 'מאפשרת', 'upos': 'AUX', 'xpos': 'AUX', 'feats': 'Gender=Fem|Number=Sing|VerbForm=Part|VerbType=Mod', 'head': 46, 'deprel': 'acl:relcl', 'lemma': 'מאפשרת'}]"
51,חופש,NOUN,NOUN,Definite=Cons|Gender=Masc|Number=Sing,50.0,obj,"(196, 200)",חופש,
52,תנועה,NOUN,NOUN,Gender=Fem|Number=Sing,51.0,compound:smixut,"(201, 206)",תנועה,
53,גם,ADV,ADV,,54.0,advmod,"(207, 209)",גם,
"(54, 56)",לילדים,,,,,,"(210, 216)",,"[{'id': 54, 'text': 'ל', 'upos': 'ADP', 'xpos': 'ADP', 'head': 56, 'deprel': 'case', 'lemma': 'ל'}, {'id': 55, 'text': 'ה_', 'upos': 'DET', 'xpos': 'DET', 'feats': 'PronType=Art', 'head': 56, 'deprel': 'det:def', 'lemma': 'ה'}, {'id': 56, 'text': 'ילדים', 'upos': 'NOUN', 'xpos': 'NOUN', 'feats': 'Gender=Masc|Number=Plur', 'head': 50, 'deprel': 'obl', 'lemma': 'ילד'}]"
"(57, 58)",וגם,,,,,,"(217, 220)",,"[{'id': 57, 'text': 'ו', 'upos': 'CCONJ', 'xpos': 'CCONJ', 'head': 60, 'deprel': 'cc', 'lemma': 'ו'}, {'id': 58, 'text': 'גם', 'upos': 'ADV', 'xpos': 'ADV', 'head': 59, 'deprel': 'advmod', 'lemma': 'גם'}]"
"(59, 60)",למבוגרים,,,,,,"(221, 229)",,"[{'id': 59, 'text': 'ל', 'upos': 'ADP', 'xpos': 'ADP', 'head': 60, 'deprel': 'case', 'lemma': 'ל'}, {'id': 60, 'text': 'מבוגרים', 'upos': 'NOUN', 'xpos': 'NOUN', 'feats': 'Gender=Masc|Number=Plur', 'head': 56, 'deprel': 'conj', 'lemma': 'מבוגר'}]"
1,(,PUNCT,PUNCT,,4.0,punct,"(1, 2)",(,
2,זה,PRON,PRON,Gender=Masc|Number=Sing|Person=3,4.0,nsubj,"(2, 4)",זה,
3,מאוד,ADV,ADV,,4.0,advmod,"(5, 9)",מאוד,
4,חשוב,AUX,AUX,"Gender=Masc|Number=Sing|Person=1,2,3|VerbType=Mod",0.0,root,"(10, 14)",חשוב,
"(5, 6)",ביציקת,,,,,,"(15, 21)",,"[{'id': 5, 'text': 'ב', 'upos': 'ADP', 'xpos': 'ADP', 'head': 6, 'deprel': 'case', 'lemma': 'ב'}, {'id': 6, 'text': 'יציקת', 'upos': 'NOUN', 'xpos': 'NOUN', 'feats': 'Definite=Cons|Gender=Fem|Number=Sing', 'head': 4, 'deprel': 'obl', 'lemma': 'יציקה'}]"
7,הצעת,NOUN,NOUN,Definite=Cons|Gender=Fem|Number=Sing,6.0,compound:smixut,"(22, 26)",הצעה,
"(8, 9)",המכר,,,,,,"(27, 31)",,"[{'id': 8, 'text': 'ה', 'upos': 'DET', 'xpos': 'DET', 'feats': 'PronType=Art', 'head': 9, 'deprel': 'det:def', 'lemma': 'ה'}, {'id': 9, 'text': 'מכר', 'upos': 'NOUN', 'xpos': 'NOUN', 'feats': 'Gender=Masc|Number=Sing', 'head': 7, 'deprel': 'compound:smixut', 'lemma': 'מכר'}]"
"(10, 11)",להקטנת,,,,,,"(32, 38)",,"[{'id': 10, 'text': 'ל', 'upos': 'ADP', 'xpos': 'ADP', 'head': 11, 'deprel': 'case', 'lemma': 'ל'}, {'id': 11, 'text': 'הקטנת', 'upos': 'NOUN', 'xpos': 'NOUN', 'feats': 'Definite=Cons|Gender=Fem|Number=Sing', 'head': 7, 'deprel': 'nmod', 'lemma': 'הקטנה'}]"
12,התנגדות,NOUN,NOUN,Gender=Fem|Number=Sing,11.0,compound:smixut,"(39, 46)",התנגדות,
"(13, 15)",לשיכון,,,,,,"(47, 53)",,"[{'id': 13, 'text': 'ל', 'upos': 'ADP', 'xpos': 'ADP', 'head': 15, 'deprel': 'case', 'lemma': 'ל'}, {'id': 14, 'text': 'ה_', 'upos': 'DET', 'xpos': 'DET', 'feats': 'PronType=Art', 'head': 15, 'deprel': 'det:def', 'lemma': 'ה'}, {'id': 15, 'text': 'שיכון', 'upos': 'NOUN', 'xpos': 'NOUN', 'feats': 'Gender=Masc|Number=Sing', 'head': 12, 'deprel': 'nmod', 'lemma': 'שיכון'}]"
16,זאת,PRON,PRON,Gender=Fem|Number=Sing|Person=3|PronType=Dem,17.0,cop,"(54, 57)",זאת,
17,שכונה,NOUN,NOUN,Gender=Fem|Number=Sing,4.0,parataxis,"(58, 63)",שכונה,
18,חדשה,ADJ,ADJ,Gender=Fem|Number=Sing,17.0,amod,"(64, 68)",חדש,
"(19, 20)",ולא,,,,,,"(69, 72)",,"[{'id': 19, 'text': 'ו', 'upos': 'CCONJ', 'xpos': 'CCONJ', 'head': 21, 'deprel': 'cc', 'lemma': 'ו'}, {'id': 20, 'text': 'לא', 'upos': 'ADV', 'xpos': 'ADV', 'feats': 'Polarity=Neg', 'head': 21, 'deprel': 'det', 'lemma': 'לא'}]"
21,אוסף,NOUN,NOUN,Gender=Masc|Number=Sing,17.0,conj,"(73, 77)",אוסף,
22,של,ADP,ADP,Case=Gen,23.0,case:gen,"(78, 80)",של,
23,בניינים,NOUN,NOUN,Gender=Masc|Number=Plur,21.0,nmod:poss,"(81, 88)",בניין,
24,בתוך,ADP,ADP,,26.0,case,"(89, 93)",בתוך,
"(25, 26)",העיר,,,,,,"(94, 98)",,"[{'id': 25, 'text': 'ה', 'upos': 'DET', 'xpos': 'DET', 'feats': 'PronType=Art', 'head': 26, 'deprel': 'det:def', 'lemma': 'ה'}, {'id': 26, 'text': 'עיר', 'upos': 'NOUN', 'xpos': 'NOUN', 'feats': 'Gender=Fem|Number=Sing', 'head': 23, 'deprel': 'nmod', 'lemma': 'עיר'}]"
27,),PUNCT,PUNCT,,4.0,punct,"(98, 99)",),
28,•,PUNCT,PUNCT,,4.0,punct,"(100, 101)",•,
29,אבל,CCONJ,CCONJ,,48.0,cc,"(102, 105)",אבל,
30,בקרב,ADP,ADP,,31.0,case,"(106, 110)",בקרב,
31,קבוצת,NOUN,NOUN,Definite=Cons|Gender=Fem|Number=Sing,48.0,obl,"(111, 116)",קבוצה,
32,ראיונות,NOUN,NOUN,Definite=Cons|Gender=Masc|Number=Plur,31.0,compound:smixut,"(117, 124)",ריאיון,
"(33, 34)",העומק,,,,,,"(125, 130)",,"[{'id': 33, 'text': 'ה', 'upos': 'DET', 'xpos': 'DET', 'feats': 'PronType=Art', 'head': 34, 'deprel': 'det:def', 'lemma': 'ה'}, {'id': 34, 'text': 'עומק', 'upos': 'NOUN', 'xpos': 'NOUN', 'feats': 'Gender=Masc|Number=Sing', 'head': 32, 'deprel': 'compound:smixut', 'lemma': 'עומק'}]"
"(35, 36)",שבעצם,,,,,,"(131, 136)",,"[{'id': 35, 'text': 'ש', 'upos': 'SCONJ', 'xpos': 'SCONJ', 'head': 37, 'deprel': 'mark', 'lemma': 'ש'}, {'id': 36, 'text': 'בעצם', 'upos': 'ADV', 'xpos': 'ADV', 'head': 37, 'deprel': 'advmod', 'lemma': 'בעצם'}]"
37,שוכרים,VERB,VERB,"Gender=Masc|HebBinyan=PAAL|Number=Plur|Person=1,2,3|VerbForm=Part|Voice=Act",31.0,acl:relcl,"(137, 143)",שוכר,
38,דירות,NOUN,NOUN,Gender=Fem|Number=Plur,37.0,obj,"(144, 149)",דירה,
39,",",PUNCT,PUNCT,,37.0,punct,"(150, 151)",",",
"(40, 41)",ובניגוד,,,,,,"(152, 159)",,"[{'id': 40, 'text': 'ו', 'upos': 'CCONJ', 'xpos': 'CCONJ', 'head': 37, 'deprel': 'dep', 'lemma': 'ו'}, {'id': 41, 'text': 'בניגוד', 'upos': 'CCONJ', 'xpos': 'CCONJ', 'head': 44, 'deprel': 'case', 'lemma': 'בניגוד'}]"
"(42, 43)",לכל,,,,,,"(160, 163)",,"[{'id': 42, 'text': 'ל', 'upos': 'ADP', 'xpos': 'ADP', 'head': 41, 'deprel': 'fixed', 'lemma': 'ל'}, {'id': 43, 'text': 'כל', 'upos': 'DET', 'xpos': 'DET', 'feats': 'Definite=Cons', 'head': 44, 'deprel': 'det', 'lemma': 'כול'}]"
44,משתתפי,NOUN,NOUN,Definite=Cons|Gender=Masc|Number=Plur,37.0,obl,"(164, 170)",משתתף,
"(45, 46)",המחקר,,,,,,"(171, 176)",,"[{'id': 45, 'text': 'ה', 'upos': 'DET', 'xpos': 'DET', 'feats': 'PronType=Art', 'head': 46, 'deprel': 'det:def', 'lemma': 'ה'}, {'id': 46, 'text': 'מחקר', 'upos': 'NOUN', 'xpos': 'NOUN', 'feats': 'Gender=Masc|Number=Sing', 'head': 44, 'deprel': 'compound:smixut', 'lemma': 'מחקר'}]"
47,",",PUNCT,PUNCT,,37.0,punct,"(177, 178)",",",
48,ציינו,VERB,VERB,"Gender=Fem,Masc|HebBinyan=PIEL|Number=Plur|Person=3|Tense=Past|Voice=Act",4.0,conj,"(179, 184)",ציין,
"(49, 50)",שאין,,,,,,"(185, 189)",,"[{'id': 49, 'text': 'ש', 'upos': 'SCONJ', 'xpos': 'SCONJ', 'head': 50, 'deprel': 'mark', 'lemma': 'ש'}, {'id': 50, 'text': 'אין', 'upos': 'VERB', 'xpos': 'VERB', 'feats': 'HebExistential=True', 'head': 48, 'deprel': 'ccomp', 'lemma': 'אין'}]"
"(51, 52)",להם,,,,,,"(190, 193)",,"[{'id': 51, 'text': 'ל_', 'upos': 'ADP', 'xpos': 'ADP', 'head': 52, 'deprel': 'case', 'lemma': 'ל'}, {'id': 52, 'text': '_הם', 'upos': 'PRON', 'xpos': 'PRON', 'feats': 'Gender=Masc|Number=Plur|Person=3|PronType=Prs', 'head': 50, 'deprel': 'obl', 'lemma': 'הוא'}]"
53,שום,DET,DET,Definite=Cons,54.0,det,"(194, 197)",שום,
54,בעיה,NOUN,NOUN,Gender=Fem|Number=Sing,50.0,nsubj,"(198, 202)",בעיה,
55,עם,ADP,ADP,,56.0,case,"(203, 205)",עם,
56,צורת,NOUN,NOUN,Definite=Cons|Gender=Fem|Number=Sing,54.0,nmod,"(206, 210)",צורה,
57,מגורים,NOUN,NOUN,Gender=Masc|Number=Plur,56.0,compound:smixut,"(211, 217)",מגורים,
58,זו,PRON,PRON,Gender=Fem|Number=Sing|Person=3|PronType=Dem,56.0,det,"(218, 220)",זו,
59,",",PUNCT,PUNCT,,50.0,punct,"(220, 221)",",",
"(60, 62)",ושהם,,,,,,"(222, 226)",,"[{'id': 60, 'text': 'ו', 'upos': 'CCONJ', 'xpos': 'CCONJ', 'head': 63, 'deprel': 'cc', 'lemma': 'ו'}, {'id': 61, 'text': 'ש', 'upos': 'SCONJ', 'xpos': 'SCONJ', 'head': 63, 'deprel': 'mark', 'lemma': 'ש'}, {'id': 62, 'text': 'הם', 'upos': 'PRON', 'xpos': 'PRON', 'feats': 'Gender=Masc|Number=Plur|Person=3|PronType=Prs', 'head': 63, 'deprel': 'nsubj', 'lemma': 'הוא'}]"
63,חיים,VERB,VERB,"Gender=Masc|HebBinyan=PAAL|Number=Plur|Person=1,2,3|VerbForm=Part|Voice=Act",50.0,conj,"(227, 231)",חי,
64,את,ADP,ADP,Case=Acc,65.0,case:acc,"(232, 234)",את,
65,זה,PRON,PRON,Gender=Masc|Number=Sing|Person=3,63.0,obj,"(235, 237)",זה,
"(66, 67)",ביום,,,,,,"(238, 242)",,"[{'id': 66, 'text': 'ב', 'upos': 'ADP', 'xpos': 'ADP', 'head': 67, 'deprel': 'case', 'lemma': 'ב'}, {'id': 67, 'text': 'יום', 'upos': 'NOUN', 'xpos': 'NOUN', 'feats': 'Definite=Cons|Gender=Masc|Number=Sing', 'head': 63, 'deprel': 'obl', 'lemma': 'יום'}]"
68,יום,NOUN,NOUN,Gender=Masc|Number=Sing,67.0,compound:smixut,"(243, 246)",יום,
"(1, 2)",הנשים,,,,,,"(1, 6)",,"[{'id': 1, 'text': 'ה', 'upos': 'DET', 'xpos': 'DET', 'feats': 'PronType=Art', 'head': 2, 'deprel': 'det:def', 'lemma': 'ה'}, {'id': 2, 'text': 'נשים', 'upos': 'NOUN', 'xpos': 'NOUN', 'feats': 'Gender=Fem|Number=Plur', 'head': 8, 'deprel': 'nsubj', 'lemma': 'איש'}]"
"(3, 5)",בקבוצה,,,,,,"(7, 13)",,"[{'id': 3, 'text': 'ב', 'upos': 'ADP', 'xpos': 'ADP', 'head': 5, 'deprel': 'case', 'lemma': 'ב'}, {'id': 4, 'text': 'ה_', 'upos': 'DET', 'xpos': 'DET', 'feats': 'PronType=Art', 'head': 5, 'deprel': 'det:def', 'lemma': 'ה'}, {'id': 5, 'text': 'קבוצה', 'upos': 'NOUN', 'xpos': 'NOUN', 'feats': 'Gender=Fem|Number=Sing', 'head': 2, 'deprel': 'nmod', 'lemma': 'קבוצה'}]"
6,זו,PRON,PRON,Gender=Fem|Number=Sing|Person=3|PronType=Dem,5.0,det,"(14, 16)",זו,
7,לא,ADV,ADV,Polarity=Neg,8.0,advmod,"(17, 19)",לא,
8,מעדיפות,VERB,VERB,"Gender=Fem|HebBinyan=HIFIL|Number=Plur|Person=1,2,3|VerbForm=Part|Voice=Act",0.0,root,"(20, 27)",העדיף,
9,את,ADP,ADP,Case=Acc,10.0,case:acc,"(28, 30)",את,
10,צורת,NOUN,NOUN,Definite=Cons|Gender=Fem|Number=Sing,8.0,obj,"(31, 35)",צורה,
"(11, 12)",המגורים,,,,,,"(36, 43)",,"[{'id': 11, 'text': 'ה', 'upos': 'DET', 'xpos': 'DET', 'feats': 'PronType=Art', 'head': 12, 'deprel': 'det:def', 'lemma': 'ה'}, {'id': 12, 'text': 'מגורים', 'upos': 'NOUN', 'xpos': 'NOUN', 'feats': 'Gender=Masc|Number=Plur', 'head': 10, 'deprel': 'compound:smixut', 'lemma': 'מגורים'}]"
"(13, 14)",הזאת,,,,,,"(44, 48)",,"[{'id': 13, 'text': 'ה', 'upos': 'DET', 'xpos': 'DET', 'feats': 'PronType=Art', 'head': 14, 'deprel': 'det:def', 'lemma': 'ה'}, {'id': 14, 'text': 'זאת', 'upos': 'PRON', 'xpos': 'PRON', 'feats': 'Gender=Fem|Number=Sing|Person=3|PronType=Dem', 'head': 10, 'deprel': 'det', 'lemma': 'זאת'}]"
15,",",PUNCT,PUNCT,,8.0,punct,"(49, 50)",",",
16,אך,CCONJ,CCONJ,,18.0,cc,"(51, 53)",אך,
17,בהחלט,ADV,ADV,,18.0,advmod,"(54, 59)",בהחלט,
18,מוכנות,AUX,AUX,"Gender=Fem|Number=Plur|Person=1,2,3|VerbType=Mod",19.0,aux,"(60, 66)",_,
19,לקבל,VERB,VERB,HebBinyan=PIEL|VerbForm=Inf|Voice=Act,8.0,conj,"(67, 71)",קיבל,
20,את,ADP,ADP,Case=Acc,21.0,case:acc,"(72, 74)",את,
21,זה,PRON,PRON,Gender=Masc|Number=Sing|Person=3,19.0,obj,"(75, 77)",זה,
"(22, 23)",כפתרון,,,,,,"(78, 84)",,"[{'id': 22, 'text': 'כ', 'upos': 'ADP', 'xpos': 'ADP', 'head': 23, 'deprel': 'case', 'lemma': 'כ'}, {'id': 23, 'text': 'פתרון', 'upos': 'NOUN', 'xpos': 'NOUN', 'feats': 'Gender=Masc|Number=Sing', 'head': 19, 'deprel': 'obl', 'lemma': 'פתרון'}]"
"(1, 2)",וכדיירים,,,,,,"(1, 9)",,"[{'id': 1, 'text': 'ו', 'upos': 'CCONJ', 'xpos': 'CCONJ', 'head': 7, 'deprel': 'cc', 'lemma': 'ו'}, {'id': 2, 'text': 'כדיירים', 'upos': 'NOUN', 'xpos': 'NOUN', 'feats': 'Gender=Masc|Number=Plur', 'head': 7, 'deprel': 'nsubj', 'lemma': 'כדייר'}]"
3,מנוסים,VERB,VERB,Gender=Masc|Number=Plur,2.0,amod,"(10, 16)",מנוסה,
"(4, 5)",בבתים,,,,,,"(17, 22)",,"[{'id': 4, 'text': 'ב', 'upos': 'ADP', 'xpos': 'ADP', 'head': 5, 'deprel': 'case', 'lemma': 'ב'}, {'id': 5, 'text': 'בתים', 'upos': 'NOUN', 'xpos': 'NOUN', 'feats': 'Gender=Masc|Number=Plur', 'head': 2, 'deprel': 'nmod', 'lemma': 'בית'}]"
6,משותפים,ADJ,ADJ,Gender=Masc|Number=Plur,5.0,amod,"(23, 30)",משותף,
7,העלו,VERB,VERB,"Gender=Fem,Masc|HebBinyan=HIFIL|Number=Plur|Person=3|Tense=Past|Voice=Act",0.0,root,"(31, 35)",העלה,
8,גם,ADV,ADV,,11.0,det,"(36, 38)",גם,
9,את,ADP,ADP,Case=Acc,11.0,case:acc,"(39, 41)",את,
"(10, 11)",הצורך,,,,,,"(42, 47)",,"[{'id': 10, 'text': 'ה', 'upos': 'DET', 'xpos': 'DET', 'feats': 'PronType=Art', 'head': 11, 'deprel': 'det:def', 'lemma': 'ה'}, {'id': 11, 'text': 'צורך', 'upos': 'NOUN', 'xpos': 'NOUN', 'feats': 'Gender=Masc|Number=Sing', 'head': 7, 'deprel': 'obj', 'lemma': 'צורך'}]"
"(12, 13)",באמצעי,,,,,,"(48, 54)",,"[{'id': 12, 'text': 'ב', 'upos': 'ADP', 'xpos': 'ADP', 'head': 13, 'deprel': 'case', 'lemma': 'ב'}, {'id': 13, 'text': 'אמצעי', 'upos': 'NOUN', 'xpos': 'NOUN', 'feats': 'Definite=Cons|Gender=Masc|Number=Plur', 'head': 11, 'deprel': 'nmod', 'lemma': 'אמצע'}]"
14,בטיחות,NOUN,NOUN,Gender=Fem|Number=Sing,13.0,compound:smixut,"(55, 61)",בטיחות,
"(15, 16)",בבית,,,,,,"(62, 66)",,"[{'id': 15, 'text': 'ב', 'upos': 'ADP', 'xpos': 'ADP', 'head': 16, 'deprel': 'case', 'lemma': 'ב'}, {'id': 16, 'text': 'בית', 'upos': 'NOUN', 'xpos': 'NOUN', 'feats': 'Gender=Masc|Number=Sing', 'head': 13, 'deprel': 'nmod', 'lemma': 'בית'}]"
"(17, 18)",שהם,,,,,,"(67, 70)",,"[{'id': 17, 'text': 'ש', 'upos': 'SCONJ', 'xpos': 'SCONJ', 'head': 19, 'deprel': 'mark', 'lemma': 'ש'}, {'id': 18, 'text': 'הם', 'upos': 'PRON', 'xpos': 'PRON', 'feats': 'Gender=Masc|Number=Plur|Person=3|PronType=Prs', 'head': 19, 'deprel': 'nsubj', 'lemma': 'הוא'}]"
19,קריטיים,ADJ,ADJ,Gender=Masc|Number=Plur,13.0,acl:relcl,"(71, 78)",קריטי,
"(20, 22)",לילדים,,,,,,"(79, 85)",,"[{'id': 20, 'text': 'ל', 'upos': 'ADP', 'xpos': 'ADP', 'head': 22, 'deprel': 'case', 'lemma': 'ל'}, {'id': 21, 'text': 'ה_', 'upos': 'DET', 'xpos': 'DET', 'feats': 'PronType=Art', 'head': 22, 'deprel': 'det:def', 'lemma': 'ה'}, {'id': 22, 'text': 'ילדים', 'upos': 'NOUN', 'xpos': 'NOUN', 'feats': 'Gender=Masc|Number=Plur', 'head': 19, 'deprel': 'advmod', 'lemma': 'ילד'}]"
23,(,PUNCT,PUNCT,,25.0,punct,"(86, 87)",(,
24,לאור,ADP,ADP,,25.0,case,"(87, 91)",לאור,
25,ריבוי,NOUN,NOUN,Gender=Masc|Number=Sing,19.0,obl,"(92, 97)",ריבוי,
26,של,ADP,ADP,Case=Gen,27.0,case:gen,"(98, 100)",של,
27,תאונות,NOUN,NOUN,Definite=Cons|Gender=Fem|Number=Plur,25.0,nmod:poss,"(101, 107)",תאונה,
28,בית,NOUN,NOUN,Gender=Masc|Number=Sing,27.0,compound:smixut,"(108, 111)",בית,
"(29, 31)",במגזר,,,,,,"(112, 117)",,"[{'id': 29, 'text': 'ב', 'upos': 'ADP', 'xpos': 'ADP', 'head': 31, 'deprel': 'case', 'lemma': 'ב'}, {'id': 30, 'text': 'ה_', 'upos': 'DET', 'xpos': 'DET', 'feats': 'PronType=Art', 'head': 31, 'deprel': 'det:def', 'lemma': 'ה'}, {'id': 31, 'text': 'מגזר', 'upos': 'NOUN', 'xpos': 'NOUN', 'feats': 'Gender=Masc|Number=Sing', 'head': 27, 'deprel': 'nmod', 'lemma': 'מגזר'}]"
"(32, 33)",הערבי,,,,,,"(118, 123)",,"[{'id': 32, 'text': 'ה', 'upos': 'DET', 'xpos': 'DET', 'feats': 'PronType=Art', 'head': 33, 'deprel': 'det:def', 'lemma': 'ה'}, {'id': 33, 'text': 'ערבי', 'upos': 'ADJ', 'xpos': 'ADJ', 'feats': 'Gender=Masc|Number=Sing', 'head': 31, 'deprel': 'amod', 'lemma': 'ערבי'}]"
34,),PUNCT,PUNCT,,37.0,punct,"(123, 124)",),
35,זהו,PRON,PRON,Gender=Masc|Number=Sing|Person=3|PronType=Dem,37.0,nsubj,"(125, 128)",זהו,
36,כנראה,ADV,ADV,,37.0,advmod,"(129, 134)",כנראה,
37,ארגומנט,NOUN,NOUN,Gender=Masc|Number=Sing,7.0,ccomp,"(135, 142)",ארגומנט,
38,חשוב,ADJ,ADJ,Gender=Masc|Number=Sing,37.0,amod,"(143, 147)",חשוב,
"(39, 40)",עבורם,,,,,,"(148, 153)",,"[{'id': 39, 'text': 'עבור_', 'upos': 'ADP', 'xpos': 'ADP', 'head': 40, 'deprel': 'case', 'lemma': 'עבור'}, {'id': 40, 'text': '_הם', 'upos': 'PRON', 'xpos': 'PRON', 'feats': 'Gender=Masc|Number=Plur|Person=3|PronType=Prs', 'head': 37, 'deprel': 'nmod', 'lemma': 'הוא'}]"
"(1, 3)",לרוב,,,,,,"(1, 5)",,"[{'id': 1, 'text': 'ל', 'upos': 'ADP', 'xpos': 'ADP', 'head': 3, 'deprel': 'case', 'lemma': 'ל'}, {'id': 2, 'text': 'ה_', 'upos': 'DET', 'xpos': 'DET', 'feats': 'PronType=Art', 'head': 3, 'deprel': 'det:def', 'lemma': 'ה'}, {'id': 3, 'text': 'רוב', 'upos': 'NOUN', 'xpos': 'NOUN', 'feats': 'Gender=Masc|Number=Sing', 'head': 4, 'deprel': 'obl', 'lemma': 'רוב'}]"
4,משלמים,VERB,VERB,"Gender=Masc|HebBinyan=PIEL|Number=Plur|Person=1,2,3|VerbForm=Part|Voice=Act",0.0,root,"(6, 12)",שילם,
"(5, 6)",שכירויות,,,,,,"(13, 21)",,"[{'id': 5, 'text': 'ש', 'upos': 'NOUN', 'xpos': 'NOUN', 'feats': 'Gender=Fem|Number=Plur', 'head': 4, 'deprel': 'obj', 'lemma': 'ש'}, {'id': 6, 'text': 'כירויות', 'upos': 'NOUN', 'xpos': 'NOUN', 'feats': 'Gender=Fem|Number=Plur', 'head': 4, 'deprel': 'obj', 'lemma': 'כירות'}]"
7,בין,ADP,ADP,,11.0,case,"(22, 25)",בין,
8,1200,NUM,NUM,,11.0,nummod,"(26, 30)",1200,
9,עד,ADP,ADP,,8.0,dep,"(31, 33)",עד,
10,1500,NUM,NUM,,8.0,nummod,"(34, 38)",1500,
11,₪,NOUN,NOUN,Gender=Masc|Number=Plur,4.0,obl,"(39, 40)",₪,
"(12, 13)",לחודש,,,,,,"(41, 46)",,"[{'id': 12, 'text': 'ל', 'upos': 'ADP', 'xpos': 'ADP', 'head': 13, 'deprel': 'case', 'lemma': 'ל'}, {'id': 13, 'text': 'חודש', 'upos': 'NOUN', 'xpos': 'NOUN', 'feats': 'Gender=Masc|Number=Sing', 'head': 11, 'deprel': 'nmod', 'lemma': 'חודש'}]"
"(1, 3)",ולרוב,,,,,,"(1, 6)",,"[{'id': 1, 'text': 'ו', 'upos': 'CCONJ', 'xpos': 'CCONJ', 'head': 4, 'deprel': 'cc', 'lemma': 'ו'}, {'id': 2, 'text': 'ל', 'upos': 'ADP', 'xpos': 'ADP', 'head': 4, 'deprel': 'case', 'lemma': 'ל'}, {'id': 3, 'text': 'רוב', 'upos': 'DET', 'xpos': 'DET', 'feats': 'Definite=Cons', 'head': 4, 'deprel': 'det', 'lemma': 'רוב'}]"
4,גרים,NOUN,NOUN,Gender=Masc|Number=Plur,0.0,root,"(7, 11)",גר,
"(5, 7)",בבניינים,,,,,,"(12, 20)",,"[{'id': 5, 'text': 'ב', 'upos': 'ADP', 'xpos': 'ADP', 'head': 7, 'deprel': 'case', 'lemma': 'ב'}, {'id': 6, 'text': 'ה_', 'upos': 'DET', 'xpos': 'DET', 'feats': 'PronType=Art', 'head': 7, 'deprel': 'det:def', 'lemma': 'ה'}, {'id': 7, 'text': 'בניינים', 'upos': 'NOUN', 'xpos': 'NOUN', 'feats': 'Gender=Masc|Number=Plur', 'head': 4, 'deprel': 'nmod', 'lemma': 'בניין'}]"
8,של,ADP,ADP,Case=Gen,9.0,case:gen,"(21, 23)",של,
9,אנשים,NOUN,NOUN,Gender=Masc|Number=Plur,7.0,nmod:poss,"(24, 29)",איש,
10,פרטיים,ADJ,ADJ,Gender=Masc|Number=Plur,9.0,amod,"(30, 36)",פרטי,
"(11, 12)",ולא,,,,,,"(37, 40)",,"[{'id': 11, 'text': 'ו', 'upos': 'CCONJ', 'xpos': 'CCONJ', 'head': 14, 'deprel': 'cc', 'lemma': 'ו'}, {'id': 12, 'text': 'לא', 'upos': 'ADV', 'xpos': 'ADV', 'feats': 'Polarity=Neg', 'head': 13, 'deprel': 'advmod', 'lemma': 'לא'}]"
13,אצל,ADP,ADP,,14.0,case,"(41, 44)",אצל,
14,יזמים,NOUN,NOUN,Gender=Masc|Number=Plur,9.0,conj,"(45, 50)",יזם,
1,עמדות,NOUN,NOUN,Gender=Fem|Number=Plur,27.0,nsubj,"(1, 6)",עמדה,
"(2, 3)",לדיור,,,,,,"(7, 12)",,"[{'id': 2, 'text': 'ל', 'upos': 'ADP', 'xpos': 'ADP', 'head': 3, 'deprel': 'case', 'lemma': 'ל'}, {'id': 3, 'text': 'דיור', 'upos': 'NOUN', 'xpos': 'NOUN', 'feats': 'Gender=Masc|Number=Sing', 'head': 1, 'deprel': 'nmod', 'lemma': 'דיור'}]"
"(4, 5)",בדו,,,,,,"(13, 16)",,"[{'id': 4, 'text': 'ב', 'upos': 'ADP', 'xpos': 'ADP', 'head': 6, 'deprel': 'case', 'lemma': 'ב'}, {'id': 5, 'text': 'דו', 'upos': 'ADV', 'xpos': 'ADV', 'feats': 'HebSource=ConvUncertainHead|Prefix=Yes', 'head': 6, 'deprel': 'compound:affix', 'lemma': 'דו'}]"
6,קומתי,NOUN,NOUN,Gender=Masc|Number=Sing,3.0,nmod,"(17, 22)",קומת,
7,צמוד,ADJ,ADJ,Definite=Cons|Gender=Masc|Number=Sing,6.0,amod,"(23, 27)",צמוד,
8,קרקע,NOUN,NOUN,Gender=Fem|Number=Sing,7.0,compound:smixut,"(28, 32)",קרקע,
9,•,PUNCT,PUNCT,,27.0,punct,"(33, 34)",•,
"(10, 14)",כשבדקנו,,,,,,"(35, 42)",,"[{'id': 10, 'text': 'כש', 'upos': 'SCONJ', 'xpos': 'SCONJ', 'feats': 'Case=Tem', 'head': 12, 'deprel': 'mark', 'lemma': 'כש'}, {'id': 11, 'text': 'ב', 'upos': 'ADP', 'xpos': 'ADP', 'head': 12, 'deprel': 'case', 'lemma': 'ב'}, {'id': 12, 'text': 'דק_', 'upos': 'NOUN', 'xpos': 'NOUN', 'feats': 'Definite=Def|Gender=Masc|Number=Plur', 'head': 27, 'deprel': 'advcl', 'lemma': 'דק'}, {'id': 13, 'text': '_של_', 'upos': 'ADP', 'xpos': 'ADP', 'head': 14, 'deprel': 'case:gen', 'lemma': 'של'}, {'id': 14, 'text': '_הוא', 'upos': 'PRON', 'xpos': 'PRON', 'feats': 'Case=Gen|Gender=Masc|Number=Sing|Person=3|PronType=Prs', 'head': 12, 'deprel': 'nmod:poss', 'lemma': 'הוא'}]"
15,את,ADP,ADP,Case=Acc,16.0,case:acc,"(43, 45)",את,
16,חלופת,NOUN,NOUN,Definite=Cons|Gender=Fem|Number=Sing,12.0,obj,"(46, 51)",חלופה,
"(17, 18)",הדיור,,,,,,"(52, 57)",,"[{'id': 17, 'text': 'ה', 'upos': 'DET', 'xpos': 'DET', 'feats': 'PronType=Art', 'head': 18, 'deprel': 'det:def', 'lemma': 'ה'}, {'id': 18, 'text': 'דיור', 'upos': 'NOUN', 'xpos': 'NOUN', 'feats': 'Gender=Masc|Number=Sing', 'head': 16, 'deprel': 'compound:smixut', 'lemma': 'דיור'}]"
"(19, 20)",המשותף,,,,,,"(58, 64)",,"[{'id': 19, 'text': 'ה', 'upos': 'DET', 'xpos': 'DET', 'feats': 'PronType=Art', 'head': 20, 'deprel': 'det:def', 'lemma': 'ה'}, {'id': 20, 'text': 'משותף', 'upos': 'ADJ', 'xpos': 'ADJ', 'feats': 'Gender=Masc|Number=Sing', 'head': 18, 'deprel': 'amod', 'lemma': 'משותף'}]"
"(21, 22)",בדו,,,,,,"(65, 68)",,"[{'id': 21, 'text': 'ב', 'upos': 'ADP', 'xpos': 'ADP', 'head': 23, 'deprel': 'case', 'lemma': 'ב'}, {'id': 22, 'text': 'דו', 'upos': 'ADV', 'xpos': 'ADV', 'feats': 'HebSource=ConvUncertainHead|Prefix=Yes', 'head': 23, 'deprel': 'compound:affix', 'lemma': 'דו'}]"
23,קומתי,NOUN,NOUN,Gender=Masc|Number=Sing,18.0,nmod,"(69, 74)",קומת,
24,צמוד,ADJ,ADJ,Definite=Cons|Gender=Masc|Number=Sing,23.0,amod,"(75, 79)",צמוד,
25,קרקע,NOUN,NOUN,Gender=Fem|Number=Sing,24.0,compound:smixut,"(80, 84)",קרקע,
26,",",PUNCT,PUNCT,,27.0,punct,"(85, 86)",",",
27,ראינו,VERB,VERB,"Gender=Fem,Masc|HebBinyan=PAAL|Number=Plur|Person=1|Tense=Past|Voice=Act",0.0,root,"(87, 92)",ראה,
28,כי,SCONJ,SCONJ,,29.0,mark,"(93, 95)",כי,
29,יש,VERB,VERB,HebExistential=True,27.0,ccomp,"(96, 98)",יש,
30,הבדל,NOUN,NOUN,Gender=Masc|Number=Sing,29.0,nsubj,"(99, 103)",הבדל,
"(31, 32)",לטובה,,,,,,"(104, 109)",,"[{'id': 31, 'text': 'ל', 'upos': 'ADP', 'xpos': 'ADP', 'head': 32, 'deprel': 'case', 'lemma': 'ל'}, {'id': 32, 'text': 'טובה', 'upos': 'NOUN', 'xpos': 'NOUN', 'feats': 'Gender=Fem|Number=Sing', 'head': 30, 'deprel': 'nmod', 'lemma': 'טובה'}]"
"(33, 34)",מבחינת,,,,,,"(110, 116)",,"[{'id': 33, 'text': 'מ', 'upos': 'ADP', 'xpos': 'ADP', 'head': 34, 'deprel': 'case', 'lemma': 'מ'}, {'id': 34, 'text': 'בחינת', 'upos': 'NOUN', 'xpos': 'NOUN', 'feats': 'Definite=Cons|Gender=Fem|Number=Sing', 'head': 30, 'deprel': 'nmod', 'lemma': 'בחינה'}]"
"(35, 36)",התפיסה,,,,,,"(117, 123)",,"[{'id': 35, 'text': 'ה', 'upos': 'DET', 'xpos': 'DET', 'feats': 'PronType=Art', 'head': 36, 'deprel': 'det:def', 'lemma': 'ה'}, {'id': 36, 'text': 'תפיסה', 'upos': 'NOUN', 'xpos': 'NOUN', 'feats': 'Gender=Fem|Number=Sing', 'head': 34, 'deprel': 'compound:smixut', 'lemma': 'תפיסה'}]"
37,",",PUNCT,PUNCT,,29.0,punct,"(123, 124)",",",
"(38, 39)",וזה,,,,,,"(125, 128)",,"[{'id': 38, 'text': 'ו', 'upos': 'CCONJ', 'xpos': 'CCONJ', 'head': 40, 'deprel': 'cc', 'lemma': 'ו'}, {'id': 39, 'text': 'זה', 'upos': 'PRON', 'xpos': 'PRON', 'feats': 'Gender=Masc|Number=Sing|Person=3', 'head': 40, 'deprel': 'nsubj', 'lemma': 'זה'}]"
40,נחשב,VERB,VERB,"Gender=Masc|HebBinyan=NIFAL|Number=Sing|Person=1,2,3|VerbForm=Part|Voice=Mid",29.0,conj,"(129, 133)",נחשב,
"(41, 42)",לפתרון,,,,,,"(134, 140)",,"[{'id': 41, 'text': 'ל', 'upos': 'ADP', 'xpos': 'ADP', 'head': 42, 'deprel': 'case', 'lemma': 'ל'}, {'id': 42, 'text': 'פתרון', 'upos': 'NOUN', 'xpos': 'NOUN', 'feats': 'Gender=Masc|Number=Sing', 'head': 40, 'deprel': 'obl', 'lemma': 'פתרון'}]"
43,פחות,ADV,ADV,,44.0,advmod,"(141, 145)",פחות,
44,בעייתי,ADJ,ADJ,Gender=Masc|Number=Sing,42.0,amod,"(146, 152)",בעייתי,
"(45, 46)",מלהתגורר,,,,,,"(153, 161)",,"[{'id': 45, 'text': 'מ', 'upos': 'ADP', 'xpos': 'ADP', 'head': 46, 'deprel': 'case', 'lemma': 'מ'}, {'id': 46, 'text': 'להתגורר', 'upos': 'VERB', 'xpos': 'VERB', 'feats': 'HebBinyan=HITPAEL|VerbForm=Inf', 'head': 42, 'deprel': 'nmod', 'lemma': 'התגורר'}]"
"(47, 49)",בשיכון,,,,,,"(162, 168)",,"[{'id': 47, 'text': 'ב', 'upos': 'ADP', 'xpos': 'ADP', 'head': 49, 'deprel': 'case', 'lemma': 'ב'}, {'id': 48, 'text': 'ה_', 'upos': 'DET', 'xpos': 'DET', 'feats': 'PronType=Art', 'head': 49, 'deprel': 'det:def', 'lemma': 'ה'}, {'id': 49, 'text': 'שיכון', 'upos': 'NOUN', 'xpos': 'NOUN', 'feats': 'Gender=Masc|Number=Sing', 'head': 46, 'deprel': 'obl', 'lemma': 'שיכון'}]"
50,רב,ADJ,ADJ,Definite=Cons|Gender=Masc|Number=Sing,49.0,amod,"(169, 171)",רב,
51,קומתי,ADJ,ADJ,Gender=Masc|Number=Sing,50.0,compound:smixut,"(172, 177)",קומתי,
1,•,PUNCT,PUNCT,,0.0,root,"(1, 2)",•,
2,בעיקר,ADV,ADV,,3.0,advmod,"(3, 8)",בעיקר,
3,בגלל,ADP,ADP,,4.0,case,"(9, 13)",בגלל,
4,כניסה,NOUN,NOUN,Gender=Fem|Number=Sing,1.0,dep,"(14, 19)",כניסה,
5,נפרדת,ADJ,ADJ,Gender=Fem|Number=Sing,4.0,amod,"(20, 25)",נפרד,
"(6, 7)",ופחות,,,,,,"(26, 31)",,"[{'id': 6, 'text': 'ו', 'upos': 'CCONJ', 'xpos': 'CCONJ', 'head': 9, 'deprel': 'cc', 'lemma': 'ו'}, {'id': 7, 'text': 'פחות', 'upos': 'ADV', 'xpos': 'ADV', 'head': 9, 'deprel': 'advmod', 'lemma': 'פחות'}]"
"(8, 9)",הצורך,,,,,,"(32, 37)",,"[{'id': 8, 'text': 'ה', 'upos': 'DET', 'xpos': 'DET', 'feats': 'PronType=Art', 'head': 9, 'deprel': 'det:def', 'lemma': 'ה'}, {'id': 9, 'text': 'צורך', 'upos': 'NOUN', 'xpos': 'NOUN', 'feats': 'Gender=Masc|Number=Sing', 'head': 4, 'deprel': 'conj', 'lemma': 'צורך'}]"
"(10, 12)",בשטחים,,,,,,"(38, 44)",,"[{'id': 10, 'text': 'ב', 'upos': 'ADP', 'xpos': 'ADP', 'head': 12, 'deprel': 'case', 'lemma': 'ב'}, {'id': 11, 'text': 'ה_', 'upos': 'DET', 'xpos': 'DET', 'feats': 'PronType=Art', 'head': 12, 'deprel': 'det:def', 'lemma': 'ה'}, {'id': 12, 'text': 'שטחים', 'upos': 'NOUN', 'xpos': 'NOUN', 'feats': 'Gender=Masc|Number=Plur', 'head': 9, 'deprel': 'nmod', 'lemma': 'שטח'}]"
13,ציבוריים,ADJ,ADJ,Gender=Masc|Number=Plur,12.0,amod,"(45, 53)",ציבורי,
14,משותפים,ADJ,ADJ,Gender=Masc|Number=Plur,12.0,amod,"(54, 61)",משותף,
"(15, 16)",שצריך,,,,,,"(62, 67)",,"[{'id': 15, 'text': 'ש', 'upos': 'SCONJ', 'xpos': 'SCONJ', 'head': 16, 'deprel': 'mark', 'lemma': 'ש'}, {'id': 16, 'text': 'צריך', 'upos': 'AUX', 'xpos': 'AUX', 'feats': 'Gender=Masc|Number=Sing|Person=1,2,3|VerbType=Mod', 'head': 17, 'deprel': 'aux', 'lemma': 'צריך'}]"
17,לנהל,VERB,VERB,HebBinyan=PIEL|VerbForm=Inf|Voice=Act,9.0,acl:relcl,"(68, 72)",ניהל,
"(18, 19)",ביחד,,,,,,"(73, 77)",,"[{'id': 18, 'text': 'ב', 'upos': 'ADP', 'xpos': 'ADP', 'head': 22, 'deprel': 'case', 'lemma': 'ב'}, {'id': 19, 'text': 'יחד', 'upos': 'ADV', 'xpos': 'ADV', 'head': 18, 'deprel': 'fixed', 'lemma': 'יחד'}]"
20,עם,ADP,ADP,,18.0,fixed,"(78, 80)",עם,
"(21, 22)",הדיירים,,,,,,"(81, 88)",,"[{'id': 21, 'text': 'ה', 'upos': 'DET', 'xpos': 'DET', 'feats': 'PronType=Art', 'head': 22, 'deprel': 'det:def', 'lemma': 'ה'}, {'id': 22, 'text': 'דיירים', 'upos': 'NOUN', 'xpos': 'NOUN', 'feats': 'Gender=Masc|Number=Plur', 'head': 17, 'deprel': 'obl', 'lemma': 'דייר'}]"
"(1, 2)",וברור,,,,,,"(1, 6)",,"[{'id': 1, 'text': 'ו', 'upos': 'CCONJ', 'xpos': 'CCONJ', 'head': 2, 'deprel': 'cc', 'lemma': 'ו'}, {'id': 2, 'text': 'ברור', 'upos': 'ADJ', 'xpos': 'ADJ', 'feats': 'Gender=Masc|Number=Sing', 'head': 0, 'deprel': 'root', 'lemma': 'ברור'}]"
"(3, 4)",שזה,,,,,,"(7, 10)",,"[{'id': 3, 'text': 'ש', 'upos': 'SCONJ', 'xpos': 'SCONJ', 'head': 7, 'deprel': 'mark', 'lemma': 'ש'}, {'id': 4, 'text': 'זה', 'upos': 'PRON', 'xpos': 'PRON', 'feats': 'Gender=Masc|Number=Sing|Person=3', 'head': 7, 'deprel': 'nsubj', 'lemma': 'זה'}]"
5,עוד,ADV,ADV,,7.0,advmod,"(11, 14)",עוד,
6,יותר,ADV,ADV,,7.0,advmod,"(15, 19)",יותר,
7,עדיף,AUX,AUX,Gender=Masc|Number=Sing|Tense=Past|VerbType=Mod,2.0,advcl,"(20, 24)",עדיף,
8,אם,SCONJ,SCONJ,,12.0,mark,"(25, 27)",אם,
"(9, 10)",באותו,,,,,,"(28, 33)",,"[{'id': 9, 'text': 'ב', 'upos': 'ADP', 'xpos': 'ADP', 'head': 11, 'deprel': 'case', 'lemma': 'ב'}, {'id': 10, 'text': 'אותו', 'upos': 'PRON', 'xpos': 'PRON', 'feats': 'Definite=Def|Gender=Masc|Number=Sing|Person=3|PronType=Prs', 'head': 11, 'deprel': 'det', 'lemma': 'אותו'}]"
11,מקום,NOUN,NOUN,Gender=Masc|Number=Sing,12.0,obl,"(34, 38)",מקום,
12,גרים,VERB,VERB,"Gender=Masc|HebBinyan=PAAL|Number=Plur|Person=1,2,3|VerbForm=Part|Voice=Act",7.0,advcl,"(39, 43)",גר,
13,אחים,NOUN,NOUN,Number=Plur,12.0,nsubj,"(44, 48)",אח,
14,או,CCONJ,CCONJ,,15.0,cc,"(49, 51)",או,
15,תושבי,NOUN,NOUN,Definite=Cons|Gender=Masc|Number=Plur,13.0,conj,"(52, 57)",תושב,
16,סחינין,PROPN,PROPN,,15.0,compound:smixut,"(58, 64)",סחינין,
1,•,PUNCT,PUNCT,,5.0,punct,"(1, 2)",•,
2,העדפה,NOUN,NOUN,Gender=Fem|Number=Sing,5.0,nsubj,"(3, 8)",העדפה,
3,זו,PRON,PRON,Gender=Fem|Number=Sing|Person=3|PronType=Dem,2.0,det,"(9, 11)",זו,
4,הייתה,AUX,AUX,Gender=Fem|Number=Sing|Person=3|Polarity=Pos|Tense=Past|VerbType=Cop,5.0,cop,"(12, 17)",היה,
5,נחלת,NOUN,NOUN,Definite=Cons|Gender=Fem|Number=Sing,0.0,root,"(18, 22)",נחלה,
6,כל,DET,DET,Definite=Cons,7.0,det,"(23, 25)",כול,
7,משתתפי,NOUN,NOUN,Definite=Cons|Gender=Masc|Number=Plur,5.0,compound:smixut,"(26, 32)",משתתף,
"(8, 9)",הקבוצות,,,,,,"(33, 40)",,"[{'id': 8, 'text': 'ה', 'upos': 'DET', 'xpos': 'DET', 'feats': 'PronType=Art', 'head': 9, 'deprel': 'det:def', 'lemma': 'ה'}, {'id': 9, 'text': 'קבוצות', 'upos': 'NOUN', 'xpos': 'NOUN', 'feats': 'Gender=Fem|Number=Plur', 'head': 7, 'deprel': 'compound:smixut', 'lemma': 'קבוצה'}]"
10,למעט,CCONJ,CCONJ,,11.0,case,"(41, 45)",למעט,
11,מרואייני,NOUN,NOUN,Definite=Cons|Gender=Masc|Number=Plur,7.0,nmod,"(46, 54)",מרואיין,
"(12, 13)",העומק,,,,,,"(55, 60)",,"[{'id': 12, 'text': 'ה', 'upos': 'DET', 'xpos': 'DET', 'feats': 'PronType=Art', 'head': 13, 'deprel': 'det:def', 'lemma': 'ה'}, {'id': 13, 'text': 'עומק', 'upos': 'NOUN', 'xpos': 'NOUN', 'feats': 'Gender=Masc|Number=Sing', 'head': 11, 'deprel': 'compound:smixut', 'lemma': 'עומק'}]"
"(14, 15)",שהם,,,,,,"(61, 64)",,"[{'id': 14, 'text': 'ש', 'upos': 'SCONJ', 'xpos': 'SCONJ', 'head': 17, 'deprel': 'mark', 'lemma': 'ש'}, {'id': 15, 'text': 'הם', 'upos': 'PRON', 'xpos': 'PRON', 'feats': 'Gender=Masc|Number=Plur|Person=3|PronType=Prs', 'head': 17, 'deprel': 'nsubj', 'lemma': 'הוא'}]"
16,גם,ADV,ADV,,17.0,det,"(65, 67)",גם,
17,שוכרי,NOUN,NOUN,Definite=Cons|Gender=Masc|Number=Plur,11.0,acl:relcl,"(68, 73)",שוכר,
18,דירות,NOUN,NOUN,Gender=Fem|Number=Plur,17.0,compound:smixut,"(74, 79)",דירה,
"(19, 21)",שההעדפה,,,,,,"(80, 87)",,"[{'id': 19, 'text': 'ש', 'upos': 'SCONJ', 'xpos': 'SCONJ', 'head': 24, 'deprel': 'mark', 'lemma': 'ש'}, {'id': 20, 'text': 'ה', 'upos': 'DET', 'xpos': 'DET', 'feats': 'PronType=Art', 'head': 21, 'deprel': 'det:def', 'lemma': 'ה'}, {'id': 21, 'text': 'העדפה', 'upos': 'NOUN', 'xpos': 'NOUN', 'feats': 'Gender=Fem|Number=Sing', 'head': 24, 'deprel': 'nsubj', 'lemma': 'העדפה'}]"
"(22, 23)",שלהם,,,,,,"(88, 92)",,"[{'id': 22, 'text': 'של_', 'upos': 'ADP', 'xpos': 'ADP', 'feats': 'Case=Gen', 'head': 23, 'deprel': 'case:gen', 'lemma': 'של'}, {'id': 23, 'text': '_הם', 'upos': 'PRON', 'xpos': 'PRON', 'feats': 'Gender=Masc|Number=Plur|Person=3|PronType=Prs', 'head': 21, 'deprel': 'nmod:poss', 'lemma': 'הוא'}]"
24,קשורה,VERB,VERB,"Gender=Fem|HebBinyan=PAAL|Number=Sing|Person=1,2,3|VerbForm=Part|Voice=Act",17.0,acl:relcl,"(93, 98)",קשר,
"(25, 26)",ביכולת,,,,,,"(99, 105)",,"[{'id': 25, 'text': 'ב', 'upos': 'ADP', 'xpos': 'ADP', 'head': 26, 'deprel': 'case', 'lemma': 'ב'}, {'id': 26, 'text': 'יכולת', 'upos': 'NOUN', 'xpos': 'NOUN', 'feats': 'Gender=Fem|Number=Sing', 'head': 24, 'deprel': 'obl', 'lemma': 'יכולת'}]"
"(27, 28)",הכלכלית,,,,,,"(106, 113)",,"[{'id': 27, 'text': 'ה', 'upos': 'DET', 'xpos': 'DET', 'feats': 'PronType=Art', 'head': 28, 'deprel': 'det:def', 'lemma': 'ה'}, {'id': 28, 'text': 'כלכלית', 'upos': 'ADJ', 'xpos': 'ADJ', 'feats': 'Gender=Fem|Number=Sing', 'head': 26, 'deprel': 'amod', 'lemma': 'כלכלי'}]"
29,לממן,VERB,VERB,HebBinyan=PIEL|VerbForm=Inf|Voice=Act,26.0,acl,"(114, 118)",מימן,
30,פתרון,NOUN,NOUN,Gender=Masc|Number=Sing,29.0,obj,"(119, 124)",פתרון,
"(31, 33)",כזה,,,,,,"(125, 128)",,"[{'id': 31, 'text': 'כ', 'upos': 'ADP', 'xpos': 'ADP', 'head': 33, 'deprel': 'case', 'lemma': 'כ'}, {'id': 32, 'text': 'ה_', 'upos': 'DET', 'xpos': 'DET', 'feats': 'PronType=Art', 'head': 33, 'deprel': 'det:def', 'lemma': 'ה'}, {'id': 33, 'text': 'זה', 'upos': 'PRON', 'xpos': 'PRON', 'feats': 'Gender=Masc|Number=Sing|Person=3', 'head': 30, 'deprel': 'nmod', 'lemma': 'זה'}]"
1,•,PUNCT,PUNCT,,26.0,punct,"(1, 2)",•,
2,למרות,ADP,ADP,,4.0,case,"(3, 8)",למרות,
"(3, 4)",הידיעה,,,,,,"(9, 15)",,"[{'id': 3, 'text': 'ה', 'upos': 'DET', 'xpos': 'DET', 'feats': 'PronType=Art', 'head': 4, 'deprel': 'det:def', 'lemma': 'ה'}, {'id': 4, 'text': 'ידיעה', 'upos': 'NOUN', 'xpos': 'NOUN', 'feats': 'Gender=Fem|Number=Sing', 'head': 26, 'deprel': 'obl', 'lemma': 'ידיעה'}]"
5,כי,SCONJ,SCONJ,,15.0,mark,"(16, 18)",כי,
6,צורה,NOUN,NOUN,Gender=Fem|Number=Sing,15.0,nsubj,"(19, 23)",צורה,
"(7, 9)",כזו,,,,,,"(24, 27)",,"[{'id': 7, 'text': 'כ', 'upos': 'ADP', 'xpos': 'ADP', 'head': 9, 'deprel': 'case', 'lemma': 'כ'}, {'id': 8, 'text': 'ה_', 'upos': 'DET', 'xpos': 'DET', 'feats': 'PronType=Art', 'head': 9, 'deprel': 'det:def', 'lemma': 'ה'}, {'id': 9, 'text': 'זו', 'upos': 'PRON', 'xpos': 'PRON', 'feats': 'Gender=Fem|Number=Sing|Person=3|PronType=Dem', 'head': 6, 'deprel': 'nmod', 'lemma': 'זו'}]"
10,של,ADP,ADP,Case=Gen,11.0,case:gen,"(28, 30)",של,
11,מגורים,NOUN,NOUN,Gender=Masc|Number=Plur,6.0,nmod,"(31, 37)",מגורים,
12,תהיה,AUX,AUX,Gender=Fem|Number=Sing|Person=3|Polarity=Pos|Tense=Fut|VerbType=Cop,15.0,cop,"(38, 42)",היה,
13,הרבה,ADV,ADV,,15.0,advmod,"(43, 47)",הרבה,
14,יותר,ADV,ADV,,15.0,advmod,"(48, 52)",יותר,
15,יקרה,ADJ,ADJ,Gender=Fem|Number=Sing,4.0,acl:relcl,"(53, 57)",יקר,
16,מאשר,CCONJ,CCONJ,,18.0,case,"(58, 62)",מאשר,
"(17, 18)",ברכישת,,,,,,"(63, 69)",,"[{'id': 17, 'text': 'ב', 'upos': 'ADP', 'xpos': 'ADP', 'head': 18, 'deprel': 'case', 'lemma': 'ב'}, {'id': 18, 'text': 'רכישת', 'upos': 'NOUN', 'xpos': 'NOUN', 'feats': 'Definite=Cons|Gender=Fem|Number=Sing', 'head': 15, 'deprel': 'advmod', 'lemma': 'רכישה'}]"
19,שיכון,NOUN,NOUN,Gender=Masc|Number=Sing,18.0,compound:smixut,"(70, 75)",שיכון,
"(20, 21)",בקבוצת,,,,,,"(76, 82)",,"[{'id': 20, 'text': 'ב', 'upos': 'ADP', 'xpos': 'ADP', 'head': 21, 'deprel': 'case', 'lemma': 'ב'}, {'id': 21, 'text': 'קבוצת', 'upos': 'NOUN', 'xpos': 'NOUN', 'feats': 'Definite=Cons|Gender=Fem|Number=Sing', 'head': 18, 'deprel': 'nmod', 'lemma': 'קבוצה'}]"
"(22, 23)",הגברים,,,,,,"(83, 89)",,"[{'id': 22, 'text': 'ה', 'upos': 'DET', 'xpos': 'DET', 'feats': 'PronType=Art', 'head': 23, 'deprel': 'det:def', 'lemma': 'ה'}, {'id': 23, 'text': 'גברים', 'upos': 'NOUN', 'xpos': 'NOUN', 'feats': 'Gender=Masc|Number=Plur', 'head': 21, 'deprel': 'compound:smixut', 'lemma': 'גבר'}]"
"(24, 25)",הנושאים,,,,,,"(90, 97)",,"[{'id': 24, 'text': 'ה', 'upos': 'DET', 'xpos': 'DET', 'feats': 'PronType=Art', 'head': 25, 'deprel': 'det:def', 'lemma': 'ה'}, {'id': 25, 'text': 'נושאים', 'upos': 'VERB', 'xpos': 'VERB', 'feats': 'Gender=Masc|HebBinyan=PAAL|Number=Plur|Person=1,2,3|VerbForm=Part|Voice=Act', 'head': 23, 'deprel': 'acl:relcl', 'lemma': 'נשא'}]"
26,העדיפו,VERB,VERB,"Gender=Fem,Masc|HebBinyan=HIFIL|Number=Plur|Person=3|Tense=Past|Voice=Act",0.0,root,"(98, 104)",העדיף,
27,צורה,NOUN,NOUN,Gender=Fem|Number=Sing,26.0,obj,"(105, 109)",צורה,
28,זו,PRON,PRON,Gender=Fem|Number=Sing|Person=3|PronType=Dem,27.0,det,"(110, 112)",זו,
29,על,ADP,ADP,,31.0,case,"(113, 115)",על,
30,כל,DET,DET,Definite=Cons,31.0,det,"(116, 118)",כול,
31,צורה,NOUN,NOUN,Gender=Fem|Number=Sing,26.0,obl,"(119, 123)",צורה,
32,אחרת,ADJ,ADJ,Gender=Fem|Number=Sing,31.0,amod,"(124, 128)",אחר,
33,",",PUNCT,PUNCT,,26.0,punct,"(129, 130)",",",
34,גם,ADV,ADV,,35.0,advmod,"(131, 133)",גם,
"(35, 36)",כאופציה,,,,,,"(134, 141)",,"[{'id': 35, 'text': 'כ', 'upos': 'ADP', 'xpos': 'ADP', 'head': 36, 'deprel': 'case', 'lemma': 'כ'}, {'id': 36, 'text': 'אופציה', 'upos': 'NOUN', 'xpos': 'NOUN', 'feats': 'Gender=Fem|Number=Sing', 'head': 26, 'deprel': 'obl', 'lemma': 'אופציה'}]"
37,לרכוש,VERB,VERB,HebBinyan=PAAL|VerbForm=Inf|Voice=Act,36.0,acl,"(142, 147)",רכש,
38,בית,NOUN,NOUN,Gender=Masc|Number=Sing,37.0,obj,"(148, 151)",בית,
"(39, 41)",כזה,,,,,,"(152, 155)",,"[{'id': 39, 'text': 'כ', 'upos': 'ADP', 'xpos': 'ADP', 'head': 41, 'deprel': 'case', 'lemma': 'כ'}, {'id': 40, 'text': 'ה_', 'upos': 'DET', 'xpos': 'DET', 'feats': 'PronType=Art', 'head': 41, 'deprel': 'det:def', 'lemma': 'ה'}, {'id': 41, 'text': 'זה', 'upos': 'PRON', 'xpos': 'PRON', 'feats': 'Gender=Masc|Number=Sing|Person=3', 'head': 38, 'deprel': 'nmod', 'lemma': 'זה'}]"
42,עבור,ADP,ADP,,44.0,case,"(156, 160)",עבור,
"(43, 44)",הילדים,,,,,,"(161, 167)",,"[{'id': 43, 'text': 'ה', 'upos': 'DET', 'xpos': 'DET', 'feats': 'PronType=Art', 'head': 44, 'deprel': 'det:def', 'lemma': 'ה'}, {'id': 44, 'text': 'ילדים', 'upos': 'NOUN', 'xpos': 'NOUN', 'feats': 'Gender=Masc|Number=Plur', 'head': 37, 'deprel': 'obl', 'lemma': 'ילד'}]"
"(45, 46)",שלהם,,,,,,"(168, 172)",,"[{'id': 45, 'text': 'של_', 'upos': 'ADP', 'xpos': 'ADP', 'feats': 'Case=Gen', 'head': 46, 'deprel': 'case:gen', 'lemma': 'של'}, {'id': 46, 'text': '_הם', 'upos': 'PRON', 'xpos': 'PRON', 'feats': 'Gender=Masc|Number=Plur|Person=3|PronType=Prs', 'head': 44, 'deprel': 'nmod:poss', 'lemma': 'הוא'}]"
"(47, 48)",ובעיקר,,,,,,"(173, 179)",,"[{'id': 47, 'text': 'ו', 'upos': 'CCONJ', 'xpos': 'CCONJ', 'head': 50, 'deprel': 'cc', 'lemma': 'ו'}, {'id': 48, 'text': 'בעיקר', 'upos': 'ADV', 'xpos': 'ADV', 'head': 50, 'deprel': 'advmod', 'lemma': 'בעיקר'}]"
49,כי,SCONJ,SCONJ,,50.0,mark,"(180, 182)",כי,
50,ניתן,AUX,AUX,"Gender=Masc|Number=Sing|Person=1,2,3|VerbType=Mod",52.0,aux,"(183, 187)",ניתן,
51,גם,ADV,ADV,,52.0,advmod,"(188, 190)",גם,
52,לבנות,VERB,VERB,HebBinyan=PAAL|VerbForm=Inf|Voice=Act,36.0,acl:relcl,"(191, 196)",בנה,
"(53, 54)",לנכדים,,,,,,"(197, 203)",,"[{'id': 53, 'text': 'ל', 'upos': 'ADP', 'xpos': 'ADP', 'head': 54, 'deprel': 'case', 'lemma': 'ל'}, {'id': 54, 'text': 'נכדים', 'upos': 'NOUN', 'xpos': 'NOUN', 'feats': 'Gender=Masc|Number=Plur', 'head': 52, 'deprel': 'obl', 'lemma': 'נכד'}]"
1,•,PUNCT,PUNCT,,2.0,punct,"(1, 2)",•,
2,חשוב,AUX,AUX,"Gender=Masc|Number=Sing|Person=1,2,3|VerbType=Mod",3.0,aux,"(3, 7)",חשוב,
3,לציין,VERB,VERB,HebBinyan=PIEL|VerbForm=Inf|Voice=Act,0.0,root,"(8, 13)",ציין,
4,כי,SCONJ,SCONJ,,5.0,mark,"(14, 16)",כי,
5,צוין,VERB,VERB,"Gender=Masc|HebBinyan=PAAL|Number=Sing|Person=1,2,3|VerbForm=Part|Voice=Act",3.0,advcl,"(17, 21)",צוין,
"(6, 8)",ובאופן,,,,,,"(22, 28)",,"[{'id': 6, 'text': 'ו', 'upos': 'CCONJ', 'xpos': 'CCONJ', 'head': 5, 'deprel': 'dep', 'lemma': 'ו'}, {'id': 7, 'text': 'ב', 'upos': 'ADP', 'xpos': 'ADP', 'head': 8, 'deprel': 'case', 'lemma': 'ב'}, {'id': 8, 'text': 'אופן', 'upos': 'NOUN', 'xpos': 'NOUN', 'feats': 'Gender=Masc|Number=Sing', 'head': 5, 'deprel': 'obl', 'lemma': 'אופן'}]"
9,בלתי,ADV,ADV,Prefix=Yes,10.0,compound:affix,"(29, 33)",בלתי,
10,נעזר,VERB,VERB,"Gender=Masc|HebBinyan=NIFAL|Number=Sing|Person=1,2,3|VerbForm=Part|Voice=Mid",8.0,amod,"(34, 38)",נעזר,
11,את,ADP,ADP,Case=Acc,13.0,case:acc,"(39, 41)",את,
"(12, 13)",הצורך,,,,,,"(42, 47)",,"[{'id': 12, 'text': 'ה', 'upos': 'DET', 'xpos': 'DET', 'feats': 'PronType=Art', 'head': 13, 'deprel': 'det:def', 'lemma': 'ה'}, {'id': 13, 'text': 'צורך', 'upos': 'NOUN', 'xpos': 'NOUN', 'feats': 'Gender=Masc|Number=Sing', 'head': 5, 'deprel': 'obj', 'lemma': 'צורך'}]"
"(14, 16)",וההעדפה,,,,,,"(48, 55)",,"[{'id': 14, 'text': 'ו', 'upos': 'CCONJ', 'xpos': 'CCONJ', 'head': 16, 'deprel': 'cc', 'lemma': 'ו'}, {'id': 15, 'text': 'ה', 'upos': 'DET', 'xpos': 'DET', 'feats': 'PronType=Art', 'head': 16, 'deprel': 'det:def', 'lemma': 'ה'}, {'id': 16, 'text': 'העדפה', 'upos': 'NOUN', 'xpos': 'NOUN', 'feats': 'Gender=Fem|Number=Sing', 'head': 13, 'deprel': 'conj', 'lemma': 'העדפה'}]"
"(17, 18)",בחלקות,,,,,,"(56, 62)",,"[{'id': 17, 'text': 'ב', 'upos': 'ADP', 'xpos': 'ADP', 'head': 18, 'deprel': 'case', 'lemma': 'ב'}, {'id': 18, 'text': 'חלקות', 'upos': 'NOUN', 'xpos': 'NOUN', 'feats': 'Definite=Cons|Gender=Fem|Number=Plur', 'head': 16, 'deprel': 'nmod', 'lemma': 'חלקה'}]"
19,אדמה,NOUN,NOUN,Gender=Fem|Number=Sing,18.0,compound:smixut,"(63, 67)",אדמה,
20,כדי,ADP,ADP,,21.0,case,"(68, 71)",כדי,
21,לבנות,VERB,VERB,HebBinyan=PAAL|VerbForm=Inf|Voice=Act,5.0,advcl,"(72, 77)",בנה,
22,דירות,NOUN,NOUN,Gender=Fem|Number=Plur,21.0,obj,"(78, 83)",דירה,
23,עבור,ADP,ADP,,25.0,case,"(84, 88)",עבור,
"(24, 25)",הילדים,,,,,,"(89, 95)",,"[{'id': 24, 'text': 'ה', 'upos': 'DET', 'xpos': 'DET', 'feats': 'PronType=Art', 'head': 25, 'deprel': 'det:def', 'lemma': 'ה'}, {'id': 25, 'text': 'ילדים', 'upos': 'NOUN', 'xpos': 'NOUN', 'feats': 'Gender=Masc|Number=Plur', 'head': 22, 'deprel': 'nmod', 'lemma': 'ילד'}]"
26,אפילו,ADV,ADV,,29.0,advmod,"(96, 101)",אפילו,
27,אם,SCONJ,SCONJ,,29.0,mark,"(102, 104)",אם,
28,זה,PRON,PRON,Gender=Masc|Number=Sing|Person=3,29.0,nsubj,"(105, 107)",זה,
29,נראה,VERB,VERB,"Gender=Masc|HebBinyan=NIFAL|Number=Sing|Person=1,2,3|VerbForm=Part|Voice=Mid",5.0,advcl,"(108, 112)",נראה,
30,כמו,ADP,ADP,,31.0,case,"(113, 116)",כמו,
31,שיכון,NOUN,NOUN,Gender=Masc|Number=Sing,29.0,obl,"(117, 122)",שיכון,
1,דבר,NOUN,NOUN,Gender=Masc|Number=Sing,3.0,nsubj,"(1, 4)",דבר,
2,זה,PRON,PRON,Gender=Masc|Number=Sing|Person=3|PronType=Dem,1.0,det,"(5, 7)",זה,
3,עלה,VERB,VERB,Gender=Masc|HebBinyan=PAAL|Number=Sing|Person=3|Tense=Past|Voice=Act,0.0,root,"(8, 11)",עלה,
4,בעיקר,ADV,ADV,,5.0,advmod,"(12, 17)",בעיקר,
5,בקרב,ADP,ADP,,6.0,case,"(18, 22)",בקרב,
6,קבוצות,NOUN,NOUN,Definite=Cons|Gender=Fem|Number=Plur,3.0,obl,"(23, 29)",קבוצה,
"(7, 8)",הגברים,,,,,,"(30, 36)",,"[{'id': 7, 'text': 'ה', 'upos': 'DET', 'xpos': 'DET', 'feats': 'PronType=Art', 'head': 8, 'deprel': 'det:def', 'lemma': 'ה'}, {'id': 8, 'text': 'גברים', 'upos': 'NOUN', 'xpos': 'NOUN', 'feats': 'Gender=Masc|Number=Plur', 'head': 6, 'deprel': 'compound:smixut', 'lemma': 'גבר'}]"
"(9, 10)",הנשואים,,,,,,"(37, 44)",,"[{'id': 9, 'text': 'ה', 'upos': 'DET', 'xpos': 'DET', 'feats': 'PronType=Art', 'head': 10, 'deprel': 'det:def', 'lemma': 'ה'}, {'id': 10, 'text': 'נשואים', 'upos': 'ADJ', 'xpos': 'ADJ', 'feats': 'Gender=Masc|Number=Plur', 'head': 8, 'deprel': 'amod', 'lemma': 'נשוא'}]"
"(11, 12)",שמתחילים,,,,,,"(45, 53)",,"[{'id': 11, 'text': 'ש', 'upos': 'SCONJ', 'xpos': 'SCONJ', 'head': 12, 'deprel': 'mark', 'lemma': 'ש'}, {'id': 12, 'text': 'מתחילים', 'upos': 'VERB', 'xpos': 'VERB', 'feats': 'Gender=Masc|Number=Plur|Person=1,2,3|VerbForm=Part', 'head': 6, 'deprel': 'acl:relcl', 'lemma': 'התחיל'}]"
13,כבר,ADV,ADV,,12.0,advmod,"(54, 57)",כבר,
14,לדאוג,VERB,VERB,HebBinyan=PAAL|VerbForm=Inf|Voice=Act,12.0,xcomp,"(58, 63)",דאג,
"(15, 17)",לבנים,,,,,,"(64, 69)",,"[{'id': 15, 'text': 'ל', 'upos': 'ADP', 'xpos': 'ADP', 'head': 17, 'deprel': 'case', 'lemma': 'ל'}, {'id': 16, 'text': 'ה_', 'upos': 'DET', 'xpos': 'DET', 'feats': 'PronType=Art', 'head': 17, 'deprel': 'det:def', 'lemma': 'ה'}, {'id': 17, 'text': 'בנים', 'upos': 'NOUN', 'xpos': 'NOUN', 'feats': 'Gender=Masc|Number=Plur', 'head': 14, 'deprel': 'obl', 'lemma': 'בן'}]"
"(18, 19)",בהתאם,,,,,,"(70, 75)",,"[{'id': 18, 'text': 'ב', 'upos': 'ADP', 'xpos': 'ADP', 'head': 21, 'deprel': 'case', 'lemma': 'ב'}, {'id': 19, 'text': 'התאם', 'upos': 'NOUN', 'xpos': 'NOUN', 'feats': 'Gender=Masc|Number=Sing', 'head': 18, 'deprel': 'fixed', 'lemma': 'התאם'}]"
"(20, 21)",לנורמה,,,,,,"(76, 82)",,"[{'id': 20, 'text': 'ל', 'upos': 'ADP', 'xpos': 'ADP', 'head': 18, 'deprel': 'fixed', 'lemma': 'ל'}, {'id': 21, 'text': 'נורמה', 'upos': 'NOUN', 'xpos': 'NOUN', 'feats': 'Gender=Fem|Number=Sing', 'head': 14, 'deprel': 'obl', 'lemma': 'נורמה'}]"
"(22, 23)",החברתית,,,,,,"(83, 90)",,"[{'id': 22, 'text': 'ה', 'upos': 'DET', 'xpos': 'DET', 'feats': 'PronType=Art', 'head': 23, 'deprel': 'det:def', 'lemma': 'ה'}, {'id': 23, 'text': 'חברתית', 'upos': 'ADJ', 'xpos': 'ADJ', 'feats': 'Gender=Fem|Number=Sing', 'head': 21, 'deprel': 'amod', 'lemma': 'חברתי'}]"
1,•,PUNCT,PUNCT,,27.0,punct,"(1, 2)",•,
2,לאחר,ADP,ADP,,3.0,case,"(3, 7)",לאחר,
3,חקירה,NOUN,NOUN,Gender=Fem|Number=Sing,27.0,obl,"(8, 13)",חקירה,
4,מעמיקה,ADJ,ADJ,Gender=Fem|Number=Sing,3.0,amod,"(14, 20)",מעמיק,
"(5, 6)",ועימות,,,,,,"(21, 27)",,"[{'id': 5, 'text': 'ו', 'upos': 'CCONJ', 'xpos': 'CCONJ', 'head': 6, 'deprel': 'cc', 'lemma': 'ו'}, {'id': 6, 'text': 'עימות', 'upos': 'NOUN', 'xpos': 'NOUN', 'feats': 'Gender=Fem|Number=Sing', 'head': 3, 'deprel': 'conj', 'lemma': 'עימות'}]"
7,בין,ADP,ADP,,9.0,case,"(28, 31)",בין,
"(8, 9)",הנורמות,,,,,,"(32, 39)",,"[{'id': 8, 'text': 'ה', 'upos': 'DET', 'xpos': 'DET', 'feats': 'PronType=Art', 'head': 9, 'deprel': 'det:def', 'lemma': 'ה'}, {'id': 9, 'text': 'נורמות', 'upos': 'NOUN', 'xpos': 'NOUN', 'feats': 'Gender=Fem|Number=Plur', 'head': 6, 'deprel': 'nmod', 'lemma': 'נורמה'}]"
"(10, 12)",וההעדפות,,,,,,"(40, 48)",,"[{'id': 10, 'text': 'ו', 'upos': 'CCONJ', 'xpos': 'CCONJ', 'head': 12, 'deprel': 'cc', 'lemma': 'ו'}, {'id': 11, 'text': 'ה', 'upos': 'DET', 'xpos': 'DET', 'feats': 'PronType=Art', 'head': 12, 'deprel': 'det:def', 'lemma': 'ה'}, {'id': 12, 'text': 'העדפות', 'upos': 'NOUN', 'xpos': 'NOUN', 'feats': 'Gender=Fem|Number=Plur', 'head': 9, 'deprel': 'conj', 'lemma': 'העדפה'}]"
"(13, 14)",החברתיות,,,,,,"(49, 57)",,"[{'id': 13, 'text': 'ה', 'upos': 'DET', 'xpos': 'DET', 'feats': 'PronType=Art', 'head': 14, 'deprel': 'det:def', 'lemma': 'ה'}, {'id': 14, 'text': 'חברתיות', 'upos': 'ADJ', 'xpos': 'ADJ', 'feats': 'Gender=Fem|Number=Plur', 'head': 12, 'deprel': 'amod', 'lemma': 'חברתי'}]"
"(15, 16)",הקיימות,,,,,,"(58, 65)",,"[{'id': 15, 'text': 'ה', 'upos': 'DET', 'xpos': 'DET', 'feats': 'PronType=Art', 'head': 16, 'deprel': 'det:def', 'lemma': 'ה'}, {'id': 16, 'text': 'קיימות', 'upos': 'ADJ', 'xpos': 'ADJ', 'feats': 'Gender=Fem|Number=Plur', 'head': 9, 'deprel': 'amod', 'lemma': 'קיים'}]"
17,לבין,ADP,ADP,,19.0,case,"(66, 70)",לבין,
"(18, 19)",המציאות,,,,,,"(71, 78)",,"[{'id': 18, 'text': 'ה', 'upos': 'DET', 'xpos': 'DET', 'feats': 'PronType=Art', 'head': 19, 'deprel': 'det:def', 'lemma': 'ה'}, {'id': 19, 'text': 'מציאות', 'upos': 'NOUN', 'xpos': 'NOUN', 'feats': 'Gender=Fem|Number=Sing', 'head': 9, 'deprel': 'conj', 'lemma': 'מציאות'}]"
"(20, 21)",וזמינות,,,,,,"(79, 86)",,"[{'id': 20, 'text': 'ו', 'upos': 'CCONJ', 'xpos': 'CCONJ', 'head': 21, 'deprel': 'cc', 'lemma': 'ו'}, {'id': 21, 'text': 'זמינות', 'upos': 'NOUN', 'xpos': 'NOUN', 'feats': 'Definite=Cons|Gender=Fem|Number=Sing', 'head': 19, 'deprel': 'conj', 'lemma': 'זמינות'}]"
"(22, 23)",הפתרונות,,,,,,"(87, 95)",,"[{'id': 22, 'text': 'ה', 'upos': 'DET', 'xpos': 'DET', 'feats': 'PronType=Art', 'head': 23, 'deprel': 'det:def', 'lemma': 'ה'}, {'id': 23, 'text': 'פתרונות', 'upos': 'NOUN', 'xpos': 'NOUN', 'feats': 'Gender=Masc|Number=Plur', 'head': 21, 'deprel': 'compound:smixut', 'lemma': 'פתרון'}]"
24,",",PUNCT,PUNCT,,27.0,punct,"(96, 97)",",",
"(25, 26)",הרוב,,,,,,"(98, 102)",,"[{'id': 25, 'text': 'ה', 'upos': 'DET', 'xpos': 'DET', 'feats': 'PronType=Art', 'head': 26, 'deprel': 'det:def', 'lemma': 'ה'}, {'id': 26, 'text': 'רוב', 'upos': 'NOUN', 'xpos': 'NOUN', 'feats': 'Gender=Masc|Number=Sing', 'head': 27, 'deprel': 'nsubj', 'lemma': 'רוב'}]"
27,הסכים,VERB,VERB,Gender=Masc|HebBinyan=HIFIL|Number=Sing|Person=3|Tense=Past|Voice=Act,0.0,root,"(103, 108)",הסכים,
"(28, 29)",שפתרון,,,,,,"(109, 115)",,"[{'id': 28, 'text': 'ש', 'upos': 'SCONJ', 'xpos': 'SCONJ', 'head': 37, 'deprel': 'mark', 'lemma': 'ש'}, {'id': 29, 'text': 'פתרון', 'upos': 'NOUN', 'xpos': 'NOUN', 'feats': 'Gender=Masc|Number=Sing', 'head': 37, 'deprel': 'nsubj', 'lemma': 'פתרון'}]"
30,של,ADP,ADP,Case=Gen,31.0,case:gen,"(116, 118)",של,
31,שיכון,NOUN,NOUN,Gender=Masc|Number=Sing,29.0,nmod,"(119, 124)",שיכון,
32,עם,ADP,ADP,,33.0,case,"(125, 127)",עם,
33,אפשרות,NOUN,NOUN,Definite=Cons|Gender=Fem|Number=Sing,29.0,nmod,"(128, 134)",אפשרות,
34,בחירת,NOUN,NOUN,Definite=Cons|Gender=Fem|Number=Sing,33.0,compound:smixut,"(135, 140)",בחירה,
"(35, 36)",השכנים,,,,,,"(141, 147)",,"[{'id': 35, 'text': 'ה', 'upos': 'DET', 'xpos': 'DET', 'feats': 'PronType=Art', 'head': 36, 'deprel': 'det:def', 'lemma': 'ה'}, {'id': 36, 'text': 'שכנים', 'upos': 'NOUN', 'xpos': 'NOUN', 'feats': 'Gender=Masc|Number=Plur', 'head': 34, 'deprel': 'compound:smixut', 'lemma': 'שכן'}]"
37,עשוי,AUX,AUX,"Gender=Masc|Number=Sing|Person=1,2,3|VerbType=Mod",38.0,aux,"(148, 152)",עשוי,
38,להיות,AUX,AUX,Polarity=Pos|VerbForm=Inf|VerbType=Cop,27.0,ccomp,"(153, 158)",היה,
"(39, 40)",הפשרה,,,,,,"(159, 164)",,"[{'id': 39, 'text': 'ה', 'upos': 'DET', 'xpos': 'DET', 'feats': 'PronType=Art', 'head': 40, 'deprel': 'det:def', 'lemma': 'ה'}, {'id': 40, 'text': 'פשרה', 'upos': 'NOUN', 'xpos': 'NOUN', 'feats': 'Gender=Fem|Number=Sing', 'head': 38, 'deprel': 'obl', 'lemma': 'פשרה'}]"
41,הכי,ADV,ADV,,42.0,advmod,"(165, 168)",הכי,
42,אופטימאלית,ADJ,ADJ,Gender=Fem|Number=Sing,40.0,amod,"(169, 179)",אופטימאלי,
"(43, 46)",מבחינתם,,,,,,"(180, 187)",,"[{'id': 43, 'text': 'מ', 'upos': 'ADP', 'xpos': 'ADP', 'head': 44, 'deprel': 'case', 'lemma': 'מ'}, {'id': 44, 'text': 'בחינה_', 'upos': 'NOUN', 'xpos': 'NOUN', 'feats': 'Definite=Def|Gender=Fem|Number=Sing', 'head': 40, 'deprel': 'nmod', 'lemma': 'בחינה'}, {'id': 45, 'text': '_של_', 'upos': 'ADP', 'xpos': 'ADP', 'head': 46, 'deprel': 'case:gen', 'lemma': 'של'}, {'id': 46, 'text': '_הם', 'upos': 'PRON', 'xpos': 'PRON', 'feats': 'Case=Gen|Gender=Masc|Number=Plur|Person=3|PronType=Prs', 'head': 44, 'deprel': 'nmod:poss', 'lemma': 'הוא'}]"
1,•,PUNCT,PUNCT,,3.0,punct,"(1, 2)",•,
2,זאת,PRON,PRON,Gender=Fem|Number=Sing|Person=3|PronType=Dem,3.0,nsubj,"(3, 6)",זאת,
3,אומרת,VERB,VERB,"Gender=Fem|HebBinyan=PAAL|Number=Sing|Person=1,2,3|VerbForm=Part|Voice=Act",0.0,root,"(7, 12)",אמר,
4,לאפשר,VERB,VERB,HebBinyan=PIEL|VerbForm=Inf|Voice=Act,3.0,xcomp,"(13, 18)",אפשר,
"(5, 6)",לקרובי,,,,,,"(19, 25)",,"[{'id': 5, 'text': 'ל', 'upos': 'ADP', 'xpos': 'ADP', 'head': 6, 'deprel': 'case', 'lemma': 'ל'}, {'id': 6, 'text': 'קרובי', 'upos': 'NOUN', 'xpos': 'NOUN', 'feats': 'Definite=Cons|Gender=Masc|Number=Plur', 'head': 4, 'deprel': 'obl', 'lemma': 'קרוב'}]"
7,משפחה,NOUN,NOUN,Gender=Fem|Number=Sing,6.0,compound:smixut,"(26, 31)",משפחה,
8,",",PUNCT,PUNCT,,6.0,punct,"(31, 32)",",",
"(9, 11)",לאחים,,,,,,"(33, 38)",,"[{'id': 9, 'text': 'ל', 'upos': 'ADP', 'xpos': 'ADP', 'head': 11, 'deprel': 'case', 'lemma': 'ל'}, {'id': 10, 'text': 'ה_', 'upos': 'DET', 'xpos': 'DET', 'feats': 'PronType=Art', 'head': 11, 'deprel': 'det:def', 'lemma': 'ה'}, {'id': 11, 'text': 'אחים', 'upos': 'NOUN', 'xpos': 'NOUN', 'feats': 'Gender=Masc|Number=Plur', 'head': 6, 'deprel': 'conj', 'lemma': 'אח'}]"
12,או,CCONJ,CCONJ,,15.0,cc,"(39, 41)",או,
"(13, 15)",לחברים,,,,,,"(42, 48)",,"[{'id': 13, 'text': 'ל', 'upos': 'ADP', 'xpos': 'ADP', 'head': 15, 'deprel': 'case', 'lemma': 'ל'}, {'id': 14, 'text': 'ה_', 'upos': 'DET', 'xpos': 'DET', 'feats': 'PronType=Art', 'head': 15, 'deprel': 'det:def', 'lemma': 'ה'}, {'id': 15, 'text': 'חברים', 'upos': 'NOUN', 'xpos': 'NOUN', 'feats': 'Gender=Masc|Number=Plur', 'head': 6, 'deprel': 'conj', 'lemma': 'חבר'}]"
16,להתאגד,VERB,VERB,HebBinyan=HITPAEL|HebSource=ConvUncertainHead|VerbForm=Inf,4.0,dep,"(49, 55)",התאגד,
17,יחד,ADV,ADV,,16.0,advmod,"(56, 59)",יחד,
"(18, 20)",כקבוצה,,,,,,"(60, 66)",,"[{'id': 18, 'text': 'כ', 'upos': 'ADP', 'xpos': 'ADP', 'head': 20, 'deprel': 'case', 'lemma': 'כ'}, {'id': 19, 'text': 'ה_', 'upos': 'DET', 'xpos': 'DET', 'feats': 'PronType=Art', 'head': 20, 'deprel': 'det:def', 'lemma': 'ה'}, {'id': 20, 'text': 'קבוצה', 'upos': 'NOUN', 'xpos': 'NOUN', 'feats': 'Gender=Fem|Number=Sing', 'head': 16, 'deprel': 'obl', 'lemma': 'קבוצה'}]"
21,",",PUNCT,PUNCT,,16.0,punct,"(66, 67)",",",
"(22, 23)",ולאפשר,,,,,,"(68, 74)",,"[{'id': 22, 'text': 'ו', 'upos': 'CCONJ', 'xpos': 'CCONJ', 'head': 23, 'deprel': 'cc', 'lemma': 'ו'}, {'id': 23, 'text': 'לאפשר', 'upos': 'VERB', 'xpos': 'VERB', 'feats': 'HebBinyan=PIEL|VerbForm=Inf|Voice=Act', 'head': 4, 'deprel': 'conj', 'lemma': 'אפשר'}]"
"(24, 25)",להם,,,,,,"(75, 78)",,"[{'id': 24, 'text': 'ל_', 'upos': 'ADP', 'xpos': 'ADP', 'head': 25, 'deprel': 'case', 'lemma': 'ל'}, {'id': 25, 'text': '_הם', 'upos': 'PRON', 'xpos': 'PRON', 'feats': 'Gender=Masc|Number=Plur|Person=3|PronType=Prs', 'head': 23, 'deprel': 'obl', 'lemma': 'הוא'}]"
26,לבחור,VERB,VERB,HebBinyan=PAAL|HebSource=ConvUncertainHead|VerbForm=Inf|Voice=Act,23.0,dep,"(79, 84)",בחר,
"(27, 28)",בבלוק,,,,,,"(85, 90)",,"[{'id': 27, 'text': 'ב', 'upos': 'ADP', 'xpos': 'ADP', 'head': 28, 'deprel': 'case', 'lemma': 'ב'}, {'id': 28, 'text': 'בלוק', 'upos': 'NOUN', 'xpos': 'NOUN', 'feats': 'Gender=Masc|Number=Sing', 'head': 26, 'deprel': 'obl', 'lemma': 'בלוק'}]"
29,/,PUNCT,PUNCT,,30.0,punct,"(91, 92)",/,
30,שיכון,NOUN,NOUN,Gender=Masc|Number=Sing,28.0,conj,"(93, 98)",שיכון,
31,רב,ADJ,ADJ,Definite=Cons|Gender=Masc|Number=Sing,28.0,amod,"(99, 101)",רב,
32,קומות,NOUN,NOUN,Gender=Fem|Number=Plur,31.0,compound:smixut,"(102, 107)",קומה,
33,זה,PRON,PRON,Gender=Masc|Number=Sing|Person=3|PronType=Dem,37.0,det,"(108, 110)",זה,
34,יפחית,VERB,VERB,Gender=Masc|HebBinyan=HIFIL|Number=Sing|Person=3|Tense=Fut|Voice=Act,4.0,dep,"(111, 116)",הפחית,
35,את,ADP,ADP,Case=Acc,37.0,case:acc,"(117, 119)",את,
"(36, 37)",ההתנגדות,,,,,,"(120, 128)",,"[{'id': 36, 'text': 'ה', 'upos': 'DET', 'xpos': 'DET', 'feats': 'PronType=Art', 'head': 37, 'deprel': 'det:def', 'lemma': 'ה'}, {'id': 37, 'text': 'התנגדות', 'upos': 'NOUN', 'xpos': 'NOUN', 'feats': 'Gender=Fem|Number=Sing', 'head': 34, 'deprel': 'obj', 'lemma': 'התנגדות'}]"
"(38, 40)",לשיכון,,,,,,"(129, 135)",,"[{'id': 38, 'text': 'ל', 'upos': 'ADP', 'xpos': 'ADP', 'head': 40, 'deprel': 'case', 'lemma': 'ל'}, {'id': 39, 'text': 'ה_', 'upos': 'DET', 'xpos': 'DET', 'feats': 'PronType=Art', 'head': 40, 'deprel': 'det:def', 'lemma': 'ה'}, {'id': 40, 'text': 'שיכון', 'upos': 'NOUN', 'xpos': 'NOUN', 'feats': 'Gender=Masc|Number=Sing', 'head': 37, 'deprel': 'nmod', 'lemma': 'שיכון'}]"
"(41, 42)",בצורה,,,,,,"(136, 141)",,"[{'id': 41, 'text': 'ב', 'upos': 'ADP', 'xpos': 'ADP', 'head': 42, 'deprel': 'case', 'lemma': 'ב'}, {'id': 42, 'text': 'צורה', 'upos': 'NOUN', 'xpos': 'NOUN', 'feats': 'Gender=Fem|Number=Sing', 'head': 34, 'deprel': 'obl', 'lemma': 'צורה'}]"
43,מאוד,ADV,ADV,,44.0,advmod,"(142, 146)",מאוד,
44,משמעותית,ADJ,ADJ,Gender=Fem|Number=Sing,42.0,amod,"(147, 155)",משמעותי,
45,אפילו,ADV,ADV,,46.0,advmod,"(156, 161)",אפילו,
46,בקרב,ADP,ADP,,48.0,case,"(162, 166)",בקרב,
"(47, 48)",הנחקרים,,,,,,"(167, 174)",,"[{'id': 47, 'text': 'ה', 'upos': 'DET', 'xpos': 'DET', 'feats': 'PronType=Art', 'head': 48, 'deprel': 'det:def', 'lemma': 'ה'}, {'id': 48, 'text': 'נחקרים', 'upos': 'VERB', 'xpos': 'VERB', 'feats': 'Gender=Masc|HebBinyan=NIFAL|Number=Plur|Person=1,2,3|VerbForm=Part|Voice=Mid', 'head': 34, 'deprel': 'obl', 'lemma': 'נחקר'}]"
49,הכי,ADV,ADV,,50.0,advmod,"(175, 178)",הכי,
50,נוקשים,ADJ,ADJ,Gender=Masc|Number=Plur,48.0,amod,"(179, 185)",נוקש,
"(51, 52)",שגילו,,,,,,"(186, 191)",,"[{'id': 51, 'text': 'ש', 'upos': 'SCONJ', 'xpos': 'SCONJ', 'head': 52, 'deprel': 'mark', 'lemma': 'ש'}, {'id': 52, 'text': 'גילו', 'upos': 'VERB', 'xpos': 'VERB', 'feats': 'Gender=Fem,Masc|HebBinyan=PIEL|Number=Plur|Person=3|Tense=Past|Voice=Act', 'head': 48, 'deprel': 'acl:relcl', 'lemma': 'גילה'}]"
53,התנגדות,NOUN,NOUN,Definite=Cons|Gender=Fem|Number=Sing,52.0,obj,"(192, 199)",התנגדות,
54,עזה,PROPN,PROPN,,53.0,compound:smixut,"(200, 203)",עזה,
"(55, 56)",בתחילת,,,,,,"(204, 210)",,"[{'id': 55, 'text': 'ב', 'upos': 'ADP', 'xpos': 'ADP', 'head': 56, 'deprel': 'case', 'lemma': 'ב'}, {'id': 56, 'text': 'תחילת', 'upos': 'NOUN', 'xpos': 'NOUN', 'feats': 'Definite=Cons|Gender=Fem|Number=Sing', 'head': 52, 'deprel': 'obl', 'lemma': 'תחילה'}]"
"(57, 58)",השיחה,,,,,,"(211, 216)",,"[{'id': 57, 'text': 'ה', 'upos': 'DET', 'xpos': 'DET', 'feats': 'PronType=Art', 'head': 58, 'deprel': 'det:def', 'lemma': 'ה'}, {'id': 58, 'text': 'שיחה', 'upos': 'NOUN', 'xpos': 'NOUN', 'feats': 'Gender=Fem|Number=Sing', 'head': 56, 'deprel': 'compound:smixut', 'lemma': 'שיחה'}]"
1,מה,ADV,ADV,PronType=Int,2.0,nsubj,"(1, 3)",מה,
2,חשוב,AUX,AUX,"Gender=Masc|Number=Sing|Person=1,2,3|VerbType=Mod",16.0,ccomp,"(4, 8)",חשוב,
"(3, 4)",שלא,,,,,,"(9, 12)",,"[{'id': 3, 'text': 'ש', 'upos': 'SCONJ', 'xpos': 'SCONJ', 'head': 5, 'deprel': 'mark', 'lemma': 'ש'}, {'id': 4, 'text': 'לא', 'upos': 'ADV', 'xpos': 'ADV', 'feats': 'Polarity=Neg', 'head': 5, 'deprel': 'advmod', 'lemma': 'לא'}]"
5,יהיה,AUX,AUX,Gender=Masc|Number=Sing|Person=3|Polarity=Pos|Tense=Fut|VerbType=Cop,2.0,advcl,"(13, 17)",היה,
"(6, 8)",בשכונה,,,,,,"(18, 24)",,"[{'id': 6, 'text': 'ב', 'upos': 'ADP', 'xpos': 'ADP', 'head': 8, 'deprel': 'case', 'lemma': 'ב'}, {'id': 7, 'text': 'ה_', 'upos': 'DET', 'xpos': 'DET', 'feats': 'PronType=Art', 'head': 8, 'deprel': 'det:def', 'lemma': 'ה'}, {'id': 8, 'text': 'שכונה', 'upos': 'NOUN', 'xpos': 'NOUN', 'feats': 'Gender=Fem|Number=Sing', 'head': 5, 'deprel': 'obl', 'lemma': 'שכונה'}]"
9,זו,PRON,PRON,Gender=Fem|Number=Sing|Person=3|PronType=Dem,8.0,det,"(25, 27)",זו,
10,?,PUNCT,PUNCT,,2.0,punct,"(28, 29)",?,
11,•,PUNCT,PUNCT,,16.0,punct,"(30, 31)",•,
12,בקרב,ADP,ADP,,13.0,case,"(32, 36)",בקרב,
13,קבוצות,NOUN,NOUN,Definite=Cons|Gender=Fem|Number=Plur,16.0,obl,"(37, 43)",קבוצה,
"(14, 15)",הגברים,,,,,,"(44, 50)",,"[{'id': 14, 'text': 'ה', 'upos': 'DET', 'xpos': 'DET', 'feats': 'PronType=Art', 'head': 15, 'deprel': 'det:def', 'lemma': 'ה'}, {'id': 15, 'text': 'גברים', 'upos': 'NOUN', 'xpos': 'NOUN', 'feats': 'Gender=Masc|Number=Plur', 'head': 13, 'deprel': 'compound:smixut', 'lemma': 'גבר'}]"
16,הדגישו,VERB,VERB,"Gender=Fem,Masc|HebBinyan=HIFIL|Number=Plur|Person=3|Tense=Past|Voice=Act",0.0,root,"(51, 57)",הדגיש,
17,כי,SCONJ,SCONJ,,18.0,mark,"(58, 60)",כי,
18,חשוב,AUX,AUX,"Gender=Masc|Number=Sing|Person=1,2,3|VerbType=Mod",16.0,ccomp,"(61, 65)",חשוב,
"(19, 20)",להם,,,,,,"(66, 69)",,"[{'id': 19, 'text': 'ל_', 'upos': 'ADP', 'xpos': 'ADP', 'head': 20, 'deprel': 'case', 'lemma': 'ל'}, {'id': 20, 'text': '_הם', 'upos': 'PRON', 'xpos': 'PRON', 'feats': 'Gender=Masc|Number=Plur|Person=3|PronType=Prs', 'head': 18, 'deprel': 'obl', 'lemma': 'הוא'}]"
"(21, 22)",שלא,,,,,,"(70, 73)",,"[{'id': 21, 'text': 'ש', 'upos': 'SCONJ', 'xpos': 'SCONJ', 'head': 23, 'deprel': 'mark', 'lemma': 'ש'}, {'id': 22, 'text': 'לא', 'upos': 'ADV', 'xpos': 'ADV', 'feats': 'Polarity=Neg', 'head': 23, 'deprel': 'advmod', 'lemma': 'לא'}]"
23,יהיו,VERB,VERB,"Gender=Fem,Masc|HebExistential=True|Number=Plur|Person=3|Polarity=Pos|Tense=Fut",18.0,advcl,"(74, 78)",היה,
24,זרים,NOUN,NOUN,Gender=Masc|Number=Plur,23.0,nsubj,"(79, 83)",זר,
"(25, 26)",באותה,,,,,,"(84, 89)",,"[{'id': 25, 'text': 'ב', 'upos': 'ADP', 'xpos': 'ADP', 'head': 28, 'deprel': 'case', 'lemma': 'ב'}, {'id': 26, 'text': 'אותה', 'upos': 'PRON', 'xpos': 'PRON', 'feats': 'Definite=Def|Gender=Fem|Number=Sing|Person=3|PronType=Prs', 'head': 28, 'deprel': 'det', 'lemma': 'אותו'}]"
"(27, 28)",שכונה,,,,,,"(90, 95)",,"[{'id': 27, 'text': 'ש', 'upos': 'SCONJ', 'xpos': 'SCONJ', 'head': 28, 'deprel': 'mark', 'lemma': 'ש'}, {'id': 28, 'text': 'כונה', 'upos': 'VERB', 'xpos': 'VERB', 'feats': 'Gender=Fem|Number=Sing', 'head': 24, 'deprel': 'nmod', 'lemma': 'כונה'}]"
"(29, 31)",והכוונה,,,,,,"(96, 103)",,"[{'id': 29, 'text': 'ו', 'upos': 'CCONJ', 'xpos': 'CCONJ', 'head': 36, 'deprel': 'cc', 'lemma': 'ו'}, {'id': 30, 'text': 'ה', 'upos': 'DET', 'xpos': 'DET', 'feats': 'PronType=Art', 'head': 31, 'deprel': 'det:def', 'lemma': 'ה'}, {'id': 31, 'text': 'כוונה', 'upos': 'NOUN', 'xpos': 'NOUN', 'feats': 'Gender=Fem|Number=Sing', 'head': 36, 'deprel': 'nsubj', 'lemma': 'כוונה'}]"
"(32, 33)",מחוץ,,,,,,"(104, 108)",,"[{'id': 32, 'text': 'מ', 'upos': 'ADP', 'xpos': 'ADP', 'head': 36, 'deprel': 'case', 'lemma': 'מ'}, {'id': 33, 'text': 'חוץ', 'upos': 'NOUN', 'xpos': 'NOUN', 'feats': 'Gender=Masc|Number=Sing', 'head': 32, 'deprel': 'fixed', 'lemma': 'חוץ'}]"
"(34, 36)",לסח'נין,,,,,,"(109, 116)",,"[{'id': 34, 'text': 'ל', 'upos': 'ADP', 'xpos': 'ADP', 'head': 32, 'deprel': 'fixed', 'lemma': 'ל'}, {'id': 35, 'text': 'ה_', 'upos': 'DET', 'xpos': 'DET', 'feats': 'PronType=Art', 'head': 36, 'deprel': 'det:def', 'lemma': 'ה'}, {'id': 36, 'text': 'סחחנין', 'upos': 'NOUN', 'xpos': 'NOUN', 'feats': 'HebSource=ConvUncertainHead', 'head': 28, 'deprel': 'conj', 'lemma': 'סחחנין'}]"
1,•,PUNCT,PUNCT,,0.0,root,"(1, 2)",•,
"(2, 3)",שיהיו,,,,,,"(3, 8)",,"[{'id': 2, 'text': 'ש', 'upos': 'SCONJ', 'xpos': 'SCONJ', 'head': 3, 'deprel': 'mark', 'lemma': 'ש'}, {'id': 3, 'text': 'יהיו', 'upos': 'VERB', 'xpos': 'VERB', 'feats': 'Gender=Fem,Masc|HebExistential=True|Number=Plur|Person=3|Polarity=Pos|Tense=Fut', 'head': 1, 'deprel': 'dep', 'lemma': 'היה'}]"
4,קריטריונים,NOUN,NOUN,Gender=Masc|Number=Plur,3.0,nsubj,"(9, 19)",קריטריון,
5,ברורים,ADJ,ADJ,Gender=Masc|Number=Plur,4.0,amod,"(20, 26)",ברור,
"(6, 7)",לזכאות,,,,,,"(27, 33)",,"[{'id': 6, 'text': 'ל', 'upos': 'ADP', 'xpos': 'ADP', 'head': 7, 'deprel': 'case', 'lemma': 'ל'}, {'id': 7, 'text': 'זכאות', 'upos': 'NOUN', 'xpos': 'NOUN', 'feats': 'Gender=Fem|Number=Sing', 'head': 4, 'deprel': 'nmod', 'lemma': 'זכאה'}]"
"(8, 9)",למי,,,,,,"(34, 37)",,"[{'id': 8, 'text': 'ל', 'upos': 'ADP', 'xpos': 'ADP', 'head': 9, 'deprel': 'case', 'lemma': 'ל'}, {'id': 9, 'text': 'מי', 'upos': 'ADV', 'xpos': 'ADV', 'feats': 'PronType=Int', 'head': 7, 'deprel': 'nmod', 'lemma': 'מי'}]"
"(10, 11)",שיכול,,,,,,"(38, 43)",,"[{'id': 10, 'text': 'ש', 'upos': 'SCONJ', 'xpos': 'SCONJ', 'head': 11, 'deprel': 'mark', 'lemma': 'ש'}, {'id': 11, 'text': 'יכול', 'upos': 'AUX', 'xpos': 'AUX', 'feats': 'Gender=Masc|Number=Sing|Person=3|Tense=Past|VerbType=Mod', 'head': 12, 'deprel': 'aux', 'lemma': 'יכול'}]"
12,לגשת,VERB,VERB,HebBinyan=PAAL|VerbForm=Inf|Voice=Act,9.0,acl:relcl,"(44, 48)",לגשת,
13,לרכוש,VERB,VERB,HebBinyan=PAAL|HebSource=ConvUncertainHead|VerbForm=Inf|Voice=Act,12.0,dep,"(49, 54)",רכש,
14,בת,NOUN,NOUN,Definite=Cons|Gender=Fem|Number=Sing,13.0,obj,"(55, 57)",בת,
15,ים,NOUN,NOUN,Gender=Masc|Number=Plur,14.0,compound:smixut,"(57, 59)",ים,
"(16, 18)",כאלה,,,,,,"(60, 64)",,"[{'id': 16, 'text': 'כ', 'upos': 'ADP', 'xpos': 'ADP', 'head': 18, 'deprel': 'case', 'lemma': 'כ'}, {'id': 17, 'text': 'ה_', 'upos': 'DET', 'xpos': 'DET', 'feats': 'PronType=Art', 'head': 18, 'deprel': 'det:def', 'lemma': 'ה'}, {'id': 18, 'text': 'אלה', 'upos': 'PRON', 'xpos': 'PRON', 'feats': 'Gender=Masc|Number=Plur|Person=3|PronType=Dem', 'head': 14, 'deprel': 'nmod', 'lemma': 'אלה'}]"
1,•,PUNCT,PUNCT,,5.0,punct,"(1, 2)",•,
2,בקרב,ADP,ADP,,4.0,case,"(3, 7)",בקרב,
"(3, 4)",הנשים,,,,,,"(8, 13)",,"[{'id': 3, 'text': 'ה', 'upos': 'DET', 'xpos': 'DET', 'feats': 'PronType=Art', 'head': 4, 'deprel': 'det:def', 'lemma': 'ה'}, {'id': 4, 'text': 'נשים', 'upos': 'NOUN', 'xpos': 'NOUN', 'feats': 'Gender=Fem|Number=Plur', 'head': 5, 'deprel': 'obl', 'lemma': 'איש'}]"
5,בלט,VERB,VERB,Gender=Masc|HebBinyan=PAAL|Number=Sing|Person=3|Tense=Past|Voice=Act,0.0,root,"(14, 17)",בלט,
6,במיוחד,ADV,ADV,,5.0,advmod,"(18, 24)",במיוחד,
"(7, 8)",החשש,,,,,,"(25, 29)",,"[{'id': 7, 'text': 'ה', 'upos': 'DET', 'xpos': 'DET', 'feats': 'PronType=Art', 'head': 8, 'deprel': 'det:def', 'lemma': 'ה'}, {'id': 8, 'text': 'חשש', 'upos': 'NOUN', 'xpos': 'NOUN', 'feats': 'Gender=Masc|Number=Sing', 'head': 5, 'deprel': 'nsubj', 'lemma': 'חשש'}]"
"(9, 10)",ממיקום,,,,,,"(30, 36)",,"[{'id': 9, 'text': 'מ', 'upos': 'ADP', 'xpos': 'ADP', 'head': 10, 'deprel': 'case', 'lemma': 'מ'}, {'id': 10, 'text': 'מיקום', 'upos': 'NOUN', 'xpos': 'NOUN', 'feats': 'Gender=Masc|Number=Sing', 'head': 8, 'deprel': 'nmod', 'lemma': 'מיקום'}]"
11,של,ADP,ADP,Case=Gen,12.0,case:gen,"(37, 39)",של,
12,אזור,NOUN,NOUN,Definite=Cons|Gender=Masc|Number=Sing,10.0,nmod,"(40, 44)",אזור,
13,מפעלים,NOUN,NOUN,Gender=Masc|Number=Plur,12.0,compound:smixut,"(45, 51)",מפעל,
14,",",PUNCT,PUNCT,,12.0,punct,"(52, 53)",",",
"(15, 16)",שלא,,,,,,"(54, 57)",,"[{'id': 15, 'text': 'ש', 'upos': 'SCONJ', 'xpos': 'SCONJ', 'head': 17, 'deprel': 'mark', 'lemma': 'ש'}, {'id': 16, 'text': 'לא', 'upos': 'ADV', 'xpos': 'ADV', 'feats': 'Polarity=Neg', 'head': 17, 'deprel': 'advmod', 'lemma': 'לא'}]"
17,יהיו,VERB,VERB,"Gender=Fem,Masc|HebExistential=True|Number=Plur|Person=3|Polarity=Pos|Tense=Fut",12.0,acl:relcl,"(58, 62)",היה,
18,אנטנות,NOUN,NOUN,Gender=Fem|Number=Plur,17.0,nsubj,"(63, 69)",אנטנות,
19,סלולאריות,ADJ,ADJ,Gender=Fem|Number=Plur,18.0,amod,"(70, 79)",סלולארי,
20,",",PUNCT,PUNCT,,10.0,punct,"(79, 80)",",",
"(21, 22)",שלא,,,,,,"(81, 84)",,"[{'id': 21, 'text': 'ש', 'upos': 'SCONJ', 'xpos': 'SCONJ', 'head': 23, 'deprel': 'mark', 'lemma': 'ש'}, {'id': 22, 'text': 'לא', 'upos': 'ADV', 'xpos': 'ADV', 'feats': 'Polarity=Neg', 'head': 23, 'deprel': 'advmod', 'lemma': 'לא'}]"
23,יהיה,AUX,AUX,Gender=Masc|Number=Sing|Person=3|Polarity=Pos|Tense=Fut|VerbType=Cop,10.0,acl:relcl,"(85, 89)",היה,
24,סמוך,ADJ,ADJ,Gender=Masc|Number=Sing,23.0,advmod,"(90, 94)",סמוך,
"(25, 26)",לאזורי,,,,,,"(95, 101)",,"[{'id': 25, 'text': 'ל', 'upos': 'ADP', 'xpos': 'ADP', 'head': 26, 'deprel': 'case', 'lemma': 'ל'}, {'id': 26, 'text': 'אזורי', 'upos': 'NOUN', 'xpos': 'NOUN', 'feats': 'Definite=Cons|Gender=Masc|Number=Plur', 'head': 24, 'deprel': 'advmod', 'lemma': 'אזור'}]"
27,גידולי,NOUN,NOUN,Definite=Cons|Gender=Masc|Number=Plur,26.0,compound:smixut,"(102, 108)",גידול,
28,צאן,NOUN,NOUN,Gender=Masc|Number=Sing,27.0,compound:smixut,"(109, 112)",צאן,
"(29, 31)",בסביבה,,,,,,"(113, 119)",,"[{'id': 29, 'text': 'ב', 'upos': 'ADP', 'xpos': 'ADP', 'head': 31, 'deprel': 'case', 'lemma': 'ב'}, {'id': 30, 'text': 'ה_', 'upos': 'DET', 'xpos': 'DET', 'feats': 'PronType=Art', 'head': 31, 'deprel': 'det:def', 'lemma': 'ה'}, {'id': 31, 'text': 'סביבה', 'upos': 'NOUN', 'xpos': 'NOUN', 'feats': 'Gender=Fem|Number=Sing', 'head': 26, 'deprel': 'nmod', 'lemma': 'סביבה'}]"
32,",",PUNCT,PUNCT,HebSource=ConvUncertainHead,10.0,punct,"(119, 120)",",",
"(33, 34)",שלא,,,,,,"(121, 124)",,"[{'id': 33, 'text': 'ש', 'upos': 'SCONJ', 'xpos': 'SCONJ', 'head': 35, 'deprel': 'mark', 'lemma': 'ש'}, {'id': 34, 'text': 'לא', 'upos': 'ADV', 'xpos': 'ADV', 'feats': 'Polarity=Neg', 'head': 35, 'deprel': 'advmod', 'lemma': 'לא'}]"
35,יהיה,AUX,AUX,Gender=Masc|Number=Sing|Person=3|Polarity=Pos|Tense=Fut|VerbType=Cop,10.0,acl:relcl,"(125, 129)",היה,
36,ליד,ADP,ADP,,37.0,case,"(130, 133)",ליד,
37,מקור,NOUN,NOUN,Gender=Masc|Number=Sing,35.0,obl,"(134, 138)",מקור,
38,של,ADP,ADP,Case=Gen,39.0,case:gen,"(139, 141)",של,
39,רעשים,NOUN,NOUN,Gender=Masc|Number=Plur,37.0,nmod:poss,"(142, 147)",רעש,
"(40, 42)",בסביבה,,,,,,"(148, 154)",,"[{'id': 40, 'text': 'ב', 'upos': 'ADP', 'xpos': 'ADP', 'head': 42, 'deprel': 'case', 'lemma': 'ב'}, {'id': 41, 'text': 'ה_', 'upos': 'DET', 'xpos': 'DET', 'feats': 'PronType=Art', 'head': 42, 'deprel': 'det:def', 'lemma': 'ה'}, {'id': 42, 'text': 'סביבה', 'upos': 'NOUN', 'xpos': 'NOUN', 'feats': 'Gender=Fem|Number=Sing', 'head': 39, 'deprel': 'nmod', 'lemma': 'סביבה'}]"
1,פרק,NOUN,NOUN,Gender=Masc|Number=Sing,0.0,root,"(1, 4)",פרק,
2,4,NUM,NUM,,1.0,nummod,"(5, 6)",4,
3,-,PUNCT,PUNCT,,1.0,punct,"(6, 7)",-,
4,תפיסת,NOUN,NOUN,Definite=Cons|Gender=Fem|Number=Sing,1.0,nmod,"(8, 13)",תפיסה,
"(5, 6)",המחיר,,,,,,"(14, 19)",,"[{'id': 5, 'text': 'ה', 'upos': 'DET', 'xpos': 'DET', 'feats': 'PronType=Art', 'head': 6, 'deprel': 'det:def', 'lemma': 'ה'}, {'id': 6, 'text': 'מחיר', 'upos': 'NOUN', 'xpos': 'NOUN', 'feats': 'Gender=Masc|Number=Sing', 'head': 4, 'deprel': 'compound:smixut', 'lemma': 'מחיר'}]"
7,של,ADP,ADP,Case=Gen,8.0,case:gen,"(20, 22)",של,
8,דירות,NOUN,NOUN,Definite=Cons|Gender=Fem|Number=Plur,4.0,nmod:poss,"(23, 28)",דירה,
9,בנינים,NOUN,NOUN,Gender=Masc|Number=Plur,8.0,compound:smixut,"(29, 35)",בנין,
10,משותפים,ADJ,ADJ,Gender=Masc|Number=Plur,9.0,amod,"(36, 43)",משותף,
"(11, 12)",ועמדות,,,,,,"(44, 50)",,"[{'id': 11, 'text': 'ו', 'upos': 'CCONJ', 'xpos': 'CCONJ', 'head': 12, 'deprel': 'cc', 'lemma': 'ו'}, {'id': 12, 'text': 'עמדות', 'upos': 'NOUN', 'xpos': 'NOUN', 'feats': 'Gender=Fem|Number=Plur', 'head': 4, 'deprel': 'conj', 'lemma': 'עמדה'}]"
13,כלפי,ADP,ADP,,14.0,case,"(51, 55)",כלפי,
14,לקיחת,NOUN,NOUN,Definite=Cons|Gender=Fem|Number=Sing,12.0,nmod,"(56, 61)",לקיחה,
15,משכנתא,NOUN,NOUN,Gender=Fem|Number=Sing,14.0,compound:smixut,"(62, 68)",משכנתא,
"(16, 17)",לשאלת,,,,,,"(69, 74)",,"[{'id': 16, 'text': 'ל', 'upos': 'ADP', 'xpos': 'ADP', 'head': 17, 'deprel': 'case', 'lemma': 'ל'}, {'id': 17, 'text': 'שאלת', 'upos': 'NOUN', 'xpos': 'NOUN', 'feats': 'Definite=Cons|Gender=Fem|Number=Sing', 'head': 26, 'deprel': 'obl', 'lemma': 'שאלה'}]"
"(18, 19)",המחיר,,,,,,"(75, 80)",,"[{'id': 18, 'text': 'ה', 'upos': 'DET', 'xpos': 'DET', 'feats': 'PronType=Art', 'head': 19, 'deprel': 'det:def', 'lemma': 'ה'}, {'id': 19, 'text': 'מחיר', 'upos': 'NOUN', 'xpos': 'NOUN', 'feats': 'Gender=Masc|Number=Sing', 'head': 17, 'deprel': 'compound:smixut', 'lemma': 'מחיר'}]"
20,של,ADP,ADP,Case=Gen,21.0,case:gen,"(81, 83)",של,
21,דירה,NOUN,NOUN,Gender=Fem|Number=Sing,19.0,nmod:poss,"(84, 88)",דירה,
22,ממוצעת,ADJ,ADJ,Gender=Fem|Number=Sing,21.0,amod,"(89, 95)",ממוצע,
"(23, 25)",בשוק,,,,,,"(96, 100)",,"[{'id': 23, 'text': 'ב', 'upos': 'ADP', 'xpos': 'ADP', 'head': 25, 'deprel': 'case', 'lemma': 'ב'}, {'id': 24, 'text': 'ה_', 'upos': 'DET', 'xpos': 'DET', 'feats': 'PronType=Art', 'head': 25, 'deprel': 'det:def', 'lemma': 'ה'}, {'id': 25, 'text': 'שוק', 'upos': 'NOUN', 'xpos': 'NOUN', 'feats': 'Gender=Masc|Number=Sing', 'head': 21, 'deprel': 'nmod', 'lemma': 'שוק'}]"
26,עומד,VERB,VERB,"Gender=Masc|HebBinyan=PAAL|Number=Sing|Person=1,2,3|VerbForm=Part|Voice=Act",1.0,dep,"(101, 105)",עמד,
27,היום,ADV,ADV,,26.0,advmod,"(106, 110)",היום,
28,על,ADP,ADP,,33.0,case,"(111, 113)",על,
29,600,NUM,NUM,,33.0,nummod,"(114, 117)",600,
30,-,PUNCT,PUNCT,,29.0,punct,"(117, 118)",-,
31,650,NUM,NUM,,32.0,nummod,"(118, 121)",650,
32,אלף,NUM,NUM,Gender=Masc|Number=Sing,29.0,nummod,"(122, 125)",אלף,
33,₪,NOUN,NOUN,Gender=Masc|Number=Plur,26.0,obl,"(126, 127)",₪,
"(34, 36)",לדירה,,,,,,"(128, 133)",,"[{'id': 34, 'text': 'ל', 'upos': 'ADP', 'xpos': 'ADP', 'head': 36, 'deprel': 'case', 'lemma': 'ל'}, {'id': 35, 'text': 'ה_', 'upos': 'DET', 'xpos': 'DET', 'feats': 'PronType=Art', 'head': 36, 'deprel': 'det:def', 'lemma': 'ה'}, {'id': 36, 'text': 'דירה', 'upos': 'NOUN', 'xpos': 'NOUN', 'feats': 'Gender=Fem|Number=Sing', 'head': 33, 'deprel': 'nmod', 'lemma': 'דירה'}]"
37,",",PUNCT,PUNCT,,26.0,punct,"(133, 134)",",",
38,האם,ADV,ADV,PronType=Int,43.0,mark:q,"(135, 138)",האם,
"(39, 40)",הסכום,,,,,,"(139, 144)",,"[{'id': 39, 'text': 'ה', 'upos': 'DET', 'xpos': 'DET', 'feats': 'PronType=Art', 'head': 40, 'deprel': 'det:def', 'lemma': 'ה'}, {'id': 40, 'text': 'סכום', 'upos': 'NOUN', 'xpos': 'NOUN', 'feats': 'Gender=Masc|Number=Sing', 'head': 43, 'deprel': 'nsubj', 'lemma': 'סכום'}]"
"(41, 42)",הזה,,,,,,"(145, 148)",,"[{'id': 41, 'text': 'ה', 'upos': 'DET', 'xpos': 'DET', 'feats': 'PronType=Art', 'head': 42, 'deprel': 'det:def', 'lemma': 'ה'}, {'id': 42, 'text': 'זה', 'upos': 'PRON', 'xpos': 'PRON', 'feats': 'Gender=Masc|Number=Sing|Person=3|PronType=Dem', 'head': 40, 'deprel': 'det', 'lemma': 'זה'}]"
43,נראה,VERB,VERB,"Gender=Masc|HebBinyan=NIFAL|Number=Sing|Person=1,2,3|VerbForm=Part|Voice=Mid",26.0,advcl,"(149, 153)",נראה,
"(44, 45)",לך,,,,,,"(154, 156)",,"[{'id': 44, 'text': 'ל_', 'upos': 'ADP', 'xpos': 'ADP', 'head': 45, 'deprel': 'case', 'lemma': 'ל'}, {'id': 45, 'text': '_אתה', 'upos': 'PRON', 'xpos': 'PRON', 'feats': 'Gender=Masc|Number=Sing|Person=2|PronType=Prs', 'head': 43, 'deprel': 'obl', 'lemma': 'הוא'}]"
46,סביר,ADJ,ADJ,Gender=Masc|Number=Sing,43.0,xcomp,"(157, 161)",סביר,
47,עבור,ADP,ADP,,48.0,case,"(162, 166)",עבור,
48,רכישת,NOUN,NOUN,Definite=Cons|Gender=Fem|Number=Sing,46.0,advmod,"(167, 172)",רכישה,
49,דירה,NOUN,NOUN,Gender=Fem|Number=Sing,48.0,compound:smixut,"(173, 177)",דירה,
"(50, 51)",למשפחה,,,,,,"(178, 184)",,"[{'id': 50, 'text': 'ל', 'upos': 'ADP', 'xpos': 'ADP', 'head': 51, 'deprel': 'case', 'lemma': 'ל'}, {'id': 51, 'text': 'משפחה', 'upos': 'NOUN', 'xpos': 'NOUN', 'feats': 'Gender=Fem|Number=Sing', 'head': 49, 'deprel': 'nmod', 'lemma': 'משפחה'}]"
52,?,PUNCT,PUNCT,HebSource=ConvUncertainHead,1.0,punct,"(184, 185)",?,
53,•,PUNCT,PUNCT,,43.0,cc,"(186, 187)",•,
"(54, 55)",לשאלת,,,,,,"(188, 193)",,"[{'id': 54, 'text': 'ל', 'upos': 'ADP', 'xpos': 'ADP', 'head': 55, 'deprel': 'case', 'lemma': 'ל'}, {'id': 55, 'text': 'שאלת', 'upos': 'NOUN', 'xpos': 'NOUN', 'feats': 'Definite=Cons|Gender=Fem|Number=Sing', 'head': 43, 'deprel': 'obl', 'lemma': 'שאלה'}]"
"(56, 57)",המחיר,,,,,,"(194, 199)",,"[{'id': 56, 'text': 'ה', 'upos': 'DET', 'xpos': 'DET', 'feats': 'PronType=Art', 'head': 57, 'deprel': 'det:def', 'lemma': 'ה'}, {'id': 57, 'text': 'מחיר', 'upos': 'NOUN', 'xpos': 'NOUN', 'feats': 'Gender=Masc|Number=Sing', 'head': 81, 'deprel': 'nsubj', 'lemma': 'מחיר'}]"
58,של,ADP,ADP,Case=Gen,59.0,case:gen,"(200, 202)",של,
59,דירה,NOUN,NOUN,Gender=Fem|Number=Sing,57.0,nmod:poss,"(203, 207)",דירה,
60,ממוצעת,ADJ,ADJ,Gender=Fem|Number=Sing,59.0,amod,"(208, 214)",ממוצע,
"(61, 63)",בשוק,,,,,,"(215, 219)",,"[{'id': 61, 'text': 'ב', 'upos': 'ADP', 'xpos': 'ADP', 'head': 63, 'deprel': 'case', 'lemma': 'ב'}, {'id': 62, 'text': 'ה_', 'upos': 'DET', 'xpos': 'DET', 'feats': 'PronType=Art', 'head': 63, 'deprel': 'det:def', 'lemma': 'ה'}, {'id': 63, 'text': 'שוק', 'upos': 'NOUN', 'xpos': 'NOUN', 'feats': 'Gender=Masc|Number=Sing', 'head': 59, 'deprel': 'nmod', 'lemma': 'שוק'}]"
64,עומד,VERB,VERB,"Gender=Masc|HebBinyan=PAAL|Number=Sing|Person=1,2,3|VerbForm=Part|Voice=Act",43.0,parataxis,"(220, 224)",עמד,
65,היום,ADV,ADV,,64.0,advmod,"(225, 229)",היום,
66,על,ADP,ADP,,71.0,case,"(230, 232)",על,
67,600,NUM,NUM,,70.0,nummod,"(233, 236)",600,
68,-,PUNCT,PUNCT,,67.0,punct,"(236, 237)",-,
69,650,NUM,NUM,,70.0,nummod,"(237, 240)",650,
70,אלף,NUM,NUM,Gender=Masc|Number=Sing,71.0,nummod,"(241, 244)",אלף,
71,₪,NOUN,NOUN,Gender=Masc|Number=Plur,64.0,obl,"(245, 246)",₪,
"(72, 74)",לדירה,,,,,,"(247, 252)",,"[{'id': 72, 'text': 'ל', 'upos': 'ADP', 'xpos': 'ADP', 'head': 74, 'deprel': 'case', 'lemma': 'ל'}, {'id': 73, 'text': 'ה_', 'upos': 'DET', 'xpos': 'DET', 'feats': 'PronType=Art', 'head': 74, 'deprel': 'det:def', 'lemma': 'ה'}, {'id': 74, 'text': 'דירה', 'upos': 'NOUN', 'xpos': 'NOUN', 'feats': 'Gender=Fem|Number=Sing', 'head': 71, 'deprel': 'nmod', 'lemma': 'דירה'}]"
75,",",PUNCT,PUNCT,,43.0,punct,"(253, 254)",",",
76,האם,ADV,ADV,PronType=Int,81.0,mark:q,"(255, 258)",האם,
"(77, 78)",הסכום,,,,,,"(259, 264)",,"[{'id': 77, 'text': 'ה', 'upos': 'DET', 'xpos': 'DET', 'feats': 'PronType=Art', 'head': 78, 'deprel': 'det:def', 'lemma': 'ה'}, {'id': 78, 'text': 'סכום', 'upos': 'NOUN', 'xpos': 'NOUN', 'feats': 'Gender=Masc|Number=Sing', 'head': 81, 'deprel': 'nsubj', 'lemma': 'סכום'}]"
"(79, 80)",הזה,,,,,,"(265, 268)",,"[{'id': 79, 'text': 'ה', 'upos': 'DET', 'xpos': 'DET', 'feats': 'PronType=Art', 'head': 80, 'deprel': 'det:def', 'lemma': 'ה'}, {'id': 80, 'text': 'זה', 'upos': 'PRON', 'xpos': 'PRON', 'feats': 'Gender=Masc|Number=Sing|Person=3|PronType=Dem', 'head': 78, 'deprel': 'det', 'lemma': 'זה'}]"
81,נראה,VERB,VERB,"Gender=Masc|HebBinyan=NIFAL|Number=Sing|Person=1,2,3|VerbForm=Part|Voice=Mid",43.0,advcl,"(269, 273)",נראה,
"(82, 83)",לך,,,,,,"(274, 276)",,"[{'id': 82, 'text': 'ל_', 'upos': 'ADP', 'xpos': 'ADP', 'head': 83, 'deprel': 'case', 'lemma': 'ל'}, {'id': 83, 'text': '_אתה', 'upos': 'PRON', 'xpos': 'PRON', 'feats': 'Gender=Masc|Number=Sing|Person=2|PronType=Prs', 'head': 81, 'deprel': 'obl', 'lemma': 'הוא'}]"
84,סביר,ADJ,ADJ,Gender=Masc|Number=Sing,81.0,xcomp,"(277, 281)",סביר,
85,עבור,ADP,ADP,,86.0,case,"(282, 286)",עבור,
86,רכישת,NOUN,NOUN,Definite=Cons|Gender=Fem|Number=Sing,84.0,advmod,"(287, 292)",רכישה,
87,דירה,NOUN,NOUN,Gender=Fem|Number=Sing,86.0,compound:smixut,"(293, 297)",דירה,
"(88, 89)",למשפחה,,,,,,"(298, 304)",,"[{'id': 88, 'text': 'ל', 'upos': 'ADP', 'xpos': 'ADP', 'head': 89, 'deprel': 'case', 'lemma': 'ל'}, {'id': 89, 'text': 'משפחה', 'upos': 'NOUN', 'xpos': 'NOUN', 'feats': 'Gender=Fem|Number=Sing', 'head': 87, 'deprel': 'nmod', 'lemma': 'משפחה'}]"
90,?,PUNCT,PUNCT,,43.0,punct,"(304, 305)",?,
91,•,PUNCT,PUNCT,,98.0,cc,"(306, 307)",•,
"(92, 93)",בקבוצת,,,,,,"(308, 314)",,"[{'id': 92, 'text': 'ב', 'upos': 'ADP', 'xpos': 'ADP', 'head': 93, 'deprel': 'case', 'lemma': 'ב'}, {'id': 93, 'text': 'קבוצת', 'upos': 'NOUN', 'xpos': 'NOUN', 'feats': 'Definite=Cons|Gender=Fem|Number=Sing', 'head': 98, 'deprel': 'obl', 'lemma': 'קבוצה'}]"
"(94, 95)",הגברים,,,,,,"(315, 321)",,"[{'id': 94, 'text': 'ה', 'upos': 'DET', 'xpos': 'DET', 'feats': 'PronType=Art', 'head': 95, 'deprel': 'det:def', 'lemma': 'ה'}, {'id': 95, 'text': 'גברים', 'upos': 'NOUN', 'xpos': 'NOUN', 'feats': 'Gender=Masc|Number=Plur', 'head': 93, 'deprel': 'compound:smixut', 'lemma': 'גבר'}]"
"(96, 97)",הנשואים,,,,,,"(322, 329)",,"[{'id': 96, 'text': 'ה', 'upos': 'DET', 'xpos': 'DET', 'feats': 'PronType=Art', 'head': 97, 'deprel': 'det:def', 'lemma': 'ה'}, {'id': 97, 'text': 'נשואים', 'upos': 'NOUN', 'xpos': 'NOUN', 'feats': 'Gender=Masc|Number=Plur', 'head': 95, 'deprel': 'amod', 'lemma': 'נשוא'}]"
98,הביעו,VERB,VERB,"Gender=Fem,Masc|HebBinyan=HIFIL|Number=Plur|Person=3|Tense=Past|Voice=Act",1.0,dep,"(330, 335)",הביע,
99,התנגדות,NOUN,NOUN,Gender=Fem|Number=Sing,98.0,obj,"(336, 343)",התנגדות,
100,נחרצת,ADJ,ADJ,Gender=Fem|Number=Sing,99.0,amod,"(344, 349)",נחרץ,
"(101, 102)",לרמות,,,,,,"(350, 355)",,"[{'id': 101, 'text': 'ל', 'upos': 'ADP', 'xpos': 'ADP', 'head': 102, 'deprel': 'case', 'lemma': 'ל'}, {'id': 102, 'text': 'רמות', 'upos': 'NOUN', 'xpos': 'NOUN', 'feats': 'Definite=Cons|Gender=Fem|Number=Plur', 'head': 99, 'deprel': 'nmod', 'lemma': 'רמה'}]"
103,מחירים,NOUN,NOUN,Gender=Masc|Number=Plur,102.0,compound:smixut,"(356, 362)",מחיר,
"(104, 106)",כאלה,,,,,,"(363, 367)",,"[{'id': 104, 'text': 'כ', 'upos': 'ADP', 'xpos': 'ADP', 'head': 106, 'deprel': 'case', 'lemma': 'כ'}, {'id': 105, 'text': 'ה_', 'upos': 'DET', 'xpos': 'DET', 'feats': 'PronType=Art', 'head': 106, 'deprel': 'det:def', 'lemma': 'ה'}, {'id': 106, 'text': 'אלה', 'upos': 'PRON', 'xpos': 'PRON', 'feats': 'Gender=Masc|Number=Plur|Person=3|PronType=Dem', 'head': 103, 'deprel': 'nmod', 'lemma': 'אלה'}]"
"(1, 3)",בעיקר,,,,,,"(1, 6)",,"[{'id': 1, 'text': 'ב', 'upos': 'ADP', 'xpos': 'ADP', 'head': 3, 'deprel': 'case', 'lemma': 'ב'}, {'id': 2, 'text': 'ה_', 'upos': 'DET', 'xpos': 'DET', 'feats': 'PronType=Art', 'head': 3, 'deprel': 'det:def', 'lemma': 'ה'}, {'id': 3, 'text': 'עיקר', 'upos': 'NOUN', 'xpos': 'NOUN', 'feats': 'Gender=Masc|Number=Sing', 'head': 0, 'deprel': 'root', 'lemma': 'עיקר'}]"
"(4, 5)",כשמשווים,,,,,,"(7, 15)",,"[{'id': 4, 'text': 'כש', 'upos': 'SCONJ', 'xpos': 'SCONJ', 'feats': 'Case=Tem', 'head': 5, 'deprel': 'mark', 'lemma': 'כש'}, {'id': 5, 'text': 'משווים', 'upos': 'VERB', 'xpos': 'VERB', 'feats': 'Gender=Masc|HebBinyan=PIEL|Number=Plur|Person=1,2,3|VerbForm=Part|Voice=Act', 'head': 3, 'deprel': 'advcl', 'lemma': 'שיווה'}]"
"(6, 7)",לחלופה,,,,,,"(16, 22)",,"[{'id': 6, 'text': 'ל', 'upos': 'ADP', 'xpos': 'ADP', 'head': 7, 'deprel': 'case', 'lemma': 'ל'}, {'id': 7, 'text': 'חלופה', 'upos': 'NOUN', 'xpos': 'NOUN', 'feats': 'Gender=Fem|Number=Sing', 'head': 5, 'deprel': 'obl', 'lemma': 'חלופה'}]"
8,לרכוש,VERB,VERB,HebBinyan=PAAL|VerbForm=Inf|Voice=Act,5.0,xcomp,"(23, 28)",רכש,
9,חלקת,NOUN,NOUN,Definite=Cons|Gender=Fem|Number=Sing,8.0,obj,"(29, 33)",חלקה,
10,אדמה,NOUN,NOUN,Gender=Fem|Number=Sing,9.0,compound:smixut,"(34, 38)",אדמה,
"(11, 12)",ולבנות,,,,,,"(39, 45)",,"[{'id': 11, 'text': 'ו', 'upos': 'CCONJ', 'xpos': 'CCONJ', 'head': 12, 'deprel': 'cc', 'lemma': 'ו'}, {'id': 12, 'text': 'לבנות', 'upos': 'VERB', 'xpos': 'VERB', 'feats': 'HebBinyan=PAAL|VerbForm=Inf|Voice=Act', 'head': 8, 'deprel': 'conj', 'lemma': 'בנה'}]"
13,עליה,ADV,ADV,,12.0,advmod,"(46, 50)",עלייה,
"(14, 15)",באותו,,,,,,"(51, 56)",,"[{'id': 14, 'text': 'ב', 'upos': 'ADP', 'xpos': 'ADP', 'head': 17, 'deprel': 'case', 'lemma': 'ב'}, {'id': 15, 'text': 'אותו', 'upos': 'PRON', 'xpos': 'PRON', 'feats': 'Definite=Def|Gender=Masc|Number=Sing|Person=3|PronType=Prs', 'head': 17, 'deprel': 'det', 'lemma': 'אותו'}]"
"(16, 17)",המחיר,,,,,,"(57, 62)",,"[{'id': 16, 'text': 'ה', 'upos': 'DET', 'xpos': 'DET', 'feats': 'PronType=Art', 'head': 17, 'deprel': 'det:def', 'lemma': 'ה'}, {'id': 17, 'text': 'מחיר', 'upos': 'NOUN', 'xpos': 'NOUN', 'feats': 'Gender=Masc|Number=Sing', 'head': 12, 'deprel': 'obl', 'lemma': 'מחיר'}]"
1,גם,ADV,ADV,,3.0,advmod,"(1, 3)",גם,
"(2, 3)",כשהסברנו,,,,,,"(4, 12)",,"[{'id': 2, 'text': 'כש', 'upos': 'SCONJ', 'xpos': 'SCONJ', 'feats': 'Case=Tem', 'head': 3, 'deprel': 'mark', 'lemma': 'כש'}, {'id': 3, 'text': 'הסברנו', 'upos': 'VERB', 'xpos': 'VERB', 'feats': 'Gender=Fem,Masc|Number=Plur|Person=1|Tense=Past', 'head': 14, 'deprel': 'advcl', 'lemma': 'הסביר'}]"
4,כי,SCONJ,SCONJ,,5.0,mark,"(13, 15)",כי,
5,מדובר,VERB,VERB,"Gender=Masc|HebBinyan=PUAL|Number=Sing|Person=1,2,3|VerbForm=Part|Voice=Pass",3.0,ccomp,"(16, 21)",דובר,
"(6, 7)",במחיר,,,,,,"(22, 27)",,"[{'id': 6, 'text': 'ב', 'upos': 'ADP', 'xpos': 'ADP', 'head': 7, 'deprel': 'case', 'lemma': 'ב'}, {'id': 7, 'text': 'מחיר', 'upos': 'NOUN', 'xpos': 'NOUN', 'feats': 'Gender=Masc|Number=Sing', 'head': 5, 'deprel': 'obl', 'lemma': 'מחיר'}]"
8,כולל,VERB,VERB,"Gender=Masc|HebBinyan=PAAL|Number=Sing|Person=1,2,3|VerbForm=Part|Voice=Act",7.0,acl,"(28, 32)",כלל,
9,פיתוח,NOUN,NOUN,Gender=Masc|Number=Sing,7.0,nmod,"(33, 38)",פיתוח,
"(10, 11)",ותשתיות,,,,,,"(39, 46)",,"[{'id': 10, 'text': 'ו', 'upos': 'CCONJ', 'xpos': 'CCONJ', 'head': 11, 'deprel': 'cc', 'lemma': 'ו'}, {'id': 11, 'text': 'תשתיות', 'upos': 'NOUN', 'xpos': 'NOUN', 'feats': 'Gender=Fem|Number=Plur', 'head': 9, 'deprel': 'conj', 'lemma': 'תשתית'}]"
12,גם,ADV,ADV,,13.0,advmod,"(47, 49)",גם,
13,אז,ADV,ADV,,14.0,advmod,"(50, 52)",אז,
14,נתקלנו,VERB,VERB,"Gender=Fem,Masc|HebBinyan=NIFAL|Number=Plur|Person=3|Tense=Past|Voice=Mid",0.0,root,"(53, 59)",נתקלן,
"(15, 16)",בהתנגדות,,,,,,"(60, 68)",,"[{'id': 15, 'text': 'ב', 'upos': 'ADP', 'xpos': 'ADP', 'head': 16, 'deprel': 'case', 'lemma': 'ב'}, {'id': 16, 'text': 'התנגדות', 'upos': 'NOUN', 'xpos': 'NOUN', 'feats': 'Gender=Fem|Number=Sing', 'head': 14, 'deprel': 'obl', 'lemma': 'התנגדות'}]"
"(17, 18)",וטענו,,,,,,"(69, 74)",,"[{'id': 17, 'text': 'ו', 'upos': 'CCONJ', 'xpos': 'CCONJ', 'head': 18, 'deprel': 'cc', 'lemma': 'ו'}, {'id': 18, 'text': 'טענו', 'upos': 'VERB', 'xpos': 'VERB', 'feats': 'Gender=Fem,Masc|HebBinyan=PAAL|Number=Plur|Person=3|Tense=Past|Voice=Act', 'head': 14, 'deprel': 'conj', 'lemma': 'טען'}]"
19,כי,SCONJ,SCONJ,,31.0,mark,"(75, 77)",כי,
"(20, 21)",המחיר,,,,,,"(78, 83)",,"[{'id': 20, 'text': 'ה', 'upos': 'DET', 'xpos': 'DET', 'feats': 'PronType=Art', 'head': 21, 'deprel': 'det:def', 'lemma': 'ה'}, {'id': 21, 'text': 'מחיר', 'upos': 'NOUN', 'xpos': 'NOUN', 'feats': 'Gender=Masc|Number=Sing', 'head': 31, 'deprel': 'nsubj:cop', 'lemma': 'מחיר'}]"
"(22, 23)",הסביר,,,,,,"(84, 89)",,"[{'id': 22, 'text': 'ה', 'upos': 'DET', 'xpos': 'DET', 'feats': 'PronType=Art', 'head': 23, 'deprel': 'det:def', 'lemma': 'ה'}, {'id': 23, 'text': 'סביר', 'upos': 'ADJ', 'xpos': 'ADJ', 'feats': 'Gender=Masc|Number=Sing', 'head': 21, 'deprel': 'amod', 'lemma': 'סביר'}]"
"(24, 26)",בשוק,,,,,,"(90, 94)",,"[{'id': 24, 'text': 'ב', 'upos': 'ADP', 'xpos': 'ADP', 'head': 26, 'deprel': 'case', 'lemma': 'ב'}, {'id': 25, 'text': 'ה_', 'upos': 'DET', 'xpos': 'DET', 'feats': 'PronType=Art', 'head': 26, 'deprel': 'det:def', 'lemma': 'ה'}, {'id': 26, 'text': 'שוק', 'upos': 'NOUN', 'xpos': 'NOUN', 'feats': 'Gender=Masc|Number=Sing', 'head': 21, 'deprel': 'nmod', 'lemma': 'שוק'}]"
27,זהו,PRON,PRON,Gender=Masc|Number=Sing|Person=3|PronType=Dem,31.0,cop,"(95, 98)",זהו,
"(28, 29)",כמאה,,,,,,"(99, 103)",,"[{'id': 28, 'text': 'כ', 'upos': 'ADP', 'xpos': 'ADP', 'head': 31, 'deprel': 'det', 'lemma': 'כ'}, {'id': 29, 'text': 'מאה', 'upos': 'NUM', 'xpos': 'NUM', 'feats': 'Gender=Fem|Number=Sing', 'head': 30, 'deprel': 'nummod', 'lemma': 'מאה'}]"
30,אלף,NUM,NUM,Gender=Masc|Number=Sing,31.0,nummod,"(104, 107)",אלף,
31,דולר,NOUN,NOUN,Gender=Masc|Number=Sing,18.0,ccomp,"(108, 112)",דולר,
1,•,PUNCT,PUNCT,,0.0,root,"(1, 2)",•,
2,"""",PUNCT,PUNCT,,6.0,punct,"(3, 4)","""",
3,זה,PRON,PRON,Gender=Masc|Number=Sing|Person=3,6.0,nsubj,"(4, 6)",זה,
4,לא,ADV,ADV,Polarity=Neg,6.0,det,"(7, 9)",לא,
"(5, 6)",שלך,,,,,,"(10, 13)",,"[{'id': 5, 'text': 'של_', 'upos': 'ADP', 'xpos': 'ADP', 'feats': 'Case=Gen', 'head': 6, 'deprel': 'case:gen', 'lemma': 'של'}, {'id': 6, 'text': '_אתה', 'upos': 'PRON', 'xpos': 'PRON', 'feats': 'Gender=Masc|Number=Sing|Person=2|PronType=Prs', 'head': 1, 'deprel': 'dep', 'lemma': 'הוא'}]"
7,באמת,ADV,ADV,,6.0,advmod,"(14, 18)",באמת,
8,"""",PUNCT,PUNCT,,6.0,punct,"(18, 19)","""",
9,"""",PUNCT,PUNCT,,6.0,punct,"(20, 21)","""",
10,עדיף,AUX,AUX,Gender=Masc|Number=Sing|Tense=Past|VerbType=Mod,11.0,aux,"(21, 25)",עדיף,
11,לרכוש,VERB,VERB,HebBinyan=PAAL|VerbForm=Inf|Voice=Act,1.0,dep,"(26, 31)",רכש,
12,300,NUM,NUM,,13.0,nummod,"(32, 35)",300,
13,מטר,NOUN,NOUN,Gender=Masc|Number=Sing,11.0,obj,"(36, 39)",מטר,
14,קרקע,NOUN,NOUN,Gender=Fem|Number=Sing,13.0,compound:smixut,"(40, 44)",קרקע,
"(15, 16)",ואבנה,,,,,,"(45, 50)",,"[{'id': 15, 'text': 'ו', 'upos': 'CCONJ', 'xpos': 'CCONJ', 'head': 16, 'deprel': 'cc', 'lemma': 'ו'}, {'id': 16, 'text': 'אבנה', 'upos': 'VERB', 'xpos': 'VERB', 'feats': 'Gender=Fem,Masc|Number=Sing|Person=1|Tense=Fut', 'head': 11, 'deprel': 'conj', 'lemma': 'אבן'}]"
17,לאט,ADV,ADV,,16.0,advmod,"(51, 54)",לאט,
18,לאט,ADV,ADV,HebSource=ConvUncertainHead,17.0,fixed,"(55, 58)",לאט,
"(19, 20)",ולא,,,,,,"(59, 62)",,"[{'id': 19, 'text': 'ו', 'upos': 'CCONJ', 'xpos': 'CCONJ', 'head': 21, 'deprel': 'cc', 'lemma': 'ו'}, {'id': 20, 'text': 'לא', 'upos': 'ADV', 'xpos': 'ADV', 'feats': 'Polarity=Neg', 'head': 21, 'deprel': 'advmod', 'lemma': 'לא'}]"
21,יעלה,VERB,VERB,Gender=Masc|HebBinyan=PAAL|Number=Sing|Person=3|Tense=Fut|Voice=Act,16.0,conj,"(63, 67)",עלה,
"(22, 23)",לי,,,,,,"(68, 70)",,"[{'id': 22, 'text': 'ל_', 'upos': 'ADP', 'xpos': 'ADP', 'head': 23, 'deprel': 'case', 'lemma': 'ל'}, {'id': 23, 'text': '_אני', 'upos': 'PRON', 'xpos': 'PRON', 'feats': 'Gender=Fem,Masc|Number=Sing|Person=1|PronType=Prs', 'head': 21, 'deprel': 'obl', 'lemma': 'הוא'}]"
24,600,NUM,NUM,,25.0,nummod,"(71, 74)",600,
25,אלף,NUM,NUM,Gender=Masc|Number=Sing,21.0,nsubj,"(75, 78)",אלף,
26,"""",PUNCT,PUNCT,,10.0,punct,"(78, 79)","""",
27,"""",PUNCT,PUNCT,,41.0,punct,"(80, 81)","""",
28,600,NUM,NUM,,29.0,nummod,"(82, 85)",600,
29,אלף,NUM,NUM,Gender=Masc|Number=Sing,41.0,dep,"(86, 89)",אלף,
30,עבור,ADP,ADP,,31.0,case,"(90, 94)",עבור,
31,דירה,NOUN,NOUN,Gender=Fem|Number=Sing,29.0,obl,"(95, 99)",דירה,
"(32, 33)",שזה,,,,,,"(100, 103)",,"[{'id': 32, 'text': 'ש', 'upos': 'SCONJ', 'xpos': 'SCONJ', 'head': 35, 'deprel': 'mark', 'lemma': 'ש'}, {'id': 33, 'text': 'זה', 'upos': 'PRON', 'xpos': 'PRON', 'feats': 'Gender=Masc|Number=Sing|Person=3', 'head': 35, 'deprel': 'nsubj', 'lemma': 'זה'}]"
34,לא,ADV,ADV,Polarity=Neg,35.0,advmod,"(104, 106)",לא,
35,בית,NOUN,NOUN,Gender=Masc|Number=Sing,31.0,acl:relcl,"(107, 110)",בית,
36,",",PUNCT,PUNCT,,38.0,punct,"(110, 111)",",",
37,זה,PRON,PRON,Gender=Masc|Number=Sing|Person=3,38.0,nsubj,"(112, 114)",זה,
38,יקר,ADJ,ADJ,Gender=Masc|Number=Sing,31.0,acl:relcl,"(115, 118)",יקר,
39,"""",PUNCT,PUNCT,,41.0,punct,"(118, 119)","""",
40,"""",PUNCT,PUNCT,,41.0,punct,"(120, 121)","""",
41,אפשר,AUX,AUX,VerbType=Mod,42.0,aux,"(121, 125)",אפשר,
42,לקנות,VERB,VERB,HebBinyan=PAAL|VerbForm=Inf|Voice=Act,1.0,dep,"(126, 131)",קנה,
43,300,NUM,NUM,,44.0,nummod,"(132, 135)",300,
44,מטר,NOUN,NOUN,Gender=Masc|Number=Sing,42.0,obj,"(135, 138)",מטר,
45,קרקע,NOUN,NOUN,Gender=Fem|Number=Sing,44.0,compound:smixut,"(139, 143)",קרקע,
"(46, 47)",ולבנות,,,,,,"(144, 150)",,"[{'id': 46, 'text': 'ו', 'upos': 'CCONJ', 'xpos': 'CCONJ', 'head': 47, 'deprel': 'cc', 'lemma': 'ו'}, {'id': 47, 'text': 'לבנות', 'upos': 'VERB', 'xpos': 'VERB', 'feats': 'HebBinyan=PAAL|VerbForm=Inf|Voice=Act', 'head': 42, 'deprel': 'conj', 'lemma': 'בנה'}]"
48,ב,ADP,ADP,,49.0,case,"(151, 152)",ב,
"(49, 51)",300,,,,,,"(153, 156)",,"[{'id': 49, 'text': '300_', 'upos': 'NOUN', 'xpos': 'NOUN', 'feats': 'Definite=Def|Gender=Masc|Number=Plur', 'head': 47, 'deprel': 'obl', 'lemma': 'ע00'}, {'id': 50, 'text': '_של_', 'upos': 'ADP', 'xpos': 'ADP', 'head': 51, 'deprel': 'case:gen', 'lemma': 'של'}, {'id': 51, 'text': '_ה0א', 'upos': 'PROPN', 'xpos': 'PROPN', 'head': 49, 'deprel': 'nmod:poss', 'lemma': 'ה0א'}]"
52,אלף,NUM,NUM,Gender=Masc|Number=Sing,47.0,obj,"(157, 160)",אלף,
"(53, 54)",עליה,,,,,,"(161, 165)",,"[{'id': 53, 'text': 'על_', 'upos': 'ADP', 'xpos': 'ADP', 'head': 54, 'deprel': 'case', 'lemma': 'על'}, {'id': 54, 'text': '_היא', 'upos': 'PRON', 'xpos': 'PRON', 'feats': 'Gender=Fem|Number=Sing|Person=3|PronType=Prs', 'head': 47, 'deprel': 'obl', 'lemma': 'הוא'}]"
55,"""",PUNCT,PUNCT,,41.0,punct,"(166, 167)","""",
56,",",PUNCT,PUNCT,,6.0,punct,"(168, 169)",",",
57,"""",PUNCT,PUNCT,,41.0,punct,"(170, 171)","""",
58,אפילו,ADV,ADV,,59.0,advmod,"(171, 176)",אפילו,
59,לשלם,VERB,VERB,HebBinyan=PIEL|VerbForm=Inf|Voice=Act,41.0,xcomp,"(177, 181)",שילם,
60,500,NUM,NUM,,61.0,nummod,"(182, 185)",500,
61,אלף,NUM,NUM,Gender=Masc|Number=Sing,59.0,obj,"(186, 189)",אלף,
62,עבור,ADP,ADP,,64.0,case,"(190, 194)",עבור,
"(63, 64)",הקרקע,,,,,,"(195, 200)",,"[{'id': 63, 'text': 'ה', 'upos': 'DET', 'xpos': 'DET', 'feats': 'PronType=Art', 'head': 64, 'deprel': 'det:def', 'lemma': 'ה'}, {'id': 64, 'text': 'קרקע', 'upos': 'NOUN', 'xpos': 'NOUN', 'feats': 'Gender=Fem|Number=Sing', 'head': 59, 'deprel': 'obl', 'lemma': 'קרקע'}]"
"(65, 66)",ולבנות,,,,,,"(201, 207)",,"[{'id': 65, 'text': 'ו', 'upos': 'CCONJ', 'xpos': 'CCONJ', 'head': 66, 'deprel': 'cc', 'lemma': 'ו'}, {'id': 66, 'text': 'לבנות', 'upos': 'VERB', 'xpos': 'VERB', 'feats': 'HebBinyan=PAAL|VerbForm=Inf|Voice=Act', 'head': 47, 'deprel': 'conj', 'lemma': 'בנה'}]"
67,אחר,ADP,ADP,,68.0,case,"(208, 211)",אחר,
68,כך,PRON,PRON,Person=3|PronType=Dem,66.0,obl,"(212, 214)",כך,
69,לאט,ADV,ADV,,66.0,advmod,"(215, 218)",לאט,
70,"""",PUNCT,PUNCT,,41.0,punct,"(218, 219)","""",
71,",",PUNCT,PUNCT,,6.0,punct,"(219, 220)",",",
72,"""",PUNCT,PUNCT,,74.0,punct,"(221, 222)","""",
73,אני,PRON,PRON,"Gender=Fem,Masc|Number=Sing|Person=1|PronType=Prs",74.0,nsubj,"(222, 225)",הוא,
74,יודע,VERB,VERB,"Gender=Masc|HebBinyan=PAAL|Number=Sing|Person=1,2,3|VerbForm=Part|Voice=Act",41.0,parataxis,"(226, 230)",ידע,
"(75, 78)",שבאזור,,,,,,"(231, 237)",,"[{'id': 75, 'text': 'ש', 'upos': 'SCONJ', 'xpos': 'SCONJ', 'head': 84, 'deprel': 'mark', 'lemma': 'ש'}, {'id': 76, 'text': 'ב', 'upos': 'ADP', 'xpos': 'ADP', 'head': 78, 'deprel': 'case', 'lemma': 'ב'}, {'id': 77, 'text': 'ה_', 'upos': 'DET', 'xpos': 'DET', 'feats': 'PronType=Art', 'head': 78, 'deprel': 'det:def', 'lemma': 'ה'}, {'id': 78, 'text': 'אזור', 'upos': 'NOUN', 'xpos': 'NOUN', 'feats': 'Gender=Masc|Number=Sing', 'head': 84, 'deprel': 'obl', 'lemma': 'אזור'}]"
"(79, 80)",שלנו,,,,,,"(238, 242)",,"[{'id': 79, 'text': 'של_', 'upos': 'ADP', 'xpos': 'ADP', 'feats': 'Case=Gen', 'head': 80, 'deprel': 'case:gen', 'lemma': 'של'}, {'id': 80, 'text': '_אנחנו', 'upos': 'PRON', 'xpos': 'PRON', 'feats': 'Gender=Fem,Masc|Number=Plur|Person=1|PronType=Prs', 'head': 78, 'deprel': 'nmod:poss', 'lemma': 'הוא'}]"
81,מחירי,NOUN,NOUN,Definite=Cons|Gender=Masc|Number=Plur,84.0,nsubj,"(243, 248)",מחיר,
"(82, 83)",הדירות,,,,,,"(249, 255)",,"[{'id': 82, 'text': 'ה', 'upos': 'DET', 'xpos': 'DET', 'feats': 'PronType=Art', 'head': 83, 'deprel': 'det:def', 'lemma': 'ה'}, {'id': 83, 'text': 'דירות', 'upos': 'NOUN', 'xpos': 'NOUN', 'feats': 'Gender=Fem|Number=Plur', 'head': 81, 'deprel': 'compound:smixut', 'lemma': 'דירה'}]"
84,נע,VERB,VERB,"Gender=Masc|HebBinyan=PAAL|Number=Sing|Person=1,2,3|VerbForm=Part|Voice=Act",74.0,ccomp,"(256, 258)",נע,
85,בין,ADP,ADP,,90.0,case,"(259, 262)",בין,
86,300,NUM,NUM,,90.0,nummod,"(263, 266)",300,
87,עד,ADP,ADP,,86.0,dep,"(267, 269)",עד,
88,400,NUM,NUM,,89.0,nummod,"(270, 273)",400,
89,אלף,NUM,NUM,Gender=Masc|Number=Sing,90.0,nummod,"(274, 277)",אלף,
90,₪,NOUN,NOUN,Gender=Masc|Number=Plur,84.0,obl,"(278, 279)",₪,
"(91, 93)",לדירה,,,,,,"(280, 285)",,"[{'id': 91, 'text': 'ל', 'upos': 'ADP', 'xpos': 'ADP', 'head': 93, 'deprel': 'case', 'lemma': 'ל'}, {'id': 92, 'text': 'ה_', 'upos': 'DET', 'xpos': 'DET', 'feats': 'PronType=Art', 'head': 93, 'deprel': 'det:def', 'lemma': 'ה'}, {'id': 93, 'text': 'דירה', 'upos': 'NOUN', 'xpos': 'NOUN', 'feats': 'Gender=Fem|Number=Sing', 'head': 90, 'deprel': 'nmod', 'lemma': 'דירה'}]"
94,"""",PUNCT,PUNCT,,41.0,punct,"(285, 286)","""",
95,•,PUNCT,PUNCT,,101.0,cc,"(287, 288)",•,
96,גם,ADV,ADV,,97.0,advmod,"(289, 291)",גם,
97,בקרב,ADP,ADP,,98.0,case,"(292, 296)",בקרב,
98,קבוצת,NOUN,NOUN,Definite=Cons|Gender=Fem|Number=Sing,101.0,obl,"(297, 302)",קבוצה,
"(99, 100)",הרווקים,,,,,,"(303, 310)",,"[{'id': 99, 'text': 'ה', 'upos': 'DET', 'xpos': 'DET', 'feats': 'PronType=Art', 'head': 100, 'deprel': 'det:def', 'lemma': 'ה'}, {'id': 100, 'text': 'רווקים', 'upos': 'NOUN', 'xpos': 'NOUN', 'feats': 'Gender=Masc|Number=Plur', 'head': 98, 'deprel': 'compound:smixut', 'lemma': 'רווק'}]"
101,גילו,VERB,VERB,"Gender=Fem,Masc|HebBinyan=PIEL|Number=Plur|Person=3|Tense=Past|Voice=Act",1.0,conj,"(311, 315)",גילה,
102,רוב,DET,DET,Definite=Cons,104.0,det,"(316, 319)",רוב,
"(103, 104)",המשתתפים,,,,,,"(320, 328)",,"[{'id': 103, 'text': 'ה', 'upos': 'DET', 'xpos': 'DET', 'feats': 'PronType=Art', 'head': 104, 'deprel': 'det:def', 'lemma': 'ה'}, {'id': 104, 'text': 'משתתפים', 'upos': 'NOUN', 'xpos': 'NOUN', 'feats': 'Gender=Masc|Number=Plur', 'head': 101, 'deprel': 'nsubj', 'lemma': 'משתתף'}]"
105,התנגדות,NOUN,NOUN,Gender=Fem|Number=Sing,101.0,obj,"(329, 336)",התנגדות,
"(106, 107)",למחיר,,,,,,"(337, 342)",,"[{'id': 106, 'text': 'ל', 'upos': 'ADP', 'xpos': 'ADP', 'head': 107, 'deprel': 'case', 'lemma': 'ל'}, {'id': 107, 'text': 'מחיר', 'upos': 'NOUN', 'xpos': 'NOUN', 'feats': 'Gender=Masc|Number=Sing', 'head': 105, 'deprel': 'nmod', 'lemma': 'מחיר'}]"
"(108, 109)",שהוצע,,,,,,"(343, 348)",,"[{'id': 108, 'text': 'ש', 'upos': 'SCONJ', 'xpos': 'SCONJ', 'head': 109, 'deprel': 'mark', 'lemma': 'ש'}, {'id': 109, 'text': 'הוצע', 'upos': 'VERB', 'xpos': 'VERB', 'feats': 'Gender=Masc|HebBinyan=HUFAL|Number=Sing|Person=3|Tense=Past|Voice=Pass', 'head': 107, 'deprel': 'acl:relcl', 'lemma': 'הוצע'}]"
"(110, 111)",בטענה,,,,,,"(349, 354)",,"[{'id': 110, 'text': 'ב', 'upos': 'ADP', 'xpos': 'ADP', 'head': 111, 'deprel': 'case', 'lemma': 'ב'}, {'id': 111, 'text': 'טענה', 'upos': 'NOUN', 'xpos': 'NOUN', 'feats': 'Gender=Fem|Number=Sing', 'head': 59, 'deprel': 'obl', 'lemma': 'טענה'}]"
"(112, 113)",שזה,,,,,,"(355, 358)",,"[{'id': 112, 'text': 'ש', 'upos': 'SCONJ', 'xpos': 'SCONJ', 'head': 114, 'deprel': 'mark', 'lemma': 'ש'}, {'id': 113, 'text': 'זה', 'upos': 'PRON', 'xpos': 'PRON', 'feats': 'Gender=Masc|Number=Sing|Person=3', 'head': 114, 'deprel': 'nsubj', 'lemma': 'זה'}]"
114,יקר,ADJ,ADJ,Gender=Masc|Number=Sing,111.0,acl:relcl,"(359, 362)",יקר,
"(115, 116)",לאזור,,,,,,"(363, 368)",,"[{'id': 115, 'text': 'ל', 'upos': 'ADP', 'xpos': 'ADP', 'head': 116, 'deprel': 'case', 'lemma': 'ל'}, {'id': 116, 'text': 'אזור', 'upos': 'NOUN', 'xpos': 'NOUN', 'feats': 'Definite=Cons|Gender=Masc|Number=Sing', 'head': 114, 'deprel': 'obl', 'lemma': 'אזור'}]"
117,סחינין,PROPN,PROPN,,116.0,compound:smixut,"(369, 375)",סחינין,
1,"""",PUNCT,PUNCT,,4.0,punct,"(1, 2)","""",
"(2, 3)",בכרמיאל,,,,,,"(2, 9)",,"[{'id': 2, 'text': 'ב', 'upos': 'ADP', 'xpos': 'ADP', 'head': 3, 'deprel': 'case', 'lemma': 'ב'}, {'id': 3, 'text': 'כרמיאל', 'upos': 'PROPN', 'xpos': 'PROPN', 'head': 4, 'deprel': 'obl', 'lemma': 'כרמיאל'}]"
4,אפשר,AUX,AUX,VerbType=Mod,5.0,aux,"(10, 14)",אפשר,
5,לרכוש,VERB,VERB,HebBinyan=PAAL|VerbForm=Inf|Voice=Act,0.0,root,"(15, 20)",רכש,
6,דירה,NOUN,NOUN,Gender=Fem|Number=Sing,5.0,obj,"(21, 25)",דירה,
"(7, 9)",בשטח,,,,,,"(26, 30)",,"[{'id': 7, 'text': 'ב', 'upos': 'ADP', 'xpos': 'ADP', 'head': 9, 'deprel': 'case', 'lemma': 'ב'}, {'id': 8, 'text': 'ה_', 'upos': 'DET', 'xpos': 'DET', 'feats': 'PronType=Art', 'head': 9, 'deprel': 'det:def', 'lemma': 'ה'}, {'id': 9, 'text': 'שטח', 'upos': 'NOUN', 'xpos': 'NOUN', 'feats': 'Gender=Masc|Number=Sing', 'head': 6, 'deprel': 'nmod', 'lemma': 'שטח'}]"
10,125,NUM,NUM,,11.0,nummod,"(31, 34)",125,
11,מטר,NOUN,NOUN,Gender=Masc|Number=Sing,9.0,nmod,"(35, 38)",מטר,
"(12, 13)",במחיר,,,,,,"(39, 44)",,"[{'id': 12, 'text': 'ב', 'upos': 'ADP', 'xpos': 'ADP', 'head': 13, 'deprel': 'case', 'lemma': 'ב'}, {'id': 13, 'text': 'מחיר', 'upos': 'NOUN', 'xpos': 'NOUN', 'feats': 'Definite=Cons|Gender=Masc|Number=Sing', 'head': 5, 'deprel': 'obl', 'lemma': 'מחיר'}]"
14,400,NUM,NUM,,15.0,nummod,"(45, 48)",400,
15,אלף,NUM,NUM,Gender=Masc|Number=Sing,16.0,nummod,"(49, 52)",אלף,
16,שח,NOUN,NOUN,Gender=Masc|Number=Sing,13.0,compound:smixut,"(53, 55)",שח,
17,"""",PUNCT,PUNCT,,4.0,punct,"(55, 56)","""",
18,•,PUNCT,PUNCT,,4.0,punct,"(57, 58)",•,
19,קבוצת,NOUN,NOUN,Definite=Cons|Gender=Fem|Number=Sing,22.0,nsubj,"(59, 64)",קבוצה,
"(20, 21)",הנשואות,,,,,,"(65, 72)",,"[{'id': 20, 'text': 'ה', 'upos': 'DET', 'xpos': 'DET', 'feats': 'PronType=Art', 'head': 21, 'deprel': 'det:def', 'lemma': 'ה'}, {'id': 21, 'text': 'נשואות', 'upos': 'NOUN', 'xpos': 'NOUN', 'feats': 'Gender=Fem|Number=Plur', 'head': 19, 'deprel': 'compound:smixut', 'lemma': 'נשואה'}]"
22,נחלקה,VERB,VERB,Gender=Fem|HebBinyan=NIFAL|Number=Sing|Person=3|Tense=Past|Voice=Mid,4.0,conj,"(73, 78)",נחלק,
"(23, 24)",לשני,,,,,,"(79, 83)",,"[{'id': 23, 'text': 'ל', 'upos': 'ADP', 'xpos': 'ADP', 'head': 25, 'deprel': 'case', 'lemma': 'ל'}, {'id': 24, 'text': 'שני', 'upos': 'NUM', 'xpos': 'NUM', 'feats': 'Definite=Cons|Gender=Masc|Number=Plur', 'head': 25, 'deprel': 'nummod', 'lemma': 'שני'}]"
25,חלקים,NOUN,NOUN,Gender=Masc|Number=Plur,22.0,obl,"(84, 89)",חלק,
26,באשר,CCONJ,CCONJ,,28.0,case,"(90, 94)",באשר,
"(27, 28)",לעמדות,,,,,,"(95, 101)",,"[{'id': 27, 'text': 'ל', 'upos': 'ADP', 'xpos': 'ADP', 'head': 26, 'deprel': 'fixed', 'lemma': 'ל'}, {'id': 28, 'text': 'עמדות', 'upos': 'NOUN', 'xpos': 'NOUN', 'feats': 'Gender=Fem|Number=Plur', 'head': 22, 'deprel': 'obl', 'lemma': 'עמדה'}]"
29,כלפי,ADP,ADP,,30.0,case,"(102, 106)",כלפי,
30,מחיר,NOUN,NOUN,Gender=Masc|Number=Sing,28.0,nmod,"(107, 111)",מחיר,
31,זה,PRON,PRON,Gender=Masc|Number=Sing|Person=3|PronType=Dem,30.0,det,"(112, 114)",זה,
"(32, 34)",חלקם,,,,,,"(115, 119)",,"[{'id': 32, 'text': 'חלק_', 'upos': 'NOUN', 'xpos': 'NOUN', 'feats': 'Definite=Def|Gender=Masc|Number=Sing', 'head': 35, 'deprel': 'nsubj', 'lemma': 'חלק'}, {'id': 33, 'text': '_של_', 'upos': 'ADP', 'xpos': 'ADP', 'head': 34, 'deprel': 'case:gen', 'lemma': 'של'}, {'id': 34, 'text': '_הם', 'upos': 'PRON', 'xpos': 'PRON', 'feats': 'Case=Gen|Gender=Masc|Number=Plur|Person=3|PronType=Prs', 'head': 32, 'deprel': 'nmod:poss', 'lemma': 'הוא'}]"
35,אמרו,VERB,VERB,"Gender=Fem,Masc|HebBinyan=PAAL|Number=Plur|Person=3|Tense=Past|Voice=Act",4.0,parataxis,"(120, 124)",אמר,
"(36, 37)",שזה,,,,,,"(125, 128)",,"[{'id': 36, 'text': 'ש', 'upos': 'SCONJ', 'xpos': 'SCONJ', 'head': 38, 'deprel': 'mark', 'lemma': 'ש'}, {'id': 37, 'text': 'זה', 'upos': 'PRON', 'xpos': 'PRON', 'feats': 'Gender=Masc|Number=Sing|Person=3', 'head': 38, 'deprel': 'nsubj', 'lemma': 'זה'}]"
38,מחיר,NOUN,NOUN,Gender=Masc|Number=Sing,35.0,ccomp,"(129, 133)",מחיר,
39,מאוד,ADV,ADV,,40.0,advmod,"(134, 138)",מאוד,
40,יקר,ADJ,ADJ,Gender=Masc|Number=Sing,38.0,amod,"(139, 142)",יקר,
"(41, 42)",וחלק,,,,,,"(143, 147)",,"[{'id': 41, 'text': 'ו', 'upos': 'CCONJ', 'xpos': 'CCONJ', 'head': 43, 'deprel': 'cc', 'lemma': 'ו'}, {'id': 42, 'text': 'חלק', 'upos': 'NOUN', 'xpos': 'NOUN', 'feats': 'Gender=Masc|Number=Sing', 'head': 43, 'deprel': 'nsubj', 'lemma': 'חלק'}]"
43,אמרו,VERB,VERB,"Gender=Fem,Masc|HebBinyan=PAAL|Number=Plur|Person=3|Tense=Past|Voice=Act",35.0,conj,"(148, 152)",אמר,
"(44, 45)",שזה,,,,,,"(153, 156)",,"[{'id': 44, 'text': 'ש', 'upos': 'SCONJ', 'xpos': 'SCONJ', 'head': 46, 'deprel': 'mark', 'lemma': 'ש'}, {'id': 45, 'text': 'זה', 'upos': 'PRON', 'xpos': 'PRON', 'feats': 'Gender=Masc|Number=Sing|Person=3', 'head': 46, 'deprel': 'nsubj', 'lemma': 'זה'}]"
46,יכול,AUX,AUX,"Gender=Masc|Number=Sing|Person=1,2,3|VerbForm=Part|VerbType=Mod",47.0,aux,"(157, 161)",יכול,
47,להיות,AUX,AUX,Polarity=Pos|VerbForm=Inf|VerbType=Cop,43.0,ccomp,"(162, 167)",היה,
48,סביר,ADJ,ADJ,Gender=Masc|Number=Sing,47.0,obl,"(168, 172)",סביר,
49,",",PUNCT,PUNCT,,4.0,punct,"(173, 174)",",",
50,גם,ADV,ADV,,51.0,det,"(175, 177)",גם,
51,קבוצת,NOUN,NOUN,Definite=Cons|Gender=Fem|Number=Sing,54.0,nsubj,"(178, 183)",קבוצה,
"(52, 53)",הרווקות,,,,,,"(184, 191)",,"[{'id': 52, 'text': 'ה', 'upos': 'DET', 'xpos': 'DET', 'feats': 'PronType=Art', 'head': 53, 'deprel': 'det:def', 'lemma': 'ה'}, {'id': 53, 'text': 'רווקות', 'upos': 'NOUN', 'xpos': 'NOUN', 'feats': 'Gender=Fem|Number=Plur', 'head': 51, 'deprel': 'compound:smixut', 'lemma': 'רווקה'}]"
54,התקשו,VERB,VERB,"Gender=Fem,Masc|HebBinyan=HITPAEL|Number=Plur|Person=3|Tense=Past",4.0,conj,"(192, 197)",התקשה,
55,להביע,VERB,VERB,HebBinyan=HIFIL|VerbForm=Inf|Voice=Act,54.0,xcomp,"(198, 203)",הביע,
56,עמדה,NOUN,NOUN,Gender=Fem|Number=Sing,55.0,obj,"(204, 208)",עמדה,
"(57, 58)",בעניין,,,,,,"(209, 215)",,"[{'id': 57, 'text': 'ב', 'upos': 'ADP', 'xpos': 'ADP', 'head': 58, 'deprel': 'case', 'lemma': 'ב'}, {'id': 58, 'text': 'עניין', 'upos': 'NOUN', 'xpos': 'NOUN', 'feats': 'Gender=Masc|Number=Sing', 'head': 56, 'deprel': 'nmod', 'lemma': 'עניין'}]"
59,מאחר,CCONJ,CCONJ,,67.0,mark,"(216, 220)",מאחר,
"(60, 61)",ועניין,,,,,,"(221, 227)",,"[{'id': 60, 'text': 'ו', 'upos': 'CCONJ', 'xpos': 'CCONJ', 'head': 59, 'deprel': 'fixed', 'lemma': 'ו'}, {'id': 61, 'text': 'עניין', 'upos': 'NOUN', 'xpos': 'NOUN', 'feats': 'Definite=Cons|Gender=Masc|Number=Sing', 'head': 67, 'deprel': 'nsubj', 'lemma': 'עניין'}]"
62,מימון,NOUN,NOUN,Definite=Cons|Gender=Masc|Number=Sing,61.0,compound:smixut,"(228, 233)",מימון,
"(63, 64)",הבית,,,,,,"(234, 238)",,"[{'id': 63, 'text': 'ה', 'upos': 'DET', 'xpos': 'DET', 'feats': 'PronType=Art', 'head': 64, 'deprel': 'det:def', 'lemma': 'ה'}, {'id': 64, 'text': 'בית', 'upos': 'NOUN', 'xpos': 'NOUN', 'feats': 'Gender=Masc|Number=Sing', 'head': 62, 'deprel': 'compound:smixut', 'lemma': 'בית'}]"
"(65, 66)",הנו,,,,,,"(239, 242)",,"[{'id': 65, 'text': 'ה', 'upos': 'DET', 'xpos': 'DET', 'feats': 'PronType=Art', 'head': 66, 'deprel': 'det:def', 'lemma': 'ה'}, {'id': 66, 'text': 'נו', 'upos': 'ADJ', 'xpos': 'ADJ', 'feats': 'Gender=Masc|Number=Sing', 'head': 61, 'deprel': 'amod', 'lemma': 'נו'}]"
67,תחום,VERB,VERB,"Gender=Masc|HebBinyan=PAAL|Number=Sing|Person=1,2,3|VerbForm=Part|Voice=Act",38.0,advcl,"(243, 247)",תחום,
68,בלעדי,ADJ,ADJ,,43.0,advmod,"(248, 253)",בלעדי,
"(69, 70)",לגברים,,,,,,"(254, 260)",,"[{'id': 69, 'text': 'ל', 'upos': 'ADP', 'xpos': 'ADP', 'head': 70, 'deprel': 'case', 'lemma': 'ל'}, {'id': 70, 'text': 'גברים', 'upos': 'NOUN', 'xpos': 'NOUN', 'feats': 'Gender=Masc|Number=Plur', 'head': 67, 'deprel': 'obl', 'lemma': 'גבר'}]"
"(71, 72)",ואין,,,,,,"(261, 265)",,"[{'id': 71, 'text': 'ו', 'upos': 'CCONJ', 'xpos': 'CCONJ', 'head': 79, 'deprel': 'cc', 'lemma': 'ו'}, {'id': 72, 'text': 'אין', 'upos': 'ADV', 'xpos': 'ADV', 'feats': 'Polarity=Neg', 'head': 79, 'deprel': 'advmod', 'lemma': 'אין'}]"
"(73, 74)",הנשים,,,,,,"(266, 271)",,"[{'id': 73, 'text': 'ה', 'upos': 'DET', 'xpos': 'DET', 'feats': 'PronType=Art', 'head': 74, 'deprel': 'det:def', 'lemma': 'ה'}, {'id': 74, 'text': 'נשים', 'upos': 'NOUN', 'xpos': 'NOUN', 'feats': 'Gender=Fem|Number=Plur', 'head': 79, 'deprel': 'nsubj', 'lemma': 'איש'}]"
75,או,CCONJ,CCONJ,,76.0,cc,"(272, 274)",או,
76,משפחות,NOUN,NOUN,Definite=Cons|Gender=Fem|Number=Plur,74.0,conj,"(275, 281)",משפחה,
"(77, 78)",הנשים,,,,,,"(282, 287)",,"[{'id': 77, 'text': 'ה', 'upos': 'DET', 'xpos': 'DET', 'feats': 'PronType=Art', 'head': 78, 'deprel': 'det:def', 'lemma': 'ה'}, {'id': 78, 'text': 'נשים', 'upos': 'NOUN', 'xpos': 'NOUN', 'feats': 'Gender=Fem|Number=Plur', 'head': 76, 'deprel': 'compound:smixut', 'lemma': 'איש'}]"
79,משתתפות,VERB,VERB,"Gender=Fem|HebBinyan=HITPAEL|Number=Plur|Person=1,2,3|VerbForm=Part",67.0,conj,"(288, 295)",השתתף,
"(80, 81)",בו,,,,,,"(296, 298)",,"[{'id': 80, 'text': 'ב_', 'upos': 'ADP', 'xpos': 'ADP', 'head': 81, 'deprel': 'case', 'lemma': 'ב'}, {'id': 81, 'text': '_הוא', 'upos': 'PRON', 'xpos': 'PRON', 'feats': 'Gender=Masc|Number=Sing|Person=3|PronType=Prs', 'head': 79, 'deprel': 'obl', 'lemma': 'הוא'}]"
1,•,PUNCT,PUNCT,,5.0,punct,"(1, 2)",•,
"(2, 3)",הרווקות,,,,,,"(3, 10)",,"[{'id': 2, 'text': 'ה', 'upos': 'DET', 'xpos': 'DET', 'feats': 'PronType=Art', 'head': 3, 'deprel': 'det:def', 'lemma': 'ה'}, {'id': 3, 'text': 'רווקות', 'upos': 'NOUN', 'xpos': 'NOUN', 'feats': 'Gender=Fem|Number=Plur', 'head': 5, 'deprel': 'nsubj', 'lemma': 'רווקה'}]"
4,לא,ADV,ADV,Polarity=Neg,5.0,advmod,"(11, 13)",לא,
5,ידעו,VERB,VERB,"Gender=Fem,Masc|HebBinyan=HIFIL|Number=Plur|Person=3|Tense=Past|Voice=Act",0.0,root,"(14, 18)",ידע,
6,לתת,VERB,VERB,HebBinyan=PAAL|VerbForm=Inf|Voice=Act,5.0,xcomp,"(19, 22)",נתן,
7,תשובה,NOUN,NOUN,Gender=Fem|Number=Sing,6.0,obj,"(23, 28)",תשובה,
"(8, 10)",לשאלה,,,,,,"(29, 34)",,"[{'id': 8, 'text': 'ל', 'upos': 'ADP', 'xpos': 'ADP', 'head': 10, 'deprel': 'case', 'lemma': 'ל'}, {'id': 9, 'text': 'ה_', 'upos': 'DET', 'xpos': 'DET', 'feats': 'PronType=Art', 'head': 10, 'deprel': 'det:def', 'lemma': 'ה'}, {'id': 10, 'text': 'שאלה', 'upos': 'NOUN', 'xpos': 'NOUN', 'feats': 'Gender=Fem|Number=Sing', 'head': 6, 'deprel': 'obl', 'lemma': 'שאלה'}]"
11,זו,PRON,PRON,Gender=Fem|Number=Sing|Person=3|PronType=Dem,10.0,det,"(35, 37)",זו,
12,",",PUNCT,PUNCT,,5.0,punct,"(37, 38)",",",
"(13, 14)",ואין,,,,,,"(39, 43)",,"[{'id': 13, 'text': 'ו', 'upos': 'CCONJ', 'xpos': 'CCONJ', 'head': 14, 'deprel': 'cc', 'lemma': 'ו'}, {'id': 14, 'text': 'אין', 'upos': 'VERB', 'xpos': 'VERB', 'feats': 'HebExistential=True', 'head': 5, 'deprel': 'conj', 'lemma': 'אין'}]"
"(15, 18)",ביכולתם,,,,,,"(44, 51)",,"[{'id': 15, 'text': 'ב', 'upos': 'ADP', 'xpos': 'ADP', 'head': 16, 'deprel': 'case', 'lemma': 'ב'}, {'id': 16, 'text': 'יכולת_', 'upos': 'NOUN', 'xpos': 'NOUN', 'feats': 'Definite=Def|Gender=Fem|Number=Sing', 'head': 5, 'deprel': 'obl', 'lemma': 'יכולת'}, {'id': 17, 'text': '_של_', 'upos': 'ADP', 'xpos': 'ADP', 'head': 18, 'deprel': 'case:gen', 'lemma': 'של'}, {'id': 18, 'text': '_הם', 'upos': 'PRON', 'xpos': 'PRON', 'feats': 'Case=Gen|Gender=Masc|Number=Plur|Person=3|PronType=Prs', 'head': 16, 'deprel': 'nmod:poss', 'lemma': 'הוא'}]"
19,להעריך,VERB,VERB,HebBinyan=HIFIL|VerbForm=Inf|Voice=Act,16.0,xcomp,"(52, 58)",העריך,
20,אם,SCONJ,SCONJ,,22.0,mark,"(59, 61)",אם,
21,זה,PRON,PRON,Gender=Masc|Number=Sing|Person=3,22.0,nsubj,"(62, 64)",זה,
22,מחיר,NOUN,NOUN,Gender=Masc|Number=Sing,19.0,advcl,"(65, 69)",מחיר,
23,סביר,ADJ,ADJ,Gender=Masc|Number=Sing,22.0,amod,"(70, 74)",סביר,
24,או,CCONJ,CCONJ,,22.0,cc,"(75, 77)",או,
25,לא,ADV,ADV,Polarity=Neg,22.0,advmod,"(78, 80)",לא,
"(1, 2)",השאלה,,,,,,"(1, 6)",,"[{'id': 1, 'text': 'ה', 'upos': 'DET', 'xpos': 'DET', 'feats': 'PronType=Art', 'head': 2, 'deprel': 'det:def', 'lemma': 'ה'}, {'id': 2, 'text': 'שאלה', 'upos': 'NOUN', 'xpos': 'NOUN', 'feats': 'Gender=Fem|Number=Sing', 'head': 5, 'deprel': 'nsubj', 'lemma': 'שאלה'}]"
"(3, 4)",הזאת,,,,,,"(7, 11)",,"[{'id': 3, 'text': 'ה', 'upos': 'DET', 'xpos': 'DET', 'feats': 'PronType=Art', 'head': 4, 'deprel': 'det:def', 'lemma': 'ה'}, {'id': 4, 'text': 'זאת', 'upos': 'PRON', 'xpos': 'PRON', 'feats': 'Gender=Fem|Number=Sing|Person=3|PronType=Dem', 'head': 2, 'deprel': 'det', 'lemma': 'זאת'}]"
5,הופכת,VERB,VERB,"Gender=Fem|HebBinyan=PAAL|Number=Sing|Person=1,2,3|VerbForm=Part|Voice=Act",0.0,root,"(12, 17)",הפך,
"(6, 7)",לרלבנטית,,,,,,"(18, 26)",,"[{'id': 6, 'text': 'ל', 'upos': 'ADP', 'xpos': 'ADP', 'head': 7, 'deprel': 'case', 'lemma': 'ל'}, {'id': 7, 'text': 'רלבנטית', 'upos': 'ADJ', 'xpos': 'ADJ', 'feats': 'Gender=Fem|Number=Sing', 'head': 5, 'deprel': 'obl', 'lemma': 'רלבנטי'}]"
"(8, 10)",ובמידה,,,,,,"(27, 33)",,"[{'id': 8, 'text': 'ו', 'upos': 'CCONJ', 'xpos': 'CCONJ', 'head': 13, 'deprel': 'cc', 'lemma': 'ו'}, {'id': 9, 'text': 'ב', 'upos': 'ADP', 'xpos': 'ADP', 'head': 10, 'deprel': 'case', 'lemma': 'ב'}, {'id': 10, 'text': 'מידה', 'upos': 'NOUN', 'xpos': 'NOUN', 'feats': 'Gender=Fem|Number=Sing', 'head': 13, 'deprel': 'obl', 'lemma': 'מידה'}]"
"(11, 12)",הזוג,,,,,,"(34, 38)",,"[{'id': 11, 'text': 'ה', 'upos': 'DET', 'xpos': 'DET', 'feats': 'PronType=Art', 'head': 12, 'deprel': 'det:def', 'lemma': 'ה'}, {'id': 12, 'text': 'זוג', 'upos': 'NOUN', 'xpos': 'NOUN', 'feats': 'Gender=Masc|Number=Sing', 'head': 13, 'deprel': 'nsubj', 'lemma': 'זוג'}]"
13,נוטל,VERB,VERB,"Gender=Masc|HebBinyan=PAAL|Number=Sing|Person=1,2,3|VerbForm=Part|Voice=Act",5.0,conj,"(39, 43)",נטל,
14,משכנתא,NOUN,NOUN,Gender=Fem|Number=Sing,13.0,obj,"(44, 50)",משכנתא,
"(15, 16)",וזה,,,,,,"(51, 54)",,"[{'id': 15, 'text': 'ו', 'upos': 'CCONJ', 'xpos': 'CCONJ', 'head': 17, 'deprel': 'cc', 'lemma': 'ו'}, {'id': 16, 'text': 'זה', 'upos': 'PRON', 'xpos': 'PRON', 'feats': 'Gender=Masc|Number=Sing|Person=3', 'head': 17, 'deprel': 'nsubj', 'lemma': 'זה'}]"
17,משפיע,VERB,VERB,"Gender=Masc|HebBinyan=HIFIL|Number=Sing|Person=1,2,3|VerbForm=Part|Voice=Act",13.0,conj,"(55, 60)",השפיע,
18,על,ADP,ADP,,19.0,case,"(61, 63)",על,
19,איכות,NOUN,NOUN,Definite=Cons|Gender=Fem|Number=Sing,17.0,obl,"(64, 69)",איכות,
"(20, 21)",החיים,,,,,,"(70, 75)",,"[{'id': 20, 'text': 'ה', 'upos': 'DET', 'xpos': 'DET', 'feats': 'PronType=Art', 'head': 21, 'deprel': 'det:def', 'lemma': 'ה'}, {'id': 21, 'text': 'חיים', 'upos': 'NOUN', 'xpos': 'NOUN', 'feats': 'Gender=Masc|Number=Plur', 'head': 19, 'deprel': 'compound:smixut', 'lemma': 'חיים'}]"
"(22, 23)",שלהם,,,,,,"(76, 80)",,"[{'id': 22, 'text': 'של_', 'upos': 'ADP', 'xpos': 'ADP', 'feats': 'Case=Gen', 'head': 23, 'deprel': 'case:gen', 'lemma': 'של'}, {'id': 23, 'text': '_הם', 'upos': 'PRON', 'xpos': 'PRON', 'feats': 'Gender=Masc|Number=Plur|Person=3|PronType=Prs', 'head': 21, 'deprel': 'nmod:poss', 'lemma': 'הוא'}]"
"(24, 25)",בהמשך,,,,,,"(81, 86)",,"[{'id': 24, 'text': 'ב', 'upos': 'ADP', 'xpos': 'ADP', 'head': 25, 'deprel': 'case', 'lemma': 'ב'}, {'id': 25, 'text': 'המשך', 'upos': 'NOUN', 'xpos': 'NOUN', 'feats': 'Gender=Masc|Number=Sing', 'head': 17, 'deprel': 'obl', 'lemma': 'המשך'}]"
"(26, 27)",וחסכון,,,,,,"(87, 93)",,"[{'id': 26, 'text': 'ו', 'upos': 'CCONJ', 'xpos': 'CCONJ', 'head': 31, 'deprel': 'cc', 'lemma': 'ו'}, {'id': 27, 'text': 'חסכון', 'upos': 'NOUN', 'xpos': 'NOUN', 'feats': 'Definite=Cons|Gender=Masc|Number=Sing', 'head': 31, 'deprel': 'nsubj', 'lemma': 'חסכון'}]"
28,בעלות,NOUN,NOUN,Definite=Cons|Gender=Fem|Number=Sing,27.0,nmod,"(94, 99)",בעלות,
"(29, 30)",הבית,,,,,,"(100, 104)",,"[{'id': 29, 'text': 'ה', 'upos': 'DET', 'xpos': 'DET', 'feats': 'PronType=Art', 'head': 30, 'deprel': 'det:def', 'lemma': 'ה'}, {'id': 30, 'text': 'בית', 'upos': 'NOUN', 'xpos': 'NOUN', 'feats': 'Gender=Masc|Number=Sing', 'head': 28, 'deprel': 'compound:smixut', 'lemma': 'בית'}]"
31,יאפשר,VERB,VERB,Gender=Masc|HebBinyan=PIEL|Number=Sing|Person=3|Tense=Fut|Voice=Act,17.0,conj,"(105, 110)",אפשר,
32,לרכוש,VERB,VERB,HebBinyan=PAAL|VerbForm=Inf|Voice=Act,31.0,xcomp,"(111, 116)",רכש,
33,דברים,NOUN,NOUN,Gender=Masc|Number=Plur,32.0,obj,"(117, 122)",דבר,
"(34, 35)",ורהיטים,,,,,,"(123, 130)",,"[{'id': 34, 'text': 'ו', 'upos': 'CCONJ', 'xpos': 'CCONJ', 'head': 35, 'deprel': 'cc', 'lemma': 'ו'}, {'id': 35, 'text': 'רהיטים', 'upos': 'NOUN', 'xpos': 'NOUN', 'feats': 'Gender=Masc|Number=Plur', 'head': 33, 'deprel': 'conj', 'lemma': 'רהיט'}]"
36,נוספים,ADJ,ADJ,Gender=Masc|Number=Plur,35.0,amod,"(131, 137)",נוסף,
1,•,PUNCT,PUNCT,,7.0,punct,"(1, 2)",•,
2,בקרב,ADP,ADP,,3.0,case,"(3, 7)",בקרב,
3,מרואייני,NOUN,NOUN,Definite=Cons|Gender=Masc|Number=Plur,7.0,obl,"(8, 16)",מרואיין,
"(4, 5)",העומק,,,,,,"(17, 22)",,"[{'id': 4, 'text': 'ה', 'upos': 'DET', 'xpos': 'DET', 'feats': 'PronType=Art', 'head': 5, 'deprel': 'det:def', 'lemma': 'ה'}, {'id': 5, 'text': 'עומק', 'upos': 'NOUN', 'xpos': 'NOUN', 'feats': 'Gender=Masc|Number=Sing', 'head': 3, 'deprel': 'compound:smixut', 'lemma': 'עומק'}]"
6,לא,ADV,ADV,Polarity=Neg,7.0,advmod,"(23, 25)",לא,
7,נתקלנו,VERB,VERB,"Gender=Fem,Masc|HebBinyan=NIFAL|Number=Plur|Person=3|Tense=Past|Voice=Mid",0.0,root,"(26, 32)",נתקלן,
"(8, 9)",בהתנגדות,,,,,,"(33, 41)",,"[{'id': 8, 'text': 'ב', 'upos': 'ADP', 'xpos': 'ADP', 'head': 9, 'deprel': 'case', 'lemma': 'ב'}, {'id': 9, 'text': 'התנגדות', 'upos': 'NOUN', 'xpos': 'NOUN', 'feats': 'Gender=Fem|Number=Sing', 'head': 7, 'deprel': 'obl', 'lemma': 'התנגדות'}]"
"(10, 11)",למחיר,,,,,,"(42, 47)",,"[{'id': 10, 'text': 'ל', 'upos': 'ADP', 'xpos': 'ADP', 'head': 11, 'deprel': 'case', 'lemma': 'ל'}, {'id': 11, 'text': 'מחיר', 'upos': 'NOUN', 'xpos': 'NOUN', 'feats': 'Gender=Masc|Number=Sing', 'head': 9, 'deprel': 'nmod', 'lemma': 'מחיר'}]"
12,זה,PRON,PRON,Gender=Masc|Number=Sing|Person=3|PronType=Dem,11.0,det,"(48, 50)",זה,
"(13, 14)",ובעיקר,,,,,,"(51, 57)",,"[{'id': 13, 'text': 'ו', 'upos': 'CCONJ', 'xpos': 'CCONJ', 'head': 7, 'deprel': 'dep', 'lemma': 'ו'}, {'id': 14, 'text': 'בעיקר', 'upos': 'ADV', 'xpos': 'ADV', 'head': 17, 'deprel': 'advmod', 'lemma': 'בעיקר'}]"
"(15, 16)",כשהם,,,,,,"(58, 62)",,"[{'id': 15, 'text': 'כש', 'upos': 'SCONJ', 'xpos': 'SCONJ', 'feats': 'Case=Tem', 'head': 17, 'deprel': 'mark', 'lemma': 'כש'}, {'id': 16, 'text': 'הם', 'upos': 'PRON', 'xpos': 'PRON', 'feats': 'Gender=Masc|Number=Plur|Person=3|PronType=Prs', 'head': 17, 'deprel': 'nsubj', 'lemma': 'הוא'}]"
17,התנסו,VERB,VERB,"Gender=Fem,Masc|HebBinyan=HITPAEL|Number=Plur|Person=3|Tense=Past",7.0,advcl,"(63, 68)",התניס,
18,כבר,ADV,ADV,,17.0,advmod,"(69, 72)",כבר,
"(19, 20)",בתשלום,,,,,,"(73, 79)",,"[{'id': 19, 'text': 'ב', 'upos': 'ADP', 'xpos': 'ADP', 'head': 20, 'deprel': 'case', 'lemma': 'ב'}, {'id': 20, 'text': 'תשלום', 'upos': 'NOUN', 'xpos': 'NOUN', 'feats': 'Definite=Cons|Gender=Masc|Number=Sing', 'head': 17, 'deprel': 'obl', 'lemma': 'תשלום'}]"
21,שכר,NOUN,NOUN,Definite=Cons|Gender=Masc|Number=Sing,20.0,compound:smixut,"(80, 83)",שכר,
22,דירה,NOUN,NOUN,Gender=Fem|Number=Sing,21.0,compound:smixut,"(84, 88)",דירה,
23,חודשי,ADJ,ADJ,Gender=Masc|Number=Sing,20.0,amod,"(89, 94)",חודשי,
24,",",PUNCT,PUNCT,,7.0,punct,"(94, 95)",",",
25,כך,ADV,ADV,,29.0,advmod,"(96, 98)",כך,
"(26, 28)",שהדבר,,,,,,"(99, 104)",,"[{'id': 26, 'text': 'ש', 'upos': 'SCONJ', 'xpos': 'SCONJ', 'head': 29, 'deprel': 'mark', 'lemma': 'ש'}, {'id': 27, 'text': 'ה', 'upos': 'DET', 'xpos': 'DET', 'feats': 'PronType=Art', 'head': 28, 'deprel': 'det:def', 'lemma': 'ה'}, {'id': 28, 'text': 'דבר', 'upos': 'NOUN', 'xpos': 'NOUN', 'feats': 'Gender=Masc|Number=Sing', 'head': 29, 'deprel': 'nsubj', 'lemma': 'דבר'}]"
29,מפחית,VERB,VERB,"Gender=Masc|HebBinyan=HIFIL|Number=Sing|Person=1,2,3|VerbForm=Part|Voice=Act",7.0,parataxis,"(105, 110)",הפחית,
30,חששות,NOUN,NOUN,Gender=Masc|Number=Plur,29.0,obj,"(111, 116)",חשש,
"(31, 32)",לנטילת,,,,,,"(117, 123)",,"[{'id': 31, 'text': 'ל', 'upos': 'ADP', 'xpos': 'ADP', 'head': 32, 'deprel': 'case', 'lemma': 'ל'}, {'id': 32, 'text': 'נטילת', 'upos': 'NOUN', 'xpos': 'NOUN', 'feats': 'Definite=Cons|Gender=Fem|Number=Sing', 'head': 30, 'deprel': 'nmod', 'lemma': 'נטילה'}]"
33,משכנתא,NOUN,NOUN,Gender=Fem|Number=Sing,32.0,compound:smixut,"(124, 130)",משכנתא,
"(34, 35)",ורכישת,,,,,,"(131, 137)",,"[{'id': 34, 'text': 'ו', 'upos': 'CCONJ', 'xpos': 'CCONJ', 'head': 35, 'deprel': 'cc', 'lemma': 'ו'}, {'id': 35, 'text': 'רכישת', 'upos': 'NOUN', 'xpos': 'NOUN', 'feats': 'Definite=Cons|Gender=Fem|Number=Sing', 'head': 32, 'deprel': 'conj', 'lemma': 'רכישה'}]"
36,בית,NOUN,NOUN,Gender=Masc|Number=Sing,35.0,compound:smixut,"(138, 141)",בית,
"(37, 38)",בצורה,,,,,,"(142, 147)",,"[{'id': 37, 'text': 'ב', 'upos': 'ADP', 'xpos': 'ADP', 'head': 38, 'deprel': 'case', 'lemma': 'ב'}, {'id': 38, 'text': 'צורה', 'upos': 'NOUN', 'xpos': 'NOUN', 'feats': 'Gender=Fem|Number=Sing', 'head': 35, 'deprel': 'nmod', 'lemma': 'צורה'}]"
"(39, 41)",כזאת,,,,,,"(148, 152)",,"[{'id': 39, 'text': 'כ', 'upos': 'ADP', 'xpos': 'ADP', 'head': 41, 'deprel': 'case', 'lemma': 'כ'}, {'id': 40, 'text': 'ה_', 'upos': 'DET', 'xpos': 'DET', 'feats': 'PronType=Art', 'head': 41, 'deprel': 'det:def', 'lemma': 'ה'}, {'id': 41, 'text': 'זאת', 'upos': 'PRON', 'xpos': 'PRON', 'feats': 'Gender=Fem|Number=Sing|Person=3|PronType=Dem', 'head': 38, 'deprel': 'nmod', 'lemma': 'זאת'}]"
1,•,PUNCT,PUNCT,,10.0,punct,"(1, 2)",•,
2,בקרב,ADP,ADP,,4.0,case,"(3, 7)",בקרב,
"(3, 4)",הנשים,,,,,,"(8, 13)",,"[{'id': 3, 'text': 'ה', 'upos': 'DET', 'xpos': 'DET', 'feats': 'PronType=Art', 'head': 4, 'deprel': 'det:def', 'lemma': 'ה'}, {'id': 4, 'text': 'נשים', 'upos': 'NOUN', 'xpos': 'NOUN', 'feats': 'Gender=Fem|Number=Plur', 'head': 10, 'deprel': 'obl', 'lemma': 'איש'}]"
5,מבין,ADP,ADP,,6.0,case,"(14, 18)",מבין,
6,מרואייני,NOUN,NOUN,Definite=Cons|Gender=Masc|Number=Plur,4.0,nmod,"(19, 27)",מרואיין,
"(7, 8)",העומק,,,,,,"(28, 33)",,"[{'id': 7, 'text': 'ה', 'upos': 'DET', 'xpos': 'DET', 'feats': 'PronType=Art', 'head': 8, 'deprel': 'det:def', 'lemma': 'ה'}, {'id': 8, 'text': 'עומק', 'upos': 'NOUN', 'xpos': 'NOUN', 'feats': 'Gender=Masc|Number=Sing', 'head': 6, 'deprel': 'compound:smixut', 'lemma': 'עומק'}]"
9,לא,ADV,ADV,Polarity=Neg,10.0,advmod,"(34, 36)",לא,
10,גילו,VERB,VERB,"Gender=Fem,Masc|HebBinyan=PIEL|Number=Plur|Person=3|Tense=Past|Voice=Act",0.0,root,"(37, 41)",גילה,
11,עניין,NOUN,NOUN,Gender=Masc|Number=Sing,10.0,obj,"(42, 47)",עניין,
"(12, 14)",ובקיאות,,,,,,"(48, 55)",,"[{'id': 12, 'text': 'ו', 'upos': 'CCONJ', 'xpos': 'CCONJ', 'head': 25, 'deprel': 'cc', 'lemma': 'ו'}, {'id': 13, 'text': 'ב', 'upos': 'ADP', 'xpos': 'ADP', 'head': 14, 'deprel': 'case', 'lemma': 'ב'}, {'id': 14, 'text': 'קיאות', 'upos': 'NOUN', 'xpos': 'NOUN', 'feats': 'Gender=Fem|Number=Plur', 'head': 25, 'deprel': 'obl', 'lemma': 'קיאה'}]"
"(15, 16)",במחירים,,,,,,"(56, 63)",,"[{'id': 15, 'text': 'ב', 'upos': 'ADP', 'xpos': 'ADP', 'head': 16, 'deprel': 'case', 'lemma': 'ב'}, {'id': 16, 'text': 'מחירים', 'upos': 'NOUN', 'xpos': 'NOUN', 'feats': 'Definite=Cons|Gender=Masc|Number=Plur', 'head': 14, 'deprel': 'nmod', 'lemma': 'מחיר'}]"
"(17, 18)",הבית,,,,,,"(64, 68)",,"[{'id': 17, 'text': 'ה', 'upos': 'DET', 'xpos': 'DET', 'feats': 'PronType=Art', 'head': 18, 'deprel': 'det:def', 'lemma': 'ה'}, {'id': 18, 'text': 'בית', 'upos': 'NOUN', 'xpos': 'NOUN', 'feats': 'Gender=Masc|Number=Sing', 'head': 16, 'deprel': 'compound:smixut', 'lemma': 'בית'}]"
19,או,CCONJ,CCONJ,,21.0,cc,"(69, 71)",או,
"(20, 21)",הדירות,,,,,,"(72, 78)",,"[{'id': 20, 'text': 'ה', 'upos': 'DET', 'xpos': 'DET', 'feats': 'PronType=Art', 'head': 21, 'deprel': 'det:def', 'lemma': 'ה'}, {'id': 21, 'text': 'דירות', 'upos': 'NOUN', 'xpos': 'NOUN', 'feats': 'Gender=Fem|Number=Plur', 'head': 18, 'deprel': 'conj', 'lemma': 'דירה'}]"
"(22, 24)",לכן,,,,,,"(79, 82)",,"[{'id': 22, 'text': 'ל', 'upos': 'ADP', 'xpos': 'ADP', 'head': 24, 'deprel': 'case', 'lemma': 'ל'}, {'id': 23, 'text': 'ה_', 'upos': 'DET', 'xpos': 'DET', 'feats': 'PronType=Art', 'head': 24, 'deprel': 'det:def', 'lemma': 'ה'}, {'id': 24, 'text': 'כן', 'upos': 'PRON', 'xpos': 'PRON', 'feats': 'Person=3|PronType=Dem', 'head': 25, 'deprel': 'advmod', 'lemma': 'כן'}]"
25,קשה,AUX,AUX,Gender=Masc|Number=Sing|Tense=Past|VerbType=Mod,28.0,aux,"(83, 86)",קשה,
"(26, 27)",להן,,,,,,"(87, 90)",,"[{'id': 26, 'text': 'ל_', 'upos': 'ADP', 'xpos': 'ADP', 'head': 27, 'deprel': 'case', 'lemma': 'ל'}, {'id': 27, 'text': '_הן', 'upos': 'PRON', 'xpos': 'PRON', 'feats': 'Gender=Fem|Number=Plur|Person=3|PronType=Prs', 'head': 25, 'deprel': 'obl', 'lemma': 'הוא'}]"
28,להביע,VERB,VERB,HebBinyan=HIFIL|VerbForm=Inf|Voice=Act,10.0,conj,"(91, 96)",הביע,
29,עמדה,NOUN,NOUN,Gender=Fem|Number=Sing,28.0,obj,"(97, 101)",עמדה,
1,זה,PRON,PRON,Gender=Masc|Number=Sing|Person=3,2.0,nsubj,"(1, 3)",זה,
2,נראה,VERB,VERB,"Gender=Masc|HebBinyan=NIFAL|Number=Sing|Person=1,2,3|VerbForm=Part|Voice=Mid",0.0,root,"(4, 8)",נראה,
"(3, 4)",להן,,,,,,"(9, 12)",,"[{'id': 3, 'text': 'ל_', 'upos': 'ADP', 'xpos': 'ADP', 'head': 4, 'deprel': 'case', 'lemma': 'ל'}, {'id': 4, 'text': '_הן', 'upos': 'PRON', 'xpos': 'PRON', 'feats': 'Gender=Fem|Number=Plur|Person=3|PronType=Prs', 'head': 2, 'deprel': 'obl', 'lemma': 'הוא'}]"
5,יקר,ADJ,ADJ,Gender=Masc|Number=Sing,2.0,xcomp,"(13, 16)",יקר,
1,מפרנס,NOUN,NOUN,Gender=Masc|Number=Sing,103.0,nsubj,"(1, 6)",מפרנס,
2,שני,NUM,NUM,Gender=Masc|Number=Sing,1.0,amod,"(7, 10)",שני,
"(3, 5)",במשפחה,,,,,,"(11, 17)",,"[{'id': 3, 'text': 'ב', 'upos': 'ADP', 'xpos': 'ADP', 'head': 5, 'deprel': 'case', 'lemma': 'ב'}, {'id': 4, 'text': 'ה_', 'upos': 'DET', 'xpos': 'DET', 'feats': 'PronType=Art', 'head': 5, 'deprel': 'det:def', 'lemma': 'ה'}, {'id': 5, 'text': 'משפחה', 'upos': 'NOUN', 'xpos': 'NOUN', 'feats': 'Gender=Fem|Number=Sing', 'head': 1, 'deprel': 'nmod', 'lemma': 'משפחה'}]"
6,בעד,ADP,ADP,,116.0,case,"(18, 21)",בעד,
7,או,CCONJ,CCONJ,,8.0,cc,"(22, 24)",או,
8,נגד,NOUN,NOUN,Gender=Masc|Number=Sing,6.0,fixed,"(25, 28)",נגד,
9,?,PUNCT,PUNCT,,15.0,punct,"(29, 30)",?,
10,•,PUNCT,PUNCT,,103.0,punct,"(31, 32)",•,
11,רוב,DET,DET,Definite=Cons,13.0,det,"(33, 36)",רוב,
"(12, 13)",הנחקרים,,,,,,"(37, 44)",,"[{'id': 12, 'text': 'ה', 'upos': 'DET', 'xpos': 'DET', 'feats': 'PronType=Art', 'head': 13, 'deprel': 'det:def', 'lemma': 'ה'}, {'id': 13, 'text': 'נחקרים', 'upos': 'NOUN', 'xpos': 'NOUN', 'feats': 'Gender=Masc|HebSource=ConvUncertainHead|Number=Plur', 'head': 15, 'deprel': 'nsubj', 'lemma': 'נחקר'}]"
14,לא,ADV,ADV,Polarity=Neg,15.0,advmod,"(45, 47)",לא,
15,גילו,VERB,VERB,"Gender=Fem,Masc|HebBinyan=PIEL|Number=Plur|Person=3|Tense=Past|Voice=Act",103.0,conj,"(48, 52)",גילה,
16,התנגדות,NOUN,NOUN,Gender=Fem|Number=Sing,15.0,obj,"(53, 60)",התנגדות,
17,עקרונית,ADJ,ADJ,Gender=Fem|Number=Sing,16.0,amod,"(61, 68)",עקרוני,
"(18, 20)",שהאישה,,,,,,"(69, 75)",,"[{'id': 18, 'text': 'ש', 'upos': 'SCONJ', 'xpos': 'SCONJ', 'head': 21, 'deprel': 'mark', 'lemma': 'ש'}, {'id': 19, 'text': 'ה', 'upos': 'DET', 'xpos': 'DET', 'feats': 'PronType=Art', 'head': 20, 'deprel': 'det:def', 'lemma': 'ה'}, {'id': 20, 'text': 'אישה', 'upos': 'NOUN', 'xpos': 'NOUN', 'feats': 'Gender=Fem|Number=Sing', 'head': 21, 'deprel': 'nsubj', 'lemma': 'איש'}]"
21,תצא,VERB,VERB,Gender=Fem|HebBinyan=PAAL|Number=Sing|Person=3|Tense=Fut|Voice=Act,16.0,acl:relcl,"(76, 79)",יצא,
"(22, 23)",ותעזור,,,,,,"(80, 86)",,"[{'id': 22, 'text': 'ו', 'upos': 'CCONJ', 'xpos': 'CCONJ', 'head': 23, 'deprel': 'cc', 'lemma': 'ו'}, {'id': 23, 'text': 'תעזור', 'upos': 'VERB', 'xpos': 'VERB', 'feats': 'Gender=Fem|HebBinyan=HIFIL|Number=Sing|Person=3|Tense=Fut|Voice=Act', 'head': 21, 'deprel': 'conj', 'lemma': 'עזר'}]"
"(24, 25)",כמפרנס,,,,,,"(87, 93)",,"[{'id': 24, 'text': 'כ', 'upos': 'ADP', 'xpos': 'ADP', 'head': 25, 'deprel': 'case', 'lemma': 'כ'}, {'id': 25, 'text': 'מפרנס', 'upos': 'NOUN', 'xpos': 'NOUN', 'feats': 'Gender=Masc|Number=Sing', 'head': 21, 'deprel': 'obl', 'lemma': 'מפרנס'}]"
26,שני,NUM,NUM,Gender=Masc|Number=Sing,25.0,amod,"(94, 97)",שני,
27,:,PUNCT,PUNCT,,29.0,punct,"(98, 99)",:,
28,"""",PUNCT,PUNCT,,29.0,punct,"(100, 101)","""",
29,יש,VERB,VERB,HebExistential=True,103.0,advcl,"(102, 104)",יש,
"(30, 31)",לי,,,,,,"(105, 107)",,"[{'id': 30, 'text': 'ל_', 'upos': 'ADP', 'xpos': 'ADP', 'head': 31, 'deprel': 'case', 'lemma': 'ל'}, {'id': 31, 'text': '_אני', 'upos': 'PRON', 'xpos': 'PRON', 'feats': 'Gender=Fem,Masc|Number=Sing|Person=1|PronType=Prs', 'head': 29, 'deprel': 'obl', 'lemma': 'הוא'}]"
32,בת,NOUN,NOUN,Definite=Cons|Gender=Fem|Number=Sing,29.0,nsubj,"(108, 110)",בת,
33,נשואה,NOUN,NOUN,Gender=Fem|Number=Sing,32.0,compound:smixut,"(111, 116)",נשוי,
"(34, 35)",ואימא,,,,,,"(117, 122)",,"[{'id': 34, 'text': 'ו', 'upos': 'CCONJ', 'xpos': 'CCONJ', 'head': 35, 'deprel': 'cc', 'lemma': 'ו'}, {'id': 35, 'text': 'אימא', 'upos': 'NOUN', 'xpos': 'NOUN', 'head': 32, 'deprel': 'conj', 'lemma': 'אימא'}]"
"(36, 38)",לילדים,,,,,,"(123, 129)",,"[{'id': 36, 'text': 'ל', 'upos': 'ADP', 'xpos': 'ADP', 'head': 38, 'deprel': 'case', 'lemma': 'ל'}, {'id': 37, 'text': 'ה_', 'upos': 'DET', 'xpos': 'DET', 'feats': 'PronType=Art', 'head': 38, 'deprel': 'det:def', 'lemma': 'ה'}, {'id': 38, 'text': 'ילדים', 'upos': 'NOUN', 'xpos': 'NOUN', 'feats': 'Gender=Masc|Number=Plur', 'head': 32, 'deprel': 'nmod', 'lemma': 'ילד'}]"
39,קטנים,ADJ,ADJ,Gender=Masc|Number=Plur,38.0,amod,"(130, 135)",קטן,
"(40, 41)",והיא,,,,,,"(136, 140)",,"[{'id': 40, 'text': 'ו', 'upos': 'CCONJ', 'xpos': 'CCONJ', 'head': 42, 'deprel': 'cc', 'lemma': 'ו'}, {'id': 41, 'text': 'היא', 'upos': 'PRON', 'xpos': 'PRON', 'feats': 'Gender=Fem|Number=Sing|Person=3|PronType=Prs', 'head': 42, 'deprel': 'nsubj', 'lemma': 'הוא'}]"
42,עובדת,VERB,VERB,"Gender=Fem|HebBinyan=PAAL|Number=Sing|Person=1,2,3|VerbForm=Part|Voice=Act",29.0,conj,"(141, 146)",עבד,
"(43, 45)",כמורה,,,,,,"(147, 152)",,"[{'id': 43, 'text': 'כ', 'upos': 'ADP', 'xpos': 'ADP', 'head': 45, 'deprel': 'case', 'lemma': 'כ'}, {'id': 44, 'text': 'ה_', 'upos': 'DET', 'xpos': 'DET', 'feats': 'PronType=Art', 'head': 45, 'deprel': 'det:def', 'lemma': 'ה'}, {'id': 45, 'text': 'מורה', 'upos': 'NOUN', 'xpos': 'NOUN', 'feats': 'Gender=Masc|Number=Sing', 'head': 42, 'deprel': 'obl', 'lemma': 'מורה'}]"
46,",",PUNCT,PUNCT,,29.0,punct,"(152, 153)",",",
47,זה,PRON,PRON,Gender=Masc|Number=Sing|Person=3,48.0,nsubj,"(154, 156)",זה,
48,בסדר,ADJ,ADJ,Gender=Masc|Number=Sing,29.0,conj,"(157, 161)",בסדר,
"(49, 52)",מבחינתי,,,,,,"(162, 169)",,"[{'id': 49, 'text': 'מ', 'upos': 'ADP', 'xpos': 'ADP', 'head': 50, 'deprel': 'case', 'lemma': 'מ'}, {'id': 50, 'text': 'בחינה_', 'upos': 'NOUN', 'xpos': 'NOUN', 'feats': 'Definite=Def|Gender=Fem|Number=Sing', 'head': 48, 'deprel': 'obl', 'lemma': 'בחינה'}, {'id': 51, 'text': '_של_', 'upos': 'ADP', 'xpos': 'ADP', 'head': 52, 'deprel': 'case:gen', 'lemma': 'של'}, {'id': 52, 'text': '_אני', 'upos': 'PRON', 'xpos': 'PRON', 'feats': 'Case=Gen|Gender=Fem,Masc|Number=Sing|Person=1|PronType=Prs', 'head': 50, 'deprel': 'nmod:poss', 'lemma': 'הוא'}]"
53,",",PUNCT,PUNCT,,29.0,punct,"(169, 170)",",",
54,כי,SCONJ,SCONJ,,56.0,mark,"(171, 173)",כי,
55,היום,ADV,ADV,,56.0,advmod,"(174, 178)",היום,
56,יש,VERB,VERB,HebExistential=True,99.0,advcl,"(179, 181)",יש,
"(57, 58)",לה,,,,,,"(182, 184)",,"[{'id': 57, 'text': 'ל_', 'upos': 'ADP', 'xpos': 'ADP', 'head': 58, 'deprel': 'case', 'lemma': 'ל'}, {'id': 58, 'text': '_היא', 'upos': 'PRON', 'xpos': 'PRON', 'feats': 'Gender=Fem|Number=Sing|Person=3|PronType=Prs', 'head': 56, 'deprel': 'obl', 'lemma': 'הוא'}]"
59,עזרה,NOUN,NOUN,Gender=Fem|Number=Sing,56.0,nsubj,"(185, 189)",עזרה,
60,יש,VERB,VERB,HebExistential=True,56.0,dep,"(190, 192)",יש,
61,גן,NOUN,NOUN,Definite=Cons|Gender=Masc|Number=Sing,60.0,nsubj,"(193, 195)",גן,
62,ילדים,NOUN,NOUN,Gender=Masc|Number=Plur,61.0,compound:smixut,"(196, 201)",ילד,
"(63, 64)",והיא,,,,,,"(202, 206)",,"[{'id': 63, 'text': 'ו', 'upos': 'CCONJ', 'xpos': 'CCONJ', 'head': 66, 'deprel': 'cc', 'lemma': 'ו'}, {'id': 64, 'text': 'היא', 'upos': 'PRON', 'xpos': 'PRON', 'feats': 'Gender=Fem|Number=Sing|Person=3|PronType=Prs', 'head': 66, 'deprel': 'nsubj', 'lemma': 'הוא'}]"
65,גם,ADV,ADV,,66.0,advmod,"(207, 209)",גם,
66,מקבלת,VERB,VERB,"Gender=Fem|HebBinyan=PIEL|Number=Sing|Person=1,2,3|VerbForm=Part|Voice=Act",56.0,conj,"(210, 215)",קיבל,
67,עזרה,NOUN,NOUN,Gender=Fem|Number=Sing,66.0,obj,"(216, 220)",עזרה,
"(68, 70)",מהמשפחה,,,,,,"(221, 228)",,"[{'id': 68, 'text': 'מ', 'upos': 'ADP', 'xpos': 'ADP', 'head': 70, 'deprel': 'case', 'lemma': 'מ'}, {'id': 69, 'text': 'ה', 'upos': 'DET', 'xpos': 'DET', 'feats': 'PronType=Art', 'head': 70, 'deprel': 'det:def', 'lemma': 'ה'}, {'id': 70, 'text': 'משפחה', 'upos': 'NOUN', 'xpos': 'NOUN', 'feats': 'Gender=Fem|Number=Sing', 'head': 67, 'deprel': 'nmod', 'lemma': 'משפחה'}]"
71,"""",PUNCT,PUNCT,,29.0,punct,"(228, 229)","""",
72,•,PUNCT,PUNCT,,103.0,cc,"(230, 231)",•,
73,בקרב,ADP,ADP,,74.0,case,"(232, 236)",בקרב,
74,קבוצת,NOUN,NOUN,Definite=Cons|Gender=Fem|Number=Sing,77.0,obl,"(237, 242)",קבוצה,
"(75, 76)",הצעירים,,,,,,"(243, 250)",,"[{'id': 75, 'text': 'ה', 'upos': 'DET', 'xpos': 'DET', 'feats': 'PronType=Art', 'head': 76, 'deprel': 'det:def', 'lemma': 'ה'}, {'id': 76, 'text': 'צעירים', 'upos': 'NOUN', 'xpos': 'NOUN', 'feats': 'Gender=Masc|Number=Plur', 'head': 74, 'deprel': 'compound:smixut', 'lemma': 'צעיר'}]"
77,נתנו,VERB,VERB,"Gender=Fem,Masc|Number=Plur|Person=3|Tense=Past",103.0,parataxis,"(251, 255)",נתן,
"(78, 79)",לזה,,,,,,"(256, 259)",,"[{'id': 78, 'text': 'ל', 'upos': 'ADP', 'xpos': 'ADP', 'head': 79, 'deprel': 'case', 'lemma': 'ל'}, {'id': 79, 'text': 'זה', 'upos': 'PRON', 'xpos': 'PRON', 'feats': 'Gender=Masc|Number=Sing|Person=3', 'head': 77, 'deprel': 'obl', 'lemma': 'זה'}]"
80,חשיבות,NOUN,NOUN,Gender=Fem|Number=Sing,77.0,obj,"(260, 266)",חשיבות,
81,מאוד,ADV,ADV,,82.0,advmod,"(267, 271)",מאוד,
82,רבה,ADJ,ADJ,Gender=Fem|Number=Sing,80.0,amod,"(272, 275)",רב,
83,"""",PUNCT,PUNCT,,29.0,punct,"(276, 277)","""",
"(84, 85)",בימים,,,,,,"(277, 282)",,"[{'id': 84, 'text': 'ב', 'upos': 'ADP', 'xpos': 'ADP', 'head': 85, 'deprel': 'case', 'lemma': 'ב'}, {'id': 85, 'text': 'ימים', 'upos': 'NOUN', 'xpos': 'NOUN', 'feats': 'Gender=Masc|Number=Plur', 'head': 77, 'deprel': 'obl', 'lemma': 'יום'}]"
86,אלו,PRON,PRON,"Gender=Fem,Masc|Number=Plur|Person=3|PronType=Dem",85.0,det,"(283, 286)",אלו,
"(87, 89)",ובעידן,,,,,,"(287, 293)",,"[{'id': 87, 'text': 'ו', 'upos': 'CCONJ', 'xpos': 'CCONJ', 'head': 89, 'deprel': 'cc', 'lemma': 'ו'}, {'id': 88, 'text': 'ב', 'upos': 'ADP', 'xpos': 'ADP', 'head': 89, 'deprel': 'case', 'lemma': 'ב'}, {'id': 89, 'text': 'עידן', 'upos': 'NOUN', 'xpos': 'NOUN', 'feats': 'Gender=Masc|Number=Sing', 'head': 85, 'deprel': 'conj', 'lemma': 'עידן'}]"
"(90, 92)",כזה,,,,,,"(294, 297)",,"[{'id': 90, 'text': 'כ', 'upos': 'ADP', 'xpos': 'ADP', 'head': 92, 'deprel': 'case', 'lemma': 'כ'}, {'id': 91, 'text': 'ה_', 'upos': 'DET', 'xpos': 'DET', 'feats': 'PronType=Art', 'head': 92, 'deprel': 'det:def', 'lemma': 'ה'}, {'id': 92, 'text': 'זה', 'upos': 'PRON', 'xpos': 'PRON', 'feats': 'Gender=Masc|Number=Sing|Person=3', 'head': 89, 'deprel': 'nmod', 'lemma': 'זה'}]"
93,",",PUNCT,PUNCT,,77.0,punct,"(297, 298)",",",
94,אנחנו,PRON,PRON,"Gender=Fem,Masc|Number=Plur|Person=1|PronType=Prs",99.0,nsubj,"(299, 304)",הוא,
95,בעד,ADP,ADP,,99.0,case,"(305, 308)",בעד,
"(96, 98)",שהאישה,,,,,,"(309, 315)",,"[{'id': 96, 'text': 'ש', 'upos': 'SCONJ', 'xpos': 'SCONJ', 'head': 99, 'deprel': 'mark', 'lemma': 'ש'}, {'id': 97, 'text': 'ה', 'upos': 'DET', 'xpos': 'DET', 'feats': 'PronType=Art', 'head': 98, 'deprel': 'det:def', 'lemma': 'ה'}, {'id': 98, 'text': 'אישה', 'upos': 'NOUN', 'xpos': 'NOUN', 'feats': 'Gender=Fem|Number=Sing', 'head': 99, 'deprel': 'nsubj', 'lemma': 'איש'}]"
99,תצא,VERB,VERB,Gender=Fem|HebBinyan=PAAL|Number=Sing|Person=3|Tense=Fut|Voice=Act,112.0,obl,"(316, 319)",יצא,
"(100, 101)",ותעזור,,,,,,"(320, 326)",,"[{'id': 100, 'text': 'ו', 'upos': 'CCONJ', 'xpos': 'CCONJ', 'head': 101, 'deprel': 'cc', 'lemma': 'ו'}, {'id': 101, 'text': 'תעזור', 'upos': 'VERB', 'xpos': 'VERB', 'feats': 'Gender=Fem|HebBinyan=PIEL|Number=Sing|Person=3|Tense=Fut|Voice=Act', 'head': 99, 'deprel': 'conj', 'lemma': 'עזר'}]"
102,"""",PUNCT,PUNCT,,103.0,punct,"(326, 327)","""",
103,הושמעה,VERB,VERB,Gender=Fem|HebBinyan=HUFAL|Number=Sing|Person=3|Tense=Past|Voice=Pass,0.0,root,"(328, 334)",הושמע,
104,גם,ADV,ADV,,105.0,det,"(335, 337)",גם,
105,דעת,NOUN,NOUN,Definite=Cons|Gender=Fem|Number=Sing,103.0,nsubj,"(338, 341)",דעה,
106,מיעוט,NOUN,NOUN,Gender=Masc|Number=Sing,105.0,compound:smixut,"(342, 347)",מיעוט,
"(107, 108)",בקבוצות,,,,,,"(348, 355)",,"[{'id': 107, 'text': 'ב', 'upos': 'ADP', 'xpos': 'ADP', 'head': 108, 'deprel': 'case', 'lemma': 'ב'}, {'id': 108, 'text': 'קבוצות', 'upos': 'NOUN', 'xpos': 'NOUN', 'feats': 'Definite=Cons|Gender=Fem|Number=Plur', 'head': 105, 'deprel': 'nmod', 'lemma': 'קבוצה'}]"
"(109, 110)",הגברים,,,,,,"(356, 362)",,"[{'id': 109, 'text': 'ה', 'upos': 'DET', 'xpos': 'DET', 'feats': 'PronType=Art', 'head': 110, 'deprel': 'det:def', 'lemma': 'ה'}, {'id': 110, 'text': 'גברים', 'upos': 'NOUN', 'xpos': 'NOUN', 'feats': 'Gender=Masc|Number=Plur', 'head': 108, 'deprel': 'compound:smixut', 'lemma': 'גבר'}]"
"(111, 112)",שצידדה,,,,,,"(363, 369)",,"[{'id': 111, 'text': 'ש', 'upos': 'SCONJ', 'xpos': 'SCONJ', 'head': 112, 'deprel': 'mark', 'lemma': 'ש'}, {'id': 112, 'text': 'צידדה', 'upos': 'VERB', 'xpos': 'VERB', 'feats': 'Gender=Fem|HebBinyan=PIEL|Number=Sing|Person=3|Tense=Past|Voice=Act', 'head': 105, 'deprel': 'acl:relcl', 'lemma': 'צידד'}]"
113,במיוחד,ADV,ADV,,112.0,advmod,"(370, 376)",במיוחד,
"(114, 116)",בתפקיד,,,,,,"(377, 383)",,"[{'id': 114, 'text': 'ב', 'upos': 'ADP', 'xpos': 'ADP', 'head': 116, 'deprel': 'case', 'lemma': 'ב'}, {'id': 115, 'text': 'ה_', 'upos': 'DET', 'xpos': 'DET', 'feats': 'PronType=Art', 'head': 116, 'deprel': 'det:def', 'lemma': 'ה'}, {'id': 116, 'text': 'תפקיד', 'upos': 'NOUN', 'xpos': 'NOUN', 'feats': 'Gender=Masc|Number=Sing', 'head': 112, 'deprel': 'obl', 'lemma': 'תפקיד'}]"
"(117, 118)",האישה,,,,,,"(384, 389)",,"[{'id': 117, 'text': 'ה', 'upos': 'DET', 'xpos': 'DET', 'feats': 'PronType=Art', 'head': 118, 'deprel': 'det:def', 'lemma': 'ה'}, {'id': 118, 'text': 'אישה', 'upos': 'NOUN', 'xpos': 'NOUN', 'feats': 'Gender=Fem|Number=Sing', 'head': 112, 'deprel': 'nsubj', 'lemma': 'איש'}]"
"(119, 120)",כאימא,,,,,,"(390, 395)",,"[{'id': 119, 'text': 'כ', 'upos': 'ADP', 'xpos': 'ADP', 'head': 120, 'deprel': 'case', 'lemma': 'כ'}, {'id': 120, 'text': 'אימא', 'upos': 'NOUN', 'xpos': 'NOUN', 'head': 118, 'deprel': 'nmod', 'lemma': 'אימא'}]"
"(121, 122)",וכעקרת,,,,,,"(396, 402)",,"[{'id': 121, 'text': 'ו', 'upos': 'CCONJ', 'xpos': 'CCONJ', 'head': 122, 'deprel': 'cc', 'lemma': 'ו'}, {'id': 122, 'text': 'כעקרת', 'upos': 'NOUN', 'xpos': 'NOUN', 'feats': 'Definite=Cons|Gender=Fem|Number=Sing', 'head': 120, 'deprel': 'conj', 'lemma': 'כעקרת'}]"
123,בית,NOUN,NOUN,Gender=Masc|Number=Sing,122.0,compound:smixut,"(403, 406)",בית,
124,",",PUNCT,PUNCT,,29.0,punct,"(406, 407)",",",
"(125, 126)",ושעדיף,,,,,,"(408, 414)",,"[{'id': 125, 'text': 'ו', 'upos': 'CCONJ', 'xpos': 'CCONJ', 'head': 126, 'deprel': 'cc', 'lemma': 'ו'}, {'id': 126, 'text': 'שעדיף', 'upos': 'AUX', 'xpos': 'AUX', 'head': 77, 'deprel': 'mark', 'lemma': 'שעדיף'}]"
"(127, 128)",שתישאר,,,,,,"(415, 421)",,"[{'id': 127, 'text': 'ש', 'upos': 'SCONJ', 'xpos': 'SCONJ', 'head': 128, 'deprel': 'mark', 'lemma': 'ש'}, {'id': 128, 'text': 'תישאר', 'upos': 'VERB', 'xpos': 'VERB', 'feats': 'Gender=Fem|HebBinyan=NIFAL|Number=Sing|Person=3|Tense=Fut|Voice=Mid', 'head': 60, 'deprel': 'advcl', 'lemma': 'נשאר'}]"
"(129, 130)",בבית,,,,,,"(422, 426)",,"[{'id': 129, 'text': 'ב', 'upos': 'ADP', 'xpos': 'ADP', 'head': 130, 'deprel': 'case', 'lemma': 'ב'}, {'id': 130, 'text': 'בית', 'upos': 'NOUN', 'xpos': 'NOUN', 'feats': 'Gender=Masc|Number=Sing', 'head': 128, 'deprel': 'obl', 'lemma': 'בית'}]"
"(131, 133)",בממלכה,,,,,,"(427, 433)",,"[{'id': 131, 'text': 'ב', 'upos': 'ADP', 'xpos': 'ADP', 'head': 133, 'deprel': 'case', 'lemma': 'ב'}, {'id': 132, 'text': 'ה_', 'upos': 'DET', 'xpos': 'DET', 'feats': 'PronType=Art', 'head': 133, 'deprel': 'det:def', 'lemma': 'ה'}, {'id': 133, 'text': 'ממלכה', 'upos': 'NOUN', 'xpos': 'NOUN', 'feats': 'Gender=Fem|Number=Sing', 'head': 42, 'deprel': 'obl', 'lemma': 'ממלכה'}]"
"(134, 135)",שלה,,,,,,"(434, 437)",,"[{'id': 134, 'text': 'של_', 'upos': 'ADP', 'xpos': 'ADP', 'feats': 'Case=Gen', 'head': 135, 'deprel': 'case:gen', 'lemma': 'של'}, {'id': 135, 'text': '_היא', 'upos': 'PRON', 'xpos': 'PRON', 'feats': 'Gender=Fem|Number=Sing|Person=3|PronType=Prs', 'head': 133, 'deprel': 'nmod:poss', 'lemma': 'הוא'}]"
"(136, 137)",בבית,,,,,,"(438, 442)",,"[{'id': 136, 'text': 'ב', 'upos': 'ADP', 'xpos': 'ADP', 'head': 137, 'deprel': 'case', 'lemma': 'ב'}, {'id': 137, 'text': 'בית', 'upos': 'NOUN', 'xpos': 'NOUN', 'feats': 'Gender=Masc|Number=Sing', 'head': 133, 'deprel': 'nmod', 'lemma': 'בית'}]"
"(138, 139)",ולדאוג,,,,,,"(443, 449)",,"[{'id': 138, 'text': 'ו', 'upos': 'CCONJ', 'xpos': 'CCONJ', 'feats': 'HebSource=ConvUncertainHead', 'head': 139, 'deprel': 'cc', 'lemma': 'ו'}, {'id': 139, 'text': 'לדאוג', 'upos': 'VERB', 'xpos': 'VERB', 'feats': 'HebBinyan=PAAL|VerbForm=Inf|Voice=Act', 'head': 99, 'deprel': 'xcomp', 'lemma': 'דאג'}]"
"(140, 142)",לגידול,,,,,,"(450, 456)",,"[{'id': 140, 'text': 'ל', 'upos': 'ADP', 'xpos': 'ADP', 'head': 142, 'deprel': 'case', 'lemma': 'ל'}, {'id': 141, 'text': 'ה_', 'upos': 'DET', 'xpos': 'DET', 'feats': 'PronType=Art', 'head': 142, 'deprel': 'det:def', 'lemma': 'ה'}, {'id': 142, 'text': 'גידול', 'upos': 'NOUN', 'xpos': 'NOUN', 'feats': 'Definite=Cons|Gender=Masc|Number=Sing', 'head': 139, 'deprel': 'obl', 'lemma': 'גידול'}]"
"(143, 144)",הילדים,,,,,,"(457, 463)",,"[{'id': 143, 'text': 'ה', 'upos': 'DET', 'xpos': 'DET', 'feats': 'PronType=Art', 'head': 144, 'deprel': 'det:def', 'lemma': 'ה'}, {'id': 144, 'text': 'ילדים', 'upos': 'NOUN', 'xpos': 'NOUN', 'feats': 'Gender=Masc|Number=Plur', 'head': 142, 'deprel': 'compound:smixut', 'lemma': 'ילד'}]"
"(145, 146)",שלה,,,,,,"(464, 467)",,"[{'id': 145, 'text': 'של_', 'upos': 'ADP', 'xpos': 'ADP', 'feats': 'Case=Gen', 'head': 146, 'deprel': 'case:gen', 'lemma': 'של'}, {'id': 146, 'text': '_היא', 'upos': 'PRON', 'xpos': 'PRON', 'feats': 'Gender=Fem|Number=Sing|Person=3|PronType=Prs', 'head': 142, 'deprel': 'nmod:poss', 'lemma': 'הוא'}]"
1,"""",PUNCT,PUNCT,,3.0,punct,"(1, 2)","""",
2,אני,PRON,PRON,"Gender=Fem,Masc|Number=Sing|Person=1|PronType=Prs",3.0,nsubj,"(2, 5)",הוא,
3,מאמין,VERB,VERB,"Gender=Masc|HebBinyan=HIFIL|Number=Sing|Person=1,2,3|VerbForm=Part|Voice=Act",24.0,advcl,"(6, 11)",האמין,
"(4, 5)",שתפקיד,,,,,,"(12, 18)",,"[{'id': 4, 'text': 'ש', 'upos': 'SCONJ', 'xpos': 'SCONJ', 'head': 9, 'deprel': 'mark', 'lemma': 'ש'}, {'id': 5, 'text': 'תפקיד', 'upos': 'NOUN', 'xpos': 'NOUN', 'feats': 'Definite=Cons|Gender=Masc|Number=Sing', 'head': 9, 'deprel': 'nsubj:cop', 'lemma': 'תפקיד'}]"
"(6, 7)",האישה,,,,,,"(19, 24)",,"[{'id': 6, 'text': 'ה', 'upos': 'DET', 'xpos': 'DET', 'feats': 'PronType=Art', 'head': 7, 'deprel': 'det:def', 'lemma': 'ה'}, {'id': 7, 'text': 'אישה', 'upos': 'NOUN', 'xpos': 'NOUN', 'feats': 'Gender=Fem|Number=Sing', 'head': 5, 'deprel': 'compound:smixut', 'lemma': 'איש'}]"
8,היא,AUX,AUX,Gender=Fem|Number=Sing|Person=3|Polarity=Pos|VerbForm=Part|VerbType=Cop,9.0,cop,"(25, 28)",הוא,
9,עקרת,NOUN,NOUN,Definite=Cons|Gender=Fem|Number=Sing,3.0,ccomp,"(29, 33)",עקרה,
10,בית,NOUN,NOUN,Gender=Masc|Number=Sing,9.0,compound:smixut,"(34, 37)",בית,
"(11, 14)",ומקומה,,,,,,"(38, 44)",,"[{'id': 11, 'text': 'ו', 'upos': 'CCONJ', 'xpos': 'CCONJ', 'head': 16, 'deprel': 'cc', 'lemma': 'ו'}, {'id': 12, 'text': 'מקום_', 'upos': 'NOUN', 'xpos': 'NOUN', 'feats': 'Definite=Def|Gender=Masc|Number=Sing', 'head': 16, 'deprel': 'nsubj', 'lemma': 'מקום'}, {'id': 13, 'text': '_של_', 'upos': 'ADP', 'xpos': 'ADP', 'head': 14, 'deprel': 'case:gen', 'lemma': 'של'}, {'id': 14, 'text': '_היא', 'upos': 'PRON', 'xpos': 'PRON', 'feats': 'Case=Gen|Gender=Fem|Number=Sing|Person=3|PronType=Prs', 'head': 12, 'deprel': 'nmod:poss', 'lemma': 'הוא'}]"
"(15, 16)",בקרבת,,,,,,"(45, 50)",,"[{'id': 15, 'text': 'ב', 'upos': 'ADP', 'xpos': 'ADP', 'head': 16, 'deprel': 'case', 'lemma': 'ב'}, {'id': 16, 'text': 'קרבת', 'upos': 'NOUN', 'xpos': 'NOUN', 'feats': 'Definite=Cons|Gender=Fem|Number=Sing', 'head': 9, 'deprel': 'conj', 'lemma': 'קרבה'}]"
"(17, 19)",ילדיה,,,,,,"(51, 56)",,"[{'id': 17, 'text': 'ילד_', 'upos': 'NOUN', 'xpos': 'NOUN', 'feats': 'Definite=Def|Gender=Masc|Number=Plur', 'head': 16, 'deprel': 'compound:smixut', 'lemma': 'ילד'}, {'id': 18, 'text': '_של_', 'upos': 'ADP', 'xpos': 'ADP', 'head': 19, 'deprel': 'case:gen', 'lemma': 'של'}, {'id': 19, 'text': '_היא', 'upos': 'PRON', 'xpos': 'PRON', 'feats': 'Case=Gen|Gender=Fem|Number=Sing|Person=3|PronType=Prs', 'head': 17, 'deprel': 'nmod:poss', 'lemma': 'הוא'}]"
"(20, 21)",הקטנים,,,,,,"(57, 63)",,"[{'id': 20, 'text': 'ה', 'upos': 'DET', 'xpos': 'DET', 'feats': 'PronType=Art', 'head': 21, 'deprel': 'det:def', 'lemma': 'ה'}, {'id': 21, 'text': 'קטנים', 'upos': 'ADJ', 'xpos': 'ADJ', 'feats': 'Gender=Masc|Number=Plur', 'head': 17, 'deprel': 'amod', 'lemma': 'קטן'}]"
22,"""",PUNCT,PUNCT,,3.0,punct,"(63, 64)","""",
23,כל,DET,DET,Definite=Cons,24.0,advmod,"(65, 67)",כול,
24,אמר,VERB,VERB,Gender=Masc|HebBinyan=PAAL|Number=Sing|Person=3|Tense=Past|Voice=Act,0.0,root,"(68, 71)",אמר,
25,אחד,NUM,NUM,Definite=Cons|Gender=Masc|Number=Sing,27.0,nummod,"(72, 75)",אחד,
"(26, 27)",הגברים,,,,,,"(76, 82)",,"[{'id': 26, 'text': 'ה', 'upos': 'DET', 'xpos': 'DET', 'feats': 'PronType=Art', 'head': 27, 'deprel': 'det:def', 'lemma': 'ה'}, {'id': 27, 'text': 'גברים', 'upos': 'NOUN', 'xpos': 'NOUN', 'feats': 'Gender=Masc|Number=Plur', 'head': 24, 'deprel': 'nsubj', 'lemma': 'גבר'}]"
"(28, 29)",הנשואים,,,,,,"(83, 90)",,"[{'id': 28, 'text': 'ה', 'upos': 'DET', 'xpos': 'DET', 'feats': 'PronType=Art', 'head': 29, 'deprel': 'det:def', 'lemma': 'ה'}, {'id': 29, 'text': 'נשואים', 'upos': 'ADJ', 'xpos': 'ADJ', 'feats': 'Gender=Masc|Number=Plur', 'head': 27, 'deprel': 'amod', 'lemma': 'נשוא'}]"
1,אך,CCONJ,CCONJ,,2.0,cc,"(1, 3)",אך,
2,נחזור,VERB,VERB,"Gender=Fem,Masc|HebBinyan=PAAL|Number=Plur|Person=1|Tense=Fut|Voice=Act",0.0,root,"(4, 9)",חזר,
"(3, 4)",ונדגיש,,,,,,"(10, 16)",,"[{'id': 3, 'text': 'ו', 'upos': 'CCONJ', 'xpos': 'CCONJ', 'head': 4, 'deprel': 'cc', 'lemma': 'ו'}, {'id': 4, 'text': 'נדגיש', 'upos': 'VERB', 'xpos': 'VERB', 'feats': 'Gender=Masc|HebBinyan=NIFAL|Number=Sing|Person=1,2,3|VerbForm=Part|Voice=Mid', 'head': 2, 'deprel': 'conj', 'lemma': 'הדגיש'}]"
5,כי,SCONJ,SCONJ,,7.0,mark,"(17, 19)",כי,
6,זו,PRON,PRON,Gender=Fem|Number=Sing|Person=3|PronType=Dem,7.0,nsubj,"(20, 22)",זו,
7,הייתה,AUX,AUX,Gender=Fem|Number=Sing|Person=3|Polarity=Pos|Tense=Past|VerbType=Cop,4.0,ccomp,"(23, 28)",היה,
"(8, 9)",ונשארה,,,,,,"(29, 35)",,"[{'id': 8, 'text': 'ו', 'upos': 'CCONJ', 'xpos': 'CCONJ', 'head': 9, 'deprel': 'cc', 'lemma': 'ו'}, {'id': 9, 'text': 'נשארה', 'upos': 'VERB', 'xpos': 'VERB', 'feats': 'Gender=Fem|HebBinyan=NIFAL|Number=Sing|Person=3|Tense=Past|Voice=Mid', 'head': 7, 'deprel': 'conj', 'lemma': 'נשאר'}]"
10,דעת,NOUN,NOUN,Definite=Cons|Gender=Fem|Number=Sing,7.0,nsubj,"(36, 39)",דעה,
11,מיעוט,NOUN,NOUN,Gender=Masc|Number=Sing,10.0,compound:smixut,"(40, 45)",מיעוט,
1,•,PUNCT,PUNCT,,10.0,punct,"(1, 2)",•,
2,בקרב,ADP,ADP,,3.0,case,"(3, 7)",בקרב,
3,קבוצות,NOUN,NOUN,Definite=Cons|Gender=Fem|Number=Plur,10.0,obl,"(8, 14)",קבוצה,
"(4, 5)",הנשואות,,,,,,"(15, 22)",,"[{'id': 4, 'text': 'ה', 'upos': 'DET', 'xpos': 'DET', 'feats': 'PronType=Art', 'head': 5, 'deprel': 'det:def', 'lemma': 'ה'}, {'id': 5, 'text': 'נשואות', 'upos': 'NOUN', 'xpos': 'NOUN', 'feats': 'Gender=Fem|Number=Plur', 'head': 3, 'deprel': 'compound:smixut', 'lemma': 'נשואה'}]"
"(6, 8)",והרווקות,,,,,,"(23, 31)",,"[{'id': 6, 'text': 'ו', 'upos': 'CCONJ', 'xpos': 'CCONJ', 'head': 8, 'deprel': 'cc', 'lemma': 'ו'}, {'id': 7, 'text': 'ה', 'upos': 'DET', 'xpos': 'DET', 'feats': 'PronType=Art', 'head': 8, 'deprel': 'det:def', 'lemma': 'ה'}, {'id': 8, 'text': 'רווקות', 'upos': 'NOUN', 'xpos': 'NOUN', 'feats': 'Gender=Fem|Number=Plur', 'head': 5, 'deprel': 'conj', 'lemma': 'רווקה'}]"
9,",",PUNCT,PUNCT,,10.0,punct,"(31, 32)",",",
10,הייתה,VERB,VERB,Gender=Fem|HebExistential=True|Number=Sing|Person=3|Polarity=Pos|Tense=Past,0.0,root,"(33, 38)",היה,
11,הזדהות,NOUN,NOUN,Gender=Fem|Number=Sing,10.0,nsubj,"(39, 45)",הזדהות,
12,עם,ADP,ADP,,13.0,case,"(46, 48)",עם,
13,יציאת,NOUN,NOUN,Definite=Cons|Gender=Fem|Number=Sing,11.0,nmod,"(49, 54)",יציאה,
"(14, 15)",האישה,,,,,,"(55, 60)",,"[{'id': 14, 'text': 'ה', 'upos': 'DET', 'xpos': 'DET', 'feats': 'PronType=Art', 'head': 15, 'deprel': 'det:def', 'lemma': 'ה'}, {'id': 15, 'text': 'אישה', 'upos': 'NOUN', 'xpos': 'NOUN', 'feats': 'Gender=Fem|Number=Sing', 'head': 13, 'deprel': 'compound:smixut', 'lemma': 'איש'}]"
16,לעבוד,VERB,VERB,HebBinyan=PAAL|VerbForm=Inf|Voice=Act,13.0,acl,"(61, 66)",עבד,
"(17, 18)",ולא,,,,,,"(67, 70)",,"[{'id': 17, 'text': 'ו', 'upos': 'CCONJ', 'xpos': 'CCONJ', 'feats': 'HebSource=ConvUncertainHead', 'head': 11, 'deprel': 'dep', 'lemma': 'ו'}, {'id': 18, 'text': 'לא', 'upos': 'ADV', 'xpos': 'ADV', 'feats': 'Polarity=Neg', 'head': 19, 'deprel': 'advmod', 'lemma': 'לא'}]"
19,רק,ADV,ADV,,20.0,advmod,"(71, 73)",רק,
"(20, 21)",כגורם,,,,,,"(74, 79)",,"[{'id': 20, 'text': 'כגור_', 'upos': 'ADP', 'xpos': 'ADP', 'head': 13, 'deprel': 'appos', 'lemma': 'כגור'}, {'id': 21, 'text': '_הם', 'upos': 'PRON', 'xpos': 'PRON', 'feats': 'Case=Gen|Gender=Masc|Number=Plur|Person=3|PronType=Prs', 'head': 20, 'deprel': 'nmod:poss', 'lemma': 'הוא'}]"
"(22, 23)",שעוזר,,,,,,"(80, 85)",,"[{'id': 22, 'text': 'ש', 'upos': 'SCONJ', 'xpos': 'SCONJ', 'head': 23, 'deprel': 'mark', 'lemma': 'ש'}, {'id': 23, 'text': 'עוזר', 'upos': 'VERB', 'xpos': 'VERB', 'feats': 'Gender=Masc|HebBinyan=PAAL|Number=Sing|Person=1,2,3|VerbForm=Part|Voice=Act', 'head': 20, 'deprel': 'acl:relcl', 'lemma': 'עזר'}]"
"(24, 25)",מבחינה,,,,,,"(86, 92)",,"[{'id': 24, 'text': 'מ', 'upos': 'ADP', 'xpos': 'ADP', 'head': 25, 'deprel': 'case', 'lemma': 'מ'}, {'id': 25, 'text': 'בחינה', 'upos': 'NOUN', 'xpos': 'NOUN', 'feats': 'Gender=Fem|Number=Sing', 'head': 23, 'deprel': 'obl', 'lemma': 'בחינה'}]"
26,כלכלית,ADJ,ADJ,Gender=Fem|Number=Sing,25.0,amod,"(93, 99)",כלכלי,
27,אלא,CCONJ,CCONJ,,30.0,cc,"(100, 103)",אלא,
"(28, 29)",שזה,,,,,,"(104, 107)",,"[{'id': 28, 'text': 'ש', 'upos': 'SCONJ', 'xpos': 'SCONJ', 'head': 30, 'deprel': 'mark', 'lemma': 'ש'}, {'id': 29, 'text': 'זה', 'upos': 'PRON', 'xpos': 'PRON', 'feats': 'Gender=Masc|Number=Sing|Person=3', 'head': 30, 'deprel': 'nsubj', 'lemma': 'זה'}]"
30,עוזר,VERB,VERB,"Gender=Masc|HebBinyan=PAAL|Number=Sing|Person=1,2,3|VerbForm=Part|Voice=Act",55.0,conj,"(108, 112)",עזר,
"(31, 32)",לה,,,,,,"(113, 115)",,"[{'id': 31, 'text': 'ל_', 'upos': 'ADP', 'xpos': 'ADP', 'head': 32, 'deprel': 'case', 'lemma': 'ל'}, {'id': 32, 'text': '_היא', 'upos': 'PRON', 'xpos': 'PRON', 'feats': 'Gender=Fem|Number=Sing|Person=3|PronType=Prs', 'head': 30, 'deprel': 'obl', 'lemma': 'הוא'}]"
33,לפתח,VERB,VERB,HebBinyan=PIEL|VerbForm=Inf|Voice=Act,30.0,xcomp,"(116, 120)",פיתח,
"(34, 35)",ולהגשים,,,,,,"(121, 128)",,"[{'id': 34, 'text': 'ו', 'upos': 'CCONJ', 'xpos': 'CCONJ', 'head': 35, 'deprel': 'cc', 'lemma': 'ו'}, {'id': 35, 'text': 'להגשים', 'upos': 'VERB', 'xpos': 'VERB', 'feats': 'HebBinyan=HIFIL|VerbForm=Inf|Voice=Act', 'head': 33, 'deprel': 'conj', 'lemma': 'הגשים'}]"
36,את,ADP,ADP,Case=Acc,37.0,case:acc,"(129, 131)",את,
37,עצמה,PRON,PRON,Gender=Fem|Number=Sing|Person=3|PronType=Prs|Reflex=Yes,33.0,obj,"(132, 136)",עצמו,
38,כל,DET,DET,Definite=Cons,39.0,det,"(137, 139)",כול,
39,זה,PRON,PRON,Gender=Masc|Number=Sing|Person=3,61.0,dep,"(140, 142)",זה,
40,כמובן,ADV,ADV,HebSource=ConvUncertainHead,38.0,advmod,"(143, 148)",כמובן,
41,תוך,ADP,ADP,,42.0,case,"(149, 152)",תוך,
42,שמירה,NOUN,NOUN,Gender=Fem|Number=Sing,33.0,obl,"(153, 158)",שמירה,
43,על,ADP,ADP,,45.0,case,"(159, 161)",על,
"(44, 45)",הבית,,,,,,"(162, 166)",,"[{'id': 44, 'text': 'ה', 'upos': 'DET', 'xpos': 'DET', 'feats': 'PronType=Art', 'head': 45, 'deprel': 'det:def', 'lemma': 'ה'}, {'id': 45, 'text': 'בית', 'upos': 'NOUN', 'xpos': 'NOUN', 'feats': 'Gender=Masc|Number=Sing', 'head': 42, 'deprel': 'nmod', 'lemma': 'בית'}]"
"(46, 48)",והילדים,,,,,,"(167, 174)",,"[{'id': 46, 'text': 'ו', 'upos': 'CCONJ', 'xpos': 'CCONJ', 'head': 48, 'deprel': 'cc', 'lemma': 'ו'}, {'id': 47, 'text': 'ה', 'upos': 'DET', 'xpos': 'DET', 'feats': 'PronType=Art', 'head': 48, 'deprel': 'det:def', 'lemma': 'ה'}, {'id': 48, 'text': 'ילדים', 'upos': 'NOUN', 'xpos': 'NOUN', 'feats': 'Gender=Masc|Number=Plur', 'head': 45, 'deprel': 'conj', 'lemma': 'ילד'}]"
49,",",PUNCT,PUNCT,,10.0,punct,"(175, 176)",",",
50,בקרב,ADP,ADP,,52.0,case,"(177, 181)",בקרב,
"(51, 52)",הרווקות,,,,,,"(182, 189)",,"[{'id': 51, 'text': 'ה', 'upos': 'DET', 'xpos': 'DET', 'feats': 'PronType=Art', 'head': 52, 'deprel': 'det:def', 'lemma': 'ה'}, {'id': 52, 'text': 'רווקות', 'upos': 'NOUN', 'xpos': 'NOUN', 'feats': 'Gender=Fem|Number=Plur', 'head': 55, 'deprel': 'obl', 'lemma': 'רווקה'}]"
"(53, 54)",הדבר,,,,,,"(190, 194)",,"[{'id': 53, 'text': 'ה', 'upos': 'DET', 'xpos': 'DET', 'feats': 'PronType=Art', 'head': 54, 'deprel': 'det:def', 'lemma': 'ה'}, {'id': 54, 'text': 'דבר', 'upos': 'NOUN', 'xpos': 'NOUN', 'feats': 'Gender=Masc|Number=Sing', 'head': 55, 'deprel': 'nsubj', 'lemma': 'דבר'}]"
55,בא,VERB,VERB,Gender=Masc|HebBinyan=PAAL|Number=Sing|Person=3|Tense=Past|Voice=Act,10.0,conj,"(195, 197)",בא,
56,לידי,ADP,ADP,,57.0,case,"(198, 202)",לידי,
57,ביטוי,NOUN,NOUN,Gender=Masc|Number=Sing,55.0,obl,"(203, 208)",ביטוי,
58,חזק,ADJ,ADJ,Gender=Masc|Number=Sing,57.0,amod,"(209, 212)",חזק,
59,יותר,ADV,ADV,,58.0,advmod,"(213, 217)",יותר,
"(60, 61)",ופה,,,,,,"(218, 221)",,"[{'id': 60, 'text': 'ו', 'upos': 'CCONJ', 'xpos': 'CCONJ', 'head': 65, 'deprel': 'cc', 'lemma': 'ו'}, {'id': 61, 'text': 'פה', 'upos': 'NOUN', 'xpos': 'NOUN', 'feats': 'Gender=Masc|Number=Sing', 'head': 65, 'deprel': 'dep', 'lemma': 'פה'}]"
62,אחד,NUM,NUM,Gender=Masc|Number=Sing,61.0,nummod,"(222, 225)",אחד,
"(63, 64)",כולן,,,,,,"(226, 230)",,"[{'id': 63, 'text': 'כולן', 'upos': 'NOUN', 'xpos': 'NOUN', 'feats': 'Gender=Masc|Number=Sing', 'head': 65, 'deprel': 'nsubj', 'lemma': 'כול'}, {'id': 64, 'text': '_הן', 'upos': 'PRON', 'xpos': 'PRON', 'feats': 'Case=Gen|Gender=Fem|Number=Plur|Person=3|PronType=Prs', 'head': 63, 'deprel': 'nmod:poss', 'lemma': 'הוא'}]"
65,תמכו,VERB,VERB,Gender=Fem|HebBinyan=PAAL|Number=Sing|Person=3|Tense=Fut|Voice=Act,55.0,conj,"(231, 235)",תמך,
"(66, 67)",ביציאת,,,,,,"(236, 242)",,"[{'id': 66, 'text': 'ב', 'upos': 'ADP', 'xpos': 'ADP', 'head': 67, 'deprel': 'case', 'lemma': 'ב'}, {'id': 67, 'text': 'יציאת', 'upos': 'NOUN', 'xpos': 'NOUN', 'feats': 'Definite=Cons|Gender=Fem|Number=Sing', 'head': 65, 'deprel': 'obl', 'lemma': 'יציאה'}]"
"(68, 69)",האישה,,,,,,"(243, 248)",,"[{'id': 68, 'text': 'ה', 'upos': 'DET', 'xpos': 'DET', 'feats': 'PronType=Art', 'head': 69, 'deprel': 'det:def', 'lemma': 'ה'}, {'id': 69, 'text': 'אישה', 'upos': 'NOUN', 'xpos': 'NOUN', 'feats': 'Gender=Fem|Number=Sing', 'head': 67, 'deprel': 'compound:smixut', 'lemma': 'איש'}]"
70,לצאת,VERB,VERB,HebBinyan=PAAL|VerbForm=Inf|Voice=Act,67.0,acl,"(249, 253)",יצא,
"(71, 72)",לשוק,,,,,,"(254, 258)",,"[{'id': 71, 'text': 'ל', 'upos': 'ADP', 'xpos': 'ADP', 'head': 72, 'deprel': 'case', 'lemma': 'ל'}, {'id': 72, 'text': 'שוק', 'upos': 'NOUN', 'xpos': 'NOUN', 'feats': 'Definite=Cons|Gender=Masc|Number=Sing', 'head': 70, 'deprel': 'obl', 'lemma': 'שוק'}]"
"(73, 74)",העבודה,,,,,,"(259, 265)",,"[{'id': 73, 'text': 'ה', 'upos': 'DET', 'xpos': 'DET', 'feats': 'PronType=Art', 'head': 74, 'deprel': 'det:def', 'lemma': 'ה'}, {'id': 74, 'text': 'עבודה', 'upos': 'NOUN', 'xpos': 'NOUN', 'feats': 'Gender=Fem|Number=Sing', 'head': 72, 'deprel': 'compound:smixut', 'lemma': 'עבודה'}]"
1,•,PUNCT,PUNCT,,8.0,punct,"(1, 2)",•,
2,גם,ADV,ADV,,3.0,advmod,"(3, 5)",גם,
3,בקרב,ADP,ADP,,4.0,case,"(6, 10)",בקרב,
4,מרואייני,NOUN,NOUN,Definite=Cons|Gender=Masc|Number=Plur,8.0,obl,"(11, 19)",מרואיין,
"(5, 6)",העומק,,,,,,"(20, 25)",,"[{'id': 5, 'text': 'ה', 'upos': 'DET', 'xpos': 'DET', 'feats': 'PronType=Art', 'head': 6, 'deprel': 'det:def', 'lemma': 'ה'}, {'id': 6, 'text': 'עומק', 'upos': 'NOUN', 'xpos': 'NOUN', 'feats': 'Gender=Masc|Number=Sing', 'head': 4, 'deprel': 'compound:smixut', 'lemma': 'עומק'}]"
7,",",PUNCT,PUNCT,,8.0,punct,"(25, 26)",",",
8,צידדו,VERB,VERB,"Gender=Fem,Masc|HebBinyan=PIEL|Number=Plur|Person=3|Tense=Past|Voice=Act",0.0,root,"(27, 32)",צידד,
"(9, 10)",באופציה,,,,,,"(33, 40)",,"[{'id': 9, 'text': 'ב', 'upos': 'ADP', 'xpos': 'ADP', 'head': 10, 'deprel': 'case', 'lemma': 'ב'}, {'id': 10, 'text': 'אופציה', 'upos': 'NOUN', 'xpos': 'NOUN', 'feats': 'Gender=Fem|Number=Sing', 'head': 8, 'deprel': 'obl', 'lemma': 'אופציה'}]"
11,של,ADP,ADP,Case=Gen,12.0,case:gen,"(41, 43)",של,
12,מפרנס,NOUN,NOUN,Gender=Masc|Number=Sing,10.0,nmod:poss,"(44, 49)",מפרנס,
13,שני,NUM,NUM,Gender=Masc|Number=Sing,12.0,amod,"(50, 53)",שני,
"(14, 17)",ושהדבר,,,,,,"(54, 60)",,"[{'id': 14, 'text': 'ו', 'upos': 'CCONJ', 'xpos': 'CCONJ', 'head': 18, 'deprel': 'cc', 'lemma': 'ו'}, {'id': 15, 'text': 'ש', 'upos': 'SCONJ', 'xpos': 'SCONJ', 'head': 18, 'deprel': 'mark', 'lemma': 'ש'}, {'id': 16, 'text': 'ה', 'upos': 'DET', 'xpos': 'DET', 'feats': 'PronType=Art', 'head': 17, 'deprel': 'det:def', 'lemma': 'ה'}, {'id': 17, 'text': 'דבר', 'upos': 'NOUN', 'xpos': 'NOUN', 'feats': 'Gender=Masc|Number=Sing', 'head': 18, 'deprel': 'nsubj', 'lemma': 'דבר'}]"
18,עשוי,AUX,AUX,"Gender=Masc|Number=Sing|Person=1,2,3|VerbType=Mod",19.0,aux,"(61, 65)",עשוי,
19,לעזור,VERB,VERB,HebBinyan=PAAL|VerbForm=Inf|Voice=Act,8.0,conj,"(66, 71)",עזר,
"(20, 21)",להם,,,,,,"(72, 75)",,"[{'id': 20, 'text': 'ל_', 'upos': 'ADP', 'xpos': 'ADP', 'head': 21, 'deprel': 'case', 'lemma': 'ל'}, {'id': 21, 'text': '_הם', 'upos': 'PRON', 'xpos': 'PRON', 'feats': 'Gender=Masc|Number=Plur|Person=3|PronType=Prs', 'head': 19, 'deprel': 'obl', 'lemma': 'הוא'}]"
22,להגשים,VERB,VERB,HebBinyan=HIFIL|VerbForm=Inf|Voice=Act,19.0,dep,"(76, 82)",הגשים,
23,את,ADP,ADP,Case=Acc,25.0,case:acc,"(83, 85)",את,
"(24, 25)",החלום,,,,,,"(86, 91)",,"[{'id': 24, 'text': 'ה', 'upos': 'DET', 'xpos': 'DET', 'feats': 'PronType=Art', 'head': 25, 'deprel': 'det:def', 'lemma': 'ה'}, {'id': 25, 'text': 'חלום', 'upos': 'NOUN', 'xpos': 'NOUN', 'feats': 'Gender=Masc|Number=Sing', 'head': 22, 'deprel': 'obj', 'lemma': 'חלום'}]"
26,של,ADP,ADP,Case=Gen,27.0,case:gen,"(92, 94)",של,
27,קניית,NOUN,NOUN,Definite=Cons|Gender=Fem|Number=Sing,25.0,nmod:poss,"(95, 100)",קנייה,
28,בית,NOUN,NOUN,Gender=Masc|Number=Sing,27.0,compound:smixut,"(101, 104)",בית,
29,",",PUNCT,PUNCT,,18.0,punct,"(105, 106)",",",
"(30, 31)",וזה,,,,,,"(107, 110)",,"[{'id': 30, 'text': 'ו', 'upos': 'CCONJ', 'xpos': 'CCONJ', 'head': 32, 'deprel': 'cc', 'lemma': 'ו'}, {'id': 31, 'text': 'זה', 'upos': 'PRON', 'xpos': 'PRON', 'feats': 'Gender=Masc|Number=Sing|Person=3', 'head': 32, 'deprel': 'nsubj', 'lemma': 'זה'}]"
32,יעזור,VERB,VERB,Gender=Masc|HebBinyan=HIFIL|Number=Sing|Person=3|Tense=Fut|Voice=Act,18.0,conj,"(111, 116)",עזר,
33,להרשות,VERB,VERB,HebBinyan=HIFIL|VerbForm=Inf|Voice=Act,32.0,xcomp,"(117, 123)",הרשה,
"(34, 35)",לעצמם,,,,,,"(124, 129)",,"[{'id': 34, 'text': 'ל', 'upos': 'ADP', 'xpos': 'ADP', 'head': 35, 'deprel': 'case', 'lemma': 'ל'}, {'id': 35, 'text': 'עצמם', 'upos': 'PRON', 'xpos': 'PRON', 'feats': 'Gender=Masc|Number=Plur|Person=3|PronType=Prs|Reflex=Yes', 'head': 33, 'deprel': 'obl', 'lemma': 'עצמו'}]"
36,לבצע,VERB,VERB,HebBinyan=PIEL|HebSource=ConvUncertainHead|VerbForm=Inf|Voice=Act,33.0,dep,"(130, 134)",ביצע,
37,צעד,NOUN,NOUN,Gender=Masc|Number=Sing,36.0,obj,"(135, 138)",צעד,
"(38, 40)",כזה,,,,,,"(139, 142)",,"[{'id': 38, 'text': 'כ', 'upos': 'ADP', 'xpos': 'ADP', 'head': 40, 'deprel': 'case', 'lemma': 'כ'}, {'id': 39, 'text': 'ה_', 'upos': 'DET', 'xpos': 'DET', 'feats': 'PronType=Art', 'head': 40, 'deprel': 'det:def', 'lemma': 'ה'}, {'id': 40, 'text': 'זה', 'upos': 'PRON', 'xpos': 'PRON', 'feats': 'Gender=Masc|Number=Sing|Person=3', 'head': 37, 'deprel': 'nmod', 'lemma': 'זה'}]"
1,•,PUNCT,PUNCT,,5.0,punct,"(1, 2)",•,
2,רוב,DET,DET,Definite=Cons,4.0,det,"(3, 6)",רוב,
"(3, 4)",הנחקרים,,,,,,"(7, 14)",,"[{'id': 3, 'text': 'ה', 'upos': 'DET', 'xpos': 'DET', 'feats': 'PronType=Art', 'head': 4, 'deprel': 'det:def', 'lemma': 'ה'}, {'id': 4, 'text': 'נחקרים', 'upos': 'NOUN', 'xpos': 'NOUN', 'feats': 'Gender=Masc|Number=Plur', 'head': 5, 'deprel': 'nsubj', 'lemma': 'נחקר'}]"
5,גילו,VERB,VERB,"Gender=Fem,Masc|HebBinyan=PIEL|Number=Plur|Person=3|Tense=Past|Voice=Act",0.0,root,"(15, 19)",גילה,
6,כי,SCONJ,SCONJ,,15.0,mark,"(20, 22)",כי,
7,אכן,ADV,ADV,,15.0,advmod,"(23, 26)",אכן,
8,יציאת,NOUN,NOUN,Definite=Cons|Gender=Fem|Number=Sing,15.0,nsubj,"(27, 32)",יציאה,
"(9, 10)",האישה,,,,,,"(33, 38)",,"[{'id': 9, 'text': 'ה', 'upos': 'DET', 'xpos': 'DET', 'feats': 'PronType=Art', 'head': 10, 'deprel': 'det:def', 'lemma': 'ה'}, {'id': 10, 'text': 'אישה', 'upos': 'NOUN', 'xpos': 'NOUN', 'feats': 'Gender=Fem|Number=Sing', 'head': 8, 'deprel': 'compound:smixut', 'lemma': 'איש'}]"
11,לעבוד,VERB,VERB,HebBinyan=PAAL|VerbForm=Inf|Voice=Act,8.0,acl,"(39, 44)",עבד,
"(12, 13)",כמפרנס,,,,,,"(45, 51)",,"[{'id': 12, 'text': 'כ', 'upos': 'ADP', 'xpos': 'ADP', 'head': 13, 'deprel': 'case', 'lemma': 'כ'}, {'id': 13, 'text': 'מפרנס', 'upos': 'NOUN', 'xpos': 'NOUN', 'feats': 'Gender=Masc|Number=Sing', 'head': 11, 'deprel': 'obl', 'lemma': 'מפרנס'}]"
14,שני,NUM,NUM,Gender=Masc|Number=Sing,13.0,amod,"(52, 55)",שני,
15,עשויה,AUX,AUX,"Gender=Fem|Number=Sing|Person=1,2,3|VerbType=Mod",16.0,aux,"(56, 61)",עשוי,
16,לעזור,VERB,VERB,HebBinyan=PAAL|VerbForm=Inf|Voice=Act,5.0,ccomp,"(62, 67)",עזר,
"(17, 18)",לזוג,,,,,,"(68, 72)",,"[{'id': 17, 'text': 'ל', 'upos': 'ADP', 'xpos': 'ADP', 'head': 18, 'deprel': 'case', 'lemma': 'ל'}, {'id': 18, 'text': 'זוג', 'upos': 'NOUN', 'xpos': 'NOUN', 'feats': 'Gender=Masc|Number=Sing', 'head': 16, 'deprel': 'obl', 'lemma': 'זוג'}]"
19,לקנות,VERB,VERB,HebBinyan=PAAL|HebSource=ConvUncertainHead|VerbForm=Inf|Voice=Act,16.0,dep,"(73, 78)",קנה,
20,בית,NOUN,NOUN,Gender=Masc|Number=Sing,19.0,obj,"(79, 82)",בית,
21,או,CCONJ,CCONJ,,22.0,cc,"(83, 85)",או,
22,ליטול,VERB,VERB,HebBinyan=PAAL|VerbForm=Inf|Voice=Act,19.0,conj,"(86, 91)",נטל,
23,משכנתא,NOUN,NOUN,Gender=Fem|Number=Sing,22.0,obj,"(92, 98)",משכנתא,
24,מאחר,CCONJ,CCONJ,,27.0,case,"(99, 103)",מאחר,
"(25, 26)",וזה,,,,,,"(104, 107)",,"[{'id': 25, 'text': 'ו', 'upos': 'CCONJ', 'xpos': 'CCONJ', 'head': 24, 'deprel': 'fixed', 'lemma': 'ו'}, {'id': 26, 'text': 'זה', 'upos': 'PRON', 'xpos': 'PRON', 'feats': 'Gender=Masc|Number=Sing|Person=3', 'head': 27, 'deprel': 'nsubj', 'lemma': 'זה'}]"
27,מחזק,VERB,VERB,"Gender=Masc|HebBinyan=HIFIL|Number=Sing|Person=1,2,3|VerbForm=Part|Voice=Act",15.0,advcl,"(108, 112)",חיזק,
28,את,ADP,ADP,Case=Acc,29.0,case:acc,"(113, 115)",את,
29,יכולת,NOUN,NOUN,Definite=Cons|Gender=Fem|Number=Sing,27.0,obj,"(116, 121)",יכולת,
"(30, 31)",העמידה,,,,,,"(122, 128)",,"[{'id': 30, 'text': 'ה', 'upos': 'DET', 'xpos': 'DET', 'feats': 'PronType=Art', 'head': 31, 'deprel': 'det:def', 'lemma': 'ה'}, {'id': 31, 'text': 'עמידה', 'upos': 'NOUN', 'xpos': 'NOUN', 'feats': 'Gender=Fem|Number=Sing', 'head': 29, 'deprel': 'compound:smixut', 'lemma': 'עמידה'}]"
"(32, 33)",שלהם,,,,,,"(129, 133)",,"[{'id': 32, 'text': 'של_', 'upos': 'ADP', 'xpos': 'ADP', 'feats': 'Case=Gen', 'head': 33, 'deprel': 'case:gen', 'lemma': 'של'}, {'id': 33, 'text': '_הם', 'upos': 'PRON', 'xpos': 'PRON', 'feats': 'Gender=Masc|Number=Plur|Person=3|PronType=Prs', 'head': 29, 'deprel': 'nmod', 'lemma': 'הוא'}]"
"(34, 35)",בתשלומי,,,,,,"(134, 141)",,"[{'id': 34, 'text': 'ב', 'upos': 'ADP', 'xpos': 'ADP', 'head': 35, 'deprel': 'case', 'lemma': 'ב'}, {'id': 35, 'text': 'תשלומי', 'upos': 'NOUN', 'xpos': 'NOUN', 'feats': 'Definite=Cons|Gender=Masc|Number=Plur', 'head': 31, 'deprel': 'nmod', 'lemma': 'תשלום'}]"
"(36, 37)",הבית,,,,,,"(142, 146)",,"[{'id': 36, 'text': 'ה', 'upos': 'DET', 'xpos': 'DET', 'feats': 'PronType=Art', 'head': 37, 'deprel': 'det:def', 'lemma': 'ה'}, {'id': 37, 'text': 'בית', 'upos': 'NOUN', 'xpos': 'NOUN', 'feats': 'Gender=Masc|Number=Sing', 'head': 35, 'deprel': 'compound:smixut', 'lemma': 'בית'}]"
1,פרק,NOUN,NOUN,Gender=Masc|Number=Sing,7.0,dep,"(1, 4)",פרק,
2,5,NUM,NUM,,1.0,nummod,"(5, 6)",5,
3,-,PUNCT,PUNCT,,1.0,punct,"(7, 8)",-,
4,בדיקת,NOUN,NOUN,Definite=Cons|Gender=Fem|Number=Sing,1.0,nmod,"(9, 14)",בדיקה,
5,חלופות,NOUN,NOUN,Gender=Fem|Number=Plur,4.0,compound:smixut,"(15, 21)",חלופה,
6,•,PUNCT,PUNCT,,7.0,punct,"(22, 23)",•,
7,נניח,VERB,VERB,"Gender=Fem,Masc|HebBinyan=HIFIL|Number=Plur|Person=1|Tense=Fut|Voice=Act",0.0,root,"(24, 28)",הניח,
"(8, 11)",שבסחנין,,,,,,"(29, 36)",,"[{'id': 8, 'text': 'ש', 'upos': 'SCONJ', 'xpos': 'SCONJ', 'head': 21, 'deprel': 'mark', 'lemma': 'ש'}, {'id': 9, 'text': 'ב', 'upos': 'ADP', 'xpos': 'ADP', 'head': 11, 'deprel': 'case', 'lemma': 'ב'}, {'id': 10, 'text': 'ה_', 'upos': 'DET', 'xpos': 'DET', 'feats': 'PronType=Art', 'head': 11, 'deprel': 'det:def', 'lemma': 'ה'}, {'id': 11, 'text': 'סחנין', 'upos': 'NOUN', 'xpos': 'NOUN', 'feats': 'Gender=Masc|Number=Sing', 'head': 21, 'deprel': 'obl', 'lemma': 'סחנין'}]"
12,",",PUNCT,PUNCT,,11.0,punct,"(36, 37)",",",
"(13, 16)",ובמקום,,,,,,"(38, 44)",,"[{'id': 13, 'text': 'ו', 'upos': 'CCONJ', 'xpos': 'CCONJ', 'head': 16, 'deprel': 'cc', 'lemma': 'ו'}, {'id': 14, 'text': 'ב', 'upos': 'ADP', 'xpos': 'ADP', 'head': 16, 'deprel': 'case', 'lemma': 'ב'}, {'id': 15, 'text': 'ה_', 'upos': 'DET', 'xpos': 'DET', 'feats': 'PronType=Art', 'head': 16, 'deprel': 'det:def', 'lemma': 'ה'}, {'id': 16, 'text': 'מקום', 'upos': 'NOUN', 'xpos': 'NOUN', 'feats': 'Gender=Masc|Number=Sing', 'head': 11, 'deprel': 'conj', 'lemma': 'מקום'}]"
17,ירוק,ADJ,ADJ,Gender=Masc|Number=Sing,16.0,amod,"(45, 49)",ירוק,
"(18, 19)",ויפה,,,,,,"(50, 54)",,"[{'id': 18, 'text': 'ו', 'upos': 'CCONJ', 'xpos': 'CCONJ', 'head': 19, 'deprel': 'cc', 'lemma': 'ו'}, {'id': 19, 'text': 'יפה', 'upos': 'ADJ', 'xpos': 'ADJ', 'feats': 'Gender=Masc|Number=Sing', 'head': 17, 'deprel': 'conj', 'lemma': 'יפה'}]"
20,",",PUNCT,PUNCT,,21.0,punct,"(54, 55)",",",
21,קמה,VERB,VERB,Gender=Fem|HebBinyan=PAAL|Number=Sing|Person=3|Tense=Past|Voice=Act,7.0,ccomp,"(56, 59)",קם,
"(22, 23)",לה,,,,,,"(60, 62)",,"[{'id': 22, 'text': 'ל_', 'upos': 'ADP', 'xpos': 'ADP', 'head': 23, 'deprel': 'case', 'lemma': 'ל'}, {'id': 23, 'text': '_היא', 'upos': 'PRON', 'xpos': 'PRON', 'feats': 'Gender=Fem|Number=Sing|Person=3|PronType=Prs', 'head': 21, 'deprel': 'obl', 'lemma': 'הוא'}]"
24,שכונה,NOUN,NOUN,Gender=Fem|Number=Sing,21.0,nsubj,"(63, 68)",שכונה,
25,חדשה,ADJ,ADJ,Gender=Fem|Number=Sing,24.0,amod,"(69, 73)",חדש,
"(26, 27)",בשם,,,,,,"(74, 77)",,"[{'id': 26, 'text': 'ב', 'upos': 'ADP', 'xpos': 'ADP', 'head': 27, 'deprel': 'case', 'lemma': 'ב'}, {'id': 27, 'text': 'שם', 'upos': 'NOUN', 'xpos': 'NOUN', 'feats': 'Definite=Cons|Gender=Masc|Number=Sing', 'head': 24, 'deprel': 'nmod', 'lemma': 'שם'}]"
28,שכונת,NOUN,NOUN,Definite=Cons|Gender=Fem|Number=Sing,27.0,compound:smixut,"(78, 83)",שכונה,
"(29, 30)",הפרחים,,,,,,"(84, 90)",,"[{'id': 29, 'text': 'ה', 'upos': 'DET', 'xpos': 'DET', 'feats': 'PronType=Art', 'head': 30, 'deprel': 'det:def', 'lemma': 'ה'}, {'id': 30, 'text': 'פרחים', 'upos': 'NOUN', 'xpos': 'NOUN', 'feats': 'Gender=Masc|Number=Plur', 'head': 28, 'deprel': 'compound:smixut', 'lemma': 'פרח'}]"
31,/,PUNCT,PUNCT,,33.0,punct,"(91, 92)",/,
"(32, 33)",הוורדים,,,,,,"(93, 100)",,"[{'id': 32, 'text': 'ה', 'upos': 'DET', 'xpos': 'DET', 'feats': 'PronType=Art', 'head': 33, 'deprel': 'det:def', 'lemma': 'ה'}, {'id': 33, 'text': 'וורדים', 'upos': 'NOUN', 'xpos': 'NOUN', 'feats': 'Gender=Masc|Number=Plur', 'head': 30, 'deprel': 'conj', 'lemma': 'ורדי'}]"
34,",",PUNCT,PUNCT,,21.0,punct,"(100, 101)",",",
"(35, 37)",בשכונה,,,,,,"(102, 108)",,"[{'id': 35, 'text': 'ב', 'upos': 'ADP', 'xpos': 'ADP', 'head': 37, 'deprel': 'case', 'lemma': 'ב'}, {'id': 36, 'text': 'ה_', 'upos': 'DET', 'xpos': 'DET', 'feats': 'PronType=Art', 'head': 37, 'deprel': 'det:def', 'lemma': 'ה'}, {'id': 37, 'text': 'שכונה', 'upos': 'NOUN', 'xpos': 'NOUN', 'feats': 'Gender=Fem|Number=Sing', 'head': 39, 'deprel': 'obl', 'lemma': 'שכונה'}]"
38,זו,PRON,PRON,Gender=Fem|Number=Sing|Person=3|PronType=Dem,37.0,det,"(109, 111)",זו,
39,נבנו,VERB,VERB,"Gender=Fem,Masc|HebBinyan=NIFAL|Number=Plur|Person=3|Tense=Past|Voice=Mid",21.0,parataxis,"(112, 116)",נבנה,
40,מספר,DET,DET,Definite=Cons,41.0,det,"(117, 121)",מספר,
41,בנינים,NOUN,NOUN,Gender=Masc|Number=Plur,39.0,nsubj,"(122, 128)",בנין,
42,רבי,ADJ,ADJ,Definite=Cons|Gender=Masc|Number=Plur,41.0,amod,"(129, 132)",רב,
43,קומות,NOUN,NOUN,Gender=Fem|Number=Plur,42.0,compound:smixut,"(133, 138)",קומה,
"(44, 45)",שהציעו,,,,,,"(139, 145)",,"[{'id': 44, 'text': 'ש', 'upos': 'SCONJ', 'xpos': 'SCONJ', 'head': 45, 'deprel': 'mark', 'lemma': 'ש'}, {'id': 45, 'text': 'הציעו', 'upos': 'VERB', 'xpos': 'VERB', 'feats': 'Gender=Fem,Masc|HebBinyan=HIFIL|Number=Plur|Person=3|Tense=Past|Voice=Act', 'head': 41, 'deprel': 'acl:relcl', 'lemma': 'הציע'}]"
"(46, 47)",לך,,,,,,"(146, 148)",,"[{'id': 46, 'text': 'ל_', 'upos': 'ADP', 'xpos': 'ADP', 'head': 47, 'deprel': 'case', 'lemma': 'ל'}, {'id': 47, 'text': '_אתה', 'upos': 'PRON', 'xpos': 'PRON', 'feats': 'Gender=Masc|Number=Sing|Person=2|PronType=Prs', 'head': 45, 'deprel': 'obl', 'lemma': 'הוא'}]"
48,דירות,NOUN,NOUN,Gender=Fem|Number=Plur,45.0,obj,"(149, 154)",דירה,
"(49, 50)",לרכישה,,,,,,"(155, 161)",,"[{'id': 49, 'text': 'ל', 'upos': 'ADP', 'xpos': 'ADP', 'head': 50, 'deprel': 'case', 'lemma': 'ל'}, {'id': 50, 'text': 'רכישה', 'upos': 'NOUN', 'xpos': 'NOUN', 'feats': 'Gender=Fem|Number=Sing', 'head': 48, 'deprel': 'nmod', 'lemma': 'רכישה'}]"
51,",",PUNCT,PUNCT,,48.0,punct,"(161, 162)",",",
"(52, 53)",בגדלים,,,,,,"(163, 169)",,"[{'id': 52, 'text': 'ב', 'upos': 'ADP', 'xpos': 'ADP', 'head': 53, 'deprel': 'case', 'lemma': 'ב'}, {'id': 53, 'text': 'גדלים', 'upos': 'NOUN', 'xpos': 'NOUN', 'feats': 'Gender=Masc|Number=Plur', 'head': 48, 'deprel': 'nmod', 'lemma': 'גודל'}]"
54,שונים,ADJ,ADJ,Gender=Masc|Number=Plur,53.0,amod,"(170, 175)",שונה,
55,3,NUM,NUM,,53.0,nummod,"(176, 177)",3,
56,-,PUNCT,PUNCT,HebSource=ConvUncertainHead,55.0,dep,"(177, 178)",-,
57,4,NUM,NUM,HebSource=ConvUncertainHead,55.0,dep,"(178, 179)",4,
58,-,PUNCT,PUNCT,HebSource=ConvUncertainHead,55.0,dep,"(179, 180)",-,
59,5,NUM,NUM,,55.0,nummod,"(180, 181)",5,
60,חדרים,NOUN,NOUN,Gender=Masc|HebSource=ConvUncertainHead|Number=Plur,55.0,dep,"(182, 187)",חדר,
61,",",PUNCT,PUNCT,,48.0,punct,"(188, 189)",",",
"(62, 63)",במחירים,,,,,,"(190, 197)",,"[{'id': 62, 'text': 'ב', 'upos': 'ADP', 'xpos': 'ADP', 'head': 63, 'deprel': 'case', 'lemma': 'ב'}, {'id': 63, 'text': 'מחירים', 'upos': 'NOUN', 'xpos': 'NOUN', 'feats': 'Gender=Masc|Number=Plur', 'head': 48, 'deprel': 'nmod', 'lemma': 'מחיר'}]"
64,600,NUM,NUM,,68.0,nummod,"(198, 201)",600,
65,-,PUNCT,PUNCT,,64.0,punct,"(201, 202)",-,
66,700,NUM,NUM,,67.0,nummod,"(202, 205)",700,
67,אלף,NUM,NUM,Gender=Masc|Number=Sing,68.0,nummod,"(206, 209)",אלף,
68,שח,NOUN,NOUN,,63.0,nmod,"(210, 212)",שח,
1,עם,ADP,ADP,,2.0,case,"(1, 3)",עם,
2,אופציה,NOUN,NOUN,Gender=Fem|Number=Sing,0.0,root,"(4, 10)",אופציה,
"(3, 4)",למשכנתא,,,,,,"(11, 18)",,"[{'id': 3, 'text': 'ל', 'upos': 'ADP', 'xpos': 'ADP', 'head': 4, 'deprel': 'case', 'lemma': 'ל'}, {'id': 4, 'text': 'משכנתא', 'upos': 'NOUN', 'xpos': 'NOUN', 'feats': 'Gender=Fem|Number=Sing', 'head': 2, 'deprel': 'nmod', 'lemma': 'משכנתא'}]"
"(5, 6)",בהחזר,,,,,,"(19, 24)",,"[{'id': 5, 'text': 'ב', 'upos': 'ADP', 'xpos': 'ADP', 'head': 6, 'deprel': 'case', 'lemma': 'ב'}, {'id': 6, 'text': 'החזר', 'upos': 'NOUN', 'xpos': 'NOUN', 'feats': 'Gender=Masc|Number=Sing', 'head': 2, 'deprel': 'nmod', 'lemma': 'החזר'}]"
7,חודשי,ADJ,ADJ,Gender=Masc|Number=Sing,6.0,amod,"(25, 30)",חודשי,
8,של,ADP,ADP,Case=Gen,12.0,case:gen,"(31, 33)",של,
9,1500,NUM,NUM,,12.0,nummod,"(34, 38)",1500,
10,-,PUNCT,PUNCT,,9.0,punct,"(38, 39)",-,
11,2000,NUM,NUM,,9.0,nummod,"(40, 44)",2000,
12,₪,NOUN,NOUN,Gender=Masc|Number=Plur,6.0,nmod,"(45, 46)",₪,
"(13, 14)",לחודש,,,,,,"(47, 52)",,"[{'id': 13, 'text': 'ל', 'upos': 'ADP', 'xpos': 'ADP', 'head': 14, 'deprel': 'case', 'lemma': 'ל'}, {'id': 14, 'text': 'חודש', 'upos': 'NOUN', 'xpos': 'NOUN', 'feats': 'Gender=Masc|Number=Sing', 'head': 12, 'deprel': 'nmod', 'lemma': 'חודש'}]"
15,",",PUNCT,PUNCT,,2.0,punct,"(53, 54)",",",
"(16, 19)",ובמקדמה,,,,,,"(55, 62)",,"[{'id': 16, 'text': 'ו', 'upos': 'CCONJ', 'xpos': 'CCONJ', 'head': 19, 'deprel': 'cc', 'lemma': 'ו'}, {'id': 17, 'text': 'ב', 'upos': 'ADP', 'xpos': 'ADP', 'head': 19, 'deprel': 'case', 'lemma': 'ב'}, {'id': 18, 'text': 'ה_', 'upos': 'DET', 'xpos': 'DET', 'feats': 'PronType=Art', 'head': 19, 'deprel': 'det:def', 'lemma': 'ה'}, {'id': 19, 'text': 'מקדמה', 'upos': 'NOUN', 'xpos': 'NOUN', 'feats': 'Gender=Fem|Number=Sing', 'head': 2, 'deprel': 'conj', 'lemma': 'מקדמה'}]"
20,של,ADP,ADP,Case=Gen,22.0,case:gen,"(63, 65)",של,
21,20,NUM,NUM,,22.0,nummod,"(66, 68)",20,
22,%,NOUN,NOUN,"Gender=Masc|Number=Plur,Sing",19.0,nmod:poss,"(68, 69)",%,
23,",",PUNCT,PUNCT,,2.0,punct,"(70, 71)",",",
24,כאשר,SCONJ,SCONJ,,28.0,mark,"(72, 76)",כאשר,
"(25, 27)",בשכונה,,,,,,"(77, 83)",,"[{'id': 25, 'text': 'ב', 'upos': 'ADP', 'xpos': 'ADP', 'head': 27, 'deprel': 'case', 'lemma': 'ב'}, {'id': 26, 'text': 'ה_', 'upos': 'DET', 'xpos': 'DET', 'feats': 'PronType=Art', 'head': 27, 'deprel': 'det:def', 'lemma': 'ה'}, {'id': 27, 'text': 'שכונה', 'upos': 'NOUN', 'xpos': 'NOUN', 'feats': 'Gender=Fem|Number=Sing', 'head': 28, 'deprel': 'obl', 'lemma': 'שכונה'}]"
28,תימצא,VERB,VERB,Gender=Fem|HebBinyan=NIFAL|Number=Sing|Person=3|Tense=Fut|Voice=Mid,2.0,acl:relcl,"(84, 89)",נמצא,
29,תשתית,NOUN,NOUN,Gender=Fem|Number=Sing,28.0,nsubj,"(90, 95)",תשתית,
30,טובה,ADJ,ADJ,Gender=Fem|Number=Sing,29.0,amod,"(96, 100)",טוב,
31,",",PUNCT,PUNCT,,29.0,punct,"(101, 102)",",",
32,כבישים,NOUN,NOUN,Gender=Masc|Number=Plur,29.0,conj,"(103, 109)",כביש,
33,מסודרים,VERB,VERB,Gender=Masc|Number=Plur,32.0,amod,"(110, 117)",סודר,
34,",",PUNCT,PUNCT,,29.0,punct,"(118, 119)",",",
35,גני,NOUN,NOUN,Definite=Cons|Gender=Masc|Number=Plur,29.0,conj,"(119, 122)",גן,
36,ילדים,NOUN,NOUN,Gender=Masc|Number=Plur,35.0,compound:smixut,"(123, 128)",ילד,
37,",",PUNCT,PUNCT,,29.0,punct,"(128, 129)",",",
38,מרכז,NOUN,NOUN,Gender=Masc|Number=Sing,29.0,conj,"(130, 134)",מרכז,
39,מסחרי,ADJ,ADJ,Gender=Masc|Number=Sing,38.0,amod,"(135, 140)",מסחרי,
40,",",PUNCT,PUNCT,,29.0,punct,"(140, 141)",",",
41,מגרשים,NOUN,NOUN,Gender=Masc|Number=Plur,29.0,conj,"(142, 148)",מגרש,
"(42, 44)",לילדים,,,,,,"(149, 155)",,"[{'id': 42, 'text': 'ל', 'upos': 'ADP', 'xpos': 'ADP', 'head': 44, 'deprel': 'case', 'lemma': 'ל'}, {'id': 43, 'text': 'ה_', 'upos': 'DET', 'xpos': 'DET', 'feats': 'PronType=Art', 'head': 44, 'deprel': 'det:def', 'lemma': 'ה'}, {'id': 44, 'text': 'ילדים', 'upos': 'NOUN', 'xpos': 'NOUN', 'feats': 'Gender=Masc|Number=Plur', 'head': 41, 'deprel': 'nmod', 'lemma': 'ילד'}]"
"(45, 46)",ונוער,,,,,,"(156, 161)",,"[{'id': 45, 'text': 'ו', 'upos': 'CCONJ', 'xpos': 'CCONJ', 'head': 46, 'deprel': 'cc', 'lemma': 'ו'}, {'id': 46, 'text': 'נוער', 'upos': 'NOUN', 'xpos': 'NOUN', 'feats': 'Gender=Masc|Number=Sing', 'head': 44, 'deprel': 'conj', 'lemma': 'נוער'}]"
47,",",PUNCT,PUNCT,,29.0,punct,"(161, 162)",",",
48,תחבורה,NOUN,NOUN,Gender=Fem|Number=Sing,29.0,conj,"(163, 169)",תחבורה,
"(49, 50)",ונגישות,,,,,,"(170, 177)",,"[{'id': 49, 'text': 'ו', 'upos': 'CCONJ', 'xpos': 'CCONJ', 'head': 50, 'deprel': 'cc', 'lemma': 'ו'}, {'id': 50, 'text': 'נגישות', 'upos': 'NOUN', 'xpos': 'NOUN', 'feats': 'Gender=Fem|Number=Sing', 'head': 29, 'deprel': 'conj', 'lemma': 'נגישה'}]"
51,טובה,ADJ,ADJ,Gender=Fem|Number=Sing,50.0,amod,"(178, 182)",טוב,
52,",",PUNCT,PUNCT,,2.0,punct,"(182, 183)",",",
"(53, 54)",והכל,,,,,,"(184, 188)",,"[{'id': 53, 'text': 'ו', 'upos': 'CCONJ', 'xpos': 'CCONJ', 'head': 56, 'deprel': 'cc', 'lemma': 'ו'}, {'id': 54, 'text': 'הכל', 'upos': 'NOUN', 'xpos': 'NOUN', 'head': 56, 'deprel': 'nsubj', 'lemma': 'הכיל'}]"
"(55, 56)",בעיצוב,,,,,,"(189, 195)",,"[{'id': 55, 'text': 'ב', 'upos': 'ADP', 'xpos': 'ADP', 'head': 56, 'deprel': 'case', 'lemma': 'ב'}, {'id': 56, 'text': 'עיצוב', 'upos': 'NOUN', 'xpos': 'NOUN', 'feats': 'Gender=Masc|Number=Sing', 'head': 2, 'deprel': 'conj', 'lemma': 'עיצוב'}]"
57,מודרני,ADJ,ADJ,Gender=Masc|Number=Sing,56.0,amod,"(196, 202)",מודרני,
"(58, 61)",ובסביבה,,,,,,"(203, 210)",,"[{'id': 58, 'text': 'ו', 'upos': 'CCONJ', 'xpos': 'CCONJ', 'feats': 'HebSource=ConvUncertainHead', 'head': 61, 'deprel': 'cc', 'lemma': 'ו'}, {'id': 59, 'text': 'ב', 'upos': 'ADP', 'xpos': 'ADP', 'head': 61, 'deprel': 'case', 'lemma': 'ב'}, {'id': 60, 'text': 'ה_', 'upos': 'DET', 'xpos': 'DET', 'feats': 'PronType=Art', 'head': 61, 'deprel': 'det:def', 'lemma': 'ה'}, {'id': 61, 'text': 'סביבה', 'upos': 'NOUN', 'xpos': 'NOUN', 'feats': 'Gender=Fem|Number=Sing', 'head': 56, 'deprel': 'conj', 'lemma': 'סביבה'}]"
62,ירוקה,ADJ,ADJ,Gender=Fem|Number=Sing,61.0,amod,"(211, 216)",ירוק,
63,-,PUNCT,PUNCT,,62.0,punct,"(217, 218)",-,
64,תן,NOUN,NOUN,Definite=Cons|Gender=Masc|Number=Sing,62.0,dep,"(219, 221)",תן,
65,ציון,PROPN,PROPN,,62.0,flat:name,"(222, 226)",ציון,
66,בין,ADP,ADP,,67.0,case,"(227, 230)",בין,
67,1,NUM,NUM,HebSource=ConvUncertainHead,61.0,appos,"(231, 232)",1,
68,עד,ADP,ADP,,69.0,case,"(233, 235)",עד,
69,7,NUM,NUM,,67.0,dep,"(236, 237)",7,
"(70, 71)",למידת,,,,,,"(238, 243)",,"[{'id': 70, 'text': 'ל', 'upos': 'ADP', 'xpos': 'ADP', 'head': 71, 'deprel': 'case', 'lemma': 'ל'}, {'id': 71, 'text': 'מידת', 'upos': 'NOUN', 'xpos': 'NOUN', 'feats': 'Definite=Cons|Gender=Fem|Number=Sing', 'head': 61, 'deprel': 'dep', 'lemma': 'מידה'}]"
"(72, 73)",האטרקטיביות,,,,,,"(244, 255)",,"[{'id': 72, 'text': 'ה', 'upos': 'DET', 'xpos': 'DET', 'feats': 'PronType=Art', 'head': 73, 'deprel': 'det:def', 'lemma': 'ה'}, {'id': 73, 'text': 'אטרקטיביות', 'upos': 'NOUN', 'xpos': 'NOUN', 'feats': 'Gender=Fem|Number=Sing', 'head': 71, 'deprel': 'compound:smixut', 'lemma': 'אטרקטיביות'}]"
74,של,ADP,ADP,Case=Gen,75.0,case:gen,"(256, 258)",של,
75,הצעה,NOUN,NOUN,Gender=Fem|Number=Sing,73.0,nmod:poss,"(259, 263)",הצעה,
"(76, 77)",עבורך,,,,,,"(264, 269)",,"[{'id': 76, 'text': 'עבור_', 'upos': 'ADP', 'xpos': 'ADP', 'head': 77, 'deprel': 'case', 'lemma': 'עבור'}, {'id': 77, 'text': '_אתה', 'upos': 'PRON', 'xpos': 'PRON', 'feats': 'Gender=Masc|Number=Sing|Person=2|PronType=Prs', 'head': 75, 'deprel': 'nmod', 'lemma': 'הוא'}]"
78,?,PUNCT,PUNCT,,2.0,punct,"(270, 271)",?,
79,כאשר,SCONJ,SCONJ,,83.0,mark,"(271, 275)",כאשר,
80,1,NUM,NUM,,83.0,nsubj,"(276, 277)",1,
81,ממש,ADV,ADV,,83.0,advmod,"(278, 281)",ממש,
82,לא,ADV,ADV,Polarity=Neg,83.0,advmod,"(282, 284)",לא,
83,אטרקטיבית,ADJ,ADJ,Gender=Fem|Number=Sing,61.0,acl:relcl,"(285, 294)",אטרקטיבי,
84,",",PUNCT,PUNCT,,83.0,punct,"(295, 296)",",",
85,",",PUNCT,PUNCT,,83.0,punct,"(296, 297)",",",
86,",",PUNCT,PUNCT,,83.0,punct,"(297, 298)",",",
87,ו,CCONJ,CCONJ,,89.0,cc,"(299, 300)",ו,
88,7,NUM,NUM,,89.0,nsubj,"(301, 302)",7,
89,אטרקטיבית,ADJ,ADJ,Gender=Fem|Number=Sing,83.0,conj,"(303, 312)",אטרקטיבי,
90,ביותר,ADV,ADV,,89.0,advmod,"(313, 318)",ביותר,
1,•,PUNCT,PUNCT,,5.0,punct,"(2, 3)",•,
2,רוב,DET,DET,Definite=Cons,4.0,det,"(4, 7)",רוב,
"(3, 4)",הנחקרים,,,,,,"(8, 15)",,"[{'id': 3, 'text': 'ה', 'upos': 'DET', 'xpos': 'DET', 'feats': 'PronType=Art', 'head': 4, 'deprel': 'det:def', 'lemma': 'ה'}, {'id': 4, 'text': 'נחקרים', 'upos': 'NOUN', 'xpos': 'NOUN', 'feats': 'Gender=Masc|Number=Plur', 'head': 5, 'deprel': 'nsubj', 'lemma': 'נחקר'}]"
5,גילו,VERB,VERB,"Gender=Fem,Masc|HebBinyan=PIEL|Number=Plur|Person=3|Tense=Past|Voice=Act",0.0,root,"(16, 20)",גילה,
6,אהדה,NOUN,NOUN,Gender=Fem|Number=Sing,5.0,obj,"(21, 25)",אהדה,
"(7, 8)",לחלופה,,,,,,"(26, 32)",,"[{'id': 7, 'text': 'ל', 'upos': 'ADP', 'xpos': 'ADP', 'head': 8, 'deprel': 'case', 'lemma': 'ל'}, {'id': 8, 'text': 'חלופה', 'upos': 'NOUN', 'xpos': 'NOUN', 'feats': 'Gender=Fem|Number=Sing', 'head': 6, 'deprel': 'nmod', 'lemma': 'חלופה'}]"
9,זו,PRON,PRON,Gender=Fem|Number=Sing|Person=3|PronType=Dem,8.0,det,"(33, 35)",זו,
"(10, 11)",מבחינה,,,,,,"(36, 42)",,"[{'id': 10, 'text': 'מ', 'upos': 'ADP', 'xpos': 'ADP', 'head': 11, 'deprel': 'case', 'lemma': 'מ'}, {'id': 11, 'text': 'בחינה', 'upos': 'NOUN', 'xpos': 'NOUN', 'feats': 'Gender=Fem|Number=Sing', 'head': 6, 'deprel': 'nmod', 'lemma': 'בחינה'}]"
12,עקרונית,ADJ,ADJ,Gender=Fem|Number=Sing,11.0,amod,"(43, 50)",עקרוני,
"(13, 14)",כפתרון,,,,,,"(51, 57)",,"[{'id': 13, 'text': 'כ', 'upos': 'ADP', 'xpos': 'ADP', 'head': 14, 'deprel': 'case', 'lemma': 'כ'}, {'id': 14, 'text': 'פתרון', 'upos': 'NOUN', 'xpos': 'NOUN', 'feats': 'Gender=Masc|Number=Sing', 'head': 11, 'deprel': 'nmod', 'lemma': 'פתרון'}]"
"(15, 16)",למצוקת,,,,,,"(58, 64)",,"[{'id': 15, 'text': 'ל', 'upos': 'ADP', 'xpos': 'ADP', 'head': 16, 'deprel': 'case', 'lemma': 'ל'}, {'id': 16, 'text': 'מצוקת', 'upos': 'NOUN', 'xpos': 'NOUN', 'feats': 'Definite=Cons|Gender=Fem|Number=Sing', 'head': 14, 'deprel': 'nmod', 'lemma': 'מצוקה'}]"
"(17, 18)",הדיור,,,,,,"(65, 70)",,"[{'id': 17, 'text': 'ה', 'upos': 'DET', 'xpos': 'DET', 'feats': 'PronType=Art', 'head': 18, 'deprel': 'det:def', 'lemma': 'ה'}, {'id': 18, 'text': 'דיור', 'upos': 'NOUN', 'xpos': 'NOUN', 'feats': 'Gender=Masc|Number=Sing', 'head': 16, 'deprel': 'compound:smixut', 'lemma': 'דיור'}]"
"(19, 21)",בסחינין,,,,,,"(71, 78)",,"[{'id': 19, 'text': 'ב', 'upos': 'ADP', 'xpos': 'ADP', 'head': 21, 'deprel': 'case', 'lemma': 'ב'}, {'id': 20, 'text': 'ה_', 'upos': 'DET', 'xpos': 'DET', 'feats': 'PronType=Art', 'head': 21, 'deprel': 'det:def', 'lemma': 'ה'}, {'id': 21, 'text': 'סחינין', 'upos': 'NOUN', 'xpos': 'NOUN', 'feats': 'Gender=Masc|Number=Sing', 'head': 18, 'deprel': 'nmod', 'lemma': 'סחינין'}]"
22,",",PUNCT,PUNCT,,5.0,punct,"(78, 79)",",",
"(23, 24)",וכל,,,,,,"(80, 83)",,"[{'id': 23, 'text': 'ו', 'upos': 'CCONJ', 'xpos': 'CCONJ', 'head': 26, 'deprel': 'cc', 'lemma': 'ו'}, {'id': 24, 'text': 'כל', 'upos': 'DET', 'xpos': 'DET', 'feats': 'Definite=Cons', 'head': 25, 'deprel': 'det', 'lemma': 'כול'}]"
25,אחד,NUM,NUM,Gender=Masc|Number=Sing,26.0,nsubj,"(84, 87)",אחד,
26,מצא,VERB,VERB,Gender=Masc|HebBinyan=PAAL|Number=Sing|Person=3|Tense=Past|Voice=Act,5.0,conj,"(88, 91)",מצא,
27,משהו,NOUN,NOUN,Gender=Masc|Number=Sing,26.0,obj,"(92, 96)",משהו,
"(28, 29)",שמתאים,,,,,,"(97, 103)",,"[{'id': 28, 'text': 'ש', 'upos': 'SCONJ', 'xpos': 'SCONJ', 'head': 29, 'deprel': 'mark', 'lemma': 'ש'}, {'id': 29, 'text': 'מתאים', 'upos': 'VERB', 'xpos': 'VERB', 'feats': 'Gender=Masc|HebBinyan=HIFIL|Number=Sing|Person=1,2,3|VerbForm=Part|Voice=Act', 'head': 27, 'deprel': 'acl:relcl', 'lemma': 'התאים'}]"
"(30, 31)",לו,,,,,,"(104, 106)",,"[{'id': 30, 'text': 'ל_', 'upos': 'ADP', 'xpos': 'ADP', 'head': 31, 'deprel': 'case', 'lemma': 'ל'}, {'id': 31, 'text': '_הוא', 'upos': 'PRON', 'xpos': 'PRON', 'feats': 'Gender=Masc|Number=Sing|Person=3|PronType=Prs', 'head': 29, 'deprel': 'obl', 'lemma': 'הוא'}]"
32,היו,AUX,AUX,"Gender=Fem,Masc|Number=Plur|Person=3|Polarity=Pos|Tense=Past|VerbType=Cop",26.0,advcl,"(107, 110)",היה,
"(33, 35)",כאלה,,,,,,"(111, 115)",,"[{'id': 33, 'text': 'כ', 'upos': 'ADP', 'xpos': 'ADP', 'head': 35, 'deprel': 'case', 'lemma': 'כ'}, {'id': 34, 'text': 'ה_', 'upos': 'DET', 'xpos': 'DET', 'feats': 'PronType=Art', 'head': 35, 'deprel': 'det:def', 'lemma': 'ה'}, {'id': 35, 'text': 'אלה', 'upos': 'PRON', 'xpos': 'PRON', 'feats': 'Gender=Masc|Number=Plur|Person=3|PronType=Dem', 'head': 26, 'deprel': 'obl', 'lemma': 'אלה'}]"
"(36, 37)",שאהבו,,,,,,"(116, 121)",,"[{'id': 36, 'text': 'ש', 'upos': 'SCONJ', 'xpos': 'SCONJ', 'head': 37, 'deprel': 'mark', 'lemma': 'ש'}, {'id': 37, 'text': 'אהבו', 'upos': 'VERB', 'xpos': 'VERB', 'feats': 'Gender=Fem,Masc|HebBinyan=PAAL|Number=Plur|Person=3|Tense=Past|Voice=Act', 'head': 35, 'deprel': 'acl:relcl', 'lemma': 'אהב'}]"
38,את,ADP,ADP,Case=Acc,41.0,case:acc,"(122, 124)",את,
"(39, 40)",הדו,,,,,,"(125, 128)",,"[{'id': 39, 'text': 'ה', 'upos': 'DET', 'xpos': 'DET', 'feats': 'PronType=Art', 'head': 41, 'deprel': 'det:def', 'lemma': 'ה'}, {'id': 40, 'text': 'דו', 'upos': 'ADV', 'xpos': 'ADV', 'feats': 'HebSource=ConvUncertainHead|Prefix=Yes', 'head': 41, 'deprel': 'compound:affix', 'lemma': 'דו'}]"
41,משפחתי,ADJ,ADJ,Gender=Masc|Number=Sing,37.0,obj,"(129, 135)",משפחתי,
42,או,CCONJ,CCONJ,,43.0,cc,"(136, 138)",או,
43,צמודי,NOUN,NOUN,Definite=Cons|Gender=Masc|Number=Plur,41.0,conj,"(139, 144)",צמוד,
"(44, 45)",הקרקע,,,,,,"(145, 150)",,"[{'id': 44, 'text': 'ה', 'upos': 'DET', 'xpos': 'DET', 'feats': 'PronType=Art', 'head': 45, 'deprel': 'det:def', 'lemma': 'ה'}, {'id': 45, 'text': 'קרקע', 'upos': 'NOUN', 'xpos': 'NOUN', 'feats': 'Gender=Fem|Number=Sing', 'head': 43, 'deprel': 'compound:smixut', 'lemma': 'קרקע'}]"
"(46, 49)",וכאלה,,,,,,"(151, 156)",,"[{'id': 46, 'text': 'ו', 'upos': 'CCONJ', 'xpos': 'CCONJ', 'head': 49, 'deprel': 'cc', 'lemma': 'ו'}, {'id': 47, 'text': 'כ', 'upos': 'ADP', 'xpos': 'ADP', 'head': 49, 'deprel': 'case', 'lemma': 'כ'}, {'id': 48, 'text': 'ה_', 'upos': 'DET', 'xpos': 'DET', 'feats': 'PronType=Art', 'head': 49, 'deprel': 'det:def', 'lemma': 'ה'}, {'id': 49, 'text': 'אלה', 'upos': 'PRON', 'xpos': 'PRON', 'feats': 'Gender=Masc|Number=Plur|Person=3|PronType=Dem', 'head': 35, 'deprel': 'conj', 'lemma': 'אלה'}]"
"(50, 51)",שאהבו,,,,,,"(157, 162)",,"[{'id': 50, 'text': 'ש', 'upos': 'SCONJ', 'xpos': 'SCONJ', 'head': 51, 'deprel': 'mark', 'lemma': 'ש'}, {'id': 51, 'text': 'אהבו', 'upos': 'VERB', 'xpos': 'VERB', 'feats': 'Gender=Fem,Masc|HebBinyan=PAAL|Number=Plur|Person=3|Tense=Past|Voice=Act', 'head': 49, 'deprel': 'acl:relcl', 'lemma': 'אהב'}]"
"(52, 53)",שמדובר,,,,,,"(163, 169)",,"[{'id': 52, 'text': 'ש', 'upos': 'SCONJ', 'xpos': 'SCONJ', 'head': 53, 'deprel': 'mark', 'lemma': 'ש'}, {'id': 53, 'text': 'מדובר', 'upos': 'VERB', 'xpos': 'VERB', 'feats': 'Gender=Masc|HebBinyan=PUAL|Number=Sing|Person=1,2,3|VerbForm=Part|Voice=Pass', 'head': 51, 'deprel': 'ccomp', 'lemma': 'דובר'}]"
"(54, 56)",בשכונה,,,,,,"(170, 176)",,"[{'id': 54, 'text': 'ב', 'upos': 'ADP', 'xpos': 'ADP', 'head': 56, 'deprel': 'case', 'lemma': 'ב'}, {'id': 55, 'text': 'ה_', 'upos': 'DET', 'xpos': 'DET', 'feats': 'PronType=Art', 'head': 56, 'deprel': 'det:def', 'lemma': 'ה'}, {'id': 56, 'text': 'שכונה', 'upos': 'NOUN', 'xpos': 'NOUN', 'feats': 'Gender=Fem|Number=Sing', 'head': 53, 'deprel': 'obl', 'lemma': 'שכונה'}]"
57,חדשה,ADJ,ADJ,Gender=Fem|Number=Sing,56.0,amod,"(177, 181)",חדש,
"(58, 59)",ומודרנית,,,,,,"(182, 190)",,"[{'id': 58, 'text': 'ו', 'upos': 'CCONJ', 'xpos': 'CCONJ', 'head': 59, 'deprel': 'cc', 'lemma': 'ו'}, {'id': 59, 'text': 'מודרנית', 'upos': 'ADJ', 'xpos': 'ADJ', 'feats': 'Gender=Fem|Number=Sing', 'head': 57, 'deprel': 'conj', 'lemma': 'מודרני'}]"
60,",",PUNCT,PUNCT,,35.0,punct,"(190, 191)",",",
61,או,CCONJ,CCONJ,,62.0,cc,"(192, 194)",או,
62,אלו,PRON,PRON,"Gender=Fem,Masc|Number=Plur|Person=3|PronType=Dem",35.0,conj,"(195, 198)",אלו,
"(63, 64)",שאהבו,,,,,,"(199, 204)",,"[{'id': 63, 'text': 'ש', 'upos': 'SCONJ', 'xpos': 'SCONJ', 'head': 64, 'deprel': 'mark', 'lemma': 'ש'}, {'id': 64, 'text': 'אהבו', 'upos': 'VERB', 'xpos': 'VERB', 'feats': 'Gender=Fem,Masc|HebBinyan=PAAL|Number=Plur|Person=3|Tense=Past|Voice=Act', 'head': 62, 'deprel': 'acl:relcl', 'lemma': 'אהב'}]"
65,אופציה,NOUN,NOUN,Gender=Fem|Number=Sing,64.0,obj,"(205, 211)",אופציה,
66,זו,PRON,PRON,Gender=Fem|Number=Sing|Person=3|PronType=Dem,65.0,det,"(212, 214)",זו,
"(67, 68)",בתנאי,,,,,,"(215, 220)",,"[{'id': 67, 'text': 'ב', 'upos': 'ADP', 'xpos': 'ADP', 'head': 68, 'deprel': 'case', 'lemma': 'ב'}, {'id': 68, 'text': 'תנאי', 'upos': 'NOUN', 'xpos': 'NOUN', 'feats': 'Gender=Masc|Number=Sing', 'head': 64, 'deprel': 'obl', 'lemma': 'תנאי'}]"
"(69, 70)",שיתאפשר,,,,,,"(221, 228)",,"[{'id': 69, 'text': 'ש', 'upos': 'SCONJ', 'xpos': 'SCONJ', 'head': 70, 'deprel': 'mark', 'lemma': 'ש'}, {'id': 70, 'text': 'יתאפשר', 'upos': 'AUX', 'xpos': 'AUX', 'feats': 'Gender=Masc|HebBinyan=HITPAEL|Number=Sing|Person=3|Tense=Fut', 'head': 73, 'deprel': 'aux', 'lemma': '_'}]"
"(71, 72)",להם,,,,,,"(229, 232)",,"[{'id': 71, 'text': 'ל_', 'upos': 'ADP', 'xpos': 'ADP', 'head': 72, 'deprel': 'case', 'lemma': 'ל'}, {'id': 72, 'text': '_הם', 'upos': 'PRON', 'xpos': 'PRON', 'feats': 'Gender=Masc|Number=Plur|Person=3|PronType=Prs', 'head': 70, 'deprel': 'obl', 'lemma': 'הוא'}]"
73,להתארגן,VERB,VERB,HebBinyan=HITPAEL|VerbForm=Inf,53.0,xcomp,"(233, 240)",התארגן,
"(74, 75)",כקבוצות,,,,,,"(241, 248)",,"[{'id': 74, 'text': 'כ', 'upos': 'ADP', 'xpos': 'ADP', 'head': 75, 'deprel': 'case', 'lemma': 'כ'}, {'id': 75, 'text': 'קבוצות', 'upos': 'NOUN', 'xpos': 'NOUN', 'feats': 'Definite=Cons|Gender=Fem|Number=Plur', 'head': 73, 'deprel': 'obl', 'lemma': 'קבוצה'}]"
76,מכרים,NOUN,NOUN,Gender=Masc|Number=Plur,75.0,compound:smixut,"(249, 254)",מכר,
77,ביחד,ADV,ADV,,73.0,advmod,"(255, 259)",ביחד,
"(78, 79)",וכך,,,,,,"(260, 263)",,"[{'id': 78, 'text': 'ו', 'upos': 'CCONJ', 'xpos': 'CCONJ', 'head': 73, 'deprel': 'parataxis', 'lemma': 'ו'}, {'id': 79, 'text': 'כך', 'upos': 'ADV', 'xpos': 'ADV', 'feats': 'Person=3|PronType=Dem', 'head': 78, 'deprel': 'fixed', 'lemma': 'כך'}]"
80,הלאה,ADV,ADV,HebSource=ConvUncertainHead,78.0,fixed,"(264, 268)",הלאה,
1,•,PUNCT,PUNCT,,6.0,punct,"(1, 2)",•,
2,אך,CCONJ,CCONJ,,14.0,cc,"(3, 5)",אך,
3,כמעט,ADV,ADV,,5.0,det,"(6, 10)",כמעט,
"(4, 5)",הרוב,,,,,,"(11, 15)",,"[{'id': 4, 'text': 'ה', 'upos': 'DET', 'xpos': 'DET', 'feats': 'PronType=Art', 'head': 5, 'deprel': 'det:def', 'lemma': 'ה'}, {'id': 5, 'text': 'רוב', 'upos': 'NOUN', 'xpos': 'NOUN', 'feats': 'Gender=Masc|Number=Sing', 'head': 6, 'deprel': 'nsubj', 'lemma': 'רוב'}]"
6,גילה,VERB,VERB,Gender=Masc|HebBinyan=PIEL|Number=Sing|Person=3|Tense=Past|Voice=Act,0.0,root,"(16, 20)",גילה,
7,התנגדות,NOUN,NOUN,Gender=Fem|Number=Sing,6.0,obj,"(21, 28)",התנגדות,
8,עזה,ADJ,ADJ,Gender=Fem|Number=Sing,7.0,amod,"(29, 32)",עז,
9,מאוד,ADV,ADV,,8.0,advmod,"(33, 37)",מאוד,
"(10, 11)",לגובה,,,,,,"(38, 43)",,"[{'id': 10, 'text': 'ל', 'upos': 'ADP', 'xpos': 'ADP', 'head': 11, 'deprel': 'case', 'lemma': 'ל'}, {'id': 11, 'text': 'גובה', 'upos': 'NOUN', 'xpos': 'NOUN', 'feats': 'Definite=Cons|Gender=Masc|Number=Sing', 'head': 7, 'deprel': 'nmod', 'lemma': 'גובה'}]"
"(12, 13)",המחירים,,,,,,"(44, 51)",,"[{'id': 12, 'text': 'ה', 'upos': 'DET', 'xpos': 'DET', 'feats': 'PronType=Art', 'head': 13, 'deprel': 'det:def', 'lemma': 'ה'}, {'id': 13, 'text': 'מחירים', 'upos': 'NOUN', 'xpos': 'NOUN', 'feats': 'Gender=Masc|Number=Plur', 'head': 11, 'deprel': 'compound:smixut', 'lemma': 'מחיר'}]"
"(14, 15)",ואף,,,,,,"(52, 55)",,"[{'id': 14, 'text': 'ו', 'upos': 'CCONJ', 'xpos': 'CCONJ', 'head': 16, 'deprel': 'cc', 'lemma': 'ו'}, {'id': 15, 'text': 'אף', 'upos': 'ADV', 'xpos': 'ADV', 'head': 16, 'deprel': 'advmod', 'lemma': 'אף'}]"
16,פסלו,VERB,VERB,"Gender=Fem,Masc|HebBinyan=PAAL|Number=Plur|Person=3|Tense=Past|Voice=Act",6.0,conj,"(56, 60)",פסל,
17,את,ADP,ADP,Case=Acc,19.0,case:acc,"(61, 63)",את,
"(18, 19)",האופציה,,,,,,"(64, 71)",,"[{'id': 18, 'text': 'ה', 'upos': 'DET', 'xpos': 'DET', 'feats': 'PronType=Art', 'head': 19, 'deprel': 'det:def', 'lemma': 'ה'}, {'id': 19, 'text': 'אופציה', 'upos': 'NOUN', 'xpos': 'NOUN', 'feats': 'Gender=Fem|Number=Sing', 'head': 16, 'deprel': 'obj', 'lemma': 'אופציה'}]"
"(20, 21)",הזאת,,,,,,"(72, 76)",,"[{'id': 20, 'text': 'ה', 'upos': 'DET', 'xpos': 'DET', 'feats': 'PronType=Art', 'head': 21, 'deprel': 'det:def', 'lemma': 'ה'}, {'id': 21, 'text': 'זאת', 'upos': 'PRON', 'xpos': 'PRON', 'feats': 'Gender=Fem|Number=Sing|Person=3|PronType=Dem', 'head': 19, 'deprel': 'det', 'lemma': 'זאת'}]"
22,בגלל,ADP,ADP,,23.0,case,"(77, 81)",בגלל,
23,סעיף,NOUN,NOUN,Definite=Cons|Gender=Masc|Number=Sing,16.0,obl,"(82, 86)",סעיף,
"(24, 25)",המחיר,,,,,,"(87, 92)",,"[{'id': 24, 'text': 'ה', 'upos': 'DET', 'xpos': 'DET', 'feats': 'PronType=Art', 'head': 25, 'deprel': 'det:def', 'lemma': 'ה'}, {'id': 25, 'text': 'מחיר', 'upos': 'NOUN', 'xpos': 'NOUN', 'feats': 'Gender=Masc|Number=Sing', 'head': 23, 'deprel': 'compound:smixut', 'lemma': 'מחיר'}]"
1,כן,ADV,ADV,,2.0,advmod,"(1, 3)",כן,
2,הושמעו,VERB,VERB,"Gender=Fem,Masc|HebBinyan=HUFAL|Number=Plur|Person=3|Tense=Past|Voice=Pass",0.0,root,"(4, 10)",הושמע,
3,דעות,NOUN,NOUN,Gender=Fem|Number=Plur,2.0,nsubj,"(11, 15)",דעה,
4,של,ADP,ADP,Case=Gen,5.0,case:gen,"(16, 18)",של,
5,מיעוט,NOUN,NOUN,Gender=Masc|Number=Sing,3.0,nmod,"(19, 24)",מיעוט,
"(6, 7)",שגרסו,,,,,,"(25, 30)",,"[{'id': 6, 'text': 'ש', 'upos': 'SCONJ', 'xpos': 'SCONJ', 'head': 7, 'deprel': 'mark', 'lemma': 'ש'}, {'id': 7, 'text': 'גרסו', 'upos': 'VERB', 'xpos': 'VERB', 'feats': 'Gender=Fem,Masc|HebBinyan=PIEL|Number=Plur|Person=3|Tense=Past|Voice=Act', 'head': 3, 'deprel': 'acl:relcl', 'lemma': 'גרס'}]"
"(8, 9)",שמכורח,,,,,,"(31, 37)",,"[{'id': 8, 'text': 'ש', 'upos': 'SCONJ', 'xpos': 'SCONJ', 'head': 12, 'deprel': 'mark', 'lemma': 'ש'}, {'id': 9, 'text': 'מכורח', 'upos': 'NOUN', 'xpos': 'NOUN', 'feats': 'Definite=Cons|Gender=Masc|Number=Sing', 'head': 12, 'deprel': 'obl', 'lemma': 'מכורח'}]"
"(10, 11)",המציאות,,,,,,"(38, 45)",,"[{'id': 10, 'text': 'ה', 'upos': 'DET', 'xpos': 'DET', 'feats': 'PronType=Art', 'head': 11, 'deprel': 'det:def', 'lemma': 'ה'}, {'id': 11, 'text': 'מציאות', 'upos': 'NOUN', 'xpos': 'NOUN', 'feats': 'Gender=Fem|Number=Sing', 'head': 9, 'deprel': 'compound:smixut', 'lemma': 'מציאות'}]"
12,אין,VERB,VERB,HebExistential=True,7.0,ccomp,"(46, 49)",אין,
"(13, 14)",להם,,,,,,"(50, 53)",,"[{'id': 13, 'text': 'ל_', 'upos': 'ADP', 'xpos': 'ADP', 'head': 14, 'deprel': 'case', 'lemma': 'ל'}, {'id': 14, 'text': '_הם', 'upos': 'PRON', 'xpos': 'PRON', 'feats': 'Gender=Masc|Number=Plur|Person=3|PronType=Prs', 'head': 12, 'deprel': 'obl', 'lemma': 'הוא'}]"
15,ברירה,NOUN,NOUN,Gender=Fem|Number=Sing,12.0,nsubj,"(54, 59)",ברירה,
16,אלה,PRON,PRON,Gender=Masc|Number=Plur|Person=3|PronType=Dem,15.0,det,"(60, 63)",אלה,
17,לקבל,VERB,VERB,HebBinyan=PIEL|VerbForm=Inf|Voice=Act,15.0,acl,"(64, 68)",קיבל,
18,פתרון,NOUN,NOUN,Gender=Masc|Number=Sing,17.0,obj,"(69, 74)",פתרון,
"(19, 21)",כזה,,,,,,"(75, 78)",,"[{'id': 19, 'text': 'כ', 'upos': 'ADP', 'xpos': 'ADP', 'head': 21, 'deprel': 'case', 'lemma': 'כ'}, {'id': 20, 'text': 'ה_', 'upos': 'DET', 'xpos': 'DET', 'feats': 'PronType=Art', 'head': 21, 'deprel': 'det:def', 'lemma': 'ה'}, {'id': 21, 'text': 'זה', 'upos': 'PRON', 'xpos': 'PRON', 'feats': 'Gender=Masc|Number=Sing|Person=3', 'head': 18, 'deprel': 'nmod', 'lemma': 'זה'}]"
"(1, 2)",ובקרב,,,,,,"(1, 6)",,"[{'id': 1, 'text': 'ו', 'upos': 'CCONJ', 'xpos': 'CCONJ', 'head': 7, 'deprel': 'cc', 'lemma': 'ו'}, {'id': 2, 'text': 'בקרב', 'upos': 'ADP', 'xpos': 'ADP', 'head': 3, 'deprel': 'case', 'lemma': 'בקרב'}]"
3,מרואייני,NOUN,NOUN,Definite=Cons|Gender=Masc|Number=Plur,7.0,obl,"(7, 15)",מרואיין,
"(4, 5)",העומק,,,,,,"(16, 21)",,"[{'id': 4, 'text': 'ה', 'upos': 'DET', 'xpos': 'DET', 'feats': 'PronType=Art', 'head': 5, 'deprel': 'det:def', 'lemma': 'ה'}, {'id': 5, 'text': 'עומק', 'upos': 'NOUN', 'xpos': 'NOUN', 'feats': 'Gender=Masc|Number=Sing', 'head': 3, 'deprel': 'compound:smixut', 'lemma': 'עומק'}]"
6,זאת,PRON,PRON,Gender=Fem|Number=Sing|Person=3|PronType=Dem,3.0,det,"(22, 25)",זאת,
7,הייתה,VERB,VERB,Gender=Fem|HebExistential=True|Number=Sing|Person=3|Polarity=Pos|Tense=Past,0.0,root,"(26, 31)",היה,
8,אופציה,NOUN,NOUN,Gender=Fem|Number=Sing,7.0,nsubj,"(32, 38)",אופציה,
9,מצוינת,ADJ,ADJ,Gender=Fem|Number=Sing,8.0,amod,"(39, 45)",מצוין,
10,בעיקר,ADV,ADV,,11.0,advmod,"(46, 51)",בעיקר,
11,עם,ADP,ADP,,12.0,case,"(52, 54)",עם,
12,תתקיים,VERB,VERB,Gender=Fem|HebBinyan=PIEL|Number=Sing|Person=3|Tense=Fut|Voice=Act,8.0,nmod,"(55, 61)",התקיים,
13,אופציה,NOUN,NOUN,Gender=Fem|Number=Sing,12.0,nsubj,"(62, 68)",אופציה,
14,של,ADP,ADP,Case=Gen,15.0,case:gen,"(69, 71)",של,
15,משכנתא,NOUN,NOUN,Gender=Fem|Number=Sing,13.0,nmod:poss,"(72, 78)",משכנתא,
"(16, 17)",בגובה,,,,,,"(79, 84)",,"[{'id': 16, 'text': 'ב', 'upos': 'ADP', 'xpos': 'ADP', 'head': 17, 'deprel': 'case', 'lemma': 'ב'}, {'id': 17, 'text': 'גובה', 'upos': 'NOUN', 'xpos': 'NOUN', 'feats': 'Definite=Cons|Gender=Masc|Number=Sing', 'head': 15, 'deprel': 'nmod', 'lemma': 'גובה'}]"
18,80,NUM,NUM,,19.0,nummod,"(85, 87)",80,
19,%,NOUN,NOUN,"Gender=Masc|Number=Plur,Sing",17.0,compound:smixut,"(87, 88)",%,
20,כפי,SCONJ,SCONJ,,22.0,mark,"(89, 92)",כפי,
"(21, 22)",שהצענו,,,,,,"(93, 99)",,"[{'id': 21, 'text': 'ש', 'upos': 'SCONJ', 'xpos': 'SCONJ', 'head': 20, 'deprel': 'fixed', 'lemma': 'ש'}, {'id': 22, 'text': 'הצענו', 'upos': 'VERB', 'xpos': 'VERB', 'feats': 'Gender=Fem,Masc|Number=Plur|Person=1|Tense=Past', 'head': 12, 'deprel': 'advcl', 'lemma': 'הציע'}]"
"(23, 24)",בחלופה,,,,,,"(100, 106)",,"[{'id': 23, 'text': 'ב', 'upos': 'ADP', 'xpos': 'ADP', 'head': 24, 'deprel': 'case', 'lemma': 'ב'}, {'id': 24, 'text': 'חלופה', 'upos': 'NOUN', 'xpos': 'NOUN', 'feats': 'Gender=Fem|Number=Sing', 'head': 22, 'deprel': 'obl', 'lemma': 'חלופה'}]"
25,זו,PRON,PRON,Gender=Fem|Number=Sing|Person=3|PronType=Dem,24.0,det,"(107, 109)",זו,
1,•,PUNCT,PUNCT,,8.0,punct,"(1, 2)",•,
2,בקרב,ADP,ADP,,3.0,case,"(3, 7)",בקרב,
3,קבוצת,NOUN,NOUN,Definite=Cons|Gender=Fem|Number=Sing,8.0,obl,"(8, 13)",קבוצה,
"(4, 5)",הגברים,,,,,,"(14, 20)",,"[{'id': 4, 'text': 'ה', 'upos': 'DET', 'xpos': 'DET', 'feats': 'PronType=Art', 'head': 5, 'deprel': 'det:def', 'lemma': 'ה'}, {'id': 5, 'text': 'גברים', 'upos': 'NOUN', 'xpos': 'NOUN', 'feats': 'Gender=Masc|Number=Plur', 'head': 3, 'deprel': 'compound:smixut', 'lemma': 'גבר'}]"
6,",",PUNCT,PUNCT,,8.0,punct,"(20, 21)",",",
7,לא,ADV,ADV,Polarity=Neg,8.0,advmod,"(22, 24)",לא,
8,הייתה,VERB,VERB,Gender=Fem|HebExistential=True|Number=Sing|Person=3|Polarity=Pos|Tense=Past,0.0,root,"(25, 30)",היה,
9,הסכמה,NOUN,NOUN,Gender=Fem|Number=Sing,8.0,nsubj,"(31, 36)",הסכמה,
"(10, 11)",ברמה,,,,,,"(37, 41)",,"[{'id': 10, 'text': 'ב', 'upos': 'ADP', 'xpos': 'ADP', 'head': 11, 'deprel': 'case', 'lemma': 'ב'}, {'id': 11, 'text': 'רמה', 'upos': 'NOUN', 'xpos': 'NOUN', 'feats': 'Gender=Fem|Number=Sing', 'head': 9, 'deprel': 'nmod', 'lemma': 'רמה'}]"
"(12, 13)",הבלתי,,,,,,"(42, 47)",,"[{'id': 12, 'text': 'ה', 'upos': 'DET', 'xpos': 'DET', 'feats': 'PronType=Art', 'head': 14, 'deprel': 'det:def', 'lemma': 'ה'}, {'id': 13, 'text': 'בלתי', 'upos': 'ADV', 'xpos': 'ADV', 'feats': 'Prefix=Yes', 'head': 14, 'deprel': 'compound:affix', 'lemma': 'בלתי'}]"
14,נעזרת,ADJ,ADJ,"Gender=Fem|HebBinyan=NIFAL|Number=Sing|Person=1,2,3|VerbForm=Part|Voice=Mid",11.0,amod,"(48, 53)",נעזר,
15,",",PUNCT,PUNCT,,8.0,punct,"(54, 55)",",",
"(16, 17)",ומייד,,,,,,"(56, 61)",,"[{'id': 16, 'text': 'ו', 'upos': 'CCONJ', 'xpos': 'CCONJ', 'head': 18, 'deprel': 'cc', 'lemma': 'ו'}, {'id': 17, 'text': 'מייד', 'upos': 'ADV', 'xpos': 'ADV', 'head': 18, 'deprel': 'advmod', 'lemma': 'מייד'}]"
18,עלתה,VERB,VERB,Gender=Fem|HebBinyan=PAAL|Number=Sing|Person=3|Tense=Past|Voice=Act,8.0,conj,"(62, 66)",עלה,
19,התנגדות,NOUN,NOUN,Definite=Cons|Gender=Fem|Number=Sing,18.0,nsubj,"(67, 74)",התנגדות,
"(20, 21)",המחיר,,,,,,"(75, 80)",,"[{'id': 20, 'text': 'ה', 'upos': 'DET', 'xpos': 'DET', 'feats': 'PronType=Art', 'head': 21, 'deprel': 'det:def', 'lemma': 'ה'}, {'id': 21, 'text': 'מחיר', 'upos': 'NOUN', 'xpos': 'NOUN', 'feats': 'Gender=Masc|Number=Sing', 'head': 19, 'deprel': 'compound:smixut', 'lemma': 'מחיר'}]"
"(22, 23)",וצפה,,,,,,"(81, 85)",,"[{'id': 22, 'text': 'ו', 'upos': 'CCONJ', 'xpos': 'CCONJ', 'head': 23, 'deprel': 'cc', 'lemma': 'ו'}, {'id': 23, 'text': 'צפה', 'upos': 'VERB', 'xpos': 'VERB', 'feats': 'Gender=Fem|HebBinyan=PAAL|Number=Sing|Person=3|Tense=Past|Voice=Act', 'head': 18, 'deprel': 'conj', 'lemma': 'צפה'}]"
24,על,ADP,ADP,,25.0,case,"(86, 88)",על,
25,פני,NOUN,NOUN,"Definite=Cons|Gender=Fem,Masc|Number=Plur",23.0,obl,"(89, 92)",פנים,
"(26, 27)",השיחה,,,,,,"(93, 98)",,"[{'id': 26, 'text': 'ה', 'upos': 'DET', 'xpos': 'DET', 'feats': 'PronType=Art', 'head': 27, 'deprel': 'det:def', 'lemma': 'ה'}, {'id': 27, 'text': 'שיחה', 'upos': 'NOUN', 'xpos': 'NOUN', 'feats': 'Gender=Fem|Number=Sing', 'head': 25, 'deprel': 'compound:smixut', 'lemma': 'שיחה'}]"
28,•,PUNCT,PUNCT,,34.0,punct,"(99, 100)",•,
"(29, 30)",בנטרול,,,,,,"(101, 107)",,"[{'id': 29, 'text': 'ב', 'upos': 'ADP', 'xpos': 'ADP', 'head': 30, 'deprel': 'case', 'lemma': 'ב'}, {'id': 30, 'text': 'נטרול', 'upos': 'NOUN', 'xpos': 'NOUN', 'feats': 'Definite=Cons|Gender=Masc|Number=Sing', 'head': 34, 'deprel': 'obl', 'lemma': 'נטרול'}]"
31,נושא,NOUN,NOUN,Definite=Cons|Gender=Masc|Number=Sing,30.0,compound:smixut,"(108, 112)",נושא,
"(32, 33)",המחיר,,,,,,"(113, 118)",,"[{'id': 32, 'text': 'ה', 'upos': 'DET', 'xpos': 'DET', 'feats': 'PronType=Art', 'head': 33, 'deprel': 'det:def', 'lemma': 'ה'}, {'id': 33, 'text': 'מחיר', 'upos': 'NOUN', 'xpos': 'NOUN', 'feats': 'Gender=Masc|Number=Sing', 'head': 31, 'deprel': 'compound:smixut', 'lemma': 'מחיר'}]"
34,היו,VERB,VERB,"Gender=Fem,Masc|HebExistential=True|Number=Plur|Person=3|Polarity=Pos|Tense=Past",8.0,conj,"(119, 122)",היה,
35,חלק,NOUN,NOUN,Gender=Masc|Number=Plur,34.0,nsubj,"(123, 126)",חלק,
"(36, 37)",שצידדו,,,,,,"(127, 133)",,"[{'id': 36, 'text': 'ש', 'upos': 'SCONJ', 'xpos': 'SCONJ', 'head': 37, 'deprel': 'mark', 'lemma': 'ש'}, {'id': 37, 'text': 'צידדו', 'upos': 'VERB', 'xpos': 'VERB', 'feats': 'Gender=Fem,Masc|HebBinyan=PIEL|Number=Plur|Person=3|Tense=Past|Voice=Act', 'head': 35, 'deprel': 'acl:relcl', 'lemma': 'צידד'}]"
"(38, 39)",בהצעה,,,,,,"(134, 139)",,"[{'id': 38, 'text': 'ב', 'upos': 'ADP', 'xpos': 'ADP', 'head': 39, 'deprel': 'case', 'lemma': 'ב'}, {'id': 39, 'text': 'הצעה', 'upos': 'NOUN', 'xpos': 'NOUN', 'feats': 'Gender=Fem|Number=Sing', 'head': 37, 'deprel': 'obl', 'lemma': 'הצעה'}]"
40,זו,PRON,PRON,Gender=Fem|Number=Sing|Person=3|PronType=Dem,39.0,det,"(140, 142)",זו,
41,אך,CCONJ,CCONJ,,43.0,cc,"(143, 145)",אך,
42,תחת,ADP,ADP,,43.0,case,"(146, 149)",תחת,
43,הסתייגות,NOUN,NOUN,Gender=Fem|Number=Sing,39.0,conj,"(150, 158)",הסתייגות,
44,גדולה,ADJ,ADJ,Gender=Fem|Number=Sing,43.0,amod,"(159, 164)",גדול,
"(45, 46)",מנושא,,,,,,"(165, 170)",,"[{'id': 45, 'text': 'מ', 'upos': 'ADP', 'xpos': 'ADP', 'head': 46, 'deprel': 'case', 'lemma': 'מ'}, {'id': 46, 'text': 'נושא', 'upos': 'NOUN', 'xpos': 'NOUN', 'feats': 'Definite=Cons|Gender=Masc|Number=Sing', 'head': 43, 'deprel': 'nmod', 'lemma': 'נושא'}]"
"(47, 48)",המחיר,,,,,,"(171, 176)",,"[{'id': 47, 'text': 'ה', 'upos': 'DET', 'xpos': 'DET', 'feats': 'PronType=Art', 'head': 48, 'deprel': 'det:def', 'lemma': 'ה'}, {'id': 48, 'text': 'מחיר', 'upos': 'NOUN', 'xpos': 'NOUN', 'feats': 'Gender=Masc|Number=Sing', 'head': 46, 'deprel': 'compound:smixut', 'lemma': 'מחיר'}]"
"(1, 3)",וכשהצענו,,,,,,"(1, 9)",,"[{'id': 1, 'text': 'ו', 'upos': 'CCONJ', 'xpos': 'CCONJ', 'head': 12, 'deprel': 'cc', 'lemma': 'ו'}, {'id': 2, 'text': 'כש', 'upos': 'SCONJ', 'xpos': 'SCONJ', 'feats': 'Case=Tem', 'head': 3, 'deprel': 'mark', 'lemma': 'כש'}, {'id': 3, 'text': 'הצענו', 'upos': 'VERB', 'xpos': 'VERB', 'feats': 'Gender=Fem,Masc|HebBinyan=HIFIL|Number=Plur|Person=1|Tense=Past|Voice=Act', 'head': 12, 'deprel': 'advcl', 'lemma': 'הציע'}]"
4,את,ADP,ADP,Case=Acc,5.0,case:acc,"(10, 12)",את,
5,אופציית,NOUN,NOUN,Definite=Cons|Gender=Fem|Number=Sing,3.0,obj,"(13, 20)",אופצייה,
6,דו,ADV,ADV,HebSource=ConvUncertainHead|Prefix=Yes,7.0,compound:affix,"(21, 23)",דו,
7,משפחתי,ADJ,ADJ,Gender=Masc|Number=Sing,5.0,compound:smixut,"(24, 30)",משפחתי,
8,או,CCONJ,CCONJ,,9.0,cc,"(31, 33)",או,
9,צמוד,ADJ,ADJ,Definite=Cons|Gender=Masc|Number=Sing,7.0,conj,"(34, 38)",צמוד,
"(10, 11)",הקרקע,,,,,,"(39, 44)",,"[{'id': 10, 'text': 'ה', 'upos': 'DET', 'xpos': 'DET', 'feats': 'PronType=Art', 'head': 11, 'deprel': 'det:def', 'lemma': 'ה'}, {'id': 11, 'text': 'קרקע', 'upos': 'NOUN', 'xpos': 'NOUN', 'feats': 'Gender=Fem|Number=Sing', 'head': 9, 'deprel': 'compound:smixut', 'lemma': 'קרקע'}]"
12,התקבלו,VERB,VERB,"Gender=Fem,Masc|HebBinyan=HITPAEL|Number=Plur|Person=3|Tense=Past",0.0,root,"(45, 51)",התקבל,
13,תגובות,NOUN,NOUN,Gender=Fem|Number=Plur,12.0,nsubj,"(52, 58)",תגובה,
14,יותר,ADV,ADV,,15.0,advmod,"(59, 63)",יותר,
15,חיוביות,ADJ,ADJ,Gender=Fem|Number=Plur,13.0,amod,"(64, 71)",חיובי,
1,"""",PUNCT,PUNCT,,4.0,punct,"(1, 2)","""",
2,כך,ADV,ADV,,4.0,advmod,"(2, 4)",כך,
3,כל,DET,DET,Definite=Cons,4.0,det,"(5, 7)",כול,
4,אחד,NUM,NUM,Gender=Masc|Number=Sing,38.0,dep,"(8, 11)",אחד,
"(5, 6)",ולפי,,,,,,"(12, 16)",,"[{'id': 5, 'text': 'ו', 'upos': 'CCONJ', 'xpos': 'CCONJ', 'head': 11, 'deprel': 'cc', 'lemma': 'ו'}, {'id': 6, 'text': 'לפי', 'upos': 'ADP', 'xpos': 'ADP', 'head': 8, 'deprel': 'case', 'lemma': 'לפי'}]"
"(7, 8)",היכולת,,,,,,"(17, 23)",,"[{'id': 7, 'text': 'ה', 'upos': 'DET', 'xpos': 'DET', 'feats': 'PronType=Art', 'head': 8, 'deprel': 'det:def', 'lemma': 'ה'}, {'id': 8, 'text': 'יכולת', 'upos': 'NOUN', 'xpos': 'NOUN', 'feats': 'Gender=Fem|Number=Sing', 'head': 11, 'deprel': 'obl', 'lemma': 'יכולת'}]"
"(9, 10)",שלו,,,,,,"(24, 27)",,"[{'id': 9, 'text': 'של_', 'upos': 'ADP', 'xpos': 'ADP', 'feats': 'Case=Gen', 'head': 10, 'deprel': 'case:gen', 'lemma': 'של'}, {'id': 10, 'text': '_הוא', 'upos': 'PRON', 'xpos': 'PRON', 'feats': 'Gender=Masc|Number=Sing|Person=3|PronType=Prs', 'head': 8, 'deprel': 'nmod:poss', 'lemma': 'הוא'}]"
11,קונה,VERB,VERB,"Gender=Masc|HebBinyan=PAAL|Number=Sing|Person=1,2,3|VerbForm=Part|Voice=Act",4.0,dep,"(28, 32)",קנה,
12,מה,ADV,ADV,PronType=Int,11.0,obj,"(33, 35)",מה,
"(13, 14)",שמתאים,,,,,,"(36, 42)",,"[{'id': 13, 'text': 'ש', 'upos': 'SCONJ', 'xpos': 'SCONJ', 'head': 14, 'deprel': 'mark', 'lemma': 'ש'}, {'id': 14, 'text': 'מתאים', 'upos': 'ADJ', 'xpos': 'ADJ', 'feats': 'Gender=Masc|Number=Sing', 'head': 12, 'deprel': 'acl:relcl', 'lemma': 'מתאים'}]"
"(15, 16)",לו,,,,,,"(43, 45)",,"[{'id': 15, 'text': 'ל_', 'upos': 'ADP', 'xpos': 'ADP', 'head': 16, 'deprel': 'case', 'lemma': 'ל'}, {'id': 16, 'text': '_הוא', 'upos': 'PRON', 'xpos': 'PRON', 'feats': 'Gender=Masc|Number=Sing|Person=3|PronType=Prs', 'head': 14, 'deprel': 'obl', 'lemma': 'הוא'}]"
17,או,CCONJ,CCONJ,,18.0,cc,"(46, 48)",או,
18,שיכון,NOUN,NOUN,Gender=Masc|Number=Sing,16.0,conj,"(49, 54)",שיכון,
19,או,CCONJ,CCONJ,,20.0,cc,"(55, 57)",או,
20,צמוד,ADJ,ADJ,Definite=Cons|Gender=Masc|Number=Sing,16.0,conj,"(58, 62)",צמוד,
21,קרקע,NOUN,NOUN,Gender=Fem|Number=Sing,20.0,compound:smixut,"(63, 67)",קרקע,
22,"""",PUNCT,PUNCT,,4.0,punct,"(67, 68)","""",
23,•,PUNCT,PUNCT,,38.0,punct,"(69, 70)",•,
24,גם,ADV,ADV,,25.0,advmod,"(71, 73)",גם,
"(25, 26)",בקבוצת,,,,,,"(74, 80)",,"[{'id': 25, 'text': 'ב', 'upos': 'ADP', 'xpos': 'ADP', 'head': 26, 'deprel': 'case', 'lemma': 'ב'}, {'id': 26, 'text': 'קבוצת', 'upos': 'NOUN', 'xpos': 'NOUN', 'feats': 'Definite=Cons|Gender=Fem|Number=Sing', 'head': 38, 'deprel': 'obl', 'lemma': 'קבוצה'}]"
"(27, 28)",הנשואות,,,,,,"(81, 88)",,"[{'id': 27, 'text': 'ה', 'upos': 'DET', 'xpos': 'DET', 'feats': 'PronType=Art', 'head': 28, 'deprel': 'det:def', 'lemma': 'ה'}, {'id': 28, 'text': 'נשואות', 'upos': 'NOUN', 'xpos': 'NOUN', 'feats': 'Gender=Fem|Number=Plur', 'head': 26, 'deprel': 'compound:smixut', 'lemma': 'נשואה'}]"
29,",",PUNCT,PUNCT,,26.0,punct,"(88, 89)",",",
"(30, 32)",וברמה,,,,,,"(90, 95)",,"[{'id': 30, 'text': 'ו', 'upos': 'CCONJ', 'xpos': 'CCONJ', 'head': 32, 'deprel': 'cc', 'lemma': 'ו'}, {'id': 31, 'text': 'ב', 'upos': 'ADP', 'xpos': 'ADP', 'head': 32, 'deprel': 'case', 'lemma': 'ב'}, {'id': 32, 'text': 'רמה', 'upos': 'NOUN', 'xpos': 'NOUN', 'feats': 'Gender=Fem|Number=Sing', 'head': 26, 'deprel': 'conj', 'lemma': 'רמה'}]"
"(33, 34)",הבלתי,,,,,,"(96, 101)",,"[{'id': 33, 'text': 'ה', 'upos': 'DET', 'xpos': 'DET', 'feats': 'PronType=Art', 'head': 35, 'deprel': 'det:def', 'lemma': 'ה'}, {'id': 34, 'text': 'בלתי', 'upos': 'ADV', 'xpos': 'ADV', 'feats': 'Prefix=Yes', 'head': 35, 'deprel': 'compound:affix', 'lemma': 'בלתי'}]"
35,נעזרת,VERB,VERB,"Gender=Fem|HebBinyan=NIFAL|Number=Sing|Person=1,2,3|VerbForm=Part|Voice=Mid",32.0,amod,"(102, 107)",נעזר,
36,",",PUNCT,PUNCT,,38.0,punct,"(108, 109)",",",
37,לא,ADV,ADV,Polarity=Neg,38.0,advmod,"(109, 111)",לא,
38,מצאו,VERB,VERB,"Gender=Fem,Masc|HebBinyan=PAAL|Number=Plur|Person=3|Tense=Past|Voice=Act",0.0,root,"(112, 116)",מצא,
"(39, 40)",בהצעה,,,,,,"(117, 122)",,"[{'id': 39, 'text': 'ב', 'upos': 'ADP', 'xpos': 'ADP', 'head': 40, 'deprel': 'case', 'lemma': 'ב'}, {'id': 40, 'text': 'הצעה', 'upos': 'NOUN', 'xpos': 'NOUN', 'feats': 'Gender=Fem|Number=Sing', 'head': 38, 'deprel': 'obl', 'lemma': 'הצעה'}]"
41,זו,PRON,PRON,Gender=Fem|Number=Sing|Person=3|PronType=Dem,40.0,det,"(123, 125)",זו,
"(42, 43)",כאטרקטיבית,,,,,,"(126, 136)",,"[{'id': 42, 'text': 'כ', 'upos': 'ADP', 'xpos': 'ADP', 'head': 43, 'deprel': 'case', 'lemma': 'כ'}, {'id': 43, 'text': 'אטרקטיבית', 'upos': 'ADJ', 'xpos': 'ADJ', 'feats': 'Gender=Fem|Number=Sing', 'head': 38, 'deprel': 'obl', 'lemma': 'אטרקטיבי'}]"
"(1, 2)",וטענו,,,,,,"(1, 6)",,"[{'id': 1, 'text': 'ו', 'upos': 'CCONJ', 'xpos': 'CCONJ', 'head': 2, 'deprel': 'cc', 'lemma': 'ו'}, {'id': 2, 'text': 'טענו', 'upos': 'VERB', 'xpos': 'VERB', 'feats': 'Gender=Fem,Masc|HebBinyan=PAAL|Number=Plur|Person=3|Tense=Past|Voice=Act', 'head': 0, 'deprel': 'root', 'lemma': 'טען'}]"
3,כי,SCONJ,SCONJ,,6.0,mark,"(7, 9)",כי,
"(4, 5)",המחיר,,,,,,"(10, 15)",,"[{'id': 4, 'text': 'ה', 'upos': 'DET', 'xpos': 'DET', 'feats': 'PronType=Art', 'head': 5, 'deprel': 'det:def', 'lemma': 'ה'}, {'id': 5, 'text': 'מחיר', 'upos': 'NOUN', 'xpos': 'NOUN', 'feats': 'Gender=Masc|Number=Sing', 'head': 6, 'deprel': 'nsubj', 'lemma': 'מחיר'}]"
6,נראה,VERB,VERB,"Gender=Masc|HebBinyan=NIFAL|Number=Sing|Person=1,2,3|VerbForm=Part|Voice=Mid",2.0,ccomp,"(16, 20)",נראה,
"(7, 8)",להם,,,,,,"(21, 24)",,"[{'id': 7, 'text': 'ל_', 'upos': 'ADP', 'xpos': 'ADP', 'head': 8, 'deprel': 'case', 'lemma': 'ל'}, {'id': 8, 'text': '_הם', 'upos': 'PRON', 'xpos': 'PRON', 'feats': 'Gender=Masc|Number=Plur|Person=3|PronType=Prs', 'head': 6, 'deprel': 'obl', 'lemma': 'הוא'}]"
9,מאוד,ADV,ADV,,10.0,advmod,"(25, 29)",מאוד,
10,יקר,ADJ,ADJ,Gender=Masc|Number=Sing,6.0,xcomp,"(30, 33)",יקר,
11,בעיקר,ADV,ADV,,12.0,advmod,"(34, 39)",בעיקר,
12,מול,ADP,ADP,,13.0,case,"(40, 43)",מול,
13,חלופות,NOUN,NOUN,Gender=Fem|Number=Plur,6.0,obl,"(44, 50)",חלופה,
14,של,ADP,ADP,Case=Gen,15.0,case:gen,"(51, 53)",של,
15,רכישת,NOUN,NOUN,Definite=Cons|Gender=Fem|Number=Sing,13.0,nmod:poss,"(54, 59)",רכישה,
16,קרקע,NOUN,NOUN,Gender=Fem|Number=Sing,15.0,compound:smixut,"(60, 64)",קרקע,
"(17, 18)",ובניית,,,,,,"(65, 71)",,"[{'id': 17, 'text': 'ו', 'upos': 'CCONJ', 'xpos': 'CCONJ', 'head': 18, 'deprel': 'cc', 'lemma': 'ו'}, {'id': 18, 'text': 'בניית', 'upos': 'NOUN', 'xpos': 'NOUN', 'feats': 'Definite=Cons|Gender=Fem|Number=Sing', 'head': 15, 'deprel': 'conj', 'lemma': 'בנייה'}]"
19,בית,NOUN,NOUN,Gender=Masc|Number=Sing,18.0,compound:smixut,"(72, 75)",בית,
1,היה,AUX,AUX,Gender=Masc|Number=Sing|Person=3|Polarity=Pos|Tense=Past|VerbType=Cop,2.0,cop,"(0, 3)",היה,
2,ברור,ADJ,ADJ,Gender=Masc|Number=Sing,0.0,root,"(4, 8)",ברור,
3,כי,SCONJ,SCONJ,,6.0,mark,"(9, 11)",כי,
4,תחום,NOUN,NOUN,Gender=Masc|Number=Sing,6.0,nsubj,"(12, 16)",תחום,
5,איננו,AUX,AUX,Gender=Masc|Number=Sing|Person=3|Polarity=Neg|VerbForm=Part|VerbType=Cop,6.0,advmod,"(17, 22)",איננו,
6,תחום,NOUN,NOUN,Definite=Cons|Gender=Masc|Number=Sing,2.0,ccomp,"(23, 27)",תחום,
"(7, 8)",השליטה,,,,,,"(28, 34)",,"[{'id': 7, 'text': 'ה', 'upos': 'DET', 'xpos': 'DET', 'feats': 'PronType=Art', 'head': 8, 'deprel': 'det:def', 'lemma': 'ה'}, {'id': 8, 'text': 'שליטה', 'upos': 'NOUN', 'xpos': 'NOUN', 'feats': 'Gender=Fem|Number=Sing', 'head': 6, 'deprel': 'compound:smixut', 'lemma': 'שליטה'}]"
9,של,ADP,ADP,Case=Gen,11.0,case:gen,"(35, 37)",של,
"(10, 11)",הנשים,,,,,,"(38, 43)",,"[{'id': 10, 'text': 'ה', 'upos': 'DET', 'xpos': 'DET', 'feats': 'PronType=Art', 'head': 11, 'deprel': 'det:def', 'lemma': 'ה'}, {'id': 11, 'text': 'נשים', 'upos': 'NOUN', 'xpos': 'NOUN', 'feats': 'Gender=Fem|Number=Plur', 'head': 8, 'deprel': 'nmod:poss', 'lemma': 'איש'}]"
"(12, 14)",והידע,,,,,,"(44, 49)",,"[{'id': 12, 'text': 'ו', 'upos': 'CCONJ', 'xpos': 'CCONJ', 'head': 14, 'deprel': 'cc', 'lemma': 'ו'}, {'id': 13, 'text': 'ה', 'upos': 'DET', 'xpos': 'DET', 'feats': 'PronType=Art', 'head': 14, 'deprel': 'det:def', 'lemma': 'ה'}, {'id': 14, 'text': 'ידע', 'upos': 'NOUN', 'xpos': 'NOUN', 'feats': 'Gender=Masc|Number=Sing', 'head': 8, 'deprel': 'conj', 'lemma': 'ידע'}]"
"(15, 16)",שלהם,,,,,,"(50, 54)",,"[{'id': 15, 'text': 'של_', 'upos': 'ADP', 'xpos': 'ADP', 'feats': 'Case=Gen', 'head': 16, 'deprel': 'case:gen', 'lemma': 'של'}, {'id': 16, 'text': '_הם', 'upos': 'PRON', 'xpos': 'PRON', 'feats': 'Gender=Masc|Number=Plur|Person=3|PronType=Prs', 'head': 14, 'deprel': 'nmod:poss', 'lemma': 'הוא'}]"
1,למרות,ADP,ADP,,5.0,mark,"(1, 6)",למרות,
"(2, 4)",שההצעה,,,,,,"(7, 13)",,"[{'id': 2, 'text': 'ש', 'upos': 'SCONJ', 'xpos': 'SCONJ', 'head': 1, 'deprel': 'fixed', 'lemma': 'ש'}, {'id': 3, 'text': 'ה', 'upos': 'DET', 'xpos': 'DET', 'feats': 'PronType=Art', 'head': 4, 'deprel': 'det:def', 'lemma': 'ה'}, {'id': 4, 'text': 'הצעה', 'upos': 'NOUN', 'xpos': 'NOUN', 'feats': 'Gender=Fem|Number=Sing', 'head': 5, 'deprel': 'nsubj', 'lemma': 'הצעה'}]"
5,נראית,VERB,VERB,"Gender=Fem|HebBinyan=NIFAL|Number=Sing|Person=1,2,3|VerbForm=Part|Voice=Mid",0.0,root,"(14, 19)",נראה,
"(6, 7)",להם,,,,,,"(20, 23)",,"[{'id': 6, 'text': 'ל_', 'upos': 'ADP', 'xpos': 'ADP', 'head': 7, 'deprel': 'case', 'lemma': 'ל'}, {'id': 7, 'text': '_הם', 'upos': 'PRON', 'xpos': 'PRON', 'feats': 'Gender=Masc|Number=Plur|Person=3|PronType=Prs', 'head': 5, 'deprel': 'obl', 'lemma': 'הוא'}]"
8,אטרקטיבית,ADJ,ADJ,Gender=Fem|Number=Sing,5.0,xcomp,"(24, 33)",אטרקטיבי,
"(9, 10)",מבחינה,,,,,,"(34, 40)",,"[{'id': 9, 'text': 'מ', 'upos': 'ADP', 'xpos': 'ADP', 'head': 10, 'deprel': 'case', 'lemma': 'מ'}, {'id': 10, 'text': 'בחינה', 'upos': 'NOUN', 'xpos': 'NOUN', 'feats': 'Gender=Fem|Number=Sing', 'head': 8, 'deprel': 'advmod', 'lemma': 'בחינה'}]"
11,עקרונית,ADJ,ADJ,Gender=Fem|Number=Sing,10.0,amod,"(41, 48)",עקרוני,
"(12, 13)",כשכונה,,,,,,"(49, 55)",,"[{'id': 12, 'text': 'כש', 'upos': 'SCONJ', 'xpos': 'SCONJ', 'feats': 'Case=Tem', 'head': 13, 'deprel': 'mark', 'lemma': 'כש'}, {'id': 13, 'text': 'כונה', 'upos': 'VERB', 'xpos': 'VERB', 'feats': 'Gender=Fem|HebBinyan=PAAL|Number=Sing|Person=1,2,3|VerbForm=Part|Voice=Act', 'head': 5, 'deprel': 'advcl', 'lemma': 'כונה'}]"
14,חדשה,ADJ,ADJ,Gender=Fem|Number=Sing,13.0,xcomp,"(56, 60)",חדש,
15,עם,ADP,ADP,,18.0,case,"(61, 63)",עם,
16,כל,DET,DET,Definite=Cons,18.0,det,"(64, 66)",כול,
"(17, 18)",האופציות,,,,,,"(67, 75)",,"[{'id': 17, 'text': 'ה', 'upos': 'DET', 'xpos': 'DET', 'feats': 'PronType=Art', 'head': 18, 'deprel': 'det:def', 'lemma': 'ה'}, {'id': 18, 'text': 'אופציות', 'upos': 'NOUN', 'xpos': 'NOUN', 'feats': 'Gender=Fem|Number=Plur', 'head': 14, 'deprel': 'advmod', 'lemma': 'אופציה'}]"
19,",",PUNCT,PUNCT,,5.0,punct,"(76, 77)",",",
20,אך,CCONJ,CCONJ,,23.0,cc,"(78, 80)",אך,
"(21, 22)",המחיר,,,,,,"(81, 86)",,"[{'id': 21, 'text': 'ה', 'upos': 'DET', 'xpos': 'DET', 'feats': 'PronType=Art', 'head': 22, 'deprel': 'det:def', 'lemma': 'ה'}, {'id': 22, 'text': 'מחיר', 'upos': 'NOUN', 'xpos': 'NOUN', 'feats': 'Gender=Masc|Number=Sing', 'head': 23, 'deprel': 'nsubj', 'lemma': 'מחיר'}]"
23,זה,PRON,PRON,Gender=Masc|Number=Sing|Person=3,5.0,nsubj,"(87, 89)",זה,
"(24, 25)",שגרם,,,,,,"(90, 94)",,"[{'id': 24, 'text': 'ש', 'upos': 'SCONJ', 'xpos': 'SCONJ', 'head': 25, 'deprel': 'mark', 'lemma': 'ש'}, {'id': 25, 'text': 'גרם', 'upos': 'VERB', 'xpos': 'VERB', 'feats': 'Gender=Masc|HebBinyan=PAAL|Number=Sing|Person=3|Tense=Past|Voice=Act', 'head': 23, 'deprel': 'acl:relcl', 'lemma': 'גרם'}]"
"(26, 27)",להתנגדות,,,,,,"(95, 103)",,"[{'id': 26, 'text': 'ל', 'upos': 'ADP', 'xpos': 'ADP', 'head': 27, 'deprel': 'case', 'lemma': 'ל'}, {'id': 27, 'text': 'התנגדות', 'upos': 'NOUN', 'xpos': 'NOUN', 'feats': 'Gender=Fem|Number=Sing', 'head': 25, 'deprel': 'obl', 'lemma': 'התנגדות'}]"
1,דעת,NOUN,NOUN,Definite=Cons|Gender=Fem|Number=Sing,3.0,nsubj,"(1, 4)",דעה,
2,מיעוט,NOUN,NOUN,Gender=Masc|Number=Sing,1.0,compound:smixut,"(5, 10)",מיעוט,
3,גורסת,VERB,VERB,"Gender=Fem|HebBinyan=PAAL|Number=Sing|Person=1,2,3|VerbForm=Part|Voice=Act",0.0,root,"(11, 16)",גרס,
4,כי,SCONJ,SCONJ,,7.0,mark,"(17, 19)",כי,
5,הצעה,NOUN,NOUN,Gender=Fem|Number=Sing,7.0,nsubj,"(20, 24)",הצעה,
6,זו,PRON,PRON,Gender=Fem|Number=Sing|Person=3|PronType=Dem,5.0,det,"(25, 27)",זו,
7,אטרקטיבית,ADJ,ADJ,Gender=Fem|Number=Sing,3.0,ccomp,"(28, 37)",אטרקטיבי,
"(1, 2)",כשהצענו,,,,,,"(1, 8)",,"[{'id': 1, 'text': 'כש', 'upos': 'SCONJ', 'xpos': 'SCONJ', 'feats': 'Case=Tem', 'head': 2, 'deprel': 'mark', 'lemma': 'כש'}, {'id': 2, 'text': 'הצענו', 'upos': 'VERB', 'xpos': 'VERB', 'feats': 'Gender=Fem,Masc|HebBinyan=HIFIL|Number=Plur|Person=1|Tense=Past|Voice=Act', 'head': 16, 'deprel': 'advcl', 'lemma': 'הציע'}]"
3,חלופת,NOUN,NOUN,Definite=Cons|Gender=Fem|Number=Sing,2.0,obj,"(9, 14)",חלופה,
4,צמודי,NOUN,NOUN,Definite=Cons|Gender=Masc|Number=Plur,3.0,compound:smixut,"(15, 20)",צמוד,
"(5, 6)",הקרקע,,,,,,"(21, 26)",,"[{'id': 5, 'text': 'ה', 'upos': 'DET', 'xpos': 'DET', 'feats': 'PronType=Art', 'head': 6, 'deprel': 'det:def', 'lemma': 'ה'}, {'id': 6, 'text': 'קרקע', 'upos': 'NOUN', 'xpos': 'NOUN', 'feats': 'Gender=Fem|Number=Sing', 'head': 4, 'deprel': 'compound:smixut', 'lemma': 'קרקע'}]"
7,2,NUM,NUM,,8.0,nummod,"(27, 28)",2,
8,קומות,NOUN,NOUN,Gender=Fem|Number=Plur,3.0,nmod,"(29, 34)",קומה,
9,ליח',NOUN,NOUN,HebSource=ConvUncertainHead,8.0,compound:smixut,"(35, 39)",ליח',
10,-,PUNCT,PUNCT,,12.0,punct,"(40, 41)",-,
"(11, 12)",הנשים,,,,,,"(41, 46)",,"[{'id': 11, 'text': 'ה', 'upos': 'DET', 'xpos': 'DET', 'feats': 'PronType=Art', 'head': 12, 'deprel': 'det:def', 'lemma': 'ה'}, {'id': 12, 'text': 'נשים', 'upos': 'NOUN', 'xpos': 'NOUN', 'feats': 'Gender=Fem|Number=Plur', 'head': 16, 'deprel': 'nsubj', 'lemma': 'איש'}]"
"(13, 14)",הנשואות,,,,,,"(47, 54)",,"[{'id': 13, 'text': 'ה', 'upos': 'DET', 'xpos': 'DET', 'feats': 'PronType=Art', 'head': 14, 'deprel': 'det:def', 'lemma': 'ה'}, {'id': 14, 'text': 'נשואות', 'upos': 'ADJ', 'xpos': 'ADJ', 'feats': 'Gender=Fem|Number=Plur', 'head': 12, 'deprel': 'amod', 'lemma': 'נשוא'}]"
15,גם,ADV,ADV,,16.0,advmod,"(55, 57)",גם,
16,הביעו,VERB,VERB,"Gender=Fem,Masc|HebBinyan=HIFIL|Number=Plur|Person=3|Tense=Past|Voice=Act",0.0,root,"(58, 63)",הביע,
17,העדפה,NOUN,NOUN,Gender=Fem|Number=Sing,16.0,obj,"(64, 69)",העדפה,
"(18, 19)",בהנחה,,,,,,"(70, 75)",,"[{'id': 18, 'text': 'ב', 'upos': 'ADP', 'xpos': 'ADP', 'head': 19, 'deprel': 'case', 'lemma': 'ב'}, {'id': 19, 'text': 'הנחה', 'upos': 'NOUN', 'xpos': 'NOUN', 'feats': 'Gender=Fem|Number=Sing', 'head': 17, 'deprel': 'nmod', 'lemma': 'הנחה'}]"
"(20, 21)",וזה,,,,,,"(76, 79)",,"[{'id': 20, 'text': 'ו', 'upos': 'CCONJ', 'xpos': 'CCONJ', 'head': 22, 'deprel': 'cc', 'lemma': 'ו'}, {'id': 21, 'text': 'זה', 'upos': 'PRON', 'xpos': 'PRON', 'feats': 'Gender=Masc|Number=Sing|Person=3', 'head': 22, 'deprel': 'nsubj', 'lemma': 'זה'}]"
22,מתאפשר,VERB,VERB,"Gender=Masc|HebBinyan=HITPAEL|Number=Sing|Person=1,2,3|VerbForm=Part",16.0,conj,"(80, 86)",התאפשר,
23,כלכלית,ADV,ADV,,22.0,advmod,"(87, 93)",כלכלי,
24,•,PUNCT,PUNCT,,28.0,punct,"(94, 95)",•,
25,קבוצת,NOUN,NOUN,Definite=Cons|Gender=Fem|Number=Sing,28.0,nsubj,"(96, 101)",קבוצה,
"(26, 27)",הרווקות,,,,,,"(102, 109)",,"[{'id': 26, 'text': 'ה', 'upos': 'DET', 'xpos': 'DET', 'feats': 'PronType=Art', 'head': 27, 'deprel': 'det:def', 'lemma': 'ה'}, {'id': 27, 'text': 'רווקות', 'upos': 'NOUN', 'xpos': 'NOUN', 'feats': 'Gender=Fem|Number=Plur', 'head': 25, 'deprel': 'compound:smixut', 'lemma': 'רווקה'}]"
28,גילו,VERB,VERB,"Gender=Fem,Masc|HebBinyan=PIEL|Number=Plur|Person=3|Tense=Past|Voice=Act",16.0,conj,"(110, 114)",גילה,
29,עניין,NOUN,NOUN,Gender=Masc|Number=Sing,28.0,obj,"(115, 120)",עניין,
30,רב,ADJ,ADJ,Gender=Masc|Number=Sing,29.0,amod,"(121, 123)",רב,
"(31, 32)",בהצעה,,,,,,"(124, 129)",,"[{'id': 31, 'text': 'ב', 'upos': 'ADP', 'xpos': 'ADP', 'head': 32, 'deprel': 'case', 'lemma': 'ב'}, {'id': 32, 'text': 'הצעה', 'upos': 'NOUN', 'xpos': 'NOUN', 'feats': 'Gender=Fem|Number=Sing', 'head': 29, 'deprel': 'nmod', 'lemma': 'הצעה'}]"
33,זו,PRON,PRON,Gender=Fem|Number=Sing|Person=3|PronType=Dem,32.0,det,"(130, 132)",זו,
"(34, 35)",ונתנו,,,,,,"(133, 138)",,"[{'id': 34, 'text': 'ו', 'upos': 'CCONJ', 'xpos': 'CCONJ', 'head': 35, 'deprel': 'cc', 'lemma': 'ו'}, {'id': 35, 'text': 'נתנו', 'upos': 'VERB', 'xpos': 'VERB', 'feats': 'Gender=Fem,Masc|Number=Plur|Person=3|Tense=Past', 'head': 28, 'deprel': 'conj', 'lemma': 'נתן'}]"
36,ציונים,NOUN,NOUN,Gender=Masc|Number=Plur,35.0,obj,"(139, 145)",ציון,
37,מאוד,ADV,ADV,,38.0,advmod,"(146, 150)",מאוד,
38,גבוהים,ADJ,ADJ,Gender=Masc|Number=Plur,36.0,amod,"(151, 157)",גבוה,
39,כמעט,ADV,ADV,,40.0,advmod,"(158, 162)",כמעט,
"(40, 42)",בפה,,,,,,"(163, 166)",,"[{'id': 40, 'text': 'ב', 'upos': 'ADP', 'xpos': 'ADP', 'head': 42, 'deprel': 'case', 'lemma': 'ב'}, {'id': 41, 'text': 'ה_', 'upos': 'DET', 'xpos': 'DET', 'feats': 'PronType=Art', 'head': 42, 'deprel': 'det:def', 'lemma': 'ה'}, {'id': 42, 'text': 'פה', 'upos': 'NOUN', 'xpos': 'NOUN', 'feats': 'Gender=Masc|Number=Sing', 'head': 36, 'deprel': 'nmod', 'lemma': 'פה'}]"
43,מלא,ADJ,ADJ,Gender=Masc|Number=Sing,42.0,amod,"(167, 170)",מלא,
"(1, 3)",והחלופה,,,,,,"(1, 8)",,"[{'id': 1, 'text': 'ו', 'upos': 'CCONJ', 'xpos': 'CCONJ', 'head': 6, 'deprel': 'cc', 'lemma': 'ו'}, {'id': 2, 'text': 'ה', 'upos': 'DET', 'xpos': 'DET', 'feats': 'PronType=Art', 'head': 3, 'deprel': 'det:def', 'lemma': 'ה'}, {'id': 3, 'text': 'חלופה', 'upos': 'NOUN', 'xpos': 'NOUN', 'feats': 'Gender=Fem|Number=Sing', 'head': 6, 'deprel': 'nsubj', 'lemma': 'חלופה'}]"
"(4, 5)",הזו,,,,,,"(9, 12)",,"[{'id': 4, 'text': 'ה', 'upos': 'DET', 'xpos': 'DET', 'feats': 'PronType=Art', 'head': 5, 'deprel': 'det:def', 'lemma': 'ה'}, {'id': 5, 'text': 'זו', 'upos': 'PRON', 'xpos': 'PRON', 'feats': 'Gender=Fem|Number=Sing|Person=3|PronType=Dem', 'head': 3, 'deprel': 'det', 'lemma': 'זו'}]"
6,נראתה,VERB,VERB,Gender=Fem|HebBinyan=NIFAL|Number=Sing|Person=3|Tense=Past|Voice=Mid,0.0,root,"(13, 18)",נראה,
7,אטרקטיבית,ADJ,ADJ,Gender=Fem|Number=Sing,6.0,xcomp,"(19, 28)",אטרקטיבי,
"(8, 9)",כחבילה,,,,,,"(29, 35)",,"[{'id': 8, 'text': 'כ', 'upos': 'ADP', 'xpos': 'ADP', 'head': 9, 'deprel': 'case', 'lemma': 'כ'}, {'id': 9, 'text': 'חבילה', 'upos': 'NOUN', 'xpos': 'NOUN', 'feats': 'Gender=Fem|Number=Sing', 'head': 6, 'deprel': 'obl', 'lemma': 'חבילה'}]"
10,כמו,ADP,ADP,,12.0,case,"(36, 39)",כמו,
"(11, 12)",בתיאור,,,,,,"(40, 46)",,"[{'id': 11, 'text': 'ב', 'upos': 'ADP', 'xpos': 'ADP', 'head': 12, 'deprel': 'case', 'lemma': 'ב'}, {'id': 12, 'text': 'תיאור', 'upos': 'NOUN', 'xpos': 'NOUN', 'feats': 'Definite=Cons|Gender=Masc|Number=Sing', 'head': 9, 'deprel': 'nmod', 'lemma': 'תיאור'}]"
13,שכונה,NOUN,NOUN,Gender=Fem|Number=Sing,12.0,compound:smixut,"(47, 52)",שכונה,
14,חדשה,ADJ,ADJ,Gender=Fem|Number=Sing,13.0,amod,"(53, 57)",חדש,
15,",",PUNCT,PUNCT,,13.0,punct,"(58, 59)",",",
16,פיתוח,NOUN,NOUN,Gender=Masc|Number=Sing,13.0,conj,"(60, 65)",פיתוח,
17,",",PUNCT,PUNCT,,13.0,punct,"(65, 66)",",",
18,גנים,NOUN,NOUN,Gender=Masc|Number=Plur,13.0,conj,"(67, 71)",גן,
"(19, 20)",ומרווח,,,,,,"(72, 78)",,"[{'id': 19, 'text': 'ו', 'upos': 'CCONJ', 'xpos': 'CCONJ', 'head': 20, 'deprel': 'cc', 'lemma': 'ו'}, {'id': 20, 'text': 'מרווח', 'upos': 'NOUN', 'xpos': 'NOUN', 'feats': 'Gender=Masc|Number=Sing', 'head': 13, 'deprel': 'conj', 'lemma': 'מרווח'}]"
"(1, 2)",וגם,,,,,,"(1, 4)",,"[{'id': 1, 'text': 'ו', 'upos': 'CCONJ', 'xpos': 'CCONJ', 'head': 3, 'deprel': 'cc', 'lemma': 'ו'}, {'id': 2, 'text': 'גם', 'upos': 'ADV', 'xpos': 'ADV', 'head': 3, 'deprel': 'advmod', 'lemma': 'גם'}]"
3,הייתה,VERB,VERB,Gender=Fem|HebExistential=True|Number=Sing|Person=3|Polarity=Pos|Tense=Past,0.0,root,"(5, 10)",היה,
4,מעין,ADV,ADV,,5.0,det,"(11, 15)",מעין,
5,הנחה,NOUN,NOUN,Gender=Fem|Number=Sing,3.0,nsubj,"(16, 20)",הנחה,
"(6, 7)",שזו,,,,,,"(21, 24)",,"[{'id': 6, 'text': 'ש', 'upos': 'SCONJ', 'xpos': 'SCONJ', 'head': 8, 'deprel': 'mark', 'lemma': 'ש'}, {'id': 7, 'text': 'זו', 'upos': 'PRON', 'xpos': 'PRON', 'feats': 'Gender=Fem|Number=Sing|Person=3|PronType=Dem', 'head': 8, 'deprel': 'nsubj', 'lemma': 'זו'}]"
8,שכונה,NOUN,NOUN,Gender=Fem|Number=Sing,5.0,acl:relcl,"(25, 30)",שכונה,
9,של,ADP,ADP,Case=Gen,10.0,case:gen,"(31, 33)",של,
10,זוגות,NOUN,NOUN,Gender=Masc|Number=Plur,8.0,nmod:poss,"(34, 39)",זוג,
11,צעירים,ADJ,ADJ,Gender=Masc|Number=Plur,10.0,amod,"(40, 46)",צעיר,
"(12, 13)",בממוצעי,,,,,,"(47, 54)",,"[{'id': 12, 'text': 'ב', 'upos': 'ADP', 'xpos': 'ADP', 'head': 13, 'deprel': 'case', 'lemma': 'ב'}, {'id': 13, 'text': 'ממוצעי', 'upos': 'NOUN', 'xpos': 'NOUN', 'feats': 'Definite=Cons|Gender=Masc|Number=Plur', 'head': 10, 'deprel': 'nmod', 'lemma': 'ממוצע'}]"
14,גילאים,NOUN,NOUN,Gender=Masc|Number=Plur,13.0,compound:smixut,"(55, 61)",גיל,
15,קרובים,ADJ,ADJ,Gender=Masc|Number=Plur,14.0,amod,"(62, 68)",קרוב,
16,",",PUNCT,PUNCT,,8.0,punct,"(69, 70)",",",
"(17, 20)",ומאותו,,,,,,"(71, 77)",,"[{'id': 17, 'text': 'ו', 'upos': 'CCONJ', 'xpos': 'CCONJ', 'head': 21, 'deprel': 'cc', 'lemma': 'ו'}, {'id': 18, 'text': 'מאות_', 'upos': 'NOUN', 'xpos': 'NOUN', 'feats': 'Definite=Def|Gender=Fem|Number=Sing', 'head': 21, 'deprel': 'nsubj', 'lemma': 'מאות'}, {'id': 19, 'text': '_של_', 'upos': 'ADP', 'xpos': 'ADP', 'head': 20, 'deprel': 'case:gen', 'lemma': 'של'}, {'id': 20, 'text': '_הוא', 'upos': 'PRON', 'xpos': 'PRON', 'feats': 'Case=Gen|Gender=Masc|Number=Sing|Person=3|PronType=Prs', 'head': 18, 'deprel': 'nmod:poss', 'lemma': 'הוא'}]"
21,רקע,VERB,VERB,"Gender=Masc|HebBinyan=PAAL|Number=Sing|Person=1,2,3|VerbForm=Part|Voice=Act",8.0,conj,"(78, 81)",רקע,
"(1, 2)",כשהצענו,,,,,,"(0, 7)",,"[{'id': 1, 'text': 'כש', 'upos': 'SCONJ', 'xpos': 'SCONJ', 'feats': 'Case=Tem', 'head': 2, 'deprel': 'mark', 'lemma': 'כש'}, {'id': 2, 'text': 'הצענו', 'upos': 'VERB', 'xpos': 'VERB', 'feats': 'Gender=Fem,Masc|HebBinyan=HIFIL|Number=Plur|Person=1|Tense=Past|Voice=Act', 'head': 12, 'deprel': 'advcl', 'lemma': 'הציע'}]"
3,חלופה,NOUN,NOUN,Gender=Fem|Number=Sing,2.0,obj,"(8, 13)",חלופה,
4,של,ADP,ADP,Case=Gen,5.0,case:gen,"(14, 16)",של,
5,צמודי,NOUN,NOUN,Definite=Cons|Gender=Masc|Number=Plur,3.0,nmod:poss,"(17, 22)",צמוד,
6,קרקע,NOUN,NOUN,Gender=Fem|Number=Sing,5.0,compound:smixut,"(23, 27)",קרקע,
7,רוב,DET,DET,Definite=Cons,9.0,det,"(28, 31)",רוב,
"(8, 9)",המשתתפות,,,,,,"(32, 40)",,"[{'id': 8, 'text': 'ה', 'upos': 'DET', 'xpos': 'DET', 'feats': 'PronType=Art', 'head': 9, 'deprel': 'det:def', 'lemma': 'ה'}, {'id': 9, 'text': 'משתתפות', 'upos': 'VERB', 'xpos': 'VERB', 'feats': 'Gender=Fem|HebBinyan=HITPAEL|Number=Plur|Person=1,2,3|VerbForm=Part', 'head': 12, 'deprel': 'nsubj', 'lemma': 'השתתף'}]"
"(10, 11)",הביעו,,,,,,"(41, 46)",,"[{'id': 10, 'text': 'ה', 'upos': 'DET', 'xpos': 'DET', 'feats': 'PronType=Art', 'head': 11, 'deprel': 'det:def', 'lemma': 'ה'}, {'id': 11, 'text': 'ביעו', 'upos': 'NOUN', 'xpos': 'NOUN', 'head': 9, 'deprel': 'acl:relcl', 'lemma': 'ביעו'}]"
12,נכונות,ADJ,ADJ,Gender=Fem|Number=Plur,0.0,root,"(47, 53)",נכון,
13,יותר,ADV,ADV,,12.0,advmod,"(54, 58)",יותר,
"(14, 15)",והעדפה,,,,,,"(59, 65)",,"[{'id': 14, 'text': 'ו', 'upos': 'CCONJ', 'xpos': 'CCONJ', 'head': 15, 'deprel': 'cc', 'lemma': 'ו'}, {'id': 15, 'text': 'העדפה', 'upos': 'NOUN', 'xpos': 'NOUN', 'feats': 'Gender=Fem|Number=Sing', 'head': 12, 'deprel': 'conj', 'lemma': 'העדפה'}]"
16,מוגברת,ADJ,ADJ,Gender=Fem|Number=Sing,15.0,amod,"(66, 72)",מוגבר,
"(17, 18)",לחלופה,,,,,,"(73, 79)",,"[{'id': 17, 'text': 'ל', 'upos': 'ADP', 'xpos': 'ADP', 'head': 18, 'deprel': 'case', 'lemma': 'ל'}, {'id': 18, 'text': 'חלופה', 'upos': 'NOUN', 'xpos': 'NOUN', 'feats': 'Gender=Fem|Number=Sing', 'head': 15, 'deprel': 'nmod', 'lemma': 'חלופה'}]"
19,זו,PRON,PRON,Gender=Fem|Number=Sing|Person=3|PronType=Dem,18.0,det,"(80, 82)",זו,
"(20, 21)",בהנחה,,,,,,"(83, 88)",,"[{'id': 20, 'text': 'ב', 'upos': 'ADP', 'xpos': 'ADP', 'head': 21, 'deprel': 'case', 'lemma': 'ב'}, {'id': 21, 'text': 'הנחה', 'upos': 'NOUN', 'xpos': 'NOUN', 'feats': 'Gender=Fem|Number=Sing', 'head': 15, 'deprel': 'nmod', 'lemma': 'הנחה'}]"
"(22, 23)",וזה,,,,,,"(89, 92)",,"[{'id': 22, 'text': 'ו', 'upos': 'CCONJ', 'xpos': 'CCONJ', 'head': 24, 'deprel': 'cc', 'lemma': 'ו'}, {'id': 23, 'text': 'זה', 'upos': 'PRON', 'xpos': 'PRON', 'feats': 'Gender=Masc|Number=Sing|Person=3', 'head': 24, 'deprel': 'nsubj', 'lemma': 'זה'}]"
24,אפשרי,ADJ,ADJ,Gender=Masc|Number=Sing,12.0,conj,"(93, 98)",אפשרי,
"(25, 26)",מבחינה,,,,,,"(99, 105)",,"[{'id': 25, 'text': 'מ', 'upos': 'ADP', 'xpos': 'ADP', 'head': 26, 'deprel': 'case', 'lemma': 'מ'}, {'id': 26, 'text': 'בחינה', 'upos': 'NOUN', 'xpos': 'NOUN', 'feats': 'Gender=Fem|Number=Sing', 'head': 24, 'deprel': 'obl', 'lemma': 'בחינה'}]"
27,כלכלית,ADJ,ADJ,Gender=Fem|Number=Sing,26.0,amod,"(106, 112)",כלכלי,
28,של,ADP,ADP,Case=Gen,30.0,case:gen,"(113, 115)",של,
"(29, 30)",הבן,,,,,,"(116, 119)",,"[{'id': 29, 'text': 'ה', 'upos': 'DET', 'xpos': 'DET', 'feats': 'PronType=Art', 'head': 30, 'deprel': 'det:def', 'lemma': 'ה'}, {'id': 30, 'text': 'בן', 'upos': 'NOUN', 'xpos': 'NOUN', 'feats': 'Definite=Cons|Gender=Masc|Number=Sing', 'head': 26, 'deprel': 'nmod', 'lemma': 'בן'}]"
31,זוג,NOUN,NOUN,Gender=Masc|Number=Sing,30.0,compound:smixut,"(120, 123)",זוג,
1,•,PUNCT,PUNCT,,6.0,punct,"(1, 2)",•,
2,קבוצת,NOUN,NOUN,Definite=Cons|Gender=Fem|Number=Sing,6.0,nsubj,"(3, 8)",קבוצה,
"(3, 4)",הרווקים,,,,,,"(9, 16)",,"[{'id': 3, 'text': 'ה', 'upos': 'DET', 'xpos': 'DET', 'feats': 'PronType=Art', 'head': 4, 'deprel': 'det:def', 'lemma': 'ה'}, {'id': 4, 'text': 'רווקים', 'upos': 'NOUN', 'xpos': 'NOUN', 'feats': 'Gender=Masc|Number=Plur', 'head': 2, 'deprel': 'compound:smixut', 'lemma': 'רווק'}]"
5,:,PUNCT,PUNCT,,6.0,punct,"(16, 17)",:,
6,נחלקו,VERB,VERB,"Gender=Fem,Masc|HebBinyan=NIFAL|Number=Plur|Person=3|Tense=Past|Voice=Mid",0.0,root,"(18, 23)",נחלק,
"(7, 8)",לשני,,,,,,"(24, 28)",,"[{'id': 7, 'text': 'ל', 'upos': 'ADP', 'xpos': 'ADP', 'head': 9, 'deprel': 'case', 'lemma': 'ל'}, {'id': 8, 'text': 'שני', 'upos': 'NUM', 'xpos': 'NUM', 'feats': 'Definite=Cons|Gender=Masc|Number=Plur', 'head': 9, 'deprel': 'nummod', 'lemma': 'שני'}]"
9,חלקים,NOUN,NOUN,Gender=Masc|Number=Plur,6.0,obl,"(29, 34)",חלק,
10,",",PUNCT,PUNCT,,9.0,punct,"(35, 36)",",",
11,חלק,NOUN,NOUN,Gender=Masc|Number=Sing,9.0,appos,"(37, 40)",חלק,
"(12, 13)",שפסל,,,,,,"(41, 45)",,"[{'id': 12, 'text': 'ש', 'upos': 'SCONJ', 'xpos': 'SCONJ', 'head': 13, 'deprel': 'mark', 'lemma': 'ש'}, {'id': 13, 'text': 'פסל', 'upos': 'VERB', 'xpos': 'VERB', 'feats': 'Gender=Masc|HebBinyan=PAAL|Number=Sing|Person=3|Tense=Past|Voice=Act', 'head': 11, 'deprel': 'acl:relcl', 'lemma': 'פסל'}]"
14,את,ADP,ADP,Case=Acc,16.0,case:acc,"(46, 48)",את,
"(15, 16)",האופציה,,,,,,"(49, 56)",,"[{'id': 15, 'text': 'ה', 'upos': 'DET', 'xpos': 'DET', 'feats': 'PronType=Art', 'head': 16, 'deprel': 'det:def', 'lemma': 'ה'}, {'id': 16, 'text': 'אופציה', 'upos': 'NOUN', 'xpos': 'NOUN', 'feats': 'Gender=Fem|Number=Sing', 'head': 13, 'deprel': 'obj', 'lemma': 'אופציה'}]"
17,זו,PRON,PRON,Gender=Fem|Number=Sing|Person=3|PronType=Dem,16.0,det,"(57, 59)",זו,
18,עקרונית,ADV,ADV,,13.0,advmod,"(60, 67)",עקרונית,
"(19, 20)",וחלק,,,,,,"(68, 72)",,"[{'id': 19, 'text': 'ו', 'upos': 'CCONJ', 'xpos': 'CCONJ', 'head': 20, 'deprel': 'cc', 'lemma': 'ו'}, {'id': 20, 'text': 'חלק', 'upos': 'NOUN', 'xpos': 'NOUN', 'feats': 'Gender=Masc|Number=Sing', 'head': 11, 'deprel': 'conj', 'lemma': 'חלק'}]"
"(21, 22)",שפסל,,,,,,"(73, 77)",,"[{'id': 21, 'text': 'ש', 'upos': 'SCONJ', 'xpos': 'SCONJ', 'head': 22, 'deprel': 'mark', 'lemma': 'ש'}, {'id': 22, 'text': 'פסל', 'upos': 'VERB', 'xpos': 'VERB', 'feats': 'Gender=Masc|HebBinyan=PAAL|Number=Sing|Person=3|Tense=Past|Voice=Act', 'head': 20, 'deprel': 'acl:relcl', 'lemma': 'פסל'}]"
23,בגלל,ADP,ADP,,25.0,case,"(78, 82)",בגלל,
"(24, 25)",המחיר,,,,,,"(83, 88)",,"[{'id': 24, 'text': 'ה', 'upos': 'DET', 'xpos': 'DET', 'feats': 'PronType=Art', 'head': 25, 'deprel': 'det:def', 'lemma': 'ה'}, {'id': 25, 'text': 'מחיר', 'upos': 'NOUN', 'xpos': 'NOUN', 'feats': 'Gender=Masc|Number=Sing', 'head': 22, 'deprel': 'obl', 'lemma': 'מחיר'}]"
26,אך,CCONJ,CCONJ,,27.0,cc,"(89, 91)",אך,
27,היו,VERB,VERB,"Gender=Fem,Masc|HebExistential=True|Number=Plur|Person=3|Polarity=Pos|Tense=Past",6.0,conj,"(92, 95)",היה,
28,3,NUM,NUM,,29.0,nummod,"(96, 97)",3,
29,משתתפים,NOUN,NOUN,Gender=Masc|Number=Plur,27.0,nsubj,"(98, 105)",משתתף,
"(30, 31)",שנתנו,,,,,,"(106, 111)",,"[{'id': 30, 'text': 'ש', 'upos': 'SCONJ', 'xpos': 'SCONJ', 'head': 31, 'deprel': 'mark', 'lemma': 'ש'}, {'id': 31, 'text': 'נתנו', 'upos': 'VERB', 'xpos': 'VERB', 'feats': 'Gender=Fem,Masc|Number=Plur|Person=3|Tense=Past', 'head': 29, 'deprel': 'acl:relcl', 'lemma': 'נתן'}]"
32,ציוני,NOUN,NOUN,Definite=Cons|Gender=Masc|Number=Plur,31.0,obj,"(112, 117)",ציוני,
33,בינוניים,ADJ,ADJ,Gender=Masc|Number=Plur,32.0,amod,"(118, 126)",בינוני,
"(34, 35)",למידת,,,,,,"(127, 132)",,"[{'id': 34, 'text': 'ל', 'upos': 'ADP', 'xpos': 'ADP', 'head': 35, 'deprel': 'case', 'lemma': 'ל'}, {'id': 35, 'text': 'מידת', 'upos': 'NOUN', 'xpos': 'NOUN', 'feats': 'Definite=Cons|Gender=Fem|Number=Sing', 'head': 31, 'deprel': 'obl', 'lemma': 'מידה'}]"
"(36, 37)",האטרקטיביות,,,,,,"(133, 144)",,"[{'id': 36, 'text': 'ה', 'upos': 'DET', 'xpos': 'DET', 'feats': 'PronType=Art', 'head': 37, 'deprel': 'det:def', 'lemma': 'ה'}, {'id': 37, 'text': 'אטרקטיביות', 'upos': 'NOUN', 'xpos': 'NOUN', 'feats': 'Gender=Fem|Number=Sing', 'head': 35, 'deprel': 'compound:smixut', 'lemma': 'אטרקטיביות'}]"
38,של,ADP,ADP,Case=Gen,40.0,case:gen,"(145, 147)",של,
"(39, 40)",החלופה,,,,,,"(148, 154)",,"[{'id': 39, 'text': 'ה', 'upos': 'DET', 'xpos': 'DET', 'feats': 'PronType=Art', 'head': 40, 'deprel': 'det:def', 'lemma': 'ה'}, {'id': 40, 'text': 'חלופה', 'upos': 'NOUN', 'xpos': 'NOUN', 'feats': 'Gender=Fem|Number=Sing', 'head': 37, 'deprel': 'nmod:poss', 'lemma': 'חלופה'}]"
"(41, 42)",הזו,,,,,,"(155, 158)",,"[{'id': 41, 'text': 'ה', 'upos': 'DET', 'xpos': 'DET', 'feats': 'PronType=Art', 'head': 42, 'deprel': 'det:def', 'lemma': 'ה'}, {'id': 42, 'text': 'זו', 'upos': 'PRON', 'xpos': 'PRON', 'feats': 'Gender=Fem|Number=Sing|Person=3|PronType=Dem', 'head': 40, 'deprel': 'det', 'lemma': 'זו'}]"
1,אלו,PRON,PRON,"Gender=Fem,Masc|Number=Plur|Person=3|PronType=Dem",8.0,nsubj,"(1, 4)",אלו,
"(2, 3)",שהביעו,,,,,,"(5, 11)",,"[{'id': 2, 'text': 'ש', 'upos': 'SCONJ', 'xpos': 'SCONJ', 'head': 3, 'deprel': 'mark', 'lemma': 'ש'}, {'id': 3, 'text': 'הביעו', 'upos': 'VERB', 'xpos': 'VERB', 'feats': 'Gender=Fem,Masc|HebBinyan=HIFIL|Number=Plur|Person=3|Tense=Past|Voice=Act', 'head': 1, 'deprel': 'acl:relcl', 'lemma': 'הביע'}]"
4,מוכנות,NOUN,NOUN,Gender=Fem|Number=Plur,3.0,obj,"(12, 18)",מוכנה,
"(5, 6)",לאופציה,,,,,,"(19, 26)",,"[{'id': 5, 'text': 'ל', 'upos': 'ADP', 'xpos': 'ADP', 'head': 6, 'deprel': 'case', 'lemma': 'ל'}, {'id': 6, 'text': 'אופציה', 'upos': 'NOUN', 'xpos': 'NOUN', 'feats': 'Gender=Fem|Number=Sing', 'head': 4, 'deprel': 'nmod', 'lemma': 'אופציה'}]"
7,זו,PRON,PRON,Gender=Fem|Number=Sing|Person=3|PronType=Dem,6.0,det,"(27, 29)",זו,
8,העלו,VERB,VERB,"Gender=Fem,Masc|HebBinyan=HIFIL|Number=Plur|Person=3|Tense=Past|Voice=Act",0.0,root,"(30, 34)",העלה,
9,את,ADP,ADP,Case=Acc,10.0,case:acc,"(35, 37)",את,
10,זה,PRON,PRON,Gender=Masc|Number=Sing|Person=3,8.0,obj,"(38, 40)",זה,
"(11, 13)",בהסתייגות,,,,,,"(41, 50)",,"[{'id': 11, 'text': 'ב', 'upos': 'ADP', 'xpos': 'ADP', 'head': 13, 'deprel': 'case', 'lemma': 'ב'}, {'id': 12, 'text': 'ה_', 'upos': 'DET', 'xpos': 'DET', 'feats': 'PronType=Art', 'head': 13, 'deprel': 'det:def', 'lemma': 'ה'}, {'id': 13, 'text': 'הסתייגות', 'upos': 'NOUN', 'xpos': 'NOUN', 'feats': 'Gender=Fem|Number=Sing', 'head': 8, 'deprel': 'obl', 'lemma': 'הסתייגות'}]"
14,רבה,ADJ,ADJ,Gender=Fem|Number=Sing,13.0,amod,"(51, 54)",רב,
"(15, 16)",מנושא,,,,,,"(55, 60)",,"[{'id': 15, 'text': 'מ', 'upos': 'ADP', 'xpos': 'ADP', 'head': 16, 'deprel': 'case', 'lemma': 'מ'}, {'id': 16, 'text': 'נושא', 'upos': 'NOUN', 'xpos': 'NOUN', 'feats': 'Definite=Cons|Gender=Masc|Number=Sing', 'head': 13, 'deprel': 'nmod', 'lemma': 'נושא'}]"
"(17, 18)",המחיר,,,,,,"(61, 66)",,"[{'id': 17, 'text': 'ה', 'upos': 'DET', 'xpos': 'DET', 'feats': 'PronType=Art', 'head': 18, 'deprel': 'det:def', 'lemma': 'ה'}, {'id': 18, 'text': 'מחיר', 'upos': 'NOUN', 'xpos': 'NOUN', 'feats': 'Gender=Masc|Number=Sing', 'head': 16, 'deprel': 'compound:smixut', 'lemma': 'מחיר'}]"
"(19, 21)",ובתנאי,,,,,,"(67, 73)",,"[{'id': 19, 'text': 'ו', 'upos': 'CCONJ', 'xpos': 'CCONJ', 'head': 21, 'deprel': 'cc', 'lemma': 'ו'}, {'id': 20, 'text': 'ב', 'upos': 'ADP', 'xpos': 'ADP', 'head': 21, 'deprel': 'case', 'lemma': 'ב'}, {'id': 21, 'text': 'תנאי', 'upos': 'NOUN', 'xpos': 'NOUN', 'feats': 'Gender=Masc|Number=Sing', 'head': 13, 'deprel': 'conj', 'lemma': 'תנאי'}]"
"(22, 23)",שיתאפשר,,,,,,"(74, 81)",,"[{'id': 22, 'text': 'ש', 'upos': 'SCONJ', 'xpos': 'SCONJ', 'head': 23, 'deprel': 'mark', 'lemma': 'ש'}, {'id': 23, 'text': 'יתאפשר', 'upos': 'VERB', 'xpos': 'VERB', 'feats': 'Gender=Masc|HebBinyan=HITPAEL|Number=Sing|Person=3|Tense=Fut', 'head': 21, 'deprel': 'acl:relcl', 'lemma': 'התאפשר'}]"
"(24, 25)",להם,,,,,,"(82, 85)",,"[{'id': 24, 'text': 'ל_', 'upos': 'ADP', 'xpos': 'ADP', 'head': 25, 'deprel': 'case', 'lemma': 'ל'}, {'id': 25, 'text': '_הם', 'upos': 'PRON', 'xpos': 'PRON', 'feats': 'Gender=Masc|Number=Plur|Person=3|PronType=Prs', 'head': 23, 'deprel': 'obl', 'lemma': 'הוא'}]"
26,לארגן,VERB,VERB,HebBinyan=PIEL|VerbForm=Inf|Voice=Act,23.0,xcomp,"(86, 91)",ארגן,
27,קבוצה,NOUN,NOUN,Gender=Fem|Number=Sing,26.0,obj,"(92, 97)",קבוצה,
28,של,ADP,ADP,Case=Gen,29.0,case:gen,"(98, 100)",של,
29,רוכשים,NOUN,NOUN,Gender=Masc|Number=Plur,27.0,nmod:poss,"(101, 107)",רכש,
"(30, 31)",מבני,,,,,,"(108, 112)",,"[{'id': 30, 'text': 'מ', 'upos': 'ADP', 'xpos': 'ADP', 'head': 31, 'deprel': 'case', 'lemma': 'מ'}, {'id': 31, 'text': 'בני', 'upos': 'NOUN', 'xpos': 'NOUN', 'feats': 'Definite=Cons|Gender=Masc|Number=Plur', 'head': 29, 'deprel': 'nmod', 'lemma': 'בן'}]"
32,משפחה,NOUN,NOUN,Gender=Fem|Number=Sing,31.0,compound:smixut,"(113, 118)",משפחה,
"(33, 34)",וחברים,,,,,,"(119, 125)",,"[{'id': 33, 'text': 'ו', 'upos': 'CCONJ', 'xpos': 'CCONJ', 'head': 34, 'deprel': 'cc', 'lemma': 'ו'}, {'id': 34, 'text': 'חברים', 'upos': 'NOUN', 'xpos': 'NOUN', 'feats': 'Gender=Masc|Number=Plur', 'head': 31, 'deprel': 'conj', 'lemma': 'חבר'}]"
"(35, 36)",איתם,,,,,,"(126, 130)",,"[{'id': 35, 'text': 'איתם', 'upos': 'ADP', 'xpos': 'ADP', 'head': 36, 'deprel': 'case', 'lemma': 'את'}, {'id': 36, 'text': '_הם', 'upos': 'PRON', 'xpos': 'PRON', 'feats': 'Gender=Masc|Number=Plur|Person=3|PronType=Prs', 'head': 37, 'deprel': 'obl', 'lemma': 'הוא'}]"
37,אפשר,AUX,AUX,VerbType=Mod,38.0,aux,"(131, 135)",אפשר,
38,להסתדר,VERB,VERB,HebBinyan=HITPAEL|VerbForm=Inf,34.0,acl:relcl,"(136, 142)",הסתדר,
1,•,PUNCT,PUNCT,,11.0,punct,"(1, 2)",•,
2,קבוצת,NOUN,NOUN,Definite=Cons|Gender=Fem|Number=Sing,11.0,nsubj,"(3, 8)",קבוצה,
3,מרואייני,NOUN,NOUN,Definite=Cons|Gender=Masc|Number=Plur,2.0,compound:smixut,"(9, 17)",מרואיין,
"(4, 5)",העומק,,,,,,"(18, 23)",,"[{'id': 4, 'text': 'ה', 'upos': 'DET', 'xpos': 'DET', 'feats': 'PronType=Art', 'head': 5, 'deprel': 'det:def', 'lemma': 'ה'}, {'id': 5, 'text': 'עומק', 'upos': 'NOUN', 'xpos': 'NOUN', 'feats': 'Gender=Masc|Number=Sing', 'head': 3, 'deprel': 'compound:smixut', 'lemma': 'עומק'}]"
6,-,PUNCT,PUNCT,,3.0,punct,"(24, 25)",-,
7,שוכרי,NOUN,NOUN,Definite=Cons|Gender=Masc|Number=Plur,3.0,dep,"(26, 31)",שוכר,
"(8, 9)",הדירות,,,,,,"(32, 38)",,"[{'id': 8, 'text': 'ה', 'upos': 'DET', 'xpos': 'DET', 'feats': 'PronType=Art', 'head': 9, 'deprel': 'det:def', 'lemma': 'ה'}, {'id': 9, 'text': 'דירות', 'upos': 'NOUN', 'xpos': 'NOUN', 'feats': 'Gender=Fem|Number=Plur', 'head': 7, 'deprel': 'compound:smixut', 'lemma': 'דירה'}]"
10,:,PUNCT,PUNCT,,11.0,punct,"(39, 40)",:,
11,גילו,VERB,VERB,"Gender=Fem,Masc|HebBinyan=PIEL|Number=Plur|Person=3|Tense=Past|Voice=Act",0.0,root,"(41, 45)",גילה,
12,הסכמה,NOUN,NOUN,Gender=Fem|Number=Sing,11.0,obj,"(46, 51)",הסכמה,
13,מלאה,ADJ,ADJ,Gender=Fem|Number=Sing,12.0,amod,"(52, 56)",מלא,
"(14, 15)",שזו,,,,,,"(57, 60)",,"[{'id': 14, 'text': 'ש', 'upos': 'SCONJ', 'xpos': 'SCONJ', 'head': 16, 'deprel': 'mark', 'lemma': 'ש'}, {'id': 15, 'text': 'זו', 'upos': 'PRON', 'xpos': 'PRON', 'feats': 'Gender=Fem|Number=Sing|Person=3|PronType=Dem', 'head': 16, 'deprel': 'nsubj', 'lemma': 'זו'}]"
16,הצעה,NOUN,NOUN,Gender=Fem|Number=Sing,12.0,acl:relcl,"(61, 65)",הצעה,
17,מאוד,ADV,ADV,,18.0,advmod,"(66, 70)",מאוד,
18,אטרקטיבית,ADJ,ADJ,Gender=Fem|Number=Sing,16.0,amod,"(71, 80)",אטרקטיבי,
19,כי,SCONJ,SCONJ,,21.0,mark,"(81, 83)",כי,
20,מילא,ADV,ADV,Polarity=Neg,21.0,advmod,"(84, 88)",מילא,
21,משלמים,VERB,VERB,"Gender=Masc|HebBinyan=PIEL|Number=Plur|Person=1,2,3|VerbForm=Part|Voice=Act",16.0,advcl,"(89, 95)",שילם,
22,סכומים,NOUN,NOUN,Gender=Masc|Number=Plur,21.0,obj,"(96, 102)",סכום,
23,אלו,PRON,PRON,"Gender=Fem,Masc|Number=Plur|Person=3|PronType=Dem",22.0,det,"(103, 106)",אלו,
"(24, 25)",כשכירות,,,,,,"(107, 114)",,"[{'id': 24, 'text': 'כש', 'upos': 'SCONJ', 'xpos': 'SCONJ', 'feats': 'Case=Tem', 'head': 29, 'deprel': 'mark', 'lemma': 'כש'}, {'id': 25, 'text': 'כירות', 'upos': 'NOUN', 'xpos': 'NOUN', 'head': 29, 'deprel': 'nsubj', 'lemma': 'כירה'}]"
26,דעה,NOUN,NOUN,Gender=Fem|Number=Sing,25.0,compound:smixut,"(115, 118)",דעה,
27,זו,PRON,PRON,Gender=Fem|Number=Sing|Person=3|PronType=Dem,26.0,det,"(119, 121)",זו,
28,הייתה,AUX,AUX,Gender=Fem|Number=Sing|Person=3|Polarity=Pos|Tense=Past|VerbType=Cop,29.0,cop,"(122, 127)",היה,
29,חוצה,VERB,VERB,"Gender=Fem|HebBinyan=PAAL|Number=Sing|Person=1,2,3|VerbForm=Part|Voice=Act",21.0,advcl,"(128, 132)",חצה,
30,גברים,NOUN,NOUN,Gender=Masc|Number=Plur,29.0,dep,"(133, 138)",גבר,
31,נשים,NOUN,NOUN,Gender=Fem|Number=Plur,30.0,nmod,"(139, 143)",איש,
"(32, 33)",וגילאים,,,,,,"(144, 151)",,"[{'id': 32, 'text': 'ו', 'upos': 'CCONJ', 'xpos': 'CCONJ', 'head': 33, 'deprel': 'cc', 'lemma': 'ו'}, {'id': 33, 'text': 'גילאים', 'upos': 'NOUN', 'xpos': 'NOUN', 'feats': 'Gender=Masc|Number=Plur', 'head': 31, 'deprel': 'conj', 'lemma': 'גיל'}]"
"(1, 2)",לנשים,,,,,,"(1, 6)",,"[{'id': 1, 'text': 'ל', 'upos': 'ADP', 'xpos': 'ADP', 'head': 2, 'deprel': 'case', 'lemma': 'ל'}, {'id': 2, 'text': 'נשים', 'upos': 'NOUN', 'xpos': 'NOUN', 'feats': 'Gender=Fem|Number=Plur', 'head': 4, 'deprel': 'obl', 'lemma': 'איש'}]"
3,לא,ADV,ADV,Polarity=Neg,4.0,advmod,"(7, 9)",לא,
4,ידעו,VERB,VERB,"Gender=Fem,Masc|Number=Plur|Person=3|Tense=Past",0.0,root,"(10, 14)",ידע,
5,בדיוק,ADV,ADV,,4.0,advmod,"(15, 20)",בדיוק,
6,איך,ADV,ADV,PronType=Int,4.0,advcl,"(21, 24)",איך,
7,להתייחס,VERB,VERB,HebBinyan=HITPAEL|VerbForm=Inf,6.0,xcomp,"(25, 32)",התייחס,
"(8, 9)",לגובה,,,,,,"(33, 38)",,"[{'id': 8, 'text': 'ל', 'upos': 'ADP', 'xpos': 'ADP', 'head': 9, 'deprel': 'case', 'lemma': 'ל'}, {'id': 9, 'text': 'גובה', 'upos': 'NOUN', 'xpos': 'NOUN', 'feats': 'Definite=Cons|Gender=Masc|Number=Sing', 'head': 7, 'deprel': 'obl', 'lemma': 'גובה'}]"
"(10, 11)",הסכום,,,,,,"(39, 44)",,"[{'id': 10, 'text': 'ה', 'upos': 'DET', 'xpos': 'DET', 'feats': 'PronType=Art', 'head': 11, 'deprel': 'det:def', 'lemma': 'ה'}, {'id': 11, 'text': 'סכום', 'upos': 'NOUN', 'xpos': 'NOUN', 'feats': 'Gender=Masc|Number=Sing', 'head': 9, 'deprel': 'compound:smixut', 'lemma': 'סכום'}]"
"(12, 13)",שנראה,,,,,,"(45, 50)",,"[{'id': 12, 'text': 'ש', 'upos': 'SCONJ', 'xpos': 'SCONJ', 'head': 13, 'deprel': 'mark', 'lemma': 'ש'}, {'id': 13, 'text': 'נראה', 'upos': 'VERB', 'xpos': 'VERB', 'feats': 'Gender=Masc|HebBinyan=NIFAL|Number=Sing|Person=1,2,3|VerbForm=Part|Voice=Mid', 'head': 11, 'deprel': 'acl:relcl', 'lemma': 'נראה'}]"
"(14, 15)",להם,,,,,,"(51, 54)",,"[{'id': 14, 'text': 'ל_', 'upos': 'ADP', 'xpos': 'ADP', 'head': 15, 'deprel': 'case', 'lemma': 'ל'}, {'id': 15, 'text': '_הם', 'upos': 'PRON', 'xpos': 'PRON', 'feats': 'Gender=Masc|Number=Plur|Person=3|PronType=Prs', 'head': 13, 'deprel': 'obl', 'lemma': 'הוא'}]"
16,גבוהה,ADJ,ADJ,Gender=Fem|Number=Sing,13.0,xcomp,"(55, 60)",גבוה,
17,",",PUNCT,PUNCT,,4.0,punct,"(61, 62)",",",
18,אך,CCONJ,CCONJ,,22.0,cc,"(63, 65)",אך,
"(19, 20)",ההצעה,,,,,,"(66, 71)",,"[{'id': 19, 'text': 'ה', 'upos': 'DET', 'xpos': 'DET', 'feats': 'PronType=Art', 'head': 20, 'deprel': 'det:def', 'lemma': 'ה'}, {'id': 20, 'text': 'הצעה', 'upos': 'NOUN', 'xpos': 'NOUN', 'feats': 'Gender=Fem|Number=Sing', 'head': 22, 'deprel': 'nsubj', 'lemma': 'הצעה'}]"
21,מאוד,ADV,ADV,,22.0,advmod,"(72, 76)",מאוד,
22,אטרקטיבית,ADJ,ADJ,Gender=Fem|Number=Sing,4.0,conj,"(77, 86)",אטרקטיבי,
"(23, 26)",מבחינתם,,,,,,"(87, 94)",,"[{'id': 23, 'text': 'מ', 'upos': 'ADP', 'xpos': 'ADP', 'head': 24, 'deprel': 'case', 'lemma': 'מ'}, {'id': 24, 'text': 'בחינה_', 'upos': 'NOUN', 'xpos': 'NOUN', 'feats': 'Definite=Def|Gender=Fem|Number=Sing', 'head': 22, 'deprel': 'advmod', 'lemma': 'בחינה'}, {'id': 25, 'text': '_של_', 'upos': 'ADP', 'xpos': 'ADP', 'head': 26, 'deprel': 'case:gen', 'lemma': 'של'}, {'id': 26, 'text': '_הם', 'upos': 'PRON', 'xpos': 'PRON', 'feats': 'Case=Gen|Gender=Masc|Number=Plur|Person=3|PronType=Prs', 'head': 24, 'deprel': 'nmod:poss', 'lemma': 'הוא'}]"
"(1, 2)",האופציה,,,,,,"(1, 8)",,"[{'id': 1, 'text': 'ה', 'upos': 'DET', 'xpos': 'DET', 'feats': 'PronType=Art', 'head': 2, 'deprel': 'det:def', 'lemma': 'ה'}, {'id': 2, 'text': 'אופציה', 'upos': 'NOUN', 'xpos': 'NOUN', 'feats': 'Gender=Fem|Number=Sing', 'head': 17, 'deprel': 'nsubj', 'lemma': 'אופציה'}]"
3,של,ADP,ADP,Case=Gen,4.0,case:gen,"(9, 11)",של,
4,צמוד,NOUN,NOUN,Definite=Cons|Gender=Masc|Number=Sing,2.0,nmod:poss,"(12, 16)",צמוד,
5,קרקע,NOUN,NOUN,Gender=Fem|Number=Sing,4.0,compound:smixut,"(17, 21)",קרקע,
6,פחות,ADV,ADV,,7.0,advmod,"(22, 26)",פחות,
7,עדיפה,ADJ,ADJ,Gender=Fem|HebSource=ConvUncertainHead|Number=Sing,2.0,amod,"(27, 32)",עדיף,
8,בהתחשב,NOUN,NOUN,,10.0,case,"(33, 39)",התחשב,
"(9, 10)",בהפרשי,,,,,,"(40, 46)",,"[{'id': 9, 'text': 'ב', 'upos': 'ADP', 'xpos': 'ADP', 'head': 8, 'deprel': 'fixed', 'lemma': 'ב'}, {'id': 10, 'text': 'הפרשי', 'upos': 'NOUN', 'xpos': 'NOUN', 'feats': 'Definite=Cons|Gender=Masc|Number=Plur', 'head': 7, 'deprel': 'advmod', 'lemma': 'הפרש'}]"
"(11, 12)",העלויות,,,,,,"(47, 54)",,"[{'id': 11, 'text': 'ה', 'upos': 'DET', 'xpos': 'DET', 'feats': 'PronType=Art', 'head': 12, 'deprel': 'det:def', 'lemma': 'ה'}, {'id': 12, 'text': 'עלויות', 'upos': 'NOUN', 'xpos': 'NOUN', 'feats': 'Gender=Fem|Number=Plur', 'head': 10, 'deprel': 'compound:smixut', 'lemma': 'עלות'}]"
"(13, 14)",המשמעותית,,,,,,"(55, 64)",,"[{'id': 13, 'text': 'ה', 'upos': 'DET', 'xpos': 'DET', 'feats': 'PronType=Art', 'head': 14, 'deprel': 'det:def', 'lemma': 'ה'}, {'id': 14, 'text': 'משמעותית', 'upos': 'ADJ', 'xpos': 'ADJ', 'feats': 'Gender=Fem|HebSource=ConvUncertainHead|Number=Sing', 'head': 10, 'deprel': 'amod', 'lemma': 'משמעותי'}]"
15,אלו,PRON,PRON,"Gender=Fem,Masc|Number=Plur|Person=3|PronType=Dem",16.0,det,"(65, 68)",אלו,
16,חששות,NOUN,NOUN,Gender=Fem|Number=Plur,17.0,nsubj,"(69, 74)",חשש,
17,יש,VERB,VERB,HebExistential=True,0.0,root,"(75, 77)",יש,
"(18, 19)",לכם,,,,,,"(78, 81)",,"[{'id': 18, 'text': 'ל_', 'upos': 'ADP', 'xpos': 'ADP', 'head': 19, 'deprel': 'case', 'lemma': 'ל'}, {'id': 19, 'text': '_אתם', 'upos': 'PRON', 'xpos': 'PRON', 'feats': 'Gender=Masc|Number=Plur|Person=2|PronType=Prs', 'head': 17, 'deprel': 'obl', 'lemma': 'הוא'}]"
"(20, 21)",מהצעה,,,,,,"(82, 87)",,"[{'id': 20, 'text': 'מ', 'upos': 'ADP', 'xpos': 'ADP', 'head': 21, 'deprel': 'case', 'lemma': 'מ'}, {'id': 21, 'text': 'הצעה', 'upos': 'NOUN', 'xpos': 'NOUN', 'feats': 'Gender=Fem|Number=Sing', 'head': 17, 'deprel': 'obl', 'lemma': 'הצעה'}]"
22,זו,PRON,PRON,Gender=Fem|Number=Sing|Person=3|PronType=Dem,21.0,det,"(88, 90)",זו,
23,?,PUNCT,PUNCT,,17.0,punct,"(91, 92)",?,
24,•,PUNCT,PUNCT,,17.0,punct,"(93, 94)",•,
"(25, 26)",בקבוצות,,,,,,"(95, 102)",,"[{'id': 25, 'text': 'ב', 'upos': 'ADP', 'xpos': 'ADP', 'head': 26, 'deprel': 'case', 'lemma': 'ב'}, {'id': 26, 'text': 'קבוצות', 'upos': 'NOUN', 'xpos': 'NOUN', 'feats': 'Definite=Cons|Gender=Fem|Number=Plur', 'head': 34, 'deprel': 'obl', 'lemma': 'קבוצה'}]"
"(27, 28)",הגברים,,,,,,"(103, 109)",,"[{'id': 27, 'text': 'ה', 'upos': 'DET', 'xpos': 'DET', 'feats': 'PronType=Art', 'head': 28, 'deprel': 'det:def', 'lemma': 'ה'}, {'id': 28, 'text': 'גברים', 'upos': 'NOUN', 'xpos': 'NOUN', 'feats': 'Gender=Masc|Number=Plur', 'head': 26, 'deprel': 'compound:smixut', 'lemma': 'גבר'}]"
"(29, 30)",החששות,,,,,,"(110, 116)",,"[{'id': 29, 'text': 'ה', 'upos': 'DET', 'xpos': 'DET', 'feats': 'PronType=Art', 'head': 30, 'deprel': 'det:def', 'lemma': 'ה'}, {'id': 30, 'text': 'חששות', 'upos': 'NOUN', 'xpos': 'NOUN', 'feats': 'Gender=Masc|Number=Plur', 'head': 34, 'deprel': 'nsubj', 'lemma': 'חשש'}]"
"(31, 32)",שעלו,,,,,,"(117, 121)",,"[{'id': 31, 'text': 'ש', 'upos': 'SCONJ', 'xpos': 'SCONJ', 'head': 32, 'deprel': 'mark', 'lemma': 'ש'}, {'id': 32, 'text': 'עלו', 'upos': 'VERB', 'xpos': 'VERB', 'feats': 'Gender=Fem,Masc|HebBinyan=PAAL|Number=Plur|Person=3|Tense=Past|Voice=Act', 'head': 30, 'deprel': 'acl:relcl', 'lemma': 'עלה'}]"
33,היו,AUX,AUX,"Gender=Fem,Masc|Number=Plur|Person=3|Polarity=Pos|Tense=Past|VerbType=Cop",34.0,cop,"(122, 125)",היה,
34,קשורים,VERB,VERB,"Gender=Masc|HebBinyan=PAAL|Number=Plur|Person=1,2,3|VerbForm=Part|Voice=Act",17.0,conj,"(126, 132)",קשר,
"(35, 37)",לרוב,,,,,,"(133, 137)",,"[{'id': 35, 'text': 'ל', 'upos': 'ADP', 'xpos': 'ADP', 'head': 37, 'deprel': 'case', 'lemma': 'ל'}, {'id': 36, 'text': 'ה_', 'upos': 'DET', 'xpos': 'DET', 'feats': 'PronType=Art', 'head': 37, 'deprel': 'det:def', 'lemma': 'ה'}, {'id': 37, 'text': 'רוב', 'upos': 'NOUN', 'xpos': 'NOUN', 'feats': 'Gender=Masc|Number=Sing', 'head': 34, 'deprel': 'obl', 'lemma': 'רוב'}]"
"(38, 39)",בנושא,,,,,,"(138, 143)",,"[{'id': 38, 'text': 'ב', 'upos': 'ADP', 'xpos': 'ADP', 'head': 39, 'deprel': 'case', 'lemma': 'ב'}, {'id': 39, 'text': 'נושא', 'upos': 'NOUN', 'xpos': 'NOUN', 'feats': 'Definite=Cons|Gender=Masc|Number=Sing', 'head': 34, 'deprel': 'obl', 'lemma': 'נושא'}]"
"(40, 41)",השכנים,,,,,,"(144, 150)",,"[{'id': 40, 'text': 'ה', 'upos': 'DET', 'xpos': 'DET', 'feats': 'PronType=Art', 'head': 41, 'deprel': 'det:def', 'lemma': 'ה'}, {'id': 41, 'text': 'שכנים', 'upos': 'NOUN', 'xpos': 'NOUN', 'feats': 'Gender=Masc|Number=Plur', 'head': 39, 'deprel': 'compound:smixut', 'lemma': 'שכן'}]"
42,",",PUNCT,PUNCT,,34.0,punct,"(151, 152)",",",
"(43, 44)",וחוסר,,,,,,"(153, 158)",,"[{'id': 43, 'text': 'ו', 'upos': 'CCONJ', 'xpos': 'CCONJ', 'head': 34, 'deprel': 'cc', 'lemma': 'ו'}, {'id': 44, 'text': 'חוסר', 'upos': 'NOUN', 'xpos': 'NOUN', 'feats': 'Definite=Cons|Gender=Masc|Number=Sing', 'head': 34, 'deprel': 'nsubj', 'lemma': 'חוסר'}]"
"(45, 46)",השליטה,,,,,,"(159, 165)",,"[{'id': 45, 'text': 'ה', 'upos': 'DET', 'xpos': 'DET', 'feats': 'PronType=Art', 'head': 46, 'deprel': 'det:def', 'lemma': 'ה'}, {'id': 46, 'text': 'שליטה', 'upos': 'NOUN', 'xpos': 'NOUN', 'feats': 'Gender=Fem|Number=Sing', 'head': 44, 'deprel': 'compound:smixut', 'lemma': 'שליטה'}]"
"(47, 48)",שלך,,,,,,"(166, 169)",,"[{'id': 47, 'text': 'של_', 'upos': 'ADP', 'xpos': 'ADP', 'feats': 'Case=Gen', 'head': 48, 'deprel': 'case:gen', 'lemma': 'של'}, {'id': 48, 'text': '_אתה', 'upos': 'PRON', 'xpos': 'PRON', 'feats': 'Gender=Masc|Number=Sing|Person=2|PronType=Prs', 'head': 46, 'deprel': 'nmod:poss', 'lemma': 'הוא'}]"
49,לבחור,VERB,VERB,HebBinyan=PAAL|HebSource=ConvUncertainHead|VerbForm=Inf|Voice=Act,44.0,acl,"(170, 175)",בחר,
50,שכנים,NOUN,NOUN,Gender=Masc|Number=Plur,49.0,obj,"(176, 181)",שכן,
51,טובים,ADJ,ADJ,Gender=Masc|Number=Plur,50.0,amod,"(182, 187)",טוב,
1,גם,ADV,ADV,,2.0,advmod,"(1, 3)",גם,
2,עלה,VERB,VERB,Gender=Masc|HebBinyan=PAAL|Number=Sing|Person=3|Tense=Past|Voice=Act,0.0,root,"(4, 7)",עלה,
"(3, 4)",החשש,,,,,,"(8, 12)",,"[{'id': 3, 'text': 'ה', 'upos': 'DET', 'xpos': 'DET', 'feats': 'PronType=Art', 'head': 4, 'deprel': 'det:def', 'lemma': 'ה'}, {'id': 4, 'text': 'חשש', 'upos': 'NOUN', 'xpos': 'NOUN', 'feats': 'Gender=Masc|Number=Sing', 'head': 2, 'deprel': 'nsubj', 'lemma': 'חשש'}]"
"(5, 6)",מלגור,,,,,,"(13, 18)",,"[{'id': 5, 'text': 'מ', 'upos': 'ADP', 'xpos': 'ADP', 'head': 6, 'deprel': 'case', 'lemma': 'מ'}, {'id': 6, 'text': 'לגור', 'upos': 'VERB', 'xpos': 'VERB', 'feats': 'HebBinyan=PAAL|VerbForm=Inf|Voice=Act', 'head': 4, 'deprel': 'nmod', 'lemma': 'גר'}]"
7,ליד,ADP,ADP,,8.0,case,"(19, 22)",ליד,
8,אנשים,NOUN,NOUN,Gender=Masc|Number=Plur,6.0,obl,"(23, 28)",איש,
"(9, 10)",מחוץ,,,,,,"(29, 33)",,"[{'id': 9, 'text': 'מ', 'upos': 'ADP', 'xpos': 'ADP', 'head': 13, 'deprel': 'case', 'lemma': 'מ'}, {'id': 10, 'text': 'חוץ', 'upos': 'NOUN', 'xpos': 'NOUN', 'feats': 'Gender=Masc|Number=Sing', 'head': 9, 'deprel': 'fixed', 'lemma': 'חוץ'}]"
"(11, 13)",לסח'נין,,,,,,"(34, 41)",,"[{'id': 11, 'text': 'ל', 'upos': 'ADP', 'xpos': 'ADP', 'head': 9, 'deprel': 'fixed', 'lemma': 'ל'}, {'id': 12, 'text': 'ה_', 'upos': 'DET', 'xpos': 'DET', 'feats': 'PronType=Art', 'head': 13, 'deprel': 'det:def', 'lemma': 'ה'}, {'id': 13, 'text': 'סחחנין', 'upos': 'NOUN', 'xpos': 'NOUN', 'head': 8, 'deprel': 'nmod', 'lemma': 'סחחנין'}]"
"(14, 15)",שקשה,,,,,,"(42, 46)",,"[{'id': 14, 'text': 'ש', 'upos': 'SCONJ', 'xpos': 'SCONJ', 'head': 15, 'deprel': 'mark', 'lemma': 'ש'}, {'id': 15, 'text': 'קשה', 'upos': 'AUX', 'xpos': 'AUX', 'feats': 'Gender=Masc|Number=Sing|Tense=Past|VerbType=Mod', 'head': 16, 'deprel': 'aux', 'lemma': 'קשה'}]"
16,להסתדר,VERB,VERB,HebBinyan=HITPAEL|VerbForm=Inf,8.0,acl:relcl,"(47, 53)",הסתדר,
"(17, 18)",איתם,,,,,,"(54, 58)",,"[{'id': 17, 'text': 'איתם', 'upos': 'ADP', 'xpos': 'ADP', 'head': 18, 'deprel': 'case', 'lemma': 'את'}, {'id': 18, 'text': '_הם', 'upos': 'PRON', 'xpos': 'PRON', 'feats': 'Gender=Masc|Number=Plur|Person=3|PronType=Prs', 'head': 16, 'deprel': 'obl', 'lemma': 'הוא'}]"
1,•,PUNCT,PUNCT,,9.0,punct,"(1, 2)",•,
"(2, 3)",בקבוצת,,,,,,"(3, 9)",,"[{'id': 2, 'text': 'ב', 'upos': 'ADP', 'xpos': 'ADP', 'head': 3, 'deprel': 'case', 'lemma': 'ב'}, {'id': 3, 'text': 'קבוצת', 'upos': 'NOUN', 'xpos': 'NOUN', 'feats': 'Definite=Cons|Gender=Fem|Number=Sing', 'head': 9, 'deprel': 'obl', 'lemma': 'קבוצה'}]"
"(4, 5)",הנשים,,,,,,"(10, 15)",,"[{'id': 4, 'text': 'ה', 'upos': 'DET', 'xpos': 'DET', 'feats': 'PronType=Art', 'head': 5, 'deprel': 'det:def', 'lemma': 'ה'}, {'id': 5, 'text': 'נשים', 'upos': 'NOUN', 'xpos': 'NOUN', 'feats': 'Gender=Fem|Number=Plur', 'head': 3, 'deprel': 'compound:smixut', 'lemma': 'איש'}]"
6,כמעט,ADV,ADV,,9.0,advmod,"(16, 20)",כמעט,
"(7, 8)",ולא,,,,,,"(21, 24)",,"[{'id': 7, 'text': 'ו', 'upos': 'CCONJ', 'xpos': 'CCONJ', 'head': 6, 'deprel': 'fixed', 'lemma': 'ו'}, {'id': 8, 'text': 'לא', 'upos': 'ADV', 'xpos': 'ADV', 'feats': 'Polarity=Neg', 'head': 6, 'deprel': 'conj', 'lemma': 'לא'}]"
9,התגלו,VERB,VERB,"Gender=Fem,Masc|HebBinyan=HITPAEL|Number=Plur|Person=3|Tense=Past",0.0,root,"(25, 30)",התגלה,
10,חששות,NOUN,NOUN,Gender=Fem|Number=Plur,9.0,nsubj,"(31, 36)",חשש,
11,עקרוניות,ADJ,ADJ,Gender=Fem|Number=Plur,10.0,amod,"(37, 45)",עקרוני,
"(12, 13)",למגורים,,,,,,"(46, 53)",,"[{'id': 12, 'text': 'ל', 'upos': 'ADP', 'xpos': 'ADP', 'head': 13, 'deprel': 'case', 'lemma': 'ל'}, {'id': 13, 'text': 'מגורים', 'upos': 'NOUN', 'xpos': 'NOUN', 'feats': 'Gender=Masc|Number=Plur', 'head': 10, 'deprel': 'nmod', 'lemma': 'מגורים'}]"
"(14, 16)",בשכונה,,,,,,"(54, 60)",,"[{'id': 14, 'text': 'ב', 'upos': 'ADP', 'xpos': 'ADP', 'head': 16, 'deprel': 'case', 'lemma': 'ב'}, {'id': 15, 'text': 'ה_', 'upos': 'DET', 'xpos': 'DET', 'feats': 'PronType=Art', 'head': 16, 'deprel': 'det:def', 'lemma': 'ה'}, {'id': 16, 'text': 'שכונה', 'upos': 'NOUN', 'xpos': 'NOUN', 'feats': 'Gender=Fem|Number=Sing', 'head': 13, 'deprel': 'nmod', 'lemma': 'שכונה'}]"
"(17, 19)",כזאת,,,,,,"(61, 65)",,"[{'id': 17, 'text': 'כ', 'upos': 'ADP', 'xpos': 'ADP', 'head': 19, 'deprel': 'case', 'lemma': 'כ'}, {'id': 18, 'text': 'ה_', 'upos': 'DET', 'xpos': 'DET', 'feats': 'PronType=Art', 'head': 19, 'deprel': 'det:def', 'lemma': 'ה'}, {'id': 19, 'text': 'זאת', 'upos': 'PRON', 'xpos': 'PRON', 'feats': 'Gender=Fem|Number=Sing|Person=3|PronType=Dem', 'head': 16, 'deprel': 'nmod', 'lemma': 'זאת'}]"
1,דעת,NOUN,NOUN,Definite=Cons|Gender=Fem|Number=Sing,3.0,nsubj,"(1, 4)",דעה,
2,מיעוט,NOUN,NOUN,Gender=Masc|Number=Sing,1.0,compound:smixut,"(5, 10)",מיעוט,
3,גרסה,VERB,VERB,Gender=Fem|HebBinyan=PIEL|Number=Sing|Person=3|Tense=Past|Voice=Act,0.0,root,"(11, 15)",גרסה,
4,כי,SCONJ,SCONJ,,5.0,mark,"(16, 18)",כי,
5,יש,VERB,VERB,HebExistential=True,3.0,ccomp,"(19, 21)",יש,
"(6, 7)",לה,,,,,,"(22, 24)",,"[{'id': 6, 'text': 'ל_', 'upos': 'ADP', 'xpos': 'ADP', 'head': 7, 'deprel': 'case', 'lemma': 'ל'}, {'id': 7, 'text': '_היא', 'upos': 'PRON', 'xpos': 'PRON', 'feats': 'Gender=Fem|Number=Sing|Person=3|PronType=Prs', 'head': 5, 'deprel': 'obl', 'lemma': 'הוא'}]"
8,חששות,NOUN,NOUN,Gender=Masc|Number=Plur,5.0,nsubj,"(25, 30)",חשש,
"(9, 10)",מנושא,,,,,,"(31, 36)",,"[{'id': 9, 'text': 'מ', 'upos': 'ADP', 'xpos': 'ADP', 'head': 10, 'deprel': 'case', 'lemma': 'מ'}, {'id': 10, 'text': 'נושא', 'upos': 'NOUN', 'xpos': 'NOUN', 'feats': 'Definite=Cons|Gender=Masc|Number=Sing', 'head': 8, 'deprel': 'nmod', 'lemma': 'נושא'}]"
"(11, 12)",השכנים,,,,,,"(37, 43)",,"[{'id': 11, 'text': 'ה', 'upos': 'DET', 'xpos': 'DET', 'feats': 'PronType=Art', 'head': 12, 'deprel': 'det:def', 'lemma': 'ה'}, {'id': 12, 'text': 'שכנים', 'upos': 'NOUN', 'xpos': 'NOUN', 'feats': 'Gender=Masc|Number=Plur', 'head': 10, 'deprel': 'compound:smixut', 'lemma': 'שכן'}]"
13,",",PUNCT,PUNCT,,5.0,punct,"(44, 45)",",",
"(14, 15)",וחוסר,,,,,,"(46, 51)",,"[{'id': 14, 'text': 'ו', 'upos': 'CCONJ', 'xpos': 'CCONJ', 'head': 23, 'deprel': 'cc', 'lemma': 'ו'}, {'id': 15, 'text': 'חוסר', 'upos': 'NOUN', 'xpos': 'NOUN', 'feats': 'Definite=Cons|Gender=Masc|Number=Sing', 'head': 23, 'deprel': 'nsubj', 'lemma': 'חוסר'}]"
"(16, 17)",היכולת,,,,,,"(52, 58)",,"[{'id': 16, 'text': 'ה', 'upos': 'DET', 'xpos': 'DET', 'feats': 'PronType=Art', 'head': 17, 'deprel': 'det:def', 'lemma': 'ה'}, {'id': 17, 'text': 'יכולת', 'upos': 'NOUN', 'xpos': 'NOUN', 'feats': 'Gender=Fem|Number=Sing', 'head': 15, 'deprel': 'compound:smixut', 'lemma': 'יכולת'}]"
18,לבחור,VERB,VERB,HebBinyan=PAAL|VerbForm=Inf|Voice=Act,17.0,acl,"(59, 64)",בחר,
19,את,ADP,ADP,Case=Acc,21.0,case:acc,"(65, 67)",את,
"(20, 21)",השכנים,,,,,,"(68, 74)",,"[{'id': 20, 'text': 'ה', 'upos': 'DET', 'xpos': 'DET', 'feats': 'PronType=Art', 'head': 21, 'deprel': 'det:def', 'lemma': 'ה'}, {'id': 21, 'text': 'שכנים', 'upos': 'NOUN', 'xpos': 'NOUN', 'feats': 'Gender=Masc|Number=Plur', 'head': 18, 'deprel': 'obj', 'lemma': 'שכן'}]"
22,זה,PRON,PRON,Gender=Masc|Number=Sing|Person=3|PronType=Dem,21.0,det,"(75, 77)",זה,
23,עשוי,AUX,AUX,"Gender=Masc|Number=Sing|Person=1,2,3|VerbType=Mod",24.0,aux,"(78, 82)",עשוי,
24,להפריע,VERB,VERB,HebBinyan=HIFIL|VerbForm=Inf|Voice=Act,5.0,conj,"(83, 89)",הפריע,
"(25, 26)",לה,,,,,,"(90, 92)",,"[{'id': 25, 'text': 'ל_', 'upos': 'ADP', 'xpos': 'ADP', 'head': 26, 'deprel': 'case', 'lemma': 'ל'}, {'id': 26, 'text': '_היא', 'upos': 'PRON', 'xpos': 'PRON', 'feats': 'Gender=Fem|Number=Sing|Person=3|PronType=Prs', 'head': 24, 'deprel': 'obl', 'lemma': 'הוא'}]"
1,דעה,NOUN,NOUN,Gender=Fem|Number=Sing,4.0,obj,"(1, 4)",דעה,
2,זה,PRON,PRON,Gender=Masc|Number=Sing|Person=3|PronType=Dem,1.0,det,"(5, 7)",זה,
3,לא,ADV,ADV,Polarity=Neg,4.0,advmod,"(8, 10)",לא,
4,קיבלו,VERB,VERB,"Gender=Fem,Masc|HebBinyan=PIEL|Number=Plur|Person=3|Tense=Past|Voice=Act",0.0,root,"(11, 16)",קיבל,
5,ביטוי,NOUN,NOUN,Gender=Masc|Number=Sing,4.0,obj,"(17, 22)",ביטוי,
6,או,CCONJ,CCONJ,,7.0,cc,"(23, 25)",או,
7,הסכמה,NOUN,NOUN,Gender=Fem|Number=Sing,5.0,conj,"(26, 31)",הסכמה,
"(8, 9)",ממשתתפות,,,,,,"(32, 40)",,"[{'id': 8, 'text': 'מ', 'upos': 'ADP', 'xpos': 'ADP', 'head': 9, 'deprel': 'case', 'lemma': 'מ'}, {'id': 9, 'text': 'משתתפות', 'upos': 'VERB', 'xpos': 'VERB', 'feats': 'Gender=Fem|HebBinyan=HITPAEL|Number=Plur|Person=1,2,3|VerbForm=Part', 'head': 5, 'deprel': 'nmod', 'lemma': 'השתתף'}]"
"(10, 11)",הקבוצה,,,,,,"(41, 47)",,"[{'id': 10, 'text': 'ה', 'upos': 'DET', 'xpos': 'DET', 'feats': 'PronType=Art', 'head': 11, 'deprel': 'det:def', 'lemma': 'ה'}, {'id': 11, 'text': 'קבוצה', 'upos': 'NOUN', 'xpos': 'NOUN', 'feats': 'Gender=Fem|Number=Sing', 'head': 9, 'deprel': 'compound:smixut', 'lemma': 'קבוצה'}]"
1,•,PUNCT,PUNCT,,6.0,punct,"(1, 2)",•,
"(2, 3)",בקבוצת,,,,,,"(3, 9)",,"[{'id': 2, 'text': 'ב', 'upos': 'ADP', 'xpos': 'ADP', 'head': 3, 'deprel': 'case', 'lemma': 'ב'}, {'id': 3, 'text': 'קבוצת', 'upos': 'NOUN', 'xpos': 'NOUN', 'feats': 'Definite=Cons|Gender=Fem|Number=Sing', 'head': 6, 'deprel': 'obl', 'lemma': 'קבוצה'}]"
"(4, 5)",הרווקות,,,,,,"(10, 17)",,"[{'id': 4, 'text': 'ה', 'upos': 'DET', 'xpos': 'DET', 'feats': 'PronType=Art', 'head': 5, 'deprel': 'det:def', 'lemma': 'ה'}, {'id': 5, 'text': 'רווקות', 'upos': 'NOUN', 'xpos': 'NOUN', 'feats': 'Gender=Fem|Number=Plur', 'head': 3, 'deprel': 'compound:smixut', 'lemma': 'רווקה'}]"
6,ציינו,VERB,VERB,"Gender=Fem,Masc|HebBinyan=PIEL|Number=Plur|Person=3|Tense=Past|Voice=Act",0.0,root,"(18, 23)",ציין,
7,כי,SCONJ,SCONJ,,11.0,mark,"(24, 26)",כי,
"(8, 9)",החששות,,,,,,"(27, 33)",,"[{'id': 8, 'text': 'ה', 'upos': 'DET', 'xpos': 'DET', 'feats': 'PronType=Art', 'head': 9, 'deprel': 'det:def', 'lemma': 'ה'}, {'id': 9, 'text': 'חששות', 'upos': 'NOUN', 'xpos': 'NOUN', 'feats': 'Gender=Fem|Number=Plur', 'head': 11, 'deprel': 'nsubj:cop', 'lemma': 'חשש'}]"
10,הן,AUX,AUX,Gender=Fem|Number=Plur|Person=3|Polarity=Pos|VerbForm=Part|VerbType=Cop,11.0,cop,"(34, 36)",הוא,
11,רגילות,ADJ,ADJ,Gender=Fem|Number=Plur,6.0,ccomp,"(37, 43)",רגיל,
"(12, 13)",ולא,,,,,,"(44, 47)",,"[{'id': 12, 'text': 'ו', 'upos': 'CCONJ', 'xpos': 'CCONJ', 'head': 14, 'deprel': 'cc', 'lemma': 'ו'}, {'id': 13, 'text': 'לא', 'upos': 'ADV', 'xpos': 'ADV', 'feats': 'Polarity=Neg', 'head': 14, 'deprel': 'advmod', 'lemma': 'לא'}]"
14,עקרוניות,ADJ,ADJ,Gender=Fem|Number=Plur,11.0,conj,"(48, 56)",עקרוני,
15,של,ADP,ADP,Case=Gen,16.0,case:gen,"(57, 59)",של,
16,ניקיון,NOUN,NOUN,Gender=Masc|Number=Sing,11.0,advmod,"(60, 66)",ניקיון,
"(17, 18)",וסידור,,,,,,"(67, 73)",,"[{'id': 17, 'text': 'ו', 'upos': 'CCONJ', 'xpos': 'CCONJ', 'head': 18, 'deprel': 'cc', 'lemma': 'ו'}, {'id': 18, 'text': 'סידור', 'upos': 'NOUN', 'xpos': 'NOUN', 'feats': 'Gender=Masc|Number=Sing', 'head': 16, 'deprel': 'conj', 'lemma': 'סידור'}]"
"(19, 21)",והחשש,,,,,,"(74, 79)",,"[{'id': 19, 'text': 'ו', 'upos': 'CCONJ', 'xpos': 'CCONJ', 'head': 21, 'deprel': 'cc', 'lemma': 'ו'}, {'id': 20, 'text': 'ה', 'upos': 'DET', 'xpos': 'DET', 'feats': 'PronType=Art', 'head': 21, 'deprel': 'det:def', 'lemma': 'ה'}, {'id': 21, 'text': 'חשש', 'upos': 'NOUN', 'xpos': 'NOUN', 'feats': 'Gender=Masc|Number=Sing', 'head': 11, 'deprel': 'conj', 'lemma': 'חשש'}]"
"(22, 23)",הרגיל,,,,,,"(80, 85)",,"[{'id': 22, 'text': 'ה', 'upos': 'DET', 'xpos': 'DET', 'feats': 'PronType=Art', 'head': 23, 'deprel': 'det:def', 'lemma': 'ה'}, {'id': 23, 'text': 'רגיל', 'upos': 'ADJ', 'xpos': 'ADJ', 'feats': 'Gender=Masc|Number=Sing', 'head': 21, 'deprel': 'amod', 'lemma': 'רגיל'}]"
"(24, 26)",מהחיים,,,,,,"(86, 92)",,"[{'id': 24, 'text': 'מ', 'upos': 'ADP', 'xpos': 'ADP', 'head': 26, 'deprel': 'case', 'lemma': 'מ'}, {'id': 25, 'text': 'ה', 'upos': 'DET', 'xpos': 'DET', 'feats': 'PronType=Art', 'head': 26, 'deprel': 'det:def', 'lemma': 'ה'}, {'id': 26, 'text': 'חיים', 'upos': 'NOUN', 'xpos': 'NOUN', 'feats': 'Gender=Masc|Number=Plur', 'head': 21, 'deprel': 'nmod', 'lemma': 'חיים'}]"
"(27, 28)",החדשים,,,,,,"(93, 99)",,"[{'id': 27, 'text': 'ה', 'upos': 'DET', 'xpos': 'DET', 'feats': 'PronType=Art', 'head': 28, 'deprel': 'det:def', 'lemma': 'ה'}, {'id': 28, 'text': 'חדשים', 'upos': 'ADJ', 'xpos': 'ADJ', 'feats': 'Gender=Masc|Number=Plur', 'head': 26, 'deprel': 'amod', 'lemma': 'חדש'}]"
29,של,ADP,ADP,Case=Gen,30.0,case:gen,"(100, 102)",של,
30,נשואים,NOUN,NOUN,Gender=Masc|Number=Plur,26.0,nmod,"(103, 109)",נשוא,
31,",",PUNCT,PUNCT,,6.0,punct,"(109, 110)",",",
32,אך,CCONJ,CCONJ,,34.0,cc,"(111, 113)",אך,
33,זהו,PRON,PRON,Gender=Masc|Number=Sing|Person=3|PronType=Dem,34.0,nsubj,"(114, 117)",זהו,
34,חשש,NOUN,NOUN,Gender=Masc|Number=Sing,6.0,conj,"(118, 121)",חשש,
35,כללי,ADJ,ADJ,Gender=Masc|Number=Sing,34.0,amod,"(122, 126)",כללי,
"(36, 37)",ולא,,,,,,"(127, 130)",,"[{'id': 36, 'text': 'ו', 'upos': 'CCONJ', 'xpos': 'CCONJ', 'head': 39, 'deprel': 'cc', 'lemma': 'ו'}, {'id': 37, 'text': 'לא', 'upos': 'ADV', 'xpos': 'ADV', 'feats': 'Polarity=Neg', 'head': 39, 'deprel': 'advmod', 'lemma': 'לא'}]"
38,דווקא,ADV,ADV,,39.0,advmod,"(131, 136)",דווקא,
39,קשור,VERB,VERB,"Gender=Masc|HebBinyan=PAAL|Number=Sing|Person=1,2,3|VerbForm=Part|Voice=Act",35.0,conj,"(137, 141)",קשר,
"(40, 42)",לשכונה,,,,,,"(142, 148)",,"[{'id': 40, 'text': 'ל', 'upos': 'ADP', 'xpos': 'ADP', 'head': 42, 'deprel': 'case', 'lemma': 'ל'}, {'id': 41, 'text': 'ה_', 'upos': 'DET', 'xpos': 'DET', 'feats': 'PronType=Art', 'head': 42, 'deprel': 'det:def', 'lemma': 'ה'}, {'id': 42, 'text': 'שכונה', 'upos': 'NOUN', 'xpos': 'NOUN', 'feats': 'Gender=Fem|Number=Sing', 'head': 39, 'deprel': 'obl', 'lemma': 'שכונה'}]"
43,ספציפית,ADJ,ADJ,Gender=Fem|Number=Sing,42.0,amod,"(149, 156)",ספציפית,
44,זו,PRON,PRON,Gender=Fem|Number=Sing|Person=3|PronType=Dem,42.0,det,"(157, 159)",זו,
1,דווקא,ADV,ADV,,2.0,advmod,"(0, 5)",דווקא,
2,שמענו,VERB,VERB,"Gender=Fem,Masc|HebBinyan=PAAL|Number=Plur|Person=1|Tense=Past|Voice=Act",0.0,root,"(6, 11)",שמע,
3,דעות,NOUN,NOUN,Gender=Fem|Number=Plur,2.0,obj,"(12, 16)",דעה,
"(4, 5)",שיש,,,,,,"(17, 20)",,"[{'id': 4, 'text': 'ש', 'upos': 'SCONJ', 'xpos': 'SCONJ', 'head': 5, 'deprel': 'mark', 'lemma': 'ש'}, {'id': 5, 'text': 'יש', 'upos': 'VERB', 'xpos': 'VERB', 'feats': 'HebExistential=True', 'head': 3, 'deprel': 'acl:relcl', 'lemma': 'יש'}]"
6,ציפייה,NOUN,NOUN,Gender=Fem|Number=Sing,5.0,nsubj,"(21, 27)",ציפייה,
"(7, 9)",לשכונה,,,,,,"(28, 34)",,"[{'id': 7, 'text': 'ל', 'upos': 'ADP', 'xpos': 'ADP', 'head': 9, 'deprel': 'case', 'lemma': 'ל'}, {'id': 8, 'text': 'ה_', 'upos': 'DET', 'xpos': 'DET', 'feats': 'PronType=Art', 'head': 9, 'deprel': 'det:def', 'lemma': 'ה'}, {'id': 9, 'text': 'שכונה', 'upos': 'NOUN', 'xpos': 'NOUN', 'feats': 'Gender=Fem|Number=Sing', 'head': 6, 'deprel': 'nmod', 'lemma': 'שכונה'}]"
10,טובה,ADJ,ADJ,Gender=Fem|Number=Sing,9.0,amod,"(35, 39)",טוב,
11,מאחר,CCONJ,CCONJ,,16.0,mark,"(40, 44)",מאחר,
"(12, 14)",והרוב,,,,,,"(45, 50)",,"[{'id': 12, 'text': 'ו', 'upos': 'CCONJ', 'xpos': 'CCONJ', 'head': 16, 'deprel': 'mark', 'lemma': 'ו'}, {'id': 13, 'text': 'ה', 'upos': 'DET', 'xpos': 'DET', 'feats': 'PronType=Art', 'head': 14, 'deprel': 'det:def', 'lemma': 'ה'}, {'id': 14, 'text': 'רוב', 'upos': 'NOUN', 'xpos': 'NOUN', 'feats': 'Gender=Masc|Number=Sing', 'head': 16, 'deprel': 'nsubj', 'lemma': 'רוב'}]"
15,יהיו,AUX,AUX,"Gender=Fem,Masc|Number=Plur|Person=3|Polarity=Pos|Tense=Fut|VerbType=Cop",16.0,cop,"(51, 55)",היה,
16,זוגות,NOUN,NOUN,Gender=Masc|Number=Plur,5.0,obl,"(56, 61)",זוג,
17,צעירים,ADJ,ADJ,Gender=Masc|Number=Plur,16.0,amod,"(62, 68)",צעיר,
18,כמו,ADP,ADP,,19.0,case,"(69, 72)",כמו,
"(19, 20)",כולנו,,,,,,"(73, 78)",,"[{'id': 19, 'text': 'כולנו', 'upos': 'NOUN', 'xpos': 'NOUN', 'feats': 'Gender=Masc|Number=Sing', 'head': 16, 'deprel': 'nmod', 'lemma': 'כול'}, {'id': 20, 'text': '_הם', 'upos': 'PRON', 'xpos': 'PRON', 'feats': 'Case=Gen|Gender=Masc|Number=Plur|Person=3|PronType=Prs', 'head': 19, 'deprel': 'nmod:poss', 'lemma': 'הוא'}]"
1,זהו,PRON,PRON,Gender=Masc|Number=Sing|Person=3|PronType=Dem,2.0,nsubj,"(0, 3)",זהו,
2,ארגומנט,NOUN,NOUN,Gender=Masc|Number=Sing,0.0,root,"(4, 11)",ארגומנט,
3,אטרקטיבי,ADJ,ADJ,Gender=Masc|Number=Sing,2.0,amod,"(12, 20)",אטרקטיבי,
"(4, 7)",בעיני,,,,,,"(21, 26)",,"[{'id': 4, 'text': 'ב', 'upos': 'ADP', 'xpos': 'ADP', 'head': 5, 'deprel': 'case', 'lemma': 'ב'}, {'id': 5, 'text': 'עין_', 'upos': 'NOUN', 'xpos': 'NOUN', 'feats': 'Definite=Def|Gender=Fem|Number=Plur', 'head': 2, 'deprel': 'nmod', 'lemma': 'עין'}, {'id': 6, 'text': '_של_', 'upos': 'ADP', 'xpos': 'ADP', 'head': 7, 'deprel': 'case:gen', 'lemma': 'של'}, {'id': 7, 'text': '_אני', 'upos': 'PRON', 'xpos': 'PRON', 'feats': 'Case=Gen|Gender=Fem,Masc|Number=Sing|Person=1|PronType=Prs', 'head': 5, 'deprel': 'nmod:poss', 'lemma': 'הוא'}]"
"(8, 9)",הצעירים,,,,,,"(27, 34)",,"[{'id': 8, 'text': 'ה', 'upos': 'DET', 'xpos': 'DET', 'feats': 'PronType=Art', 'head': 9, 'deprel': 'det:def', 'lemma': 'ה'}, {'id': 9, 'text': 'צעירים', 'upos': 'ADJ', 'xpos': 'ADJ', 'feats': 'Gender=Masc|Number=Plur', 'head': 5, 'deprel': 'amod', 'lemma': 'צעיר'}]"
"(10, 11)",שעוזרים,,,,,,"(35, 42)",,"[{'id': 10, 'text': 'ש', 'upos': 'SCONJ', 'xpos': 'SCONJ', 'head': 11, 'deprel': 'mark', 'lemma': 'ש'}, {'id': 11, 'text': 'עוזרים', 'upos': 'VERB', 'xpos': 'VERB', 'feats': 'Gender=Masc|HebBinyan=PAAL|Number=Plur|Person=1,2,3|VerbForm=Part|Voice=Act', 'head': 2, 'deprel': 'acl:relcl', 'lemma': 'עוזר'}]"
"(12, 13)",בעיצוב,,,,,,"(43, 49)",,"[{'id': 12, 'text': 'ב', 'upos': 'ADP', 'xpos': 'ADP', 'head': 13, 'deprel': 'case', 'lemma': 'ב'}, {'id': 13, 'text': 'עיצוב', 'upos': 'NOUN', 'xpos': 'NOUN', 'feats': 'Definite=Cons|Gender=Masc|Number=Sing', 'head': 11, 'deprel': 'obl', 'lemma': 'עיצוב'}]"
14,תדמית,NOUN,NOUN,Definite=Cons|Gender=Fem|Number=Sing,13.0,compound:smixut,"(50, 55)",תדמית,
"(15, 16)",השכונה,,,,,,"(56, 62)",,"[{'id': 15, 'text': 'ה', 'upos': 'DET', 'xpos': 'DET', 'feats': 'PronType=Art', 'head': 16, 'deprel': 'det:def', 'lemma': 'ה'}, {'id': 16, 'text': 'שכונה', 'upos': 'NOUN', 'xpos': 'NOUN', 'feats': 'Gender=Fem|Number=Sing', 'head': 14, 'deprel': 'compound:smixut', 'lemma': 'שכונה'}]"
"(17, 18)",כאיכותית,,,,,,"(63, 71)",,"[{'id': 17, 'text': 'כ', 'upos': 'ADP', 'xpos': 'ADP', 'head': 18, 'deprel': 'case', 'lemma': 'כ'}, {'id': 18, 'text': 'איכותית', 'upos': 'ADJ', 'xpos': 'ADJ', 'feats': 'Gender=Fem|Number=Sing', 'head': 13, 'deprel': 'nmod', 'lemma': 'איכותי'}]"
1,עלה,VERB,VERB,Gender=Masc|HebBinyan=PAAL|Number=Sing|Person=3|Tense=Past|Voice=Act,0.0,root,"(1, 4)",עלה,
2,גם,ADV,ADV,,4.0,det,"(5, 7)",גם,
"(3, 4)",החשש,,,,,,"(8, 12)",,"[{'id': 3, 'text': 'ה', 'upos': 'DET', 'xpos': 'DET', 'feats': 'PronType=Art', 'head': 4, 'deprel': 'det:def', 'lemma': 'ה'}, {'id': 4, 'text': 'חשש', 'upos': 'NOUN', 'xpos': 'NOUN', 'feats': 'Gender=Masc|Number=Sing', 'head': 1, 'deprel': 'nsubj', 'lemma': 'חשש'}]"
"(5, 6)",מחוסר,,,,,,"(13, 18)",,"[{'id': 5, 'text': 'מ', 'upos': 'ADP', 'xpos': 'ADP', 'head': 6, 'deprel': 'case', 'lemma': 'מ'}, {'id': 6, 'text': 'חוסר', 'upos': 'NOUN', 'xpos': 'NOUN', 'feats': 'Definite=Cons|Gender=Masc|Number=Sing', 'head': 4, 'deprel': 'nmod', 'lemma': 'חוסר'}]"
"(7, 8)",היכולת,,,,,,"(19, 25)",,"[{'id': 7, 'text': 'ה', 'upos': 'DET', 'xpos': 'DET', 'feats': 'PronType=Art', 'head': 8, 'deprel': 'det:def', 'lemma': 'ה'}, {'id': 8, 'text': 'יכולת', 'upos': 'NOUN', 'xpos': 'NOUN', 'feats': 'Gender=Fem|Number=Sing', 'head': 6, 'deprel': 'compound:smixut', 'lemma': 'יכולת'}]"
9,לבחור,VERB,VERB,HebBinyan=PAAL|VerbForm=Inf|Voice=Act,6.0,acl,"(26, 31)",בחר,
10,את,ADP,ADP,Case=Acc,12.0,case:acc,"(32, 34)",את,
"(11, 12)",השכנים,,,,,,"(35, 41)",,"[{'id': 11, 'text': 'ה', 'upos': 'DET', 'xpos': 'DET', 'feats': 'PronType=Art', 'head': 12, 'deprel': 'det:def', 'lemma': 'ה'}, {'id': 12, 'text': 'שכנים', 'upos': 'NOUN', 'xpos': 'NOUN', 'feats': 'Gender=Masc|Number=Plur', 'head': 9, 'deprel': 'obj', 'lemma': 'שכן'}]"
13,",",PUNCT,PUNCT,,4.0,punct,"(41, 42)",",",
"(14, 15)",וחשש,,,,,,"(43, 47)",,"[{'id': 14, 'text': 'ו', 'upos': 'CCONJ', 'xpos': 'CCONJ', 'head': 15, 'deprel': 'cc', 'lemma': 'ו'}, {'id': 15, 'text': 'חשש', 'upos': 'NOUN', 'xpos': 'NOUN', 'feats': 'Gender=Masc|Number=Sing', 'head': 4, 'deprel': 'conj', 'lemma': 'חשש'}]"
"(16, 17)",מדיירים,,,,,,"(48, 55)",,"[{'id': 16, 'text': 'מ', 'upos': 'ADP', 'xpos': 'ADP', 'head': 17, 'deprel': 'case', 'lemma': 'מ'}, {'id': 17, 'text': 'דיירים', 'upos': 'NOUN', 'xpos': 'NOUN', 'feats': 'Gender=Masc|Number=Plur', 'head': 15, 'deprel': 'nmod', 'lemma': 'דייר'}]"
18,בעייתיים,ADJ,ADJ,Gender=Masc|Number=Plur,17.0,amod,"(56, 64)",בעייתי,
"(19, 20)",מרקעים,,,,,,"(65, 71)",,"[{'id': 19, 'text': 'מ', 'upos': 'ADP', 'xpos': 'ADP', 'head': 20, 'deprel': 'case', 'lemma': 'מ'}, {'id': 20, 'text': 'רקעים', 'upos': 'NOUN', 'xpos': 'NOUN', 'feats': 'Gender=Masc|Number=Plur', 'head': 17, 'deprel': 'nmod', 'lemma': 'רקעים'}]"
21,סוציו,ADV,ADV,,20.0,amod,"(72, 77)",סוציו,
22,שונים,ADJ,ADJ,Gender=Masc|Number=Plur,20.0,amod,"(78, 83)",שונה,
23,אך,CCONJ,CCONJ,,26.0,cc,"(84, 86)",אך,
24,בעיקר,ADV,ADV,,25.0,advmod,"(87, 92)",בעיקר,
"(25, 26)",מאנשים,,,,,,"(93, 99)",,"[{'id': 25, 'text': 'מ', 'upos': 'ADP', 'xpos': 'ADP', 'head': 26, 'deprel': 'case', 'lemma': 'מ'}, {'id': 26, 'text': 'אנשים', 'upos': 'NOUN', 'xpos': 'NOUN', 'feats': 'Gender=Masc|Number=Plur', 'head': 4, 'deprel': 'conj', 'lemma': 'איש'}]"
27,זרים,ADJ,ADJ,Gender=Masc|Number=Plur,26.0,amod,"(100, 104)",זר,
"(28, 29)",מחוץ,,,,,,"(105, 109)",,"[{'id': 28, 'text': 'מ', 'upos': 'ADP', 'xpos': 'ADP', 'head': 32, 'deprel': 'case', 'lemma': 'מ'}, {'id': 29, 'text': 'חוץ', 'upos': 'NOUN', 'xpos': 'NOUN', 'feats': 'Gender=Masc|Number=Sing', 'head': 28, 'deprel': 'fixed', 'lemma': 'חוץ'}]"
"(30, 32)",לסח'נין,,,,,,"(110, 117)",,"[{'id': 30, 'text': 'ל', 'upos': 'ADP', 'xpos': 'ADP', 'head': 28, 'deprel': 'fixed', 'lemma': 'ל'}, {'id': 31, 'text': 'ה_', 'upos': 'DET', 'xpos': 'DET', 'feats': 'PronType=Art', 'head': 32, 'deprel': 'det:def', 'lemma': 'ה'}, {'id': 32, 'text': 'סחחנין', 'upos': 'PROPN', 'xpos': 'PROPN', 'head': 26, 'deprel': 'nmod', 'lemma': 'סחחנין'}]"
1,•,PUNCT,PUNCT,,0.0,root,"(1, 2)",•,
2,בקרב,ADP,ADP,,3.0,case,"(3, 7)",בקרב,
3,מרואייני,NOUN,NOUN,Definite=Cons|Gender=Masc|Number=Plur,1.0,dep,"(8, 16)",מרואיין,
"(4, 5)",העומק,,,,,,"(17, 22)",,"[{'id': 4, 'text': 'ה', 'upos': 'DET', 'xpos': 'DET', 'feats': 'PronType=Art', 'head': 5, 'deprel': 'det:def', 'lemma': 'ה'}, {'id': 5, 'text': 'עומק', 'upos': 'NOUN', 'xpos': 'NOUN', 'feats': 'Gender=Masc|Number=Sing', 'head': 3, 'deprel': 'compound:smixut', 'lemma': 'עומק'}]"
6,–,PUNCT,PUNCT,,5.0,punct,"(23, 24)",–,
"(7, 8)",החששות,,,,,,"(25, 31)",,"[{'id': 7, 'text': 'ה', 'upos': 'DET', 'xpos': 'DET', 'feats': 'PronType=Art', 'head': 8, 'deprel': 'det:def', 'lemma': 'ה'}, {'id': 8, 'text': 'חששות', 'upos': 'NOUN', 'xpos': 'NOUN', 'feats': 'Gender=Masc|Number=Plur', 'head': 3, 'deprel': 'compound:smixut', 'lemma': 'חשש'}]"
9,בעיקר,ADV,ADV,,18.0,advmod,"(32, 37)",בעיקר,
10,אם,SCONJ,SCONJ,,18.0,mark,"(38, 40)",אם,
"(11, 12)",הסביבה,,,,,,"(41, 47)",,"[{'id': 11, 'text': 'ה', 'upos': 'DET', 'xpos': 'DET', 'feats': 'PronType=Art', 'head': 12, 'deprel': 'det:def', 'lemma': 'ה'}, {'id': 12, 'text': 'סביבה', 'upos': 'NOUN', 'xpos': 'NOUN', 'feats': 'Gender=Fem|Number=Sing', 'head': 18, 'deprel': 'nsubj', 'lemma': 'סביבה'}]"
13,או,CCONJ,CCONJ,,15.0,cc,"(48, 50)",או,
"(14, 15)",השכונה,,,,,,"(51, 57)",,"[{'id': 14, 'text': 'ה', 'upos': 'DET', 'xpos': 'DET', 'feats': 'PronType=Art', 'head': 15, 'deprel': 'det:def', 'lemma': 'ה'}, {'id': 15, 'text': 'שכונה', 'upos': 'NOUN', 'xpos': 'NOUN', 'feats': 'Gender=Fem|Number=Sing', 'head': 12, 'deprel': 'conj', 'lemma': 'שכונה'}]"
"(16, 17)",הזאת,,,,,,"(58, 62)",,"[{'id': 16, 'text': 'ה', 'upos': 'DET', 'xpos': 'DET', 'feats': 'PronType=Art', 'head': 17, 'deprel': 'det:def', 'lemma': 'ה'}, {'id': 17, 'text': 'זאת', 'upos': 'PRON', 'xpos': 'PRON', 'feats': 'Gender=Fem|Number=Sing|Person=3|PronType=Dem', 'head': 15, 'deprel': 'det', 'lemma': 'זאת'}]"
18,תתבצע,VERB,VERB,Gender=Fem|HebBinyan=HITPAEL|Number=Sing|Person=3|Tense=Fut,3.0,dep,"(63, 68)",התבצע,
"(19, 21)",בפועל,,,,,,"(69, 74)",,"[{'id': 19, 'text': 'ב', 'upos': 'ADP', 'xpos': 'ADP', 'head': 21, 'deprel': 'case', 'lemma': 'ב'}, {'id': 20, 'text': 'ה_', 'upos': 'DET', 'xpos': 'DET', 'feats': 'PronType=Art', 'head': 21, 'deprel': 'det:def', 'lemma': 'ה'}, {'id': 21, 'text': 'פועל', 'upos': 'NOUN', 'xpos': 'NOUN', 'feats': 'Gender=Masc|Number=Sing', 'head': 18, 'deprel': 'obl', 'lemma': 'פועל'}]"
"(22, 23)",בהתאם,,,,,,"(75, 80)",,"[{'id': 22, 'text': 'ב', 'upos': 'ADP', 'xpos': 'ADP', 'head': 25, 'deprel': 'case', 'lemma': 'ב'}, {'id': 23, 'text': 'התאם', 'upos': 'NOUN', 'xpos': 'NOUN', 'feats': 'Gender=Masc|Number=Sing', 'head': 22, 'deprel': 'fixed', 'lemma': 'התאם'}]"
"(24, 25)",למה,,,,,,"(81, 84)",,"[{'id': 24, 'text': 'ל', 'upos': 'ADP', 'xpos': 'ADP', 'head': 22, 'deprel': 'fixed', 'lemma': 'ל'}, {'id': 25, 'text': 'מה', 'upos': 'ADV', 'xpos': 'ADV', 'feats': 'PronType=Int', 'head': 18, 'deprel': 'obl', 'lemma': 'מה'}]"
"(26, 27)",שהוצג,,,,,,"(85, 90)",,"[{'id': 26, 'text': 'ש', 'upos': 'SCONJ', 'xpos': 'SCONJ', 'head': 27, 'deprel': 'mark', 'lemma': 'ש'}, {'id': 27, 'text': 'הוצג', 'upos': 'VERB', 'xpos': 'VERB', 'feats': 'Gender=Masc|HebBinyan=HUFAL|Number=Sing|Person=3|Tense=Past|Voice=Pass', 'head': 25, 'deprel': 'acl:relcl', 'lemma': 'הוצג'}]"
"(28, 30)",בתסריט,,,,,,"(91, 97)",,"[{'id': 28, 'text': 'ב', 'upos': 'ADP', 'xpos': 'ADP', 'head': 30, 'deprel': 'case', 'lemma': 'ב'}, {'id': 29, 'text': 'ה_', 'upos': 'DET', 'xpos': 'DET', 'feats': 'PronType=Art', 'head': 30, 'deprel': 'det:def', 'lemma': 'ה'}, {'id': 30, 'text': 'תסריט', 'upos': 'NOUN', 'xpos': 'NOUN', 'feats': 'Gender=Masc|Number=Sing', 'head': 27, 'deprel': 'obl', 'lemma': 'תסריט'}]"
31,זה,PRON,PRON,Gender=Masc|Number=Sing|Person=3|PronType=Dem,30.0,det,"(98, 100)",זה,
1,כי,SCONJ,SCONJ,,3.0,mark,"(1, 3)",כי,
2,זה,PRON,PRON,Gender=Masc|Number=Sing|Person=3,3.0,nsubj,"(4, 6)",זה,
3,נשמע,VERB,VERB,"Gender=Masc|HebBinyan=NIFAL|Number=Sing|Person=1,2,3|VerbForm=Part|Voice=Mid",0.0,root,"(7, 11)",נשמע,
"(4, 5)",להם,,,,,,"(12, 15)",,"[{'id': 4, 'text': 'ל_', 'upos': 'ADP', 'xpos': 'ADP', 'head': 5, 'deprel': 'case', 'lemma': 'ל'}, {'id': 5, 'text': '_הם', 'upos': 'PRON', 'xpos': 'PRON', 'feats': 'Gender=Masc|Number=Plur|Person=3|PronType=Prs', 'head': 3, 'deprel': 'obl', 'lemma': 'הוא'}]"
6,כמו,ADP,ADP,,7.0,case,"(16, 19)",כמו,
7,חלום,NOUN,NOUN,Definite=Cons|Gender=Masc|Number=Sing,3.0,obl,"(20, 24)",חלום,
8,בס',PROPN,PROPN,,7.0,compound:smixut,"(25, 28)",בס',
9,חנין,PROPN,PROPN,,8.0,flat:name,"(28, 32)",חנין,
1,פרק,NOUN,NOUN,Gender=Masc|Number=Sing,22.0,dep,"(1, 4)",פרק,
2,6,NUM,NUM,,1.0,nummod,"(5, 6)",6,
3,-,PUNCT,PUNCT,,5.0,punct,"(7, 8)",-,
"(4, 5)",הקונספט,,,,,,"(9, 16)",,"[{'id': 4, 'text': 'ה', 'upos': 'DET', 'xpos': 'DET', 'feats': 'PronType=Art', 'head': 5, 'deprel': 'det:def', 'lemma': 'ה'}, {'id': 5, 'text': 'קונספט', 'upos': 'NOUN', 'xpos': 'NOUN', 'feats': 'Gender=Masc|Number=Sing', 'head': 1, 'deprel': 'appos', 'lemma': 'קונספט'}]"
"(6, 7)",התקשורתי,,,,,,"(17, 25)",,"[{'id': 6, 'text': 'ה', 'upos': 'DET', 'xpos': 'DET', 'feats': 'PronType=Art', 'head': 7, 'deprel': 'det:def', 'lemma': 'ה'}, {'id': 7, 'text': 'תקשורתי', 'upos': 'ADJ', 'xpos': 'ADJ', 'feats': 'Gender=Masc|Number=Sing', 'head': 5, 'deprel': 'amod', 'lemma': 'תקשורתי'}]"
"(8, 9)",למיצוב,,,,,,"(26, 32)",,"[{'id': 8, 'text': 'ל', 'upos': 'ADP', 'xpos': 'ADP', 'head': 9, 'deprel': 'case', 'lemma': 'ל'}, {'id': 9, 'text': 'מיצוב', 'upos': 'NOUN', 'xpos': 'NOUN', 'feats': 'Gender=Masc|Number=Sing', 'head': 5, 'deprel': 'nmod', 'lemma': 'מיצוב'}]"
10,•,PUNCT,PUNCT,,22.0,punct,"(33, 34)",•,
"(11, 12)",בבדיקה,,,,,,"(35, 41)",,"[{'id': 11, 'text': 'ב', 'upos': 'ADP', 'xpos': 'ADP', 'head': 12, 'deprel': 'case', 'lemma': 'ב'}, {'id': 12, 'text': 'בדיקה', 'upos': 'NOUN', 'xpos': 'NOUN', 'feats': 'Gender=Fem|Number=Sing', 'head': 5, 'deprel': 'nmod', 'lemma': 'בדיקה'}]"
13,מאוד,ADV,ADV,,14.0,advmod,"(42, 46)",מאוד,
14,מהירה,ADJ,ADJ,Gender=Fem|Number=Sing,12.0,amod,"(47, 52)",מהיר,
"(15, 16)",ושטחית,,,,,,"(53, 59)",,"[{'id': 15, 'text': 'ו', 'upos': 'CCONJ', 'xpos': 'CCONJ', 'head': 16, 'deprel': 'cc', 'lemma': 'ו'}, {'id': 16, 'text': 'שטחית', 'upos': 'ADJ', 'xpos': 'ADJ', 'feats': 'Gender=Fem|Number=Sing', 'head': 14, 'deprel': 'conj', 'lemma': 'שטחי'}]"
"(17, 18)",מחוסר,,,,,,"(60, 65)",,"[{'id': 17, 'text': 'מ', 'upos': 'ADP', 'xpos': 'ADP', 'head': 18, 'deprel': 'case', 'lemma': 'מ'}, {'id': 18, 'text': 'חוסר', 'upos': 'NOUN', 'xpos': 'NOUN', 'feats': 'Definite=Cons|Gender=Masc|Number=Sing', 'head': 12, 'deprel': 'nmod', 'lemma': 'חוסר'}]"
"(19, 20)",הזמן,,,,,,"(66, 70)",,"[{'id': 19, 'text': 'ה', 'upos': 'DET', 'xpos': 'DET', 'feats': 'PronType=Art', 'head': 20, 'deprel': 'det:def', 'lemma': 'ה'}, {'id': 20, 'text': 'זמן', 'upos': 'NOUN', 'xpos': 'NOUN', 'feats': 'Gender=Masc|Number=Sing', 'head': 18, 'deprel': 'compound:smixut', 'lemma': 'זמן'}]"
21,-,PUNCT,PUNCT,,22.0,punct,"(71, 72)",-,
22,עלו,VERB,VERB,"Gender=Fem,Masc|HebBinyan=PAAL|Number=Plur|Person=3|Tense=Past|Voice=Act",0.0,root,"(73, 76)",עלה,
23,שתי,NUM,NUM,Definite=Cons|Gender=Fem|Number=Plur,24.0,nummod,"(77, 80)",שתי,
24,חלופות,NOUN,NOUN,Gender=Fem|Number=Plur,22.0,nsubj,"(81, 87)",חלופה,
25,פופולאריות,ADJ,ADJ,Gender=Fem|Number=Plur,24.0,amod,"(88, 98)",פופולארי,
"(26, 27)",מבחינה,,,,,,"(99, 105)",,"[{'id': 26, 'text': 'מ', 'upos': 'ADP', 'xpos': 'ADP', 'head': 27, 'deprel': 'case', 'lemma': 'מ'}, {'id': 27, 'text': 'בחינה', 'upos': 'NOUN', 'xpos': 'NOUN', 'feats': 'Gender=Fem|Number=Sing', 'head': 24, 'deprel': 'nmod', 'lemma': 'בחינה'}]"
28,תקשורתית,ADJ,ADJ,Gender=Fem|Number=Sing,27.0,amod,"(106, 114)",תקשורתי,
1,•,PUNCT,PUNCT,,2.0,punct,"(1, 2)",•,
2,שכונת,NOUN,NOUN,Definite=Cons|Gender=Fem|Number=Sing,51.0,nsubj,"(3, 8)",שכונה,
3,X,PROPN,PROPN,,2.0,compound:smixut,"(9, 10)",X,
4,-,PUNCT,PUNCT,,5.0,punct,"(11, 12)",-,
5,בית,NOUN,NOUN,Gender=Masc|Number=Sing,2.0,compound:smixut,"(13, 16)",בית,
6,מודרני,ADJ,ADJ,Gender=Masc|Number=Sing,5.0,amod,"(17, 23)",מודרני,
"(7, 8)",לדורות,,,,,,"(24, 30)",,"[{'id': 7, 'text': 'ל', 'upos': 'ADP', 'xpos': 'ADP', 'head': 8, 'deprel': 'case', 'lemma': 'ל'}, {'id': 8, 'text': 'דורות', 'upos': 'NOUN', 'xpos': 'NOUN', 'feats': 'Definite=Cons|Gender=Masc|Number=Plur', 'head': 2, 'deprel': 'nmod', 'lemma': 'דור'}]"
"(9, 10)",העתיד,,,,,,"(31, 36)",,"[{'id': 9, 'text': 'ה', 'upos': 'DET', 'xpos': 'DET', 'feats': 'PronType=Art', 'head': 10, 'deprel': 'det:def', 'lemma': 'ה'}, {'id': 10, 'text': 'עתיד', 'upos': 'NOUN', 'xpos': 'NOUN', 'feats': 'Gender=Masc|Number=Sing', 'head': 8, 'deprel': 'compound:smixut', 'lemma': 'עתיד'}]"
11,•,PUNCT,PUNCT,,51.0,punct,"(37, 38)",•,
12,בקרב,ADP,ADP,,14.0,case,"(39, 43)",בקרב,
"(13, 14)",הרווקים,,,,,,"(44, 51)",,"[{'id': 13, 'text': 'ה', 'upos': 'DET', 'xpos': 'DET', 'feats': 'PronType=Art', 'head': 14, 'deprel': 'det:def', 'lemma': 'ה'}, {'id': 14, 'text': 'רווקים', 'upos': 'NOUN', 'xpos': 'NOUN', 'feats': 'Gender=Masc|Number=Plur', 'head': 51, 'deprel': 'obl', 'lemma': 'רווק'}]"
"(15, 17)",והרווקות,,,,,,"(52, 60)",,"[{'id': 15, 'text': 'ו', 'upos': 'CCONJ', 'xpos': 'CCONJ', 'head': 17, 'deprel': 'cc', 'lemma': 'ו'}, {'id': 16, 'text': 'ה', 'upos': 'DET', 'xpos': 'DET', 'feats': 'PronType=Art', 'head': 17, 'deprel': 'det:def', 'lemma': 'ה'}, {'id': 17, 'text': 'רווקות', 'upos': 'NOUN', 'xpos': 'NOUN', 'feats': 'Gender=Masc|Number=Plur', 'head': 14, 'deprel': 'conj', 'lemma': 'רווקה'}]"
18,זאת,PRON,PRON,Gender=Fem|Number=Sing|Person=3|PronType=Dem,14.0,det,"(61, 64)",זאת,
19,הייתה,AUX,AUX,Gender=Fem|Number=Sing|Person=3|Polarity=Pos|Tense=Past|VerbType=Cop,51.0,cop,"(65, 70)",היה,
"(20, 21)",האופציה,,,,,,"(71, 78)",,"[{'id': 20, 'text': 'ה', 'upos': 'DET', 'xpos': 'DET', 'feats': 'PronType=Art', 'head': 21, 'deprel': 'det:def', 'lemma': 'ה'}, {'id': 21, 'text': 'אופציה', 'upos': 'NOUN', 'xpos': 'NOUN', 'feats': 'Gender=Fem|Number=Sing', 'head': 51, 'deprel': 'nsubj', 'lemma': 'אופציה'}]"
22,הכי,ADV,ADV,,23.0,advmod,"(79, 82)",הכי,
23,פופולארית,ADJ,ADJ,Gender=Fem|Number=Sing,21.0,amod,"(83, 92)",פופולארי,
24,•,PUNCT,PUNCT,,28.0,punct,"(93, 94)",•,
25,שכונת,NOUN,NOUN,Definite=Cons|Gender=Fem|Number=Sing,40.0,dep,"(95, 100)",שכונה,
26,X,PROPN,PROPN,,25.0,compound:smixut,"(101, 102)",X,
27,–,PUNCT,PUNCT,,28.0,punct,"(102, 103)",–,
28,אושר,NOUN,NOUN,Gender=Masc|Number=Sing,51.0,dep,"(104, 108)",אושר,
"(29, 30)",לילדיך,,,,,,"(109, 115)",,"[{'id': 29, 'text': 'ל', 'upos': 'ADP', 'xpos': 'ADP', 'head': 30, 'deprel': 'case', 'lemma': 'ל'}, {'id': 30, 'text': 'ילדיך', 'upos': 'NOUN', 'xpos': 'NOUN', 'head': 28, 'deprel': 'nmod', 'lemma': 'ילדיך'}]"
"(31, 32)",ושקט,,,,,,"(116, 120)",,"[{'id': 31, 'text': 'ו', 'upos': 'CCONJ', 'xpos': 'CCONJ', 'head': 32, 'deprel': 'cc', 'lemma': 'ו'}, {'id': 32, 'text': 'שקט', 'upos': 'NOUN', 'xpos': 'NOUN', 'feats': 'Gender=Masc|Number=Sing', 'head': 28, 'deprel': 'conj', 'lemma': 'שקט'}]"
"(33, 34)",לנפשך,,,,,,"(121, 126)",,"[{'id': 33, 'text': 'ל', 'upos': 'ADP', 'xpos': 'ADP', 'head': 34, 'deprel': 'case', 'lemma': 'ל'}, {'id': 34, 'text': 'נפשך', 'upos': 'NOUN', 'xpos': 'NOUN', 'head': 32, 'deprel': 'nmod', 'lemma': 'נפשך'}]"
35,•,PUNCT,PUNCT,,40.0,punct,"(127, 128)",•,
36,בקרב,ADP,ADP,,37.0,case,"(129, 133)",בקרב,
37,קבוצת,NOUN,NOUN,Definite=Cons|Gender=Fem|Number=Sing,40.0,obl,"(134, 139)",קבוצה,
"(38, 39)",הנשואים,,,,,,"(140, 147)",,"[{'id': 38, 'text': 'ה', 'upos': 'DET', 'xpos': 'DET', 'feats': 'PronType=Art', 'head': 39, 'deprel': 'det:def', 'lemma': 'ה'}, {'id': 39, 'text': 'נשואים', 'upos': 'NOUN', 'xpos': 'NOUN', 'feats': 'Gender=Masc|Number=Plur', 'head': 37, 'deprel': 'compound:smixut', 'lemma': 'נשוא'}]"
40,הייתה,VERB,VERB,Gender=Fem|HebExistential=True|Number=Sing|Person=3|Polarity=Pos|Tense=Past,51.0,conj,"(148, 153)",היה,
41,הסכמה,NOUN,NOUN,Gender=Fem|Number=Sing,40.0,nsubj,"(154, 159)",הסכמה,
42,על,ADP,ADP,,43.0,case,"(160, 162)",על,
43,אופציה,NOUN,NOUN,Gender=Fem|Number=Sing,41.0,nmod,"(163, 169)",אופציה,
44,2,NUM,NUM,,43.0,nummod,"(170, 171)",2,
45,מסקנות,NOUN,NOUN,Gender=Fem|Number=Plur,41.0,nmod,"(172, 178)",מסקנה,
"(46, 47)",ודיון,,,,,,"(179, 184)",,"[{'id': 46, 'text': 'ו', 'upos': 'CCONJ', 'xpos': 'CCONJ', 'head': 47, 'deprel': 'cc', 'lemma': 'ו'}, {'id': 47, 'text': 'דיון', 'upos': 'NOUN', 'xpos': 'NOUN', 'feats': 'Gender=Masc|Number=Sing', 'head': 45, 'deprel': 'conj', 'lemma': 'דיון'}]"
48,•,PUNCT,PUNCT,,51.0,punct,"(185, 186)",•,
49,מחקר,NOUN,NOUN,Gender=Masc|Number=Sing,51.0,nsubj,"(187, 191)",מחקר,
50,זה,PRON,PRON,Gender=Masc|Number=Sing|Person=3|PronType=Dem,49.0,det,"(192, 194)",זה,
51,בא,VERB,VERB,Gender=Masc|HebBinyan=PAAL|Number=Sing|Person=3|Tense=Past|Voice=Act,0.0,root,"(195, 197)",בא,
"(52, 53)",וחידד,,,,,,"(198, 203)",,"[{'id': 52, 'text': 'ו', 'upos': 'CCONJ', 'xpos': 'CCONJ', 'head': 53, 'deprel': 'cc', 'lemma': 'ו'}, {'id': 53, 'text': 'חידד', 'upos': 'VERB', 'xpos': 'VERB', 'feats': 'Gender=Masc|HebBinyan=PIEL|Number=Sing|Person=3|Tense=Past|Voice=Act', 'head': 51, 'deprel': 'conj', 'lemma': 'חידד'}]"
54,את,ADP,ADP,Case=Acc,56.0,case:acc,"(204, 206)",את,
"(55, 56)",התפיסה,,,,,,"(207, 213)",,"[{'id': 55, 'text': 'ה', 'upos': 'DET', 'xpos': 'DET', 'feats': 'PronType=Art', 'head': 56, 'deprel': 'det:def', 'lemma': 'ה'}, {'id': 56, 'text': 'תפיסה', 'upos': 'NOUN', 'xpos': 'NOUN', 'feats': 'Gender=Fem|Number=Sing', 'head': 51, 'deprel': 'obj', 'lemma': 'תפיסה'}]"
"(57, 58)",הערכית,,,,,,"(214, 220)",,"[{'id': 57, 'text': 'ה', 'upos': 'DET', 'xpos': 'DET', 'feats': 'PronType=Art', 'head': 58, 'deprel': 'det:def', 'lemma': 'ה'}, {'id': 58, 'text': 'ערכית', 'upos': 'ADJ', 'xpos': 'ADJ', 'feats': 'Gender=Fem|Number=Sing', 'head': 56, 'deprel': 'amod', 'lemma': 'ערכי'}]"
59,של,ADP,ADP,Case=Gen,61.0,case:gen,"(221, 223)",של,
"(60, 61)",המושג,,,,,,"(224, 229)",,"[{'id': 60, 'text': 'ה', 'upos': 'DET', 'xpos': 'DET', 'feats': 'PronType=Art', 'head': 61, 'deprel': 'det:def', 'lemma': 'ה'}, {'id': 61, 'text': 'מושג', 'upos': 'NOUN', 'xpos': 'NOUN', 'feats': 'Definite=Cons|Gender=Masc|Number=Sing', 'head': 56, 'deprel': 'nmod', 'lemma': 'מושג'}]"
62,בית,NOUN,NOUN,Gender=Masc|Number=Sing,61.0,compound:smixut,"(230, 233)",בית,
63,",",PUNCT,PUNCT,,51.0,punct,"(233, 234)",",",
"(64, 65)",והבליט,,,,,,"(235, 241)",,"[{'id': 64, 'text': 'ו', 'upos': 'CCONJ', 'xpos': 'CCONJ', 'head': 65, 'deprel': 'cc', 'lemma': 'ו'}, {'id': 65, 'text': 'הבליט', 'upos': 'VERB', 'xpos': 'VERB', 'feats': 'Gender=Masc|HebBinyan=HIFIL|Number=Sing|Person=3|Tense=Past|Voice=Act', 'head': 40, 'deprel': 'conj', 'lemma': 'הבליט'}]"
66,כי,SCONJ,SCONJ,,72.0,mark,"(242, 244)",כי,
67,בקרב,ADP,ADP,,69.0,case,"(245, 249)",בקרב,
"(68, 69)",האוכלוסייה,,,,,,"(250, 260)",,"[{'id': 68, 'text': 'ה', 'upos': 'DET', 'xpos': 'DET', 'feats': 'PronType=Art', 'head': 69, 'deprel': 'det:def', 'lemma': 'ה'}, {'id': 69, 'text': 'אוכלוסייה', 'upos': 'NOUN', 'xpos': 'NOUN', 'feats': 'Gender=Fem|Number=Sing', 'head': 72, 'deprel': 'obl', 'lemma': 'אוכלוסייה'}]"
"(70, 71)",הערבית,,,,,,"(261, 267)",,"[{'id': 70, 'text': 'ה', 'upos': 'DET', 'xpos': 'DET', 'feats': 'PronType=Art', 'head': 71, 'deprel': 'det:def', 'lemma': 'ה'}, {'id': 71, 'text': 'ערבית', 'upos': 'ADJ', 'xpos': 'ADJ', 'feats': 'Gender=Fem|Number=Sing', 'head': 69, 'deprel': 'amod', 'lemma': 'ערבי'}]"
72,קיימת,ADJ,ADJ,Gender=Fem|Number=Sing,65.0,ccomp,"(268, 273)",קיים,
73,תפיסה,NOUN,NOUN,Gender=Fem|Number=Sing,72.0,nsubj,"(274, 279)",תפיסה,
74,ייחודית,ADJ,ADJ,Gender=Fem|Number=Sing,73.0,amod,"(280, 287)",ייחודי,
75,סביב,ADP,ADP,,76.0,case,"(288, 292)",סביב,
76,מושג,NOUN,NOUN,Gender=Masc|Number=Sing,73.0,nmod,"(293, 297)",מושג,
77,זה,PRON,PRON,Gender=Masc|Number=Sing|Person=3|PronType=Dem,76.0,det,"(298, 300)",זה,
"(1, 2)",וכי,,,,,,"(1, 4)",,"[{'id': 1, 'text': 'ו', 'upos': 'CCONJ', 'xpos': 'CCONJ', 'head': 0, 'deprel': 'root', 'lemma': 'ו'}, {'id': 2, 'text': 'כי', 'upos': 'SCONJ', 'xpos': 'SCONJ', 'head': 15, 'deprel': 'mark', 'lemma': 'כי'}]"
3,דירה,NOUN,NOUN,Gender=Fem|Number=Sing,15.0,nsubj,"(5, 9)",דירה,
"(4, 5)",בבניין,,,,,,"(10, 16)",,"[{'id': 4, 'text': 'ב', 'upos': 'ADP', 'xpos': 'ADP', 'head': 5, 'deprel': 'case', 'lemma': 'ב'}, {'id': 5, 'text': 'בניין', 'upos': 'NOUN', 'xpos': 'NOUN', 'feats': 'Gender=Masc|Number=Sing', 'head': 3, 'deprel': 'nmod', 'lemma': 'בניין'}]"
6,משותף,ADJ,ADJ,Gender=Masc|Number=Sing,5.0,amod,"(17, 22)",משותף,
"(7, 8)",בצורה,,,,,,"(23, 28)",,"[{'id': 7, 'text': 'ב', 'upos': 'ADP', 'xpos': 'ADP', 'head': 8, 'deprel': 'case', 'lemma': 'ב'}, {'id': 8, 'text': 'צורה', 'upos': 'NOUN', 'xpos': 'NOUN', 'feats': 'Gender=Fem|Number=Sing', 'head': 3, 'deprel': 'nmod', 'lemma': 'צורה'}]"
"(9, 10)",הפשוטה,,,,,,"(29, 35)",,"[{'id': 9, 'text': 'ה', 'upos': 'DET', 'xpos': 'DET', 'feats': 'PronType=Art', 'head': 10, 'deprel': 'det:def', 'lemma': 'ה'}, {'id': 10, 'text': 'פשוטה', 'upos': 'ADJ', 'xpos': 'ADJ', 'feats': 'Gender=Fem|Number=Sing', 'head': 8, 'deprel': 'amod', 'lemma': 'פשוט'}]"
"(11, 12)",שלו,,,,,,"(36, 39)",,"[{'id': 11, 'text': 'של_', 'upos': 'ADP', 'xpos': 'ADP', 'feats': 'Case=Gen', 'head': 12, 'deprel': 'case:gen', 'lemma': 'של'}, {'id': 12, 'text': '_הוא', 'upos': 'PRON', 'xpos': 'PRON', 'feats': 'Gender=Masc|Number=Sing|Person=3|PronType=Prs', 'head': 8, 'deprel': 'nmod', 'lemma': 'הוא'}]"
13,לא,ADV,ADV,Polarity=Neg,15.0,advmod,"(40, 42)",לא,
14,ממש,ADV,ADV,,15.0,advmod,"(43, 46)",ממש,
15,נחשבת,VERB,VERB,"Gender=Fem|HebBinyan=NIFAL|Number=Sing|Person=1,2,3|VerbForm=Part|Voice=Mid",1.0,advcl,"(47, 52)",נחשב,
"(16, 17)",לבית,,,,,,"(53, 57)",,"[{'id': 16, 'text': 'ל', 'upos': 'ADP', 'xpos': 'ADP', 'head': 17, 'deprel': 'case', 'lemma': 'ל'}, {'id': 17, 'text': 'בית', 'upos': 'NOUN', 'xpos': 'NOUN', 'feats': 'Gender=Masc|Number=Sing', 'head': 15, 'deprel': 'obl', 'lemma': 'בית'}]"
18,עבור,ADP,ADP,,20.0,case,"(58, 62)",עבור,
"(19, 20)",הנחקרים,,,,,,"(63, 70)",,"[{'id': 19, 'text': 'ה', 'upos': 'DET', 'xpos': 'DET', 'feats': 'PronType=Art', 'head': 20, 'deprel': 'det:def', 'lemma': 'ה'}, {'id': 20, 'text': 'נחקרים', 'upos': 'VERB', 'xpos': 'VERB', 'feats': 'Gender=Masc|HebBinyan=NIFAL|Number=Plur|Person=1,2,3|VerbForm=Part|Voice=Mid', 'head': 17, 'deprel': 'nmod', 'lemma': 'נחקר'}]"
1,•,PUNCT,PUNCT,,4.0,punct,"(1, 2)",•,
2,כמו,ADP,ADP,,3.0,case,"(3, 6)",כמו,
3,כן,PRON,PRON,Person=3|PronType=Dem,4.0,obl,"(7, 9)",כן,
4,התגלתה,VERB,VERB,Gender=Fem|HebBinyan=HITPAEL|Number=Sing|Person=3|Tense=Past,0.0,root,"(10, 16)",התגלה,
5,תפיסה,NOUN,NOUN,Gender=Fem|Number=Sing,4.0,nsubj,"(17, 22)",תפיסה,
6,ייחודית,ADJ,ADJ,Gender=Fem|Number=Sing,5.0,amod,"(23, 30)",ייחודי,
"(7, 8)",בכל,,,,,,"(31, 34)",,"[{'id': 7, 'text': 'ב', 'upos': 'ADP', 'xpos': 'ADP', 'head': 10, 'deprel': 'case', 'lemma': 'ב'}, {'id': 8, 'text': 'כל', 'upos': 'DET', 'xpos': 'DET', 'feats': 'Definite=Cons', 'head': 10, 'deprel': 'det', 'lemma': 'כול'}]"
"(9, 10)",הקשור,,,,,,"(35, 40)",,"[{'id': 9, 'text': 'ה', 'upos': 'SCONJ', 'xpos': 'SCONJ', 'head': 10, 'deprel': 'mark', 'lemma': 'ה'}, {'id': 10, 'text': 'קשור', 'upos': 'VERB', 'xpos': 'VERB', 'feats': 'Gender=Masc|HebBinyan=PAAL|Number=Sing|Person=1,2,3|VerbForm=Part|Voice=Act', 'head': 5, 'deprel': 'nmod', 'lemma': 'קשר'}]"
"(11, 13)",למושג,,,,,,"(41, 46)",,"[{'id': 11, 'text': 'ל', 'upos': 'ADP', 'xpos': 'ADP', 'head': 13, 'deprel': 'case', 'lemma': 'ל'}, {'id': 12, 'text': 'ה_', 'upos': 'DET', 'xpos': 'DET', 'feats': 'PronType=Art', 'head': 13, 'deprel': 'det:def', 'lemma': 'ה'}, {'id': 13, 'text': 'מושג', 'upos': 'NOUN', 'xpos': 'NOUN', 'feats': 'Gender=Masc|Number=Sing', 'head': 10, 'deprel': 'obl', 'lemma': 'מושג'}]"
14,שיכון,NOUN,NOUN,Gender=Masc|Number=Sing,13.0,amod,"(47, 52)",שיכון,
15,או,CCONJ,CCONJ,,16.0,cc,"(53, 55)",או,
16,מגורים,NOUN,NOUN,Gender=Masc|Number=Plur,13.0,conj,"(56, 62)",מגורים,
"(17, 18)",בבית,,,,,,"(63, 67)",,"[{'id': 17, 'text': 'ב', 'upos': 'ADP', 'xpos': 'ADP', 'head': 18, 'deprel': 'case', 'lemma': 'ב'}, {'id': 18, 'text': 'בית', 'upos': 'NOUN', 'xpos': 'NOUN', 'feats': 'Gender=Masc|Number=Sing', 'head': 16, 'deprel': 'nmod', 'lemma': 'בית'}]"
19,משותף,ADJ,ADJ,Gender=Masc|Number=Sing,18.0,amod,"(68, 73)",משותף,
"(20, 22)",לרוב,,,,,,"(74, 78)",,"[{'id': 20, 'text': 'ל', 'upos': 'ADP', 'xpos': 'ADP', 'head': 22, 'deprel': 'case', 'lemma': 'ל'}, {'id': 21, 'text': 'ה_', 'upos': 'DET', 'xpos': 'DET', 'feats': 'PronType=Art', 'head': 22, 'deprel': 'det:def', 'lemma': 'ה'}, {'id': 22, 'text': 'רוב', 'upos': 'NOUN', 'xpos': 'NOUN', 'feats': 'Gender=Masc|Number=Sing', 'head': 18, 'deprel': 'nmod', 'lemma': 'רוב'}]"
23,תפיסה,NOUN,NOUN,Gender=Fem|Number=Sing,4.0,nsubj,"(79, 84)",תפיסה,
24,שלילית,ADJ,ADJ,Gender=Fem|Number=Sing,23.0,amod,"(85, 91)",שלילי,
"(25, 26)",ולא,,,,,,"(92, 95)",,"[{'id': 25, 'text': 'ו', 'upos': 'CCONJ', 'xpos': 'CCONJ', 'head': 27, 'deprel': 'cc', 'lemma': 'ו'}, {'id': 26, 'text': 'לא', 'upos': 'ADV', 'xpos': 'ADV', 'feats': 'Polarity=Neg', 'head': 27, 'deprel': 'advmod', 'lemma': 'לא'}]"
27,אוהדת,ADJ,ADJ,Gender=Fem|Number=Sing,24.0,conj,"(96, 101)",אוהד,
"(28, 29)",בלשון,,,,,,"(102, 107)",,"[{'id': 28, 'text': 'ב', 'upos': 'ADP', 'xpos': 'ADP', 'head': 29, 'deprel': 'case', 'lemma': 'ב'}, {'id': 29, 'text': 'לשון', 'upos': 'NOUN', 'xpos': 'NOUN', 'feats': 'Definite=Cons|Gender=Fem|Number=Sing', 'head': 23, 'deprel': 'nmod', 'lemma': 'לשון'}]"
"(30, 31)",המעטה,,,,,,"(108, 113)",,"[{'id': 30, 'text': 'ה', 'upos': 'DET', 'xpos': 'DET', 'feats': 'PronType=Art', 'head': 31, 'deprel': 'det:def', 'lemma': 'ה'}, {'id': 31, 'text': 'מעטה', 'upos': 'NOUN', 'xpos': 'NOUN', 'feats': 'Gender=Fem|Number=Sing', 'head': 29, 'deprel': 'compound:smixut', 'lemma': 'מעטה'}]"
"(1, 2)",ואולי,,,,,,"(1, 6)",,"[{'id': 1, 'text': 'ו', 'upos': 'CCONJ', 'xpos': 'CCONJ', 'head': 5, 'deprel': 'cc', 'lemma': 'ו'}, {'id': 2, 'text': 'אולי', 'upos': 'ADV', 'xpos': 'ADV', 'head': 5, 'deprel': 'advmod', 'lemma': 'אולי'}]"
3,כל,DET,DET,Definite=Cons,4.0,det,"(7, 9)",כול,
4,זה,PRON,PRON,Gender=Masc|Number=Sing|Person=3,5.0,nsubj,"(10, 12)",זה,
5,בא,VERB,VERB,Gender=Masc|HebBinyan=PAAL|Number=Sing|Person=3|Tense=Past|Voice=Act,0.0,root,"(13, 15)",בא,
"(6, 7)",מחוסר,,,,,,"(16, 21)",,"[{'id': 6, 'text': 'מ', 'upos': 'ADP', 'xpos': 'ADP', 'head': 7, 'deprel': 'case', 'lemma': 'מ'}, {'id': 7, 'text': 'חוסר', 'upos': 'NOUN', 'xpos': 'NOUN', 'feats': 'Definite=Cons|Gender=Masc|Number=Sing', 'head': 5, 'deprel': 'obl', 'lemma': 'חוסר'}]"
8,ניסיון,NOUN,NOUN,Gender=Masc|Number=Sing,7.0,compound:smixut,"(22, 28)",ניסיון,
9,קולקטיבי,ADJ,ADJ,Gender=Masc|Number=Sing,8.0,amod,"(29, 37)",קולקטיבי,
10,של,ADP,ADP,Case=Gen,11.0,case:gen,"(38, 40)",של,
11,תושבי,NOUN,NOUN,Definite=Cons|Gender=Masc|Number=Plur,7.0,nmod,"(41, 46)",תושב,
12,סחינין,PROPN,PROPN,,11.0,compound:smixut,"(47, 53)",סחינין,
"(13, 14)",בדיור,,,,,,"(54, 59)",,"[{'id': 13, 'text': 'ב', 'upos': 'ADP', 'xpos': 'ADP', 'head': 14, 'deprel': 'case', 'lemma': 'ב'}, {'id': 14, 'text': 'דיור', 'upos': 'NOUN', 'xpos': 'NOUN', 'feats': 'Gender=Masc|Number=Sing', 'head': 7, 'deprel': 'nmod', 'lemma': 'דיור'}]"
15,משותף,ADJ,ADJ,Gender=Masc|Number=Sing,14.0,amod,"(60, 65)",משותף,
1,כי,SCONJ,SCONJ,,6.0,mark,"(1, 3)",כי,
"(2, 3)",הרוב,,,,,,"(4, 8)",,"[{'id': 2, 'text': 'ה', 'upos': 'DET', 'xpos': 'DET', 'feats': 'PronType=Art', 'head': 3, 'deprel': 'det:def', 'lemma': 'ה'}, {'id': 3, 'text': 'רוב', 'upos': 'NOUN', 'xpos': 'NOUN', 'feats': 'Gender=Masc|Number=Sing', 'head': 6, 'deprel': 'nsubj', 'lemma': 'רוב'}]"
"(4, 5)",המכריע,,,,,,"(9, 15)",,"[{'id': 4, 'text': 'ה', 'upos': 'DET', 'xpos': 'DET', 'feats': 'PronType=Art', 'head': 5, 'deprel': 'det:def', 'lemma': 'ה'}, {'id': 5, 'text': 'מכריע', 'upos': 'ADJ', 'xpos': 'ADJ', 'feats': 'Gender=Masc|Number=Sing', 'head': 3, 'deprel': 'amod', 'lemma': 'מכריע'}]"
6,גרים,VERB,VERB,"Gender=Masc|HebBinyan=PAAL|Number=Plur|Person=1,2,3|VerbForm=Part|Voice=Act",46.0,advcl,"(16, 20)",גר,
"(7, 8)",בבתים,,,,,,"(21, 26)",,"[{'id': 7, 'text': 'ב', 'upos': 'ADP', 'xpos': 'ADP', 'head': 8, 'deprel': 'case', 'lemma': 'ב'}, {'id': 8, 'text': 'בתים', 'upos': 'NOUN', 'xpos': 'NOUN', 'feats': 'Gender=Masc|Number=Plur', 'head': 6, 'deprel': 'obl', 'lemma': 'בית'}]"
9,פרטיים,ADJ,ADJ,Gender=Masc|Number=Plur,8.0,amod,"(27, 33)",פרטי,
10,או,CCONJ,CCONJ,,12.0,cc,"(34, 36)",או,
"(11, 12)",בקומות,,,,,,"(37, 43)",,"[{'id': 11, 'text': 'ב', 'upos': 'ADP', 'xpos': 'ADP', 'head': 12, 'deprel': 'case', 'lemma': 'ב'}, {'id': 12, 'text': 'קומות', 'upos': 'NOUN', 'xpos': 'NOUN', 'feats': 'Gender=Fem|Number=Plur', 'head': 8, 'deprel': 'conj', 'lemma': 'קומה'}]"
13,עליונות,ADJ,ADJ,Gender=Fem|Number=Plur,12.0,amod,"(44, 51)",עליונות,
14,של,ADP,ADP,Case=Gen,15.0,case:gen,"(52, 54)",של,
15,בית,NOUN,NOUN,Definite=Cons|Gender=Masc|Number=Sing,12.0,nmod,"(55, 58)",בית,
16,אב,NOUN,NOUN,Definite=Cons|Gender=Masc|Number=Sing,15.0,compound:smixut,"(59, 61)",אב,
"(17, 18)",המשפחה,,,,,,"(62, 68)",,"[{'id': 17, 'text': 'ה', 'upos': 'DET', 'xpos': 'DET', 'feats': 'PronType=Art', 'head': 18, 'deprel': 'det:def', 'lemma': 'ה'}, {'id': 18, 'text': 'משפחה', 'upos': 'NOUN', 'xpos': 'NOUN', 'feats': 'Gender=Fem|Number=Sing', 'head': 16, 'deprel': 'flat:name', 'lemma': 'משפחה'}]"
19,(,PUNCT,PUNCT,,27.0,punct,"(69, 70)",(,
"(20, 21)",שעדיין,,,,,,"(70, 76)",,"[{'id': 20, 'text': 'ש', 'upos': 'SCONJ', 'xpos': 'SCONJ', 'head': 27, 'deprel': 'mark', 'lemma': 'ש'}, {'id': 21, 'text': 'עדיין', 'upos': 'ADV', 'xpos': 'ADV', 'head': 27, 'deprel': 'advmod', 'lemma': 'עדיין'}]"
22,כל,DET,DET,Definite=Cons,24.0,det,"(77, 79)",כול,
"(23, 24)",הבלוק,,,,,,"(80, 85)",,"[{'id': 23, 'text': 'ה', 'upos': 'DET', 'xpos': 'DET', 'feats': 'PronType=Art', 'head': 24, 'deprel': 'det:def', 'lemma': 'ה'}, {'id': 24, 'text': 'בלוק', 'upos': 'NOUN', 'xpos': 'NOUN', 'feats': 'Gender=Masc|Number=Sing', 'head': 27, 'deprel': 'nsubj', 'lemma': 'בלוק'}]"
"(25, 26)",הזה,,,,,,"(86, 89)",,"[{'id': 25, 'text': 'ה', 'upos': 'DET', 'xpos': 'DET', 'feats': 'PronType=Art', 'head': 26, 'deprel': 'det:def', 'lemma': 'ה'}, {'id': 26, 'text': 'זה', 'upos': 'PRON', 'xpos': 'PRON', 'feats': 'Gender=Masc|Number=Sing|Person=3|PronType=Dem', 'head': 24, 'deprel': 'det', 'lemma': 'זה'}]"
27,נקרא,VERB,VERB,Gender=Masc|HebBinyan=NIFAL|Number=Sing|Person=3|Tense=Past|Voice=Mid,12.0,appos,"(90, 94)",נקרא,
28,בית,NOUN,NOUN,Definite=Cons|Gender=Masc|Number=Sing,27.0,dep,"(95, 98)",בית,
"(29, 30)",המשפחה,,,,,,"(99, 105)",,"[{'id': 29, 'text': 'ה', 'upos': 'DET', 'xpos': 'DET', 'feats': 'PronType=Art', 'head': 30, 'deprel': 'det:def', 'lemma': 'ה'}, {'id': 30, 'text': 'משפחה', 'upos': 'NOUN', 'xpos': 'NOUN', 'feats': 'Gender=Fem|Number=Sing', 'head': 28, 'deprel': 'compound:smixut', 'lemma': 'משפחה'}]"
31,),PUNCT,PUNCT,,27.0,punct,"(106, 107)",),
32,נקודת,NOUN,NOUN,Definite=Cons|Gender=Fem|Number=Sing,46.0,nsubj:cop,"(108, 113)",נקודה,
"(33, 34)",היחס,,,,,,"(114, 118)",,"[{'id': 33, 'text': 'ה', 'upos': 'DET', 'xpos': 'DET', 'feats': 'PronType=Art', 'head': 34, 'deprel': 'det:def', 'lemma': 'ה'}, {'id': 34, 'text': 'יחס', 'upos': 'NOUN', 'xpos': 'NOUN', 'feats': 'Gender=Masc|Number=Sing', 'head': 32, 'deprel': 'compound:smixut', 'lemma': 'יחס'}]"
"(35, 36)",ובית,,,,,,"(119, 123)",,"[{'id': 35, 'text': 'ו', 'upos': 'CCONJ', 'xpos': 'CCONJ', 'head': 36, 'deprel': 'cc', 'lemma': 'ו'}, {'id': 36, 'text': 'בית', 'upos': 'NOUN', 'xpos': 'NOUN', 'feats': 'Definite=Cons|Gender=Masc|Number=Sing', 'head': 32, 'deprel': 'conj', 'lemma': 'בית'}]"
"(37, 38)",החלומות,,,,,,"(124, 131)",,"[{'id': 37, 'text': 'ה', 'upos': 'DET', 'xpos': 'DET', 'feats': 'PronType=Art', 'head': 38, 'deprel': 'det:def', 'lemma': 'ה'}, {'id': 38, 'text': 'חלומות', 'upos': 'NOUN', 'xpos': 'NOUN', 'feats': 'Gender=Masc|Number=Plur', 'head': 36, 'deprel': 'compound:smixut', 'lemma': 'חלום'}]"
39,של,ADP,ADP,Case=Gen,41.0,case:gen,"(132, 134)",של,
"(40, 41)",הנחקרים,,,,,,"(135, 142)",,"[{'id': 40, 'text': 'ה', 'upos': 'DET', 'xpos': 'DET', 'feats': 'PronType=Art', 'head': 41, 'deprel': 'det:def', 'lemma': 'ה'}, {'id': 41, 'text': 'נחקרים', 'upos': 'VERB', 'xpos': 'VERB', 'feats': 'Gender=Masc|Number=Plur', 'head': 36, 'deprel': 'nmod:poss', 'lemma': 'נחקר'}]"
42,היא,AUX,AUX,Gender=Fem|Number=Sing|Person=3|Polarity=Pos|VerbForm=Part|VerbType=Cop,46.0,cop,"(143, 146)",הוא,
43,תמיד,ADV,ADV,,46.0,advmod,"(147, 151)",תמיד,
44,מול,ADP,ADP,,46.0,case,"(152, 155)",מול,
"(45, 46)",החלופה,,,,,,"(156, 162)",,"[{'id': 45, 'text': 'ה', 'upos': 'DET', 'xpos': 'DET', 'feats': 'PronType=Art', 'head': 46, 'deprel': 'det:def', 'lemma': 'ה'}, {'id': 46, 'text': 'חלופה', 'upos': 'NOUN', 'xpos': 'NOUN', 'feats': 'Gender=Fem|Number=Sing', 'head': 0, 'deprel': 'root', 'lemma': 'חלופה'}]"
"(47, 48)",הנורמטיבית,,,,,,"(163, 173)",,"[{'id': 47, 'text': 'ה', 'upos': 'DET', 'xpos': 'DET', 'feats': 'PronType=Art', 'head': 48, 'deprel': 'det:def', 'lemma': 'ה'}, {'id': 48, 'text': 'נורמטיבית', 'upos': 'ADJ', 'xpos': 'ADJ', 'feats': 'Gender=Fem|Number=Sing', 'head': 46, 'deprel': 'amod', 'lemma': 'נורמטיבי'}]"
"(49, 50)",לבנות,,,,,,"(174, 179)",,"[{'id': 49, 'text': 'ל', 'upos': 'ADP', 'xpos': 'ADP', 'head': 50, 'deprel': 'case', 'lemma': 'ל'}, {'id': 50, 'text': 'בנות', 'upos': 'NOUN', 'xpos': 'NOUN', 'feats': 'Definite=Cons|Gender=Fem|Number=Sing', 'head': 46, 'deprel': 'nmod', 'lemma': 'בת'}]"
51,בית,NOUN,NOUN,Gender=Masc|Number=Sing,50.0,compound:smixut,"(180, 183)",בית,
52,על,ADP,ADP,,53.0,case,"(184, 186)",על,
53,קרקע,NOUN,NOUN,Gender=Fem|Number=Sing,50.0,nmod,"(187, 191)",קרקע,
54,פרטית,ADJ,ADJ,Gender=Fem|Number=Sing,53.0,amod,"(192, 197)",פרטי,
55,או,CCONJ,CCONJ,,57.0,cc,"(198, 200)",או,
56,מעל,ADP,ADP,,57.0,case,"(201, 204)",מעל,
57,גג,NOUN,NOUN,Definite=Cons|Gender=Masc|Number=Sing,53.0,conj,"(205, 207)",גג,
"(58, 59)",ההורים,,,,,,"(208, 214)",,"[{'id': 58, 'text': 'ה', 'upos': 'DET', 'xpos': 'DET', 'feats': 'PronType=Art', 'head': 59, 'deprel': 'det:def', 'lemma': 'ה'}, {'id': 59, 'text': 'הורים', 'upos': 'NOUN', 'xpos': 'NOUN', 'feats': 'Gender=Masc|Number=Plur', 'head': 57, 'deprel': 'compound:smixut', 'lemma': 'הורה'}]"
"(60, 61)",וכך,,,,,,"(215, 218)",,"[{'id': 60, 'text': 'ו', 'upos': 'CCONJ', 'xpos': 'CCONJ', 'head': 62, 'deprel': 'cc', 'lemma': 'ו'}, {'id': 61, 'text': 'כך', 'upos': 'ADV', 'xpos': 'ADV', 'head': 62, 'deprel': 'advmod', 'lemma': 'כך'}]"
62,לשמור,VERB,VERB,HebBinyan=PAAL|VerbForm=Inf|Voice=Act,46.0,xcomp,"(219, 224)",שמר,
63,על,ADP,ADP,,64.0,case,"(225, 227)",על,
64,שלמות,NOUN,NOUN,Definite=Cons|Gender=Fem|Number=Sing,62.0,obl,"(228, 233)",שלמות,
"(65, 66)",המשפחה,,,,,,"(234, 240)",,"[{'id': 65, 'text': 'ה', 'upos': 'DET', 'xpos': 'DET', 'feats': 'PronType=Art', 'head': 66, 'deprel': 'det:def', 'lemma': 'ה'}, {'id': 66, 'text': 'משפחה', 'upos': 'NOUN', 'xpos': 'NOUN', 'feats': 'Gender=Fem|Number=Sing', 'head': 64, 'deprel': 'compound:smixut', 'lemma': 'משפחה'}]"
1,•,PUNCT,PUNCT,,18.0,punct,"(1, 2)",•,
"(2, 3)",המילה,,,,,,"(3, 8)",,"[{'id': 2, 'text': 'ה', 'upos': 'DET', 'xpos': 'DET', 'feats': 'PronType=Art', 'head': 3, 'deprel': 'det:def', 'lemma': 'ה'}, {'id': 3, 'text': 'מילה', 'upos': 'NOUN', 'xpos': 'NOUN', 'feats': 'Gender=Fem|Number=Sing', 'head': 18, 'deprel': 'nsubj', 'lemma': 'מילה'}]"
4,שיכון,NOUN,NOUN,Gender=Masc|Number=Sing,3.0,flat:name,"(9, 14)",שיכון,
5,כפי,SCONJ,SCONJ,,8.0,mark,"(15, 18)",כפי,
"(6, 7)",שהיא,,,,,,"(19, 23)",,"[{'id': 6, 'text': 'ש', 'upos': 'SCONJ', 'xpos': 'SCONJ', 'head': 5, 'deprel': 'fixed', 'lemma': 'ש'}, {'id': 7, 'text': 'היא', 'upos': 'PRON', 'xpos': 'PRON', 'feats': 'Gender=Fem|Number=Sing|Person=3|PronType=Prs', 'head': 8, 'deprel': 'nsubj', 'lemma': 'הוא'}]"
8,נתפסת,VERB,VERB,"Gender=Fem|HebBinyan=NIFAL|Number=Sing|Person=1,2,3|VerbForm=Part|Voice=Mid",3.0,advcl,"(24, 29)",נתפס,
9,היום,ADV,ADV,,8.0,advmod,"(30, 34)",היום,
10,",",PUNCT,PUNCT,,8.0,punct,"(35, 36)",",",
11,עבור,ADP,ADP,,12.0,case,"(37, 41)",עבור,
12,רבים,VERB,VERB,"Gender=Masc|HebBinyan=PAAL|Number=Plur|Person=1,2,3|VerbForm=Part|Voice=Act",8.0,obl,"(42, 46)",רב,
"(13, 14)",במחקר,,,,,,"(47, 52)",,"[{'id': 13, 'text': 'ב', 'upos': 'ADP', 'xpos': 'ADP', 'head': 14, 'deprel': 'case', 'lemma': 'ב'}, {'id': 14, 'text': 'מחקר', 'upos': 'NOUN', 'xpos': 'NOUN', 'feats': 'Gender=Masc|Number=Sing', 'head': 8, 'deprel': 'obl', 'lemma': 'מחקר'}]"
15,זה,PRON,PRON,Gender=Masc|Number=Sing|Person=3|PronType=Dem,14.0,det,"(53, 55)",זה,
16,",",PUNCT,PUNCT,,18.0,punct,"(56, 57)",",",
17,הנה,ADV,ADV,,18.0,advmod,"(58, 61)",הנה,
18,מפלט,NOUN,NOUN,Gender=Masc|Number=Sing,0.0,root,"(62, 66)",מפלט,
19,אחרון,ADJ,ADJ,Gender=Masc|Number=Sing,18.0,amod,"(67, 72)",אחרון,
"(20, 21)",לפתרון,,,,,,"(73, 79)",,"[{'id': 20, 'text': 'ל', 'upos': 'ADP', 'xpos': 'ADP', 'head': 21, 'deprel': 'case', 'lemma': 'ל'}, {'id': 21, 'text': 'פתרון', 'upos': 'NOUN', 'xpos': 'NOUN', 'feats': 'Definite=Cons|Gender=Masc|Number=Sing', 'head': 18, 'deprel': 'nmod', 'lemma': 'פתרון'}]"
22,בעיית,NOUN,NOUN,Definite=Cons|Gender=Fem|Number=Sing,21.0,compound:smixut,"(80, 85)",בעיה,
"(23, 24)",הדיור,,,,,,"(86, 91)",,"[{'id': 23, 'text': 'ה', 'upos': 'DET', 'xpos': 'DET', 'feats': 'PronType=Art', 'head': 24, 'deprel': 'det:def', 'lemma': 'ה'}, {'id': 24, 'text': 'דיור', 'upos': 'NOUN', 'xpos': 'NOUN', 'feats': 'Gender=Masc|Number=Sing', 'head': 22, 'deprel': 'compound:smixut', 'lemma': 'דיור'}]"
1,•,PUNCT,PUNCT,,10.0,punct,"(1, 2)",•,
"(2, 3)",הממצא,,,,,,"(3, 8)",,"[{'id': 2, 'text': 'ה', 'upos': 'DET', 'xpos': 'DET', 'feats': 'PronType=Art', 'head': 3, 'deprel': 'det:def', 'lemma': 'ה'}, {'id': 3, 'text': 'ממצא', 'upos': 'NOUN', 'xpos': 'NOUN', 'feats': 'Gender=Masc|Number=Sing', 'head': 10, 'deprel': 'nsubj', 'lemma': 'ממצא'}]"
4,הכי,ADV,ADV,,5.0,advmod,"(9, 12)",הכי,
5,מעניין,ADJ,ADJ,Gender=Masc|Number=Sing,3.0,amod,"(13, 19)",מעניין,
"(6, 7)",במחקר,,,,,,"(20, 25)",,"[{'id': 6, 'text': 'ב', 'upos': 'ADP', 'xpos': 'ADP', 'head': 7, 'deprel': 'case', 'lemma': 'ב'}, {'id': 7, 'text': 'מחקר', 'upos': 'NOUN', 'xpos': 'NOUN', 'feats': 'Gender=Masc|Number=Sing', 'head': 3, 'deprel': 'nmod', 'lemma': 'מחקר'}]"
8,זה,PRON,PRON,Gender=Masc|Number=Sing|Person=3|PronType=Dem,7.0,det,"(26, 28)",זה,
9,היה,AUX,AUX,Gender=Masc|Number=Sing|Person=3|Polarity=Pos|Tense=Past|VerbType=Cop,10.0,cop,"(29, 32)",היה,
10,לגלות,VERB,VERB,VerbForm=Inf,0.0,root,"(33, 38)",לגלות,
11,את,ADP,ADP,Case=Acc,13.0,case:acc,"(39, 41)",את,
"(12, 13)",החרדה,,,,,,"(42, 47)",,"[{'id': 12, 'text': 'ה', 'upos': 'DET', 'xpos': 'DET', 'feats': 'PronType=Art', 'head': 13, 'deprel': 'det:def', 'lemma': 'ה'}, {'id': 13, 'text': 'חרדה', 'upos': 'NOUN', 'xpos': 'NOUN', 'feats': 'Gender=Fem|Number=Sing', 'head': 10, 'deprel': 'obj', 'lemma': 'חרדה'}]"
"(14, 15)",בה,,,,,,"(48, 50)",,"[{'id': 14, 'text': 'ב_', 'upos': 'ADP', 'xpos': 'ADP', 'head': 15, 'deprel': 'case', 'lemma': 'ב'}, {'id': 15, 'text': '_היא', 'upos': 'PRON', 'xpos': 'PRON', 'feats': 'Gender=Fem|Number=Sing|Person=3|PronType=Prs', 'head': 16, 'deprel': 'obl', 'lemma': 'הוא'}]"
16,שרויים,VERB,VERB,"Gender=Masc|HebBinyan=PAAL|Number=Plur|Person=1,2,3|VerbForm=Part|Voice=Act",13.0,acl:relcl,"(51, 57)",שרוי,
"(17, 18)",הרווקים,,,,,,"(58, 65)",,"[{'id': 17, 'text': 'ה', 'upos': 'DET', 'xpos': 'DET', 'feats': 'PronType=Art', 'head': 18, 'deprel': 'det:def', 'lemma': 'ה'}, {'id': 18, 'text': 'רווקים', 'upos': 'NOUN', 'xpos': 'NOUN', 'feats': 'Gender=Masc|Number=Plur', 'head': 16, 'deprel': 'nsubj', 'lemma': 'רווק'}]"
"(19, 20)",הצעירים,,,,,,"(66, 73)",,"[{'id': 19, 'text': 'ה', 'upos': 'DET', 'xpos': 'DET', 'feats': 'PronType=Art', 'head': 20, 'deprel': 'det:def', 'lemma': 'ה'}, {'id': 20, 'text': 'צעירים', 'upos': 'ADJ', 'xpos': 'ADJ', 'feats': 'Gender=Masc|Number=Plur', 'head': 18, 'deprel': 'amod', 'lemma': 'צעיר'}]"
"(21, 23)",מהמושג,,,,,,"(74, 80)",,"[{'id': 21, 'text': 'מ', 'upos': 'ADP', 'xpos': 'ADP', 'head': 23, 'deprel': 'case', 'lemma': 'מ'}, {'id': 22, 'text': 'ה', 'upos': 'DET', 'xpos': 'DET', 'feats': 'PronType=Art', 'head': 23, 'deprel': 'det:def', 'lemma': 'ה'}, {'id': 23, 'text': 'מושג', 'upos': 'NOUN', 'xpos': 'NOUN', 'feats': 'Gender=Masc|Number=Sing', 'head': 16, 'deprel': 'obl', 'lemma': 'מושג'}]"
24,בית,NOUN,NOUN,Gender=Masc|Number=Sing,23.0,compound:smixut,"(81, 84)",בית,
"(25, 26)",ועד,,,,,,"(85, 88)",,"[{'id': 25, 'text': 'ו', 'upos': 'CCONJ', 'xpos': 'CCONJ', 'head': 40, 'deprel': 'cc', 'lemma': 'ו'}, {'id': 26, 'text': 'עד', 'upos': 'ADP', 'xpos': 'ADP', 'head': 40, 'deprel': 'advmod', 'lemma': 'עד'}]"
27,כמה,DET,DET,Definite=Cons,26.0,fixed,"(89, 92)",כמה,
"(28, 29)",הנורמה,,,,,,"(93, 99)",,"[{'id': 28, 'text': 'ה', 'upos': 'DET', 'xpos': 'DET', 'feats': 'PronType=Art', 'head': 29, 'deprel': 'det:def', 'lemma': 'ה'}, {'id': 29, 'text': 'נורמה', 'upos': 'NOUN', 'xpos': 'NOUN', 'feats': 'Gender=Fem|Number=Sing', 'head': 40, 'deprel': 'nsubj', 'lemma': 'נורמה'}]"
"(30, 31)",החברתית,,,,,,"(100, 107)",,"[{'id': 30, 'text': 'ה', 'upos': 'DET', 'xpos': 'DET', 'feats': 'PronType=Art', 'head': 31, 'deprel': 'det:def', 'lemma': 'ה'}, {'id': 31, 'text': 'חברתית', 'upos': 'ADJ', 'xpos': 'ADJ', 'feats': 'Gender=Fem|Number=Sing', 'head': 29, 'deprel': 'amod', 'lemma': 'חברתי'}]"
32,(,PUNCT,PUNCT,,34.0,punct,"(108, 109)",(,
"(33, 34)",לבנות,,,,,,"(109, 114)",,"[{'id': 33, 'text': 'ל', 'upos': 'ADP', 'xpos': 'ADP', 'head': 34, 'deprel': 'case', 'lemma': 'ל'}, {'id': 34, 'text': 'בנות', 'upos': 'NOUN', 'xpos': 'NOUN', 'feats': 'Definite=Cons|Gender=Fem|Number=Plur', 'head': 29, 'deprel': 'appos', 'lemma': 'בת'}]"
35,בית,NOUN,NOUN,Gender=Masc|Number=Sing,34.0,compound:smixut,"(115, 118)",בית,
36,לפני,ADP,ADP,,38.0,case,"(119, 123)",לפני,
"(37, 38)",שמתחתנים,,,,,,"(124, 132)",,"[{'id': 37, 'text': 'ש', 'upos': 'SCONJ', 'xpos': 'SCONJ', 'head': 36, 'deprel': 'fixed', 'lemma': 'ש'}, {'id': 38, 'text': 'מתחתנים', 'upos': 'VERB', 'xpos': 'VERB', 'feats': 'Gender=Masc|HebBinyan=PIEL|Number=Plur|Person=1,2,3|VerbForm=Part|Voice=Act', 'head': 34, 'deprel': 'nmod', 'lemma': 'התחתן'}]"
39,),PUNCT,PUNCT,,34.0,punct,"(132, 133)",),
40,חזקה,ADJ,ADJ,Gender=Fem|Number=Sing,10.0,conj,"(134, 138)",חזק,
"(41, 42)",שהם,,,,,,"(139, 142)",,"[{'id': 41, 'text': 'ש', 'upos': 'SCONJ', 'xpos': 'SCONJ', 'head': 44, 'deprel': 'mark', 'lemma': 'ש'}, {'id': 42, 'text': 'הם', 'upos': 'PRON', 'xpos': 'PRON', 'feats': 'Gender=Masc|Number=Plur|Person=3|PronType=Prs', 'head': 44, 'deprel': 'nsubj', 'lemma': 'הוא'}]"
43,אפילו,ADV,ADV,,44.0,advmod,"(143, 148)",אפילו,
44,מתקשים,VERB,VERB,"Gender=Masc|HebBinyan=HITPAEL|Number=Plur|Person=1,2,3|VerbForm=Part",40.0,advcl,"(149, 155)",התקשה,
45,לשקול,VERB,VERB,HebBinyan=PAAL|VerbForm=Inf|Voice=Act,44.0,xcomp,"(156, 161)",שקל,
46,את,ADP,ADP,Case=Acc,48.0,case:acc,"(162, 164)",את,
"(47, 48)",האופציה,,,,,,"(165, 172)",,"[{'id': 47, 'text': 'ה', 'upos': 'DET', 'xpos': 'DET', 'feats': 'PronType=Art', 'head': 48, 'deprel': 'det:def', 'lemma': 'ה'}, {'id': 48, 'text': 'אופציה', 'upos': 'NOUN', 'xpos': 'NOUN', 'feats': 'Gender=Fem|Number=Sing', 'head': 45, 'deprel': 'obj', 'lemma': 'אופציה'}]"
49,של,ADP,ADP,Case=Gen,50.0,case:gen,"(173, 175)",של,
50,שיכון,NOUN,NOUN,Gender=Masc|Number=Sing,48.0,nmod:poss,"(176, 181)",שיכון,
1,•,PUNCT,PUNCT,,5.0,punct,"(1, 2)",•,
"(2, 3)",מצד,,,,,,"(3, 6)",,"[{'id': 2, 'text': 'מ', 'upos': 'ADP', 'xpos': 'ADP', 'head': 3, 'deprel': 'case', 'lemma': 'מ'}, {'id': 3, 'text': 'צד', 'upos': 'NOUN', 'xpos': 'NOUN', 'feats': 'Gender=Masc|Number=Sing', 'head': 5, 'deprel': 'obl', 'lemma': 'צד'}]"
4,שני,NUM,NUM,Gender=Masc|Number=Sing,3.0,amod,"(7, 10)",שני,
5,ראינו,VERB,VERB,"Gender=Fem,Masc|HebBinyan=PAAL|Number=Plur|Person=1|Tense=Past|Voice=Act",0.0,root,"(11, 16)",ראה,
6,כי,SCONJ,SCONJ,,14.0,mark,"(17, 19)",כי,
"(7, 8)",לאלו,,,,,,"(20, 24)",,"[{'id': 7, 'text': 'ל', 'upos': 'ADP', 'xpos': 'ADP', 'head': 8, 'deprel': 'case', 'lemma': 'ל'}, {'id': 8, 'text': 'אלו', 'upos': 'PRON', 'xpos': 'PRON', 'feats': 'Gender=Fem,Masc|Number=Plur|Person=3|PronType=Dem', 'head': 14, 'deprel': 'obl', 'lemma': 'אלו'}]"
"(9, 10)",ששוכרים,,,,,,"(25, 32)",,"[{'id': 9, 'text': 'ש', 'upos': 'SCONJ', 'xpos': 'SCONJ', 'head': 10, 'deprel': 'mark', 'lemma': 'ש'}, {'id': 10, 'text': 'שוכרים', 'upos': 'VERB', 'xpos': 'VERB', 'feats': 'Gender=Masc|HebBinyan=PAAL|Number=Plur|Person=1,2,3|VerbForm=Part|Voice=Act', 'head': 8, 'deprel': 'acl:relcl', 'lemma': 'שוכר'}]"
11,בית,NOUN,NOUN,Gender=Masc|Number=Sing,10.0,obj,"(33, 36)",בית,
12,היום,ADV,ADV,,10.0,advmod,"(37, 41)",היום,
13,",",PUNCT,PUNCT,,14.0,punct,"(41, 42)",",",
14,יש,VERB,VERB,HebExistential=True,5.0,ccomp,"(43, 45)",יש,
15,תשוקה,NOUN,NOUN,Gender=Fem|Number=Sing,14.0,nsubj,"(46, 51)",תשוקה,
"(16, 17)",ורצון,,,,,,"(52, 57)",,"[{'id': 16, 'text': 'ו', 'upos': 'CCONJ', 'xpos': 'CCONJ', 'head': 17, 'deprel': 'cc', 'lemma': 'ו'}, {'id': 17, 'text': 'רצון', 'upos': 'NOUN', 'xpos': 'NOUN', 'feats': 'Gender=Masc|Number=Sing', 'head': 15, 'deprel': 'conj', 'lemma': 'רצון'}]"
18,עז,ADJ,ADJ,Gender=Masc|Number=Sing,17.0,amod,"(58, 60)",עז,
19,להיפטר,VERB,VERB,HebBinyan=NIFAL|VerbForm=Inf|Voice=Mid,15.0,acl,"(61, 67)",נפטר,
"(20, 22)",מהנדידה,,,,,,"(68, 75)",,"[{'id': 20, 'text': 'מ', 'upos': 'ADP', 'xpos': 'ADP', 'head': 22, 'deprel': 'case', 'lemma': 'מ'}, {'id': 21, 'text': 'ה', 'upos': 'DET', 'xpos': 'DET', 'feats': 'PronType=Art', 'head': 22, 'deprel': 'det:def', 'lemma': 'ה'}, {'id': 22, 'text': 'נדידה', 'upos': 'NOUN', 'xpos': 'NOUN', 'feats': 'Gender=Fem|Number=Sing', 'head': 19, 'deprel': 'obl', 'lemma': 'נדידה'}]"
"(23, 24)",ושליטת,,,,,,"(76, 82)",,"[{'id': 23, 'text': 'ו', 'upos': 'CCONJ', 'xpos': 'CCONJ', 'head': 24, 'deprel': 'cc', 'lemma': 'ו'}, {'id': 24, 'text': 'שליטת', 'upos': 'NOUN', 'xpos': 'NOUN', 'feats': 'Definite=Cons|Gender=Fem|Number=Sing', 'head': 22, 'deprel': 'conj', 'lemma': 'שליטה'}]"
"(25, 26)",המשכירים,,,,,,"(83, 91)",,"[{'id': 25, 'text': 'ה', 'upos': 'DET', 'xpos': 'DET', 'feats': 'PronType=Art', 'head': 26, 'deprel': 'det:def', 'lemma': 'ה'}, {'id': 26, 'text': 'משכירים', 'upos': 'VERB', 'xpos': 'VERB', 'feats': 'Gender=Masc|Number=Plur', 'head': 24, 'deprel': 'compound:smixut', 'lemma': 'השכיר'}]"
"(27, 30)",בחייהם,,,,,,"(92, 98)",,"[{'id': 27, 'text': 'ב', 'upos': 'ADP', 'xpos': 'ADP', 'head': 28, 'deprel': 'case', 'lemma': 'ב'}, {'id': 28, 'text': 'חיים_', 'upos': 'NOUN', 'xpos': 'NOUN', 'feats': 'Definite=Def|Gender=Masc|Number=Plur', 'head': 26, 'deprel': 'nmod', 'lemma': 'חיים'}, {'id': 29, 'text': '_של_', 'upos': 'ADP', 'xpos': 'ADP', 'head': 30, 'deprel': 'case:gen', 'lemma': 'של'}, {'id': 30, 'text': '_הם', 'upos': 'PRON', 'xpos': 'PRON', 'feats': 'Case=Gen|Gender=Masc|Number=Plur|Person=3|PronType=Prs', 'head': 28, 'deprel': 'nmod:poss', 'lemma': 'הוא'}]"
"(31, 32)",ולגאול,,,,,,"(99, 105)",,"[{'id': 31, 'text': 'ו', 'upos': 'CCONJ', 'xpos': 'CCONJ', 'head': 32, 'deprel': 'cc', 'lemma': 'ו'}, {'id': 32, 'text': 'לגאול', 'upos': 'VERB', 'xpos': 'VERB', 'feats': 'HebBinyan=PAAL|VerbForm=Inf|Voice=Act', 'head': 19, 'deprel': 'conj', 'lemma': 'גאל'}]"
"(33, 34)",אותם,,,,,,"(106, 110)",,"[{'id': 33, 'text': 'את_', 'upos': 'ADP', 'xpos': 'ADP', 'feats': 'Case=Acc', 'head': 34, 'deprel': 'case:acc', 'lemma': 'את'}, {'id': 34, 'text': '_הם', 'upos': 'PRON', 'xpos': 'PRON', 'feats': 'Gender=Masc|Number=Plur|Person=3|PronType=Prs', 'head': 32, 'deprel': 'obj', 'lemma': 'הוא'}]"
"(35, 37)",מהשכירות,,,,,,"(111, 119)",,"[{'id': 35, 'text': 'מ', 'upos': 'ADP', 'xpos': 'ADP', 'head': 37, 'deprel': 'case', 'lemma': 'מ'}, {'id': 36, 'text': 'ה', 'upos': 'DET', 'xpos': 'DET', 'feats': 'PronType=Art', 'head': 37, 'deprel': 'det:def', 'lemma': 'ה'}, {'id': 37, 'text': 'שכירות', 'upos': 'NOUN', 'xpos': 'NOUN', 'feats': 'Gender=Fem|Number=Sing', 'head': 32, 'deprel': 'obl', 'lemma': 'שכירות'}]"
"(38, 39)",ומוכנים,,,,,,"(120, 127)",,"[{'id': 38, 'text': 'ו', 'upos': 'CCONJ', 'xpos': 'CCONJ', 'head': 39, 'deprel': 'cc', 'lemma': 'ו'}, {'id': 39, 'text': 'מוכנים', 'upos': 'AUX', 'xpos': 'AUX', 'feats': 'Gender=Masc|Number=Plur|Person=1,2,3|VerbType=Mod', 'head': 14, 'deprel': 'conj', 'lemma': 'מוכן'}]"
"(40, 41)",לכל,,,,,,"(128, 131)",,"[{'id': 40, 'text': 'ל', 'upos': 'ADP', 'xpos': 'ADP', 'head': 42, 'deprel': 'case', 'lemma': 'ל'}, {'id': 41, 'text': 'כל', 'upos': 'DET', 'xpos': 'DET', 'feats': 'Definite=Cons', 'head': 42, 'deprel': 'det', 'lemma': 'כול'}]"
42,פתרון,NOUN,NOUN,Gender=Masc|Number=Sing,39.0,obl,"(132, 137)",פתרון,
"(43, 44)",שיקרב,,,,,,"(138, 143)",,"[{'id': 43, 'text': 'ש', 'upos': 'SCONJ', 'xpos': 'SCONJ', 'head': 44, 'deprel': 'mark', 'lemma': 'ש'}, {'id': 44, 'text': 'יקרב', 'upos': 'VERB', 'xpos': 'VERB', 'feats': 'Gender=Masc|HebBinyan=PIEL|Number=Sing|Person=3|Tense=Fut|Voice=Act', 'head': 42, 'deprel': 'acl:relcl', 'lemma': 'קירב'}]"
"(45, 46)",אותם,,,,,,"(144, 148)",,"[{'id': 45, 'text': 'את_', 'upos': 'ADP', 'xpos': 'ADP', 'feats': 'Case=Acc', 'head': 46, 'deprel': 'case:acc', 'lemma': 'את'}, {'id': 46, 'text': '_הם', 'upos': 'PRON', 'xpos': 'PRON', 'feats': 'Gender=Masc|Number=Plur|Person=3|PronType=Prs', 'head': 44, 'deprel': 'obj', 'lemma': 'הוא'}]"
47,להגשים,VERB,VERB,HebBinyan=HIFIL|VerbForm=Inf|Voice=Act,39.0,xcomp,"(149, 155)",הגשים,
48,את,ADP,ADP,Case=Acc,50.0,case:acc,"(156, 158)",את,
"(49, 50)",החלום,,,,,,"(159, 164)",,"[{'id': 49, 'text': 'ה', 'upos': 'DET', 'xpos': 'DET', 'feats': 'PronType=Art', 'head': 50, 'deprel': 'det:def', 'lemma': 'ה'}, {'id': 50, 'text': 'חלום', 'upos': 'NOUN', 'xpos': 'NOUN', 'feats': 'Gender=Masc|Number=Sing', 'head': 47, 'deprel': 'obj', 'lemma': 'חלום'}]"
"(51, 52)",שלהם,,,,,,"(165, 169)",,"[{'id': 51, 'text': 'של_', 'upos': 'ADP', 'xpos': 'ADP', 'feats': 'Case=Gen', 'head': 52, 'deprel': 'case:gen', 'lemma': 'של'}, {'id': 52, 'text': '_הם', 'upos': 'PRON', 'xpos': 'PRON', 'feats': 'Gender=Masc|Number=Plur|Person=3|PronType=Prs', 'head': 50, 'deprel': 'nmod:poss', 'lemma': 'הוא'}]"
53,להיות,AUX,AUX,Polarity=Pos|VerbForm=Inf|VerbType=Cop,50.0,acl,"(170, 175)",היה,
54,בעלי,NOUN,NOUN,Definite=Cons|Gender=Masc|Number=Plur,53.0,obl,"(176, 180)",בעל,
55,בית,NOUN,NOUN,Gender=Masc|Number=Sing,54.0,compound:smixut,"(181, 184)",בית,
1,•,PUNCT,PUNCT,,4.0,punct,"(1, 2)",•,
"(2, 3)",מנגד,,,,,,"(3, 7)",,"[{'id': 2, 'text': 'מ', 'upos': 'ADP', 'xpos': 'ADP', 'head': 3, 'deprel': 'case', 'lemma': 'מ'}, {'id': 3, 'text': 'נגד', 'upos': 'NOUN', 'xpos': 'NOUN', 'feats': 'Gender=Masc|Number=Sing', 'head': 4, 'deprel': 'obl', 'lemma': 'נגד'}]"
4,ראינו,VERB,VERB,"Gender=Fem,Masc|HebBinyan=PAAL|Number=Plur|Person=1|Tense=Past|Voice=Act",0.0,root,"(8, 13)",ראה,
5,קבוצה,NOUN,NOUN,Gender=Fem|Number=Sing,4.0,obj,"(14, 19)",קבוצה,
6,של,ADP,ADP,Case=Gen,7.0,case:gen,"(20, 22)",של,
7,אנשים,NOUN,NOUN,Gender=Masc|Number=Plur,5.0,nmod:poss,"(23, 28)",איש,
"(8, 9)",שמשתוקקים,,,,,,"(29, 38)",,"[{'id': 8, 'text': 'ש', 'upos': 'SCONJ', 'xpos': 'SCONJ', 'head': 9, 'deprel': 'mark', 'lemma': 'ש'}, {'id': 9, 'text': 'משתוקקים', 'upos': 'VERB', 'xpos': 'VERB', 'feats': 'Gender=Masc|HebBinyan=HITPAEL|Number=Plur|Person=1,2,3|VerbForm=Part', 'head': 7, 'deprel': 'acl:relcl', 'lemma': 'השתוקק'}]"
10,גם,ADV,ADV,,11.0,advmod,"(39, 41)",גם,
11,למצוא,VERB,VERB,HebBinyan=PAAL|VerbForm=Inf|Voice=Act,9.0,xcomp,"(42, 47)",מצא,
12,חלקת,NOUN,NOUN,Definite=Cons|Gender=Fem|Number=Sing,11.0,obj,"(48, 52)",חלקה,
13,אדמה,NOUN,NOUN,Gender=Fem|Number=Sing,12.0,compound:smixut,"(53, 57)",אדמה,
14,כדי,ADP,ADP,,15.0,case,"(58, 61)",כדי,
15,לבנות,VERB,VERB,HebBinyan=PAAL|VerbForm=Inf|Voice=Act,11.0,advcl,"(62, 67)",בנה,
16,בית,NOUN,NOUN,Gender=Masc|Number=Sing,15.0,obj,"(68, 71)",בית,
17,עבור,ADP,ADP,,19.0,case,"(72, 76)",עבור,
"(18, 19)",הילדים,,,,,,"(77, 83)",,"[{'id': 18, 'text': 'ה', 'upos': 'DET', 'xpos': 'DET', 'feats': 'PronType=Art', 'head': 19, 'deprel': 'det:def', 'lemma': 'ה'}, {'id': 19, 'text': 'ילדים', 'upos': 'NOUN', 'xpos': 'NOUN', 'feats': 'Gender=Masc|Number=Plur', 'head': 16, 'deprel': 'nmod', 'lemma': 'ילד'}]"
20,או,CCONJ,CCONJ,,22.0,cc,"(84, 86)",או,
"(21, 22)",הנכדים,,,,,,"(87, 93)",,"[{'id': 21, 'text': 'ה', 'upos': 'DET', 'xpos': 'DET', 'feats': 'PronType=Art', 'head': 22, 'deprel': 'det:def', 'lemma': 'ה'}, {'id': 22, 'text': 'נכדים', 'upos': 'NOUN', 'xpos': 'NOUN', 'feats': 'Gender=Masc|Number=Plur', 'head': 19, 'deprel': 'conj', 'lemma': 'נכד'}]"
"(23, 24)",שלה,,,,,,"(94, 97)",,"[{'id': 23, 'text': 'של_', 'upos': 'ADP', 'xpos': 'ADP', 'feats': 'Case=Gen', 'head': 24, 'deprel': 'case:gen', 'lemma': 'של'}, {'id': 24, 'text': '_היא', 'upos': 'PRON', 'xpos': 'PRON', 'feats': 'Gender=Fem|Number=Sing|Person=3|PronType=Prs', 'head': 19, 'deprel': 'nmod:poss', 'lemma': 'הוא'}]"
1,•,PUNCT,PUNCT,,12.0,punct,"(1, 2)",•,
"(2, 3)",בבחינת,,,,,,"(3, 9)",,"[{'id': 2, 'text': 'ב', 'upos': 'ADP', 'xpos': 'ADP', 'head': 3, 'deprel': 'case', 'lemma': 'ב'}, {'id': 3, 'text': 'בחינת', 'upos': 'NOUN', 'xpos': 'NOUN', 'feats': 'Definite=Cons|Gender=Fem|Number=Sing', 'head': 12, 'deprel': 'obl', 'lemma': 'בחינה'}]"
"(4, 5)",העמדות,,,,,,"(10, 16)",,"[{'id': 4, 'text': 'ה', 'upos': 'DET', 'xpos': 'DET', 'feats': 'PronType=Art', 'head': 5, 'deprel': 'det:def', 'lemma': 'ה'}, {'id': 5, 'text': 'עמדות', 'upos': 'NOUN', 'xpos': 'NOUN', 'feats': 'Gender=Fem|Number=Plur', 'head': 3, 'deprel': 'compound:smixut', 'lemma': 'עמדה'}]"
6,כלפי,ADP,ADP,,7.0,case,"(17, 21)",כלפי,
7,מגורים,NOUN,NOUN,Gender=Masc|Number=Plur,5.0,nmod,"(22, 28)",מגורים,
"(8, 9)",בבניין,,,,,,"(29, 35)",,"[{'id': 8, 'text': 'ב', 'upos': 'ADP', 'xpos': 'ADP', 'head': 9, 'deprel': 'case', 'lemma': 'ב'}, {'id': 9, 'text': 'בניין', 'upos': 'NOUN', 'xpos': 'NOUN', 'feats': 'Gender=Masc|Number=Sing', 'head': 7, 'deprel': 'nmod', 'lemma': 'בניין'}]"
10,משותף,ADJ,ADJ,Gender=Masc|Number=Sing,9.0,amod,"(36, 41)",משותף,
11,",",PUNCT,PUNCT,,12.0,punct,"(42, 43)",",",
12,ראינו,VERB,VERB,"Gender=Fem,Masc|HebBinyan=PAAL|Number=Plur|Person=1|Tense=Past|Voice=Act",0.0,root,"(44, 49)",ראה,
13,כי,SCONJ,SCONJ,,14.0,mark,"(50, 52)",כי,
14,ישנה,VERB,VERB,"Gender=Fem|HebBinyan=NIFAL|Number=Sing|Person=1,2,3|VerbForm=Part|Voice=Mid",12.0,ccomp,"(53, 57)",ישנה,
15,התנגדות,NOUN,NOUN,Gender=Fem|Number=Sing,14.0,nsubj,"(58, 65)",התנגדות,
"(16, 17)",לצורת,,,,,,"(66, 71)",,"[{'id': 16, 'text': 'ל', 'upos': 'ADP', 'xpos': 'ADP', 'head': 17, 'deprel': 'case', 'lemma': 'ל'}, {'id': 17, 'text': 'צורת', 'upos': 'NOUN', 'xpos': 'NOUN', 'feats': 'Definite=Cons|Gender=Fem|Number=Sing', 'head': 15, 'deprel': 'nmod', 'lemma': 'צורה'}]"
18,מגורים,NOUN,NOUN,Gender=Masc|Number=Plur,17.0,compound:smixut,"(72, 78)",מגורים,
19,זו,PRON,PRON,Gender=Fem|Number=Sing|Person=3|PronType=Dem,17.0,det,"(79, 81)",זו,
20,אך,CCONJ,CCONJ,,21.0,cc,"(82, 84)",אך,
21,שמענו,VERB,VERB,"Gender=Fem,Masc|HebBinyan=PAAL|Number=Plur|Person=1|Tense=Past|Voice=Act",12.0,conj,"(85, 90)",שמע,
22,בין,ADP,ADP,,24.0,case,"(91, 94)",בין,
"(23, 24)",השורות,,,,,,"(95, 101)",,"[{'id': 23, 'text': 'ה', 'upos': 'DET', 'xpos': 'DET', 'feats': 'PronType=Art', 'head': 24, 'deprel': 'det:def', 'lemma': 'ה'}, {'id': 24, 'text': 'שורות', 'upos': 'NOUN', 'xpos': 'NOUN', 'feats': 'Gender=Fem|Number=Plur', 'head': 21, 'deprel': 'obl', 'lemma': 'שורה'}]"
"(25, 28)",שבמקרה,,,,,,"(102, 108)",,"[{'id': 25, 'text': 'ש', 'upos': 'SCONJ', 'xpos': 'SCONJ', 'head': 33, 'deprel': 'mark', 'lemma': 'ש'}, {'id': 26, 'text': 'ב', 'upos': 'ADP', 'xpos': 'ADP', 'head': 28, 'deprel': 'case', 'lemma': 'ב'}, {'id': 27, 'text': 'ה_', 'upos': 'DET', 'xpos': 'DET', 'feats': 'PronType=Art', 'head': 28, 'deprel': 'det:def', 'lemma': 'ה'}, {'id': 28, 'text': 'מקרה', 'upos': 'NOUN', 'xpos': 'NOUN', 'feats': 'Gender=Masc|Number=Sing', 'head': 33, 'deprel': 'obl', 'lemma': 'מקרה'}]"
"(29, 30)",הצורך,,,,,,"(109, 114)",,"[{'id': 29, 'text': 'ה', 'upos': 'DET', 'xpos': 'DET', 'feats': 'PronType=Art', 'head': 30, 'deprel': 'det:def', 'lemma': 'ה'}, {'id': 30, 'text': 'צורך', 'upos': 'NOUN', 'xpos': 'NOUN', 'feats': 'Gender=Masc|Number=Sing', 'head': 28, 'deprel': 'nmod', 'lemma': 'צורך'}]"
31,אנשים,NOUN,NOUN,Gender=Masc|Number=Plur,33.0,nsubj,"(115, 120)",איש,
32,יהיו,AUX,AUX,"Gender=Fem,Masc|Number=Plur|Person=3|Polarity=Pos|Tense=Fut|VerbType=Cop",33.0,cop,"(121, 125)",היה,
33,מוכנים,AUX,AUX,"Gender=Masc|Number=Plur|Person=1,2,3|VerbType=Mod",34.0,aux,"(126, 132)",מוכן,
34,לקבל,VERB,VERB,HebBinyan=PIEL|VerbForm=Inf|Voice=Act,21.0,ccomp,"(133, 137)",קיבל,
"(35, 36)",ולהתאקלם,,,,,,"(138, 146)",,"[{'id': 35, 'text': 'ו', 'upos': 'CCONJ', 'xpos': 'CCONJ', 'head': 36, 'deprel': 'cc', 'lemma': 'ו'}, {'id': 36, 'text': 'להתאקלם', 'upos': 'VERB', 'xpos': 'VERB', 'feats': 'HebBinyan=HITPAEL|VerbForm=Inf', 'head': 34, 'deprel': 'conj', 'lemma': 'התאקל'}]"
37,עם,ADP,ADP,,39.0,case,"(147, 149)",עם,
"(38, 39)",האופציה,,,,,,"(150, 157)",,"[{'id': 38, 'text': 'ה', 'upos': 'DET', 'xpos': 'DET', 'feats': 'PronType=Art', 'head': 39, 'deprel': 'det:def', 'lemma': 'ה'}, {'id': 39, 'text': 'אופציה', 'upos': 'NOUN', 'xpos': 'NOUN', 'feats': 'Gender=Fem|Number=Sing', 'head': 34, 'deprel': 'obl', 'lemma': 'אופציה'}]"
"(40, 41)",הזאת,,,,,,"(158, 162)",,"[{'id': 40, 'text': 'ה', 'upos': 'DET', 'xpos': 'DET', 'feats': 'PronType=Art', 'head': 41, 'deprel': 'det:def', 'lemma': 'ה'}, {'id': 41, 'text': 'זאת', 'upos': 'PRON', 'xpos': 'PRON', 'feats': 'Gender=Fem|Number=Sing|Person=3|PronType=Dem', 'head': 39, 'deprel': 'det', 'lemma': 'זאת'}]"
1,הכל,NOUN,NOUN,,3.0,nsubj,"(1, 4)",הכיל,
2,תחת,ADP,ADP,,3.0,case,"(5, 8)",תחת,
3,הסתייגות,NOUN,NOUN,Gender=Fem|Number=Sing,0.0,root,"(9, 17)",הסתייגות,
4,מאוד,ADV,ADV,,5.0,advmod,"(18, 22)",מאוד,
5,חזקה,ADJ,ADJ,Gender=Fem|Number=Sing,3.0,amod,"(23, 27)",חזק,
6,בעיקר,ADV,ADV,,7.0,advmod,"(28, 33)",בעיקר,
7,בקרב,ADP,ADP,,9.0,case,"(34, 38)",בקרב,
"(8, 9)",הגברים,,,,,,"(39, 45)",,"[{'id': 8, 'text': 'ה', 'upos': 'DET', 'xpos': 'DET', 'feats': 'PronType=Art', 'head': 9, 'deprel': 'det:def', 'lemma': 'ה'}, {'id': 9, 'text': 'גברים', 'upos': 'NOUN', 'xpos': 'NOUN', 'feats': 'Gender=Masc|Number=Plur', 'head': 3, 'deprel': 'nmod', 'lemma': 'גבר'}]"
"(10, 11)",לנושא,,,,,,"(46, 51)",,"[{'id': 10, 'text': 'ל', 'upos': 'ADP', 'xpos': 'ADP', 'head': 11, 'deprel': 'case', 'lemma': 'ל'}, {'id': 11, 'text': 'נושא', 'upos': 'NOUN', 'xpos': 'NOUN', 'feats': 'Definite=Cons|Gender=Masc|Number=Sing', 'head': 3, 'deprel': 'nmod', 'lemma': 'נושא'}]"
"(12, 13)",ההרכב,,,,,,"(52, 57)",,"[{'id': 12, 'text': 'ה', 'upos': 'DET', 'xpos': 'DET', 'feats': 'PronType=Art', 'head': 13, 'deprel': 'det:def', 'lemma': 'ה'}, {'id': 13, 'text': 'הרכב', 'upos': 'NOUN', 'xpos': 'NOUN', 'feats': 'Gender=Masc|Number=Sing', 'head': 11, 'deprel': 'compound:smixut', 'lemma': 'הרכב'}]"
14,של,ADP,ADP,Case=Gen,16.0,case:gen,"(58, 60)",של,
"(15, 16)",הבניין,,,,,,"(61, 67)",,"[{'id': 15, 'text': 'ה', 'upos': 'DET', 'xpos': 'DET', 'feats': 'PronType=Art', 'head': 16, 'deprel': 'det:def', 'lemma': 'ה'}, {'id': 16, 'text': 'בניין', 'upos': 'NOUN', 'xpos': 'NOUN', 'feats': 'Gender=Masc|Number=Sing', 'head': 13, 'deprel': 'nmod:poss', 'lemma': 'בניין'}]"
"(17, 18)",המשותף,,,,,,"(68, 74)",,"[{'id': 17, 'text': 'ה', 'upos': 'DET', 'xpos': 'DET', 'feats': 'PronType=Art', 'head': 18, 'deprel': 'det:def', 'lemma': 'ה'}, {'id': 18, 'text': 'משותף', 'upos': 'ADJ', 'xpos': 'ADJ', 'feats': 'Gender=Masc|Number=Sing', 'head': 16, 'deprel': 'amod', 'lemma': 'משותף'}]"
"(1, 2)",וכלל,,,,,,"(1, 5)",,"[{'id': 1, 'text': 'ו', 'upos': 'CCONJ', 'xpos': 'CCONJ', 'head': 2, 'deprel': 'cc', 'lemma': 'ו'}, {'id': 2, 'text': 'כלל', 'upos': 'VERB', 'xpos': 'VERB', 'head': 0, 'deprel': 'root', 'lemma': 'כלל'}]"
"(3, 5)",שהבניין,,,,,,"(6, 13)",,"[{'id': 3, 'text': 'ש', 'upos': 'SCONJ', 'xpos': 'SCONJ', 'head': 6, 'deprel': 'mark', 'lemma': 'ש'}, {'id': 4, 'text': 'ה', 'upos': 'DET', 'xpos': 'DET', 'feats': 'PronType=Art', 'head': 5, 'deprel': 'det:def', 'lemma': 'ה'}, {'id': 5, 'text': 'בניין', 'upos': 'NOUN', 'xpos': 'NOUN', 'feats': 'Gender=Masc|Number=Sing', 'head': 6, 'deprel': 'nsubj', 'lemma': 'בניין'}]"
6,דמה,VERB,VERB,Gender=Fem|HebBinyan=PAAL|Number=Sing|Person=3|Tense=Past|Voice=Act,2.0,advcl,"(14, 17)",דם,
"(7, 8)",לבית,,,,,,"(18, 22)",,"[{'id': 7, 'text': 'ל', 'upos': 'ADP', 'xpos': 'ADP', 'head': 8, 'deprel': 'case', 'lemma': 'ל'}, {'id': 8, 'text': 'בית', 'upos': 'NOUN', 'xpos': 'NOUN', 'feats': 'Definite=Cons|Gender=Masc|Number=Sing', 'head': 6, 'deprel': 'obl', 'lemma': 'בית'}]"
"(9, 10)",המשפחה,,,,,,"(23, 29)",,"[{'id': 9, 'text': 'ה', 'upos': 'DET', 'xpos': 'DET', 'feats': 'PronType=Art', 'head': 10, 'deprel': 'det:def', 'lemma': 'ה'}, {'id': 10, 'text': 'משפחה', 'upos': 'NOUN', 'xpos': 'NOUN', 'feats': 'Gender=Fem|Number=Sing', 'head': 8, 'deprel': 'compound:smixut', 'lemma': 'משפחה'}]"
"(11, 12)",הרב,,,,,,"(30, 33)",,"[{'id': 11, 'text': 'ה', 'upos': 'DET', 'xpos': 'DET', 'feats': 'PronType=Art', 'head': 13, 'deprel': 'det:def', 'lemma': 'ה'}, {'id': 12, 'text': 'רב', 'upos': 'NOUN', 'xpos': 'NOUN', 'feats': 'Gender=Masc|Number=Sing', 'head': 13, 'deprel': 'advmod', 'lemma': 'רב'}]"
13,קומתי,ADJ,ADJ,Gender=Masc|Number=Sing,8.0,amod,"(34, 39)",קומתי,
14,ככל,SCONJ,SCONJ,,15.0,case,"(40, 43)",ככל,
15,שפחתה,NOUN,NOUN,Definite=Cons|Gender=Fem|Number=Sing,6.0,obl,"(44, 49)",שפחתה,
"(16, 17)",ההתנגדות,,,,,,"(50, 58)",,"[{'id': 16, 'text': 'ה', 'upos': 'DET', 'xpos': 'DET', 'feats': 'PronType=Art', 'head': 17, 'deprel': 'det:def', 'lemma': 'ה'}, {'id': 17, 'text': 'התנגדות', 'upos': 'NOUN', 'xpos': 'NOUN', 'feats': 'Gender=Fem|Number=Sing', 'head': 15, 'deprel': 'compound:smixut', 'lemma': 'התנגדות'}]"
1,זה,PRON,PRON,Gender=Masc|Number=Sing|Person=3,2.0,nsubj,"(1, 3)",זה,
2,אומר,VERB,VERB,"Gender=Masc|HebBinyan=PAAL|Number=Sing|Person=1,2,3|VerbForm=Part|Voice=Act",0.0,root,"(4, 8)",אמר,
3,לאפשר,VERB,VERB,HebBinyan=PIEL|VerbForm=Inf|Voice=Act,2.0,xcomp,"(9, 14)",אפשר,
"(4, 5)",למספר,,,,,,"(15, 20)",,"[{'id': 4, 'text': 'ל', 'upos': 'ADP', 'xpos': 'ADP', 'head': 6, 'deprel': 'case', 'lemma': 'ל'}, {'id': 5, 'text': 'מספר', 'upos': 'DET', 'xpos': 'DET', 'feats': 'Definite=Cons', 'head': 6, 'deprel': 'det', 'lemma': 'מספר'}]"
6,אחים,NOUN,NOUN,Number=Plur,3.0,obl,"(21, 25)",אח,
7,או,CCONJ,CCONJ,,8.0,cc,"(26, 28)",או,
8,מכרים,NOUN,NOUN,Gender=Masc|Number=Plur,6.0,conj,"(29, 34)",מכר,
9,לבוא,VERB,VERB,HebBinyan=PAAL|VerbForm=Inf|Voice=Act,3.0,dep,"(35, 39)",בא,
"(10, 11)",ולהתגורר,,,,,,"(40, 48)",,"[{'id': 10, 'text': 'ו', 'upos': 'CCONJ', 'xpos': 'CCONJ', 'head': 11, 'deprel': 'cc', 'lemma': 'ו'}, {'id': 11, 'text': 'להתגורר', 'upos': 'VERB', 'xpos': 'VERB', 'feats': 'HebBinyan=HITPAEL|VerbForm=Inf', 'head': 9, 'deprel': 'conj', 'lemma': 'התגורר'}]"
"(12, 14)",כקבוצה,,,,,,"(49, 55)",,"[{'id': 12, 'text': 'כ', 'upos': 'ADP', 'xpos': 'ADP', 'head': 14, 'deprel': 'case', 'lemma': 'כ'}, {'id': 13, 'text': 'ה_', 'upos': 'DET', 'xpos': 'DET', 'feats': 'PronType=Art', 'head': 14, 'deprel': 'det:def', 'lemma': 'ה'}, {'id': 14, 'text': 'קבוצה', 'upos': 'NOUN', 'xpos': 'NOUN', 'feats': 'Gender=Fem|Number=Sing', 'head': 9, 'deprel': 'obl', 'lemma': 'קבוצה'}]"
"(15, 17)",ובכך,,,,,,"(56, 60)",,"[{'id': 15, 'text': 'ו', 'upos': 'CCONJ', 'xpos': 'CCONJ', 'head': 18, 'deprel': 'cc', 'lemma': 'ו'}, {'id': 16, 'text': 'ב', 'upos': 'ADP', 'xpos': 'ADP', 'head': 17, 'deprel': 'case', 'lemma': 'ב'}, {'id': 17, 'text': 'כך', 'upos': 'PRON', 'xpos': 'PRON', 'feats': 'Person=3|PronType=Dem', 'head': 18, 'deprel': 'obl', 'lemma': 'כך'}]"
18,לשלוט,VERB,VERB,HebBinyan=PAAL|VerbForm=Inf|Voice=Act,9.0,conj,"(61, 66)",שלט,
"(19, 20)",במניין,,,,,,"(67, 73)",,"[{'id': 19, 'text': 'ב', 'upos': 'ADP', 'xpos': 'ADP', 'head': 20, 'deprel': 'case', 'lemma': 'ב'}, {'id': 20, 'text': 'מניין', 'upos': 'NOUN', 'xpos': 'NOUN', 'feats': 'Definite=Cons|Gender=Masc|Number=Sing', 'head': 18, 'deprel': 'obl', 'lemma': 'מניין'}]"
"(21, 22)",השכנים,,,,,,"(74, 80)",,"[{'id': 21, 'text': 'ה', 'upos': 'DET', 'xpos': 'DET', 'feats': 'PronType=Art', 'head': 22, 'deprel': 'det:def', 'lemma': 'ה'}, {'id': 22, 'text': 'שכנים', 'upos': 'NOUN', 'xpos': 'NOUN', 'feats': 'Gender=Masc|Number=Plur', 'head': 20, 'deprel': 'compound:smixut', 'lemma': 'שכן'}]"
1,•,PUNCT,PUNCT,,2.0,punct,"(1, 2)",•,
2,ראינו,VERB,VERB,"Gender=Fem,Masc|HebBinyan=PAAL|Number=Plur|Person=1|Tense=Past|Voice=Act",0.0,root,"(3, 8)",ראה,
3,כי,SCONJ,SCONJ,,4.0,mark,"(9, 11)",כי,
4,קיים,ADJ,ADJ,Gender=Masc|Number=Sing,2.0,ccomp,"(12, 16)",קיים,
5,תנאי,NOUN,NOUN,Definite=Cons|Gender=Masc|Number=Sing,4.0,nsubj,"(17, 21)",תנאי,
6,בל,X,X,,5.0,compound:smixut,"(22, 24)",בל,
7,יעבור,VERB,VERB,Gender=Masc|HebBinyan=PAAL|Number=Sing|Person=3|Tense=Fut|Voice=Act,5.0,acl,"(25, 30)",עבר,
"(8, 9)",בבחירת,,,,,,"(31, 37)",,"[{'id': 8, 'text': 'ב', 'upos': 'ADP', 'xpos': 'ADP', 'head': 9, 'deprel': 'case', 'lemma': 'ב'}, {'id': 9, 'text': 'בחירת', 'upos': 'NOUN', 'xpos': 'NOUN', 'feats': 'Definite=Cons|Gender=Fem|Number=Sing', 'head': 7, 'deprel': 'obl', 'lemma': 'בחירה'}]"
10,מקום,NOUN,NOUN,Definite=Cons|Gender=Masc|Number=Sing,9.0,compound:smixut,"(38, 42)",מקום,
11,מגורים,NOUN,NOUN,Gender=Masc|Number=Plur,10.0,compound:smixut,"(43, 49)",מגורים,
"(12, 13)",וזה,,,,,,"(50, 53)",,"[{'id': 12, 'text': 'ו', 'upos': 'CCONJ', 'xpos': 'CCONJ', 'head': 14, 'deprel': 'cc', 'lemma': 'ו'}, {'id': 13, 'text': 'זה', 'upos': 'PRON', 'xpos': 'PRON', 'feats': 'Gender=Masc|Number=Sing|Person=3', 'head': 14, 'deprel': 'nsubj', 'lemma': 'זה'}]"
14,הימצאות,NOUN,NOUN,Definite=Cons|Gender=Fem|Number=Sing,7.0,dep,"(54, 61)",הימצאות,
"(15, 16)",הבית,,,,,,"(62, 66)",,"[{'id': 15, 'text': 'ה', 'upos': 'DET', 'xpos': 'DET', 'feats': 'PronType=Art', 'head': 16, 'deprel': 'det:def', 'lemma': 'ה'}, {'id': 16, 'text': 'בית', 'upos': 'NOUN', 'xpos': 'NOUN', 'feats': 'Gender=Masc|Number=Sing', 'head': 14, 'deprel': 'compound:smixut', 'lemma': 'בית'}]"
17,/,PUNCT,PUNCT,,19.0,punct,"(67, 68)",/,
"(18, 19)",הדירה,,,,,,"(69, 74)",,"[{'id': 18, 'text': 'ה', 'upos': 'DET', 'xpos': 'DET', 'feats': 'PronType=Art', 'head': 19, 'deprel': 'det:def', 'lemma': 'ה'}, {'id': 19, 'text': 'דירה', 'upos': 'NOUN', 'xpos': 'NOUN', 'feats': 'Gender=Fem|Number=Sing', 'head': 16, 'deprel': 'conj', 'lemma': 'דירה'}]"
"(20, 22)",בגבולות,,,,,,"(75, 82)",,"[{'id': 20, 'text': 'ב', 'upos': 'ADP', 'xpos': 'ADP', 'head': 22, 'deprel': 'case', 'lemma': 'ב'}, {'id': 21, 'text': 'ה_', 'upos': 'DET', 'xpos': 'DET', 'feats': 'PronType=Art', 'head': 22, 'deprel': 'det:def', 'lemma': 'ה'}, {'id': 22, 'text': 'גבולות', 'upos': 'NOUN', 'xpos': 'NOUN', 'feats': 'Gender=Masc|Number=Plur', 'head': 14, 'deprel': 'nmod', 'lemma': 'גבול'}]"
23,סחינין,PROPN,PROPN,,22.0,nmod,"(83, 89)",סחינין,
24,אך,CCONJ,CCONJ,,27.0,cc,"(90, 92)",אך,
25,לא,ADV,ADV,Polarity=Neg,26.0,advmod,"(93, 95)",לא,
26,במקום,ADP,ADP,,27.0,case,"(96, 101)",במקום,
27,נידח,NOUN,NOUN,Gender=Masc|Number=Sing,14.0,nmod,"(102, 106)",נידח,
"(28, 29)",ומנותק,,,,,,"(107, 113)",,"[{'id': 28, 'text': 'ו', 'upos': 'CCONJ', 'xpos': 'CCONJ', 'head': 29, 'deprel': 'cc', 'lemma': 'ו'}, {'id': 29, 'text': 'מנותק', 'upos': 'VERB', 'xpos': 'VERB', 'feats': 'Gender=Masc|HebBinyan=PUAL|Number=Sing|Person=1,2,3|VerbForm=Part|Voice=Pass', 'head': 27, 'deprel': 'amod', 'lemma': 'נותק'}]"
"(30, 31)",מתשתיות,,,,,,"(114, 121)",,"[{'id': 30, 'text': 'מ', 'upos': 'ADP', 'xpos': 'ADP', 'head': 31, 'deprel': 'case', 'lemma': 'מ'}, {'id': 31, 'text': 'תשתיות', 'upos': 'NOUN', 'xpos': 'NOUN', 'feats': 'Gender=Fem|Number=Plur', 'head': 29, 'deprel': 'obl', 'lemma': 'תשתית'}]"
1,•,PUNCT,PUNCT,,14.0,punct,"(1, 2)",•,
2,בניגוד,CCONJ,CCONJ,,4.0,case,"(3, 9)",בניגוד,
"(3, 4)",לתפיסה,,,,,,"(10, 16)",,"[{'id': 3, 'text': 'ל', 'upos': 'ADP', 'xpos': 'ADP', 'head': 2, 'deprel': 'fixed', 'lemma': 'ל'}, {'id': 4, 'text': 'תפיסה', 'upos': 'NOUN', 'xpos': 'NOUN', 'feats': 'Gender=Fem|Number=Sing', 'head': 14, 'deprel': 'obl', 'lemma': 'תפיסה'}]"
5,בקרב,ADP,ADP,,7.0,case,"(17, 21)",בקרב,
"(6, 7)",האוכלוסייה,,,,,,"(22, 32)",,"[{'id': 6, 'text': 'ה', 'upos': 'DET', 'xpos': 'DET', 'feats': 'PronType=Art', 'head': 7, 'deprel': 'det:def', 'lemma': 'ה'}, {'id': 7, 'text': 'אוכלוסייה', 'upos': 'NOUN', 'xpos': 'NOUN', 'feats': 'Gender=Fem|Number=Sing', 'head': 4, 'deprel': 'nmod', 'lemma': 'אוכלוסייה'}]"
"(8, 9)",היהודית,,,,,,"(33, 40)",,"[{'id': 8, 'text': 'ה', 'upos': 'DET', 'xpos': 'DET', 'feats': 'PronType=Art', 'head': 9, 'deprel': 'det:def', 'lemma': 'ה'}, {'id': 9, 'text': 'יהודית', 'upos': 'ADJ', 'xpos': 'ADJ', 'feats': 'Gender=Fem|Number=Sing', 'head': 7, 'deprel': 'amod', 'lemma': 'יהודי'}]"
10,",",PUNCT,PUNCT,,14.0,punct,"(41, 42)",",",
"(11, 12)",השיכון,,,,,,"(43, 49)",,"[{'id': 11, 'text': 'ה', 'upos': 'DET', 'xpos': 'DET', 'feats': 'PronType=Art', 'head': 12, 'deprel': 'det:def', 'lemma': 'ה'}, {'id': 12, 'text': 'שיכון', 'upos': 'NOUN', 'xpos': 'NOUN', 'feats': 'Gender=Masc|Number=Sing', 'head': 14, 'deprel': 'nsubj', 'lemma': 'שיכון'}]"
13,לא,ADV,ADV,Polarity=Neg,14.0,advmod,"(50, 52)",לא,
14,נתפס,VERB,VERB,Gender=Masc|HebBinyan=NIFAL|Number=Sing|Person=3|Tense=Past|Voice=Mid,0.0,root,"(53, 57)",נתפס,
"(15, 17)",כאזור,,,,,,"(58, 63)",,"[{'id': 15, 'text': 'כ', 'upos': 'ADP', 'xpos': 'ADP', 'head': 17, 'deprel': 'case', 'lemma': 'כ'}, {'id': 16, 'text': 'ה_', 'upos': 'DET', 'xpos': 'DET', 'feats': 'PronType=Art', 'head': 17, 'deprel': 'det:def', 'lemma': 'ה'}, {'id': 17, 'text': 'אזור', 'upos': 'NOUN', 'xpos': 'NOUN', 'feats': 'Gender=Masc|Number=Sing', 'head': 14, 'deprel': 'obl', 'lemma': 'אזור'}]"
18,של,ADP,ADP,Case=Gen,19.0,case:gen,"(64, 66)",של,
19,עוני,NOUN,NOUN,Gender=Masc|Number=Sing,17.0,nmod:poss,"(67, 71)",עונה,
1,כי,SCONJ,SCONJ,,5.0,mark,"(1, 3)",כי,
"(2, 3)",מצד,,,,,,"(4, 7)",,"[{'id': 2, 'text': 'מ', 'upos': 'ADP', 'xpos': 'ADP', 'head': 3, 'deprel': 'case', 'lemma': 'מ'}, {'id': 3, 'text': 'צד', 'upos': 'NOUN', 'xpos': 'NOUN', 'feats': 'Gender=Masc|Number=Sing', 'head': 5, 'deprel': 'obl', 'lemma': 'צד'}]"
4,אחד,NUM,NUM,Gender=Masc|Number=Sing,3.0,amod,"(8, 11)",אחד,
5,אין,VERB,VERB,HebExistential=True,0.0,root,"(12, 15)",אין,
6,דוגמאות,NOUN,NOUN,Gender=Fem|Number=Plur,5.0,nsubj,"(16, 23)",דוגמה,
7,חיות,ADJ,ADJ,Gender=Fem|Number=Plur,6.0,amod,"(24, 28)",חי,
"(8, 9)",לכך,,,,,,"(29, 32)",,"[{'id': 8, 'text': 'ל', 'upos': 'ADP', 'xpos': 'ADP', 'head': 9, 'deprel': 'case', 'lemma': 'ל'}, {'id': 9, 'text': 'כך', 'upos': 'PRON', 'xpos': 'PRON', 'feats': 'Person=3|PronType=Dem', 'head': 6, 'deprel': 'nmod', 'lemma': 'כך'}]"
"(10, 12)",בסביבה,,,,,,"(33, 39)",,"[{'id': 10, 'text': 'ב', 'upos': 'ADP', 'xpos': 'ADP', 'head': 12, 'deprel': 'case', 'lemma': 'ב'}, {'id': 11, 'text': 'ה_', 'upos': 'DET', 'xpos': 'DET', 'feats': 'PronType=Art', 'head': 12, 'deprel': 'det:def', 'lemma': 'ה'}, {'id': 12, 'text': 'סביבה', 'upos': 'NOUN', 'xpos': 'NOUN', 'feats': 'Gender=Fem|Number=Sing', 'head': 5, 'deprel': 'obl', 'lemma': 'סביבה'}]"
"(13, 14)",הקרובה,,,,,,"(40, 46)",,"[{'id': 13, 'text': 'ה', 'upos': 'DET', 'xpos': 'DET', 'feats': 'PronType=Art', 'head': 14, 'deprel': 'det:def', 'lemma': 'ה'}, {'id': 14, 'text': 'קרובה', 'upos': 'ADJ', 'xpos': 'ADJ', 'feats': 'Gender=Fem|Number=Sing', 'head': 12, 'deprel': 'amod', 'lemma': 'קרוב'}]"
15,של,ADP,ADP,Case=Gen,16.0,case:gen,"(47, 49)",של,
16,תושבי,NOUN,NOUN,Definite=Cons|Gender=Masc|Number=Plur,12.0,nmod,"(50, 55)",תושב,
17,סחינין,PROPN,PROPN,,16.0,compound:smixut,"(56, 62)",סחינין,
1,לכן,ADV,ADV,,6.0,advmod,"(1, 4)",לכן,
"(2, 3)",ההתנגדות,,,,,,"(5, 13)",,"[{'id': 2, 'text': 'ה', 'upos': 'DET', 'xpos': 'DET', 'feats': 'PronType=Art', 'head': 3, 'deprel': 'det:def', 'lemma': 'ה'}, {'id': 3, 'text': 'התנגדות', 'upos': 'NOUN', 'xpos': 'NOUN', 'feats': 'Gender=Fem|Number=Sing', 'head': 6, 'deprel': 'nsubj', 'lemma': 'התנגדות'}]"
4,איננה,AUX,AUX,Gender=Fem|Number=Sing|Person=3|Polarity=Neg|VerbForm=Part|VerbType=Cop,6.0,advmod,"(14, 19)",אינו,
"(5, 6)",למילה,,,,,,"(20, 25)",,"[{'id': 5, 'text': 'ל', 'upos': 'ADP', 'xpos': 'ADP', 'head': 6, 'deprel': 'case', 'lemma': 'ל'}, {'id': 6, 'text': 'מילה', 'upos': 'NOUN', 'xpos': 'NOUN', 'feats': 'Gender=Fem|Number=Sing', 'head': 0, 'deprel': 'root', 'lemma': 'מילה'}]"
7,שיכון,NOUN,NOUN,Gender=Masc|Number=Sing,6.0,compound:smixut,"(26, 31)",שיכון,
8,אלא,CCONJ,CCONJ,,11.0,cc,"(32, 35)",אלא,
"(9, 11)",למהות,,,,,,"(36, 41)",,"[{'id': 9, 'text': 'ל', 'upos': 'ADP', 'xpos': 'ADP', 'head': 11, 'deprel': 'case', 'lemma': 'ל'}, {'id': 10, 'text': 'ה_', 'upos': 'DET', 'xpos': 'DET', 'feats': 'PronType=Art', 'head': 11, 'deprel': 'det:def', 'lemma': 'ה'}, {'id': 11, 'text': 'מהות', 'upos': 'NOUN', 'xpos': 'NOUN', 'feats': 'Gender=Fem|Number=Sing', 'head': 6, 'deprel': 'conj', 'lemma': 'מהות'}]"
12,של,ADP,ADP,Case=Gen,13.0,case:gen,"(42, 44)",של,
13,בית,NOUN,NOUN,Gender=Masc|Number=Sing,11.0,nmod:poss,"(45, 48)",בית,
14,ללא,ADP,ADP,,15.0,case,"(49, 52)",ללא,
15,גג,NOUN,NOUN,Gender=Masc|Number=Sing,13.0,nmod,"(53, 55)",גג,
16,לבנות,VERB,VERB,HebBinyan=PAAL|VerbForm=Inf|Voice=Act,13.0,acl,"(56, 61)",בנה,
"(17, 18)",עליו,,,,,,"(62, 66)",,"[{'id': 17, 'text': 'על_', 'upos': 'ADP', 'xpos': 'ADP', 'head': 18, 'deprel': 'case', 'lemma': 'על'}, {'id': 18, 'text': '_הוא', 'upos': 'PRON', 'xpos': 'PRON', 'feats': 'Gender=Masc|Number=Sing|Person=3|PronType=Prs', 'head': 16, 'deprel': 'obl', 'lemma': 'הוא'}]"
19,",",PUNCT,PUNCT,,16.0,punct,"(66, 67)",",",
"(20, 21)",וללא,,,,,,"(68, 72)",,"[{'id': 20, 'text': 'ו', 'upos': 'CCONJ', 'xpos': 'CCONJ', 'head': 22, 'deprel': 'cc', 'lemma': 'ו'}, {'id': 21, 'text': 'ללא', 'upos': 'ADP', 'xpos': 'ADP', 'head': 22, 'deprel': 'case', 'lemma': 'ללא'}]"
22,קרקע,NOUN,NOUN,Gender=Fem|Number=Sing,13.0,conj,"(73, 77)",קרקע,
"(23, 25)",מתחתיו,,,,,,"(78, 84)",,"[{'id': 23, 'text': 'מתחה_', 'upos': 'VERB', 'xpos': 'VERB', 'feats': 'Definite=Def|Gender=Masc|Number=Sing', 'head': 13, 'deprel': 'nmod', 'lemma': 'התחה'}, {'id': 24, 'text': '_של_', 'upos': 'ADP', 'xpos': 'ADP', 'head': 25, 'deprel': 'case:gen', 'lemma': 'של'}, {'id': 25, 'text': '_הוא', 'upos': 'PRON', 'xpos': 'PRON', 'feats': 'Case=Gen|Gender=Masc|Number=Sing|Person=3|PronType=Prs', 'head': 23, 'deprel': 'nmod:poss', 'lemma': 'הוא'}]"
26,בניגוד,CCONJ,CCONJ,,28.0,case,"(85, 91)",בניגוד,
"(27, 28)",לנורמה,,,,,,"(92, 98)",,"[{'id': 27, 'text': 'ל', 'upos': 'ADP', 'xpos': 'ADP', 'head': 26, 'deprel': 'fixed', 'lemma': 'ל'}, {'id': 28, 'text': 'נורמה', 'upos': 'NOUN', 'xpos': 'NOUN', 'feats': 'Gender=Fem|Number=Sing', 'head': 23, 'deprel': 'nmod', 'lemma': 'נורמה'}]"
"(29, 30)",ולשכיח,,,,,,"(99, 105)",,"[{'id': 29, 'text': 'ו', 'upos': 'CCONJ', 'xpos': 'CCONJ', 'feats': 'HebSource=ConvUncertainHead', 'head': 30, 'deprel': 'cc', 'lemma': 'ו'}, {'id': 30, 'text': 'לשכיח', 'upos': 'VERB', 'xpos': 'VERB', 'feats': 'HebBinyan=PIEL|VerbForm=Inf|Voice=Act', 'head': 28, 'deprel': 'acl', 'lemma': 'שכיח'}]"
31,בקרב,ADP,ADP,,32.0,case,"(106, 110)",בקרב,
32,תושבי,NOUN,NOUN,Definite=Cons|Gender=Masc|Number=Plur,30.0,obl,"(111, 116)",תושב,
"(33, 34)",העיר,,,,,,"(117, 121)",,"[{'id': 33, 'text': 'ה', 'upos': 'DET', 'xpos': 'DET', 'feats': 'PronType=Art', 'head': 34, 'deprel': 'det:def', 'lemma': 'ה'}, {'id': 34, 'text': 'עיר', 'upos': 'NOUN', 'xpos': 'NOUN', 'feats': 'Gender=Fem|Number=Sing', 'head': 32, 'deprel': 'compound:smixut', 'lemma': 'עיר'}]"
1,•,PUNCT,PUNCT,,9.0,punct,"(1, 2)",•,
2,בית,NOUN,NOUN,Definite=Cons|Gender=Masc|Number=Sing,9.0,nsubj:cop,"(3, 6)",בית,
"(3, 4)",החלומות,,,,,,"(7, 14)",,"[{'id': 3, 'text': 'ה', 'upos': 'DET', 'xpos': 'DET', 'feats': 'PronType=Art', 'head': 4, 'deprel': 'det:def', 'lemma': 'ה'}, {'id': 4, 'text': 'חלומות', 'upos': 'NOUN', 'xpos': 'NOUN', 'feats': 'Gender=Masc|Number=Plur', 'head': 2, 'deprel': 'compound:smixut', 'lemma': 'חלום'}]"
5,של,ADP,ADP,Case=Gen,6.0,case:gen,"(15, 17)",של,
6,תושבי,NOUN,NOUN,Definite=Cons|Gender=Masc|Number=Plur,2.0,nmod:poss,"(18, 23)",תושב,
7,סחינין,PROPN,PROPN,,6.0,compound:smixut,"(24, 30)",סחינין,
8,זה,PRON,PRON,Gender=Masc|Number=Sing|Person=3,9.0,cop,"(31, 33)",זה,
9,רכוש,NOUN,NOUN,Gender=Masc|Number=Sing,0.0,root,"(34, 38)",רכוש,
10,פרטי,ADJ,ADJ,Gender=Masc|Number=Sing,9.0,amod,"(39, 43)",פרטי,
"(11, 13)",בסחינין,,,,,,"(44, 51)",,"[{'id': 11, 'text': 'ב', 'upos': 'ADP', 'xpos': 'ADP', 'head': 13, 'deprel': 'case', 'lemma': 'ב'}, {'id': 12, 'text': 'ה_', 'upos': 'DET', 'xpos': 'DET', 'feats': 'PronType=Art', 'head': 13, 'deprel': 'det:def', 'lemma': 'ה'}, {'id': 13, 'text': 'סחינין', 'upos': 'NOUN', 'xpos': 'NOUN', 'feats': 'Gender=Masc|Number=Sing', 'head': 9, 'deprel': 'nmod', 'lemma': 'סחינין'}]"
14,",",PUNCT,PUNCT,,9.0,punct,"(51, 52)",",",
15,בית,NOUN,NOUN,Gender=Masc|HebSource=ConvUncertainHead|Number=Sing,9.0,appos,"(53, 56)",בית,
16,גדול,ADJ,ADJ,Gender=Masc|Number=Sing,15.0,amod,"(57, 61)",גדול,
"(17, 18)",ומרווח,,,,,,"(62, 68)",,"[{'id': 17, 'text': 'ו', 'upos': 'CCONJ', 'xpos': 'CCONJ', 'head': 18, 'deprel': 'cc', 'lemma': 'ו'}, {'id': 18, 'text': 'מרווח', 'upos': 'ADJ', 'xpos': 'ADJ', 'feats': 'Gender=Masc|Number=Sing', 'head': 16, 'deprel': 'conj', 'lemma': 'מרווח'}]"
19,",",PUNCT,PUNCT,,15.0,punct,"(68, 69)",",",
20,עם,ADP,ADP,,21.0,case,"(70, 72)",עם,
21,גג,NOUN,NOUN,Gender=Masc|Number=Sing,15.0,nmod,"(73, 75)",גג,
22,",",PUNCT,PUNCT,,9.0,punct,"(75, 76)",",",
23,בית,NOUN,NOUN,Definite=Cons|Gender=Masc|Number=Sing,26.0,nsubj,"(77, 80)",בית,
"(24, 25)",החלומות,,,,,,"(81, 88)",,"[{'id': 24, 'text': 'ה', 'upos': 'DET', 'xpos': 'DET', 'feats': 'PronType=Art', 'head': 25, 'deprel': 'det:def', 'lemma': 'ה'}, {'id': 25, 'text': 'חלומות', 'upos': 'NOUN', 'xpos': 'NOUN', 'feats': 'Gender=Masc|Number=Plur', 'head': 23, 'deprel': 'compound:smixut', 'lemma': 'חלום'}]"
26,חייב,AUX,AUX,"Gender=Masc|Number=Sing|Person=1,2,3|VerbType=Mod",27.0,aux,"(89, 93)",חייב,
27,להיות,AUX,AUX,Polarity=Pos|VerbForm=Inf|VerbType=Cop,9.0,conj,"(94, 99)",היה,
"(28, 30)",בסביבה,,,,,,"(100, 106)",,"[{'id': 28, 'text': 'ב', 'upos': 'ADP', 'xpos': 'ADP', 'head': 30, 'deprel': 'case', 'lemma': 'ב'}, {'id': 29, 'text': 'ה_', 'upos': 'DET', 'xpos': 'DET', 'feats': 'PronType=Art', 'head': 30, 'deprel': 'det:def', 'lemma': 'ה'}, {'id': 30, 'text': 'סביבה', 'upos': 'NOUN', 'xpos': 'NOUN', 'feats': 'Gender=Fem|Number=Sing', 'head': 27, 'deprel': 'obl', 'lemma': 'סביבה'}]"
"(31, 32)",הטבעית,,,,,,"(107, 113)",,"[{'id': 31, 'text': 'ה', 'upos': 'DET', 'xpos': 'DET', 'feats': 'PronType=Art', 'head': 32, 'deprel': 'det:def', 'lemma': 'ה'}, {'id': 32, 'text': 'טבעית', 'upos': 'ADJ', 'xpos': 'ADJ', 'feats': 'Gender=Fem|Number=Sing', 'head': 30, 'deprel': 'amod', 'lemma': 'טבעי'}]"
33,לא,ADV,ADV,Polarity=Neg,35.0,advmod,"(114, 116)",לא,
34,בין,ADP,ADP,,35.0,case,"(117, 120)",בין,
35,זרים,NOUN,NOUN,Gender=Masc|Number=Plur,30.0,nmod,"(121, 125)",זר,
1,•,PUNCT,PUNCT,,14.0,punct,"(1, 2)",•,
"(2, 5)",ובכן,,,,,,"(3, 7)",,"[{'id': 2, 'text': 'ו', 'upos': 'CCONJ', 'xpos': 'CCONJ', 'head': 14, 'deprel': 'cc', 'lemma': 'ו'}, {'id': 3, 'text': 'ב', 'upos': 'ADP', 'xpos': 'ADP', 'head': 5, 'deprel': 'case', 'lemma': 'ב'}, {'id': 4, 'text': 'ה_', 'upos': 'DET', 'xpos': 'DET', 'feats': 'PronType=Art', 'head': 5, 'deprel': 'det:def', 'lemma': 'ה'}, {'id': 5, 'text': 'כן', 'upos': 'PRON', 'xpos': 'PRON', 'feats': 'Person=3|PronType=Dem', 'head': 14, 'deprel': 'obl', 'lemma': 'כן'}]"
6,הצעת,NOUN,NOUN,Definite=Cons|Gender=Fem|Number=Sing,14.0,nsubj,"(8, 12)",הצעה,
"(7, 8)",המכר,,,,,,"(13, 17)",,"[{'id': 7, 'text': 'ה', 'upos': 'DET', 'xpos': 'DET', 'feats': 'PronType=Art', 'head': 8, 'deprel': 'det:def', 'lemma': 'ה'}, {'id': 8, 'text': 'מכר', 'upos': 'NOUN', 'xpos': 'NOUN', 'feats': 'Gender=Masc|Number=Sing', 'head': 6, 'deprel': 'compound:smixut', 'lemma': 'מכר'}]"
9,של,ADP,ADP,Case=Gen,10.0,case:gen,"(18, 20)",של,
10,פרויקט,NOUN,NOUN,Gender=Masc|Number=Sing,6.0,nmod:poss,"(21, 27)",פרויקט,
"(11, 13)",כזה,,,,,,"(28, 31)",,"[{'id': 11, 'text': 'כ', 'upos': 'ADP', 'xpos': 'ADP', 'head': 13, 'deprel': 'case', 'lemma': 'כ'}, {'id': 12, 'text': 'ה_', 'upos': 'DET', 'xpos': 'DET', 'feats': 'PronType=Art', 'head': 13, 'deprel': 'det:def', 'lemma': 'ה'}, {'id': 13, 'text': 'זה', 'upos': 'PRON', 'xpos': 'PRON', 'feats': 'Gender=Masc|Number=Sing|Person=3', 'head': 10, 'deprel': 'nmod', 'lemma': 'זה'}]"
14,חייבת,AUX,AUX,"Gender=Fem|Number=Sing|Person=1,2,3|VerbType=Mod",15.0,aux,"(32, 37)",חייב,
15,לקחת,VERB,VERB,VerbForm=Inf,0.0,root,"(38, 42)",לקחת,
"(16, 17)",בחשבון,,,,,,"(43, 49)",,"[{'id': 16, 'text': 'ב', 'upos': 'ADP', 'xpos': 'ADP', 'head': 17, 'deprel': 'case', 'lemma': 'ב'}, {'id': 17, 'text': 'חשבון', 'upos': 'NOUN', 'xpos': 'NOUN', 'feats': 'Gender=Masc|Number=Sing', 'head': 15, 'deprel': 'obl', 'lemma': 'חשבון'}]"
18,את,ADP,ADP,Case=Acc,20.0,case:acc,"(50, 52)",את,
"(19, 20)",ההקשר,,,,,,"(53, 58)",,"[{'id': 19, 'text': 'ה', 'upos': 'DET', 'xpos': 'DET', 'feats': 'PronType=Art', 'head': 20, 'deprel': 'det:def', 'lemma': 'ה'}, {'id': 20, 'text': 'הקשר', 'upos': 'NOUN', 'xpos': 'NOUN', 'feats': 'Gender=Masc|Number=Sing', 'head': 15, 'deprel': 'obj', 'lemma': 'הקשר'}]"
"(21, 22)",ולא,,,,,,"(59, 62)",,"[{'id': 21, 'text': 'ו', 'upos': 'CCONJ', 'xpos': 'CCONJ', 'head': 23, 'deprel': 'cc', 'lemma': 'ו'}, {'id': 22, 'text': 'לא', 'upos': 'ADV', 'xpos': 'ADV', 'feats': 'Polarity=Neg', 'head': 23, 'deprel': 'advmod', 'lemma': 'לא'}]"
23,להציע,VERB,VERB,HebBinyan=HIFIL|VerbForm=Inf|Voice=Act,15.0,conj,"(63, 68)",הציע,
24,בניין,NOUN,NOUN,Definite=Cons|Gender=Masc|Number=Sing,23.0,obj,"(69, 74)",בניין,
25,דירות,NOUN,NOUN,Gender=Fem|Number=Plur,24.0,compound:smixut,"(75, 80)",דירה,
26,משותף,ADJ,ADJ,Gender=Masc|Number=Sing,24.0,amod,"(81, 86)",משותף,
"(27, 28)",כיחידה,,,,,,"(87, 93)",,"[{'id': 27, 'text': 'כ', 'upos': 'ADP', 'xpos': 'ADP', 'head': 28, 'deprel': 'case', 'lemma': 'כ'}, {'id': 28, 'text': 'יחידה', 'upos': 'NOUN', 'xpos': 'NOUN', 'feats': 'Gender=Fem|Number=Sing', 'head': 23, 'deprel': 'obl', 'lemma': 'יחידה'}]"
29,עצמאית,ADJ,ADJ,Gender=Fem|Number=Sing,28.0,amod,"(94, 100)",עצמאי,
30,",",PUNCT,PUNCT,,15.0,punct,"(101, 102)",",",
31,אלא,CCONJ,CCONJ,,32.0,cc,"(103, 106)",אלא,
32,לעטוף,VERB,VERB,HebBinyan=PAAL|VerbForm=Inf|Voice=Act,15.0,conj,"(107, 112)",עטף,
33,את,ADP,ADP,Case=Acc,34.0,case:acc,"(113, 115)",את,
34,זה,PRON,PRON,Gender=Masc|Number=Sing|Person=3,32.0,obj,"(116, 118)",זה,
"(35, 37)",בארגומנטים,,,,,,"(119, 129)",,"[{'id': 35, 'text': 'ב', 'upos': 'ADP', 'xpos': 'ADP', 'head': 37, 'deprel': 'case', 'lemma': 'ב'}, {'id': 36, 'text': 'ה_', 'upos': 'DET', 'xpos': 'DET', 'feats': 'PronType=Art', 'head': 37, 'deprel': 'det:def', 'lemma': 'ה'}, {'id': 37, 'text': 'ארגומנטים', 'upos': 'NOUN', 'xpos': 'NOUN', 'feats': 'Gender=Masc|Number=Plur', 'head': 32, 'deprel': 'obl', 'lemma': 'ארגומן'}]"
"(38, 39)",שיעזרו,,,,,,"(130, 136)",,"[{'id': 38, 'text': 'ש', 'upos': 'SCONJ', 'xpos': 'SCONJ', 'head': 39, 'deprel': 'mark', 'lemma': 'ש'}, {'id': 39, 'text': 'יעזרו', 'upos': 'VERB', 'xpos': 'VERB', 'feats': 'Gender=Fem,Masc|HebBinyan=PIEL|Number=Plur|Person=3|Tense=Fut|Voice=Act', 'head': 37, 'deprel': 'acl:relcl', 'lemma': 'עזר'}]"
40,להידמות,VERB,VERB,HebBinyan=NIFAL|VerbForm=Inf|Voice=Mid,39.0,xcomp,"(137, 144)",נדמה,
41,את,ADP,ADP,Case=Acc,42.0,case:acc,"(145, 147)",את,
42,זה,PRON,PRON,Gender=Masc|Number=Sing|Person=3,40.0,obj,"(148, 150)",זה,
43,כמה,DET,DET,Definite=Cons,47.0,advmod,"(151, 154)",כמה,
"(44, 45)",שיותר,,,,,,"(155, 160)",,"[{'id': 44, 'text': 'ש', 'upos': 'SCONJ', 'xpos': 'SCONJ', 'head': 43, 'deprel': 'dep', 'lemma': 'ש'}, {'id': 45, 'text': 'יותר', 'upos': 'ADV', 'xpos': 'ADV', 'head': 43, 'deprel': 'advmod', 'lemma': 'יותר'}]"
"(46, 47)",לבית,,,,,,"(161, 165)",,"[{'id': 46, 'text': 'ל', 'upos': 'ADP', 'xpos': 'ADP', 'head': 47, 'deprel': 'case', 'lemma': 'ל'}, {'id': 47, 'text': 'בית', 'upos': 'NOUN', 'xpos': 'NOUN', 'feats': 'Gender=Masc|Number=Sing', 'head': 40, 'deprel': 'obl', 'lemma': 'בית'}]"
48,כפי,SCONJ,SCONJ,,50.0,mark,"(166, 169)",כפי,
"(49, 50)",שמשתקפת,,,,,,"(170, 177)",,"[{'id': 49, 'text': 'ש', 'upos': 'SCONJ', 'xpos': 'SCONJ', 'head': 48, 'deprel': 'fixed', 'lemma': 'ש'}, {'id': 50, 'text': 'משתקפת', 'upos': 'VERB', 'xpos': 'VERB', 'feats': 'Gender=Fem|HebBinyan=HITPAEL|Number=Sing|Person=1,2,3|VerbForm=Part', 'head': 40, 'deprel': 'advcl', 'lemma': 'השתקף'}]"
"(51, 54)",בדעתם,,,,,,"(178, 183)",,"[{'id': 51, 'text': 'ב', 'upos': 'ADP', 'xpos': 'ADP', 'head': 52, 'deprel': 'case', 'lemma': 'ב'}, {'id': 52, 'text': 'דעה_', 'upos': 'NOUN', 'xpos': 'NOUN', 'feats': 'Definite=Def|Gender=Fem|Number=Sing', 'head': 50, 'deprel': 'obl', 'lemma': 'דעה'}, {'id': 53, 'text': '_של_', 'upos': 'ADP', 'xpos': 'ADP', 'head': 54, 'deprel': 'case:gen', 'lemma': 'של'}, {'id': 54, 'text': '_הם', 'upos': 'PRON', 'xpos': 'PRON', 'feats': 'Case=Gen|Gender=Masc|Number=Plur|Person=3|PronType=Prs', 'head': 52, 'deprel': 'nmod:poss', 'lemma': 'הוא'}]"
1,•,PUNCT,PUNCT,,2.0,punct,"(1, 2)",•,
2,יהיו,VERB,VERB,"Gender=Fem,Masc|HebExistential=True|Number=Plur|Person=3|Polarity=Pos|Tense=Fut",0.0,root,"(3, 7)",היה,
3,אלו,PRON,PRON,"Gender=Fem,Masc|Number=Plur|Person=3|PronType=Dem",2.0,nsubj,"(8, 11)",אלו,
"(4, 6)",שהחלום,,,,,,"(12, 18)",,"[{'id': 4, 'text': 'ש', 'upos': 'SCONJ', 'xpos': 'SCONJ', 'head': 10, 'deprel': 'mark', 'lemma': 'ש'}, {'id': 5, 'text': 'ה', 'upos': 'DET', 'xpos': 'DET', 'feats': 'PronType=Art', 'head': 6, 'deprel': 'det:def', 'lemma': 'ה'}, {'id': 6, 'text': 'חלום', 'upos': 'NOUN', 'xpos': 'NOUN', 'feats': 'Gender=Masc|Number=Sing', 'head': 10, 'deprel': 'nsubj:cop', 'lemma': 'חלום'}]"
"(7, 8)",שלהם,,,,,,"(19, 23)",,"[{'id': 7, 'text': 'של_', 'upos': 'ADP', 'xpos': 'ADP', 'feats': 'Case=Gen', 'head': 8, 'deprel': 'case:gen', 'lemma': 'של'}, {'id': 8, 'text': '_הם', 'upos': 'PRON', 'xpos': 'PRON', 'feats': 'Gender=Masc|Number=Plur|Person=3|PronType=Prs', 'head': 6, 'deprel': 'nmod:poss', 'lemma': 'הוא'}]"
9,זה,PRON,PRON,Gender=Masc|Number=Sing|Person=3,10.0,cop,"(24, 26)",זה,
10,צמוד,ADJ,ADJ,Gender=Masc|Number=Sing,3.0,acl:relcl,"(27, 31)",צמוד,
11,קרקע,NOUN,NOUN,Gender=Fem|Number=Sing,10.0,compound:smixut,"(32, 36)",קרקע,
12,או,CCONJ,CCONJ,,14.0,cc,"(37, 39)",או,
13,דו,ADV,ADV,HebSource=ConvUncertainHead|Prefix=Yes,14.0,compound:affix,"(40, 42)",דו,
14,משפחתי,ADJ,ADJ,Gender=Masc|Number=Sing,10.0,conj,"(43, 49)",משפחתי,
"(15, 17)",בכניסות,,,,,,"(50, 57)",,"[{'id': 15, 'text': 'ב', 'upos': 'ADP', 'xpos': 'ADP', 'head': 17, 'deprel': 'case', 'lemma': 'ב'}, {'id': 16, 'text': 'ה_', 'upos': 'DET', 'xpos': 'DET', 'feats': 'PronType=Art', 'head': 17, 'deprel': 'det:def', 'lemma': 'ה'}, {'id': 17, 'text': 'כניסות', 'upos': 'NOUN', 'xpos': 'NOUN', 'feats': 'Gender=Fem|Number=Plur', 'head': 10, 'deprel': 'dep', 'lemma': 'כניסה'}]"
18,נפרדות,ADJ,ADJ,Gender=Fem|Number=Plur,17.0,amod,"(58, 64)",נפרד,
19,עם,ADP,ADP,,20.0,case,"(65, 67)",עם,
20,גג,NOUN,NOUN,Gender=Masc|Number=Sing,17.0,nmod,"(68, 70)",גג,
21,לבנות,VERB,VERB,HebBinyan=PAAL|VerbForm=Inf|Voice=Act,20.0,acl,"(71, 76)",בנה,
"(22, 23)",עליו,,,,,,"(77, 81)",,"[{'id': 22, 'text': 'על_', 'upos': 'ADP', 'xpos': 'ADP', 'head': 23, 'deprel': 'case', 'lemma': 'על'}, {'id': 23, 'text': '_הוא', 'upos': 'PRON', 'xpos': 'PRON', 'feats': 'Gender=Masc|Number=Sing|Person=3|PronType=Prs', 'head': 21, 'deprel': 'obl', 'lemma': 'הוא'}]"
"(1, 2)",ויהיו,,,,,,"(1, 6)",,"[{'id': 1, 'text': 'ו', 'upos': 'CCONJ', 'xpos': 'CCONJ', 'head': 2, 'deprel': 'cc', 'lemma': 'ו'}, {'id': 2, 'text': 'יהיו', 'upos': 'VERB', 'xpos': 'VERB', 'feats': 'Gender=Fem,Masc|HebExistential=True|Number=Plur|Person=3|Polarity=Pos|Tense=Fut', 'head': 0, 'deprel': 'root', 'lemma': 'היה'}]"
3,גם,ADV,ADV,,2.0,advmod,"(7, 9)",גם,
"(4, 6)",כאלה,,,,,,"(10, 14)",,"[{'id': 4, 'text': 'כ', 'upos': 'ADP', 'xpos': 'ADP', 'head': 6, 'deprel': 'case', 'lemma': 'כ'}, {'id': 5, 'text': 'ה_', 'upos': 'DET', 'xpos': 'DET', 'feats': 'PronType=Art', 'head': 6, 'deprel': 'det:def', 'lemma': 'ה'}, {'id': 6, 'text': 'אלה', 'upos': 'PRON', 'xpos': 'PRON', 'feats': 'Gender=Masc|Number=Plur|Person=3|PronType=Dem', 'head': 2, 'deprel': 'obl', 'lemma': 'אלה'}]"
"(7, 9)",שהחלום,,,,,,"(15, 21)",,"[{'id': 7, 'text': 'ש', 'upos': 'SCONJ', 'xpos': 'SCONJ', 'head': 12, 'deprel': 'mark', 'lemma': 'ש'}, {'id': 8, 'text': 'ה', 'upos': 'DET', 'xpos': 'DET', 'feats': 'PronType=Art', 'head': 9, 'deprel': 'det:def', 'lemma': 'ה'}, {'id': 9, 'text': 'חלום', 'upos': 'NOUN', 'xpos': 'NOUN', 'feats': 'Gender=Masc|Number=Sing', 'head': 12, 'deprel': 'nsubj:cop', 'lemma': 'חלום'}]"
"(10, 11)",שלהם,,,,,,"(22, 26)",,"[{'id': 10, 'text': 'של_', 'upos': 'ADP', 'xpos': 'ADP', 'feats': 'Case=Gen', 'head': 11, 'deprel': 'case:gen', 'lemma': 'של'}, {'id': 11, 'text': '_הם', 'upos': 'PRON', 'xpos': 'PRON', 'feats': 'Gender=Masc|Number=Plur|Person=3|PronType=Prs', 'head': 9, 'deprel': 'nmod:poss', 'lemma': 'הוא'}]"
12,זה,PRON,PRON,Gender=Masc|Number=Sing|Person=3,6.0,cop,"(27, 29)",זה,
"(13, 14)",שיהיו,,,,,,"(30, 35)",,"[{'id': 13, 'text': 'ש', 'upos': 'SCONJ', 'xpos': 'SCONJ', 'head': 15, 'deprel': 'mark', 'lemma': 'ש'}, {'id': 14, 'text': 'יהיו', 'upos': 'AUX', 'xpos': 'AUX', 'feats': 'Gender=Fem,Masc|Number=Plur|Person=3|Polarity=Pos|Tense=Fut|VerbType=Cop', 'head': 15, 'deprel': 'cop', 'lemma': 'היה'}]"
15,בעלי,NOUN,NOUN,Definite=Cons|Gender=Masc|Number=Plur,9.0,acl,"(36, 40)",בעל,
16,בית,NOUN,NOUN,Gender=Masc|Number=Sing,15.0,compound:smixut,"(41, 44)",בית,
"(17, 18)",וגם,,,,,,"(45, 48)",,"[{'id': 17, 'text': 'ו', 'upos': 'CCONJ', 'xpos': 'CCONJ', 'head': 21, 'deprel': 'cc', 'lemma': 'ו'}, {'id': 18, 'text': 'גם', 'upos': 'ADV', 'xpos': 'ADV', 'head': 21, 'deprel': 'advmod', 'lemma': 'גם'}]"
19,אם,SCONJ,SCONJ,,21.0,mark,"(49, 51)",אם,
20,זה,PRON,PRON,Gender=Masc|Number=Sing|Person=3,21.0,nsubj,"(52, 54)",זה,
21,דירה,NOUN,NOUN,Gender=Fem|Number=Sing,15.0,conj,"(55, 59)",דירה,
"(22, 23)",בבית,,,,,,"(60, 64)",,"[{'id': 22, 'text': 'ב', 'upos': 'ADP', 'xpos': 'ADP', 'head': 23, 'deprel': 'case', 'lemma': 'ב'}, {'id': 23, 'text': 'בית', 'upos': 'NOUN', 'xpos': 'NOUN', 'feats': 'Gender=Masc|Number=Sing', 'head': 21, 'deprel': 'nmod', 'lemma': 'בית'}]"
24,משותף,ADJ,ADJ,Gender=Masc|Number=Sing,23.0,amod,"(65, 70)",משותף,
"(25, 26)",ורב,,,,,,"(71, 74)",,"[{'id': 25, 'text': 'ו', 'upos': 'CCONJ', 'xpos': 'CCONJ', 'head': 26, 'deprel': 'cc', 'lemma': 'ו'}, {'id': 26, 'text': 'רב', 'upos': 'ADJ', 'xpos': 'ADJ', 'feats': 'Definite=Cons|Gender=Masc|Number=Sing', 'head': 24, 'deprel': 'conj', 'lemma': 'רב'}]"
27,קומות,NOUN,NOUN,Gender=Fem|Number=Plur,26.0,compound:smixut,"(75, 80)",קומה,
"(1, 2)",העיקר,,,,,,"(1, 6)",,"[{'id': 1, 'text': 'ה', 'upos': 'DET', 'xpos': 'DET', 'feats': 'PronType=Art', 'head': 2, 'deprel': 'det:def', 'lemma': 'ה'}, {'id': 2, 'text': 'עיקר', 'upos': 'NOUN', 'xpos': 'NOUN', 'feats': 'Gender=Masc|Number=Sing', 'head': 0, 'deprel': 'root', 'lemma': 'עיקר'}]"
"(3, 4)",שיהיה,,,,,,"(7, 12)",,"[{'id': 3, 'text': 'ש', 'upos': 'SCONJ', 'xpos': 'SCONJ', 'head': 4, 'deprel': 'mark', 'lemma': 'ש'}, {'id': 4, 'text': 'יהיה', 'upos': 'AUX', 'xpos': 'AUX', 'feats': 'Gender=Masc|Number=Sing|Person=3|Polarity=Pos|Tense=Fut|VerbType=Cop', 'head': 2, 'deprel': 'acl:relcl', 'lemma': 'היה'}]"
"(5, 6)",במעטפת,,,,,,"(13, 19)",,"[{'id': 5, 'text': 'ב', 'upos': 'ADP', 'xpos': 'ADP', 'head': 6, 'deprel': 'case', 'lemma': 'ב'}, {'id': 6, 'text': 'מעטפת', 'upos': 'NOUN', 'xpos': 'NOUN', 'feats': 'Gender=Fem|Number=Sing', 'head': 4, 'deprel': 'obl', 'lemma': 'מעטפה'}]"
"(7, 8)",החברתית,,,,,,"(20, 27)",,"[{'id': 7, 'text': 'ה', 'upos': 'DET', 'xpos': 'DET', 'feats': 'PronType=Art', 'head': 8, 'deprel': 'det:def', 'lemma': 'ה'}, {'id': 8, 'text': 'חברתית', 'upos': 'ADJ', 'xpos': 'ADJ', 'feats': 'Gender=Fem|Number=Sing', 'head': 6, 'deprel': 'amod', 'lemma': 'חברתי'}]"
9,תרבותית,ADJ,ADJ,Gender=Fem|Number=Sing,6.0,amod,"(28, 35)",תרבותי,
10,מקובלת,ADJ,ADJ,Gender=Fem|Number=Sing,6.0,amod,"(36, 42)",מקובל,
1,•,PUNCT,PUNCT,,16.0,punct,"(1, 2)",•,
"(2, 6)",כשבדקנו,,,,,,"(3, 10)",,"[{'id': 2, 'text': 'כש', 'upos': 'SCONJ', 'xpos': 'SCONJ', 'feats': 'Case=Tem', 'head': 4, 'deprel': 'mark', 'lemma': 'כש'}, {'id': 3, 'text': 'ב', 'upos': 'ADP', 'xpos': 'ADP', 'head': 4, 'deprel': 'case', 'lemma': 'ב'}, {'id': 4, 'text': 'דק_', 'upos': 'NOUN', 'xpos': 'NOUN', 'feats': 'Definite=Def|Gender=Masc|Number=Plur', 'head': 16, 'deprel': 'ccomp', 'lemma': 'דק'}, {'id': 5, 'text': '_של_', 'upos': 'ADP', 'xpos': 'ADP', 'head': 6, 'deprel': 'case:gen', 'lemma': 'של'}, {'id': 6, 'text': '_הוא', 'upos': 'PRON', 'xpos': 'PRON', 'feats': 'Case=Gen|Gender=Masc|Number=Sing|Person=3|PronType=Prs', 'head': 4, 'deprel': 'nmod:poss', 'lemma': 'הוא'}]"
7,עמדות,NOUN,NOUN,Gender=Fem|Number=Plur,4.0,nsubj,"(11, 16)",עמדה,
8,כלפי,ADP,ADP,,9.0,case,"(17, 21)",כלפי,
9,צורת,NOUN,NOUN,Definite=Cons|Gender=Fem|Number=Sing,7.0,nmod,"(22, 26)",צורה,
"(10, 11)",המגורים,,,,,,"(27, 34)",,"[{'id': 10, 'text': 'ה', 'upos': 'DET', 'xpos': 'DET', 'feats': 'PronType=Art', 'head': 11, 'deprel': 'det:def', 'lemma': 'ה'}, {'id': 11, 'text': 'מגורים', 'upos': 'NOUN', 'xpos': 'NOUN', 'feats': 'Gender=Masc|Number=Plur', 'head': 9, 'deprel': 'compound:smixut', 'lemma': 'מגורים'}]"
12,של,ADP,ADP,Case=Gen,13.0,case:gen,"(35, 37)",של,
13,בניין,NOUN,NOUN,Gender=Masc|Number=Sing,9.0,nmod:poss,"(38, 43)",בניין,
14,רב,ADJ,ADJ,Definite=Cons|Gender=Masc|Number=Sing,13.0,amod,"(44, 46)",רב,
15,קומות,NOUN,NOUN,Gender=Fem|Number=Plur,14.0,compound:smixut,"(47, 52)",קומה,
16,גילינו,VERB,VERB,"Gender=Fem,Masc|HebBinyan=PIEL|Number=Plur|Person=3|Tense=Past|Voice=Act",0.0,root,"(53, 59)",גילה,
17,כי,SCONJ,SCONJ,,18.0,mark,"(60, 62)",כי,
18,קיימת,ADJ,ADJ,Gender=Fem|Number=Sing,16.0,ccomp,"(63, 68)",קיים,
19,התנגדות,NOUN,NOUN,Gender=Fem|Number=Sing,18.0,nsubj,"(69, 76)",התנגדות,
"(20, 21)",וסלידה,,,,,,"(77, 83)",,"[{'id': 20, 'text': 'ו', 'upos': 'CCONJ', 'xpos': 'CCONJ', 'head': 21, 'deprel': 'cc', 'lemma': 'ו'}, {'id': 21, 'text': 'סלידה', 'upos': 'NOUN', 'xpos': 'NOUN', 'feats': 'Gender=Fem|Number=Sing', 'head': 19, 'deprel': 'conj', 'lemma': 'סלידה'}]"
"(22, 23)",מצורת,,,,,,"(84, 89)",,"[{'id': 22, 'text': 'מ', 'upos': 'ADP', 'xpos': 'ADP', 'head': 23, 'deprel': 'case', 'lemma': 'מ'}, {'id': 23, 'text': 'צורת', 'upos': 'NOUN', 'xpos': 'NOUN', 'feats': 'Definite=Cons|Gender=Fem|Number=Sing', 'head': 19, 'deprel': 'nmod', 'lemma': 'צורה'}]"
24,מגורים,NOUN,NOUN,Gender=Masc|Number=Plur,23.0,compound:smixut,"(90, 96)",מגורים,
25,זו,PRON,PRON,Gender=Fem|Number=Sing|Person=3|PronType=Dem,23.0,det,"(97, 99)",זו,
1,בעיקר,ADV,ADV,,3.0,advmod,"(1, 6)",בעיקר,
2,אם,SCONJ,SCONJ,,3.0,mark,"(7, 9)",אם,
3,מדובר,VERB,VERB,"Gender=Masc|HebBinyan=PUAL|Number=Sing|Person=1,2,3|VerbForm=Part|Voice=Pass",0.0,root,"(10, 15)",דובר,
"(4, 6)",בשיכון,,,,,,"(16, 22)",,"[{'id': 4, 'text': 'ב', 'upos': 'ADP', 'xpos': 'ADP', 'head': 6, 'deprel': 'case', 'lemma': 'ב'}, {'id': 5, 'text': 'ה_', 'upos': 'DET', 'xpos': 'DET', 'feats': 'PronType=Art', 'head': 6, 'deprel': 'det:def', 'lemma': 'ה'}, {'id': 6, 'text': 'שיכון', 'upos': 'NOUN', 'xpos': 'NOUN', 'feats': 'Gender=Masc|Number=Sing', 'head': 3, 'deprel': 'obl', 'lemma': 'שיכון'}]"
"(7, 8)",כחלופה,,,,,,"(23, 29)",,"[{'id': 7, 'text': 'כ', 'upos': 'ADP', 'xpos': 'ADP', 'head': 8, 'deprel': 'case', 'lemma': 'כ'}, {'id': 8, 'text': 'חלופה', 'upos': 'NOUN', 'xpos': 'NOUN', 'feats': 'Gender=Fem|Number=Sing', 'head': 3, 'deprel': 'obl', 'lemma': 'חלופה'}]"
9,עצמאית,ADJ,ADJ,Gender=Fem|Number=Sing,8.0,amod,"(30, 36)",עצמאי,
10,(,PUNCT,PUNCT,,12.0,punct,"(37, 38)",(,
"(11, 12)",והתגלה,,,,,,"(38, 44)",,"[{'id': 11, 'text': 'ו', 'upos': 'CCONJ', 'xpos': 'CCONJ', 'head': 12, 'deprel': 'cc', 'lemma': 'ו'}, {'id': 12, 'text': 'התגלה', 'upos': 'VERB', 'xpos': 'VERB', 'feats': 'Gender=Masc|HebBinyan=HITPAEL|Number=Sing|Person=3|Tense=Past', 'head': 3, 'deprel': 'parataxis', 'lemma': 'התגלה'}]"
13,יותר,ADV,ADV,,12.0,advmod,"(45, 49)",יותר,
14,מאוחר,ADV,ADV,,12.0,advmod,"(50, 55)",מאוחר,
"(15, 16)",בעת,,,,,,"(56, 59)",,"[{'id': 15, 'text': 'ב', 'upos': 'ADP', 'xpos': 'ADP', 'head': 16, 'deprel': 'case', 'lemma': 'ב'}, {'id': 16, 'text': 'עת', 'upos': 'NOUN', 'xpos': 'NOUN', 'feats': 'Definite=Cons|Gender=Fem|Number=Sing', 'head': 12, 'deprel': 'obl', 'lemma': 'עת'}]"
17,הצעת,NOUN,NOUN,Definite=Cons|Gender=Fem|Number=Sing,16.0,compound:smixut,"(60, 64)",הצעה,
18,חלופות,NOUN,NOUN,Gender=Fem|Number=Plur,17.0,compound:smixut,"(65, 71)",חלופה,
"(19, 20)",שלמות,,,,,,"(72, 77)",,"[{'id': 19, 'text': 'ש', 'upos': 'SCONJ', 'xpos': 'SCONJ', 'head': 23, 'deprel': 'mark', 'lemma': 'ש'}, {'id': 20, 'text': 'למות', 'upos': 'VERB', 'xpos': 'VERB', 'feats': 'Definite=Cons|Gender=Fem|Number=Sing', 'head': 23, 'deprel': 'nsubj', 'lemma': 'מת'}]"
"(21, 22)",העמדות,,,,,,"(78, 84)",,"[{'id': 21, 'text': 'ה', 'upos': 'DET', 'xpos': 'DET', 'feats': 'PronType=Art', 'head': 22, 'deprel': 'det:def', 'lemma': 'ה'}, {'id': 22, 'text': 'עמדות', 'upos': 'NOUN', 'xpos': 'NOUN', 'feats': 'Gender=Fem|Number=Plur', 'head': 20, 'deprel': 'compound:smixut', 'lemma': 'עמדה'}]"
23,השתנו,VERB,VERB,"Gender=Fem,Masc|HebBinyan=HITPAEL|Number=Plur|Person=3|Tense=Past",12.0,ccomp,"(85, 90)",השתן,
24,בהתאם,ADV,ADV,,23.0,advmod,"(91, 96)",בהתאם,
25,),PUNCT,PUNCT,,11.0,punct,"(96, 97)",),
1,גם,ADV,ADV,,2.0,advmod,"(1, 3)",גם,
2,ראינו,VERB,VERB,"Gender=Fem,Masc|HebBinyan=PAAL|Number=Plur|Person=1|Tense=Past|Voice=Act",0.0,root,"(4, 9)",ראה,
3,כי,SCONJ,SCONJ,,4.0,mark,"(10, 12)",כי,
4,ישנם,VERB,VERB,HebExistential=True,2.0,ccomp,"(13, 17)",יש,
5,שתי,NUM,NUM,Definite=Cons|Gender=Fem|Number=Plur,6.0,nummod,"(18, 21)",שתי,
6,אוכלוסיות,NOUN,NOUN,Gender=Fem|Number=Plur,4.0,nsubj,"(22, 31)",אוכלוסיות,
7,שונות,ADJ,ADJ,Gender=Fem|Number=Plur,6.0,amod,"(32, 37)",שונה,
"(8, 9)",בתכלית,,,,,,"(38, 44)",,"[{'id': 8, 'text': 'ב', 'upos': 'ADP', 'xpos': 'ADP', 'head': 9, 'deprel': 'case', 'lemma': 'ב'}, {'id': 9, 'text': 'תכלית', 'upos': 'NOUN', 'xpos': 'NOUN', 'feats': 'Gender=Fem|Number=Sing', 'head': 6, 'deprel': 'nmod', 'lemma': 'תכלית'}]"
"(10, 11)",מבחינת,,,,,,"(45, 51)",,"[{'id': 10, 'text': 'מ', 'upos': 'ADP', 'xpos': 'ADP', 'head': 11, 'deprel': 'case', 'lemma': 'מ'}, {'id': 11, 'text': 'בחינת', 'upos': 'NOUN', 'xpos': 'NOUN', 'feats': 'Definite=Cons|Gender=Fem|Number=Sing', 'head': 6, 'deprel': 'nmod', 'lemma': 'בחינה'}]"
"(12, 13)",העמדות,,,,,,"(52, 58)",,"[{'id': 12, 'text': 'ה', 'upos': 'DET', 'xpos': 'DET', 'feats': 'PronType=Art', 'head': 13, 'deprel': 'det:def', 'lemma': 'ה'}, {'id': 13, 'text': 'עמדות', 'upos': 'NOUN', 'xpos': 'NOUN', 'feats': 'Gender=Fem|Number=Plur', 'head': 11, 'deprel': 'compound:smixut', 'lemma': 'עמדה'}]"
14,כלפי,ADP,ADP,,15.0,case,"(59, 63)",כלפי,
15,צורת,NOUN,NOUN,Definite=Cons|Gender=Fem|Number=Sing,11.0,nmod,"(64, 68)",צורה,
"(16, 17)",המגורים,,,,,,"(69, 76)",,"[{'id': 16, 'text': 'ה', 'upos': 'DET', 'xpos': 'DET', 'feats': 'PronType=Art', 'head': 17, 'deprel': 'det:def', 'lemma': 'ה'}, {'id': 17, 'text': 'מגורים', 'upos': 'NOUN', 'xpos': 'NOUN', 'feats': 'Gender=Masc|Number=Plur', 'head': 15, 'deprel': 'compound:smixut', 'lemma': 'מגורים'}]"
"(18, 19)",הזאת,,,,,,"(77, 81)",,"[{'id': 18, 'text': 'ה', 'upos': 'DET', 'xpos': 'DET', 'feats': 'PronType=Art', 'head': 19, 'deprel': 'det:def', 'lemma': 'ה'}, {'id': 19, 'text': 'זאת', 'upos': 'PRON', 'xpos': 'PRON', 'feats': 'Gender=Fem|Number=Sing|Person=3|PronType=Dem', 'head': 15, 'deprel': 'det', 'lemma': 'זאת'}]"
1,•,PUNCT,PUNCT,,2.0,punct,"(1, 2)",•,
2,קבוצה,NOUN,NOUN,Gender=Fem|Number=Sing,0.0,root,"(3, 8)",קבוצה,
3,אמידה,ADJ,ADJ,Gender=Fem|Number=Sing,2.0,amod,"(9, 14)",אמיד,
"(4, 5)",שלא,,,,,,"(15, 18)",,"[{'id': 4, 'text': 'ש', 'upos': 'SCONJ', 'xpos': 'SCONJ', 'head': 6, 'deprel': 'mark', 'lemma': 'ש'}, {'id': 5, 'text': 'לא', 'upos': 'ADV', 'xpos': 'ADV', 'feats': 'Polarity=Neg', 'head': 6, 'deprel': 'advmod', 'lemma': 'לא'}]"
6,מוכנה,AUX,AUX,"Gender=Fem|Number=Sing|Person=1,2,3|VerbType=Mod",7.0,aux,"(19, 24)",מוכן,
7,להתפשר,VERB,VERB,HebBinyan=HITPAEL|VerbForm=Inf,2.0,acl:relcl,"(25, 31)",התפשר,
8,על,ADP,ADP,,9.0,case,"(32, 34)",על,
9,בית,NOUN,NOUN,Gender=Masc|Number=Sing,7.0,obl,"(35, 38)",בית,
10,פרטי,ADJ,ADJ,Gender=Masc|Number=Sing,9.0,amod,"(39, 43)",פרטי,
"(11, 12)",ותחפש,,,,,,"(44, 49)",,"[{'id': 11, 'text': 'ו', 'upos': 'CCONJ', 'xpos': 'CCONJ', 'head': 12, 'deprel': 'cc', 'lemma': 'ו'}, {'id': 12, 'text': 'תחפש', 'upos': 'VERB', 'xpos': 'VERB', 'feats': 'Gender=Fem|HebBinyan=PIEL|Number=Sing|Person=3|Tense=Fut|Voice=Act', 'head': 6, 'deprel': 'conj', 'lemma': 'חיפש'}]"
13,לקנות,VERB,VERB,HebBinyan=PAAL|VerbForm=Inf|Voice=Act,12.0,xcomp,"(50, 55)",קנה,
14,חלקת,NOUN,NOUN,Definite=Cons|Gender=Fem|Number=Sing,13.0,obj,"(56, 60)",חלקה,
15,אדמה,NOUN,NOUN,Gender=Fem|Number=Sing,14.0,compound:smixut,"(61, 65)",אדמה,
"(16, 17)",ולבנות,,,,,,"(66, 72)",,"[{'id': 16, 'text': 'ו', 'upos': 'CCONJ', 'xpos': 'CCONJ', 'head': 17, 'deprel': 'cc', 'lemma': 'ו'}, {'id': 17, 'text': 'לבנות', 'upos': 'VERB', 'xpos': 'VERB', 'feats': 'HebBinyan=PAAL|VerbForm=Inf|Voice=Act', 'head': 13, 'deprel': 'conj', 'lemma': 'בנה'}]"
18,עליה,ADV,ADV,,17.0,advmod,"(73, 77)",עלייה,
"(1, 2)",ואגב,,,,,,"(1, 5)",,"[{'id': 1, 'text': 'ו', 'upos': 'CCONJ', 'xpos': 'CCONJ', 'head': 6, 'deprel': 'cc', 'lemma': 'ו'}, {'id': 2, 'text': 'אגב', 'upos': 'ADV', 'xpos': 'ADV', 'head': 6, 'deprel': 'advmod', 'lemma': 'אגב'}]"
3,כאן,ADV,ADV,,6.0,advmod,"(6, 9)",כאן,
4,גם,ADV,ADV,,6.0,advmod,"(10, 12)",גם,
5,לא,ADV,ADV,Polarity=Neg,6.0,advmod,"(13, 15)",לא,
6,אכפת,VERB,VERB,Gender=Masc|Number=Sing|Tense=Past|VerbType=Mod,0.0,root,"(16, 20)",אכפת,
"(7, 8)",להם,,,,,,"(21, 24)",,"[{'id': 7, 'text': 'ל_', 'upos': 'ADP', 'xpos': 'ADP', 'head': 8, 'deprel': 'case', 'lemma': 'ל'}, {'id': 8, 'text': '_הם', 'upos': 'PRON', 'xpos': 'PRON', 'feats': 'Gender=Masc|Number=Plur|Person=3|PronType=Prs', 'head': 6, 'deprel': 'obl', 'lemma': 'הוא'}]"
9,לבנות,VERB,VERB,HebBinyan=PAAL|VerbForm=Inf|Voice=Act,6.0,xcomp,"(25, 30)",בנה,
10,מגדל,NOUN,NOUN,Gender=Masc|Number=Sing,9.0,obj,"(31, 35)",מגדל,
11,רב,ADJ,ADJ,Definite=Cons|Gender=Masc|Number=Sing,10.0,amod,"(36, 38)",רב,
12,קומות,NOUN,NOUN,Gender=Fem|Number=Plur,11.0,compound:smixut,"(39, 44)",קומה,
13,לאכלס,VERB,VERB,HebBinyan=PIEL|HebSource=ConvUncertainHead|VerbForm=Inf|Voice=Act,9.0,dep,"(45, 50)",אכלס,
"(14, 15)",בו,,,,,,"(51, 53)",,"[{'id': 14, 'text': 'ב_', 'upos': 'ADP', 'xpos': 'ADP', 'head': 15, 'deprel': 'case', 'lemma': 'ב'}, {'id': 15, 'text': '_הוא', 'upos': 'PRON', 'xpos': 'PRON', 'feats': 'Gender=Masc|Number=Sing|Person=3|PronType=Prs', 'head': 13, 'deprel': 'obl', 'lemma': 'הוא'}]"
16,את,ADP,ADP,Case=Acc,18.0,case:acc,"(54, 56)",את,
"(17, 18)",הבנים,,,,,,"(57, 62)",,"[{'id': 17, 'text': 'ה', 'upos': 'DET', 'xpos': 'DET', 'feats': 'PronType=Art', 'head': 18, 'deprel': 'det:def', 'lemma': 'ה'}, {'id': 18, 'text': 'בנים', 'upos': 'NOUN', 'xpos': 'NOUN', 'feats': 'Gender=Masc|Number=Plur', 'head': 13, 'deprel': 'obj', 'lemma': 'בן'}]"
19,או,CCONJ,CCONJ,,21.0,cc,"(63, 65)",או,
"(20, 21)",הנכדים,,,,,,"(66, 72)",,"[{'id': 20, 'text': 'ה', 'upos': 'DET', 'xpos': 'DET', 'feats': 'PronType=Art', 'head': 21, 'deprel': 'det:def', 'lemma': 'ה'}, {'id': 21, 'text': 'נכדים', 'upos': 'NOUN', 'xpos': 'NOUN', 'feats': 'Gender=Masc|Number=Plur', 'head': 18, 'deprel': 'conj', 'lemma': 'נכד'}]"
"(22, 23)",העיקר,,,,,,"(73, 78)",,"[{'id': 22, 'text': 'ה', 'upos': 'DET', 'xpos': 'DET', 'feats': 'PronType=Art', 'head': 23, 'deprel': 'det:def', 'lemma': 'ה'}, {'id': 23, 'text': 'עיקר', 'upos': 'NOUN', 'xpos': 'NOUN', 'feats': 'Gender=Masc|Number=Sing', 'head': 13, 'deprel': 'obj', 'lemma': 'עיקר'}]"
"(24, 25)",שיהיה,,,,,,"(79, 84)",,"[{'id': 24, 'text': 'ש', 'upos': 'SCONJ', 'xpos': 'SCONJ', 'head': 25, 'deprel': 'mark', 'lemma': 'ש'}, {'id': 25, 'text': 'יהיה', 'upos': 'AUX', 'xpos': 'AUX', 'feats': 'Gender=Masc|Number=Sing|Person=3|Polarity=Pos|Tense=Fut|VerbType=Cop', 'head': 23, 'deprel': 'acl:relcl', 'lemma': 'היה'}]"
"(26, 27)",שלהם,,,,,,"(85, 89)",,"[{'id': 26, 'text': 'של_', 'upos': 'ADP', 'xpos': 'ADP', 'feats': 'Case=Gen', 'head': 27, 'deprel': 'case:gen', 'lemma': 'של'}, {'id': 27, 'text': '_הם', 'upos': 'PRON', 'xpos': 'PRON', 'feats': 'Gender=Masc|Number=Plur|Person=3|PronType=Prs', 'head': 25, 'deprel': 'obl', 'lemma': 'הוא'}]"
"(1, 3)",ומצד,,,,,,"(1, 5)",,"[{'id': 1, 'text': 'ו', 'upos': 'CCONJ', 'xpos': 'CCONJ', 'head': 27, 'deprel': 'cc', 'lemma': 'ו'}, {'id': 2, 'text': 'מ', 'upos': 'ADP', 'xpos': 'ADP', 'head': 3, 'deprel': 'case', 'lemma': 'מ'}, {'id': 3, 'text': 'צד', 'upos': 'NOUN', 'xpos': 'NOUN', 'feats': 'Gender=Masc|Number=Sing', 'head': 5, 'deprel': 'nmod', 'lemma': 'צד'}]"
4,שני,NUM,NUM,Gender=Masc|Number=Sing,3.0,amod,"(6, 9)",שני,
5,קבוצה,NOUN,NOUN,Gender=Fem|Number=Sing,0.0,root,"(10, 15)",קבוצה,
6,פחות,ADV,ADV,,7.0,advmod,"(16, 20)",פחות,
7,א,ADJ,ADJ,Gender=Fem|Number=Sing,5.0,amod,"(21, 22)",א,
8,מידה,ADJ,ADJ,Gender=Fem|Number=Sing,5.0,amod,"(22, 26)",מידה,
"(9, 10)",ששוכרת,,,,,,"(27, 33)",,"[{'id': 9, 'text': 'ש', 'upos': 'SCONJ', 'xpos': 'SCONJ', 'head': 10, 'deprel': 'mark', 'lemma': 'ש'}, {'id': 10, 'text': 'שוכרת', 'upos': 'VERB', 'xpos': 'VERB', 'feats': 'Gender=Fem|HebBinyan=PAAL|Number=Sing|Person=1,2,3|VerbForm=Part|Voice=Act', 'head': 5, 'deprel': 'acl:relcl', 'lemma': 'שכר'}]"
11,היום,ADV,ADV,,10.0,advmod,"(34, 38)",היום,
12,דירות,NOUN,NOUN,Gender=Fem|Number=Plur,10.0,obj,"(39, 44)",דירה,
"(13, 15)",בסחנין,,,,,,"(45, 51)",,"[{'id': 13, 'text': 'ב', 'upos': 'ADP', 'xpos': 'ADP', 'head': 15, 'deprel': 'case', 'lemma': 'ב'}, {'id': 14, 'text': 'ה_', 'upos': 'DET', 'xpos': 'DET', 'feats': 'PronType=Art', 'head': 15, 'deprel': 'det:def', 'lemma': 'ה'}, {'id': 15, 'text': 'סחנין', 'upos': 'NOUN', 'xpos': 'NOUN', 'feats': 'Gender=Masc|Number=Sing', 'head': 12, 'deprel': 'nmod', 'lemma': 'סחנין'}]"
16,או,CCONJ,CCONJ,,19.0,cc,"(52, 54)",או,
17,מחוצה,ADP,ADP,,19.0,case,"(55, 60)",מחוצה,
"(18, 19)",לה,,,,,,"(61, 63)",,"[{'id': 18, 'text': 'ל_', 'upos': 'ADP', 'xpos': 'ADP', 'head': 19, 'deprel': 'case', 'lemma': 'ל'}, {'id': 19, 'text': '_היא', 'upos': 'PRON', 'xpos': 'PRON', 'feats': 'Gender=Fem|Number=Sing|Person=3|PronType=Prs', 'head': 15, 'deprel': 'conj', 'lemma': 'הוא'}]"
"(20, 21)",שיהיו,,,,,,"(64, 69)",,"[{'id': 20, 'text': 'ש', 'upos': 'SCONJ', 'xpos': 'SCONJ', 'head': 22, 'deprel': 'mark', 'lemma': 'ש'}, {'id': 21, 'text': 'יהיו', 'upos': 'AUX', 'xpos': 'AUX', 'feats': 'Gender=Fem,Masc|Number=Plur|Person=3|Polarity=Pos|Tense=Fut|VerbType=Cop', 'head': 22, 'deprel': 'cop', 'lemma': 'היה'}]"
22,מעוניינים,AUX,AUX,Gender=Masc|Number=Plur,12.0,acl:relcl,"(70, 79)",מעוניינים,
"(23, 24)",בחלופה,,,,,,"(80, 86)",,"[{'id': 23, 'text': 'ב', 'upos': 'ADP', 'xpos': 'ADP', 'head': 24, 'deprel': 'case', 'lemma': 'ב'}, {'id': 24, 'text': 'חלופה', 'upos': 'NOUN', 'xpos': 'NOUN', 'feats': 'Gender=Fem|Number=Sing', 'head': 22, 'deprel': 'obl', 'lemma': 'חלופה'}]"
25,כלכלית,ADJ,ADJ,Gender=Fem|Number=Sing,24.0,amod,"(87, 93)",כלכלי,
26,רלבנטית,ADJ,ADJ,Gender=Fem|Number=Sing,24.0,amod,"(94, 101)",רלבנטי,
"(27, 28)",וכן,,,,,,"(102, 105)",,"[{'id': 27, 'text': 'ו', 'upos': 'CCONJ', 'xpos': 'CCONJ', 'head': 38, 'deprel': 'cc', 'lemma': 'ו'}, {'id': 28, 'text': 'כן', 'upos': 'ADV', 'xpos': 'ADV', 'head': 30, 'deprel': 'det', 'lemma': 'כן'}]"
"(29, 30)",ההתנגדות,,,,,,"(106, 114)",,"[{'id': 29, 'text': 'ה', 'upos': 'DET', 'xpos': 'DET', 'feats': 'PronType=Art', 'head': 30, 'deprel': 'det:def', 'lemma': 'ה'}, {'id': 30, 'text': 'התנגדות', 'upos': 'NOUN', 'xpos': 'NOUN', 'feats': 'Gender=Fem|Number=Sing', 'head': 38, 'deprel': 'nsubj', 'lemma': 'התנגדות'}]"
"(31, 32)",לרב,,,,,,"(115, 118)",,"[{'id': 31, 'text': 'ל', 'upos': 'ADP', 'xpos': 'ADP', 'head': 32, 'deprel': 'case', 'lemma': 'ל'}, {'id': 32, 'text': 'רב', 'upos': 'NOUN', 'xpos': 'NOUN', 'feats': 'Definite=Cons|Gender=Masc|Number=Sing', 'head': 30, 'deprel': 'nmod', 'lemma': 'רב'}]"
33,קומות,NOUN,NOUN,Gender=Fem|Number=Plur,32.0,compound:smixut,"(119, 124)",קומה,
34,הוא,AUX,AUX,Gender=Masc|Number=Sing|Person=3|Polarity=Pos|VerbForm=Part|VerbType=Cop,38.0,nsubj,"(125, 128)",הוא,
35,כמעט,ADV,ADV,,38.0,advmod,"(129, 133)",כמעט,
"(36, 37)",ולא,,,,,,"(134, 137)",,"[{'id': 36, 'text': 'ו', 'upos': 'CCONJ', 'xpos': 'CCONJ', 'head': 38, 'deprel': 'cc', 'lemma': 'ו'}, {'id': 37, 'text': 'לא', 'upos': 'ADV', 'xpos': 'ADV', 'feats': 'Polarity=Neg', 'head': 38, 'deprel': 'advmod', 'lemma': 'לא'}]"
38,קיים,ADJ,ADJ,Gender=Masc|Number=Sing,22.0,conj,"(138, 142)",קיים,
1,•,PUNCT,PUNCT,,5.0,punct,"(1, 2)",•,
"(2, 3)",במחקר,,,,,,"(3, 8)",,"[{'id': 2, 'text': 'ב', 'upos': 'ADP', 'xpos': 'ADP', 'head': 3, 'deprel': 'case', 'lemma': 'ב'}, {'id': 3, 'text': 'מחקר', 'upos': 'NOUN', 'xpos': 'NOUN', 'feats': 'Gender=Masc|Number=Sing', 'head': 5, 'deprel': 'obl', 'lemma': 'מחקר'}]"
4,זה,PRON,PRON,Gender=Masc|Number=Sing|Person=3|PronType=Dem,3.0,det,"(9, 11)",זה,
5,גילינו,VERB,VERB,"Gender=Fem,Masc|HebBinyan=PIEL|Number=Plur|Person=3|Tense=Past|Voice=Act",0.0,root,"(12, 18)",גילה,
6,כי,SCONJ,SCONJ,,9.0,mark,"(19, 21)",כי,
"(7, 8)",להורים,,,,,,"(22, 28)",,"[{'id': 7, 'text': 'ל', 'upos': 'ADP', 'xpos': 'ADP', 'head': 8, 'deprel': 'case', 'lemma': 'ל'}, {'id': 8, 'text': 'הורים', 'upos': 'NOUN', 'xpos': 'NOUN', 'feats': 'Gender=Masc|Number=Plur', 'head': 9, 'deprel': 'obl', 'lemma': 'הורה'}]"
9,יש,VERB,VERB,HebExistential=True,5.0,ccomp,"(29, 31)",יש,
10,השפעה,NOUN,NOUN,Gender=Fem|Number=Sing,9.0,nsubj,"(32, 37)",השפעה,
11,על,ADP,ADP,,12.0,case,"(38, 40)",על,
12,בחירת,NOUN,NOUN,Definite=Cons|Gender=Fem|Number=Sing,10.0,nmod,"(41, 46)",בחירה,
13,מקום,NOUN,NOUN,Definite=Cons|Gender=Masc|Number=Sing,12.0,compound:smixut,"(47, 51)",מקום,
"(14, 15)",המגורים,,,,,,"(52, 59)",,"[{'id': 14, 'text': 'ה', 'upos': 'DET', 'xpos': 'DET', 'feats': 'PronType=Art', 'head': 15, 'deprel': 'det:def', 'lemma': 'ה'}, {'id': 15, 'text': 'מגורים', 'upos': 'NOUN', 'xpos': 'NOUN', 'feats': 'Gender=Masc|Number=Plur', 'head': 13, 'deprel': 'compound:smixut', 'lemma': 'מגורים'}]"
16,בעיקר,ADV,ADV,,17.0,advmod,"(60, 65)",בעיקר,
"(17, 18)",בקבוצות,,,,,,"(66, 73)",,"[{'id': 17, 'text': 'ב', 'upos': 'ADP', 'xpos': 'ADP', 'head': 18, 'deprel': 'case', 'lemma': 'ב'}, {'id': 18, 'text': 'קבוצות', 'upos': 'NOUN', 'xpos': 'NOUN', 'feats': 'Definite=Cons|Gender=Fem|Number=Plur', 'head': 9, 'deprel': 'obl', 'lemma': 'קבוצה'}]"
"(19, 20)",הצעירים,,,,,,"(74, 81)",,"[{'id': 19, 'text': 'ה', 'upos': 'DET', 'xpos': 'DET', 'feats': 'PronType=Art', 'head': 20, 'deprel': 'det:def', 'lemma': 'ה'}, {'id': 20, 'text': 'צעירים', 'upos': 'NOUN', 'xpos': 'NOUN', 'feats': 'Gender=Masc|Number=Plur', 'head': 18, 'deprel': 'compound:smixut', 'lemma': 'צעיר'}]"
"(21, 22)",הרווקים,,,,,,"(82, 89)",,"[{'id': 21, 'text': 'ה', 'upos': 'DET', 'xpos': 'DET', 'feats': 'PronType=Art', 'head': 22, 'deprel': 'det:def', 'lemma': 'ה'}, {'id': 22, 'text': 'רווקים', 'upos': 'ADJ', 'xpos': 'ADJ', 'feats': 'Gender=Masc|Number=Plur', 'head': 20, 'deprel': 'amod', 'lemma': 'רווק'}]"
"(23, 25)",והרווקות,,,,,,"(90, 98)",,"[{'id': 23, 'text': 'ו', 'upos': 'CCONJ', 'xpos': 'CCONJ', 'head': 25, 'deprel': 'cc', 'lemma': 'ו'}, {'id': 24, 'text': 'ה', 'upos': 'DET', 'xpos': 'DET', 'feats': 'PronType=Art', 'head': 25, 'deprel': 'det:def', 'lemma': 'ה'}, {'id': 25, 'text': 'רווקות', 'upos': 'NOUN', 'xpos': 'NOUN', 'feats': 'Gender=Fem|Number=Plur', 'head': 22, 'deprel': 'conj', 'lemma': 'רווקה'}]"
"(1, 2)",וזה,,,,,,"(1, 4)",,"[{'id': 1, 'text': 'ו', 'upos': 'CCONJ', 'xpos': 'CCONJ', 'head': 3, 'deprel': 'cc', 'lemma': 'ו'}, {'id': 2, 'text': 'זה', 'upos': 'PRON', 'xpos': 'PRON', 'feats': 'Gender=Masc|Number=Sing|Person=3', 'head': 3, 'deprel': 'nsubj', 'lemma': 'זה'}]"
3,חשוב,AUX,AUX,"Gender=Masc|Number=Sing|Person=1,2,3|VerbType=Mod",0.0,root,"(5, 9)",חשוב,
"(4, 5)",בקביעת,,,,,,"(10, 16)",,"[{'id': 4, 'text': 'ב', 'upos': 'ADP', 'xpos': 'ADP', 'head': 5, 'deprel': 'case', 'lemma': 'ב'}, {'id': 5, 'text': 'קביעת', 'upos': 'NOUN', 'xpos': 'NOUN', 'feats': 'Definite=Cons|Gender=Fem|Number=Sing', 'head': 3, 'deprel': 'obl', 'lemma': 'קביעה'}]"
6,קהלי,NOUN,NOUN,Definite=Cons|Gender=Masc|Number=Plur,5.0,compound:smixut,"(17, 21)",קהל,
"(7, 8)",היעד,,,,,,"(22, 26)",,"[{'id': 7, 'text': 'ה', 'upos': 'DET', 'xpos': 'DET', 'feats': 'PronType=Art', 'head': 8, 'deprel': 'det:def', 'lemma': 'ה'}, {'id': 8, 'text': 'יעד', 'upos': 'NOUN', 'xpos': 'NOUN', 'feats': 'Gender=Masc|Number=Sing', 'head': 6, 'deprel': 'compound:smixut', 'lemma': 'יעד'}]"
"(9, 10)",בכל,,,,,,"(27, 30)",,"[{'id': 9, 'text': 'ב', 'upos': 'ADP', 'xpos': 'ADP', 'head': 11, 'deprel': 'case', 'lemma': 'ב'}, {'id': 10, 'text': 'כל', 'upos': 'DET', 'xpos': 'DET', 'feats': 'Definite=Cons', 'head': 11, 'deprel': 'det', 'lemma': 'כול'}]"
11,קמפיין,NOUN,NOUN,Gender=Masc|Number=Sing,5.0,nmod,"(31, 37)",קמפיין,
12,תקשורתי,ADJ,ADJ,Gender=Masc|Number=Sing,11.0,amod,"(38, 45)",תקשורתי,
13,צריכים,AUX,AUX,"Gender=Masc|Number=Plur|Person=1,2,3|VerbType=Mod",14.0,aux,"(46, 52)",צריך,
14,להגדיר,VERB,VERB,HebBinyan=HIFIL|VerbForm=Inf|Voice=Act,3.0,advcl,"(53, 59)",הגדיר,
15,את,ADP,ADP,Case=Acc,17.0,case:acc,"(60, 62)",את,
"(16, 17)",ההורים,,,,,,"(63, 69)",,"[{'id': 16, 'text': 'ה', 'upos': 'DET', 'xpos': 'DET', 'feats': 'PronType=Art', 'head': 17, 'deprel': 'det:def', 'lemma': 'ה'}, {'id': 17, 'text': 'הורים', 'upos': 'NOUN', 'xpos': 'NOUN', 'feats': 'Gender=Masc|Number=Plur', 'head': 14, 'deprel': 'obj', 'lemma': 'הורה'}]"
"(18, 19)",כקהלי,,,,,,"(70, 75)",,"[{'id': 18, 'text': 'כ', 'upos': 'ADP', 'xpos': 'ADP', 'head': 19, 'deprel': 'case', 'lemma': 'כ'}, {'id': 19, 'text': 'קהלי', 'upos': 'NOUN', 'xpos': 'NOUN', 'feats': 'Definite=Cons|Gender=Masc|Number=Plur', 'head': 14, 'deprel': 'obl', 'lemma': 'קהל'}]"
20,יעד,NOUN,NOUN,Gender=Masc|Number=Sing,19.0,compound:smixut,"(76, 79)",יעד,
"(21, 22)",משניים,,,,,,"(80, 86)",,"[{'id': 21, 'text': 'מ', 'upos': 'ADP', 'xpos': 'ADP', 'head': 22, 'deprel': 'case', 'lemma': 'מ'}, {'id': 22, 'text': 'שניים', 'upos': 'NUM', 'xpos': 'NUM', 'feats': 'Gender=Masc|Number=Plur', 'head': 19, 'deprel': 'nmod', 'lemma': 'שניים'}]"
"(1, 3)",והגברים,,,,,,"(1, 8)",,"[{'id': 1, 'text': 'ו', 'upos': 'CCONJ', 'xpos': 'CCONJ', 'head': 10, 'deprel': 'cc', 'lemma': 'ו'}, {'id': 2, 'text': 'ה', 'upos': 'DET', 'xpos': 'DET', 'feats': 'PronType=Art', 'head': 3, 'deprel': 'det:def', 'lemma': 'ה'}, {'id': 3, 'text': 'גברים', 'upos': 'NOUN', 'xpos': 'NOUN', 'feats': 'Gender=Masc|Number=Plur', 'head': 10, 'deprel': 'nsubj', 'lemma': 'גבר'}]"
"(4, 5)",הרווקים,,,,,,"(9, 16)",,"[{'id': 4, 'text': 'ה', 'upos': 'DET', 'xpos': 'DET', 'feats': 'PronType=Art', 'head': 5, 'deprel': 'det:def', 'lemma': 'ה'}, {'id': 5, 'text': 'רווקים', 'upos': 'ADJ', 'xpos': 'ADJ', 'feats': 'Gender=Masc|Number=Plur', 'head': 3, 'deprel': 'amod', 'lemma': 'רווק'}]"
6,/,PUNCT,PUNCT,,8.0,punct,"(17, 18)",/,
"(7, 8)",הנשואים,,,,,,"(19, 26)",,"[{'id': 7, 'text': 'ה', 'upos': 'DET', 'xpos': 'DET', 'feats': 'PronType=Art', 'head': 8, 'deprel': 'det:def', 'lemma': 'ה'}, {'id': 8, 'text': 'נשואים', 'upos': 'NOUN', 'xpos': 'NOUN', 'feats': 'Gender=Masc|Number=Plur', 'head': 5, 'deprel': 'conj', 'lemma': 'נשוא'}]"
"(9, 10)",כקהלי,,,,,,"(27, 32)",,"[{'id': 9, 'text': 'כ', 'upos': 'ADP', 'xpos': 'ADP', 'head': 10, 'deprel': 'case', 'lemma': 'כ'}, {'id': 10, 'text': 'קהלי', 'upos': 'NOUN', 'xpos': 'NOUN', 'feats': 'Definite=Cons|Gender=Masc|Number=Plur', 'head': 0, 'deprel': 'root', 'lemma': 'קהל'}]"
"(11, 12)",היעד,,,,,,"(33, 37)",,"[{'id': 11, 'text': 'ה', 'upos': 'DET', 'xpos': 'DET', 'feats': 'PronType=Art', 'head': 12, 'deprel': 'det:def', 'lemma': 'ה'}, {'id': 12, 'text': 'יעד', 'upos': 'NOUN', 'xpos': 'NOUN', 'feats': 'Gender=Masc|Number=Sing', 'head': 10, 'deprel': 'compound:smixut', 'lemma': 'יעד'}]"
"(13, 14)",המרכזיים,,,,,,"(38, 46)",,"[{'id': 13, 'text': 'ה', 'upos': 'DET', 'xpos': 'DET', 'feats': 'PronType=Art', 'head': 14, 'deprel': 'det:def', 'lemma': 'ה'}, {'id': 14, 'text': 'מרכזיים', 'upos': 'ADJ', 'xpos': 'ADJ', 'feats': 'Gender=Masc|Number=Plur', 'head': 12, 'deprel': 'amod', 'lemma': 'מרכזי'}]"
15,",",PUNCT,PUNCT,,10.0,punct,"(47, 48)",",",
16,כי,SCONJ,SCONJ,,23.0,mark,"(49, 51)",כי,
"(17, 18)",מבחינה,,,,,,"(52, 58)",,"[{'id': 17, 'text': 'מ', 'upos': 'ADP', 'xpos': 'ADP', 'head': 18, 'deprel': 'case', 'lemma': 'מ'}, {'id': 18, 'text': 'בחינה', 'upos': 'NOUN', 'xpos': 'NOUN', 'feats': 'Gender=Fem|Number=Sing', 'head': 23, 'deprel': 'nmod', 'lemma': 'בחינה'}]"
19,חברתית,ADJ,ADJ,Gender=Fem|Number=Sing,18.0,amod,"(59, 65)",חברתי,
20,הם,PRON,PRON,Gender=Masc|Number=Plur|Person=3|PronType=Prs,23.0,nsubj,"(66, 68)",הוא,
21,אלו,PRON,PRON,"Gender=Fem,Masc|Number=Plur|Person=3|PronType=Dem",23.0,nsubj,"(69, 72)",אלו,
"(22, 23)",האחראים,,,,,,"(73, 80)",,"[{'id': 22, 'text': 'ה', 'upos': 'DET', 'xpos': 'DET', 'feats': 'PronType=Art', 'head': 23, 'deprel': 'det:def', 'lemma': 'ה'}, {'id': 23, 'text': 'אחראים', 'upos': 'NOUN', 'xpos': 'NOUN', 'feats': 'Gender=Masc|Number=Plur', 'head': 10, 'deprel': 'acl:relcl', 'lemma': 'אחראי'}]"
"(24, 25)",הבלעדיים,,,,,,"(81, 89)",,"[{'id': 24, 'text': 'ה', 'upos': 'DET', 'xpos': 'DET', 'feats': 'PronType=Art', 'head': 25, 'deprel': 'det:def', 'lemma': 'ה'}, {'id': 25, 'text': 'בלעדיים', 'upos': 'ADJ', 'xpos': 'ADJ', 'feats': 'Gender=Masc|Number=Plur', 'head': 23, 'deprel': 'amod', 'lemma': 'בלעדי'}]"
26,על,ADP,ADP,,27.0,case,"(90, 92)",על,
27,אספקת,NOUN,NOUN,Definite=Cons|Gender=Fem|Number=Sing,23.0,nmod,"(93, 98)",אספקה,
28,מקום,NOUN,NOUN,Definite=Cons|Gender=Masc|Number=Sing,27.0,compound:smixut,"(99, 103)",מקום,
"(29, 30)",המגורים,,,,,,"(104, 111)",,"[{'id': 29, 'text': 'ה', 'upos': 'DET', 'xpos': 'DET', 'feats': 'PronType=Art', 'head': 30, 'deprel': 'det:def', 'lemma': 'ה'}, {'id': 30, 'text': 'מגורים', 'upos': 'NOUN', 'xpos': 'NOUN', 'feats': 'Gender=Masc|Number=Plur', 'head': 28, 'deprel': 'compound:smixut', 'lemma': 'מגורים'}]"
1,•,PUNCT,PUNCT,,4.0,punct,"(1, 2)",•,
2,כמו,ADP,ADP,,3.0,case,"(3, 6)",כמו,
3,כן,PRON,PRON,Person=3|PronType=Dem,4.0,obl,"(7, 9)",כן,
4,רצוי,AUX,AUX,"Gender=Masc|Number=Sing|Person=1,2,3|VerbType=Mod",6.0,aux,"(10, 14)",רצוי,
5,אולי,ADV,ADV,,4.0,advmod,"(15, 19)",אולי,
6,לבחון,VERB,VERB,HebBinyan=PAAL|VerbForm=Inf|Voice=Act,0.0,root,"(20, 25)",בחן,
7,לפצל,VERB,VERB,HebBinyan=PIEL|VerbForm=Inf|Voice=Act,6.0,dep,"(26, 30)",פיצל,
8,את,ADP,ADP,Case=Acc,10.0,case:acc,"(31, 33)",את,
"(9, 10)",הקמפיין,,,,,,"(34, 41)",,"[{'id': 9, 'text': 'ה', 'upos': 'DET', 'xpos': 'DET', 'feats': 'PronType=Art', 'head': 10, 'deprel': 'det:def', 'lemma': 'ה'}, {'id': 10, 'text': 'קמפיין', 'upos': 'NOUN', 'xpos': 'NOUN', 'feats': 'Gender=Masc|Number=Sing', 'head': 7, 'deprel': 'obj', 'lemma': 'קמפיין'}]"
"(11, 12)",לשני,,,,,,"(42, 46)",,"[{'id': 11, 'text': 'ל', 'upos': 'ADP', 'xpos': 'ADP', 'head': 13, 'deprel': 'case', 'lemma': 'ל'}, {'id': 12, 'text': 'שני', 'upos': 'NUM', 'xpos': 'NUM', 'feats': 'Definite=Cons|Gender=Masc|Number=Plur', 'head': 13, 'deprel': 'nummod', 'lemma': 'שני'}]"
13,חלקים,NOUN,NOUN,Gender=Masc|Number=Plur,7.0,obl,"(47, 52)",חלק,
1,חלק,NOUN,NOUN,Gender=Masc|Number=Sing,3.0,nsubj,"(1, 4)",חלק,
"(2, 3)",הפונה,,,,,,"(5, 10)",,"[{'id': 2, 'text': 'ה', 'upos': 'SCONJ', 'xpos': 'SCONJ', 'head': 3, 'deprel': 'mark', 'lemma': 'ה'}, {'id': 3, 'text': 'פונה', 'upos': 'VERB', 'xpos': 'VERB', 'feats': 'Gender=Masc|HebBinyan=PAAL|Number=Sing|Person=1,2,3|VerbForm=Part|Voice=Act', 'head': 0, 'deprel': 'root', 'lemma': 'פנה'}]"
"(4, 6)",לציבור,,,,,,"(11, 17)",,"[{'id': 4, 'text': 'ל', 'upos': 'ADP', 'xpos': 'ADP', 'head': 6, 'deprel': 'case', 'lemma': 'ל'}, {'id': 5, 'text': 'ה_', 'upos': 'DET', 'xpos': 'DET', 'feats': 'PronType=Art', 'head': 6, 'deprel': 'det:def', 'lemma': 'ה'}, {'id': 6, 'text': 'ציבור', 'upos': 'NOUN', 'xpos': 'NOUN', 'feats': 'Gender=Masc|Number=Sing', 'head': 3, 'deprel': 'obl', 'lemma': 'ציבור'}]"
"(7, 8)",השוכרים,,,,,,"(18, 25)",,"[{'id': 7, 'text': 'ה', 'upos': 'SCONJ', 'xpos': 'SCONJ', 'head': 8, 'deprel': 'mark', 'lemma': 'ה'}, {'id': 8, 'text': 'שוכרים', 'upos': 'VERB', 'xpos': 'VERB', 'feats': 'Gender=Masc|HebBinyan=PAAL|Number=Plur|Person=1,2,3|VerbForm=Part|Voice=Act', 'head': 6, 'deprel': 'acl:relcl', 'lemma': 'שוכר'}]"
9,היום,ADV,ADV,,8.0,advmod,"(26, 30)",היום,
10,דירות,NOUN,NOUN,Gender=Fem|Number=Plur,8.0,obj,"(31, 36)",דירה,
"(11, 12)",כבעל,,,,,,"(37, 41)",,"[{'id': 11, 'text': 'כ', 'upos': 'ADP', 'xpos': 'ADP', 'head': 12, 'deprel': 'case', 'lemma': 'כ'}, {'id': 12, 'text': 'בעל', 'upos': 'NOUN', 'xpos': 'NOUN', 'feats': 'Definite=Cons|Gender=Masc|Number=Sing', 'head': 8, 'deprel': 'obl', 'lemma': 'בעל'}]"
13,צרכים,NOUN,NOUN,Gender=Masc|Number=Plur,12.0,compound:smixut,"(42, 47)",צרכים,
14,מסוימים,ADJ,ADJ,Gender=Masc|Number=Plur,13.0,amod,"(48, 55)",מסוים,
15,",",PUNCT,PUNCT,,6.0,punct,"(55, 56)",",",
"(16, 19)",ולציבור,,,,,,"(57, 64)",,"[{'id': 16, 'text': 'ו', 'upos': 'CCONJ', 'xpos': 'CCONJ', 'head': 19, 'deprel': 'cc', 'lemma': 'ו'}, {'id': 17, 'text': 'ל', 'upos': 'ADP', 'xpos': 'ADP', 'head': 19, 'deprel': 'case', 'lemma': 'ל'}, {'id': 18, 'text': 'ה_', 'upos': 'DET', 'xpos': 'DET', 'feats': 'PronType=Art', 'head': 19, 'deprel': 'det:def', 'lemma': 'ה'}, {'id': 19, 'text': 'ציבור', 'upos': 'NOUN', 'xpos': 'NOUN', 'feats': 'Gender=Masc|Number=Sing', 'head': 6, 'deprel': 'conj', 'lemma': 'ציבור'}]"
"(20, 21)",המתחתנים,,,,,,"(65, 73)",,"[{'id': 20, 'text': 'ה', 'upos': 'DET', 'xpos': 'DET', 'feats': 'PronType=Art', 'head': 21, 'deprel': 'det:def', 'lemma': 'ה'}, {'id': 21, 'text': 'מתחתנים', 'upos': 'VERB', 'xpos': 'VERB', 'feats': 'Gender=Masc|Number=Plur', 'head': 19, 'deprel': 'amod', 'lemma': 'התחתן'}]"
"(22, 23)",המחפשים,,,,,,"(74, 81)",,"[{'id': 22, 'text': 'ה', 'upos': 'SCONJ', 'xpos': 'SCONJ', 'head': 23, 'deprel': 'mark', 'lemma': 'ה'}, {'id': 23, 'text': 'מחפשים', 'upos': 'VERB', 'xpos': 'VERB', 'feats': 'Gender=Masc|HebBinyan=PIEL|Number=Plur|Person=1,2,3|VerbForm=Part|Voice=Act', 'head': 19, 'deprel': 'acl:relcl', 'lemma': 'חיפש'}]"
24,פתרון,NOUN,NOUN,Definite=Cons|Gender=Masc|Number=Sing,23.0,obj,"(82, 87)",פתרון,
25,דיור,NOUN,NOUN,Gender=Masc|Number=Sing,24.0,compound:smixut,"(88, 92)",דיור,
26,יותר,ADV,ADV,,27.0,advmod,"(93, 97)",יותר,
27,יקר,ADJ,ADJ,Gender=Masc|Number=Sing,25.0,amod,"(98, 101)",יקר,
28,אולי,ADV,ADV,,27.0,advmod,"(102, 106)",אולי,
"(29, 30)",ולפנות,,,,,,"(107, 113)",,"[{'id': 29, 'text': 'ו', 'upos': 'CCONJ', 'xpos': 'CCONJ', 'feats': 'HebSource=ConvUncertainHead', 'head': 30, 'deprel': 'cc', 'lemma': 'ו'}, {'id': 30, 'text': 'לפנות', 'upos': 'VERB', 'xpos': 'VERB', 'feats': 'VerbForm=Inf', 'head': 23, 'deprel': 'xcomp', 'lemma': 'לפנות'}]"
"(31, 32)",אליה,,,,,,"(114, 118)",,"[{'id': 31, 'text': 'אל_', 'upos': 'ADP', 'xpos': 'ADP', 'head': 32, 'deprel': 'case', 'lemma': 'אל'}, {'id': 32, 'text': '_היא', 'upos': 'PRON', 'xpos': 'PRON', 'feats': 'Gender=Fem|Number=Sing|Person=3|PronType=Prs', 'head': 30, 'deprel': 'obl', 'lemma': 'הוא'}]"
"(33, 34)",בצורה,,,,,,"(119, 124)",,"[{'id': 33, 'text': 'ב', 'upos': 'ADP', 'xpos': 'ADP', 'head': 34, 'deprel': 'case', 'lemma': 'ב'}, {'id': 34, 'text': 'צורה', 'upos': 'NOUN', 'xpos': 'NOUN', 'feats': 'Gender=Fem|Number=Sing', 'head': 30, 'deprel': 'obl', 'lemma': 'צורה'}]"
35,אחרת,ADJ,ADJ,Gender=Fem|Number=Sing,34.0,amod,"(125, 129)",אחר,
1,•,PUNCT,PUNCT,,17.0,punct,"(1, 2)",•,
2,גם,ADV,ADV,,5.0,advmod,"(3, 5)",גם,
"(3, 7)",כשבדקנו,,,,,,"(6, 13)",,"[{'id': 3, 'text': 'כש', 'upos': 'SCONJ', 'xpos': 'SCONJ', 'feats': 'Case=Tem', 'head': 5, 'deprel': 'mark', 'lemma': 'כש'}, {'id': 4, 'text': 'ב', 'upos': 'ADP', 'xpos': 'ADP', 'head': 5, 'deprel': 'case', 'lemma': 'ב'}, {'id': 5, 'text': 'דק_', 'upos': 'NOUN', 'xpos': 'NOUN', 'feats': 'Definite=Def|Gender=Masc|Number=Plur', 'head': 17, 'deprel': 'ccomp', 'lemma': 'דק'}, {'id': 6, 'text': '_של_', 'upos': 'ADP', 'xpos': 'ADP', 'head': 7, 'deprel': 'case:gen', 'lemma': 'של'}, {'id': 7, 'text': '_הוא', 'upos': 'PRON', 'xpos': 'PRON', 'feats': 'Case=Gen|Gender=Masc|Number=Sing|Person=3|PronType=Prs', 'head': 5, 'deprel': 'nmod:poss', 'lemma': 'הוא'}]"
8,עמדות,NOUN,NOUN,Gender=Fem|Number=Plur,5.0,nsubj,"(14, 19)",עמדה,
9,כלפי,ADP,ADP,,10.0,case,"(20, 24)",כלפי,
10,מגורים,NOUN,NOUN,Gender=Masc|Number=Plur,8.0,nmod,"(25, 31)",מגורים,
"(11, 12)",בצמודי,,,,,,"(32, 38)",,"[{'id': 11, 'text': 'ב', 'upos': 'ADP', 'xpos': 'ADP', 'head': 12, 'deprel': 'case', 'lemma': 'ב'}, {'id': 12, 'text': 'צמודי', 'upos': 'NOUN', 'xpos': 'NOUN', 'feats': 'Definite=Cons|Gender=Masc|Number=Plur', 'head': 10, 'deprel': 'nmod', 'lemma': 'צמוד'}]"
13,קרקע,NOUN,NOUN,Gender=Fem|Number=Sing,12.0,compound:smixut,"(39, 43)",קרקע,
14,או,CCONJ,CCONJ,,16.0,cc,"(44, 46)",או,
15,דו,ADV,ADV,HebSource=ConvUncertainHead|Prefix=Yes,16.0,compound:affix,"(47, 49)",דו,
16,משפחתי,ADJ,ADJ,Gender=Masc|Number=Sing,12.0,conj,"(50, 56)",משפחתי,
17,גילינו,VERB,VERB,"Gender=Fem,Masc|HebBinyan=PIEL|Number=Plur|Person=3|Tense=Past|Voice=Act",0.0,root,"(57, 63)",גילה,
18,כי,SCONJ,SCONJ,,26.0,mark,"(64, 66)",כי,
"(19, 20)",החלוקה,,,,,,"(67, 73)",,"[{'id': 19, 'text': 'ה', 'upos': 'DET', 'xpos': 'DET', 'feats': 'PronType=Art', 'head': 20, 'deprel': 'det:def', 'lemma': 'ה'}, {'id': 20, 'text': 'חלוקה', 'upos': 'NOUN', 'xpos': 'NOUN', 'feats': 'Gender=Fem|Number=Sing', 'head': 26, 'deprel': 'nsubj', 'lemma': 'חלוקה'}]"
21,בין,ADP,ADP,,24.0,case,"(74, 77)",בין,
22,שני,NUM,NUM,Definite=Cons|Gender=Masc|Number=Plur,24.0,nummod,"(78, 81)",שני,
"(23, 24)",הקהלים,,,,,,"(82, 88)",,"[{'id': 23, 'text': 'ה', 'upos': 'DET', 'xpos': 'DET', 'feats': 'PronType=Art', 'head': 24, 'deprel': 'det:def', 'lemma': 'ה'}, {'id': 24, 'text': 'קהלים', 'upos': 'NOUN', 'xpos': 'NOUN', 'feats': 'Gender=Masc|Number=Plur', 'head': 20, 'deprel': 'nmod', 'lemma': 'קהל'}]"
25,עודנה,ADV,ADV,,26.0,advmod,"(89, 94)",עודנה,
26,קיימת,ADJ,ADJ,Gender=Fem|Number=Sing,17.0,ccomp,"(95, 100)",קיים,
1,אלו,PRON,PRON,"Gender=Fem,Masc|Number=Plur|Person=3|PronType=Dem",7.0,nsubj,"(1, 4)",אלו,
"(2, 3)",המחפשים,,,,,,"(5, 12)",,"[{'id': 2, 'text': 'ה', 'upos': 'SCONJ', 'xpos': 'SCONJ', 'head': 3, 'deprel': 'mark', 'lemma': 'ה'}, {'id': 3, 'text': 'מחפשים', 'upos': 'VERB', 'xpos': 'VERB', 'feats': 'Gender=Masc|HebBinyan=PIEL|Number=Plur|Person=1,2,3|VerbForm=Part|Voice=Act', 'head': 1, 'deprel': 'acl:relcl', 'lemma': 'חיפש'}]"
4,פתרונות,NOUN,NOUN,Definite=Cons|Gender=Masc|Number=Plur,3.0,obj,"(13, 20)",פתרון,
5,דיור,NOUN,NOUN,Gender=Masc|Number=Sing,4.0,compound:smixut,"(21, 25)",דיור,
6,קלאסיים,ADJ,ADJ,Gender=Masc|Number=Plur,4.0,amod,"(26, 33)",קלאסי,
7,פחתה,VERB,VERB,Gender=Fem|HebBinyan=PAAL|Number=Sing|Person=3|Tense=Past|Voice=Act,0.0,root,"(34, 38)",פחת,
"(8, 9)",ההתנגדות,,,,,,"(39, 47)",,"[{'id': 8, 'text': 'ה', 'upos': 'DET', 'xpos': 'DET', 'feats': 'PronType=Art', 'head': 9, 'deprel': 'det:def', 'lemma': 'ה'}, {'id': 9, 'text': 'התנגדות', 'upos': 'NOUN', 'xpos': 'NOUN', 'feats': 'Gender=Fem|Number=Sing', 'head': 7, 'deprel': 'nsubj', 'lemma': 'התנגדות'}]"
"(10, 11)",שלהם,,,,,,"(48, 52)",,"[{'id': 10, 'text': 'של_', 'upos': 'ADP', 'xpos': 'ADP', 'feats': 'Case=Gen', 'head': 11, 'deprel': 'case:gen', 'lemma': 'של'}, {'id': 11, 'text': '_הם', 'upos': 'PRON', 'xpos': 'PRON', 'feats': 'Gender=Masc|Number=Plur|Person=3|PronType=Prs', 'head': 9, 'deprel': 'nmod', 'lemma': 'הוא'}]"
12,לרכוש,VERB,VERB,HebBinyan=PAAL|VerbForm=Inf|Voice=Act,9.0,acl,"(53, 58)",רכש,
13,דירה,NOUN,NOUN,Gender=Fem|Number=Sing,12.0,obj,"(59, 63)",דירה,
14,או,CCONJ,CCONJ,,15.0,cc,"(64, 66)",או,
15,יחידה,NOUN,NOUN,Gender=Fem|Number=Sing,13.0,conj,"(67, 72)",יחידה,
"(16, 18)",כזאת,,,,,,"(73, 77)",,"[{'id': 16, 'text': 'כ', 'upos': 'ADP', 'xpos': 'ADP', 'head': 18, 'deprel': 'case', 'lemma': 'כ'}, {'id': 17, 'text': 'ה_', 'upos': 'DET', 'xpos': 'DET', 'feats': 'PronType=Art', 'head': 18, 'deprel': 'det:def', 'lemma': 'ה'}, {'id': 18, 'text': 'זאת', 'upos': 'PRON', 'xpos': 'PRON', 'feats': 'Gender=Fem|Number=Sing|Person=3|PronType=Dem', 'head': 15, 'deprel': 'nmod', 'lemma': 'זאת'}]"
19,לעומת,ADP,ADP,,20.0,case,"(78, 83)",לעומת,
20,שיכון,NOUN,NOUN,Gender=Masc|Number=Sing,12.0,obl,"(84, 89)",שיכון,
"(1, 2)",ואלו,,,,,,"(1, 5)",,"[{'id': 1, 'text': 'ו', 'upos': 'CCONJ', 'xpos': 'CCONJ', 'head': 2, 'deprel': 'cc', 'lemma': 'ו'}, {'id': 2, 'text': 'אלו', 'upos': 'PRON', 'xpos': 'PRON', 'feats': 'Gender=Fem,Masc|Number=Plur|Person=3|PronType=Dem', 'head': 0, 'deprel': 'root', 'lemma': 'אלו'}]"
"(3, 4)",המחפשים,,,,,,"(6, 13)",,"[{'id': 3, 'text': 'ה', 'upos': 'SCONJ', 'xpos': 'SCONJ', 'head': 4, 'deprel': 'mark', 'lemma': 'ה'}, {'id': 4, 'text': 'מחפשים', 'upos': 'VERB', 'xpos': 'VERB', 'feats': 'Gender=Masc|HebBinyan=PIEL|Number=Plur|Person=1,2,3|VerbForm=Part|Voice=Act', 'head': 2, 'deprel': 'acl:relcl', 'lemma': 'חיפש'}]"
5,רק,ADV,ADV,,6.0,advmod,"(14, 16)",רק,
6,להיפטר,VERB,VERB,HebBinyan=NIFAL|VerbForm=Inf|Voice=Mid,4.0,xcomp,"(17, 23)",נפטר,
"(7, 8)",ממצב,,,,,,"(24, 28)",,"[{'id': 7, 'text': 'מ', 'upos': 'ADP', 'xpos': 'ADP', 'head': 8, 'deprel': 'case', 'lemma': 'מ'}, {'id': 8, 'text': 'מצב', 'upos': 'NOUN', 'xpos': 'NOUN', 'feats': 'Definite=Cons|Gender=Masc|Number=Sing', 'head': 6, 'deprel': 'obl', 'lemma': 'מצב'}]"
"(9, 10)",השכירות,,,,,,"(29, 36)",,"[{'id': 9, 'text': 'ה', 'upos': 'DET', 'xpos': 'DET', 'feats': 'PronType=Art', 'head': 10, 'deprel': 'det:def', 'lemma': 'ה'}, {'id': 10, 'text': 'שכירות', 'upos': 'NOUN', 'xpos': 'NOUN', 'feats': 'Gender=Fem|Number=Sing', 'head': 8, 'deprel': 'compound:smixut', 'lemma': 'שכירות'}]"
"(11, 12)",והנדידה,,,,,,"(37, 44)",,"[{'id': 11, 'text': 'ו', 'upos': 'CCONJ', 'xpos': 'CCONJ', 'head': 12, 'deprel': 'cc', 'lemma': 'ו'}, {'id': 12, 'text': 'הנדידה', 'upos': 'NOUN', 'xpos': 'NOUN', 'feats': 'Gender=Fem|Number=Sing', 'head': 10, 'deprel': 'conj', 'lemma': 'הנדידה'}]"
"(13, 14)",שנשארו,,,,,,"(45, 51)",,"[{'id': 13, 'text': 'ש', 'upos': 'SCONJ', 'xpos': 'SCONJ', 'head': 14, 'deprel': 'mark', 'lemma': 'ש'}, {'id': 14, 'text': 'נשארו', 'upos': 'VERB', 'xpos': 'VERB', 'feats': 'Gender=Fem,Masc|HebBinyan=NIFAL|Number=Plur|Person=3|Tense=Past|Voice=Mid', 'head': 2, 'deprel': 'acl:relcl', 'lemma': 'נשאר'}]"
15,עם,ADP,ADP,,17.0,case,"(52, 54)",עם,
"(16, 17)",ההעדפה,,,,,,"(55, 61)",,"[{'id': 16, 'text': 'ה', 'upos': 'DET', 'xpos': 'DET', 'feats': 'PronType=Art', 'head': 17, 'deprel': 'det:def', 'lemma': 'ה'}, {'id': 17, 'text': 'העדפה', 'upos': 'NOUN', 'xpos': 'NOUN', 'feats': 'Gender=Fem|Number=Sing', 'head': 14, 'deprel': 'obl', 'lemma': 'העדפה'}]"
"(18, 20)",לשיכון,,,,,,"(62, 68)",,"[{'id': 18, 'text': 'ל', 'upos': 'ADP', 'xpos': 'ADP', 'head': 20, 'deprel': 'case', 'lemma': 'ל'}, {'id': 19, 'text': 'ה_', 'upos': 'DET', 'xpos': 'DET', 'feats': 'PronType=Art', 'head': 20, 'deprel': 'det:def', 'lemma': 'ה'}, {'id': 20, 'text': 'שיכון', 'upos': 'NOUN', 'xpos': 'NOUN', 'feats': 'Gender=Masc|Number=Sing', 'head': 17, 'deprel': 'nmod', 'lemma': 'שיכון'}]"
21,בגלל,ADP,ADP,,23.0,case,"(69, 73)",בגלל,
"(22, 23)",העלות,,,,,,"(74, 79)",,"[{'id': 22, 'text': 'ה', 'upos': 'DET', 'xpos': 'DET', 'feats': 'PronType=Art', 'head': 23, 'deprel': 'det:def', 'lemma': 'ה'}, {'id': 23, 'text': 'עלות', 'upos': 'NOUN', 'xpos': 'NOUN', 'feats': 'Gender=Fem|Number=Sing', 'head': 14, 'deprel': 'obl', 'lemma': 'עלות'}]"
"(24, 25)",הצפויה,,,,,,"(80, 86)",,"[{'id': 24, 'text': 'ה', 'upos': 'DET', 'xpos': 'DET', 'feats': 'PronType=Art', 'head': 25, 'deprel': 'det:def', 'lemma': 'ה'}, {'id': 25, 'text': 'צפויה', 'upos': 'ADJ', 'xpos': 'ADJ', 'feats': 'Gender=Fem|Number=Sing', 'head': 23, 'deprel': 'amod', 'lemma': 'צפוי'}]"
26,לצמוד,VERB,VERB,HebBinyan=PAAL|VerbForm=Inf|Voice=Act,23.0,acl,"(87, 92)",צמד,
27,קרקע,NOUN,NOUN,Gender=Fem|Number=Sing,26.0,compound:smixut,"(93, 97)",קרקע,
"(1, 2)",בשני,,,,,,"(1, 5)",,"[{'id': 1, 'text': 'ב', 'upos': 'ADP', 'xpos': 'ADP', 'head': 4, 'deprel': 'case', 'lemma': 'ב'}, {'id': 2, 'text': 'שני', 'upos': 'NUM', 'xpos': 'NUM', 'feats': 'Definite=Cons|Gender=Masc|Number=Plur', 'head': 4, 'deprel': 'nummod', 'lemma': 'שני'}]"
"(3, 4)",המקרים,,,,,,"(6, 12)",,"[{'id': 3, 'text': 'ה', 'upos': 'DET', 'xpos': 'DET', 'feats': 'PronType=Art', 'head': 4, 'deprel': 'det:def', 'lemma': 'ה'}, {'id': 4, 'text': 'מקרים', 'upos': 'NOUN', 'xpos': 'NOUN', 'feats': 'Gender=Masc|Number=Plur', 'head': 8, 'deprel': 'obl', 'lemma': 'מקרה'}]"
5,שני,NUM,NUM,Definite=Cons|Gender=Masc|Number=Plur,7.0,nummod,"(13, 16)",שני,
"(6, 7)",הקהלים,,,,,,"(17, 23)",,"[{'id': 6, 'text': 'ה', 'upos': 'DET', 'xpos': 'DET', 'feats': 'PronType=Art', 'head': 7, 'deprel': 'det:def', 'lemma': 'ה'}, {'id': 7, 'text': 'קהלים', 'upos': 'NOUN', 'xpos': 'NOUN', 'feats': 'Gender=Masc|Number=Plur', 'head': 8, 'deprel': 'nsubj', 'lemma': 'קהל'}]"
8,צידדו,VERB,VERB,"Gender=Fem,Masc|HebBinyan=PIEL|Number=Plur|Person=3|Tense=Past|Voice=Act",0.0,root,"(24, 29)",צידד,
"(9, 11)",בתנאים,,,,,,"(30, 36)",,"[{'id': 9, 'text': 'ב', 'upos': 'ADP', 'xpos': 'ADP', 'head': 11, 'deprel': 'case', 'lemma': 'ב'}, {'id': 10, 'text': 'ה_', 'upos': 'DET', 'xpos': 'DET', 'feats': 'PronType=Art', 'head': 11, 'deprel': 'det:def', 'lemma': 'ה'}, {'id': 11, 'text': 'תנאים', 'upos': 'NOUN', 'xpos': 'NOUN', 'feats': 'Gender=Masc|Number=Plur', 'head': 8, 'deprel': 'obl', 'lemma': 'תנאי'}]"
"(12, 13)",המיקום,,,,,,"(37, 43)",,"[{'id': 12, 'text': 'ה', 'upos': 'DET', 'xpos': 'DET', 'feats': 'PronType=Art', 'head': 13, 'deprel': 'det:def', 'lemma': 'ה'}, {'id': 13, 'text': 'מיקום', 'upos': 'NOUN', 'xpos': 'NOUN', 'feats': 'Gender=Masc|HebSource=ConvUncertainHead|Number=Sing', 'head': 11, 'deprel': 'nmod', 'lemma': 'מיקום'}]"
14,",",PUNCT,PUNCT,,13.0,punct,"(43, 44)",",",
"(15, 16)",הסביבה,,,,,,"(45, 51)",,"[{'id': 15, 'text': 'ה', 'upos': 'DET', 'xpos': 'DET', 'feats': 'PronType=Art', 'head': 16, 'deprel': 'det:def', 'lemma': 'ה'}, {'id': 16, 'text': 'סביבה', 'upos': 'NOUN', 'xpos': 'NOUN', 'feats': 'Gender=Fem|Number=Sing', 'head': 13, 'deprel': 'conj', 'lemma': 'סביבה'}]"
17,",",PUNCT,PUNCT,,13.0,punct,"(52, 53)",",",
"(18, 19)",התשתיות,,,,,,"(54, 61)",,"[{'id': 18, 'text': 'ה', 'upos': 'DET', 'xpos': 'DET', 'feats': 'PronType=Art', 'head': 19, 'deprel': 'det:def', 'lemma': 'ה'}, {'id': 19, 'text': 'תשתיות', 'upos': 'NOUN', 'xpos': 'NOUN', 'feats': 'Gender=Fem|Number=Plur', 'head': 13, 'deprel': 'conj', 'lemma': 'תשתית'}]"
20,",",PUNCT,PUNCT,,13.0,punct,"(61, 62)",",",
"(21, 22)",השכנים,,,,,,"(63, 69)",,"[{'id': 21, 'text': 'ה', 'upos': 'DET', 'xpos': 'DET', 'feats': 'PronType=Art', 'head': 22, 'deprel': 'det:def', 'lemma': 'ה'}, {'id': 22, 'text': 'שכנים', 'upos': 'NOUN', 'xpos': 'NOUN', 'feats': 'Gender=Masc|Number=Plur', 'head': 13, 'deprel': 'dep', 'lemma': 'שכן'}]"
23,מה,ADV,ADV,PronType=Int,8.0,obj,"(70, 72)",מה,
"(24, 25)",שמביא,,,,,,"(73, 78)",,"[{'id': 24, 'text': 'ש', 'upos': 'SCONJ', 'xpos': 'SCONJ', 'head': 25, 'deprel': 'mark', 'lemma': 'ש'}, {'id': 25, 'text': 'מביא', 'upos': 'VERB', 'xpos': 'VERB', 'feats': 'Gender=Masc|HebBinyan=HIFIL|Number=Sing|Person=1,2,3|VerbForm=Part|Voice=Act', 'head': 23, 'deprel': 'acl:relcl', 'lemma': 'הביא'}]"
"(26, 27)",אותנו,,,,,,"(79, 84)",,"[{'id': 26, 'text': 'את_', 'upos': 'ADP', 'xpos': 'ADP', 'feats': 'Case=Acc', 'head': 27, 'deprel': 'case:acc', 'lemma': 'את'}, {'id': 27, 'text': '_אנחנו', 'upos': 'PRON', 'xpos': 'PRON', 'feats': 'Gender=Fem,Masc|Number=Plur|Person=1|PronType=Prs', 'head': 25, 'deprel': 'obj', 'lemma': 'הוא'}]"
28,להסיק,VERB,VERB,HebBinyan=HIFIL|VerbForm=Inf|Voice=Act,25.0,xcomp,"(85, 90)",הסיק,
"(29, 30)",ששיווק,,,,,,"(91, 97)",,"[{'id': 29, 'text': 'ש', 'upos': 'SCONJ', 'xpos': 'SCONJ', 'head': 34, 'deprel': 'mark', 'lemma': 'ש'}, {'id': 30, 'text': 'שיווק', 'upos': 'NOUN', 'xpos': 'NOUN', 'feats': 'Definite=Cons|Gender=Masc|Number=Sing', 'head': 34, 'deprel': 'nsubj:cop', 'lemma': 'שיווק'}]"
31,פתרון,NOUN,NOUN,Gender=Masc|Number=Sing,30.0,compound:smixut,"(98, 103)",פתרון,
32,משותף,ADJ,ADJ,Gender=Masc|Number=Sing,31.0,amod,"(104, 109)",משותף,
33,הנו,AUX,AUX,Gender=Masc|Number=Sing|Person=3|Polarity=Neg|VerbForm=Part|VerbType=Cop,34.0,cop,"(110, 113)",הנו,
34,פרקטי,ADJ,ADJ,Gender=Masc|Number=Sing,28.0,xcomp,"(114, 119)",פרקטי,
35,עם,ADP,ADP,,37.0,case,"(120, 122)",עם,
"(36, 37)",הדגשים,,,,,,"(123, 129)",,"[{'id': 36, 'text': 'ה', 'upos': 'DET', 'xpos': 'DET', 'feats': 'PronType=Art', 'head': 37, 'deprel': 'det:def', 'lemma': 'ה'}, {'id': 37, 'text': 'דגשים', 'upos': 'NOUN', 'xpos': 'NOUN', 'feats': 'Gender=Masc|Number=Plur', 'head': 34, 'deprel': 'advmod', 'lemma': 'דגש'}]"
38,שונים,ADJ,ADJ,Gender=Masc|Number=Plur,37.0,amod,"(130, 135)",שונה,
1,•,PUNCT,PUNCT,,11.0,punct,"(1, 2)",•,
"(2, 3)",כשהצגנו,,,,,,"(3, 10)",,"[{'id': 2, 'text': 'כש', 'upos': 'SCONJ', 'xpos': 'SCONJ', 'feats': 'Case=Tem', 'head': 3, 'deprel': 'mark', 'lemma': 'כש'}, {'id': 3, 'text': 'הצגנו', 'upos': 'VERB', 'xpos': 'VERB', 'feats': 'Gender=Fem,Masc|HebBinyan=PIEL|Number=Plur|Person=1|Tense=Past|Voice=Act', 'head': 11, 'deprel': 'advcl', 'lemma': 'הצגן'}]"
4,את,ADP,ADP,Case=Acc,5.0,case:acc,"(11, 13)",את,
5,חלופת,NOUN,NOUN,Definite=Cons|Gender=Fem|Number=Sing,3.0,obj,"(14, 19)",חלופה,
"(6, 7)",השכונה,,,,,,"(20, 26)",,"[{'id': 6, 'text': 'ה', 'upos': 'DET', 'xpos': 'DET', 'feats': 'PronType=Art', 'head': 7, 'deprel': 'det:def', 'lemma': 'ה'}, {'id': 7, 'text': 'שכונה', 'upos': 'NOUN', 'xpos': 'NOUN', 'feats': 'Gender=Fem|Number=Sing', 'head': 5, 'deprel': 'compound:smixut', 'lemma': 'שכונה'}]"
"(8, 9)",כמוצר,,,,,,"(27, 32)",,"[{'id': 8, 'text': 'כ', 'upos': 'ADP', 'xpos': 'ADP', 'head': 9, 'deprel': 'case', 'lemma': 'כ'}, {'id': 9, 'text': 'מוצר', 'upos': 'NOUN', 'xpos': 'NOUN', 'feats': 'Gender=Masc|Number=Sing', 'head': 5, 'deprel': 'nmod', 'lemma': 'מוצר'}]"
10,",",PUNCT,PUNCT,,11.0,punct,"(33, 34)",",",
11,ראינו,VERB,VERB,"Gender=Fem,Masc|HebBinyan=PAAL|Number=Plur|Person=1|Tense=Past|Voice=Act",0.0,root,"(35, 40)",ראה,
12,כי,SCONJ,SCONJ,,13.0,mark,"(41, 43)",כי,
13,יש,VERB,VERB,HebExistential=True,11.0,ccomp,"(44, 46)",יש,
14,שיפור,NOUN,NOUN,Gender=Masc|Number=Sing,13.0,nsubj,"(47, 52)",שיפור,
"(15, 16)",לטובה,,,,,,"(53, 58)",,"[{'id': 15, 'text': 'ל', 'upos': 'ADP', 'xpos': 'ADP', 'head': 16, 'deprel': 'case', 'lemma': 'ל'}, {'id': 16, 'text': 'טובה', 'upos': 'NOUN', 'xpos': 'NOUN', 'feats': 'Gender=Fem|Number=Sing', 'head': 14, 'deprel': 'nmod', 'lemma': 'טובה'}]"
"(17, 18)",בהתייחסות,,,,,,"(59, 68)",,"[{'id': 17, 'text': 'ב', 'upos': 'ADP', 'xpos': 'ADP', 'head': 18, 'deprel': 'case', 'lemma': 'ב'}, {'id': 18, 'text': 'התייחסות', 'upos': 'NOUN', 'xpos': 'NOUN', 'feats': 'Gender=Fem|Number=Sing', 'head': 13, 'deprel': 'obl', 'lemma': 'התייחסות'}]"
"(19, 20)",לכל,,,,,,"(69, 72)",,"[{'id': 19, 'text': 'ל', 'upos': 'ADP', 'xpos': 'ADP', 'head': 22, 'deprel': 'case', 'lemma': 'ל'}, {'id': 20, 'text': 'כל', 'upos': 'DET', 'xpos': 'DET', 'feats': 'Definite=Cons', 'head': 22, 'deprel': 'det', 'lemma': 'כול'}]"
"(21, 22)",הסוגייה,,,,,,"(73, 80)",,"[{'id': 21, 'text': 'ה', 'upos': 'DET', 'xpos': 'DET', 'feats': 'PronType=Art', 'head': 22, 'deprel': 'det:def', 'lemma': 'ה'}, {'id': 22, 'text': 'סוגייה', 'upos': 'NOUN', 'xpos': 'NOUN', 'feats': 'Gender=Fem|Number=Sing', 'head': 18, 'deprel': 'nmod', 'lemma': 'סוגייה'}]"
"(23, 24)",בכל,,,,,,"(81, 84)",,"[{'id': 23, 'text': 'ב', 'upos': 'ADP', 'xpos': 'ADP', 'head': 26, 'deprel': 'case', 'lemma': 'ב'}, {'id': 24, 'text': 'כל', 'upos': 'DET', 'xpos': 'DET', 'feats': 'Definite=Cons', 'head': 26, 'deprel': 'det', 'lemma': 'כול'}]"
"(25, 26)",הרבדים,,,,,,"(85, 91)",,"[{'id': 25, 'text': 'ה', 'upos': 'DET', 'xpos': 'DET', 'feats': 'PronType=Art', 'head': 26, 'deprel': 'det:def', 'lemma': 'ה'}, {'id': 26, 'text': 'רבדים', 'upos': 'NOUN', 'xpos': 'NOUN', 'feats': 'Gender=Masc|Number=Plur', 'head': 18, 'deprel': 'nmod', 'lemma': 'רובד'}]"
"(27, 28)",ובקרב,,,,,,"(92, 97)",,"[{'id': 27, 'text': 'ו', 'upos': 'CCONJ', 'xpos': 'CCONJ', 'head': 31, 'deprel': 'cc', 'lemma': 'ו'}, {'id': 28, 'text': 'בקרב', 'upos': 'ADP', 'xpos': 'ADP', 'head': 31, 'deprel': 'case', 'lemma': 'בקרב'}]"
29,כל,DET,DET,Definite=Cons,31.0,det,"(98, 100)",כול,
"(30, 31)",הקהלים,,,,,,"(101, 107)",,"[{'id': 30, 'text': 'ה', 'upos': 'DET', 'xpos': 'DET', 'feats': 'PronType=Art', 'head': 31, 'deprel': 'det:def', 'lemma': 'ה'}, {'id': 31, 'text': 'קהלים', 'upos': 'NOUN', 'xpos': 'NOUN', 'feats': 'Gender=Masc|Number=Plur', 'head': 26, 'deprel': 'conj', 'lemma': 'קהל'}]"
32,של,ADP,ADP,Case=Gen,34.0,case:gen,"(108, 110)",של,
"(33, 34)",המחקר,,,,,,"(111, 116)",,"[{'id': 33, 'text': 'ה', 'upos': 'DET', 'xpos': 'DET', 'feats': 'PronType=Art', 'head': 34, 'deprel': 'det:def', 'lemma': 'ה'}, {'id': 34, 'text': 'מחקר', 'upos': 'NOUN', 'xpos': 'NOUN', 'feats': 'Gender=Masc|Number=Sing', 'head': 31, 'deprel': 'nmod:poss', 'lemma': 'מחקר'}]"
"(1, 2)",ברגע,,,,,,"(1, 5)",,"[{'id': 1, 'text': 'ב', 'upos': 'ADP', 'xpos': 'ADP', 'head': 2, 'deprel': 'case', 'lemma': 'ב'}, {'id': 2, 'text': 'רגע', 'upos': 'NOUN', 'xpos': 'NOUN', 'feats': 'Gender=Masc|Number=Sing', 'head': 15, 'deprel': 'obl', 'lemma': 'רגע'}]"
"(3, 4)",שהצגנו,,,,,,"(6, 12)",,"[{'id': 3, 'text': 'ש', 'upos': 'SCONJ', 'xpos': 'SCONJ', 'head': 4, 'deprel': 'mark', 'lemma': 'ש'}, {'id': 4, 'text': 'הצגנו', 'upos': 'VERB', 'xpos': 'VERB', 'feats': 'Gender=Fem,Masc|HebBinyan=HIFIL|Number=Plur|Person=1|Tense=Past|Voice=Act', 'head': 2, 'deprel': 'acl:relcl', 'lemma': 'הצגן'}]"
"(5, 6)",שמדובר,,,,,,"(13, 19)",,"[{'id': 5, 'text': 'ש', 'upos': 'SCONJ', 'xpos': 'SCONJ', 'head': 6, 'deprel': 'mark', 'lemma': 'ש'}, {'id': 6, 'text': 'מדובר', 'upos': 'VERB', 'xpos': 'VERB', 'feats': 'Gender=Masc|HebBinyan=PUAL|Number=Sing|Person=1,2,3|VerbForm=Part|Voice=Pass', 'head': 4, 'deprel': 'ccomp', 'lemma': 'דובר'}]"
"(7, 9)",בשכונה,,,,,,"(20, 26)",,"[{'id': 7, 'text': 'ב', 'upos': 'ADP', 'xpos': 'ADP', 'head': 9, 'deprel': 'case', 'lemma': 'ב'}, {'id': 8, 'text': 'ה_', 'upos': 'DET', 'xpos': 'DET', 'feats': 'PronType=Art', 'head': 9, 'deprel': 'det:def', 'lemma': 'ה'}, {'id': 9, 'text': 'שכונה', 'upos': 'NOUN', 'xpos': 'NOUN', 'feats': 'Gender=Fem|Number=Sing', 'head': 6, 'deprel': 'obl', 'lemma': 'שכונה'}]"
10,עם,ADP,ADP,,11.0,case,"(27, 29)",עם,
11,תנאים,NOUN,NOUN,Gender=Masc|Number=Plur,9.0,nmod,"(30, 35)",תנאי,
12,סביבתיים,ADJ,ADJ,Gender=Masc|Number=Plur,11.0,amod,"(36, 44)",סביבתי,
"(13, 14)",ופיתוח,,,,,,"(45, 51)",,"[{'id': 13, 'text': 'ו', 'upos': 'CCONJ', 'xpos': 'CCONJ', 'head': 14, 'deprel': 'cc', 'lemma': 'ו'}, {'id': 14, 'text': 'פיתוח', 'upos': 'NOUN', 'xpos': 'NOUN', 'feats': 'Gender=Masc|Number=Sing', 'head': 11, 'deprel': 'conj', 'lemma': 'פיתוח'}]"
15,ראינו,VERB,VERB,"Gender=Fem,Masc|HebBinyan=PAAL|Number=Plur|Person=1|Tense=Past|Voice=Act",0.0,root,"(52, 57)",ראה,
16,כי,SCONJ,SCONJ,,18.0,mark,"(58, 60)",כי,
17,זה,PRON,PRON,Gender=Masc|Number=Sing|Person=3,18.0,nsubj,"(61, 63)",זה,
18,עונה,VERB,VERB,"Gender=Masc|HebBinyan=PAAL|Number=Sing|Person=1,2,3|VerbForm=Part|Voice=Act",15.0,ccomp,"(64, 68)",ענה,
19,על,ADP,ADP,,21.0,case,"(69, 71)",על,
"(20, 21)",הצרכים,,,,,,"(72, 78)",,"[{'id': 20, 'text': 'ה', 'upos': 'DET', 'xpos': 'DET', 'feats': 'PronType=Art', 'head': 21, 'deprel': 'det:def', 'lemma': 'ה'}, {'id': 21, 'text': 'צרכים', 'upos': 'NOUN', 'xpos': 'NOUN', 'feats': 'Gender=Masc|Number=Plur', 'head': 18, 'deprel': 'obl', 'lemma': 'צרכים'}]"
"(22, 24)",והדרישות,,,,,,"(79, 87)",,"[{'id': 22, 'text': 'ו', 'upos': 'CCONJ', 'xpos': 'CCONJ', 'head': 24, 'deprel': 'cc', 'lemma': 'ו'}, {'id': 23, 'text': 'ה', 'upos': 'DET', 'xpos': 'DET', 'feats': 'PronType=Art', 'head': 24, 'deprel': 'det:def', 'lemma': 'ה'}, {'id': 24, 'text': 'דרישות', 'upos': 'NOUN', 'xpos': 'NOUN', 'feats': 'Gender=Fem|Number=Plur', 'head': 21, 'deprel': 'conj', 'lemma': 'דרישה'}]"
25,של,ADP,ADP,Case=Gen,26.0,case:gen,"(88, 90)",של,
26,בית,NOUN,NOUN,Definite=Cons|Gender=Masc|Number=Sing,21.0,nmod:poss,"(91, 94)",בית,
27,מגורים,NOUN,NOUN,Gender=Masc|Number=Plur,26.0,compound:smixut,"(95, 101)",מגורים,
28,איכותי,ADJ,ADJ,Gender=Masc|Number=Sing,26.0,amod,"(102, 108)",איכותי,
"(1, 2)",ועלו,,,,,,"(1, 5)",,"[{'id': 1, 'text': 'ו', 'upos': 'CCONJ', 'xpos': 'CCONJ', 'head': 2, 'deprel': 'cc', 'lemma': 'ו'}, {'id': 2, 'text': 'עלו', 'upos': 'VERB', 'xpos': 'VERB', 'feats': 'Gender=Fem,Masc|HebBinyan=PAAL|Number=Plur|Person=3|Tense=Past|Voice=Act', 'head': 0, 'deprel': 'root', 'lemma': 'עלה'}]"
"(3, 4)",באופן,,,,,,"(6, 11)",,"[{'id': 3, 'text': 'ב', 'upos': 'ADP', 'xpos': 'ADP', 'head': 4, 'deprel': 'case', 'lemma': 'ב'}, {'id': 4, 'text': 'אופן', 'upos': 'NOUN', 'xpos': 'NOUN', 'feats': 'Gender=Masc|Number=Sing', 'head': 2, 'deprel': 'obl', 'lemma': 'אופן'}]"
5,בלתי,ADV,ADV,Prefix=Yes,6.0,compound:affix,"(12, 16)",בלתי,
6,נעזר,VERB,VERB,"Gender=Masc|HebBinyan=NIFAL|Number=Sing|Person=1,2,3|VerbForm=Part|Voice=Mid",4.0,amod,"(17, 21)",נעזר,
7,פרמטרים,NOUN,NOUN,Gender=Masc|Number=Plur,2.0,nsubj,"(22, 29)",פרמטר,
8,חשובים,ADJ,ADJ,Gender=Masc|Number=Plur,7.0,amod,"(30, 36)",חשוב,
"(9, 12)",בעיני,,,,,,"(37, 42)",,"[{'id': 9, 'text': 'ב', 'upos': 'ADP', 'xpos': 'ADP', 'head': 10, 'deprel': 'case', 'lemma': 'ב'}, {'id': 10, 'text': 'עין_', 'upos': 'NOUN', 'xpos': 'NOUN', 'feats': 'Definite=Def|Gender=Fem|Number=Plur', 'head': 7, 'deprel': 'nmod', 'lemma': 'עין'}, {'id': 11, 'text': '_של_', 'upos': 'ADP', 'xpos': 'ADP', 'head': 12, 'deprel': 'case:gen', 'lemma': 'של'}, {'id': 12, 'text': '_אני', 'upos': 'PRON', 'xpos': 'PRON', 'feats': 'Case=Gen|Gender=Fem,Masc|Number=Sing|Person=1|PronType=Prs', 'head': 10, 'deprel': 'nmod:poss', 'lemma': 'הוא'}]"
"(13, 14)",הנחקר,,,,,,"(43, 48)",,"[{'id': 13, 'text': 'ה', 'upos': 'SCONJ', 'xpos': 'SCONJ', 'head': 14, 'deprel': 'mark', 'lemma': 'ה'}, {'id': 14, 'text': 'נחקר', 'upos': 'VERB', 'xpos': 'VERB', 'feats': 'Gender=Masc|HebBinyan=NIFAL|Number=Sing|Person=1,2,3|VerbForm=Part|Voice=Mid', 'head': 10, 'deprel': 'acl:relcl', 'lemma': 'נחקר'}]"
"(15, 16)",במסגרת,,,,,,"(49, 55)",,"[{'id': 15, 'text': 'ב', 'upos': 'ADP', 'xpos': 'ADP', 'head': 18, 'deprel': 'case', 'lemma': 'ב'}, {'id': 16, 'text': 'מסגרת', 'upos': 'NOUN', 'xpos': 'NOUN', 'feats': 'Gender=Fem|Number=Sing', 'head': 15, 'deprel': 'fixed', 'lemma': 'מסגרת'}]"
17,אותה,PRON,PRON,Definite=Def|Gender=Fem|Number=Sing|Person=3|PronType=Prs,18.0,det,"(56, 60)",אותו,
18,שכונה,NOUN,NOUN,Gender=Fem|Number=Sing,14.0,obl,"(61, 66)",שכונה,
1,פרמטרים,NOUN,NOUN,Gender=Masc|Number=Plur,0.0,root,"(1, 8)",פרמטר,
2,כמו,ADP,ADP,,3.0,case,"(9, 12)",כמו,
3,כבישים,NOUN,NOUN,Gender=Masc|Number=Plur,1.0,nmod,"(13, 19)",כביש,
"(4, 5)",ופיתוח,,,,,,"(20, 26)",,"[{'id': 4, 'text': 'ו', 'upos': 'CCONJ', 'xpos': 'CCONJ', 'head': 5, 'deprel': 'cc', 'lemma': 'ו'}, {'id': 5, 'text': 'פיתוח', 'upos': 'NOUN', 'xpos': 'NOUN', 'feats': 'Gender=Masc|Number=Sing', 'head': 3, 'deprel': 'conj', 'lemma': 'פיתוח'}]"
6,",",PUNCT,PUNCT,,3.0,punct,"(26, 27)",",",
7,מרכזי,NOUN,NOUN,Definite=Cons|Gender=Masc|Number=Plur,3.0,conj,"(28, 33)",מרכז,
8,מסחרי,ADJ,ADJ,Gender=Masc|Number=Sing,7.0,compound:smixut,"(34, 39)",מסחרי,
9,",",PUNCT,PUNCT,,3.0,punct,"(40, 41)",",",
10,גני,NOUN,NOUN,Definite=Cons|Gender=Masc|Number=Plur,3.0,conj,"(42, 45)",גן,
11,ילדים,NOUN,NOUN,Gender=Masc|Number=Plur,10.0,compound:smixut,"(46, 51)",ילד,
12,",",PUNCT,PUNCT,,3.0,punct,"(52, 53)",",",
13,טיפות,NOUN,NOUN,Definite=Cons|Gender=Masc|Number=Plur,3.0,conj,"(54, 59)",טיפה,
14,חלב,NOUN,NOUN,Gender=Masc|Number=Sing,13.0,compound:smixut,"(60, 63)",חלב,
15,",",PUNCT,PUNCT,,3.0,punct,"(63, 64)",",",
16,דואר,NOUN,NOUN,Gender=Masc|HebSource=ConvUncertainHead|Number=Sing,3.0,dep,"(65, 69)",דואר,
17,",",PUNCT,PUNCT,,3.0,punct,"(69, 70)",",",
"(18, 19)",וכדי,,,,,,"(71, 75)",,"[{'id': 18, 'text': 'ו', 'upos': 'CCONJ', 'xpos': 'CCONJ', 'head': 25, 'deprel': 'cc', 'lemma': 'ו'}, {'id': 19, 'text': 'כדי', 'upos': 'ADP', 'xpos': 'ADP', 'head': 21, 'deprel': 'mark', 'lemma': 'כדי'}]"
20,היו,AUX,AUX,"Gender=Fem,Masc|Number=Plur|Person=3|Polarity=Pos|Tense=Past|VerbType=Cop",21.0,cop,"(76, 79)",היה,
21,משותפים,ADJ,ADJ,Gender=Masc|Number=Plur,25.0,advcl,"(80, 87)",משותף,
"(22, 24)",לרוב,,,,,,"(88, 92)",,"[{'id': 22, 'text': 'ל', 'upos': 'ADP', 'xpos': 'ADP', 'head': 24, 'deprel': 'case', 'lemma': 'ל'}, {'id': 23, 'text': 'ה_', 'upos': 'DET', 'xpos': 'DET', 'feats': 'PronType=Art', 'head': 24, 'deprel': 'det:def', 'lemma': 'ה'}, {'id': 24, 'text': 'רוב', 'upos': 'NOUN', 'xpos': 'NOUN', 'feats': 'Gender=Masc|Number=Sing', 'head': 25, 'deprel': 'obl', 'lemma': 'רוב'}]"
25,משתתפים,NOUN,NOUN,Gender=Masc|Number=Plur,1.0,dep,"(93, 100)",משתתף,
"(26, 27)",המחקר,,,,,,"(101, 106)",,"[{'id': 26, 'text': 'ה', 'upos': 'DET', 'xpos': 'DET', 'feats': 'PronType=Art', 'head': 27, 'deprel': 'det:def', 'lemma': 'ה'}, {'id': 27, 'text': 'מחקר', 'upos': 'NOUN', 'xpos': 'NOUN', 'feats': 'Gender=Masc|Number=Sing', 'head': 25, 'deprel': 'nsubj', 'lemma': 'מחקר'}]"
28,גם,ADV,ADV,,29.0,advmod,"(107, 109)",גם,
"(29, 31)",לציבור,,,,,,"(110, 116)",,"[{'id': 29, 'text': 'ל', 'upos': 'ADP', 'xpos': 'ADP', 'head': 31, 'deprel': 'case', 'lemma': 'ל'}, {'id': 30, 'text': 'ה_', 'upos': 'DET', 'xpos': 'DET', 'feats': 'PronType=Art', 'head': 31, 'deprel': 'det:def', 'lemma': 'ה'}, {'id': 31, 'text': 'ציבור', 'upos': 'NOUN', 'xpos': 'NOUN', 'feats': 'Gender=Masc|Number=Sing', 'head': 25, 'deprel': 'nmod', 'lemma': 'ציבור'}]"
"(32, 33)",השוכרים,,,,,,"(117, 124)",,"[{'id': 32, 'text': 'ה', 'upos': 'DET', 'xpos': 'DET', 'feats': 'PronType=Art', 'head': 33, 'deprel': 'mark', 'lemma': 'ה'}, {'id': 33, 'text': 'שוכרים', 'upos': 'VERB', 'xpos': 'VERB', 'feats': 'Gender=Masc|HebBinyan=PAAL|Number=Plur|Person=1,2,3|VerbForm=Part|Voice=Act', 'head': 31, 'deprel': 'acl:relcl', 'lemma': 'שוכר'}]"
34,",",PUNCT,PUNCT,,31.0,punct,"(125, 126)",",",
35,גם,ADV,ADV,,36.0,advmod,"(127, 129)",גם,
"(36, 37)",לרווקים,,,,,,"(130, 137)",,"[{'id': 36, 'text': 'ל', 'upos': 'ADP', 'xpos': 'ADP', 'head': 37, 'deprel': 'case', 'lemma': 'ל'}, {'id': 37, 'text': 'רווקים', 'upos': 'NOUN', 'xpos': 'NOUN', 'feats': 'Gender=Masc|Number=Plur', 'head': 31, 'deprel': 'dep', 'lemma': 'רווק'}]"
38,",",PUNCT,PUNCT,HebSource=ConvUncertainHead,31.0,punct,"(138, 139)",",",
39,גם,ADV,ADV,,40.0,advmod,"(140, 142)",גם,
"(40, 42)",לנשואים,,,,,,"(143, 150)",,"[{'id': 40, 'text': 'ל', 'upos': 'ADP', 'xpos': 'ADP', 'head': 42, 'deprel': 'case', 'lemma': 'ל'}, {'id': 41, 'text': 'ה_', 'upos': 'DET', 'xpos': 'DET', 'feats': 'PronType=Art', 'head': 42, 'deprel': 'det:def', 'lemma': 'ה'}, {'id': 42, 'text': 'נשואים', 'upos': 'NOUN', 'xpos': 'NOUN', 'feats': 'Gender=Masc|HebSource=ConvUncertainHead|Number=Plur', 'head': 31, 'deprel': 'dep', 'lemma': 'נשוא'}]"
43,מה,ADV,ADV,PronType=Int,1.0,advmod,"(151, 153)",מה,
"(44, 45)",שאומר,,,,,,"(154, 159)",,"[{'id': 44, 'text': 'ש', 'upos': 'SCONJ', 'xpos': 'SCONJ', 'head': 45, 'deprel': 'mark', 'lemma': 'ש'}, {'id': 45, 'text': 'אומר', 'upos': 'VERB', 'xpos': 'VERB', 'feats': 'Gender=Masc|HebBinyan=PAAL|Number=Sing|Person=1,2,3|VerbForm=Part|Voice=Act', 'head': 43, 'deprel': 'acl:relcl', 'lemma': 'אמר'}]"
"(46, 47)",שניתן,,,,,,"(160, 165)",,"[{'id': 46, 'text': 'ש', 'upos': 'SCONJ', 'xpos': 'SCONJ', 'head': 47, 'deprel': 'mark', 'lemma': 'ש'}, {'id': 47, 'text': 'ניתן', 'upos': 'AUX', 'xpos': 'AUX', 'feats': 'Gender=Masc|Number=Sing|Person=1,2,3|VerbType=Mod', 'head': 48, 'deprel': 'aux', 'lemma': 'ניתן'}]"
48,לשווק,VERB,VERB,HebBinyan=PAAL|VerbForm=Inf|Voice=Act,45.0,ccomp,"(166, 171)",שקווק,
49,קונספט,NOUN,NOUN,Gender=Masc|Number=Sing,48.0,obj,"(172, 178)",קונספט,
50,אחד,NUM,NUM,Gender=Masc|Number=Sing,49.0,nummod,"(179, 182)",אחד,
"(51, 52)",שיענה,,,,,,"(183, 188)",,"[{'id': 51, 'text': 'ש', 'upos': 'SCONJ', 'xpos': 'SCONJ', 'head': 52, 'deprel': 'mark', 'lemma': 'ש'}, {'id': 52, 'text': 'יענה', 'upos': 'VERB', 'xpos': 'VERB', 'feats': 'Gender=Masc|HebBinyan=PIEL|Number=Sing|Person=3|Tense=Fut|Voice=Act', 'head': 49, 'deprel': 'acl:relcl', 'lemma': 'יען'}]"
53,על,ADP,ADP,,56.0,case,"(189, 191)",על,
54,שני,NUM,NUM,Definite=Cons|Gender=Masc|Number=Plur,56.0,nummod,"(192, 195)",שני,
"(55, 56)",הצרכים,,,,,,"(196, 202)",,"[{'id': 55, 'text': 'ה', 'upos': 'DET', 'xpos': 'DET', 'feats': 'PronType=Art', 'head': 56, 'deprel': 'det:def', 'lemma': 'ה'}, {'id': 56, 'text': 'צרכים', 'upos': 'NOUN', 'xpos': 'NOUN', 'feats': 'Gender=Masc|Number=Plur', 'head': 52, 'deprel': 'obl', 'lemma': 'צרכים'}]"
57,מבלי,ADP,ADP,,61.0,case,"(203, 207)",מבלי,
"(58, 59)",שאחד,,,,,,"(208, 212)",,"[{'id': 58, 'text': 'ש', 'upos': 'SCONJ', 'xpos': 'SCONJ', 'head': 61, 'deprel': 'mark', 'lemma': 'ש'}, {'id': 59, 'text': 'אחד', 'upos': 'NUM', 'xpos': 'NUM', 'feats': 'Gender=Masc|Number=Sing', 'head': 61, 'deprel': 'nsubj', 'lemma': 'אחד'}]"
60,יהיה,AUX,AUX,Gender=Masc|Number=Sing|Person=3|Polarity=Pos|Tense=Fut|VerbType=Cop,61.0,cop,"(213, 217)",היה,
61,עדיף,AUX,AUX,Gender=Masc|Number=Sing,52.0,obl,"(218, 222)",עדיף,
62,על,ADP,ADP,,64.0,case,"(223, 225)",על,
"(63, 64)",השני,,,,,,"(226, 230)",,"[{'id': 63, 'text': 'ה', 'upos': 'DET', 'xpos': 'DET', 'feats': 'PronType=Art', 'head': 64, 'deprel': 'det:def', 'lemma': 'ה'}, {'id': 64, 'text': 'שני', 'upos': 'NUM', 'xpos': 'NUM', 'feats': 'Gender=Masc|Number=Sing', 'head': 61, 'deprel': 'obl', 'lemma': 'שני'}]"
"(65, 66)",ומבלי,,,,,,"(231, 236)",,"[{'id': 65, 'text': 'ו', 'upos': 'CCONJ', 'xpos': 'CCONJ', 'head': 69, 'deprel': 'cc', 'lemma': 'ו'}, {'id': 66, 'text': 'מבלי', 'upos': 'ADP', 'xpos': 'ADP', 'head': 69, 'deprel': 'case', 'lemma': 'מבלי'}]"
"(67, 68)",שאחד,,,,,,"(237, 241)",,"[{'id': 67, 'text': 'ש', 'upos': 'SCONJ', 'xpos': 'SCONJ', 'head': 69, 'deprel': 'mark', 'lemma': 'ש'}, {'id': 68, 'text': 'אחד', 'upos': 'NUM', 'xpos': 'NUM', 'feats': 'Gender=Masc|Number=Sing', 'head': 69, 'deprel': 'nsubj', 'lemma': 'אחד'}]"
69,יכרסם,VERB,VERB,Gender=Masc|Number=Sing|Person=3|Tense=Fut,61.0,conj,"(242, 247)",כרסם,
"(70, 71)",בשני,,,,,,"(248, 252)",,"[{'id': 70, 'text': 'ב', 'upos': 'ADP', 'xpos': 'ADP', 'head': 71, 'deprel': 'case', 'lemma': 'ב'}, {'id': 71, 'text': 'שני', 'upos': 'NUM', 'xpos': 'NUM', 'feats': 'Definite=Cons|Gender=Masc|Number=Plur', 'head': 69, 'deprel': 'obl', 'lemma': 'שני'}]"
1,קונספט,NOUN,NOUN,Gender=Masc|Number=Sing,3.0,nsubj,"(1, 7)",קונספט,
2,זה,PRON,PRON,Gender=Masc|Number=Sing|Person=3|PronType=Dem,1.0,det,"(8, 10)",זה,
3,חייב,AUX,AUX,"Gender=Masc|Number=Sing|Person=1,2,3|VerbType=Mod",4.0,aux,"(11, 15)",חייב,
4,להכיל,VERB,VERB,HebBinyan=HIFIL|VerbForm=Inf|Voice=Act,0.0,root,"(16, 21)",הכיל,
5,את,ADP,ADP,Case=Acc,7.0,case:acc,"(22, 24)",את,
"(6, 7)",העטיפה,,,,,,"(25, 31)",,"[{'id': 6, 'text': 'ה', 'upos': 'DET', 'xpos': 'DET', 'feats': 'PronType=Art', 'head': 7, 'deprel': 'det:def', 'lemma': 'ה'}, {'id': 7, 'text': 'עטיפה', 'upos': 'NOUN', 'xpos': 'NOUN', 'feats': 'Gender=Fem|Number=Sing', 'head': 4, 'deprel': 'obj', 'lemma': 'עטיפה'}]"
"(8, 9)",שמכילה,,,,,,"(32, 38)",,"[{'id': 8, 'text': 'ש', 'upos': 'SCONJ', 'xpos': 'SCONJ', 'head': 9, 'deprel': 'mark', 'lemma': 'ש'}, {'id': 9, 'text': 'מכילה', 'upos': 'VERB', 'xpos': 'VERB', 'feats': 'Gender=Fem|HebBinyan=HIFIL|Number=Sing|Person=1,2,3|VerbForm=Part|Voice=Act', 'head': 7, 'deprel': 'acl:relcl', 'lemma': 'הכיל'}]"
10,את,ADP,ADP,Case=Acc,13.0,case:acc,"(39, 41)",את,
11,כל,DET,DET,Definite=Cons,13.0,det,"(42, 44)",כול,
"(12, 13)",הפרמטרים,,,,,,"(45, 53)",,"[{'id': 12, 'text': 'ה', 'upos': 'DET', 'xpos': 'DET', 'feats': 'PronType=Art', 'head': 13, 'deprel': 'det:def', 'lemma': 'ה'}, {'id': 13, 'text': 'פרמטרים', 'upos': 'NOUN', 'xpos': 'NOUN', 'feats': 'Gender=Masc|Number=Plur', 'head': 9, 'deprel': 'obj', 'lemma': 'פרמטר'}]"
"(14, 15)",שהוזכרו,,,,,,"(54, 61)",,"[{'id': 14, 'text': 'ש', 'upos': 'SCONJ', 'xpos': 'SCONJ', 'head': 15, 'deprel': 'mark', 'lemma': 'ש'}, {'id': 15, 'text': 'הוזכרו', 'upos': 'VERB', 'xpos': 'VERB', 'feats': 'Gender=Fem,Masc|HebBinyan=HUFAL|Number=Plur|Person=3|Tense=Past|Voice=Pass', 'head': 13, 'deprel': 'acl:relcl', 'lemma': 'הוזכר'}]"
"(16, 17)",ועוד,,,,,,"(62, 66)",,"[{'id': 16, 'text': 'ו', 'upos': 'CCONJ', 'xpos': 'CCONJ', 'head': 18, 'deprel': 'cc', 'lemma': 'ו'}, {'id': 17, 'text': 'עוד', 'upos': 'ADV', 'xpos': 'ADV', 'head': 18, 'deprel': 'advmod', 'lemma': 'עוד'}]"
18,להתחשב,VERB,VERB,HebBinyan=HITPAEL|VerbForm=Inf,4.0,conj,"(67, 73)",התחשב,
"(19, 20)",במה,,,,,,"(74, 77)",,"[{'id': 19, 'text': 'ב', 'upos': 'ADP', 'xpos': 'ADP', 'head': 20, 'deprel': 'case', 'lemma': 'ב'}, {'id': 20, 'text': 'מה', 'upos': 'ADV', 'xpos': 'ADV', 'feats': 'PronType=Int', 'head': 18, 'deprel': 'obl', 'lemma': 'מה'}]"
"(21, 22)",שכדאי,,,,,,"(78, 83)",,"[{'id': 21, 'text': 'ש', 'upos': 'SCONJ', 'xpos': 'SCONJ', 'head': 22, 'deprel': 'mark', 'lemma': 'ש'}, {'id': 22, 'text': 'כדאי', 'upos': 'AUX', 'xpos': 'AUX', 'feats': 'VerbType=Mod', 'head': 23, 'deprel': 'aux', 'lemma': 'כדאי'}]"
23,להדגיש,VERB,VERB,HebBinyan=HIFIL|VerbForm=Inf|Voice=Act,20.0,acl:relcl,"(84, 90)",הדגיש,
"(24, 25)",שלא,,,,,,"(91, 94)",,"[{'id': 24, 'text': 'ש', 'upos': 'SCONJ', 'xpos': 'SCONJ', 'head': 26, 'deprel': 'mark', 'lemma': 'ש'}, {'id': 25, 'text': 'לא', 'upos': 'ADV', 'xpos': 'ADV', 'feats': 'Polarity=Neg', 'head': 26, 'deprel': 'advmod', 'lemma': 'לא'}]"
26,יהיה,AUX,AUX,Gender=Masc|Number=Sing|Person=3|Polarity=Pos|Tense=Fut|VerbType=Cop,23.0,advcl,"(95, 99)",היה,
27,•,PUNCT,PUNCT,,32.0,punct,"(100, 101)",•,
28,בקרב,ADP,ADP,,29.0,case,"(102, 106)",בקרב,
29,קבוצות,NOUN,NOUN,Definite=Cons|Gender=Fem|Number=Plur,32.0,obl,"(107, 113)",קבוצה,
"(30, 31)",הגברים,,,,,,"(114, 120)",,"[{'id': 30, 'text': 'ה', 'upos': 'DET', 'xpos': 'DET', 'feats': 'PronType=Art', 'head': 31, 'deprel': 'det:def', 'lemma': 'ה'}, {'id': 31, 'text': 'גברים', 'upos': 'NOUN', 'xpos': 'NOUN', 'feats': 'Gender=Masc|Number=Plur', 'head': 29, 'deprel': 'compound:smixut', 'lemma': 'גבר'}]"
32,הדגישו,VERB,VERB,"Gender=Fem,Masc|HebBinyan=HIFIL|Number=Plur|Person=3|Tense=Past|Voice=Act",3.0,parataxis,"(121, 127)",הדגיש,
33,כי,SCONJ,SCONJ,,34.0,mark,"(128, 130)",כי,
34,חשוב,AUX,AUX,"Gender=Masc|Number=Sing|Person=1,2,3|VerbType=Mod",32.0,ccomp,"(131, 135)",חשוב,
"(35, 36)",להם,,,,,,"(136, 139)",,"[{'id': 35, 'text': 'ל_', 'upos': 'ADP', 'xpos': 'ADP', 'head': 36, 'deprel': 'case', 'lemma': 'ל'}, {'id': 36, 'text': '_הם', 'upos': 'PRON', 'xpos': 'PRON', 'feats': 'Gender=Masc|Number=Plur|Person=3|PronType=Prs', 'head': 34, 'deprel': 'obl', 'lemma': 'הוא'}]"
"(37, 38)",שלא,,,,,,"(140, 143)",,"[{'id': 37, 'text': 'ש', 'upos': 'SCONJ', 'xpos': 'SCONJ', 'head': 39, 'deprel': 'mark', 'lemma': 'ש'}, {'id': 38, 'text': 'לא', 'upos': 'ADV', 'xpos': 'ADV', 'feats': 'Polarity=Neg', 'head': 39, 'deprel': 'advmod', 'lemma': 'לא'}]"
39,יהיו,VERB,VERB,"Gender=Fem,Masc|HebExistential=True|Number=Plur|Person=3|Polarity=Pos|Tense=Fut",34.0,advcl,"(144, 148)",היה,
40,זרים,NOUN,NOUN,Gender=Masc|Number=Plur,39.0,nsubj,"(149, 153)",זר,
"(41, 42)",באותה,,,,,,"(154, 159)",,"[{'id': 41, 'text': 'ב', 'upos': 'ADP', 'xpos': 'ADP', 'head': 43, 'deprel': 'case', 'lemma': 'ב'}, {'id': 42, 'text': 'אותה', 'upos': 'PRON', 'xpos': 'PRON', 'feats': 'Definite=Def|Gender=Fem|Number=Sing|Person=3|PronType=Prs', 'head': 43, 'deprel': 'det', 'lemma': 'אותו'}]"
43,שכונה,NOUN,NOUN,Gender=Fem|Number=Sing,39.0,obl,"(160, 165)",שכונה,
"(44, 46)",והכוונה,,,,,,"(166, 173)",,"[{'id': 44, 'text': 'ו', 'upos': 'CCONJ', 'xpos': 'CCONJ', 'head': 46, 'deprel': 'cc', 'lemma': 'ו'}, {'id': 45, 'text': 'ה', 'upos': 'DET', 'xpos': 'DET', 'feats': 'PronType=Art', 'head': 46, 'deprel': 'det:def', 'lemma': 'ה'}, {'id': 46, 'text': 'כוונה', 'upos': 'NOUN', 'xpos': 'NOUN', 'feats': 'Gender=Fem|Number=Sing', 'head': 40, 'deprel': 'conj', 'lemma': 'כוונה'}]"
"(47, 48)",מחוץ,,,,,,"(174, 178)",,"[{'id': 47, 'text': 'מ', 'upos': 'ADP', 'xpos': 'ADP', 'head': 51, 'deprel': 'case', 'lemma': 'מ'}, {'id': 48, 'text': 'חוץ', 'upos': 'NOUN', 'xpos': 'NOUN', 'feats': 'Gender=Masc|Number=Sing', 'head': 47, 'deprel': 'fixed', 'lemma': 'חוץ'}]"
"(49, 51)",לסחינין,,,,,,"(179, 186)",,"[{'id': 49, 'text': 'ל', 'upos': 'ADP', 'xpos': 'ADP', 'head': 47, 'deprel': 'fixed', 'lemma': 'ל'}, {'id': 50, 'text': 'ה_', 'upos': 'DET', 'xpos': 'DET', 'feats': 'PronType=Art', 'head': 51, 'deprel': 'det:def', 'lemma': 'ה'}, {'id': 51, 'text': 'סחינין', 'upos': 'NOUN', 'xpos': 'NOUN', 'feats': 'Gender=Masc|Number=Sing', 'head': 46, 'deprel': 'nmod', 'lemma': 'סחינין'}]"
"(1, 3)",ושיהיו,,,,,,"(1, 7)",,"[{'id': 1, 'text': 'ו', 'upos': 'CCONJ', 'xpos': 'CCONJ', 'head': 0, 'deprel': 'root', 'lemma': 'ו'}, {'id': 2, 'text': 'ש', 'upos': 'SCONJ', 'xpos': 'SCONJ', 'head': 3, 'deprel': 'mark', 'lemma': 'ש'}, {'id': 3, 'text': 'יהיו', 'upos': 'VERB', 'xpos': 'VERB', 'feats': 'Gender=Fem,Masc|HebExistential=True|Number=Plur|Person=3|Polarity=Pos|Tense=Fut', 'head': 1, 'deprel': 'conj', 'lemma': 'היה'}]"
4,קריטריונים,NOUN,NOUN,Gender=Masc|Number=Plur,3.0,nsubj,"(8, 18)",קריטריון,
5,ברורים,ADJ,ADJ,Gender=Masc|Number=Plur,4.0,amod,"(19, 25)",ברור,
"(6, 7)",לזכאות,,,,,,"(26, 32)",,"[{'id': 6, 'text': 'ל', 'upos': 'ADP', 'xpos': 'ADP', 'head': 7, 'deprel': 'case', 'lemma': 'ל'}, {'id': 7, 'text': 'זכאות', 'upos': 'NOUN', 'xpos': 'NOUN', 'feats': 'Gender=Fem|Number=Sing', 'head': 4, 'deprel': 'nmod', 'lemma': 'זכאה'}]"
"(8, 9)",למי,,,,,,"(33, 36)",,"[{'id': 8, 'text': 'ל', 'upos': 'ADP', 'xpos': 'ADP', 'head': 9, 'deprel': 'case', 'lemma': 'ל'}, {'id': 9, 'text': 'מי', 'upos': 'ADV', 'xpos': 'ADV', 'feats': 'PronType=Int', 'head': 7, 'deprel': 'nmod', 'lemma': 'מי'}]"
"(10, 11)",שיכול,,,,,,"(37, 42)",,"[{'id': 10, 'text': 'ש', 'upos': 'SCONJ', 'xpos': 'SCONJ', 'head': 11, 'deprel': 'mark', 'lemma': 'ש'}, {'id': 11, 'text': 'יכול', 'upos': 'AUX', 'xpos': 'AUX', 'feats': 'Gender=Masc|Number=Sing|Person=3|Tense=Past|VerbType=Mod', 'head': 12, 'deprel': 'aux', 'lemma': 'יכול'}]"
12,לגשת,VERB,VERB,HebBinyan=PAAL|VerbForm=Inf|Voice=Act,9.0,acl:relcl,"(43, 47)",לגשת,
13,לרכוש,VERB,VERB,HebBinyan=PAAL|HebSource=ConvUncertainHead|VerbForm=Inf|Voice=Act,12.0,dep,"(48, 53)",רכש,
14,בת,NOUN,NOUN,Definite=Cons|Gender=Fem|Number=Sing,13.0,obj,"(54, 56)",בת,
15,ים,NOUN,NOUN,Gender=Masc|Number=Plur,14.0,compound:smixut,"(56, 58)",ים,
"(16, 18)",כאלה,,,,,,"(59, 63)",,"[{'id': 16, 'text': 'כ', 'upos': 'ADP', 'xpos': 'ADP', 'head': 18, 'deprel': 'case', 'lemma': 'כ'}, {'id': 17, 'text': 'ה_', 'upos': 'DET', 'xpos': 'DET', 'feats': 'PronType=Art', 'head': 18, 'deprel': 'det:def', 'lemma': 'ה'}, {'id': 18, 'text': 'אלה', 'upos': 'PRON', 'xpos': 'PRON', 'feats': 'Gender=Masc|Number=Plur|Person=3|PronType=Dem', 'head': 14, 'deprel': 'nmod', 'lemma': 'אלה'}]"
1,בקרב,ADP,ADP,,3.0,case,"(1, 5)",בקרב,
"(2, 3)",הנשים,,,,,,"(6, 11)",,"[{'id': 2, 'text': 'ה', 'upos': 'DET', 'xpos': 'DET', 'feats': 'PronType=Art', 'head': 3, 'deprel': 'det:def', 'lemma': 'ה'}, {'id': 3, 'text': 'נשים', 'upos': 'NOUN', 'xpos': 'NOUN', 'feats': 'Gender=Fem|Number=Plur', 'head': 4, 'deprel': 'obl', 'lemma': 'איש'}]"
4,בלט,VERB,VERB,Gender=Masc|HebBinyan=PAAL|Number=Sing|Person=3|Tense=Past|Voice=Act,0.0,root,"(12, 15)",בלט,
5,במיוחד,ADV,ADV,,4.0,advmod,"(16, 22)",במיוחד,
"(6, 7)",החשש,,,,,,"(23, 27)",,"[{'id': 6, 'text': 'ה', 'upos': 'DET', 'xpos': 'DET', 'feats': 'PronType=Art', 'head': 7, 'deprel': 'det:def', 'lemma': 'ה'}, {'id': 7, 'text': 'חשש', 'upos': 'NOUN', 'xpos': 'NOUN', 'feats': 'Gender=Masc|Number=Sing', 'head': 4, 'deprel': 'nsubj', 'lemma': 'חשש'}]"
"(8, 9)",ממיקום,,,,,,"(28, 34)",,"[{'id': 8, 'text': 'מ', 'upos': 'ADP', 'xpos': 'ADP', 'head': 9, 'deprel': 'case', 'lemma': 'מ'}, {'id': 9, 'text': 'מיקום', 'upos': 'NOUN', 'xpos': 'NOUN', 'feats': 'Gender=Masc|Number=Sing', 'head': 7, 'deprel': 'nmod', 'lemma': 'מיקום'}]"
10,של,ADP,ADP,Case=Gen,11.0,case:gen,"(35, 37)",של,
11,אזור,NOUN,NOUN,Definite=Cons|Gender=Masc|Number=Sing,9.0,nmod,"(38, 42)",אזור,
12,מפעלים,NOUN,NOUN,Gender=Masc|Number=Plur,11.0,compound:smixut,"(43, 49)",מפעל,
13,",",PUNCT,PUNCT,,11.0,punct,"(50, 51)",",",
"(14, 15)",שלא,,,,,,"(52, 55)",,"[{'id': 14, 'text': 'ש', 'upos': 'SCONJ', 'xpos': 'SCONJ', 'head': 16, 'deprel': 'mark', 'lemma': 'ש'}, {'id': 15, 'text': 'לא', 'upos': 'ADV', 'xpos': 'ADV', 'feats': 'Polarity=Neg', 'head': 16, 'deprel': 'advmod', 'lemma': 'לא'}]"
16,יהיו,VERB,VERB,"Gender=Fem,Masc|HebExistential=True|Number=Plur|Person=3|Polarity=Pos|Tense=Fut",11.0,acl:relcl,"(56, 60)",היה,
17,אנטנות,NOUN,NOUN,Gender=Fem|Number=Plur,16.0,nsubj,"(61, 67)",אנטנות,
18,סלולאריות,ADJ,ADJ,Gender=Fem|Number=Plur,17.0,amod,"(68, 77)",סלולארי,
19,",",PUNCT,PUNCT,,9.0,punct,"(77, 78)",",",
"(20, 21)",שלא,,,,,,"(79, 82)",,"[{'id': 20, 'text': 'ש', 'upos': 'SCONJ', 'xpos': 'SCONJ', 'head': 22, 'deprel': 'mark', 'lemma': 'ש'}, {'id': 21, 'text': 'לא', 'upos': 'ADV', 'xpos': 'ADV', 'feats': 'Polarity=Neg', 'head': 22, 'deprel': 'advmod', 'lemma': 'לא'}]"
22,יהיה,AUX,AUX,Gender=Masc|Number=Sing|Person=3|Polarity=Pos|Tense=Fut|VerbType=Cop,9.0,acl:relcl,"(83, 87)",היה,
23,סמוך,ADJ,ADJ,Gender=Masc|Number=Sing,22.0,advmod,"(88, 92)",סמוך,
"(24, 25)",לאזורי,,,,,,"(93, 99)",,"[{'id': 24, 'text': 'ל', 'upos': 'ADP', 'xpos': 'ADP', 'head': 25, 'deprel': 'case', 'lemma': 'ל'}, {'id': 25, 'text': 'אזורי', 'upos': 'NOUN', 'xpos': 'NOUN', 'feats': 'Definite=Cons|Gender=Masc|Number=Plur', 'head': 23, 'deprel': 'advmod', 'lemma': 'אזור'}]"
26,גידולי,NOUN,NOUN,Definite=Cons|Gender=Masc|Number=Plur,25.0,compound:smixut,"(100, 106)",גידול,
27,צאן,NOUN,NOUN,Gender=Masc|Number=Sing,26.0,compound:smixut,"(107, 110)",צאן,
"(28, 30)",בסביבה,,,,,,"(111, 117)",,"[{'id': 28, 'text': 'ב', 'upos': 'ADP', 'xpos': 'ADP', 'head': 30, 'deprel': 'case', 'lemma': 'ב'}, {'id': 29, 'text': 'ה_', 'upos': 'DET', 'xpos': 'DET', 'feats': 'PronType=Art', 'head': 30, 'deprel': 'det:def', 'lemma': 'ה'}, {'id': 30, 'text': 'סביבה', 'upos': 'NOUN', 'xpos': 'NOUN', 'feats': 'Gender=Fem|Number=Sing', 'head': 25, 'deprel': 'nmod', 'lemma': 'סביבה'}]"
31,",",PUNCT,PUNCT,,9.0,punct,"(117, 118)",",",
"(32, 33)",שלא,,,,,,"(119, 122)",,"[{'id': 32, 'text': 'ש', 'upos': 'SCONJ', 'xpos': 'SCONJ', 'head': 34, 'deprel': 'mark', 'lemma': 'ש'}, {'id': 33, 'text': 'לא', 'upos': 'ADV', 'xpos': 'ADV', 'feats': 'Polarity=Neg', 'head': 34, 'deprel': 'advmod', 'lemma': 'לא'}]"
34,יהיה,AUX,AUX,Gender=Masc|Number=Sing|Person=3|Polarity=Pos|Tense=Fut|VerbType=Cop,9.0,acl:relcl,"(123, 127)",היה,
35,ליד,ADP,ADP,,36.0,case,"(128, 131)",ליד,
36,מקור,NOUN,NOUN,Gender=Masc|Number=Sing,34.0,obl,"(132, 136)",מקור,
37,של,ADP,ADP,Case=Gen,38.0,case:gen,"(137, 139)",של,
38,רעשים,NOUN,NOUN,Gender=Masc|Number=Plur,36.0,nmod:poss,"(140, 145)",רעש,
"(39, 41)",בסביבה,,,,,,"(146, 152)",,"[{'id': 39, 'text': 'ב', 'upos': 'ADP', 'xpos': 'ADP', 'head': 41, 'deprel': 'case', 'lemma': 'ב'}, {'id': 40, 'text': 'ה_', 'upos': 'DET', 'xpos': 'DET', 'feats': 'PronType=Art', 'head': 41, 'deprel': 'det:def', 'lemma': 'ה'}, {'id': 41, 'text': 'סביבה', 'upos': 'NOUN', 'xpos': 'NOUN', 'feats': 'Gender=Fem|Number=Sing', 'head': 38, 'deprel': 'nmod', 'lemma': 'סביבה'}]"
1,•,PUNCT,PUNCT,,13.0,punct,"(1, 2)",•,
"(2, 3)",הדבר,,,,,,"(3, 7)",,"[{'id': 2, 'text': 'ה', 'upos': 'DET', 'xpos': 'DET', 'feats': 'PronType=Art', 'head': 3, 'deprel': 'det:def', 'lemma': 'ה'}, {'id': 3, 'text': 'דבר', 'upos': 'NOUN', 'xpos': 'NOUN', 'feats': 'Gender=Masc|Number=Sing', 'head': 13, 'deprel': 'nsubj', 'lemma': 'דבר'}]"
"(4, 5)",הבולט,,,,,,"(8, 13)",,"[{'id': 4, 'text': 'ה', 'upos': 'DET', 'xpos': 'DET', 'feats': 'PronType=Art', 'head': 5, 'deprel': 'det:def', 'lemma': 'ה'}, {'id': 5, 'text': 'בולט', 'upos': 'ADJ', 'xpos': 'ADJ', 'feats': 'Gender=Masc|Number=Sing', 'head': 3, 'deprel': 'amod', 'lemma': 'בולט'}]"
6,ביותר,ADV,ADV,,5.0,advmod,"(14, 19)",ביותר,
"(7, 8)",במחקר,,,,,,"(20, 25)",,"[{'id': 7, 'text': 'ב', 'upos': 'ADP', 'xpos': 'ADP', 'head': 8, 'deprel': 'case', 'lemma': 'ב'}, {'id': 8, 'text': 'מחקר', 'upos': 'NOUN', 'xpos': 'NOUN', 'feats': 'Gender=Masc|Number=Sing', 'head': 3, 'deprel': 'nmod', 'lemma': 'מחקר'}]"
9,זה,PRON,PRON,Gender=Masc|Number=Sing|Person=3|PronType=Dem,8.0,det,"(26, 28)",זה,
10,",",PUNCT,PUNCT,,13.0,punct,"(29, 30)",",",
11,היה,AUX,AUX,Gender=Masc|Number=Sing|Person=3|Polarity=Pos|Tense=Past|VerbType=Cop,13.0,cop,"(31, 34)",היה,
"(12, 13)",ההתנגדות,,,,,,"(35, 43)",,"[{'id': 12, 'text': 'ה', 'upos': 'DET', 'xpos': 'DET', 'feats': 'PronType=Art', 'head': 13, 'deprel': 'det:def', 'lemma': 'ה'}, {'id': 13, 'text': 'התנגדות', 'upos': 'NOUN', 'xpos': 'NOUN', 'feats': 'Gender=Fem|Number=Sing', 'head': 0, 'deprel': 'root', 'lemma': 'התנגדות'}]"
"(14, 15)",העזה,,,,,,"(44, 48)",,"[{'id': 14, 'text': 'ה', 'upos': 'DET', 'xpos': 'DET', 'feats': 'PronType=Art', 'head': 15, 'deprel': 'det:def', 'lemma': 'ה'}, {'id': 15, 'text': 'עזה', 'upos': 'ADJ', 'xpos': 'ADJ', 'feats': 'Gender=Fem|Number=Sing', 'head': 13, 'deprel': 'amod', 'lemma': 'עז'}]"
16,לגבי,ADP,ADP,,17.0,case,"(49, 53)",לגבי,
17,מחיר,NOUN,NOUN,Definite=Cons|Gender=Masc|Number=Sing,13.0,nmod,"(54, 58)",מחיר,
18,דירה,NOUN,NOUN,Gender=Fem|Number=Sing,17.0,compound:smixut,"(59, 63)",דירה,
"(19, 21)",בשיכון,,,,,,"(64, 70)",,"[{'id': 19, 'text': 'ב', 'upos': 'ADP', 'xpos': 'ADP', 'head': 21, 'deprel': 'case', 'lemma': 'ב'}, {'id': 20, 'text': 'ה_', 'upos': 'DET', 'xpos': 'DET', 'feats': 'PronType=Art', 'head': 21, 'deprel': 'det:def', 'lemma': 'ה'}, {'id': 21, 'text': 'שיכון', 'upos': 'NOUN', 'xpos': 'NOUN', 'feats': 'Gender=Masc|Number=Sing', 'head': 17, 'deprel': 'nmod', 'lemma': 'שיכון'}]"
"(22, 23)",המוצע,,,,,,"(71, 76)",,"[{'id': 22, 'text': 'ה', 'upos': 'SCONJ', 'xpos': 'SCONJ', 'head': 23, 'deprel': 'mark', 'lemma': 'ה'}, {'id': 23, 'text': 'מוצע', 'upos': 'VERB', 'xpos': 'VERB', 'feats': 'Gender=Masc|HebBinyan=HUFAL|Number=Sing|Person=1,2,3|VerbForm=Part|Voice=Pass', 'head': 17, 'deprel': 'acl:relcl', 'lemma': 'הוצע'}]"
24,גם,ADV,ADV,,25.0,advmod,"(77, 79)",גם,
25,בקרב,ADP,ADP,,27.0,case,"(80, 84)",בקרב,
"(26, 27)",הנשואים,,,,,,"(85, 92)",,"[{'id': 26, 'text': 'ה', 'upos': 'DET', 'xpos': 'DET', 'feats': 'PronType=Art', 'head': 27, 'deprel': 'det:def', 'lemma': 'ה'}, {'id': 27, 'text': 'נשואים', 'upos': 'NOUN', 'xpos': 'NOUN', 'feats': 'Gender=Masc|Number=Plur', 'head': 23, 'deprel': 'obl', 'lemma': 'נשוא'}]"
28,",",PUNCT,PUNCT,,27.0,punct,"(93, 94)",",",
"(29, 30)",הרווקים,,,,,,"(95, 102)",,"[{'id': 29, 'text': 'ה', 'upos': 'DET', 'xpos': 'DET', 'feats': 'PronType=Art', 'head': 30, 'deprel': 'det:def', 'lemma': 'ה'}, {'id': 30, 'text': 'רווקים', 'upos': 'NOUN', 'xpos': 'NOUN', 'feats': 'Gender=Masc|Number=Plur', 'head': 27, 'deprel': 'conj', 'lemma': 'רווק'}]"
31,",",PUNCT,PUNCT,,27.0,punct,"(103, 104)",",",
"(32, 33)",הנשואות,,,,,,"(105, 112)",,"[{'id': 32, 'text': 'ה', 'upos': 'DET', 'xpos': 'DET', 'feats': 'PronType=Art', 'head': 33, 'deprel': 'det:def', 'lemma': 'ה'}, {'id': 33, 'text': 'נשואות', 'upos': 'NOUN', 'xpos': 'NOUN', 'feats': 'Gender=Fem|HebSource=ConvUncertainHead|Number=Plur', 'head': 27, 'deprel': 'conj', 'lemma': 'נשואה'}]"
34,",",PUNCT,PUNCT,,27.0,punct,"(113, 114)",",",
"(35, 37)",והרווקות,,,,,,"(115, 123)",,"[{'id': 35, 'text': 'ו', 'upos': 'CCONJ', 'xpos': 'CCONJ', 'head': 38, 'deprel': 'cc', 'lemma': 'ו'}, {'id': 36, 'text': 'ה', 'upos': 'DET', 'xpos': 'DET', 'feats': 'PronType=Art', 'head': 37, 'deprel': 'det:def', 'lemma': 'ה'}, {'id': 37, 'text': 'רווקות', 'upos': 'NOUN', 'xpos': 'NOUN', 'feats': 'Gender=Fem|Number=Plur', 'head': 27, 'deprel': 'conj', 'lemma': 'רווקה'}]"
38,ציינו,VERB,VERB,"Gender=Fem,Masc|HebBinyan=PIEL|Number=Plur|Person=3|Tense=Past|Voice=Act",13.0,conj,"(124, 129)",ציין,
39,כי,SCONJ,SCONJ,,54.0,mark,"(130, 132)",כי,
40,מחיר,NOUN,NOUN,Gender=Masc|Number=Sing,54.0,nsubj:cop,"(133, 137)",מחיר,
41,של,ADP,ADP,Case=Gen,46.0,case:gen,"(138, 140)",של,
42,600,NUM,NUM,,45.0,nummod,"(141, 144)",600,
43,-,PUNCT,PUNCT,,42.0,punct,"(144, 145)",-,
44,650,NUM,NUM,,45.0,nummod,"(145, 148)",650,
45,אלף,NUM,NUM,Gender=Masc|Number=Sing,46.0,nummod,"(149, 152)",אלף,
46,₪,NOUN,NOUN,Gender=Masc|Number=Plur,40.0,nmod:poss,"(153, 154)",₪,
"(47, 49)",לדירה,,,,,,"(155, 160)",,"[{'id': 47, 'text': 'ל', 'upos': 'ADP', 'xpos': 'ADP', 'head': 49, 'deprel': 'case', 'lemma': 'ל'}, {'id': 48, 'text': 'ה_', 'upos': 'DET', 'xpos': 'DET', 'feats': 'PronType=Art', 'head': 49, 'deprel': 'det:def', 'lemma': 'ה'}, {'id': 49, 'text': 'דירה', 'upos': 'NOUN', 'xpos': 'NOUN', 'feats': 'Gender=Fem|Number=Sing', 'head': 40, 'deprel': 'nmod', 'lemma': 'דירה'}]"
"(50, 52)",בשיכון,,,,,,"(161, 167)",,"[{'id': 50, 'text': 'ב', 'upos': 'ADP', 'xpos': 'ADP', 'head': 52, 'deprel': 'case', 'lemma': 'ב'}, {'id': 51, 'text': 'ה_', 'upos': 'DET', 'xpos': 'DET', 'feats': 'PronType=Art', 'head': 52, 'deprel': 'det:def', 'lemma': 'ה'}, {'id': 52, 'text': 'שיכון', 'upos': 'NOUN', 'xpos': 'NOUN', 'feats': 'Gender=Masc|Number=Sing', 'head': 49, 'deprel': 'nmod', 'lemma': 'שיכון'}]"
53,זהו,PRON,PRON,Gender=Masc|Number=Sing|Person=3|PronType=Dem,54.0,cop,"(168, 171)",זהו,
54,מחיר,NOUN,NOUN,Gender=Masc|Number=Sing,38.0,ccomp,"(172, 176)",מחיר,
55,מאוד,ADV,ADV,,56.0,advmod,"(177, 181)",מאוד,
56,יקר,ADJ,ADJ,Gender=Masc|Number=Sing,54.0,amod,"(182, 185)",יקר,
57,יחסית,ADV,ADV,,56.0,advmod,"(186, 191)",יחסית,
"(58, 59)",לחלופות,,,,,,"(192, 199)",,"[{'id': 58, 'text': 'ל', 'upos': 'ADP', 'xpos': 'ADP', 'head': 59, 'deprel': 'case', 'lemma': 'ל'}, {'id': 59, 'text': 'חלופות', 'upos': 'NOUN', 'xpos': 'NOUN', 'feats': 'Gender=Fem|Number=Plur', 'head': 54, 'deprel': 'nmod', 'lemma': 'חלופה'}]"
"(60, 61)",הקיימות,,,,,,"(200, 207)",,"[{'id': 60, 'text': 'ה', 'upos': 'DET', 'xpos': 'DET', 'feats': 'PronType=Art', 'head': 61, 'deprel': 'det:def', 'lemma': 'ה'}, {'id': 61, 'text': 'קיימות', 'upos': 'ADJ', 'xpos': 'ADJ', 'feats': 'Gender=Fem|Number=Plur', 'head': 59, 'deprel': 'compound:smixut', 'lemma': 'קיים'}]"
"(62, 63)",בכרמיאל,,,,,,"(208, 215)",,"[{'id': 62, 'text': 'ב', 'upos': 'ADP', 'xpos': 'ADP', 'head': 63, 'deprel': 'case', 'lemma': 'ב'}, {'id': 63, 'text': 'כרמיאל', 'upos': 'NOUN', 'xpos': 'NOUN', 'feats': 'Definite=Cons|Gender=Masc|Number=Sing', 'head': 59, 'deprel': 'nmod', 'lemma': 'כרמיאל'}]"
"(64, 65)",השכנה,,,,,,"(216, 221)",,"[{'id': 64, 'text': 'ה', 'upos': 'DET', 'xpos': 'DET', 'feats': 'PronType=Art', 'head': 65, 'deprel': 'det:def', 'lemma': 'ה'}, {'id': 65, 'text': 'שכנה', 'upos': 'NOUN', 'xpos': 'NOUN', 'feats': 'Gender=Fem|Number=Sing', 'head': 63, 'deprel': 'compound:smixut', 'lemma': 'שכן'}]"
1,או,CCONJ,CCONJ,,0.0,root,"(1, 3)",או,
"(2, 3)",בחלופת,,,,,,"(4, 10)",,"[{'id': 2, 'text': 'ב', 'upos': 'ADP', 'xpos': 'ADP', 'head': 3, 'deprel': 'case', 'lemma': 'ב'}, {'id': 3, 'text': 'חלופת', 'upos': 'NOUN', 'xpos': 'NOUN', 'feats': 'Definite=Cons|Gender=Fem|Number=Sing', 'head': 1, 'deprel': 'dep', 'lemma': 'חלופה'}]"
4,בניית,NOUN,NOUN,Definite=Cons|Gender=Fem|Number=Sing,3.0,compound:smixut,"(11, 16)",בנייה,
5,בית,NOUN,NOUN,Gender=Masc|Number=Sing,4.0,compound:smixut,"(17, 20)",בית,
6,על,ADP,ADP,,7.0,case,"(21, 23)",על,
7,קרקע,NOUN,NOUN,Gender=Fem|Number=Sing,4.0,nmod,"(24, 28)",קרקע,
8,של,ADP,ADP,Case=Gen,10.0,case:gen,"(29, 31)",של,
9,300,NUM,NUM,,10.0,nummod,"(32, 35)",300,
10,מטר,NOUN,NOUN,Gender=Masc|Number=Sing,7.0,nmod:poss,"(36, 39)",מטר,
11,בעיקר,ADV,ADV,,12.0,advmod,"(40, 45)",בעיקר,
"(12, 13)",בקבוצות,,,,,,"(46, 53)",,"[{'id': 12, 'text': 'ב', 'upos': 'ADP', 'xpos': 'ADP', 'head': 13, 'deprel': 'case', 'lemma': 'ב'}, {'id': 13, 'text': 'קבוצות', 'upos': 'NOUN', 'xpos': 'NOUN', 'feats': 'Definite=Cons|Gender=Fem|Number=Plur', 'head': 3, 'deprel': 'nmod', 'lemma': 'קבוצה'}]"
"(14, 15)",הגברים,,,,,,"(54, 60)",,"[{'id': 14, 'text': 'ה', 'upos': 'DET', 'xpos': 'DET', 'feats': 'PronType=Art', 'head': 15, 'deprel': 'det:def', 'lemma': 'ה'}, {'id': 15, 'text': 'גברים', 'upos': 'NOUN', 'xpos': 'NOUN', 'feats': 'Gender=Masc|Number=Plur', 'head': 13, 'deprel': 'compound:smixut', 'lemma': 'גבר'}]"
1,•,PUNCT,PUNCT,,0.0,root,"(1, 2)",•,
2,אך,CCONJ,CCONJ,,1.0,cc,"(3, 5)",אך,
"(3, 4)",העיקר,,,,,,"(6, 11)",,"[{'id': 3, 'text': 'ה', 'upos': 'DET', 'xpos': 'DET', 'feats': 'PronType=Art', 'head': 4, 'deprel': 'det:def', 'lemma': 'ה'}, {'id': 4, 'text': 'עיקר', 'upos': 'NOUN', 'xpos': 'NOUN', 'feats': 'Gender=Masc|Number=Sing', 'head': 1, 'deprel': 'nsubj', 'lemma': 'עיקר'}]"
"(5, 6)",שהושמעה,,,,,,"(12, 19)",,"[{'id': 5, 'text': 'ש', 'upos': 'SCONJ', 'xpos': 'SCONJ', 'head': 6, 'deprel': 'mark', 'lemma': 'ש'}, {'id': 6, 'text': 'הושמעה', 'upos': 'VERB', 'xpos': 'VERB', 'feats': 'Gender=Fem|HebBinyan=HUFAL|Number=Sing|Person=3|Tense=Past|Voice=Pass', 'head': 4, 'deprel': 'acl:relcl', 'lemma': 'הושמע'}]"
7,התנגדות,NOUN,NOUN,Gender=Fem|Number=Sing,6.0,nsubj,"(20, 27)",התנגדות,
8,חזקה,ADJ,ADJ,Gender=Fem|Number=Sing,7.0,amod,"(28, 32)",חזק,
9,מאוד,ADV,ADV,,8.0,advmod,"(33, 37)",מאוד,
10,בקרב,ADP,ADP,,12.0,case,"(38, 42)",בקרב,
"(11, 12)",הרווקים,,,,,,"(43, 50)",,"[{'id': 11, 'text': 'ה', 'upos': 'DET', 'xpos': 'DET', 'feats': 'PronType=Art', 'head': 12, 'deprel': 'det:def', 'lemma': 'ה'}, {'id': 12, 'text': 'רווקים', 'upos': 'NOUN', 'xpos': 'NOUN', 'feats': 'Gender=Masc|Number=Plur', 'head': 7, 'deprel': 'nmod', 'lemma': 'רווק'}]"
"(13, 15)",והנשואים,,,,,,"(51, 59)",,"[{'id': 13, 'text': 'ו', 'upos': 'CCONJ', 'xpos': 'CCONJ', 'head': 15, 'deprel': 'cc', 'lemma': 'ו'}, {'id': 14, 'text': 'ה', 'upos': 'DET', 'xpos': 'DET', 'feats': 'PronType=Art', 'head': 15, 'deprel': 'det:def', 'lemma': 'ה'}, {'id': 15, 'text': 'נשואים', 'upos': 'NOUN', 'xpos': 'NOUN', 'feats': 'Gender=Masc|Number=Plur', 'head': 12, 'deprel': 'conj', 'lemma': 'נשוא'}]"
"(16, 17)",שכמעט,,,,,,"(60, 65)",,"[{'id': 16, 'text': 'ש', 'upos': 'SCONJ', 'xpos': 'SCONJ', 'head': 19, 'deprel': 'mark', 'lemma': 'ש'}, {'id': 17, 'text': 'כמעט', 'upos': 'ADV', 'xpos': 'ADV', 'head': 19, 'deprel': 'advmod', 'lemma': 'כמעט'}]"
"(18, 19)",העפילה,,,,,,"(66, 72)",,"[{'id': 18, 'text': 'ה', 'upos': 'DET', 'xpos': 'DET', 'feats': 'Gender=Fem|HebBinyan=HIFIL|Number=Sing|Person=3|Tense=Past|Voice=Act', 'head': 4, 'deprel': 'acl:relcl', 'lemma': 'ה'}, {'id': 19, 'text': 'עפילה', 'upos': 'VERB', 'xpos': 'VERB', 'feats': 'Gender=Fem|HebBinyan=HIFIL|Number=Sing|Person=3|Tense=Past|Voice=Act', 'head': 4, 'deprel': 'acl:relcl', 'lemma': 'עפיל'}]"
20,על,ADP,ADP,,21.0,case,"(73, 75)",על,
21,אטרקטיביות,NOUN,NOUN,Definite=Cons|Gender=Fem|Number=Sing,19.0,obl,"(76, 86)",אטרקטיביות,
"(22, 23)",המוצר,,,,,,"(87, 92)",,"[{'id': 22, 'text': 'ה', 'upos': 'DET', 'xpos': 'DET', 'feats': 'PronType=Art', 'head': 23, 'deprel': 'det:def', 'lemma': 'ה'}, {'id': 23, 'text': 'מוצר', 'upos': 'NOUN', 'xpos': 'NOUN', 'feats': 'Gender=Masc|Number=Sing', 'head': 21, 'deprel': 'compound:smixut', 'lemma': 'מוצר'}]"
"(24, 25)",החדש,,,,,,"(93, 97)",,"[{'id': 24, 'text': 'ה', 'upos': 'DET', 'xpos': 'DET', 'feats': 'PronType=Art', 'head': 25, 'deprel': 'det:def', 'lemma': 'ה'}, {'id': 25, 'text': 'חדש', 'upos': 'ADJ', 'xpos': 'ADJ', 'feats': 'Gender=Masc|Number=Sing', 'head': 23, 'deprel': 'amod', 'lemma': 'חדש'}]"
26,קרי,CCONJ,CCONJ,,28.0,cc,"(98, 101)",קרי,
"(27, 28)",השכונה,,,,,,"(102, 108)",,"[{'id': 27, 'text': 'ה', 'upos': 'DET', 'xpos': 'DET', 'feats': 'PronType=Art', 'head': 28, 'deprel': 'det:def', 'lemma': 'ה'}, {'id': 28, 'text': 'שכונה', 'upos': 'NOUN', 'xpos': 'NOUN', 'feats': 'Gender=Fem|Number=Sing', 'head': 23, 'deprel': 'conj', 'lemma': 'שכונה'}]"
"(29, 30)",החדשה,,,,,,"(109, 114)",,"[{'id': 29, 'text': 'ה', 'upos': 'DET', 'xpos': 'DET', 'feats': 'PronType=Art', 'head': 30, 'deprel': 'det:def', 'lemma': 'ה'}, {'id': 30, 'text': 'חדשה', 'upos': 'ADJ', 'xpos': 'ADJ', 'feats': 'Gender=Fem|Number=Sing', 'head': 28, 'deprel': 'amod', 'lemma': 'חדש'}]"
"(31, 32)",המתוכננת,,,,,,"(115, 123)",,"[{'id': 31, 'text': 'ה', 'upos': 'DET', 'xpos': 'DET', 'feats': 'PronType=Art', 'head': 32, 'deprel': 'det:def', 'lemma': 'ה'}, {'id': 32, 'text': 'מתוכננת', 'upos': 'VERB', 'xpos': 'VERB', 'feats': 'Gender=Fem|HebBinyan=PUAL|Number=Sing|Person=1,2,3|VerbForm=Part|Voice=Pass', 'head': 28, 'deprel': 'amod', 'lemma': 'מתוכנן'}]"
"(33, 35)",בסחנין,,,,,,"(124, 130)",,"[{'id': 33, 'text': 'ב', 'upos': 'ADP', 'xpos': 'ADP', 'head': 35, 'deprel': 'case', 'lemma': 'ב'}, {'id': 34, 'text': 'ה_', 'upos': 'DET', 'xpos': 'DET', 'feats': 'PronType=Art', 'head': 35, 'deprel': 'det:def', 'lemma': 'ה'}, {'id': 35, 'text': 'סחנין', 'upos': 'NOUN', 'xpos': 'NOUN', 'feats': 'Gender=Masc|Number=Sing', 'head': 28, 'deprel': 'nmod', 'lemma': 'סחנין'}]"
1,•,PUNCT,PUNCT,,17.0,punct,"(1, 2)",•,
"(2, 5)",להפתעתנו,,,,,,"(3, 11)",,"[{'id': 2, 'text': 'ל', 'upos': 'ADP', 'xpos': 'ADP', 'head': 3, 'deprel': 'case', 'lemma': 'ל'}, {'id': 3, 'text': 'הפתעה_', 'upos': 'NOUN', 'xpos': 'NOUN', 'feats': 'Definite=Def|Gender=Fem|Number=Sing', 'head': 17, 'deprel': 'obl', 'lemma': 'הפתעה'}, {'id': 4, 'text': '_של_', 'upos': 'ADP', 'xpos': 'ADP', 'head': 5, 'deprel': 'case:gen', 'lemma': 'של'}, {'id': 5, 'text': '_אנחנו', 'upos': 'PRON', 'xpos': 'PRON', 'feats': 'Case=Gen|Gender=Fem,Masc|Number=Plur|Person=1|PronType=Prs', 'head': 3, 'deprel': 'nmod:poss', 'lemma': 'הוא'}]"
"(6, 7)",הרבה,,,,,,"(12, 16)",,"[{'id': 6, 'text': 'ה', 'upos': 'DET', 'xpos': 'DET', 'feats': 'PronType=Art', 'head': 7, 'deprel': 'det:def', 'lemma': 'ה'}, {'id': 7, 'text': 'רבה', 'upos': 'ADJ', 'xpos': 'ADJ', 'feats': 'Gender=Fem|Number=Sing', 'head': 3, 'deprel': 'amod', 'lemma': 'רב'}]"
8,",",PUNCT,PUNCT,,17.0,punct,"(17, 18)",",",
9,שוכרי,NOUN,NOUN,Definite=Cons|Gender=Masc|Number=Plur,17.0,nsubj,"(19, 24)",שוכר,
"(10, 11)",הדירות,,,,,,"(25, 31)",,"[{'id': 10, 'text': 'ה', 'upos': 'DET', 'xpos': 'DET', 'feats': 'PronType=Art', 'head': 11, 'deprel': 'det:def', 'lemma': 'ה'}, {'id': 11, 'text': 'דירות', 'upos': 'NOUN', 'xpos': 'NOUN', 'feats': 'Gender=Fem|Number=Plur', 'head': 9, 'deprel': 'compound:smixut', 'lemma': 'דירה'}]"
12,דלי,ADJ,ADJ,Definite=Cons|Gender=Masc|Number=Plur,9.0,amod,"(32, 35)",דלי,
"(13, 14)",היכולת,,,,,,"(36, 42)",,"[{'id': 13, 'text': 'ה', 'upos': 'DET', 'xpos': 'DET', 'feats': 'PronType=Art', 'head': 14, 'deprel': 'det:def', 'lemma': 'ה'}, {'id': 14, 'text': 'יכולת', 'upos': 'NOUN', 'xpos': 'NOUN', 'feats': 'Gender=Fem|Number=Sing', 'head': 12, 'deprel': 'compound:smixut', 'lemma': 'יכולת'}]"
15,דווקא,ADV,ADV,,17.0,advmod,"(43, 48)",דווקא,
16,לא,ADV,ADV,Polarity=Neg,17.0,advmod,"(49, 51)",לא,
17,נפלו,VERB,VERB,"Gender=Fem,Masc|Number=Plur|Person=3|Tense=Past",0.0,root,"(52, 56)",נפל,
"(18, 20)",מהמחיר,,,,,,"(57, 63)",,"[{'id': 18, 'text': 'מ', 'upos': 'ADP', 'xpos': 'ADP', 'head': 20, 'deprel': 'case', 'lemma': 'מ'}, {'id': 19, 'text': 'ה', 'upos': 'DET', 'xpos': 'DET', 'feats': 'PronType=Art', 'head': 20, 'deprel': 'det:def', 'lemma': 'ה'}, {'id': 20, 'text': 'מחיר', 'upos': 'NOUN', 'xpos': 'NOUN', 'feats': 'Gender=Masc|Number=Sing', 'head': 17, 'deprel': 'obl', 'lemma': 'מחיר'}]"
"(21, 22)",שהוצג,,,,,,"(64, 69)",,"[{'id': 21, 'text': 'ש', 'upos': 'SCONJ', 'xpos': 'SCONJ', 'head': 22, 'deprel': 'mark', 'lemma': 'ש'}, {'id': 22, 'text': 'הוצג', 'upos': 'VERB', 'xpos': 'VERB', 'feats': 'Gender=Masc|HebBinyan=HUFAL|Number=Sing|Person=3|Tense=Past|Voice=Pass', 'head': 20, 'deprel': 'acl:relcl', 'lemma': 'הוצג'}]"
"(23, 24)",ובעיקר,,,,,,"(70, 76)",,"[{'id': 23, 'text': 'ו', 'upos': 'CCONJ', 'xpos': 'CCONJ', 'head': 29, 'deprel': 'cc', 'lemma': 'ו'}, {'id': 24, 'text': 'בעיקר', 'upos': 'ADV', 'xpos': 'ADV', 'head': 25, 'deprel': 'advmod', 'lemma': 'בעיקר'}]"
"(25, 26)",כצמוד,,,,,,"(77, 82)",,"[{'id': 25, 'text': 'כ', 'upos': 'ADP', 'xpos': 'ADP', 'head': 26, 'deprel': 'case', 'lemma': 'כ'}, {'id': 26, 'text': 'צמוד', 'upos': 'ADJ', 'xpos': 'ADJ', 'feats': 'Gender=Masc|Number=Sing', 'head': 29, 'deprel': 'obl', 'lemma': 'צמוד'}]"
"(27, 28)",למחיר,,,,,,"(83, 88)",,"[{'id': 27, 'text': 'ל', 'upos': 'ADP', 'xpos': 'ADP', 'head': 28, 'deprel': 'case', 'lemma': 'ל'}, {'id': 28, 'text': 'מחיר', 'upos': 'NOUN', 'xpos': 'NOUN', 'feats': 'Gender=Masc|Number=Sing', 'head': 26, 'deprel': 'advmod', 'lemma': 'מחיר'}]"
29,הצגנו,VERB,VERB,"Gender=Fem,Masc|HebBinyan=PAAL|Number=Plur|Person=3|Tense=Past|Voice=Act",17.0,conj,"(89, 94)",הצגן,
30,חלופת,NOUN,NOUN,Definite=Cons|Gender=Fem|Number=Sing,29.0,obj,"(95, 100)",חלופה,
31,נטילת,NOUN,NOUN,Definite=Cons|Gender=Fem|Number=Sing,30.0,compound:smixut,"(101, 106)",נטילה,
32,משכנתא,NOUN,NOUN,Gender=Fem|Number=Sing,31.0,compound:smixut,"(107, 113)",משכנתא,
"(33, 35)",בתנאים,,,,,,"(114, 120)",,"[{'id': 33, 'text': 'ב', 'upos': 'ADP', 'xpos': 'ADP', 'head': 35, 'deprel': 'case', 'lemma': 'ב'}, {'id': 34, 'text': 'ה_', 'upos': 'DET', 'xpos': 'DET', 'feats': 'PronType=Art', 'head': 35, 'deprel': 'det:def', 'lemma': 'ה'}, {'id': 35, 'text': 'תנאים', 'upos': 'NOUN', 'xpos': 'NOUN', 'feats': 'Gender=Masc|Number=Plur', 'head': 31, 'deprel': 'nmod', 'lemma': 'תנאי'}]"
36,טובים,ADJ,ADJ,Gender=Masc|Number=Plur,35.0,amod,"(121, 126)",טוב,
37,עם,ADP,ADP,,38.0,case,"(127, 129)",עם,
38,מקדמה,NOUN,NOUN,Gender=Fem|Number=Sing,30.0,nmod,"(130, 135)",מקדמה,
39,של,ADP,ADP,Case=Gen,41.0,case:gen,"(136, 138)",של,
40,20,NUM,NUM,,41.0,nummod,"(139, 141)",20,
41,%,NOUN,NOUN,"Gender=Masc|Number=Plur,Sing",38.0,nmod:poss,"(141, 142)",%,
42,בלבד,ADV,ADV,,41.0,advmod,"(143, 147)",בלבד,
"(43, 44)",ותשלומים,,,,,,"(148, 156)",,"[{'id': 43, 'text': 'ו', 'upos': 'CCONJ', 'xpos': 'CCONJ', 'head': 44, 'deprel': 'cc', 'lemma': 'ו'}, {'id': 44, 'text': 'תשלומים', 'upos': 'NOUN', 'xpos': 'NOUN', 'feats': 'Gender=Masc|Number=Plur', 'head': 38, 'deprel': 'conj', 'lemma': 'תשלום'}]"
"(45, 46)",שנעים,,,,,,"(157, 162)",,"[{'id': 45, 'text': 'ש', 'upos': 'SCONJ', 'xpos': 'SCONJ', 'head': 46, 'deprel': 'mark', 'lemma': 'ש'}, {'id': 46, 'text': 'נעים', 'upos': 'VERB', 'xpos': 'VERB', 'feats': 'Gender=Masc|HebBinyan=PAAL|Number=Plur|Person=1,2,3|VerbForm=Part|Voice=Act', 'head': 44, 'deprel': 'acl:relcl', 'lemma': 'נעים'}]"
47,בין,ADP,ADP,,51.0,case,"(163, 166)",בין,
48,1500,NUM,NUM,,46.0,obl,"(167, 171)",1500,
49,עד,ADP,ADP,,48.0,dep,"(172, 174)",עד,
50,2000,NUM,NUM,,48.0,nummod,"(175, 179)",2000,
51,₪,NOUN,NOUN,Gender=Masc|Number=Plur,46.0,obl,"(180, 181)",₪,
"(52, 53)",לחודש,,,,,,"(182, 187)",,"[{'id': 52, 'text': 'ל', 'upos': 'ADP', 'xpos': 'ADP', 'head': 53, 'deprel': 'case', 'lemma': 'ל'}, {'id': 53, 'text': 'חודש', 'upos': 'NOUN', 'xpos': 'NOUN', 'feats': 'Gender=Masc|Number=Sing', 'head': 51, 'deprel': 'nmod', 'lemma': 'חודש'}]"
1,•,PUNCT,PUNCT,,13.0,punct,"(1, 2)",•,
2,ככל,SCONJ,SCONJ,,7.0,case,"(3, 6)",ככל,
"(3, 4)",שהתא,,,,,,"(7, 11)",,"[{'id': 3, 'text': 'ש', 'upos': 'SCONJ', 'xpos': 'SCONJ', 'head': 7, 'deprel': 'mark', 'lemma': 'ש'}, {'id': 4, 'text': 'התא', 'upos': 'NOUN', 'xpos': 'NOUN', 'feats': 'Gender=Masc|Number=Sing', 'head': 7, 'deprel': 'nsubj', 'lemma': 'התא'}]"
"(5, 6)",המשפחתי,,,,,,"(12, 19)",,"[{'id': 5, 'text': 'ה', 'upos': 'DET', 'xpos': 'DET', 'feats': 'PronType=Art', 'head': 6, 'deprel': 'det:def', 'lemma': 'ה'}, {'id': 6, 'text': 'משפחתי', 'upos': 'ADJ', 'xpos': 'ADJ', 'feats': 'Gender=Masc|Number=Sing', 'head': 4, 'deprel': 'amod', 'lemma': 'משפחתי'}]"
7,מורכב,ADJ,ADJ,Gender=Masc|Number=Sing,13.0,obl,"(20, 25)",מורכב,
"(8, 9)",משני,,,,,,"(26, 30)",,"[{'id': 8, 'text': 'מ', 'upos': 'ADP', 'xpos': 'ADP', 'head': 11, 'deprel': 'case', 'lemma': 'מ'}, {'id': 9, 'text': 'שני', 'upos': 'NUM', 'xpos': 'NUM', 'feats': 'Definite=Cons|Gender=Masc|Number=Plur', 'head': 11, 'deprel': 'nummod', 'lemma': 'שני'}]"
"(10, 11)",מפרנסים,,,,,,"(31, 38)",,"[{'id': 10, 'text': 'מ', 'upos': 'NOUN', 'xpos': 'NOUN', 'head': 7, 'deprel': 'obl', 'lemma': 'מ'}, {'id': 11, 'text': 'פרנסים', 'upos': 'NOUN', 'xpos': 'NOUN', 'feats': 'Gender=Masc|Number=Plur', 'head': 7, 'deprel': 'obl', 'lemma': 'פרנס'}]"
12,כך,ADV,ADV,,13.0,advmod,"(39, 41)",כך,
13,תפחת,VERB,VERB,Gender=Fem|HebBinyan=PAAL|Number=Sing|Person=3|Tense=Fut|Voice=Act,0.0,root,"(42, 46)",נפח,
"(14, 15)",ההתנגדות,,,,,,"(47, 55)",,"[{'id': 14, 'text': 'ה', 'upos': 'DET', 'xpos': 'DET', 'feats': 'PronType=Art', 'head': 15, 'deprel': 'det:def', 'lemma': 'ה'}, {'id': 15, 'text': 'התנגדות', 'upos': 'NOUN', 'xpos': 'NOUN', 'feats': 'Gender=Fem|Number=Sing', 'head': 13, 'deprel': 'nsubj', 'lemma': 'התנגדות'}]"
"(16, 17)",לנטול,,,,,,"(56, 61)",,"[{'id': 16, 'text': 'ל', 'upos': 'ADP', 'xpos': 'ADP', 'head': 17, 'deprel': 'case', 'lemma': 'ל'}, {'id': 17, 'text': 'נטול', 'upos': 'VERB', 'xpos': 'VERB', 'feats': 'HebBinyan=PAAL|VerbForm=Inf|Voice=Act', 'head': 15, 'deprel': 'acl', 'lemma': 'נטל'}]"
18,משכנתא,NOUN,NOUN,Gender=Fem|Number=Sing,17.0,obj,"(62, 68)",משכנתא,
"(19, 20)",לצורך,,,,,,"(69, 74)",,"[{'id': 19, 'text': 'ל', 'upos': 'ADP', 'xpos': 'ADP', 'head': 20, 'deprel': 'case', 'lemma': 'ל'}, {'id': 20, 'text': 'צורך', 'upos': 'NOUN', 'xpos': 'NOUN', 'feats': 'Definite=Cons|Gender=Masc|Number=Sing', 'head': 17, 'deprel': 'obl', 'lemma': 'צורך'}]"
21,קניית,NOUN,NOUN,Definite=Cons|Gender=Fem|Number=Sing,20.0,compound:smixut,"(75, 80)",קנייה,
22,בית,NOUN,NOUN,Gender=Masc|Number=Sing,21.0,compound:smixut,"(81, 84)",בית,
23,או,CCONJ,CCONJ,,24.0,cc,"(85, 87)",או,
24,דירה,NOUN,NOUN,Gender=Fem|Number=Sing,22.0,conj,"(88, 92)",דירה,
"(1, 3)",בסחנין,,,,,,"(1, 7)",,"[{'id': 1, 'text': 'ב', 'upos': 'ADP', 'xpos': 'ADP', 'head': 3, 'deprel': 'case', 'lemma': 'ב'}, {'id': 2, 'text': 'ה_', 'upos': 'DET', 'xpos': 'DET', 'feats': 'PronType=Art', 'head': 3, 'deprel': 'det:def', 'lemma': 'ה'}, {'id': 3, 'text': 'סחנין', 'upos': 'NOUN', 'xpos': 'NOUN', 'feats': 'Gender=Masc|Number=Sing', 'head': 5, 'deprel': 'obl', 'lemma': 'סחנין'}]"
4,לא,ADV,ADV,Polarity=Neg,5.0,advmod,"(8, 10)",לא,
5,התגלתה,VERB,VERB,Gender=Fem|HebBinyan=HITPAEL|Number=Sing|Person=3|Tense=Past,0.0,root,"(11, 17)",התגלה,
6,התנגדות,NOUN,NOUN,Gender=Fem|Number=Sing,5.0,nsubj,"(18, 25)",התנגדות,
7,עקרונית,ADJ,ADJ,Gender=Fem|Number=Sing,6.0,amod,"(26, 33)",עקרוני,
"(8, 9)",ליציאת,,,,,,"(34, 40)",,"[{'id': 8, 'text': 'ל', 'upos': 'ADP', 'xpos': 'ADP', 'head': 9, 'deprel': 'case', 'lemma': 'ל'}, {'id': 9, 'text': 'יציאת', 'upos': 'NOUN', 'xpos': 'NOUN', 'feats': 'Definite=Cons|Gender=Fem|Number=Sing', 'head': 6, 'deprel': 'nmod', 'lemma': 'יציאה'}]"
"(10, 11)",האישה,,,,,,"(41, 46)",,"[{'id': 10, 'text': 'ה', 'upos': 'DET', 'xpos': 'DET', 'feats': 'PronType=Art', 'head': 11, 'deprel': 'det:def', 'lemma': 'ה'}, {'id': 11, 'text': 'אישה', 'upos': 'NOUN', 'xpos': 'NOUN', 'feats': 'Gender=Fem|Number=Sing', 'head': 9, 'deprel': 'compound:smixut', 'lemma': 'איש'}]"
"(12, 13)",לשוק,,,,,,"(47, 51)",,"[{'id': 12, 'text': 'ל', 'upos': 'ADP', 'xpos': 'ADP', 'head': 13, 'deprel': 'case', 'lemma': 'ל'}, {'id': 13, 'text': 'שוק', 'upos': 'NOUN', 'xpos': 'NOUN', 'feats': 'Definite=Cons|Gender=Masc|Number=Sing', 'head': 9, 'deprel': 'nmod', 'lemma': 'שוק'}]"
"(14, 15)",העבודה,,,,,,"(52, 58)",,"[{'id': 14, 'text': 'ה', 'upos': 'DET', 'xpos': 'DET', 'feats': 'PronType=Art', 'head': 15, 'deprel': 'det:def', 'lemma': 'ה'}, {'id': 15, 'text': 'עבודה', 'upos': 'NOUN', 'xpos': 'NOUN', 'feats': 'Gender=Fem|Number=Sing', 'head': 13, 'deprel': 'compound:smixut', 'lemma': 'עבודה'}]"
"(16, 17)",כמפרנס,,,,,,"(59, 65)",,"[{'id': 16, 'text': 'כ', 'upos': 'ADP', 'xpos': 'ADP', 'head': 17, 'deprel': 'case', 'lemma': 'כ'}, {'id': 17, 'text': 'מפרנס', 'upos': 'NOUN', 'xpos': 'NOUN', 'feats': 'Gender=Masc|Number=Sing', 'head': 9, 'deprel': 'nmod', 'lemma': 'מפרנס'}]"
18,שני,NUM,NUM,Gender=Masc|Number=Sing,17.0,amod,"(66, 69)",שני,
1,אך,CCONJ,CCONJ,,2.0,cc,"(1, 3)",אך,
2,ברור,ADJ,ADJ,Gender=Masc|Number=Sing,0.0,root,"(4, 8)",ברור,
3,היה,AUX,AUX,Gender=Masc|Number=Sing|Person=3|Polarity=Pos|Tense=Past|VerbType=Cop,2.0,cop,"(9, 12)",היה,
4,כי,SCONJ,SCONJ,,10.0,mark,"(13, 15)",כי,
5,את,ADP,ADP,Case=Acc,7.0,case:acc,"(16, 18)",את,
"(6, 7)",העול,,,,,,"(19, 23)",,"[{'id': 6, 'text': 'ה', 'upos': 'DET', 'xpos': 'DET', 'feats': 'PronType=Art', 'head': 7, 'deprel': 'det:def', 'lemma': 'ה'}, {'id': 7, 'text': 'עול', 'upos': 'NOUN', 'xpos': 'NOUN', 'feats': 'Gender=Masc|Number=Sing', 'head': 10, 'deprel': 'obj', 'lemma': 'עול'}]"
"(8, 9)",המרכזי,,,,,,"(24, 30)",,"[{'id': 8, 'text': 'ה', 'upos': 'DET', 'xpos': 'DET', 'feats': 'PronType=Art', 'head': 9, 'deprel': 'det:def', 'lemma': 'ה'}, {'id': 9, 'text': 'מרכזי', 'upos': 'ADJ', 'xpos': 'ADJ', 'feats': 'Gender=Masc|Number=Sing', 'head': 7, 'deprel': 'amod', 'lemma': 'מרכזי'}]"
10,צריך,AUX,AUX,"Gender=Masc|Number=Sing|Person=1,2,3|VerbType=Mod",11.0,aux,"(31, 35)",צריך,
11,לשאת,VERB,VERB,HebBinyan=PAAL|VerbForm=Inf|Voice=Act,2.0,advcl,"(36, 40)",נשא,
"(12, 13)",הגבר,,,,,,"(41, 45)",,"[{'id': 12, 'text': 'ה', 'upos': 'DET', 'xpos': 'DET', 'feats': 'PronType=Art', 'head': 13, 'deprel': 'det:def', 'lemma': 'ה'}, {'id': 13, 'text': 'גבר', 'upos': 'NOUN', 'xpos': 'NOUN', 'feats': 'Gender=Masc|Number=Sing', 'head': 10, 'deprel': 'nsubj', 'lemma': 'גבר'}]"
1,עובדה,NOUN,NOUN,Gender=Fem|Number=Sing,3.0,nsubj,"(1, 6)",עובדה,
2,זו,PRON,PRON,Gender=Fem|Number=Sing|Person=3|PronType=Dem,1.0,det,"(7, 9)",זו,
3,מחזקת,VERB,VERB,"Gender=Fem|HebBinyan=PIEL|Number=Sing|Person=1,2,3|VerbForm=Part|Voice=Act",0.0,root,"(10, 15)",חיזק,
4,את,ADP,ADP,Case=Acc,6.0,case:acc,"(16, 18)",את,
"(5, 6)",הפילוח,,,,,,"(19, 25)",,"[{'id': 5, 'text': 'ה', 'upos': 'DET', 'xpos': 'DET', 'feats': 'PronType=Art', 'head': 6, 'deprel': 'det:def', 'lemma': 'ה'}, {'id': 6, 'text': 'פילוח', 'upos': 'NOUN', 'xpos': 'NOUN', 'feats': 'Gender=Masc|Number=Sing', 'head': 3, 'deprel': 'obj', 'lemma': 'פילוח'}]"
"(7, 8)",המתבקש,,,,,,"(26, 32)",,"[{'id': 7, 'text': 'ה', 'upos': 'DET', 'xpos': 'DET', 'feats': 'PronType=Art', 'head': 8, 'deprel': 'det:def', 'lemma': 'ה'}, {'id': 8, 'text': 'מתבקש', 'upos': 'VERB', 'xpos': 'VERB', 'feats': 'Gender=Masc|HebBinyan=HITPAEL|Number=Sing|Person=1,2,3|VerbForm=Part', 'head': 6, 'deprel': 'amod', 'lemma': 'התבקש'}]"
"(9, 10)",בחיפוש,,,,,,"(33, 39)",,"[{'id': 9, 'text': 'ב', 'upos': 'ADP', 'xpos': 'ADP', 'head': 10, 'deprel': 'case', 'lemma': 'ב'}, {'id': 10, 'text': 'חיפוש', 'upos': 'NOUN', 'xpos': 'NOUN', 'feats': 'Gender=Masc|Number=Sing', 'head': 6, 'deprel': 'nmod', 'lemma': 'חיפוש'}]"
11,אחרי,ADP,ADP,,12.0,case,"(40, 44)",אחרי,
12,קונים,NOUN,NOUN,Gender=Masc|Number=Plur,10.0,nmod,"(45, 50)",קונה,
"(13, 15)",לפרויקט,,,,,,"(51, 58)",,"[{'id': 13, 'text': 'ל', 'upos': 'ADP', 'xpos': 'ADP', 'head': 15, 'deprel': 'case', 'lemma': 'ל'}, {'id': 14, 'text': 'ה_', 'upos': 'DET', 'xpos': 'DET', 'feats': 'PronType=Art', 'head': 15, 'deprel': 'det:def', 'lemma': 'ה'}, {'id': 15, 'text': 'פרויקט', 'upos': 'NOUN', 'xpos': 'NOUN', 'feats': 'Gender=Masc|Number=Sing', 'head': 10, 'deprel': 'nmod', 'lemma': 'פרויקט'}]"
16,זה,PRON,PRON,Gender=Masc|Number=Sing|Person=3|PronType=Dem,15.0,det,"(59, 61)",זה,
1,כלל,ADV,ADV,,13.0,dep,"(1, 4)",כלל,
"(2, 3)",שפונים,,,,,,"(5, 11)",,"[{'id': 2, 'text': 'ש', 'upos': 'SCONJ', 'xpos': 'SCONJ', 'head': 3, 'deprel': 'mark', 'lemma': 'ש'}, {'id': 3, 'text': 'פונים', 'upos': 'VERB', 'xpos': 'VERB', 'feats': 'Gender=Masc|HebBinyan=PAAL|Number=Plur|Person=1,2,3|VerbForm=Part|Voice=Act', 'head': 13, 'deprel': 'advcl', 'lemma': 'פוני'}]"
"(4, 5)",לזוגות,,,,,,"(12, 18)",,"[{'id': 4, 'text': 'ל', 'upos': 'ADP', 'xpos': 'ADP', 'head': 5, 'deprel': 'case', 'lemma': 'ל'}, {'id': 5, 'text': 'זוגות', 'upos': 'NOUN', 'xpos': 'NOUN', 'feats': 'Gender=Masc|Number=Plur', 'head': 3, 'deprel': 'obl', 'lemma': 'זוג'}]"
6,או,CCONJ,CCONJ,,7.0,cc,"(19, 21)",או,
7,תאים,NOUN,NOUN,Gender=Masc|Number=Plur,5.0,conj,"(22, 26)",תא,
8,משפחתיים,ADJ,ADJ,Gender=Masc|Number=Plur,7.0,amod,"(27, 35)",משפחתי,
9,עם,ADP,ADP,,11.0,case,"(36, 38)",עם,
10,שני,NUM,NUM,Definite=Cons|Gender=Masc|Number=Plur,11.0,nummod,"(39, 42)",שני,
11,מפרנסים,NOUN,NOUN,Gender=Masc|Number=Plur,7.0,nmod,"(43, 50)",פרנס,
12,כך,ADV,ADV,,13.0,advmod,"(51, 53)",כך,
13,יעלו,VERB,VERB,"Gender=Fem,Masc|HebBinyan=HIFIL|Number=Plur|Person=3|Tense=Fut|Voice=Act",0.0,root,"(54, 58)",עלה,
"(14, 15)",הסיכויים,,,,,,"(59, 67)",,"[{'id': 14, 'text': 'ה', 'upos': 'DET', 'xpos': 'DET', 'feats': 'PronType=Art', 'head': 15, 'deprel': 'det:def', 'lemma': 'ה'}, {'id': 15, 'text': 'סיכויים', 'upos': 'NOUN', 'xpos': 'NOUN', 'feats': 'Gender=Masc|Number=Plur', 'head': 13, 'deprel': 'nsubj', 'lemma': 'סיכוי'}]"
16,לסגור,VERB,VERB,HebBinyan=PAAL|VerbForm=Inf|Voice=Act,15.0,acl,"(68, 73)",סגר,
17,עסקה,NOUN,NOUN,Gender=Fem|Number=Sing,16.0,obj,"(74, 78)",עסקה,
1,גם,ADV,ADV,,2.0,advmod,"(1, 3)",גם,
2,כאן,ADV,ADV,,4.0,advmod,"(4, 7)",כאן,
3,הייתי,AUX,AUX,"Gender=Fem,Masc|Number=Sing|Person=1|Polarity=Pos|Tense=Past|VerbType=Cop",4.0,cop,"(8, 13)",היה,
4,מכניס,VERB,VERB,"Gender=Masc|HebBinyan=HIFIL|Number=Sing|Person=1,2,3|VerbForm=Part|Voice=Act",0.0,root,"(14, 19)",הכניס,
5,את,ADP,ADP,Case=Acc,6.0,case:acc,"(20, 22)",את,
6,דמות,NOUN,NOUN,Definite=Cons|Gender=Fem|Number=Sing,4.0,obj,"(23, 27)",דמות,
"(7, 8)",האישה,,,,,,"(28, 33)",,"[{'id': 7, 'text': 'ה', 'upos': 'DET', 'xpos': 'DET', 'feats': 'PronType=Art', 'head': 8, 'deprel': 'det:def', 'lemma': 'ה'}, {'id': 8, 'text': 'אישה', 'upos': 'NOUN', 'xpos': 'NOUN', 'feats': 'Gender=Fem|Number=Sing', 'head': 6, 'deprel': 'compound:smixut', 'lemma': 'איש'}]"
"(9, 11)",לקמפיין,,,,,,"(34, 41)",,"[{'id': 9, 'text': 'ל', 'upos': 'ADP', 'xpos': 'ADP', 'head': 11, 'deprel': 'case', 'lemma': 'ל'}, {'id': 10, 'text': 'ה_', 'upos': 'DET', 'xpos': 'DET', 'feats': 'PronType=Art', 'head': 11, 'deprel': 'det:def', 'lemma': 'ה'}, {'id': 11, 'text': 'קמפיין', 'upos': 'NOUN', 'xpos': 'NOUN', 'feats': 'Gender=Masc|Number=Sing', 'head': 4, 'deprel': 'obl', 'lemma': 'קמפיין'}]"
"(12, 13)",התקשורתי,,,,,,"(42, 50)",,"[{'id': 12, 'text': 'ה', 'upos': 'DET', 'xpos': 'DET', 'feats': 'PronType=Art', 'head': 13, 'deprel': 'det:def', 'lemma': 'ה'}, {'id': 13, 'text': 'תקשורתי', 'upos': 'ADJ', 'xpos': 'ADJ', 'feats': 'Gender=Masc|Number=Sing', 'head': 11, 'deprel': 'amod', 'lemma': 'תקשורתי'}]"
14,לצד,ADP,ADP,,16.0,case,"(51, 54)",לצד,
"(15, 16)",הגבר,,,,,,"(55, 59)",,"[{'id': 15, 'text': 'ה', 'upos': 'DET', 'xpos': 'DET', 'feats': 'PronType=Art', 'head': 16, 'deprel': 'det:def', 'lemma': 'ה'}, {'id': 16, 'text': 'גבר', 'upos': 'NOUN', 'xpos': 'NOUN', 'feats': 'Gender=Masc|Number=Sing', 'head': 11, 'deprel': 'nmod', 'lemma': 'גבר'}]"
17,כמובן,ADV,ADV,,4.0,advmod,"(60, 65)",כמובן,
"(18, 19)",במטרה,,,,,,"(66, 71)",,"[{'id': 18, 'text': 'ב', 'upos': 'ADP', 'xpos': 'ADP', 'head': 19, 'deprel': 'case', 'lemma': 'ב'}, {'id': 19, 'text': 'מטרה', 'upos': 'NOUN', 'xpos': 'NOUN', 'feats': 'Gender=Fem|Number=Sing', 'head': 4, 'deprel': 'obl', 'lemma': 'מטרה'}]"
20,לאתר,VERB,VERB,HebBinyan=PIEL|VerbForm=Inf|Voice=Act,19.0,acl,"(72, 76)",איתר,
21,פלחים,NOUN,NOUN,Gender=Masc|Number=Plur,20.0,obj,"(77, 82)",פלח,
"(22, 24)",כאלה,,,,,,"(83, 87)",,"[{'id': 22, 'text': 'כ', 'upos': 'ADP', 'xpos': 'ADP', 'head': 24, 'deprel': 'case', 'lemma': 'כ'}, {'id': 23, 'text': 'ה_', 'upos': 'DET', 'xpos': 'DET', 'feats': 'PronType=Art', 'head': 24, 'deprel': 'det:def', 'lemma': 'ה'}, {'id': 24, 'text': 'אלה', 'upos': 'PRON', 'xpos': 'PRON', 'feats': 'Gender=Masc|Number=Plur|Person=3|PronType=Dem', 'head': 21, 'deprel': 'nmod', 'lemma': 'אלה'}]"
"(25, 27)",ומבחינה,,,,,,"(88, 95)",,"[{'id': 25, 'text': 'ו', 'upos': 'CCONJ', 'xpos': 'CCONJ', 'head': 32, 'deprel': 'cc', 'lemma': 'ו'}, {'id': 26, 'text': 'מ', 'upos': 'ADP', 'xpos': 'ADP', 'head': 27, 'deprel': 'case', 'lemma': 'מ'}, {'id': 27, 'text': 'בחינה', 'upos': 'NOUN', 'xpos': 'NOUN', 'feats': 'Gender=Fem|Number=Sing', 'head': 32, 'deprel': 'obl', 'lemma': 'בחינה'}]"
28,שיווקית,ADJ,ADJ,Gender=Fem|Number=Sing,27.0,amod,"(96, 103)",שיווקי,
"(29, 31)",כמון,,,,,,"(104, 108)",,"[{'id': 29, 'text': 'כ', 'upos': 'ADP', 'xpos': 'ADP', 'head': 31, 'deprel': 'case', 'lemma': 'כ'}, {'id': 30, 'text': 'ה_', 'upos': 'DET', 'xpos': 'DET', 'feats': 'PronType=Art', 'head': 31, 'deprel': 'det:def', 'lemma': 'ה'}, {'id': 31, 'text': 'מון', 'upos': 'NOUN', 'xpos': 'NOUN', 'feats': 'Gender=Masc|Number=Sing', 'head': 32, 'deprel': 'obl', 'lemma': 'מון'}]"
32,ניתן,AUX,AUX,"Gender=Masc|Number=Sing|Person=1,2,3|VerbType=Mod",33.0,aux,"(109, 113)",ניתן,
33,לאתר,VERB,VERB,HebBinyan=PIEL|VerbForm=Inf|Voice=Act,4.0,conj,"(114, 118)",איתר,
"(34, 35)",אותם,,,,,,"(119, 123)",,"[{'id': 34, 'text': 'את_', 'upos': 'ADP', 'xpos': 'ADP', 'feats': 'Case=Acc', 'head': 35, 'deprel': 'case:acc', 'lemma': 'את'}, {'id': 35, 'text': '_הם', 'upos': 'PRON', 'xpos': 'PRON', 'feats': 'Gender=Masc|Number=Plur|Person=3|PronType=Prs', 'head': 33, 'deprel': 'obj', 'lemma': 'הוא'}]"
"(36, 37)",בחיפוש,,,,,,"(124, 130)",,"[{'id': 36, 'text': 'ב', 'upos': 'ADP', 'xpos': 'ADP', 'head': 37, 'deprel': 'case', 'lemma': 'ב'}, {'id': 37, 'text': 'חיפוש', 'upos': 'NOUN', 'xpos': 'NOUN', 'feats': 'Gender=Masc|Number=Sing', 'head': 33, 'deprel': 'obl', 'lemma': 'חיפוש'}]"
"(38, 39)",במקומות,,,,,,"(131, 138)",,"[{'id': 38, 'text': 'ב', 'upos': 'ADP', 'xpos': 'ADP', 'head': 39, 'deprel': 'case', 'lemma': 'ב'}, {'id': 39, 'text': 'מקומות', 'upos': 'NOUN', 'xpos': 'NOUN', 'feats': 'Definite=Cons|Gender=Masc|Number=Plur', 'head': 37, 'deprel': 'nmod', 'lemma': 'מקום'}]"
"(40, 41)",העבודה,,,,,,"(139, 145)",,"[{'id': 40, 'text': 'ה', 'upos': 'DET', 'xpos': 'DET', 'feats': 'PronType=Art', 'head': 41, 'deprel': 'det:def', 'lemma': 'ה'}, {'id': 41, 'text': 'עבודה', 'upos': 'NOUN', 'xpos': 'NOUN', 'feats': 'Gender=Fem|Number=Sing', 'head': 39, 'deprel': 'compound:smixut', 'lemma': 'עבודה'}]"
42,כמו,ADP,ADP,,43.0,case,"(146, 149)",כמו,
43,בנקים,NOUN,NOUN,Gender=Masc|Number=Plur,37.0,nmod,"(150, 155)",בנק,
44,",",PUNCT,PUNCT,,43.0,punct,"(155, 156)",",",
45,עובדי,NOUN,NOUN,Definite=Cons|Gender=Masc|Number=Plur,43.0,conj,"(157, 162)",עובד,
46,ציבור,NOUN,NOUN,Gender=Masc|Number=Sing,45.0,compound:smixut,"(163, 168)",ציבור,
47,",",PUNCT,PUNCT,,43.0,punct,"(169, 170)",",",
48,מורות,NOUN,NOUN,Gender=Fem|Number=Plur,43.0,conj,"(171, 176)",מורה,
49,",",PUNCT,PUNCT,,43.0,punct,"(176, 177)",",",
50,אחיות,NOUN,NOUN,Gender=Fem|Number=Plur,43.0,conj,"(178, 183)",אח,
51,וכד',CCONJ,CCONJ,,43.0,conj,"(184, 188)",וכדו,
"(1, 2)",הקונספט,,,,,,"(1, 8)",,"[{'id': 1, 'text': 'ה', 'upos': 'DET', 'xpos': 'DET', 'feats': 'PronType=Art', 'head': 2, 'deprel': 'det:def', 'lemma': 'ה'}, {'id': 2, 'text': 'קונספט', 'upos': 'NOUN', 'xpos': 'NOUN', 'feats': 'Gender=Masc|Number=Sing', 'head': 6, 'deprel': 'nsubj', 'lemma': 'קונספט'}]"
"(3, 4)",התקשורתי,,,,,,"(9, 17)",,"[{'id': 3, 'text': 'ה', 'upos': 'DET', 'xpos': 'DET', 'feats': 'PronType=Art', 'head': 4, 'deprel': 'det:def', 'lemma': 'ה'}, {'id': 4, 'text': 'תקשורתי', 'upos': 'ADJ', 'xpos': 'ADJ', 'feats': 'Gender=Masc|Number=Sing', 'head': 2, 'deprel': 'amod', 'lemma': 'תקשורתי'}]"
5,•,PUNCT,PUNCT,,6.0,dep,"(18, 19)",•,
6,ראינו,VERB,VERB,"Gender=Fem,Masc|HebBinyan=PAAL|Number=Plur|Person=1|Tense=Past|Voice=Act",0.0,root,"(20, 25)",ראה,
7,כי,SCONJ,SCONJ,,24.0,mark,"(26, 28)",כי,
8,עבור,ADP,ADP,,10.0,case,"(29, 33)",עבור,
"(9, 10)",הנשואים,,,,,,"(34, 41)",,"[{'id': 9, 'text': 'ה', 'upos': 'DET', 'xpos': 'DET', 'feats': 'PronType=Art', 'head': 10, 'deprel': 'det:def', 'lemma': 'ה'}, {'id': 10, 'text': 'נשואים', 'upos': 'NOUN', 'xpos': 'NOUN', 'feats': 'Gender=Masc|Number=Plur', 'head': 6, 'deprel': 'ccomp', 'lemma': 'נשוא'}]"
11,תכנים,NOUN,NOUN,Gender=Masc|Number=Plur,10.0,nsubj,"(42, 47)",תוכן,
"(12, 13)",הקשורים,,,,,,"(48, 55)",,"[{'id': 12, 'text': 'ה', 'upos': 'SCONJ', 'xpos': 'SCONJ', 'head': 13, 'deprel': 'mark', 'lemma': 'ה'}, {'id': 13, 'text': 'קשורים', 'upos': 'VERB', 'xpos': 'VERB', 'feats': 'Gender=Masc|HebBinyan=PAAL|Number=Plur|Person=1,2,3|VerbForm=Part|Voice=Act', 'head': 11, 'deprel': 'acl:relcl', 'lemma': 'קשר'}]"
"(14, 15)",בילדים,,,,,,"(56, 62)",,"[{'id': 14, 'text': 'ב', 'upos': 'ADP', 'xpos': 'ADP', 'head': 15, 'deprel': 'case', 'lemma': 'ב'}, {'id': 15, 'text': 'ילדים', 'upos': 'NOUN', 'xpos': 'NOUN', 'feats': 'Gender=Masc|Number=Plur', 'head': 13, 'deprel': 'obl', 'lemma': 'ילד'}]"
"(16, 18)",והשקט,,,,,,"(63, 68)",,"[{'id': 16, 'text': 'ו', 'upos': 'CCONJ', 'xpos': 'CCONJ', 'head': 24, 'deprel': 'cc', 'lemma': 'ו'}, {'id': 17, 'text': 'ה', 'upos': 'DET', 'xpos': 'DET', 'feats': 'PronType=Art', 'head': 18, 'deprel': 'det:def', 'lemma': 'ה'}, {'id': 18, 'text': 'שקט', 'upos': 'NOUN', 'xpos': 'NOUN', 'feats': 'Gender=Masc|Number=Sing', 'head': 24, 'deprel': 'nsubj', 'lemma': 'שקט'}]"
"(19, 20)",הנפשי,,,,,,"(69, 74)",,"[{'id': 19, 'text': 'ה', 'upos': 'DET', 'xpos': 'DET', 'feats': 'PronType=Art', 'head': 20, 'deprel': 'det:def', 'lemma': 'ה'}, {'id': 20, 'text': 'נפשי', 'upos': 'ADJ', 'xpos': 'ADJ', 'feats': 'Gender=Masc|Number=Sing', 'head': 18, 'deprel': 'amod', 'lemma': 'נפשי'}]"
21,של,ADP,ADP,Case=Gen,23.0,case:gen,"(75, 77)",של,
"(22, 23)",ההורים,,,,,,"(78, 84)",,"[{'id': 22, 'text': 'ה', 'upos': 'DET', 'xpos': 'DET', 'feats': 'PronType=Art', 'head': 23, 'deprel': 'det:def', 'lemma': 'ה'}, {'id': 23, 'text': 'הורים', 'upos': 'NOUN', 'xpos': 'NOUN', 'feats': 'Gender=Masc|Number=Plur', 'head': 18, 'deprel': 'nmod', 'lemma': 'הורה'}]"
24,מדבר,VERB,VERB,"Gender=Masc|HebBinyan=PIEL|Number=Sing|Person=1,2,3|VerbForm=Part|Voice=Act",6.0,conj,"(85, 89)",דיבר,
"(25, 27)",לקבוצה,,,,,,"(90, 96)",,"[{'id': 25, 'text': 'ל', 'upos': 'ADP', 'xpos': 'ADP', 'head': 27, 'deprel': 'case', 'lemma': 'ל'}, {'id': 26, 'text': 'ה_', 'upos': 'DET', 'xpos': 'DET', 'feats': 'PronType=Art', 'head': 27, 'deprel': 'det:def', 'lemma': 'ה'}, {'id': 27, 'text': 'קבוצה', 'upos': 'NOUN', 'xpos': 'NOUN', 'feats': 'Gender=Fem|Number=Sing', 'head': 24, 'deprel': 'obl', 'lemma': 'קבוצה'}]"
28,זו,PRON,PRON,Gender=Fem|Number=Sing|Person=3|PronType=Dem,27.0,det,"(97, 99)",זו,
1,•,PUNCT,PUNCT,,16.0,punct,"(1, 2)",•,
2,עבור,ADP,ADP,,4.0,case,"(3, 7)",עבור,
"(3, 4)",הרווקים,,,,,,"(8, 15)",,"[{'id': 3, 'text': 'ה', 'upos': 'DET', 'xpos': 'DET', 'feats': 'PronType=Art', 'head': 4, 'deprel': 'det:def', 'lemma': 'ה'}, {'id': 4, 'text': 'רווקים', 'upos': 'NOUN', 'xpos': 'NOUN', 'feats': 'Gender=Masc|Number=Plur', 'head': 16, 'deprel': 'obl', 'lemma': 'רווק'}]"
"(5, 7)",והרווקות,,,,,,"(16, 24)",,"[{'id': 5, 'text': 'ו', 'upos': 'CCONJ', 'xpos': 'CCONJ', 'head': 7, 'deprel': 'cc', 'lemma': 'ו'}, {'id': 6, 'text': 'ה', 'upos': 'DET', 'xpos': 'DET', 'feats': 'PronType=Art', 'head': 7, 'deprel': 'det:def', 'lemma': 'ה'}, {'id': 7, 'text': 'רווקות', 'upos': 'NOUN', 'xpos': 'NOUN', 'feats': 'Gender=Fem|Number=Plur', 'head': 4, 'deprel': 'conj', 'lemma': 'רווקה'}]"
8,תכנים,NOUN,NOUN,Gender=Masc|Number=Plur,16.0,nsubj,"(25, 30)",תוכן,
9,כמו,ADP,ADP,,10.0,case,"(31, 34)",כמו,
10,בית,NOUN,NOUN,Gender=Masc|Number=Sing,8.0,nmod,"(35, 38)",בית,
11,מודרני,ADJ,ADJ,Gender=Masc|Number=Sing,10.0,amod,"(39, 45)",מודרני,
"(12, 13)",לדורות,,,,,,"(46, 52)",,"[{'id': 12, 'text': 'ל', 'upos': 'ADP', 'xpos': 'ADP', 'head': 13, 'deprel': 'case', 'lemma': 'ל'}, {'id': 13, 'text': 'דורות', 'upos': 'NOUN', 'xpos': 'NOUN', 'feats': 'Definite=Cons|Gender=Masc|Number=Plur', 'head': 10, 'deprel': 'nmod', 'lemma': 'דור'}]"
"(14, 15)",העתיד,,,,,,"(53, 58)",,"[{'id': 14, 'text': 'ה', 'upos': 'DET', 'xpos': 'DET', 'feats': 'PronType=Art', 'head': 15, 'deprel': 'det:def', 'lemma': 'ה'}, {'id': 15, 'text': 'עתיד', 'upos': 'NOUN', 'xpos': 'NOUN', 'feats': 'Gender=Masc|Number=Sing', 'head': 13, 'deprel': 'compound:smixut', 'lemma': 'עתיד'}]"
16,נראתה,VERB,VERB,Gender=Fem|HebBinyan=NIFAL|Number=Sing|Person=3|Tense=Past|Voice=Mid,0.0,root,"(59, 64)",נראה,
"(17, 18)",כאופציה,,,,,,"(65, 72)",,"[{'id': 17, 'text': 'כ', 'upos': 'ADP', 'xpos': 'ADP', 'head': 18, 'deprel': 'case', 'lemma': 'כ'}, {'id': 18, 'text': 'אופציה', 'upos': 'NOUN', 'xpos': 'NOUN', 'feats': 'Gender=Fem|Number=Sing', 'head': 16, 'deprel': 'obl', 'lemma': 'אופציה'}]"
19,טובה,ADJ,ADJ,Gender=Fem|Number=Sing,18.0,amod,"(73, 77)",טוב,
"(20, 21)",ויותר,,,,,,"(78, 83)",,"[{'id': 20, 'text': 'ו', 'upos': 'CCONJ', 'xpos': 'CCONJ', 'head': 22, 'deprel': 'cc', 'lemma': 'ו'}, {'id': 21, 'text': 'יותר', 'upos': 'ADV', 'xpos': 'ADV', 'head': 22, 'deprel': 'advmod', 'lemma': 'יותר'}]"
22,מתאימה,VERB,VERB,"Gender=Fem|HebBinyan=HIFIL|Number=Sing|Person=1,2,3|VerbForm=Part|Voice=Act",19.0,conj,"(84, 90)",התאים,
"(23, 24)",להם,,,,,,"(91, 94)",,"[{'id': 23, 'text': 'ל_', 'upos': 'ADP', 'xpos': 'ADP', 'head': 24, 'deprel': 'case', 'lemma': 'ל'}, {'id': 24, 'text': '_הם', 'upos': 'PRON', 'xpos': 'PRON', 'feats': 'Gender=Masc|Number=Plur|Person=3|PronType=Prs', 'head': 22, 'deprel': 'advmod', 'lemma': 'הוא'}]"
25,•,PUNCT,PUNCT,,30.0,punct,"(95, 96)",•,
"(26, 27)",מכל,,,,,,"(97, 100)",,"[{'id': 26, 'text': 'מ', 'upos': 'ADP', 'xpos': 'ADP', 'head': 29, 'deprel': 'case', 'lemma': 'מ'}, {'id': 27, 'text': 'כל', 'upos': 'DET', 'xpos': 'DET', 'feats': 'Definite=Cons', 'head': 29, 'deprel': 'det', 'lemma': 'כול'}]"
"(28, 29)",הבחינות,,,,,,"(101, 108)",,"[{'id': 28, 'text': 'ה', 'upos': 'DET', 'xpos': 'DET', 'feats': 'PronType=Art', 'head': 29, 'deprel': 'det:def', 'lemma': 'ה'}, {'id': 29, 'text': 'בחינות', 'upos': 'NOUN', 'xpos': 'NOUN', 'feats': 'Gender=Fem|Number=Plur', 'head': 30, 'deprel': 'obl', 'lemma': 'בחינה'}]"
30,ניתן,AUX,AUX,"Gender=Masc|Number=Sing|Person=1,2,3|VerbType=Mod",16.0,conj,"(109, 113)",ניתן,
31,להסיק,VERB,VERB,HebBinyan=HIFIL|VerbForm=Inf|Voice=Act,16.0,xcomp,"(114, 119)",הסיק,
32,כי,SCONJ,SCONJ,,36.0,mark,"(120, 122)",כי,
33,קמפיין,NOUN,NOUN,Definite=Cons|Gender=Masc|Number=Sing,36.0,nsubj,"(123, 129)",קמפיין,
"(34, 35)",הפרסום,,,,,,"(130, 136)",,"[{'id': 34, 'text': 'ה', 'upos': 'DET', 'xpos': 'DET', 'feats': 'PronType=Art', 'head': 35, 'deprel': 'det:def', 'lemma': 'ה'}, {'id': 35, 'text': 'פרסום', 'upos': 'NOUN', 'xpos': 'NOUN', 'feats': 'Gender=Masc|Number=Sing', 'head': 33, 'deprel': 'compound:smixut', 'lemma': 'פרסום'}]"
36,חייב,AUX,AUX,"Gender=Masc|Number=Sing|Person=1,2,3|VerbType=Mod",37.0,aux,"(137, 141)",חייב,
37,להציג,VERB,VERB,HebBinyan=HIFIL|VerbForm=Inf|Voice=Act,31.0,advcl,"(142, 147)",הציג,
38,מוצר,NOUN,NOUN,Gender=Masc|Number=Sing,37.0,obj,"(148, 152)",מוצר,
"(39, 40)",שהנו,,,,,,"(153, 157)",,"[{'id': 39, 'text': 'ש', 'upos': 'SCONJ', 'xpos': 'SCONJ', 'head': 41, 'deprel': 'mark', 'lemma': 'ש'}, {'id': 40, 'text': 'הנו', 'upos': 'VERB', 'xpos': 'VERB', 'feats': 'Gender=Masc|HebBinyan=HUFAL|Number=Sing|Person=3|Tense=Past|Voice=Pass', 'head': 38, 'deprel': 'acl:relcl', 'lemma': 'הנה'}]"
41,שכונה,NOUN,NOUN,Gender=Fem|Number=Sing,38.0,acl:relcl,"(158, 163)",שכונה,
42,",",PUNCT,PUNCT,,41.0,punct,"(164, 165)",",",
43,מרווחת,ADJ,ADJ,Gender=Fem|Number=Sing,41.0,amod,"(166, 172)",מרווח,
44,",",PUNCT,PUNCT,,41.0,punct,"(172, 173)",",",
45,עם,ADP,ADP,,46.0,case,"(174, 176)",עם,
46,גנים,NOUN,NOUN,Gender=Masc|Number=Plur,41.0,nmod,"(177, 181)",גן,
47,ציבוריים,ADJ,ADJ,Gender=Masc|Number=Plur,46.0,amod,"(182, 190)",ציבורי,
"(48, 49)",ופינות,,,,,,"(191, 197)",,"[{'id': 48, 'text': 'ו', 'upos': 'CCONJ', 'xpos': 'CCONJ', 'head': 49, 'deprel': 'cc', 'lemma': 'ו'}, {'id': 49, 'text': 'פינות', 'upos': 'NOUN', 'xpos': 'NOUN', 'feats': 'Gender=Fem|Number=Plur', 'head': 41, 'deprel': 'conj', 'lemma': 'פינות'}]"
"(50, 51)",למשחקי,,,,,,"(198, 204)",,"[{'id': 50, 'text': 'ל', 'upos': 'ADP', 'xpos': 'ADP', 'head': 51, 'deprel': 'case', 'lemma': 'ל'}, {'id': 51, 'text': 'משחקי', 'upos': 'NOUN', 'xpos': 'NOUN', 'feats': 'Definite=Cons|Gender=Masc|Number=Plur', 'head': 49, 'deprel': 'nmod', 'lemma': 'משחק'}]"
"(52, 53)",הילדים,,,,,,"(205, 211)",,"[{'id': 52, 'text': 'ה', 'upos': 'DET', 'xpos': 'DET', 'feats': 'PronType=Art', 'head': 53, 'deprel': 'det:def', 'lemma': 'ה'}, {'id': 53, 'text': 'ילדים', 'upos': 'NOUN', 'xpos': 'NOUN', 'feats': 'Gender=Masc|Number=Plur', 'head': 51, 'deprel': 'compound:smixut', 'lemma': 'ילד'}]"
54,",",PUNCT,PUNCT,,41.0,punct,"(211, 212)",",",
55,שכונה,NOUN,NOUN,Gender=Fem|Number=Sing,38.0,appos,"(213, 218)",שכונה,
"(56, 57)",לבני,,,,,,"(219, 223)",,"[{'id': 56, 'text': 'ל', 'upos': 'ADP', 'xpos': 'ADP', 'head': 57, 'deprel': 'case', 'lemma': 'ל'}, {'id': 57, 'text': 'בני', 'upos': 'NOUN', 'xpos': 'NOUN', 'feats': 'Definite=Cons|Gender=Masc|Number=Plur', 'head': 55, 'deprel': 'nmod', 'lemma': 'בן'}]"
58,סח'נין,PROPN,PROPN,,57.0,compound:smixut,"(224, 230)",סח'נין,
"(1, 2)",שיש,,,,,,"(1, 4)",,"[{'id': 1, 'text': 'ש', 'upos': 'SCONJ', 'xpos': 'SCONJ', 'head': 2, 'deprel': 'mark', 'lemma': 'ש'}, {'id': 2, 'text': 'יש', 'upos': 'VERB', 'xpos': 'VERB', 'feats': 'HebExistential=True', 'head': 0, 'deprel': 'root', 'lemma': 'יש'}]"
"(3, 4)",בה,,,,,,"(5, 7)",,"[{'id': 3, 'text': 'ב_', 'upos': 'ADP', 'xpos': 'ADP', 'head': 4, 'deprel': 'case', 'lemma': 'ב'}, {'id': 4, 'text': '_היא', 'upos': 'PRON', 'xpos': 'PRON', 'feats': 'Gender=Fem|Number=Sing|Person=3|PronType=Prs', 'head': 2, 'deprel': 'obl', 'lemma': 'הוא'}]"
5,להציע,VERB,VERB,HebBinyan=HIFIL|VerbForm=Inf|Voice=Act,2.0,xcomp,"(8, 13)",הציע,
6,גם,ADV,ADV,,7.0,det,"(14, 16)",גם,
7,שיכון,NOUN,NOUN,Gender=Masc|Number=Sing,5.0,obj,"(17, 22)",שיכון,
"(8, 9)",ברב,,,,,,"(23, 26)",,"[{'id': 8, 'text': 'ב', 'upos': 'ADP', 'xpos': 'ADP', 'head': 10, 'deprel': 'case', 'lemma': 'ב'}, {'id': 9, 'text': 'רב', 'upos': 'NOUN', 'xpos': 'NOUN', 'feats': 'Definite=Cons|Gender=Masc|Number=Sing', 'head': 10, 'deprel': 'nummod', 'lemma': 'רב'}]"
10,קומות,NOUN,NOUN,Gender=Fem|Number=Plur,7.0,nmod,"(27, 32)",קומה,
"(11, 12)",וגם,,,,,,"(33, 36)",,"[{'id': 11, 'text': 'ו', 'upos': 'CCONJ', 'xpos': 'CCONJ', 'head': 13, 'deprel': 'cc', 'lemma': 'ו'}, {'id': 12, 'text': 'גם', 'upos': 'ADV', 'xpos': 'ADV', 'head': 13, 'deprel': 'det', 'lemma': 'גם'}]"
13,דירה,NOUN,NOUN,Gender=Fem|Number=Sing,7.0,conj,"(37, 41)",דירה,
"(1, 2)",המעטפת,,,,,,"(1, 7)",,"[{'id': 1, 'text': 'ה', 'upos': 'DET', 'xpos': 'DET', 'feats': 'PronType=Art', 'head': 2, 'deprel': 'det:def', 'lemma': 'ה'}, {'id': 2, 'text': 'מעטפת', 'upos': 'NOUN', 'xpos': 'NOUN', 'feats': 'Gender=Fem|Number=Sing', 'head': 5, 'deprel': 'nsubj', 'lemma': 'מעטפה'}]"
"(3, 4)",התדמיתית,,,,,,"(8, 16)",,"[{'id': 3, 'text': 'ה', 'upos': 'DET', 'xpos': 'DET', 'feats': 'PronType=Art', 'head': 4, 'deprel': 'det:def', 'lemma': 'ה'}, {'id': 4, 'text': 'תדמיתית', 'upos': 'ADJ', 'xpos': 'ADJ', 'feats': 'Gender=Fem|Number=Sing', 'head': 2, 'deprel': 'amod', 'lemma': 'תדמיתי'}]"
5,משותפת,ADJ,ADJ,"Gender=Fem|HebBinyan=PIEL|Number=Sing|Person=1,2,3|VerbForm=Part|Voice=Act",0.0,root,"(17, 23)",משותף,
"(6, 7)",לכולם,,,,,,"(24, 29)",,"[{'id': 6, 'text': 'ל', 'upos': 'ADP', 'xpos': 'ADP', 'head': 7, 'deprel': 'case', 'lemma': 'ל'}, {'id': 7, 'text': 'כולם', 'upos': 'NOUN', 'xpos': 'NOUN', 'feats': 'Gender=Masc|Number=Plur', 'head': 5, 'deprel': 'advmod', 'lemma': 'כולם'}]"
"(8, 9)",ומכילה,,,,,,"(30, 36)",,"[{'id': 8, 'text': 'ו', 'upos': 'CCONJ', 'xpos': 'CCONJ', 'head': 9, 'deprel': 'cc', 'lemma': 'ו'}, {'id': 9, 'text': 'מכילה', 'upos': 'VERB', 'xpos': 'VERB', 'feats': 'Gender=Fem|HebBinyan=HIFIL|Number=Sing|Person=1,2,3|VerbForm=Part|Voice=Act', 'head': 5, 'deprel': 'conj', 'lemma': 'הכיל'}]"
10,את,ADP,ADP,Case=Acc,12.0,case:acc,"(37, 39)",את,
"(11, 12)",הבית,,,,,,"(40, 44)",,"[{'id': 11, 'text': 'ה', 'upos': 'DET', 'xpos': 'DET', 'feats': 'PronType=Art', 'head': 12, 'deprel': 'det:def', 'lemma': 'ה'}, {'id': 12, 'text': 'בית', 'upos': 'NOUN', 'xpos': 'NOUN', 'feats': 'Gender=Masc|Number=Sing', 'head': 9, 'deprel': 'obj', 'lemma': 'בית'}]"
1,•,PUNCT,PUNCT,,7.0,punct,"(1, 2)",•,
"(2, 3)",המחקר,,,,,,"(3, 8)",,"[{'id': 2, 'text': 'ה', 'upos': 'DET', 'xpos': 'DET', 'feats': 'PronType=Art', 'head': 3, 'deprel': 'det:def', 'lemma': 'ה'}, {'id': 3, 'text': 'מחקר', 'upos': 'NOUN', 'xpos': 'NOUN', 'feats': 'Gender=Masc|Number=Sing', 'head': 7, 'deprel': 'nsubj', 'lemma': 'מחקר'}]"
"(4, 6)",בעיקר,,,,,,"(9, 14)",,"[{'id': 4, 'text': 'ב', 'upos': 'ADP', 'xpos': 'ADP', 'head': 6, 'deprel': 'case', 'lemma': 'ב'}, {'id': 5, 'text': 'ה_', 'upos': 'DET', 'xpos': 'DET', 'feats': 'PronType=Art', 'head': 6, 'deprel': 'det:def', 'lemma': 'ה'}, {'id': 6, 'text': 'עיקר', 'upos': 'NOUN', 'xpos': 'NOUN', 'feats': 'Gender=Masc|Number=Sing', 'head': 3, 'deprel': 'nmod', 'lemma': 'עיקר'}]"
7,מרים,VERB,VERB,"Gender=Masc|HebBinyan=HIFIL|Number=Sing|Person=1,2,3|VerbForm=Part|Voice=Act",0.0,root,"(15, 19)",הרים,
8,דגל,PROPN,PROPN,,7.0,dep,"(20, 23)",דגל,
9,אזהרה,NOUN,NOUN,Gender=Fem|Number=Sing,7.0,obj,"(24, 29)",אזהרה,
"(10, 11)",בצבע,,,,,,"(30, 34)",,"[{'id': 10, 'text': 'ב', 'upos': 'ADP', 'xpos': 'ADP', 'head': 11, 'deprel': 'case', 'lemma': 'ב'}, {'id': 11, 'text': 'צבע', 'upos': 'NOUN', 'xpos': 'NOUN', 'feats': 'Gender=Masc|Number=Sing', 'head': 9, 'deprel': 'nmod', 'lemma': 'צבע'}]"
12,אדום,ADJ,ADJ,Gender=Masc|Number=Sing,11.0,amod,"(35, 39)",אדום,
"(13, 14)",לשיווק,,,,,,"(40, 46)",,"[{'id': 13, 'text': 'ל', 'upos': 'ADP', 'xpos': 'ADP', 'head': 14, 'deprel': 'case', 'lemma': 'ל'}, {'id': 14, 'text': 'שיווק', 'upos': 'NOUN', 'xpos': 'NOUN', 'feats': 'Gender=Masc|Number=Sing', 'head': 9, 'deprel': 'nmod', 'lemma': 'שיווק'}]"
15,מכני,ADJ,ADJ,Gender=Masc|Number=Sing,14.0,amod,"(47, 51)",מכאני,
16,או,CCONJ,CCONJ,,17.0,cc,"(52, 54)",או,
17,קלאסי,ADJ,ADJ,Gender=Masc|Number=Sing,15.0,conj,"(55, 60)",קלאסי,
18,של,ADP,ADP,Case=Gen,19.0,case:gen,"(61, 63)",של,
19,דירות,NOUN,NOUN,Gender=Fem|Number=Plur,14.0,nmod,"(64, 69)",דירה,
"(20, 22)",בבניינים,,,,,,"(70, 78)",,"[{'id': 20, 'text': 'ב', 'upos': 'ADP', 'xpos': 'ADP', 'head': 22, 'deprel': 'case', 'lemma': 'ב'}, {'id': 21, 'text': 'ה_', 'upos': 'DET', 'xpos': 'DET', 'feats': 'PronType=Art', 'head': 22, 'deprel': 'det:def', 'lemma': 'ה'}, {'id': 22, 'text': 'בניינים', 'upos': 'NOUN', 'xpos': 'NOUN', 'feats': 'Gender=Masc|Number=Plur', 'head': 19, 'deprel': 'nmod', 'lemma': 'בניין'}]"
23,משותפים,ADJ,ADJ,Gender=Masc|Number=Plur,22.0,amod,"(79, 86)",משותף,
"(24, 25)",וקורא,,,,,,"(87, 92)",,"[{'id': 24, 'text': 'ו', 'upos': 'CCONJ', 'xpos': 'CCONJ', 'head': 25, 'deprel': 'cc', 'lemma': 'ו'}, {'id': 25, 'text': 'קורא', 'upos': 'VERB', 'xpos': 'VERB', 'feats': 'Gender=Masc|HebBinyan=PAAL|Number=Sing|Person=1,2,3|VerbForm=Part|Voice=Act', 'head': 9, 'deprel': 'conj', 'lemma': 'קרא'}]"
"(26, 27)",למקבלי,,,,,,"(93, 99)",,"[{'id': 26, 'text': 'ל', 'upos': 'ADP', 'xpos': 'ADP', 'head': 27, 'deprel': 'case', 'lemma': 'ל'}, {'id': 27, 'text': 'מקבלי', 'upos': 'NOUN', 'xpos': 'NOUN', 'feats': 'Definite=Cons|Gender=Masc|Number=Plur', 'head': 25, 'deprel': 'obl', 'lemma': 'מקבל'}]"
"(28, 29)",ההחלטות,,,,,,"(100, 107)",,"[{'id': 28, 'text': 'ה', 'upos': 'DET', 'xpos': 'DET', 'feats': 'PronType=Art', 'head': 29, 'deprel': 'det:def', 'lemma': 'ה'}, {'id': 29, 'text': 'החלטות', 'upos': 'NOUN', 'xpos': 'NOUN', 'feats': 'Gender=Fem|Number=Plur', 'head': 27, 'deprel': 'compound:smixut', 'lemma': 'החלטה'}]"
30,להתגמש,VERB,VERB,HebBinyan=HITPAEL|VerbForm=Inf,25.0,xcomp,"(108, 114)",התגמש,
"(31, 32)",ולהציע,,,,,,"(115, 121)",,"[{'id': 31, 'text': 'ו', 'upos': 'CCONJ', 'xpos': 'CCONJ', 'head': 32, 'deprel': 'cc', 'lemma': 'ו'}, {'id': 32, 'text': 'להציע', 'upos': 'VERB', 'xpos': 'VERB', 'feats': 'HebBinyan=HIFIL|VerbForm=Inf|Voice=Act', 'head': 30, 'deprel': 'conj', 'lemma': 'הציע'}]"
33,חלופה,NOUN,NOUN,Gender=Fem|Number=Sing,32.0,obj,"(122, 127)",חלופה,
34,מקיפה,ADJ,ADJ,Gender=Fem|Number=Sing,33.0,amod,"(128, 133)",מקיף,
35,יותר,ADV,ADV,,34.0,advmod,"(134, 138)",יותר,
"(36, 37)",שלוקחת,,,,,,"(139, 145)",,"[{'id': 36, 'text': 'ש', 'upos': 'SCONJ', 'xpos': 'SCONJ', 'head': 37, 'deprel': 'mark', 'lemma': 'ש'}, {'id': 37, 'text': 'לוקחת', 'upos': 'VERB', 'xpos': 'VERB', 'feats': 'Gender=Fem|HebBinyan=PAAL|Number=Sing|Person=1,2,3|VerbForm=Part|Voice=Act', 'head': 33, 'deprel': 'acl:relcl', 'lemma': 'לקח'}]"
"(38, 39)",בחשבון,,,,,,"(146, 152)",,"[{'id': 38, 'text': 'ב', 'upos': 'ADP', 'xpos': 'ADP', 'head': 39, 'deprel': 'case', 'lemma': 'ב'}, {'id': 39, 'text': 'חשבון', 'upos': 'NOUN', 'xpos': 'NOUN', 'feats': 'Gender=Masc|Number=Sing', 'head': 37, 'deprel': 'obl', 'lemma': 'חשבון'}]"
40,את,ADP,ADP,Case=Acc,41.0,case:acc,"(153, 155)",את,
41,אורח,NOUN,NOUN,Definite=Cons|Gender=Masc|Number=Sing,37.0,obj,"(156, 160)",אורח,
"(42, 43)",החיים,,,,,,"(161, 166)",,"[{'id': 42, 'text': 'ה', 'upos': 'DET', 'xpos': 'DET', 'feats': 'PronType=Art', 'head': 43, 'deprel': 'det:def', 'lemma': 'ה'}, {'id': 43, 'text': 'חיים', 'upos': 'NOUN', 'xpos': 'NOUN', 'feats': 'Gender=Masc|Number=Plur', 'head': 41, 'deprel': 'compound:smixut', 'lemma': 'חיים'}]"
"(44, 46)",ומאפייני,,,,,,"(167, 175)",,"[{'id': 44, 'text': 'ו', 'upos': 'CCONJ', 'xpos': 'CCONJ', 'head': 46, 'deprel': 'cc', 'lemma': 'ו'}, {'id': 45, 'text': 'מ', 'upos': 'NOUN', 'xpos': 'NOUN', 'feats': 'Definite=Cons|Gender=Masc|Number=Plur', 'head': 41, 'deprel': 'conj', 'lemma': 'מ'}, {'id': 46, 'text': 'אפייני', 'upos': 'NOUN', 'xpos': 'NOUN', 'feats': 'Definite=Cons|Gender=Masc|Number=Plur', 'head': 41, 'deprel': 'conj', 'lemma': 'אפיין'}]"
"(47, 48)",החברה,,,,,,"(176, 181)",,"[{'id': 47, 'text': 'ה', 'upos': 'DET', 'xpos': 'DET', 'feats': 'PronType=Art', 'head': 48, 'deprel': 'det:def', 'lemma': 'ה'}, {'id': 48, 'text': 'חברה', 'upos': 'NOUN', 'xpos': 'NOUN', 'feats': 'Gender=Fem|Number=Sing', 'head': 46, 'deprel': 'compound:smixut', 'lemma': 'חברה'}]"
"(49, 51)",והתרבות,,,,,,"(182, 189)",,"[{'id': 49, 'text': 'ו', 'upos': 'CCONJ', 'xpos': 'CCONJ', 'head': 51, 'deprel': 'cc', 'lemma': 'ו'}, {'id': 50, 'text': 'ה', 'upos': 'DET', 'xpos': 'DET', 'feats': 'PronType=Art', 'head': 51, 'deprel': 'det:def', 'lemma': 'ה'}, {'id': 51, 'text': 'תרבות', 'upos': 'NOUN', 'xpos': 'NOUN', 'feats': 'Gender=Fem|Number=Sing', 'head': 48, 'deprel': 'conj', 'lemma': 'תרבות'}]"
"(52, 53)",שלהם,,,,,,"(190, 194)",,"[{'id': 52, 'text': 'של_', 'upos': 'ADP', 'xpos': 'ADP', 'feats': 'Case=Gen', 'head': 53, 'deprel': 'case:gen', 'lemma': 'של'}, {'id': 53, 'text': '_הם', 'upos': 'PRON', 'xpos': 'PRON', 'feats': 'Gender=Masc|Number=Plur|Person=3|PronType=Prs', 'head': 48, 'deprel': 'nmod:poss', 'lemma': 'הוא'}]"
1,המלצות,NOUN,NOUN,Gender=Fem|Number=Plur,0.0,root,"(1, 7)",המלצה,
"(2, 3)",לצעד,,,,,,"(8, 12)",,"[{'id': 2, 'text': 'ל', 'upos': 'ADP', 'xpos': 'ADP', 'head': 3, 'deprel': 'case', 'lemma': 'ל'}, {'id': 3, 'text': 'צעד', 'upos': 'NOUN', 'xpos': 'NOUN', 'feats': 'Gender=Masc|Number=Sing', 'head': 1, 'deprel': 'nmod', 'lemma': 'צעד'}]"
"(4, 5)",הבא,,,,,,"(13, 16)",,"[{'id': 4, 'text': 'ה', 'upos': 'DET', 'xpos': 'DET', 'feats': 'PronType=Art', 'head': 5, 'deprel': 'det:def', 'lemma': 'ה'}, {'id': 5, 'text': 'בא', 'upos': 'ADJ', 'xpos': 'ADJ', 'feats': 'Gender=Masc|Number=Sing', 'head': 3, 'deprel': 'amod', 'lemma': 'בא'}]"
6,•,PUNCT,PUNCT,,7.0,punct,"(17, 18)",•,
7,גיבוש,NOUN,NOUN,Definite=Cons|Gender=Masc|Number=Sing,1.0,conj,"(19, 24)",גיבוש,
8,תמהיל,VERB,VERB,Definite=Cons,7.0,compound:smixut,"(25, 30)",המהיל,
9,מוצר,NOUN,NOUN,Gender=Masc|Number=Sing,8.0,compound:smixut,"(31, 35)",מוצר,
"(10, 11)",בהתאם,,,,,,"(36, 41)",,"[{'id': 10, 'text': 'ב', 'upos': 'ADP', 'xpos': 'ADP', 'head': 14, 'deprel': 'case', 'lemma': 'ב'}, {'id': 11, 'text': 'התאם', 'upos': 'NOUN', 'xpos': 'NOUN', 'feats': 'Gender=Masc|Number=Sing', 'head': 10, 'deprel': 'fixed', 'lemma': 'התאם'}]"
"(12, 14)",לתכנים,,,,,,"(42, 48)",,"[{'id': 12, 'text': 'ל', 'upos': 'ADP', 'xpos': 'ADP', 'head': 10, 'deprel': 'fixed', 'lemma': 'ל'}, {'id': 13, 'text': 'ה_', 'upos': 'DET', 'xpos': 'DET', 'feats': 'PronType=Art', 'head': 14, 'deprel': 'det:def', 'lemma': 'ה'}, {'id': 14, 'text': 'תכנים', 'upos': 'NOUN', 'xpos': 'NOUN', 'feats': 'Gender=Masc|Number=Plur', 'head': 7, 'deprel': 'nmod', 'lemma': 'תוכן'}]"
"(15, 16)",שעלו,,,,,,"(49, 53)",,"[{'id': 15, 'text': 'ש', 'upos': 'SCONJ', 'xpos': 'SCONJ', 'head': 16, 'deprel': 'mark', 'lemma': 'ש'}, {'id': 16, 'text': 'עלו', 'upos': 'VERB', 'xpos': 'VERB', 'feats': 'Gender=Fem,Masc|HebBinyan=PAAL|Number=Plur|Person=3|Tense=Past|Voice=Act', 'head': 14, 'deprel': 'acl:relcl', 'lemma': 'עלה'}]"
17,•,PUNCT,PUNCT,,18.0,punct,"(54, 55)",•,
18,תמחיר,NOUN,NOUN,Definite=Cons|Gender=Masc|Number=Sing,7.0,conj,"(56, 61)",תמחיר,
"(19, 21)",והמחרה,,,,,,"(62, 68)",,"[{'id': 19, 'text': 'ו', 'upos': 'CCONJ', 'xpos': 'CCONJ', 'head': 21, 'deprel': 'cc', 'lemma': 'ו'}, {'id': 20, 'text': 'ה', 'upos': 'DET', 'xpos': 'DET', 'feats': 'PronType=Art', 'head': 21, 'deprel': 'det:def', 'lemma': 'ה'}, {'id': 21, 'text': 'מחרה', 'upos': 'NOUN', 'xpos': 'NOUN', 'feats': 'Gender=Masc|Number=Sing', 'head': 18, 'deprel': 'conj', 'lemma': 'מחרה'}]"
22,של,ADP,ADP,Case=Gen,23.0,case:gen,"(69, 71)",של,
23,מגוון,NOUN,NOUN,Definite=Cons|Gender=Masc|Number=Sing,18.0,nmod:poss,"(72, 77)",מגוון,
"(24, 25)",המוצרים,,,,,,"(78, 85)",,"[{'id': 24, 'text': 'ה', 'upos': 'DET', 'xpos': 'DET', 'feats': 'PronType=Art', 'head': 25, 'deprel': 'det:def', 'lemma': 'ה'}, {'id': 25, 'text': 'מוצרים', 'upos': 'NOUN', 'xpos': 'NOUN', 'feats': 'Gender=Masc|Number=Plur', 'head': 23, 'deprel': 'compound:smixut', 'lemma': 'מוצר'}]"
"(26, 27)",שמוצעים,,,,,,"(86, 93)",,"[{'id': 26, 'text': 'ש', 'upos': 'SCONJ', 'xpos': 'SCONJ', 'head': 27, 'deprel': 'mark', 'lemma': 'ש'}, {'id': 27, 'text': 'מוצעים', 'upos': 'VERB', 'xpos': 'VERB', 'feats': 'Gender=Masc|HebBinyan=HUFAL|Number=Plur|Person=1,2,3|VerbForm=Part|Voice=Pass', 'head': 25, 'deprel': 'acl:relcl', 'lemma': 'הוצע'}]"
"(28, 29)",למכירה,,,,,,"(94, 100)",,"[{'id': 28, 'text': 'ל', 'upos': 'ADP', 'xpos': 'ADP', 'head': 29, 'deprel': 'case', 'lemma': 'ל'}, {'id': 29, 'text': 'מכירה', 'upos': 'NOUN', 'xpos': 'NOUN', 'feats': 'Gender=Fem|Number=Sing', 'head': 27, 'deprel': 'obl', 'lemma': 'מכירה'}]"
30,•,PUNCT,PUNCT,,31.0,punct,"(101, 102)",•,
31,בחינת,NOUN,NOUN,Definite=Cons|Gender=Fem|Number=Sing,18.0,conj,"(103, 108)",בחינה,
32,מחירי,NOUN,NOUN,Definite=Cons|Gender=Masc|Number=Plur,31.0,compound:smixut,"(109, 114)",מחיר,
"(33, 34)",השוק,,,,,,"(115, 119)",,"[{'id': 33, 'text': 'ה', 'upos': 'DET', 'xpos': 'DET', 'feats': 'PronType=Art', 'head': 34, 'deprel': 'det:def', 'lemma': 'ה'}, {'id': 34, 'text': 'שוק', 'upos': 'NOUN', 'xpos': 'NOUN', 'feats': 'Gender=Masc|Number=Sing', 'head': 32, 'deprel': 'compound:smixut', 'lemma': 'שוק'}]"
"(35, 37)",בסחנין,,,,,,"(120, 126)",,"[{'id': 35, 'text': 'ב', 'upos': 'ADP', 'xpos': 'ADP', 'head': 37, 'deprel': 'case', 'lemma': 'ב'}, {'id': 36, 'text': 'ה_', 'upos': 'DET', 'xpos': 'DET', 'feats': 'PronType=Art', 'head': 37, 'deprel': 'det:def', 'lemma': 'ה'}, {'id': 37, 'text': 'סחנין', 'upos': 'NOUN', 'xpos': 'NOUN', 'feats': 'Gender=Masc|Number=Sing', 'head': 32, 'deprel': 'nmod', 'lemma': 'סחנין'}]"
"(38, 40)",והסביבה,,,,,,"(127, 134)",,"[{'id': 38, 'text': 'ו', 'upos': 'CCONJ', 'xpos': 'CCONJ', 'head': 40, 'deprel': 'cc', 'lemma': 'ו'}, {'id': 39, 'text': 'ה', 'upos': 'DET', 'xpos': 'DET', 'feats': 'PronType=Art', 'head': 40, 'deprel': 'det:def', 'lemma': 'ה'}, {'id': 40, 'text': 'סביבה', 'upos': 'NOUN', 'xpos': 'NOUN', 'feats': 'Gender=Fem|Number=Sing', 'head': 37, 'deprel': 'conj', 'lemma': 'סביבה'}]"
"(41, 42)",ובדיקת,,,,,,"(135, 141)",,"[{'id': 41, 'text': 'ו', 'upos': 'CCONJ', 'xpos': 'CCONJ', 'head': 42, 'deprel': 'cc', 'lemma': 'ו'}, {'id': 42, 'text': 'בדיקת', 'upos': 'NOUN', 'xpos': 'NOUN', 'feats': 'Definite=Cons|Gender=Fem|Number=Sing', 'head': 31, 'deprel': 'conj', 'lemma': 'בדיקה'}]"
"(43, 44)",החלופות,,,,,,"(142, 149)",,"[{'id': 43, 'text': 'ה', 'upos': 'DET', 'xpos': 'DET', 'feats': 'PronType=Art', 'head': 44, 'deprel': 'det:def', 'lemma': 'ה'}, {'id': 44, 'text': 'חלופות', 'upos': 'NOUN', 'xpos': 'NOUN', 'feats': 'Gender=Fem|Number=Plur', 'head': 42, 'deprel': 'compound:smixut', 'lemma': 'חלופה'}]"
"(45, 46)",הקיימות,,,,,,"(150, 157)",,"[{'id': 45, 'text': 'ה', 'upos': 'DET', 'xpos': 'DET', 'feats': 'PronType=Art', 'head': 46, 'deprel': 'det:def', 'lemma': 'ה'}, {'id': 46, 'text': 'קיימות', 'upos': 'ADJ', 'xpos': 'ADJ', 'feats': 'Gender=Fem|Number=Plur', 'head': 44, 'deprel': 'amod', 'lemma': 'קיים'}]"
47,•,PUNCT,PUNCT,,48.0,punct,"(158, 159)",•,
48,גיבוש,NOUN,NOUN,Definite=Cons|Gender=Masc|Number=Sing,7.0,conj,"(160, 165)",גיבוש,
49,קונספט,NOUN,NOUN,Gender=Masc|Number=Sing,48.0,compound:smixut,"(166, 172)",קונספט,
50,תקשורתי,ADJ,ADJ,Gender=Masc|Number=Sing,49.0,amod,"(173, 180)",תקשורתי,
51,•,PUNCT,PUNCT,,52.0,punct,"(181, 182)",•,
52,תוכנית,NOUN,NOUN,Definite=Cons|Gender=Fem|Number=Sing,48.0,conj,"(183, 189)",תוכנית,
53,יחסי,NOUN,NOUN,Definite=Cons|Gender=Masc|Number=Plur,52.0,compound:smixut,"(190, 194)",יחסים,
54,ציבור,NOUN,NOUN,Gender=Masc|Number=Sing,53.0,compound:smixut,"(195, 200)",ציבור,
55,מקדימים,VERB,VERB,"Gender=Masc|HebBinyan=PIEL|Number=Plur|Person=1,2,3|VerbForm=Part|Voice=Act",53.0,amod,"(201, 208)",הקדים,
56,•,PUNCT,PUNCT,,57.0,punct,"(209, 210)",•,
57,תוכנית,NOUN,NOUN,Definite=Cons|Gender=Fem|Number=Sing,7.0,conj,"(211, 217)",תוכנית,
58,שיווק,NOUN,NOUN,Gender=Masc|Number=Sing,57.0,compound:smixut,"(218, 223)",שיווק,
"(59, 60)",ובעיקר,,,,,,"(224, 230)",,"[{'id': 59, 'text': 'ו', 'upos': 'CCONJ', 'xpos': 'CCONJ', 'head': 61, 'deprel': 'cc', 'lemma': 'ו'}, {'id': 60, 'text': 'בעיקר', 'upos': 'ADV', 'xpos': 'ADV', 'head': 61, 'deprel': 'det', 'lemma': 'בעיקר'}]"
61,קד״מ,NOUN,NOUN,Abbr=Yes|Gender=Masc|Number=Sing,57.0,conj,"(231, 235)",קד״מ,
62,מקומי,ADJ,ADJ,Gender=Masc|Number=Sing,61.0,amod,"(236, 241)",מקומי,
