id,text,upos,xpos,head,deprel,span,lemma,feats,expanded
1,תקציר,NOUN,NOUN,0.0,root,"(0, 5)",תקציר,,
2,1,NUM,NUM,1.0,nummod,"(6, 7)",1,,
1,נערכו,VERB,VERB,0.0,root,"(1, 6)",נערך,"Gender=Fem,Masc|HebBinyan=NIFAL|Number=Plur|Person=3|Tense=Past|Voice=Mid",
2,מדידות,NOUN,NOUN,1.0,nsubj,"(7, 13)",מדידה,Gender=Fem|Number=Plur,
3,של,ADP,ADP,4.0,case:gen,"(14, 16)",של,Case=Gen,
4,תקופה,NOUN,NOUN,2.0,nmod:poss,"(17, 22)",תקופה,Gender=Fem|Number=Sing,
5,בסיסית,ADJ,ADJ,4.0,amod,"(23, 29)",בסיסי,Gender=Fem|Number=Sing,
6,ל,ADP,ADP,9.0,case,"(30, 31)",ל,,
7,-,PUNCT,PUNCT,9.0,punct,"(31, 32)",-,,
8,4,NUM,NUM,9.0,nummod,"(33, 34)",4,,
9,סוגים,NOUN,NOUN,2.0,advmod,"(35, 40)",סוג,Gender=Masc|Number=Plur,
10,של,ADP,ADP,11.0,case:gen,"(41, 43)",של,Case=Gen,
11,מבנים,NOUN,NOUN,9.0,nmod:poss,"(44, 49)",מבנה,Gender=Masc|Number=Plur,
"(12, 14)",בארץ,,,,,"(50, 54)",,,"[{'id': 12, 'text': 'ב', 'upos': 'ADP', 'xpos': 'ADP', 'head': 14, 'deprel': 'case', 'lemma': 'ב'}, {'id': 13, 'text': 'ה_', 'upos': 'DET', 'xpos': 'DET', 'feats': 'PronType=Art', 'head': 14, 'deprel': 'det:def', 'lemma': 'ה'}, {'id': 14, 'text': 'ארץ', 'upos': 'NOUN', 'xpos': 'NOUN', 'feats': 'Gender=Fem|Number=Sing', 'head': 11, 'deprel': 'nmod', 'lemma': 'ארץ'}]"
15,–,PUNCT,PUNCT,9.0,punct,"(55, 56)",–,,
16,מבנים,NOUN,NOUN,9.0,appos,"(57, 62)",מבנה,Gender=Masc|Number=Plur,
17,ללא,ADP,ADP,18.0,case,"(63, 66)",ללא,,
18,"ממ""דים",NOUN,NOUN,16.0,nmod,"(67, 73)","ממ""ד",Abbr=Yes|Gender=Masc|Number=Plur,
19,עד,ADP,ADP,23.0,case,"(74, 76)",עד,,
"(20, 21)",ומעל,,,,,"(77, 81)",,,"[{'id': 20, 'text': 'ו', 'upos': 'CCONJ', 'xpos': 'CCONJ', 'head': 19, 'deprel': 'fixed', 'lemma': 'ו'}, {'id': 21, 'text': 'מעל', 'upos': 'ADP', 'xpos': 'ADP', 'head': 23, 'deprel': 'case', 'lemma': 'מעל'}]"
22,5,NUM,NUM,23.0,nummod,"(82, 83)",5,,
23,קומות,NOUN,NOUN,16.0,nmod,"(84, 89)",קומה,Gender=Fem|Number=Plur,
"(24, 27)",שנבנו,,,,,"(90, 95)",,,"[{'id': 24, 'text': 'ש', 'upos': 'SCONJ', 'xpos': 'SCONJ', 'head': 25, 'deprel': 'mark', 'lemma': 'ש'}, {'id': 25, 'text': 'נב_', 'upos': 'VERB', 'xpos': 'VERB', 'feats': 'Definite=Def|Gender=Masc|Number=Sing', 'head': 16, 'deprel': 'acl:relcl', 'lemma': 'נב'}, {'id': 26, 'text': '_של_', 'upos': 'ADP', 'xpos': 'ADP', 'head': 27, 'deprel': 'case:gen', 'lemma': 'של'}, {'id': 27, 'text': '_הוא', 'upos': 'PRON', 'xpos': 'PRON', 'feats': 'Case=Gen|Gender=Masc|Number=Sing|Person=3|PronType=Prs', 'head': 25, 'deprel': 'nmod:poss', 'lemma': 'הוא'}]"
28,לפני,ADP,ADP,29.0,case,"(96, 100)",לפני,,
29,שנת,NOUN,NOUN,25.0,obl,"(101, 104)",שנה,Definite=Cons|Gender=Fem|Number=Sing,
30,1991,NUM,NUM,29.0,compound:smixut,"(105, 109)",1991,,
31,",",PUNCT,PUNCT,16.0,punct,"(109, 110)",",",,
"(32, 33)",ומבנים,,,,,"(111, 117)",,,"[{'id': 32, 'text': 'ו', 'upos': 'CCONJ', 'xpos': 'CCONJ', 'head': 33, 'deprel': 'cc', 'lemma': 'ו'}, {'id': 33, 'text': 'מבנים', 'upos': 'NOUN', 'xpos': 'NOUN', 'feats': 'Gender=Masc|Number=Plur', 'head': 16, 'deprel': 'conj', 'lemma': 'מבנה'}]"
34,עם,ADP,ADP,35.0,case,"(118, 120)",עם,,
35,"ממ""דים",NOUN,NOUN,33.0,nmod,"(121, 127)","ממ""ד",Abbr=Yes,
36,עד,ADP,ADP,40.0,case,"(128, 130)",עד,,
"(37, 38)",ומעל,,,,,"(131, 135)",,,"[{'id': 37, 'text': 'ו', 'upos': 'CCONJ', 'xpos': 'CCONJ', 'head': 36, 'deprel': 'fixed', 'lemma': 'ו'}, {'id': 38, 'text': 'מעל', 'upos': 'ADP', 'xpos': 'ADP', 'head': 40, 'deprel': 'case', 'lemma': 'מעל'}]"
39,5,NUM,NUM,40.0,nummod,"(136, 137)",5,,
40,קומות,NOUN,NOUN,35.0,nmod,"(138, 143)",קומה,Gender=Fem|Number=Plur,
"(41, 44)",שנבנו,,,,,"(144, 149)",,,"[{'id': 41, 'text': 'ש', 'upos': 'SCONJ', 'xpos': 'SCONJ', 'head': 42, 'deprel': 'mark', 'lemma': 'ש'}, {'id': 42, 'text': 'נב_', 'upos': 'VERB', 'xpos': 'VERB', 'feats': 'Definite=Def|Gender=Masc|Number=Sing', 'head': 40, 'deprel': 'acl:relcl', 'lemma': 'נב'}, {'id': 43, 'text': '_של_', 'upos': 'ADP', 'xpos': 'ADP', 'head': 44, 'deprel': 'case:gen', 'lemma': 'של'}, {'id': 44, 'text': '_הוא', 'upos': 'PRON', 'xpos': 'PRON', 'feats': 'Case=Gen|Gender=Masc|Number=Sing|Person=3|PronType=Prs', 'head': 42, 'deprel': 'nmod:poss', 'lemma': 'הוא'}]"
45,אחרי,ADP,ADP,46.0,case,"(150, 154)",אחרי,,
46,שנת,NOUN,NOUN,42.0,obl,"(155, 158)",שנה,Definite=Cons|Gender=Fem|Number=Sing,
47,1991,NUM,NUM,46.0,compound:smixut,"(159, 163)",1991,,
"(1, 2)",המדידות,,,,,"(1, 8)",,,"[{'id': 1, 'text': 'ה', 'upos': 'DET', 'xpos': 'DET', 'feats': 'PronType=Art', 'head': 2, 'deprel': 'det:def', 'lemma': 'ה'}, {'id': 2, 'text': 'מדידות', 'upos': 'NOUN', 'xpos': 'NOUN', 'feats': 'Gender=Fem|Number=Plur', 'head': 3, 'deprel': 'nsubj', 'lemma': 'מדידה'}]"
3,בוצעו,VERB,VERB,0.0,root,"(9, 14)",בוצע,"Gender=Fem,Masc|HebBinyan=PUAL|Number=Plur|Person=3|Tense=Past|Voice=Pass",
"(4, 5)",למבני,,,,,"(15, 20)",,,"[{'id': 4, 'text': 'ל', 'upos': 'ADP', 'xpos': 'ADP', 'head': 5, 'deprel': 'case', 'lemma': 'ל'}, {'id': 5, 'text': 'מבני', 'upos': 'NOUN', 'xpos': 'NOUN', 'feats': 'Definite=Cons|Gender=Masc|Number=Plur', 'head': 3, 'deprel': 'obl', 'lemma': 'מבנה'}]"
6,מגורים,NOUN,NOUN,5.0,compound:smixut,"(21, 27)",מגורים,Gender=Masc|Number=Plur,
"(7, 9)",בערים,,,,,"(28, 33)",,,"[{'id': 7, 'text': 'ב', 'upos': 'ADP', 'xpos': 'ADP', 'head': 9, 'deprel': 'case', 'lemma': 'ב'}, {'id': 8, 'text': 'ה_', 'upos': 'DET', 'xpos': 'DET', 'feats': 'PronType=Art', 'head': 9, 'deprel': 'det:def', 'lemma': 'ה'}, {'id': 9, 'text': 'ערים', 'upos': 'NOUN', 'xpos': 'NOUN', 'feats': 'Gender=Fem|Number=Plur', 'head': 3, 'deprel': 'obl', 'lemma': 'עיר'}]"
"(10, 11)",הבאות,,,,,"(34, 39)",,,"[{'id': 10, 'text': 'ה', 'upos': 'DET', 'xpos': 'DET', 'feats': 'PronType=Art', 'head': 11, 'deprel': 'det:def', 'lemma': 'ה'}, {'id': 11, 'text': 'באות', 'upos': 'ADJ', 'xpos': 'ADJ', 'feats': 'Gender=Fem|Number=Plur', 'head': 9, 'deprel': 'amod', 'lemma': 'בא'}]"
12,:,PUNCT,PUNCT,9.0,punct,"(39, 40)",:,,
13,∗,PUNCT,PUNCT,14.0,punct,"(41, 42)",∗,,
14,גבעתיים,PROPN,PROPN,9.0,nmod,"(43, 50)",גבעתיים,,
15,",",PUNCT,PUNCT,14.0,punct,"(50, 51)",",",,
16,∗,PUNCT,PUNCT,17.0,punct,"(52, 53)",∗,,
17,חולון,PROPN,PROPN,14.0,conj,"(54, 59)",חולון,,
18,",",PUNCT,PUNCT,14.0,punct,"(59, 60)",",",,
19,∗,PUNCT,PUNCT,20.0,punct,"(61, 62)",∗,,
20,מודיעין,PROPN,PROPN,14.0,conj,"(63, 70)",מודיעין,HebSource=ConvUncertainHead,
21,",",PUNCT,PUNCT,14.0,punct,"(70, 71)",",",,
22,∗,PUNCT,PUNCT,23.0,punct,"(72, 73)",∗,,
23,פתח,NOUN,NOUN,14.0,conj,"(74, 77)",פתח,Definite=Cons|Gender=Masc|Number=Sing,
24,תקווה,PROPN,PROPN,23.0,compound:smixut,"(78, 83)",תקווה,,
25,",",PUNCT,PUNCT,14.0,punct,"(83, 84)",",",,
26,∗,PUNCT,PUNCT,27.0,punct,"(85, 86)",∗,,
27,ראש,NOUN,NOUN,14.0,conj,"(87, 90)",ראש,Definite=Cons|Gender=Masc|Number=Sing,
"(28, 29)",העין,,,,,"(91, 95)",,,"[{'id': 28, 'text': 'ה', 'upos': 'DET', 'xpos': 'DET', 'feats': 'PronType=Art', 'head': 29, 'deprel': 'det:def', 'lemma': 'ה'}, {'id': 29, 'text': 'עין', 'upos': 'NOUN', 'xpos': 'NOUN', 'feats': 'Gender=Fem|Number=Sing', 'head': 27, 'deprel': 'flat:name', 'lemma': 'עין'}]"
30,",",PUNCT,PUNCT,14.0,punct,"(95, 96)",",",,
31,∗,PUNCT,PUNCT,32.0,punct,"(97, 98)",∗,,
32,תל,NOUN,NOUN,14.0,conj,"(99, 101)",תל,Definite=Cons|Gender=Masc|Number=Sing,
33,אביב,NOUN,NOUN,32.0,compound:smixut,"(102, 106)",אביב,Gender=Masc|Number=Sing,
1,בהתבסס,ADP,ADP,3.0,case,"(1, 7)",בהתבסס,,
2,על,ADP,ADP,1.0,fixed,"(8, 10)",על,,
3,תוצאות,NOUN,NOUN,10.0,obl,"(11, 17)",תוצאה,Definite=Cons|Gender=Fem|Number=Plur,
"(4, 5)",המדידות,,,,,"(18, 25)",,,"[{'id': 4, 'text': 'ה', 'upos': 'DET', 'xpos': 'DET', 'feats': 'PronType=Art', 'head': 5, 'deprel': 'det:def', 'lemma': 'ה'}, {'id': 5, 'text': 'מדידות', 'upos': 'NOUN', 'xpos': 'NOUN', 'feats': 'Gender=Fem|Number=Plur', 'head': 3, 'deprel': 'compound:smixut', 'lemma': 'מדידה'}]"
"(6, 7)",למבנים,,,,,"(26, 32)",,,"[{'id': 6, 'text': 'ל', 'upos': 'ADP', 'xpos': 'ADP', 'head': 7, 'deprel': 'case', 'lemma': 'ל'}, {'id': 7, 'text': 'מבנים', 'upos': 'NOUN', 'xpos': 'NOUN', 'feats': 'Gender=Masc|Number=Plur', 'head': 5, 'deprel': 'nmod', 'lemma': 'מבנה'}]"
"(8, 9)",שנבדקו,,,,,"(33, 39)",,,"[{'id': 8, 'text': 'ש', 'upos': 'SCONJ', 'xpos': 'SCONJ', 'head': 9, 'deprel': 'mark', 'lemma': 'ש'}, {'id': 9, 'text': 'נבדקו', 'upos': 'VERB', 'xpos': 'VERB', 'feats': 'Gender=Fem,Masc|HebBinyan=NIFAL|Number=Plur|Person=3|Tense=Past|Voice=Mid', 'head': 7, 'deprel': 'acl:relcl', 'lemma': 'נבדק'}]"
10,נערכו,VERB,VERB,0.0,root,"(40, 45)",נערך,"Gender=Fem,Masc|HebBinyan=NIFAL|Number=Plur|Person=3|Tense=Past|Voice=Mid",
11,תאוצות,NOUN,NOUN,10.0,nsubj,"(46, 52)",תאוצה,Gender=Fem|Number=Plur,
"(12, 13)",לתכן,,,,,"(53, 57)",,,"[{'id': 12, 'text': 'ל', 'upos': 'ADP', 'xpos': 'ADP', 'head': 13, 'deprel': 'case', 'lemma': 'ל'}, {'id': 13, 'text': 'תכן', 'upos': 'NOUN', 'xpos': 'NOUN', 'feats': 'Gender=Masc|Number=Sing', 'head': 11, 'deprel': 'nmod', 'lemma': 'תכן'}]"
14,לפי,ADP,ADP,15.0,case,"(58, 61)",לפי,,
15,"ת""י",NOUN,NOUN,10.0,obl,"(62, 65)","ת""",Abbr=Yes,
16,413,NUM,NUM,15.0,nummod,"(66, 69)",413,,
17,לאתר,VERB,VERB,15.0,acl,"(70, 74)",איתר,HebBinyan=PIEL|VerbForm=Inf|Voice=Act,
18,אופייני,ADJ,ADJ,17.0,obl,"(75, 82)",אופייני,Gender=Masc|Number=Sing,
"(19, 20)",במדינת,,,,,"(83, 89)",,,"[{'id': 19, 'text': 'ב', 'upos': 'ADP', 'xpos': 'ADP', 'head': 20, 'deprel': 'case', 'lemma': 'ב'}, {'id': 20, 'text': 'מדינת', 'upos': 'NOUN', 'xpos': 'NOUN', 'feats': 'Definite=Cons|Gender=Fem|Number=Sing', 'head': 17, 'deprel': 'obl', 'lemma': 'מדינה'}]"
21,ישראל,PROPN,PROPN,20.0,compound:smixut,"(90, 95)",ישראל,,
"(22, 23)",לסוגי,,,,,"(96, 101)",,,"[{'id': 22, 'text': 'ל', 'upos': 'ADP', 'xpos': 'ADP', 'head': 23, 'deprel': 'case', 'lemma': 'ל'}, {'id': 23, 'text': 'סוגי', 'upos': 'NOUN', 'xpos': 'NOUN', 'feats': 'Definite=Cons|Gender=Masc|Number=Plur', 'head': 17, 'deprel': 'obl', 'lemma': 'סוג'}]"
24,קרקע,NOUN,NOUN,23.0,compound:smixut,"(102, 106)",קרקע,Gender=Fem|Number=Sing,
25,E,PROPN,PROPN,24.0,nmod,"(107, 108)",E,,
26,-,PUNCT,PUNCT,25.0,punct,"(108, 109)",-,,
27,A,PROPN,PROPN,25.0,flat:name,"(109, 110)",A,,
1,2,NUM,NUM,0.0,root,"(1, 2)",2,,
"(1, 2)",התקופות,,,,,"(1, 8)",,,"[{'id': 1, 'text': 'ה', 'upos': 'DET', 'xpos': 'DET', 'feats': 'PronType=Art', 'head': 2, 'deprel': 'det:def', 'lemma': 'ה'}, {'id': 2, 'text': 'תקופות', 'upos': 'NOUN', 'xpos': 'NOUN', 'feats': 'Gender=Fem|Number=Plur', 'head': 13, 'deprel': 'nsubj', 'lemma': 'תקופה'}]"
"(3, 4)",הבסיסיות,,,,,"(9, 17)",,,"[{'id': 3, 'text': 'ה', 'upos': 'DET', 'xpos': 'DET', 'feats': 'PronType=Art', 'head': 4, 'deprel': 'det:def', 'lemma': 'ה'}, {'id': 4, 'text': 'בסיסיות', 'upos': 'ADJ', 'xpos': 'ADJ', 'feats': 'Gender=Fem|Number=Plur', 'head': 2, 'deprel': 'amod', 'lemma': 'בסיסי'}]"
"(5, 6)",המדודות,,,,,"(18, 25)",,,"[{'id': 5, 'text': 'ה', 'upos': 'DET', 'xpos': 'DET', 'feats': 'PronType=Art', 'head': 6, 'deprel': 'det:def', 'lemma': 'ה'}, {'id': 6, 'text': 'מדודות', 'upos': 'ADJ', 'xpos': 'ADJ', 'feats': 'Gender=Fem|Number=Plur', 'head': 2, 'deprel': 'amod', 'lemma': 'מדודה'}]"
"(7, 8)",וגם,,,,,"(26, 29)",,,"[{'id': 7, 'text': 'ו', 'upos': 'CCONJ', 'xpos': 'CCONJ', 'head': 9, 'deprel': 'cc', 'lemma': 'ו'}, {'id': 8, 'text': 'גם', 'upos': 'ADV', 'xpos': 'ADV', 'head': 9, 'deprel': 'det', 'lemma': 'גם'}]"
9,תאוצות,ADJ,ADJ,2.0,conj,"(30, 36)",תאוץ,Gender=Fem|Number=Plur,
"(10, 11)",לתכן,,,,,"(37, 41)",,,"[{'id': 10, 'text': 'ל', 'upos': 'ADP', 'xpos': 'ADP', 'head': 11, 'deprel': 'case', 'lemma': 'ל'}, {'id': 11, 'text': 'תכן', 'upos': 'NOUN', 'xpos': 'NOUN', 'feats': 'Gender=Masc|Number=Sing', 'head': 9, 'deprel': 'nmod', 'lemma': 'תכן'}]"
12,רלוונטיות,ADJ,ADJ,9.0,dep,"(42, 51)",רלוונטי,Gender=Fem|HebSource=ConvUncertainHead|Number=Plur,
13,הושוו,VERB,VERB,0.0,root,"(52, 57)",הושה,"Gender=Fem,Masc|HebBinyan=HUFAL|Number=Plur|Person=3|Tense=Past|Voice=Pass",
"(14, 15)",לאותם,,,,,"(58, 63)",,,"[{'id': 14, 'text': 'ל', 'upos': 'ADP', 'xpos': 'ADP', 'head': 17, 'deprel': 'case', 'lemma': 'ל'}, {'id': 15, 'text': 'אותם', 'upos': 'PRON', 'xpos': 'PRON', 'feats': 'Definite=Def|Gender=Masc|Number=Plur|Person=3|PronType=Prs', 'head': 17, 'deprel': 'det', 'lemma': 'אותו'}]"
"(16, 17)",המבנים,,,,,"(64, 70)",,,"[{'id': 16, 'text': 'ה', 'upos': 'DET', 'xpos': 'DET', 'feats': 'PronType=Art', 'head': 17, 'deprel': 'det:def', 'lemma': 'ה'}, {'id': 17, 'text': 'מבנים', 'upos': 'NOUN', 'xpos': 'NOUN', 'feats': 'Gender=Masc|Number=Plur', 'head': 13, 'deprel': 'obl', 'lemma': 'מבנה'}]"
18,לפי,ADP,ADP,19.0,case,"(71, 74)",לפי,,
19,"ת""י",NOUN,NOUN,13.0,obl,"(75, 78)","ת""",Abbr=Yes,
20,413,NUM,NUM,19.0,compound:smixut,"(79, 82)",413,,
21,ו,CCONJ,CCONJ,24.0,cc,"(83, 84)",ו,,
22,-,PUNCT,PUNCT,20.0,punct,"(84, 85)",-,,
23,(,PUNCT,PUNCT,24.0,punct,"(86, 87)",(,,
24,Eurocode,PROPN,PROPN,19.0,appos,"(87, 95)",Eurocode,,
25,8,NUM,NUM,24.0,nummod,"(96, 97)",8,,
26,(,PUNCT,PUNCT,27.0,punct,"(98, 99)",(,,
27,EC8,PROPN,PROPN,24.0,appos,"(99, 102)",EC8,,
28,",",PUNCT,PUNCT,24.0,punct,"(102, 103)",",",,
"(29, 30)",המבוססות,,,,,"(104, 112)",,,"[{'id': 29, 'text': 'ה', 'upos': 'SCONJ', 'xpos': 'SCONJ', 'head': 30, 'deprel': 'mark', 'lemma': 'ה'}, {'id': 30, 'text': 'מבוססות', 'upos': 'VERB', 'xpos': 'VERB', 'feats': 'Gender=Fem|Number=Plur|Person=1,2,3|VerbForm=Part', 'head': 24, 'deprel': 'acl:relcl', 'lemma': 'מבוססות'}]"
31,על,ADP,ADP,32.0,case,"(113, 115)",על,,
32,1997,NUM,NUM,30.0,obl,"(116, 120)",1997,,
33,UBC,X,X,32.0,dep,"(121, 124)",UBC,Xtra=Junk,
34,97,NUM,NUM,32.0,nummod,"(125, 127)",97,,
35,),PUNCT,PUNCT,32.0,punct,"(127, 128)",),,
36,Uniform,NOUN,NOUN,32.0,dep,"(129, 136)",Uniform,Gender=Masc|HebSource=ConvUncertainLabel|Number=Sing,
37,Building,NOUN,NOUN,36.0,flat:name,"(137, 145)",Building,Gender=Masc|HebSource=ConvUncertainLabel|Number=Sing,
38,Code,NOUN,NOUN,32.0,dep,"(146, 150)",Code,Gender=Masc|Number=Sing,
39,),PUNCT,PUNCT,24.0,punct,"(150, 151)",),,
"(40, 41)",לאותו,,,,,"(152, 157)",,,"[{'id': 40, 'text': 'ל', 'upos': 'ADP', 'xpos': 'ADP', 'head': 42, 'deprel': 'case', 'lemma': 'ל'}, {'id': 41, 'text': 'אותו', 'upos': 'PRON', 'xpos': 'PRON', 'feats': 'Definite=Def|Gender=Masc|Number=Sing|Person=3|PronType=Prs', 'head': 42, 'deprel': 'det', 'lemma': 'אותו'}]"
42,אתר,NOUN,NOUN,13.0,obl,"(158, 161)",אתר,Gender=Masc|Number=Sing,
"(43, 44)",ולאותם,,,,,"(162, 168)",,,"[{'id': 43, 'text': 'ו', 'upos': 'CCONJ', 'xpos': 'CCONJ', 'head': 45, 'deprel': 'cc', 'lemma': 'ו'}, {'id': 44, 'text': 'לאותם', 'upos': 'ADV', 'xpos': 'ADV', 'head': 45, 'deprel': 'det', 'lemma': 'לאותם'}]"
45,סוגי,NOUN,NOUN,42.0,conj,"(169, 173)",סוג,Definite=Cons|Gender=Masc|Number=Plur,
"(46, 47)",הקרקע,,,,,"(174, 179)",,,"[{'id': 46, 'text': 'ה', 'upos': 'DET', 'xpos': 'DET', 'feats': 'PronType=Art', 'head': 47, 'deprel': 'det:def', 'lemma': 'ה'}, {'id': 47, 'text': 'קרקע', 'upos': 'NOUN', 'xpos': 'NOUN', 'feats': 'Gender=Fem|Number=Sing', 'head': 45, 'deprel': 'compound:smixut', 'lemma': 'קרקע'}]"
"(1, 2)",מתוצאות,,,,,"(1, 8)",,,"[{'id': 1, 'text': 'מ', 'upos': 'ADP', 'xpos': 'ADP', 'head': 2, 'deprel': 'case', 'lemma': 'מ'}, {'id': 2, 'text': 'תוצאות', 'upos': 'NOUN', 'xpos': 'NOUN', 'feats': 'Definite=Cons|Gender=Fem|Number=Plur', 'head': 5, 'deprel': 'obl', 'lemma': 'תוצאה'}]"
"(3, 4)",ההשוואה,,,,,"(9, 16)",,,"[{'id': 3, 'text': 'ה', 'upos': 'DET', 'xpos': 'DET', 'feats': 'PronType=Art', 'head': 4, 'deprel': 'det:def', 'lemma': 'ה'}, {'id': 4, 'text': 'השוואה', 'upos': 'NOUN', 'xpos': 'NOUN', 'feats': 'Gender=Fem|Number=Sing', 'head': 2, 'deprel': 'compound:smixut', 'lemma': 'השוואה'}]"
5,נובע,VERB,VERB,0.0,root,"(17, 21)",נבע,"Gender=Masc|HebBinyan=PAAL|Number=Sing|Person=1,2,3|VerbForm=Part|Voice=Act",
6,כי,SCONJ,SCONJ,30.0,mark,"(22, 24)",כי,,
7,:,PUNCT,PUNCT,30.0,punct,"(24, 25)",:,,
8,∗,PUNCT,PUNCT,30.0,punct,"(26, 27)",∗,,
9,עבור,ADP,ADP,10.0,case,"(28, 32)",עבור,,
10,מבני,NOUN,NOUN,30.0,obl,"(33, 37)",מבנה,Definite=Cons|Gender=Masc|Number=Plur,
11,מסגרת,NOUN,NOUN,10.0,compound:smixut,"(38, 43)",מסגרת,Gender=Fem|Number=Sing,
12,בטון,NOUN,NOUN,11.0,compound:smixut,"(44, 48)",בטון,,
13,מזוין,ADJ,ADJ,11.0,amod,"(49, 54)",מזוין,Gender=Masc|Number=Sing,
14,שיטות,NOUN,NOUN,30.0,nsubj,"(55, 60)",שיטה,Definite=Cons|Gender=Fem|Number=Plur,
"(15, 16)",החישוב,,,,,"(61, 67)",,,"[{'id': 15, 'text': 'ה', 'upos': 'DET', 'xpos': 'DET', 'feats': 'PronType=Art', 'head': 16, 'deprel': 'det:def', 'lemma': 'ה'}, {'id': 16, 'text': 'חישוב', 'upos': 'NOUN', 'xpos': 'NOUN', 'feats': 'Gender=Masc|Number=Sing', 'head': 14, 'deprel': 'compound:smixut', 'lemma': 'חישוב'}]"
17,של,ADP,ADP,19.0,case:gen,"(68, 70)",של,Case=Gen,
"(18, 19)",התקופה,,,,,"(71, 77)",,,"[{'id': 18, 'text': 'ה', 'upos': 'DET', 'xpos': 'DET', 'feats': 'PronType=Art', 'head': 19, 'deprel': 'det:def', 'lemma': 'ה'}, {'id': 19, 'text': 'תקופה', 'upos': 'NOUN', 'xpos': 'NOUN', 'feats': 'Gender=Fem|Number=Sing', 'head': 14, 'deprel': 'nmod:poss', 'lemma': 'תקופה'}]"
"(20, 21)",הבסיסית,,,,,"(78, 85)",,,"[{'id': 20, 'text': 'ה', 'upos': 'DET', 'xpos': 'DET', 'feats': 'PronType=Art', 'head': 21, 'deprel': 'det:def', 'lemma': 'ה'}, {'id': 21, 'text': 'בסיסית', 'upos': 'ADJ', 'xpos': 'ADJ', 'feats': 'Gender=Fem|Number=Sing', 'head': 19, 'deprel': 'amod', 'lemma': 'בסיסי'}]"
"(22, 23)","בת""י",,,,,"(86, 90)",,,"[{'id': 22, 'text': 'ב', 'upos': 'ADP', 'xpos': 'ADP', 'head': 23, 'deprel': 'case', 'lemma': 'ב'}, {'id': 23, 'text': 'ת""י', 'upos': 'NOUN', 'xpos': 'NOUN', 'feats': 'Abbr=Yes', 'head': 19, 'deprel': 'nmod', 'lemma': 'ת""'}]"
24,413,NUM,NUM,23.0,nummod,"(91, 94)",413,,
"(25, 26)",וב,,,,,"(95, 97)",,,"[{'id': 25, 'text': 'ו', 'upos': 'CCONJ', 'xpos': 'CCONJ', 'head': 28, 'deprel': 'cc', 'lemma': 'ו'}, {'id': 26, 'text': 'ב', 'upos': 'ADP', 'xpos': 'ADP', 'head': 28, 'deprel': 'case', 'lemma': 'ב'}]"
27,-,PUNCT,PUNCT,28.0,punct,"(97, 98)",-,,
28,EC8,PROPN,PROPN,23.0,conj,"(98, 101)",EC8,,
29,הן,PRON,PRON,30.0,cop,"(102, 104)",הוא,Gender=Fem|Number=Plur|Person=3|PronType=Prs,
30,זהות,ADJ,ADJ,5.0,ccomp,"(105, 109)",זהה,Gender=Fem|Number=Plur,
"(31, 32)",ונותנות,,,,,"(110, 117)",,,"[{'id': 31, 'text': 'ו', 'upos': 'CCONJ', 'xpos': 'CCONJ', 'head': 32, 'deprel': 'cc', 'lemma': 'ו'}, {'id': 32, 'text': 'נותנות', 'upos': 'VERB', 'xpos': 'VERB', 'feats': 'Gender=Fem|HebBinyan=PAAL|Number=Plur|Person=1,2,3|VerbForm=Part|Voice=Act', 'head': 30, 'deprel': 'conj', 'lemma': 'נתן'}]"
33,הערכות,NOUN,NOUN,32.0,obj,"(118, 124)",הערכה,Gender=Fem|Number=Plur,
34,גבוהות,ADJ,ADJ,33.0,amod,"(125, 131)",גבוה,Gender=Fem|Number=Plur,
35,מדי,ADV,ADV,34.0,advmod,"(132, 135)",מדי,,
36,של,ADP,ADP,38.0,case:gen,"(136, 138)",של,Case=Gen,
"(37, 38)",התקופה,,,,,"(139, 145)",,,"[{'id': 37, 'text': 'ה', 'upos': 'DET', 'xpos': 'DET', 'feats': 'PronType=Art', 'head': 38, 'deprel': 'det:def', 'lemma': 'ה'}, {'id': 38, 'text': 'תקופה', 'upos': 'NOUN', 'xpos': 'NOUN', 'feats': 'Gender=Fem|Number=Sing', 'head': 33, 'deprel': 'nmod', 'lemma': 'תקופה'}]"
"(39, 40)",הבסיסית,,,,,"(146, 153)",,,"[{'id': 39, 'text': 'ה', 'upos': 'DET', 'xpos': 'DET', 'feats': 'PronType=Art', 'head': 40, 'deprel': 'det:def', 'lemma': 'ה'}, {'id': 40, 'text': 'בסיסית', 'upos': 'ADJ', 'xpos': 'ADJ', 'feats': 'Gender=Fem|Number=Sing', 'head': 38, 'deprel': 'amod', 'lemma': 'בסיסי'}]"
41,",",PUNCT,PUNCT,30.0,punct,"(153, 154)",",",,
"(42, 43)",ולכן,,,,,"(155, 159)",,,"[{'id': 42, 'text': 'ו', 'upos': 'CCONJ', 'xpos': 'CCONJ', 'head': 43, 'deprel': 'cc', 'lemma': 'ו'}, {'id': 43, 'text': 'לכן', 'upos': 'ADV', 'xpos': 'ADV', 'head': 44, 'deprel': 'advmod', 'lemma': 'לכן'}]"
44,הערכות,NOUN,NOUN,32.0,nsubj,"(160, 166)",הערכה,Gender=Fem|Number=Plur,
45,נמוכות,ADJ,ADJ,44.0,amod,"(167, 173)",נמוך,Gender=Fem|Number=Plur,
46,מדי,ADV,ADV,45.0,advmod,"(174, 177)",מדי,,
47,של,ADP,ADP,48.0,case:gen,"(178, 180)",של,Case=Gen,
48,עומסים,NOUN,NOUN,44.0,nmod,"(181, 187)",עומס,Gender=Masc|Number=Plur,
49,סיסמיים,ADJ,ADJ,48.0,amod,"(188, 195)",סיסמי,Gender=Masc|Number=Plur,
"(50, 51)",לתכן,,,,,"(196, 200)",,,"[{'id': 50, 'text': 'ל', 'upos': 'ADP', 'xpos': 'ADP', 'head': 51, 'deprel': 'case', 'lemma': 'ל'}, {'id': 51, 'text': 'תכן', 'upos': 'NOUN', 'xpos': 'NOUN', 'head': 48, 'deprel': 'nmod', 'lemma': 'תכן'}]"
1,∗,PUNCT,PUNCT,23.0,punct,"(1, 2)",∗,,
2,עבור,ADP,ADP,3.0,case,"(3, 7)",עבור,,
3,מבנים,NOUN,NOUN,23.0,obl,"(8, 13)",מבנה,Gender=Masc|Number=Plur,
4,עם,ADP,ADP,5.0,case,"(14, 16)",עם,,
5,קירות,NOUN,NOUN,3.0,nmod,"(17, 22)",קיר,Definite=Cons|Gender=Masc|Number=Plur,
"(6, 7)",הקשחה,,,,,"(23, 28)",,,"[{'id': 6, 'text': 'ה', 'upos': 'DET', 'xpos': 'DET', 'feats': 'PronType=Art', 'head': 7, 'deprel': 'det:def', 'lemma': 'ה'}, {'id': 7, 'text': 'קשחה', 'upos': 'NOUN', 'xpos': 'NOUN', 'feats': 'Gender=Fem|Number=Sing', 'head': 5, 'deprel': 'compound:smixut', 'lemma': 'קשחה'}]"
8,שיטות,NOUN,NOUN,23.0,nsubj,"(29, 34)",שיטה,Definite=Cons|Gender=Fem|Number=Plur,
9,חישוב,NOUN,NOUN,8.0,compound:smixut,"(35, 40)",חישוב,Gender=Masc|Number=Sing,
10,של,ADP,ADP,12.0,case:gen,"(41, 43)",של,Case=Gen,
"(11, 12)",התקופה,,,,,"(44, 50)",,,"[{'id': 11, 'text': 'ה', 'upos': 'DET', 'xpos': 'DET', 'feats': 'PronType=Art', 'head': 12, 'deprel': 'det:def', 'lemma': 'ה'}, {'id': 12, 'text': 'תקופה', 'upos': 'NOUN', 'xpos': 'NOUN', 'feats': 'Gender=Fem|Number=Sing', 'head': 8, 'deprel': 'nmod:poss', 'lemma': 'תקופה'}]"
"(13, 14)",הבסיסית,,,,,"(51, 58)",,,"[{'id': 13, 'text': 'ה', 'upos': 'DET', 'xpos': 'DET', 'feats': 'PronType=Art', 'head': 14, 'deprel': 'det:def', 'lemma': 'ה'}, {'id': 14, 'text': 'בסיסית', 'upos': 'ADJ', 'xpos': 'ADJ', 'feats': 'Gender=Fem|Number=Sing', 'head': 12, 'deprel': 'amod', 'lemma': 'בסיסי'}]"
"(15, 16)","בת""י",,,,,"(59, 63)",,,"[{'id': 15, 'text': 'ב', 'upos': 'ADP', 'xpos': 'ADP', 'head': 16, 'deprel': 'case', 'lemma': 'ב'}, {'id': 16, 'text': 'ת""י', 'upos': 'PROPN', 'xpos': 'PROPN', 'feats': 'Abbr=Yes', 'head': 12, 'deprel': 'nmod', 'lemma': 'ת""י'}]"
17,413,NUM,NUM,16.0,flat:name,"(64, 67)",413,,
"(18, 19)",וב,,,,,"(68, 70)",,,"[{'id': 18, 'text': 'ו', 'upos': 'CCONJ', 'xpos': 'CCONJ', 'head': 21, 'deprel': 'cc', 'lemma': 'ו'}, {'id': 19, 'text': 'ב', 'upos': 'ADP', 'xpos': 'ADP', 'head': 21, 'deprel': 'case', 'lemma': 'ב'}]"
20,-,PUNCT,PUNCT,21.0,punct,"(70, 71)",-,,
21,EC8,PROPN,PROPN,16.0,conj,"(71, 74)",EC8,,
22,הן,AUX,AUX,23.0,cop,"(75, 77)",הוא,Gender=Fem|Number=Plur|Person=3|Polarity=Pos|VerbForm=Part|VerbType=Cop,
23,שונות,ADJ,ADJ,0.0,root,"(78, 83)",שונה,Gender=Fem|Number=Plur,
24,",",PUNCT,PUNCT,23.0,punct,"(83, 84)",",",,
25,כאשר,SCONJ,SCONJ,30.0,mark,"(85, 89)",כאשר,,
26,:,PUNCT,PUNCT,30.0,punct,"(89, 90)",:,,
27,-,PUNCT,PUNCT,30.0,punct,"(91, 92)",-,,
28,"ת""י",PROPN,PROPN,30.0,nsubj,"(93, 96)","ת""י",Abbr=Yes,
29,413,NUM,NUM,28.0,nummod,"(97, 100)",413,,
30,זהה,ADJ,ADJ,23.0,advcl,"(101, 104)",זהה,Gender=Masc|Number=Sing,
31,ל,ADP,ADP,33.0,case,"(105, 106)",ל,,
32,-,PUNCT,PUNCT,33.0,punct,"(106, 107)",-,,
33,EC8,PROPN,PROPN,30.0,advmod,"(107, 110)",EC8,,
"(34, 35)",למבנים,,,,,"(111, 117)",,,"[{'id': 34, 'text': 'ל', 'upos': 'ADP', 'xpos': 'ADP', 'head': 35, 'deprel': 'case', 'lemma': 'ל'}, {'id': 35, 'text': 'מבנים', 'upos': 'NOUN', 'xpos': 'NOUN', 'feats': 'Gender=Masc|Number=Plur', 'head': 30, 'deprel': 'advmod', 'lemma': 'מבנה'}]"
36,עם,ADP,ADP,35.0,case,"(118, 120)",עם,,
37,שטח,NOUN,NOUN,35.0,nmod,"(121, 124)",שטח,Gender=Masc|Number=Sing,
38,אפקטיבי,ADJ,ADJ,37.0,amod,"(125, 132)",אפקטיבי,Gender=Masc|Number=Sing,
39,של,ADP,ADP,40.0,case:gen,"(133, 135)",של,Case=Gen,
40,קירות,NOUN,NOUN,37.0,nmod,"(136, 141)",קיר,Definite=Cons|Gender=Masc|Number=Plur,
"(41, 42)",הקשחה,,,,,"(142, 147)",,,"[{'id': 41, 'text': 'ה', 'upos': 'DET', 'xpos': 'DET', 'feats': 'PronType=Art', 'head': 42, 'deprel': 'det:def', 'lemma': 'ה'}, {'id': 42, 'text': 'קשחה', 'upos': 'NOUN', 'xpos': 'NOUN', 'feats': 'Gender=Fem|Number=Sing', 'head': 40, 'deprel': 'compound:smixut', 'lemma': 'קשחה'}]"
43,קטן,ADJ,ADJ,37.0,amod,"(148, 151)",קטן,Gender=Masc|Number=Sing,
44,יחסית,ADV,ADV,43.0,advmod,"(152, 157)",יחסית,,
45,",",PUNCT,PUNCT,30.0,punct,"(157, 158)",",",,
46,-,PUNCT,PUNCT,30.0,punct,"(159, 160)",-,,
47,"ת""י",PROPN,PROPN,30.0,nsubj,"(161, 164)","ת""י",Abbr=Yes,
48,413,NUM,NUM,47.0,nummod,"(165, 168)",413,,
49,נותן,VERB,VERB,30.0,conj,"(169, 173)",נתן,"Gender=Masc|HebBinyan=PAAL|Number=Sing|Person=1,2,3|VerbForm=Part|Voice=Act",
50,תוצאות,NOUN,NOUN,49.0,obj,"(174, 180)",תוצאה,Gender=Fem|Number=Plur,
51,פחות,ADV,ADV,52.0,advmod,"(181, 185)",פחות,,
52,מדויקות,ADJ,ADJ,50.0,amod,"(186, 193)",מדויק,Gender=Fem|Number=Plur,
"(53, 54)",כששטח,,,,,"(194, 199)",,,"[{'id': 53, 'text': 'כש', 'upos': 'SCONJ', 'xpos': 'SCONJ', 'feats': 'Case=Tem', 'head': 57, 'deprel': 'mark', 'lemma': 'כש'}, {'id': 54, 'text': 'שטח', 'upos': 'NOUN', 'xpos': 'NOUN', 'feats': 'Gender=Masc|Number=Sing', 'head': 57, 'deprel': 'nsubj', 'lemma': 'שטח'}]"
"(55, 56)",האפקטיבי,,,,,"(200, 208)",,,"[{'id': 55, 'text': 'ה', 'upos': 'DET', 'xpos': 'DET', 'feats': 'PronType=Art', 'head': 56, 'deprel': 'det:def', 'lemma': 'ה'}, {'id': 56, 'text': 'אפקטיבי', 'upos': 'ADJ', 'xpos': 'ADJ', 'feats': 'Gender=Masc|Number=Sing', 'head': 54, 'deprel': 'amod', 'lemma': 'אפקטיבי'}]"
57,גדול,ADJ,ADJ,64.0,advcl,"(209, 213)",גדול,Gender=Masc|Number=Sing,
58,יחסית,ADV,ADV,57.0,advmod,"(214, 219)",יחסית,,
59,",",PUNCT,PUNCT,30.0,punct,"(219, 220)",",",,
60,-,PUNCT,PUNCT,30.0,punct,"(221, 222)",-,,
61,שתי,NUM,NUM,63.0,nummod,"(223, 226)",שתי,Definite=Cons|Gender=Fem|Number=Plur,
"(62, 63)",השיטות,,,,,"(227, 233)",,,"[{'id': 62, 'text': 'ה', 'upos': 'DET', 'xpos': 'DET', 'feats': 'PronType=Art', 'head': 63, 'deprel': 'det:def', 'lemma': 'ה'}, {'id': 63, 'text': 'שיטות', 'upos': 'NOUN', 'xpos': 'NOUN', 'feats': 'Gender=Fem|Number=Plur', 'head': 64, 'deprel': 'nsubj', 'lemma': 'שיטה'}]"
64,גורמות,VERB,VERB,23.0,conj,"(234, 240)",גרם,"Gender=Fem|HebBinyan=PAAL|Number=Plur|Person=1,2,3|VerbForm=Part|Voice=Act",
"(65, 66)",להערכות,,,,,"(241, 248)",,,"[{'id': 65, 'text': 'ל', 'upos': 'ADP', 'xpos': 'ADP', 'head': 66, 'deprel': 'case', 'lemma': 'ל'}, {'id': 66, 'text': 'הערכות', 'upos': 'NOUN', 'xpos': 'NOUN', 'feats': 'Gender=Fem|Number=Plur', 'head': 64, 'deprel': 'obl', 'lemma': 'הערכה'}]"
67,גבוהות,ADJ,ADJ,66.0,amod,"(249, 255)",גבוה,Gender=Fem|Number=Plur,
68,מדי,ADV,ADV,67.0,advmod,"(256, 259)",מדי,,
69,של,ADP,ADP,71.0,case:gen,"(260, 262)",של,Case=Gen,
"(70, 71)",התקופה,,,,,"(263, 269)",,,"[{'id': 70, 'text': 'ה', 'upos': 'DET', 'xpos': 'DET', 'feats': 'PronType=Art', 'head': 71, 'deprel': 'det:def', 'lemma': 'ה'}, {'id': 71, 'text': 'תקופה', 'upos': 'NOUN', 'xpos': 'NOUN', 'feats': 'Gender=Fem|Number=Sing', 'head': 66, 'deprel': 'nmod', 'lemma': 'תקופה'}]"
"(72, 73)",הבסיסית,,,,,"(270, 277)",,,"[{'id': 72, 'text': 'ה', 'upos': 'DET', 'xpos': 'DET', 'feats': 'PronType=Art', 'head': 73, 'deprel': 'det:def', 'lemma': 'ה'}, {'id': 73, 'text': 'בסיסית', 'upos': 'ADJ', 'xpos': 'ADJ', 'feats': 'Gender=Fem|Number=Sing', 'head': 71, 'deprel': 'amod', 'lemma': 'בסיסי'}]"
"(74, 76)",והערכות,,,,,"(278, 285)",,,"[{'id': 74, 'text': 'ו', 'upos': 'CCONJ', 'xpos': 'CCONJ', 'head': 76, 'deprel': 'cc', 'lemma': 'ו'}, {'id': 75, 'text': 'ה', 'upos': 'DET', 'xpos': 'DET', 'feats': 'PronType=Art', 'head': 76, 'deprel': 'det:def', 'lemma': 'ה'}, {'id': 76, 'text': 'ערכות', 'upos': 'NOUN', 'xpos': 'NOUN', 'feats': 'Gender=Fem|Number=Plur', 'head': 64, 'deprel': 'nsubj', 'lemma': 'ערכות'}]"
77,נמוכות,ADJ,ADJ,76.0,amod,"(286, 292)",נמוך,Gender=Fem|Number=Plur,
78,מדי,ADV,ADV,77.0,advmod,"(293, 296)",מדי,,
79,של,ADP,ADP,80.0,case:gen,"(297, 299)",של,Case=Gen,
80,עומסים,NOUN,NOUN,76.0,nmod,"(300, 306)",עומס,Gender=Masc|Number=Plur,
81,סיסמיים,ADJ,ADJ,80.0,amod,"(307, 314)",סיסמי,Gender=Masc|Number=Plur,
"(82, 83)",לתכן,,,,,"(315, 319)",,,"[{'id': 82, 'text': 'ל', 'upos': 'ADP', 'xpos': 'ADP', 'head': 83, 'deprel': 'case', 'lemma': 'ל'}, {'id': 83, 'text': 'תכן', 'upos': 'NOUN', 'xpos': 'NOUN', 'head': 80, 'deprel': 'nmod', 'lemma': 'תכן'}]"
1,3,NUM,NUM,0.0,root,"(1, 2)",3,,
1,תוצאות,NOUN,NOUN,5.0,nsubj,"(1, 7)",תוצאה,Definite=Cons|Gender=Fem|Number=Plur,
"(2, 3)",המדידות,,,,,"(8, 15)",,,"[{'id': 2, 'text': 'ה', 'upos': 'DET', 'xpos': 'DET', 'feats': 'PronType=Art', 'head': 3, 'deprel': 'det:def', 'lemma': 'ה'}, {'id': 3, 'text': 'מדידות', 'upos': 'NOUN', 'xpos': 'NOUN', 'feats': 'Gender=Fem|Number=Plur', 'head': 1, 'deprel': 'compound:smixut', 'lemma': 'מדידה'}]"
4,לעיל,ADV,ADV,1.0,advmod,"(16, 20)",לעיל,,
5,תואמות,VERB,VERB,0.0,root,"(21, 27)",תאם,"Gender=Fem|HebBinyan=PAAL|Number=Plur|Person=1,2,3|VerbForm=Part|Voice=Act",
6,תוצאות,NOUN,NOUN,5.0,obj,"(28, 34)",תוצאה,Definite=Cons|Gender=Fem|Number=Plur,
7,מדידות,NOUN,NOUN,6.0,compound:smixut,"(35, 41)",מדידה,Gender=Fem|Number=Plur,
8,של,ADP,ADP,10.0,case:gen,"(42, 44)",של,Case=Gen,
"(9, 10)",התקופה,,,,,"(45, 51)",,,"[{'id': 9, 'text': 'ה', 'upos': 'DET', 'xpos': 'DET', 'feats': 'PronType=Art', 'head': 10, 'deprel': 'det:def', 'lemma': 'ה'}, {'id': 10, 'text': 'תקופה', 'upos': 'NOUN', 'xpos': 'NOUN', 'feats': 'Gender=Fem|Number=Sing', 'head': 7, 'deprel': 'nmod:poss', 'lemma': 'תקופה'}]"
"(11, 12)",הבסיסית,,,,,"(52, 59)",,,"[{'id': 11, 'text': 'ה', 'upos': 'DET', 'xpos': 'DET', 'feats': 'PronType=Art', 'head': 12, 'deprel': 'det:def', 'lemma': 'ה'}, {'id': 12, 'text': 'בסיסית', 'upos': 'ADJ', 'xpos': 'ADJ', 'feats': 'Gender=Fem|Number=Sing', 'head': 10, 'deprel': 'amod', 'lemma': 'בסיסי'}]"
13,",",PUNCT,PUNCT,7.0,punct,"(59, 60)",",",,
"(14, 15)",שנערכו,,,,,"(61, 67)",,,"[{'id': 14, 'text': 'ש', 'upos': 'SCONJ', 'xpos': 'SCONJ', 'head': 15, 'deprel': 'mark', 'lemma': 'ש'}, {'id': 15, 'text': 'נערכו', 'upos': 'VERB', 'xpos': 'VERB', 'feats': 'Gender=Fem,Masc|HebBinyan=NIFAL|Number=Plur|Person=3|Tense=Past|Voice=Mid', 'head': 7, 'deprel': 'acl:relcl', 'lemma': 'נערך'}]"
"(16, 17)",במדינות,,,,,"(68, 75)",,,"[{'id': 16, 'text': 'ב', 'upos': 'ADP', 'xpos': 'ADP', 'head': 17, 'deprel': 'case', 'lemma': 'ב'}, {'id': 17, 'text': 'מדינות', 'upos': 'NOUN', 'xpos': 'NOUN', 'feats': 'Gender=Fem|Number=Plur', 'head': 15, 'deprel': 'obl', 'lemma': 'מדינה'}]"
18,רבות,ADJ,ADJ,17.0,amod,"(76, 80)",רב,Gender=Fem|Number=Plur,
"(19, 21)",בעולם,,,,,"(81, 86)",,,"[{'id': 19, 'text': 'ב', 'upos': 'ADP', 'xpos': 'ADP', 'head': 21, 'deprel': 'case', 'lemma': 'ב'}, {'id': 20, 'text': 'ה_', 'upos': 'DET', 'xpos': 'DET', 'feats': 'PronType=Art', 'head': 21, 'deprel': 'det:def', 'lemma': 'ה'}, {'id': 21, 'text': 'עולם', 'upos': 'NOUN', 'xpos': 'NOUN', 'feats': 'Gender=Masc|Number=Sing', 'head': 17, 'deprel': 'nmod', 'lemma': 'עולם'}]"
22,:,PUNCT,PUNCT,5.0,punct,"(86, 87)",:,,
23,∗,PUNCT,PUNCT,31.0,punct,"(88, 89)",∗,,
24,שיטות,NOUN,NOUN,31.0,nsubj,"(90, 95)",שיטה,Definite=Cons|Gender=Fem|Number=Plur,
25,חישוב,NOUN,NOUN,24.0,compound:smixut,"(96, 101)",חישוב,Gender=Masc|Number=Sing,
26,של,ADP,ADP,28.0,case:gen,"(102, 104)",של,Case=Gen,
"(27, 28)",התקופה,,,,,"(105, 111)",,,"[{'id': 27, 'text': 'ה', 'upos': 'DET', 'xpos': 'DET', 'feats': 'PronType=Art', 'head': 28, 'deprel': 'det:def', 'lemma': 'ה'}, {'id': 28, 'text': 'תקופה', 'upos': 'NOUN', 'xpos': 'NOUN', 'feats': 'Gender=Fem|Number=Sing', 'head': 24, 'deprel': 'nmod:poss', 'lemma': 'תקופה'}]"
"(29, 30)",הבסיסית,,,,,"(112, 119)",,,"[{'id': 29, 'text': 'ה', 'upos': 'DET', 'xpos': 'DET', 'feats': 'PronType=Art', 'head': 30, 'deprel': 'det:def', 'lemma': 'ה'}, {'id': 30, 'text': 'בסיסית', 'upos': 'ADJ', 'xpos': 'ADJ', 'feats': 'Gender=Fem|Number=Sing', 'head': 28, 'deprel': 'amod', 'lemma': 'בסיסי'}]"
31,מספקות,VERB,VERB,5.0,parataxis,"(120, 126)",סיפק,"Gender=Fem|HebBinyan=PIEL|Number=Plur|Person=1,2,3|VerbForm=Part|Voice=Act",
32,תוצאות,NOUN,NOUN,31.0,obj,"(127, 133)",תוצאה,Gender=Fem|Number=Plur,
33,נכונות,ADJ,ADJ,32.0,amod,"(134, 140)",נכון,Gender=Fem|Number=Plur,
34,רק,ADV,ADV,35.0,advmod,"(141, 143)",רק,,
"(35, 36)",במדינות,,,,,"(144, 151)",,,"[{'id': 35, 'text': 'ב', 'upos': 'ADP', 'xpos': 'ADP', 'head': 36, 'deprel': 'case', 'lemma': 'ב'}, {'id': 36, 'text': 'מדינות', 'upos': 'NOUN', 'xpos': 'NOUN', 'feats': 'Gender=Fem|Number=Plur', 'head': 31, 'deprel': 'obl', 'lemma': 'מדינה'}]"
37,",",PUNCT,PUNCT,36.0,punct,"(151, 152)",",",,
"(38, 39)",בהן,,,,,"(153, 156)",,,"[{'id': 38, 'text': 'ב_', 'upos': 'ADP', 'xpos': 'ADP', 'head': 39, 'deprel': 'case', 'lemma': 'ב'}, {'id': 39, 'text': '_הן', 'upos': 'PRON', 'xpos': 'PRON', 'feats': 'Gender=Fem|Number=Plur|Person=3|PronType=Prs', 'head': 42, 'deprel': 'obl', 'lemma': 'הוא'}]"
"(40, 41)",השיטות,,,,,"(157, 163)",,,"[{'id': 40, 'text': 'ה', 'upos': 'DET', 'xpos': 'DET', 'feats': 'PronType=Art', 'head': 41, 'deprel': 'det:def', 'lemma': 'ה'}, {'id': 41, 'text': 'שיטות', 'upos': 'NOUN', 'xpos': 'NOUN', 'feats': 'Gender=Fem|Number=Plur', 'head': 42, 'deprel': 'nsubj', 'lemma': 'שיטה'}]"
42,מבוססות,VERB,VERB,36.0,acl:relcl,"(164, 171)",מבוססות,"Gender=Fem|Number=Plur|Person=1,2,3|VerbForm=Part",
43,על,ADP,ADP,44.0,case,"(172, 174)",על,,
44,מדידות,NOUN,NOUN,42.0,obl,"(175, 181)",מדידה,Definite=Cons|Gender=Fem|Number=Plur,
"(45, 46)",התקופה,,,,,"(182, 188)",,,"[{'id': 45, 'text': 'ה', 'upos': 'DET', 'xpos': 'DET', 'feats': 'PronType=Art', 'head': 46, 'deprel': 'det:def', 'lemma': 'ה'}, {'id': 46, 'text': 'תקופה', 'upos': 'NOUN', 'xpos': 'NOUN', 'feats': 'Gender=Fem|Number=Sing', 'head': 44, 'deprel': 'compound:smixut', 'lemma': 'תקופה'}]"
"(47, 48)",הבסיסית,,,,,"(189, 196)",,,"[{'id': 47, 'text': 'ה', 'upos': 'DET', 'xpos': 'DET', 'feats': 'PronType=Art', 'head': 48, 'deprel': 'det:def', 'lemma': 'ה'}, {'id': 48, 'text': 'בסיסית', 'upos': 'ADJ', 'xpos': 'ADJ', 'feats': 'Gender=Fem|Number=Sing', 'head': 46, 'deprel': 'amod', 'lemma': 'בסיסי'}]"
"(49, 51)",בפועל,,,,,"(197, 202)",,,"[{'id': 49, 'text': 'ב', 'upos': 'ADP', 'xpos': 'ADP', 'head': 51, 'deprel': 'case', 'lemma': 'ב'}, {'id': 50, 'text': 'ה_', 'upos': 'DET', 'xpos': 'DET', 'feats': 'PronType=Art', 'head': 51, 'deprel': 'det:def', 'lemma': 'ה'}, {'id': 51, 'text': 'פועל', 'upos': 'NOUN', 'xpos': 'NOUN', 'feats': 'Gender=Masc|Number=Sing', 'head': 46, 'deprel': 'nmod', 'lemma': 'פועל'}]"
"(52, 53)",שנערכו,,,,,"(203, 209)",,,"[{'id': 52, 'text': 'ש', 'upos': 'SCONJ', 'xpos': 'SCONJ', 'head': 53, 'deprel': 'mark', 'lemma': 'ש'}, {'id': 53, 'text': 'נערכו', 'upos': 'VERB', 'xpos': 'VERB', 'feats': 'Gender=Fem,Masc|HebBinyan=NIFAL|Number=Plur|Person=3|Tense=Past|Voice=Mid', 'head': 44, 'deprel': 'acl:relcl', 'lemma': 'נערך'}]"
"(54, 55)",באותן,,,,,"(210, 215)",,,"[{'id': 54, 'text': 'ב', 'upos': 'ADP', 'xpos': 'ADP', 'head': 57, 'deprel': 'case', 'lemma': 'ב'}, {'id': 55, 'text': 'אותן', 'upos': 'PRON', 'xpos': 'PRON', 'feats': 'Definite=Def|Gender=Fem|Number=Plur|Person=3|PronType=Prs', 'head': 57, 'deprel': 'det', 'lemma': 'אותו'}]"
"(56, 57)",המדינות,,,,,"(216, 223)",,,"[{'id': 56, 'text': 'ה', 'upos': 'DET', 'xpos': 'DET', 'feats': 'PronType=Art', 'head': 57, 'deprel': 'det:def', 'lemma': 'ה'}, {'id': 57, 'text': 'מדינות', 'upos': 'NOUN', 'xpos': 'NOUN', 'feats': 'Gender=Fem|Number=Plur', 'head': 53, 'deprel': 'obl', 'lemma': 'מדינה'}]"
58,(,PUNCT,PUNCT,59.0,punct,"(224, 225)",(,,
59,"ארה""ב",PROPN,PROPN,44.0,appos,"(225, 230)","ארה""ב",Abbr=Yes,
60,",",PUNCT,PUNCT,59.0,punct,"(230, 231)",",",,
61,יפן,PROPN,PROPN,59.0,dep,"(232, 235)",יפן,,
62,),PUNCT,PUNCT,59.0,punct,"(235, 236)",),,
1,∗,PUNCT,PUNCT,25.0,punct,"(1, 2)",∗,,
2,שימוש,NOUN,NOUN,25.0,nsubj,"(3, 8)",שימוש,Gender=Masc|Number=Sing,
"(3, 4)",בשיטת,,,,,"(9, 14)",,,"[{'id': 3, 'text': 'ב', 'upos': 'ADP', 'xpos': 'ADP', 'head': 4, 'deprel': 'case', 'lemma': 'ב'}, {'id': 4, 'text': 'שיטת', 'upos': 'NOUN', 'xpos': 'NOUN', 'feats': 'Definite=Cons|Gender=Fem|Number=Sing', 'head': 2, 'deprel': 'nmod', 'lemma': 'שיטה'}]"
5,97,NUM,NUM,4.0,compound:smixut,"(15, 17)",97,,
6,UBC,X,X,5.0,flat:name,"(18, 21)",UBC,,
7,",",PUNCT,PUNCT,4.0,punct,"(21, 22)",",",,
"(8, 9)",ולכן,,,,,"(23, 27)",,,"[{'id': 8, 'text': 'ו', 'upos': 'CCONJ', 'xpos': 'CCONJ', 'head': 9, 'deprel': 'cc', 'lemma': 'ו'}, {'id': 9, 'text': 'לכן', 'upos': 'ADV', 'xpos': 'ADV', 'head': 12, 'deprel': 'case', 'lemma': 'לכן'}]"
10,גם,ADV,ADV,11.0,advmod,"(28, 30)",גם,,
"(11, 12)",בשיטות,,,,,"(31, 37)",,,"[{'id': 11, 'text': 'ב', 'upos': 'ADP', 'xpos': 'ADP', 'head': 12, 'deprel': 'case', 'lemma': 'ב'}, {'id': 12, 'text': 'שיטות', 'upos': 'NOUN', 'xpos': 'NOUN', 'feats': 'Definite=Cons|Gender=Fem|Number=Plur', 'head': 2, 'deprel': 'nmod', 'lemma': 'שיטה'}]"
13,"בת""י",PROPN,PROPN,12.0,compound:smixut,"(38, 42)","בת""י",Abbr=Yes,
14,413,NUM,NUM,13.0,nummod,"(43, 46)",413,,
"(15, 16)",וב,,,,,"(47, 49)",,,"[{'id': 15, 'text': 'ו', 'upos': 'CCONJ', 'xpos': 'CCONJ', 'head': 18, 'deprel': 'cc', 'lemma': 'ו'}, {'id': 16, 'text': 'ב', 'upos': 'ADP', 'xpos': 'ADP', 'head': 18, 'deprel': 'case', 'lemma': 'ב'}]"
17,-,PUNCT,PUNCT,18.0,punct,"(49, 50)",-,,
18,EC8,PROPN,PROPN,13.0,conj,"(50, 53)",EC8,,
19,",",PUNCT,PUNCT,12.0,punct,"(53, 54)",",",,
"(20, 21)",במדינות,,,,,"(55, 62)",,,"[{'id': 20, 'text': 'ב', 'upos': 'ADP', 'xpos': 'ADP', 'head': 21, 'deprel': 'case', 'lemma': 'ב'}, {'id': 21, 'text': 'מדינות', 'upos': 'NOUN', 'xpos': 'NOUN', 'feats': 'Definite=Cons|Gender=Fem|Number=Plur', 'head': 12, 'deprel': 'nmod', 'lemma': 'מדינה'}]"
22,חוץ,NOUN,NOUN,21.0,compound:smixut,"(63, 66)",חוץ,Gender=Masc|Number=Sing,
"(23, 24)","מארה""ב",,,,,"(67, 73)",,,"[{'id': 23, 'text': 'מ', 'upos': 'ADP', 'xpos': 'ADP', 'head': 24, 'deprel': 'case', 'lemma': 'מ'}, {'id': 24, 'text': 'ארה""ב', 'upos': 'PROPN', 'xpos': 'PROPN', 'feats': 'Abbr=Yes', 'head': 21, 'deprel': 'nmod', 'lemma': 'ארה""ב'}]"
25,מביא,VERB,VERB,0.0,root,"(74, 78)",הביא,"Gender=Masc|HebBinyan=HIFIL|Number=Sing|Person=1,2,3|VerbForm=Part|Voice=Act",
"(26, 27)",לאותן,,,,,"(79, 84)",,,"[{'id': 26, 'text': 'ל', 'upos': 'ADP', 'xpos': 'ADP', 'head': 28, 'deprel': 'case', 'lemma': 'ל'}, {'id': 27, 'text': 'אותן', 'upos': 'PRON', 'xpos': 'PRON', 'feats': 'Definite=Def|Gender=Fem|Number=Plur|Person=3|PronType=Prs', 'head': 28, 'deprel': 'det', 'lemma': 'אותו'}]"
28,תוצאות,NOUN,NOUN,25.0,obl,"(85, 91)",תוצאה,Gender=Fem|Number=Plur,
29,כמו,ADP,ADP,31.0,case,"(92, 95)",כמו,,
"(30, 31)",במדינת,,,,,"(96, 102)",,,"[{'id': 30, 'text': 'ב', 'upos': 'ADP', 'xpos': 'ADP', 'head': 31, 'deprel': 'case', 'lemma': 'ב'}, {'id': 31, 'text': 'מדינת', 'upos': 'NOUN', 'xpos': 'NOUN', 'feats': 'Definite=Cons|Gender=Fem|Number=Sing', 'head': 28, 'deprel': 'nmod', 'lemma': 'מדינה'}]"
32,ישראל,PROPN,PROPN,31.0,compound:smixut,"(103, 108)",ישראל,,
33,–,PUNCT,PUNCT,25.0,punct,"(109, 110)",–,,
"(34, 35)",להערכות,,,,,"(111, 118)",,,"[{'id': 34, 'text': 'ל', 'upos': 'ADP', 'xpos': 'ADP', 'head': 35, 'deprel': 'case', 'lemma': 'ל'}, {'id': 35, 'text': 'הערכות', 'upos': 'NOUN', 'xpos': 'NOUN', 'feats': 'Gender=Fem|Number=Plur', 'head': 25, 'deprel': 'obl', 'lemma': 'הערכה'}]"
36,גבוהות,ADJ,ADJ,35.0,amod,"(119, 125)",גבוה,Gender=Fem|Number=Plur,
37,מדי,ADV,ADV,36.0,advmod,"(126, 129)",מדי,,
38,של,ADP,ADP,40.0,case:gen,"(130, 132)",של,Case=Gen,
"(39, 40)",התקופה,,,,,"(133, 139)",,,"[{'id': 39, 'text': 'ה', 'upos': 'DET', 'xpos': 'DET', 'feats': 'PronType=Art', 'head': 40, 'deprel': 'det:def', 'lemma': 'ה'}, {'id': 40, 'text': 'תקופה', 'upos': 'NOUN', 'xpos': 'NOUN', 'feats': 'Gender=Fem|Number=Sing', 'head': 35, 'deprel': 'nmod', 'lemma': 'תקופה'}]"
"(41, 42)",הבסיסית,,,,,"(140, 147)",,,"[{'id': 41, 'text': 'ה', 'upos': 'DET', 'xpos': 'DET', 'feats': 'PronType=Art', 'head': 42, 'deprel': 'det:def', 'lemma': 'ה'}, {'id': 42, 'text': 'בסיסית', 'upos': 'ADJ', 'xpos': 'ADJ', 'feats': 'Gender=Fem|Number=Sing', 'head': 40, 'deprel': 'amod', 'lemma': 'בסיסי'}]"
43,",",PUNCT,PUNCT,35.0,punct,"(147, 148)",",",,
"(44, 46)",וכתוצאה,,,,,"(149, 156)",,,"[{'id': 44, 'text': 'ו', 'upos': 'CCONJ', 'xpos': 'CCONJ', 'head': 52, 'deprel': 'cc', 'lemma': 'ו'}, {'id': 45, 'text': 'כ', 'upos': 'ADP', 'xpos': 'ADP', 'head': 46, 'deprel': 'case', 'lemma': 'כ'}, {'id': 46, 'text': 'תוצאה', 'upos': 'NOUN', 'xpos': 'NOUN', 'feats': 'Gender=Fem|Number=Sing', 'head': 25, 'deprel': 'obl', 'lemma': 'תוצאה'}]"
"(47, 48)",מכך,,,,,"(157, 160)",,,"[{'id': 47, 'text': 'מ', 'upos': 'ADP', 'xpos': 'ADP', 'head': 48, 'deprel': 'case', 'lemma': 'מ'}, {'id': 48, 'text': 'כך', 'upos': 'PRON', 'xpos': 'PRON', 'feats': 'Person=3|PronType=Dem', 'head': 46, 'deprel': 'nmod', 'lemma': 'כך'}]"
49,",",PUNCT,PUNCT,35.0,punct,"(160, 161)",",",,
"(50, 52)",לעומסים,,,,,"(162, 169)",,,"[{'id': 50, 'text': 'ל', 'upos': 'ADP', 'xpos': 'ADP', 'head': 52, 'deprel': 'case', 'lemma': 'ל'}, {'id': 51, 'text': 'ה_', 'upos': 'DET', 'xpos': 'DET', 'feats': 'PronType=Art', 'head': 52, 'deprel': 'det:def', 'lemma': 'ה'}, {'id': 52, 'text': 'עומסים', 'upos': 'NOUN', 'xpos': 'NOUN', 'feats': 'Gender=Masc|Number=Plur', 'head': 35, 'deprel': 'conj', 'lemma': 'עומס'}]"
53,סיסמיים,ADJ,ADJ,52.0,amod,"(170, 177)",סיסמי,Gender=Masc|Number=Plur,
"(54, 55)",לתכן,,,,,"(178, 182)",,,"[{'id': 54, 'text': 'ל', 'upos': 'ADP', 'xpos': 'ADP', 'head': 55, 'deprel': 'case', 'lemma': 'ל'}, {'id': 55, 'text': 'תכן', 'upos': 'NOUN', 'xpos': 'NOUN', 'feats': 'Gender=Masc|Number=Sing', 'head': 52, 'deprel': 'nmod', 'lemma': 'תכן'}]"
56,",",PUNCT,PUNCT,52.0,punct,"(182, 183)",",",,
57,אשר,SCONJ,SCONJ,58.0,mark,"(184, 187)",אשר,,
58,נמוכים,ADJ,ADJ,52.0,acl:relcl,"(188, 194)",נמוך,Gender=Masc|Number=Plur,
59,משמעותית,ADV,ADV,58.0,advmod,"(195, 203)",משמעותי,,
"(60, 61)",מעומסים,,,,,"(204, 211)",,,"[{'id': 60, 'text': 'מ', 'upos': 'ADP', 'xpos': 'ADP', 'head': 61, 'deprel': 'case', 'lemma': 'מ'}, {'id': 61, 'text': 'עומסים', 'upos': 'NOUN', 'xpos': 'NOUN', 'feats': 'Gender=Masc|Number=Plur', 'head': 58, 'deprel': 'obl', 'lemma': 'עומס'}]"
"(62, 63)",לתכן,,,,,"(212, 216)",,,"[{'id': 62, 'text': 'ל', 'upos': 'ADP', 'xpos': 'ADP', 'head': 63, 'deprel': 'case', 'lemma': 'ל'}, {'id': 63, 'text': 'תכן', 'upos': 'NOUN', 'xpos': 'NOUN', 'feats': 'Gender=Masc|Number=Sing', 'head': 61, 'deprel': 'nmod', 'lemma': 'תכן'}]"
64,לפי,ADP,ADP,66.0,case,"(217, 220)",לפי,,
"(65, 66)",התקופה,,,,,"(221, 227)",,,"[{'id': 65, 'text': 'ה', 'upos': 'DET', 'xpos': 'DET', 'feats': 'PronType=Art', 'head': 66, 'deprel': 'det:def', 'lemma': 'ה'}, {'id': 66, 'text': 'תקופה', 'upos': 'NOUN', 'xpos': 'NOUN', 'feats': 'Gender=Fem|Number=Sing', 'head': 61, 'deprel': 'nmod', 'lemma': 'תקופה'}]"
"(67, 68)",הבסיסית,,,,,"(228, 235)",,,"[{'id': 67, 'text': 'ה', 'upos': 'DET', 'xpos': 'DET', 'feats': 'PronType=Art', 'head': 68, 'deprel': 'det:def', 'lemma': 'ה'}, {'id': 68, 'text': 'בסיסית', 'upos': 'ADJ', 'xpos': 'ADJ', 'feats': 'Gender=Fem|Number=Sing', 'head': 66, 'deprel': 'amod', 'lemma': 'בסיסי'}]"
69,של,ADP,ADP,71.0,case:gen,"(236, 238)",של,Case=Gen,
"(70, 71)",המבנים,,,,,"(239, 245)",,,"[{'id': 70, 'text': 'ה', 'upos': 'DET', 'xpos': 'DET', 'feats': 'PronType=Art', 'head': 71, 'deprel': 'det:def', 'lemma': 'ה'}, {'id': 71, 'text': 'מבנים', 'upos': 'NOUN', 'xpos': 'NOUN', 'feats': 'Gender=Masc|Number=Plur', 'head': 66, 'deprel': 'nmod', 'lemma': 'מבנה'}]"
"(72, 74)",בפועל,,,,,"(246, 251)",,,"[{'id': 72, 'text': 'ב', 'upos': 'ADP', 'xpos': 'ADP', 'head': 74, 'deprel': 'case', 'lemma': 'ב'}, {'id': 73, 'text': 'ה_', 'upos': 'DET', 'xpos': 'DET', 'feats': 'PronType=Art', 'head': 74, 'deprel': 'det:def', 'lemma': 'ה'}, {'id': 74, 'text': 'פועל', 'upos': 'NOUN', 'xpos': 'NOUN', 'feats': 'Gender=Masc|Number=Sing', 'head': 71, 'deprel': 'nmod', 'lemma': 'פועל'}]"
1,4,NUM,NUM,0.0,root,"(1, 2)",4,,
"(1, 2)",בהתאם,,,,,"(1, 6)",,,"[{'id': 1, 'text': 'ב', 'upos': 'ADP', 'xpos': 'ADP', 'head': 5, 'deprel': 'case', 'lemma': 'ב'}, {'id': 2, 'text': 'התאם', 'upos': 'NOUN', 'xpos': 'NOUN', 'feats': 'Gender=Masc|Number=Sing', 'head': 1, 'deprel': 'fixed', 'lemma': 'התאם'}]"
"(3, 5)",לאמור,,,,,"(7, 12)",,,"[{'id': 3, 'text': 'ל', 'upos': 'ADP', 'xpos': 'ADP', 'head': 1, 'deprel': 'fixed', 'lemma': 'ל'}, {'id': 4, 'text': 'ה_', 'upos': 'DET', 'xpos': 'DET', 'feats': 'PronType=Art', 'head': 5, 'deprel': 'det:def', 'lemma': 'ה'}, {'id': 5, 'text': 'אמור', 'upos': 'VERB', 'xpos': 'VERB', 'feats': 'Gender=Masc|Mood=Imp|Number=Sing|Person=2', 'head': 8, 'deprel': 'obl', 'lemma': 'אמר'}]"
"(6, 7)",לעיל,,,,,"(13, 17)",,,"[{'id': 6, 'text': 'ל', 'upos': 'ADP', 'xpos': 'ADP', 'head': 7, 'deprel': 'case', 'lemma': 'ל'}, {'id': 7, 'text': 'עיל', 'upos': 'NOUN', 'xpos': 'NOUN', 'feats': 'Gender=Masc|Number=Sing', 'head': 5, 'deprel': 'obl', 'lemma': 'עיל'}]"
8,יש,VERB,VERB,0.0,root,"(18, 20)",יש,HebExistential=True,
9,צורך,NOUN,NOUN,8.0,nsubj,"(21, 25)",צורך,Gender=Masc|Number=Sing,
10,לעדכן,VERB,VERB,9.0,acl,"(26, 31)",עדכן,HebBinyan=PIEL|VerbForm=Inf|Voice=Act,
11,את,ADP,ADP,12.0,case:acc,"(32, 34)",את,Case=Acc,
12,שיטת,NOUN,NOUN,10.0,obj,"(35, 39)",שיטה,Definite=Cons|Gender=Fem|Number=Sing,
"(13, 14)",החישוב,,,,,"(40, 46)",,,"[{'id': 13, 'text': 'ה', 'upos': 'DET', 'xpos': 'DET', 'feats': 'PronType=Art', 'head': 14, 'deprel': 'det:def', 'lemma': 'ה'}, {'id': 14, 'text': 'חישוב', 'upos': 'NOUN', 'xpos': 'NOUN', 'feats': 'Gender=Masc|Number=Sing', 'head': 12, 'deprel': 'compound:smixut', 'lemma': 'חישוב'}]"
15,של,ADP,ADP,17.0,case:gen,"(47, 49)",של,Case=Gen,
"(16, 17)",התקופה,,,,,"(50, 56)",,,"[{'id': 16, 'text': 'ה', 'upos': 'DET', 'xpos': 'DET', 'feats': 'PronType=Art', 'head': 17, 'deprel': 'det:def', 'lemma': 'ה'}, {'id': 17, 'text': 'תקופה', 'upos': 'NOUN', 'xpos': 'NOUN', 'feats': 'Gender=Fem|Number=Sing', 'head': 12, 'deprel': 'nmod:poss', 'lemma': 'תקופה'}]"
"(18, 19)",הבסיסית,,,,,"(57, 64)",,,"[{'id': 18, 'text': 'ה', 'upos': 'DET', 'xpos': 'DET', 'feats': 'PronType=Art', 'head': 19, 'deprel': 'det:def', 'lemma': 'ה'}, {'id': 19, 'text': 'בסיסית', 'upos': 'ADJ', 'xpos': 'ADJ', 'feats': 'Gender=Fem|Number=Sing', 'head': 17, 'deprel': 'amod', 'lemma': 'בסיסי'}]"
"(20, 21)",הנכללת,,,,,"(65, 71)",,,"[{'id': 20, 'text': 'ה', 'upos': 'SCONJ', 'xpos': 'SCONJ', 'head': 21, 'deprel': 'mark', 'lemma': 'ה'}, {'id': 21, 'text': 'נכללת', 'upos': 'VERB', 'xpos': 'VERB', 'feats': 'Gender=Fem|HebBinyan=NIFAL|Number=Sing|Person=1,2,3|VerbForm=Part|Voice=Mid', 'head': 17, 'deprel': 'acl:relcl', 'lemma': 'נכלל'}]"
"(22, 23)","בת""י",,,,,"(72, 76)",,,"[{'id': 22, 'text': 'ב', 'upos': 'ADP', 'xpos': 'ADP', 'head': 23, 'deprel': 'case', 'lemma': 'ב'}, {'id': 23, 'text': 'ת""י', 'upos': 'PROPN', 'xpos': 'PROPN', 'feats': 'Abbr=Yes', 'head': 21, 'deprel': 'obl', 'lemma': 'ת""י'}]"
24,413,NUM,NUM,23.0,nummod,"(77, 80)",413,,
25,",",PUNCT,PUNCT,10.0,punct,"(80, 81)",",",,
"(26, 27)",וכמו,,,,,"(82, 86)",,,"[{'id': 26, 'text': 'ו', 'upos': 'CCONJ', 'xpos': 'CCONJ', 'head': 32, 'deprel': 'cc', 'lemma': 'ו'}, {'id': 27, 'text': 'כמו', 'upos': 'ADP', 'xpos': 'ADP', 'head': 29, 'deprel': 'case', 'lemma': 'כמו'}]"
"(28, 29)",במדינות,,,,,"(87, 94)",,,"[{'id': 28, 'text': 'ב', 'upos': 'ADP', 'xpos': 'ADP', 'head': 29, 'deprel': 'case', 'lemma': 'ב'}, {'id': 29, 'text': 'מדינות', 'upos': 'NOUN', 'xpos': 'NOUN', 'feats': 'Gender=Fem|Number=Plur', 'head': 32, 'deprel': 'obl', 'lemma': 'מדינה'}]"
30,אחרות,ADJ,ADJ,29.0,amod,"(95, 100)",אחר,Gender=Fem|Number=Plur,
31,",",PUNCT,PUNCT,32.0,punct,"(100, 101)",",",,
32,לפתח,VERB,VERB,10.0,conj,"(102, 106)",פיתח,HebBinyan=PIEL|VerbForm=Inf|Voice=Act,
33,נוסחאות,NOUN,NOUN,32.0,obj,"(107, 114)",נוסחה,Gender=Fem|Number=Plur,
"(34, 35)",לחישוב,,,,,"(115, 121)",,,"[{'id': 34, 'text': 'ל', 'upos': 'ADP', 'xpos': 'ADP', 'head': 35, 'deprel': 'case', 'lemma': 'ל'}, {'id': 35, 'text': 'חישוב', 'upos': 'NOUN', 'xpos': 'NOUN', 'feats': 'Gender=Masc|Number=Sing', 'head': 33, 'deprel': 'nmod', 'lemma': 'חישוב'}]"
36,של,ADP,ADP,38.0,case:gen,"(122, 124)",של,Case=Gen,
"(37, 38)",התקופה,,,,,"(125, 131)",,,"[{'id': 37, 'text': 'ה', 'upos': 'DET', 'xpos': 'DET', 'feats': 'PronType=Art', 'head': 38, 'deprel': 'det:def', 'lemma': 'ה'}, {'id': 38, 'text': 'תקופה', 'upos': 'NOUN', 'xpos': 'NOUN', 'feats': 'Gender=Fem|Number=Sing', 'head': 35, 'deprel': 'nmod:poss', 'lemma': 'תקופה'}]"
"(39, 40)",הבסיסית,,,,,"(132, 139)",,,"[{'id': 39, 'text': 'ה', 'upos': 'DET', 'xpos': 'DET', 'feats': 'PronType=Art', 'head': 40, 'deprel': 'det:def', 'lemma': 'ה'}, {'id': 40, 'text': 'בסיסית', 'upos': 'ADJ', 'xpos': 'ADJ', 'feats': 'Gender=Fem|Number=Sing', 'head': 38, 'deprel': 'amod', 'lemma': 'בסיסי'}]"
41,לפי,ADP,ADP,43.0,case,"(140, 143)",לפי,,
"(42, 43)",התקופה,,,,,"(144, 150)",,,"[{'id': 42, 'text': 'ה', 'upos': 'DET', 'xpos': 'DET', 'feats': 'PronType=Art', 'head': 43, 'deprel': 'det:def', 'lemma': 'ה'}, {'id': 43, 'text': 'תקופה', 'upos': 'NOUN', 'xpos': 'NOUN', 'feats': 'Gender=Fem|Number=Sing', 'head': 33, 'deprel': 'nmod', 'lemma': 'תקופה'}]"
"(44, 45)",הבסיסית,,,,,"(151, 158)",,,"[{'id': 44, 'text': 'ה', 'upos': 'DET', 'xpos': 'DET', 'feats': 'PronType=Art', 'head': 45, 'deprel': 'det:def', 'lemma': 'ה'}, {'id': 45, 'text': 'בסיסית', 'upos': 'ADJ', 'xpos': 'ADJ', 'feats': 'Gender=Fem|Number=Sing', 'head': 43, 'deprel': 'amod', 'lemma': 'בסיסי'}]"
"(46, 48)",בפועל,,,,,"(159, 164)",,,"[{'id': 46, 'text': 'ב', 'upos': 'ADP', 'xpos': 'ADP', 'head': 48, 'deprel': 'case', 'lemma': 'ב'}, {'id': 47, 'text': 'ה_', 'upos': 'DET', 'xpos': 'DET', 'feats': 'PronType=Art', 'head': 48, 'deprel': 'det:def', 'lemma': 'ה'}, {'id': 48, 'text': 'פועל', 'upos': 'NOUN', 'xpos': 'NOUN', 'feats': 'Gender=Masc|Number=Sing', 'head': 43, 'deprel': 'nmod', 'lemma': 'פועל'}]"
"(49, 50)",למבנים,,,,,"(165, 171)",,,"[{'id': 49, 'text': 'ל', 'upos': 'ADP', 'xpos': 'ADP', 'head': 50, 'deprel': 'case', 'lemma': 'ל'}, {'id': 50, 'text': 'מבנים', 'upos': 'NOUN', 'xpos': 'NOUN', 'feats': 'Gender=Masc|Number=Plur', 'head': 43, 'deprel': 'nmod', 'lemma': 'מבנה'}]"
"(51, 53)",בארץ,,,,,"(172, 176)",,,"[{'id': 51, 'text': 'ב', 'upos': 'ADP', 'xpos': 'ADP', 'head': 53, 'deprel': 'case', 'lemma': 'ב'}, {'id': 52, 'text': 'ה_', 'upos': 'DET', 'xpos': 'DET', 'feats': 'PronType=Art', 'head': 53, 'deprel': 'det:def', 'lemma': 'ה'}, {'id': 53, 'text': 'ארץ', 'upos': 'NOUN', 'xpos': 'NOUN', 'feats': 'Gender=Fem|Number=Sing', 'head': 50, 'deprel': 'nmod', 'lemma': 'ארץ'}]"
1,1,NUM,NUM,0.0,root,"(1, 2)",1,,
1,מבוא,NOUN,NOUN,0.0,root,"(1, 5)",מבוא,Definite=Cons|Gender=Masc|Number=Sing,
2,תקופה,NOUN,NOUN,1.0,compound:smixut,"(6, 11)",תקופה,Gender=Fem|Number=Sing,
3,בסיסית,ADJ,ADJ,2.0,amod,"(12, 18)",בסיסי,Gender=Fem|Number=Sing,
"(4, 5)",(להלן,,,,,"(19, 24)",,,"[{'id': 4, 'text': 'ל', 'upos': 'ADP', 'xpos': 'ADP', 'head': 5, 'deprel': 'case', 'lemma': 'ל'}, {'id': 5, 'text': 'להלן', 'upos': 'ADV', 'xpos': 'ADV', 'head': 1, 'deprel': 'nmod', 'lemma': 'להלן'}]"
6,ת,X,X,5.0,dep,"(25, 26)",ת,HebSource=ConvUncertainHead,
1,ב,PROPN,PROPN,0.0,root,"(0, 1)",ב,,
1,),PUNCT,PUNCT,19.0,punct,"(0, 1)",),,
2,של,ADP,ADP,3.0,case:gen,"(2, 4)",של,Case=Gen,
3,רעידות,NOUN,NOUN,19.0,nmod,"(5, 11)",רעידה,Definite=Cons|Gender=Fem|Number=Plur,
4,מבנים,NOUN,NOUN,3.0,compound:smixut,"(12, 17)",מבנה,Gender=Masc|Number=Plur,
"(5, 6)",בכיוון,,,,,"(18, 24)",,,"[{'id': 5, 'text': 'ב', 'upos': 'ADP', 'xpos': 'ADP', 'head': 6, 'deprel': 'case', 'lemma': 'ב'}, {'id': 6, 'text': 'כיוון', 'upos': 'NOUN', 'xpos': 'NOUN', 'feats': 'Gender=Masc|Number=Sing', 'head': 3, 'deprel': 'nmod', 'lemma': 'כיוון'}]"
7,אופקי,ADJ,ADJ,6.0,amod,"(25, 30)",אופקי,Gender=Masc|Number=Sing,
8,elastic,PROPN,PROPN,6.0,appos,"(31, 38)",elastic,,
9,fundamental,NOUN,NOUN,8.0,nmod,"(39, 50)",fundamental,,
10,natural,NOUN,NOUN,9.0,flat:name,"(51, 58)",natural,,
11,period,NOUN,NOUN,8.0,nmod,"(59, 65)",period,Gender=Masc|Number=Sing,
12,or,CCONJ,CCONJ,8.0,nmod,"(66, 68)",or,,
13,),PUNCT,PUNCT,19.0,punct,"(68, 69)",),,
14,(,PUNCT,PUNCT,19.0,punct,"(70, 71)",(,,
15,fundamental,NOUN,NOUN,19.0,nsubj:cop,"(71, 82)",fundamental,,
16,natural,NOUN,NOUN,15.0,flat:name,"(83, 90)",natural,,
17,period,NOUN,NOUN,15.0,dep,"(91, 97)",period,Gender=Masc|Number=Sing,
18,היא,AUX,AUX,19.0,cop,"(98, 101)",הוא,Gender=Fem|Number=Sing|Person=3|Polarity=Pos|VerbForm=Part|VerbType=Cop,
19,מאפיין,NOUN,NOUN,0.0,root,"(102, 108)",מאפיין,Gender=Masc|Number=Sing,
20,עיקרי,ADJ,ADJ,19.0,amod,"(109, 114)",עיקרי,Gender=Masc|Number=Sing,
21,של,ADP,ADP,22.0,case:gen,"(115, 117)",של,Case=Gen,
22,מבנה,NOUN,NOUN,19.0,nmod,"(118, 122)",מבנה,Gender=Masc|Number=Sing,
"(23, 24)",לקביעת,,,,,"(123, 129)",,,"[{'id': 23, 'text': 'ל', 'upos': 'ADP', 'xpos': 'ADP', 'head': 24, 'deprel': 'case', 'lemma': 'ל'}, {'id': 24, 'text': 'קביעת', 'upos': 'NOUN', 'xpos': 'NOUN', 'feats': 'Definite=Cons|Gender=Fem|Number=Sing', 'head': 22, 'deprel': 'nmod', 'lemma': 'קביעה'}]"
25,עומסים,NOUN,NOUN,24.0,compound:smixut,"(130, 136)",עומס,Gender=Masc|Number=Plur,
"(26, 27)",לתכנון,,,,,"(137, 143)",,,"[{'id': 26, 'text': 'ל', 'upos': 'ADP', 'xpos': 'ADP', 'head': 27, 'deprel': 'case', 'lemma': 'ל'}, {'id': 27, 'text': 'תכנון', 'upos': 'NOUN', 'xpos': 'NOUN', 'feats': 'Gender=Masc|Number=Sing', 'head': 25, 'deprel': 'nmod', 'lemma': 'תכנון'}]"
28,/,PUNCT,PUNCT,29.0,punct,"(143, 144)",/,,
29,בדיקה,NOUN,NOUN,27.0,conj,"(144, 149)",בדיקה,Gender=Fem|Number=Sing,
30,סיסמית,ADJ,ADJ,29.0,amod,"(150, 156)",סיסמי,Gender=Fem|Number=Sing,
31,של,ADP,ADP,33.0,case:gen,"(157, 159)",של,Case=Gen,
"(32, 33)",המבנה,,,,,"(160, 165)",,,"[{'id': 32, 'text': 'ה', 'upos': 'DET', 'xpos': 'DET', 'feats': 'PronType=Art', 'head': 33, 'deprel': 'det:def', 'lemma': 'ה'}, {'id': 33, 'text': 'מבנה', 'upos': 'NOUN', 'xpos': 'NOUN', 'feats': 'Gender=Masc|Number=Sing', 'head': 27, 'deprel': 'nmod:poss', 'lemma': 'מבנה'}]"
34,",",PUNCT,PUNCT,19.0,punct,"(165, 166)",",",,
"(35, 36)",ועקומות,,,,,"(167, 174)",,,"[{'id': 35, 'text': 'ו', 'upos': 'CCONJ', 'xpos': 'CCONJ', 'head': 55, 'deprel': 'cc', 'lemma': 'ו'}, {'id': 36, 'text': 'עקומות', 'upos': 'NOUN', 'xpos': 'NOUN', 'feats': 'Gender=Fem|Number=Plur', 'head': 55, 'deprel': 'nsubj', 'lemma': 'עקומה'}]"
37,ספקטריות,ADJ,ADJ,36.0,amod,"(175, 183)",ספקטרי,Gender=Fem|Number=Plur,
"(38, 39)",לתכן,,,,,"(184, 188)",,,"[{'id': 38, 'text': 'ל', 'upos': 'ADP', 'xpos': 'ADP', 'head': 39, 'deprel': 'case', 'lemma': 'ל'}, {'id': 39, 'text': 'תכן', 'upos': 'NOUN', 'xpos': 'NOUN', 'feats': 'Gender=Masc|Number=Sing', 'head': 36, 'deprel': 'nmod', 'lemma': 'תכן'}]"
40,(,PUNCT,PUNCT,42.0,punct,"(189, 190)",(,,
41,גם,ADV,ADV,42.0,advmod,"(190, 192)",גם,,
42,אלסטית,ADJ,ADJ,55.0,xcomp,"(193, 199)",אלסטי,Gender=Fem|Number=Sing,
"(43, 44)",וגם,,,,,"(200, 203)",,,"[{'id': 43, 'text': 'ו', 'upos': 'CCONJ', 'xpos': 'CCONJ', 'feats': 'HebSource=ConvUncertainHead', 'head': 42, 'deprel': 'dep', 'lemma': 'ו'}, {'id': 44, 'text': 'גם', 'upos': 'ADV', 'xpos': 'ADV', 'head': 45, 'deprel': 'advmod', 'lemma': 'גם'}]"
45,בהתחשב,VERB,VERB,47.0,case,"(204, 210)",התחשב,VerbForm=Inf,
"(46, 47)",במקדמי,,,,,"(211, 217)",,,"[{'id': 46, 'text': 'ב', 'upos': 'ADP', 'xpos': 'ADP', 'head': 47, 'deprel': 'case', 'lemma': 'ב'}, {'id': 47, 'text': 'מקדמי', 'upos': 'NOUN', 'xpos': 'NOUN', 'feats': 'Definite=Cons|Gender=Masc|Number=Plur', 'head': 63, 'deprel': 'nmod', 'lemma': 'מקדם'}]"
48,הקטנת,NOUN,NOUN,47.0,compound:smixut,"(218, 223)",הקטנה,Definite=Cons|Gender=Fem|Number=Sing,
"(49, 50)",הכוח,,,,,"(224, 228)",,,"[{'id': 49, 'text': 'ה', 'upos': 'DET', 'xpos': 'DET', 'feats': 'PronType=Art', 'head': 50, 'deprel': 'det:def', 'lemma': 'ה'}, {'id': 50, 'text': 'כוח', 'upos': 'NOUN', 'xpos': 'NOUN', 'feats': 'Gender=Masc|Number=Sing', 'head': 48, 'deprel': 'compound:smixut', 'lemma': 'כוח'}]"
51,עקב,CCONJ,CCONJ,52.0,case,"(229, 232)",עקב,,
52,פעולה,NOUN,NOUN,48.0,nmod,"(233, 238)",פעולה,Gender=Fem|Number=Sing,
53,סיסמית,ADJ,ADJ,52.0,amod,"(239, 245)",סיסמי,Gender=Fem|Number=Sing,
54,),PUNCT,PUNCT,42.0,punct,"(245, 246)",),,
55,קובעות,VERB,VERB,19.0,conj,"(247, 253)",קבע,"Gender=Fem|HebBinyan=PAAL|Number=Plur|Person=1,2,3|VerbForm=Part|Voice=Act",
56,עומס,NOUN,NOUN,55.0,obj,"(254, 258)",עומס,Gender=Masc|Number=Sing,
57,סיסמי,ADJ,ADJ,56.0,amod,"(259, 264)",סיסמי,Gender=Masc|Number=Sing,
58,על,ADP,ADP,59.0,case,"(265, 267)",על,,
59,מבנים,NOUN,NOUN,56.0,nmod,"(268, 273)",מבנה,Gender=Masc|Number=Plur,
"(60, 61)",כתלות,,,,,"(274, 279)",,,"[{'id': 60, 'text': 'כ', 'upos': 'ADP', 'xpos': 'ADP', 'head': 61, 'deprel': 'case', 'lemma': 'כ'}, {'id': 61, 'text': 'תלות', 'upos': 'NOUN', 'xpos': 'NOUN', 'feats': 'Gender=Fem|Number=Sing', 'head': 56, 'deprel': 'nmod', 'lemma': 'תלות'}]"
"(62, 63)",בתקופה,,,,,"(280, 286)",,,"[{'id': 62, 'text': 'ב', 'upos': 'ADP', 'xpos': 'ADP', 'head': 63, 'deprel': 'case', 'lemma': 'ב'}, {'id': 63, 'text': 'תקופה', 'upos': 'NOUN', 'xpos': 'NOUN', 'feats': 'Gender=Fem|Number=Sing', 'head': 61, 'deprel': 'nmod', 'lemma': 'תקופה'}]"
"(64, 65)",הבסיסית,,,,,"(287, 294)",,,"[{'id': 64, 'text': 'ה', 'upos': 'DET', 'xpos': 'DET', 'feats': 'PronType=Art', 'head': 65, 'deprel': 'det:def', 'lemma': 'ה'}, {'id': 65, 'text': 'בסיסית', 'upos': 'ADJ', 'xpos': 'ADJ', 'feats': 'Gender=Fem|Number=Sing', 'head': 63, 'deprel': 'amod', 'lemma': 'בסיסי'}]"
66,",",PUNCT,PUNCT,63.0,punct,"(294, 295)",",",,
"(67, 68)",שנקבעת,,,,,"(296, 302)",,,"[{'id': 67, 'text': 'ש', 'upos': 'SCONJ', 'xpos': 'SCONJ', 'head': 68, 'deprel': 'mark', 'lemma': 'ש'}, {'id': 68, 'text': 'נקבעת', 'upos': 'VERB', 'xpos': 'VERB', 'feats': 'Gender=Fem|HebBinyan=NIFAL|Number=Sing|Person=1,2,3|VerbForm=Part|Voice=Mid', 'head': 63, 'deprel': 'acl:relcl', 'lemma': 'נקבע'}]"
"(69, 70)",לשלב,,,,,"(303, 307)",,,"[{'id': 69, 'text': 'ל', 'upos': 'ADP', 'xpos': 'ADP', 'head': 70, 'deprel': 'case', 'lemma': 'ל'}, {'id': 70, 'text': 'שלב', 'upos': 'NOUN', 'xpos': 'NOUN', 'feats': 'Gender=Masc|Number=Sing', 'head': 68, 'deprel': 'obl', 'lemma': 'שלב'}]"
71,אלסטי,ADJ,ADJ,70.0,amod,"(308, 313)",אלסטי,Gender=Masc|Number=Sing,
72,של,ADP,ADP,73.0,case:gen,"(314, 316)",של,Case=Gen,
73,פעולת,NOUN,NOUN,70.0,nmod,"(317, 322)",פעולה,Definite=Cons|Gender=Fem|Number=Sing,
"(74, 75)",המבנה,,,,,"(323, 328)",,,"[{'id': 74, 'text': 'ה', 'upos': 'DET', 'xpos': 'DET', 'feats': 'PronType=Art', 'head': 75, 'deprel': 'det:def', 'lemma': 'ה'}, {'id': 75, 'text': 'מבנה', 'upos': 'NOUN', 'xpos': 'NOUN', 'feats': 'Gender=Masc|Number=Sing', 'head': 73, 'deprel': 'compound:smixut', 'lemma': 'מבנה'}]"
1,יש,AUX,AUX,2.0,aux,"(1, 3)",יש,VerbType=Mod,
2,להדגיש,VERB,VERB,0.0,root,"(4, 10)",הדגיש,HebBinyan=HIFIL|VerbForm=Inf|Voice=Act,
3,:,PUNCT,PUNCT,9.0,punct,"(10, 11)",:,,
4,∗,PUNCT,PUNCT,9.0,punct,"(12, 13)",∗,,
5,"""",PUNCT,PUNCT,6.0,punct,"(14, 15)","""",,
6,תקופה,NOUN,NOUN,9.0,nsubj,"(15, 20)",תקופה,Gender=Fem|Number=Sing,
7,בסיסית,ADJ,ADJ,6.0,amod,"(21, 27)",בסיסי,Gender=Fem|Number=Sing,
8,"""",PUNCT,PUNCT,6.0,punct,"(27, 28)","""",,
9,קיימת,ADJ,ADJ,2.0,advcl,"(29, 34)",קיים,Gender=Fem|Number=Sing,
10,אך,ADV,ADV,9.0,advmod,"(35, 37)",אך,,
"(11, 12)",ורק,,,,,"(38, 41)",,,"[{'id': 11, 'text': 'ו', 'upos': 'CCONJ', 'xpos': 'CCONJ', 'head': 12, 'deprel': 'cc', 'lemma': 'ו'}, {'id': 12, 'text': 'רק', 'upos': 'ADV', 'xpos': 'ADV', 'head': 10, 'deprel': 'conj', 'lemma': 'רק'}]"
"(13, 14)",בשלב,,,,,"(42, 46)",,,"[{'id': 13, 'text': 'ב', 'upos': 'ADP', 'xpos': 'ADP', 'head': 14, 'deprel': 'case', 'lemma': 'ב'}, {'id': 14, 'text': 'שלב', 'upos': 'NOUN', 'xpos': 'NOUN', 'feats': 'Gender=Masc|Number=Sing', 'head': 9, 'deprel': 'obl', 'lemma': 'שלב'}]"
15,אלסטי,ADJ,ADJ,14.0,amod,"(47, 52)",אלסטי,Gender=Masc|Number=Sing,
16,של,ADP,ADP,17.0,case:gen,"(53, 55)",של,Case=Gen,
17,עבודת,NOUN,NOUN,14.0,nmod,"(56, 61)",עבודה,Definite=Cons|Gender=Fem|Number=Sing,
"(18, 19)",המבנה,,,,,"(62, 67)",,,"[{'id': 18, 'text': 'ה', 'upos': 'DET', 'xpos': 'DET', 'feats': 'PronType=Art', 'head': 19, 'deprel': 'det:def', 'lemma': 'ה'}, {'id': 19, 'text': 'מבנה', 'upos': 'NOUN', 'xpos': 'NOUN', 'feats': 'Gender=Masc|Number=Sing', 'head': 17, 'deprel': 'compound:smixut', 'lemma': 'מבנה'}]"
20,",",PUNCT,PUNCT,9.0,punct,"(67, 68)",",",,
21,כי,SCONJ,SCONJ,26.0,mark,"(69, 71)",כי,,
22,רק,ADV,ADV,23.0,advmod,"(72, 74)",רק,,
"(23, 24)",בשלב,,,,,"(75, 79)",,,"[{'id': 23, 'text': 'ב', 'upos': 'ADP', 'xpos': 'ADP', 'head': 24, 'deprel': 'case', 'lemma': 'ב'}, {'id': 24, 'text': 'שלב', 'upos': 'NOUN', 'xpos': 'NOUN', 'feats': 'Gender=Masc|Number=Sing', 'head': 26, 'deprel': 'obl', 'lemma': 'שלב'}]"
25,זה,PRON,PRON,24.0,det,"(80, 82)",זה,Gender=Masc|Number=Sing|Person=3|PronType=Dem,
26,קיימות,VERB,VERB,2.0,advcl,"(83, 89)",קיים,Gender=Fem|Number=Plur,
27,רעידות,NOUN,NOUN,26.0,nsubj,"(90, 96)",רעידה,Gender=Fem|Number=Plur,
28,עצמיות,ADJ,ADJ,27.0,amod,"(97, 103)",עצמי,Gender=Fem|Number=Plur,
29,של,ADP,ADP,30.0,case:gen,"(104, 106)",של,Case=Gen,
30,מבנים,NOUN,NOUN,27.0,nmod,"(107, 112)",מבנה,Gender=Masc|Number=Plur,
"(31, 32)",כשתדירות,,,,,"(113, 121)",,,"[{'id': 31, 'text': 'כש', 'upos': 'SCONJ', 'xpos': 'SCONJ', 'feats': 'Case=Tem', 'head': 36, 'deprel': 'mark', 'lemma': 'כש'}, {'id': 32, 'text': 'תדירות', 'upos': 'NOUN', 'xpos': 'NOUN', 'feats': 'Definite=Cons|Gender=Fem|Number=Sing', 'head': 36, 'deprel': 'nsubj', 'lemma': 'תדירות'}]"
"(33, 34)",הרעידות,,,,,"(122, 129)",,,"[{'id': 33, 'text': 'ה', 'upos': 'DET', 'xpos': 'DET', 'feats': 'PronType=Art', 'head': 34, 'deprel': 'det:def', 'lemma': 'ה'}, {'id': 34, 'text': 'רעידות', 'upos': 'NOUN', 'xpos': 'NOUN', 'feats': 'Gender=Fem|Number=Sing', 'head': 32, 'deprel': 'compound:smixut', 'lemma': 'רעידה'}]"
35,אינה,AUX,AUX,36.0,advmod,"(130, 134)",אינו,Gender=Fem|Number=Sing|Person=3|Polarity=Neg|VerbForm=Part|VerbType=Cop,
36,תלויה,VERB,VERB,26.0,advcl,"(135, 140)",תלה,"Gender=Fem|HebBinyan=PAAL|Number=Sing|Person=1,2,3|VerbForm=Part|Voice=Act",
"(37, 38)",באמפליטודת,,,,,"(141, 151)",,,"[{'id': 37, 'text': 'ב', 'upos': 'ADP', 'xpos': 'ADP', 'head': 38, 'deprel': 'case', 'lemma': 'ב'}, {'id': 38, 'text': 'אמפליטודת', 'upos': 'NOUN', 'xpos': 'NOUN', 'feats': 'Definite=Cons|Gender=Fem|Number=Sing', 'head': 36, 'deprel': 'obl', 'lemma': 'אמפליטודת'}]"
"(39, 40)",הרעידות,,,,,"(152, 159)",,,"[{'id': 39, 'text': 'ה', 'upos': 'DET', 'xpos': 'DET', 'feats': 'PronType=Art', 'head': 40, 'deprel': 'det:def', 'lemma': 'ה'}, {'id': 40, 'text': 'רעידות', 'upos': 'NOUN', 'xpos': 'NOUN', 'feats': 'Gender=Fem|Number=Sing', 'head': 38, 'deprel': 'compound:smixut', 'lemma': 'רעידה'}]"
1,∗,PUNCT,PUNCT,8.0,punct,"(1, 2)",∗,,
2,כאמור,ADV,ADV,8.0,advmod,"(3, 8)",כאמור,,
3,",",PUNCT,PUNCT,8.0,punct,"(8, 9)",",",,
4,עקומות,NOUN,NOUN,8.0,nsubj,"(10, 16)",עקומה,Gender=Fem|Number=Plur,
5,ספקטריות,ADJ,ADJ,4.0,amod,"(17, 25)",ספקטרי,Gender=Fem|Number=Plur,
"(6, 7)",לתכן,,,,,"(26, 30)",,,"[{'id': 6, 'text': 'ל', 'upos': 'ADP', 'xpos': 'ADP', 'head': 7, 'deprel': 'case', 'lemma': 'ל'}, {'id': 7, 'text': 'תכן', 'upos': 'NOUN', 'xpos': 'NOUN', 'feats': 'Gender=Masc|Number=Sing', 'head': 4, 'deprel': 'nmod', 'lemma': 'תכן'}]"
8,קובעות,VERB,VERB,0.0,root,"(31, 37)",קבע,"Gender=Fem|HebBinyan=PAAL|Number=Plur|Person=1,2,3|VerbForm=Part|Voice=Act",
9,עומס,NOUN,NOUN,8.0,obj,"(38, 42)",עומס,Gender=Masc|Number=Sing,
10,סיסמי,ADJ,ADJ,9.0,amod,"(43, 48)",סיסמי,Gender=Masc|Number=Sing,
11,על,ADP,ADP,12.0,case,"(49, 51)",על,,
12,מבנים,NOUN,NOUN,9.0,nmod,"(52, 57)",מבנה,Gender=Masc|Number=Plur,
"(13, 14)",כתלות,,,,,"(58, 63)",,,"[{'id': 13, 'text': 'כ', 'upos': 'ADP', 'xpos': 'ADP', 'head': 14, 'deprel': 'case', 'lemma': 'כ'}, {'id': 14, 'text': 'תלות', 'upos': 'NOUN', 'xpos': 'NOUN', 'feats': 'Gender=Fem|Number=Sing', 'head': 8, 'deprel': 'obl', 'lemma': 'תלות'}]"
"(15, 16)",בתקופה,,,,,"(64, 70)",,,"[{'id': 15, 'text': 'ב', 'upos': 'ADP', 'xpos': 'ADP', 'head': 16, 'deprel': 'case', 'lemma': 'ב'}, {'id': 16, 'text': 'תקופה', 'upos': 'NOUN', 'xpos': 'NOUN', 'feats': 'Gender=Fem|Number=Sing', 'head': 14, 'deprel': 'nmod', 'lemma': 'תקופה'}]"
"(17, 18)",הבסיסית,,,,,"(71, 78)",,,"[{'id': 17, 'text': 'ה', 'upos': 'DET', 'xpos': 'DET', 'feats': 'PronType=Art', 'head': 18, 'deprel': 'det:def', 'lemma': 'ה'}, {'id': 18, 'text': 'בסיסית', 'upos': 'ADJ', 'xpos': 'ADJ', 'feats': 'Gender=Fem|Number=Sing', 'head': 16, 'deprel': 'amod', 'lemma': 'בסיסי'}]"
19,",",PUNCT,PUNCT,8.0,punct,"(78, 79)",",",,
"(20, 21)",וזאת,,,,,"(80, 84)",,,"[{'id': 20, 'text': 'ו', 'upos': 'CCONJ', 'xpos': 'CCONJ', 'head': 21, 'deprel': 'cc', 'lemma': 'ו'}, {'id': 21, 'text': 'זאת', 'upos': 'PRON', 'xpos': 'PRON', 'feats': 'Gender=Fem|Number=Sing|Person=3|PronType=Dem', 'head': 8, 'deprel': 'conj', 'lemma': 'זאת'}]"
22,גם,ADV,ADV,25.0,advmod,"(85, 87)",גם,,
"(23, 24)",כשמבנה,,,,,"(88, 94)",,,"[{'id': 23, 'text': 'כש', 'upos': 'SCONJ', 'xpos': 'SCONJ', 'feats': 'Case=Tem', 'head': 25, 'deprel': 'mark', 'lemma': 'כש'}, {'id': 24, 'text': 'מבנה', 'upos': 'NOUN', 'xpos': 'NOUN', 'feats': 'Gender=Masc|Number=Sing', 'head': 25, 'deprel': 'nsubj', 'lemma': 'מבנה'}]"
25,נמצא,VERB,VERB,21.0,advcl,"(95, 99)",נמצא,"Gender=Masc|HebBinyan=NIFAL|Number=Sing|Person=1,2,3|VerbForm=Part|Voice=Mid",
"(26, 27)",בתחום,,,,,"(100, 105)",,,"[{'id': 26, 'text': 'ב', 'upos': 'ADP', 'xpos': 'ADP', 'head': 27, 'deprel': 'case', 'lemma': 'ב'}, {'id': 27, 'text': 'תחום', 'upos': 'NOUN', 'xpos': 'NOUN', 'feats': 'Gender=Masc|Number=Sing', 'head': 25, 'deprel': 'obl', 'lemma': 'תחום'}]"
28,אלסטי,ADJ,ADJ,27.0,amod,"(106, 111)",אלסטי,Gender=Masc|Number=Sing,
29,",",PUNCT,PUNCT,8.0,punct,"(111, 112)",",",,
"(30, 31)",וגם,,,,,"(113, 116)",,,"[{'id': 30, 'text': 'ו', 'upos': 'CCONJ', 'xpos': 'CCONJ', 'head': 33, 'deprel': 'cc', 'lemma': 'ו'}, {'id': 31, 'text': 'גם', 'upos': 'ADV', 'xpos': 'ADV', 'head': 33, 'deprel': 'advmod', 'lemma': 'גם'}]"
32,כאשר,SCONJ,SCONJ,33.0,mark,"(117, 121)",כאשר,,
33,מותר,AUX,AUX,25.0,advcl,"(122, 126)",מותר,VerbType=Mod,
34,",",PUNCT,PUNCT,33.0,punct,"(126, 127)",",",,
"(35, 36)",שמבנה,,,,,"(128, 133)",,,"[{'id': 35, 'text': 'ש', 'upos': 'SCONJ', 'xpos': 'SCONJ', 'head': 37, 'deprel': 'mark', 'lemma': 'ש'}, {'id': 36, 'text': 'מבנה', 'upos': 'NOUN', 'xpos': 'NOUN', 'feats': 'Gender=Masc|Number=Sing', 'head': 37, 'deprel': 'nsubj', 'lemma': 'מבנה'}]"
37,יימצא,VERB,VERB,33.0,advcl,"(134, 139)",נמצא,Gender=Masc|HebBinyan=NIFAL|Number=Sing|Person=3|Tense=Fut|Voice=Mid,
"(38, 39)",בתחום,,,,,"(140, 145)",,,"[{'id': 38, 'text': 'ב', 'upos': 'ADP', 'xpos': 'ADP', 'head': 39, 'deprel': 'case', 'lemma': 'ב'}, {'id': 39, 'text': 'תחום', 'upos': 'NOUN', 'xpos': 'NOUN', 'feats': 'Gender=Masc|Number=Sing', 'head': 37, 'deprel': 'obl', 'lemma': 'תחום'}]"
40,לא,ADV,ADV,41.0,advmod,"(146, 148)",לא,Polarity=Neg,
41,אלסטי,ADJ,ADJ,39.0,amod,"(149, 154)",אלסטי,Gender=Masc|Number=Sing,
"(42, 43)",וניתן,,,,,"(155, 160)",,,"[{'id': 42, 'text': 'ו', 'upos': 'CCONJ', 'xpos': 'CCONJ', 'head': 43, 'deprel': 'cc', 'lemma': 'ו'}, {'id': 43, 'text': 'ניתן', 'upos': 'AUX', 'xpos': 'AUX', 'feats': 'Gender=Masc|Number=Sing|Person=1,2,3|VerbType=Mod', 'head': 44, 'deprel': 'aux', 'lemma': 'ניתן'}]"
44,להשתמש,VERB,VERB,37.0,conj,"(161, 167)",השתמש,HebBinyan=HITPAEL|VerbForm=Inf,
"(45, 46)",במקדמי,,,,,"(168, 174)",,,"[{'id': 45, 'text': 'ב', 'upos': 'ADP', 'xpos': 'ADP', 'head': 46, 'deprel': 'case', 'lemma': 'ב'}, {'id': 46, 'text': 'מקדמי', 'upos': 'NOUN', 'xpos': 'NOUN', 'feats': 'Definite=Cons|Gender=Masc|Number=Plur', 'head': 44, 'deprel': 'obl', 'lemma': 'מקדם'}]"
47,הקטנת,NOUN,NOUN,46.0,compound:smixut,"(175, 180)",הקטנה,Definite=Cons|Gender=Fem|Number=Sing,
"(48, 49)",הכוח,,,,,"(181, 185)",,,"[{'id': 48, 'text': 'ה', 'upos': 'DET', 'xpos': 'DET', 'feats': 'PronType=Art', 'head': 49, 'deprel': 'det:def', 'lemma': 'ה'}, {'id': 49, 'text': 'כוח', 'upos': 'NOUN', 'xpos': 'NOUN', 'feats': 'Gender=Masc|Number=Sing', 'head': 47, 'deprel': 'compound:smixut', 'lemma': 'כוח'}]"
50,עקב,CCONJ,CCONJ,51.0,case,"(186, 189)",עקב,,
51,פעולה,NOUN,NOUN,44.0,obl,"(190, 195)",פעולה,Gender=Fem|Number=Sing,
52,סיסמית,ADJ,ADJ,51.0,amod,"(196, 202)",סיסמי,Gender=Fem|Number=Sing,
"(1, 2)",לתכנון,,,,,"(1, 7)",,,"[{'id': 1, 'text': 'ל', 'upos': 'ADP', 'xpos': 'ADP', 'head': 2, 'deprel': 'case', 'lemma': 'ל'}, {'id': 2, 'text': 'תכנון', 'upos': 'NOUN', 'xpos': 'NOUN', 'feats': 'Gender=Masc|Number=Sing', 'head': 26, 'deprel': 'obl', 'lemma': 'תכנון'}]"
3,סיסמי,ADJ,ADJ,2.0,amod,"(8, 13)",סיסמי,Gender=Masc|Number=Sing,
4,עבור,ADP,ADP,5.0,case,"(14, 18)",עבור,,
5,מגוון,NOUN,NOUN,2.0,nmod,"(19, 24)",מגוון,Gender=Masc|Number=Sing,
6,רחב,ADJ,ADJ,5.0,amod,"(25, 28)",רחב,Gender=Masc|Number=Sing,
7,של,ADP,ADP,8.0,case:gen,"(29, 31)",של,Case=Gen,
8,מבנים,NOUN,NOUN,5.0,nmod,"(32, 37)",מבנה,Gender=Masc|Number=Plur,
"(9, 10)",בגובה,,,,,"(38, 43)",,,"[{'id': 9, 'text': 'ב', 'upos': 'ADP', 'xpos': 'ADP', 'head': 10, 'deprel': 'case', 'lemma': 'ב'}, {'id': 10, 'text': 'גובה', 'upos': 'NOUN', 'xpos': 'NOUN', 'feats': 'Gender=Masc|Number=Sing', 'head': 8, 'deprel': 'nmod', 'lemma': 'גובה'}]"
11,עד,ADP,ADP,16.0,case,"(44, 46)",עד,,
"(12, 13)",לכ,,,,,"(47, 49)",,,"[{'id': 12, 'text': 'ל', 'upos': 'ADP', 'xpos': 'ADP', 'head': 11, 'deprel': 'fixed', 'lemma': 'ל'}, {'id': 13, 'text': 'כ', 'upos': 'ADV', 'xpos': 'ADV', 'head': 16, 'deprel': 'advmod', 'lemma': 'כ'}]"
14,-,PUNCT,PUNCT,16.0,punct,"(49, 50)",-,,
15,40,NUM,NUM,16.0,nummod,"(50, 52)",40,,
16,מ',NOUN,NOUN,10.0,advmod,"(53, 55)",מ',,
17,",",PUNCT,PUNCT,8.0,punct,"(55, 56)",",",,
18,כולל,VERB,VERB,19.0,case,"(57, 61)",כלל,"Gender=Masc|HebBinyan=PAAL|Number=Sing|Person=1,2,3|VerbForm=Part|Voice=Act",
19,מבני,NOUN,NOUN,10.0,nmod,"(62, 66)",מבנה,Definite=Cons|Gender=Masc|Number=Plur,
20,מגורים,NOUN,NOUN,19.0,compound:smixut,"(67, 73)",מגורים,Gender=Masc|Number=Plur,
21,",",PUNCT,PUNCT,26.0,punct,"(73, 74)",",",,
"(22, 23)",בכל,,,,,"(75, 78)",,,"[{'id': 22, 'text': 'ב', 'upos': 'ADP', 'xpos': 'ADP', 'head': 25, 'deprel': 'case', 'lemma': 'ב'}, {'id': 23, 'text': 'כל', 'upos': 'DET', 'xpos': 'DET', 'feats': 'Definite=Cons', 'head': 25, 'deprel': 'det', 'lemma': 'כול'}]"
"(24, 25)",המדינות,,,,,"(79, 86)",,,"[{'id': 24, 'text': 'ה', 'upos': 'DET', 'xpos': 'DET', 'feats': 'PronType=Art', 'head': 25, 'deprel': 'det:def', 'lemma': 'ה'}, {'id': 25, 'text': 'מדינות', 'upos': 'NOUN', 'xpos': 'NOUN', 'feats': 'Gender=Fem|Number=Plur', 'head': 26, 'deprel': 'obl', 'lemma': 'מדינה'}]"
26,עושים,VERB,VERB,0.0,root,"(87, 92)",עשה,"Gender=Masc|HebBinyan=PAAL|Number=Plur|Person=1,2,3|VerbForm=Part|Voice=Act",
27,שימוש,NOUN,NOUN,26.0,obj,"(93, 98)",שימוש,Gender=Masc|Number=Sing,
"(28, 29)",בשיטות,,,,,"(99, 105)",,,"[{'id': 28, 'text': 'ב', 'upos': 'ADP', 'xpos': 'ADP', 'head': 29, 'deprel': 'case', 'lemma': 'ב'}, {'id': 29, 'text': 'שיטות', 'upos': 'NOUN', 'xpos': 'NOUN', 'feats': 'Gender=Fem|Number=Plur', 'head': 27, 'deprel': 'nmod', 'lemma': 'שיטה'}]"
30,מפושטות,VERB,VERB,29.0,amod,"(106, 113)",פושט,"Gender=Fem|HebBinyan=PUAL|Number=Plur|Person=1,2,3|VerbForm=Part|Voice=Pass",
"(31, 32)",לחישוב,,,,,"(114, 120)",,,"[{'id': 31, 'text': 'ל', 'upos': 'ADP', 'xpos': 'ADP', 'head': 32, 'deprel': 'case', 'lemma': 'ל'}, {'id': 32, 'text': 'חישוב', 'upos': 'NOUN', 'xpos': 'NOUN', 'feats': 'Definite=Cons|Gender=Masc|Number=Sing', 'head': 29, 'deprel': 'nmod', 'lemma': 'חישוב'}]"
33,ת,PROPN,PROPN,32.0,compound:smixut,"(121, 122)",ת,,
1,ב,PROPN,PROPN,0.0,root,"(0, 1)",ב,,
1,נוסחאות,NOUN,NOUN,5.0,nsubj,"(1, 8)",נוסחה,Gender=Fem|Number=Plur,
"(2, 3)",מסוג,,,,,"(9, 13)",,,"[{'id': 2, 'text': 'מ', 'upos': 'ADP', 'xpos': 'ADP', 'head': 3, 'deprel': 'case', 'lemma': 'מ'}, {'id': 3, 'text': 'סוג', 'upos': 'NOUN', 'xpos': 'NOUN', 'feats': 'Gender=Masc|Number=Sing', 'head': 1, 'deprel': 'nmod', 'lemma': 'סוג'}]"
4,זה,PRON,PRON,3.0,det,"(14, 16)",זה,Gender=Masc|Number=Sing|Person=3|PronType=Dem,
5,נכללות,VERB,VERB,0.0,root,"(17, 23)",נכלל,"Gender=Fem|HebBinyan=NIFAL|Number=Plur|Person=1,2,3|VerbForm=Part|Voice=Mid",
6,גם,ADV,ADV,7.0,advmod,"(24, 26)",גם,,
"(7, 8)","בת""י",,,,,"(27, 31)",,,"[{'id': 7, 'text': 'ב', 'upos': 'ADP', 'xpos': 'ADP', 'head': 8, 'deprel': 'case', 'lemma': 'ב'}, {'id': 8, 'text': 'ת""י', 'upos': 'PROPN', 'xpos': 'PROPN', 'feats': 'Abbr=Yes', 'head': 5, 'deprel': 'obl', 'lemma': 'ת""י'}]"
9,413,NUM,NUM,8.0,nummod,"(32, 35)",413,,
10,[,PUNCT,PUNCT,11.0,punct,"(36, 37)",[,,
11,1,NUM,NUM,8.0,appos,"(37, 38)",1,,
12,],PUNCT,PUNCT,11.0,punct,"(38, 39)",],,
1,שיטת,NOUN,NOUN,0.0,root,"(1, 5)",שיטה,Definite=Cons|Gender=Fem|Number=Sing,
2,חישוב,NOUN,NOUN,1.0,compound:smixut,"(6, 11)",חישוב,Gender=Masc|Number=Sing,
3,של,ADP,ADP,4.0,case:gen,"(12, 14)",של,Case=Gen,
4,ת,PROPN,PROPN,1.0,nmod:poss,"(15, 16)",ת,,
1,ב,PROPN,PROPN,0.0,root,"(0, 1)",ב,,
"(1, 2)","בת""י",,,,,"(1, 5)",,,"[{'id': 1, 'text': 'ב', 'upos': 'ADP', 'xpos': 'ADP', 'head': 2, 'deprel': 'case', 'lemma': 'ב'}, {'id': 2, 'text': 'ת""י', 'upos': 'PROPN', 'xpos': 'PROPN', 'feats': 'Abbr=Yes', 'head': 13, 'deprel': 'obl', 'lemma': 'ת""י'}]"
3,413,NUM,NUM,2.0,nummod,"(6, 9)",413,,
"(4, 5)",וגם,,,,,"(10, 13)",,,"[{'id': 4, 'text': 'ו', 'upos': 'CCONJ', 'xpos': 'CCONJ', 'head': 8, 'deprel': 'cc', 'lemma': 'ו'}, {'id': 5, 'text': 'גם', 'upos': 'ADV', 'xpos': 'ADV', 'head': 6, 'deprel': 'advmod', 'lemma': 'גם'}]"
6,ב,ADP,ADP,8.0,case,"(14, 15)",ב,,
7,-,PUNCT,PUNCT,8.0,punct,"(15, 16)",-,,
8,8,NUM,NUM,2.0,conj,"(16, 17)",8,,
9,10,NUM,NUM,8.0,nummod,"(18, 20)",10,,
10,],PUNCT,PUNCT,8.0,punct,"(20, 21)",],,
11,Eurocode,PROPN,PROPN,8.0,appos,"(22, 30)",Eurocode,,
12,],PUNCT,PUNCT,8.0,punct,"(30, 31)",],,
13,מבוססות,VERB,VERB,0.0,root,"(32, 39)",מבוססות,"Gender=Fem|Number=Plur|Person=1,2,3|VerbForm=Part",
14,על,ADP,ADP,15.0,case,"(40, 42)",על,,
15,שיטת,NOUN,NOUN,13.0,obl,"(43, 47)",שיטה,Definite=Cons|Gender=Fem|Number=Sing,
16,חישוב,NOUN,NOUN,15.0,compound:smixut,"(48, 53)",חישוב,Gender=Masc|Number=Sing,
17,של,ADP,ADP,18.0,case:gen,"(54, 56)",של,Case=Gen,
18,97,NUM,NUM,15.0,nmod,"(57, 59)",97,,
19,-,PUNCT,PUNCT,18.0,punct,"(59, 60)",-,,
20,30,NUM,NUM,18.0,dep,"(60, 62)",30,,
21,],PUNCT,PUNCT,18.0,punct,"(62, 63)",],,
22,UBC,PROPN,PROPN,15.0,nmod,"(64, 67)",UBC,,
23,],PUNCT,PUNCT,18.0,punct,"(67, 68)",],,
24,",",PUNCT,PUNCT,15.0,punct,"(68, 69)",",",,
"(25, 26)",שהינה,,,,,"(70, 75)",,,"[{'id': 25, 'text': 'ש', 'upos': 'SCONJ', 'xpos': 'SCONJ', 'head': 27, 'deprel': 'mark', 'lemma': 'ש'}, {'id': 26, 'text': 'הינה', 'upos': 'PRON', 'xpos': 'PRON', 'feats': 'Gender=Fem|Number=Sing|Person=3|PronType=Prs', 'head': 27, 'deprel': 'nsubj', 'lemma': 'הינה'}]"
27,שיטה,NOUN,NOUN,15.0,acl:relcl,"(76, 80)",שיטה,Gender=Fem|Number=Sing,
28,ניסיונית,ADJ,ADJ,27.0,amod,"(81, 89)",ניסיוני,Gender=Fem|Number=Sing,
29,אמפירית,ADJ,ADJ,27.0,amod,"(90, 97)",אמפירי,Gender=Fem|Number=Sing,
30,",",PUNCT,PUNCT,27.0,punct,"(97, 98)",",",,
"(31, 34)",שפותחה,,,,,"(99, 105)",,,"[{'id': 31, 'text': 'ש', 'upos': 'SCONJ', 'xpos': 'SCONJ', 'head': 38, 'deprel': 'mark', 'lemma': 'ש'}, {'id': 32, 'text': 'פותח_', 'upos': 'NOUN', 'xpos': 'NOUN', 'feats': 'Definite=Def|Gender=Masc|Number=Sing', 'head': 38, 'deprel': 'nsubj', 'lemma': 'פותח'}, {'id': 33, 'text': '_של_', 'upos': 'ADP', 'xpos': 'ADP', 'head': 34, 'deprel': 'case:gen', 'lemma': 'של'}, {'id': 34, 'text': '_היא', 'upos': 'PRON', 'xpos': 'PRON', 'feats': 'Case=Gen|Gender=Fem|Number=Sing|Person=3|PronType=Prs', 'head': 32, 'deprel': 'nmod:poss', 'lemma': 'הוא'}]"
"(35, 36)","בארה""ב",,,,,"(106, 112)",,,"[{'id': 35, 'text': 'ב', 'upos': 'ADP', 'xpos': 'ADP', 'head': 36, 'deprel': 'case', 'lemma': 'ב'}, {'id': 36, 'text': 'ארה""ב', 'upos': 'PROPN', 'xpos': 'PROPN', 'feats': 'Abbr=Yes', 'head': 32, 'deprel': 'nmod', 'lemma': 'ארה""ב'}]"
"(37, 38)",בהתבסס,,,,,"(113, 119)",,,"[{'id': 37, 'text': 'ב', 'upos': 'ADP', 'xpos': 'ADP', 'head': 38, 'deprel': 'case', 'lemma': 'ב'}, {'id': 38, 'text': 'התבסס', 'upos': 'VERB', 'xpos': 'VERB', 'feats': 'Gender=Masc|HebBinyan=HITPAEL|Number=Sing|Person=3|Tense=Past', 'head': 27, 'deprel': 'nmod', 'lemma': 'התבסס'}]"
39,על,ADP,ADP,40.0,case,"(120, 122)",על,,
40,בדיקות,NOUN,NOUN,38.0,obl,"(123, 129)",בדיקה,Gender=Fem|Number=Plur,
41,של,ADP,ADP,42.0,case:gen,"(130, 132)",של,Case=Gen,
42,מבנים,NOUN,NOUN,40.0,nmod:poss,"(133, 138)",מבנה,Gender=Masc|Number=Plur,
"(43, 44)","בארה""ב",,,,,"(139, 145)",,,"[{'id': 43, 'text': 'ב', 'upos': 'ADP', 'xpos': 'ADP', 'head': 44, 'deprel': 'case', 'lemma': 'ב'}, {'id': 44, 'text': 'ארה""ב', 'upos': 'PROPN', 'xpos': 'PROPN', 'feats': 'Abbr=Yes', 'head': 42, 'deprel': 'nmod', 'lemma': 'ארה""ב'}]"
1,נוסחאות,NOUN,NOUN,0.0,root,"(1, 8)",נוסחה,Gender=Fem|Number=Plur,
"(2, 3)",לחישוב,,,,,"(9, 15)",,,"[{'id': 2, 'text': 'ל', 'upos': 'ADP', 'xpos': 'ADP', 'head': 3, 'deprel': 'case', 'lemma': 'ל'}, {'id': 3, 'text': 'חישוב', 'upos': 'NOUN', 'xpos': 'NOUN', 'feats': 'Definite=Cons|Gender=Masc|Number=Sing', 'head': 1, 'deprel': 'nmod', 'lemma': 'חישוב'}]"
4,ת,PROPN,PROPN,3.0,compound:smixut,"(16, 17)",ת,,
1,ב,PROPN,PROPN,0.0,root,"(0, 1)",ב,,
1,ב,ADP,ADP,3.0,dep,"(1, 2)",ב,,
2,-,PUNCT,PUNCT,3.0,punct,"(2, 3)",-,,
3,97,NUM,NUM,30.0,nsubj,"(3, 5)",97,,
4,-,PUNCT,PUNCT,3.0,punct,"(5, 6)",-,,
5,Eurocode,NOUN,NOUN,3.0,dep,"(6, 14)",Eurocode,HebSource=ConvUncertainHead,
6,8,NUM,NUM,3.0,nummod,"(15, 16)",8,,
7,",",PUNCT,PUNCT,3.0,punct,"(17, 18)",",",,
"(8, 10)",UBC,,,,,"(18, 21)",,,"[{'id': 8, 'text': 'פ', 'upos': 'PROPN', 'xpos': 'PROPN', 'head': 3, 'deprel': 'dep', 'lemma': 'פ'}, {'id': 9, 'text': 'ה_', 'upos': 'DET', 'xpos': 'DET', 'feats': 'PronType=Art', 'head': 10, 'deprel': 'det:def', 'lemma': 'ה'}, {'id': 10, 'text': 'חח', 'upos': 'PROPN', 'xpos': 'PROPN', 'feats': 'HebSource=ConvUncertainHead', 'head': 8, 'deprel': 'nmod', 'lemma': 'חח'}]"
11,ו,CCONJ,CCONJ,13.0,cc,"(22, 23)",ו,HebSource=ConvUncertainHead,
12,-,PUNCT,PUNCT,3.0,punct,"(23, 24)",-,,
13,"ת""י",PROPN,PROPN,3.0,dep,"(24, 27)","ת""י",Abbr=Yes,
14,413,NUM,NUM,13.0,nummod,"(28, 31)",413,HebSource=ConvUncertainHead,
15,",",PUNCT,PUNCT,3.0,punct,"(31, 32)",",",,
16,גיליון,NOUN,NOUN,3.0,dep,"(33, 39)",גיליון,Gender=Masc|Number=Sing,
17,5,NUM,NUM,16.0,nummod,"(40, 41)",5,,
18,",",PUNCT,PUNCT,30.0,punct,"(41, 42)",",",,
19,עבור,ADP,ADP,20.0,case,"(42, 46)",עבור,,
20,מבני,NOUN,NOUN,30.0,obl,"(47, 51)",מבנה,Definite=Cons|Gender=Masc|Number=Plur,
21,בטון,NOUN,NOUN,20.0,compound:smixut,"(52, 56)",בטון,Gender=Masc|Number=Sing,
22,מזוין,VERB,VERB,21.0,amod,"(57, 62)",מזוין,"Gender=Masc|HebBinyan=PUAL|Number=Sing|Person=1,2,3|VerbForm=Part|Voice=Pass",
23,",",PUNCT,PUNCT,20.0,punct,"(62, 63)",",",,
"(24, 25)",בהן,,,,,"(64, 67)",,,"[{'id': 24, 'text': 'ב_', 'upos': 'ADP', 'xpos': 'ADP', 'head': 25, 'deprel': 'case', 'lemma': 'ב'}, {'id': 25, 'text': '_הן', 'upos': 'PRON', 'xpos': 'PRON', 'feats': 'Gender=Fem|Number=Plur|Person=3|PronType=Prs', 'head': 26, 'deprel': 'obl', 'lemma': 'הוא'}]"
26,עוסקת,VERB,VERB,20.0,acl,"(68, 73)",עסק,"Gender=Fem|HebBinyan=PAAL|Number=Sing|Person=1,2,3|VerbForm=Part|Voice=Act",
27,עבודה,NOUN,NOUN,26.0,nsubj,"(74, 79)",עבודה,Gender=Fem|Number=Sing,
28,זאת,PRON,PRON,27.0,det,"(80, 83)",זאת,Gender=Fem|Number=Sing|Person=3|PronType=Dem,
29,",",PUNCT,PUNCT,30.0,punct,"(83, 84)",",",,
30,מוצגות,VERB,VERB,0.0,root,"(85, 91)",הוצג,"Gender=Fem|HebBinyan=HUFAL|Number=Plur|Person=1,2,3|VerbForm=Part|Voice=Pass",
"(31, 33)",בטבלה,,,,,"(92, 97)",,,"[{'id': 31, 'text': 'ב', 'upos': 'ADP', 'xpos': 'ADP', 'head': 33, 'deprel': 'case', 'lemma': 'ב'}, {'id': 32, 'text': 'ה_', 'upos': 'DET', 'xpos': 'DET', 'feats': 'PronType=Art', 'head': 33, 'deprel': 'det:def', 'lemma': 'ה'}, {'id': 33, 'text': 'טבלה', 'upos': 'NOUN', 'xpos': 'NOUN', 'feats': 'Gender=Fem|Number=Sing', 'head': 30, 'deprel': 'obl', 'lemma': 'טבלה'}]"
34,מס',NOUN,NOUN,33.0,nmod,"(98, 101)",מס',HebSource=ConvUncertainLabel,
35,1,NUM,NUM,34.0,nummod,"(102, 103)",1,,
1,1,NUM,NUM,0.0,root,"(0, 1)",1,,
"(1, 2)",מעיון,,,,,"(1, 6)",,,"[{'id': 1, 'text': 'מ', 'upos': 'ADP', 'xpos': 'ADP', 'head': 2, 'deprel': 'case', 'lemma': 'מ'}, {'id': 2, 'text': 'עיון', 'upos': 'NOUN', 'xpos': 'NOUN', 'feats': 'Gender=Masc|Number=Sing', 'head': 8, 'deprel': 'obl', 'lemma': 'עיון'}]"
"(3, 5)",בטבלה,,,,,"(7, 12)",,,"[{'id': 3, 'text': 'ב', 'upos': 'ADP', 'xpos': 'ADP', 'head': 5, 'deprel': 'case', 'lemma': 'ב'}, {'id': 4, 'text': 'ה_', 'upos': 'DET', 'xpos': 'DET', 'feats': 'PronType=Art', 'head': 5, 'deprel': 'det:def', 'lemma': 'ה'}, {'id': 5, 'text': 'טבלה', 'upos': 'NOUN', 'xpos': 'NOUN', 'feats': 'Gender=Fem|Number=Sing', 'head': 2, 'deprel': 'nmod', 'lemma': 'טבלה'}]"
6,מס',NOUN,NOUN,5.0,nmod,"(13, 16)",מס',,
7,1,NUM,NUM,6.0,nummod,"(17, 18)",1,,
8,ניתן,AUX,AUX,9.0,aux,"(19, 23)",ניתן,"Gender=Masc|Number=Sing|Person=1,2,3|VerbType=Mod",
9,לראות,VERB,VERB,0.0,root,"(24, 29)",ראה,HebBinyan=PAAL|VerbForm=Inf|Voice=Act,
10,:,PUNCT,PUNCT,22.0,punct,"(29, 30)",:,,
11,∗,PUNCT,PUNCT,9.0,advcl,"(31, 32)",∗,,
12,מסגרת,NOUN,NOUN,11.0,dep,"(33, 38)",מסגרת,Gender=Fem|Number=Sing,
13,מבטון,NOUN,NOUN,12.0,compound:smixut,"(39, 44)",מבטון,Gender=Masc|Number=Sing,
14,מזוין,VERB,VERB,13.0,amod,"(45, 50)",מזוין,"Gender=Masc|HebBinyan=PUAL|Number=Sing|Person=1,2,3|VerbForm=Part|Voice=Pass",
15,ב,ADP,ADP,18.0,case,"(51, 52)",ב,,
16,-,PUNCT,PUNCT,18.0,punct,"(52, 53)",-,,
17,8,NUM,NUM,13.0,nummod,"(53, 54)",8,,
18,Eurocode,NOUN,NOUN,13.0,advmod,"(55, 63)",Eurocode,,
"(19, 20)","ות""י",,,,,"(64, 68)",,,"[{'id': 19, 'text': 'ו', 'upos': 'CCONJ', 'xpos': 'CCONJ', 'feats': 'HebSource=ConvUncertainHead', 'head': 22, 'deprel': 'cc', 'lemma': 'ו'}, {'id': 20, 'text': 'ת""י', 'upos': 'PROPN', 'xpos': 'PROPN', 'feats': 'Abbr=Yes', 'head': 22, 'deprel': 'dep', 'lemma': 'ת""י'}]"
21,413,NUM,NUM,22.0,nummod,"(69, 72)",413,,
22,משתמשים,VERB,VERB,13.0,dep,"(73, 80)",השתמש,"Gender=Masc|HebBinyan=HITPAEL|Number=Plur|Person=1,2,3|VerbForm=Part",
"(23, 24)",באותה,,,,,"(81, 86)",,,"[{'id': 23, 'text': 'ב', 'upos': 'ADP', 'xpos': 'ADP', 'head': 25, 'deprel': 'case', 'lemma': 'ב'}, {'id': 24, 'text': 'אותה', 'upos': 'PRON', 'xpos': 'PRON', 'feats': 'Definite=Def|Gender=Fem|Number=Sing|Person=3|PronType=Prs', 'head': 25, 'deprel': 'det', 'lemma': 'אותו'}]"
"(25, 27)",נוסחה,,,,,"(87, 92)",,,"[{'id': 25, 'text': 'נוסח_', 'upos': 'NOUN', 'xpos': 'NOUN', 'feats': 'Definite=Def|Gender=Fem|Number=Sing', 'head': 22, 'deprel': 'obl', 'lemma': 'נוסח'}, {'id': 26, 'text': '_של_', 'upos': 'ADP', 'xpos': 'ADP', 'head': 27, 'deprel': 'case:gen', 'lemma': 'של'}, {'id': 27, 'text': '_היא', 'upos': 'PRON', 'xpos': 'PRON', 'feats': 'Case=Gen|Gender=Fem|Number=Sing|Person=3|PronType=Prs', 'head': 25, 'deprel': 'nmod:poss', 'lemma': 'הוא'}]"
28,(,PUNCT,PUNCT,8.0,punct,"(93, 94)",(,,
29,1,NUM,NUM,22.0,appos,"(94, 95)",1,,
1,1,NUM,NUM,0.0,root,"(0, 1)",1,,
2,),PUNCT,PUNCT,1.0,punct,"(1, 2)",),,
"(1, 2)",ההבדל,,,,,"(1, 6)",,,"[{'id': 1, 'text': 'ה', 'upos': 'DET', 'xpos': 'DET', 'feats': 'PronType=Art', 'head': 2, 'deprel': 'det:def', 'lemma': 'ה'}, {'id': 2, 'text': 'הבדל', 'upos': 'NOUN', 'xpos': 'NOUN', 'feats': 'Gender=Masc|Number=Sing', 'head': 10, 'deprel': 'nsubj:cop', 'lemma': 'הבדל'}]"
"(3, 4)",היחידי,,,,,"(7, 13)",,,"[{'id': 3, 'text': 'ה', 'upos': 'DET', 'xpos': 'DET', 'feats': 'PronType=Art', 'head': 4, 'deprel': 'det:def', 'lemma': 'ה'}, {'id': 4, 'text': 'יחידי', 'upos': 'ADJ', 'xpos': 'ADJ', 'feats': 'Gender=Masc|Number=Sing', 'head': 2, 'deprel': 'amod', 'lemma': 'יחידי'}]"
5,בין,ADP,ADP,7.0,case,"(14, 17)",בין,,
"(6, 7)",הנוסחאות,,,,,"(18, 26)",,,"[{'id': 6, 'text': 'ה', 'upos': 'DET', 'xpos': 'DET', 'feats': 'PronType=Art', 'head': 7, 'deprel': 'det:def', 'lemma': 'ה'}, {'id': 7, 'text': 'נוסחאות', 'upos': 'NOUN', 'xpos': 'NOUN', 'feats': 'Gender=Fem|Number=Plur', 'head': 2, 'deprel': 'nmod', 'lemma': 'נוסחה'}]"
8,הוא,AUX,AUX,10.0,cop,"(27, 30)",הוא,Gender=Masc|Number=Sing|Person=3|Polarity=Pos|VerbForm=Part|VerbType=Cop,
"(9, 10)",בהפרש,,,,,"(31, 36)",,,"[{'id': 9, 'text': 'ב', 'upos': 'ADP', 'xpos': 'ADP', 'head': 10, 'deprel': 'case', 'lemma': 'ב'}, {'id': 10, 'text': 'הפרש', 'upos': 'NOUN', 'xpos': 'NOUN', 'feats': 'Gender=Masc|Number=Sing', 'head': 0, 'deprel': 'root', 'lemma': 'הפרש'}]"
11,קטן,ADJ,ADJ,10.0,amod,"(37, 40)",קטן,Gender=Masc|Number=Sing,
12,בין,ADP,ADP,14.0,case,"(41, 44)",בין,,
"(13, 14)",המקדמים,,,,,"(45, 52)",,,"[{'id': 13, 'text': 'ה', 'upos': 'DET', 'xpos': 'DET', 'feats': 'PronType=Art', 'head': 14, 'deprel': 'det:def', 'lemma': 'ה'}, {'id': 14, 'text': 'מקדמים', 'upos': 'NOUN', 'xpos': 'NOUN', 'feats': 'Gender=Masc|HebBinyan=PIEL|Number=Plur|Person=1,2,3|VerbForm=Part|Voice=Act', 'head': 10, 'deprel': 'nmod', 'lemma': 'מקדם'}]"
15,",",PUNCT,PUNCT,10.0,punct,"(52, 53)",",",,
"(16, 17)",שנוצר,,,,,"(54, 59)",,,"[{'id': 16, 'text': 'ש', 'upos': 'SCONJ', 'xpos': 'SCONJ', 'head': 17, 'deprel': 'mark', 'lemma': 'ש'}, {'id': 17, 'text': 'נוצר', 'upos': 'VERB', 'xpos': 'VERB', 'feats': 'Gender=Masc|HebBinyan=NIFAL|Number=Sing|Person=3|Tense=Past|Voice=Mid', 'head': 10, 'deprel': 'acl:relcl', 'lemma': 'נוצר'}]"
18,עקב,CCONJ,CCONJ,19.0,case,"(60, 63)",עקב,,
19,עיגול,NOUN,NOUN,17.0,obl,"(64, 69)",עיגול,Definite=Cons|Gender=Masc|Number=Sing,
"(20, 21)",המקדם,,,,,"(70, 75)",,,"[{'id': 20, 'text': 'ה', 'upos': 'DET', 'xpos': 'DET', 'feats': 'PronType=Art', 'head': 21, 'deprel': 'det:def', 'lemma': 'ה'}, {'id': 21, 'text': 'מקדם', 'upos': 'NOUN', 'xpos': 'NOUN', 'feats': 'Gender=Masc|Number=Sing', 'head': 19, 'deprel': 'compound:smixut', 'lemma': 'מקדם'}]"
"(22, 23)",בנוסחאות,,,,,"(76, 84)",,,"[{'id': 22, 'text': 'ב', 'upos': 'ADP', 'xpos': 'ADP', 'head': 23, 'deprel': 'case', 'lemma': 'ב'}, {'id': 23, 'text': 'נוסחאות', 'upos': 'NOUN', 'xpos': 'NOUN', 'feats': 'Gender=Fem|Number=Plur', 'head': 19, 'deprel': 'nmod', 'lemma': 'נוסחה'}]"
24,ב,ADP,ADP,26.0,case,"(85, 86)",ב,,
25,-,PUNCT,PUNCT,26.0,punct,"(86, 87)",-,,
26,8,NUM,NUM,23.0,nummod,"(87, 88)",8,,
27,Eurocode,PROPN,PROPN,26.0,dep,"(89, 97)",Eurocode,,
"(28, 29)","ות""י",,,,,"(98, 102)",,,"[{'id': 28, 'text': 'ו', 'upos': 'CCONJ', 'xpos': 'CCONJ', 'head': 29, 'deprel': 'cc', 'lemma': 'ו'}, {'id': 29, 'text': 'ת""י', 'upos': 'PROPN', 'xpos': 'PROPN', 'feats': 'Abbr=Yes', 'head': 23, 'deprel': 'conj', 'lemma': 'ת""י'}]"
30,413,NUM,NUM,29.0,nummod,"(103, 106)",413,,
"(31, 32)",ביחידות,,,,,"(107, 114)",,,"[{'id': 31, 'text': 'ב', 'upos': 'ADP', 'xpos': 'ADP', 'head': 32, 'deprel': 'case', 'lemma': 'ב'}, {'id': 32, 'text': 'יחידות', 'upos': 'NOUN', 'xpos': 'NOUN', 'feats': 'Definite=Cons|Gender=Fem|Number=Plur', 'head': 23, 'deprel': 'nmod', 'lemma': 'יחידה'}]"
33,SI,PROPN,PROPN,32.0,compound:smixut,"(115, 117)",SI,,
34,לאחר,ADP,ADP,35.0,case,"(118, 122)",לאחר,,
35,המרת,NOUN,NOUN,19.0,nmod,"(123, 127)",המרה,Definite=Cons|Gender=Fem|Number=Sing,
"(36, 37)",המקדם,,,,,"(128, 133)",,,"[{'id': 36, 'text': 'ה', 'upos': 'DET', 'xpos': 'DET', 'feats': 'PronType=Art', 'head': 37, 'deprel': 'det:def', 'lemma': 'ה'}, {'id': 37, 'text': 'מקדם', 'upos': 'NOUN', 'xpos': 'NOUN', 'feats': 'Gender=Masc|Number=Sing', 'head': 35, 'deprel': 'compound:smixut', 'lemma': 'מקדם'}]"
38,",",PUNCT,PUNCT,35.0,punct,"(133, 134)",",",,
"(39, 40)",שמופיע,,,,,"(135, 141)",,,"[{'id': 39, 'text': 'ש', 'upos': 'SCONJ', 'xpos': 'SCONJ', 'head': 40, 'deprel': 'mark', 'lemma': 'ש'}, {'id': 40, 'text': 'מופיע', 'upos': 'VERB', 'xpos': 'VERB', 'feats': 'Gender=Masc|HebBinyan=HIFIL|Number=Sing|Person=1,2,3|VerbForm=Part|Voice=Act', 'head': 37, 'deprel': 'acl:relcl', 'lemma': 'הופיע'}]"
41,ב,ADP,ADP,43.0,case,"(142, 143)",ב,,
42,-,PUNCT,PUNCT,43.0,punct,"(143, 144)",-,,
43,97,NUM,NUM,40.0,advmod,"(144, 146)",97,,
44,-,PUNCT,PUNCT,43.0,punct,"(146, 147)",-,,
45,UBC,PROPN,PROPN,43.0,dep,"(147, 150)",UBC,,
1,∗,PUNCT,PUNCT,13.0,nsubj,"(1, 2)",∗,,
"(2, 5)",מבנה,,,,,"(3, 7)",,,"[{'id': 2, 'text': 'מ', 'upos': 'ADP', 'xpos': 'ADP', 'head': 3, 'deprel': 'case', 'lemma': 'מ'}, {'id': 3, 'text': 'בן_', 'upos': 'NOUN', 'xpos': 'NOUN', 'feats': 'Definite=Def|Gender=Masc|Number=Plur', 'head': 13, 'deprel': 'obl', 'lemma': 'בן'}, {'id': 4, 'text': '_של_', 'upos': 'ADP', 'xpos': 'ADP', 'head': 5, 'deprel': 'case:gen', 'lemma': 'של'}, {'id': 5, 'text': '_היא', 'upos': 'PRON', 'xpos': 'PRON', 'feats': 'Case=Gen|Gender=Fem|Number=Sing|Person=3|PronType=Prs', 'head': 3, 'deprel': 'nmod:poss', 'lemma': 'הוא'}]"
6,עם,ADP,ADP,7.0,case,"(8, 10)",עם,,
7,קירות,NOUN,NOUN,3.0,nmod,"(11, 16)",קיר,Definite=Cons|Gender=Masc|Number=Plur,
"(8, 9)",הקשחה,,,,,"(17, 22)",,,"[{'id': 8, 'text': 'ה', 'upos': 'DET', 'xpos': 'DET', 'feats': 'PronType=Art', 'head': 9, 'deprel': 'det:def', 'lemma': 'ה'}, {'id': 9, 'text': 'קשחה', 'upos': 'NOUN', 'xpos': 'NOUN', 'feats': 'Gender=Fem|Number=Sing', 'head': 7, 'deprel': 'compound:smixut', 'lemma': 'קשחה'}]"
10,97,NUM,NUM,7.0,nummod,"(23, 25)",97,,
11,-,PUNCT,PUNCT,10.0,punct,"(25, 26)",-,,
12,UBC,X,X,10.0,dep,"(26, 29)",UBC,Xtra=Junk,
13,מגדיר,VERB,VERB,0.0,root,"(30, 35)",הגדיר,"Gender=Masc|HebBinyan=HIFIL|Number=Sing|Person=1,2,3|VerbForm=Part|Voice=Act",
14,שתי,NUM,NUM,15.0,nummod,"(36, 39)",שתי,Definite=Cons|Gender=Fem|Number=Plur,
15,נוסחאות,NOUN,NOUN,13.0,obj,"(40, 47)",נוסחה,Gender=Fem|Number=Plur,
16,:,PUNCT,PUNCT,15.0,punct,"(47, 48)",:,,
17,-,PUNCT,PUNCT,18.0,punct,"(49, 50)",-,,
18,נוסחה,NOUN,NOUN,15.0,appos,"(51, 56)",נוסחה,Gender=Fem|Number=Sing,
19,(,PUNCT,PUNCT,20.0,punct,"(57, 58)",(,,
20,1,NUM,NUM,18.0,appos,"(58, 59)",1,,
1,2,NUM,NUM,13.0,nsubj,"(0, 1)",2,,
2,),PUNCT,PUNCT,13.0,punct,"(1, 2)",),,
3,",",PUNCT,PUNCT,1.0,punct,"(2, 3)",",",,
"(4, 5)",שאינה,,,,,"(4, 9)",,,"[{'id': 4, 'text': 'ש', 'upos': 'SCONJ', 'xpos': 'SCONJ', 'head': 6, 'deprel': 'mark', 'lemma': 'ש'}, {'id': 5, 'text': 'אינה', 'upos': 'AUX', 'xpos': 'AUX', 'feats': 'Gender=Fem|Number=Sing|Person=3|Polarity=Neg|VerbForm=Part|VerbType=Cop', 'head': 6, 'deprel': 'advmod', 'lemma': 'אינו'}]"
6,כוללת,VERB,VERB,1.0,acl:relcl,"(10, 15)",כלל,"Gender=Fem|HebBinyan=PAAL|Number=Sing|Person=1,2,3|VerbForm=Part|Voice=Act",
7,פרמטרים,NOUN,NOUN,6.0,obj,"(16, 23)",פרמטר,Gender=Masc|Number=Plur,
8,של,ADP,ADP,9.0,case:gen,"(24, 26)",של,Case=Gen,
9,קירות,NOUN,NOUN,7.0,nmod:poss,"(27, 32)",קיר,Definite=Cons|Gender=Masc|Number=Plur,
"(10, 11)",ההקשחה,,,,,"(33, 39)",,,"[{'id': 10, 'text': 'ה', 'upos': 'DET', 'xpos': 'DET', 'feats': 'PronType=Art', 'head': 11, 'deprel': 'det:def', 'lemma': 'ה'}, {'id': 11, 'text': 'הקשחה', 'upos': 'NOUN', 'xpos': 'NOUN', 'feats': 'Gender=Fem|Number=Sing', 'head': 9, 'deprel': 'compound:smixut', 'lemma': 'הקשחה'}]"
12,",",PUNCT,PUNCT,13.0,punct,"(39, 40)",",",,
13,מיועדת,VERB,VERB,0.0,root,"(41, 47)",יועד,"Gender=Fem|HebBinyan=PUAL|Number=Sing|Person=1,2,3|VerbForm=Part|Voice=Pass",
"(14, 15)",למצב,,,,,"(48, 52)",,,"[{'id': 14, 'text': 'ל', 'upos': 'ADP', 'xpos': 'ADP', 'head': 15, 'deprel': 'case', 'lemma': 'ל'}, {'id': 15, 'text': 'מצב', 'upos': 'NOUN', 'xpos': 'NOUN', 'feats': 'Gender=Masc|Number=Sing', 'head': 13, 'deprel': 'obl', 'lemma': 'מצב'}]"
16,כאשר,SCONJ,SCONJ,26.0,mark,"(53, 57)",כאשר,,
"(17, 18)",השטח,,,,,"(58, 62)",,,"[{'id': 17, 'text': 'ה', 'upos': 'DET', 'xpos': 'DET', 'feats': 'PronType=Art', 'head': 18, 'deprel': 'det:def', 'lemma': 'ה'}, {'id': 18, 'text': 'שטח', 'upos': 'NOUN', 'xpos': 'NOUN', 'feats': 'Gender=Masc|Number=Sing', 'head': 26, 'deprel': 'nsubj:cop', 'lemma': 'שטח'}]"
"(19, 20)",האפקטיבי,,,,,"(63, 71)",,,"[{'id': 19, 'text': 'ה', 'upos': 'DET', 'xpos': 'DET', 'feats': 'PronType=Art', 'head': 20, 'deprel': 'det:def', 'lemma': 'ה'}, {'id': 20, 'text': 'אפקטיבי', 'upos': 'ADJ', 'xpos': 'ADJ', 'feats': 'Gender=Masc|Number=Sing', 'head': 18, 'deprel': 'amod', 'lemma': 'אפקטיבי'}]"
21,של,ADP,ADP,22.0,case:gen,"(72, 74)",של,Case=Gen,
22,קירות,NOUN,NOUN,18.0,nmod,"(75, 80)",קיר,Definite=Cons|Gender=Masc|Number=Plur,
"(23, 24)",הקשחה,,,,,"(81, 86)",,,"[{'id': 23, 'text': 'ה', 'upos': 'DET', 'xpos': 'DET', 'feats': 'PronType=Art', 'head': 24, 'deprel': 'det:def', 'lemma': 'ה'}, {'id': 24, 'text': 'קשחה', 'upos': 'NOUN', 'xpos': 'NOUN', 'feats': 'Gender=Fem|Number=Sing', 'head': 22, 'deprel': 'compound:smixut', 'lemma': 'קשחה'}]"
25,הוא,AUX,AUX,26.0,cop,"(87, 90)",הוא,Gender=Masc|Number=Sing|Person=3|Polarity=Pos|VerbForm=Part|VerbType=Cop,
26,קטן,ADJ,ADJ,15.0,acl:relcl,"(91, 94)",קטן,Gender=Masc|Number=Sing,
27,יחסית,ADV,ADV,26.0,advmod,"(95, 100)",יחסית,,
"(1, 2)",הנוסחה,,,,,"(1, 7)",,,"[{'id': 1, 'text': 'ה', 'upos': 'DET', 'xpos': 'DET', 'feats': 'PronType=Art', 'head': 2, 'deprel': 'det:def', 'lemma': 'ה'}, {'id': 2, 'text': 'נוסחה', 'upos': 'NOUN', 'xpos': 'NOUN', 'feats': 'Gender=Fem|Number=Sing', 'head': 4, 'deprel': 'nsubj', 'lemma': 'נוסחה'}]"
3,אינה,AUX,AUX,4.0,advmod,"(8, 12)",אינו,Gender=Fem|Number=Sing|Person=3|Polarity=Neg|VerbForm=Part|VerbType=Cop,
4,מתאימה,VERB,VERB,0.0,root,"(13, 19)",התאים,"Gender=Fem|HebBinyan=HIFIL|Number=Sing|Person=1,2,3|VerbForm=Part|Voice=Act",
"(5, 6)",למבנים,,,,,"(20, 26)",,,"[{'id': 5, 'text': 'ל', 'upos': 'ADP', 'xpos': 'ADP', 'head': 6, 'deprel': 'case', 'lemma': 'ל'}, {'id': 6, 'text': 'מבנים', 'upos': 'NOUN', 'xpos': 'NOUN', 'feats': 'Gender=Masc|Number=Plur', 'head': 4, 'deprel': 'obl', 'lemma': 'מבנה'}]"
7,עם,ADP,ADP,8.0,case,"(27, 29)",עם,,
8,שטח,NOUN,NOUN,6.0,nmod,"(30, 33)",שטח,Gender=Masc|Number=Sing,
9,גדול,ADJ,ADJ,8.0,amod,"(34, 38)",גדול,Gender=Masc|Number=Sing,
10,של,ADP,ADP,11.0,case:gen,"(39, 41)",של,Case=Gen,
11,קירות,NOUN,NOUN,8.0,nmod,"(42, 47)",קיר,Definite=Cons|Gender=Masc|Number=Plur,
"(12, 13)",הקשחה,,,,,"(48, 53)",,,"[{'id': 12, 'text': 'ה', 'upos': 'DET', 'xpos': 'DET', 'feats': 'PronType=Art', 'head': 13, 'deprel': 'det:def', 'lemma': 'ה'}, {'id': 13, 'text': 'קשחה', 'upos': 'NOUN', 'xpos': 'NOUN', 'feats': 'Gender=Fem|Number=Sing', 'head': 11, 'deprel': 'compound:smixut', 'lemma': 'קשחה'}]"
1,-,PUNCT,PUNCT,2.0,punct,"(1, 2)",-,,
2,נוסחה,NOUN,NOUN,0.0,root,"(3, 8)",נוסחה,Gender=Fem|Number=Sing,
3,(,PUNCT,PUNCT,4.0,punct,"(9, 10)",(,,
4,1,NUM,NUM,2.0,appos,"(10, 11)",1,,
1,3,NUM,NUM,12.0,nsubj,"(0, 1)",3,,
2,),PUNCT,PUNCT,12.0,punct,"(1, 2)",),,
3,",",PUNCT,PUNCT,1.0,punct,"(2, 3)",",",,
4,אשר,SCONJ,SCONJ,5.0,mark,"(4, 7)",אשר,,
5,כוללת,VERB,VERB,1.0,acl:relcl,"(8, 13)",כלל,"Gender=Fem|HebBinyan=PAAL|Number=Sing|Person=1,2,3|VerbForm=Part|Voice=Act",
6,פרמטרים,NOUN,NOUN,5.0,obj,"(14, 21)",פרמטר,Gender=Masc|Number=Plur,
7,של,ADP,ADP,8.0,case:gen,"(22, 24)",של,Case=Gen,
8,קירות,NOUN,NOUN,6.0,nmod:poss,"(25, 30)",קיר,Definite=Cons|Gender=Masc|Number=Plur,
"(9, 10)",ההקשחה,,,,,"(31, 37)",,,"[{'id': 9, 'text': 'ה', 'upos': 'DET', 'xpos': 'DET', 'feats': 'PronType=Art', 'head': 10, 'deprel': 'det:def', 'lemma': 'ה'}, {'id': 10, 'text': 'הקשחה', 'upos': 'NOUN', 'xpos': 'NOUN', 'feats': 'Gender=Fem|Number=Sing', 'head': 8, 'deprel': 'compound:smixut', 'lemma': 'הקשחה'}]"
11,",",PUNCT,PUNCT,12.0,punct,"(37, 38)",",",,
12,מיועדת,VERB,VERB,0.0,root,"(39, 45)",יועד,"Gender=Fem|HebBinyan=PUAL|Number=Sing|Person=1,2,3|VerbForm=Part|Voice=Pass",
"(13, 14)",למצב,,,,,"(46, 50)",,,"[{'id': 13, 'text': 'ל', 'upos': 'ADP', 'xpos': 'ADP', 'head': 14, 'deprel': 'case', 'lemma': 'ל'}, {'id': 14, 'text': 'מצב', 'upos': 'NOUN', 'xpos': 'NOUN', 'feats': 'Gender=Masc|Number=Sing', 'head': 12, 'deprel': 'obl', 'lemma': 'מצב'}]"
15,כאשר,SCONJ,SCONJ,25.0,mark,"(51, 55)",כאשר,,
"(16, 17)",השטח,,,,,"(56, 60)",,,"[{'id': 16, 'text': 'ה', 'upos': 'DET', 'xpos': 'DET', 'feats': 'PronType=Art', 'head': 17, 'deprel': 'det:def', 'lemma': 'ה'}, {'id': 17, 'text': 'שטח', 'upos': 'NOUN', 'xpos': 'NOUN', 'feats': 'Gender=Masc|Number=Sing', 'head': 25, 'deprel': 'nsubj:cop', 'lemma': 'שטח'}]"
"(18, 19)",האפקטיבי,,,,,"(61, 69)",,,"[{'id': 18, 'text': 'ה', 'upos': 'DET', 'xpos': 'DET', 'feats': 'PronType=Art', 'head': 19, 'deprel': 'det:def', 'lemma': 'ה'}, {'id': 19, 'text': 'אפקטיבי', 'upos': 'ADJ', 'xpos': 'ADJ', 'feats': 'Gender=Masc|Number=Sing', 'head': 17, 'deprel': 'amod', 'lemma': 'אפקטיבי'}]"
20,של,ADP,ADP,21.0,case:gen,"(70, 72)",של,Case=Gen,
21,קירות,NOUN,NOUN,17.0,nmod,"(73, 78)",קיר,Definite=Cons|Gender=Masc|Number=Plur,
"(22, 23)",הקשחה,,,,,"(79, 84)",,,"[{'id': 22, 'text': 'ה', 'upos': 'DET', 'xpos': 'DET', 'feats': 'PronType=Art', 'head': 23, 'deprel': 'det:def', 'lemma': 'ה'}, {'id': 23, 'text': 'קשחה', 'upos': 'NOUN', 'xpos': 'NOUN', 'feats': 'Gender=Fem|Number=Sing', 'head': 21, 'deprel': 'compound:smixut', 'lemma': 'קשחה'}]"
24,הוא,AUX,AUX,25.0,cop,"(85, 88)",הוא,Gender=Masc|Number=Sing|Person=3|Polarity=Pos|VerbForm=Part|VerbType=Cop,
25,משמעותי,ADJ,ADJ,14.0,acl:relcl,"(89, 96)",משמעותי,Gender=Masc|Number=Sing,
"(1, 2)",הנוסחה,,,,,"(1, 7)",,,"[{'id': 1, 'text': 'ה', 'upos': 'DET', 'xpos': 'DET', 'feats': 'PronType=Art', 'head': 2, 'deprel': 'det:def', 'lemma': 'ה'}, {'id': 2, 'text': 'נוסחה', 'upos': 'NOUN', 'xpos': 'NOUN', 'feats': 'Gender=Fem|Number=Sing', 'head': 4, 'deprel': 'nsubj', 'lemma': 'נוסחה'}]"
3,אינה,AUX,AUX,4.0,advmod,"(8, 12)",אינו,Gender=Fem|Number=Sing|Person=3|Polarity=Neg|VerbForm=Part|VerbType=Cop,
4,מתאימה,VERB,VERB,0.0,root,"(13, 19)",התאים,"Gender=Fem|HebBinyan=HIFIL|Number=Sing|Person=1,2,3|VerbForm=Part|Voice=Act",
"(5, 6)",למבנים,,,,,"(20, 26)",,,"[{'id': 5, 'text': 'ל', 'upos': 'ADP', 'xpos': 'ADP', 'head': 6, 'deprel': 'case', 'lemma': 'ל'}, {'id': 6, 'text': 'מבנים', 'upos': 'NOUN', 'xpos': 'NOUN', 'feats': 'Gender=Masc|Number=Plur', 'head': 4, 'deprel': 'obl', 'lemma': 'מבנה'}]"
7,עם,ADP,ADP,8.0,case,"(27, 29)",עם,,
8,כמות,NOUN,NOUN,6.0,nmod,"(30, 34)",כמות,Gender=Fem|Number=Sing,
9,קטנה,ADJ,ADJ,8.0,amod,"(35, 39)",קטן,Gender=Fem|Number=Sing,
10,של,ADP,ADP,11.0,case:gen,"(40, 42)",של,Case=Gen,
11,קירות,NOUN,NOUN,8.0,nmod,"(43, 48)",קיר,Definite=Cons|Gender=Masc|Number=Plur,
"(12, 13)",הקשחה,,,,,"(49, 54)",,,"[{'id': 12, 'text': 'ה', 'upos': 'DET', 'xpos': 'DET', 'feats': 'PronType=Art', 'head': 13, 'deprel': 'det:def', 'lemma': 'ה'}, {'id': 13, 'text': 'קשחה', 'upos': 'NOUN', 'xpos': 'NOUN', 'feats': 'Gender=Fem|Number=Sing', 'head': 11, 'deprel': 'compound:smixut', 'lemma': 'קשחה'}]"
1,8,NUM,NUM,4.0,nummod,"(1, 2)",8,,
2,Eurocode,NOUN,NOUN,4.0,nsubj,"(3, 11)",Eurocode,,
"(3, 4)",מעתיק,,,,,"(12, 17)",,,"[{'id': 3, 'text': 'מ', 'upos': 'VERB', 'xpos': 'VERB', 'feats': 'Gender=Masc|HebBinyan=HIFIL|Number=Sing|Person=1,2,3|VerbForm=Part|Voice=Act', 'head': 4, 'deprel': 'dep', 'lemma': 'מ'}, {'id': 4, 'text': 'עתיק', 'upos': 'VERB', 'xpos': 'VERB', 'feats': 'Definite=Cons|Gender=Masc|Number=Sing', 'head': 0, 'deprel': 'root', 'lemma': 'עתיק'}]"
5,נוסחאות,NOUN,NOUN,4.0,obj,"(18, 25)",נוסחה,Gender=Fem|Number=Plur,
6,לעיל,ADV,ADV,5.0,advmod,"(26, 30)",לעיל,HebSource=ConvUncertainHead,
7,מ,ADP,ADP,9.0,case,"(31, 32)",מ,,
8,-,PUNCT,PUNCT,9.0,punct,"(32, 33)",-,,
9,97,NUM,NUM,4.0,advmod,"(33, 35)",97,,
10,-,PUNCT,PUNCT,9.0,punct,"(35, 36)",-,,
11,UBC,X,X,9.0,dep,"(36, 39)",UBC,HebSource=ConvUncertainHead,
1,"בת""י",PROPN,PROPN,3.0,dep,"(1, 5)","בת""י",Abbr=Yes,
2,413,NUM,NUM,1.0,nummod,"(6, 9)",413,,
3,יש,VERB,VERB,0.0,root,"(10, 12)",יש,HebExistential=True,
4,רק,ADV,ADV,5.0,det,"(13, 15)",רק,,
5,נוסחה,NOUN,NOUN,3.0,nsubj,"(16, 21)",נוסחה,Gender=Fem|Number=Sing,
6,אחת,NUM,NUM,5.0,nummod,"(22, 25)",אחת,Gender=Fem|Number=Sing,
7,(,PUNCT,PUNCT,8.0,punct,"(26, 27)",(,,
8,1,NUM,NUM,5.0,appos,"(27, 28)",1,,
1,2,NUM,NUM,0.0,root,"(0, 1)",2,,
2,),PUNCT,PUNCT,1.0,punct,"(1, 2)",),,
3,",",PUNCT,PUNCT,1.0,punct,"(2, 3)",",",,
"(4, 5)",שלא,,,,,"(4, 7)",,,"[{'id': 4, 'text': 'ש', 'upos': 'SCONJ', 'xpos': 'SCONJ', 'head': 6, 'deprel': 'mark', 'lemma': 'ש'}, {'id': 5, 'text': 'לא', 'upos': 'ADV', 'xpos': 'ADV', 'feats': 'Polarity=Neg', 'head': 6, 'deprel': 'advmod', 'lemma': 'לא'}]"
6,כוללת,VERB,VERB,1.0,advcl,"(8, 13)",כלל,"Gender=Fem|HebBinyan=PAAL|Number=Sing|Person=1,2,3|VerbForm=Part|Voice=Act",
7,פרמטרים,NOUN,NOUN,6.0,obj,"(14, 21)",פרמטר,Gender=Masc|Number=Plur,
8,של,ADP,ADP,9.0,case:gen,"(22, 24)",של,Case=Gen,
9,קירות,NOUN,NOUN,7.0,nmod:poss,"(25, 30)",קיר,Definite=Cons|Gender=Masc|Number=Plur,
"(10, 11)",ההקשחה,,,,,"(31, 37)",,,"[{'id': 10, 'text': 'ה', 'upos': 'DET', 'xpos': 'DET', 'feats': 'PronType=Art', 'head': 11, 'deprel': 'det:def', 'lemma': 'ה'}, {'id': 11, 'text': 'הקשחה', 'upos': 'NOUN', 'xpos': 'NOUN', 'feats': 'Gender=Fem|Number=Sing', 'head': 9, 'deprel': 'compound:smixut', 'lemma': 'הקשחה'}]"
12,",",PUNCT,PUNCT,6.0,punct,"(37, 38)",",",,
"(13, 14)",ולא,,,,,"(39, 42)",,,"[{'id': 13, 'text': 'ו', 'upos': 'CCONJ', 'xpos': 'CCONJ', 'head': 15, 'deprel': 'cc', 'lemma': 'ו'}, {'id': 14, 'text': 'לא', 'upos': 'ADV', 'xpos': 'ADV', 'feats': 'Polarity=Neg', 'head': 15, 'deprel': 'advmod', 'lemma': 'לא'}]"
15,מתאימה,VERB,VERB,6.0,conj,"(43, 49)",התאים,"Gender=Fem|HebBinyan=HIFIL|Number=Sing|Person=1,2,3|VerbForm=Part|Voice=Act",
"(16, 17)",למבנים,,,,,"(50, 56)",,,"[{'id': 16, 'text': 'ל', 'upos': 'ADP', 'xpos': 'ADP', 'head': 17, 'deprel': 'case', 'lemma': 'ל'}, {'id': 17, 'text': 'מבנים', 'upos': 'NOUN', 'xpos': 'NOUN', 'feats': 'Gender=Masc|Number=Plur', 'head': 15, 'deprel': 'obl', 'lemma': 'מבנה'}]"
18,עם,ADP,ADP,19.0,case,"(57, 59)",עם,,
19,שטח,NOUN,NOUN,17.0,nmod,"(60, 63)",שטח,Gender=Masc|Number=Sing,
20,אפקטיבי,ADJ,ADJ,19.0,amod,"(64, 71)",אפקטיבי,Gender=Masc|Number=Sing,
21,משמעותי,ADJ,ADJ,19.0,amod,"(72, 79)",משמעותי,Gender=Masc|Number=Sing,
22,של,ADP,ADP,23.0,case:gen,"(80, 82)",של,Case=Gen,
23,קירות,NOUN,NOUN,19.0,nmod,"(83, 88)",קיר,Definite=Cons|Gender=Masc|Number=Plur,
"(24, 25)",הקשחה,,,,,"(89, 94)",,,"[{'id': 24, 'text': 'ה', 'upos': 'DET', 'xpos': 'DET', 'feats': 'PronType=Art', 'head': 25, 'deprel': 'det:def', 'lemma': 'ה'}, {'id': 25, 'text': 'קשחה', 'upos': 'NOUN', 'xpos': 'NOUN', 'feats': 'Gender=Fem|Number=Sing', 'head': 23, 'deprel': 'compound:smixut', 'lemma': 'קשחה'}]"
1,2,NUM,NUM,0.0,root,"(1, 2)",2,,
1,סיווג,NOUN,NOUN,21.0,nsubj,"(1, 6)",סיווג,Definite=Cons|Gender=Masc|Number=Sing,
2,מבנים,NOUN,NOUN,1.0,compound:smixut,"(7, 12)",מבנה,Gender=Masc|Number=Plur,
"(3, 5)",לבדיקה,,,,,"(13, 19)",,,"[{'id': 3, 'text': 'ל', 'upos': 'ADP', 'xpos': 'ADP', 'head': 5, 'deprel': 'case', 'lemma': 'ל'}, {'id': 4, 'text': 'ה_', 'upos': 'DET', 'xpos': 'DET', 'feats': 'PronType=Art', 'head': 5, 'deprel': 'det:def', 'lemma': 'ה'}, {'id': 5, 'text': 'בדיקה', 'upos': 'NOUN', 'xpos': 'NOUN', 'feats': 'Gender=Fem|Number=Sing', 'head': 2, 'deprel': 'nmod', 'lemma': 'בדיקה'}]"
"(6, 7)",בהתאם,,,,,"(20, 25)",,,"[{'id': 6, 'text': 'ב', 'upos': 'ADP', 'xpos': 'ADP', 'head': 9, 'deprel': 'case', 'lemma': 'ב'}, {'id': 7, 'text': 'התאם', 'upos': 'NOUN', 'xpos': 'NOUN', 'feats': 'Gender=Masc|Number=Sing', 'head': 6, 'deprel': 'fixed', 'lemma': 'התאם'}]"
"(8, 9)",למטרת,,,,,"(26, 31)",,,"[{'id': 8, 'text': 'ל', 'upos': 'ADP', 'xpos': 'ADP', 'head': 6, 'deprel': 'fixed', 'lemma': 'ל'}, {'id': 9, 'text': 'מטרת', 'upos': 'NOUN', 'xpos': 'NOUN', 'feats': 'Definite=Cons|Gender=Fem|Number=Sing', 'head': 1, 'deprel': 'nmod', 'lemma': 'מטרה'}]"
"(10, 11)",המחקר,,,,,"(32, 37)",,,"[{'id': 10, 'text': 'ה', 'upos': 'DET', 'xpos': 'DET', 'feats': 'PronType=Art', 'head': 11, 'deprel': 'det:def', 'lemma': 'ה'}, {'id': 11, 'text': 'מחקר', 'upos': 'NOUN', 'xpos': 'NOUN', 'feats': 'Gender=Masc|Number=Sing', 'head': 9, 'deprel': 'compound:smixut', 'lemma': 'מחקר'}]"
"(12, 14)",ובתאום,,,,,"(38, 44)",,,"[{'id': 12, 'text': 'ו', 'upos': 'CCONJ', 'xpos': 'CCONJ', 'head': 14, 'deprel': 'cc', 'lemma': 'ו'}, {'id': 13, 'text': 'ב', 'upos': 'ADP', 'xpos': 'ADP', 'head': 14, 'deprel': 'case', 'lemma': 'ב'}, {'id': 14, 'text': 'תאום', 'upos': 'NOUN', 'xpos': 'NOUN', 'feats': 'Gender=Masc|Number=Sing', 'head': 9, 'deprel': 'conj', 'lemma': 'תאום'}]"
15,עם,ADP,ADP,16.0,case,"(45, 47)",עם,,
16,מזמין,NOUN,NOUN,14.0,nmod,"(48, 53)",הזמין,Definite=Cons|Gender=Masc|Number=Sing,
"(17, 18)",העבודה,,,,,"(54, 60)",,,"[{'id': 17, 'text': 'ה', 'upos': 'DET', 'xpos': 'DET', 'feats': 'PronType=Art', 'head': 18, 'deprel': 'det:def', 'lemma': 'ה'}, {'id': 18, 'text': 'עבודה', 'upos': 'NOUN', 'xpos': 'NOUN', 'feats': 'Gender=Fem|Number=Sing', 'head': 16, 'deprel': 'compound:smixut', 'lemma': 'עבודה'}]"
"(19, 20)",המדידות,,,,,"(61, 68)",,,"[{'id': 19, 'text': 'ה', 'upos': 'DET', 'xpos': 'DET', 'feats': 'PronType=Art', 'head': 20, 'deprel': 'det:def', 'lemma': 'ה'}, {'id': 20, 'text': 'מדידות', 'upos': 'NOUN', 'xpos': 'NOUN', 'feats': 'Gender=Fem|Number=Plur', 'head': 21, 'deprel': 'nsubj', 'lemma': 'מדידה'}]"
21,נערכו,VERB,VERB,0.0,root,"(69, 74)",נערך,"Gender=Fem,Masc|HebBinyan=NIFAL|Number=Plur|Person=3|Tense=Past|Voice=Mid",
"(22, 23)",לארבעה,,,,,"(75, 81)",,,"[{'id': 22, 'text': 'ל', 'upos': 'ADP', 'xpos': 'ADP', 'head': 24, 'deprel': 'case', 'lemma': 'ל'}, {'id': 23, 'text': 'ארבעה', 'upos': 'NUM', 'xpos': 'NUM', 'feats': 'Gender=Masc|Number=Sing', 'head': 24, 'deprel': 'nummod', 'lemma': 'ארבעה'}]"
24,סוגים,NOUN,NOUN,21.0,obl,"(82, 87)",סוג,Gender=Masc|Number=Plur,
25,של,ADP,ADP,26.0,case:gen,"(88, 90)",של,Case=Gen,
26,מבנים,NOUN,NOUN,24.0,nmod,"(91, 96)",מבנה,Gender=Masc|Number=Plur,
"(27, 30)",שסווגו,,,,,"(97, 103)",,,"[{'id': 27, 'text': 'ש', 'upos': 'SCONJ', 'xpos': 'SCONJ', 'head': 32, 'deprel': 'mark', 'lemma': 'ש'}, {'id': 28, 'text': 'סווג_', 'upos': 'NOUN', 'xpos': 'NOUN', 'feats': 'Definite=Def|Gender=Masc|Number=Sing', 'head': 32, 'deprel': 'nsubj', 'lemma': 'סווג'}, {'id': 29, 'text': '_של_', 'upos': 'ADP', 'xpos': 'ADP', 'head': 30, 'deprel': 'case:gen', 'lemma': 'של'}, {'id': 30, 'text': '_הוא', 'upos': 'PRON', 'xpos': 'PRON', 'feats': 'Case=Gen|Gender=Masc|Number=Sing|Person=3|PronType=Prs', 'head': 28, 'deprel': 'nmod:poss', 'lemma': 'הוא'}]"
31,לפי,ADP,ADP,32.0,case,"(104, 107)",לפי,,
32,שנת,NOUN,NOUN,24.0,acl:relcl,"(108, 111)",שנה,Definite=Cons|Gender=Fem|Number=Sing,
"(33, 34)",ההקמה,,,,,"(112, 117)",,,"[{'id': 33, 'text': 'ה', 'upos': 'DET', 'xpos': 'DET', 'feats': 'PronType=Art', 'head': 34, 'deprel': 'det:def', 'lemma': 'ה'}, {'id': 34, 'text': 'הקמה', 'upos': 'NOUN', 'xpos': 'NOUN', 'feats': 'Gender=Fem|Number=Sing', 'head': 32, 'deprel': 'compound:smixut', 'lemma': 'הקמה'}]"
"(35, 36)",ומספר,,,,,"(118, 123)",,,"[{'id': 35, 'text': 'ו', 'upos': 'CCONJ', 'xpos': 'CCONJ', 'head': 37, 'deprel': 'cc', 'lemma': 'ו'}, {'id': 36, 'text': 'מספר', 'upos': 'DET', 'xpos': 'DET', 'feats': 'Definite=Cons', 'head': 37, 'deprel': 'det', 'lemma': 'מספר'}]"
37,קומות,NOUN,NOUN,32.0,conj,"(124, 129)",קומה,Gender=Fem|Number=Plur,
38,",",PUNCT,PUNCT,24.0,punct,"(129, 130)",",",,
"(39, 40)",כמתואר,,,,,"(131, 137)",,,"[{'id': 39, 'text': 'כ', 'upos': 'SCONJ', 'xpos': 'SCONJ', 'head': 40, 'deprel': 'mark', 'lemma': 'כ'}, {'id': 40, 'text': 'מתואר', 'upos': 'VERB', 'xpos': 'VERB', 'feats': 'Gender=Masc|HebBinyan=PUAL|Number=Sing|Person=1,2,3|VerbForm=Part|Voice=Pass', 'head': 24, 'deprel': 'advcl', 'lemma': 'תואר'}]"
"(41, 43)",בטבלה,,,,,"(138, 143)",,,"[{'id': 41, 'text': 'ב', 'upos': 'ADP', 'xpos': 'ADP', 'head': 43, 'deprel': 'case', 'lemma': 'ב'}, {'id': 42, 'text': 'ה_', 'upos': 'DET', 'xpos': 'DET', 'feats': 'PronType=Art', 'head': 43, 'deprel': 'det:def', 'lemma': 'ה'}, {'id': 43, 'text': 'טבלה', 'upos': 'NOUN', 'xpos': 'NOUN', 'feats': 'Gender=Fem|Number=Sing', 'head': 40, 'deprel': 'obl', 'lemma': 'טבלה'}]"
44,מס' 2,NUM,NUM,43.0,appos,"(144, 149)",מס' 2,,
1,1,NUM,NUM,0.0,root,"(0, 1)",1,,
"(1, 2)",הסיווג,,,,,"(1, 7)",,,"[{'id': 1, 'text': 'ה', 'upos': 'DET', 'xpos': 'DET', 'feats': 'PronType=Art', 'head': 2, 'deprel': 'det:def', 'lemma': 'ה'}, {'id': 2, 'text': 'סיווג', 'upos': 'NOUN', 'xpos': 'NOUN', 'feats': 'Gender=Masc|Number=Sing', 'head': 5, 'deprel': 'nsubj:cop', 'lemma': 'סיווג'}]"
3,הינו,AUX,AUX,5.0,cop,"(8, 12)",הנו,Gender=Masc|Number=Sing|Person=3|Polarity=Pos|VerbForm=Part|VerbType=Cop,
4,לפי,ADP,ADP,5.0,case,"(13, 16)",לפי,,
5,כניסה,NOUN,NOUN,0.0,root,"(17, 22)",כניסה,Gender=Fem|Number=Sing,
"(6, 7)",לתוקף,,,,,"(23, 28)",,,"[{'id': 6, 'text': 'ל', 'upos': 'ADP', 'xpos': 'ADP', 'head': 7, 'deprel': 'case', 'lemma': 'ל'}, {'id': 7, 'text': 'תוקף', 'upos': 'NOUN', 'xpos': 'NOUN', 'feats': 'Gender=Masc|Number=Sing', 'head': 5, 'deprel': 'nmod', 'lemma': 'תוקף'}]"
8,של,ADP,ADP,9.0,case:gen,"(29, 31)",של,Case=Gen,
9,תקנות,NOUN,NOUN,5.0,nmod,"(32, 37)",תקנה,Definite=Cons|Gender=Fem|Number=Plur,
"(10, 11)",ההתגוננות,,,,,"(38, 47)",,,"[{'id': 10, 'text': 'ה', 'upos': 'DET', 'xpos': 'DET', 'feats': 'PronType=Art', 'head': 11, 'deprel': 'det:def', 'lemma': 'ה'}, {'id': 11, 'text': 'התגוננות', 'upos': 'NOUN', 'xpos': 'NOUN', 'feats': 'Gender=Fem|Number=Sing', 'head': 9, 'deprel': 'compound:smixut', 'lemma': 'התגוננות'}]"
"(12, 13)",האזרחית,,,,,"(48, 55)",,,"[{'id': 12, 'text': 'ה', 'upos': 'DET', 'xpos': 'DET', 'feats': 'PronType=Art', 'head': 13, 'deprel': 'det:def', 'lemma': 'ה'}, {'id': 13, 'text': 'אזרחית', 'upos': 'ADJ', 'xpos': 'ADJ', 'feats': 'Gender=Fem|Number=Sing', 'head': 11, 'deprel': 'amod', 'lemma': 'אזרחי'}]"
14,(,PUNCT,PUNCT,15.0,punct,"(56, 57)",(,,
15,מפרטים,NOUN,NOUN,9.0,appos,"(57, 63)",מפרט,Gender=Masc|Number=Plur,
"(16, 17)",לבניית,,,,,"(64, 70)",,,"[{'id': 16, 'text': 'ל', 'upos': 'ADP', 'xpos': 'ADP', 'head': 17, 'deprel': 'case', 'lemma': 'ל'}, {'id': 17, 'text': 'בניית', 'upos': 'NOUN', 'xpos': 'NOUN', 'feats': 'Definite=Cons|Gender=Fem|Number=Sing', 'head': 15, 'deprel': 'nmod', 'lemma': 'בנייה'}]"
18,מקלטים,NOUN,NOUN,17.0,compound:smixut,"(71, 77)",מקלט,Gender=Masc|Number=Plur,
19,),PUNCT,PUNCT,15.0,punct,"(77, 78)",),,
20,",",PUNCT,PUNCT,9.0,punct,"(78, 79)",",",,
21,"תש""ן",PROPN,PROPN,9.0,appos,"(80, 84)","תש""ן",Abbr=Yes,
22,-,PUNCT,PUNCT,21.0,punct,"(84, 85)",-,HebSource=ConvUncertainHead,
23,1990,NUM,NUM,21.0,nummod,"(85, 89)",1990,HebSource=ConvUncertainHead,
24,",",PUNCT,PUNCT,9.0,punct,"(89, 90)",",",,
25,אשר,SCONJ,SCONJ,26.0,mark,"(91, 94)",אשר,,
26,מחייבות,VERB,VERB,9.0,acl:relcl,"(95, 102)",מחייב,"Gender=Fem|HebBinyan=PIEL|Number=Plur|Person=1,2,3|VerbForm=Part|Voice=Act",
27,הקמת,NOUN,NOUN,26.0,obj,"(103, 107)",הקמה,Definite=Cons|Gender=Fem|Number=Sing,
28,מרחבים,NOUN,NOUN,27.0,compound:smixut,"(108, 114)",מרחב,Gender=Masc|Number=Plur,
29,מוגנים,ADJ,ADJ,28.0,amod,"(115, 121)",מוגן,Gender=Masc|Number=Plur,
30,דירתיים,ADJ,ADJ,28.0,amod,"(122, 129)",דירתי,Gender=Masc|Number=Plur,
31,/,PUNCT,PUNCT,32.0,cc,"(130, 131)",/,,
32,קומתיים,ADJ,ADJ,30.0,conj,"(131, 138)",קומתי,Gender=Masc|Number=Plur,
33,(,PUNCT,PUNCT,34.0,punct,"(139, 140)",(,,
34,"ממ""ד",NOUN,NOUN,28.0,appos,"(140, 144)","ממ""ד",Abbr=Yes|Gender=Masc|Number=Sing,
35,",",PUNCT,PUNCT,34.0,punct,"(144, 145)",",",,
36,"ממ""ק",NOUN,NOUN,34.0,appos,"(146, 150)","ממ""ק",Abbr=Yes,
37,),PUNCT,PUNCT,34.0,punct,"(150, 151)",),,
"(38, 39)",המהווים,,,,,"(152, 159)",,,"[{'id': 38, 'text': 'ה', 'upos': 'SCONJ', 'xpos': 'SCONJ', 'head': 42, 'deprel': 'mark', 'lemma': 'ה'}, {'id': 39, 'text': 'מהווים', 'upos': 'VERB', 'xpos': 'VERB', 'feats': 'VerbForm=Part', 'head': 42, 'deprel': 'aux', 'lemma': 'היווה'}]"
40,חלק,NOUN,NOUN,42.0,det,"(160, 163)",חלק,Gender=Masc|Number=Sing,
"(41, 42)",מקירות,,,,,"(164, 170)",,,"[{'id': 41, 'text': 'מ', 'upos': 'ADP', 'xpos': 'ADP', 'feats': 'HebSource=ConvUncertainLabel', 'head': 42, 'deprel': 'case', 'lemma': 'מ'}, {'id': 42, 'text': 'קירות', 'upos': 'NOUN', 'xpos': 'NOUN', 'feats': 'Definite=Cons|Gender=Masc|Number=Plur', 'head': 28, 'deprel': 'acl:relcl', 'lemma': 'קיר'}]"
"(43, 44)",ההקשחה,,,,,"(171, 177)",,,"[{'id': 43, 'text': 'ה', 'upos': 'DET', 'xpos': 'DET', 'feats': 'PronType=Art', 'head': 44, 'deprel': 'det:def', 'lemma': 'ה'}, {'id': 44, 'text': 'הקשחה', 'upos': 'NOUN', 'xpos': 'NOUN', 'feats': 'Gender=Fem|Number=Sing', 'head': 42, 'deprel': 'compound:smixut', 'lemma': 'הקשחה'}]"
1,3,NUM,NUM,0.0,root,"(1, 2)",3,,
1,תיאור,NOUN,NOUN,0.0,root,"(1, 6)",תיאור,Definite=Cons|Gender=Masc|Number=Sing,
"(2, 3)",המדידות,,,,,"(7, 14)",,,"[{'id': 2, 'text': 'ה', 'upos': 'DET', 'xpos': 'DET', 'feats': 'PronType=Art', 'head': 3, 'deprel': 'det:def', 'lemma': 'ה'}, {'id': 3, 'text': 'מדידות', 'upos': 'NOUN', 'xpos': 'NOUN', 'feats': 'Gender=Fem|Number=Plur', 'head': 1, 'deprel': 'compound:smixut', 'lemma': 'מדידה'}]"
4,3,NUM,NUM,1.0,nummod,"(15, 16)",3,,
1,1,NUM,NUM,9.0,punct,"(0, 1)",1,,
2,שיטות,NOUN,NOUN,9.0,dep,"(2, 7)",שיטה,Definite=Cons|Gender=Fem|Number=Plur,
3,קביעת,NOUN,NOUN,2.0,compound:smixut,"(8, 13)",קביעה,Definite=Cons|Gender=Fem|Number=Sing,
4,תקופה,NOUN,NOUN,3.0,compound:smixut,"(14, 19)",תקופה,Gender=Fem|Number=Sing,
5,בסיסית,ADJ,ADJ,4.0,amod,"(20, 26)",בסיסי,Gender=Fem|Number=Sing,
"(6, 7)",בעבודה,,,,,"(27, 33)",,,"[{'id': 6, 'text': 'ב', 'upos': 'ADP', 'xpos': 'ADP', 'head': 7, 'deprel': 'case', 'lemma': 'ב'}, {'id': 7, 'text': 'עבודה', 'upos': 'NOUN', 'xpos': 'NOUN', 'feats': 'Gender=Fem|Number=Sing', 'head': 3, 'deprel': 'nmod', 'lemma': 'עבודה'}]"
8,זאת,PRON,PRON,7.0,det,"(34, 37)",זאת,Gender=Fem|Number=Sing|Person=3|PronType=Dem,
9,נעשה,VERB,VERB,0.0,root,"(38, 42)",נעשה,Gender=Masc|HebBinyan=NIFAL|Number=Sing|Person=3|Tense=Past|Voice=Mid,
10,שימוש,NOUN,NOUN,9.0,nsubj,"(43, 48)",שימוש,Gender=Masc|Number=Sing,
"(11, 12)",בשיטות,,,,,"(49, 55)",,,"[{'id': 11, 'text': 'ב', 'upos': 'ADP', 'xpos': 'ADP', 'head': 12, 'deprel': 'case', 'lemma': 'ב'}, {'id': 12, 'text': 'שיטות', 'upos': 'NOUN', 'xpos': 'NOUN', 'feats': 'Gender=Fem|Number=Plur', 'head': 10, 'deprel': 'nmod', 'lemma': 'שיטה'}]"
13,",",PUNCT,PUNCT,12.0,punct,"(55, 56)",",",,
"(14, 15)",המבוססות,,,,,"(57, 65)",,,"[{'id': 14, 'text': 'ה', 'upos': 'SCONJ', 'xpos': 'SCONJ', 'head': 15, 'deprel': 'mark', 'lemma': 'ה'}, {'id': 15, 'text': 'מבוססות', 'upos': 'VERB', 'xpos': 'VERB', 'feats': 'Gender=Fem|Number=Plur|Person=1,2,3|VerbForm=Part', 'head': 12, 'deprel': 'acl:relcl', 'lemma': 'מבוססות'}]"
16,על,ADP,ADP,17.0,case,"(66, 68)",על,,
17,מדידות,NOUN,NOUN,15.0,obl,"(69, 75)",מדידה,Gender=Fem|Number=Plur,
18,של,ADP,ADP,19.0,case:gen,"(76, 78)",של,Case=Gen,
19,רעידות,NOUN,NOUN,17.0,nmod:poss,"(79, 85)",רעידה,Gender=Fem|Number=Plur,
"(20, 21)",במבנים,,,,,"(86, 92)",,,"[{'id': 20, 'text': 'ב', 'upos': 'ADP', 'xpos': 'ADP', 'head': 21, 'deprel': 'case', 'lemma': 'ב'}, {'id': 21, 'text': 'מבנים', 'upos': 'NOUN', 'xpos': 'NOUN', 'feats': 'Gender=Masc|Number=Plur', 'head': 19, 'deprel': 'nmod', 'lemma': 'מבנה'}]"
22,עקב,CCONJ,CCONJ,23.0,case,"(93, 96)",עקב,,
23,רעידות,NOUN,NOUN,17.0,nmod,"(97, 103)",רעידה,Gender=Fem|Number=Sing,
24,(,PUNCT,PUNCT,25.0,punct,"(104, 105)",(,,
25,רעש,NOUN,NOUN,23.0,appos,"(105, 108)",רעש,Gender=Masc|Number=Sing,
26,),PUNCT,PUNCT,25.0,punct,"(108, 109)",),,
27,רקע,NOUN,NOUN,23.0,nmod,"(110, 113)",רקע,Gender=Masc|Number=Sing,
1,קיימות,ADJ,ADJ,0.0,root,"(1, 7)",קיים,Gender=Fem|Number=Plur,
2,3,NUM,NUM,3.0,nummod,"(8, 9)",3,,
3,שיטות,NOUN,NOUN,1.0,nsubj,"(10, 15)",שיטה,Gender=Fem|Number=Plur,
"(4, 5)",מסוג,,,,,"(16, 20)",,,"[{'id': 4, 'text': 'מ', 'upos': 'ADP', 'xpos': 'ADP', 'head': 5, 'deprel': 'case', 'lemma': 'מ'}, {'id': 5, 'text': 'סוג', 'upos': 'NOUN', 'xpos': 'NOUN', 'feats': 'Gender=Masc|Number=Sing', 'head': 3, 'deprel': 'nmod', 'lemma': 'סוג'}]"
6,זה,PRON,PRON,5.0,det,"(21, 23)",זה,Gender=Masc|Number=Sing|Person=3|PronType=Dem,
"(7, 8)",לקביעת,,,,,"(24, 30)",,,"[{'id': 7, 'text': 'ל', 'upos': 'ADP', 'xpos': 'ADP', 'head': 8, 'deprel': 'case', 'lemma': 'ל'}, {'id': 8, 'text': 'קביעת', 'upos': 'NOUN', 'xpos': 'NOUN', 'feats': 'Definite=Cons|Gender=Fem|Number=Sing', 'head': 3, 'deprel': 'nmod', 'lemma': 'קביעה'}]"
9,תקופה,NOUN,NOUN,8.0,compound:smixut,"(31, 36)",תקופה,Gender=Fem|Number=Sing,
10,בסיסית,ADJ,ADJ,9.0,amod,"(37, 43)",בסיסי,Gender=Fem|Number=Sing,
11,של,ADP,ADP,12.0,case:gen,"(44, 46)",של,Case=Gen,
12,מבנים,NOUN,NOUN,9.0,nmod,"(47, 52)",מבנה,Gender=Masc|Number=Plur,
"(13, 14)",בכיוונים,,,,,"(53, 61)",,,"[{'id': 13, 'text': 'ב', 'upos': 'ADP', 'xpos': 'ADP', 'head': 14, 'deprel': 'case', 'lemma': 'ב'}, {'id': 14, 'text': 'כיוונים', 'upos': 'NOUN', 'xpos': 'NOUN', 'feats': 'Gender=Masc|Number=Plur', 'head': 9, 'deprel': 'nmod', 'lemma': 'כיוון'}]"
15,אופקים,ADJ,ADJ,14.0,amod,"(62, 68)",אופק,Gender=Masc|Number=Plur,
16,:,PUNCT,PUNCT,3.0,punct,"(68, 69)",:,,
17,∗,PUNCT,PUNCT,18.0,punct,"(70, 71)",∗,,
18,מדידה,NOUN,NOUN,3.0,appos,"(72, 77)",מדידה,Gender=Fem|HebSource=ConvUncertainHead|Number=Sing,
19,של,ADP,ADP,20.0,case:gen,"(78, 80)",של,Case=Gen,
20,רעידות,NOUN,NOUN,18.0,nmod:poss,"(81, 87)",רעידה,Gender=Fem|Number=Plur,
21,(,PUNCT,PUNCT,22.0,punct,"(88, 89)",(,,
22,תאוצה,NOUN,NOUN,20.0,appos,"(89, 94)",תאוצה,Gender=Fem|Number=Sing,
23,או,CCONJ,CCONJ,24.0,cc,"(95, 97)",או,,
24,מהירות,NOUN,NOUN,22.0,conj,"(98, 104)",מהירות,Gender=Fem|Number=Sing,
25,),PUNCT,PUNCT,22.0,punct,"(104, 105)",),,
"(26, 27)",לכיוון,,,,,"(106, 112)",,,"[{'id': 26, 'text': 'ל', 'upos': 'ADP', 'xpos': 'ADP', 'head': 27, 'deprel': 'case', 'lemma': 'ל'}, {'id': 27, 'text': 'כיוון', 'upos': 'NOUN', 'xpos': 'NOUN', 'feats': 'Gender=Masc|Number=Sing', 'head': 18, 'deprel': 'nmod', 'lemma': 'כיוון'}]"
28,אופקי,ADJ,ADJ,27.0,amod,"(113, 118)",אופקי,Gender=Masc|Number=Sing,
"(29, 30)",באחת,,,,,"(119, 123)",,,"[{'id': 29, 'text': 'ב', 'upos': 'ADP', 'xpos': 'ADP', 'head': 33, 'deprel': 'case', 'lemma': 'ב'}, {'id': 30, 'text': 'אחת', 'upos': 'NUM', 'xpos': 'NUM', 'feats': 'Gender=Fem|Number=Sing', 'head': 33, 'deprel': 'det', 'lemma': 'אחת'}]"
"(31, 33)",מהקומות,,,,,"(124, 131)",,,"[{'id': 31, 'text': 'מ', 'upos': 'ADP', 'xpos': 'ADP', 'head': 33, 'deprel': 'case', 'lemma': 'מ'}, {'id': 32, 'text': 'ה', 'upos': 'DET', 'xpos': 'DET', 'feats': 'PronType=Art', 'head': 33, 'deprel': 'det:def', 'lemma': 'ה'}, {'id': 33, 'text': 'קומות', 'upos': 'NOUN', 'xpos': 'NOUN', 'feats': 'Gender=Fem|Number=Plur', 'head': 27, 'deprel': 'nmod', 'lemma': 'קומה'}]"
"(34, 35)",העליונות,,,,,"(132, 140)",,,"[{'id': 34, 'text': 'ה', 'upos': 'DET', 'xpos': 'DET', 'feats': 'PronType=Art', 'head': 35, 'deprel': 'det:def', 'lemma': 'ה'}, {'id': 35, 'text': 'עליונות', 'upos': 'ADJ', 'xpos': 'ADJ', 'feats': 'Gender=Fem|Number=Plur', 'head': 33, 'deprel': 'amod', 'lemma': 'עליונות'}]"
36,של,ADP,ADP,37.0,case:gen,"(141, 143)",של,Case=Gen,
37,בניין,NOUN,NOUN,33.0,nmod,"(144, 149)",בניין,Gender=Masc|Number=Sing,
38,או,CCONJ,CCONJ,41.0,cc,"(150, 152)",או,,
39,על,ADP,ADP,41.0,case,"(153, 155)",על,,
"(40, 41)",הגג,,,,,"(156, 159)",,,"[{'id': 40, 'text': 'ה', 'upos': 'DET', 'xpos': 'DET', 'feats': 'PronType=Art', 'head': 41, 'deprel': 'det:def', 'lemma': 'ה'}, {'id': 41, 'text': 'גג', 'upos': 'NOUN', 'xpos': 'NOUN', 'feats': 'Gender=Masc|Number=Sing', 'head': 33, 'deprel': 'conj', 'lemma': 'גג'}]"
1,ת,PROPN,PROPN,0.0,root,"(1, 2)",ת,,
1,ב,PROPN,PROPN,0.0,root,"(0, 1)",ב,,
1,נקבעת,VERB,VERB,0.0,root,"(1, 6)",נקבע,"Gender=Fem|HebBinyan=NIFAL|Number=Sing|Person=1,2,3|VerbForm=Part|Voice=Mid",
2,באמצעות,ADP,ADP,3.0,case,"(7, 14)",באמצעות,,
3,אנליזה,NOUN,NOUN,1.0,obl,"(15, 21)",אנליזה,Gender=Fem|Number=Sing,
4,ספקטרלית,ADJ,ADJ,3.0,amod,"(22, 30)",ספקטרלי,Gender=Fem|Number=Sing,
5,של,ADP,ADP,6.0,case:gen,"(31, 33)",של,Case=Gen,
6,פלט,NOUN,NOUN,3.0,nmod,"(34, 37)",פלט,Definite=Cons|Gender=Masc|Number=Sing,
"(7, 8)",הרעידות,,,,,"(38, 45)",,,"[{'id': 7, 'text': 'ה', 'upos': 'DET', 'xpos': 'DET', 'feats': 'PronType=Art', 'head': 8, 'deprel': 'det:def', 'lemma': 'ה'}, {'id': 8, 'text': 'רעידות', 'upos': 'NOUN', 'xpos': 'NOUN', 'feats': 'Gender=Fem|Number=Sing', 'head': 6, 'deprel': 'compound:smixut', 'lemma': 'רעידה'}]"
"(9, 10)",המדוד,,,,,"(46, 51)",,,"[{'id': 9, 'text': 'ה', 'upos': 'DET', 'xpos': 'DET', 'feats': 'PronType=Art', 'head': 10, 'deprel': 'det:def', 'lemma': 'ה'}, {'id': 10, 'text': 'מדוד', 'upos': 'ADJ', 'xpos': 'ADJ', 'feats': 'Gender=Masc|Number=Sing', 'head': 6, 'deprel': 'amod', 'lemma': 'מדוד'}]"
"(1, 2)",ככלל,,,,,"(1, 5)",,,"[{'id': 1, 'text': 'כ', 'upos': 'ADP', 'xpos': 'ADP', 'head': 2, 'deprel': 'case', 'lemma': 'כ'}, {'id': 2, 'text': 'כלל', 'upos': 'NOUN', 'xpos': 'NOUN', 'feats': 'Gender=Masc|Number=Sing', 'head': 6, 'deprel': 'obl', 'lemma': 'כלל'}]"
"(3, 4)",שיטה,,,,,"(6, 10)",,,"[{'id': 3, 'text': 'ש', 'upos': 'NOUN', 'xpos': 'NOUN', 'feats': 'Gender=Fem|Number=Sing', 'head': 6, 'deprel': 'nsubj', 'lemma': 'ש'}, {'id': 4, 'text': 'יטה', 'upos': 'NOUN', 'xpos': 'NOUN', 'feats': 'Gender=Fem|Number=Sing', 'head': 6, 'deprel': 'nsubj', 'lemma': 'נטה'}]"
5,זאת,PRON,PRON,4.0,det,"(11, 14)",זאת,Gender=Fem|Number=Sing|Person=3|PronType=Dem,
6,מאפשרת,AUX,AUX,7.0,aux,"(15, 21)",מאפשרת,Gender=Fem|Number=Sing|VerbForm=Part|VerbType=Mod,
7,למדוד,VERB,VERB,0.0,root,"(22, 27)",מדד,HebBinyan=PIEL|VerbForm=Inf|Voice=Act,
8,את,ADP,ADP,7.0,obj,"(28, 30)",את,Case=Acc,
9,ת,ADP,ADP,7.0,obj,"(31, 32)",ת,,
1,ב,PROPN,PROPN,0.0,root,"(0, 1)",ב,,
"(1, 2)",בצורה,,,,,"(1, 6)",,,"[{'id': 1, 'text': 'ב', 'upos': 'ADP', 'xpos': 'ADP', 'head': 2, 'deprel': 'case', 'lemma': 'ב'}, {'id': 2, 'text': 'צורה', 'upos': 'NOUN', 'xpos': 'NOUN', 'feats': 'Gender=Fem|Number=Sing', 'head': 0, 'deprel': 'root', 'lemma': 'צורה'}]"
3,מדויקת,ADJ,ADJ,2.0,amod,"(7, 13)",מדויק,Gender=Fem|Number=Sing,
4,מספיק,ADV,ADV,2.0,advmod,"(14, 19)",מספיק,HebSource=ConvUncertainHead,
1,∗,PUNCT,PUNCT,2.0,punct,"(1, 2)",∗,,
2,שיטת,NOUN,NOUN,7.0,dep,"(3, 7)",שיטה,Definite=Cons|Gender=Fem|Number=Sing,
3,13,NUM,NUM,2.0,compound:smixut,"(8, 10)",13,,
4,],PUNCT,PUNCT,5.0,punct,"(10, 11)",],,
5,HVSR,PROPN,PROPN,2.0,appos,"(12, 16)",HVSR,,
6,],PUNCT,PUNCT,5.0,punct,"(16, 17)",],,
7,משתמשים,VERB,VERB,0.0,root,"(18, 25)",השתמש,"Gender=Masc|HebBinyan=HITPAEL|Number=Plur|Person=1,2,3|VerbForm=Part",
"(8, 10)",בשיטה,,,,,"(26, 31)",,,"[{'id': 8, 'text': 'ב', 'upos': 'ADP', 'xpos': 'ADP', 'head': 10, 'deprel': 'case', 'lemma': 'ב'}, {'id': 9, 'text': 'ה_', 'upos': 'DET', 'xpos': 'DET', 'feats': 'PronType=Art', 'head': 10, 'deprel': 'det:def', 'lemma': 'ה'}, {'id': 10, 'text': 'שיטה', 'upos': 'NOUN', 'xpos': 'NOUN', 'feats': 'Gender=Fem|Number=Sing', 'head': 7, 'deprel': 'obl', 'lemma': 'שיטה'}]"
11,זאת,PRON,PRON,10.0,det,"(32, 35)",זאת,Gender=Fem|Number=Sing|Person=3|PronType=Dem,
12,כדי,ADP,ADP,13.0,case,"(36, 39)",כדי,,
13,לשפר,VERB,VERB,7.0,advcl,"(40, 44)",שיפר,HebBinyan=PIEL|VerbForm=Inf|Voice=Act,
14,דיוק,NOUN,NOUN,13.0,obj,"(45, 49)",דיוק,Gender=Masc|Number=Sing,
15,של,ADP,ADP,16.0,case:gen,"(50, 52)",של,Case=Gen,
16,חישוב,NOUN,NOUN,14.0,nmod:poss,"(53, 58)",חישוב,Gender=Masc|Number=Sing,
17,של,ADP,ADP,16.0,case:gen,"(59, 61)",של,Case=Gen,
18,ת,ADP,ADP,16.0,nmod:poss,"(62, 63)",ת,,
1,ב,PROPN,PROPN,0.0,root,"(0, 1)",ב,,
"(1, 2)",לצורך,,,,,"(1, 6)",,,"[{'id': 1, 'text': 'ל', 'upos': 'ADP', 'xpos': 'ADP', 'head': 2, 'deprel': 'case', 'lemma': 'ל'}, {'id': 2, 'text': 'צורך', 'upos': 'NOUN', 'xpos': 'NOUN', 'feats': 'Gender=Masc|Number=Sing', 'head': 17, 'deprel': 'obl', 'lemma': 'צורך'}]"
3,זה,PRON,PRON,2.0,det,"(7, 9)",זה,Gender=Masc|Number=Sing|Person=3|PronType=Dem,
"(4, 5)",באחת,,,,,"(10, 14)",,,"[{'id': 4, 'text': 'ב', 'upos': 'ADP', 'xpos': 'ADP', 'head': 8, 'deprel': 'case', 'lemma': 'ב'}, {'id': 5, 'text': 'אחת', 'upos': 'NUM', 'xpos': 'NUM', 'feats': 'Gender=Fem|Number=Sing', 'head': 8, 'deprel': 'det', 'lemma': 'אחת'}]"
"(6, 8)",מהקומות,,,,,"(15, 22)",,,"[{'id': 6, 'text': 'מ', 'upos': 'ADP', 'xpos': 'ADP', 'head': 8, 'deprel': 'case', 'lemma': 'מ'}, {'id': 7, 'text': 'ה', 'upos': 'DET', 'xpos': 'DET', 'feats': 'PronType=Art', 'head': 8, 'deprel': 'det:def', 'lemma': 'ה'}, {'id': 8, 'text': 'קומות', 'upos': 'NOUN', 'xpos': 'NOUN', 'feats': 'Gender=Fem|Number=Plur', 'head': 17, 'deprel': 'obl', 'lemma': 'קומה'}]"
"(9, 10)",העליונות,,,,,"(23, 31)",,,"[{'id': 9, 'text': 'ה', 'upos': 'DET', 'xpos': 'DET', 'feats': 'PronType=Art', 'head': 10, 'deprel': 'det:def', 'lemma': 'ה'}, {'id': 10, 'text': 'עליונות', 'upos': 'ADJ', 'xpos': 'ADJ', 'feats': 'Gender=Fem|Number=Plur', 'head': 8, 'deprel': 'amod', 'lemma': 'עליונות'}]"
11,של,ADP,ADP,12.0,case:gen,"(32, 34)",של,Case=Gen,
12,בניין,NOUN,NOUN,8.0,nmod,"(35, 40)",בניין,Gender=Masc|Number=Sing,
13,או,CCONJ,CCONJ,16.0,cc,"(41, 43)",או,,
14,על,ADP,ADP,16.0,case,"(44, 46)",על,,
"(15, 16)",הגג,,,,,"(47, 50)",,,"[{'id': 15, 'text': 'ה', 'upos': 'DET', 'xpos': 'DET', 'feats': 'PronType=Art', 'head': 16, 'deprel': 'det:def', 'lemma': 'ה'}, {'id': 16, 'text': 'גג', 'upos': 'NOUN', 'xpos': 'NOUN', 'feats': 'Gender=Masc|Number=Sing', 'head': 12, 'deprel': 'conj', 'lemma': 'גג'}]"
17,מודדים,VERB,VERB,0.0,root,"(51, 57)",מדד,"Gender=Masc|HebBinyan=HUFAL|Number=Plur|Person=1,2,3|VerbForm=Part|Voice=Pass",
18,גם,ADV,ADV,19.0,det,"(58, 60)",גם,,
19,רכיבים,NOUN,NOUN,17.0,nsubj,"(61, 67)",רכיב,Gender=Masc|Number=Plur,
20,אופקיים,ADJ,ADJ,19.0,amod,"(68, 75)",אופקי,Gender=Masc|Number=Plur,
"(21, 22)",וגם,,,,,"(76, 79)",,,"[{'id': 21, 'text': 'ו', 'upos': 'CCONJ', 'xpos': 'CCONJ', 'head': 23, 'deprel': 'cc', 'lemma': 'ו'}, {'id': 22, 'text': 'גם', 'upos': 'ADV', 'xpos': 'ADV', 'head': 23, 'deprel': 'det', 'lemma': 'גם'}]"
23,רכיב,NOUN,NOUN,19.0,conj,"(80, 84)",רכיב,Gender=Masc|Number=Sing,
24,אנכי,ADJ,ADJ,23.0,amod,"(85, 89)",אנכי,Gender=Masc|Number=Sing,
25,של,ADP,ADP,27.0,case:gen,"(90, 92)",של,Case=Gen,
"(26, 27)",הרעידות,,,,,"(93, 100)",,,"[{'id': 26, 'text': 'ה', 'upos': 'DET', 'xpos': 'DET', 'feats': 'PronType=Art', 'head': 27, 'deprel': 'det:def', 'lemma': 'ה'}, {'id': 27, 'text': 'רעידות', 'upos': 'NOUN', 'xpos': 'NOUN', 'feats': 'Gender=Fem|Number=Sing', 'head': 23, 'deprel': 'nmod', 'lemma': 'רעידה'}]"
28,",",PUNCT,PUNCT,17.0,punct,"(100, 101)",",",,
29,כאשר,SCONJ,SCONJ,17.0,advcl,"(102, 106)",כאשר,,
30,ת,ADP,ADP,17.0,nsubj,"(107, 108)",ת,,
1,ב,PROPN,PROPN,0.0,root,"(0, 1)",ב,,
1,מתקבלת,VERB,VERB,0.0,root,"(1, 7)",התקבל,"Gender=Fem|HebBinyan=HITPAEL|Number=Sing|Person=1,2,3|VerbForm=Part",
"(2, 3)",כתקופה,,,,,"(8, 14)",,,"[{'id': 2, 'text': 'כ', 'upos': 'ADP', 'xpos': 'ADP', 'head': 3, 'deprel': 'case', 'lemma': 'כ'}, {'id': 3, 'text': 'תקופה', 'upos': 'NOUN', 'xpos': 'NOUN', 'feats': 'Gender=Fem|Number=Sing', 'head': 1, 'deprel': 'obl', 'lemma': 'תקופה'}]"
"(4, 5)",ששייכת,,,,,"(15, 21)",,,"[{'id': 4, 'text': 'ש', 'upos': 'SCONJ', 'xpos': 'SCONJ', 'head': 5, 'deprel': 'mark', 'lemma': 'ש'}, {'id': 5, 'text': 'שייכת', 'upos': 'ADJ', 'xpos': 'ADJ', 'feats': 'Gender=Fem|Number=Sing', 'head': 3, 'deprel': 'acl:relcl', 'lemma': 'שייך'}]"
"(6, 7)",לשיא,,,,,"(22, 26)",,,"[{'id': 6, 'text': 'ל', 'upos': 'ADP', 'xpos': 'ADP', 'head': 7, 'deprel': 'case', 'lemma': 'ל'}, {'id': 7, 'text': 'שיא', 'upos': 'NOUN', 'xpos': 'NOUN', 'feats': 'Gender=Masc|Number=Sing', 'head': 5, 'deprel': 'obl', 'lemma': 'שיא'}]"
8,של,ADP,ADP,9.0,case:gen,"(27, 29)",של,Case=Gen,
9,יחס,NOUN,NOUN,7.0,nmod:poss,"(30, 33)",יחס,Gender=Masc|Number=Sing,
10,ספקטרומי,ADJ,ADJ,9.0,amod,"(34, 42)",ספקטרומי,Gender=Masc|Number=Sing,
"(11, 12)",הרעידות,,,,,"(43, 50)",,,"[{'id': 11, 'text': 'ה', 'upos': 'DET', 'xpos': 'DET', 'feats': 'PronType=Art', 'head': 12, 'deprel': 'det:def', 'lemma': 'ה'}, {'id': 12, 'text': 'רעידות', 'upos': 'NOUN', 'xpos': 'NOUN', 'feats': 'Gender=Fem|Number=Sing', 'head': 10, 'deprel': 'compound:smixut', 'lemma': 'רעידה'}]"
"(13, 14)",המדודות,,,,,"(51, 58)",,,"[{'id': 13, 'text': 'ה', 'upos': 'DET', 'xpos': 'DET', 'feats': 'PronType=Art', 'head': 14, 'deprel': 'dep', 'lemma': 'ה'}, {'id': 14, 'text': 'מדודות', 'upos': 'VERB', 'xpos': 'VERB', 'feats': 'Gender=Fem|Number=Plur', 'head': 16, 'deprel': 'nmod', 'lemma': 'דיוד'}]"
"(15, 16)",לכיוון,,,,,"(59, 65)",,,"[{'id': 15, 'text': 'ל', 'upos': 'ADP', 'xpos': 'ADP', 'head': 16, 'deprel': 'case', 'lemma': 'ל'}, {'id': 16, 'text': 'כיוון', 'upos': 'NOUN', 'xpos': 'NOUN', 'feats': 'Gender=Masc|Number=Sing', 'head': 10, 'deprel': 'dep', 'lemma': 'כיוון'}]"
"(17, 18)",האופקי,,,,,"(66, 72)",,,"[{'id': 17, 'text': 'ה', 'upos': 'DET', 'xpos': 'DET', 'feats': 'PronType=Art', 'head': 18, 'deprel': 'det:def', 'lemma': 'ה'}, {'id': 18, 'text': 'אופקי', 'upos': 'ADJ', 'xpos': 'ADJ', 'feats': 'Gender=Masc|Number=Sing', 'head': 16, 'deprel': 'amod', 'lemma': 'אופקי'}]"
19,/,PUNCT,PUNCT,20.0,cc,"(73, 74)",/,,
20,ספקטרומי,ADJ,ADJ,18.0,conj,"(75, 83)",ספקטרומי,Definite=Cons|Gender=Masc|Number=Plur,
"(21, 22)",הרעידות,,,,,"(84, 91)",,,"[{'id': 21, 'text': 'ה', 'upos': 'DET', 'xpos': 'DET', 'feats': 'PronType=Art', 'head': 22, 'deprel': 'det:def', 'lemma': 'ה'}, {'id': 22, 'text': 'רעידות', 'upos': 'NOUN', 'xpos': 'NOUN', 'feats': 'Gender=Fem|Number=Plur', 'head': 20, 'deprel': 'compound:smixut', 'lemma': 'רעידה'}]"
"(23, 24)",המדודות,,,,,"(92, 99)",,,"[{'id': 23, 'text': 'ה', 'upos': 'DET', 'xpos': 'DET', 'feats': 'PronType=Art', 'head': 24, 'deprel': 'dep', 'lemma': 'ה'}, {'id': 24, 'text': 'מדודות', 'upos': 'VERB', 'xpos': 'VERB', 'feats': 'Gender=Masc|Number=Sing|Person=1,2,3|VerbForm=Part', 'head': 26, 'deprel': 'case', 'lemma': 'דיוד'}]"
"(25, 26)",לכיוון,,,,,"(100, 106)",,,"[{'id': 25, 'text': 'ל', 'upos': 'ADP', 'xpos': 'ADP', 'head': 26, 'deprel': 'case', 'lemma': 'ל'}, {'id': 26, 'text': 'כיוון', 'upos': 'NOUN', 'xpos': 'NOUN', 'feats': 'Gender=Masc|Number=Sing', 'head': 22, 'deprel': 'nmod', 'lemma': 'כיוון'}]"
"(27, 28)",האנכי,,,,,"(107, 112)",,,"[{'id': 27, 'text': 'ה', 'upos': 'DET', 'xpos': 'DET', 'feats': 'PronType=Art', 'head': 28, 'deprel': 'det:def', 'lemma': 'ה'}, {'id': 28, 'text': 'אנכי', 'upos': 'ADJ', 'xpos': 'ADJ', 'feats': 'Gender=Masc|Number=Sing', 'head': 26, 'deprel': 'amod', 'lemma': 'אנכי'}]"
1,∗ שיטת,NOUN,NOUN,6.0,nsubj,"(1, 7)",_,Definite=Cons|Gender=Fem|Number=Sing,
2,12,NUM,NUM,1.0,compound:smixut,"(8, 10)",12,,
3,],PUNCT,PUNCT,4.0,punct,"(10, 11)",],,
4,SSR,PROPN,PROPN,1.0,appos,"(12, 15)",SSR,,
5,],PUNCT,PUNCT,4.0,punct,"(15, 16)",],,
6,משתמשים,VERB,VERB,0.0,root,"(17, 24)",השתמש,"Gender=Masc|HebBinyan=HITPAEL|Number=Plur|Person=1,2,3|VerbForm=Part",
"(7, 9)",בשיטה,,,,,"(25, 30)",,,"[{'id': 7, 'text': 'ב', 'upos': 'ADP', 'xpos': 'ADP', 'head': 9, 'deprel': 'case', 'lemma': 'ב'}, {'id': 8, 'text': 'ה_', 'upos': 'DET', 'xpos': 'DET', 'feats': 'PronType=Art', 'head': 9, 'deprel': 'det:def', 'lemma': 'ה'}, {'id': 9, 'text': 'שיטה', 'upos': 'NOUN', 'xpos': 'NOUN', 'feats': 'Gender=Fem|Number=Sing', 'head': 6, 'deprel': 'obl', 'lemma': 'שיטה'}]"
10,זאת,PRON,PRON,9.0,det,"(31, 34)",זאת,Gender=Fem|Number=Sing|Person=3|PronType=Dem,
11,כדי,ADP,ADP,12.0,case,"(35, 38)",כדי,,
12,לנטרל,VERB,VERB,6.0,advcl,"(39, 44)",נטרל,HebBinyan=PIEL|VerbForm=Inf|Voice=Act,
13,השפעה,NOUN,NOUN,12.0,obj,"(45, 50)",השפעה,Gender=Fem|Number=Sing,
14,אפשרית,ADJ,ADJ,13.0,amod,"(51, 57)",אפשרי,Gender=Fem|Number=Sing,
15,של,ADP,ADP,16.0,case:gen,"(58, 60)",של,Case=Gen,
16,תגובת,NOUN,NOUN,13.0,nmod,"(61, 66)",תגובה,Definite=Cons|Gender=Fem|Number=Sing,
"(17, 18)",האתר,,,,,"(67, 71)",,,"[{'id': 17, 'text': 'ה', 'upos': 'DET', 'xpos': 'DET', 'feats': 'PronType=Art', 'head': 18, 'deprel': 'det:def', 'lemma': 'ה'}, {'id': 18, 'text': 'אתר', 'upos': 'NOUN', 'xpos': 'NOUN', 'feats': 'Gender=Masc|Number=Sing', 'head': 16, 'deprel': 'compound:smixut', 'lemma': 'אתר'}]"
19,",",PUNCT,PUNCT,13.0,punct,"(71, 72)",",",,
20,אשר,SCONJ,SCONJ,21.0,mark,"(73, 76)",אשר,,
21,עלולה,AUX,AUX,22.0,aux,"(77, 82)",עלול,"Gender=Fem|Number=Sing|Person=1,2,3|VerbType=Mod",
22,לגרום,VERB,VERB,13.0,acl:relcl,"(83, 88)",גרם,HebBinyan=PAAL|VerbForm=Inf|Voice=Act,
"(23, 24)",לשיא,,,,,"(89, 93)",,,"[{'id': 23, 'text': 'ל', 'upos': 'ADP', 'xpos': 'ADP', 'head': 24, 'deprel': 'case', 'lemma': 'ל'}, {'id': 24, 'text': 'שיא', 'upos': 'NOUN', 'xpos': 'NOUN', 'feats': 'Gender=Masc|Number=Sing', 'head': 22, 'deprel': 'obl', 'lemma': 'שיא'}]"
"(25, 27)",בספקטרום,,,,,"(94, 102)",,,"[{'id': 25, 'text': 'ב', 'upos': 'ADP', 'xpos': 'ADP', 'head': 27, 'deprel': 'case', 'lemma': 'ב'}, {'id': 26, 'text': 'ה_', 'upos': 'DET', 'xpos': 'DET', 'feats': 'PronType=Art', 'head': 27, 'deprel': 'det:def', 'lemma': 'ה'}, {'id': 27, 'text': 'ספקטרום', 'upos': 'NOUN', 'xpos': 'NOUN', 'feats': 'Gender=Masc|Number=Sing', 'head': 24, 'deprel': 'nmod', 'lemma': 'ספקטרום'}]"
28,רעידות,NOUN,NOUN,22.0,obl,"(103, 109)",רעידה,Gender=Fem|Number=Plur,
"(29, 30)",בכיוון,,,,,"(110, 116)",,,"[{'id': 29, 'text': 'ב', 'upos': 'ADP', 'xpos': 'ADP', 'head': 30, 'deprel': 'case', 'lemma': 'ב'}, {'id': 30, 'text': 'כיוון', 'upos': 'NOUN', 'xpos': 'NOUN', 'feats': 'Gender=Masc|Number=Sing', 'head': 28, 'deprel': 'nmod', 'lemma': 'כיוון'}]"
31,אופקי,ADJ,ADJ,30.0,amod,"(117, 122)",אופקי,Gender=Masc|Number=Sing,
32,על,ADP,ADP,33.0,case,"(123, 125)",על,,
33,קרקע,NOUN,NOUN,28.0,nmod,"(126, 130)",קרקע,Gender=Fem|Number=Sing,
34,",",PUNCT,PUNCT,33.0,punct,"(130, 131)",",",,
"(35, 36)",ולכן,,,,,"(132, 136)",,,"[{'id': 35, 'text': 'ו', 'upos': 'CCONJ', 'xpos': 'CCONJ', 'head': 39, 'deprel': 'cc', 'lemma': 'ו'}, {'id': 36, 'text': 'לכן', 'upos': 'ADV', 'xpos': 'ADV', 'head': 28, 'deprel': 'conj', 'lemma': 'לכן'}]"
37,גם,ADV,ADV,38.0,advmod,"(137, 139)",גם,,
"(38, 39)",בבניין,,,,,"(140, 146)",,,"[{'id': 38, 'text': 'ב', 'upos': 'ADP', 'xpos': 'ADP', 'head': 39, 'deprel': 'case', 'lemma': 'ב'}, {'id': 39, 'text': 'בניין', 'upos': 'NOUN', 'xpos': 'NOUN', 'feats': 'Gender=Masc|Number=Sing', 'head': 28, 'deprel': 'conj', 'lemma': 'בניין'}]"
40,",",PUNCT,PUNCT,39.0,punct,"(146, 147)",",",,
"(41, 42)",שלא,,,,,"(148, 151)",,,"[{'id': 41, 'text': 'ש', 'upos': 'SCONJ', 'xpos': 'SCONJ', 'head': 43, 'deprel': 'mark', 'lemma': 'ש'}, {'id': 42, 'text': 'לא', 'upos': 'ADV', 'xpos': 'ADV', 'feats': 'Polarity=Neg', 'head': 43, 'deprel': 'advmod', 'lemma': 'לא'}]"
43,קשור,VERB,VERB,39.0,acl:relcl,"(152, 156)",קשר,"Gender=Masc|HebBinyan=PAAL|Number=Sing|Person=1,2,3|VerbForm=Part|Voice=Act",
"(44, 45)",לתקופה,,,,,"(157, 163)",,,"[{'id': 44, 'text': 'ל', 'upos': 'ADP', 'xpos': 'ADP', 'head': 45, 'deprel': 'case', 'lemma': 'ל'}, {'id': 45, 'text': 'תקופה', 'upos': 'NOUN', 'xpos': 'NOUN', 'feats': 'Gender=Fem|Number=Sing', 'head': 43, 'deprel': 'obl', 'lemma': 'תקופה'}]"
46,בסיסית,ADJ,ADJ,45.0,amod,"(164, 170)",בסיסי,Gender=Fem|Number=Sing,
47,של,ADP,ADP,49.0,case:gen,"(171, 173)",של,Case=Gen,
"(48, 49)",המבנה,,,,,"(174, 179)",,,"[{'id': 48, 'text': 'ה', 'upos': 'DET', 'xpos': 'DET', 'feats': 'PronType=Art', 'head': 49, 'deprel': 'det:def', 'lemma': 'ה'}, {'id': 49, 'text': 'מבנה', 'upos': 'NOUN', 'xpos': 'NOUN', 'feats': 'Gender=Masc|Number=Sing', 'head': 45, 'deprel': 'nmod', 'lemma': 'מבנה'}]"
1,לפי,ADP,ADP,2.0,case,"(1, 4)",לפי,,
2,שיטה,NOUN,NOUN,4.0,obl,"(5, 9)",שיטה,Gender=Fem|Number=Sing,
3,זאת,PRON,PRON,2.0,det,"(10, 13)",זאת,Gender=Fem|Number=Sing|Person=3|PronType=Dem,
4,מודדים,VERB,VERB,0.0,root,"(14, 20)",מדד,"Gender=Masc|HebBinyan=HUFAL|Number=Plur|Person=1,2,3|VerbForm=Part|Voice=Pass",
5,רעידות,NOUN,NOUN,4.0,nsubj,"(21, 27)",רעידה,Gender=Fem|Number=Plur,
"(6, 7)",בכיוון,,,,,"(28, 34)",,,"[{'id': 6, 'text': 'ב', 'upos': 'ADP', 'xpos': 'ADP', 'head': 7, 'deprel': 'case', 'lemma': 'ב'}, {'id': 7, 'text': 'כיוון', 'upos': 'NOUN', 'xpos': 'NOUN', 'feats': 'Gender=Masc|Number=Sing', 'head': 5, 'deprel': 'nmod', 'lemma': 'כיוון'}]"
8,אופקי,ADJ,ADJ,7.0,amod,"(35, 40)",אופקי,Gender=Masc|Number=Sing,
"(9, 10)",ואנכי,,,,,"(41, 46)",,,"[{'id': 9, 'text': 'ו', 'upos': 'CCONJ', 'xpos': 'CCONJ', 'head': 10, 'deprel': 'cc', 'lemma': 'ו'}, {'id': 10, 'text': 'אנכי', 'upos': 'ADJ', 'xpos': 'ADJ', 'feats': 'Gender=Masc|Number=Sing', 'head': 8, 'deprel': 'conj', 'lemma': 'אנכי'}]"
11,גם,ADV,ADV,12.0,advmod,"(47, 49)",גם,,
12,על,ADP,ADP,14.0,case,"(50, 52)",על,,
13,פני,NOUN,NOUN,12.0,fixed,"(53, 56)",פנים,"Definite=Cons|Gender=Fem,Masc|Number=Plur",
14,קרקע,NOUN,NOUN,4.0,obl,"(57, 61)",קרקע,Gender=Fem|Number=Sing,
"(15, 16)",וגם,,,,,"(62, 65)",,,"[{'id': 15, 'text': 'ו', 'upos': 'CCONJ', 'xpos': 'CCONJ', 'head': 18, 'deprel': 'cc', 'lemma': 'ו'}, {'id': 16, 'text': 'גם', 'upos': 'ADV', 'xpos': 'ADV', 'head': 17, 'deprel': 'advmod', 'lemma': 'גם'}]"
"(17, 18)",בבניין,,,,,"(66, 72)",,,"[{'id': 17, 'text': 'ב', 'upos': 'ADP', 'xpos': 'ADP', 'head': 18, 'deprel': 'case', 'lemma': 'ב'}, {'id': 18, 'text': 'בניין', 'upos': 'NOUN', 'xpos': 'NOUN', 'feats': 'Gender=Masc|Number=Sing', 'head': 14, 'deprel': 'conj', 'lemma': 'בניין'}]"
1,מדידות,NOUN,NOUN,5.0,nsubj,"(1, 7)",מדידה,Gender=Fem|Number=Plur,
2,על,ADP,ADP,4.0,case,"(8, 10)",על,,
"(3, 4)",הקרקע,,,,,"(11, 16)",,,"[{'id': 3, 'text': 'ה', 'upos': 'DET', 'xpos': 'DET', 'feats': 'PronType=Art', 'head': 4, 'deprel': 'det:def', 'lemma': 'ה'}, {'id': 4, 'text': 'קרקע', 'upos': 'NOUN', 'xpos': 'NOUN', 'feats': 'Gender=Fem|Number=Sing', 'head': 1, 'deprel': 'nmod', 'lemma': 'קרקע'}]"
5,מבוצעות,VERB,VERB,0.0,root,"(17, 24)",_,"Gender=Fem|HebBinyan=HITPAEL|Number=Plur|Person=1,2,3|VerbForm=Part",
"(6, 7)",במרחק,,,,,"(25, 30)",,,"[{'id': 6, 'text': 'ב', 'upos': 'ADP', 'xpos': 'ADP', 'head': 7, 'deprel': 'case', 'lemma': 'ב'}, {'id': 7, 'text': 'מרחק', 'upos': 'NOUN', 'xpos': 'NOUN', 'feats': 'Gender=Masc|Number=Sing', 'head': 5, 'deprel': 'obl', 'lemma': 'מרחק'}]"
"(8, 10)",מהבניין,,,,,"(31, 38)",,,"[{'id': 8, 'text': 'מ', 'upos': 'ADP', 'xpos': 'ADP', 'head': 10, 'deprel': 'case', 'lemma': 'מ'}, {'id': 9, 'text': 'ה', 'upos': 'DET', 'xpos': 'DET', 'feats': 'PronType=Art', 'head': 10, 'deprel': 'det:def', 'lemma': 'ה'}, {'id': 10, 'text': 'בניין', 'upos': 'NOUN', 'xpos': 'NOUN', 'feats': 'Gender=Masc|Number=Sing', 'head': 7, 'deprel': 'nmod', 'lemma': 'בניין'}]"
"(11, 12)",ששווה,,,,,"(39, 44)",,,"[{'id': 11, 'text': 'ש', 'upos': 'SCONJ', 'xpos': 'SCONJ', 'head': 12, 'deprel': 'mark', 'lemma': 'ש'}, {'id': 12, 'text': 'שווה', 'upos': 'ADJ', 'xpos': 'ADJ', 'feats': 'Gender=Masc|Number=Sing', 'head': 7, 'deprel': 'acl:relcl', 'lemma': 'שווה'}]"
13,לפחות,ADV,ADV,14.0,advmod,"(45, 50)",לפחות,,
"(14, 15)",לגובה,,,,,"(51, 56)",,,"[{'id': 14, 'text': 'ל', 'upos': 'ADP', 'xpos': 'ADP', 'head': 15, 'deprel': 'case', 'lemma': 'ל'}, {'id': 15, 'text': 'גובה', 'upos': 'NOUN', 'xpos': 'NOUN', 'feats': 'Gender=Masc|Number=Sing', 'head': 12, 'deprel': 'advmod', 'lemma': 'גובה'}]"
16,כפול,ADJ,ADJ,15.0,amod,"(57, 61)",כפול,Gender=Masc|Number=Sing,
17,של,ADP,ADP,19.0,case:gen,"(62, 64)",של,Case=Gen,
"(18, 19)",הבניין,,,,,"(65, 71)",,,"[{'id': 18, 'text': 'ה', 'upos': 'DET', 'xpos': 'DET', 'feats': 'PronType=Art', 'head': 19, 'deprel': 'det:def', 'lemma': 'ה'}, {'id': 19, 'text': 'בניין', 'upos': 'NOUN', 'xpos': 'NOUN', 'feats': 'Gender=Masc|Number=Sing', 'head': 15, 'deprel': 'nmod', 'lemma': 'בניין'}]"
20,",",PUNCT,PUNCT,15.0,punct,"(71, 72)",",",,
"(21, 22)",בו,,,,,"(73, 75)",,,"[{'id': 21, 'text': 'ב_', 'upos': 'ADP', 'xpos': 'ADP', 'head': 22, 'deprel': 'case', 'lemma': 'ב'}, {'id': 22, 'text': '_הוא', 'upos': 'PRON', 'xpos': 'PRON', 'feats': 'Gender=Masc|Number=Sing|Person=3|PronType=Prs', 'head': 27, 'deprel': 'obl', 'lemma': 'הוא'}]"
23,השפעת,NOUN,NOUN,27.0,nsubj,"(76, 81)",השפעה,Definite=Cons|Gender=Fem|Number=Sing,
"(24, 25)",הבניין,,,,,"(82, 88)",,,"[{'id': 24, 'text': 'ה', 'upos': 'DET', 'xpos': 'DET', 'feats': 'PronType=Art', 'head': 25, 'deprel': 'det:def', 'lemma': 'ה'}, {'id': 25, 'text': 'בניין', 'upos': 'NOUN', 'xpos': 'NOUN', 'feats': 'Gender=Masc|Number=Sing', 'head': 23, 'deprel': 'compound:smixut', 'lemma': 'בניין'}]"
26,לא,ADV,ADV,27.0,advmod,"(89, 91)",לא,Polarity=Neg,
27,משמעותית,ADJ,ADJ,15.0,amod,"(92, 100)",משמעותי,Gender=Fem|Number=Sing,
"(1, 2)",בעבודה,,,,,"(1, 7)",,,"[{'id': 1, 'text': 'ב', 'upos': 'ADP', 'xpos': 'ADP', 'head': 2, 'deprel': 'case', 'lemma': 'ב'}, {'id': 2, 'text': 'עבודה', 'upos': 'NOUN', 'xpos': 'NOUN', 'feats': 'Gender=Fem|Number=Sing', 'head': 15, 'deprel': 'obl', 'lemma': 'עבודה'}]"
3,זאת,PRON,PRON,2.0,det,"(8, 11)",זאת,Gender=Fem|Number=Sing|Person=3|PronType=Dem,
4,",",PUNCT,PUNCT,15.0,punct,"(11, 12)",",",,
"(5, 6)",בהתאם,,,,,"(13, 18)",,,"[{'id': 5, 'text': 'ב', 'upos': 'ADP', 'xpos': 'ADP', 'head': 8, 'deprel': 'case', 'lemma': 'ב'}, {'id': 6, 'text': 'התאם', 'upos': 'NOUN', 'xpos': 'NOUN', 'feats': 'Gender=Masc|Number=Sing', 'head': 5, 'deprel': 'fixed', 'lemma': 'התאם'}]"
"(7, 8)",להמלצות,,,,,"(19, 26)",,,"[{'id': 7, 'text': 'ל', 'upos': 'ADP', 'xpos': 'ADP', 'head': 5, 'deprel': 'fixed', 'lemma': 'ל'}, {'id': 8, 'text': 'המלצות', 'upos': 'NOUN', 'xpos': 'NOUN', 'feats': 'Gender=Fem|Number=Plur', 'head': 15, 'deprel': 'obl', 'lemma': 'המלצה'}]"
9,של,ADP,ADP,11.0,case:gen,"(27, 29)",של,Case=Gen,
"(10, 11)",הצוות,,,,,"(30, 35)",,,"[{'id': 10, 'text': 'ה', 'upos': 'DET', 'xpos': 'DET', 'feats': 'PronType=Art', 'head': 11, 'deprel': 'det:def', 'lemma': 'ה'}, {'id': 11, 'text': 'צוות', 'upos': 'NOUN', 'xpos': 'NOUN', 'feats': 'Gender=Fem|Number=Sing', 'head': 8, 'deprel': 'nmod:poss', 'lemma': 'צוות'}]"
"(12, 13)",המלווה,,,,,"(36, 42)",,,"[{'id': 12, 'text': 'ה', 'upos': 'DET', 'xpos': 'DET', 'feats': 'PronType=Art', 'head': 13, 'deprel': 'det:def', 'lemma': 'ה'}, {'id': 13, 'text': 'מלווה', 'upos': 'VERB', 'xpos': 'VERB', 'feats': 'Gender=Fem|Number=Sing', 'head': 11, 'deprel': 'amod', 'lemma': 'ליווה'}]"
14,",",PUNCT,PUNCT,15.0,punct,"(42, 43)",",",,
15,נערכו,VERB,VERB,0.0,root,"(44, 49)",נערך,"Gender=Fem,Masc|HebBinyan=NIFAL|Number=Plur|Person=3|Tense=Past|Voice=Mid",
16,מדידות,NOUN,NOUN,15.0,nsubj,"(50, 56)",מדידה,Definite=Cons|Gender=Fem|Number=Plur,
17,רעידות,NOUN,NOUN,16.0,compound:smixut,"(57, 63)",רעידה,Gender=Fem|Number=Plur,
"(18, 19)",בשלושה,,,,,"(64, 70)",,,"[{'id': 18, 'text': 'ב', 'upos': 'ADP', 'xpos': 'ADP', 'head': 21, 'deprel': 'case', 'lemma': 'ב'}, {'id': 19, 'text': 'שלושה', 'upos': 'NUM', 'xpos': 'NUM', 'feats': 'Gender=Masc|Number=Sing', 'head': 21, 'deprel': 'nummod', 'lemma': 'שלושה'}]"
"(20, 21)",כיוונים,,,,,"(71, 78)",,,"[{'id': 20, 'text': 'כ', 'upos': 'ADP', 'xpos': 'ADP', 'head': 21, 'deprel': 'case', 'lemma': 'כ'}, {'id': 21, 'text': 'יוונים', 'upos': 'NOUN', 'xpos': 'NOUN', 'feats': 'Gender=Masc|Number=Plur', 'head': 16, 'deprel': 'nmod', 'lemma': 'יוון'}]"
"(22, 23)",במבנים,,,,,"(79, 85)",,,"[{'id': 22, 'text': 'ב', 'upos': 'ADP', 'xpos': 'ADP', 'head': 23, 'deprel': 'case', 'lemma': 'ב'}, {'id': 23, 'text': 'מבנים', 'upos': 'NOUN', 'xpos': 'NOUN', 'feats': 'Gender=Masc|Number=Plur', 'head': 21, 'deprel': 'nmod', 'lemma': 'מבנה'}]"
"(24, 25)",ועל,,,,,"(86, 89)",,,"[{'id': 24, 'text': 'ו', 'upos': 'CCONJ', 'xpos': 'CCONJ', 'head': 26, 'deprel': 'cc', 'lemma': 'ו'}, {'id': 25, 'text': 'על', 'upos': 'ADP', 'xpos': 'ADP', 'head': 26, 'deprel': 'case', 'lemma': 'על'}]"
26,פני,NOUN,NOUN,28.0,conj,"(90, 93)",פנים,"Definite=Cons|Gender=Fem,Masc|Number=Plur",
"(27, 28)",הקרקע,,,,,"(94, 99)",,,"[{'id': 27, 'text': 'ה', 'upos': 'DET', 'xpos': 'DET', 'feats': 'PronType=Art', 'head': 28, 'deprel': 'det:def', 'lemma': 'ה'}, {'id': 28, 'text': 'קרקע', 'upos': 'NOUN', 'xpos': 'NOUN', 'feats': 'Gender=Fem|Number=Sing', 'head': 23, 'deprel': 'conj', 'lemma': 'קרקע'}]"
29,ליד,ADP,ADP,30.0,case,"(100, 103)",ליד,,
30,מבנים,NOUN,NOUN,21.0,nmod,"(104, 109)",מבנה,Gender=Masc|Number=Plur,
"(31, 32)",ונעשה,,,,,"(110, 115)",,,"[{'id': 31, 'text': 'ו', 'upos': 'CCONJ', 'xpos': 'CCONJ', 'head': 32, 'deprel': 'cc', 'lemma': 'ו'}, {'id': 32, 'text': 'נעשה', 'upos': 'VERB', 'xpos': 'VERB', 'feats': 'Gender=Masc|HebBinyan=NIFAL|Number=Sing|Person=3|Tense=Past|Voice=Mid', 'head': 15, 'deprel': 'conj', 'lemma': 'נעשה'}]"
33,שימוש,NOUN,NOUN,32.0,nsubj,"(116, 121)",שימוש,Gender=Masc|Number=Sing,
"(34, 35)",בכל,,,,,"(122, 125)",,,"[{'id': 34, 'text': 'ב', 'upos': 'ADP', 'xpos': 'ADP', 'head': 38, 'deprel': 'case', 'lemma': 'ב'}, {'id': 35, 'text': 'כל', 'upos': 'DET', 'xpos': 'DET', 'feats': 'Definite=Cons', 'head': 38, 'deprel': 'det', 'lemma': 'כול'}]"
36,אחת,NUM,NUM,38.0,det,"(126, 129)",אחת,Gender=Fem|Number=Sing,
"(37, 38)",משיטות,,,,,"(130, 136)",,,"[{'id': 37, 'text': 'מ', 'upos': 'ADP', 'xpos': 'ADP', 'head': 38, 'deprel': 'case', 'lemma': 'מ'}, {'id': 38, 'text': 'שיטות', 'upos': 'NOUN', 'xpos': 'NOUN', 'feats': 'Gender=Fem|Number=Plur', 'head': 33, 'deprel': 'nmod', 'lemma': 'שיטה'}]"
39,אלה,PRON,PRON,38.0,det,"(137, 140)",אלה,Gender=Masc|Number=Plur|Person=3|PronType=Dem,
1,3,NUM,NUM,0.0,root,"(1, 2)",3,,
1,2,NUM,NUM,6.0,dep,"(0, 1)",2,,
2,מכשירי,NOUN,NOUN,6.0,nsubj,"(2, 8)",מכשיר,Definite=Cons|Gender=Masc|Number=Plur,
3,מדידה,NOUN,NOUN,2.0,compound:smixut,"(9, 14)",מדידה,Definite=Cons|Gender=Fem|Number=Sing,
"(4, 5)",המדידות,,,,,"(15, 22)",,,"[{'id': 4, 'text': 'ה', 'upos': 'DET', 'xpos': 'DET', 'feats': 'PronType=Art', 'head': 5, 'deprel': 'det:def', 'lemma': 'ה'}, {'id': 5, 'text': 'מדידות', 'upos': 'NOUN', 'xpos': 'NOUN', 'feats': 'Gender=Fem|Number=Plur', 'head': 3, 'deprel': 'compound:smixut', 'lemma': 'מדידה'}]"
6,בוצעו,VERB,VERB,0.0,root,"(23, 28)",בוצע,"Gender=Fem,Masc|HebBinyan=PUAL|Number=Plur|Person=3|Tense=Past|Voice=Pass",
7,באמצעות,ADP,ADP,8.0,case,"(29, 36)",באמצעות,,
8,אחת,NUM,NUM,6.0,obl,"(37, 40)",אחת,Gender=Fem|Number=Sing,
9,או,CCONJ,CCONJ,8.0,dep,"(41, 43)",או,,
10,שתי,NUM,NUM,8.0,conj,"(44, 47)",שתי,Definite=Cons|Gender=Fem|Number=Plur,
11,(,PUNCT,PUNCT,13.0,punct,"(48, 49)",(,,
"(12, 13)",בו,,,,,"(49, 51)",,,"[{'id': 12, 'text': 'ב_', 'upos': 'ADP', 'xpos': 'ADP', 'head': 13, 'deprel': 'case', 'lemma': 'ב'}, {'id': 13, 'text': '_הוא', 'upos': 'PRON', 'xpos': 'PRON', 'feats': 'Gender=Masc|Number=Sing|Person=3|PronType=Prs', 'head': 8, 'deprel': 'appos', 'lemma': 'הוא'}]"
14,-,PUNCT,PUNCT,13.0,punct,"(51, 52)",-,,
15,זמנית,ADJ,ADJ,13.0,dep,"(52, 57)",זמני,HebSource=ConvUncertainHead,
16,),PUNCT,PUNCT,13.0,punct,"(57, 58)",),,
17,מערכות,NOUN,NOUN,8.0,obl,"(59, 65)",מערכת,Definite=Cons|Gender=Fem|Number=Plur,
18,מדידה,NOUN,NOUN,17.0,compound:smixut,"(66, 71)",מדידה,Gender=Fem|Number=Sing,
19,רב,NOUN,NOUN,21.0,advmod,"(72, 74)",רב,,
20,-,PUNCT,PUNCT,21.0,punct,"(74, 75)",-,,
21,ערוציות,ADJ,ADJ,17.0,amod,"(75, 82)",ערוצי,Gender=Fem|Number=Plur,
"(22, 23)",המתוארות,,,,,"(83, 91)",,,"[{'id': 22, 'text': 'ה', 'upos': 'SCONJ', 'xpos': 'SCONJ', 'head': 23, 'deprel': 'mark', 'lemma': 'ה'}, {'id': 23, 'text': 'מתוארות', 'upos': 'VERB', 'xpos': 'VERB', 'feats': 'Gender=Fem|HebBinyan=PUAL|Number=Plur|Person=1,2,3|VerbForm=Part|Voice=Pass', 'head': 17, 'deprel': 'acl:relcl', 'lemma': 'תואר'}]"
"(24, 26)",בטבלה,,,,,"(92, 97)",,,"[{'id': 24, 'text': 'ב', 'upos': 'ADP', 'xpos': 'ADP', 'head': 26, 'deprel': 'case', 'lemma': 'ב'}, {'id': 25, 'text': 'ה_', 'upos': 'DET', 'xpos': 'DET', 'feats': 'PronType=Art', 'head': 26, 'deprel': 'det:def', 'lemma': 'ה'}, {'id': 26, 'text': 'טבלה', 'upos': 'NOUN', 'xpos': 'NOUN', 'feats': 'Gender=Fem|Number=Sing', 'head': 23, 'deprel': 'obl', 'lemma': 'טבלה'}]"
27,מס' 3,NUM,NUM,26.0,nmod,"(98, 103)",מס' 3,HebSource=ConvUncertainHead,
1,2,NUM,NUM,0.0,root,"(0, 1)",2,,
1,1,NUM,NUM,0.0,root,"(0, 1)",1,,
"(2, 3)",ומוצגות,,,,,"(2, 9)",,,"[{'id': 2, 'text': 'ו', 'upos': 'CCONJ', 'xpos': 'CCONJ', 'head': 3, 'deprel': 'cc', 'lemma': 'ו'}, {'id': 3, 'text': 'מוצגות', 'upos': 'VERB', 'xpos': 'VERB', 'feats': 'Gender=Fem|HebBinyan=HUFAL|Number=Plur|Person=1,2,3|VerbForm=Part|Voice=Pass', 'head': 1, 'deprel': 'conj', 'lemma': 'הוצג'}]"
"(4, 5)",באיור,,,,,"(10, 15)",,,"[{'id': 4, 'text': 'ב', 'upos': 'ADP', 'xpos': 'ADP', 'head': 5, 'deprel': 'case', 'lemma': 'ב'}, {'id': 5, 'text': 'איור', 'upos': 'NOUN', 'xpos': 'NOUN', 'feats': 'Gender=Masc|Number=Sing', 'head': 3, 'deprel': 'obl', 'lemma': 'איור'}]"
6,3,NUM,NUM,5.0,nummod,"(16, 17)",3,,
1,2,NUM,NUM,0.0,root,"(0, 1)",2,,
1,1,NUM,NUM,0.0,root,"(0, 1)",1,,
"(1, 2)",המכשירים,,,,,"(1, 9)",,,"[{'id': 1, 'text': 'ה', 'upos': 'DET', 'xpos': 'DET', 'feats': 'PronType=Art', 'head': 2, 'deprel': 'det:def', 'lemma': 'ה'}, {'id': 2, 'text': 'מכשירים', 'upos': 'NOUN', 'xpos': 'NOUN', 'feats': 'Gender=Masc|Number=Plur', 'head': 3, 'deprel': 'nsubj', 'lemma': 'מכשיר'}]"
3,עומדים,VERB,VERB,0.0,root,"(10, 16)",עמד,"Gender=Masc|HebBinyan=PAAL|Number=Plur|Person=1,2,3|VerbForm=Part|Voice=Act",
"(4, 5)",בכל,,,,,"(17, 20)",,,"[{'id': 4, 'text': 'ב', 'upos': 'ADP', 'xpos': 'ADP', 'head': 7, 'deprel': 'case', 'lemma': 'ב'}, {'id': 5, 'text': 'כל', 'upos': 'DET', 'xpos': 'DET', 'feats': 'Definite=Cons', 'head': 7, 'deprel': 'det', 'lemma': 'כול'}]"
"(6, 7)",התקנים,,,,,"(21, 27)",,,"[{'id': 6, 'text': 'ה', 'upos': 'DET', 'xpos': 'DET', 'feats': 'PronType=Art', 'head': 7, 'deprel': 'det:def', 'lemma': 'ה'}, {'id': 7, 'text': 'תקנים', 'upos': 'NOUN', 'xpos': 'NOUN', 'feats': 'Gender=Masc|Number=Plur', 'head': 3, 'deprel': 'obl', 'lemma': 'תקן'}]"
8,ישראליים,ADJ,ADJ,7.0,amod,"(28, 36)",ישראלי,Gender=Masc|Number=Plur,
"(9, 10)",ובינלאומיים,,,,,"(37, 48)",,,"[{'id': 9, 'text': 'ו', 'upos': 'CCONJ', 'xpos': 'CCONJ', 'head': 10, 'deprel': 'cc', 'lemma': 'ו'}, {'id': 10, 'text': 'בינלאומיים', 'upos': 'ADJ', 'xpos': 'ADJ', 'feats': 'Gender=Masc|Number=Plur', 'head': 8, 'deprel': 'conj', 'lemma': 'בינלאומי'}]"
"(11, 12)",למכשירים,,,,,"(49, 57)",,,"[{'id': 11, 'text': 'ל', 'upos': 'ADP', 'xpos': 'ADP', 'head': 12, 'deprel': 'case', 'lemma': 'ל'}, {'id': 12, 'text': 'מכשירים', 'upos': 'NOUN', 'xpos': 'NOUN', 'feats': 'Gender=Masc|Number=Plur', 'head': 7, 'deprel': 'nmod', 'lemma': 'מכשיר'}]"
13,מדויקים,ADJ,ADJ,12.0,amod,"(58, 65)",מדויק,Gender=Masc|Number=Plur,
"(14, 15)",למדידות,,,,,"(66, 73)",,,"[{'id': 14, 'text': 'ל', 'upos': 'ADP', 'xpos': 'ADP', 'head': 15, 'deprel': 'case', 'lemma': 'ל'}, {'id': 15, 'text': 'מדידות', 'upos': 'NOUN', 'xpos': 'NOUN', 'feats': 'Definite=Cons|Gender=Fem|Number=Sing', 'head': 12, 'deprel': 'nmod', 'lemma': 'מדידה'}]"
16,רעידות,NOUN,NOUN,15.0,compound:smixut,"(74, 80)",רעידה,Gender=Fem|Number=Plur,
1,כיול,NOUN,NOUN,5.0,nsubj,"(1, 5)",כיול,Definite=Cons|Gender=Masc|Number=Sing,
2,מערכת,NOUN,NOUN,1.0,compound:smixut,"(6, 11)",מערכת,Definite=Cons|Gender=Fem|Number=Sing,
"(3, 4)",המדידה,,,,,"(12, 18)",,,"[{'id': 3, 'text': 'ה', 'upos': 'DET', 'xpos': 'DET', 'feats': 'PronType=Art', 'head': 4, 'deprel': 'det:def', 'lemma': 'ה'}, {'id': 4, 'text': 'מדידה', 'upos': 'NOUN', 'xpos': 'NOUN', 'feats': 'Gender=Fem|Number=Sing', 'head': 2, 'deprel': 'compound:smixut', 'lemma': 'מדידה'}]"
5,נעשה,VERB,VERB,0.0,root,"(19, 23)",נעשה,Gender=Masc|HebBinyan=NIFAL|Number=Sing|Person=3|Tense=Past|Voice=Mid,
6,לפני,ADP,ADP,10.0,case,"(24, 28)",לפני,,
"(7, 8)",ואחרי,,,,,"(29, 34)",,,"[{'id': 7, 'text': 'ו', 'upos': 'CCONJ', 'xpos': 'CCONJ', 'head': 8, 'deprel': 'cc', 'lemma': 'ו'}, {'id': 8, 'text': 'אחרי', 'upos': 'ADP', 'xpos': 'ADP', 'head': 10, 'deprel': 'case', 'lemma': 'אחרי'}]"
"(9, 10)",המדידות,,,,,"(35, 42)",,,"[{'id': 9, 'text': 'ה', 'upos': 'DET', 'xpos': 'DET', 'feats': 'PronType=Art', 'head': 10, 'deprel': 'det:def', 'lemma': 'ה'}, {'id': 10, 'text': 'מדידות', 'upos': 'NOUN', 'xpos': 'NOUN', 'feats': 'Gender=Fem|Number=Plur', 'head': 5, 'deprel': 'obl', 'lemma': 'מדידה'}]"
1,3,NUM,NUM,0.0,root,"(1, 2)",3,,
1,3,NUM,NUM,2.0,nummod,"(0, 1)",3,,
2,נקודות,NOUN,NOUN,10.0,nsubj,"(2, 8)",נקודה,Definite=Cons|Gender=Fem|Number=Plur,
3,מדידת,NOUN,NOUN,2.0,compound:smixut,"(9, 14)",מדידה,Definite=Cons|Gender=Fem|Number=Sing,
4,רעידות,NOUN,NOUN,3.0,compound:smixut,"(15, 21)",רעידה,Gender=Fem|Number=Plur,
5,כאמור,ADV,ADV,10.0,advmod,"(22, 27)",כאמור,,
6,",",PUNCT,PUNCT,10.0,punct,"(27, 28)",",",,
7,מדידות,NOUN,NOUN,10.0,nsubj,"(29, 35)",מדידה,Definite=Cons|Gender=Fem|Number=Plur,
"(8, 9)",הרעידות,,,,,"(36, 43)",,,"[{'id': 8, 'text': 'ה', 'upos': 'DET', 'xpos': 'DET', 'feats': 'PronType=Art', 'head': 9, 'deprel': 'det:def', 'lemma': 'ה'}, {'id': 9, 'text': 'רעידות', 'upos': 'NOUN', 'xpos': 'NOUN', 'feats': 'Gender=Fem|Number=Plur', 'head': 7, 'deprel': 'compound:smixut', 'lemma': 'רעידה'}]"
10,נערכו,VERB,VERB,0.0,root,"(44, 49)",נערך,"Gender=Fem,Masc|HebBinyan=NIFAL|Number=Plur|Person=3|Tense=Past|Voice=Mid",
"(11, 13)",בבניינים,,,,,"(50, 58)",,,"[{'id': 11, 'text': 'ב', 'upos': 'ADP', 'xpos': 'ADP', 'head': 13, 'deprel': 'case', 'lemma': 'ב'}, {'id': 12, 'text': 'ה_', 'upos': 'DET', 'xpos': 'DET', 'feats': 'PronType=Art', 'head': 13, 'deprel': 'det:def', 'lemma': 'ה'}, {'id': 13, 'text': 'בניינים', 'upos': 'NOUN', 'xpos': 'NOUN', 'feats': 'Gender=Masc|Number=Plur', 'head': 10, 'deprel': 'obl', 'lemma': 'בניין'}]"
"(14, 15)",הנבדקים,,,,,"(59, 66)",,,"[{'id': 14, 'text': 'ה', 'upos': 'DET', 'xpos': 'DET', 'head': 15, 'deprel': 'mark', 'lemma': 'ה'}, {'id': 15, 'text': 'נבדקים', 'upos': 'VERB', 'xpos': 'VERB', 'feats': 'Gender=Masc|HebBinyan=NIFAL|Number=Plur|Person=1,2,3|VerbForm=Part|Voice=Mid', 'head': 13, 'deprel': 'acl:relcl', 'lemma': 'נבדק'}]"
"(16, 17)",וגם,,,,,"(67, 70)",,,"[{'id': 16, 'text': 'ו', 'upos': 'CCONJ', 'xpos': 'CCONJ', 'head': 19, 'deprel': 'cc', 'lemma': 'ו'}, {'id': 17, 'text': 'גם', 'upos': 'ADV', 'xpos': 'ADV', 'head': 18, 'deprel': 'advmod', 'lemma': 'גם'}]"
18,על,ADP,ADP,19.0,case,"(71, 73)",על,,
19,קרקע,NOUN,NOUN,13.0,conj,"(74, 78)",קרקע,Gender=Fem|Number=Sing,
"(20, 21)",לידם,,,,,"(79, 83)",,,"[{'id': 20, 'text': 'ליד_', 'upos': 'ADP', 'xpos': 'ADP', 'head': 21, 'deprel': 'case', 'lemma': 'ליד'}, {'id': 21, 'text': '_הם', 'upos': 'PRON', 'xpos': 'PRON', 'feats': 'Gender=Masc|Number=Plur|Person=3|PronType=Prs', 'head': 19, 'deprel': 'nmod', 'lemma': 'הוא'}]"
1,3,NUM,NUM,0.0,root,"(1, 2)",3,,
1,3,NUM,NUM,0.0,root,"(0, 1)",3,,
1,1,NUM,NUM,2.0,nummod,"(0, 1)",1,,
2,מדידות,NOUN,NOUN,28.0,nsubj,"(2, 8)",מדידה,Definite=Cons|Gender=Fem|Number=Plur,
3,רעידות,NOUN,NOUN,2.0,compound:smixut,"(9, 15)",רעידה,Gender=Fem|Number=Plur,
"(4, 6)",בבניינים,,,,,"(16, 24)",,,"[{'id': 4, 'text': 'ב', 'upos': 'ADP', 'xpos': 'ADP', 'head': 6, 'deprel': 'case', 'lemma': 'ב'}, {'id': 5, 'text': 'ה_', 'upos': 'DET', 'xpos': 'DET', 'feats': 'PronType=Art', 'head': 6, 'deprel': 'det:def', 'lemma': 'ה'}, {'id': 6, 'text': 'בניינים', 'upos': 'NOUN', 'xpos': 'NOUN', 'feats': 'Gender=Masc|Number=Plur', 'head': 2, 'deprel': 'nmod', 'lemma': 'בניין'}]"
7,לפי,ADP,ADP,8.0,case,"(25, 28)",לפי,,
8,מבנה,NOUN,NOUN,2.0,nmod,"(29, 33)",מבנה,Definite=Cons|Gender=Masc|Number=Sing,
"(9, 10)",הבניין,,,,,"(34, 40)",,,"[{'id': 9, 'text': 'ה', 'upos': 'DET', 'xpos': 'DET', 'feats': 'PronType=Art', 'head': 10, 'deprel': 'det:def', 'lemma': 'ה'}, {'id': 10, 'text': 'בניין', 'upos': 'NOUN', 'xpos': 'NOUN', 'feats': 'Gender=Masc|Number=Sing', 'head': 8, 'deprel': 'compound:smixut', 'lemma': 'בניין'}]"
"(11, 12)",הנבדק,,,,,"(41, 46)",,,"[{'id': 11, 'text': 'ה', 'upos': 'DET', 'xpos': 'DET', 'feats': 'PronType=Art', 'head': 12, 'deprel': 'det:def', 'lemma': 'ה'}, {'id': 12, 'text': 'נבדק', 'upos': 'VERB', 'xpos': 'VERB', 'feats': 'Gender=Masc|HebBinyan=NIFAL|Number=Sing|Person=1,2,3|VerbForm=Part|Voice=Mid', 'head': 10, 'deprel': 'acl:relcl', 'lemma': 'נבדק'}]"
"(13, 15)",והמצב,,,,,"(47, 52)",,,"[{'id': 13, 'text': 'ו', 'upos': 'CCONJ', 'xpos': 'CCONJ', 'head': 15, 'deprel': 'cc', 'lemma': 'ו'}, {'id': 14, 'text': 'ה', 'upos': 'DET', 'xpos': 'DET', 'feats': 'PronType=Art', 'head': 15, 'deprel': 'det:def', 'lemma': 'ה'}, {'id': 15, 'text': 'מצב', 'upos': 'NOUN', 'xpos': 'NOUN', 'feats': 'Gender=Masc|Number=Sing', 'head': 8, 'deprel': 'conj', 'lemma': 'מצב'}]"
16,(,PUNCT,PUNCT,17.0,punct,"(53, 54)",(,,
17,גישה,NOUN,NOUN,8.0,appos,"(54, 58)",גישה,Gender=Fem|Number=Sing,
18,על,ADP,ADP,19.0,case,"(59, 61)",על,,
19,גג,NOUN,NOUN,17.0,nmod,"(62, 64)",גג,Gender=Masc|Number=Sing,
20,",",PUNCT,PUNCT,17.0,punct,"(64, 65)",",",,
21,לקומות,NOUN,NOUN,17.0,conj,"(66, 72)",לקומה,Gender=Fem|Number=Plur,
22,עליונות,ADJ,ADJ,21.0,amod,"(73, 80)",עליונות,Gender=Fem|Number=Plur,
23,או,CCONJ,CCONJ,24.0,cc,"(81, 83)",או,,
24,אחרת,ADV,ADV,17.0,conj,"(84, 88)",אחרת,,
25,),PUNCT,PUNCT,17.0,punct,"(88, 89)",),,
"(26, 27)",המדידות,,,,,"(90, 97)",,,"[{'id': 26, 'text': 'ה', 'upos': 'DET', 'xpos': 'DET', 'feats': 'PronType=Art', 'head': 27, 'deprel': 'det:def', 'lemma': 'ה'}, {'id': 27, 'text': 'מדידות', 'upos': 'NOUN', 'xpos': 'NOUN', 'feats': 'Gender=Fem|Number=Plur', 'head': 28, 'deprel': 'nsubj', 'lemma': 'מדידה'}]"
28,בוצעו,VERB,VERB,0.0,root,"(98, 103)",בוצע,"Gender=Fem,Masc|HebBinyan=PUAL|Number=Plur|Person=3|Tense=Past|Voice=Pass",
"(29, 30)",ברצפת,,,,,"(104, 109)",,,"[{'id': 29, 'text': 'ב', 'upos': 'ADP', 'xpos': 'ADP', 'head': 30, 'deprel': 'case', 'lemma': 'ב'}, {'id': 30, 'text': 'רצפת', 'upos': 'NOUN', 'xpos': 'NOUN', 'feats': 'Definite=Cons|Gender=Fem|Number=Sing', 'head': 28, 'deprel': 'obl', 'lemma': 'רצפת'}]"
"(31, 32)",הבניין,,,,,"(110, 116)",,,"[{'id': 31, 'text': 'ה', 'upos': 'DET', 'xpos': 'DET', 'feats': 'PronType=Art', 'head': 32, 'deprel': 'det:def', 'lemma': 'ה'}, {'id': 32, 'text': 'בניין', 'upos': 'NOUN', 'xpos': 'NOUN', 'feats': 'Gender=Masc|Number=Sing', 'head': 30, 'deprel': 'compound:smixut', 'lemma': 'בניין'}]"
"(33, 34)",באחד,,,,,"(117, 121)",,,"[{'id': 33, 'text': 'ב', 'upos': 'ADP', 'xpos': 'ADP', 'head': 37, 'deprel': 'case', 'lemma': 'ב'}, {'id': 34, 'text': 'אחד', 'upos': 'NUM', 'xpos': 'NUM', 'feats': 'Gender=Masc|Number=Sing', 'head': 37, 'deprel': 'det', 'lemma': 'אחד'}]"
"(35, 37)",מהמקומות,,,,,"(122, 130)",,,"[{'id': 35, 'text': 'מ', 'upos': 'ADP', 'xpos': 'ADP', 'head': 37, 'deprel': 'case', 'lemma': 'מ'}, {'id': 36, 'text': 'ה', 'upos': 'DET', 'xpos': 'DET', 'feats': 'PronType=Art', 'head': 37, 'deprel': 'det:def', 'lemma': 'ה'}, {'id': 37, 'text': 'מקומות', 'upos': 'NOUN', 'xpos': 'NOUN', 'feats': 'Gender=Masc|Number=Plur', 'head': 28, 'deprel': 'obl', 'lemma': 'מקום'}]"
"(38, 39)",הבאים,,,,,"(131, 136)",,,"[{'id': 38, 'text': 'ה', 'upos': 'DET', 'xpos': 'DET', 'feats': 'PronType=Art', 'head': 39, 'deprel': 'det:def', 'lemma': 'ה'}, {'id': 39, 'text': 'באים', 'upos': 'ADJ', 'xpos': 'ADJ', 'feats': 'Gender=Masc|Number=Plur', 'head': 37, 'deprel': 'amod', 'lemma': 'בא'}]"
40,:,PUNCT,PUNCT,37.0,punct,"(136, 137)",:,,
41,∗,PUNCT,PUNCT,37.0,punct,"(138, 139)",∗,,
42,על,ADP,ADP,43.0,case,"(140, 142)",על,,
43,גג,NOUN,NOUN,37.0,nmod,"(143, 145)",גג,Definite=Cons|Gender=Masc|HebSource=ConvUncertainHead|Number=Sing,
44,בניין,NOUN,NOUN,43.0,compound:smixut,"(146, 151)",בניין,Gender=Masc|Number=Sing,
45,(,PUNCT,PUNCT,46.0,punct,"(152, 153)",(,,
46,ראה,VERB,VERB,37.0,appos,"(153, 156)",ראה,Gender=Masc|HebBinyan=PAAL|Mood=Imp|Number=Sing|Person=2|Voice=Act,
47,דוגמה,NOUN,NOUN,46.0,obj,"(157, 162)",דוגמה,Gender=Fem|Number=Sing,
"(48, 49)",באיור,,,,,"(163, 168)",,,"[{'id': 48, 'text': 'ב', 'upos': 'ADP', 'xpos': 'ADP', 'head': 49, 'deprel': 'case', 'lemma': 'ב'}, {'id': 49, 'text': 'איור', 'upos': 'NOUN', 'xpos': 'NOUN', 'feats': 'Gender=Masc|Number=Sing', 'head': 47, 'deprel': 'nmod', 'lemma': 'איור'}]"
50,מס',NOUN,NOUN,49.0,compound:smixut,"(169, 172)",מס',Abbr=Yes|Gender=Masc|Number=Sing,
51,3,NUM,NUM,50.0,nummod,"(173, 174)",3,,
1,3,NUM,NUM,0.0,root,"(0, 1)",3,,
1,1,NUM,NUM,0.0,root,"(0, 1)",1,,
1,1,NUM,NUM,0.0,root,"(0, 1)",1,,
2,),PUNCT,PUNCT,1.0,punct,"(1, 2)",),,
3,∗,PUNCT,PUNCT,1.0,dep,"(3, 4)",∗,,
"(4, 5)",בחדר,,,,,"(5, 9)",,,"[{'id': 4, 'text': 'ב', 'upos': 'ADP', 'xpos': 'ADP', 'head': 5, 'deprel': 'case', 'lemma': 'ב'}, {'id': 5, 'text': 'חדר', 'upos': 'NOUN', 'xpos': 'NOUN', 'feats': 'Definite=Cons|Gender=Masc|Number=Sing', 'head': 1, 'deprel': 'obl', 'lemma': 'חדר'}]"
6,מדרגות,NOUN,NOUN,5.0,compound:smixut,"(10, 16)",מדרגה,Gender=Fem|Number=Plur,
"(7, 9)",בקומה,,,,,"(17, 22)",,,"[{'id': 7, 'text': 'ב', 'upos': 'ADP', 'xpos': 'ADP', 'head': 9, 'deprel': 'case', 'lemma': 'ב'}, {'id': 8, 'text': 'ה_', 'upos': 'DET', 'xpos': 'DET', 'feats': 'PronType=Art', 'head': 9, 'deprel': 'det:def', 'lemma': 'ה'}, {'id': 9, 'text': 'קומה', 'upos': 'NOUN', 'xpos': 'NOUN', 'feats': 'Gender=Fem|Number=Sing', 'head': 5, 'deprel': 'nmod', 'lemma': 'קומה'}]"
10,עליונה,ADJ,ADJ,9.0,amod,"(23, 29)",עליון,Gender=Fem|Number=Sing,
11,של,ADP,ADP,13.0,case:gen,"(30, 32)",של,Case=Gen,
"(12, 13)",הבניין,,,,,"(33, 39)",,,"[{'id': 12, 'text': 'ה', 'upos': 'DET', 'xpos': 'DET', 'feats': 'PronType=Art', 'head': 13, 'deprel': 'det:def', 'lemma': 'ה'}, {'id': 13, 'text': 'בניין', 'upos': 'NOUN', 'xpos': 'NOUN', 'feats': 'Gender=Masc|Number=Sing', 'head': 9, 'deprel': 'nmod', 'lemma': 'בניין'}]"
14,(,PUNCT,PUNCT,15.0,punct,"(40, 41)",(,,
15,איור,NOUN,NOUN,1.0,appos,"(41, 45)",איור,Gender=Masc|Number=Sing,
16,מס',NOUN,NOUN,15.0,nmod,"(46, 49)",מס',Abbr=Yes|Gender=Masc|HebSource=ConvUncertainLabel|Number=Sing,
17,3,NUM,NUM,16.0,nummod,"(50, 51)",3,,
1,3,NUM,NUM,0.0,root,"(0, 1)",3,,
1,1,NUM,NUM,0.0,root,"(0, 1)",1,,
1,2,NUM,NUM,0.0,root,"(0, 1)",2,,
2,),PUNCT,PUNCT,1.0,punct,"(1, 2)",),,
3,∗,PUNCT,PUNCT,1.0,dep,"(3, 4)",∗,,
"(4, 5)",בחדרים,,,,,"(5, 11)",,,"[{'id': 4, 'text': 'ב', 'upos': 'ADP', 'xpos': 'ADP', 'head': 5, 'deprel': 'case', 'lemma': 'ב'}, {'id': 5, 'text': 'חדרים', 'upos': 'NOUN', 'xpos': 'NOUN', 'feats': 'Gender=Masc|Number=Plur', 'head': 1, 'deprel': 'obl', 'lemma': 'חדר'}]"
"(6, 7)",בדירות,,,,,"(12, 18)",,,"[{'id': 6, 'text': 'ב', 'upos': 'ADP', 'xpos': 'ADP', 'head': 7, 'deprel': 'case', 'lemma': 'ב'}, {'id': 7, 'text': 'דירות', 'upos': 'NOUN', 'xpos': 'NOUN', 'feats': 'Gender=Fem|Number=Plur', 'head': 5, 'deprel': 'nmod', 'lemma': 'דירה'}]"
"(8, 9)",באחת,,,,,"(19, 23)",,,"[{'id': 8, 'text': 'ב', 'upos': 'ADP', 'xpos': 'ADP', 'head': 12, 'deprel': 'case', 'lemma': 'ב'}, {'id': 9, 'text': 'אחת', 'upos': 'NUM', 'xpos': 'NUM', 'feats': 'Gender=Fem|Number=Sing', 'head': 12, 'deprel': 'det', 'lemma': 'אחת'}]"
"(10, 12)",מהקומות,,,,,"(24, 31)",,,"[{'id': 10, 'text': 'מ', 'upos': 'ADP', 'xpos': 'ADP', 'head': 12, 'deprel': 'case', 'lemma': 'מ'}, {'id': 11, 'text': 'ה', 'upos': 'DET', 'xpos': 'DET', 'feats': 'PronType=Art', 'head': 12, 'deprel': 'det:def', 'lemma': 'ה'}, {'id': 12, 'text': 'קומות', 'upos': 'NOUN', 'xpos': 'NOUN', 'feats': 'Gender=Fem|Number=Plur', 'head': 7, 'deprel': 'nmod', 'lemma': 'קומה'}]"
"(13, 14)",העליונות,,,,,"(32, 40)",,,"[{'id': 13, 'text': 'ה', 'upos': 'DET', 'xpos': 'DET', 'feats': 'PronType=Art', 'head': 14, 'deprel': 'det:def', 'lemma': 'ה'}, {'id': 14, 'text': 'עליונות', 'upos': 'ADJ', 'xpos': 'ADJ', 'feats': 'Gender=Fem|Number=Plur', 'head': 12, 'deprel': 'amod', 'lemma': 'עליונות'}]"
15,(,PUNCT,PUNCT,16.0,punct,"(41, 42)",(,,
16,איור,NOUN,NOUN,5.0,appos,"(42, 46)",איור,Gender=Masc|Number=Sing,
17,מס',NUM,NUM,16.0,nmod,"(47, 50)",מס',Abbr=Yes|Gender=Masc|HebSource=ConvUncertainLabel|Number=Sing,
18,3,NUM,NUM,17.0,nummod,"(51, 52)",3,,
1,3,NUM,NUM,0.0,root,"(0, 1)",3,,
1,1,NUM,NUM,0.0,root,"(0, 1)",1,,
1,3,NUM,NUM,0.0,root,"(0, 1)",3,,
2,),PUNCT,PUNCT,1.0,punct,"(1, 2)",),,
3,∗,PUNCT,PUNCT,1.0,dep,"(3, 4)",∗,,
"(4, 5)",במרפסות,,,,,"(5, 12)",,,"[{'id': 4, 'text': 'ב', 'upos': 'ADP', 'xpos': 'ADP', 'head': 5, 'deprel': 'case', 'lemma': 'ב'}, {'id': 5, 'text': 'מרפסות', 'upos': 'NOUN', 'xpos': 'NOUN', 'feats': 'Gender=Fem|Number=Plur', 'head': 1, 'deprel': 'obl', 'lemma': 'מרפסה'}]"
"(6, 7)",בדירות,,,,,"(13, 19)",,,"[{'id': 6, 'text': 'ב', 'upos': 'ADP', 'xpos': 'ADP', 'head': 7, 'deprel': 'case', 'lemma': 'ב'}, {'id': 7, 'text': 'דירות', 'upos': 'NOUN', 'xpos': 'NOUN', 'feats': 'Gender=Fem|Number=Plur', 'head': 5, 'deprel': 'nmod', 'lemma': 'דירה'}]"
"(8, 9)",באחת,,,,,"(20, 24)",,,"[{'id': 8, 'text': 'ב', 'upos': 'ADP', 'xpos': 'ADP', 'head': 12, 'deprel': 'case', 'lemma': 'ב'}, {'id': 9, 'text': 'אחת', 'upos': 'NUM', 'xpos': 'NUM', 'feats': 'Gender=Fem|Number=Sing', 'head': 12, 'deprel': 'det', 'lemma': 'אחת'}]"
"(10, 12)",מהקומות,,,,,"(25, 32)",,,"[{'id': 10, 'text': 'מ', 'upos': 'ADP', 'xpos': 'ADP', 'head': 12, 'deprel': 'case', 'lemma': 'מ'}, {'id': 11, 'text': 'ה', 'upos': 'DET', 'xpos': 'DET', 'feats': 'PronType=Art', 'head': 12, 'deprel': 'det:def', 'lemma': 'ה'}, {'id': 12, 'text': 'קומות', 'upos': 'NOUN', 'xpos': 'NOUN', 'feats': 'Gender=Fem|Number=Plur', 'head': 7, 'deprel': 'nmod', 'lemma': 'קומה'}]"
"(13, 14)",העליונות,,,,,"(33, 41)",,,"[{'id': 13, 'text': 'ה', 'upos': 'DET', 'xpos': 'DET', 'feats': 'PronType=Art', 'head': 14, 'deprel': 'det:def', 'lemma': 'ה'}, {'id': 14, 'text': 'עליונות', 'upos': 'ADJ', 'xpos': 'ADJ', 'feats': 'Gender=Fem|Number=Plur', 'head': 12, 'deprel': 'amod', 'lemma': 'עליונות'}]"
15,(,PUNCT,PUNCT,16.0,punct,"(42, 43)",(,,
16,איור,NOUN,NOUN,1.0,appos,"(43, 47)",איור,Gender=Masc|Number=Sing,
17,מס',NOUN,NOUN,16.0,nmod,"(48, 51)",מס',Abbr=Yes|Gender=Masc|HebSource=ConvUncertainLabel|Number=Sing,
18,3,NUM,NUM,17.0,nummod,"(52, 53)",3,,
1,3,NUM,NUM,0.0,root,"(0, 1)",3,,
1,1,NUM,NUM,0.0,root,"(0, 1)",1,,
1,4) 3,NUM,NUM,0.0,root,"(0, 4)",4) 3,,
1,3,NUM,NUM,0.0,root,"(0, 1)",3,,
1,2,NUM,NUM,2.0,nummod,"(0, 1)",2,,
2,מדידות,NOUN,NOUN,11.0,nsubj,"(2, 8)",מדידה,Definite=Cons|Gender=Fem|Number=Plur,
3,רעידות,NOUN,NOUN,2.0,compound:smixut,"(9, 15)",רעידה,Gender=Fem|Number=Plur,
4,ליד,ADP,ADP,5.0,case,"(16, 19)",ליד,,
5,מבנים,NOUN,NOUN,2.0,nmod,"(20, 25)",מבנה,Gender=Masc|Number=Plur,
6,מדידת,NOUN,NOUN,11.0,nsubj,"(26, 31)",מדידה,Definite=Cons|Gender=Fem|Number=Sing,
7,רעידות,NOUN,NOUN,6.0,compound:smixut,"(32, 38)",רעידה,Gender=Fem|Number=Plur,
8,ליד,ADP,ADP,10.0,case,"(39, 42)",ליד,,
"(9, 10)",המבנים,,,,,"(43, 49)",,,"[{'id': 9, 'text': 'ה', 'upos': 'DET', 'xpos': 'DET', 'feats': 'PronType=Art', 'head': 10, 'deprel': 'det:def', 'lemma': 'ה'}, {'id': 10, 'text': 'מבנים', 'upos': 'NOUN', 'xpos': 'NOUN', 'feats': 'Gender=Masc|Number=Plur', 'head': 6, 'deprel': 'nmod', 'lemma': 'מבנה'}]"
11,בוצעה,VERB,VERB,0.0,root,"(50, 55)",בוצע,Gender=Fem|HebBinyan=NIFAL|Number=Sing|Person=3|Tense=Past|Voice=Mid,
"(12, 13)",במרחק,,,,,"(56, 61)",,,"[{'id': 12, 'text': 'ב', 'upos': 'ADP', 'xpos': 'ADP', 'head': 13, 'deprel': 'case', 'lemma': 'ב'}, {'id': 13, 'text': 'מרחק', 'upos': 'NOUN', 'xpos': 'NOUN', 'feats': 'Gender=Masc|Number=Sing', 'head': 11, 'deprel': 'obl', 'lemma': 'מרחק'}]"
14,של,ADP,ADP,18.0,case:gen,"(62, 64)",של,Case=Gen,
15,כ,ADV,ADV,18.0,advmod,"(65, 66)",כ,,
16,-,PUNCT,PUNCT,18.0,punct,"(66, 67)",-,,
17,20,NUM,NUM,18.0,nummod,"(67, 69)",20,,
18,מ',NOUN,NOUN,13.0,nmod,"(70, 72)",מ',Abbr=Yes|Gender=Masc|Number=Sing,
19,לפחות,ADV,ADV,18.0,advmod,"(73, 78)",לפחות,,
"(20, 22)",מהמבנים,,,,,"(79, 86)",,,"[{'id': 20, 'text': 'מ', 'upos': 'ADP', 'xpos': 'ADP', 'head': 22, 'deprel': 'case', 'lemma': 'מ'}, {'id': 21, 'text': 'ה', 'upos': 'DET', 'xpos': 'DET', 'feats': 'PronType=Art', 'head': 22, 'deprel': 'det:def', 'lemma': 'ה'}, {'id': 22, 'text': 'מבנים', 'upos': 'NOUN', 'xpos': 'NOUN', 'feats': 'Gender=Masc|Number=Plur', 'head': 13, 'deprel': 'nmod', 'lemma': 'מבנה'}]"
"(23, 24)",הנמוכים,,,,,"(87, 94)",,,"[{'id': 23, 'text': 'ה', 'upos': 'DET', 'xpos': 'DET', 'feats': 'PronType=Art', 'head': 24, 'deprel': 'det:def', 'lemma': 'ה'}, {'id': 24, 'text': 'נמוכים', 'upos': 'ADJ', 'xpos': 'ADJ', 'feats': 'Gender=Masc|Number=Plur', 'head': 22, 'deprel': 'amod', 'lemma': 'נמוך'}]"
"(25, 26)",שנבדקו,,,,,"(95, 101)",,,"[{'id': 25, 'text': 'ש', 'upos': 'SCONJ', 'xpos': 'SCONJ', 'head': 26, 'deprel': 'mark', 'lemma': 'ש'}, {'id': 26, 'text': 'נבדקו', 'upos': 'VERB', 'xpos': 'VERB', 'feats': 'Gender=Fem,Masc|HebBinyan=NIFAL|Number=Plur|Person=3|Tense=Past|Voice=Mid', 'head': 22, 'deprel': 'acl:relcl', 'lemma': 'נבדק'}]"
27,(,PUNCT,PUNCT,29.0,punct,"(102, 103)",(,,
28,3,NUM,NUM,29.0,nummod,"(103, 104)",3,,
29,קומות,NOUN,NOUN,26.0,parataxis,"(105, 110)",קומה,Gender=Fem|Number=Plur,
30,),PUNCT,PUNCT,29.0,punct,"(110, 111)",),,
"(31, 33)",ובמרחק,,,,,"(112, 118)",,,"[{'id': 31, 'text': 'ו', 'upos': 'CCONJ', 'xpos': 'CCONJ', 'head': 33, 'deprel': 'cc', 'lemma': 'ו'}, {'id': 32, 'text': 'ב', 'upos': 'ADP', 'xpos': 'ADP', 'head': 33, 'deprel': 'case', 'lemma': 'ב'}, {'id': 33, 'text': 'מרחק', 'upos': 'NOUN', 'xpos': 'NOUN', 'feats': 'Gender=Masc|Number=Sing', 'head': 13, 'deprel': 'conj', 'lemma': 'מרחק'}]"
34,של,ADP,ADP,39.0,case:gen,"(119, 121)",של,Case=Gen,
35,יותר,ADV,ADV,39.0,advmod,"(122, 126)",יותר,HebSource=ConvUncertainHead,
36,מ,ADP,ADP,35.0,fixed,"(127, 128)",מ,,
37,-,PUNCT,PUNCT,39.0,punct,"(128, 129)",-,,
38,100,NUM,NUM,39.0,nummod,"(129, 132)",100,,
39,מ',NOUN,NOUN,33.0,nmod,"(133, 135)",מ',Abbr=Yes|Gender=Masc|Number=Sing,
"(40, 41)",מכל,,,,,"(136, 139)",,,"[{'id': 40, 'text': 'מ', 'upos': 'ADP', 'xpos': 'ADP', 'head': 43, 'deprel': 'case', 'lemma': 'מ'}, {'id': 41, 'text': 'כל', 'upos': 'DET', 'xpos': 'DET', 'feats': 'Definite=Cons', 'head': 43, 'deprel': 'det', 'lemma': 'כול'}]"
"(42, 43)",המבנים,,,,,"(140, 146)",,,"[{'id': 42, 'text': 'ה', 'upos': 'DET', 'xpos': 'DET', 'feats': 'PronType=Art', 'head': 43, 'deprel': 'det:def', 'lemma': 'ה'}, {'id': 43, 'text': 'מבנים', 'upos': 'NOUN', 'xpos': 'NOUN', 'feats': 'Gender=Masc|Number=Plur', 'head': 33, 'deprel': 'nmod', 'lemma': 'מבנה'}]"
"(44, 45)",האחרים,,,,,"(147, 153)",,,"[{'id': 44, 'text': 'ה', 'upos': 'DET', 'xpos': 'DET', 'feats': 'PronType=Art', 'head': 45, 'deprel': 'det:def', 'lemma': 'ה'}, {'id': 45, 'text': 'אחרים', 'upos': 'ADJ', 'xpos': 'ADJ', 'feats': 'Gender=Masc|Number=Plur', 'head': 43, 'deprel': 'amod', 'lemma': 'אחר'}]"
46,",",PUNCT,PUNCT,11.0,punct,"(153, 154)",",",,
"(47, 48)",וזאת,,,,,"(155, 159)",,,"[{'id': 47, 'text': 'ו', 'upos': 'CCONJ', 'xpos': 'CCONJ', 'head': 48, 'deprel': 'cc', 'lemma': 'ו'}, {'id': 48, 'text': 'זאת', 'upos': 'PRON', 'xpos': 'PRON', 'feats': 'Gender=Fem|Number=Sing|Person=3|PronType=Dem', 'head': 11, 'deprel': 'conj', 'lemma': 'זאת'}]"
49,כדי,ADP,ADP,50.0,case,"(160, 163)",כדי,,
50,למנוע,VERB,VERB,48.0,advcl,"(164, 169)",מנע,HebBinyan=PAAL|VerbForm=Inf|Voice=Act,
51,השפעת,NOUN,NOUN,50.0,obj,"(170, 175)",השפעה,Definite=Cons|Gender=Fem|Number=Sing,
"(52, 53)",המבנים,,,,,"(176, 182)",,,"[{'id': 52, 'text': 'ה', 'upos': 'DET', 'xpos': 'DET', 'feats': 'PronType=Art', 'head': 53, 'deprel': 'det:def', 'lemma': 'ה'}, {'id': 53, 'text': 'מבנים', 'upos': 'NOUN', 'xpos': 'NOUN', 'feats': 'Gender=Masc|Number=Plur', 'head': 51, 'deprel': 'compound:smixut', 'lemma': 'מבנה'}]"
"(54, 55)",שנבדקו,,,,,"(183, 189)",,,"[{'id': 54, 'text': 'ש', 'upos': 'SCONJ', 'xpos': 'SCONJ', 'head': 55, 'deprel': 'mark', 'lemma': 'ש'}, {'id': 55, 'text': 'נבדקו', 'upos': 'VERB', 'xpos': 'VERB', 'feats': 'Gender=Fem,Masc|HebBinyan=NIFAL|Number=Plur|Person=3|Tense=Past|Voice=Mid', 'head': 53, 'deprel': 'acl:relcl', 'lemma': 'נבדק'}]"
56,על,ADP,ADP,57.0,case,"(190, 192)",על,,
57,רעידות,NOUN,NOUN,55.0,obl,"(193, 199)",רעידה,Gender=Fem|Number=Plur,
"(58, 59)",בקרקע,,,,,"(200, 205)",,,"[{'id': 58, 'text': 'ב', 'upos': 'ADP', 'xpos': 'ADP', 'head': 59, 'deprel': 'case', 'lemma': 'ב'}, {'id': 59, 'text': 'קרקע', 'upos': 'NOUN', 'xpos': 'NOUN', 'feats': 'Gender=Fem|Number=Sing', 'head': 57, 'deprel': 'nmod', 'lemma': 'קרקע'}]"
60,(,PUNCT,PUNCT,61.0,punct,"(206, 207)",(,,
61,ראה,VERB,VERB,48.0,appos,"(207, 210)",ראה,Gender=Masc|HebBinyan=PAAL|Mood=Imp|Number=Sing|Person=2|Voice=Act,
62,דוגמה,NOUN,NOUN,61.0,obj,"(211, 216)",דוגמה,Gender=Fem|Number=Sing,
"(63, 64)",באיור,,,,,"(217, 222)",,,"[{'id': 63, 'text': 'ב', 'upos': 'ADP', 'xpos': 'ADP', 'head': 64, 'deprel': 'case', 'lemma': 'ב'}, {'id': 64, 'text': 'איור', 'upos': 'NOUN', 'xpos': 'NOUN', 'feats': 'Gender=Masc|Number=Sing', 'head': 62, 'deprel': 'nmod', 'lemma': 'איור'}]"
65,מס',NOUN,NOUN,64.0,compound:smixut,"(223, 226)",מס',Gender=Masc|Number=Sing,
66,3,NUM,NUM,65.0,nummod,"(227, 228)",3,,
1,3,NUM,NUM,0.0,root,"(0, 1)",3,,
1,2,NUM,NUM,0.0,root,"(0, 1)",2,,
1,1,NUM,NUM,0.0,root,"(0, 1)",1,,
2,),PUNCT,PUNCT,1.0,punct,"(1, 2)",),,
1,3,NUM,NUM,0.0,root,"(1, 2)",3,,
1,4,NUM,NUM,15.0,dep,"(0, 1)",4,,
2,שיטת,NOUN,NOUN,15.0,nsubj,"(2, 6)",שיטה,Definite=Cons|Gender=Fem|Number=Sing,
"(3, 4)",המדידה,,,,,"(7, 13)",,,"[{'id': 3, 'text': 'ה', 'upos': 'DET', 'xpos': 'DET', 'feats': 'PronType=Art', 'head': 4, 'deprel': 'det:def', 'lemma': 'ה'}, {'id': 4, 'text': 'מדידה', 'upos': 'NOUN', 'xpos': 'NOUN', 'feats': 'Gender=Fem|Number=Sing', 'head': 2, 'deprel': 'compound:smixut', 'lemma': 'מדידה'}]"
5,רוב,DET,DET,7.0,det,"(14, 17)",רוב,Definite=Cons,
"(6, 7)",המדידות,,,,,"(18, 25)",,,"[{'id': 6, 'text': 'ה', 'upos': 'DET', 'xpos': 'DET', 'feats': 'PronType=Art', 'head': 7, 'deprel': 'det:def', 'lemma': 'ה'}, {'id': 7, 'text': 'מדידות', 'upos': 'NOUN', 'xpos': 'NOUN', 'feats': 'Gender=Fem|Number=Plur', 'head': 15, 'deprel': 'nsubj', 'lemma': 'מדידה'}]"
"(8, 10)",בבניינים,,,,,"(26, 34)",,,"[{'id': 8, 'text': 'ב', 'upos': 'ADP', 'xpos': 'ADP', 'head': 10, 'deprel': 'case', 'lemma': 'ב'}, {'id': 9, 'text': 'ה_', 'upos': 'DET', 'xpos': 'DET', 'feats': 'PronType=Art', 'head': 10, 'deprel': 'det:def', 'lemma': 'ה'}, {'id': 10, 'text': 'בניינים', 'upos': 'NOUN', 'xpos': 'NOUN', 'feats': 'Gender=Masc|Number=Plur', 'head': 7, 'deprel': 'nmod', 'lemma': 'בניין'}]"
"(11, 12)",ועל,,,,,"(35, 38)",,,"[{'id': 11, 'text': 'ו', 'upos': 'CCONJ', 'xpos': 'CCONJ', 'head': 14, 'deprel': 'cc', 'lemma': 'ו'}, {'id': 12, 'text': 'על', 'upos': 'ADP', 'xpos': 'ADP', 'head': 14, 'deprel': 'case', 'lemma': 'על'}]"
"(13, 14)",הקרקע,,,,,"(39, 44)",,,"[{'id': 13, 'text': 'ה', 'upos': 'DET', 'xpos': 'DET', 'feats': 'PronType=Art', 'head': 14, 'deprel': 'det:def', 'lemma': 'ה'}, {'id': 14, 'text': 'קרקע', 'upos': 'NOUN', 'xpos': 'NOUN', 'feats': 'Gender=Fem|Number=Sing', 'head': 10, 'deprel': 'conj', 'lemma': 'קרקע'}]"
15,בוצעו,VERB,VERB,0.0,root,"(45, 50)",בוצע,"Gender=Fem,Masc|HebBinyan=PUAL|Number=Plur|Person=3|Tense=Past|Voice=Pass",
16,על,ADP,ADP,18.0,case,"(51, 53)",על,,
17,ידי,NOUN,NOUN,16.0,fixed,"(54, 57)",יד,Definite=Cons|Gender=Fem|Number=Plur,
18,מערכת,NOUN,NOUN,15.0,obl,"(58, 63)",מערכת,Definite=Cons|Gender=Fem|Number=Sing,
19,Sinus,PROPN,PROPN,18.0,compound:smixut,"(64, 69)",Sinus,,
20,",",PUNCT,PUNCT,15.0,punct,"(69, 70)",",",,
"(21, 22)",וחלק,,,,,"(71, 75)",,,"[{'id': 21, 'text': 'ו', 'upos': 'CCONJ', 'xpos': 'CCONJ', 'head': 26, 'deprel': 'cc', 'lemma': 'ו'}, {'id': 22, 'text': 'חלק', 'upos': 'NOUN', 'xpos': 'NOUN', 'feats': 'Gender=Masc|Number=Sing', 'head': 25, 'deprel': 'det', 'lemma': 'חלק'}]"
"(23, 25)",מהמדידות,,,,,"(76, 84)",,,"[{'id': 23, 'text': 'מ', 'upos': 'ADP', 'xpos': 'ADP', 'feats': 'HebSource=ConvUncertainLabel', 'head': 25, 'deprel': 'case', 'lemma': 'מ'}, {'id': 24, 'text': 'ה', 'upos': 'DET', 'xpos': 'DET', 'feats': 'PronType=Art', 'head': 25, 'deprel': 'det:def', 'lemma': 'ה'}, {'id': 25, 'text': 'מדידות', 'upos': 'NOUN', 'xpos': 'NOUN', 'feats': 'Gender=Fem|Number=Plur', 'head': 26, 'deprel': 'nsubj', 'lemma': 'מדידה'}]"
26,נערכו,VERB,VERB,15.0,conj,"(85, 90)",נערך,"Gender=Fem,Masc|HebBinyan=NIFAL|Number=Plur|Person=3|Tense=Past|Voice=Mid",
27,על,ADP,ADP,30.0,case,"(91, 93)",על,,
28,ידי,NOUN,NOUN,27.0,fixed,"(94, 97)",יד,Definite=Cons|Gender=Fem|Number=Plur,
29,שתי,NUM,NUM,30.0,nummod,"(98, 101)",שתי,Definite=Cons|Gender=Fem|Number=Plur,
30,מערכות,NOUN,NOUN,26.0,obl,"(102, 108)",מערכת,Gender=Fem|Number=Plur,
"(31, 32)",בו,,,,,"(109, 111)",,,"[{'id': 31, 'text': 'ב_', 'upos': 'ADP', 'xpos': 'ADP', 'head': 32, 'deprel': 'case', 'lemma': 'ב'}, {'id': 32, 'text': '_הוא', 'upos': 'PRON', 'xpos': 'PRON', 'feats': 'Gender=Masc|Number=Sing|Person=3|PronType=Prs', 'head': 30, 'deprel': 'nmod', 'lemma': 'הוא'}]"
33,-,PUNCT,PUNCT,32.0,punct,"(111, 112)",-,,
34,זמנית,ADJ,ADJ,32.0,dep,"(112, 117)",זמני,Gender=Fem|Number=Sing,
1,מערכת,NOUN,NOUN,19.0,nsubj,"(1, 6)",מערכת,Definite=Cons|Gender=Fem|Number=Sing,
2,Sinus,PROPN,PROPN,1.0,compound:smixut,"(7, 12)",Sinus,,
3,עם,ADP,ADP,5.0,case,"(13, 15)",עם,,
4,שני,NUM,NUM,5.0,nummod,"(16, 19)",שני,Definite=Cons|Gender=Masc|Number=Plur,
5,סיסמומטרים,NOUN,NOUN,1.0,nmod,"(20, 30)",סיסמומטר,Gender=Masc|Number=Plur,
6,תלת,ADV,ADV,7.0,compound:affix,"(31, 34)",תלת,Prefix=Yes,
7,ממדיים,ADJ,ADJ,5.0,amod,"(35, 41)",ממדיים,Gender=Masc|Number=Plur,
"(8, 9)",במרחק,,,,,"(42, 47)",,,"[{'id': 8, 'text': 'ב', 'upos': 'ADP', 'xpos': 'ADP', 'head': 9, 'deprel': 'case', 'lemma': 'ב'}, {'id': 9, 'text': 'מרחק', 'upos': 'NOUN', 'xpos': 'NOUN', 'feats': 'Definite=Cons|Gender=Masc|Number=Sing', 'head': 5, 'deprel': 'nmod', 'lemma': 'מרחק'}]"
10,2,NUM,NUM,13.0,nummod,"(48, 49)",2,,
11,-,PUNCT,PUNCT,10.0,punct,"(49, 50)",-,,
12,5,NUM,NUM,10.0,nummod,"(50, 51)",5,,
13,מ',NOUN,NOUN,9.0,nmod,"(52, 54)",מ',,
14,אחד,NUM,NUM,17.0,det,"(55, 58)",אחד,Gender=Masc|Number=Sing,
"(15, 17)",מהשני,,,,,"(59, 64)",,,"[{'id': 15, 'text': 'מ', 'upos': 'ADP', 'xpos': 'ADP', 'head': 17, 'deprel': 'case', 'lemma': 'מ'}, {'id': 16, 'text': 'ה', 'upos': 'DET', 'xpos': 'DET', 'feats': 'PronType=Art', 'head': 17, 'deprel': 'det:def', 'lemma': 'ה'}, {'id': 17, 'text': 'שני', 'upos': 'NUM', 'xpos': 'NUM', 'feats': 'Gender=Masc|Number=Sing', 'head': 9, 'deprel': 'nmod', 'lemma': 'שני'}]"
18,",",PUNCT,PUNCT,19.0,punct,"(64, 65)",",",,
19,שימשה,VERB,VERB,0.0,root,"(66, 71)",שימש,Gender=Fem|HebBinyan=PIEL|Number=Sing|Person=3|Tense=Past|Voice=Act,
"(20, 21)",למדידת,,,,,"(72, 78)",,,"[{'id': 20, 'text': 'ל', 'upos': 'ADP', 'xpos': 'ADP', 'head': 21, 'deprel': 'case', 'lemma': 'ל'}, {'id': 21, 'text': 'מדידת', 'upos': 'NOUN', 'xpos': 'NOUN', 'feats': 'Definite=Cons|Gender=Fem|Number=Sing', 'head': 19, 'deprel': 'obl', 'lemma': 'מדידה'}]"
22,מהירות,NOUN,NOUN,21.0,compound:smixut,"(79, 85)",מהירות,Definite=Cons|Gender=Fem|Number=Sing,
23,רעידות,NOUN,NOUN,22.0,compound:smixut,"(86, 92)",רעידה,Gender=Fem|Number=Plur,
"(24, 25)",בבניין,,,,,"(93, 99)",,,"[{'id': 24, 'text': 'ב', 'upos': 'ADP', 'xpos': 'ADP', 'head': 25, 'deprel': 'case', 'lemma': 'ב'}, {'id': 25, 'text': 'בניין', 'upos': 'NOUN', 'xpos': 'NOUN', 'feats': 'Gender=Masc|Number=Sing', 'head': 22, 'deprel': 'nmod', 'lemma': 'בניין'}]"
"(26, 27)",ועל,,,,,"(100, 103)",,,"[{'id': 26, 'text': 'ו', 'upos': 'CCONJ', 'xpos': 'CCONJ', 'head': 29, 'deprel': 'cc', 'lemma': 'ו'}, {'id': 27, 'text': 'על', 'upos': 'ADP', 'xpos': 'ADP', 'head': 29, 'deprel': 'case', 'lemma': 'על'}]"
"(28, 29)",הקרקע,,,,,"(104, 109)",,,"[{'id': 28, 'text': 'ה', 'upos': 'DET', 'xpos': 'DET', 'feats': 'PronType=Art', 'head': 29, 'deprel': 'det:def', 'lemma': 'ה'}, {'id': 29, 'text': 'קרקע', 'upos': 'NOUN', 'xpos': 'NOUN', 'feats': 'Gender=Fem|Number=Sing', 'head': 25, 'deprel': 'conj', 'lemma': 'קרקע'}]"
"(30, 31)",ואנליזה,,,,,"(110, 117)",,,"[{'id': 30, 'text': 'ו', 'upos': 'CCONJ', 'xpos': 'CCONJ', 'head': 31, 'deprel': 'cc', 'lemma': 'ו'}, {'id': 31, 'text': 'אנליזה', 'upos': 'NOUN', 'xpos': 'NOUN', 'feats': 'Gender=Fem|Number=Sing', 'head': 21, 'deprel': 'conj', 'lemma': 'אנליזה'}]"
32,ספקטרלית,ADJ,ADJ,31.0,amod,"(118, 126)",ספקטרלי,Gender=Fem|Number=Sing,
33,של,ADP,ADP,35.0,case:gen,"(127, 129)",של,Case=Gen,
"(34, 35)",הרעידות,,,,,"(130, 137)",,,"[{'id': 34, 'text': 'ה', 'upos': 'DET', 'xpos': 'DET', 'feats': 'PronType=Art', 'head': 35, 'deprel': 'det:def', 'lemma': 'ה'}, {'id': 35, 'text': 'רעידות', 'upos': 'NOUN', 'xpos': 'NOUN', 'feats': 'Gender=Fem|Number=Plur', 'head': 31, 'deprel': 'nmod', 'lemma': 'רעידה'}]"
"(36, 37)",בזמן,,,,,"(138, 142)",,,"[{'id': 36, 'text': 'ב', 'upos': 'ADP', 'xpos': 'ADP', 'head': 37, 'deprel': 'case', 'lemma': 'ב'}, {'id': 37, 'text': 'זמן', 'upos': 'NOUN', 'xpos': 'NOUN', 'feats': 'Definite=Cons|Gender=Masc|Number=Sing', 'head': 31, 'deprel': 'nmod', 'lemma': 'זמן'}]"
38,אמת,NOUN,NOUN,37.0,compound:smixut,"(143, 146)",אמת,Gender=Fem|Number=Sing,
"(39, 40)",לבקרת,,,,,"(147, 152)",,,"[{'id': 39, 'text': 'ל', 'upos': 'ADP', 'xpos': 'ADP', 'head': 40, 'deprel': 'case', 'lemma': 'ל'}, {'id': 40, 'text': 'בקרת', 'upos': 'NOUN', 'xpos': 'NOUN', 'feats': 'Definite=Cons|Gender=Fem|Number=Sing', 'head': 31, 'deprel': 'nmod', 'lemma': 'בקרה'}]"
"(41, 42)",המדידות,,,,,"(153, 160)",,,"[{'id': 41, 'text': 'ה', 'upos': 'DET', 'xpos': 'DET', 'feats': 'PronType=Art', 'head': 42, 'deprel': 'det:def', 'lemma': 'ה'}, {'id': 42, 'text': 'מדידות', 'upos': 'NOUN', 'xpos': 'NOUN', 'feats': 'Gender=Fem|Number=Plur', 'head': 40, 'deprel': 'compound:smixut', 'lemma': 'מדידה'}]"
"(1, 2)",הסיסמומטרים,,,,,"(1, 12)",,,"[{'id': 1, 'text': 'ה', 'upos': 'DET', 'xpos': 'DET', 'feats': 'PronType=Art', 'head': 2, 'deprel': 'det:def', 'lemma': 'ה'}, {'id': 2, 'text': 'סיסמומטרים', 'upos': 'NOUN', 'xpos': 'NOUN', 'feats': 'Gender=Masc|Number=Plur', 'head': 3, 'deprel': 'nsubj', 'lemma': 'סיסמומטר'}]"
3,מדדו,VERB,VERB,0.0,root,"(13, 17)",מדד,"Gender=Fem,Masc|HebBinyan=PAAL|Number=Plur|Person=3|Tense=Past|Voice=Act",
4,מהירות,NOUN,NOUN,3.0,obj,"(18, 24)",מהירות,Definite=Cons|Gender=Fem|Number=Sing,
5,רעידות,NOUN,NOUN,4.0,compound:smixut,"(25, 31)",רעידה,Gender=Fem|Number=Plur,
"(6, 7)",בקצב,,,,,"(32, 36)",,,"[{'id': 6, 'text': 'ב', 'upos': 'ADP', 'xpos': 'ADP', 'head': 7, 'deprel': 'case', 'lemma': 'ב'}, {'id': 7, 'text': 'קצב', 'upos': 'NOUN', 'xpos': 'NOUN', 'feats': 'Gender=Masc|Number=Sing', 'head': 3, 'deprel': 'obl', 'lemma': 'קצב'}]"
8,של,ADP,ADP,10.0,case:gen,"(37, 39)",של,Case=Gen,
9,200,NUM,NUM,10.0,nummod,"(40, 43)",200,,
10,דגימות,NOUN,NOUN,7.0,nmod:poss,"(44, 50)",דגימה,Gender=Fem|Number=Plur,
"(11, 12)",לשנייה,,,,,"(51, 57)",,,"[{'id': 11, 'text': 'ל', 'upos': 'ADP', 'xpos': 'ADP', 'head': 12, 'deprel': 'case', 'lemma': 'ל'}, {'id': 12, 'text': 'שנייה', 'upos': 'NOUN', 'xpos': 'NOUN', 'feats': 'Gender=Fem|Number=Sing', 'head': 10, 'deprel': 'nmod', 'lemma': 'שנייה'}]"
"(13, 14)",לאנליזה,,,,,"(58, 65)",,,"[{'id': 13, 'text': 'ל', 'upos': 'ADP', 'xpos': 'ADP', 'head': 14, 'deprel': 'case', 'lemma': 'ל'}, {'id': 14, 'text': 'אנליזה', 'upos': 'NOUN', 'xpos': 'NOUN', 'feats': 'Gender=Fem|Number=Sing', 'head': 10, 'deprel': 'nmod', 'lemma': 'אנליזה'}]"
15,דינאמית,ADJ,ADJ,14.0,amod,"(66, 73)",דינאמי,Gender=Fem|Number=Sing,
"(16, 17)",בתחום,,,,,"(74, 79)",,,"[{'id': 16, 'text': 'ב', 'upos': 'ADP', 'xpos': 'ADP', 'head': 17, 'deprel': 'case', 'lemma': 'ב'}, {'id': 17, 'text': 'תחום', 'upos': 'NOUN', 'xpos': 'NOUN', 'feats': 'Gender=Masc|Number=Sing', 'head': 14, 'deprel': 'nmod', 'lemma': 'תחום'}]"
18,0,NUM,NUM,17.0,compound:smixut,"(80, 81)",0,,
19,-,PUNCT,PUNCT,18.0,punct,"(81, 82)",-,,
20,78,NUM,NUM,18.0,nummod,"(82, 84)",78,,
1,5 Hz,NUM,NUM,0.0,root,"(0, 4)",5 Hz,,
1,ספקטרומי,NOUN,NOUN,5.0,nsubj,"(1, 9)",ספקטרום,Definite=Cons|Gender=Masc|Number=Plur,
2,מהירות,NOUN,NOUN,1.0,compound:smixut,"(10, 16)",מהירות,Definite=Cons|Gender=Fem|Number=Sing,
"(3, 4)",הרעידות,,,,,"(17, 24)",,,"[{'id': 3, 'text': 'ה', 'upos': 'DET', 'xpos': 'DET', 'feats': 'PronType=Art', 'head': 4, 'deprel': 'det:def', 'lemma': 'ה'}, {'id': 4, 'text': 'רעידות', 'upos': 'NOUN', 'xpos': 'NOUN', 'feats': 'Gender=Fem|Number=Plur', 'head': 2, 'deprel': 'compound:smixut', 'lemma': 'רעידה'}]"
5,נקבעו,VERB,VERB,0.0,root,"(25, 30)",נקבע,"Gender=Fem,Masc|HebBinyan=NIFAL|Number=Plur|Person=3|Tense=Past|Voice=Mid",
6,באמצעות,ADP,ADP,7.0,case,"(31, 38)",באמצעות,,
7,FFT,PROPN,PROPN,5.0,obl,"(39, 42)",FFT,,
8,),PUNCT,PUNCT,9.0,punct,"(42, 43)",),,
9,Fast,ADJ,ADJ,7.0,appos,"(44, 48)",Fast,,
10,Fourier,NUM,NUM,9.0,dep,"(49, 56)",Fourier,Gender=Masc|Number=Sing,
11,Transform,NOUN,NOUN,9.0,dep,"(57, 66)",Transform,Gender=Masc|HebSource=ConvUncertainLabel|Number=Sing,
12,),PUNCT,PUNCT,9.0,punct,"(66, 67)",),,
13,ברזולוציה,NOUN,NOUN,7.0,nmod,"(68, 77)",ברזולוציה,Gender=Fem|Number=Sing,
14,של,ADP,ADP,16.0,case:gen,"(78, 80)",של,Case=Gen,
15,800,NUM,NUM,16.0,nummod,"(81, 84)",800,,
16,פסים,NOUN,NOUN,13.0,nmod:poss,"(85, 89)",פס,Gender=Masc|Number=Plur,
"(17, 19)",לתחום,,,,,"(90, 95)",,,"[{'id': 17, 'text': 'ל', 'upos': 'ADP', 'xpos': 'ADP', 'head': 19, 'deprel': 'case', 'lemma': 'ל'}, {'id': 18, 'text': 'ה_', 'upos': 'DET', 'xpos': 'DET', 'feats': 'PronType=Art', 'head': 19, 'deprel': 'det:def', 'lemma': 'ה'}, {'id': 19, 'text': 'תחום', 'upos': 'NOUN', 'xpos': 'NOUN', 'feats': 'Gender=Masc|Number=Sing', 'head': 13, 'deprel': 'nmod', 'lemma': 'תחום'}]"
"(20, 21)",התדרים,,,,,"(96, 102)",,,"[{'id': 20, 'text': 'ה', 'upos': 'DET', 'xpos': 'DET', 'feats': 'PronType=Art', 'head': 21, 'deprel': 'det:def', 'lemma': 'ה'}, {'id': 21, 'text': 'תדרים', 'upos': 'NOUN', 'xpos': 'NOUN', 'feats': 'Gender=Masc|Number=Plur', 'head': 19, 'deprel': 'amod', 'lemma': 'תדר'}]"
22,",",PUNCT,PUNCT,19.0,punct,"(102, 103)",",",,
"(23, 24)",המצוין,,,,,"(104, 110)",,,"[{'id': 23, 'text': 'ה', 'upos': 'SCONJ', 'xpos': 'SCONJ', 'head': 24, 'deprel': 'mark', 'lemma': 'ה'}, {'id': 24, 'text': 'מצוין', 'upos': 'VERB', 'xpos': 'VERB', 'feats': 'Gender=Masc|HebBinyan=PUAL|Number=Sing|Person=1,2,3|VerbForm=Part|Voice=Pass', 'head': 19, 'deprel': 'acl:relcl', 'lemma': 'מצוין'}]"
25,לעיל,ADV,ADV,24.0,advmod,"(111, 115)",לעיל,,
1,רזולוציה,NOUN,NOUN,27.0,nsubj,"(1, 9)",רזולוציה,Gender=Fem|Number=Sing,
2,של,ADP,ADP,4.0,case:gen,"(10, 12)",של,Case=Gen,
"(3, 4)",האנליזה,,,,,"(13, 20)",,,"[{'id': 3, 'text': 'ה', 'upos': 'DET', 'xpos': 'DET', 'feats': 'PronType=Art', 'head': 4, 'deprel': 'det:def', 'lemma': 'ה'}, {'id': 4, 'text': 'אנליזה', 'upos': 'NOUN', 'xpos': 'NOUN', 'feats': 'Gender=Fem|Number=Sing', 'head': 1, 'deprel': 'nmod:poss', 'lemma': 'אנליזה'}]"
"(5, 6)",הספקטראלית,,,,,"(21, 31)",,,"[{'id': 5, 'text': 'ה', 'upos': 'DET', 'xpos': 'DET', 'feats': 'PronType=Art', 'head': 6, 'deprel': 'det:def', 'lemma': 'ה'}, {'id': 6, 'text': 'ספקטראלית', 'upos': 'ADJ', 'xpos': 'ADJ', 'feats': 'Gender=Fem|Number=Sing', 'head': 4, 'deprel': 'amod', 'lemma': 'ספקטראלי'}]"
"(7, 8)",בזמן,,,,,"(32, 36)",,,"[{'id': 7, 'text': 'ב', 'upos': 'ADP', 'xpos': 'ADP', 'head': 8, 'deprel': 'case', 'lemma': 'ב'}, {'id': 8, 'text': 'זמן', 'upos': 'NOUN', 'xpos': 'NOUN', 'feats': 'Definite=Cons|Gender=Masc|Number=Sing', 'head': 4, 'deprel': 'nmod', 'lemma': 'זמן'}]"
"(9, 10)",המדידה,,,,,"(37, 43)",,,"[{'id': 9, 'text': 'ה', 'upos': 'DET', 'xpos': 'DET', 'feats': 'PronType=Art', 'head': 10, 'deprel': 'det:def', 'lemma': 'ה'}, {'id': 10, 'text': 'מדידה', 'upos': 'NOUN', 'xpos': 'NOUN', 'feats': 'Gender=Fem|Number=Sing', 'head': 8, 'deprel': 'compound:smixut', 'lemma': 'מדידה'}]"
11,(,PUNCT,PUNCT,12.0,punct,"(44, 45)",(,,
12,רוחב,NOUN,NOUN,10.0,appos,"(45, 49)",רוחב,Definite=Cons|Gender=Masc|Number=Sing,
"(13, 14)",הפסים,,,,,"(50, 55)",,,"[{'id': 13, 'text': 'ה', 'upos': 'DET', 'xpos': 'DET', 'feats': 'PronType=Art', 'head': 14, 'deprel': 'det:def', 'lemma': 'ה'}, {'id': 14, 'text': 'פסים', 'upos': 'NOUN', 'xpos': 'NOUN', 'feats': 'Gender=Masc|Number=Plur', 'head': 12, 'deprel': 'compound:smixut', 'lemma': 'פס'}]"
15,),PUNCT,PUNCT,12.0,punct,"(55, 56)",),,
16,",",PUNCT,PUNCT,10.0,punct,"(56, 57)",",",,
17,אשר,SCONJ,SCONJ,18.0,mark,"(58, 61)",אשר,,
18,בוצעה,VERB,VERB,10.0,acl:relcl,"(62, 67)",בוצע,Gender=Fem|HebBinyan=PUAL|Number=Sing|Person=3|Tense=Past|Voice=Pass,
19,במקביל,ADV,ADV,21.0,case,"(68, 74)",במקביל,,
"(20, 21)",למדידות,,,,,"(75, 82)",,,"[{'id': 20, 'text': 'ל', 'upos': 'ADP', 'xpos': 'ADP', 'head': 19, 'deprel': 'fixed', 'lemma': 'ל'}, {'id': 21, 'text': 'מדידות', 'upos': 'NOUN', 'xpos': 'NOUN', 'feats': 'Definite=Cons|Gender=Fem|Number=Plur', 'head': 18, 'deprel': 'obl', 'lemma': 'מדידה'}]"
22,מהירות,NOUN,NOUN,21.0,compound:smixut,"(83, 89)",מהירות,Definite=Cons|Gender=Fem|Number=Sing,
"(23, 24)",הרעידות,,,,,"(90, 97)",,,"[{'id': 23, 'text': 'ה', 'upos': 'DET', 'xpos': 'DET', 'feats': 'PronType=Art', 'head': 24, 'deprel': 'det:def', 'lemma': 'ה'}, {'id': 24, 'text': 'רעידות', 'upos': 'NOUN', 'xpos': 'NOUN', 'feats': 'Gender=Fem|Number=Plur', 'head': 22, 'deprel': 'compound:smixut', 'lemma': 'רעידה'}]"
25,",",PUNCT,PUNCT,27.0,punct,"(97, 98)",",",,
26,הייתה,AUX,AUX,27.0,cop,"(99, 104)",היה,Gender=Fem|Number=Sing|Person=3|Polarity=Pos|Tense=Past|VerbType=Cop,
27,0,NUM,NUM,0.0,root,"(105, 106)",0,,
1,098,NUM,NUM,2.0,nummod,"(0, 3)",098,,
2,Hz,NOUN,NOUN,0.0,root,"(4, 6)",Hz,,
1,היא,PRON,PRON,3.0,nsubj,"(1, 4)",הוא,Gender=Fem|Number=Sing|Person=3|PronType=Prs,
2,מספיק,VERB,VERB,3.0,advmod,"(5, 10)",הספיק,"Gender=Masc|HebBinyan=HIFIL|Number=Sing|Person=1,2,3|VerbForm=Part|Voice=Act",
3,גבוהה,ADJ,ADJ,0.0,root,"(11, 16)",גבוה,Gender=Fem|Number=Sing,
"(4, 6)",לבקרה,,,,,"(17, 22)",,,"[{'id': 4, 'text': 'ל', 'upos': 'ADP', 'xpos': 'ADP', 'head': 6, 'deprel': 'case', 'lemma': 'ל'}, {'id': 5, 'text': 'ה_', 'upos': 'DET', 'xpos': 'DET', 'feats': 'PronType=Art', 'head': 6, 'deprel': 'det:def', 'lemma': 'ה'}, {'id': 6, 'text': 'בקרה', 'upos': 'NOUN', 'xpos': 'NOUN', 'feats': 'Gender=Fem|Number=Sing', 'head': 3, 'deprel': 'advmod', 'lemma': 'בקרה'}]"
7,של,ADP,ADP,8.0,case:gen,"(23, 25)",של,Case=Gen,
8,תהליך,NOUN,NOUN,6.0,nmod:poss,"(26, 31)",תהליך,Definite=Cons|Gender=Masc|Number=Sing,
"(9, 10)",המדידות,,,,,"(32, 39)",,,"[{'id': 9, 'text': 'ה', 'upos': 'DET', 'xpos': 'DET', 'feats': 'PronType=Art', 'head': 10, 'deprel': 'det:def', 'lemma': 'ה'}, {'id': 10, 'text': 'מדידות', 'upos': 'NOUN', 'xpos': 'NOUN', 'feats': 'Gender=Fem|Number=Plur', 'head': 8, 'deprel': 'compound:smixut', 'lemma': 'מדידה'}]"
1,דוגמת,NOUN,NOUN,8.0,nsubj,"(1, 6)",דוגמה,Definite=Cons|Gender=Fem|Number=Sing,
"(2, 3)",סיסמוגרמות,,,,,"(7, 17)",,,"[{'id': 2, 'text': 'סיסמוג', 'upos': 'NOUN', 'xpos': 'NOUN', 'feats': 'Xtra=Junk', 'head': 1, 'deprel': 'compound:smixut', 'lemma': 'סיסמוג'}, {'id': 3, 'text': 'רמות', 'upos': 'NOUN', 'xpos': 'NOUN', 'feats': 'Gender=Fem|Number=Plur', 'head': 2, 'deprel': 'nmod', 'lemma': 'רמה'}]"
"(4, 5)",וספקטרומי,,,,,"(18, 27)",,,"[{'id': 4, 'text': 'ו', 'upos': 'CCONJ', 'xpos': 'CCONJ', 'head': 5, 'deprel': 'cc', 'lemma': 'ו'}, {'id': 5, 'text': 'ספקטרומי', 'upos': 'NOUN', 'xpos': 'NOUN', 'feats': 'Gender=Masc|Number=Sing', 'head': 2, 'deprel': 'conj', 'lemma': 'ספקטרום'}]"
6,מהירות,NOUN,NOUN,5.0,acl,"(28, 34)",מהירות,Definite=Cons|Gender=Fem|Number=Sing,
7,רעידות,NOUN,NOUN,6.0,compound:smixut,"(35, 41)",רעידה,Gender=Fem|Number=Plur,
8,מוצגת,VERB,VERB,0.0,root,"(42, 47)",הוצג,"Gender=Fem|HebBinyan=HUFAL|Number=Sing|Person=1,2,3|VerbForm=Part|Voice=Pass",
"(9, 10)",באיור,,,,,"(48, 53)",,,"[{'id': 9, 'text': 'ב', 'upos': 'ADP', 'xpos': 'ADP', 'head': 10, 'deprel': 'case', 'lemma': 'ב'}, {'id': 10, 'text': 'איור', 'upos': 'NOUN', 'xpos': 'NOUN', 'feats': 'Definite=Cons|Gender=Masc|Number=Sing', 'head': 8, 'deprel': 'obl', 'lemma': 'איור'}]"
11,מס' 3,NUM,NUM,10.0,compound:smixut,"(54, 59)",מס' 3,,
1,4,NUM,NUM,0.0,root,"(0, 1)",4,,
1,1,NUM,NUM,0.0,root,"(0, 1)",1,,
1,יצוין,VERB,VERB,0.0,root,"(1, 6)",צוין,Gender=Masc|HebBinyan=PUAL|Number=Sing|Person=3|Tense=Fut|Voice=Pass,
2,כי,SCONJ,SCONJ,7.0,mark,"(7, 9)",כי,,
3,עיבוד,NOUN,NOUN,7.0,nsubj,"(10, 15)",עיבוד,Definite=Cons|Gender=Masc|Number=Sing,
4,תוצאות,NOUN,NOUN,3.0,compound:smixut,"(16, 22)",תוצאה,Definite=Cons|Gender=Fem|Number=Plur,
"(5, 6)",המדידות,,,,,"(23, 30)",,,"[{'id': 5, 'text': 'ה', 'upos': 'DET', 'xpos': 'DET', 'feats': 'PronType=Art', 'head': 6, 'deprel': 'det:def', 'lemma': 'ה'}, {'id': 6, 'text': 'מדידות', 'upos': 'NOUN', 'xpos': 'NOUN', 'feats': 'Gender=Fem|Number=Plur', 'head': 4, 'deprel': 'compound:smixut', 'lemma': 'מדידה'}]"
7,כלל,VERB,VERB,1.0,ccomp,"(31, 34)",כלל,Gender=Masc|HebBinyan=PAAL|Number=Sing|Person=3|Tense=Past|Voice=Act,
8,אנליזה,NOUN,NOUN,7.0,obj,"(35, 41)",אנליזה,Gender=Fem|Number=Sing,
9,ספקטרלית,ADJ,ADJ,8.0,amod,"(42, 50)",ספקטרלי,Gender=Fem|Number=Sing,
10,של,ADP,ADP,11.0,case:gen,"(51, 53)",של,Case=Gen,
11,מהירות,NOUN,NOUN,8.0,nmod,"(54, 60)",מהירות,Definite=Cons|Gender=Fem|Number=Sing,
"(12, 13)",הרעידות,,,,,"(61, 68)",,,"[{'id': 12, 'text': 'ה', 'upos': 'DET', 'xpos': 'DET', 'feats': 'PronType=Art', 'head': 13, 'deprel': 'det:def', 'lemma': 'ה'}, {'id': 13, 'text': 'רעידות', 'upos': 'NOUN', 'xpos': 'NOUN', 'feats': 'Gender=Fem|Number=Plur', 'head': 11, 'deprel': 'compound:smixut', 'lemma': 'רעידה'}]"
14,לעיל,ADV,ADV,11.0,advmod,"(69, 73)",לעיל,HebSource=ConvUncertainHead,
"(15, 17)",ברזולוציה,,,,,"(74, 83)",,,"[{'id': 15, 'text': 'ב', 'upos': 'ADP', 'xpos': 'ADP', 'head': 17, 'deprel': 'case', 'lemma': 'ב'}, {'id': 16, 'text': 'ה_', 'upos': 'DET', 'xpos': 'DET', 'feats': 'PronType=Art', 'head': 17, 'deprel': 'det:def', 'lemma': 'ה'}, {'id': 17, 'text': 'רזולוציה', 'upos': 'NOUN', 'xpos': 'NOUN', 'feats': 'Gender=Fem|Number=Sing', 'head': 8, 'deprel': 'nmod', 'lemma': 'רזולוציה'}]"
18,גבוהה,ADJ,ADJ,1.0,xcomp,"(84, 89)",גבוה,Gender=Fem|Number=Sing,
19,עוד,ADV,ADV,18.0,advmod,"(90, 93)",עוד,,
20,יותר,ADV,ADV,18.0,advmod,"(94, 98)",יותר,,
1,מערכת,NOUN,NOUN,10.0,nsubj,"(1, 6)",מערכת,Definite=Cons|Gender=Fem|Number=Sing,
2,Nanometrics,PROPN,PROPN,1.0,compound:smixut,"(7, 18)",Nanometrics,,
3,עם,ADP,ADP,5.0,case,"(19, 21)",עם,,
4,שני,NUM,NUM,5.0,nummod,"(22, 25)",שני,Definite=Cons|Gender=Masc|Number=Plur,
5,מדי,NOUN,NOUN,1.0,nmod,"(26, 29)",מדים,Definite=Cons|Gender=Masc|Number=Plur,
6,תאוצה,NOUN,NOUN,5.0,compound:smixut,"(30, 35)",תאוצה,Gender=Fem|Number=Sing,
7,תלת,ADV,ADV,9.0,compound:affix,"(36, 39)",תלת,Prefix=Yes,
8,-,PUNCT,PUNCT,9.0,punct,"(39, 40)",-,,
9,ממדיים,ADJ,ADJ,5.0,amod,"(40, 46)",ממדיים,Gender=Masc|Number=Plur,
10,שימשה,VERB,VERB,0.0,root,"(47, 52)",שימש,Gender=Fem|HebBinyan=PIEL|Number=Sing|Person=3|Tense=Past|Voice=Act,
"(11, 13)",לבקרה,,,,,"(53, 58)",,,"[{'id': 11, 'text': 'ל', 'upos': 'ADP', 'xpos': 'ADP', 'head': 13, 'deprel': 'case', 'lemma': 'ל'}, {'id': 12, 'text': 'ה_', 'upos': 'DET', 'xpos': 'DET', 'feats': 'PronType=Art', 'head': 13, 'deprel': 'det:def', 'lemma': 'ה'}, {'id': 13, 'text': 'בקרה', 'upos': 'NOUN', 'xpos': 'NOUN', 'feats': 'Gender=Fem|Number=Sing', 'head': 10, 'deprel': 'obl', 'lemma': 'בקרה'}]"
14,מדגמית,ADJ,ADJ,13.0,amod,"(59, 65)",מדגמי,Gender=Fem|Number=Sing,
15,של,ADP,ADP,16.0,case:gen,"(66, 68)",של,Case=Gen,
16,תוצאות,NOUN,NOUN,13.0,nmod,"(69, 75)",תוצאה,Definite=Cons|Gender=Fem|Number=Plur,
17,מדידות,NOUN,NOUN,16.0,compound:smixut,"(76, 82)",מדידה,Gender=Fem|Number=Plur,
18,באמצעות,ADP,ADP,19.0,case,"(83, 90)",באמצעות,,
19,מערכת,NOUN,NOUN,13.0,nmod,"(91, 96)",מערכת,Definite=Cons|Gender=Fem|Number=Sing,
20,Sinus,PROPN,PROPN,19.0,compound:smixut,"(97, 102)",Sinus,,
1,היא,PRON,PRON,2.0,nsubj,"(1, 4)",הוא,Gender=Fem|Number=Sing|Person=3|PronType=Prs,
2,רשמה,VERB,VERB,0.0,root,"(5, 9)",רשם,Gender=Fem|HebBinyan=PAAL|Number=Sing|Person=3|Tense=Past|Voice=Act,
3,תאוצת,NOUN,NOUN,2.0,obj,"(10, 15)",תאוצה,Definite=Cons|Gender=Fem|Number=Sing,
"(4, 5)",הרעידות,,,,,"(16, 23)",,,"[{'id': 4, 'text': 'ה', 'upos': 'DET', 'xpos': 'DET', 'feats': 'PronType=Art', 'head': 5, 'deprel': 'det:def', 'lemma': 'ה'}, {'id': 5, 'text': 'רעידות', 'upos': 'NOUN', 'xpos': 'NOUN', 'feats': 'Gender=Fem|Number=Plur', 'head': 3, 'deprel': 'compound:smixut', 'lemma': 'רעידה'}]"
"(6, 7)",בקצב,,,,,"(24, 28)",,,"[{'id': 6, 'text': 'ב', 'upos': 'ADP', 'xpos': 'ADP', 'head': 7, 'deprel': 'case', 'lemma': 'ב'}, {'id': 7, 'text': 'קצב', 'upos': 'NOUN', 'xpos': 'NOUN', 'feats': 'Gender=Masc|Number=Sing', 'head': 2, 'deprel': 'obl', 'lemma': 'קצב'}]"
8,של,ADP,ADP,10.0,case:gen,"(29, 31)",של,Case=Gen,
9,100,NUM,NUM,10.0,nummod,"(32, 35)",100,,
10,דגימות,NOUN,NOUN,7.0,nmod:poss,"(36, 42)",דגימה,Gender=Fem|Number=Plur,
"(11, 12)",לשנייה,,,,,"(43, 49)",,,"[{'id': 11, 'text': 'ל', 'upos': 'ADP', 'xpos': 'ADP', 'head': 12, 'deprel': 'case', 'lemma': 'ל'}, {'id': 12, 'text': 'שנייה', 'upos': 'NOUN', 'xpos': 'NOUN', 'feats': 'Gender=Fem|Number=Sing', 'head': 10, 'deprel': 'nmod', 'lemma': 'שנייה'}]"
"(13, 14)",לצורך,,,,,"(50, 55)",,,"[{'id': 13, 'text': 'ל', 'upos': 'ADP', 'xpos': 'ADP', 'head': 14, 'deprel': 'case', 'lemma': 'ל'}, {'id': 14, 'text': 'צורך', 'upos': 'NOUN', 'xpos': 'NOUN', 'feats': 'Definite=Cons|Gender=Masc|Number=Sing', 'head': 2, 'deprel': 'obl', 'lemma': 'צורך'}]"
15,אנליזה,NOUN,NOUN,14.0,compound:smixut,"(56, 62)",אנליזה,Gender=Fem|Number=Sing,
"(16, 17)",בתחום,,,,,"(63, 68)",,,"[{'id': 16, 'text': 'ב', 'upos': 'ADP', 'xpos': 'ADP', 'head': 17, 'deprel': 'case', 'lemma': 'ב'}, {'id': 17, 'text': 'תחום', 'upos': 'NOUN', 'xpos': 'NOUN', 'feats': 'Definite=Cons|Gender=Masc|Number=Sing', 'head': 14, 'deprel': 'nmod', 'lemma': 'תחום'}]"
18,0,NUM,NUM,17.0,compound:smixut,"(69, 70)",0,,
19,-,PUNCT,PUNCT,18.0,punct,"(70, 71)",-,,
20,39,NUM,NUM,18.0,dep,"(71, 73)",39,,
1,2 Hz,NUM,NUM,0.0,root,"(0, 4)",2 Hz,,
"(1, 2)",מדי,,,,,"(1, 4)",,,"[{'id': 1, 'text': 'מ', 'upos': 'ADP', 'xpos': 'ADP', 'head': 4, 'deprel': 'case', 'lemma': 'מ'}, {'id': 2, 'text': 'די', 'upos': 'DET', 'xpos': 'DET', 'feats': 'Definite=Cons', 'head': 4, 'deprel': 'dep', 'lemma': 'די'}]"
"(3, 4)",התאוצה,,,,,"(5, 11)",,,"[{'id': 3, 'text': 'ה', 'upos': 'DET', 'xpos': 'DET', 'feats': 'PronType=Art', 'head': 4, 'deprel': 'det:def', 'lemma': 'ה'}, {'id': 4, 'text': 'תאוצה', 'upos': 'NOUN', 'xpos': 'NOUN', 'feats': 'Gender=Fem|Number=Sing', 'head': 5, 'deprel': 'obl', 'lemma': 'תאוצה'}]"
5,מוקמו,VERB,VERB,0.0,root,"(12, 17)",הוקם,"Gender=Fem,Masc|HebBinyan=PUAL|Number=Plur|Person=3|Tense=Past|Voice=Pass",
"(6, 7)",במרחק,,,,,"(18, 23)",,,"[{'id': 6, 'text': 'ב', 'upos': 'ADP', 'xpos': 'ADP', 'head': 7, 'deprel': 'case', 'lemma': 'ב'}, {'id': 7, 'text': 'מרחק', 'upos': 'NOUN', 'xpos': 'NOUN', 'feats': 'Definite=Cons|Gender=Masc|Number=Sing', 'head': 5, 'deprel': 'obl', 'lemma': 'מרחק'}]"
8,2,NUM,NUM,11.0,nummod,"(24, 25)",2,,
9,-,PUNCT,PUNCT,8.0,punct,"(25, 26)",-,,
10,5,NUM,NUM,8.0,nummod,"(26, 27)",5,,
11,מ',NOUN,NOUN,7.0,compound:smixut,"(28, 30)",מ',,
12,אחד,NUM,NUM,15.0,det,"(31, 34)",אחד,Gender=Masc|Number=Sing,
"(13, 15)",מהשני,,,,,"(35, 40)",,,"[{'id': 13, 'text': 'מ', 'upos': 'ADP', 'xpos': 'ADP', 'head': 15, 'deprel': 'case', 'lemma': 'מ'}, {'id': 14, 'text': 'ה', 'upos': 'DET', 'xpos': 'DET', 'feats': 'PronType=Art', 'head': 15, 'deprel': 'det:def', 'lemma': 'ה'}, {'id': 15, 'text': 'שני', 'upos': 'NUM', 'xpos': 'NUM', 'feats': 'Gender=Masc|Number=Sing', 'head': 7, 'deprel': 'nmod', 'lemma': 'שני'}]"
"(1, 3)",לחלק,,,,,"(1, 5)",,,"[{'id': 1, 'text': 'ל', 'upos': 'ADP', 'xpos': 'ADP', 'head': 3, 'deprel': 'case', 'lemma': 'ל'}, {'id': 2, 'text': 'ה_', 'upos': 'DET', 'xpos': 'DET', 'feats': 'PronType=Art', 'head': 3, 'deprel': 'det:def', 'lemma': 'ה'}, {'id': 3, 'text': 'חלק', 'upos': 'NOUN', 'xpos': 'NOUN', 'feats': 'Gender=Masc|Number=Sing', 'head': 13, 'deprel': 'obl', 'lemma': 'חלק'}]"
"(4, 6)",מהמדידות,,,,,"(6, 14)",,,"[{'id': 4, 'text': 'מ', 'upos': 'ADP', 'xpos': 'ADP', 'head': 6, 'deprel': 'case', 'lemma': 'מ'}, {'id': 5, 'text': 'ה', 'upos': 'DET', 'xpos': 'DET', 'feats': 'PronType=Art', 'head': 6, 'deprel': 'det:def', 'lemma': 'ה'}, {'id': 6, 'text': 'מדידות', 'upos': 'NOUN', 'xpos': 'NOUN', 'feats': 'Gender=Fem|Number=Plur', 'head': 3, 'deprel': 'nmod', 'lemma': 'מדידה'}]"
7,ציר,NOUN,NOUN,13.0,nsubj,"(15, 18)",ציר,Gender=Masc|Number=Sing,
8,X,PROPN,PROPN,7.0,compound:smixut,"(19, 20)",X,,
9,של,ADP,ADP,11.0,case:gen,"(21, 23)",של,Case=Gen,
"(10, 11)",הסנסורים,,,,,"(24, 32)",,,"[{'id': 10, 'text': 'ה', 'upos': 'DET', 'xpos': 'DET', 'feats': 'PronType=Art', 'head': 11, 'deprel': 'det:def', 'lemma': 'ה'}, {'id': 11, 'text': 'סנסורים', 'upos': 'NOUN', 'xpos': 'NOUN', 'feats': 'Gender=Masc|Number=Plur', 'head': 7, 'deprel': 'nmod:poss', 'lemma': 'סנסור'}]"
12,היה,AUX,AUX,13.0,cop,"(33, 36)",היה,Gender=Masc|Number=Sing|Person=3|Polarity=Pos|Tense=Past|VerbType=Cop,
13,אופקי,ADJ,ADJ,0.0,root,"(37, 42)",אופקי,Gender=Masc|Number=Sing,
"(14, 15)",לכיוון,,,,,"(43, 49)",,,"[{'id': 14, 'text': 'ל', 'upos': 'ADP', 'xpos': 'ADP', 'head': 15, 'deprel': 'case', 'lemma': 'ל'}, {'id': 15, 'text': 'כיוון', 'upos': 'NOUN', 'xpos': 'NOUN', 'feats': 'Definite=Cons|Gender=Masc|Number=Sing', 'head': 13, 'deprel': 'advmod', 'lemma': 'כיוון'}]"
16,דלת,NOUN,NOUN,15.0,compound:smixut,"(50, 53)",דלת,Definite=Cons|Gender=Fem|Number=Sing,
17,כניסה,NOUN,NOUN,16.0,compound:smixut,"(54, 59)",כניסה,Gender=Fem|Number=Sing,
18,ראשית,ADJ,ADJ,17.0,amod,"(60, 65)",ראשי,Gender=Fem|Number=Sing,
"(19, 20)",לבניין,,,,,"(66, 72)",,,"[{'id': 19, 'text': 'ל', 'upos': 'ADP', 'xpos': 'ADP', 'head': 20, 'deprel': 'case', 'lemma': 'ל'}, {'id': 20, 'text': 'בניין', 'upos': 'NOUN', 'xpos': 'NOUN', 'feats': 'Gender=Masc|Number=Sing', 'head': 17, 'deprel': 'nmod', 'lemma': 'בניין'}]"
21,",",PUNCT,PUNCT,13.0,punct,"(72, 73)",",",,
22,ציר,NOUN,NOUN,25.0,nsubj,"(74, 77)",ציר,Gender=Masc|Number=Sing,
23,Y,PROPN,PROPN,22.0,compound:smixut,"(78, 79)",Y,,
24,היה,AUX,AUX,25.0,cop,"(80, 83)",היה,Gender=Masc|Number=Sing|Person=3|Polarity=Pos|Tense=Past|VerbType=Cop,
25,אופקי,ADJ,ADJ,13.0,conj,"(84, 89)",אופקי,Gender=Masc|Number=Sing,
"(26, 27)",בניצב,,,,,"(90, 95)",,,"[{'id': 26, 'text': 'ב', 'upos': 'ADP', 'xpos': 'ADP', 'head': 27, 'deprel': 'case', 'lemma': 'ב'}, {'id': 27, 'text': 'ניצב', 'upos': 'NOUN', 'xpos': 'NOUN', 'feats': 'Gender=Masc|Number=Sing', 'head': 25, 'deprel': 'obl', 'lemma': 'ניצב'}]"
"(28, 29)",לכיוון,,,,,"(96, 102)",,,"[{'id': 28, 'text': 'ל', 'upos': 'ADP', 'xpos': 'ADP', 'head': 29, 'deprel': 'case', 'lemma': 'ל'}, {'id': 29, 'text': 'כיוון', 'upos': 'NOUN', 'xpos': 'NOUN', 'feats': 'Definite=Cons|Gender=Masc|Number=Sing', 'head': 27, 'deprel': 'nmod', 'lemma': 'כיוון'}]"
30,X,PROPN,PROPN,29.0,compound:smixut,"(103, 104)",X,,
31,",",PUNCT,PUNCT,13.0,punct,"(104, 105)",",",,
32,ציר,NOUN,NOUN,35.0,nsubj:cop,"(106, 109)",ציר,Gender=Masc|Number=Sing,
33,Z,PROPN,PROPN,32.0,compound:smixut,"(110, 111)",Z,,
34,הוא,AUX,AUX,35.0,cop,"(112, 115)",הוא,Gender=Masc|Number=Sing|Person=3|Polarity=Pos|VerbForm=Part|VerbType=Cop,
35,אנכי,ADJ,ADJ,13.0,conj,"(116, 120)",אנכי,Gender=Masc|Number=Sing,
36,",",PUNCT,PUNCT,13.0,punct,"(120, 121)",",",,
37,איור,NOUN,NOUN,35.0,dep,"(122, 126)",איור,Gender=Masc|Number=Sing,
38,מס',NUM,NUM,37.0,nmod,"(127, 130)",מס',HebSource=ConvUncertainLabel,
39,3,NUM,NUM,38.0,nummod,"(131, 132)",3,,
1,4,NUM,NUM,0.0,root,"(0, 1)",4,,
1,2,NUM,NUM,0.0,root,"(0, 1)",2,,
1,(,PUNCT,PUNCT,2.0,punct,"(1, 2)",(,,
2,א,PROPN,PROPN,0.0,root,"(2, 3)",א,,
3,),PUNCT,PUNCT,2.0,punct,"(3, 4)",),,
"(1, 3)",לחלק,,,,,"(1, 5)",,,"[{'id': 1, 'text': 'ל', 'upos': 'ADP', 'xpos': 'ADP', 'head': 3, 'deprel': 'case', 'lemma': 'ל'}, {'id': 2, 'text': 'ה_', 'upos': 'DET', 'xpos': 'DET', 'feats': 'PronType=Art', 'head': 3, 'deprel': 'det:def', 'lemma': 'ה'}, {'id': 3, 'text': 'חלק', 'upos': 'NOUN', 'xpos': 'NOUN', 'feats': 'Gender=Masc|Number=Sing', 'head': 11, 'deprel': 'obl', 'lemma': 'חלק'}]"
"(4, 5)",השני,,,,,"(6, 10)",,,"[{'id': 4, 'text': 'ה', 'upos': 'DET', 'xpos': 'DET', 'feats': 'PronType=Art', 'head': 5, 'deprel': 'det:def', 'lemma': 'ה'}, {'id': 5, 'text': 'שני', 'upos': 'NUM', 'xpos': 'NUM', 'feats': 'Gender=Masc|Number=Sing', 'head': 3, 'deprel': 'amod', 'lemma': 'שני'}]"
6,של,ADP,ADP,8.0,case:gen,"(11, 13)",של,Case=Gen,
"(7, 8)",המדידות,,,,,"(14, 21)",,,"[{'id': 7, 'text': 'ה', 'upos': 'DET', 'xpos': 'DET', 'feats': 'PronType=Art', 'head': 8, 'deprel': 'det:def', 'lemma': 'ה'}, {'id': 8, 'text': 'מדידות', 'upos': 'NOUN', 'xpos': 'NOUN', 'feats': 'Gender=Fem|Number=Plur', 'head': 3, 'deprel': 'nmod', 'lemma': 'מדידה'}]"
9,ציר,NOUN,NOUN,11.0,nsubj,"(22, 25)",ציר,Gender=Masc|Number=Sing,
10,Y,PROPN,PROPN,9.0,compound:smixut,"(26, 27)",Y,,
11,היה,AUX,AUX,0.0,root,"(28, 31)",היה,Gender=Masc|Number=Sing|Person=3|Polarity=Pos|Tense=Past|VerbType=Cop,
"(12, 13)",בכיוון,,,,,"(32, 38)",,,"[{'id': 12, 'text': 'ב', 'upos': 'ADP', 'xpos': 'ADP', 'head': 13, 'deprel': 'case', 'lemma': 'ב'}, {'id': 13, 'text': 'כיוון', 'upos': 'NOUN', 'xpos': 'NOUN', 'feats': 'Definite=Cons|Gender=Masc|Number=Sing', 'head': 11, 'deprel': 'obl', 'lemma': 'כיוון'}]"
14,דלת,NOUN,NOUN,13.0,compound:smixut,"(39, 42)",דלת,Definite=Cons|Gender=Fem|Number=Sing,
"(15, 16)",הכניסה,,,,,"(43, 49)",,,"[{'id': 15, 'text': 'ה', 'upos': 'DET', 'xpos': 'DET', 'feats': 'PronType=Art', 'head': 16, 'deprel': 'det:def', 'lemma': 'ה'}, {'id': 16, 'text': 'כניסה', 'upos': 'NOUN', 'xpos': 'NOUN', 'feats': 'Gender=Fem|Number=Sing', 'head': 14, 'deprel': 'compound:smixut', 'lemma': 'כניסה'}]"
"(17, 18)",הראשית,,,,,"(50, 56)",,,"[{'id': 17, 'text': 'ה', 'upos': 'DET', 'xpos': 'DET', 'feats': 'PronType=Art', 'head': 18, 'deprel': 'det:def', 'lemma': 'ה'}, {'id': 18, 'text': 'ראשית', 'upos': 'ADJ', 'xpos': 'ADJ', 'feats': 'Gender=Fem|Number=Sing', 'head': 14, 'deprel': 'amod', 'lemma': 'ראשי'}]"
19,",",PUNCT,PUNCT,11.0,punct,"(56, 57)",",",,
20,איור,NOUN,NOUN,11.0,parataxis,"(58, 62)",איור,Gender=Masc|Number=Sing,
21,מס',NOUN,NOUN,20.0,compound:smixut,"(63, 66)",מס',HebSource=ConvUncertainLabel,
22,3,NUM,NUM,21.0,nummod,"(67, 68)",3,,
1,4,NUM,NUM,0.0,root,"(0, 1)",4,,
1,2,NUM,NUM,0.0,root,"(0, 1)",2,,
2,(,PUNCT,PUNCT,3.0,punct,"(2, 3)",(,,
3,ב,PROPN,PROPN,1.0,appos,"(3, 4)",ב,,
4,),PUNCT,PUNCT,3.0,punct,"(4, 5)",),,
"(1, 3)",בנספחים,,,,,"(1, 8)",,,"[{'id': 1, 'text': 'ב', 'upos': 'ADP', 'xpos': 'ADP', 'head': 3, 'deprel': 'case', 'lemma': 'ב'}, {'id': 2, 'text': 'ה_', 'upos': 'DET', 'xpos': 'DET', 'feats': 'PronType=Art', 'head': 3, 'deprel': 'det:def', 'lemma': 'ה'}, {'id': 3, 'text': 'נספחים', 'upos': 'NOUN', 'xpos': 'NOUN', 'feats': 'Gender=Masc|Number=Plur', 'head': 20, 'deprel': 'obl', 'lemma': 'נספח'}]"
4,1,NUM,NUM,3.0,amod,"(9, 10)",1,HebSource=ConvUncertainHead,
5,-,PUNCT,PUNCT,4.0,punct,"(10, 11)",-,HebSource=ConvUncertainHead,
6,4,NUM,NUM,4.0,dep,"(11, 12)",4,HebSource=ConvUncertainHead,
"(7, 8)",לכל,,,,,"(13, 16)",,,"[{'id': 7, 'text': 'ל', 'upos': 'ADP', 'xpos': 'ADP', 'head': 9, 'deprel': 'case', 'lemma': 'ל'}, {'id': 8, 'text': 'כל', 'upos': 'DET', 'xpos': 'DET', 'feats': 'Definite=Cons', 'head': 9, 'deprel': 'det', 'lemma': 'כול'}]"
9,מדידה,NOUN,NOUN,3.0,nmod,"(17, 22)",מדידה,Gender=Fem|Number=Sing,
10,עם,ADP,ADP,11.0,case,"(23, 25)",עם,,
11,תיאור,NOUN,NOUN,9.0,nmod,"(26, 31)",תיאור,Definite=Cons|Gender=Masc|Number=Sing,
"(12, 13)",הבניינים,,,,,"(32, 40)",,,"[{'id': 12, 'text': 'ה', 'upos': 'DET', 'xpos': 'DET', 'feats': 'PronType=Art', 'head': 13, 'deprel': 'det:def', 'lemma': 'ה'}, {'id': 13, 'text': 'בניינים', 'upos': 'NOUN', 'xpos': 'NOUN', 'feats': 'Gender=Masc|Number=Plur', 'head': 11, 'deprel': 'compound:smixut', 'lemma': 'בניין'}]"
"(14, 15)",שנבדקו,,,,,"(41, 47)",,,"[{'id': 14, 'text': 'ש', 'upos': 'SCONJ', 'xpos': 'SCONJ', 'head': 15, 'deprel': 'mark', 'lemma': 'ש'}, {'id': 15, 'text': 'נבדקו', 'upos': 'VERB', 'xpos': 'VERB', 'feats': 'Gender=Fem,Masc|HebBinyan=NIFAL|Number=Plur|Person=3|Tense=Past|Voice=Mid', 'head': 13, 'deprel': 'acl:relcl', 'lemma': 'נבדק'}]"
"(16, 17)",ותוצאות,,,,,"(48, 55)",,,"[{'id': 16, 'text': 'ו', 'upos': 'CCONJ', 'xpos': 'CCONJ', 'head': 17, 'deprel': 'cc', 'lemma': 'ו'}, {'id': 17, 'text': 'תוצאות', 'upos': 'NOUN', 'xpos': 'NOUN', 'feats': 'Definite=Cons|Gender=Fem|Number=Plur', 'head': 11, 'deprel': 'conj', 'lemma': 'תוצאה'}]"
"(18, 19)",המדידות,,,,,"(56, 63)",,,"[{'id': 18, 'text': 'ה', 'upos': 'DET', 'xpos': 'DET', 'feats': 'PronType=Art', 'head': 19, 'deprel': 'det:def', 'lemma': 'ה'}, {'id': 19, 'text': 'מדידות', 'upos': 'NOUN', 'xpos': 'NOUN', 'feats': 'Gender=Fem|Number=Plur', 'head': 17, 'deprel': 'compound:smixut', 'lemma': 'מדידה'}]"
20,מוצגת,VERB,VERB,0.0,root,"(64, 69)",הוצג,"Gender=Fem|HebBinyan=HUFAL|Number=Sing|Person=1,2,3|VerbForm=Part|Voice=Pass",
21,גם,ADV,ADV,22.0,det,"(70, 72)",גם,,
22,סכמת,NOUN,NOUN,20.0,nsubj,"(73, 77)",סכמת,Definite=Cons|Gender=Fem|Number=Sing,
"(23, 24)",הצירים,,,,,"(78, 84)",,,"[{'id': 23, 'text': 'ה', 'upos': 'DET', 'xpos': 'DET', 'feats': 'PronType=Art', 'head': 24, 'deprel': 'det:def', 'lemma': 'ה'}, {'id': 24, 'text': 'צירים', 'upos': 'NOUN', 'xpos': 'NOUN', 'feats': 'Gender=Masc|Number=Plur', 'head': 22, 'deprel': 'compound:smixut', 'lemma': 'ציר'}]"
1,קידוד,NOUN,NOUN,6.0,nsubj,"(1, 6)",קידוד,Definite=Cons|Gender=Masc|Number=Sing,
2,ערוצים,NOUN,NOUN,1.0,compound:smixut,"(7, 13)",ערוץ,Gender=Masc|Number=Plur,
3,של,ADP,ADP,5.0,case:gen,"(14, 16)",של,Case=Gen,
"(4, 5)",הסנסורים,,,,,"(17, 25)",,,"[{'id': 4, 'text': 'ה', 'upos': 'DET', 'xpos': 'DET', 'feats': 'PronType=Art', 'head': 5, 'deprel': 'det:def', 'lemma': 'ה'}, {'id': 5, 'text': 'סנסורים', 'upos': 'NOUN', 'xpos': 'NOUN', 'feats': 'Gender=Masc|Number=Plur', 'head': 1, 'deprel': 'nmod:poss', 'lemma': 'סנסור'}]"
6,מתואר,VERB,VERB,0.0,root,"(26, 31)",תואר,"Gender=Masc|HebBinyan=PUAL|Number=Sing|Person=1,2,3|VerbForm=Part|Voice=Pass",
"(7, 9)",בטבלה,,,,,"(32, 37)",,,"[{'id': 7, 'text': 'ב', 'upos': 'ADP', 'xpos': 'ADP', 'head': 9, 'deprel': 'case', 'lemma': 'ב'}, {'id': 8, 'text': 'ה_', 'upos': 'DET', 'xpos': 'DET', 'feats': 'PronType=Art', 'head': 9, 'deprel': 'det:def', 'lemma': 'ה'}, {'id': 9, 'text': 'טבלה', 'upos': 'NOUN', 'xpos': 'NOUN', 'feats': 'Gender=Fem|Number=Sing', 'head': 6, 'deprel': 'obl', 'lemma': 'טבלה'}]"
10,מס' 3,NUM,NUM,9.0,nmod,"(38, 43)",מס' 3,,
1,4,NUM,NUM,0.0,root,"(0, 1)",4,,
1,1,NUM,NUM,0.0,root,"(0, 1)",1,,
"(2, 3)",לסכמה,,,,,"(2, 7)",,,"[{'id': 2, 'text': 'ל', 'upos': 'ADP', 'xpos': 'ADP', 'head': 3, 'deprel': 'case', 'lemma': 'ל'}, {'id': 3, 'text': 'סכמה', 'upos': 'NOUN', 'xpos': 'NOUN', 'feats': 'Gender=Fem|Number=Sing', 'head': 1, 'deprel': 'obl', 'lemma': 'סכמה'}]"
"(4, 5)",באיור,,,,,"(8, 13)",,,"[{'id': 4, 'text': 'ב', 'upos': 'ADP', 'xpos': 'ADP', 'head': 5, 'deprel': 'case', 'lemma': 'ב'}, {'id': 5, 'text': 'איור', 'upos': 'NOUN', 'xpos': 'NOUN', 'feats': 'Gender=Masc|Number=Sing', 'head': 1, 'deprel': 'obl', 'lemma': 'איור'}]"
6,3,NUM,NUM,5.0,nummod,"(14, 15)",3,,
1,4,NUM,NUM,0.0,root,"(0, 1)",4,,
1,2,NUM,NUM,0.0,root,"(0, 1)",2,,
2,(,PUNCT,PUNCT,3.0,punct,"(2, 3)",(,,
3,א,PROPN,PROPN,1.0,appos,"(3, 4)",א,,
4,),PUNCT,PUNCT,3.0,punct,"(4, 5)",),,
1,לסכמה,NOUN,NOUN,0.0,root,"(1, 6)",לסכמה,Gender=Fem|Number=Sing,
2,3,NUM,NUM,1.0,nummod,"(7, 8)",3,,
1,4,NUM,NUM,0.0,root,"(0, 1)",4,,
1,2,NUM,NUM,7.0,dep,"(0, 1)",2,,
2,(ב,PUNCT,PUNCT,1.0,appos,"(2, 4)",(ב,,
3,),PUNCT,PUNCT,1.0,punct,"(4, 5)",),,
"(4, 5)",הקידוד,,,,,"(6, 12)",,,"[{'id': 4, 'text': 'ה', 'upos': 'DET', 'xpos': 'DET', 'feats': 'PronType=Art', 'head': 5, 'deprel': 'det:def', 'lemma': 'ה'}, {'id': 5, 'text': 'קידוד', 'upos': 'NOUN', 'xpos': 'NOUN', 'feats': 'Gender=Masc|Number=Sing', 'head': 7, 'deprel': 'nsubj', 'lemma': 'קידוד'}]"
6,יהיה,AUX,AUX,7.0,cop,"(13, 17)",היה,Gender=Masc|Number=Sing|Person=3|Polarity=Pos|Tense=Fut|VerbType=Cop,
7,בהתאם,ADV,ADV,0.0,root,"(18, 23)",בהתאם,,
"(1, 2)",המדידות,,,,,"(1, 8)",,,"[{'id': 1, 'text': 'ה', 'upos': 'DET', 'xpos': 'DET', 'feats': 'PronType=Art', 'head': 2, 'deprel': 'det:def', 'lemma': 'ה'}, {'id': 2, 'text': 'מדידות', 'upos': 'NOUN', 'xpos': 'NOUN', 'feats': 'Gender=Fem|Number=Plur', 'head': 9, 'deprel': 'nsubj', 'lemma': 'מדידה'}]"
"(3, 4)",בכל,,,,,"(9, 12)",,,"[{'id': 3, 'text': 'ב', 'upos': 'ADP', 'xpos': 'ADP', 'head': 5, 'deprel': 'case', 'lemma': 'ב'}, {'id': 4, 'text': 'כל', 'upos': 'DET', 'xpos': 'DET', 'feats': 'Definite=Cons', 'head': 5, 'deprel': 'det', 'lemma': 'כול'}]"
5,בניין,NOUN,NOUN,2.0,nmod,"(13, 18)",בניין,Gender=Masc|Number=Sing,
6,/,PUNCT,PUNCT,8.0,punct,"(19, 20)",/,,
7,על,ADP,ADP,8.0,case,"(21, 23)",על,,
8,קרקע,NOUN,NOUN,5.0,conj,"(24, 28)",קרקע,Gender=Fem|Number=Sing,
9,נמשכו,VERB,VERB,0.0,root,"(29, 34)",נמשך,"Gender=Fem,Masc|HebBinyan=NIFAL|Number=Plur|Person=3|Tense=Past|Voice=Mid",
10,עד,ADP,ADP,12.0,mark,"(35, 37)",עד,,
"(11, 12)",שהתקבל,,,,,"(38, 44)",,,"[{'id': 11, 'text': 'ש', 'upos': 'SCONJ', 'xpos': 'SCONJ', 'head': 10, 'deprel': 'fixed', 'lemma': 'ש'}, {'id': 12, 'text': 'התקבל', 'upos': 'VERB', 'xpos': 'VERB', 'feats': 'Gender=Masc|HebBinyan=HITPAEL|Number=Sing|Person=3|Tense=Past', 'head': 9, 'deprel': 'advcl', 'lemma': 'התקבל'}]"
13,חומר,NOUN,NOUN,12.0,nsubj,"(45, 49)",חומר,Gender=Masc|Number=Sing,
14,סטטיסטי,ADJ,ADJ,13.0,amod,"(50, 57)",סטטיסטי,Gender=Masc|Number=Sing,
15,מספק,VERB,VERB,13.0,amod,"(58, 62)",סיפק,"Gender=Masc|HebBinyan=PIEL|Number=Sing|Person=1,2,3|VerbForm=Part|Voice=Act",
"(16, 18)",לקביעה,,,,,"(63, 69)",,,"[{'id': 16, 'text': 'ל', 'upos': 'ADP', 'xpos': 'ADP', 'head': 18, 'deprel': 'case', 'lemma': 'ל'}, {'id': 17, 'text': 'ה_', 'upos': 'DET', 'xpos': 'DET', 'feats': 'PronType=Art', 'head': 18, 'deprel': 'det:def', 'lemma': 'ה'}, {'id': 18, 'text': 'קביעה', 'upos': 'NOUN', 'xpos': 'NOUN', 'feats': 'Gender=Fem|Number=Sing', 'head': 13, 'deprel': 'nmod', 'lemma': 'קביעה'}]"
19,מדויקת,ADJ,ADJ,18.0,amod,"(70, 76)",מדויק,Gender=Fem|Number=Sing,
20,של,ADP,ADP,5.0,case:gen,"(77, 79)",של,Case=Gen,
21,ת,ADP,ADP,18.0,nmod,"(80, 81)",ת,,
1,ב,PROPN,PROPN,0.0,root,"(0, 1)",ב,,
1,של,ADP,ADP,2.0,case:gen,"(1, 3)",של,Case=Gen,
2,בניין,NOUN,NOUN,5.0,nmod,"(4, 9)",בניין,Gender=Masc|Number=Sing,
"(3, 4)",וספקטרום,,,,,"(10, 18)",,,"[{'id': 3, 'text': 'ו', 'upos': 'CCONJ', 'xpos': 'CCONJ', 'head': 4, 'deprel': 'cc', 'lemma': 'ו'}, {'id': 4, 'text': 'ספקטרום', 'upos': 'NOUN', 'xpos': 'NOUN', 'feats': 'Gender=Masc|Number=Sing', 'head': 2, 'deprel': 'conj', 'lemma': 'ספקטרום'}]"
5,רעידות,NOUN,NOUN,0.0,root,"(19, 25)",רעידה,Gender=Fem|Number=Plur,
6,על,ADP,ADP,8.0,case,"(26, 28)",על,,
"(7, 8)",הקרקע,,,,,"(29, 34)",,,"[{'id': 7, 'text': 'ה', 'upos': 'DET', 'xpos': 'DET', 'feats': 'PronType=Art', 'head': 8, 'deprel': 'det:def', 'lemma': 'ה'}, {'id': 8, 'text': 'קרקע', 'upos': 'NOUN', 'xpos': 'NOUN', 'feats': 'Gender=Fem|Number=Sing', 'head': 5, 'deprel': 'nmod', 'lemma': 'קרקע'}]"
"(1, 4)",ככלל משך,,,,,"(1, 9)",,,"[{'id': 1, 'text': 'כ', 'upos': 'ADP', 'xpos': 'ADP', 'head': 2, 'deprel': 'case', 'lemma': 'כ'}, {'id': 2, 'text': 'כללפמש_', 'upos': 'NOUN', 'xpos': 'NOUN', 'feats': 'Definite=Def|Gender=Fem|Number=Sing', 'head': 8, 'deprel': 'nsubj', 'lemma': 'כללפמש'}, {'id': 3, 'text': '_של_', 'upos': 'ADP', 'xpos': 'ADP', 'head': 4, 'deprel': 'case:gen', 'lemma': 'של'}, {'id': 4, 'text': '_אתה', 'upos': 'PRON', 'xpos': 'PRON', 'feats': 'Case=Gen|Gender=Masc|Number=Sing|Person=2|PronType=Prs', 'head': 2, 'deprel': 'nmod:poss', 'lemma': 'הוא'}]"
"(5, 6)",המדידה,,,,,"(10, 16)",,,"[{'id': 5, 'text': 'ה', 'upos': 'DET', 'xpos': 'DET', 'feats': 'PronType=Art', 'head': 6, 'deprel': 'det:def', 'lemma': 'ה'}, {'id': 6, 'text': 'מדידה', 'upos': 'NOUN', 'xpos': 'NOUN', 'feats': 'Gender=Fem|Number=Sing', 'head': 8, 'deprel': 'nsubj', 'lemma': 'מדידה'}]"
7,לא,ADV,ADV,8.0,advmod,"(17, 19)",לא,Polarity=Neg,
8,עלה,VERB,VERB,0.0,root,"(20, 23)",עלה,Gender=Fem|HebBinyan=PAAL|Number=Sing|Person=3|Tense=Past|Voice=Act,
9,על,ADP,ADP,13.0,case,"(24, 26)",על,,
10,40,NUM,NUM,13.0,nummod,"(27, 29)",40,,
11,-,PUNCT,PUNCT,10.0,punct,"(29, 30)",-,,
12,60,NUM,NUM,10.0,nummod,"(30, 32)",60,,
13,דקות,NOUN,NOUN,8.0,obl,"(33, 37)",דקה,Gender=Fem|Number=Plur,
"(14, 16)",ובכל,,,,,"(38, 42)",,,"[{'id': 14, 'text': 'ו', 'upos': 'CCONJ', 'xpos': 'CCONJ', 'head': 18, 'deprel': 'cc', 'lemma': 'ו'}, {'id': 15, 'text': 'ב', 'upos': 'ADP', 'xpos': 'ADP', 'head': 17, 'deprel': 'case', 'lemma': 'ב'}, {'id': 16, 'text': 'כל', 'upos': 'DET', 'xpos': 'DET', 'feats': 'Definite=Cons', 'head': 17, 'deprel': 'det', 'lemma': 'כול'}]"
17,מקרה,NOUN,NOUN,18.0,obl,"(43, 47)",מקרה,Gender=Masc|Number=Sing,
18,היה,AUX,AUX,8.0,conj,"(48, 51)",היה,Gender=Masc|Number=Sing|Person=3|Polarity=Pos|Tense=Past|VerbType=Cop,
19,לפחות,ADV,ADV,21.0,det,"(52, 57)",לפחות,,
20,10,NUM,NUM,21.0,nummod,"(58, 60)",10,,
21,דקות,NOUN,NOUN,18.0,ccomp,"(61, 65)",דקה,Gender=Fem|Number=Plur,
1,4,NUM,NUM,0.0,root,"(1, 2)",4,,
1,מבנים,NOUN,NOUN,6.0,nsubj,"(1, 6)",מבנה,Gender=Masc|Number=Plur,
"(2, 3)",שנבדקו,,,,,"(7, 13)",,,"[{'id': 2, 'text': 'ש', 'upos': 'SCONJ', 'xpos': 'SCONJ', 'head': 3, 'deprel': 'mark', 'lemma': 'ש'}, {'id': 3, 'text': 'נבדקו', 'upos': 'VERB', 'xpos': 'VERB', 'feats': 'Gender=Fem,Masc|HebBinyan=NIFAL|Number=Plur|Person=3|Tense=Past|Voice=Mid', 'head': 1, 'deprel': 'acl:relcl', 'lemma': 'נבדק'}]"
"(4, 5)",המדידות,,,,,"(14, 21)",,,"[{'id': 4, 'text': 'ה', 'upos': 'DET', 'xpos': 'DET', 'feats': 'PronType=Art', 'head': 5, 'deprel': 'det:def', 'lemma': 'ה'}, {'id': 5, 'text': 'מדידות', 'upos': 'NOUN', 'xpos': 'NOUN', 'feats': 'Gender=Fem|Number=Sing', 'head': 3, 'deprel': 'dep', 'lemma': 'מדידה'}]"
6,נערכו,VERB,VERB,0.0,root,"(22, 27)",נערך,"Gender=Fem,Masc|HebBinyan=NIFAL|Number=Plur|Person=3|Tense=Past|Voice=Mid",
"(7, 8)",למבני,,,,,"(28, 33)",,,"[{'id': 7, 'text': 'ל', 'upos': 'ADP', 'xpos': 'ADP', 'head': 8, 'deprel': 'case', 'lemma': 'ל'}, {'id': 8, 'text': 'מבני', 'upos': 'NOUN', 'xpos': 'NOUN', 'feats': 'Definite=Cons|Gender=Masc|Number=Plur', 'head': 6, 'deprel': 'obl', 'lemma': 'מבנה'}]"
9,מגורים,NOUN,NOUN,8.0,compound:smixut,"(34, 40)",מגורים,Gender=Masc|Number=Plur,
"(10, 12)",בערים,,,,,"(41, 46)",,,"[{'id': 10, 'text': 'ב', 'upos': 'ADP', 'xpos': 'ADP', 'head': 12, 'deprel': 'case', 'lemma': 'ב'}, {'id': 11, 'text': 'ה_', 'upos': 'DET', 'xpos': 'DET', 'feats': 'PronType=Art', 'head': 12, 'deprel': 'det:def', 'lemma': 'ה'}, {'id': 12, 'text': 'ערים', 'upos': 'NOUN', 'xpos': 'NOUN', 'feats': 'Gender=Fem|Number=Plur', 'head': 8, 'deprel': 'nmod', 'lemma': 'עיר'}]"
"(13, 14)",הבאות,,,,,"(47, 52)",,,"[{'id': 13, 'text': 'ה', 'upos': 'DET', 'xpos': 'DET', 'feats': 'PronType=Art', 'head': 14, 'deprel': 'det:def', 'lemma': 'ה'}, {'id': 14, 'text': 'באות', 'upos': 'ADJ', 'xpos': 'ADJ', 'feats': 'Gender=Fem|Number=Plur', 'head': 12, 'deprel': 'amod', 'lemma': 'בא'}]"
15,:,PUNCT,PUNCT,12.0,punct,"(52, 53)",:,,
16,∗,PUNCT,PUNCT,17.0,punct,"(54, 55)",∗,,
17,גבעתיים,PROPN,PROPN,12.0,appos,"(56, 63)",גבעתיים,,
18,",",PUNCT,PUNCT,17.0,punct,"(63, 64)",",",,
19,∗,PUNCT,PUNCT,20.0,punct,"(65, 66)",∗,,
20,חולון,PROPN,PROPN,17.0,conj,"(67, 72)",חולון,,
21,",",PUNCT,PUNCT,17.0,punct,"(72, 73)",",",,
22,∗,PUNCT,PUNCT,23.0,punct,"(74, 75)",∗,,
23,מודיעין,PROPN,PROPN,17.0,conj,"(76, 83)",מודיעין,HebSource=ConvUncertainHead,
24,",",PUNCT,PUNCT,17.0,punct,"(83, 84)",",",,
25,∗,PUNCT,PUNCT,26.0,punct,"(85, 86)",∗,,
26,פתח,NOUN,NOUN,17.0,conj,"(87, 90)",פתח,Definite=Cons|Gender=Masc|Number=Sing,
27,תקווה,PROPN,PROPN,26.0,compound:smixut,"(91, 96)",תקווה,,
28,",",PUNCT,PUNCT,17.0,punct,"(96, 97)",",",,
29,∗,PUNCT,PUNCT,30.0,punct,"(98, 99)",∗,,
30,ראש,NOUN,NOUN,17.0,dep,"(100, 103)",ראש,Definite=Cons|Gender=Masc|HebSource=ConvUncertainHead|Number=Sing,
"(31, 32)",העין,,,,,"(104, 108)",,,"[{'id': 31, 'text': 'ה', 'upos': 'DET', 'xpos': 'DET', 'feats': 'PronType=Art', 'head': 32, 'deprel': 'det:def', 'lemma': 'ה'}, {'id': 32, 'text': 'עין', 'upos': 'NOUN', 'xpos': 'NOUN', 'feats': 'Gender=Fem|Number=Sing', 'head': 30, 'deprel': 'compound:smixut', 'lemma': 'עין'}]"
33,",",PUNCT,PUNCT,17.0,punct,"(108, 109)",",",,
34,∗,PUNCT,PUNCT,35.0,punct,"(110, 111)",∗,,
35,תל,NOUN,NOUN,17.0,dep,"(112, 114)",תל,Definite=Cons|Gender=Masc|Number=Sing,
36,אביב,NOUN,NOUN,35.0,compound:smixut,"(115, 119)",אביב,Gender=Masc|Number=Sing,
"(1, 2)",במודיעין,,,,,"(1, 9)",,,"[{'id': 1, 'text': 'ב', 'upos': 'ADP', 'xpos': 'ADP', 'head': 2, 'deprel': 'case', 'lemma': 'ב'}, {'id': 2, 'text': 'מודיעין', 'upos': 'PROPN', 'xpos': 'PROPN', 'head': 11, 'deprel': 'obl', 'lemma': 'מודיעין'}]"
"(3, 4)",וראש,,,,,"(10, 14)",,,"[{'id': 3, 'text': 'ו', 'upos': 'CCONJ', 'xpos': 'CCONJ', 'head': 4, 'deprel': 'cc', 'lemma': 'ו'}, {'id': 4, 'text': 'ראש', 'upos': 'NOUN', 'xpos': 'NOUN', 'feats': 'Definite=Cons|Gender=Masc|Number=Sing', 'head': 2, 'deprel': 'conj', 'lemma': 'ראש'}]"
"(5, 6)",העין,,,,,"(15, 19)",,,"[{'id': 5, 'text': 'ה', 'upos': 'DET', 'xpos': 'DET', 'feats': 'PronType=Art', 'head': 6, 'deprel': 'det:def', 'lemma': 'ה'}, {'id': 6, 'text': 'עין', 'upos': 'NOUN', 'xpos': 'NOUN', 'feats': 'Gender=Fem|Number=Sing', 'head': 4, 'deprel': 'flat:name', 'lemma': 'עין'}]"
"(7, 8)",הבניינים,,,,,"(20, 28)",,,"[{'id': 7, 'text': 'ה', 'upos': 'DET', 'xpos': 'DET', 'feats': 'PronType=Art', 'head': 8, 'deprel': 'det:def', 'lemma': 'ה'}, {'id': 8, 'text': 'בניינים', 'upos': 'NOUN', 'xpos': 'NOUN', 'feats': 'Gender=Masc|Number=Plur', 'head': 11, 'deprel': 'nsubj', 'lemma': 'בניין'}]"
"(9, 10)",שנבדקו,,,,,"(29, 35)",,,"[{'id': 9, 'text': 'ש', 'upos': 'SCONJ', 'xpos': 'SCONJ', 'head': 10, 'deprel': 'mark', 'lemma': 'ש'}, {'id': 10, 'text': 'נבדקו', 'upos': 'VERB', 'xpos': 'VERB', 'feats': 'Gender=Fem,Masc|HebBinyan=NIFAL|Number=Plur|Person=3|Tense=Past|Voice=Mid', 'head': 8, 'deprel': 'acl:relcl', 'lemma': 'נבדק'}]"
11,ממוקמים,VERB,VERB,0.0,root,"(36, 43)",מוקם,"Gender=Masc|HebBinyan=PUAL|Number=Plur|Person=1,2,3|VerbForm=Part|Voice=Pass",
"(12, 13)",באתר,,,,,"(44, 48)",,,"[{'id': 12, 'text': 'ב', 'upos': 'ADP', 'xpos': 'ADP', 'head': 13, 'deprel': 'case', 'lemma': 'ב'}, {'id': 13, 'text': 'אתר', 'upos': 'NOUN', 'xpos': 'NOUN', 'feats': 'Definite=Cons|Gender=Masc|Number=Sing', 'head': 11, 'deprel': 'obl', 'lemma': 'אתר'}]"
14,סלע,NOUN,NOUN,13.0,compound:smixut,"(49, 52)",סלע,Gender=Masc|Number=Sing,
15,",",PUNCT,PUNCT,11.0,punct,"(52, 53)",",",,
"(16, 18)",בערים,,,,,"(54, 59)",,,"[{'id': 16, 'text': 'ב', 'upos': 'ADP', 'xpos': 'ADP', 'head': 18, 'deprel': 'case', 'lemma': 'ב'}, {'id': 17, 'text': 'ה_', 'upos': 'DET', 'xpos': 'DET', 'feats': 'PronType=Art', 'head': 18, 'deprel': 'det:def', 'lemma': 'ה'}, {'id': 18, 'text': 'ערים', 'upos': 'NOUN', 'xpos': 'NOUN', 'feats': 'Gender=Fem|Number=Plur', 'head': 22, 'deprel': 'obl', 'lemma': 'עיר'}]"
19,אחרות,ADJ,ADJ,18.0,amod,"(60, 65)",אחר,Gender=Fem|Number=Plur,
"(20, 21)",הבניינים,,,,,"(66, 74)",,,"[{'id': 20, 'text': 'ה', 'upos': 'DET', 'xpos': 'DET', 'feats': 'PronType=Art', 'head': 21, 'deprel': 'det:def', 'lemma': 'ה'}, {'id': 21, 'text': 'בניינים', 'upos': 'NOUN', 'xpos': 'NOUN', 'feats': 'Gender=Masc|Number=Plur', 'head': 22, 'deprel': 'nsubj', 'lemma': 'בניין'}]"
22,נמצאים,VERB,VERB,11.0,parataxis,"(75, 81)",נמצא,"Gender=Masc|HebBinyan=NIFAL|Number=Plur|Person=1,2,3|VerbForm=Part|Voice=Mid",
"(23, 25)",באתרים,,,,,"(82, 88)",,,"[{'id': 23, 'text': 'ב', 'upos': 'ADP', 'xpos': 'ADP', 'head': 25, 'deprel': 'case', 'lemma': 'ב'}, {'id': 24, 'text': 'ה_', 'upos': 'DET', 'xpos': 'DET', 'feats': 'PronType=Art', 'head': 25, 'deprel': 'det:def', 'lemma': 'ה'}, {'id': 25, 'text': 'אתרים', 'upos': 'NOUN', 'xpos': 'NOUN', 'feats': 'Gender=Masc|Number=Plur', 'head': 22, 'deprel': 'obl', 'lemma': 'אתר'}]"
26,עם,ADP,ADP,27.0,case,"(89, 91)",עם,,
27,קרקע,NOUN,NOUN,22.0,obl,"(92, 96)",קרקע,Gender=Fem|Number=Sing,
28,לא,ADV,ADV,29.0,advmod,"(97, 99)",לא,Polarity=Neg,
29,סלעית,ADJ,ADJ,27.0,amod,"(100, 105)",סלעי,Gender=Fem|Number=Sing,
1,רוב,DET,DET,4.0,det,"(1, 4)",רוב,Definite=Cons,
"(2, 4)",מהבניינים,,,,,"(5, 14)",,,"[{'id': 2, 'text': 'מ', 'upos': 'ADP', 'xpos': 'ADP', 'head': 4, 'deprel': 'case', 'lemma': 'מ'}, {'id': 3, 'text': 'ה', 'upos': 'DET', 'xpos': 'DET', 'feats': 'PronType=Art', 'head': 4, 'deprel': 'det:def', 'lemma': 'ה'}, {'id': 4, 'text': 'בניינים', 'upos': 'NOUN', 'xpos': 'NOUN', 'feats': 'Gender=Masc|Number=Plur', 'head': 6, 'deprel': 'nsubj:cop', 'lemma': 'בניין'}]"
5,הינם,AUX,AUX,6.0,cop,"(15, 19)",הוא,Gender=Masc|Number=Plur|Person=3|Polarity=Pos|VerbForm=Part|VerbType=Cop,
6,מבני,NOUN,NOUN,0.0,root,"(20, 24)",מבנה,Definite=Cons|Gender=Masc|Number=Plur,
7,מגורים,NOUN,NOUN,6.0,compound:smixut,"(25, 31)",מגורים,Gender=Masc|Number=Plur,
8,עם,ADP,ADP,9.0,case,"(32, 34)",עם,,
9,קומת,NOUN,NOUN,6.0,nmod,"(35, 39)",קומה,Definite=Cons|Gender=Fem|Number=Sing,
10,קרקע,NOUN,NOUN,9.0,compound:smixut,"(40, 44)",קרקע,Gender=Fem|Number=Sing,
"(11, 12)",שלא,,,,,"(45, 48)",,,"[{'id': 11, 'text': 'ש', 'upos': 'SCONJ', 'xpos': 'SCONJ', 'head': 14, 'deprel': 'mark', 'lemma': 'ש'}, {'id': 12, 'text': 'לא', 'upos': 'ADV', 'xpos': 'ADV', 'feats': 'Polarity=Neg', 'head': 13, 'deprel': 'advmod', 'lemma': 'לא'}]"
"(13, 14)",למגורים,,,,,"(49, 56)",,,"[{'id': 13, 'text': 'ל', 'upos': 'ADP', 'xpos': 'ADP', 'head': 14, 'deprel': 'case', 'lemma': 'ל'}, {'id': 14, 'text': 'מגורים', 'upos': 'NOUN', 'xpos': 'NOUN', 'feats': 'Gender=Masc|Number=Plur', 'head': 9, 'deprel': 'acl:relcl', 'lemma': 'מגורים'}]"
15,–,PUNCT,PUNCT,14.0,punct,"(57, 58)",–,,
16,קומת,NOUN,NOUN,14.0,nmod,"(59, 63)",קומה,Definite=Cons|Gender=Fem|Number=Sing,
17,עמודים,NOUN,NOUN,16.0,compound:smixut,"(64, 70)",עמוד,Gender=Masc|Number=Plur,
18,",",PUNCT,PUNCT,14.0,punct,"(70, 71)",",",,
19,לובי,NOUN,NOUN,14.0,conj,"(72, 76)",לובי,Definite=Cons|Gender=Masc|Number=Sing,
20,כניסה,NOUN,NOUN,19.0,compound:smixut,"(77, 82)",כניסה,Gender=Fem|Number=Sing,
"(21, 22)",ועוד,,,,,"(83, 87)",,,"[{'id': 21, 'text': 'ו', 'upos': 'CCONJ', 'xpos': 'CCONJ', 'head': 22, 'deprel': 'cc', 'lemma': 'ו'}, {'id': 22, 'text': 'עוד', 'upos': 'ADV', 'xpos': 'ADV', 'head': 16, 'deprel': 'conj', 'lemma': 'עוד'}]"
1,נבדקו,VERB,VERB,0.0,root,"(1, 6)",נבדק,"Gender=Fem,Masc|HebBinyan=NIFAL|Number=Plur|Person=3|Tense=Past|Voice=Mid",
2,בניינים,NOUN,NOUN,1.0,nsubj,"(7, 14)",בניין,Gender=Masc|Number=Plur,
"(3, 4)",מכל,,,,,"(15, 18)",,,"[{'id': 3, 'text': 'מ', 'upos': 'ADP', 'xpos': 'ADP', 'head': 5, 'deprel': 'case', 'lemma': 'מ'}, {'id': 4, 'text': 'כל', 'upos': 'DET', 'xpos': 'DET', 'feats': 'Definite=Cons', 'head': 5, 'deprel': 'det', 'lemma': 'כול'}]"
"(5, 7)",ארבעה,,,,,"(19, 24)",,,"[{'id': 5, 'text': 'ארבע_', 'upos': 'NUM', 'xpos': 'NUM', 'feats': 'Definite=Def|Gender=Fem|Number=Sing', 'head': 2, 'deprel': 'nmod', 'lemma': 'ארבע'}, {'id': 6, 'text': '_של_', 'upos': 'ADP', 'xpos': 'ADP', 'head': 7, 'deprel': 'case:gen', 'lemma': 'של'}, {'id': 7, 'text': '_היא', 'upos': 'PRON', 'xpos': 'PRON', 'feats': 'Case=Gen|Gender=Fem|Number=Sing|Person=3|PronType=Prs', 'head': 5, 'deprel': 'nmod:poss', 'lemma': 'הוא'}]"
8,סוגים,NOUN,NOUN,2.0,nmod,"(25, 30)",סוג,Gender=Masc|Number=Plur,
"(9, 10)",בהתאם,,,,,"(31, 36)",,,"[{'id': 9, 'text': 'ב', 'upos': 'ADP', 'xpos': 'ADP', 'head': 12, 'deprel': 'case', 'lemma': 'ב'}, {'id': 10, 'text': 'התאם', 'upos': 'NOUN', 'xpos': 'NOUN', 'feats': 'Gender=Masc|Number=Sing', 'head': 9, 'deprel': 'fixed', 'lemma': 'התאם'}]"
"(11, 12)",לסיווג,,,,,"(37, 43)",,,"[{'id': 11, 'text': 'ל', 'upos': 'ADP', 'xpos': 'ADP', 'head': 9, 'deprel': 'fixed', 'lemma': 'ל'}, {'id': 12, 'text': 'סיווג', 'upos': 'NOUN', 'xpos': 'NOUN', 'feats': 'Gender=Masc|Number=Sing', 'head': 1, 'deprel': 'obl', 'lemma': 'סיווג'}]"
"(13, 14)",המוגדר,,,,,"(44, 50)",,,"[{'id': 13, 'text': 'ה', 'upos': 'SCONJ', 'xpos': 'SCONJ', 'head': 14, 'deprel': 'mark', 'lemma': 'ה'}, {'id': 14, 'text': 'מוגדר', 'upos': 'VERB', 'xpos': 'VERB', 'feats': 'Gender=Masc|HebBinyan=HUFAL|Number=Sing|Person=1,2,3|VerbForm=Part|Voice=Pass', 'head': 12, 'deprel': 'acl:relcl', 'lemma': 'הוגדר'}]"
"(15, 17)",בטבלה,,,,,"(51, 56)",,,"[{'id': 15, 'text': 'ב', 'upos': 'ADP', 'xpos': 'ADP', 'head': 17, 'deprel': 'case', 'lemma': 'ב'}, {'id': 16, 'text': 'ה_', 'upos': 'DET', 'xpos': 'DET', 'feats': 'PronType=Art', 'head': 17, 'deprel': 'det:def', 'lemma': 'ה'}, {'id': 17, 'text': 'טבלה', 'upos': 'NOUN', 'xpos': 'NOUN', 'feats': 'Gender=Fem|Number=Sing', 'head': 14, 'deprel': 'obl', 'lemma': 'טבלה'}]"
18,מס' 2,NUM,NUM,17.0,nmod,"(57, 62)",מס' 2,,
1,1,NUM,NUM,6.0,advmod,"(0, 1)",1,,
2,",",PUNCT,PUNCT,6.0,punct,"(1, 2)",",",,
"(3, 4)",לכל,,,,,"(3, 6)",,,"[{'id': 3, 'text': 'ל', 'upos': 'ADP', 'xpos': 'ADP', 'head': 5, 'deprel': 'case', 'lemma': 'ל'}, {'id': 4, 'text': 'כל', 'upos': 'DET', 'xpos': 'DET', 'feats': 'Definite=Cons', 'head': 5, 'deprel': 'det', 'lemma': 'כול'}]"
5,סוג,NOUN,NOUN,6.0,obl,"(7, 10)",סוג,Gender=Masc|Number=Sing,
6,היו,VERB,VERB,0.0,root,"(11, 14)",היה,"Gender=Fem,Masc|HebExistential=True|Number=Plur|Person=3|Polarity=Pos|Tense=Past",
7,לפחות,ADV,ADV,9.0,det,"(15, 20)",לפחות,,
8,10,NUM,NUM,9.0,nummod,"(21, 23)",10,,
9,מבנים,NOUN,NOUN,6.0,nsubj,"(24, 29)",מבנה,Gender=Masc|Number=Plur,
1,רשימת,NOUN,NOUN,6.0,nsubj,"(1, 6)",רשימה,Definite=Cons|Gender=Fem|Number=Sing,
"(2, 3)",הבניינים,,,,,"(7, 15)",,,"[{'id': 2, 'text': 'ה', 'upos': 'DET', 'xpos': 'DET', 'feats': 'PronType=Art', 'head': 3, 'deprel': 'det:def', 'lemma': 'ה'}, {'id': 3, 'text': 'בניינים', 'upos': 'NOUN', 'xpos': 'NOUN', 'feats': 'Gender=Masc|Number=Plur', 'head': 1, 'deprel': 'compound:smixut', 'lemma': 'בניין'}]"
"(4, 5)",שנבדקו,,,,,"(16, 22)",,,"[{'id': 4, 'text': 'ש', 'upos': 'SCONJ', 'xpos': 'SCONJ', 'head': 5, 'deprel': 'mark', 'lemma': 'ש'}, {'id': 5, 'text': 'נבדקו', 'upos': 'VERB', 'xpos': 'VERB', 'feats': 'Gender=Fem,Masc|HebBinyan=NIFAL|Number=Plur|Person=3|Tense=Past|Voice=Mid', 'head': 3, 'deprel': 'acl:relcl', 'lemma': 'נבדק'}]"
6,מוצגת,VERB,VERB,0.0,root,"(23, 28)",הוצג,"Gender=Fem|HebBinyan=HUFAL|Number=Sing|Person=1,2,3|VerbForm=Part|Voice=Pass",
"(7, 9)",בטבלה,,,,,"(29, 34)",,,"[{'id': 7, 'text': 'ב', 'upos': 'ADP', 'xpos': 'ADP', 'head': 9, 'deprel': 'case', 'lemma': 'ב'}, {'id': 8, 'text': 'ה_', 'upos': 'DET', 'xpos': 'DET', 'feats': 'PronType=Art', 'head': 9, 'deprel': 'det:def', 'lemma': 'ה'}, {'id': 9, 'text': 'טבלה', 'upos': 'NOUN', 'xpos': 'NOUN', 'feats': 'Gender=Fem|Number=Sing', 'head': 6, 'deprel': 'obl', 'lemma': 'טבלה'}]"
10,מס',NOUN,NOUN,9.0,nmod,"(35, 38)",מס',HebSource=ConvUncertainHead,
11,4,NUM,NUM,10.0,nummod,"(39, 40)",4,,
1,1,NUM,NUM,0.0,root,"(0, 1)",1,,
1,5,NUM,NUM,0.0,root,"(1, 2)",5,,
1,תוצאות,NOUN,NOUN,0.0,root,"(1, 7)",תוצאה,Definite=Cons|Gender=Fem|Number=Plur,
"(2, 3)",המדידות,,,,,"(8, 15)",,,"[{'id': 2, 'text': 'ה', 'upos': 'DET', 'xpos': 'DET', 'feats': 'PronType=Art', 'head': 3, 'deprel': 'det:def', 'lemma': 'ה'}, {'id': 3, 'text': 'מדידות', 'upos': 'NOUN', 'xpos': 'NOUN', 'feats': 'Gender=Fem|Number=Plur', 'head': 1, 'deprel': 'compound:smixut', 'lemma': 'מדידה'}]"
4,5,NUM,NUM,1.0,nummod,"(16, 17)",5,,
1,1,NUM,NUM,24.0,punct,"(0, 1)",1,,
"(2, 3)",סיסמוגרמות,,,,,"(2, 12)",,,"[{'id': 2, 'text': 'סיסמוג', 'upos': 'NOUN', 'xpos': 'NOUN', 'head': 24, 'deprel': 'nsubj', 'lemma': 'סיסמוג'}, {'id': 3, 'text': 'רמות', 'upos': 'NOUN', 'xpos': 'NOUN', 'feats': 'Gender=Fem|Number=Plur', 'head': 2, 'deprel': 'nmod', 'lemma': 'רמה'}]"
"(4, 5)",וספקטרומי,,,,,"(13, 22)",,,"[{'id': 4, 'text': 'ו', 'upos': 'CCONJ', 'xpos': 'CCONJ', 'head': 5, 'deprel': 'cc', 'lemma': 'ו'}, {'id': 5, 'text': 'ספקטרומי', 'upos': 'NOUN', 'xpos': 'NOUN', 'feats': 'Definite=Cons|Gender=Masc|Number=Plur', 'head': 2, 'deprel': 'conj', 'lemma': 'ספקטרום'}]"
6,רעידות,NOUN,NOUN,5.0,compound:smixut,"(23, 29)",רעידה,Gender=Fem|Number=Plur,
7,דוגמאות,NOUN,NOUN,24.0,nsubj,"(30, 37)",דוגמה,Gender=Fem|Number=Plur,
8,של,ADP,ADP,9.0,case:gen,"(38, 40)",של,Case=Gen,
"(9, 10)",סיסמוגרמות,,,,,"(41, 51)",,,"[{'id': 9, 'text': 'סיסמוג', 'upos': 'NOUN', 'xpos': 'NOUN', 'feats': 'Definite=Cons|Gender=Masc|Number=Plur', 'head': 7, 'deprel': 'nmod:poss', 'lemma': 'סיסמוג'}, {'id': 10, 'text': 'רמות', 'upos': 'NOUN', 'xpos': 'NOUN', 'feats': 'Gender=Fem|Number=Plur', 'head': 9, 'deprel': 'nmod', 'lemma': 'רמה'}]"
"(11, 12)",ושל,,,,,"(52, 55)",,,"[{'id': 11, 'text': 'ו', 'upos': 'CCONJ', 'xpos': 'CCONJ', 'head': 13, 'deprel': 'cc', 'lemma': 'ו'}, {'id': 12, 'text': 'של', 'upos': 'ADP', 'xpos': 'ADP', 'feats': 'Case=Gen', 'head': 13, 'deprel': 'case:gen', 'lemma': 'של'}]"
13,ספקטרומי,NOUN,NOUN,9.0,conj,"(56, 64)",ספקטרום,Definite=Cons|Gender=Masc|Number=Plur,
"(14, 15)",הרעידות,,,,,"(65, 72)",,,"[{'id': 14, 'text': 'ה', 'upos': 'DET', 'xpos': 'DET', 'feats': 'PronType=Art', 'head': 15, 'deprel': 'det:def', 'lemma': 'ה'}, {'id': 15, 'text': 'רעידות', 'upos': 'NOUN', 'xpos': 'NOUN', 'feats': 'Gender=Fem|Number=Plur', 'head': 13, 'deprel': 'compound:smixut', 'lemma': 'רעידה'}]"
"(16, 17)",המדודים,,,,,"(73, 80)",,,"[{'id': 16, 'text': 'ה', 'upos': 'DET', 'xpos': 'DET', 'feats': 'PronType=Art', 'head': 17, 'deprel': 'det:def', 'lemma': 'ה'}, {'id': 17, 'text': 'מדודים', 'upos': 'VERB', 'xpos': 'VERB', 'feats': 'Gender=Masc|HebBinyan=HUFAL|Number=Plur|Person=1,2,3|VerbForm=Part|Voice=Pass', 'head': 9, 'deprel': 'acl:relcl', 'lemma': 'דודה'}]"
"(18, 19)",בכל,,,,,"(81, 84)",,,"[{'id': 18, 'text': 'ב', 'upos': 'ADP', 'xpos': 'ADP', 'head': 20, 'deprel': 'case', 'lemma': 'ב'}, {'id': 19, 'text': 'כל', 'upos': 'DET', 'xpos': 'DET', 'feats': 'Definite=Cons', 'head': 20, 'deprel': 'det', 'lemma': 'כול'}]"
20,אחד,NUM,NUM,17.0,obl,"(85, 88)",אחד,Gender=Masc|Number=Sing,
"(21, 23)",מהבניינים,,,,,"(89, 98)",,,"[{'id': 21, 'text': 'מ', 'upos': 'ADP', 'xpos': 'ADP', 'head': 23, 'deprel': 'case', 'lemma': 'מ'}, {'id': 22, 'text': 'ה', 'upos': 'DET', 'xpos': 'DET', 'feats': 'PronType=Art', 'head': 23, 'deprel': 'det:def', 'lemma': 'ה'}, {'id': 23, 'text': 'בניינים', 'upos': 'NOUN', 'xpos': 'NOUN', 'feats': 'Gender=Masc|Number=Plur', 'head': 20, 'deprel': 'obl', 'lemma': 'בניין'}]"
24,מוצגות,VERB,VERB,0.0,root,"(99, 105)",הוצג,"Gender=Fem|HebBinyan=HUFAL|Number=Plur|Person=1,2,3|VerbForm=Part|Voice=Pass",
"(25, 27)",בנספחים,,,,,"(106, 113)",,,"[{'id': 25, 'text': 'ב', 'upos': 'ADP', 'xpos': 'ADP', 'head': 27, 'deprel': 'case', 'lemma': 'ב'}, {'id': 26, 'text': 'ה_', 'upos': 'DET', 'xpos': 'DET', 'feats': 'PronType=Art', 'head': 27, 'deprel': 'det:def', 'lemma': 'ה'}, {'id': 27, 'text': 'נספחים', 'upos': 'NOUN', 'xpos': 'NOUN', 'feats': 'Gender=Masc|Number=Plur', 'head': 24, 'deprel': 'obl', 'lemma': 'נספח'}]"
28,מס',NUM,NUM,27.0,nmod,"(114, 117)",מס',Definite=Cons|Gender=Masc|Number=Plur,
29,1,NUM,NUM,27.0,appos,"(118, 119)",1,,
30,-,PUNCT,PUNCT,29.0,punct,"(119, 120)",-,,
31,4,NUM,NUM,29.0,nummod,"(120, 121)",4,,
1,5,NUM,NUM,0.0,root,"(1, 2)",5,,
1,2,NUM,NUM,2.0,nummod,"(0, 1)",2,,
2,תקופה,NOUN,NOUN,0.0,root,"(2, 7)",תקופה,Gender=Fem|Number=Sing,
3,בסיסית,ADJ,ADJ,2.0,amod,"(8, 14)",בסיסי,Gender=Fem|Number=Sing,
4,מדודה,ADJ,ADJ,2.0,amod,"(15, 20)",מדודה,Gender=Fem|Number=Sing,
"(5, 6)",ומחושבת,,,,,"(21, 28)",,,"[{'id': 5, 'text': 'ו', 'upos': 'CCONJ', 'xpos': 'CCONJ', 'head': 6, 'deprel': 'cc', 'lemma': 'ו'}, {'id': 6, 'text': 'מחושבת', 'upos': 'ADJ', 'xpos': 'ADJ', 'feats': 'Gender=Fem|Number=Sing', 'head': 4, 'deprel': 'conj', 'lemma': 'מחושב'}]"
7,5,NUM,NUM,2.0,nummod,"(29, 30)",5,,
1,2,NUM,NUM,0.0,root,"(0, 1)",2,,
1,1,NUM,NUM,2.0,nummod,"(0, 1)",1,,
2,מבנים,NOUN,NOUN,9.0,nsubj:cop,"(2, 7)",מבנה,Gender=Masc|Number=Plur,
"(3, 4)",מסוג,,,,,"(8, 12)",,,"[{'id': 3, 'text': 'מ', 'upos': 'ADP', 'xpos': 'ADP', 'head': 4, 'deprel': 'case', 'lemma': 'מ'}, {'id': 4, 'text': 'סוג', 'upos': 'NOUN', 'xpos': 'NOUN', 'feats': 'Definite=Cons|Gender=Masc|Number=Sing', 'head': 2, 'deprel': 'nmod', 'lemma': 'סוג'}]"
5,1,NUM,NUM,4.0,compound:smixut,"(13, 14)",1,,
"(6, 7)",המבנים,,,,,"(15, 21)",,,"[{'id': 6, 'text': 'ה', 'upos': 'DET', 'xpos': 'DET', 'feats': 'PronType=Art', 'head': 7, 'deprel': 'det:def', 'lemma': 'ה'}, {'id': 7, 'text': 'מבנים', 'upos': 'NOUN', 'xpos': 'NOUN', 'feats': 'Gender=Masc|Number=Plur', 'head': 9, 'deprel': 'nsubj:cop', 'lemma': 'מבנה'}]"
8,הינם,AUX,AUX,9.0,cop,"(22, 26)",הוא,Gender=Masc|Number=Plur|Person=3|Polarity=Pos|VerbForm=Part|VerbType=Cop,
9,מבני,NOUN,NOUN,0.0,root,"(27, 31)",מבנה,Definite=Cons|Gender=Masc|Number=Plur,
10,מסגרת,NOUN,NOUN,9.0,dep,"(32, 37)",מסגרת,Gender=Fem|Number=Sing,
11,מבטון,NOUN,NOUN,9.0,compound:smixut,"(38, 43)",מבטון,Gender=Masc|Number=Sing,
12,מזוין,VERB,VERB,11.0,amod,"(44, 49)",מזוין,"Gender=Masc|HebBinyan=PUAL|Number=Sing|Person=1,2,3|VerbForm=Part|Voice=Pass",
1,ת,PROPN,PROPN,0.0,root,"(1, 2)",ת,,
1,ב,PROPN,PROPN,0.0,root,"(0, 1)",ב,,
"(1, 2)",המדודה,,,,,"(1, 7)",,,"[{'id': 1, 'text': 'ה', 'upos': 'DET', 'xpos': 'DET', 'feats': 'PronType=Art', 'head': 2, 'deprel': 'det:def', 'lemma': 'ה'}, {'id': 2, 'text': 'מדודה', 'upos': 'NOUN', 'xpos': 'NOUN', 'feats': 'Gender=Fem|Number=Sing', 'head': 0, 'deprel': 'root', 'lemma': 'מדודה'}]"
"(3, 4)",לכל,,,,,"(8, 11)",,,"[{'id': 3, 'text': 'ל', 'upos': 'ADP', 'xpos': 'ADP', 'head': 5, 'deprel': 'case', 'lemma': 'ל'}, {'id': 4, 'text': 'כל', 'upos': 'DET', 'xpos': 'DET', 'feats': 'Definite=Cons', 'head': 5, 'deprel': 'det', 'lemma': 'כול'}]"
5,בניין,NOUN,NOUN,2.0,nmod,"(12, 17)",בניין,Gender=Masc|Number=Sing,
"(6, 7)",וגם,,,,,"(18, 21)",,,"[{'id': 6, 'text': 'ו', 'upos': 'CCONJ', 'xpos': 'CCONJ', 'head': 5, 'deprel': 'cc', 'lemma': 'ו'}, {'id': 7, 'text': 'גם', 'upos': 'ADV', 'xpos': 'ADV', 'head': 8, 'deprel': 'advmod', 'lemma': 'גם'}]"
8,ת,ADP,ADP,5.0,case,"(22, 23)",ת,,
1,ב,PROPN,PROPN,0.0,root,"(0, 1)",ב,,
1,מחושבת,VERB,VERB,0.0,root,"(1, 7)",חושב,"Gender=Fem|HebBinyan=PUAL|Number=Sing|Person=1,2,3|VerbForm=Part|Voice=Pass",
2,לפי,ADP,ADP,3.0,case,"(8, 11)",לפי,,
3,"ת""י",NOUN,NOUN,1.0,obl,"(12, 15)","ת""",Abbr=Yes,
4,413,NUM,NUM,3.0,nummod,"(16, 19)",413,,
5,ו,CCONJ,CCONJ,7.0,cc,"(20, 21)",ו,,
6,-,PUNCT,PUNCT,3.0,punct,"(21, 22)",-,,
7,EC8,PROPN,PROPN,4.0,conj,"(22, 25)",EC8,,
8,באמצעות,ADP,ADP,9.0,case,"(26, 33)",באמצעות,,
9,נוסחה,NOUN,NOUN,1.0,obl,"(34, 39)",נוסחה,Gender=Fem|Number=Sing,
10,(,PUNCT,PUNCT,11.0,punct,"(40, 41)",(,,
11,1,NUM,NUM,9.0,appos,"(41, 42)",1,,
1,1,NUM,NUM,3.0,parataxis,"(0, 1)",1,,
2,),PUNCT,PUNCT,1.0,punct,"(1, 2)",),,
3,מוצגות,VERB,VERB,0.0,root,"(3, 9)",הוצג,"Gender=Fem|HebBinyan=HUFAL|Number=Plur|Person=1,2,3|VerbForm=Part|Voice=Pass",
"(4, 5)",באיור,,,,,"(10, 15)",,,"[{'id': 4, 'text': 'ב', 'upos': 'ADP', 'xpos': 'ADP', 'head': 5, 'deprel': 'case', 'lemma': 'ב'}, {'id': 5, 'text': 'איור', 'upos': 'NOUN', 'xpos': 'NOUN', 'feats': 'Gender=Masc|Number=Sing', 'head': 3, 'deprel': 'obl', 'lemma': 'איור'}]"
6,מס' 5,NUM,NUM,5.0,compound:smixut,"(16, 21)",מס' 5,,
1,2,NUM,NUM,0.0,root,"(0, 1)",2,,
1,1,NUM,NUM,0.0,root,"(0, 1)",1,,
1,1,NUM,NUM,0.0,root,"(0, 1)",1,,
"(1, 2)",היחס,,,,,"(1, 5)",,,"[{'id': 1, 'text': 'ה', 'upos': 'DET', 'xpos': 'DET', 'feats': 'PronType=Art', 'head': 2, 'deprel': 'det:def', 'lemma': 'ה'}, {'id': 2, 'text': 'יחס', 'upos': 'NOUN', 'xpos': 'NOUN', 'feats': 'Gender=Masc|Number=Sing', 'head': 0, 'deprel': 'root', 'lemma': 'יחס'}]"
3,בין,ADP,ADP,4.0,case,"(6, 9)",בין,,
4,ת,X,X,2.0,nmod,"(10, 11)",ת,,
1,ב,PROPN,PROPN,0.0,root,"(0, 1)",ב,,
"(1, 2)",המחושבת,,,,,"(1, 8)",,,"[{'id': 1, 'text': 'ה', 'upos': 'DET', 'xpos': 'DET', 'feats': 'PronType=Art', 'head': 2, 'deprel': 'det:def', 'lemma': 'ה'}, {'id': 2, 'text': 'מחושבת', 'upos': 'VERB', 'xpos': 'VERB', 'feats': 'Gender=Fem|Number=Sing', 'head': 0, 'deprel': 'root', 'lemma': 'חושב'}]"
3,ות,ADJ,ADJ,2.0,flat:name,"(9, 11)",ות,Gender=Fem|Number=Sing,
1,ב,PROPN,PROPN,0.0,root,"(0, 1)",ב,,
"(1, 2)",המדודה,,,,,"(1, 7)",,,"[{'id': 1, 'text': 'ה', 'upos': 'DET', 'xpos': 'DET', 'feats': 'PronType=Art', 'head': 2, 'deprel': 'det:def', 'lemma': 'ה'}, {'id': 2, 'text': 'מדודה', 'upos': 'NOUN', 'xpos': 'NOUN', 'feats': 'Gender=Fem|Number=Sing', 'head': 3, 'deprel': 'nsubj', 'lemma': 'מדודה'}]"
3,מוצג,VERB,VERB,0.0,root,"(8, 12)",הוצג,"Gender=Masc|HebBinyan=HUFAL|Number=Sing|Person=1,2,3|VerbForm=Part|Voice=Pass",
"(4, 5)",באיור,,,,,"(13, 18)",,,"[{'id': 4, 'text': 'ב', 'upos': 'ADP', 'xpos': 'ADP', 'head': 5, 'deprel': 'case', 'lemma': 'ב'}, {'id': 5, 'text': 'איור', 'upos': 'NOUN', 'xpos': 'NOUN', 'feats': 'Gender=Masc|Number=Sing', 'head': 3, 'deprel': 'obl', 'lemma': 'איור'}]"
6,מס' 5,NUM,NUM,5.0,compound:smixut,"(19, 24)",מס' 5,,
1,2,NUM,NUM,0.0,root,"(0, 1)",2,,
1,1,NUM,NUM,0.0,root,"(0, 1)",1,,
1,2,NUM,NUM,0.0,root,"(0, 1)",2,,
1,5,NUM,NUM,0.0,root,"(1, 2)",5,,
1,2,NUM,NUM,0.0,root,"(0, 1)",2,,
1,2,NUM,NUM,2.0,nummod,"(0, 1)",2,,
2,מבנים,NOUN,NOUN,9.0,dep,"(2, 7)",מבנה,Gender=Masc|Number=Plur,
"(3, 4)",מסוג,,,,,"(8, 12)",,,"[{'id': 3, 'text': 'מ', 'upos': 'ADP', 'xpos': 'ADP', 'head': 4, 'deprel': 'case', 'lemma': 'מ'}, {'id': 4, 'text': 'סוג', 'upos': 'NOUN', 'xpos': 'NOUN', 'feats': 'Definite=Cons|Gender=Masc|Number=Sing', 'head': 2, 'deprel': 'nmod', 'lemma': 'סוג'}]"
5,2,NUM,NUM,4.0,compound:smixut,"(13, 14)",2,,
"(6, 7)",במבנים,,,,,"(15, 21)",,,"[{'id': 6, 'text': 'ב', 'upos': 'ADP', 'xpos': 'ADP', 'head': 7, 'deprel': 'case', 'lemma': 'ב'}, {'id': 7, 'text': 'מבנים', 'upos': 'NOUN', 'xpos': 'NOUN', 'feats': 'Gender=Masc|Number=Plur', 'head': 9, 'deprel': 'obl', 'lemma': 'מבנה'}]"
8,אלה,PRON,PRON,7.0,det,"(22, 25)",אלה,Gender=Masc|Number=Plur|Person=3|PronType=Dem,
9,קיימים,VERB,VERB,0.0,root,"(26, 32)",קיים,VerbForm=Part,
10,קירות,NOUN,NOUN,9.0,nsubj,"(33, 38)",קיר,Gender=Masc|Number=Plur,
11,של,ADP,ADP,12.0,case:gen,"(39, 41)",של,Case=Gen,
12,פיר,NOUN,NOUN,10.0,nmod:poss,"(42, 45)",פיר,Definite=Cons|Gender=Masc|Number=Sing,
13,מעליות,NOUN,NOUN,12.0,compound:smixut,"(46, 52)",מעלית,Gender=Fem|Number=Plur,
"(14, 15)",וחדר,,,,,"(53, 57)",,,"[{'id': 14, 'text': 'ו', 'upos': 'CCONJ', 'xpos': 'CCONJ', 'head': 15, 'deprel': 'cc', 'lemma': 'ו'}, {'id': 15, 'text': 'חדר', 'upos': 'NOUN', 'xpos': 'NOUN', 'feats': 'Definite=Cons|Gender=Masc|Number=Sing', 'head': 12, 'deprel': 'conj', 'lemma': 'חדר'}]"
16,מדרגות,NOUN,NOUN,15.0,compound:smixut,"(58, 64)",מדרגה,Gender=Fem|Number=Plur,
17,",",PUNCT,PUNCT,10.0,punct,"(64, 65)",",",,
18,אשר,SCONJ,SCONJ,19.0,mark,"(66, 69)",אשר,,
19,שייכים,ADJ,ADJ,10.0,acl:relcl,"(70, 76)",שייך,Gender=Masc|Number=Plur,
"(20, 21)",לקירות,,,,,"(77, 83)",,,"[{'id': 20, 'text': 'ל', 'upos': 'ADP', 'xpos': 'ADP', 'head': 21, 'deprel': 'case', 'lemma': 'ל'}, {'id': 21, 'text': 'קירות', 'upos': 'NOUN', 'xpos': 'NOUN', 'feats': 'Definite=Cons|Gender=Masc|Number=Plur', 'head': 19, 'deprel': 'obl', 'lemma': 'קיר'}]"
"(22, 23)",הקשחה,,,,,"(84, 89)",,,"[{'id': 22, 'text': 'ה', 'upos': 'DET', 'xpos': 'DET', 'feats': 'PronType=Art', 'head': 23, 'deprel': 'det:def', 'lemma': 'ה'}, {'id': 23, 'text': 'קשחה', 'upos': 'NOUN', 'xpos': 'NOUN', 'feats': 'Gender=Fem|Number=Sing', 'head': 21, 'deprel': 'compound:smixut', 'lemma': 'קשחה'}]"
1,משום,SCONJ,SCONJ,2.0,case,"(1, 5)",משום,,
2,כך,PRON,PRON,6.0,obl,"(6, 8)",כך,Person=3|PronType=Dem,
3,",",PUNCT,PUNCT,6.0,punct,"(8, 9)",",",,
4,פורמלית,ADV,ADV,6.0,advmod,"(10, 17)",פורמאלית,,
5,",",PUNCT,PUNCT,6.0,punct,"(17, 18)",",",,
6,ניתן,AUX,AUX,7.0,aux,"(19, 23)",ניתן,"Gender=Masc|Number=Sing|Person=1,2,3|VerbType=Mod",
7,לשייך,VERB,VERB,0.0,root,"(24, 29)",שייך,HebBinyan=HIFIL|VerbForm=Inf|Voice=Act,
8,את,ADP,ADP,10.0,case:acc,"(30, 32)",את,Case=Acc,
"(9, 10)",המבנים,,,,,"(33, 39)",,,"[{'id': 9, 'text': 'ה', 'upos': 'DET', 'xpos': 'DET', 'feats': 'PronType=Art', 'head': 10, 'deprel': 'det:def', 'lemma': 'ה'}, {'id': 10, 'text': 'מבנים', 'upos': 'NOUN', 'xpos': 'NOUN', 'feats': 'Gender=Masc|Number=Plur', 'head': 7, 'deprel': 'obj', 'lemma': 'מבנה'}]"
"(11, 12)",למבנים,,,,,"(40, 46)",,,"[{'id': 11, 'text': 'ל', 'upos': 'ADP', 'xpos': 'ADP', 'head': 12, 'deprel': 'case', 'lemma': 'ל'}, {'id': 12, 'text': 'מבנים', 'upos': 'NOUN', 'xpos': 'NOUN', 'feats': 'Gender=Masc|Number=Plur', 'head': 7, 'deprel': 'obl', 'lemma': 'מבנה'}]"
13,עם,ADP,ADP,14.0,case,"(47, 49)",עם,,
14,קירות,NOUN,NOUN,12.0,nmod,"(50, 55)",קיר,Definite=Cons|Gender=Masc|Number=Plur,
15,הקשחה,NOUN,NOUN,14.0,compound:smixut,"(56, 61)",הקשחה,Gender=Fem|Number=Sing,
1,יחד,ADV,ADV,3.0,case,"(1, 4)",יחד,,
2,עם,ADP,ADP,3.0,case,"(5, 7)",עם,,
3,זאת,PRON,PRON,14.0,obl,"(8, 11)",זאת,Gender=Fem|Number=Sing|Person=3|PronType=Dem,
4,",",PUNCT,PUNCT,14.0,punct,"(11, 12)",",",,
5,שטח,NOUN,NOUN,14.0,nsubj:cop,"(13, 16)",שטח,Gender=Masc|Number=Sing,
6,של,ADP,ADP,7.0,case:gen,"(17, 19)",של,Case=Gen,
7,קירות,NOUN,NOUN,5.0,nmod:poss,"(20, 25)",קיר,Definite=Cons|Gender=Masc|Number=Plur,
"(8, 9)",ההקשחה,,,,,"(26, 32)",,,"[{'id': 8, 'text': 'ה', 'upos': 'DET', 'xpos': 'DET', 'feats': 'PronType=Art', 'head': 9, 'deprel': 'det:def', 'lemma': 'ה'}, {'id': 9, 'text': 'הקשחה', 'upos': 'NOUN', 'xpos': 'NOUN', 'feats': 'Gender=Fem|Number=Sing', 'head': 7, 'deprel': 'compound:smixut', 'lemma': 'הקשחה'}]"
"(10, 11)",למבנים,,,,,"(33, 39)",,,"[{'id': 10, 'text': 'ל', 'upos': 'ADP', 'xpos': 'ADP', 'head': 11, 'deprel': 'case', 'lemma': 'ל'}, {'id': 11, 'text': 'מבנים', 'upos': 'NOUN', 'xpos': 'NOUN', 'feats': 'Gender=Masc|Number=Plur', 'head': 7, 'deprel': 'nmod', 'lemma': 'מבנה'}]"
12,אלה,PRON,PRON,11.0,det,"(40, 43)",אלה,Gender=Masc|Number=Plur|Person=3|PronType=Dem,
13,הוא,AUX,AUX,14.0,cop,"(44, 47)",הוא,Gender=Masc|Number=Sing|Person=3|Polarity=Pos|VerbForm=Part|VerbType=Cop,
14,קטן,ADJ,ADJ,0.0,root,"(48, 51)",קטן,Gender=Masc|Number=Sing,
15,מאוד,ADV,ADV,14.0,advmod,"(52, 56)",מאוד,,
"(16, 19)",ובפועל,,,,,"(57, 63)",,,"[{'id': 16, 'text': 'ו', 'upos': 'CCONJ', 'xpos': 'CCONJ', 'head': 22, 'deprel': 'cc', 'lemma': 'ו'}, {'id': 17, 'text': 'ב', 'upos': 'ADP', 'xpos': 'ADP', 'head': 19, 'deprel': 'case', 'lemma': 'ב'}, {'id': 18, 'text': 'ה_', 'upos': 'DET', 'xpos': 'DET', 'feats': 'PronType=Art', 'head': 19, 'deprel': 'det:def', 'lemma': 'ה'}, {'id': 19, 'text': 'פועל', 'upos': 'NOUN', 'xpos': 'NOUN', 'feats': 'Gender=Masc|Number=Sing', 'head': 22, 'deprel': 'obl', 'lemma': 'פועל'}]"
"(20, 21)",המבנים,,,,,"(64, 70)",,,"[{'id': 20, 'text': 'ה', 'upos': 'DET', 'xpos': 'DET', 'feats': 'PronType=Art', 'head': 21, 'deprel': 'det:def', 'lemma': 'ה'}, {'id': 21, 'text': 'מבנים', 'upos': 'NOUN', 'xpos': 'NOUN', 'feats': 'Gender=Masc|Number=Plur', 'head': 22, 'deprel': 'nsubj', 'lemma': 'מבנה'}]"
22,מהווים,VERB,VERB,14.0,conj,"(71, 77)",היווה,"Gender=Masc|HebBinyan=PIEL|Number=Plur|Person=1,2,3|VerbForm=Part|Voice=Act",
23,מבני,NOUN,NOUN,22.0,obj,"(78, 82)",מבנה,Definite=Cons|Gender=Masc|Number=Plur,
24,מסגרת,NOUN,NOUN,23.0,compound:smixut,"(83, 88)",מסגרת,Gender=Fem|Number=Sing,
25,מבטון,NOUN,NOUN,24.0,compound:smixut,"(89, 94)",מבטון,Gender=Masc|Number=Sing,
26,מזוין,ADJ,ADJ,25.0,amod,"(95, 100)",מזוין,Gender=Masc|Number=Sing,
27,",",PUNCT,PUNCT,22.0,punct,"(100, 101)",",",,
28,כפי,SCONJ,SCONJ,30.0,mark,"(102, 105)",כפי,,
"(29, 30)",שנובע,,,,,"(106, 111)",,,"[{'id': 29, 'text': 'ש', 'upos': 'SCONJ', 'xpos': 'SCONJ', 'head': 28, 'deprel': 'fixed', 'lemma': 'ש'}, {'id': 30, 'text': 'נובע', 'upos': 'VERB', 'xpos': 'VERB', 'feats': 'Gender=Masc|HebBinyan=PAAL|Number=Sing|Person=1,2,3|VerbForm=Part|Voice=Act', 'head': 22, 'deprel': 'advcl', 'lemma': 'נבע'}]"
"(31, 32)",מחישובים,,,,,"(112, 120)",,,"[{'id': 31, 'text': 'מ', 'upos': 'ADP', 'xpos': 'ADP', 'head': 32, 'deprel': 'case', 'lemma': 'מ'}, {'id': 32, 'text': 'חישובים', 'upos': 'NOUN', 'xpos': 'NOUN', 'feats': 'Gender=Masc|Number=Plur', 'head': 30, 'deprel': 'obl', 'lemma': 'חישוב'}]"
33,להלן,ADV,ADV,32.0,advmod,"(121, 125)",להלן,,
"(1, 2)",מסיבה,,,,,"(1, 6)",,,"[{'id': 1, 'text': 'מ', 'upos': 'ADP', 'xpos': 'ADP', 'head': 2, 'deprel': 'case', 'lemma': 'מ'}, {'id': 2, 'text': 'סיבה', 'upos': 'NOUN', 'xpos': 'NOUN', 'feats': 'Gender=Fem|Number=Sing', 'head': 0, 'deprel': 'root', 'lemma': 'סיבה'}]"
3,זאת,PRON,PRON,2.0,det,"(7, 10)",זאת,Gender=Fem|Number=Sing|Person=3|PronType=Dem,
4,חישוב,NOUN,NOUN,2.0,nsubj,"(11, 16)",חישוב,Gender=Masc|Number=Sing,
5,של,ADP,ADP,6.0,case:gen,"(17, 19)",של,Case=Gen,
6,ת,PROPN,PROPN,4.0,nmod:poss,"(20, 21)",ת,,
1,ב,PROPN,PROPN,0.0,root,"(0, 1)",ב,,
1,נערך להלן,VERB,VERB,0.0,root,"(1, 10)",נערך להלן,,
"(2, 3)",לכל,,,,,"(11, 14)",,,"[{'id': 2, 'text': 'ל', 'upos': 'ADP', 'xpos': 'ADP', 'head': 4, 'deprel': 'case', 'lemma': 'ל'}, {'id': 3, 'text': 'כל', 'upos': 'DET', 'xpos': 'DET', 'feats': 'Definite=Cons', 'head': 4, 'deprel': 'det', 'lemma': 'כול'}]"
4,אחת,NUM,NUM,1.0,obl,"(15, 18)",אחת,Gender=Fem|Number=Sing,
"(5, 7)",מהחלופות,,,,,"(19, 27)",,,"[{'id': 5, 'text': 'מ', 'upos': 'ADP', 'xpos': 'ADP', 'head': 7, 'deprel': 'case', 'lemma': 'מ'}, {'id': 6, 'text': 'ה', 'upos': 'DET', 'xpos': 'DET', 'feats': 'PronType=Art', 'head': 7, 'deprel': 'det:def', 'lemma': 'ה'}, {'id': 7, 'text': 'חלופות', 'upos': 'NOUN', 'xpos': 'NOUN', 'feats': 'Gender=Fem|Number=Plur', 'head': 4, 'deprel': 'obl', 'lemma': 'חלופה'}]"
8,–,PUNCT,PUNCT,9.0,punct,"(28, 29)",–,,
9,מבני,NOUN,NOUN,4.0,obl,"(30, 34)",מבנה,Definite=Cons|Gender=Masc|Number=Plur,
10,מסגרת,NOUN,NOUN,9.0,compound:smixut,"(35, 40)",מסגרת,Gender=Fem|Number=Sing,
"(11, 12)",מבטון,,,,,"(41, 46)",,,"[{'id': 11, 'text': 'מ', 'upos': 'ADP', 'xpos': 'ADP', 'head': 12, 'deprel': 'case', 'lemma': 'מ'}, {'id': 12, 'text': 'בטון', 'upos': 'NOUN', 'xpos': 'NOUN', 'feats': 'Gender=Masc|Number=Sing', 'head': 9, 'deprel': 'nmod', 'lemma': 'בטון'}]"
13,מזוין,ADJ,ADJ,12.0,amod,"(47, 52)",מזוין,"Gender=Masc|HebBinyan=PUAL|Number=Sing|Person=1,2,3|VerbForm=Part|Voice=Pass",
"(14, 15)",ומבנים,,,,,"(53, 59)",,,"[{'id': 14, 'text': 'ו', 'upos': 'CCONJ', 'xpos': 'CCONJ', 'head': 15, 'deprel': 'cc', 'lemma': 'ו'}, {'id': 15, 'text': 'מבנים', 'upos': 'NOUN', 'xpos': 'NOUN', 'feats': 'Gender=Masc|Number=Plur', 'head': 9, 'deprel': 'conj', 'lemma': 'מבנה'}]"
16,עם,ADP,ADP,17.0,case,"(60, 62)",עם,,
17,קירות,NOUN,NOUN,15.0,nmod,"(63, 68)",קיר,Definite=Cons|Gender=Masc|Number=Plur,
"(18, 19)",הקשחה,,,,,"(69, 74)",,,"[{'id': 18, 'text': 'ה', 'upos': 'DET', 'xpos': 'DET', 'feats': 'PronType=Art', 'head': 19, 'deprel': 'det:def', 'lemma': 'ה'}, {'id': 19, 'text': 'קשחה', 'upos': 'NOUN', 'xpos': 'NOUN', 'feats': 'Gender=Fem|Number=Sing', 'head': 17, 'deprel': 'compound:smixut', 'lemma': 'קשחה'}]"
1,5,NUM,NUM,0.0,root,"(1, 2)",5,,
1,2,NUM,NUM,0.0,root,"(0, 1)",2,,
1,2,NUM,NUM,0.0,root,"(0, 1)",2,,
1,1,NUM,NUM,2.0,nummod,"(0, 1)",1,,
2,חישוב,NOUN,NOUN,0.0,root,"(2, 7)",חישוב,Gender=Masc|Number=Sing,
3,ת,PROPN,PROPN,2.0,flat:name,"(8, 9)",ת,,
1,ב,PROPN,PROPN,0.0,root,"(0, 1)",ב,,
1,לפי,ADP,ADP,2.0,case,"(1, 4)",לפי,,
2,נוסחאות,NOUN,NOUN,0.0,root,"(5, 12)",נוסחה,Gender=Fem|Number=Plur,
"(3, 4)",למבני,,,,,"(13, 18)",,,"[{'id': 3, 'text': 'ל', 'upos': 'ADP', 'xpos': 'ADP', 'head': 4, 'deprel': 'case', 'lemma': 'ל'}, {'id': 4, 'text': 'מבני', 'upos': 'NOUN', 'xpos': 'NOUN', 'feats': 'Definite=Cons|Gender=Masc|Number=Plur', 'head': 2, 'deprel': 'nmod', 'lemma': 'מבנה'}]"
5,מסגרת,NOUN,NOUN,4.0,compound:smixut,"(19, 24)",מסגרת,Gender=Fem|Number=Sing,
6,מבטון,NOUN,NOUN,4.0,compound:smixut,"(25, 30)",מבטון,Gender=Masc|Number=Sing,
7,מזוין,VERB,VERB,6.0,amod,"(31, 36)",מזוין,"Gender=Masc|HebBinyan=PUAL|Number=Sing|Person=1,2,3|VerbForm=Part|Voice=Pass",
"(8, 9)",למבנים,,,,,"(37, 43)",,,"[{'id': 8, 'text': 'ל', 'upos': 'ADP', 'xpos': 'ADP', 'head': 9, 'deprel': 'case', 'lemma': 'ל'}, {'id': 9, 'text': 'מבנים', 'upos': 'NOUN', 'xpos': 'NOUN', 'feats': 'Gender=Masc|Number=Plur', 'head': 6, 'deprel': 'nmod', 'lemma': 'מבנה'}]"
"(10, 11)",מסוג,,,,,"(44, 48)",,,"[{'id': 10, 'text': 'מ', 'upos': 'ADP', 'xpos': 'ADP', 'head': 11, 'deprel': 'case', 'lemma': 'מ'}, {'id': 11, 'text': 'סוג', 'upos': 'NOUN', 'xpos': 'NOUN', 'feats': 'Gender=Masc|Number=Sing', 'head': 9, 'deprel': 'nmod', 'lemma': 'סוג'}]"
12,זה,PRON,PRON,11.0,det,"(49, 51)",זה,Gender=Masc|Number=Sing|Person=3|PronType=Dem,
13,ת,X,X,2.0,dep,"(52, 53)",ת,Xtra=Junk,
1,ב,PROPN,PROPN,0.0,root,"(0, 1)",ב,,
1,ב,ADP,ADP,3.0,case,"(1, 2)",ב,,
2,-,PUNCT,PUNCT,3.0,punct,"(2, 3)",-,,
3,"ת""י",PROPN,PROPN,10.0,obl,"(4, 7)","ת""י",Abbr=Yes,
4,413,NUM,NUM,3.0,nummod,"(8, 11)",413,,
"(5, 6)",וגם,,,,,"(12, 15)",,,"[{'id': 5, 'text': 'ו', 'upos': 'CCONJ', 'xpos': 'CCONJ', 'head': 9, 'deprel': 'cc', 'lemma': 'ו'}, {'id': 6, 'text': 'גם', 'upos': 'ADV', 'xpos': 'ADV', 'head': 7, 'deprel': 'advmod', 'lemma': 'גם'}]"
7,ב,ADP,ADP,9.0,case,"(16, 17)",ב,,
8,-,PUNCT,PUNCT,9.0,punct,"(17, 18)",-,,
9,EC8,PROPN,PROPN,3.0,conj,"(18, 21)",EC8,,
10,מחושבות,VERB,VERB,0.0,root,"(22, 29)",חושב,"Gender=Fem|HebBinyan=PAAL|Number=Plur|Person=1,2,3|VerbForm=Part|Voice=Act",
11,לפי,ADP,ADP,13.0,case,"(30, 33)",לפי,,
12,אותה,PRON,PRON,13.0,det,"(34, 38)",אותו,Definite=Def|Gender=Fem|Number=Sing|Person=3|PronType=Prs,
13,נוסחה,NOUN,NOUN,10.0,obl,"(39, 44)",נוסחה,Gender=Fem|Number=Sing,
14,(,PUNCT,PUNCT,10.0,punct,"(45, 46)",(,,
15,1,NUM,NUM,10.0,parataxis,"(46, 47)",1,,
1,1,NUM,NUM,0.0,root,"(0, 1)",1,,
2,),PUNCT,PUNCT,1.0,punct,"(1, 2)",),,
1,ת,PROPN,PROPN,0.0,root,"(1, 2)",ת,,
1,ב,PROPN,PROPN,0.0,root,"(0, 1)",ב,,
"(1, 2)",המדודה,,,,,"(1, 7)",,,"[{'id': 1, 'text': 'ה', 'upos': 'DET', 'xpos': 'DET', 'feats': 'PronType=Art', 'head': 2, 'deprel': 'det:def', 'lemma': 'ה'}, {'id': 2, 'text': 'מדודה', 'upos': 'NOUN', 'xpos': 'NOUN', 'feats': 'Gender=Fem|Number=Sing', 'head': 0, 'deprel': 'root', 'lemma': 'מדודה'}]"
"(3, 4)",לכל,,,,,"(8, 11)",,,"[{'id': 3, 'text': 'ל', 'upos': 'ADP', 'xpos': 'ADP', 'head': 5, 'deprel': 'case', 'lemma': 'ל'}, {'id': 4, 'text': 'כל', 'upos': 'DET', 'xpos': 'DET', 'feats': 'Definite=Cons', 'head': 5, 'deprel': 'det', 'lemma': 'כול'}]"
5,בניין,NOUN,NOUN,2.0,nmod,"(12, 17)",בניין,Gender=Masc|Number=Sing,
"(6, 7)",וגם,,,,,"(18, 21)",,,"[{'id': 6, 'text': 'ו', 'upos': 'CCONJ', 'xpos': 'CCONJ', 'head': 5, 'deprel': 'cc', 'lemma': 'ו'}, {'id': 7, 'text': 'גם', 'upos': 'ADV', 'xpos': 'ADV', 'head': 8, 'deprel': 'advmod', 'lemma': 'גם'}]"
8,ת,ADP,ADP,5.0,case,"(22, 23)",ת,,
1,ב,PROPN,PROPN,0.0,root,"(0, 1)",ב,,
1,מחושבת,VERB,VERB,0.0,root,"(1, 7)",חושב,"Gender=Fem|HebBinyan=PUAL|Number=Sing|Person=1,2,3|VerbForm=Part|Voice=Pass",
2,לפי,ADP,ADP,3.0,case,"(8, 11)",לפי,,
3,"ת""י",NOUN,NOUN,1.0,obl,"(12, 15)","ת""",Abbr=Yes,
4,413,NUM,NUM,3.0,nummod,"(16, 19)",413,,
5,ו,CCONJ,CCONJ,7.0,cc,"(20, 21)",ו,,
6,-,PUNCT,PUNCT,3.0,punct,"(21, 22)",-,,
7,EC8,PROPN,PROPN,4.0,conj,"(22, 25)",EC8,,
8,באמצעות,ADP,ADP,9.0,case,"(26, 33)",באמצעות,,
9,נוסחה,NOUN,NOUN,1.0,obl,"(34, 39)",נוסחה,Gender=Fem|Number=Sing,
10,(,PUNCT,PUNCT,11.0,punct,"(40, 41)",(,,
11,1,NUM,NUM,9.0,appos,"(41, 42)",1,,
1,1,NUM,NUM,3.0,parataxis,"(0, 1)",1,,
2,),PUNCT,PUNCT,1.0,punct,"(1, 2)",),,
3,מוצגות,VERB,VERB,0.0,root,"(3, 9)",הוצג,"Gender=Fem|HebBinyan=HUFAL|Number=Plur|Person=1,2,3|VerbForm=Part|Voice=Pass",
"(4, 5)",באיור,,,,,"(10, 15)",,,"[{'id': 4, 'text': 'ב', 'upos': 'ADP', 'xpos': 'ADP', 'head': 5, 'deprel': 'case', 'lemma': 'ב'}, {'id': 5, 'text': 'איור', 'upos': 'NOUN', 'xpos': 'NOUN', 'feats': 'Gender=Masc|Number=Sing', 'head': 3, 'deprel': 'obl', 'lemma': 'איור'}]"
6,מס' 5,NUM,NUM,5.0,compound:smixut,"(16, 21)",מס' 5,,
1,2,NUM,NUM,0.0,root,"(0, 1)",2,,
1,2,NUM,NUM,0.0,root,"(0, 1)",2,,
1,1,NUM,NUM,0.0,root,"(0, 1)",1,,
1,1,NUM,NUM,0.0,root,"(0, 1)",1,,
"(1, 2)",היחס,,,,,"(1, 5)",,,"[{'id': 1, 'text': 'ה', 'upos': 'DET', 'xpos': 'DET', 'feats': 'PronType=Art', 'head': 2, 'deprel': 'det:def', 'lemma': 'ה'}, {'id': 2, 'text': 'יחס', 'upos': 'NOUN', 'xpos': 'NOUN', 'feats': 'Gender=Masc|Number=Sing', 'head': 0, 'deprel': 'root', 'lemma': 'יחס'}]"
3,בין,ADP,ADP,4.0,case,"(6, 9)",בין,,
4,ת,X,X,2.0,nmod,"(10, 11)",ת,,
1,ב,PROPN,PROPN,0.0,root,"(0, 1)",ב,,
"(1, 2)",המחושבת,,,,,"(1, 8)",,,"[{'id': 1, 'text': 'ה', 'upos': 'DET', 'xpos': 'DET', 'feats': 'PronType=Art', 'head': 2, 'deprel': 'det:def', 'lemma': 'ה'}, {'id': 2, 'text': 'מחושבת', 'upos': 'VERB', 'xpos': 'VERB', 'feats': 'Gender=Fem|Number=Sing', 'head': 0, 'deprel': 'root', 'lemma': 'חושב'}]"
3,ות,ADJ,ADJ,2.0,flat:name,"(9, 11)",ות,Gender=Fem|Number=Sing,
1,ב,PROPN,PROPN,0.0,root,"(0, 1)",ב,,
"(1, 2)",המדודה,,,,,"(1, 7)",,,"[{'id': 1, 'text': 'ה', 'upos': 'DET', 'xpos': 'DET', 'feats': 'PronType=Art', 'head': 2, 'deprel': 'det:def', 'lemma': 'ה'}, {'id': 2, 'text': 'מדודה', 'upos': 'NOUN', 'xpos': 'NOUN', 'feats': 'Gender=Fem|Number=Sing', 'head': 3, 'deprel': 'nsubj', 'lemma': 'מדודה'}]"
3,מוצג,VERB,VERB,0.0,root,"(8, 12)",הוצג,"Gender=Masc|HebBinyan=HUFAL|Number=Sing|Person=1,2,3|VerbForm=Part|Voice=Pass",
"(4, 5)",באיור,,,,,"(13, 18)",,,"[{'id': 4, 'text': 'ב', 'upos': 'ADP', 'xpos': 'ADP', 'head': 5, 'deprel': 'case', 'lemma': 'ב'}, {'id': 5, 'text': 'איור', 'upos': 'NOUN', 'xpos': 'NOUN', 'feats': 'Gender=Masc|Number=Sing', 'head': 3, 'deprel': 'obl', 'lemma': 'איור'}]"
6,מס' 5,NUM,NUM,5.0,compound:smixut,"(19, 24)",מס' 5,,
1,2,NUM,NUM,0.0,root,"(0, 1)",2,,
1,2,NUM,NUM,0.0,root,"(0, 1)",2,,
1,1,NUM,NUM,0.0,root,"(0, 1)",1,,
1,2,NUM,NUM,0.0,root,"(0, 1)",2,,
1,5,NUM,NUM,0.0,root,"(1, 2)",5,,
1,2,NUM,NUM,0.0,root,"(0, 1)",2,,
1,2,NUM,NUM,0.0,root,"(0, 1)",2,,
1,2,NUM,NUM,2.0,nummod,"(0, 1)",2,,
2,חישוב,NOUN,NOUN,0.0,root,"(2, 7)",חישוב,Definite=Cons|Gender=Masc|HebSource=ConvUncertainHead|Number=Sing,
3,ת,PROPN,PROPN,2.0,flat:name,"(8, 9)",ת,,
1,ב,PROPN,PROPN,0.0,root,"(0, 1)",ב,,
1,לפי,ADP,ADP,2.0,case,"(1, 4)",לפי,,
2,נוסחאות,NOUN,NOUN,0.0,root,"(5, 12)",נוסחה,Gender=Fem|Number=Plur,
"(3, 4)",למבנים,,,,,"(13, 19)",,,"[{'id': 3, 'text': 'ל', 'upos': 'ADP', 'xpos': 'ADP', 'head': 4, 'deprel': 'case', 'lemma': 'ל'}, {'id': 4, 'text': 'מבנים', 'upos': 'NOUN', 'xpos': 'NOUN', 'feats': 'Gender=Masc|Number=Plur', 'head': 2, 'deprel': 'nmod', 'lemma': 'מבנה'}]"
5,עם,ADP,ADP,6.0,case,"(20, 22)",עם,,
6,קירות,NOUN,NOUN,4.0,nmod,"(23, 28)",קיר,Definite=Cons|Gender=Masc|Number=Plur,
"(7, 8)",הקשחה,,,,,"(29, 34)",,,"[{'id': 7, 'text': 'ה', 'upos': 'DET', 'xpos': 'DET', 'feats': 'PronType=Art', 'head': 8, 'deprel': 'det:def', 'lemma': 'ה'}, {'id': 8, 'text': 'קשחה', 'upos': 'NOUN', 'xpos': 'NOUN', 'feats': 'Gender=Fem|Number=Sing', 'head': 4, 'deprel': 'compound:smixut', 'lemma': 'קשחה'}]"
"(9, 10)",למבנים,,,,,"(35, 41)",,,"[{'id': 9, 'text': 'ל', 'upos': 'ADP', 'xpos': 'ADP', 'head': 10, 'deprel': 'case', 'lemma': 'ל'}, {'id': 10, 'text': 'מבנים', 'upos': 'NOUN', 'xpos': 'NOUN', 'feats': 'Gender=Masc|Number=Plur', 'head': 8, 'deprel': 'nmod', 'lemma': 'מבנה'}]"
"(11, 12)",מסוג,,,,,"(42, 46)",,,"[{'id': 11, 'text': 'מ', 'upos': 'ADP', 'xpos': 'ADP', 'head': 12, 'deprel': 'case', 'lemma': 'מ'}, {'id': 12, 'text': 'סוג', 'upos': 'NOUN', 'xpos': 'NOUN', 'feats': 'Gender=Masc|Number=Sing', 'head': 10, 'deprel': 'nmod', 'lemma': 'סוג'}]"
13,זה,PRON,PRON,12.0,det,"(47, 49)",זה,Gender=Masc|Number=Sing|Person=3|PronType=Dem,
14,ת,X,X,2.0,dep,"(50, 51)",ת,Xtra=Junk,
1,ב,PROPN,PROPN,0.0,root,"(0, 1)",ב,,
1,ב,ADP,ADP,3.0,case,"(1, 2)",ב,,
2,-,PUNCT,PUNCT,3.0,punct,"(2, 3)",-,,
3,"ת""י",PROPN,PROPN,9.0,obl,"(4, 7)","ת""י",Abbr=Yes,
4,413,NUM,NUM,3.0,nummod,"(8, 11)",413,,
"(5, 6)",וב,,,,,"(12, 14)",,,"[{'id': 5, 'text': 'ו', 'upos': 'CCONJ', 'xpos': 'CCONJ', 'head': 8, 'deprel': 'cc', 'lemma': 'ו'}, {'id': 6, 'text': 'ב', 'upos': 'ADP', 'xpos': 'ADP', 'head': 8, 'deprel': 'case', 'lemma': 'ב'}]"
7,-,PUNCT,PUNCT,8.0,punct,"(14, 15)",-,,
8,EC8,PROPN,PROPN,3.0,conj,"(15, 18)",EC8,,
9,מחושבת,VERB,VERB,0.0,root,"(19, 25)",חושב,"Gender=Fem|HebBinyan=PUAL|Number=Sing|Person=1,2,3|VerbForm=Part|Voice=Pass",
10,לפי,ADP,ADP,11.0,case,"(26, 29)",לפי,,
11,נוסחאות,NOUN,NOUN,9.0,obl,"(30, 37)",נוסחה,Gender=Fem|Number=Plur,
12,שונות,ADJ,ADJ,11.0,amod,"(38, 43)",שונה,Gender=Fem|Number=Plur,
13,:,PUNCT,PUNCT,9.0,punct,"(43, 44)",:,,
14,∗,PUNCT,PUNCT,16.0,dep,"(45, 46)",∗,,
15,באמצעות,ADP,ADP,16.0,case,"(47, 54)",באמצעות,,
16,נוסחה,NOUN,NOUN,9.0,obl,"(55, 60)",נוסחה,Gender=Fem|Number=Sing,
17,(,PUNCT,PUNCT,18.0,punct,"(61, 62)",(,,
18,1,NUM,NUM,16.0,appos,"(62, 63)",1,,
1,2,NUM,NUM,0.0,root,"(0, 1)",2,,
2,),PUNCT,PUNCT,1.0,punct,"(1, 2)",),,
3,לפי,ADP,ADP,4.0,case,"(3, 6)",לפי,,
4,"ת""י",PROPN,PROPN,1.0,obl,"(7, 10)","ת""י",Abbr=Yes,
5,413,NUM,NUM,4.0,nummod,"(11, 14)",413,,
6,ו,CCONJ,CCONJ,8.0,cc,"(15, 16)",ו,,
7,-,PUNCT,PUNCT,5.0,punct,"(16, 17)",-,,
8,EC8,NUM,NUM,5.0,dep,"(17, 20)",EC8,,
1,∗,PUNCT,PUNCT,0.0,root,"(1, 2)",∗,,
2,באמצעות,ADP,ADP,3.0,case,"(3, 10)",באמצעות,,
3,נוסחה,NOUN,NOUN,1.0,dep,"(11, 16)",נוסחה,Gender=Fem|Number=Sing,
4,(,PUNCT,PUNCT,5.0,punct,"(17, 18)",(,,
5,1,NUM,NUM,3.0,appos,"(18, 19)",1,,
1,3,NUM,NUM,0.0,root,"(0, 1)",3,,
2,),PUNCT,PUNCT,1.0,punct,"(1, 2)",),,
3,לפי,ADP,ADP,4.0,case,"(3, 6)",לפי,,
4,EC8,PROPN,PROPN,1.0,obl,"(7, 10)",EC8,,
1,חישוב,NOUN,NOUN,0.0,root,"(1, 6)",חישוב,Gender=Masc|Number=Sing,
2,באמצעות,ADP,ADP,5.0,case,"(7, 14)",באמצעות,Xtra=Junk,
"(3, 5)",EC8,,,,,"(15, 18)",,,"[{'id': 3, 'text': 'ל', 'upos': 'ADP', 'xpos': 'ADP', 'feats': 'Xtra=Junk', 'head': 5, 'deprel': 'case', 'lemma': 'ל'}, {'id': 4, 'text': 'ה_', 'upos': 'DET', 'xpos': 'DET', 'feats': 'PronType=Art', 'head': 5, 'deprel': 'det:def', 'lemma': 'ה'}, {'id': 5, 'text': 'ח8', 'upos': 'X', 'xpos': 'X', 'feats': 'Xtra=Junk', 'head': 1, 'deprel': 'nmod', 'lemma': '_'}]"
6,לפי,ADP,ADP,7.0,case,"(19, 22)",לפי,,
7,נוסחה,NOUN,NOUN,1.0,nmod,"(23, 28)",נוסחה,Gender=Fem|Number=Sing,
8,(,PUNCT,PUNCT,9.0,punct,"(29, 30)",(,,
9,1,NUM,NUM,7.0,appos,"(30, 31)",1,,
1,3) ת,NUM,NUM,0.0,root,"(0, 4)",3) ת,,
1,ב,PROPN,PROPN,0.0,root,"(0, 1)",ב,,
"(1, 2)",המדודה,,,,,"(1, 7)",,,"[{'id': 1, 'text': 'ה', 'upos': 'DET', 'xpos': 'DET', 'feats': 'PronType=Art', 'head': 2, 'deprel': 'det:def', 'lemma': 'ה'}, {'id': 2, 'text': 'מדודה', 'upos': 'NOUN', 'xpos': 'NOUN', 'feats': 'Gender=Fem|Number=Sing', 'head': 0, 'deprel': 'root', 'lemma': 'מדודה'}]"
"(3, 4)",לכל,,,,,"(8, 11)",,,"[{'id': 3, 'text': 'ל', 'upos': 'ADP', 'xpos': 'ADP', 'head': 5, 'deprel': 'case', 'lemma': 'ל'}, {'id': 4, 'text': 'כל', 'upos': 'DET', 'xpos': 'DET', 'feats': 'Definite=Cons', 'head': 5, 'deprel': 'det', 'lemma': 'כול'}]"
5,בניין,NOUN,NOUN,2.0,nmod,"(12, 17)",בניין,Gender=Masc|Number=Sing,
"(6, 7)",וגם,,,,,"(18, 21)",,,"[{'id': 6, 'text': 'ו', 'upos': 'CCONJ', 'xpos': 'CCONJ', 'head': 5, 'deprel': 'cc', 'lemma': 'ו'}, {'id': 7, 'text': 'גם', 'upos': 'ADV', 'xpos': 'ADV', 'head': 8, 'deprel': 'advmod', 'lemma': 'גם'}]"
8,ת,ADP,ADP,5.0,case,"(22, 23)",ת,,
1,ב,PROPN,PROPN,0.0,root,"(0, 1)",ב,,
1,מחושבת,VERB,VERB,2.0,nsubj,"(1, 7)",חושב,"Gender=Fem|HebBinyan=PUAL|Number=Sing|Person=1,2,3|VerbForm=Part|Voice=Pass",
2,מוצגות,VERB,VERB,0.0,root,"(8, 14)",הוצג,"Gender=Fem|HebBinyan=HUFAL|Number=Plur|Person=1,2,3|VerbForm=Part|Voice=Pass",
"(3, 4)",באיור,,,,,"(15, 20)",,,"[{'id': 3, 'text': 'ב', 'upos': 'ADP', 'xpos': 'ADP', 'head': 4, 'deprel': 'case', 'lemma': 'ב'}, {'id': 4, 'text': 'איור', 'upos': 'NOUN', 'xpos': 'NOUN', 'feats': 'Definite=Cons|Gender=Masc|Number=Sing', 'head': 2, 'deprel': 'obl', 'lemma': 'איור'}]"
5,מס' 5,NUM,NUM,4.0,compound:smixut,"(21, 26)",מס' 5,,
1,2,NUM,NUM,0.0,root,"(0, 1)",2,,
1,2,NUM,NUM,0.0,root,"(0, 1)",2,,
1,2,NUM,NUM,0.0,root,"(0, 1)",2,,
1,1,NUM,NUM,0.0,root,"(0, 1)",1,,
"(1, 2)",היחס,,,,,"(1, 5)",,,"[{'id': 1, 'text': 'ה', 'upos': 'DET', 'xpos': 'DET', 'feats': 'PronType=Art', 'head': 2, 'deprel': 'det:def', 'lemma': 'ה'}, {'id': 2, 'text': 'יחס', 'upos': 'NOUN', 'xpos': 'NOUN', 'feats': 'Gender=Masc|Number=Sing', 'head': 0, 'deprel': 'root', 'lemma': 'יחס'}]"
3,בין,ADP,ADP,4.0,case,"(6, 9)",בין,,
4,ת,X,X,2.0,nmod,"(10, 11)",ת,,
1,ב,PROPN,PROPN,0.0,root,"(0, 1)",ב,,
"(1, 2)",המחושבת,,,,,"(1, 8)",,,"[{'id': 1, 'text': 'ה', 'upos': 'DET', 'xpos': 'DET', 'feats': 'PronType=Art', 'head': 2, 'deprel': 'det:def', 'lemma': 'ה'}, {'id': 2, 'text': 'מחושבת', 'upos': 'VERB', 'xpos': 'VERB', 'feats': 'Gender=Fem|Number=Sing', 'head': 0, 'deprel': 'root', 'lemma': 'חושב'}]"
3,ות,ADJ,ADJ,2.0,flat:name,"(9, 11)",ות,Gender=Fem|Number=Sing,
1,ב,PROPN,PROPN,0.0,root,"(0, 1)",ב,,
"(1, 2)",המדודה,,,,,"(1, 7)",,,"[{'id': 1, 'text': 'ה', 'upos': 'DET', 'xpos': 'DET', 'feats': 'PronType=Art', 'head': 2, 'deprel': 'det:def', 'lemma': 'ה'}, {'id': 2, 'text': 'מדודה', 'upos': 'NOUN', 'xpos': 'NOUN', 'feats': 'Gender=Fem|Number=Sing', 'head': 3, 'deprel': 'nsubj', 'lemma': 'מדודה'}]"
3,מוצג,VERB,VERB,0.0,root,"(8, 12)",הוצג,"Gender=Masc|HebBinyan=HUFAL|Number=Sing|Person=1,2,3|VerbForm=Part|Voice=Pass",
"(4, 5)",באיור,,,,,"(13, 18)",,,"[{'id': 4, 'text': 'ב', 'upos': 'ADP', 'xpos': 'ADP', 'head': 5, 'deprel': 'case', 'lemma': 'ב'}, {'id': 5, 'text': 'איור', 'upos': 'NOUN', 'xpos': 'NOUN', 'feats': 'Gender=Masc|Number=Sing', 'head': 3, 'deprel': 'obl', 'lemma': 'איור'}]"
6,מס' 5,NUM,NUM,5.0,compound:smixut,"(19, 24)",מס' 5,,
1,2,NUM,NUM,0.0,root,"(0, 1)",2,,
1,2,NUM,NUM,0.0,root,"(0, 1)",2,,
1,2,NUM,NUM,0.0,root,"(0, 1)",2,,
1,2,NUM,NUM,0.0,root,"(0, 1)",2,,
1,חישוב,NOUN,NOUN,0.0,root,"(1, 6)",חישוב,Gender=Masc|Number=Sing,
2,באמצעות,ADP,ADP,3.0,case,"(7, 14)",באמצעות,,
3,נוסחה,NOUN,NOUN,1.0,nmod,"(15, 20)",נוסחה,Gender=Fem|Number=Sing,
4,(,PUNCT,PUNCT,5.0,punct,"(21, 22)",(,,
5,1,NUM,NUM,1.0,appos,"(22, 23)",1,,
1,2,NUM,NUM,0.0,root,"(0, 1)",2,,
2,),PUNCT,PUNCT,1.0,punct,"(1, 2)",),,
3,של,ADP,ADP,4.0,case:gen,"(3, 5)",של,Case=Gen,
4,"ת""י",PROPN,PROPN,1.0,nmod:poss,"(6, 9)","ת""י",Abbr=Yes,
5,413,NUM,NUM,1.0,dep,"(10, 13)",413,HebSource=ConvUncertainHead,
6,ו,CCONJ,CCONJ,8.0,cc,"(14, 15)",ו,,
7,-,PUNCT,PUNCT,5.0,punct,"(15, 16)",-,,
8,EC8,PROPN,PROPN,5.0,dep,"(16, 19)",EC8,HebSource=ConvUncertainHead,
9,ת,X,X,8.0,nmod,"(20, 21)",ת,,
1,ב,PROPN,PROPN,0.0,root,"(0, 1)",ב,,
"(1, 2)",המדודה,,,,,"(1, 7)",,,"[{'id': 1, 'text': 'ה', 'upos': 'DET', 'xpos': 'DET', 'feats': 'PronType=Art', 'head': 2, 'deprel': 'det:def', 'lemma': 'ה'}, {'id': 2, 'text': 'מדודה', 'upos': 'NOUN', 'xpos': 'NOUN', 'feats': 'Gender=Fem|Number=Sing', 'head': 0, 'deprel': 'root', 'lemma': 'מדודה'}]"
"(3, 4)",לכל,,,,,"(8, 11)",,,"[{'id': 3, 'text': 'ל', 'upos': 'ADP', 'xpos': 'ADP', 'head': 5, 'deprel': 'case', 'lemma': 'ל'}, {'id': 4, 'text': 'כל', 'upos': 'DET', 'xpos': 'DET', 'feats': 'Definite=Cons', 'head': 5, 'deprel': 'det', 'lemma': 'כול'}]"
5,בניין,NOUN,NOUN,2.0,nmod,"(12, 17)",בניין,Gender=Masc|Number=Sing,
"(6, 7)",וגם,,,,,"(18, 21)",,,"[{'id': 6, 'text': 'ו', 'upos': 'CCONJ', 'xpos': 'CCONJ', 'head': 5, 'deprel': 'cc', 'lemma': 'ו'}, {'id': 7, 'text': 'גם', 'upos': 'ADV', 'xpos': 'ADV', 'head': 8, 'deprel': 'advmod', 'lemma': 'גם'}]"
8,ת,ADP,ADP,5.0,case,"(22, 23)",ת,,
1,ב,PROPN,PROPN,0.0,root,"(0, 1)",ב,,
1,מחושבת,VERB,VERB,2.0,nsubj,"(1, 7)",חושב,"Gender=Fem|HebBinyan=PUAL|Number=Sing|Person=1,2,3|VerbForm=Part|Voice=Pass",
2,מוצגות,VERB,VERB,0.0,root,"(8, 14)",הוצג,"Gender=Fem|HebBinyan=HUFAL|Number=Plur|Person=1,2,3|VerbForm=Part|Voice=Pass",
"(3, 4)",באיור,,,,,"(15, 20)",,,"[{'id': 3, 'text': 'ב', 'upos': 'ADP', 'xpos': 'ADP', 'head': 4, 'deprel': 'case', 'lemma': 'ב'}, {'id': 4, 'text': 'איור', 'upos': 'NOUN', 'xpos': 'NOUN', 'feats': 'Definite=Cons|Gender=Masc|Number=Sing', 'head': 2, 'deprel': 'obl', 'lemma': 'איור'}]"
5,מס' 5,NUM,NUM,4.0,compound:smixut,"(21, 26)",מס' 5,,
1,2,NUM,NUM,0.0,root,"(0, 1)",2,,
1,2,NUM,NUM,0.0,root,"(0, 1)",2,,
1,2,NUM,NUM,0.0,root,"(0, 1)",2,,
1,3,NUM,NUM,0.0,root,"(0, 1)",3,,
"(1, 2)",היחס,,,,,"(1, 5)",,,"[{'id': 1, 'text': 'ה', 'upos': 'DET', 'xpos': 'DET', 'feats': 'PronType=Art', 'head': 2, 'deprel': 'det:def', 'lemma': 'ה'}, {'id': 2, 'text': 'יחס', 'upos': 'NOUN', 'xpos': 'NOUN', 'feats': 'Gender=Masc|Number=Sing', 'head': 0, 'deprel': 'root', 'lemma': 'יחס'}]"
3,בין,ADP,ADP,4.0,case,"(6, 9)",בין,,
4,ת,X,X,2.0,nmod,"(10, 11)",ת,,
1,ב,PROPN,PROPN,0.0,root,"(0, 1)",ב,,
"(1, 2)",המחושבת,,,,,"(1, 8)",,,"[{'id': 1, 'text': 'ה', 'upos': 'DET', 'xpos': 'DET', 'feats': 'PronType=Art', 'head': 2, 'deprel': 'det:def', 'lemma': 'ה'}, {'id': 2, 'text': 'מחושבת', 'upos': 'VERB', 'xpos': 'VERB', 'feats': 'Gender=Fem|Number=Sing', 'head': 0, 'deprel': 'root', 'lemma': 'חושב'}]"
3,ות,ADJ,ADJ,2.0,flat:name,"(9, 11)",ות,Gender=Fem|Number=Sing,
1,ב,PROPN,PROPN,0.0,root,"(0, 1)",ב,,
"(1, 2)",המדודה,,,,,"(1, 7)",,,"[{'id': 1, 'text': 'ה', 'upos': 'DET', 'xpos': 'DET', 'feats': 'PronType=Art', 'head': 2, 'deprel': 'det:def', 'lemma': 'ה'}, {'id': 2, 'text': 'מדודה', 'upos': 'NOUN', 'xpos': 'NOUN', 'feats': 'Gender=Fem|Number=Sing', 'head': 3, 'deprel': 'nsubj', 'lemma': 'מדודה'}]"
3,מוצג,VERB,VERB,0.0,root,"(8, 12)",הוצג,"Gender=Masc|HebBinyan=HUFAL|Number=Sing|Person=1,2,3|VerbForm=Part|Voice=Pass",
"(4, 5)",באיור,,,,,"(13, 18)",,,"[{'id': 4, 'text': 'ב', 'upos': 'ADP', 'xpos': 'ADP', 'head': 5, 'deprel': 'case', 'lemma': 'ב'}, {'id': 5, 'text': 'איור', 'upos': 'NOUN', 'xpos': 'NOUN', 'feats': 'Gender=Masc|Number=Sing', 'head': 3, 'deprel': 'obl', 'lemma': 'איור'}]"
6,מס' 5,NUM,NUM,5.0,compound:smixut,"(19, 24)",מס' 5,,
1,2,NUM,NUM,0.0,root,"(0, 1)",2,,
1,2,NUM,NUM,0.0,root,"(0, 1)",2,,
1,2,NUM,NUM,0.0,root,"(0, 1)",2,,
1,4,NUM,NUM,0.0,root,"(0, 1)",4,,
1,5,NUM,NUM,0.0,root,"(1, 2)",5,,
1,2,NUM,NUM,0.0,root,"(0, 1)",2,,
1,3,NUM,NUM,2.0,nummod,"(0, 1)",3,,
2,מבנים,NOUN,NOUN,0.0,root,"(2, 7)",מבנה,Gender=Masc|Number=Plur,
"(3, 4)",מסוג,,,,,"(8, 12)",,,"[{'id': 3, 'text': 'מ', 'upos': 'ADP', 'xpos': 'ADP', 'head': 4, 'deprel': 'case', 'lemma': 'מ'}, {'id': 4, 'text': 'סוג', 'upos': 'NOUN', 'xpos': 'NOUN', 'feats': 'Definite=Cons|Gender=Masc|Number=Sing', 'head': 2, 'deprel': 'nmod', 'lemma': 'סוג'}]"
5,3,NUM,NUM,4.0,compound:smixut,"(13, 14)",3,,
"(6, 7)",המבנים,,,,,"(15, 21)",,,"[{'id': 6, 'text': 'ה', 'upos': 'DET', 'xpos': 'DET', 'feats': 'PronType=Art', 'head': 7, 'deprel': 'det:def', 'lemma': 'ה'}, {'id': 7, 'text': 'מבנים', 'upos': 'NOUN', 'xpos': 'NOUN', 'feats': 'Gender=Masc|Number=Plur', 'head': 2, 'deprel': 'appos', 'lemma': 'מבנה'}]"
"(8, 9)",הינם,,,,,"(22, 26)",,,"[{'id': 8, 'text': 'ה', 'upos': 'DET', 'xpos': 'DET', 'feats': 'PronType=Art', 'head': 9, 'deprel': 'mark', 'lemma': 'ה'}, {'id': 9, 'text': 'ינם', 'upos': 'VERB', 'xpos': 'VERB', 'feats': 'VerbForm=Part', 'head': 10, 'deprel': 'nsubj', 'lemma': 'ינם'}]"
10,מבנים,NOUN,NOUN,7.0,acl:relcl,"(27, 32)",מבנה,Gender=Masc|Number=Plur,
11,עם,ADP,ADP,12.0,case,"(33, 35)",עם,,
12,קירות,NOUN,NOUN,10.0,nmod,"(36, 41)",קיר,Definite=Cons|Gender=Masc|Number=Plur,
"(13, 14)",הקשחה,,,,,"(42, 47)",,,"[{'id': 13, 'text': 'ה', 'upos': 'DET', 'xpos': 'DET', 'feats': 'PronType=Art', 'head': 14, 'deprel': 'det:def', 'lemma': 'ה'}, {'id': 14, 'text': 'קשחה', 'upos': 'NOUN', 'xpos': 'NOUN', 'feats': 'Gender=Fem|Number=Sing', 'head': 12, 'deprel': 'compound:smixut', 'lemma': 'קשחה'}]"
"(1, 2)",למבנים,,,,,"(1, 7)",,,"[{'id': 1, 'text': 'ל', 'upos': 'ADP', 'xpos': 'ADP', 'head': 2, 'deprel': 'case', 'lemma': 'ל'}, {'id': 2, 'text': 'מבנים', 'upos': 'NOUN', 'xpos': 'NOUN', 'feats': 'Gender=Masc|Number=Plur', 'head': 0, 'deprel': 'root', 'lemma': 'מבנה'}]"
"(3, 4)",מסוג,,,,,"(8, 12)",,,"[{'id': 3, 'text': 'מ', 'upos': 'ADP', 'xpos': 'ADP', 'head': 4, 'deprel': 'case', 'lemma': 'מ'}, {'id': 4, 'text': 'סוג', 'upos': 'NOUN', 'xpos': 'NOUN', 'feats': 'Gender=Masc|Number=Sing', 'head': 2, 'deprel': 'nmod', 'lemma': 'סוג'}]"
5,זה,PRON,PRON,4.0,det,"(13, 15)",זה,Gender=Masc|Number=Sing|Person=3|PronType=Dem,
6,ת,X,X,2.0,nmod,"(16, 17)",ת,,
1,ב,PROPN,PROPN,0.0,root,"(0, 1)",ב,,
1,"בת""י",PROPN,PROPN,0.0,root,"(1, 5)","בת""י",Abbr=Yes,
2,413,NUM,NUM,1.0,nummod,"(6, 9)",413,HebSource=ConvUncertainHead,
"(3, 4)",וב,,,,,"(10, 12)",,,"[{'id': 3, 'text': 'ו', 'upos': 'CCONJ', 'xpos': 'CCONJ', 'head': 7, 'deprel': 'cc', 'lemma': 'ו'}, {'id': 4, 'text': 'ב', 'upos': 'ADP', 'xpos': 'ADP', 'head': 6, 'deprel': 'case', 'lemma': 'ב'}]"
5,-,PUNCT,PUNCT,1.0,punct,"(12, 13)",-,,
6,EC8,PROPN,PROPN,1.0,dep,"(13, 16)",EC8,,
7,מחושבת,VERB,VERB,1.0,dep,"(17, 23)",חושב,"Gender=Fem|HebBinyan=PUAL|Number=Sing|Person=1,2,3|VerbForm=Part|Voice=Pass",
8,לפי,ADP,ADP,9.0,case,"(24, 27)",לפי,,
9,נוסחאות,NOUN,NOUN,7.0,obl,"(28, 35)",נוסחה,Gender=Fem|Number=Plur,
10,שונות,ADJ,ADJ,9.0,amod,"(36, 41)",שונה,Gender=Fem|Number=Plur,
11,(,PUNCT,PUNCT,12.0,punct,"(42, 43)",(,,
12,1,NUM,NUM,1.0,appos,"(43, 44)",1,,
1,3,NUM,NUM,0.0,root,"(0, 1)",3,,
2,),PUNCT,PUNCT,1.0,punct,"(1, 2)",),,
3,ו,CCONJ,CCONJ,1.0,dep,"(3, 4)",ו,HebSource=ConvUncertainHead,
4,-,PUNCT,PUNCT,1.0,punct,"(4, 5)",-,,
5,(,PUNCT,PUNCT,6.0,punct,"(5, 6)",(,,
6,1,NUM,NUM,1.0,appos,"(6, 7)",1,,
1,2,NUM,NUM,0.0,root,"(0, 1)",2,,
2,),PUNCT,PUNCT,1.0,punct,"(1, 2)",),,
3,בהתאם,ADV,ADV,1.0,advmod,"(3, 8)",בהתאם,,
1,חישוב,NOUN,NOUN,0.0,root,"(1, 6)",חישוב,Gender=Masc|Number=Sing,
2,באמצעות,ADP,ADP,3.0,case,"(7, 14)",באמצעות,,
3,נוסחה,NOUN,NOUN,1.0,nmod,"(15, 20)",נוסחה,Gender=Fem|Number=Sing,
4,(,PUNCT,PUNCT,5.0,punct,"(21, 22)",(,,
5,1,NUM,NUM,1.0,appos,"(22, 23)",1,,
1,3,NUM,NUM,0.0,root,"(0, 1)",3,,
2,),PUNCT,PUNCT,1.0,punct,"(1, 2)",),,
3,לפי,ADP,ADP,4.0,case,"(3, 6)",לפי,,
4,EC8,PROPN,PROPN,1.0,obl,"(7, 10)",EC8,,
5,ת,NOUN,NOUN,4.0,flat:name,"(11, 12)",ת,Xtra=Junk,
1,ב,PROPN,PROPN,0.0,root,"(0, 1)",ב,,
"(1, 2)",המדודה,,,,,"(1, 7)",,,"[{'id': 1, 'text': 'ה', 'upos': 'DET', 'xpos': 'DET', 'feats': 'PronType=Art', 'head': 2, 'deprel': 'det:def', 'lemma': 'ה'}, {'id': 2, 'text': 'מדודה', 'upos': 'NOUN', 'xpos': 'NOUN', 'feats': 'Gender=Fem|Number=Sing', 'head': 0, 'deprel': 'root', 'lemma': 'מדודה'}]"
"(3, 4)",לכל,,,,,"(8, 11)",,,"[{'id': 3, 'text': 'ל', 'upos': 'ADP', 'xpos': 'ADP', 'head': 5, 'deprel': 'case', 'lemma': 'ל'}, {'id': 4, 'text': 'כל', 'upos': 'DET', 'xpos': 'DET', 'feats': 'Definite=Cons', 'head': 5, 'deprel': 'det', 'lemma': 'כול'}]"
5,בניין,NOUN,NOUN,2.0,nmod,"(12, 17)",בניין,Definite=Cons|Gender=Masc|Number=Sing,
6,ות,NOUN,NOUN,5.0,compound:smixut,"(18, 20)",ות,Gender=Fem|Number=Sing,
1,ב,PROPN,PROPN,0.0,root,"(0, 1)",ב,,
1,מחושבת,VERB,VERB,2.0,nsubj,"(1, 7)",חושב,"Gender=Fem|HebBinyan=PUAL|Number=Sing|Person=1,2,3|VerbForm=Part|Voice=Pass",
2,מוצגות,VERB,VERB,0.0,root,"(8, 14)",הוצג,"Gender=Fem|HebBinyan=HUFAL|Number=Plur|Person=1,2,3|VerbForm=Part|Voice=Pass",
"(3, 4)",באיור,,,,,"(15, 20)",,,"[{'id': 3, 'text': 'ב', 'upos': 'ADP', 'xpos': 'ADP', 'head': 4, 'deprel': 'case', 'lemma': 'ב'}, {'id': 4, 'text': 'איור', 'upos': 'NOUN', 'xpos': 'NOUN', 'feats': 'Definite=Cons|Gender=Masc|Number=Sing', 'head': 2, 'deprel': 'obl', 'lemma': 'איור'}]"
5,מס' 5,NUM,NUM,4.0,compound:smixut,"(21, 26)",מס' 5,,
1,2,NUM,NUM,0.0,root,"(0, 1)",2,,
1,3,NUM,NUM,0.0,root,"(0, 1)",3,,
1,1,NUM,NUM,0.0,root,"(0, 1)",1,,
"(1, 2)",היחס,,,,,"(1, 5)",,,"[{'id': 1, 'text': 'ה', 'upos': 'DET', 'xpos': 'DET', 'feats': 'PronType=Art', 'head': 2, 'deprel': 'det:def', 'lemma': 'ה'}, {'id': 2, 'text': 'יחס', 'upos': 'NOUN', 'xpos': 'NOUN', 'feats': 'Gender=Masc|Number=Sing', 'head': 0, 'deprel': 'root', 'lemma': 'יחס'}]"
3,בין,ADP,ADP,4.0,case,"(6, 9)",בין,,
4,ת,X,X,2.0,nmod,"(10, 11)",ת,,
1,ב,PROPN,PROPN,0.0,root,"(0, 1)",ב,,
"(1, 2)",המחושבת,,,,,"(1, 8)",,,"[{'id': 1, 'text': 'ה', 'upos': 'DET', 'xpos': 'DET', 'feats': 'PronType=Art', 'head': 2, 'deprel': 'det:def', 'lemma': 'ה'}, {'id': 2, 'text': 'מחושבת', 'upos': 'VERB', 'xpos': 'VERB', 'feats': 'Gender=Fem|Number=Sing', 'head': 0, 'deprel': 'root', 'lemma': 'חושב'}]"
3,ות,ADJ,ADJ,2.0,flat:name,"(9, 11)",ות,Gender=Fem|Number=Sing,
1,ב,PROPN,PROPN,0.0,root,"(0, 1)",ב,,
"(1, 2)",המדודה,,,,,"(1, 7)",,,"[{'id': 1, 'text': 'ה', 'upos': 'DET', 'xpos': 'DET', 'feats': 'PronType=Art', 'head': 2, 'deprel': 'det:def', 'lemma': 'ה'}, {'id': 2, 'text': 'מדודה', 'upos': 'NOUN', 'xpos': 'NOUN', 'feats': 'Gender=Fem|Number=Sing', 'head': 3, 'deprel': 'nsubj', 'lemma': 'מדודה'}]"
3,מוצג,VERB,VERB,0.0,root,"(8, 12)",הוצג,"Gender=Masc|HebBinyan=HUFAL|Number=Sing|Person=1,2,3|VerbForm=Part|Voice=Pass",
"(4, 5)",באיור,,,,,"(13, 18)",,,"[{'id': 4, 'text': 'ב', 'upos': 'ADP', 'xpos': 'ADP', 'head': 5, 'deprel': 'case', 'lemma': 'ב'}, {'id': 5, 'text': 'איור', 'upos': 'NOUN', 'xpos': 'NOUN', 'feats': 'Gender=Masc|Number=Sing', 'head': 3, 'deprel': 'obl', 'lemma': 'איור'}]"
6,מס' 5,NUM,NUM,5.0,compound:smixut,"(19, 24)",מס' 5,,
1,2,NUM,NUM,0.0,root,"(0, 1)",2,,
1,3,NUM,NUM,0.0,root,"(0, 1)",3,,
1,2,NUM,NUM,0.0,root,"(0, 1)",2,,
2,חישוב,NOUN,NOUN,1.0,nsubj,"(2, 7)",חישוב,Gender=Masc|Number=Sing,
3,באמצעות,ADP,ADP,4.0,case,"(8, 15)",באמצעות,,
4,נוסחה,NOUN,NOUN,2.0,nmod,"(16, 21)",נוסחה,Gender=Fem|Number=Sing,
5,(,PUNCT,PUNCT,6.0,punct,"(22, 23)",(,,
6,1,NUM,NUM,2.0,appos,"(23, 24)",1,,
1,2,NUM,NUM,0.0,root,"(0, 1)",2,,
2,),PUNCT,PUNCT,1.0,punct,"(1, 2)",),,
3,של,ADP,ADP,4.0,case:gen,"(3, 5)",של,Case=Gen,
4,"ת""י",PROPN,PROPN,1.0,nmod:poss,"(6, 9)","ת""י",Abbr=Yes,
5,413,NUM,NUM,1.0,dep,"(10, 13)",413,HebSource=ConvUncertainHead,
6,ו,CCONJ,CCONJ,8.0,cc,"(14, 15)",ו,,
7,-,PUNCT,PUNCT,5.0,punct,"(15, 16)",-,,
8,EC8,PROPN,PROPN,5.0,dep,"(16, 19)",EC8,HebSource=ConvUncertainHead,
9,ת,X,X,8.0,nmod,"(20, 21)",ת,,
1,ב,PROPN,PROPN,0.0,root,"(0, 1)",ב,,
"(1, 2)",המדודה,,,,,"(1, 7)",,,"[{'id': 1, 'text': 'ה', 'upos': 'DET', 'xpos': 'DET', 'feats': 'PronType=Art', 'head': 2, 'deprel': 'det:def', 'lemma': 'ה'}, {'id': 2, 'text': 'מדודה', 'upos': 'NOUN', 'xpos': 'NOUN', 'feats': 'Gender=Fem|Number=Sing', 'head': 0, 'deprel': 'root', 'lemma': 'מדודה'}]"
"(3, 4)",לכל,,,,,"(8, 11)",,,"[{'id': 3, 'text': 'ל', 'upos': 'ADP', 'xpos': 'ADP', 'head': 5, 'deprel': 'case', 'lemma': 'ל'}, {'id': 4, 'text': 'כל', 'upos': 'DET', 'xpos': 'DET', 'feats': 'Definite=Cons', 'head': 5, 'deprel': 'det', 'lemma': 'כול'}]"
5,בניין,NOUN,NOUN,2.0,nmod,"(12, 17)",בניין,Gender=Masc|Number=Sing,
"(6, 7)",וגם,,,,,"(18, 21)",,,"[{'id': 6, 'text': 'ו', 'upos': 'CCONJ', 'xpos': 'CCONJ', 'head': 5, 'deprel': 'cc', 'lemma': 'ו'}, {'id': 7, 'text': 'גם', 'upos': 'ADV', 'xpos': 'ADV', 'head': 8, 'deprel': 'advmod', 'lemma': 'גם'}]"
8,ת,ADP,ADP,5.0,case,"(22, 23)",ת,,
1,ב,PROPN,PROPN,0.0,root,"(0, 1)",ב,,
1,מחושבת,VERB,VERB,2.0,nsubj,"(1, 7)",חושב,"Gender=Fem|HebBinyan=PUAL|Number=Sing|Person=1,2,3|VerbForm=Part|Voice=Pass",
2,מוצגות,VERB,VERB,0.0,root,"(8, 14)",הוצג,"Gender=Fem|HebBinyan=HUFAL|Number=Plur|Person=1,2,3|VerbForm=Part|Voice=Pass",
"(3, 4)",באיור,,,,,"(15, 20)",,,"[{'id': 3, 'text': 'ב', 'upos': 'ADP', 'xpos': 'ADP', 'head': 4, 'deprel': 'case', 'lemma': 'ב'}, {'id': 4, 'text': 'איור', 'upos': 'NOUN', 'xpos': 'NOUN', 'feats': 'Definite=Cons|Gender=Masc|Number=Sing', 'head': 2, 'deprel': 'obl', 'lemma': 'איור'}]"
5,מס' 5,NUM,NUM,4.0,compound:smixut,"(21, 26)",מס' 5,,
1,2,NUM,NUM,0.0,root,"(0, 1)",2,,
1,3,NUM,NUM,0.0,root,"(0, 1)",3,,
1,3,NUM,NUM,0.0,root,"(0, 1)",3,,
"(1, 2)",היחס,,,,,"(1, 5)",,,"[{'id': 1, 'text': 'ה', 'upos': 'DET', 'xpos': 'DET', 'feats': 'PronType=Art', 'head': 2, 'deprel': 'det:def', 'lemma': 'ה'}, {'id': 2, 'text': 'יחס', 'upos': 'NOUN', 'xpos': 'NOUN', 'feats': 'Gender=Masc|Number=Sing', 'head': 0, 'deprel': 'root', 'lemma': 'יחס'}]"
3,בין,ADP,ADP,4.0,case,"(6, 9)",בין,,
4,ת,X,X,2.0,nmod,"(10, 11)",ת,,
1,ב,PROPN,PROPN,0.0,root,"(0, 1)",ב,,
"(1, 2)",המחושבת,,,,,"(1, 8)",,,"[{'id': 1, 'text': 'ה', 'upos': 'DET', 'xpos': 'DET', 'feats': 'PronType=Art', 'head': 2, 'deprel': 'det:def', 'lemma': 'ה'}, {'id': 2, 'text': 'מחושבת', 'upos': 'VERB', 'xpos': 'VERB', 'feats': 'Gender=Fem|Number=Sing', 'head': 0, 'deprel': 'root', 'lemma': 'חושב'}]"
3,ות,ADJ,ADJ,2.0,flat:name,"(9, 11)",ות,Gender=Fem|Number=Sing,
1,ב,PROPN,PROPN,0.0,root,"(0, 1)",ב,,
"(1, 2)",המדודה,,,,,"(1, 7)",,,"[{'id': 1, 'text': 'ה', 'upos': 'DET', 'xpos': 'DET', 'feats': 'PronType=Art', 'head': 2, 'deprel': 'det:def', 'lemma': 'ה'}, {'id': 2, 'text': 'מדודה', 'upos': 'NOUN', 'xpos': 'NOUN', 'feats': 'Gender=Fem|Number=Sing', 'head': 3, 'deprel': 'nsubj', 'lemma': 'מדודה'}]"
3,מוצג,VERB,VERB,0.0,root,"(8, 12)",הוצג,"Gender=Masc|HebBinyan=HUFAL|Number=Sing|Person=1,2,3|VerbForm=Part|Voice=Pass",
"(4, 5)",באיור,,,,,"(13, 18)",,,"[{'id': 4, 'text': 'ב', 'upos': 'ADP', 'xpos': 'ADP', 'head': 5, 'deprel': 'case', 'lemma': 'ב'}, {'id': 5, 'text': 'איור', 'upos': 'NOUN', 'xpos': 'NOUN', 'feats': 'Gender=Masc|Number=Sing', 'head': 3, 'deprel': 'obl', 'lemma': 'איור'}]"
6,מס' 5,NUM,NUM,5.0,compound:smixut,"(19, 24)",מס' 5,,
1,2,NUM,NUM,0.0,root,"(0, 1)",2,,
1,3,NUM,NUM,0.0,root,"(0, 1)",3,,
1,4,NUM,NUM,0.0,root,"(0, 1)",4,,
1,5,NUM,NUM,0.0,root,"(1, 2)",5,,
1,2,NUM,NUM,0.0,root,"(0, 1)",2,,
1,4,NUM,NUM,2.0,nummod,"(0, 1)",4,,
2,מבנים,NOUN,NOUN,0.0,root,"(2, 7)",מבנה,Gender=Masc|Number=Plur,
"(3, 4)",מסוג,,,,,"(8, 12)",,,"[{'id': 3, 'text': 'מ', 'upos': 'ADP', 'xpos': 'ADP', 'head': 4, 'deprel': 'case', 'lemma': 'מ'}, {'id': 4, 'text': 'סוג', 'upos': 'NOUN', 'xpos': 'NOUN', 'feats': 'Definite=Cons|Gender=Masc|Number=Sing', 'head': 2, 'deprel': 'nmod', 'lemma': 'סוג'}]"
5,4,NUM,NUM,4.0,compound:smixut,"(13, 14)",4,,
"(6, 7)",המבנים,,,,,"(15, 21)",,,"[{'id': 6, 'text': 'ה', 'upos': 'DET', 'xpos': 'DET', 'feats': 'PronType=Art', 'head': 7, 'deprel': 'det:def', 'lemma': 'ה'}, {'id': 7, 'text': 'מבנים', 'upos': 'NOUN', 'xpos': 'NOUN', 'feats': 'Gender=Masc|Number=Plur', 'head': 2, 'deprel': 'appos', 'lemma': 'מבנה'}]"
"(8, 9)",הינם,,,,,"(22, 26)",,,"[{'id': 8, 'text': 'ה', 'upos': 'DET', 'xpos': 'DET', 'feats': 'PronType=Art', 'head': 9, 'deprel': 'mark', 'lemma': 'ה'}, {'id': 9, 'text': 'ינם', 'upos': 'VERB', 'xpos': 'VERB', 'feats': 'VerbForm=Part', 'head': 10, 'deprel': 'nsubj', 'lemma': 'ינם'}]"
10,מבנים,NOUN,NOUN,7.0,acl:relcl,"(27, 32)",מבנה,Gender=Masc|Number=Plur,
11,עם,ADP,ADP,12.0,case,"(33, 35)",עם,,
12,קירות,NOUN,NOUN,10.0,nmod,"(36, 41)",קיר,Definite=Cons|Gender=Masc|Number=Plur,
"(13, 14)",הקשחה,,,,,"(42, 47)",,,"[{'id': 13, 'text': 'ה', 'upos': 'DET', 'xpos': 'DET', 'feats': 'PronType=Art', 'head': 14, 'deprel': 'det:def', 'lemma': 'ה'}, {'id': 14, 'text': 'קשחה', 'upos': 'NOUN', 'xpos': 'NOUN', 'feats': 'Gender=Fem|Number=Sing', 'head': 12, 'deprel': 'compound:smixut', 'lemma': 'קשחה'}]"
"(1, 2)",למבנים,,,,,"(1, 7)",,,"[{'id': 1, 'text': 'ל', 'upos': 'ADP', 'xpos': 'ADP', 'head': 2, 'deprel': 'case', 'lemma': 'ל'}, {'id': 2, 'text': 'מבנים', 'upos': 'NOUN', 'xpos': 'NOUN', 'feats': 'Gender=Masc|Number=Plur', 'head': 0, 'deprel': 'root', 'lemma': 'מבנה'}]"
"(3, 4)",מסוג,,,,,"(8, 12)",,,"[{'id': 3, 'text': 'מ', 'upos': 'ADP', 'xpos': 'ADP', 'head': 4, 'deprel': 'case', 'lemma': 'מ'}, {'id': 4, 'text': 'סוג', 'upos': 'NOUN', 'xpos': 'NOUN', 'feats': 'Gender=Masc|Number=Sing', 'head': 2, 'deprel': 'nmod', 'lemma': 'סוג'}]"
5,זה,PRON,PRON,4.0,det,"(13, 15)",זה,Gender=Masc|Number=Sing|Person=3|PronType=Dem,
6,ת,X,X,2.0,nmod,"(16, 17)",ת,,
1,ב,PROPN,PROPN,0.0,root,"(0, 1)",ב,,
1,"בת""י",PROPN,PROPN,0.0,root,"(1, 5)","בת""י",Abbr=Yes,
2,413,NUM,NUM,1.0,nummod,"(6, 9)",413,HebSource=ConvUncertainHead,
"(3, 4)",וב,,,,,"(10, 12)",,,"[{'id': 3, 'text': 'ו', 'upos': 'CCONJ', 'xpos': 'CCONJ', 'head': 7, 'deprel': 'cc', 'lemma': 'ו'}, {'id': 4, 'text': 'ב', 'upos': 'ADP', 'xpos': 'ADP', 'head': 6, 'deprel': 'case', 'lemma': 'ב'}]"
5,-,PUNCT,PUNCT,1.0,punct,"(12, 13)",-,,
6,EC8,PROPN,PROPN,1.0,dep,"(13, 16)",EC8,,
7,מחושבת,VERB,VERB,1.0,dep,"(17, 23)",חושב,"Gender=Fem|HebBinyan=PUAL|Number=Sing|Person=1,2,3|VerbForm=Part|Voice=Pass",
8,לפי,ADP,ADP,9.0,case,"(24, 27)",לפי,,
9,נוסחאות,NOUN,NOUN,7.0,obl,"(28, 35)",נוסחה,Gender=Fem|Number=Plur,
10,שונות,ADJ,ADJ,9.0,amod,"(36, 41)",שונה,Gender=Fem|Number=Plur,
11,(,PUNCT,PUNCT,12.0,punct,"(42, 43)",(,,
12,1,NUM,NUM,1.0,appos,"(43, 44)",1,,
1,3,NUM,NUM,0.0,root,"(0, 1)",3,,
2,),PUNCT,PUNCT,1.0,punct,"(1, 2)",),,
3,ו,CCONJ,CCONJ,1.0,dep,"(3, 4)",ו,HebSource=ConvUncertainHead,
4,-,PUNCT,PUNCT,1.0,punct,"(4, 5)",-,,
5,(,PUNCT,PUNCT,6.0,punct,"(5, 6)",(,,
6,1,NUM,NUM,1.0,appos,"(6, 7)",1,,
1,2,NUM,NUM,0.0,root,"(0, 1)",2,,
2,),PUNCT,PUNCT,1.0,punct,"(1, 2)",),,
3,בהתאם,ADV,ADV,1.0,advmod,"(3, 8)",בהתאם,,
1,חישוב,NOUN,NOUN,0.0,root,"(1, 6)",חישוב,Gender=Masc|Number=Sing,
2,באמצעות,ADP,ADP,3.0,case,"(7, 14)",באמצעות,,
3,נוסחה,NOUN,NOUN,1.0,nmod,"(15, 20)",נוסחה,Gender=Fem|Number=Sing,
4,(,PUNCT,PUNCT,5.0,punct,"(21, 22)",(,,
5,1,NUM,NUM,1.0,appos,"(22, 23)",1,,
1,3,NUM,NUM,0.0,root,"(0, 1)",3,,
2,),PUNCT,PUNCT,1.0,punct,"(1, 2)",),,
3,של,ADP,ADP,4.0,case:gen,"(3, 5)",של,Case=Gen,
4,EC8,PROPN,PROPN,1.0,obl,"(6, 9)",EC8,,
5,ת,NOUN,NOUN,4.0,flat:name,"(10, 11)",ת,,
1,ב,PROPN,PROPN,0.0,root,"(0, 1)",ב,,
"(1, 2)",המדודה,,,,,"(1, 7)",,,"[{'id': 1, 'text': 'ה', 'upos': 'DET', 'xpos': 'DET', 'feats': 'PronType=Art', 'head': 2, 'deprel': 'det:def', 'lemma': 'ה'}, {'id': 2, 'text': 'מדודה', 'upos': 'NOUN', 'xpos': 'NOUN', 'feats': 'Gender=Fem|Number=Sing', 'head': 0, 'deprel': 'root', 'lemma': 'מדודה'}]"
"(3, 4)",לכל,,,,,"(8, 11)",,,"[{'id': 3, 'text': 'ל', 'upos': 'ADP', 'xpos': 'ADP', 'head': 5, 'deprel': 'case', 'lemma': 'ל'}, {'id': 4, 'text': 'כל', 'upos': 'DET', 'xpos': 'DET', 'feats': 'Definite=Cons', 'head': 5, 'deprel': 'det', 'lemma': 'כול'}]"
5,בניין,NOUN,NOUN,2.0,nmod,"(12, 17)",בניין,Gender=Masc|Number=Sing,
"(6, 7)",וגם,,,,,"(18, 21)",,,"[{'id': 6, 'text': 'ו', 'upos': 'CCONJ', 'xpos': 'CCONJ', 'head': 5, 'deprel': 'cc', 'lemma': 'ו'}, {'id': 7, 'text': 'גם', 'upos': 'ADV', 'xpos': 'ADV', 'head': 8, 'deprel': 'advmod', 'lemma': 'גם'}]"
8,ת,ADP,ADP,5.0,case,"(22, 23)",ת,,
1,ב,PROPN,PROPN,0.0,root,"(0, 1)",ב,,
1,מחושבת,VERB,VERB,2.0,nsubj,"(1, 7)",חושב,"Gender=Fem|HebBinyan=PUAL|Number=Sing|Person=1,2,3|VerbForm=Part|Voice=Pass",
2,מוצגות,VERB,VERB,0.0,root,"(8, 14)",הוצג,"Gender=Fem|HebBinyan=HUFAL|Number=Plur|Person=1,2,3|VerbForm=Part|Voice=Pass",
"(3, 4)",באיור,,,,,"(15, 20)",,,"[{'id': 3, 'text': 'ב', 'upos': 'ADP', 'xpos': 'ADP', 'head': 4, 'deprel': 'case', 'lemma': 'ב'}, {'id': 4, 'text': 'איור', 'upos': 'NOUN', 'xpos': 'NOUN', 'feats': 'Definite=Cons|Gender=Masc|Number=Sing', 'head': 2, 'deprel': 'obl', 'lemma': 'איור'}]"
5,מס' 5,NUM,NUM,4.0,compound:smixut,"(21, 26)",מס' 5,,
1,2,NUM,NUM,0.0,root,"(0, 1)",2,,
1,4,NUM,NUM,0.0,root,"(0, 1)",4,,
1,1,NUM,NUM,0.0,root,"(0, 1)",1,,
"(1, 2)",היחס,,,,,"(1, 5)",,,"[{'id': 1, 'text': 'ה', 'upos': 'DET', 'xpos': 'DET', 'feats': 'PronType=Art', 'head': 2, 'deprel': 'det:def', 'lemma': 'ה'}, {'id': 2, 'text': 'יחס', 'upos': 'NOUN', 'xpos': 'NOUN', 'feats': 'Gender=Masc|Number=Sing', 'head': 0, 'deprel': 'root', 'lemma': 'יחס'}]"
3,בין,ADP,ADP,4.0,case,"(6, 9)",בין,,
4,ת,X,X,2.0,nmod,"(10, 11)",ת,,
1,ב,PROPN,PROPN,0.0,root,"(0, 1)",ב,,
"(1, 2)",המחושבת,,,,,"(1, 8)",,,"[{'id': 1, 'text': 'ה', 'upos': 'DET', 'xpos': 'DET', 'feats': 'PronType=Art', 'head': 2, 'deprel': 'det:def', 'lemma': 'ה'}, {'id': 2, 'text': 'מחושבת', 'upos': 'VERB', 'xpos': 'VERB', 'feats': 'Gender=Fem|Number=Sing', 'head': 0, 'deprel': 'root', 'lemma': 'חושב'}]"
3,ות,ADJ,ADJ,2.0,flat:name,"(9, 11)",ות,Gender=Fem|Number=Sing,
1,ב,PROPN,PROPN,0.0,root,"(0, 1)",ב,,
"(1, 2)",המדודה,,,,,"(1, 7)",,,"[{'id': 1, 'text': 'ה', 'upos': 'DET', 'xpos': 'DET', 'feats': 'PronType=Art', 'head': 2, 'deprel': 'det:def', 'lemma': 'ה'}, {'id': 2, 'text': 'מדודה', 'upos': 'NOUN', 'xpos': 'NOUN', 'feats': 'Gender=Fem|Number=Sing', 'head': 3, 'deprel': 'nsubj', 'lemma': 'מדודה'}]"
3,מוצג,VERB,VERB,0.0,root,"(8, 12)",הוצג,"Gender=Masc|HebBinyan=HUFAL|Number=Sing|Person=1,2,3|VerbForm=Part|Voice=Pass",
"(4, 5)",באיור,,,,,"(13, 18)",,,"[{'id': 4, 'text': 'ב', 'upos': 'ADP', 'xpos': 'ADP', 'head': 5, 'deprel': 'case', 'lemma': 'ב'}, {'id': 5, 'text': 'איור', 'upos': 'NOUN', 'xpos': 'NOUN', 'feats': 'Gender=Masc|Number=Sing', 'head': 3, 'deprel': 'obl', 'lemma': 'איור'}]"
6,מס' 5,NUM,NUM,5.0,compound:smixut,"(19, 24)",מס' 5,,
1,2,NUM,NUM,0.0,root,"(0, 1)",2,,
1,4,NUM,NUM,0.0,root,"(0, 1)",4,,
1,2,NUM,NUM,0.0,root,"(0, 1)",2,,
1,32,NUM,NUM,0.0,root,"(1, 3)",32,,
2,5,NUM,NUM,1.0,nummod,"(4, 5)",5,,
1,3,NUM,NUM,2.0,nummod,"(0, 1)",3,,
2,תאוצות,NOUN,NOUN,20.0,dep,"(2, 8)",תאוצה,Gender=Fem|Number=Plur,
"(3, 4)",לחישוב,,,,,"(9, 15)",,,"[{'id': 3, 'text': 'ל', 'upos': 'ADP', 'xpos': 'ADP', 'head': 4, 'deprel': 'case', 'lemma': 'ל'}, {'id': 4, 'text': 'חישוב', 'upos': 'NOUN', 'xpos': 'NOUN', 'feats': 'Gender=Masc|Number=Sing', 'head': 2, 'deprel': 'nmod', 'lemma': 'חישוב'}]"
5,עומס,NOUN,NOUN,4.0,nmod,"(16, 20)",עומס,,
6,סיסמי,ADJ,ADJ,4.0,amod,"(21, 26)",סיסמי,Gender=Masc|Number=Sing,
"(7, 8)",לצורך,,,,,"(27, 32)",,,"[{'id': 7, 'text': 'ל', 'upos': 'ADP', 'xpos': 'ADP', 'head': 8, 'deprel': 'case', 'lemma': 'ל'}, {'id': 8, 'text': 'צורך', 'upos': 'NOUN', 'xpos': 'NOUN', 'feats': 'Definite=Cons|Gender=Masc|Number=Sing', 'head': 20, 'deprel': 'obl', 'lemma': 'צורך'}]"
9,הערכת,NOUN,NOUN,8.0,compound:smixut,"(33, 38)",הערכה,Definite=Cons|Gender=Fem|Number=Sing,
"(10, 11)",המצב,,,,,"(39, 43)",,,"[{'id': 10, 'text': 'ה', 'upos': 'DET', 'xpos': 'DET', 'feats': 'PronType=Art', 'head': 11, 'deprel': 'det:def', 'lemma': 'ה'}, {'id': 11, 'text': 'מצב', 'upos': 'NOUN', 'xpos': 'NOUN', 'feats': 'Gender=Masc|Number=Sing', 'head': 9, 'deprel': 'compound:smixut', 'lemma': 'מצב'}]"
"(12, 13)",לכל,,,,,"(44, 47)",,,"[{'id': 12, 'text': 'ל', 'upos': 'ADP', 'xpos': 'ADP', 'head': 17, 'deprel': 'case', 'lemma': 'ל'}, {'id': 13, 'text': 'כל', 'upos': 'DET', 'xpos': 'DET', 'feats': 'Definite=Cons', 'head': 17, 'deprel': 'det', 'lemma': 'כול'}]"
14,אחד,NUM,NUM,17.0,det,"(48, 51)",אחד,Gender=Masc|Number=Sing,
"(15, 17)",מהמבנים,,,,,"(52, 59)",,,"[{'id': 15, 'text': 'מ', 'upos': 'ADP', 'xpos': 'ADP', 'head': 17, 'deprel': 'case', 'lemma': 'מ'}, {'id': 16, 'text': 'ה', 'upos': 'DET', 'xpos': 'DET', 'feats': 'PronType=Art', 'head': 17, 'deprel': 'det:def', 'lemma': 'ה'}, {'id': 17, 'text': 'מבנים', 'upos': 'NOUN', 'xpos': 'NOUN', 'feats': 'Gender=Masc|Number=Plur', 'head': 9, 'deprel': 'nmod', 'lemma': 'מבנה'}]"
"(18, 19)",שנבדקו,,,,,"(60, 66)",,,"[{'id': 18, 'text': 'ש', 'upos': 'SCONJ', 'xpos': 'SCONJ', 'head': 19, 'deprel': 'mark', 'lemma': 'ש'}, {'id': 19, 'text': 'נבדקו', 'upos': 'VERB', 'xpos': 'VERB', 'feats': 'Gender=Fem,Masc|HebBinyan=NIFAL|Number=Plur|Person=3|Tense=Past|Voice=Mid', 'head': 17, 'deprel': 'acl:relcl', 'lemma': 'נבדק'}]"
20,נעשה,VERB,VERB,0.0,root,"(67, 71)",נעשה,Gender=Masc|HebBinyan=NIFAL|Number=Sing|Person=3|Tense=Past|Voice=Mid,
21,חישוב,NOUN,NOUN,20.0,nsubj,"(72, 77)",חישוב,Gender=Masc|Number=Sing,
22,של,ADP,ADP,23.0,case:gen,"(78, 80)",של,Case=Gen,
23,תאוצה,NOUN,NOUN,21.0,nmod:poss,"(81, 86)",תאוצה,Gender=Fem|Number=Sing,
"(24, 25)",בעקומת,,,,,"(87, 93)",,,"[{'id': 24, 'text': 'ב', 'upos': 'ADP', 'xpos': 'ADP', 'head': 25, 'deprel': 'case', 'lemma': 'ב'}, {'id': 25, 'text': 'עקומת', 'upos': 'NOUN', 'xpos': 'NOUN', 'feats': 'Gender=Fem|Number=Sing', 'head': 21, 'deprel': 'nmod', 'lemma': 'עקומה'}]"
26,ספקטרית,ADJ,ADJ,25.0,amod,"(94, 101)",ספקטרי,Gender=Fem|Number=Sing,
"(27, 28)",לתכן,,,,,"(102, 106)",,,"[{'id': 27, 'text': 'ל', 'upos': 'ADP', 'xpos': 'ADP', 'head': 28, 'deprel': 'case', 'lemma': 'ל'}, {'id': 28, 'text': 'תכן', 'upos': 'NOUN', 'xpos': 'NOUN', 'feats': 'Gender=Masc|Number=Sing', 'head': 26, 'deprel': 'advmod', 'lemma': 'תכן'}]"
29,",",PUNCT,PUNCT,25.0,punct,"(106, 107)",",",,
"(30, 31)",המתייחסת,,,,,"(108, 116)",,,"[{'id': 30, 'text': 'ה', 'upos': 'SCONJ', 'xpos': 'SCONJ', 'head': 31, 'deprel': 'mark', 'lemma': 'ה'}, {'id': 31, 'text': 'מתייחסת', 'upos': 'VERB', 'xpos': 'VERB', 'feats': 'Gender=Fem|HebBinyan=PUAL|Number=Sing|Person=1,2,3|VerbForm=Part|Voice=Pass', 'head': 25, 'deprel': 'acl:relcl', 'lemma': 'התייחס'}]"
"(32, 33)",לתקופה,,,,,"(117, 123)",,,"[{'id': 32, 'text': 'ל', 'upos': 'ADP', 'xpos': 'ADP', 'head': 33, 'deprel': 'case', 'lemma': 'ל'}, {'id': 33, 'text': 'תקופה', 'upos': 'NOUN', 'xpos': 'NOUN', 'feats': 'Gender=Fem|Number=Sing', 'head': 31, 'deprel': 'obl', 'lemma': 'תקופה'}]"
"(34, 35)",הבסיסית,,,,,"(124, 131)",,,"[{'id': 34, 'text': 'ה', 'upos': 'DET', 'xpos': 'DET', 'feats': 'PronType=Art', 'head': 35, 'deprel': 'det:def', 'lemma': 'ה'}, {'id': 35, 'text': 'בסיסית', 'upos': 'ADJ', 'xpos': 'ADJ', 'feats': 'Gender=Fem|Number=Sing', 'head': 33, 'deprel': 'amod', 'lemma': 'בסיסי'}]"
"(36, 37)",המחושבת,,,,,"(132, 139)",,,"[{'id': 36, 'text': 'ה', 'upos': 'DET', 'xpos': 'DET', 'feats': 'PronType=Art', 'head': 37, 'deprel': 'det:def', 'lemma': 'ה'}, {'id': 37, 'text': 'מחושבת', 'upos': 'ADJ', 'xpos': 'ADJ', 'feats': 'Gender=Fem|Number=Sing', 'head': 33, 'deprel': 'amod', 'lemma': 'מחושב'}]"
"(38, 39)",וגם,,,,,"(140, 143)",,,"[{'id': 38, 'text': 'ו', 'upos': 'CCONJ', 'xpos': 'CCONJ', 'head': 41, 'deprel': 'cc', 'lemma': 'ו'}, {'id': 39, 'text': 'גם', 'upos': 'ADV', 'xpos': 'ADV', 'head': 40, 'deprel': 'advmod', 'lemma': 'גם'}]"
"(40, 41)",לתקופה,,,,,"(144, 150)",,,"[{'id': 40, 'text': 'ל', 'upos': 'ADP', 'xpos': 'ADP', 'head': 41, 'deprel': 'case', 'lemma': 'ל'}, {'id': 41, 'text': 'תקופה', 'upos': 'NOUN', 'xpos': 'NOUN', 'feats': 'Gender=Fem|Number=Sing', 'head': 33, 'deprel': 'conj', 'lemma': 'תקופה'}]"
"(42, 43)",הבסיסית,,,,,"(151, 158)",,,"[{'id': 42, 'text': 'ה', 'upos': 'DET', 'xpos': 'DET', 'feats': 'PronType=Art', 'head': 43, 'deprel': 'det:def', 'lemma': 'ה'}, {'id': 43, 'text': 'בסיסית', 'upos': 'ADJ', 'xpos': 'ADJ', 'feats': 'Gender=Fem|Number=Sing', 'head': 41, 'deprel': 'amod', 'lemma': 'בסיסי'}]"
"(44, 46)",בפועל,,,,,"(159, 164)",,,"[{'id': 44, 'text': 'ב', 'upos': 'ADP', 'xpos': 'ADP', 'head': 46, 'deprel': 'case', 'lemma': 'ב'}, {'id': 45, 'text': 'ה_', 'upos': 'DET', 'xpos': 'DET', 'feats': 'PronType=Art', 'head': 46, 'deprel': 'det:def', 'lemma': 'ה'}, {'id': 46, 'text': 'פועל', 'upos': 'NOUN', 'xpos': 'NOUN', 'feats': 'Gender=Masc|Number=Sing', 'head': 41, 'deprel': 'nmod', 'lemma': 'פועל'}]"
"(1, 2)",החישוב,,,,,"(1, 7)",,,"[{'id': 1, 'text': 'ה', 'upos': 'DET', 'xpos': 'DET', 'feats': 'PronType=Art', 'head': 2, 'deprel': 'det:def', 'lemma': 'ה'}, {'id': 2, 'text': 'חישוב', 'upos': 'NOUN', 'xpos': 'NOUN', 'feats': 'Gender=Masc|Number=Sing', 'head': 3, 'deprel': 'nsubj', 'lemma': 'חישוב'}]"
3,נערך,VERB,VERB,0.0,root,"(8, 12)",נערך,Gender=Masc|HebBinyan=NIFAL|Number=Sing|Person=3|Tense=Past|Voice=Mid,
"(4, 6)",לאתרים,,,,,"(13, 19)",,,"[{'id': 4, 'text': 'ל', 'upos': 'ADP', 'xpos': 'ADP', 'head': 6, 'deprel': 'case', 'lemma': 'ל'}, {'id': 5, 'text': 'ה_', 'upos': 'DET', 'xpos': 'DET', 'feats': 'PronType=Art', 'head': 6, 'deprel': 'det:def', 'lemma': 'ה'}, {'id': 6, 'text': 'אתרים', 'upos': 'NOUN', 'xpos': 'NOUN', 'feats': 'Gender=Masc|Number=Plur', 'head': 3, 'deprel': 'obl', 'lemma': 'אתר'}]"
"(7, 9)",בארץ,,,,,"(20, 24)",,,"[{'id': 7, 'text': 'ב', 'upos': 'ADP', 'xpos': 'ADP', 'head': 9, 'deprel': 'case', 'lemma': 'ב'}, {'id': 8, 'text': 'ה_', 'upos': 'DET', 'xpos': 'DET', 'feats': 'PronType=Art', 'head': 9, 'deprel': 'det:def', 'lemma': 'ה'}, {'id': 9, 'text': 'ארץ', 'upos': 'NOUN', 'xpos': 'NOUN', 'feats': 'Gender=Fem|Number=Sing', 'head': 6, 'deprel': 'nmod', 'lemma': 'ארץ'}]"
10,עם,ADP,ADP,11.0,case,"(25, 27)",עם,,
11,תאוצה,NOUN,NOUN,3.0,obl,"(28, 33)",תאוצה,Gender=Fem|Number=Sing,
12,על,ADP,ADP,13.0,case,"(34, 36)",על,,
13,סלע,NOUN,NOUN,11.0,nmod,"(37, 40)",סלע,Gender=Masc|Number=Sing,
14,של,ADP,ADP,15.0,case:gen,"(41, 43)",של,Case=Gen,
15,0,NUM,NUM,11.0,nmod,"(44, 45)",0,,
1,21,NUM,NUM,0.0,root,"(0, 2)",21,,
"(2, 4)",=Z,,,,,"(2, 4)",,,"[{'id': 2, 'text': 'ל', 'upos': 'ADP', 'xpos': 'ADP', 'head': 4, 'deprel': 'case', 'lemma': 'ל'}, {'id': 3, 'text': 'ה_', 'upos': 'DET', 'xpos': 'DET', 'feats': 'PronType=Art', 'head': 4, 'deprel': 'det:def', 'lemma': 'ה'}, {'id': 4, 'text': 'ח', 'upos': 'NOUN', 'xpos': 'NOUN', 'feats': 'HebSource=ConvUncertainHead', 'head': 1, 'deprel': 'obl', 'lemma': 'ח'}]"
5,",",PUNCT,PUNCT,4.0,punct,"(4, 5)",",",,
"(6, 7)",שהינה,,,,,"(6, 11)",,,"[{'id': 6, 'text': 'ש', 'upos': 'SCONJ', 'xpos': 'SCONJ', 'head': 8, 'deprel': 'mark', 'lemma': 'ש'}, {'id': 7, 'text': 'הינה', 'upos': 'PRON', 'xpos': 'PRON', 'feats': 'Gender=Fem|Number=Sing|Person=3|PronType=Prs', 'head': 8, 'deprel': 'nsubj', 'lemma': 'הינה'}]"
8,תאוצה,NOUN,NOUN,4.0,acl:relcl,"(12, 17)",תאוצה,Gender=Fem|Number=Sing,
9,בינונית,ADJ,ADJ,8.0,amod,"(18, 25)",בינוני,Gender=Fem|Number=Sing,
10,/,PUNCT,PUNCT,11.0,punct,"(25, 26)",/,,
11,גבוהה,ADJ,ADJ,9.0,conj,"(26, 31)",גבוה,Gender=Fem|Number=Sing,
"(12, 13)",לישראל,,,,,"(32, 38)",,,"[{'id': 12, 'text': 'ל', 'upos': 'ADP', 'xpos': 'ADP', 'head': 13, 'deprel': 'case', 'lemma': 'ל'}, {'id': 13, 'text': 'ישראל', 'upos': 'PROPN', 'xpos': 'PROPN', 'head': 8, 'deprel': 'nmod', 'lemma': 'ישראל'}]"
"(14, 15)",להסתברות,,,,,"(39, 47)",,,"[{'id': 14, 'text': 'ל', 'upos': 'ADP', 'xpos': 'ADP', 'head': 15, 'deprel': 'case', 'lemma': 'ל'}, {'id': 15, 'text': 'הסתברות', 'upos': 'NOUN', 'xpos': 'NOUN', 'feats': 'Gender=Fem|Number=Sing', 'head': 8, 'deprel': 'nmod', 'lemma': 'הסתברות'}]"
16,של,ADP,ADP,18.0,case:gen,"(48, 50)",של,Case=Gen,
17,10,NUM,NUM,18.0,nummod,"(51, 53)",10,,
18,%,NOUN,NOUN,15.0,nmod:poss,"(53, 54)",%,"Gender=Masc|Number=Plur,Sing",
19,ב,ADP,ADP,22.0,case,"(55, 56)",ב,,
20,-,PUNCT,PUNCT,22.0,punct,"(56, 57)",-,,
21,50,NUM,NUM,22.0,nummod,"(58, 60)",50,,
22,שנה,NOUN,NOUN,15.0,nmod,"(61, 64)",שנה,Gender=Fem|Number=Sing,
"(1, 2)",התאוצות,,,,,"(1, 8)",,,"[{'id': 1, 'text': 'ה', 'upos': 'DET', 'xpos': 'DET', 'feats': 'PronType=Art', 'head': 2, 'deprel': 'det:def', 'lemma': 'ה'}, {'id': 2, 'text': 'תאוצות', 'upos': 'NOUN', 'xpos': 'NOUN', 'feats': 'Gender=Fem|Number=Plur', 'head': 3, 'deprel': 'nsubj', 'lemma': 'תאוצה'}]"
3,קובעות,VERB,VERB,0.0,root,"(9, 15)",קבע,"Gender=Fem|HebBinyan=PAAL|Number=Plur|Person=1,2,3|VerbForm=Part|Voice=Act",
4,עומס,PROPN,PROPN,3.0,obj,"(16, 20)",עומס,,
5,תכן,NOUN,NOUN,4.0,flat:name,"(21, 24)",תכן,Gender=Masc|HebSource=ConvUncertainLabel|Number=Sing,
"(6, 7)",לתכנון,,,,,"(25, 31)",,,"[{'id': 6, 'text': 'ל', 'upos': 'ADP', 'xpos': 'ADP', 'head': 7, 'deprel': 'case', 'lemma': 'ל'}, {'id': 7, 'text': 'תכנון', 'upos': 'NOUN', 'xpos': 'NOUN', 'feats': 'Gender=Masc|Number=Sing', 'head': 5, 'deprel': 'nmod', 'lemma': 'תכנון'}]"
8,סיסמי,ADJ,ADJ,7.0,amod,"(32, 37)",סיסמי,Gender=Masc|Number=Sing,
"(9, 10)",למבנים,,,,,"(38, 44)",,,"[{'id': 9, 'text': 'ל', 'upos': 'ADP', 'xpos': 'ADP', 'head': 10, 'deprel': 'case', 'lemma': 'ל'}, {'id': 10, 'text': 'מבנים', 'upos': 'NOUN', 'xpos': 'NOUN', 'feats': 'Gender=Masc|Number=Plur', 'head': 7, 'deprel': 'nmod', 'lemma': 'מבנה'}]"
1,חישוב,NOUN,NOUN,12.0,nsubj,"(1, 6)",חישוב,Definite=Cons|Gender=Masc|Number=Sing,
"(2, 3)",התאוצות,,,,,"(7, 14)",,,"[{'id': 2, 'text': 'ה', 'upos': 'DET', 'xpos': 'DET', 'feats': 'PronType=Art', 'head': 3, 'deprel': 'det:def', 'lemma': 'ה'}, {'id': 3, 'text': 'תאוצות', 'upos': 'NOUN', 'xpos': 'NOUN', 'feats': 'Gender=Fem|Number=Plur', 'head': 1, 'deprel': 'compound:smixut', 'lemma': 'תאוצה'}]"
"(4, 5)",לכל,,,,,"(15, 18)",,,"[{'id': 4, 'text': 'ל', 'upos': 'ADP', 'xpos': 'ADP', 'head': 9, 'deprel': 'case', 'lemma': 'ל'}, {'id': 5, 'text': 'כל', 'upos': 'DET', 'xpos': 'DET', 'feats': 'Definite=Cons', 'head': 6, 'deprel': 'det', 'lemma': 'כול'}]"
6,אחד,NUM,NUM,1.0,nmod,"(19, 22)",אחד,Gender=Masc|Number=Sing,
"(7, 9)",מהמבנים,,,,,"(23, 30)",,,"[{'id': 7, 'text': 'מ', 'upos': 'ADP', 'xpos': 'ADP', 'head': 9, 'deprel': 'case', 'lemma': 'מ'}, {'id': 8, 'text': 'ה', 'upos': 'DET', 'xpos': 'DET', 'feats': 'PronType=Art', 'head': 9, 'deprel': 'det:def', 'lemma': 'ה'}, {'id': 9, 'text': 'מבנים', 'upos': 'NOUN', 'xpos': 'NOUN', 'feats': 'Gender=Masc|Number=Plur', 'head': 6, 'deprel': 'obl', 'lemma': 'מבנה'}]"
"(10, 11)",שנבדקו,,,,,"(31, 37)",,,"[{'id': 10, 'text': 'ש', 'upos': 'SCONJ', 'xpos': 'SCONJ', 'head': 11, 'deprel': 'mark', 'lemma': 'ש'}, {'id': 11, 'text': 'נבדקו', 'upos': 'VERB', 'xpos': 'VERB', 'feats': 'Gender=Fem,Masc|HebBinyan=NIFAL|Number=Plur|Person=3|Tense=Past|Voice=Mid', 'head': 9, 'deprel': 'acl:relcl', 'lemma': 'נבדק'}]"
12,נערכו,VERB,VERB,0.0,root,"(38, 43)",נערך,"Gender=Fem,Masc|HebBinyan=NIFAL|Number=Plur|Person=3|Tense=Past|Voice=Mid",
"(13, 14)",לכל,,,,,"(44, 47)",,,"[{'id': 13, 'text': 'ל', 'upos': 'ADP', 'xpos': 'ADP', 'head': 15, 'deprel': 'case', 'lemma': 'ל'}, {'id': 14, 'text': 'כל', 'upos': 'DET', 'xpos': 'DET', 'feats': 'Definite=Cons', 'head': 15, 'deprel': 'det', 'lemma': 'כול'}]"
15,אחד,NUM,NUM,12.0,obl,"(48, 51)",אחד,Gender=Masc|Number=Sing,
"(16, 17)",מסוגי,,,,,"(52, 57)",,,"[{'id': 16, 'text': 'מ', 'upos': 'ADP', 'xpos': 'ADP', 'head': 17, 'deprel': 'case', 'lemma': 'מ'}, {'id': 17, 'text': 'סוגי', 'upos': 'NOUN', 'xpos': 'NOUN', 'feats': 'Definite=Cons|Gender=Masc|Number=Plur', 'head': 15, 'deprel': 'obl', 'lemma': 'סוג'}]"
"(18, 19)",הקרקע,,,,,"(58, 63)",,,"[{'id': 18, 'text': 'ה', 'upos': 'DET', 'xpos': 'DET', 'feats': 'PronType=Art', 'head': 19, 'deprel': 'det:def', 'lemma': 'ה'}, {'id': 19, 'text': 'קרקע', 'upos': 'NOUN', 'xpos': 'NOUN', 'feats': 'Gender=Fem|Number=Sing', 'head': 17, 'deprel': 'compound:smixut', 'lemma': 'קרקע'}]"
20,D,PROPN,PROPN,15.0,obl,"(64, 65)",D,,
21,",",PUNCT,PUNCT,20.0,punct,"(66, 67)",",",,
22,C,PROPN,PROPN,20.0,conj,"(67, 68)",C,,
23,",",PUNCT,PUNCT,20.0,punct,"(69, 70)",",",,
24,B,PROPN,PROPN,20.0,conj,"(70, 71)",B,,
25,",",PUNCT,PUNCT,20.0,punct,"(72, 73)",",",,
26,A,PROPN,PROPN,20.0,conj,"(73, 74)",A,,
27,ו,CCONJ,CCONJ,29.0,cc,"(75, 76)",ו,,
28,-,PUNCT,PUNCT,20.0,punct,"(76, 77)",-,,
29,E,PROPN,PROPN,20.0,conj,"(77, 78)",E,,
"(30, 31)",עבורם,,,,,"(79, 84)",,,"[{'id': 30, 'text': 'עבור_', 'upos': 'ADP', 'xpos': 'ADP', 'head': 31, 'deprel': 'case', 'lemma': 'עבור'}, {'id': 31, 'text': '_הם', 'upos': 'PRON', 'xpos': 'PRON', 'feats': 'Gender=Masc|Number=Plur|Person=3|PronType=Prs', 'head': 34, 'deprel': 'obl', 'lemma': 'הוא'}]"
32,תכנון,NOUN,NOUN,34.0,obj,"(85, 90)",תכנון,Gender=Masc|Number=Sing,
33,סיסמי,ADJ,ADJ,32.0,amod,"(91, 96)",סיסמי,Gender=Masc|Number=Sing,
34,ניתן,AUX,AUX,35.0,aux,"(97, 101)",ניתן,"Gender=Masc|HebBinyan=NIFAL|Number=Sing|Person=1,2,3|VerbForm=Part|Voice=Mid",
35,לבצע,VERB,VERB,12.0,xcomp,"(102, 106)",ביצע,HebBinyan=PIEL|VerbForm=Inf|Voice=Act,
36,באמצעות,ADP,ADP,38.0,case,"(107, 114)",באמצעות,,
"(37, 38)",הנוסחאות,,,,,"(115, 123)",,,"[{'id': 37, 'text': 'ה', 'upos': 'DET', 'xpos': 'DET', 'feats': 'PronType=Art', 'head': 38, 'deprel': 'det:def', 'lemma': 'ה'}, {'id': 38, 'text': 'נוסחאות', 'upos': 'NOUN', 'xpos': 'NOUN', 'feats': 'Gender=Fem|Number=Plur', 'head': 35, 'deprel': 'obl', 'lemma': 'נוסחה'}]"
39,לעיל,ADV,ADV,38.0,advmod,"(124, 128)",לעיל,,
"(40, 41)",לחישוב,,,,,"(129, 135)",,,"[{'id': 40, 'text': 'ל', 'upos': 'ADP', 'xpos': 'ADP', 'head': 41, 'deprel': 'case', 'lemma': 'ל'}, {'id': 41, 'text': 'חישוב', 'upos': 'NOUN', 'xpos': 'NOUN', 'feats': 'Gender=Masc|Number=Sing', 'head': 35, 'deprel': 'obl', 'lemma': 'חישוב'}]"
42,של,ADP,ADP,43.0,case:gen,"(136, 138)",של,Case=Gen,
43,ת,ADP,ADP,41.0,nmod:poss,"(139, 140)",ת,,
1,ב,PROPN,PROPN,0.0,root,"(0, 1)",ב,,
"(1, 2)",בהתאם,,,,,"(1, 6)",,,"[{'id': 1, 'text': 'ב', 'upos': 'ADP', 'xpos': 'ADP', 'head': 4, 'deprel': 'case', 'lemma': 'ב'}, {'id': 2, 'text': 'התאם', 'upos': 'NOUN', 'xpos': 'NOUN', 'feats': 'Gender=Masc|Number=Sing', 'head': 1, 'deprel': 'fixed', 'lemma': 'התאם'}]"
"(3, 4)",לכך,,,,,"(7, 10)",,,"[{'id': 3, 'text': 'ל', 'upos': 'ADP', 'xpos': 'ADP', 'head': 1, 'deprel': 'fixed', 'lemma': 'ל'}, {'id': 4, 'text': 'כך', 'upos': 'PRON', 'xpos': 'PRON', 'feats': 'Person=3|PronType=Dem', 'head': 10, 'deprel': 'obl', 'lemma': 'כך'}]"
"(5, 6)",לכל,,,,,"(11, 14)",,,"[{'id': 5, 'text': 'ל', 'upos': 'ADP', 'xpos': 'ADP', 'head': 7, 'deprel': 'case', 'lemma': 'ל'}, {'id': 6, 'text': 'כל', 'upos': 'DET', 'xpos': 'DET', 'feats': 'Definite=Cons', 'head': 7, 'deprel': 'det', 'lemma': 'כול'}]"
7,סוג,NOUN,NOUN,10.0,obl,"(15, 18)",סוג,Definite=Cons|Gender=Masc|Number=Sing,
"(8, 9)",הקרקע,,,,,"(19, 24)",,,"[{'id': 8, 'text': 'ה', 'upos': 'DET', 'xpos': 'DET', 'feats': 'PronType=Art', 'head': 9, 'deprel': 'det:def', 'lemma': 'ה'}, {'id': 9, 'text': 'קרקע', 'upos': 'NOUN', 'xpos': 'NOUN', 'feats': 'Gender=Fem|Number=Sing', 'head': 7, 'deprel': 'compound:smixut', 'lemma': 'קרקע'}]"
10,נבנתה,VERB,VERB,0.0,root,"(25, 30)",נבנה,Gender=Fem|HebBinyan=NIFAL|Number=Sing|Person=3|Tense=Past|Voice=Mid,
11,עקומה,NOUN,NOUN,10.0,nsubj,"(31, 36)",עקומה,Gender=Fem|Number=Sing,
12,ספקטרית,ADJ,ADJ,11.0,amod,"(37, 44)",ספקטרי,Gender=Fem|Number=Sing,
"(13, 14)",לתכן,,,,,"(45, 49)",,,"[{'id': 13, 'text': 'ל', 'upos': 'ADP', 'xpos': 'ADP', 'head': 14, 'deprel': 'case', 'lemma': 'ל'}, {'id': 14, 'text': 'תכן', 'upos': 'NOUN', 'xpos': 'NOUN', 'feats': 'Gender=Masc|Number=Sing', 'head': 11, 'deprel': 'nmod', 'lemma': 'תכן'}]"
15,",",PUNCT,PUNCT,11.0,punct,"(49, 50)",",",,
"(16, 17)",בה,,,,,"(51, 53)",,,"[{'id': 16, 'text': 'ב_', 'upos': 'ADP', 'xpos': 'ADP', 'head': 17, 'deprel': 'case', 'lemma': 'ב'}, {'id': 17, 'text': '_היא', 'upos': 'PRON', 'xpos': 'PRON', 'feats': 'Gender=Fem|Number=Sing|Person=3|PronType=Prs', 'head': 18, 'deprel': 'obl', 'lemma': 'הוא'}]"
18,נקבעו,VERB,VERB,11.0,acl,"(54, 59)",נקבע,"Gender=Fem,Masc|HebBinyan=NIFAL|Number=Plur|Person=3|Tense=Past|Voice=Mid",
19,תאוצות,NOUN,NOUN,18.0,nsubj,"(60, 66)",תאוצה,Gender=Fem|Number=Plur,
"(20, 21)",לת,,,,,"(67, 69)",,,"[{'id': 20, 'text': 'ל', 'upos': 'ADP', 'xpos': 'ADP', 'head': 21, 'deprel': 'case', 'lemma': 'ל'}, {'id': 21, 'text': 'ת', 'upos': 'X', 'xpos': 'X', 'head': 19, 'deprel': 'nmod', 'lemma': 'ת'}]"
1,ב,ADP,ADP,3.0,dep,"(0, 1)",ב,,
"(2, 3)",מחושבות,,,,,"(2, 9)",,,"[{'id': 2, 'text': 'מ', 'upos': 'X', 'xpos': 'X', 'head': 3, 'deprel': 'dep', 'lemma': 'מ'}, {'id': 3, 'text': 'חושבות', 'upos': 'VERB', 'xpos': 'VERB', 'feats': 'Gender=Fem|HebBinyan=PAAL|Number=Plur|Person=1,2,3|VerbForm=Part|Voice=Act', 'head': 0, 'deprel': 'root', 'lemma': 'חשב'}]"
"(4, 5)",ומדודות,,,,,"(10, 17)",,,"[{'id': 4, 'text': 'ו', 'upos': 'CCONJ', 'xpos': 'CCONJ', 'head': 5, 'deprel': 'cc', 'lemma': 'ו'}, {'id': 5, 'text': 'מדודות', 'upos': 'VERB', 'xpos': 'VERB', 'feats': 'Gender=Fem|HebBinyan=PAAL|Number=Plur|Person=1,2,3|VerbForm=Part|Voice=Act', 'head': 3, 'deprel': 'conj', 'lemma': 'דיוד'}]"
"(6, 8)",בפועל,,,,,"(18, 23)",,,"[{'id': 6, 'text': 'ב', 'upos': 'ADP', 'xpos': 'ADP', 'head': 8, 'deprel': 'case', 'lemma': 'ב'}, {'id': 7, 'text': 'ה_', 'upos': 'DET', 'xpos': 'DET', 'feats': 'PronType=Art', 'head': 8, 'deprel': 'det:def', 'lemma': 'ה'}, {'id': 8, 'text': 'פועל', 'upos': 'NOUN', 'xpos': 'NOUN', 'feats': 'Gender=Masc|Number=Sing', 'head': 3, 'deprel': 'obl', 'lemma': 'פועל'}]"
1,דוגמאות,NOUN,NOUN,4.0,nsubj,"(1, 8)",דוגמה,Definite=Cons|Gender=Fem|Number=Plur,
"(2, 3)",החישוב,,,,,"(9, 15)",,,"[{'id': 2, 'text': 'ה', 'upos': 'DET', 'xpos': 'DET', 'feats': 'PronType=Art', 'head': 3, 'deprel': 'det:def', 'lemma': 'ה'}, {'id': 3, 'text': 'חישוב', 'upos': 'NOUN', 'xpos': 'NOUN', 'feats': 'Gender=Masc|Number=Sing', 'head': 1, 'deprel': 'compound:smixut', 'lemma': 'חישוב'}]"
4,מוצגות,VERB,VERB,0.0,root,"(16, 22)",הוצג,"Gender=Fem|HebBinyan=HUFAL|Number=Plur|Person=1,2,3|VerbForm=Part|Voice=Pass",
"(5, 6)",באיורים,,,,,"(23, 30)",,,"[{'id': 5, 'text': 'ב', 'upos': 'ADP', 'xpos': 'ADP', 'head': 6, 'deprel': 'case', 'lemma': 'ב'}, {'id': 6, 'text': 'איורים', 'upos': 'NOUN', 'xpos': 'NOUN', 'feats': 'Gender=Masc|Number=Plur', 'head': 4, 'deprel': 'obl', 'lemma': 'איור'}]"
7,מס' 5,NUM,NUM,6.0,nmod,"(31, 36)",מס' 5,,
1,3,NUM,NUM,0.0,root,"(0, 1)",3,,
1,0,NUM,NUM,0.0,root,"(0, 1)",0,,
1,1,NUM,NUM,0.0,root,"(0, 1)",1,,
2,עבור,ADP,ADP,3.0,case,"(2, 6)",עבור,,
3,מבנה,NOUN,NOUN,1.0,obl,"(7, 11)",מבנה,Gender=Masc|Number=Sing,
4,טיפוסי,ADJ,ADJ,3.0,amod,"(12, 18)",טיפוסי,Gender=Masc|Number=Sing,
"(5, 6)",מסוג,,,,,"(19, 23)",,,"[{'id': 5, 'text': 'מ', 'upos': 'ADP', 'xpos': 'ADP', 'head': 6, 'deprel': 'case', 'lemma': 'מ'}, {'id': 6, 'text': 'סוג', 'upos': 'NOUN', 'xpos': 'NOUN', 'feats': 'Gender=Masc|Number=Sing', 'head': 3, 'deprel': 'nmod', 'lemma': 'סוג'}]"
7,3,NUM,NUM,6.0,compound:smixut,"(24, 25)",3,,
8,(,PUNCT,PUNCT,9.0,punct,"(26, 27)",(,,
9,1,NUM,NUM,3.0,appos,"(27, 28)",1,,
10,-,PUNCT,PUNCT,9.0,punct,"(28, 29)",-,,
11,MD,PROPN,PROPN,9.0,dep,"(29, 31)",MD,HebSource=ConvUncertainHead,
12,),PUNCT,PUNCT,9.0,punct,"(31, 32)",),,
"(13, 15)",ובאיור,,,,,"(33, 39)",,,"[{'id': 13, 'text': 'ו', 'upos': 'CCONJ', 'xpos': 'CCONJ', 'head': 15, 'deprel': 'cc', 'lemma': 'ו'}, {'id': 14, 'text': 'ב', 'upos': 'ADP', 'xpos': 'ADP', 'head': 15, 'deprel': 'case', 'lemma': 'ב'}, {'id': 15, 'text': 'איור', 'upos': 'NOUN', 'xpos': 'NOUN', 'feats': 'Gender=Masc|Number=Sing', 'head': 3, 'deprel': 'conj', 'lemma': 'איור'}]"
16,מס' 5,NUM,NUM,15.0,compound:smixut,"(40, 45)",מס' 5,,
1,3,NUM,NUM,0.0,root,"(0, 1)",3,,
1,0,NUM,NUM,0.0,root,"(0, 1)",0,,
1,2,NUM,NUM,0.0,root,"(0, 1)",2,,
"(2, 3)",למבנה,,,,,"(2, 7)",,,"[{'id': 2, 'text': 'ל', 'upos': 'ADP', 'xpos': 'ADP', 'head': 3, 'deprel': 'case', 'lemma': 'ל'}, {'id': 3, 'text': 'מבנה', 'upos': 'NOUN', 'xpos': 'NOUN', 'feats': 'Gender=Masc|Number=Sing', 'head': 1, 'deprel': 'obl', 'lemma': 'מבנה'}]"
4,טיפוסי,ADJ,ADJ,3.0,amod,"(8, 14)",טיפוסי,Gender=Masc|Number=Sing,
"(5, 6)",מסוג,,,,,"(15, 19)",,,"[{'id': 5, 'text': 'מ', 'upos': 'ADP', 'xpos': 'ADP', 'head': 6, 'deprel': 'case', 'lemma': 'מ'}, {'id': 6, 'text': 'סוג', 'upos': 'NOUN', 'xpos': 'NOUN', 'feats': 'Gender=Masc|Number=Sing', 'head': 3, 'deprel': 'nmod', 'lemma': 'סוג'}]"
1,(,PUNCT,PUNCT,2.0,punct,"(0, 1)",(,,
2,RA,PROPN,PROPN,10.0,parataxis,"(1, 3)",RA,,
3,-,PUNCT,PUNCT,2.0,punct,"(3, 4)",-,,
4,1,NUM,NUM,2.0,nummod,"(4, 5)",1,,
5,),PUNCT,PUNCT,2.0,punct,"(5, 6)",),,
6,4,NUM,NUM,10.0,dep,"(7, 8)",4,,
7,תוצאות,NOUN,NOUN,10.0,nsubj,"(9, 15)",תוצאה,Definite=Cons|Gender=Fem|Number=Plur,
"(8, 9)",החישוב,,,,,"(16, 22)",,,"[{'id': 8, 'text': 'ה', 'upos': 'DET', 'xpos': 'DET', 'feats': 'PronType=Art', 'head': 9, 'deprel': 'det:def', 'lemma': 'ה'}, {'id': 9, 'text': 'חישוב', 'upos': 'NOUN', 'xpos': 'NOUN', 'feats': 'Gender=Masc|Number=Sing', 'head': 7, 'deprel': 'compound:smixut', 'lemma': 'חישוב'}]"
10,מוצגות,VERB,VERB,0.0,root,"(23, 29)",הוצג,"Gender=Fem|HebBinyan=HUFAL|Number=Plur|Person=1,2,3|VerbForm=Part|Voice=Pass",
"(11, 12)",להלן,,,,,"(30, 34)",,,"[{'id': 11, 'text': 'ל', 'upos': 'ADP', 'xpos': 'ADP', 'head': 12, 'deprel': 'case', 'lemma': 'ל'}, {'id': 12, 'text': 'הלן', 'upos': 'PROPN', 'xpos': 'PROPN', 'head': 10, 'deprel': 'obl', 'lemma': 'הלן'}]"
1,5,NUM,NUM,0.0,root,"(1, 2)",5,,
1,3,NUM,NUM,0.0,root,"(0, 1)",3,,
1,1,NUM,NUM,2.0,nummod,"(0, 1)",1,,
2,עומס,PROPN,PROPN,0.0,root,"(2, 6)",עומס,,
3,סיסמי,NOUN,NOUN,2.0,nmod,"(7, 12)",סיסם,Gender=Masc|Number=Sing,
"(4, 5)",למבנים,,,,,"(13, 19)",,,"[{'id': 4, 'text': 'ל', 'upos': 'ADP', 'xpos': 'ADP', 'head': 5, 'deprel': 'case', 'lemma': 'ל'}, {'id': 5, 'text': 'מבנים', 'upos': 'NOUN', 'xpos': 'NOUN', 'feats': 'Gender=Masc|Number=Plur', 'head': 2, 'deprel': 'nmod', 'lemma': 'מבנה'}]"
"(6, 7)",מסוג,,,,,"(20, 24)",,,"[{'id': 6, 'text': 'מ', 'upos': 'ADP', 'xpos': 'ADP', 'head': 7, 'deprel': 'case', 'lemma': 'מ'}, {'id': 7, 'text': 'סוג', 'upos': 'NOUN', 'xpos': 'NOUN', 'feats': 'Definite=Cons|Gender=Masc|Number=Sing', 'head': 5, 'deprel': 'nmod', 'lemma': 'סוג'}]"
8,1,NUM,NUM,7.0,compound:smixut,"(25, 26)",1,,
"(9, 10)",למבנים,,,,,"(27, 33)",,,"[{'id': 9, 'text': 'ל', 'upos': 'ADP', 'xpos': 'ADP', 'head': 10, 'deprel': 'case', 'lemma': 'ל'}, {'id': 10, 'text': 'מבנים', 'upos': 'NOUN', 'xpos': 'NOUN', 'feats': 'Gender=Masc|Number=Plur', 'head': 19, 'deprel': 'obl', 'lemma': 'מבנה'}]"
11,אלה,PRON,PRON,10.0,det,"(34, 37)",אלה,Gender=Masc|Number=Plur|Person=3|PronType=Dem,
12,שיטות,NOUN,NOUN,19.0,nsubj:cop,"(38, 43)",שיטה,Definite=Cons|Gender=Fem|Number=Plur,
13,"ת""י",PROPN,PROPN,12.0,compound:smixut,"(44, 47)","ת""י",Abbr=Yes,
14,413,NUM,NUM,13.0,nummod,"(48, 51)",413,,
15,ו,CCONJ,CCONJ,17.0,cc,"(52, 53)",ו,,
16,-,PUNCT,PUNCT,14.0,punct,"(53, 54)",-,,
17,EC8,PROPN,PROPN,14.0,conj,"(54, 57)",EC8,,
18,הן,AUX,AUX,19.0,cop,"(58, 60)",הוא,Gender=Fem|Number=Plur|Person=3|Polarity=Pos|VerbForm=Part|VerbType=Cop,
19,זהות,ADJ,ADJ,2.0,conj,"(61, 65)",זהה,Gender=Fem|Number=Plur,
"(20, 21)",וקובעות,,,,,"(66, 73)",,,"[{'id': 20, 'text': 'ו', 'upos': 'CCONJ', 'xpos': 'CCONJ', 'head': 21, 'deprel': 'cc', 'lemma': 'ו'}, {'id': 21, 'text': 'קובעות', 'upos': 'VERB', 'xpos': 'VERB', 'feats': 'Gender=Fem|HebBinyan=PAAL|Number=Plur|Person=1,2,3|VerbForm=Part|Voice=Act', 'head': 19, 'deprel': 'conj', 'lemma': 'קבע'}]"
22,אותן,PRON,PRON,23.0,det,"(74, 78)",אותו,Definite=Def|Gender=Fem|Number=Plur|Person=3|PronType=Prs,
23,תאוצות,NOUN,NOUN,21.0,obj,"(79, 85)",תאוצה,Gender=Fem|Number=Plur,
"(1, 2)",היחס,,,,,"(1, 5)",,,"[{'id': 1, 'text': 'ה', 'upos': 'DET', 'xpos': 'DET', 'feats': 'PronType=Art', 'head': 2, 'deprel': 'det:def', 'lemma': 'ה'}, {'id': 2, 'text': 'יחס', 'upos': 'NOUN', 'xpos': 'NOUN', 'feats': 'Gender=Masc|Number=Sing', 'head': 0, 'deprel': 'root', 'lemma': 'יחס'}]"
3,בין,ADP,ADP,5.0,case,"(6, 9)",בין,,
"(4, 5)",התאוצות,,,,,"(10, 17)",,,"[{'id': 4, 'text': 'ה', 'upos': 'DET', 'xpos': 'DET', 'feats': 'PronType=Art', 'head': 5, 'deprel': 'det:def', 'lemma': 'ה'}, {'id': 5, 'text': 'תאוצות', 'upos': 'NOUN', 'xpos': 'NOUN', 'feats': 'Gender=Fem|Number=Plur', 'head': 2, 'deprel': 'nmod', 'lemma': 'תאוצה'}]"
"(6, 7)",לת,,,,,"(18, 20)",,,"[{'id': 6, 'text': 'ל', 'upos': 'ADP', 'xpos': 'ADP', 'head': 7, 'deprel': 'case', 'lemma': 'ל'}, {'id': 7, 'text': 'ת', 'upos': 'PROPN', 'xpos': 'PROPN', 'head': 5, 'deprel': 'conj', 'lemma': 'ת'}]"
1,ב,ADP,ADP,2.0,case,"(0, 1)",ב,,
2,מחושבת,VERB,VERB,0.0,root,"(2, 8)",חושב,"Gender=Fem|HebBinyan=PUAL|Number=Sing|Person=1,2,3|VerbForm=Part|Voice=Pass",
3,לפי,ADP,ADP,4.0,case,"(9, 12)",לפי,,
4,"ת""י",PROPN,PROPN,2.0,obl,"(13, 16)","ת""י",Abbr=Yes,
5,413,NUM,NUM,4.0,nummod,"(17, 20)",413,,
6,ו,CCONJ,CCONJ,8.0,cc,"(21, 22)",ו,,
7,-,PUNCT,PUNCT,2.0,punct,"(22, 23)",-,,
8,EC8,PROPN,PROPN,5.0,conj,"(23, 26)",EC8,,
"(9, 10)",ותאוצות,,,,,"(27, 34)",,,"[{'id': 9, 'text': 'ו', 'upos': 'CCONJ', 'xpos': 'CCONJ', 'head': 10, 'deprel': 'cc', 'lemma': 'ו'}, {'id': 10, 'text': 'תאוצות', 'upos': 'NOUN', 'xpos': 'NOUN', 'feats': 'Gender=Fem|Number=Plur', 'head': 2, 'deprel': 'conj', 'lemma': 'תאוצה'}]"
11,לת,ADP,ADP,10.0,case,"(35, 37)",לת,,
1,ב,PROPN,PROPN,0.0,root,"(0, 1)",ב,,
"(1, 2)",המדודה,,,,,"(1, 7)",,,"[{'id': 1, 'text': 'ה', 'upos': 'DET', 'xpos': 'DET', 'feats': 'PronType=Art', 'head': 2, 'deprel': 'det:def', 'lemma': 'ה'}, {'id': 2, 'text': 'מדודה', 'upos': 'NOUN', 'xpos': 'NOUN', 'feats': 'Gender=Fem|Number=Sing', 'head': 6, 'deprel': 'nsubj', 'lemma': 'מדודה'}]"
"(3, 5)",בפועל,,,,,"(8, 13)",,,"[{'id': 3, 'text': 'ב', 'upos': 'ADP', 'xpos': 'ADP', 'head': 5, 'deprel': 'case', 'lemma': 'ב'}, {'id': 4, 'text': 'ה_', 'upos': 'DET', 'xpos': 'DET', 'feats': 'PronType=Art', 'head': 5, 'deprel': 'det:def', 'lemma': 'ה'}, {'id': 5, 'text': 'פועל', 'upos': 'NOUN', 'xpos': 'NOUN', 'feats': 'Gender=Masc|Number=Sing', 'head': 2, 'deprel': 'nmod', 'lemma': 'פועל'}]"
6,מוצג,VERB,VERB,0.0,root,"(14, 18)",הוצג,"Gender=Masc|HebBinyan=HUFAL|Number=Sing|Person=1,2,3|VerbForm=Part|Voice=Pass",
"(7, 8)",באיור,,,,,"(19, 24)",,,"[{'id': 7, 'text': 'ב', 'upos': 'ADP', 'xpos': 'ADP', 'head': 8, 'deprel': 'case', 'lemma': 'ב'}, {'id': 8, 'text': 'איור', 'upos': 'NOUN', 'xpos': 'NOUN', 'feats': 'Gender=Masc|Number=Sing', 'head': 6, 'deprel': 'obl', 'lemma': 'איור'}]"
9,מס' 5,NUM,NUM,8.0,compound:smixut,"(25, 30)",מס' 5,,
1,3,NUM,NUM,0.0,root,"(0, 1)",3,,
1,1,NUM,NUM,0.0,root,"(0, 1)",1,,
1,1,NUM,NUM,0.0,root,"(0, 1)",1,,
"(2, 3)",לסוגי,,,,,"(2, 7)",,,"[{'id': 2, 'text': 'ל', 'upos': 'ADP', 'xpos': 'ADP', 'head': 3, 'deprel': 'case', 'lemma': 'ל'}, {'id': 3, 'text': 'סוגי', 'upos': 'NOUN', 'xpos': 'NOUN', 'feats': 'Definite=Cons|Gender=Masc|Number=Plur', 'head': 1, 'deprel': 'obl', 'lemma': 'סוג'}]"
4,קרקע,NOUN,NOUN,3.0,compound:smixut,"(8, 12)",קרקע,Gender=Fem|Number=Sing,
1,A,PROPN,PROPN,0.0,root,"(0, 1)",A,,
2,-,PUNCT,PUNCT,1.0,punct,"(1, 2)",-,,
3,E,PROPN,PROPN,1.0,flat:name,"(2, 3)",E,HebSource=ConvUncertainHead,
4,5,NUM,NUM,1.0,nummod,"(4, 5)",5,HebSource=ConvUncertainHead,
1,3,NUM,NUM,0.0,root,"(0, 1)",3,,
1,2,NUM,NUM,2.0,nummod,"(0, 1)",2,,
2,עומס,NOUN,NOUN,0.0,root,"(2, 6)",עומס,Gender=Masc|Number=Sing,
3,סיסמי,ADJ,ADJ,2.0,amod,"(7, 12)",סיסמי,Gender=Masc|Number=Sing,
"(4, 5)",למבנים,,,,,"(13, 19)",,,"[{'id': 4, 'text': 'ל', 'upos': 'ADP', 'xpos': 'ADP', 'head': 5, 'deprel': 'case', 'lemma': 'ל'}, {'id': 5, 'text': 'מבנים', 'upos': 'NOUN', 'xpos': 'NOUN', 'feats': 'Gender=Masc|Number=Plur', 'head': 2, 'deprel': 'nmod', 'lemma': 'מבנה'}]"
"(6, 7)",מסוג,,,,,"(20, 24)",,,"[{'id': 6, 'text': 'מ', 'upos': 'ADP', 'xpos': 'ADP', 'head': 7, 'deprel': 'case', 'lemma': 'מ'}, {'id': 7, 'text': 'סוג', 'upos': 'NOUN', 'xpos': 'NOUN', 'feats': 'Definite=Cons|Gender=Masc|Number=Sing', 'head': 5, 'deprel': 'nmod', 'lemma': 'סוג'}]"
8,2,NUM,NUM,7.0,compound:smixut,"(25, 26)",2,,
"(9, 10)",מסיבות,,,,,"(27, 33)",,,"[{'id': 9, 'text': 'מ', 'upos': 'ADP', 'xpos': 'ADP', 'head': 10, 'deprel': 'case', 'lemma': 'מ'}, {'id': 10, 'text': 'סיבות', 'upos': 'NOUN', 'xpos': 'NOUN', 'feats': 'Gender=Fem|Number=Plur', 'head': 2, 'deprel': 'nmod', 'lemma': 'סיבה'}]"
"(11, 12)",המתוארות,,,,,"(34, 42)",,,"[{'id': 11, 'text': 'ה', 'upos': 'SCONJ', 'xpos': 'SCONJ', 'head': 12, 'deprel': 'mark', 'lemma': 'ה'}, {'id': 12, 'text': 'מתוארות', 'upos': 'VERB', 'xpos': 'VERB', 'feats': 'Gender=Fem|HebBinyan=HITPAEL|Number=Plur|Person=1,2,3|VerbForm=Part', 'head': 10, 'deprel': 'acl:relcl', 'lemma': 'תואר'}]"
"(13, 14)",בסעיף,,,,,"(43, 48)",,,"[{'id': 13, 'text': 'ב', 'upos': 'ADP', 'xpos': 'ADP', 'head': 14, 'deprel': 'case', 'lemma': 'ב'}, {'id': 14, 'text': 'סעיף', 'upos': 'NOUN', 'xpos': 'NOUN', 'feats': 'Gender=Masc|Number=Sing', 'head': 12, 'deprel': 'obl', 'lemma': 'סעיף'}]"
15,5,NUM,NUM,14.0,nummod,"(49, 50)",5,,
1,2,NUM,NUM,0.0,root,"(0, 1)",2,,
1,2,NUM,NUM,8.0,advmod,"(0, 1)",2,,
2,",",PUNCT,PUNCT,8.0,punct,"(1, 2)",",",,
"(3, 4)",למבנים,,,,,"(3, 9)",,,"[{'id': 3, 'text': 'ל', 'upos': 'ADP', 'xpos': 'ADP', 'head': 4, 'deprel': 'case', 'lemma': 'ל'}, {'id': 4, 'text': 'מבנים', 'upos': 'NOUN', 'xpos': 'NOUN', 'feats': 'Gender=Masc|Number=Plur', 'head': 8, 'deprel': 'obl', 'lemma': 'מבנה'}]"
"(5, 6)",מסוג,,,,,"(10, 14)",,,"[{'id': 5, 'text': 'מ', 'upos': 'ADP', 'xpos': 'ADP', 'head': 6, 'deprel': 'case', 'lemma': 'מ'}, {'id': 6, 'text': 'סוג', 'upos': 'NOUN', 'xpos': 'NOUN', 'feats': 'Gender=Masc|Number=Sing', 'head': 4, 'deprel': 'nmod', 'lemma': 'סוג'}]"
7,זה,PRON,PRON,6.0,det,"(15, 17)",זה,Gender=Masc|Number=Sing|Person=3|PronType=Dem,
8,נערכה,VERB,VERB,0.0,root,"(18, 23)",נערך,Gender=Fem|HebBinyan=NIFAL|Number=Sing|Person=3|Tense=Past|Voice=Mid,
9,בדיקה,NOUN,NOUN,8.0,nsubj,"(24, 29)",בדיקה,Gender=Fem|Number=Sing,
"(10, 11)",לשתי,,,,,"(30, 34)",,,"[{'id': 10, 'text': 'ל', 'upos': 'ADP', 'xpos': 'ADP', 'head': 14, 'deprel': 'case', 'lemma': 'ל'}, {'id': 11, 'text': 'שתי', 'upos': 'NUM', 'xpos': 'NUM', 'feats': 'Definite=Cons|Gender=Fem|Number=Plur', 'head': 14, 'deprel': 'nummod', 'lemma': 'שתי'}]"
12,חלופות,NOUN,NOUN,14.0,nmod,"(35, 41)",חלופה,Definite=Cons|Gender=Fem|Number=Plur,
13,–,PUNCT,PUNCT,14.0,punct,"(42, 43)",–,,
14,מבנים,NOUN,NOUN,9.0,nmod,"(44, 49)",מבנה,Gender=Masc|Number=Plur,
"(15, 16)",מסוג,,,,,"(50, 54)",,,"[{'id': 15, 'text': 'מ', 'upos': 'ADP', 'xpos': 'ADP', 'head': 16, 'deprel': 'case', 'lemma': 'מ'}, {'id': 16, 'text': 'סוג', 'upos': 'NOUN', 'xpos': 'NOUN', 'feats': 'Definite=Cons|Gender=Masc|Number=Sing', 'head': 14, 'deprel': 'nmod', 'lemma': 'סוג'}]"
17,2,NUM,NUM,16.0,compound:smixut,"(55, 56)",2,,
"(18, 19)",ששייכים,,,,,"(57, 64)",,,"[{'id': 18, 'text': 'ש', 'upos': 'SCONJ', 'xpos': 'SCONJ', 'head': 19, 'deprel': 'mark', 'lemma': 'ש'}, {'id': 19, 'text': 'שייכים', 'upos': 'ADJ', 'xpos': 'ADJ', 'feats': 'Gender=Masc|Number=Plur', 'head': 14, 'deprel': 'acl:relcl', 'lemma': 'שייך'}]"
"(20, 21)",למבני,,,,,"(65, 70)",,,"[{'id': 20, 'text': 'ל', 'upos': 'ADP', 'xpos': 'ADP', 'head': 21, 'deprel': 'case', 'lemma': 'ל'}, {'id': 21, 'text': 'מבני', 'upos': 'NOUN', 'xpos': 'NOUN', 'feats': 'Definite=Cons|Gender=Masc|Number=Plur', 'head': 19, 'deprel': 'obl', 'lemma': 'מבנה'}]"
22,מסגרת,NOUN,NOUN,21.0,compound:smixut,"(71, 76)",מסגרת,Gender=Fem|Number=Sing,
"(23, 24)",בטון,,,,,"(77, 81)",,,"[{'id': 23, 'text': 'ב', 'upos': 'ADP', 'xpos': 'ADP', 'head': 24, 'deprel': 'case', 'lemma': 'ב'}, {'id': 24, 'text': 'טון', 'upos': 'NOUN', 'xpos': 'NOUN', 'feats': 'Gender=Masc|Number=Sing', 'head': 21, 'deprel': 'nmod', 'lemma': 'טון'}]"
25,מזוין,VERB,VERB,24.0,amod,"(82, 87)",מזוין,"Gender=Masc|HebBinyan=PUAL|Number=Sing|Person=1,2,3|VerbForm=Part|Voice=Pass",
26,",",PUNCT,PUNCT,19.0,punct,"(87, 88)",",",,
"(27, 28)",וגם,,,,,"(89, 92)",,,"[{'id': 27, 'text': 'ו', 'upos': 'CCONJ', 'xpos': 'CCONJ', 'head': 31, 'deprel': 'cc', 'lemma': 'ו'}, {'id': 28, 'text': 'גם', 'upos': 'ADV', 'xpos': 'ADV', 'head': 31, 'deprel': 'advmod', 'lemma': 'גם'}]"
"(29, 30)",כשהמבנים,,,,,"(93, 101)",,,"[{'id': 29, 'text': 'כש', 'upos': 'SCONJ', 'xpos': 'SCONJ', 'feats': 'Case=Tem', 'head': 31, 'deprel': 'mark', 'lemma': 'כש'}, {'id': 30, 'text': 'המבנים', 'upos': 'NOUN', 'xpos': 'NOUN', 'feats': 'Gender=Masc|Number=Plur', 'head': 31, 'deprel': 'nsubj', 'lemma': 'המבן'}]"
31,שייכים,ADJ,ADJ,19.0,conj,"(102, 108)",שייך,Gender=Masc|Number=Plur,
"(32, 33)",למבנים,,,,,"(109, 115)",,,"[{'id': 32, 'text': 'ל', 'upos': 'ADP', 'xpos': 'ADP', 'head': 33, 'deprel': 'case', 'lemma': 'ל'}, {'id': 33, 'text': 'מבנים', 'upos': 'NOUN', 'xpos': 'NOUN', 'feats': 'Gender=Masc|Number=Plur', 'head': 31, 'deprel': 'obl', 'lemma': 'מבנה'}]"
34,עם,ADP,ADP,35.0,case,"(116, 118)",עם,,
35,קירות,NOUN,NOUN,33.0,nmod,"(119, 124)",קיר,Definite=Cons|Gender=Masc|Number=Plur,
"(36, 37)",הקשחה,,,,,"(125, 130)",,,"[{'id': 36, 'text': 'ה', 'upos': 'DET', 'xpos': 'DET', 'feats': 'PronType=Art', 'head': 37, 'deprel': 'det:def', 'lemma': 'ה'}, {'id': 37, 'text': 'קשחה', 'upos': 'NOUN', 'xpos': 'NOUN', 'feats': 'Gender=Fem|Number=Sing', 'head': 35, 'deprel': 'compound:smixut', 'lemma': 'קשחה'}]"
1,5,NUM,NUM,0.0,root,"(1, 2)",5,,
1,3,NUM,NUM,0.0,root,"(0, 1)",3,,
1,2,NUM,NUM,0.0,root,"(0, 1)",2,,
1,1,NUM,NUM,2.0,nummod,"(0, 1)",1,,
2,תאוצות,NOUN,NOUN,0.0,root,"(2, 8)",תאוצה,Gender=Fem|Number=Plur,
3,לפי,ADP,ADP,4.0,case,"(9, 12)",לפי,,
4,נוסחאות,NOUN,NOUN,2.0,nmod,"(13, 20)",נוסחה,Gender=Fem|Number=Plur,
"(5, 6)",למבני,,,,,"(21, 26)",,,"[{'id': 5, 'text': 'ל', 'upos': 'ADP', 'xpos': 'ADP', 'head': 6, 'deprel': 'case', 'lemma': 'ל'}, {'id': 6, 'text': 'מבני', 'upos': 'NOUN', 'xpos': 'NOUN', 'feats': 'Definite=Cons|Gender=Masc|Number=Plur', 'head': 4, 'deprel': 'nmod', 'lemma': 'מבנה'}]"
7,מסגרת,NOUN,NOUN,6.0,compound:smixut,"(27, 32)",מסגרת,Gender=Fem|Number=Sing,
8,מבטון,NOUN,NOUN,6.0,compound:smixut,"(33, 38)",מבטון,Gender=Masc|Number=Sing,
9,מזוין,ADJ,ADJ,8.0,amod,"(39, 44)",מזוין,"Gender=Masc|HebBinyan=PUAL|Number=Sing|Person=1,2,3|VerbForm=Part|Voice=Pass",
"(10, 11)",למבנים,,,,,"(45, 51)",,,"[{'id': 10, 'text': 'ל', 'upos': 'ADP', 'xpos': 'ADP', 'head': 11, 'deprel': 'case', 'lemma': 'ל'}, {'id': 11, 'text': 'מבנים', 'upos': 'NOUN', 'xpos': 'NOUN', 'feats': 'Gender=Masc|Number=Plur', 'head': 8, 'deprel': 'nmod', 'lemma': 'מבנה'}]"
"(12, 13)",מסוג,,,,,"(52, 56)",,,"[{'id': 12, 'text': 'מ', 'upos': 'ADP', 'xpos': 'ADP', 'head': 13, 'deprel': 'case', 'lemma': 'מ'}, {'id': 13, 'text': 'סוג', 'upos': 'NOUN', 'xpos': 'NOUN', 'feats': 'Gender=Masc|Number=Sing', 'head': 11, 'deprel': 'nmod', 'lemma': 'סוג'}]"
14,זה,PRON,PRON,13.0,det,"(57, 59)",זה,Gender=Masc|Number=Sing|Person=3|PronType=Dem,
15,ת,X,X,2.0,dep,"(60, 61)",ת,Xtra=Junk,
1,ב,PROPN,PROPN,0.0,root,"(0, 1)",ב,,
1,"בת""י",PROPN,PROPN,7.0,nsubj,"(1, 5)","בת""י",Abbr=Yes,
2,413,NUM,NUM,1.0,nummod,"(6, 9)",413,HebSource=ConvUncertainHead,
"(3, 4)",וב,,,,,"(10, 12)",,,"[{'id': 3, 'text': 'ו', 'upos': 'CCONJ', 'xpos': 'CCONJ', 'head': 6, 'deprel': 'cc', 'lemma': 'ו'}, {'id': 4, 'text': 'ב', 'upos': 'ADP', 'xpos': 'ADP', 'head': 6, 'deprel': 'case', 'lemma': 'ב'}]"
5,-,PUNCT,PUNCT,1.0,punct,"(12, 13)",-,,
6,EC8,PROPN,PROPN,1.0,conj,"(13, 16)",EC8,,
7,מחושבות,VERB,VERB,0.0,root,"(17, 24)",חושב,"Gender=Fem|HebBinyan=PAAL|Number=Plur|Person=1,2,3|VerbForm=Part|Voice=Act",
8,לפי,ADP,ADP,10.0,case,"(25, 28)",לפי,,
9,אותה,PRON,PRON,10.0,det,"(29, 33)",אותו,Definite=Def|Gender=Fem|Number=Sing|Person=3|PronType=Prs,
10,נוסחה,NOUN,NOUN,7.0,obl,"(34, 39)",נוסחה,Gender=Fem|Number=Sing,
11,(,PUNCT,PUNCT,12.0,punct,"(40, 41)",(,,
12,1,NUM,NUM,7.0,parataxis,"(41, 42)",1,,
1,1,NUM,NUM,0.0,root,"(0, 1)",1,,
2,),PUNCT,PUNCT,1.0,punct,"(1, 2)",),,
"(1, 2)",היחס,,,,,"(1, 5)",,,"[{'id': 1, 'text': 'ה', 'upos': 'DET', 'xpos': 'DET', 'feats': 'PronType=Art', 'head': 2, 'deprel': 'det:def', 'lemma': 'ה'}, {'id': 2, 'text': 'יחס', 'upos': 'NOUN', 'xpos': 'NOUN', 'feats': 'Gender=Masc|Number=Sing', 'head': 0, 'deprel': 'root', 'lemma': 'יחס'}]"
3,בין,ADP,ADP,5.0,case,"(6, 9)",בין,,
"(4, 5)",התאוצות,,,,,"(10, 17)",,,"[{'id': 4, 'text': 'ה', 'upos': 'DET', 'xpos': 'DET', 'feats': 'PronType=Art', 'head': 5, 'deprel': 'det:def', 'lemma': 'ה'}, {'id': 5, 'text': 'תאוצות', 'upos': 'NOUN', 'xpos': 'NOUN', 'feats': 'Gender=Fem|Number=Plur', 'head': 2, 'deprel': 'nmod', 'lemma': 'תאוצה'}]"
"(6, 7)",המחושבות,,,,,"(18, 26)",,,"[{'id': 6, 'text': 'ה', 'upos': 'DET', 'xpos': 'DET', 'feats': 'PronType=Art', 'head': 7, 'deprel': 'det:def', 'lemma': 'ה'}, {'id': 7, 'text': 'מחושבות', 'upos': 'VERB', 'xpos': 'VERB', 'feats': 'Gender=Fem|HebBinyan=PUAL|Number=Plur|Person=1,2,3|VerbForm=Part|Voice=Pass', 'head': 5, 'deprel': 'amod', 'lemma': 'חושב'}]"
8,לפי,ADP,ADP,9.0,case,"(27, 30)",לפי,,
9,"ת""י",NOUN,NOUN,5.0,nmod,"(31, 34)","ת""",Abbr=Yes,
10,413,NUM,NUM,9.0,nummod,"(35, 38)",413,,
11,ו,CCONJ,CCONJ,13.0,cc,"(39, 40)",ו,,
12,-,PUNCT,PUNCT,9.0,punct,"(40, 41)",-,,
13,EC8,PROPN,PROPN,9.0,conj,"(41, 44)",EC8,,
"(14, 15)",ותאוצות,,,,,"(45, 52)",,,"[{'id': 14, 'text': 'ו', 'upos': 'CCONJ', 'xpos': 'CCONJ', 'head': 15, 'deprel': 'cc', 'lemma': 'ו'}, {'id': 15, 'text': 'תאוצות', 'upos': 'NOUN', 'xpos': 'NOUN', 'feats': 'Gender=Fem|Number=Plur', 'head': 5, 'deprel': 'conj', 'lemma': 'תאוצה'}]"
16,",",PUNCT,PUNCT,15.0,punct,"(52, 53)",",",,
"(17, 18)",המחושבות,,,,,"(54, 62)",,,"[{'id': 17, 'text': 'ה', 'upos': 'SCONJ', 'xpos': 'SCONJ', 'head': 18, 'deprel': 'mark', 'lemma': 'ה'}, {'id': 18, 'text': 'מחושבות', 'upos': 'VERB', 'xpos': 'VERB', 'feats': 'Gender=Fem|HebBinyan=PUAL|Number=Plur|Person=1,2,3|VerbForm=Part|Voice=Pass', 'head': 15, 'deprel': 'acl:relcl', 'lemma': 'חושב'}]"
"(19, 20)",לת,,,,,"(63, 65)",,,"[{'id': 19, 'text': 'ל', 'upos': 'ADP', 'xpos': 'ADP', 'head': 15, 'deprel': 'case', 'lemma': 'ל'}, {'id': 20, 'text': 'ת', 'upos': 'NOUN', 'xpos': 'NOUN', 'head': 18, 'deprel': 'dep', 'lemma': 'ת'}]"
1,ב,PROPN,PROPN,0.0,root,"(0, 1)",ב,,
"(1, 2)",המדודה,,,,,"(1, 7)",,,"[{'id': 1, 'text': 'ה', 'upos': 'DET', 'xpos': 'DET', 'feats': 'PronType=Art', 'head': 2, 'deprel': 'det:def', 'lemma': 'ה'}, {'id': 2, 'text': 'מדודה', 'upos': 'NOUN', 'xpos': 'NOUN', 'feats': 'Gender=Fem|Number=Sing', 'head': 6, 'deprel': 'nsubj', 'lemma': 'מדודה'}]"
"(3, 5)",בפועל,,,,,"(8, 13)",,,"[{'id': 3, 'text': 'ב', 'upos': 'ADP', 'xpos': 'ADP', 'head': 5, 'deprel': 'case', 'lemma': 'ב'}, {'id': 4, 'text': 'ה_', 'upos': 'DET', 'xpos': 'DET', 'feats': 'PronType=Art', 'head': 5, 'deprel': 'det:def', 'lemma': 'ה'}, {'id': 5, 'text': 'פועל', 'upos': 'NOUN', 'xpos': 'NOUN', 'feats': 'Gender=Masc|Number=Sing', 'head': 2, 'deprel': 'nmod', 'lemma': 'פועל'}]"
6,מוצג,VERB,VERB,0.0,root,"(14, 18)",הוצג,"Gender=Masc|HebBinyan=HUFAL|Number=Sing|Person=1,2,3|VerbForm=Part|Voice=Pass",
"(7, 8)",באיור,,,,,"(19, 24)",,,"[{'id': 7, 'text': 'ב', 'upos': 'ADP', 'xpos': 'ADP', 'head': 8, 'deprel': 'case', 'lemma': 'ב'}, {'id': 8, 'text': 'איור', 'upos': 'NOUN', 'xpos': 'NOUN', 'feats': 'Gender=Masc|Number=Sing', 'head': 6, 'deprel': 'obl', 'lemma': 'איור'}]"
9,מס' 5,NUM,NUM,8.0,compound:smixut,"(25, 30)",מס' 5,,
1,3,NUM,NUM,0.0,root,"(0, 1)",3,,
1,2,NUM,NUM,0.0,root,"(0, 1)",2,,
1,1,NUM,NUM,0.0,root,"(0, 1)",1,,
1,5,NUM,NUM,0.0,root,"(1, 2)",5,,
1,3,NUM,NUM,0.0,root,"(0, 1)",3,,
1,2,NUM,NUM,0.0,root,"(0, 1)",2,,
1,2,NUM,NUM,2.0,nummod,"(0, 1)",2,,
2,תאוצות,NOUN,NOUN,0.0,root,"(2, 8)",תאוצה,Gender=Fem|Number=Plur,
3,לפי,ADP,ADP,4.0,case,"(9, 12)",לפי,,
4,נוסחאות,NOUN,NOUN,2.0,nmod,"(13, 20)",נוסחה,Gender=Fem|Number=Plur,
"(5, 6)",למבנים,,,,,"(21, 27)",,,"[{'id': 5, 'text': 'ל', 'upos': 'ADP', 'xpos': 'ADP', 'head': 6, 'deprel': 'case', 'lemma': 'ל'}, {'id': 6, 'text': 'מבנים', 'upos': 'NOUN', 'xpos': 'NOUN', 'feats': 'Gender=Masc|Number=Plur', 'head': 4, 'deprel': 'nmod', 'lemma': 'מבנה'}]"
7,עם,ADP,ADP,8.0,case,"(28, 30)",עם,,
8,קירות,NOUN,NOUN,6.0,nmod,"(31, 36)",קיר,Definite=Cons|Gender=Masc|Number=Plur,
"(9, 10)",הקשחה,,,,,"(37, 42)",,,"[{'id': 9, 'text': 'ה', 'upos': 'DET', 'xpos': 'DET', 'feats': 'PronType=Art', 'head': 10, 'deprel': 'det:def', 'lemma': 'ה'}, {'id': 10, 'text': 'קשחה', 'upos': 'NOUN', 'xpos': 'NOUN', 'feats': 'Gender=Fem|Number=Sing', 'head': 8, 'deprel': 'compound:smixut', 'lemma': 'קשחה'}]"
11,תאוצות,NOUN,NOUN,2.0,dep,"(43, 49)",תאוצה,Gender=Fem|Number=Plur,
12,לפי,ADP,ADP,13.0,case,"(50, 53)",לפי,,
13,נוסחה,NOUN,NOUN,11.0,nmod,"(54, 59)",נוסחה,Gender=Fem|Number=Sing,
14,(,PUNCT,PUNCT,15.0,punct,"(60, 61)",(,,
15,1,NUM,NUM,13.0,appos,"(61, 62)",1,,
1,3,NUM,NUM,0.0,root,"(0, 1)",3,,
2,),PUNCT,PUNCT,1.0,punct,"(1, 2)",),,
3,של,ADP,ADP,1.0,dep,"(3, 5)",של,Case=Gen,
"(4, 6)",EC8,,,,,"(6, 9)",,,"[{'id': 4, 'text': 'ל', 'upos': 'ADP', 'xpos': 'ADP', 'head': 6, 'deprel': 'case', 'lemma': 'ל'}, {'id': 5, 'text': 'ה_', 'upos': 'DET', 'xpos': 'DET', 'feats': 'PronType=Art', 'head': 6, 'deprel': 'det:def', 'lemma': 'ה'}, {'id': 6, 'text': 'ח8', 'upos': 'X', 'xpos': 'X', 'feats': 'HebSource=ConvUncertainHead', 'head': 1, 'deprel': 'obl', 'lemma': '_'}]"
"(7, 8)",היחס,,,,,"(10, 14)",,,"[{'id': 7, 'text': 'ה', 'upos': 'DET', 'xpos': 'DET', 'feats': 'PronType=Art', 'head': 8, 'deprel': 'det:def', 'lemma': 'ה'}, {'id': 8, 'text': 'יחס', 'upos': 'NOUN', 'xpos': 'NOUN', 'feats': 'Gender=Masc|Number=Sing', 'head': 1, 'deprel': 'nsubj', 'lemma': 'יחס'}]"
9,בין,ADP,ADP,11.0,case,"(15, 18)",בין,,
"(10, 11)",התאוצות,,,,,"(19, 26)",,,"[{'id': 10, 'text': 'ה', 'upos': 'DET', 'xpos': 'DET', 'feats': 'PronType=Art', 'head': 11, 'deprel': 'det:def', 'lemma': 'ה'}, {'id': 11, 'text': 'תאוצות', 'upos': 'NOUN', 'xpos': 'NOUN', 'feats': 'Gender=Fem|Number=Plur', 'head': 8, 'deprel': 'nmod', 'lemma': 'תאוצה'}]"
"(12, 13)",המחושבות,,,,,"(27, 35)",,,"[{'id': 12, 'text': 'ה', 'upos': 'DET', 'xpos': 'DET', 'feats': 'PronType=Art', 'head': 13, 'deprel': 'det:def', 'lemma': 'ה'}, {'id': 13, 'text': 'מחושבות', 'upos': 'VERB', 'xpos': 'VERB', 'feats': 'Gender=Fem|HebBinyan=PUAL|Number=Plur|Person=1,2,3|VerbForm=Part|Voice=Pass', 'head': 11, 'deprel': 'amod', 'lemma': 'חושב'}]"
14,לפי,ADP,ADP,15.0,case,"(36, 39)",לפי,,
15,נוסחה,NOUN,NOUN,8.0,nmod,"(40, 45)",נוסחה,Gender=Fem|Number=Sing,
16,(,PUNCT,PUNCT,17.0,punct,"(46, 47)",(,,
17,1,NUM,NUM,15.0,appos,"(47, 48)",1,,
1,3,NUM,NUM,0.0,root,"(0, 1)",3,,
2,),PUNCT,PUNCT,1.0,punct,"(1, 2)",),,
3,של,ADP,ADP,4.0,case:gen,"(3, 5)",של,Case=Gen,
4,EC8,PROPN,PROPN,1.0,obl,"(6, 9)",EC8,,
"(5, 6)",ותאוצות,,,,,"(10, 17)",,,"[{'id': 5, 'text': 'ו', 'upos': 'CCONJ', 'xpos': 'CCONJ', 'head': 6, 'deprel': 'cc', 'lemma': 'ו'}, {'id': 6, 'text': 'תאוצות', 'upos': 'NOUN', 'xpos': 'NOUN', 'feats': 'Gender=Fem|Number=Plur', 'head': 4, 'deprel': 'conj', 'lemma': 'תאוצה'}]"
7,",",PUNCT,PUNCT,6.0,punct,"(17, 18)",",",,
"(8, 9)",המחושבות,,,,,"(19, 27)",,,"[{'id': 8, 'text': 'ה', 'upos': 'SCONJ', 'xpos': 'SCONJ', 'head': 9, 'deprel': 'mark', 'lemma': 'ה'}, {'id': 9, 'text': 'מחושבות', 'upos': 'VERB', 'xpos': 'VERB', 'feats': 'Gender=Fem|HebBinyan=PAAL|Number=Plur|Person=1,2,3|VerbForm=Part|Voice=Act', 'head': 6, 'deprel': 'acl:relcl', 'lemma': 'חושב'}]"
10,לת,ADP,ADP,9.0,dep,"(28, 30)",לת,,
1,ב,PROPN,PROPN,0.0,root,"(0, 1)",ב,,
"(1, 2)",המדודה,,,,,"(1, 7)",,,"[{'id': 1, 'text': 'ה', 'upos': 'DET', 'xpos': 'DET', 'feats': 'PronType=Art', 'head': 2, 'deprel': 'det:def', 'lemma': 'ה'}, {'id': 2, 'text': 'מדודה', 'upos': 'NOUN', 'xpos': 'NOUN', 'feats': 'Gender=Fem|Number=Sing', 'head': 6, 'deprel': 'nsubj', 'lemma': 'מדודה'}]"
"(3, 5)",בפועל,,,,,"(8, 13)",,,"[{'id': 3, 'text': 'ב', 'upos': 'ADP', 'xpos': 'ADP', 'head': 5, 'deprel': 'case', 'lemma': 'ב'}, {'id': 4, 'text': 'ה_', 'upos': 'DET', 'xpos': 'DET', 'feats': 'PronType=Art', 'head': 5, 'deprel': 'det:def', 'lemma': 'ה'}, {'id': 5, 'text': 'פועל', 'upos': 'NOUN', 'xpos': 'NOUN', 'feats': 'Gender=Masc|Number=Sing', 'head': 2, 'deprel': 'nmod', 'lemma': 'פועל'}]"
6,מוצג,VERB,VERB,0.0,root,"(14, 18)",הוצג,"Gender=Masc|HebBinyan=HUFAL|Number=Sing|Person=1,2,3|VerbForm=Part|Voice=Pass",
"(7, 8)",באיור,,,,,"(19, 24)",,,"[{'id': 7, 'text': 'ב', 'upos': 'ADP', 'xpos': 'ADP', 'head': 8, 'deprel': 'case', 'lemma': 'ב'}, {'id': 8, 'text': 'איור', 'upos': 'NOUN', 'xpos': 'NOUN', 'feats': 'Gender=Masc|Number=Sing', 'head': 6, 'deprel': 'obl', 'lemma': 'איור'}]"
9,מס' 5,NUM,NUM,8.0,compound:smixut,"(25, 30)",מס' 5,,
1,3,NUM,NUM,0.0,root,"(0, 1)",3,,
1,2,NUM,NUM,0.0,root,"(0, 1)",2,,
1,2,NUM,NUM,0.0,root,"(0, 1)",2,,
1,1,NUM,NUM,0.0,root,"(0, 1)",1,,
1,מאיור,PROPN,PROPN,0.0,root,"(1, 6)",מאיור,,
2,מס',X,X,1.0,dep,"(7, 10)",מסו,Xtra=Junk,
3,5,NUM,NUM,1.0,nummod,"(11, 12)",5,,
1,3,NUM,NUM,0.0,root,"(0, 1)",3,,
1,2,NUM,NUM,0.0,root,"(0, 1)",2,,
1,2,NUM,NUM,0.0,root,"(0, 1)",2,,
1,1,NUM,NUM,2.0,nsubj,"(0, 1)",1,,
2,נובע,VERB,VERB,0.0,root,"(2, 6)",נבע,"Gender=Masc|HebBinyan=PAAL|Number=Sing|Person=1,2,3|VerbForm=Part|Voice=Act",
3,כי,SCONJ,SCONJ,2.0,advcl,"(7, 9)",כי,,
4,",",PUNCT,PUNCT,6.0,punct,"(9, 10)",",",,
"(5, 6)",למבנים,,,,,"(11, 17)",,,"[{'id': 5, 'text': 'ל', 'upos': 'ADP', 'xpos': 'ADP', 'head': 6, 'deprel': 'case', 'lemma': 'ל'}, {'id': 6, 'text': 'מבנים', 'upos': 'NOUN', 'xpos': 'NOUN', 'feats': 'Gender=Masc|Number=Plur', 'head': 3, 'deprel': 'dep', 'lemma': 'מבנה'}]"
"(7, 8)",מסוג,,,,,"(18, 22)",,,"[{'id': 7, 'text': 'מ', 'upos': 'ADP', 'xpos': 'ADP', 'head': 8, 'deprel': 'case', 'lemma': 'מ'}, {'id': 8, 'text': 'סוג', 'upos': 'NOUN', 'xpos': 'NOUN', 'feats': 'Gender=Masc|Number=Sing', 'head': 6, 'deprel': 'nmod', 'lemma': 'סוג'}]"
9,זה,PRON,PRON,8.0,det,"(23, 25)",זה,Gender=Masc|Number=Sing|Person=3|PronType=Dem,
10,",",PUNCT,PUNCT,6.0,punct,"(25, 26)",",",,
11,בעלי,NOUN,NOUN,6.0,appos,"(27, 31)",בעל,Definite=Cons|Gender=Masc|Number=Plur,
12,כמות,NOUN,NOUN,11.0,compound:smixut,"(32, 36)",כמות,Gender=Fem|Number=Sing,
13,קטנה,ADJ,ADJ,12.0,amod,"(37, 41)",קטן,Gender=Fem|Number=Sing,
14,של,ADP,ADP,15.0,case:gen,"(42, 44)",של,Case=Gen,
15,קירות,NOUN,NOUN,12.0,nmod,"(45, 50)",קיר,Definite=Cons|Gender=Masc|Number=Plur,
16,הקשחה,NOUN,NOUN,15.0,compound:smixut,"(51, 56)",הקשחה,Gender=Fem|Number=Sing,
17,",",PUNCT,PUNCT,6.0,punct,"(56, 57)",",",,
18,שימוש,NOUN,NOUN,3.0,dep,"(58, 63)",שימוש,Gender=Masc|Number=Sing,
"(19, 20)",בנוסחה,,,,,"(64, 70)",,,"[{'id': 19, 'text': 'ב', 'upos': 'ADP', 'xpos': 'ADP', 'head': 20, 'deprel': 'case', 'lemma': 'ב'}, {'id': 20, 'text': 'נוסחה', 'upos': 'NOUN', 'xpos': 'NOUN', 'feats': 'Gender=Fem|Number=Sing', 'head': 18, 'deprel': 'nmod', 'lemma': 'נוסחה'}]"
"(21, 22)",לחישוב,,,,,"(71, 77)",,,"[{'id': 21, 'text': 'ל', 'upos': 'ADP', 'xpos': 'ADP', 'head': 22, 'deprel': 'case', 'lemma': 'ל'}, {'id': 22, 'text': 'חישוב', 'upos': 'NOUN', 'xpos': 'NOUN', 'feats': 'Definite=Cons|Gender=Masc|Number=Sing', 'head': 20, 'deprel': 'nmod', 'lemma': 'חישוב'}]"
23,ת,PROPN,PROPN,22.0,compound:smixut,"(78, 79)",ת,,
1,ב,PROPN,PROPN,0.0,root,"(0, 1)",ב,,
1,גורם,VERB,VERB,0.0,root,"(1, 5)",גרם,"Gender=Masc|HebBinyan=PAAL|Number=Sing|Person=1,2,3|VerbForm=Part|Voice=Act",
"(2, 3)",לשגיאה,,,,,"(6, 12)",,,"[{'id': 2, 'text': 'ל', 'upos': 'ADP', 'xpos': 'ADP', 'head': 3, 'deprel': 'case', 'lemma': 'ל'}, {'id': 3, 'text': 'שגיאה', 'upos': 'NOUN', 'xpos': 'NOUN', 'feats': 'Gender=Fem|Number=Sing', 'head': 1, 'deprel': 'obl', 'lemma': 'שגיאה'}]"
4,גדולה,ADJ,ADJ,3.0,amod,"(13, 18)",גדול,Gender=Fem|Number=Sing,
5,מאוד,ADV,ADV,4.0,advmod,"(19, 23)",מאוד,,
"(6, 7)",בחישוב,,,,,"(24, 30)",,,"[{'id': 6, 'text': 'ב', 'upos': 'ADP', 'xpos': 'ADP', 'head': 7, 'deprel': 'case', 'lemma': 'ב'}, {'id': 7, 'text': 'חישוב', 'upos': 'NOUN', 'xpos': 'NOUN', 'feats': 'Definite=Cons|Gender=Masc|Number=Sing', 'head': 3, 'deprel': 'nmod', 'lemma': 'חישוב'}]"
8,תאוצות,NOUN,NOUN,7.0,compound:smixut,"(31, 37)",תאוצה,Gender=Fem|Number=Plur,
"(9, 10)",לתכן,,,,,"(38, 42)",,,"[{'id': 9, 'text': 'ל', 'upos': 'ADP', 'xpos': 'ADP', 'head': 10, 'deprel': 'case', 'lemma': 'ל'}, {'id': 10, 'text': 'תכן', 'upos': 'NOUN', 'xpos': 'NOUN', 'head': 7, 'deprel': 'nmod', 'lemma': 'תכן'}]"
"(1, 2)",בהתאם,,,,,"(1, 6)",,,"[{'id': 1, 'text': 'ב', 'upos': 'ADP', 'xpos': 'ADP', 'head': 4, 'deprel': 'case', 'lemma': 'ב'}, {'id': 2, 'text': 'התאם', 'upos': 'NOUN', 'xpos': 'NOUN', 'feats': 'Gender=Masc|Number=Sing', 'head': 1, 'deprel': 'fixed', 'lemma': 'התאם'}]"
"(3, 4)",לכך,,,,,"(7, 10)",,,"[{'id': 3, 'text': 'ל', 'upos': 'ADP', 'xpos': 'ADP', 'head': 1, 'deprel': 'fixed', 'lemma': 'ל'}, {'id': 4, 'text': 'כך', 'upos': 'PRON', 'xpos': 'PRON', 'feats': 'Person=3|PronType=Dem', 'head': 6, 'deprel': 'obl', 'lemma': 'כך'}]"
5,לא,ADV,ADV,6.0,advmod,"(11, 13)",לא,Polarity=Neg,
6,ניתן,AUX,AUX,7.0,aux,"(14, 18)",ניתן,"Gender=Masc|Number=Sing|Person=1,2,3|VerbType=Mod",
7,לשייך,VERB,VERB,0.0,root,"(19, 24)",שייך,HebBinyan=HIFIL|VerbForm=Inf|Voice=Act,
8,את,ADP,ADP,10.0,case:acc,"(25, 27)",את,Case=Acc,
"(9, 10)",המבנים,,,,,"(28, 34)",,,"[{'id': 9, 'text': 'ה', 'upos': 'DET', 'xpos': 'DET', 'feats': 'PronType=Art', 'head': 10, 'deprel': 'det:def', 'lemma': 'ה'}, {'id': 10, 'text': 'מבנים', 'upos': 'NOUN', 'xpos': 'NOUN', 'feats': 'Gender=Masc|Number=Plur', 'head': 7, 'deprel': 'obj', 'lemma': 'מבנה'}]"
"(11, 12)",למבנים,,,,,"(35, 41)",,,"[{'id': 11, 'text': 'ל', 'upos': 'ADP', 'xpos': 'ADP', 'head': 12, 'deprel': 'case', 'lemma': 'ל'}, {'id': 12, 'text': 'מבנים', 'upos': 'NOUN', 'xpos': 'NOUN', 'feats': 'Gender=Masc|Number=Plur', 'head': 7, 'deprel': 'obl', 'lemma': 'מבנה'}]"
13,עם,ADP,ADP,14.0,case,"(42, 44)",עם,,
14,קירות,NOUN,NOUN,12.0,nmod,"(45, 50)",קיר,Definite=Cons|Gender=Masc|Number=Plur,
"(15, 16)",הקשחה,,,,,"(51, 56)",,,"[{'id': 15, 'text': 'ה', 'upos': 'DET', 'xpos': 'DET', 'feats': 'PronType=Art', 'head': 16, 'deprel': 'det:def', 'lemma': 'ה'}, {'id': 16, 'text': 'קשחה', 'upos': 'NOUN', 'xpos': 'NOUN', 'feats': 'Gender=Fem|Number=Sing', 'head': 14, 'deprel': 'compound:smixut', 'lemma': 'קשחה'}]"
"(17, 18)",לחישוב,,,,,"(57, 63)",,,"[{'id': 17, 'text': 'ל', 'upos': 'ADP', 'xpos': 'ADP', 'head': 18, 'deprel': 'case', 'lemma': 'ל'}, {'id': 18, 'text': 'חישוב', 'upos': 'NOUN', 'xpos': 'NOUN', 'feats': 'Gender=Masc|Number=Sing', 'head': 12, 'deprel': 'nmod', 'lemma': 'חישוב'}]"
19,סיסמי,ADJ,ADJ,18.0,amod,"(64, 69)",סיסמי,Gender=Masc|Number=Sing,
1,תאוצות,NOUN,NOUN,0.0,root,"(1, 7)",תאוצה,Gender=Fem|Number=Plur,
2,לפי,ADP,ADP,3.0,case,"(8, 11)",לפי,,
3,נוסחה,NOUN,NOUN,1.0,nmod,"(12, 17)",נוסחה,Gender=Fem|Number=Sing,
4,(,PUNCT,PUNCT,5.0,punct,"(18, 19)",(,,
5,1,NUM,NUM,3.0,appos,"(19, 20)",1,,
1,2,NUM,NUM,0.0,root,"(0, 1)",2,,
2,),PUNCT,PUNCT,1.0,punct,"(1, 2)",),,
3,של,ADP,ADP,4.0,case:gen,"(3, 5)",של,Case=Gen,
4,"ת""י",PROPN,PROPN,1.0,obl,"(6, 9)","ת""י",Abbr=Yes,
5,413,NUM,NUM,4.0,nummod,"(10, 13)",413,,
6,ו,CCONJ,CCONJ,8.0,cc,"(14, 15)",ו,,
7,-,PUNCT,PUNCT,4.0,punct,"(15, 16)",-,,
8,EC8,PROPN,PROPN,5.0,conj,"(16, 19)",EC8,,
"(9, 10)",היחס,,,,,"(20, 24)",,,"[{'id': 9, 'text': 'ה', 'upos': 'DET', 'xpos': 'DET', 'feats': 'PronType=Art', 'head': 10, 'deprel': 'det:def', 'lemma': 'ה'}, {'id': 10, 'text': 'יחס', 'upos': 'NOUN', 'xpos': 'NOUN', 'feats': 'Gender=Masc|Number=Sing', 'head': 1, 'deprel': 'nsubj', 'lemma': 'יחס'}]"
11,בין,ADP,ADP,13.0,case,"(25, 28)",בין,,
"(12, 13)",התאוצות,,,,,"(29, 36)",,,"[{'id': 12, 'text': 'ה', 'upos': 'DET', 'xpos': 'DET', 'feats': 'PronType=Art', 'head': 13, 'deprel': 'det:def', 'lemma': 'ה'}, {'id': 13, 'text': 'תאוצות', 'upos': 'NOUN', 'xpos': 'NOUN', 'feats': 'Gender=Fem|Number=Plur', 'head': 10, 'deprel': 'nmod', 'lemma': 'תאוצה'}]"
"(14, 15)",המחושבות,,,,,"(37, 45)",,,"[{'id': 14, 'text': 'ה', 'upos': 'DET', 'xpos': 'DET', 'feats': 'PronType=Art', 'head': 15, 'deprel': 'det:def', 'lemma': 'ה'}, {'id': 15, 'text': 'מחושבות', 'upos': 'VERB', 'xpos': 'VERB', 'feats': 'Gender=Fem|HebBinyan=PUAL|Number=Plur|Person=1,2,3|VerbForm=Part|Voice=Pass', 'head': 13, 'deprel': 'amod', 'lemma': 'חושב'}]"
16,לפי,ADP,ADP,17.0,case,"(46, 49)",לפי,,
17,נוסחה,NOUN,NOUN,10.0,nmod,"(50, 55)",נוסחה,Gender=Fem|Number=Sing,
18,(,PUNCT,PUNCT,19.0,punct,"(56, 57)",(,,
19,1,NUM,NUM,17.0,appos,"(57, 58)",1,,
1,2,NUM,NUM,0.0,root,"(0, 1)",2,,
2,),PUNCT,PUNCT,1.0,punct,"(1, 2)",),,
3,של,ADP,ADP,4.0,case:gen,"(3, 5)",של,Case=Gen,
4,"ת""י",PROPN,PROPN,1.0,obl,"(6, 9)","ת""י",Abbr=Yes,
5,413,NUM,NUM,4.0,nummod,"(10, 13)",413,,
6,ו,CCONJ,CCONJ,10.0,cc,"(14, 15)",ו,,
7,-,PUNCT,PUNCT,4.0,punct,"(15, 16)",-,,
8,EC8,PROPN,PROPN,5.0,dep,"(16, 19)",EC8,,
"(9, 10)",ותאוצות,,,,,"(20, 27)",,,"[{'id': 9, 'text': 'ו', 'upos': 'CCONJ', 'xpos': 'CCONJ', 'head': 10, 'deprel': 'cc', 'lemma': 'ו'}, {'id': 10, 'text': 'תאוצות', 'upos': 'NOUN', 'xpos': 'NOUN', 'feats': 'Gender=Fem|Number=Plur', 'head': 4, 'deprel': 'conj', 'lemma': 'תאוצה'}]"
11,",",PUNCT,PUNCT,10.0,punct,"(27, 28)",",",,
"(12, 13)",המחושבות,,,,,"(29, 37)",,,"[{'id': 12, 'text': 'ה', 'upos': 'SCONJ', 'xpos': 'SCONJ', 'head': 13, 'deprel': 'mark', 'lemma': 'ה'}, {'id': 13, 'text': 'מחושבות', 'upos': 'VERB', 'xpos': 'VERB', 'feats': 'Gender=Fem|HebBinyan=PUAL|Number=Plur|Person=1,2,3|VerbForm=Part|Voice=Pass', 'head': 10, 'deprel': 'acl:relcl', 'lemma': 'חושב'}]"
"(14, 15)",לת,,,,,"(38, 40)",,,"[{'id': 14, 'text': 'ל', 'upos': 'ADP', 'xpos': 'ADP', 'head': 15, 'deprel': 'case', 'lemma': 'ל'}, {'id': 15, 'text': 'ת', 'upos': 'PROPN', 'xpos': 'PROPN', 'head': 13, 'deprel': 'obl', 'lemma': 'ת'}]"
1,ב,PROPN,PROPN,0.0,root,"(0, 1)",ב,,
"(1, 2)",המדודה,,,,,"(1, 7)",,,"[{'id': 1, 'text': 'ה', 'upos': 'DET', 'xpos': 'DET', 'feats': 'PronType=Art', 'head': 2, 'deprel': 'det:def', 'lemma': 'ה'}, {'id': 2, 'text': 'מדודה', 'upos': 'NOUN', 'xpos': 'NOUN', 'feats': 'Gender=Fem|Number=Sing', 'head': 6, 'deprel': 'nsubj', 'lemma': 'מדודה'}]"
"(3, 5)",בפועל,,,,,"(8, 13)",,,"[{'id': 3, 'text': 'ב', 'upos': 'ADP', 'xpos': 'ADP', 'head': 5, 'deprel': 'case', 'lemma': 'ב'}, {'id': 4, 'text': 'ה_', 'upos': 'DET', 'xpos': 'DET', 'feats': 'PronType=Art', 'head': 5, 'deprel': 'det:def', 'lemma': 'ה'}, {'id': 5, 'text': 'פועל', 'upos': 'NOUN', 'xpos': 'NOUN', 'feats': 'Gender=Masc|Number=Sing', 'head': 2, 'deprel': 'nmod', 'lemma': 'פועל'}]"
6,מוצג,VERB,VERB,0.0,root,"(14, 18)",הוצג,"Gender=Masc|HebBinyan=HUFAL|Number=Sing|Person=1,2,3|VerbForm=Part|Voice=Pass",
"(7, 8)",באיור,,,,,"(19, 24)",,,"[{'id': 7, 'text': 'ב', 'upos': 'ADP', 'xpos': 'ADP', 'head': 8, 'deprel': 'case', 'lemma': 'ב'}, {'id': 8, 'text': 'איור', 'upos': 'NOUN', 'xpos': 'NOUN', 'feats': 'Gender=Masc|Number=Sing', 'head': 6, 'deprel': 'obl', 'lemma': 'איור'}]"
9,מס' 5,NUM,NUM,8.0,compound:smixut,"(25, 30)",מס' 5,,
1,3,NUM,NUM,0.0,root,"(0, 1)",3,,
1,2,NUM,NUM,0.0,root,"(0, 1)",2,,
1,2,NUM,NUM,0.0,root,"(0, 1)",2,,
1,2,NUM,NUM,0.0,root,"(0, 1)",2,,
1,ניתן,AUX,AUX,2.0,aux,"(1, 5)",ניתן,"Gender=Masc|Number=Sing|Person=1,2,3|VerbType=Mod",
2,לראות,VERB,VERB,0.0,root,"(6, 11)",ראה,HebBinyan=PAAL|VerbForm=Inf|Voice=Act,
3,",",PUNCT,PUNCT,2.0,punct,"(11, 12)",",",,
4,כי,SCONJ,SCONJ,7.0,mark,"(13, 15)",כי,,
5,הנחה,NOUN,NOUN,12.0,nsubj,"(16, 20)",הנחה,Gender=Fem|Number=Sing,
6,לא,ADV,ADV,7.0,advmod,"(21, 23)",לא,Polarity=Neg,
7,נכונה,ADJ,ADJ,5.0,amod,"(24, 29)",נכון,Gender=Fem|Number=Sing,
8,(,PUNCT,PUNCT,9.0,punct,"(30, 31)",(,,
9,ראה,VERB,VERB,5.0,appos,"(31, 34)",ראה,,
10,לעיל,ADV,ADV,9.0,advmod,"(35, 39)",לעיל,,
11,),PUNCT,PUNCT,9.0,punct,"(39, 40)",),,
12,לשייך,VERB,VERB,2.0,dep,"(41, 46)",שייך,HebBinyan=HIFIL|VerbForm=Inf|Voice=Act,
13,את,ADP,ADP,14.0,case:acc,"(47, 49)",את,Case=Acc,
14,מבנים,NOUN,NOUN,12.0,obj,"(50, 55)",מבנה,Gender=Masc|Number=Plur,
"(15, 16)",למבנים,,,,,"(56, 62)",,,"[{'id': 15, 'text': 'ל', 'upos': 'ADP', 'xpos': 'ADP', 'head': 16, 'deprel': 'case', 'lemma': 'ל'}, {'id': 16, 'text': 'מבנים', 'upos': 'NOUN', 'xpos': 'NOUN', 'feats': 'Gender=Masc|Number=Plur', 'head': 12, 'deprel': 'obl', 'lemma': 'מבנה'}]"
17,עם,ADP,ADP,18.0,case,"(63, 65)",עם,,
18,קירות,NOUN,NOUN,12.0,obl,"(66, 71)",קיר,Definite=Cons|Gender=Masc|Number=Plur,
"(19, 20)",הקשחה,,,,,"(72, 77)",,,"[{'id': 19, 'text': 'ה', 'upos': 'DET', 'xpos': 'DET', 'feats': 'PronType=Art', 'head': 20, 'deprel': 'det:def', 'lemma': 'ה'}, {'id': 20, 'text': 'קשחה', 'upos': 'NOUN', 'xpos': 'NOUN', 'feats': 'Gender=Fem|Number=Sing', 'head': 18, 'deprel': 'compound:smixut', 'lemma': 'קשחה'}]"
"(21, 22)",לחישוב,,,,,"(78, 84)",,,"[{'id': 21, 'text': 'ל', 'upos': 'ADP', 'xpos': 'ADP', 'head': 22, 'deprel': 'case', 'lemma': 'ל'}, {'id': 22, 'text': 'חישוב', 'upos': 'NOUN', 'xpos': 'NOUN', 'feats': 'Definite=Cons|Gender=Masc|Number=Sing', 'head': 12, 'deprel': 'obl', 'lemma': 'חישוב'}]"
23,ת,PROPN,PROPN,22.0,compound:smixut,"(85, 86)",ת,,
1,ב,PROPN,PROPN,0.0,root,"(0, 1)",ב,,
1,גורמת,VERB,VERB,0.0,root,"(1, 6)",גרם,"Gender=Fem|HebBinyan=PAAL|Number=Sing|Person=1,2,3|VerbForm=Part|Voice=Act",
"(2, 3)",להתאמה,,,,,"(7, 13)",,,"[{'id': 2, 'text': 'ל', 'upos': 'ADP', 'xpos': 'ADP', 'head': 3, 'deprel': 'case', 'lemma': 'ל'}, {'id': 3, 'text': 'התאמה', 'upos': 'NOUN', 'xpos': 'NOUN', 'feats': 'Gender=Fem|Number=Sing', 'head': 1, 'deprel': 'obl', 'lemma': 'התאמה'}]"
4,יחסית,ADV,ADV,5.0,advmod,"(14, 19)",יחסית,,
5,טובה,ADJ,ADJ,3.0,amod,"(20, 24)",טוב,Gender=Fem|Number=Sing,
6,של,ADP,ADP,7.0,case:gen,"(25, 27)",של,Case=Gen,
7,תאוצות,NOUN,NOUN,3.0,nmod,"(28, 34)",תאוצה,Gender=Fem|Number=Plur,
"(8, 9)",לתכן,,,,,"(35, 39)",,,"[{'id': 8, 'text': 'ל', 'upos': 'ADP', 'xpos': 'ADP', 'head': 9, 'deprel': 'case', 'lemma': 'ל'}, {'id': 9, 'text': 'תכן', 'upos': 'NOUN', 'xpos': 'NOUN', 'feats': 'Gender=Masc|Number=Sing', 'head': 7, 'deprel': 'nmod', 'lemma': 'תכן'}]"
10,לפי,ADP,ADP,9.0,case,"(40, 43)",לפי,,
11,ת,NOUN,NOUN,10.0,fixed,"(44, 45)",ת,,
1,ב,PROPN,PROPN,0.0,root,"(0, 1)",ב,,
"(1, 2)",המחושבת,,,,,"(1, 8)",,,"[{'id': 1, 'text': 'ה', 'upos': 'DET', 'xpos': 'DET', 'feats': 'PronType=Art', 'head': 2, 'deprel': 'det:def', 'lemma': 'ה'}, {'id': 2, 'text': 'מחושבת', 'upos': 'VERB', 'xpos': 'VERB', 'feats': 'Gender=Fem|Number=Sing', 'head': 0, 'deprel': 'root', 'lemma': 'חושב'}]"
"(3, 5)",והמדודה,,,,,"(9, 16)",,,"[{'id': 3, 'text': 'ו', 'upos': 'CCONJ', 'xpos': 'CCONJ', 'head': 5, 'deprel': 'cc', 'lemma': 'ו'}, {'id': 4, 'text': 'ה', 'upos': 'DET', 'xpos': 'DET', 'feats': 'PronType=Art', 'head': 5, 'deprel': 'det:def', 'lemma': 'ה'}, {'id': 5, 'text': 'מדודה', 'upos': 'ADJ', 'xpos': 'ADJ', 'feats': 'Gender=Fem|Number=Sing', 'head': 2, 'deprel': 'conj', 'lemma': 'מדודה'}]"
"(1, 2)",הדבר,,,,,"(1, 5)",,,"[{'id': 1, 'text': 'ה', 'upos': 'DET', 'xpos': 'DET', 'feats': 'PronType=Art', 'head': 2, 'deprel': 'det:def', 'lemma': 'ה'}, {'id': 2, 'text': 'דבר', 'upos': 'NOUN', 'xpos': 'NOUN', 'feats': 'Gender=Masc|Number=Sing', 'head': 3, 'deprel': 'nsubj', 'lemma': 'דבר'}]"
3,קורה,VERB,VERB,0.0,root,"(6, 10)",קרה,"Gender=Masc|HebBinyan=PAAL|Number=Sing|Person=1,2,3|VerbForm=Part|Voice=Act",
4,בגלל,ADP,ADP,6.0,case,"(11, 15)",בגלל,,
5,שתי,NUM,NUM,6.0,nummod,"(16, 19)",שתי,Definite=Cons|Gender=Fem|Number=Plur,
6,שגיאות,NOUN,NOUN,3.0,obl,"(20, 26)",שגיאה,Gender=Fem|Number=Plur,
"(7, 8)",בחישוב,,,,,"(27, 33)",,,"[{'id': 7, 'text': 'ב', 'upos': 'ADP', 'xpos': 'ADP', 'head': 8, 'deprel': 'case', 'lemma': 'ב'}, {'id': 8, 'text': 'חישוב', 'upos': 'NOUN', 'xpos': 'NOUN', 'feats': 'Gender=Masc|Number=Sing', 'head': 6, 'deprel': 'nmod', 'lemma': 'חישוב'}]"
9,",",PUNCT,PUNCT,3.0,punct,"(33, 34)",",",,
10,כאשר,SCONJ,SCONJ,13.0,mark,"(35, 39)",כאשר,,
11,שגיאה,NOUN,NOUN,13.0,nsubj,"(40, 45)",שגיאה,Gender=Fem|Number=Sing,
12,אחת,NUM,NUM,11.0,nummod,"(46, 49)",אחת,Gender=Fem|Number=Sing,
13,מנטרלת,VERB,VERB,3.0,advcl,"(50, 56)",נטררל,"Gender=Fem|HebBinyan=PIEL|Number=Sing|Person=1,2,3|VerbForm=Part|Voice=Act",
14,את,ADP,ADP,16.0,case:acc,"(57, 59)",את,Case=Acc,
"(15, 16)",השגיאה,,,,,"(60, 66)",,,"[{'id': 15, 'text': 'ה', 'upos': 'DET', 'xpos': 'DET', 'feats': 'PronType=Art', 'head': 16, 'deprel': 'det:def', 'lemma': 'ה'}, {'id': 16, 'text': 'שגיאה', 'upos': 'NOUN', 'xpos': 'NOUN', 'feats': 'Gender=Fem|Number=Sing', 'head': 13, 'deprel': 'obj', 'lemma': 'שגיאה'}]"
"(17, 18)",השנייה,,,,,"(67, 73)",,,"[{'id': 17, 'text': 'ה', 'upos': 'DET', 'xpos': 'DET', 'feats': 'PronType=Art', 'head': 18, 'deprel': 'det:def', 'lemma': 'ה'}, {'id': 18, 'text': 'שנייה', 'upos': 'NUM', 'xpos': 'NUM', 'feats': 'Gender=Fem|Number=Sing', 'head': 16, 'deprel': 'amod', 'lemma': 'שנייה'}]"
19,:,PUNCT,PUNCT,3.0,punct,"(73, 74)",:,,
20,∗,PUNCT,PUNCT,42.0,punct,"(75, 76)",∗,,
21,שימוש,NOUN,NOUN,42.0,nsubj,"(77, 82)",שימוש,Gender=Masc|Number=Sing,
"(22, 23)",בנוסחאות,,,,,"(83, 91)",,,"[{'id': 22, 'text': 'ב', 'upos': 'ADP', 'xpos': 'ADP', 'head': 23, 'deprel': 'case', 'lemma': 'ב'}, {'id': 23, 'text': 'נוסחאות', 'upos': 'NOUN', 'xpos': 'NOUN', 'feats': 'Gender=Fem|Number=Plur', 'head': 21, 'deprel': 'nmod', 'lemma': 'נוסחה'}]"
24,מ,ADP,ADP,26.0,case,"(92, 93)",מ,,
25,-,PUNCT,PUNCT,26.0,punct,"(93, 94)",-,,
26,97,NUM,NUM,23.0,nmod,"(94, 96)",97,,
27,-,PUNCT,PUNCT,26.0,punct,"(96, 97)",-,,
28,UBC,PROPN,PROPN,26.0,dep,"(97, 100)",UBC,HebSource=ConvUncertainHead,
29,",",PUNCT,PUNCT,23.0,punct,"(100, 101)",",",,
"(30, 31)",המופיעות,,,,,"(102, 110)",,,"[{'id': 30, 'text': 'ה', 'upos': 'SCONJ', 'xpos': 'SCONJ', 'head': 31, 'deprel': 'mark', 'lemma': 'ה'}, {'id': 31, 'text': 'מופיעות', 'upos': 'VERB', 'xpos': 'VERB', 'feats': 'Gender=Fem|HebBinyan=HIFIL|Number=Plur|Person=1,2,3|VerbForm=Part|Voice=Act', 'head': 23, 'deprel': 'acl:relcl', 'lemma': 'הופיע'}]"
32,גם,ADV,ADV,33.0,advmod,"(111, 113)",גם,,
33,ב,ADP,ADP,35.0,case,"(114, 115)",ב,,
34,-,PUNCT,PUNCT,35.0,punct,"(115, 116)",-,,
35,EC8,PROPN,PROPN,31.0,advmod,"(116, 119)",EC8,,
"(36, 37)",וגם,,,,,"(120, 123)",,,"[{'id': 36, 'text': 'ו', 'upos': 'CCONJ', 'xpos': 'CCONJ', 'head': 39, 'deprel': 'cc', 'lemma': 'ו'}, {'id': 37, 'text': 'גם', 'upos': 'ADV', 'xpos': 'ADV', 'head': 38, 'deprel': 'advmod', 'lemma': 'גם'}]"
"(38, 39)","בת""י",,,,,"(124, 128)",,,"[{'id': 38, 'text': 'ב', 'upos': 'ADP', 'xpos': 'ADP', 'head': 39, 'deprel': 'case', 'lemma': 'ב'}, {'id': 39, 'text': 'ת""י', 'upos': 'PROPN', 'xpos': 'PROPN', 'feats': 'Abbr=Yes', 'head': 60, 'deprel': 'conj', 'lemma': 'ת""י'}]"
40,413,NUM,NUM,39.0,nummod,"(129, 132)",413,,
41,",",PUNCT,PUNCT,42.0,punct,"(132, 133)",",",,
42,נותן,VERB,VERB,3.0,conj,"(134, 138)",נתן,"Gender=Masc|HebBinyan=PAAL|Number=Sing|Person=1,2,3|VerbForm=Part|Voice=Act",
43,הערכה,NOUN,NOUN,42.0,obj,"(139, 144)",הערכה,Gender=Fem|Number=Sing,
44,גדולה,ADJ,ADJ,43.0,amod,"(145, 150)",גדול,Gender=Fem|Number=Sing,
45,מדי,ADV,ADV,44.0,advmod,"(151, 154)",מדי,,
"(46, 47)",לתקופה,,,,,"(155, 161)",,,"[{'id': 46, 'text': 'ל', 'upos': 'ADP', 'xpos': 'ADP', 'head': 47, 'deprel': 'case', 'lemma': 'ל'}, {'id': 47, 'text': 'תקופה', 'upos': 'NOUN', 'xpos': 'NOUN', 'feats': 'Gender=Fem|Number=Sing', 'head': 43, 'deprel': 'nmod', 'lemma': 'תקופה'}]"
48,בסיסית,ADJ,ADJ,47.0,amod,"(162, 168)",בסיסי,Gender=Fem|Number=Sing,
49,",",PUNCT,PUNCT,42.0,punct,"(168, 169)",",",,
50,∗,PUNCT,PUNCT,68.0,cc,"(170, 171)",∗,,
51,שימוש,NOUN,NOUN,42.0,nsubj,"(172, 177)",שימוש,Gender=Masc|Number=Sing,
"(52, 53)",למבנים,,,,,"(178, 184)",,,"[{'id': 52, 'text': 'ל', 'upos': 'ADP', 'xpos': 'ADP', 'head': 53, 'deprel': 'case', 'lemma': 'ל'}, {'id': 53, 'text': 'מבנים', 'upos': 'NOUN', 'xpos': 'NOUN', 'feats': 'Gender=Masc|Number=Plur', 'head': 51, 'deprel': 'nmod', 'lemma': 'מבנה'}]"
"(54, 55)",מסוג,,,,,"(185, 189)",,,"[{'id': 54, 'text': 'מ', 'upos': 'ADP', 'xpos': 'ADP', 'head': 55, 'deprel': 'case', 'lemma': 'מ'}, {'id': 55, 'text': 'סוג', 'upos': 'NOUN', 'xpos': 'NOUN', 'feats': 'Gender=Masc|Number=Sing', 'head': 53, 'deprel': 'nmod', 'lemma': 'סוג'}]"
56,זה,PRON,PRON,55.0,det,"(190, 192)",זה,Gender=Masc|Number=Sing|Person=3|PronType=Dem,
"(57, 58)",בנוסחה,,,,,"(193, 199)",,,"[{'id': 57, 'text': 'ב', 'upos': 'ADP', 'xpos': 'ADP', 'head': 58, 'deprel': 'case', 'lemma': 'ב'}, {'id': 58, 'text': 'נוסחה', 'upos': 'NOUN', 'xpos': 'NOUN', 'feats': 'Gender=Fem|Number=Sing', 'head': 51, 'deprel': 'nmod', 'lemma': 'נוסחה'}]"
"(59, 60)",למבנים,,,,,"(200, 206)",,,"[{'id': 59, 'text': 'ל', 'upos': 'ADP', 'xpos': 'ADP', 'head': 60, 'deprel': 'case', 'lemma': 'ל'}, {'id': 60, 'text': 'מבנים', 'upos': 'NOUN', 'xpos': 'NOUN', 'feats': 'Gender=Masc|Number=Plur', 'head': 58, 'deprel': 'nmod', 'lemma': 'מבנה'}]"
61,עם,ADP,ADP,62.0,case,"(207, 209)",עם,,
62,קירות,NOUN,NOUN,60.0,nmod,"(210, 215)",קיר,Definite=Cons|Gender=Masc|Number=Plur,
"(63, 64)",הקשחה,,,,,"(216, 221)",,,"[{'id': 63, 'text': 'ה', 'upos': 'DET', 'xpos': 'DET', 'feats': 'PronType=Art', 'head': 64, 'deprel': 'det:def', 'lemma': 'ה'}, {'id': 64, 'text': 'קשחה', 'upos': 'NOUN', 'xpos': 'NOUN', 'feats': 'Gender=Fem|Number=Sing', 'head': 62, 'deprel': 'compound:smixut', 'lemma': 'קשחה'}]"
"(65, 66)","בת""י",,,,,"(222, 226)",,,"[{'id': 65, 'text': 'ב', 'upos': 'ADP', 'xpos': 'ADP', 'head': 66, 'deprel': 'case', 'lemma': 'ב'}, {'id': 66, 'text': 'ת""י', 'upos': 'NOUN', 'xpos': 'NOUN', 'feats': 'Abbr=Yes', 'head': 60, 'deprel': 'nmod', 'lemma': 'ת""'}]"
67,413,NUM,NUM,62.0,nummod,"(227, 230)",413,,
68,נותן,VERB,VERB,42.0,conj,"(231, 235)",נתן,"Gender=Masc|HebBinyan=PAAL|Number=Sing|Person=1,2,3|VerbForm=Part|Voice=Act",
69,הערכה,NOUN,NOUN,68.0,obj,"(236, 241)",הערכה,Gender=Fem|Number=Sing,
70,נמוכה,ADJ,ADJ,69.0,amod,"(242, 247)",נמוך,Gender=Fem|Number=Sing,
71,מדי,ADV,ADV,70.0,advmod,"(248, 251)",מדי,,
72,של,ADP,ADP,73.0,case:gen,"(252, 254)",של,Case=Gen,
73,ת,PROPN,PROPN,69.0,nmod,"(255, 256)",ת,,
1,ב,PROPN,PROPN,0.0,root,"(0, 1)",ב,,
1,(ראה,VERB,VERB,0.0,root,"(0, 4)",דרא,,
2,תוצאות,NOUN,NOUN,1.0,obj,"(5, 11)",תוצאה,Definite=Cons|Gender=Fem|Number=Plur,
3,חישוב,NOUN,NOUN,2.0,compound:smixut,"(12, 17)",חישוב,Gender=Masc|Number=Sing,
4,לעיל,PROPN,PROPN,3.0,compound:smixut,"(18, 22)",לעיל,,
5,של,ADP,ADP,6.0,case:gen,"(23, 25)",של,Case=Gen,
6,ת,PROPN,PROPN,2.0,nmod:poss,"(26, 27)",ת,,
1,ב,PROPN,PROPN,0.0,root,"(0, 1)",ב,,
1,בהתחשב,VERB,VERB,7.0,case,"(1, 7)",התחשב,,
"(2, 4)",בשטח,,,,,"(8, 12)",,,"[{'id': 2, 'text': 'ב', 'upos': 'ADP', 'xpos': 'ADP', 'head': 4, 'deprel': 'case', 'lemma': 'ב'}, {'id': 3, 'text': 'ה_', 'upos': 'DET', 'xpos': 'DET', 'feats': 'PronType=Art', 'head': 4, 'deprel': 'det:def', 'lemma': 'ה'}, {'id': 4, 'text': 'שטח', 'upos': 'NOUN', 'xpos': 'NOUN', 'feats': 'Definite=Cons|Gender=Masc|Number=Sing', 'head': 1, 'deprel': 'dep', 'lemma': 'שטח'}]"
5,קירות,NOUN,NOUN,7.0,dep,"(13, 18)",קיר,Gender=Fem|Number=Plur,
"(6, 7)",הקשחה,,,,,"(19, 24)",,,"[{'id': 6, 'text': 'ה', 'upos': 'DET', 'xpos': 'DET', 'feats': 'PronType=Art', 'head': 7, 'deprel': 'det:def', 'lemma': 'ה'}, {'id': 7, 'text': 'קשחה', 'upos': 'VERB', 'xpos': 'VERB', 'feats': 'Gender=Fem|HebBinyan=PAAL|Number=Sing|Person=3|Tense=Past|Voice=Act', 'head': 0, 'deprel': 'root', 'lemma': 'קשח'}]"
8,לפי,ADP,ADP,9.0,case,"(25, 28)",לפי,,
9,נוסחה,NOUN,NOUN,7.0,obl,"(29, 34)",נוסחה,Gender=Fem|Number=Sing,
10,(,PUNCT,PUNCT,11.0,punct,"(35, 36)",(,,
11,1,NUM,NUM,9.0,appos,"(36, 37)",1,,
1,3,NUM,NUM,0.0,root,"(0, 1)",3,,
2,),PUNCT,PUNCT,1.0,punct,"(1, 2)",),,
3,),PUNCT,PUNCT,1.0,punct,"(2, 3)",),,
1,5,NUM,NUM,0.0,root,"(1, 2)",5,,
1,3,NUM,NUM,0.0,root,"(0, 1)",3,,
1,3,NUM,NUM,2.0,nummod,"(0, 1)",3,,
2,עומס,NOUN,NOUN,0.0,root,"(2, 6)",עומס,,
3,סיסמי,ADJ,ADJ,2.0,amod,"(7, 12)",סיסמי,Gender=Masc|Number=Sing,
"(4, 5)",למבנים,,,,,"(13, 19)",,,"[{'id': 4, 'text': 'ל', 'upos': 'ADP', 'xpos': 'ADP', 'head': 5, 'deprel': 'case', 'lemma': 'ל'}, {'id': 5, 'text': 'מבנים', 'upos': 'NOUN', 'xpos': 'NOUN', 'feats': 'Gender=Masc|Number=Plur', 'head': 2, 'deprel': 'nmod', 'lemma': 'מבנה'}]"
"(6, 7)",מסוג,,,,,"(20, 24)",,,"[{'id': 6, 'text': 'מ', 'upos': 'ADP', 'xpos': 'ADP', 'head': 7, 'deprel': 'case', 'lemma': 'מ'}, {'id': 7, 'text': 'סוג', 'upos': 'NOUN', 'xpos': 'NOUN', 'feats': 'Definite=Cons|Gender=Masc|Number=Sing', 'head': 5, 'deprel': 'nmod', 'lemma': 'סוג'}]"
8,3,NUM,NUM,7.0,compound:smixut,"(25, 26)",3,,
9,5,NUM,NUM,2.0,nummod,"(27, 28)",5,,
1,3,NUM,NUM,0.0,root,"(0, 1)",3,,
1,3,NUM,NUM,0.0,root,"(0, 1)",3,,
1,1,NUM,NUM,2.0,nummod,"(0, 1)",1,,
2,תאוצות,NOUN,NOUN,0.0,root,"(2, 8)",תאוצה,Gender=Fem|Number=Plur,
3,לפי,ADP,ADP,4.0,case,"(9, 12)",לפי,,
4,נוסחה,NOUN,NOUN,2.0,nmod,"(13, 18)",נוסחה,Gender=Fem|Number=Sing,
5,(,PUNCT,PUNCT,6.0,punct,"(19, 20)",(,,
6,1,NUM,NUM,2.0,appos,"(20, 21)",1,,
1,3,NUM,NUM,0.0,root,"(0, 1)",3,,
2,),PUNCT,PUNCT,1.0,punct,"(1, 2)",),,
3,של,ADP,ADP,4.0,case:gen,"(3, 5)",של,Case=Gen,
4,EC8,PROPN,PROPN,1.0,obl,"(6, 9)",EC8,,
"(5, 6)",היחס,,,,,"(10, 14)",,,"[{'id': 5, 'text': 'ה', 'upos': 'DET', 'xpos': 'DET', 'feats': 'PronType=Art', 'head': 6, 'deprel': 'det:def', 'lemma': 'ה'}, {'id': 6, 'text': 'יחס', 'upos': 'NOUN', 'xpos': 'NOUN', 'feats': 'Gender=Masc|Number=Sing', 'head': 1, 'deprel': 'nsubj', 'lemma': 'יחס'}]"
7,בין,ADP,ADP,9.0,case,"(15, 18)",בין,,
"(8, 9)",התאוצות,,,,,"(19, 26)",,,"[{'id': 8, 'text': 'ה', 'upos': 'DET', 'xpos': 'DET', 'feats': 'PronType=Art', 'head': 9, 'deprel': 'det:def', 'lemma': 'ה'}, {'id': 9, 'text': 'תאוצות', 'upos': 'NOUN', 'xpos': 'NOUN', 'feats': 'Gender=Fem|Number=Plur', 'head': 6, 'deprel': 'nmod', 'lemma': 'תאוצה'}]"
"(10, 11)",המחושבות,,,,,"(27, 35)",,,"[{'id': 10, 'text': 'ה', 'upos': 'DET', 'xpos': 'DET', 'feats': 'PronType=Art', 'head': 11, 'deprel': 'mark', 'lemma': 'ה'}, {'id': 11, 'text': 'מחושבות', 'upos': 'VERB', 'xpos': 'VERB', 'feats': 'Gender=Fem|HebBinyan=PUAL|Number=Plur|Person=1,2,3|VerbForm=Part|Voice=Pass', 'head': 9, 'deprel': 'acl:relcl', 'lemma': 'חושב'}]"
12,לפי,ADP,ADP,13.0,case,"(36, 39)",לפי,,
13,EC8,PROPN,PROPN,11.0,obl,"(40, 43)",EC8,,
"(14, 15)",ותאוצות,,,,,"(44, 51)",,,"[{'id': 14, 'text': 'ו', 'upos': 'CCONJ', 'xpos': 'CCONJ', 'head': 15, 'deprel': 'cc', 'lemma': 'ו'}, {'id': 15, 'text': 'תאוצות', 'upos': 'NOUN', 'xpos': 'NOUN', 'feats': 'Gender=Fem|Number=Plur', 'head': 9, 'deprel': 'conj', 'lemma': 'תאוצה'}]"
16,",",PUNCT,PUNCT,15.0,punct,"(51, 52)",",",,
"(17, 18)",המחושבות,,,,,"(53, 61)",,,"[{'id': 17, 'text': 'ה', 'upos': 'SCONJ', 'xpos': 'SCONJ', 'head': 18, 'deprel': 'mark', 'lemma': 'ה'}, {'id': 18, 'text': 'מחושבות', 'upos': 'VERB', 'xpos': 'VERB', 'feats': 'Gender=Fem|HebBinyan=PUAL|Number=Plur|Person=1,2,3|VerbForm=Part|Voice=Pass', 'head': 15, 'deprel': 'acl:relcl', 'lemma': 'חושב'}]"
19,לת,ADP,ADP,18.0,xcomp,"(62, 64)",לת,,
1,ב,PROPN,PROPN,0.0,root,"(0, 1)",ב,,
"(1, 2)",המדודה,,,,,"(1, 7)",,,"[{'id': 1, 'text': 'ה', 'upos': 'DET', 'xpos': 'DET', 'feats': 'PronType=Art', 'head': 2, 'deprel': 'det:def', 'lemma': 'ה'}, {'id': 2, 'text': 'מדודה', 'upos': 'NOUN', 'xpos': 'NOUN', 'feats': 'Gender=Fem|Number=Sing', 'head': 6, 'deprel': 'nsubj', 'lemma': 'מדודה'}]"
"(3, 5)",בפועל,,,,,"(8, 13)",,,"[{'id': 3, 'text': 'ב', 'upos': 'ADP', 'xpos': 'ADP', 'head': 5, 'deprel': 'case', 'lemma': 'ב'}, {'id': 4, 'text': 'ה_', 'upos': 'DET', 'xpos': 'DET', 'feats': 'PronType=Art', 'head': 5, 'deprel': 'det:def', 'lemma': 'ה'}, {'id': 5, 'text': 'פועל', 'upos': 'NOUN', 'xpos': 'NOUN', 'feats': 'Gender=Masc|Number=Sing', 'head': 2, 'deprel': 'nmod', 'lemma': 'פועל'}]"
6,מוצג,VERB,VERB,0.0,root,"(14, 18)",הוצג,"Gender=Masc|HebBinyan=HUFAL|Number=Sing|Person=1,2,3|VerbForm=Part|Voice=Pass",
"(7, 8)",באיור,,,,,"(19, 24)",,,"[{'id': 7, 'text': 'ב', 'upos': 'ADP', 'xpos': 'ADP', 'head': 8, 'deprel': 'case', 'lemma': 'ב'}, {'id': 8, 'text': 'איור', 'upos': 'NOUN', 'xpos': 'NOUN', 'feats': 'Gender=Masc|Number=Sing', 'head': 6, 'deprel': 'obl', 'lemma': 'איור'}]"
9,מס' 5,NUM,NUM,8.0,compound:smixut,"(25, 30)",מס' 5,,
1,3,NUM,NUM,0.0,root,"(0, 1)",3,,
1,3,NUM,NUM,0.0,root,"(0, 1)",3,,
1,1,NUM,NUM,0.0,root,"(0, 1)",1,,
1,1,NUM,NUM,0.0,root,"(0, 1)",1,,
1,5,NUM,NUM,0.0,root,"(1, 2)",5,,
1,3,NUM,NUM,0.0,root,"(0, 1)",3,,
1,3,NUM,NUM,0.0,root,"(0, 1)",3,,
1,2,NUM,NUM,2.0,nummod,"(0, 1)",2,,
2,תאוצות,NOUN,NOUN,0.0,root,"(2, 8)",תאוצה,Gender=Fem|Number=Plur,
3,לפי,ADP,ADP,4.0,case,"(9, 12)",לפי,,
4,נוסחה,NOUN,NOUN,2.0,nmod,"(13, 18)",נוסחה,Gender=Fem|Number=Sing,
5,(,PUNCT,PUNCT,6.0,punct,"(19, 20)",(,,
6,1,NUM,NUM,2.0,appos,"(20, 21)",1,,
1,2,NUM,NUM,0.0,root,"(0, 1)",2,,
2,),PUNCT,PUNCT,1.0,punct,"(1, 2)",),,
3,של,ADP,ADP,4.0,case:gen,"(3, 5)",של,Case=Gen,
4,"ת""י",PROPN,PROPN,1.0,obl,"(6, 9)","ת""י",Abbr=Yes,
5,413,NUM,NUM,4.0,nummod,"(10, 13)",413,,
6,ו,CCONJ,CCONJ,8.0,cc,"(14, 15)",ו,,
7,-,PUNCT,PUNCT,4.0,punct,"(15, 16)",-,,
8,EC8,PROPN,PROPN,5.0,conj,"(16, 19)",EC8,,
"(9, 10)",היחס,,,,,"(20, 24)",,,"[{'id': 9, 'text': 'ה', 'upos': 'DET', 'xpos': 'DET', 'feats': 'PronType=Art', 'head': 10, 'deprel': 'det:def', 'lemma': 'ה'}, {'id': 10, 'text': 'יחס', 'upos': 'NOUN', 'xpos': 'NOUN', 'feats': 'Gender=Masc|Number=Sing', 'head': 1, 'deprel': 'nsubj', 'lemma': 'יחס'}]"
11,בין,ADP,ADP,13.0,case,"(25, 28)",בין,,
"(12, 13)",התאוצות,,,,,"(29, 36)",,,"[{'id': 12, 'text': 'ה', 'upos': 'DET', 'xpos': 'DET', 'feats': 'PronType=Art', 'head': 13, 'deprel': 'det:def', 'lemma': 'ה'}, {'id': 13, 'text': 'תאוצות', 'upos': 'NOUN', 'xpos': 'NOUN', 'feats': 'Gender=Fem|Number=Plur', 'head': 10, 'deprel': 'nmod', 'lemma': 'תאוצה'}]"
"(14, 15)",המחושבות,,,,,"(37, 45)",,,"[{'id': 14, 'text': 'ה', 'upos': 'DET', 'xpos': 'DET', 'feats': 'PronType=Art', 'head': 15, 'deprel': 'det:def', 'lemma': 'ה'}, {'id': 15, 'text': 'מחושבות', 'upos': 'VERB', 'xpos': 'VERB', 'feats': 'Gender=Fem|HebBinyan=PUAL|Number=Plur|Person=1,2,3|VerbForm=Part|Voice=Pass', 'head': 13, 'deprel': 'amod', 'lemma': 'חושב'}]"
16,לפי,ADP,ADP,17.0,case,"(46, 49)",לפי,,
17,נוסחה,NOUN,NOUN,10.0,nmod,"(50, 55)",נוסחה,Gender=Fem|Number=Sing,
18,(,PUNCT,PUNCT,19.0,punct,"(56, 57)",(,,
19,1,NUM,NUM,17.0,appos,"(57, 58)",1,,
1,2,NUM,NUM,0.0,root,"(0, 1)",2,,
2,),PUNCT,PUNCT,1.0,punct,"(1, 2)",),,
3,של,ADP,ADP,4.0,case:gen,"(3, 5)",של,Case=Gen,
4,"ת""י",PROPN,PROPN,1.0,obl,"(6, 9)","ת""י",Abbr=Yes,
5,413,NUM,NUM,4.0,nummod,"(10, 13)",413,,
6,ו,CCONJ,CCONJ,10.0,cc,"(14, 15)",ו,,
7,-,PUNCT,PUNCT,4.0,punct,"(15, 16)",-,,
8,EC8,PROPN,PROPN,5.0,dep,"(16, 19)",EC8,,
"(9, 10)",ותאוצות,,,,,"(20, 27)",,,"[{'id': 9, 'text': 'ו', 'upos': 'CCONJ', 'xpos': 'CCONJ', 'head': 10, 'deprel': 'cc', 'lemma': 'ו'}, {'id': 10, 'text': 'תאוצות', 'upos': 'NOUN', 'xpos': 'NOUN', 'feats': 'Gender=Fem|Number=Plur', 'head': 4, 'deprel': 'conj', 'lemma': 'תאוצה'}]"
11,",",PUNCT,PUNCT,10.0,punct,"(27, 28)",",",,
"(12, 13)",המחושבות,,,,,"(29, 37)",,,"[{'id': 12, 'text': 'ה', 'upos': 'SCONJ', 'xpos': 'SCONJ', 'head': 13, 'deprel': 'mark', 'lemma': 'ה'}, {'id': 13, 'text': 'מחושבות', 'upos': 'VERB', 'xpos': 'VERB', 'feats': 'Gender=Fem|HebBinyan=PUAL|Number=Plur|Person=1,2,3|VerbForm=Part|Voice=Pass', 'head': 10, 'deprel': 'acl:relcl', 'lemma': 'חושב'}]"
"(14, 15)",לת,,,,,"(38, 40)",,,"[{'id': 14, 'text': 'ל', 'upos': 'ADP', 'xpos': 'ADP', 'head': 15, 'deprel': 'case', 'lemma': 'ל'}, {'id': 15, 'text': 'ת', 'upos': 'PROPN', 'xpos': 'PROPN', 'head': 13, 'deprel': 'obl', 'lemma': 'ת'}]"
1,ב,PROPN,PROPN,0.0,root,"(0, 1)",ב,,
"(1, 2)",המדודה,,,,,"(1, 7)",,,"[{'id': 1, 'text': 'ה', 'upos': 'DET', 'xpos': 'DET', 'feats': 'PronType=Art', 'head': 2, 'deprel': 'det:def', 'lemma': 'ה'}, {'id': 2, 'text': 'מדודה', 'upos': 'NOUN', 'xpos': 'NOUN', 'feats': 'Gender=Fem|Number=Sing', 'head': 6, 'deprel': 'nsubj', 'lemma': 'מדודה'}]"
"(3, 5)",בפועל,,,,,"(8, 13)",,,"[{'id': 3, 'text': 'ב', 'upos': 'ADP', 'xpos': 'ADP', 'head': 5, 'deprel': 'case', 'lemma': 'ב'}, {'id': 4, 'text': 'ה_', 'upos': 'DET', 'xpos': 'DET', 'feats': 'PronType=Art', 'head': 5, 'deprel': 'det:def', 'lemma': 'ה'}, {'id': 5, 'text': 'פועל', 'upos': 'NOUN', 'xpos': 'NOUN', 'feats': 'Gender=Masc|Number=Sing', 'head': 2, 'deprel': 'nmod', 'lemma': 'פועל'}]"
6,מוצגות,VERB,VERB,0.0,root,"(14, 20)",הוצג,"Gender=Fem|HebBinyan=HUFAL|Number=Plur|Person=1,2,3|VerbForm=Part|Voice=Pass",
"(7, 8)",באיור,,,,,"(21, 26)",,,"[{'id': 7, 'text': 'ב', 'upos': 'ADP', 'xpos': 'ADP', 'head': 8, 'deprel': 'case', 'lemma': 'ב'}, {'id': 8, 'text': 'איור', 'upos': 'NOUN', 'xpos': 'NOUN', 'feats': 'Gender=Masc|Number=Sing', 'head': 6, 'deprel': 'obl', 'lemma': 'איור'}]"
9,מס' 5,NUM,NUM,8.0,compound:smixut,"(27, 32)",מס' 5,,
1,3,NUM,NUM,0.0,root,"(0, 1)",3,,
1,3,NUM,NUM,0.0,root,"(0, 1)",3,,
1,2,NUM,NUM,0.0,root,"(0, 1)",2,,
1,1,NUM,NUM,0.0,root,"(0, 1)",1,,
1,5,NUM,NUM,0.0,root,"(1, 2)",5,,
1,3,NUM,NUM,0.0,root,"(0, 1)",3,,
1,4,NUM,NUM,2.0,nummod,"(0, 1)",4,,
2,עומס,NOUN,NOUN,0.0,root,"(2, 6)",עומס,,
3,סיסמי,ADJ,ADJ,2.0,amod,"(7, 12)",סיסמי,Gender=Masc|Number=Sing,
"(4, 5)",למבנים,,,,,"(13, 19)",,,"[{'id': 4, 'text': 'ל', 'upos': 'ADP', 'xpos': 'ADP', 'head': 5, 'deprel': 'case', 'lemma': 'ל'}, {'id': 5, 'text': 'מבנים', 'upos': 'NOUN', 'xpos': 'NOUN', 'feats': 'Gender=Masc|Number=Plur', 'head': 2, 'deprel': 'nmod', 'lemma': 'מבנה'}]"
"(6, 7)",מסוג,,,,,"(20, 24)",,,"[{'id': 6, 'text': 'מ', 'upos': 'ADP', 'xpos': 'ADP', 'head': 7, 'deprel': 'case', 'lemma': 'מ'}, {'id': 7, 'text': 'סוג', 'upos': 'NOUN', 'xpos': 'NOUN', 'feats': 'Definite=Cons|Gender=Masc|Number=Sing', 'head': 5, 'deprel': 'nmod', 'lemma': 'סוג'}]"
8,4,NUM,NUM,7.0,compound:smixut,"(25, 26)",4,,
9,5,NUM,NUM,8.0,nummod,"(27, 28)",5,,
1,3,NUM,NUM,0.0,root,"(0, 1)",3,,
1,4,NUM,NUM,0.0,root,"(0, 1)",4,,
1,1,NUM,NUM,2.0,nummod,"(0, 1)",1,,
2,תאוצות,NOUN,NOUN,0.0,root,"(2, 8)",תאוצה,Gender=Fem|Number=Plur,
3,לפי,ADP,ADP,4.0,case,"(9, 12)",לפי,,
4,נוסחה,NOUN,NOUN,2.0,nmod,"(13, 18)",נוסחה,Gender=Fem|Number=Sing,
5,(,PUNCT,PUNCT,6.0,punct,"(19, 20)",(,,
6,1,NUM,NUM,2.0,appos,"(20, 21)",1,,
1,3,NUM,NUM,0.0,root,"(0, 1)",3,,
2,),PUNCT,PUNCT,1.0,punct,"(1, 2)",),,
3,של,ADP,ADP,1.0,dep,"(3, 5)",של,Case=Gen,
"(4, 6)",EC8,,,,,"(6, 9)",,,"[{'id': 4, 'text': 'ל', 'upos': 'ADP', 'xpos': 'ADP', 'head': 6, 'deprel': 'case', 'lemma': 'ל'}, {'id': 5, 'text': 'ה_', 'upos': 'DET', 'xpos': 'DET', 'feats': 'PronType=Art', 'head': 6, 'deprel': 'det:def', 'lemma': 'ה'}, {'id': 6, 'text': 'ח8', 'upos': 'X', 'xpos': 'X', 'feats': 'HebSource=ConvUncertainHead', 'head': 1, 'deprel': 'obl', 'lemma': '_'}]"
"(7, 8)",היחס,,,,,"(10, 14)",,,"[{'id': 7, 'text': 'ה', 'upos': 'DET', 'xpos': 'DET', 'feats': 'PronType=Art', 'head': 8, 'deprel': 'det:def', 'lemma': 'ה'}, {'id': 8, 'text': 'יחס', 'upos': 'NOUN', 'xpos': 'NOUN', 'feats': 'Gender=Masc|Number=Sing', 'head': 1, 'deprel': 'nsubj', 'lemma': 'יחס'}]"
9,בין,ADP,ADP,11.0,case,"(15, 18)",בין,,
"(10, 11)",התאוצות,,,,,"(19, 26)",,,"[{'id': 10, 'text': 'ה', 'upos': 'DET', 'xpos': 'DET', 'feats': 'PronType=Art', 'head': 11, 'deprel': 'det:def', 'lemma': 'ה'}, {'id': 11, 'text': 'תאוצות', 'upos': 'NOUN', 'xpos': 'NOUN', 'feats': 'Gender=Fem|Number=Plur', 'head': 8, 'deprel': 'nmod', 'lemma': 'תאוצה'}]"
"(12, 13)",המחושבות,,,,,"(27, 35)",,,"[{'id': 12, 'text': 'ה', 'upos': 'DET', 'xpos': 'DET', 'feats': 'PronType=Art', 'head': 13, 'deprel': 'det:def', 'lemma': 'ה'}, {'id': 13, 'text': 'מחושבות', 'upos': 'VERB', 'xpos': 'VERB', 'feats': 'Gender=Fem|HebBinyan=PUAL|Number=Plur|Person=1,2,3|VerbForm=Part|Voice=Pass', 'head': 11, 'deprel': 'amod', 'lemma': 'חושב'}]"
14,לפי,ADP,ADP,15.0,case,"(36, 39)",לפי,,
15,נוסחה,NOUN,NOUN,8.0,nmod,"(40, 45)",נוסחה,Gender=Fem|Number=Sing,
16,(,PUNCT,PUNCT,17.0,punct,"(46, 47)",(,,
17,1,NUM,NUM,15.0,appos,"(47, 48)",1,,
1,3,NUM,NUM,0.0,root,"(0, 1)",3,,
2,),PUNCT,PUNCT,1.0,punct,"(1, 2)",),,
3,של,ADP,ADP,4.0,case:gen,"(3, 5)",של,Case=Gen,
4,EC8,PROPN,PROPN,1.0,obl,"(6, 9)",EC8,,
"(5, 6)",ותאוצות,,,,,"(10, 17)",,,"[{'id': 5, 'text': 'ו', 'upos': 'CCONJ', 'xpos': 'CCONJ', 'head': 6, 'deprel': 'cc', 'lemma': 'ו'}, {'id': 6, 'text': 'תאוצות', 'upos': 'NOUN', 'xpos': 'NOUN', 'feats': 'Gender=Fem|Number=Plur', 'head': 4, 'deprel': 'conj', 'lemma': 'תאוצה'}]"
7,",",PUNCT,PUNCT,6.0,punct,"(17, 18)",",",,
"(8, 9)",המחושבות,,,,,"(19, 27)",,,"[{'id': 8, 'text': 'ה', 'upos': 'SCONJ', 'xpos': 'SCONJ', 'head': 9, 'deprel': 'mark', 'lemma': 'ה'}, {'id': 9, 'text': 'מחושבות', 'upos': 'VERB', 'xpos': 'VERB', 'feats': 'Gender=Fem|HebBinyan=PAAL|Number=Plur|Person=1,2,3|VerbForm=Part|Voice=Act', 'head': 6, 'deprel': 'acl:relcl', 'lemma': 'חושב'}]"
10,לת,ADP,ADP,9.0,dep,"(28, 30)",לת,,
1,ב,PROPN,PROPN,0.0,root,"(0, 1)",ב,,
"(1, 2)",המדודה,,,,,"(1, 7)",,,"[{'id': 1, 'text': 'ה', 'upos': 'DET', 'xpos': 'DET', 'feats': 'PronType=Art', 'head': 2, 'deprel': 'det:def', 'lemma': 'ה'}, {'id': 2, 'text': 'מדודה', 'upos': 'NOUN', 'xpos': 'NOUN', 'feats': 'Gender=Fem|Number=Sing', 'head': 6, 'deprel': 'nsubj', 'lemma': 'מדודה'}]"
"(3, 5)",בפועל,,,,,"(8, 13)",,,"[{'id': 3, 'text': 'ב', 'upos': 'ADP', 'xpos': 'ADP', 'head': 5, 'deprel': 'case', 'lemma': 'ב'}, {'id': 4, 'text': 'ה_', 'upos': 'DET', 'xpos': 'DET', 'feats': 'PronType=Art', 'head': 5, 'deprel': 'det:def', 'lemma': 'ה'}, {'id': 5, 'text': 'פועל', 'upos': 'NOUN', 'xpos': 'NOUN', 'feats': 'Gender=Masc|Number=Sing', 'head': 2, 'deprel': 'nmod', 'lemma': 'פועל'}]"
6,מוצג,VERB,VERB,0.0,root,"(14, 18)",הוצג,"Gender=Masc|HebBinyan=HUFAL|Number=Sing|Person=1,2,3|VerbForm=Part|Voice=Pass",
"(7, 8)",באיור,,,,,"(19, 24)",,,"[{'id': 7, 'text': 'ב', 'upos': 'ADP', 'xpos': 'ADP', 'head': 8, 'deprel': 'case', 'lemma': 'ב'}, {'id': 8, 'text': 'איור', 'upos': 'NOUN', 'xpos': 'NOUN', 'feats': 'Gender=Masc|Number=Sing', 'head': 6, 'deprel': 'obl', 'lemma': 'איור'}]"
9,מס' 5,NUM,NUM,8.0,compound:smixut,"(25, 30)",מס' 5,,
1,3,NUM,NUM,0.0,root,"(0, 1)",3,,
1,4,NUM,NUM,0.0,root,"(0, 1)",4,,
1,1,NUM,NUM,0.0,root,"(0, 1)",1,,
1,1,NUM,NUM,0.0,root,"(0, 1)",1,,
1,5,NUM,NUM,0.0,root,"(1, 2)",5,,
1,3,NUM,NUM,0.0,root,"(0, 1)",3,,
1,4,NUM,NUM,0.0,root,"(0, 1)",4,,
1,2,NUM,NUM,2.0,nummod,"(0, 1)",2,,
2,תאוצות,NOUN,NOUN,0.0,root,"(2, 8)",תאוצה,Gender=Fem|Number=Plur,
3,לפי,ADP,ADP,4.0,case,"(9, 12)",לפי,,
4,נוסחה,NOUN,NOUN,2.0,nmod,"(13, 18)",נוסחה,Gender=Fem|Number=Sing,
5,(,PUNCT,PUNCT,6.0,punct,"(19, 20)",(,,
6,1,NUM,NUM,2.0,appos,"(20, 21)",1,,
1,2,NUM,NUM,0.0,root,"(0, 1)",2,,
2,),PUNCT,PUNCT,1.0,punct,"(1, 2)",),,
3,של,ADP,ADP,4.0,case:gen,"(3, 5)",של,Case=Gen,
4,"ת""י",PROPN,PROPN,1.0,obl,"(6, 9)","ת""י",Abbr=Yes,
5,413,NUM,NUM,4.0,nummod,"(10, 13)",413,,
6,ו,CCONJ,CCONJ,5.0,dep,"(14, 15)",ו,,
7,-,PUNCT,PUNCT,5.0,punct,"(15, 16)",-,,
8,BC8,NUM,NUM,5.0,dep,"(16, 19)",BC8,,
"(9, 10)",היחס,,,,,"(20, 24)",,,"[{'id': 9, 'text': 'ה', 'upos': 'DET', 'xpos': 'DET', 'feats': 'PronType=Art', 'head': 10, 'deprel': 'det:def', 'lemma': 'ה'}, {'id': 10, 'text': 'יחס', 'upos': 'NOUN', 'xpos': 'NOUN', 'feats': 'Gender=Masc|Number=Sing', 'head': 1, 'deprel': 'nsubj', 'lemma': 'יחס'}]"
11,בין,ADP,ADP,13.0,case,"(25, 28)",בין,,
"(12, 13)",התאוצות,,,,,"(29, 36)",,,"[{'id': 12, 'text': 'ה', 'upos': 'DET', 'xpos': 'DET', 'feats': 'PronType=Art', 'head': 13, 'deprel': 'det:def', 'lemma': 'ה'}, {'id': 13, 'text': 'תאוצות', 'upos': 'NOUN', 'xpos': 'NOUN', 'feats': 'Gender=Fem|Number=Plur', 'head': 10, 'deprel': 'nmod', 'lemma': 'תאוצה'}]"
"(14, 15)",המחושבות,,,,,"(37, 45)",,,"[{'id': 14, 'text': 'ה', 'upos': 'DET', 'xpos': 'DET', 'feats': 'PronType=Art', 'head': 15, 'deprel': 'det:def', 'lemma': 'ה'}, {'id': 15, 'text': 'מחושבות', 'upos': 'VERB', 'xpos': 'VERB', 'feats': 'Gender=Fem|HebBinyan=PUAL|Number=Plur|Person=1,2,3|VerbForm=Part|Voice=Pass', 'head': 13, 'deprel': 'amod', 'lemma': 'חושב'}]"
16,לפי,ADP,ADP,17.0,case,"(46, 49)",לפי,,
17,נוסחה,NOUN,NOUN,10.0,nmod,"(50, 55)",נוסחה,Gender=Fem|Number=Sing,
18,(,PUNCT,PUNCT,19.0,punct,"(56, 57)",(,,
19,1,NUM,NUM,17.0,appos,"(57, 58)",1,,
1,2,NUM,NUM,0.0,root,"(0, 1)",2,,
2,),PUNCT,PUNCT,1.0,punct,"(1, 2)",),,
3,של,ADP,ADP,4.0,case:gen,"(3, 5)",של,Case=Gen,
4,"ת""י",PROPN,PROPN,1.0,obl,"(6, 9)","ת""י",Abbr=Yes,
5,413,NUM,NUM,4.0,nummod,"(10, 13)",413,,
6,ו,CCONJ,CCONJ,10.0,cc,"(14, 15)",ו,,
7,-,PUNCT,PUNCT,4.0,punct,"(15, 16)",-,,
8,EC8,PROPN,PROPN,5.0,dep,"(16, 19)",EC8,,
"(9, 10)",ותאוצות,,,,,"(20, 27)",,,"[{'id': 9, 'text': 'ו', 'upos': 'CCONJ', 'xpos': 'CCONJ', 'head': 10, 'deprel': 'cc', 'lemma': 'ו'}, {'id': 10, 'text': 'תאוצות', 'upos': 'NOUN', 'xpos': 'NOUN', 'feats': 'Gender=Fem|Number=Plur', 'head': 4, 'deprel': 'conj', 'lemma': 'תאוצה'}]"
11,",",PUNCT,PUNCT,10.0,punct,"(27, 28)",",",,
"(12, 13)",המחושבות,,,,,"(29, 37)",,,"[{'id': 12, 'text': 'ה', 'upos': 'SCONJ', 'xpos': 'SCONJ', 'head': 13, 'deprel': 'mark', 'lemma': 'ה'}, {'id': 13, 'text': 'מחושבות', 'upos': 'VERB', 'xpos': 'VERB', 'feats': 'Gender=Fem|HebBinyan=PUAL|Number=Plur|Person=1,2,3|VerbForm=Part|Voice=Pass', 'head': 10, 'deprel': 'acl:relcl', 'lemma': 'חושב'}]"
"(14, 15)",לת,,,,,"(38, 40)",,,"[{'id': 14, 'text': 'ל', 'upos': 'ADP', 'xpos': 'ADP', 'head': 15, 'deprel': 'case', 'lemma': 'ל'}, {'id': 15, 'text': 'ת', 'upos': 'PROPN', 'xpos': 'PROPN', 'head': 13, 'deprel': 'obl', 'lemma': 'ת'}]"
1,ב,PROPN,PROPN,0.0,root,"(0, 1)",ב,,
"(1, 2)",המדודה,,,,,"(1, 7)",,,"[{'id': 1, 'text': 'ה', 'upos': 'DET', 'xpos': 'DET', 'feats': 'PronType=Art', 'head': 2, 'deprel': 'det:def', 'lemma': 'ה'}, {'id': 2, 'text': 'מדודה', 'upos': 'NOUN', 'xpos': 'NOUN', 'feats': 'Gender=Fem|Number=Sing', 'head': 6, 'deprel': 'nsubj', 'lemma': 'מדודה'}]"
"(3, 5)",בפועל,,,,,"(8, 13)",,,"[{'id': 3, 'text': 'ב', 'upos': 'ADP', 'xpos': 'ADP', 'head': 5, 'deprel': 'case', 'lemma': 'ב'}, {'id': 4, 'text': 'ה_', 'upos': 'DET', 'xpos': 'DET', 'feats': 'PronType=Art', 'head': 5, 'deprel': 'det:def', 'lemma': 'ה'}, {'id': 5, 'text': 'פועל', 'upos': 'NOUN', 'xpos': 'NOUN', 'feats': 'Gender=Masc|Number=Sing', 'head': 2, 'deprel': 'nmod', 'lemma': 'פועל'}]"
6,מוצג,VERB,VERB,0.0,root,"(14, 18)",הוצג,"Gender=Masc|HebBinyan=HUFAL|Number=Sing|Person=1,2,3|VerbForm=Part|Voice=Pass",
"(7, 8)",באיור,,,,,"(19, 24)",,,"[{'id': 7, 'text': 'ב', 'upos': 'ADP', 'xpos': 'ADP', 'head': 8, 'deprel': 'case', 'lemma': 'ב'}, {'id': 8, 'text': 'איור', 'upos': 'NOUN', 'xpos': 'NOUN', 'feats': 'Gender=Masc|Number=Sing', 'head': 6, 'deprel': 'obl', 'lemma': 'איור'}]"
9,מס' 5,NUM,NUM,8.0,compound:smixut,"(25, 30)",מס' 5,,
1,3,NUM,NUM,0.0,root,"(0, 1)",3,,
1,4,NUM,NUM,0.0,root,"(0, 1)",4,,
1,2,NUM,NUM,0.0,root,"(0, 1)",2,,
1,1,NUM,NUM,0.0,root,"(0, 1)",1,,
1,5,NUM,NUM,0.0,root,"(1, 2)",5,,
1,3,NUM,NUM,0.0,root,"(0, 1)",3,,
1,5,NUM,NUM,2.0,nummod,"(0, 1)",5,,
2,עומס,NOUN,NOUN,7.0,nsubj,"(2, 6)",עומס,Gender=Masc|Number=Sing,
3,סיסמי,ADJ,ADJ,2.0,amod,"(7, 12)",סיסמי,Gender=Masc|Number=Sing,
"(4, 5)",לסוגי,,,,,"(13, 18)",,,"[{'id': 4, 'text': 'ל', 'upos': 'ADP', 'xpos': 'ADP', 'head': 5, 'deprel': 'case', 'lemma': 'ל'}, {'id': 5, 'text': 'סוגי', 'upos': 'NOUN', 'xpos': 'NOUN', 'feats': 'Definite=Cons|Gender=Masc|Number=Plur', 'head': 2, 'deprel': 'nmod', 'lemma': 'סוג'}]"
6,מבנים,NOUN,NOUN,5.0,compound:smixut,"(19, 24)",מבנה,Gender=Masc|Number=Plur,
7,נבדקים,VERB,VERB,0.0,root,"(25, 31)",נבדק,"Gender=Masc|HebBinyan=NIFAL|Number=Plur|Person=1,2,3|VerbForm=Part|Voice=Mid",
8,תוצאות,NOUN,NOUN,7.0,nsubj,"(32, 38)",תוצאה,Definite=Cons|Gender=Fem|Number=Plur,
9,חישוב,NOUN,NOUN,8.0,compound:smixut,"(39, 44)",חישוב,Gender=Masc|Number=Sing,
10,של,ADP,ADP,11.0,case:gen,"(45, 47)",של,Case=Gen,
11,יחס,NOUN,NOUN,8.0,nmod:poss,"(48, 51)",יחס,Gender=Masc|Number=Sing,
12,בין,ADP,ADP,13.0,case,"(52, 55)",בין,,
13,עומסי,NOUN,NOUN,11.0,nmod,"(56, 61)",עומס,Definite=Cons|Gender=Masc|Number=Plur,
14,תכן,NOUN,NOUN,13.0,compound:smixut,"(62, 65)",תכן,Gender=Masc|Number=Sing,
15,מחושבים,VERB,VERB,13.0,amod,"(66, 73)",חושב,"Gender=Masc|HebBinyan=PUAL|Number=Plur|Person=1,2,3|VerbForm=Part|Voice=Pass",
16,לפי,ADP,ADP,19.0,case,"(74, 77)",לפי,,
"(17, 19)",EC8,,,,,"(78, 81)",,,"[{'id': 17, 'text': 'ל', 'upos': 'ADP', 'xpos': 'ADP', 'head': 16, 'deprel': 'fixed', 'lemma': 'ל'}, {'id': 18, 'text': 'ה_', 'upos': 'DET', 'xpos': 'DET', 'feats': 'PronType=Art', 'head': 19, 'deprel': 'det:def', 'lemma': 'ה'}, {'id': 19, 'text': 'ח8', 'upos': 'NUM', 'xpos': 'NUM', 'head': 13, 'deprel': 'nmod', 'lemma': 'ח8'}]"
"(20, 21)","ות""י",,,,,"(82, 86)",,,"[{'id': 20, 'text': 'ו', 'upos': 'CCONJ', 'xpos': 'CCONJ', 'head': 21, 'deprel': 'cc', 'lemma': 'ו'}, {'id': 21, 'text': 'ת""י', 'upos': 'PROPN', 'xpos': 'PROPN', 'feats': 'Abbr=Yes', 'head': 19, 'deprel': 'conj', 'lemma': 'ת""י'}]"
22,413,NUM,NUM,21.0,nummod,"(87, 90)",413,,
23,לבין,ADP,ADP,24.0,case,"(91, 95)",לבין,,
24,עומסי,NOUN,NOUN,13.0,conj,"(96, 101)",עומס,Definite=Cons|Gender=Masc|Number=Plur,
25,תכן,NOUN,NOUN,24.0,compound:smixut,"(102, 105)",תכן,Gender=Masc|Number=Sing,
26,לפי,ADP,ADP,24.0,case,"(106, 109)",לפי,,
27,ת,PROPN,PROPN,24.0,nmod,"(110, 111)",ת,,
1,ב,PROPN,PROPN,0.0,root,"(0, 1)",ב,,
1,מדודה,NOUN,NOUN,0.0,root,"(1, 6)",מדודה,Gender=Fem|Number=Sing,
"(2, 4)",בפועל,,,,,"(7, 12)",,,"[{'id': 2, 'text': 'ב', 'upos': 'ADP', 'xpos': 'ADP', 'head': 4, 'deprel': 'case', 'lemma': 'ב'}, {'id': 3, 'text': 'ה_', 'upos': 'DET', 'xpos': 'DET', 'feats': 'PronType=Art', 'head': 4, 'deprel': 'det:def', 'lemma': 'ה'}, {'id': 4, 'text': 'פועל', 'upos': 'NOUN', 'xpos': 'NOUN', 'feats': 'Gender=Masc|Number=Sing', 'head': 1, 'deprel': 'nmod', 'lemma': 'פועל'}]"
"(5, 6)",מסוכמות,,,,,"(13, 20)",,,"[{'id': 5, 'text': 'מ', 'upos': 'ADP', 'xpos': 'ADP', 'head': 6, 'deprel': 'case', 'lemma': 'מ'}, {'id': 6, 'text': 'סוכמות', 'upos': 'NOUN', 'xpos': 'NOUN', 'feats': 'Gender=Fem|Number=Plur', 'head': 1, 'deprel': 'nmod', 'lemma': 'סוכמות'}]"
"(7, 8)",באיורים,,,,,"(21, 28)",,,"[{'id': 7, 'text': 'ב', 'upos': 'ADP', 'xpos': 'ADP', 'head': 8, 'deprel': 'case', 'lemma': 'ב'}, {'id': 8, 'text': 'איורים', 'upos': 'NOUN', 'xpos': 'NOUN', 'feats': 'Gender=Masc|Number=Plur', 'head': 6, 'deprel': 'nmod', 'lemma': 'איור'}]"
9,מס',NUM,NUM,10.0,obl,"(29, 32)",מס',HebSource=ConvUncertainHead,
10,5,NUM,NUM,8.0,amod,"(33, 34)",5,,
1,3,NUM,NUM,0.0,root,"(0, 1)",3,,
1,5,NUM,NUM,0.0,root,"(0, 1)",5,,
1,1,NUM,NUM,0.0,root,"(0, 1)",1,,
2,ו,CCONJ,CCONJ,1.0,dep,"(2, 3)",ו,,
3,-,PUNCT,PUNCT,1.0,punct,"(3, 4)",-,,
4,5,NUM,NUM,1.0,dep,"(4, 5)",5,HebSource=ConvUncertainHead,
1,3,NUM,NUM,0.0,root,"(0, 1)",3,,
1,5,NUM,NUM,0.0,root,"(0, 1)",5,,
1,2,NUM,NUM,0.0,root,"(0, 1)",2,,
2,",",PUNCT,PUNCT,1.0,punct,"(1, 2)",",",,
"(3, 4)",בהם,,,,,"(3, 6)",,,"[{'id': 3, 'text': 'ב_', 'upos': 'ADP', 'xpos': 'ADP', 'head': 4, 'deprel': 'case', 'lemma': 'ב'}, {'id': 4, 'text': '_הם', 'upos': 'PRON', 'xpos': 'PRON', 'feats': 'Gender=Masc|Number=Plur|Person=3|PronType=Prs', 'head': 5, 'deprel': 'obl', 'lemma': 'הוא'}]"
5,מופיע,VERB,VERB,1.0,dep,"(7, 12)",הופיע,"Gender=Masc|HebBinyan=HIFIL|Number=Sing|Person=1,2,3|VerbForm=Part|Voice=Act",
6,יחס,NOUN,NOUN,5.0,nsubj,"(13, 16)",יחס,Gender=Masc|Number=Sing,
7,בין,ADP,ADP,8.0,case,"(17, 20)",בין,,
8,עומסי,NOUN,NOUN,6.0,nmod,"(21, 26)",עומס,Definite=Cons|Gender=Masc|Number=Plur,
9,תכן,NOUN,NOUN,8.0,compound:smixut,"(27, 30)",תכן,Gender=Masc|Number=Sing,
10,ממוצעים,ADJ,ADJ,8.0,amod,"(31, 38)",ממוצע,Gender=Masc|Number=Plur,
"(11, 12)",לכל,,,,,"(39, 42)",,,"[{'id': 11, 'text': 'ל', 'upos': 'ADP', 'xpos': 'ADP', 'head': 13, 'deprel': 'case', 'lemma': 'ל'}, {'id': 12, 'text': 'כל', 'upos': 'DET', 'xpos': 'DET', 'feats': 'Definite=Cons', 'head': 13, 'deprel': 'det', 'lemma': 'כול'}]"
13,סוג,NOUN,NOUN,8.0,nmod,"(43, 46)",סוג,Definite=Cons|Gender=Masc|Number=Sing,
14,מבנים,NOUN,NOUN,13.0,compound:smixut,"(47, 52)",מבנה,Gender=Masc|Number=Plur,
"(15, 16)",לסוגי,,,,,"(53, 58)",,,"[{'id': 15, 'text': 'ל', 'upos': 'ADP', 'xpos': 'ADP', 'head': 16, 'deprel': 'case', 'lemma': 'ל'}, {'id': 16, 'text': 'סוגי', 'upos': 'NOUN', 'xpos': 'NOUN', 'feats': 'Definite=Cons|Gender=Masc|Number=Plur', 'head': 8, 'deprel': 'nmod', 'lemma': 'סוג'}]"
"(17, 18)",הקרקע,,,,,"(59, 64)",,,"[{'id': 17, 'text': 'ה', 'upos': 'DET', 'xpos': 'DET', 'feats': 'PronType=Art', 'head': 18, 'deprel': 'det:def', 'lemma': 'ה'}, {'id': 18, 'text': 'קרקע', 'upos': 'NOUN', 'xpos': 'NOUN', 'feats': 'Gender=Fem|Number=Sing', 'head': 16, 'deprel': 'compound:smixut', 'lemma': 'קרקע'}]"
19,A,PROPN,PROPN,16.0,nmod,"(65, 66)",A,,
20,-,PUNCT,PUNCT,19.0,punct,"(66, 67)",-,,
21,E,PROPN,PROPN,19.0,dep,"(67, 68)",E,,
1,6,NUM,NUM,0.0,root,"(1, 2)",6,,
1,שיטות,NOUN,NOUN,0.0,root,"(1, 6)",שיטה,Definite=Cons|Gender=Fem|Number=Plur,
2,חישוב,NOUN,NOUN,1.0,compound:smixut,"(7, 12)",חישוב,Gender=Masc|Number=Sing,
3,של,ADP,ADP,4.0,case:gen,"(13, 15)",של,Case=Gen,
4,תקופה,NOUN,NOUN,1.0,nmod:poss,"(16, 21)",תקופה,Gender=Fem|Number=Sing,
5,בסיסית,ADJ,ADJ,4.0,amod,"(22, 28)",בסיסי,Gender=Fem|Number=Sing,
"(6, 8)",בעולם,,,,,"(29, 34)",,,"[{'id': 6, 'text': 'ב', 'upos': 'ADP', 'xpos': 'ADP', 'head': 8, 'deprel': 'case', 'lemma': 'ב'}, {'id': 7, 'text': 'ה_', 'upos': 'DET', 'xpos': 'DET', 'feats': 'PronType=Art', 'head': 8, 'deprel': 'det:def', 'lemma': 'ה'}, {'id': 8, 'text': 'עולם', 'upos': 'NOUN', 'xpos': 'NOUN', 'feats': 'Gender=Masc|Number=Sing', 'head': 4, 'deprel': 'nmod', 'lemma': 'עולם'}]"
9,6,NUM,NUM,1.0,nummod,"(35, 36)",6,,
1,1,NUM,NUM,2.0,nummod,"(0, 1)",1,,
2,רקע,NOUN,NOUN,0.0,root,"(2, 5)",רקע,Gender=Masc|Number=Sing,
"(3, 4)",לביצוע,,,,,"(6, 12)",,,"[{'id': 3, 'text': 'ל', 'upos': 'ADP', 'xpos': 'ADP', 'head': 4, 'deprel': 'case', 'lemma': 'ל'}, {'id': 4, 'text': 'ביצוע', 'upos': 'NOUN', 'xpos': 'NOUN', 'feats': 'Definite=Cons|Gender=Masc|Number=Sing', 'head': 2, 'deprel': 'nmod', 'lemma': 'ביצוע'}]"
5,סקר,NOUN,NOUN,4.0,compound:smixut,"(13, 16)",סקר,Definite=Cons|Gender=Masc|Number=Sing,
6,אנליזת,NOUN,NOUN,5.0,compound:smixut,"(17, 23)",אנליזה,Definite=Cons|Gender=Fem|Number=Sing,
7,חישוב,NOUN,NOUN,6.0,compound:smixut,"(24, 29)",חישוב,Gender=Masc|Number=Sing,
8,של,ADP,ADP,9.0,case:gen,"(30, 32)",של,Case=Gen,
9,ת,PROPN,PROPN,5.0,nmod:poss,"(33, 34)",ת,,
1,ב,PROPN,PROPN,0.0,root,"(0, 1)",ב,,
1,להלן,ADV,ADV,2.0,advmod,"(1, 5)",להלן,,
2,נערכה,NOUN,NOUN,0.0,root,"(6, 11)",נערך,Gender=Fem|HebBinyan=NIFAL|Number=Sing|Person=3|Tense=Past|Voice=Mid,
3,עקב,CCONJ,CCONJ,4.0,case,"(12, 15)",עקב,,
4,תוצאות,NOUN,NOUN,2.0,nmod,"(16, 22)",תוצאה,Definite=Cons|Gender=Fem|Number=Plur,
5,מדידות,NOUN,NOUN,4.0,compound:smixut,"(23, 29)",מדידה,Gender=Fem|Number=Plur,
6,של,ADP,ADP,7.0,case:gen,"(30, 32)",של,Case=Gen,
7,ת,PROPN,PROPN,4.0,nmod:poss,"(33, 34)",ת,,
1,ב,PROPN,PROPN,0.0,root,"(0, 1)",ב,,
1,לעיל,ADV,ADV,0.0,root,"(1, 5)",לעיל,,
"(2, 5)",והשוואתה,,,,,"(6, 14)",,,"[{'id': 2, 'text': 'ו', 'upos': 'CCONJ', 'xpos': 'CCONJ', 'head': 3, 'deprel': 'cc', 'lemma': 'ו'}, {'id': 3, 'text': 'השוואה_', 'upos': 'NOUN', 'xpos': 'NOUN', 'feats': 'Definite=Def|Gender=Fem|Number=Sing', 'head': 1, 'deprel': 'conj', 'lemma': 'השוואה'}, {'id': 4, 'text': '_של_', 'upos': 'ADP', 'xpos': 'ADP', 'head': 5, 'deprel': 'case:gen', 'lemma': 'של'}, {'id': 5, 'text': '_היא', 'upos': 'PRON', 'xpos': 'PRON', 'feats': 'Case=Gen|Gender=Fem|Number=Sing|Person=3|PronType=Prs', 'head': 3, 'deprel': 'nmod:poss', 'lemma': 'הוא'}]"
6,עם,ADP,ADP,7.0,case,"(15, 17)",עם,,
7,ת,PROPN,PROPN,3.0,nmod,"(18, 19)",ת,,
1,ב,PROPN,PROPN,0.0,root,"(0, 1)",ב,,
1,לפי,ADP,ADP,2.0,case,"(1, 4)",לפי,,
2,"ת""י",NOUN,NOUN,9.0,nmod,"(5, 8)","ת""",Abbr=Yes,
3,413,NUM,NUM,2.0,nummod,"(9, 12)",413,,
4,ו,CCONJ,CCONJ,6.0,cc,"(13, 14)",ו,,
5,-,PUNCT,PUNCT,2.0,punct,"(14, 15)",-,,
6,EC8,PROPN,PROPN,2.0,conj,"(15, 18)",EC8,,
7,",",PUNCT,PUNCT,9.0,punct,"(18, 19)",",",,
"(8, 9)",להערכת,,,,,"(20, 26)",,,"[{'id': 8, 'text': 'ל', 'upos': 'ADP', 'xpos': 'ADP', 'head': 9, 'deprel': 'case', 'lemma': 'ל'}, {'id': 9, 'text': 'הערכת', 'upos': 'NOUN', 'xpos': 'NOUN', 'feats': 'Definite=Cons|Gender=Fem|Number=Sing', 'head': 0, 'deprel': 'root', 'lemma': 'הערכה'}]"
10,מצב,NOUN,NOUN,9.0,compound:smixut,"(27, 30)",מצב,Gender=Masc|Number=Sing,
"(11, 12)",בנושא,,,,,"(31, 36)",,,"[{'id': 11, 'text': 'ב', 'upos': 'ADP', 'xpos': 'ADP', 'head': 12, 'deprel': 'case', 'lemma': 'ב'}, {'id': 12, 'text': 'נושא', 'upos': 'NOUN', 'xpos': 'NOUN', 'feats': 'Gender=Masc|Number=Sing', 'head': 9, 'deprel': 'nmod', 'lemma': 'נושא'}]"
"(13, 14)",במדינות,,,,,"(37, 44)",,,"[{'id': 13, 'text': 'ב', 'upos': 'ADP', 'xpos': 'ADP', 'head': 14, 'deprel': 'case', 'lemma': 'ב'}, {'id': 14, 'text': 'מדינות', 'upos': 'NOUN', 'xpos': 'NOUN', 'feats': 'Gender=Fem|Number=Plur', 'head': 12, 'deprel': 'nmod', 'lemma': 'מדינה'}]"
15,אחרות,ADJ,ADJ,14.0,amod,"(45, 50)",אחר,Gender=Fem|Number=Plur,
"(1, 2)",האנליזה,,,,,"(1, 8)",,,"[{'id': 1, 'text': 'ה', 'upos': 'DET', 'xpos': 'DET', 'feats': 'PronType=Art', 'head': 2, 'deprel': 'det:def', 'lemma': 'ה'}, {'id': 2, 'text': 'אנליזה', 'upos': 'NOUN', 'xpos': 'NOUN', 'feats': 'Gender=Fem|Number=Sing', 'head': 4, 'deprel': 'nsubj', 'lemma': 'אנליזה'}]"
3,אינה,AUX,AUX,4.0,advmod,"(9, 13)",אינו,Gender=Fem|Number=Sing|Person=3|Polarity=Neg|VerbForm=Part|VerbType=Cop,
4,מהווה,VERB,VERB,0.0,root,"(14, 19)",היווה,"Gender=Fem|HebBinyan=PIEL|Number=Sing|Person=1,2,3|VerbForm=Part|Voice=Act",
5,חלק,NOUN,NOUN,7.0,det,"(20, 23)",חלק,Gender=Masc|Number=Sing,
"(6, 7)",ממטלות,,,,,"(24, 30)",,,"[{'id': 6, 'text': 'מ', 'upos': 'ADP', 'xpos': 'ADP', 'feats': 'HebSource=ConvUncertainLabel', 'head': 7, 'deprel': 'case', 'lemma': 'מ'}, {'id': 7, 'text': 'מטלות', 'upos': 'NOUN', 'xpos': 'NOUN', 'feats': 'Definite=Cons|Gender=Masc|Number=Plur', 'head': 4, 'deprel': 'obl', 'lemma': 'מטלה'}]"
8,/,PUNCT,PUNCT,7.0,punct,"(30, 31)",/,,
"(9, 10)",מטרות,,,,,"(31, 36)",,,"[{'id': 9, 'text': 'מ', 'upos': 'ADP', 'xpos': 'ADP', 'head': 10, 'deprel': 'case', 'lemma': 'מ'}, {'id': 10, 'text': 'טרות', 'upos': 'NOUN', 'xpos': 'NOUN', 'feats': 'Gender=Fem|Number=Plur', 'head': 7, 'deprel': 'conj', 'lemma': 'טרות'}]"
11,של,ADP,ADP,12.0,case:gen,"(37, 39)",של,Case=Gen,
12,מחקר,NOUN,NOUN,7.0,nmod,"(40, 44)",מחקר,Gender=Masc|Number=Sing,
13,זה,PRON,PRON,12.0,det,"(45, 47)",זה,Gender=Masc|Number=Sing|Person=3|PronType=Dem,
"(14, 15)",והוא,,,,,"(48, 52)",,,"[{'id': 14, 'text': 'ו', 'upos': 'CCONJ', 'xpos': 'CCONJ', 'head': 16, 'deprel': 'cc', 'lemma': 'ו'}, {'id': 15, 'text': 'הוא', 'upos': 'PRON', 'xpos': 'PRON', 'feats': 'Gender=Masc|Number=Sing|Person=3|PronType=Prs', 'head': 16, 'deprel': 'nsubj', 'lemma': 'הוא'}]"
16,מתייחס,VERB,VERB,4.0,conj,"(53, 59)",התייחס,"Gender=Masc|HebBinyan=HITPAEL|Number=Sing|Person=1,2,3|VerbForm=Part",
17,בעיקר,ADV,ADV,16.0,advmod,"(60, 65)",בעיקר,,
"(18, 20)",לפרסומים,,,,,"(66, 74)",,,"[{'id': 18, 'text': 'ל', 'upos': 'ADP', 'xpos': 'ADP', 'head': 20, 'deprel': 'case', 'lemma': 'ל'}, {'id': 19, 'text': 'ה_', 'upos': 'DET', 'xpos': 'DET', 'feats': 'PronType=Art', 'head': 20, 'deprel': 'det:def', 'lemma': 'ה'}, {'id': 20, 'text': 'פרסומים', 'upos': 'NOUN', 'xpos': 'NOUN', 'feats': 'Gender=Masc|Number=Plur', 'head': 16, 'deprel': 'obl', 'lemma': 'פרסום'}]"
"(21, 23)",בשנים,,,,,"(75, 80)",,,"[{'id': 21, 'text': 'ב', 'upos': 'ADP', 'xpos': 'ADP', 'head': 23, 'deprel': 'case', 'lemma': 'ב'}, {'id': 22, 'text': 'ה_', 'upos': 'DET', 'xpos': 'DET', 'feats': 'PronType=Art', 'head': 23, 'deprel': 'det:def', 'lemma': 'ה'}, {'id': 23, 'text': 'שנים', 'upos': 'NOUN', 'xpos': 'NOUN', 'feats': 'Gender=Fem|Number=Plur', 'head': 20, 'deprel': 'nmod', 'lemma': 'שנה'}]"
"(24, 25)",האחרונות,,,,,"(81, 89)",,,"[{'id': 24, 'text': 'ה', 'upos': 'DET', 'xpos': 'DET', 'feats': 'PronType=Art', 'head': 25, 'deprel': 'det:def', 'lemma': 'ה'}, {'id': 25, 'text': 'אחרונות', 'upos': 'ADJ', 'xpos': 'ADJ', 'feats': 'Gender=Fem|Number=Plur', 'head': 23, 'deprel': 'amod', 'lemma': 'אחרון'}]"
26,",",PUNCT,PUNCT,20.0,punct,"(89, 90)",",",,
"(27, 28)",בהם,,,,,"(91, 94)",,,"[{'id': 27, 'text': 'ב_', 'upos': 'ADP', 'xpos': 'ADP', 'head': 28, 'deprel': 'case', 'lemma': 'ב'}, {'id': 28, 'text': '_הם', 'upos': 'PRON', 'xpos': 'PRON', 'feats': 'Gender=Masc|Number=Plur|Person=3|PronType=Prs', 'head': 29, 'deprel': 'obl', 'lemma': 'הוא'}]"
29,מסוכמות,VERB,VERB,20.0,acl,"(95, 102)",סוכם,"Gender=Fem|HebBinyan=PUAL|Number=Plur|Person=1,2,3|VerbForm=Part|Voice=Pass",
30,תוצאות,NOUN,NOUN,29.0,nsubj,"(103, 109)",תוצאה,Definite=Cons|Gender=Fem|Number=Plur,
31,מדידות,NOUN,NOUN,30.0,compound:smixut,"(110, 116)",מדידה,Gender=Fem|Number=Plur,
32,ת,PROPN,PROPN,31.0,compound:smixut,"(117, 118)",ת,,
1,ב,PROPN,PROPN,0.0,root,"(0, 1)",ב,,
1,בעשרות,NUM,NUM,2.0,nummod,"(1, 7)",בעשרות,Definite=Cons|Gender=Fem|Number=Plur,
2,מדינות,NOUN,NOUN,0.0,root,"(8, 14)",מדינה,Gender=Fem|Number=Plur,
"(3, 5)",בעולם,,,,,"(15, 20)",,,"[{'id': 3, 'text': 'ב', 'upos': 'ADP', 'xpos': 'ADP', 'head': 5, 'deprel': 'case', 'lemma': 'ב'}, {'id': 4, 'text': 'ה_', 'upos': 'DET', 'xpos': 'DET', 'feats': 'PronType=Art', 'head': 5, 'deprel': 'det:def', 'lemma': 'ה'}, {'id': 5, 'text': 'עולם', 'upos': 'NOUN', 'xpos': 'NOUN', 'feats': 'Gender=Masc|Number=Sing', 'head': 2, 'deprel': 'nmod', 'lemma': 'עולם'}]"
"(1, 2)",הפרסומים,,,,,"(1, 9)",,,"[{'id': 1, 'text': 'ה', 'upos': 'DET', 'xpos': 'DET', 'feats': 'PronType=Art', 'head': 2, 'deprel': 'det:def', 'lemma': 'ה'}, {'id': 2, 'text': 'פרסומים', 'upos': 'NOUN', 'xpos': 'NOUN', 'feats': 'Gender=Masc|Number=Plur', 'head': 3, 'deprel': 'nsubj', 'lemma': 'פרסום'}]"
3,מופיעים,VERB,VERB,0.0,root,"(10, 17)",הופיע,"Gender=Masc|HebBinyan=HIFIL|Number=Plur|Person=1,2,3|VerbForm=Part|Voice=Act",
"(4, 5)",במראי,,,,,"(18, 23)",,,"[{'id': 4, 'text': 'ב', 'upos': 'ADP', 'xpos': 'ADP', 'head': 5, 'deprel': 'case', 'lemma': 'ב'}, {'id': 5, 'text': 'מראי', 'upos': 'NOUN', 'xpos': 'NOUN', 'feats': 'Definite=Cons|Gender=Masc|Number=Sing', 'head': 3, 'deprel': 'obl', 'lemma': 'מראי'}]"
6,מקום,NOUN,NOUN,5.0,compound:smixut,"(24, 28)",מקום,Gender=Masc|Number=Sing,
"(7, 8)","בדו""ח",,,,,"(29, 34)",,,"[{'id': 7, 'text': 'ב', 'upos': 'ADP', 'xpos': 'ADP', 'head': 8, 'deprel': 'case', 'lemma': 'ב'}, {'id': 8, 'text': 'דו""ח', 'upos': 'NOUN', 'xpos': 'NOUN', 'feats': 'Abbr=Yes|Gender=Masc|Number=Sing', 'head': 3, 'deprel': 'obl', 'lemma': 'דו""ח'}]"
9,זה,PRON,PRON,8.0,det,"(35, 37)",זה,Gender=Masc|Number=Sing|Person=3|PronType=Dem,
"(1, 2)",הפרסומים,,,,,"(1, 9)",,,"[{'id': 1, 'text': 'ה', 'upos': 'DET', 'xpos': 'DET', 'feats': 'PronType=Art', 'head': 2, 'deprel': 'det:def', 'lemma': 'ה'}, {'id': 2, 'text': 'פרסומים', 'upos': 'NOUN', 'xpos': 'NOUN', 'feats': 'Gender=Masc|Number=Plur', 'head': 3, 'deprel': 'nsubj', 'lemma': 'פרסום'}]"
3,מבוססים,VERB,VERB,0.0,root,"(10, 17)",מבוססים,"Gender=Masc|Number=Plur|Person=1,2,3|VerbForm=Part",
4,על,ADP,ADP,7.0,case,"(18, 20)",על,,
5,עשרות,NUM,NUM,3.0,obl,"(21, 26)",עשרות,Definite=Cons|Gender=Fem|Number=Plur,
6,רבות,NOUN,NOUN,5.0,obl,"(27, 31)",רב,Gender=Fem|Number=Plur,
7,פרסומים,NOUN,NOUN,3.0,obl,"(32, 39)",פרסום,Gender=Masc|Number=Plur,
8,אחרים,ADJ,ADJ,7.0,amod,"(40, 45)",אחר,Gender=Masc|Number=Plur,
9,",",PUNCT,PUNCT,3.0,punct,"(45, 46)",",",,
"(10, 12)",ובכל,,,,,"(47, 51)",,,"[{'id': 10, 'text': 'ו', 'upos': 'CCONJ', 'xpos': 'CCONJ', 'head': 20, 'deprel': 'cc', 'lemma': 'ו'}, {'id': 11, 'text': 'ב', 'upos': 'ADP', 'xpos': 'ADP', 'head': 14, 'deprel': 'case', 'lemma': 'ב'}, {'id': 12, 'text': 'כל', 'upos': 'DET', 'xpos': 'DET', 'feats': 'Definite=Cons', 'head': 14, 'deprel': 'det', 'lemma': 'כול'}]"
"(13, 14)",הפרסומים,,,,,"(52, 60)",,,"[{'id': 13, 'text': 'ה', 'upos': 'DET', 'xpos': 'DET', 'feats': 'PronType=Art', 'head': 14, 'deprel': 'det:def', 'lemma': 'ה'}, {'id': 14, 'text': 'פרסומים', 'upos': 'NOUN', 'xpos': 'NOUN', 'feats': 'Gender=Masc|Number=Plur', 'head': 20, 'deprel': 'obl', 'lemma': 'פרסום'}]"
"(15, 16)",המצוטטים,,,,,"(61, 69)",,,"[{'id': 15, 'text': 'ה', 'upos': 'SCONJ', 'xpos': 'SCONJ', 'head': 16, 'deprel': 'mark', 'lemma': 'ה'}, {'id': 16, 'text': 'מצוטטים', 'upos': 'VERB', 'xpos': 'VERB', 'feats': 'Gender=Masc|HebBinyan=PUAL|Number=Plur|Person=1,2,3|VerbForm=Part|Voice=Pass', 'head': 14, 'deprel': 'acl:relcl', 'lemma': 'צוטט'}]"
"(17, 18)","בדו""ח",,,,,"(70, 75)",,,"[{'id': 17, 'text': 'ב', 'upos': 'ADP', 'xpos': 'ADP', 'head': 18, 'deprel': 'case', 'lemma': 'ב'}, {'id': 18, 'text': 'דו""ח', 'upos': 'NOUN', 'xpos': 'NOUN', 'feats': 'Abbr=Yes|Gender=Masc|Number=Sing', 'head': 16, 'deprel': 'obl', 'lemma': 'דו""ח'}]"
19,זה,PRON,PRON,18.0,det,"(76, 78)",זה,Gender=Masc|Number=Sing|Person=3|PronType=Dem,
20,יש,VERB,VERB,3.0,conj,"(79, 81)",יש,HebExistential=True,
21,עשרות,NUM,NUM,20.0,nsubj,"(82, 87)",עשרות,Gender=Fem|Number=Plur,
22,רבות,ADJ,ADJ,21.0,amod,"(88, 92)",רב,Gender=Fem|Number=Plur,
23,של,ADP,ADP,24.0,case:gen,"(93, 95)",של,Case=Gen,
24,הפניות,NOUN,NOUN,21.0,nmod:poss,"(96, 102)",הפניה,Gender=Fem|Number=Plur,
"(25, 27)",לפרסומים,,,,,"(103, 111)",,,"[{'id': 25, 'text': 'ל', 'upos': 'ADP', 'xpos': 'ADP', 'head': 27, 'deprel': 'case', 'lemma': 'ל'}, {'id': 26, 'text': 'ה_', 'upos': 'DET', 'xpos': 'DET', 'feats': 'PronType=Art', 'head': 27, 'deprel': 'det:def', 'lemma': 'ה'}, {'id': 27, 'text': 'פרסומים', 'upos': 'NOUN', 'xpos': 'NOUN', 'feats': 'Gender=Masc|Number=Plur', 'head': 24, 'deprel': 'nmod', 'lemma': 'פרסום'}]"
28,אחרים,ADJ,ADJ,27.0,amod,"(112, 117)",אחר,Gender=Masc|Number=Plur,
1,יצוין,VERB,VERB,0.0,root,"(1, 6)",צוין,Gender=Masc|HebBinyan=PUAL|Number=Sing|Person=3|Tense=Fut|Voice=Pass,
2,גם,ADV,ADV,1.0,advmod,"(7, 9)",גם,,
3,",",PUNCT,PUNCT,1.0,punct,"(9, 10)",",",,
4,כי,SCONJ,SCONJ,5.0,mark,"(11, 13)",כי,,
5,קיימים,VERB,VERB,1.0,ccomp,"(14, 20)",קיים,VerbForm=Part,
6,מספר,NOUN,NOUN,5.0,nsubj,"(21, 25)",מספר,Gender=Masc|Number=Sing,
7,רב,ADJ,ADJ,6.0,amod,"(26, 28)",רב,Gender=Masc|Number=Sing,
8,של,ADP,ADP,9.0,case:gen,"(29, 31)",של,Case=Gen,
9,מחקרים,NOUN,NOUN,6.0,nmod,"(32, 38)",מחקר,Gender=Masc|Number=Plur,
10,תיאורטיים,ADJ,ADJ,9.0,amod,"(39, 48)",תיאורטי,Gender=Masc|Number=Plur,
11,של,ADP,ADP,9.0,case:gen,"(49, 51)",של,Case=Gen,
12,ת,ADP,ADP,9.0,nmod,"(52, 53)",ת,,
1,ב,PROPN,PROPN,0.0,root,"(0, 1)",ב,,
"(1, 2)",למבנים,,,,,"(1, 7)",,,"[{'id': 1, 'text': 'ל', 'upos': 'ADP', 'xpos': 'ADP', 'head': 2, 'deprel': 'case', 'lemma': 'ל'}, {'id': 2, 'text': 'מבנים', 'upos': 'NOUN', 'xpos': 'NOUN', 'feats': 'Gender=Masc|Number=Plur', 'head': 0, 'deprel': 'root', 'lemma': 'מבנה'}]"
"(3, 4)",מסוגים,,,,,"(8, 14)",,,"[{'id': 3, 'text': 'מ', 'upos': 'ADP', 'xpos': 'ADP', 'head': 4, 'deprel': 'case', 'lemma': 'מ'}, {'id': 4, 'text': 'סוגים', 'upos': 'NOUN', 'xpos': 'NOUN', 'feats': 'Gender=Masc|Number=Plur', 'head': 2, 'deprel': 'nmod', 'lemma': 'סוג'}]"
5,שונים,ADJ,ADJ,4.0,amod,"(15, 20)",שונה,Gender=Masc|Number=Plur,
6,",",PUNCT,PUNCT,2.0,punct,"(20, 21)",",",,
7,אך,CCONJ,CCONJ,11.0,cc,"(22, 24)",אך,,
8,"דו""ח",NOUN,NOUN,2.0,nsubj,"(25, 29)","דו""ח",Abbr=Yes|Gender=Masc|Number=Sing,
9,זה,PRON,PRON,8.0,det,"(30, 32)",זה,Gender=Masc|Number=Sing|Person=3|PronType=Dem,
10,אינו,AUX,AUX,11.0,advmod,"(33, 37)",אינו,Gender=Masc|Number=Sing|Person=3|Polarity=Neg|VerbForm=Part|VerbType=Cop,
11,מתייחס,VERB,VERB,2.0,conj,"(38, 44)",התייחס,"Gender=Masc|HebBinyan=HITPAEL|Number=Sing|Person=1,2,3|VerbForm=Part",
"(12, 13)",למחקרים,,,,,"(45, 52)",,,"[{'id': 12, 'text': 'ל', 'upos': 'ADP', 'xpos': 'ADP', 'head': 13, 'deprel': 'case', 'lemma': 'ל'}, {'id': 13, 'text': 'מחקרים', 'upos': 'NOUN', 'xpos': 'NOUN', 'feats': 'Gender=Masc|Number=Plur', 'head': 11, 'deprel': 'obl', 'lemma': 'מחקר'}]"
"(14, 15)",מסוג,,,,,"(53, 57)",,,"[{'id': 14, 'text': 'מ', 'upos': 'ADP', 'xpos': 'ADP', 'head': 15, 'deprel': 'case', 'lemma': 'מ'}, {'id': 15, 'text': 'סוג', 'upos': 'NOUN', 'xpos': 'NOUN', 'feats': 'Gender=Masc|Number=Sing', 'head': 13, 'deprel': 'nmod', 'lemma': 'סוג'}]"
16,זה,PRON,PRON,15.0,det,"(58, 60)",זה,Gender=Masc|Number=Sing|Person=3|PronType=Dem,
17,",",PUNCT,PUNCT,11.0,punct,"(60, 61)",",",,
"(18, 19)",ועוסק,,,,,"(62, 67)",,,"[{'id': 18, 'text': 'ו', 'upos': 'CCONJ', 'xpos': 'CCONJ', 'head': 19, 'deprel': 'cc', 'lemma': 'ו'}, {'id': 19, 'text': 'עוסק', 'upos': 'VERB', 'xpos': 'VERB', 'feats': 'Gender=Masc|HebBinyan=PAAL|Number=Sing|Person=1,2,3|VerbForm=Part|Voice=Act', 'head': 2, 'deprel': 'conj', 'lemma': 'עסק'}]"
20,",",PUNCT,PUNCT,19.0,punct,"(67, 68)",",",,
21,כאמור,ADV,ADV,19.0,advmod,"(69, 74)",כאמור,,
22,",",PUNCT,PUNCT,19.0,punct,"(74, 75)",",",,
23,רק,ADV,ADV,24.0,advmod,"(76, 78)",רק,,
"(24, 25)",במחקרים,,,,,"(79, 86)",,,"[{'id': 24, 'text': 'ב', 'upos': 'ADP', 'xpos': 'ADP', 'head': 25, 'deprel': 'case', 'lemma': 'ב'}, {'id': 25, 'text': 'מחקרים', 'upos': 'NOUN', 'xpos': 'NOUN', 'feats': 'Gender=Masc|Number=Plur', 'head': 19, 'deprel': 'obl', 'lemma': 'מחקר'}]"
26,",",PUNCT,PUNCT,25.0,punct,"(86, 87)",",",,
"(27, 28)",בהם,,,,,"(88, 91)",,,"[{'id': 27, 'text': 'ב_', 'upos': 'ADP', 'xpos': 'ADP', 'head': 28, 'deprel': 'case', 'lemma': 'ב'}, {'id': 28, 'text': '_הם', 'upos': 'PRON', 'xpos': 'PRON', 'feats': 'Gender=Masc|Number=Plur|Person=3|PronType=Prs', 'head': 29, 'deprel': 'obl', 'lemma': 'הוא'}]"
29,מוצגות,VERB,VERB,25.0,acl,"(92, 98)",הוצג,"Gender=Fem|HebBinyan=HUFAL|Number=Plur|Person=1,2,3|VerbForm=Part|Voice=Pass",
30,תוצאות,NOUN,NOUN,29.0,nsubj,"(99, 105)",תוצאה,Definite=Cons|Gender=Fem|Number=Plur,
31,מדידות,NOUN,NOUN,30.0,compound:smixut,"(106, 112)",מדידה,Gender=Fem|Number=Plur,
32,של,ADP,ADP,33.0,case:gen,"(113, 115)",של,Case=Gen,
33,ת,PROPN,PROPN,31.0,nmod:poss,"(116, 117)",ת,,
1,ב,PROPN,PROPN,0.0,root,"(0, 1)",ב,,
1,בפועל,ADV,ADV,0.0,root,"(1, 6)",בפועל,,
1,להלן,ADV,ADV,0.0,root,"(1, 5)",להלן,,
2,מסקנות,NOUN,NOUN,1.0,dep,"(6, 12)",מסקנה,Gender=Fem|Number=Plur,
1,6,NUM,NUM,0.0,root,"(1, 2)",6,,
1,2,NUM,NUM,2.0,nummod,"(0, 1)",2,,
2,מסקנות,NOUN,NOUN,0.0,root,"(2, 8)",מסקנה,Definite=Cons|Gender=Fem|Number=Plur,
3,אנליזת,NOUN,NOUN,2.0,compound:smixut,"(9, 15)",אנליזה,Definite=Cons|Gender=Fem|Number=Sing,
4,שיטות,NOUN,NOUN,3.0,compound:smixut,"(16, 21)",שיטה,Definite=Cons|Gender=Fem|Number=Plur,
5,חישוב,NOUN,NOUN,4.0,compound:smixut,"(22, 27)",חישוב,Gender=Masc|Number=Sing,
6,של,ADP,ADP,7.0,case:gen,"(28, 30)",של,Case=Gen,
7,תקופה,NOUN,NOUN,3.0,nmod:poss,"(31, 36)",תקופה,Gender=Fem|Number=Sing,
8,בסיסית,ADJ,ADJ,7.0,amod,"(37, 43)",בסיסי,Gender=Fem|Number=Sing,
"(9, 11)",בעולם,,,,,"(44, 49)",,,"[{'id': 9, 'text': 'ב', 'upos': 'ADP', 'xpos': 'ADP', 'head': 11, 'deprel': 'case', 'lemma': 'ב'}, {'id': 10, 'text': 'ה_', 'upos': 'DET', 'xpos': 'DET', 'feats': 'PronType=Art', 'head': 11, 'deprel': 'det:def', 'lemma': 'ה'}, {'id': 11, 'text': 'עולם', 'upos': 'NOUN', 'xpos': 'NOUN', 'feats': 'Gender=Masc|Number=Sing', 'head': 7, 'deprel': 'nmod', 'lemma': 'עולם'}]"
12,6,NUM,NUM,2.0,nummod,"(50, 51)",6,,
1,2,NUM,NUM,0.0,root,"(0, 1)",2,,
1,1,NUM,NUM,6.0,punct,"(0, 1)",1,,
"(2, 3)",בכל,,,,,"(2, 5)",,,"[{'id': 2, 'text': 'ב', 'upos': 'ADP', 'xpos': 'ADP', 'head': 5, 'deprel': 'case', 'lemma': 'ב'}, {'id': 3, 'text': 'כל', 'upos': 'DET', 'xpos': 'DET', 'feats': 'Definite=Cons', 'head': 5, 'deprel': 'det', 'lemma': 'כול'}]"
"(4, 5)",המדינות,,,,,"(6, 13)",,,"[{'id': 4, 'text': 'ה', 'upos': 'DET', 'xpos': 'DET', 'feats': 'PronType=Art', 'head': 5, 'deprel': 'det:def', 'lemma': 'ה'}, {'id': 5, 'text': 'מדינות', 'upos': 'NOUN', 'xpos': 'NOUN', 'feats': 'Gender=Fem|Number=Plur', 'head': 6, 'deprel': 'obl', 'lemma': 'מדינה'}]"
6,משתמשים,VERB,VERB,0.0,root,"(14, 21)",השתמש,"Gender=Masc|HebBinyan=HITPAEL|Number=Plur|Person=1,2,3|VerbForm=Part",
"(7, 8)",בשיטות,,,,,"(22, 28)",,,"[{'id': 7, 'text': 'ב', 'upos': 'ADP', 'xpos': 'ADP', 'head': 8, 'deprel': 'case', 'lemma': 'ב'}, {'id': 8, 'text': 'שיטות', 'upos': 'NOUN', 'xpos': 'NOUN', 'feats': 'Gender=Fem|Number=Plur', 'head': 6, 'deprel': 'obl', 'lemma': 'שיטה'}]"
9,מפושטות,VERB,VERB,8.0,amod,"(29, 36)",פושט,"Gender=Fem|HebBinyan=PUAL|Number=Plur|Person=1,2,3|VerbForm=Part|Voice=Pass",
"(10, 11)",לחישוב,,,,,"(37, 43)",,,"[{'id': 10, 'text': 'ל', 'upos': 'ADP', 'xpos': 'ADP', 'head': 11, 'deprel': 'case', 'lemma': 'ל'}, {'id': 11, 'text': 'חישוב', 'upos': 'NOUN', 'xpos': 'NOUN', 'feats': 'Definite=Cons|Gender=Masc|Number=Sing', 'head': 8, 'deprel': 'nmod', 'lemma': 'חישוב'}]"
12,ת,PROPN,PROPN,11.0,compound:smixut,"(44, 45)",ת,,
1,ב,PROPN,PROPN,0.0,root,"(0, 1)",ב,,
1,6,NUM,NUM,0.0,root,"(1, 2)",6,,
1,2,NUM,NUM,0.0,root,"(0, 1)",2,,
1,2,NUM,NUM,12.0,dep,"(0, 1)",2,,
"(2, 3)",בארצות,,,,,"(2, 8)",,,"[{'id': 2, 'text': 'ב', 'upos': 'ADP', 'xpos': 'ADP', 'head': 3, 'deprel': 'case', 'lemma': 'ב'}, {'id': 3, 'text': 'ארצות', 'upos': 'NOUN', 'xpos': 'NOUN', 'feats': 'Definite=Cons|Gender=Fem|Number=Plur', 'head': 1, 'deprel': 'obl', 'lemma': 'ארץ'}]"
"(4, 5)",הברית,,,,,"(9, 14)",,,"[{'id': 4, 'text': 'ה', 'upos': 'DET', 'xpos': 'DET', 'feats': 'PronType=Art', 'head': 5, 'deprel': 'det:def', 'lemma': 'ה'}, {'id': 5, 'text': 'ברית', 'upos': 'NOUN', 'xpos': 'NOUN', 'feats': 'Gender=Fem|Number=Sing', 'head': 3, 'deprel': 'compound:smixut', 'lemma': 'ברית'}]"
6,",",PUNCT,PUNCT,3.0,punct,"(14, 15)",",",,
7,יפן,PROPN,PROPN,3.0,conj,"(16, 19)",יפן,,
"(8, 9)",ובעוד,,,,,"(20, 25)",,,"[{'id': 8, 'text': 'ו', 'upos': 'CCONJ', 'xpos': 'CCONJ', 'head': 11, 'deprel': 'cc', 'lemma': 'ו'}, {'id': 9, 'text': 'בעוד', 'upos': 'ADP', 'xpos': 'ADP', 'head': 11, 'deprel': 'case', 'lemma': 'בעוד'}]"
10,מספר,DET,DET,11.0,det,"(26, 30)",מספר,Definite=Cons,
11,מדינות,NOUN,NOUN,3.0,conj,"(31, 37)",מדינה,Gender=Fem|Number=Plur,
12,משתמשים,VERB,VERB,0.0,root,"(38, 45)",השתמש,"Gender=Masc|HebBinyan=HITPAEL|Number=Plur|Person=1,2,3|VerbForm=Part",
"(13, 14)",בשיטות,,,,,"(46, 52)",,,"[{'id': 13, 'text': 'ב', 'upos': 'ADP', 'xpos': 'ADP', 'head': 14, 'deprel': 'case', 'lemma': 'ב'}, {'id': 14, 'text': 'שיטות', 'upos': 'NOUN', 'xpos': 'NOUN', 'feats': 'Gender=Fem|Number=Plur', 'head': 12, 'deprel': 'obl', 'lemma': 'שיטה'}]"
15,אמפיריות,ADJ,ADJ,14.0,amod,"(53, 61)",אמפירי,Gender=Fem|Number=Plur,
16,",",PUNCT,PUNCT,14.0,punct,"(61, 62)",",",,
"(17, 18)",המבוססות,,,,,"(63, 71)",,,"[{'id': 17, 'text': 'ה', 'upos': 'SCONJ', 'xpos': 'SCONJ', 'head': 18, 'deprel': 'mark', 'lemma': 'ה'}, {'id': 18, 'text': 'מבוססות', 'upos': 'VERB', 'xpos': 'VERB', 'feats': 'Gender=Fem|Number=Plur|Person=1,2,3|VerbForm=Part', 'head': 14, 'deprel': 'acl:relcl', 'lemma': 'מבוססות'}]"
19,על,ADP,ADP,20.0,case,"(72, 74)",על,,
20,תוצאות,NOUN,NOUN,18.0,obl,"(75, 81)",תוצאה,Definite=Cons|Gender=Fem|Number=Plur,
21,בדיקות,NOUN,NOUN,20.0,compound:smixut,"(82, 88)",בדיקה,Definite=Cons|Gender=Fem|Number=Plur,
22,מבנים,NOUN,NOUN,21.0,compound:smixut,"(89, 94)",מבנה,Gender=Masc|Number=Plur,
"(23, 24)",במדינות,,,,,"(95, 102)",,,"[{'id': 23, 'text': 'ב', 'upos': 'ADP', 'xpos': 'ADP', 'head': 24, 'deprel': 'case', 'lemma': 'ב'}, {'id': 24, 'text': 'מדינות', 'upos': 'NOUN', 'xpos': 'NOUN', 'feats': 'Gender=Fem|Number=Plur', 'head': 20, 'deprel': 'nmod', 'lemma': 'מדינה'}]"
25,אלה,PRON,PRON,24.0,det,"(103, 106)",אלה,Gender=Masc|Number=Plur|Person=3|PronType=Dem,
"(1, 2)",ברוב,,,,,"(1, 5)",,,"[{'id': 1, 'text': 'ב', 'upos': 'ADP', 'xpos': 'ADP', 'head': 3, 'deprel': 'case', 'lemma': 'ב'}, {'id': 2, 'text': 'רוב', 'upos': 'DET', 'xpos': 'DET', 'feats': 'Definite=Cons', 'head': 3, 'deprel': 'det', 'lemma': 'רוב'}]"
3,מדינות,NOUN,NOUN,17.0,obl,"(6, 12)",מדינה,Gender=Fem|Number=Plur,
4,אחרות,ADJ,ADJ,3.0,amod,"(13, 18)",אחר,Gender=Fem|Number=Plur,
"(5, 6)",בקודים,,,,,"(19, 25)",,,"[{'id': 5, 'text': 'ב', 'upos': 'ADP', 'xpos': 'ADP', 'head': 6, 'deprel': 'case', 'lemma': 'ב'}, {'id': 6, 'text': 'קודים', 'upos': 'NOUN', 'xpos': 'NOUN', 'feats': 'Gender=Masc|Number=Plur', 'head': 17, 'deprel': 'obl', 'lemma': 'קוד'}]"
7,",",PUNCT,PUNCT,6.0,punct,"(25, 26)",",",,
8,תקנים,NOUN,NOUN,6.0,conj,"(27, 32)",תקן,Gender=Masc|Number=Plur,
9,",",PUNCT,PUNCT,6.0,punct,"(32, 33)",",",,
10,נהלים,NOUN,NOUN,6.0,conj,"(34, 39)",נוהל,Gender=Masc|Number=Plur,
11,לאומיים,ADJ,ADJ,10.0,amod,"(40, 47)",לאומי,Gender=Masc|Number=Plur,
"(12, 13)",וגם,,,,,"(48, 51)",,,"[{'id': 12, 'text': 'ו', 'upos': 'CCONJ', 'xpos': 'CCONJ', 'head': 16, 'deprel': 'cc', 'lemma': 'ו'}, {'id': 13, 'text': 'גם', 'upos': 'ADV', 'xpos': 'ADV', 'head': 14, 'deprel': 'advmod', 'lemma': 'גם'}]"
14,ב,ADP,ADP,16.0,case,"(52, 53)",ב,,
15,-,PUNCT,PUNCT,16.0,punct,"(53, 54)",-,,
16,EC8,PROPN,PROPN,6.0,conj,"(54, 57)",EC8,,
17,משתמשים,VERB,VERB,0.0,root,"(58, 65)",השתמש,"Gender=Masc|HebBinyan=HITPAEL|Number=Plur|Person=1,2,3|VerbForm=Part",
"(18, 19)",בשיטות,,,,,"(66, 72)",,,"[{'id': 18, 'text': 'ב', 'upos': 'ADP', 'xpos': 'ADP', 'head': 19, 'deprel': 'case', 'lemma': 'ב'}, {'id': 19, 'text': 'שיטות', 'upos': 'NOUN', 'xpos': 'NOUN', 'feats': 'Gender=Fem|Number=Plur', 'head': 17, 'deprel': 'obl', 'lemma': 'שיטה'}]"
20,",",PUNCT,PUNCT,19.0,punct,"(72, 73)",",",,
"(21, 22)",שפותחו,,,,,"(74, 80)",,,"[{'id': 21, 'text': 'ש', 'upos': 'SCONJ', 'xpos': 'SCONJ', 'head': 22, 'deprel': 'mark', 'lemma': 'ש'}, {'id': 22, 'text': 'פותחו', 'upos': 'VERB', 'xpos': 'VERB', 'feats': 'Gender=Fem,Masc|HebBinyan=PUAL|Number=Plur|Person=3|Tense=Past|Voice=Pass', 'head': 19, 'deprel': 'acl:relcl', 'lemma': 'פתח'}]"
"(23, 24)","בארה""ב",,,,,"(81, 87)",,,"[{'id': 23, 'text': 'ב', 'upos': 'ADP', 'xpos': 'ADP', 'head': 24, 'deprel': 'case', 'lemma': 'ב'}, {'id': 24, 'text': 'ארה""ב', 'upos': 'PROPN', 'xpos': 'PROPN', 'feats': 'Abbr=Yes', 'head': 22, 'deprel': 'obl', 'lemma': 'ארה""ב'}]"
25,(,PUNCT,PUNCT,28.0,punct,"(88, 89)",(,,
26,בהתבסס,ADP,ADP,28.0,case,"(89, 95)",בהתבסס,,
27,על,ADP,ADP,26.0,fixed,"(96, 98)",על,,
28,מדידות,NOUN,NOUN,22.0,obl,"(99, 105)",מדידה,Gender=Fem|Number=Plur,
"(29, 30)",למבנים,,,,,"(106, 112)",,,"[{'id': 29, 'text': 'ל', 'upos': 'ADP', 'xpos': 'ADP', 'head': 30, 'deprel': 'case', 'lemma': 'ל'}, {'id': 30, 'text': 'מבנים', 'upos': 'NOUN', 'xpos': 'NOUN', 'feats': 'Gender=Masc|Number=Plur', 'head': 28, 'deprel': 'nmod', 'lemma': 'מבנה'}]"
"(31, 32)","בארה""ב",,,,,"(113, 119)",,,"[{'id': 31, 'text': 'ב', 'upos': 'ADP', 'xpos': 'ADP', 'head': 32, 'deprel': 'case', 'lemma': 'ב'}, {'id': 32, 'text': 'ארה""ב', 'upos': 'PROPN', 'xpos': 'PROPN', 'feats': 'Abbr=Yes', 'head': 30, 'deprel': 'nmod', 'lemma': 'ארה""ב'}]"
33,),PUNCT,PUNCT,28.0,punct,"(119, 120)",),,
"(1, 3)",בטבלה,,,,,"(1, 6)",,,"[{'id': 1, 'text': 'ב', 'upos': 'ADP', 'xpos': 'ADP', 'head': 3, 'deprel': 'case', 'lemma': 'ב'}, {'id': 2, 'text': 'ה_', 'upos': 'DET', 'xpos': 'DET', 'feats': 'PronType=Art', 'head': 3, 'deprel': 'det:def', 'lemma': 'ה'}, {'id': 3, 'text': 'טבלה', 'upos': 'NOUN', 'xpos': 'NOUN', 'feats': 'Gender=Fem|Number=Sing', 'head': 0, 'deprel': 'root', 'lemma': 'טבלה'}]"
4,מס',NOUN,NOUN,5.0,obl,"(7, 10)",מס',Abbr=Yes|HebSource=ConvUncertainHead,
5,6,NUM,NUM,3.0,dep,"(11, 12)",6,,
1,2,NUM,NUM,0.0,root,"(0, 1)",2,,
1,2,NUM,NUM,0.0,root,"(0, 1)",2,,
1,1,NUM,NUM,2.0,nummod,"(0, 1)",1,,
2,מוצגות,VERB,VERB,0.0,root,"(2, 8)",הוצג,"Gender=Fem|HebBinyan=HUFAL|Number=Plur|Person=1,2,3|VerbForm=Part|Voice=Pass",
3,נוסחאות,NOUN,NOUN,2.0,compound:smixut,"(9, 16)",נוסחה,Gender=Fem|Number=Plur,
"(4, 5)",לחישוב,,,,,"(17, 23)",,,"[{'id': 4, 'text': 'ל', 'upos': 'ADP', 'xpos': 'ADP', 'head': 5, 'deprel': 'case', 'lemma': 'ל'}, {'id': 5, 'text': 'חישוב', 'upos': 'NOUN', 'xpos': 'NOUN', 'feats': 'Gender=Masc|Number=Sing', 'head': 3, 'deprel': 'nmod', 'lemma': 'חישוב'}]"
6,של,ADP,ADP,7.0,case:gen,"(24, 26)",של,Case=Gen,
7,ת,PROPN,PROPN,5.0,nmod:poss,"(27, 28)",ת,,
1,ב,PROPN,PROPN,0.0,root,"(0, 1)",ב,,
"(1, 2)","בארה""ב",,,,,"(1, 7)",,,"[{'id': 1, 'text': 'ב', 'upos': 'ADP', 'xpos': 'ADP', 'head': 2, 'deprel': 'case', 'lemma': 'ב'}, {'id': 2, 'text': 'ארה""ב', 'upos': 'PROPN', 'xpos': 'PROPN', 'feats': 'Abbr=Yes', 'head': 0, 'deprel': 'root', 'lemma': 'ארה""ב'}]"
"(3, 5)",ובמספר,,,,,"(8, 14)",,,"[{'id': 3, 'text': 'ו', 'upos': 'CCONJ', 'xpos': 'CCONJ', 'head': 6, 'deprel': 'cc', 'lemma': 'ו'}, {'id': 4, 'text': 'ב', 'upos': 'ADP', 'xpos': 'ADP', 'head': 6, 'deprel': 'case', 'lemma': 'ב'}, {'id': 5, 'text': 'מספר', 'upos': 'DET', 'xpos': 'DET', 'feats': 'Definite=Cons', 'head': 6, 'deprel': 'det', 'lemma': 'מספר'}]"
6,מדינות,NOUN,NOUN,2.0,conj,"(15, 21)",מדינה,Gender=Fem|Number=Plur,
"(7, 8)",באמריקה,,,,,"(22, 29)",,,"[{'id': 7, 'text': 'ב', 'upos': 'ADP', 'xpos': 'ADP', 'head': 8, 'deprel': 'case', 'lemma': 'ב'}, {'id': 8, 'text': 'אמריקה', 'upos': 'PROPN', 'xpos': 'PROPN', 'head': 6, 'deprel': 'nmod', 'lemma': 'אמריקה'}]"
9,",",PUNCT,PUNCT,8.0,punct,"(29, 30)",",",,
10,אירופה,PROPN,PROPN,8.0,conj,"(31, 37)",אירופה,,
11,",",PUNCT,PUNCT,8.0,punct,"(37, 38)",",",,
12,אפריקה,PROPN,PROPN,8.0,conj,"(39, 45)",אפריקה,,
"(13, 14)",ואסיה,,,,,"(46, 51)",,,"[{'id': 13, 'text': 'ו', 'upos': 'CCONJ', 'xpos': 'CCONJ', 'head': 14, 'deprel': 'cc', 'lemma': 'ו'}, {'id': 14, 'text': 'אסיה', 'upos': 'PROPN', 'xpos': 'PROPN', 'head': 8, 'deprel': 'conj', 'lemma': 'אסיה'}]"
1,6,NUM,NUM,0.0,root,"(1, 2)",6,,
1,2,NUM,NUM,0.0,root,"(0, 1)",2,,
1,3,NUM,NUM,53.0,dep,"(0, 1)",3,,
"(2, 3)",בעשרות,,,,,"(2, 8)",,,"[{'id': 2, 'text': 'ב', 'upos': 'ADP', 'xpos': 'ADP', 'head': 4, 'deprel': 'case', 'lemma': 'ב'}, {'id': 3, 'text': 'עשרות', 'upos': 'NUM', 'xpos': 'NUM', 'feats': 'Definite=Cons|Gender=Fem|Number=Plur', 'head': 4, 'deprel': 'nummod', 'lemma': 'עשרות'}]"
4,מדינות,NOUN,NOUN,53.0,obl,"(9, 15)",מדינה,Gender=Fem|Number=Plur,
"(5, 6)",בכל,,,,,"(16, 19)",,,"[{'id': 5, 'text': 'ב', 'upos': 'ADP', 'xpos': 'ADP', 'head': 8, 'deprel': 'case', 'lemma': 'ב'}, {'id': 6, 'text': 'כל', 'upos': 'DET', 'xpos': 'DET', 'feats': 'Definite=Cons', 'head': 8, 'deprel': 'det', 'lemma': 'כול'}]"
"(7, 8)",העולם,,,,,"(20, 25)",,,"[{'id': 7, 'text': 'ה', 'upos': 'DET', 'xpos': 'DET', 'feats': 'PronType=Art', 'head': 8, 'deprel': 'det:def', 'lemma': 'ה'}, {'id': 8, 'text': 'עולם', 'upos': 'NOUN', 'xpos': 'NOUN', 'feats': 'Gender=Masc|Number=Sing', 'head': 4, 'deprel': 'nmod', 'lemma': 'עולם'}]"
9,(,PUNCT,PUNCT,10.0,punct,"(26, 27)",(,,
10,"ארה""ב",PROPN,PROPN,4.0,appos,"(27, 32)","ארה""ב",Abbr=Yes,
11,",",PUNCT,PUNCT,10.0,punct,"(32, 33)",",",,
12,קנדה,PROPN,PROPN,10.0,conj,"(34, 38)",קנדה,,
13,",",PUNCT,PUNCT,10.0,punct,"(38, 39)",",",,
14,צ'ילה,PROPN,PROPN,10.0,conj,"(40, 45)",צ'ילה,,
15,",",PUNCT,PUNCT,10.0,punct,"(45, 46)",",",,
16,מקסיקו,PROPN,PROPN,10.0,conj,"(47, 53)",מקסיקו,,
17,",",PUNCT,PUNCT,10.0,punct,"(53, 54)",",",,
18,ונצואלה,PROPN,PROPN,10.0,conj,"(55, 62)",ונצואלה,,
19,",",PUNCT,PUNCT,10.0,punct,"(62, 63)",",",,
20,ניו,PROPN,PROPN,10.0,conj,"(64, 67)",ניו,,
21,זילנד,PROPN,PROPN,20.0,flat:name,"(68, 73)",זילנד,,
22,",",PUNCT,PUNCT,10.0,punct,"(73, 74)",",",,
23,יפן,PROPN,PROPN,10.0,conj,"(75, 78)",יפן,,
24,",",PUNCT,PUNCT,10.0,punct,"(78, 79)",",",,
25,קוריאה,PROPN,PROPN,10.0,conj,"(80, 86)",קוריאה,,
26,",",PUNCT,PUNCT,10.0,punct,"(86, 87)",",",,
27,הודו,PROPN,PROPN,10.0,conj,"(88, 92)",הודו,,
28,",",PUNCT,PUNCT,10.0,punct,"(92, 93)",",",,
29,סינגפור,PROPN,PROPN,10.0,conj,"(94, 101)",סינגפור,,
30,",",PUNCT,PUNCT,10.0,punct,"(101, 102)",",",,
31,נפאל,PROPN,PROPN,10.0,conj,"(103, 107)",נפאל,,
32,",",PUNCT,PUNCT,10.0,punct,"(107, 108)",",",,
33,טורקיה,PROPN,PROPN,10.0,conj,"(109, 115)",טורקיה,,
34,",",PUNCT,PUNCT,10.0,punct,"(115, 116)",",",,
35,אזרבייג'ן,PROPN,PROPN,10.0,conj,"(117, 126)",אזרבייג'ן,,
36,",",PUNCT,PUNCT,10.0,punct,"(126, 127)",",",,
37,אתיופיה,PROPN,PROPN,10.0,conj,"(128, 135)",אתיופיה,,
38,",",PUNCT,PUNCT,10.0,punct,"(135, 136)",",",,
39,איטליה,PROPN,PROPN,10.0,conj,"(137, 143)",איטליה,,
40,",",PUNCT,PUNCT,10.0,punct,"(143, 144)",",",,
41,סלובניה,PROPN,PROPN,10.0,conj,"(145, 152)",סלובניה,,
42,",",PUNCT,PUNCT,10.0,punct,"(152, 153)",",",,
43,מקדוניה,PROPN,PROPN,10.0,conj,"(154, 161)",מקדוניה,,
44,",",PUNCT,PUNCT,10.0,punct,"(161, 162)",",",,
45,קרואטיה,PROPN,PROPN,10.0,conj,"(163, 170)",קרואטיה,,
46,",",PUNCT,PUNCT,10.0,punct,"(170, 171)",",",,
47,פורטוגל,PROPN,PROPN,10.0,conj,"(172, 179)",פורטוגל,,
48,",",PUNCT,PUNCT,10.0,punct,"(179, 180)",",",,
49,ספרד,PROPN,PROPN,10.0,conj,"(181, 185)",ספרד,,
"(50, 51)",ועוד,,,,,"(186, 190)",,,"[{'id': 50, 'text': 'ו', 'upos': 'CCONJ', 'xpos': 'CCONJ', 'head': 51, 'deprel': 'cc', 'lemma': 'ו'}, {'id': 51, 'text': 'עוד', 'upos': 'ADV', 'xpos': 'ADV', 'head': 54, 'deprel': 'conj', 'lemma': 'עוד'}]"
52,),PUNCT,PUNCT,10.0,punct,"(190, 191)",),,
53,מבצעים,VERB,VERB,0.0,root,"(192, 198)",ביצע,"Gender=Masc|HebBinyan=PIEL|Number=Plur|Person=1,2,3|VerbForm=Part|Voice=Act",
54,מחקרים,NOUN,NOUN,53.0,obj,"(199, 205)",מחקר,Gender=Masc|Number=Plur,
"(55, 56)",ומדידות,,,,,"(206, 213)",,,"[{'id': 55, 'text': 'ו', 'upos': 'CCONJ', 'xpos': 'CCONJ', 'head': 56, 'deprel': 'cc', 'lemma': 'ו'}, {'id': 56, 'text': 'מדידות', 'upos': 'NOUN', 'xpos': 'NOUN', 'feats': 'Gender=Fem|Number=Plur', 'head': 54, 'deprel': 'conj', 'lemma': 'מדידה'}]"
57,של,ADP,ADP,58.0,case:gen,"(214, 216)",של,Case=Gen,
58,ת,PROPN,PROPN,54.0,nmod:poss,"(217, 218)",ת,,
1,ב,PROPN,PROPN,0.0,root,"(0, 1)",ב,,
"(1, 3)",בפועל,,,,,"(1, 6)",,,"[{'id': 1, 'text': 'ב', 'upos': 'ADP', 'xpos': 'ADP', 'head': 3, 'deprel': 'case', 'lemma': 'ב'}, {'id': 2, 'text': 'ה_', 'upos': 'DET', 'xpos': 'DET', 'feats': 'PronType=Art', 'head': 3, 'deprel': 'det:def', 'lemma': 'ה'}, {'id': 3, 'text': 'פועל', 'upos': 'VERB', 'xpos': 'VERB', 'feats': 'Gender=Masc|Number=Sing', 'head': 0, 'deprel': 'root', 'lemma': 'פעל'}]"
"(4, 5)",למבנים,,,,,"(7, 13)",,,"[{'id': 4, 'text': 'ל', 'upos': 'ADP', 'xpos': 'ADP', 'head': 5, 'deprel': 'case', 'lemma': 'ל'}, {'id': 5, 'text': 'מבנים', 'upos': 'NOUN', 'xpos': 'NOUN', 'feats': 'Gender=Masc|Number=Plur', 'head': 3, 'deprel': 'obl', 'lemma': 'מבנה'}]"
"(6, 7)",במדינות,,,,,"(14, 21)",,,"[{'id': 6, 'text': 'ב', 'upos': 'ADP', 'xpos': 'ADP', 'head': 7, 'deprel': 'case', 'lemma': 'ב'}, {'id': 7, 'text': 'מדינות', 'upos': 'NOUN', 'xpos': 'NOUN', 'feats': 'Gender=Fem|Number=Plur', 'head': 5, 'deprel': 'nmod', 'lemma': 'מדינה'}]"
8,אלה,PRON,PRON,7.0,det,"(22, 25)",אלה,Gender=Masc|Number=Plur|Person=3|PronType=Dem,
"(9, 10)",במטרת,,,,,"(26, 31)",,,"[{'id': 9, 'text': 'ב', 'upos': 'ADP', 'xpos': 'ADP', 'head': 10, 'deprel': 'case', 'lemma': 'ב'}, {'id': 10, 'text': 'מטרת', 'upos': 'NOUN', 'xpos': 'NOUN', 'feats': 'Definite=Cons|Gender=Fem|Number=Sing', 'head': 3, 'deprel': 'obl', 'lemma': 'מטרה'}]"
"(11, 14)",ולידציה,,,,,"(32, 39)",,,"[{'id': 11, 'text': 'ו', 'upos': 'CCONJ', 'xpos': 'CCONJ', 'head': 14, 'deprel': 'cc', 'lemma': 'ו'}, {'id': 12, 'text': 'ל', 'upos': 'ADP', 'xpos': 'ADP', 'head': 14, 'deprel': 'case', 'lemma': 'ל'}, {'id': 13, 'text': 'ה_', 'upos': 'DET', 'xpos': 'DET', 'feats': 'PronType=Art', 'head': 14, 'deprel': 'det:def', 'lemma': 'ה'}, {'id': 14, 'text': 'ידציה', 'upos': 'NOUN', 'xpos': 'NOUN', 'feats': 'Gender=Fem|Number=Sing', 'head': 10, 'deprel': 'nmod', 'lemma': 'ידציה'}]"
"(15, 16)",ושיפור,,,,,"(40, 46)",,,"[{'id': 15, 'text': 'ו', 'upos': 'CCONJ', 'xpos': 'CCONJ', 'feats': 'HebSource=ConvUncertainHead', 'head': 16, 'deprel': 'cc', 'lemma': 'ו'}, {'id': 16, 'text': 'שיפור', 'upos': 'NOUN', 'xpos': 'NOUN', 'feats': 'Definite=Cons|Gender=Masc|Number=Sing', 'head': 14, 'deprel': 'conj', 'lemma': 'שיפור'}]"
17,שיטות,NOUN,NOUN,16.0,compound:smixut,"(47, 52)",שיטה,Definite=Cons|Gender=Fem|Number=Plur,
18,חישוב,NOUN,NOUN,17.0,compound:smixut,"(53, 58)",חישוב,Gender=Masc|Number=Sing,
19,של,ADP,ADP,20.0,case:gen,"(59, 61)",של,Case=Gen,
20,ת,PROPN,PROPN,17.0,nmod:poss,"(62, 63)",ת,,
1,ב,PROPN,PROPN,0.0,root,"(0, 1)",ב,,
1,",",PUNCT,PUNCT,3.0,punct,"(0, 1)",",",,
"(2, 3)",וזאת,,,,,"(2, 6)",,,"[{'id': 2, 'text': 'ו', 'upos': 'CCONJ', 'xpos': 'CCONJ', 'head': 3, 'deprel': 'cc', 'lemma': 'ו'}, {'id': 3, 'text': 'זאת', 'upos': 'PRON', 'xpos': 'PRON', 'feats': 'Gender=Fem|Number=Sing|Person=3|PronType=Dem', 'head': 0, 'deprel': 'root', 'lemma': 'זאת'}]"
4,בגלל,SCONJ,SCONJ,10.0,mark,"(7, 11)",בגלל,,
"(5, 6)",ששיטות,,,,,"(12, 18)",,,"[{'id': 5, 'text': 'ש', 'upos': 'SCONJ', 'xpos': 'SCONJ', 'head': 4, 'deprel': 'fixed', 'lemma': 'ש'}, {'id': 6, 'text': 'שיטות', 'upos': 'NOUN', 'xpos': 'NOUN', 'feats': 'Gender=Fem|Number=Plur', 'head': 10, 'deprel': 'nsubj', 'lemma': 'שיטה'}]"
7,"""",PUNCT,PUNCT,8.0,punct,"(19, 20)","""",,
8,אמריקאיות,ADJ,ADJ,6.0,amod,"(20, 29)",אמריקני,Gender=Fem|Number=Plur,
9,"""",PUNCT,PUNCT,8.0,punct,"(29, 30)","""",,
10,נותנות,VERB,VERB,3.0,advcl,"(31, 37)",נתן,"Gender=Fem|HebBinyan=PAAL|Number=Plur|Person=1,2,3|VerbForm=Part|Voice=Act",
11,ערכים,NOUN,NOUN,10.0,obj,"(38, 43)",ערך,Gender=Masc|Number=Plur,
12,נמוכים,ADJ,ADJ,11.0,amod,"(44, 50)",נמוך,Gender=Masc|Number=Plur,
13,מדי,ADV,ADV,12.0,advmod,"(51, 54)",מדי,,
14,של,ADP,ADP,15.0,case:gen,"(55, 57)",של,Case=Gen,
15,עומס,NOUN,NOUN,11.0,nmod,"(58, 62)",עומס,Gender=Masc|Number=Sing,
16,סיסמי,ADJ,ADJ,15.0,amod,"(63, 68)",סיסמי,Gender=Masc|Number=Sing,
"(17, 18)",במדינות,,,,,"(69, 76)",,,"[{'id': 17, 'text': 'ב', 'upos': 'ADP', 'xpos': 'ADP', 'head': 18, 'deprel': 'case', 'lemma': 'ב'}, {'id': 18, 'text': 'מדינות', 'upos': 'NOUN', 'xpos': 'NOUN', 'feats': 'Gender=Fem|Number=Plur', 'head': 11, 'deprel': 'nmod', 'lemma': 'מדינה'}]"
19,חוץ,NOUN,NOUN,21.0,case,"(77, 80)",חוץ,Gender=Masc|Number=Sing,
"(20, 21)",מארצות,,,,,"(81, 87)",,,"[{'id': 20, 'text': 'מ', 'upos': 'ADP', 'xpos': 'ADP', 'head': 21, 'deprel': 'case', 'lemma': 'מ'}, {'id': 21, 'text': 'ארצות', 'upos': 'NOUN', 'xpos': 'NOUN', 'feats': 'Definite=Cons|Gender=Fem|Number=Plur', 'head': 18, 'deprel': 'nmod', 'lemma': 'ארץ'}]"
"(22, 23)",הברית,,,,,"(88, 93)",,,"[{'id': 22, 'text': 'ה', 'upos': 'DET', 'xpos': 'DET', 'feats': 'PronType=Art', 'head': 23, 'deprel': 'det:def', 'lemma': 'ה'}, {'id': 23, 'text': 'ברית', 'upos': 'NOUN', 'xpos': 'NOUN', 'feats': 'Gender=Fem|Number=Sing', 'head': 21, 'deprel': 'compound:smixut', 'lemma': 'ברית'}]"
24,(,PUNCT,PUNCT,25.0,punct,"(94, 95)",(,,
25,ראה,VERB,VERB,3.0,appos,"(95, 98)",ראה,Gender=Masc|HebBinyan=PAAL|Mood=Imp|Number=Sing|Person=2|Voice=Act,
26,להלן,ADV,ADV,25.0,advmod,"(99, 103)",להלן,,
27,),PUNCT,PUNCT,25.0,punct,"(103, 104)",),,
1,6,NUM,NUM,0.0,root,"(1, 2)",6,,
1,2,NUM,NUM,0.0,root,"(0, 1)",2,,
1,4,NUM,NUM,2.0,nummod,"(0, 1)",4,,
2,שיטות,NOUN,NOUN,0.0,root,"(2, 7)",שיטה,Gender=Fem|Number=Plur,
3,מפושטות,VERB,VERB,2.0,amod,"(8, 15)",פושט,"Gender=Fem|HebBinyan=PUAL|Number=Plur|Person=1,2,3|VerbForm=Part|Voice=Pass",
"(4, 5)",לחישוב,,,,,"(16, 22)",,,"[{'id': 4, 'text': 'ל', 'upos': 'ADP', 'xpos': 'ADP', 'head': 5, 'deprel': 'case', 'lemma': 'ל'}, {'id': 5, 'text': 'חישוב', 'upos': 'NOUN', 'xpos': 'NOUN', 'feats': 'Definite=Cons|Gender=Masc|Number=Sing', 'head': 2, 'deprel': 'nmod', 'lemma': 'חישוב'}]"
6,ת,PROPN,PROPN,5.0,compound:smixut,"(23, 24)",ת,,
1,ב,PROPN,PROPN,0.0,root,"(0, 1)",ב,,
1,נותנות,VERB,VERB,0.0,root,"(1, 7)",נתן,"Gender=Fem|HebBinyan=PAAL|Number=Plur|Person=1,2,3|VerbForm=Part|Voice=Act",
2,תוצאות,NOUN,NOUN,1.0,obj,"(8, 14)",תוצאה,Gender=Fem|Number=Plur,
3,נכונות,ADJ,ADJ,2.0,amod,"(15, 21)",נכון,Gender=Fem|Number=Plur,
4,רק,ADV,ADV,5.0,advmod,"(22, 24)",רק,,
"(5, 6)",במדינות,,,,,"(25, 32)",,,"[{'id': 5, 'text': 'ב', 'upos': 'ADP', 'xpos': 'ADP', 'head': 6, 'deprel': 'case', 'lemma': 'ב'}, {'id': 6, 'text': 'מדינות', 'upos': 'NOUN', 'xpos': 'NOUN', 'feats': 'Gender=Fem|Number=Plur', 'head': 1, 'deprel': 'obl', 'lemma': 'מדינה'}]"
7,",",PUNCT,PUNCT,6.0,punct,"(32, 33)",",",,
"(8, 9)",בהן,,,,,"(34, 37)",,,"[{'id': 8, 'text': 'ב_', 'upos': 'ADP', 'xpos': 'ADP', 'head': 9, 'deprel': 'case', 'lemma': 'ב'}, {'id': 9, 'text': '_הן', 'upos': 'PRON', 'xpos': 'PRON', 'feats': 'Gender=Fem|Number=Plur|Person=3|PronType=Prs', 'head': 12, 'deprel': 'obl', 'lemma': 'הוא'}]"
"(10, 11)",השיטות,,,,,"(38, 44)",,,"[{'id': 10, 'text': 'ה', 'upos': 'DET', 'xpos': 'DET', 'feats': 'PronType=Art', 'head': 11, 'deprel': 'det:def', 'lemma': 'ה'}, {'id': 11, 'text': 'שיטות', 'upos': 'NOUN', 'xpos': 'NOUN', 'feats': 'Gender=Fem|Number=Plur', 'head': 12, 'deprel': 'nsubj', 'lemma': 'שיטה'}]"
12,פותחו,VERB,VERB,6.0,acl,"(45, 50)",פתח,"Gender=Fem,Masc|HebBinyan=PUAL|Number=Plur|Person=3|Tense=Past|Voice=Pass",
"(13, 14)",בהתבסס,,,,,"(51, 57)",,,"[{'id': 13, 'text': 'ב', 'upos': 'ADP', 'xpos': 'ADP', 'head': 16, 'deprel': 'case', 'lemma': 'ב'}, {'id': 14, 'text': 'התבסס', 'upos': 'NOUN', 'xpos': 'NOUN', 'feats': 'Gender=Masc|Number=Sing', 'head': 13, 'deprel': 'fixed', 'lemma': 'התבסס'}]"
15,על,ADP,ADP,16.0,case,"(58, 60)",על,,
16,מדידות,NOUN,NOUN,12.0,obl,"(61, 67)",מדידה,Gender=Fem|Number=Plur,
17,של,ADP,ADP,18.0,case:gen,"(68, 70)",של,Case=Gen,
18,ת,PROPN,PROPN,16.0,nmod:poss,"(71, 72)",ת,,
1,ב,PROPN,PROPN,0.0,root,"(0, 1)",ב,,
"(1, 3)",בפועל,,,,,"(1, 6)",,,"[{'id': 1, 'text': 'ב', 'upos': 'ADP', 'xpos': 'ADP', 'head': 3, 'deprel': 'case', 'lemma': 'ב'}, {'id': 2, 'text': 'ה_', 'upos': 'DET', 'xpos': 'DET', 'feats': 'PronType=Art', 'head': 3, 'deprel': 'det:def', 'lemma': 'ה'}, {'id': 3, 'text': 'פועל', 'upos': 'NOUN', 'xpos': 'NOUN', 'feats': 'Gender=Masc|Number=Sing', 'head': 0, 'deprel': 'root', 'lemma': 'פועל'}]"
"(4, 5)",למבנים,,,,,"(7, 13)",,,"[{'id': 4, 'text': 'ל', 'upos': 'ADP', 'xpos': 'ADP', 'head': 5, 'deprel': 'case', 'lemma': 'ל'}, {'id': 5, 'text': 'מבנים', 'upos': 'NOUN', 'xpos': 'NOUN', 'feats': 'Gender=Masc|Number=Plur', 'head': 3, 'deprel': 'nmod', 'lemma': 'מבנה'}]"
"(6, 7)",במדינות,,,,,"(14, 21)",,,"[{'id': 6, 'text': 'ב', 'upos': 'ADP', 'xpos': 'ADP', 'head': 7, 'deprel': 'case', 'lemma': 'ב'}, {'id': 7, 'text': 'מדינות', 'upos': 'NOUN', 'xpos': 'NOUN', 'feats': 'Gender=Fem|Number=Plur', 'head': 5, 'deprel': 'nmod', 'lemma': 'מדינה'}]"
8,אלה,PRON,PRON,7.0,det,"(22, 25)",אלה,Gender=Masc|Number=Plur|Person=3|PronType=Dem,
1,שיטת,NOUN,NOUN,17.0,nsubj,"(1, 5)",שיטה,Definite=Cons|Gender=Fem|Number=Sing,
2,97,NUM,NUM,1.0,compound:smixut,"(6, 8)",97,,
3,-,PUNCT,PUNCT,2.0,punct,"(8, 9)",-,,
4,UBC,PROPN,PROPN,2.0,flat:name,"(9, 12)",UBC,HebSource=ConvUncertainHead,
5,",",PUNCT,PUNCT,1.0,punct,"(12, 13)",",",,
6,אשר,SCONJ,SCONJ,7.0,mark,"(14, 17)",אשר,,
7,התקבלה,VERB,VERB,1.0,acl:relcl,"(18, 24)",התקבל,Gender=Fem|HebBinyan=HITPAEL|Number=Sing|Person=3|Tense=Past,
8,ב,ADP,ADP,10.0,case,"(25, 26)",ב,,
9,-,PUNCT,PUNCT,10.0,punct,"(26, 27)",-,,
10,EC8,PROPN,PROPN,7.0,obl,"(27, 30)",EC8,,
"(11, 13)",ובמדינת,,,,,"(31, 38)",,,"[{'id': 11, 'text': 'ו', 'upos': 'CCONJ', 'xpos': 'CCONJ', 'head': 13, 'deprel': 'cc', 'lemma': 'ו'}, {'id': 12, 'text': 'ב', 'upos': 'ADP', 'xpos': 'ADP', 'head': 13, 'deprel': 'case', 'lemma': 'ב'}, {'id': 13, 'text': 'מדינת', 'upos': 'NOUN', 'xpos': 'NOUN', 'feats': 'Definite=Cons|Gender=Fem|Number=Sing', 'head': 10, 'deprel': 'conj', 'lemma': 'מדינה'}]"
14,ישראל,PROPN,PROPN,13.0,compound:smixut,"(39, 44)",ישראל,,
15,",",PUNCT,PUNCT,17.0,punct,"(44, 45)",",",,
16,אינה,AUX,AUX,17.0,advmod,"(46, 50)",אינו,Gender=Fem|Number=Sing|Person=3|Polarity=Neg|VerbForm=Part|VerbType=Cop,
17,מספקת,VERB,VERB,0.0,root,"(51, 56)",סיפק,"Gender=Fem|HebBinyan=PIEL|Number=Sing|Person=1,2,3|VerbForm=Part|Voice=Act",
18,הערכה,NOUN,NOUN,17.0,obj,"(57, 62)",הערכה,Gender=Fem|Number=Sing,
19,נכונה,ADJ,ADJ,18.0,amod,"(63, 68)",נכון,Gender=Fem|Number=Sing,
20,של,ADP,ADP,18.0,case:gen,"(69, 71)",של,Case=Gen,
21,ת,ADP,ADP,18.0,nmod:poss,"(72, 73)",ת,,
1,ב,PROPN,PROPN,0.0,root,"(0, 1)",ב,,
1,גם,ADV,ADV,2.0,advmod,"(1, 3)",גם,,
"(2, 3)",למבנה,,,,,"(4, 9)",,,"[{'id': 2, 'text': 'ל', 'upos': 'ADP', 'xpos': 'ADP', 'head': 3, 'deprel': 'case', 'lemma': 'ל'}, {'id': 3, 'text': 'מבנה', 'upos': 'NOUN', 'xpos': 'NOUN', 'feats': 'Definite=Cons|Gender=Masc|Number=Sing', 'head': 0, 'deprel': 'root', 'lemma': 'מבנה'}]"
4,מסגרת,NOUN,NOUN,3.0,compound:smixut,"(10, 15)",מסגרת,Gender=Fem|Number=Sing,
"(5, 6)",בטון,,,,,"(16, 20)",,,"[{'id': 5, 'text': 'ב', 'upos': 'ADP', 'xpos': 'ADP', 'head': 6, 'deprel': 'case', 'lemma': 'ב'}, {'id': 6, 'text': 'טון', 'upos': 'NOUN', 'xpos': 'NOUN', 'feats': 'Gender=Masc|Number=Sing', 'head': 4, 'deprel': 'compound:smixut', 'lemma': 'טון'}]"
7,מזוין,ADJ,ADJ,6.0,amod,"(21, 26)",מזוין,"Gender=Masc|HebBinyan=PUAL|Number=Sing|Person=1,2,3|VerbForm=Part|Voice=Pass",
"(8, 9)",וגם,,,,,"(27, 30)",,,"[{'id': 8, 'text': 'ו', 'upos': 'CCONJ', 'xpos': 'CCONJ', 'head': 11, 'deprel': 'cc', 'lemma': 'ו'}, {'id': 9, 'text': 'גם', 'upos': 'ADV', 'xpos': 'ADV', 'head': 10, 'deprel': 'advmod', 'lemma': 'גם'}]"
"(10, 11)",במבנים,,,,,"(31, 37)",,,"[{'id': 10, 'text': 'ב', 'upos': 'ADP', 'xpos': 'ADP', 'head': 11, 'deprel': 'case', 'lemma': 'ב'}, {'id': 11, 'text': 'מבנים', 'upos': 'NOUN', 'xpos': 'NOUN', 'feats': 'Gender=Masc|Number=Plur', 'head': 3, 'deprel': 'conj', 'lemma': 'מבנה'}]"
12,עם,ADP,ADP,13.0,case,"(38, 40)",עם,,
13,קירות,NOUN,NOUN,11.0,nmod,"(41, 46)",קיר,Definite=Cons|Gender=Masc|Number=Plur,
14,הקשחה,NOUN,NOUN,11.0,nmod,"(47, 52)",הקשחה,Gender=Fem|Number=Sing,
15,",",PUNCT,PUNCT,3.0,punct,"(52, 53)",",",,
"(16, 17)",וגורמת,,,,,"(54, 60)",,,"[{'id': 16, 'text': 'ו', 'upos': 'CCONJ', 'xpos': 'CCONJ', 'head': 17, 'deprel': 'cc', 'lemma': 'ו'}, {'id': 17, 'text': 'גורמת', 'upos': 'VERB', 'xpos': 'VERB', 'feats': 'Gender=Fem|HebBinyan=PAAL|Number=Sing|Person=1,2,3|VerbForm=Part|Voice=Act', 'head': 11, 'deprel': 'conj', 'lemma': 'גרם'}]"
"(18, 19)",לעומסי,,,,,"(61, 67)",,,"[{'id': 18, 'text': 'ל', 'upos': 'ADP', 'xpos': 'ADP', 'head': 19, 'deprel': 'case', 'lemma': 'ל'}, {'id': 19, 'text': 'עומסי', 'upos': 'NOUN', 'xpos': 'NOUN', 'feats': 'Definite=Cons|Gender=Masc|Number=Plur', 'head': 17, 'deprel': 'obl', 'lemma': 'עומס'}]"
20,תכן,NOUN,NOUN,19.0,compound:smixut,"(68, 71)",תכן,Gender=Masc|Number=Sing,
21,נמוכים,ADJ,ADJ,19.0,amod,"(72, 78)",נמוך,Gender=Masc|Number=Plur,
22,מדי,ADV,ADV,21.0,advmod,"(79, 82)",מדי,,
1,תוצאות,NOUN,NOUN,13.0,nsubj,"(1, 7)",תוצאה,Gender=Fem|Number=Plur,
2,טיפוסיות,ADJ,ADJ,1.0,amod,"(8, 16)",טיפוסי,Gender=Fem|Number=Plur,
3,של,ADP,ADP,4.0,case:gen,"(17, 19)",של,Case=Gen,
4,מחקרים,NOUN,NOUN,1.0,nmod,"(20, 26)",מחקר,Gender=Masc|Number=Plur,
"(5, 6)",שנערכו,,,,,"(27, 33)",,,"[{'id': 5, 'text': 'ש', 'upos': 'SCONJ', 'xpos': 'SCONJ', 'head': 6, 'deprel': 'mark', 'lemma': 'ש'}, {'id': 6, 'text': 'נערכו', 'upos': 'VERB', 'xpos': 'VERB', 'feats': 'Gender=Fem,Masc|HebBinyan=NIFAL|Number=Plur|Person=3|Tense=Past|Voice=Mid', 'head': 4, 'deprel': 'acl:relcl', 'lemma': 'נערך'}]"
"(7, 8)",במדינות,,,,,"(34, 41)",,,"[{'id': 7, 'text': 'ב', 'upos': 'ADP', 'xpos': 'ADP', 'head': 8, 'deprel': 'case', 'lemma': 'ב'}, {'id': 8, 'text': 'מדינות', 'upos': 'NOUN', 'xpos': 'NOUN', 'feats': 'Gender=Fem|Number=Plur', 'head': 6, 'deprel': 'obl', 'lemma': 'מדינה'}]"
9,שונות,ADJ,ADJ,8.0,amod,"(42, 47)",שונה,Gender=Fem|Number=Plur,
"(10, 12)",בעולם,,,,,"(48, 53)",,,"[{'id': 10, 'text': 'ב', 'upos': 'ADP', 'xpos': 'ADP', 'head': 12, 'deprel': 'case', 'lemma': 'ב'}, {'id': 11, 'text': 'ה_', 'upos': 'DET', 'xpos': 'DET', 'feats': 'PronType=Art', 'head': 12, 'deprel': 'det:def', 'lemma': 'ה'}, {'id': 12, 'text': 'עולם', 'upos': 'NOUN', 'xpos': 'NOUN', 'feats': 'Gender=Masc|Number=Sing', 'head': 8, 'deprel': 'nmod', 'lemma': 'עולם'}]"
13,מוצגות,VERB,VERB,0.0,root,"(54, 60)",הוצג,"Gender=Fem|HebBinyan=HUFAL|Number=Plur|Person=1,2,3|VerbForm=Part|Voice=Pass",
"(14, 16)",בטבלה,,,,,"(61, 66)",,,"[{'id': 14, 'text': 'ב', 'upos': 'ADP', 'xpos': 'ADP', 'head': 16, 'deprel': 'case', 'lemma': 'ב'}, {'id': 15, 'text': 'ה_', 'upos': 'DET', 'xpos': 'DET', 'feats': 'PronType=Art', 'head': 16, 'deprel': 'det:def', 'lemma': 'ה'}, {'id': 16, 'text': 'טבלה', 'upos': 'NOUN', 'xpos': 'NOUN', 'feats': 'Gender=Fem|Number=Sing', 'head': 13, 'deprel': 'obl', 'lemma': 'טבלה'}]"
17,מס' 6,NUM,NUM,16.0,nmod,"(67, 72)",מס' 6,,
1,2,NUM,NUM,0.0,root,"(0, 1)",2,,
1,4,NUM,NUM,0.0,root,"(0, 1)",4,,
1,1,NUM,NUM,0.0,root,"(0, 1)",1,,
"(2, 4)",ובגרפים,,,,,"(2, 9)",,,"[{'id': 2, 'text': 'ו', 'upos': 'CCONJ', 'xpos': 'CCONJ', 'head': 1, 'deprel': 'dep', 'lemma': 'ו'}, {'id': 3, 'text': 'ב', 'upos': 'ADP', 'xpos': 'ADP', 'head': 4, 'deprel': 'case', 'lemma': 'ב'}, {'id': 4, 'text': 'גרפים', 'upos': 'NOUN', 'xpos': 'NOUN', 'feats': 'Gender=Masc|Number=Plur', 'head': 1, 'deprel': 'obl', 'lemma': 'גרף'}]"
5,6,NUM,NUM,4.0,nummod,"(10, 11)",6,,
1,2,NUM,NUM,0.0,root,"(0, 1)",2,,
1,4,NUM,NUM,0.0,root,"(0, 1)",4,,
1,1,NUM,NUM,0.0,root,"(0, 1)",1,,
2,-,PUNCT,PUNCT,1.0,punct,"(1, 2)",-,,
3,6,NUM,NUM,1.0,nummod,"(2, 3)",6,HebSource=ConvUncertainHead,
1,2,NUM,NUM,0.0,root,"(0, 1)",2,,
1,4,NUM,NUM,0.0,root,"(0, 1)",4,,
1,5,NUM,NUM,0.0,root,"(0, 1)",5,,
1,6,NUM,NUM,0.0,root,"(1, 2)",6,,
1,3,NUM,NUM,22.0,punct,"(0, 1)",3,,
2,עקב,CCONJ,CCONJ,3.0,case,"(2, 5)",עקב,,
3,דיוק,NOUN,NOUN,22.0,obl,"(6, 10)",דיוק,Gender=Masc|Number=Sing,
4,לא,ADV,ADV,5.0,advmod,"(11, 13)",לא,Polarity=Neg,
5,מספק,VERB,VERB,3.0,amod,"(14, 18)",סיפק,"Gender=Masc|HebBinyan=PIEL|Number=Sing|Person=1,2,3|VerbForm=Part|Voice=Act",
6,של,ADP,ADP,7.0,case:gen,"(19, 21)",של,Case=Gen,
7,שיטת,NOUN,NOUN,3.0,nmod,"(22, 26)",שיטה,Definite=Cons|Gender=Fem|Number=Sing,
8,97,NUM,NUM,7.0,compound:smixut,"(27, 29)",97,,
9,UBC,PROPN,PROPN,7.0,flat:name,"(30, 33)",UBC,,
"(10, 11)",ושיטות,,,,,"(34, 40)",,,"[{'id': 10, 'text': 'ו', 'upos': 'CCONJ', 'xpos': 'CCONJ', 'head': 11, 'deprel': 'cc', 'lemma': 'ו'}, {'id': 11, 'text': 'שיטות', 'upos': 'NOUN', 'xpos': 'NOUN', 'feats': 'Gender=Fem|Number=Plur', 'head': 7, 'deprel': 'conj', 'lemma': 'שיטה'}]"
12,אחרות,ADJ,ADJ,11.0,amod,"(41, 46)",אחר,Gender=Fem|Number=Plur,
13,",",PUNCT,PUNCT,11.0,punct,"(46, 47)",",",,
"(14, 15)",שפותחו,,,,,"(48, 54)",,,"[{'id': 14, 'text': 'ש', 'upos': 'SCONJ', 'xpos': 'SCONJ', 'head': 15, 'deprel': 'mark', 'lemma': 'ש'}, {'id': 15, 'text': 'פותחו', 'upos': 'VERB', 'xpos': 'VERB', 'feats': 'Gender=Fem,Masc|HebBinyan=PUAL|Number=Plur|Person=3|Tense=Past|Voice=Pass', 'head': 11, 'deprel': 'acl:relcl', 'lemma': 'פתח'}]"
"(16, 17)","בארה""ב",,,,,"(55, 61)",,,"[{'id': 16, 'text': 'ב', 'upos': 'ADP', 'xpos': 'ADP', 'head': 17, 'deprel': 'case', 'lemma': 'ב'}, {'id': 17, 'text': 'ארה""ב', 'upos': 'PROPN', 'xpos': 'PROPN', 'feats': 'Abbr=Yes', 'head': 15, 'deprel': 'obl', 'lemma': 'ארה""ב'}]"
18,",",PUNCT,PUNCT,15.0,punct,"(61, 62)",",",,
"(19, 20)",במדינות,,,,,"(63, 70)",,,"[{'id': 19, 'text': 'ב', 'upos': 'ADP', 'xpos': 'ADP', 'head': 20, 'deprel': 'case', 'lemma': 'ב'}, {'id': 20, 'text': 'מדינות', 'upos': 'NOUN', 'xpos': 'NOUN', 'feats': 'Gender=Fem|Number=Plur', 'head': 15, 'deprel': 'obl', 'lemma': 'מדינה'}]"
21,שונות,ADJ,ADJ,20.0,amod,"(71, 76)",שונה,Gender=Fem|Number=Plur,
22,פותחו,VERB,VERB,0.0,root,"(77, 82)",פתח,"Gender=Fem,Masc|HebBinyan=PUAL|Number=Plur|Person=3|Tense=Past|Voice=Pass",
23,שיטות,NOUN,NOUN,22.0,nsubj,"(83, 88)",שיטה,Gender=Fem|Number=Plur,
24,רבות,ADJ,ADJ,23.0,amod,"(89, 93)",רב,Gender=Fem|Number=Plur,
25,אחרות,ADJ,ADJ,23.0,amod,"(94, 99)",אחר,Gender=Fem|Number=Plur,
"(26, 27)",בהתבסס,,,,,"(100, 106)",,,"[{'id': 26, 'text': 'ב', 'upos': 'ADP', 'xpos': 'ADP', 'head': 29, 'deprel': 'case', 'lemma': 'ב'}, {'id': 27, 'text': 'התבסס', 'upos': 'NOUN', 'xpos': 'NOUN', 'feats': 'Gender=Masc|Number=Sing', 'head': 26, 'deprel': 'fixed', 'lemma': 'התבסס'}]"
28,על,ADP,ADP,26.0,fixed,"(107, 109)",על,,
29,תוצאות,NOUN,NOUN,22.0,obl,"(110, 116)",תוצאה,Definite=Cons|Gender=Fem|Number=Plur,
30,מדידות,NOUN,NOUN,29.0,compound:smixut,"(117, 123)",מדידה,Gender=Fem|Number=Sing,
31,של,ADP,ADP,32.0,case:gen,"(124, 126)",של,Case=Gen,
32,ת,PROPN,PROPN,30.0,nmod:poss,"(127, 128)",ת,,
1,ב,PROPN,PROPN,0.0,root,"(0, 1)",ב,,
1,למבנים,VERB,VERB,0.0,root,"(1, 7)",למנה,"Gender=Masc|HebBinyan=PIEL|Number=Plur|Person=1,2,3|VerbForm=Part|Voice=Act",
"(2, 3)",במדינות,,,,,"(8, 15)",,,"[{'id': 2, 'text': 'ב', 'upos': 'ADP', 'xpos': 'ADP', 'head': 3, 'deprel': 'case', 'lemma': 'ב'}, {'id': 3, 'text': 'מדינות', 'upos': 'NOUN', 'xpos': 'NOUN', 'feats': 'Gender=Fem|Number=Plur', 'head': 1, 'deprel': 'obl', 'lemma': 'מדינה'}]"
4,אלה,PRON,PRON,3.0,det,"(16, 19)",אלה,Gender=Masc|Number=Plur|Person=3|PronType=Dem,
1,מספר,NOUN,NOUN,8.0,nsubj,"(1, 5)",מספר,Gender=Masc|Number=Sing,
2,גדול,ADJ,ADJ,1.0,amod,"(6, 10)",גדול,Gender=Masc|Number=Sing,
3,של,ADP,ADP,4.0,case:gen,"(11, 13)",של,Case=Gen,
4,נוסחאות,NOUN,NOUN,1.0,nmod,"(14, 21)",נוסחה,Gender=Fem|Number=Plur,
"(5, 7)",כאלה,,,,,"(22, 26)",,,"[{'id': 5, 'text': 'כ', 'upos': 'ADP', 'xpos': 'ADP', 'head': 7, 'deprel': 'case', 'lemma': 'כ'}, {'id': 6, 'text': 'ה_', 'upos': 'DET', 'xpos': 'DET', 'feats': 'PronType=Art', 'head': 7, 'deprel': 'det:def', 'lemma': 'ה'}, {'id': 7, 'text': 'אלה', 'upos': 'PRON', 'xpos': 'PRON', 'feats': 'Gender=Masc|Number=Plur|Person=3|PronType=Dem', 'head': 4, 'deprel': 'nmod', 'lemma': 'אלה'}]"
8,מפורטות,VERB,VERB,0.0,root,"(27, 34)",פורט,"Gender=Fem|HebBinyan=PUAL|Number=Plur|Person=1,2,3|VerbForm=Part|Voice=Pass",
"(9, 11)",בפרסומים,,,,,"(35, 43)",,,"[{'id': 9, 'text': 'ב', 'upos': 'ADP', 'xpos': 'ADP', 'head': 11, 'deprel': 'case', 'lemma': 'ב'}, {'id': 10, 'text': 'ה_', 'upos': 'DET', 'xpos': 'DET', 'feats': 'PronType=Art', 'head': 11, 'deprel': 'det:def', 'lemma': 'ה'}, {'id': 11, 'text': 'פרסומים', 'upos': 'NOUN', 'xpos': 'NOUN', 'feats': 'Gender=Masc|Number=Plur', 'head': 8, 'deprel': 'obl', 'lemma': 'פרסום'}]"
12,רבים,ADJ,ADJ,11.0,amod,"(44, 48)",רב,Gender=Masc|Number=Plur,
13,",",PUNCT,PUNCT,8.0,punct,"(48, 49)",",",,
14,ראה,VERB,VERB,8.0,parataxis,"(50, 53)",ראה,Gender=Masc|HebBinyan=PAAL|Mood=Imp|Number=Sing|Person=2|Voice=Act,
15,למשל,CCONJ,CCONJ,16.0,det,"(54, 58)",למשל,,
16,איורים,NOUN,NOUN,14.0,obj,"(59, 65)",איור,Gender=Masc|Number=Plur,
17,מס',NUM,NUM,16.0,nmod,"(66, 69)",מס',Definite=Cons|Gender=Masc|Number=Plur,
18,6,NUM,NUM,17.0,compound:smixut,"(70, 71)",6,,
1,3,NUM,NUM,0.0,root,"(0, 1)",3,,
1,1,NUM,NUM,0.0,root,"(0, 1)",1,,
2,ו,CCONJ,CCONJ,1.0,dep,"(2, 3)",ו,,
3,-,PUNCT,PUNCT,1.0,punct,"(3, 4)",-,,
4,6,NUM,NUM,1.0,dep,"(4, 5)",6,HebSource=ConvUncertainHead,
1,3,NUM,NUM,0.0,root,"(0, 1)",3,,
1,2,NUM,NUM,0.0,root,"(0, 1)",2,,
1,7,NUM,NUM,0.0,root,"(1, 2)",7,,
1,מסקנות,NOUN,NOUN,0.0,root,"(1, 7)",מסקנה,Gender=Fem|Number=Plur,
"(2, 3)",והמלצות,,,,,"(8, 15)",,,"[{'id': 2, 'text': 'ו', 'upos': 'CCONJ', 'xpos': 'CCONJ', 'head': 3, 'deprel': 'cc', 'lemma': 'ו'}, {'id': 3, 'text': 'המלצות', 'upos': 'NOUN', 'xpos': 'NOUN', 'feats': 'Gender=Fem|Number=Plur', 'head': 1, 'deprel': 'conj', 'lemma': 'המלצה'}]"
4,7,NUM,NUM,1.0,nummod,"(16, 17)",7,,
1,1,NUM,NUM,2.0,nummod,"(0, 1)",1,,
2,שיטות,NOUN,NOUN,0.0,root,"(2, 7)",שיטה,Definite=Cons|Gender=Fem|Number=Plur,
3,חישוב,NOUN,NOUN,2.0,compound:smixut,"(8, 13)",חישוב,Gender=Masc|Number=Sing,
4,של,ADP,ADP,5.0,case:gen,"(14, 16)",של,Case=Gen,
5,ת,PROPN,PROPN,2.0,nmod:poss,"(17, 18)",ת,,
1,ב,PROPN,PROPN,0.0,root,"(0, 1)",ב,,
"(1, 2)",למבני,,,,,"(1, 6)",,,"[{'id': 1, 'text': 'ל', 'upos': 'ADP', 'xpos': 'ADP', 'head': 2, 'deprel': 'case', 'lemma': 'ל'}, {'id': 2, 'text': 'מבני', 'upos': 'NOUN', 'xpos': 'NOUN', 'feats': 'Definite=Cons|Gender=Masc|Number=Plur', 'head': 17, 'deprel': 'obl', 'lemma': 'מבנה'}]"
3,מסגרת,NOUN,NOUN,2.0,compound:smixut,"(7, 12)",מסגרת,Gender=Fem|Number=Sing,
4,בטון,NOUN,NOUN,3.0,compound:smixut,"(13, 17)",בטון,Gender=Masc|Number=Sing,
5,מזוין,ADJ,ADJ,4.0,amod,"(18, 23)",מזוין,"Gender=Masc|HebBinyan=PUAL|Number=Sing|Person=1,2,3|VerbForm=Part|Voice=Pass",
"(6, 7)",ומבנים,,,,,"(24, 30)",,,"[{'id': 6, 'text': 'ו', 'upos': 'CCONJ', 'xpos': 'CCONJ', 'head': 7, 'deprel': 'cc', 'lemma': 'ו'}, {'id': 7, 'text': 'מבנים', 'upos': 'NOUN', 'xpos': 'NOUN', 'feats': 'Gender=Masc|Number=Plur', 'head': 2, 'deprel': 'conj', 'lemma': 'מבנה'}]"
8,עם,ADP,ADP,9.0,case,"(31, 33)",עם,,
9,קירות,NOUN,NOUN,7.0,nmod,"(34, 39)",קיר,Definite=Cons|Gender=Masc|Number=Plur,
10,הקשחה,NOUN,NOUN,9.0,compound:smixut,"(40, 45)",הקשחה,Gender=Fem|Number=Sing,
11,"בת""י",PROPN,PROPN,7.0,nmod,"(46, 50)","בת""י",Abbr=Yes,
12,413,NUM,NUM,11.0,dep,"(51, 54)",413,HebSource=ConvUncertainHead,
"(13, 14)",וב,,,,,"(55, 57)",,,"[{'id': 13, 'text': 'ו', 'upos': 'CCONJ', 'xpos': 'CCONJ', 'head': 16, 'deprel': 'cc', 'lemma': 'ו'}, {'id': 14, 'text': 'ב', 'upos': 'ADP', 'xpos': 'ADP', 'head': 16, 'deprel': 'case', 'lemma': 'ב'}]"
15,-,PUNCT,PUNCT,11.0,punct,"(57, 58)",-,,
16,EC8,PROPN,PROPN,11.0,dep,"(58, 61)",EC8,,
17,מבוססות,VERB,VERB,0.0,root,"(62, 69)",מבוססות,"Gender=Fem|Number=Plur|Person=1,2,3|VerbForm=Part",
18,על,ADP,ADP,20.0,case,"(70, 72)",על,,
19,97,NUM,NUM,20.0,nummod,"(73, 75)",97,,
20,UBC,PROPN,PROPN,17.0,obl,"(76, 79)",UBC,,
1,7,NUM,NUM,0.0,root,"(1, 2)",7,,
1,2,NUM,NUM,0.0,root,"(0, 1)",2,,
2,עבור,ADP,ADP,3.0,case,"(2, 6)",עבור,,
3,מבני,NOUN,NOUN,1.0,obl,"(7, 11)",מבנה,Definite=Cons|Gender=Masc|Number=Plur,
4,מסגרת,NOUN,NOUN,3.0,compound:smixut,"(12, 17)",מסגרת,Gender=Fem|Number=Sing,
5,בטון,NOUN,NOUN,4.0,compound:smixut,"(18, 22)",בטון,,
6,מזוין,ADJ,ADJ,3.0,amod,"(23, 28)",מזוין,"Gender=Masc|HebBinyan=PUAL|Number=Sing|Person=1,2,3|VerbForm=Part|Voice=Pass",
7,שיטות,NOUN,NOUN,1.0,nsubj,"(29, 34)",שיטה,Definite=Cons|Gender=Fem|Number=Plur,
8,חישוב,NOUN,NOUN,7.0,compound:smixut,"(35, 40)",חישוב,Gender=Masc|Number=Sing,
9,של,ADP,ADP,10.0,case:gen,"(41, 43)",של,Case=Gen,
10,ת,PROPN,PROPN,7.0,nmod:poss,"(44, 45)",ת,,
1,ב,PROPN,PROPN,0.0,root,"(0, 1)",ב,,
1,"בת""י",PROPN,PROPN,8.0,nsubj,"(1, 5)","בת""י",Abbr=Yes,
2,413,NUM,NUM,1.0,nummod,"(6, 9)",413,,
"(3, 4)",וב,,,,,"(10, 12)",,,"[{'id': 3, 'text': 'ו', 'upos': 'CCONJ', 'xpos': 'CCONJ', 'head': 6, 'deprel': 'cc', 'lemma': 'ו'}, {'id': 4, 'text': 'ב', 'upos': 'ADP', 'xpos': 'ADP', 'head': 6, 'deprel': 'case', 'lemma': 'ב'}]"
5,-,PUNCT,PUNCT,1.0,punct,"(12, 13)",-,,
6,EC8,PROPN,PROPN,1.0,conj,"(13, 16)",EC8,,
7,הן,AUX,AUX,8.0,cop,"(17, 19)",הוא,Gender=Fem|Number=Plur|Person=3|Polarity=Pos|VerbForm=Part|VerbType=Cop,
8,זהות,ADJ,ADJ,0.0,root,"(20, 24)",זהה,Gender=Fem|Number=Plur,
"(9, 10)",ונותנות,,,,,"(25, 32)",,,"[{'id': 9, 'text': 'ו', 'upos': 'CCONJ', 'xpos': 'CCONJ', 'head': 10, 'deprel': 'cc', 'lemma': 'ו'}, {'id': 10, 'text': 'נותנות', 'upos': 'VERB', 'xpos': 'VERB', 'feats': 'Gender=Fem|HebBinyan=PAAL|Number=Plur|Person=1,2,3|VerbForm=Part|Voice=Act', 'head': 8, 'deprel': 'conj', 'lemma': 'נתן'}]"
11,הערכות,NOUN,NOUN,10.0,obj,"(33, 39)",הערכה,Gender=Fem|Number=Plur,
12,גבוהות,ADJ,ADJ,11.0,amod,"(40, 46)",גבוה,Gender=Fem|Number=Plur,
13,מדי,ADV,ADV,12.0,advmod,"(47, 50)",מדי,,
14,של,ADP,ADP,15.0,case:gen,"(51, 53)",של,Case=Gen,
15,ת,PROPN,PROPN,11.0,nmod,"(54, 55)",ת,,
1,ב,PROPN,PROPN,0.0,root,"(0, 1)",ב,,
"(1, 2)",ולכן,,,,,"(1, 5)",,,"[{'id': 1, 'text': 'ו', 'upos': 'CCONJ', 'xpos': 'CCONJ', 'head': 0, 'deprel': 'root', 'lemma': 'ו'}, {'id': 2, 'text': 'לכן', 'upos': 'ADV', 'xpos': 'ADV', 'head': 1, 'deprel': 'advmod', 'lemma': 'לכן'}]"
3,הערכות,NOUN,NOUN,1.0,dep,"(6, 12)",הערכה,Gender=Fem|Number=Plur,
4,נמוכות,ADJ,ADJ,3.0,amod,"(13, 19)",נמוך,Gender=Fem|Number=Plur,
5,מדי,ADV,ADV,4.0,advmod,"(20, 23)",מדי,,
6,של,ADP,ADP,7.0,case:gen,"(24, 26)",של,Case=Gen,
7,עומסים,NOUN,NOUN,3.0,nmod,"(27, 33)",עומס,Gender=Masc|Number=Plur,
8,סיסמיים,ADJ,ADJ,7.0,amod,"(34, 41)",סיסמי,Gender=Masc|Number=Plur,
"(9, 10)",לתכן,,,,,"(42, 46)",,,"[{'id': 9, 'text': 'ל', 'upos': 'ADP', 'xpos': 'ADP', 'head': 10, 'deprel': 'case', 'lemma': 'ל'}, {'id': 10, 'text': 'תכן', 'upos': 'NOUN', 'xpos': 'NOUN', 'feats': 'Gender=Masc|Number=Sing', 'head': 7, 'deprel': 'nmod', 'lemma': 'תכן'}]"
1,7,NUM,NUM,0.0,root,"(1, 2)",7,,
1,3,NUM,NUM,0.0,root,"(0, 1)",3,,
2,עבור,ADP,ADP,3.0,case,"(2, 6)",עבור,,
3,מבנים,NOUN,NOUN,1.0,obl,"(7, 12)",מבנה,Gender=Masc|Number=Plur,
4,עם,ADP,ADP,5.0,case,"(13, 15)",עם,,
5,קירות,NOUN,NOUN,3.0,nmod,"(16, 21)",קיר,Definite=Cons|Gender=Masc|Number=Plur,
"(6, 7)",הקשחה,,,,,"(22, 27)",,,"[{'id': 6, 'text': 'ה', 'upos': 'DET', 'xpos': 'DET', 'feats': 'PronType=Art', 'head': 7, 'deprel': 'det:def', 'lemma': 'ה'}, {'id': 7, 'text': 'קשחה', 'upos': 'NOUN', 'xpos': 'NOUN', 'feats': 'Gender=Fem|Number=Sing', 'head': 5, 'deprel': 'compound:smixut', 'lemma': 'קשחה'}]"
8,שיטות,NOUN,NOUN,1.0,nsubj,"(28, 33)",שיטה,Definite=Cons|Gender=Fem|Number=Plur,
"(9, 10)",החישוב,,,,,"(34, 40)",,,"[{'id': 9, 'text': 'ה', 'upos': 'DET', 'xpos': 'DET', 'feats': 'PronType=Art', 'head': 10, 'deprel': 'det:def', 'lemma': 'ה'}, {'id': 10, 'text': 'חישוב', 'upos': 'NOUN', 'xpos': 'NOUN', 'feats': 'Gender=Masc|Number=Sing', 'head': 8, 'deprel': 'compound:smixut', 'lemma': 'חישוב'}]"
11,של,ADP,ADP,12.0,case:gen,"(41, 43)",של,Case=Gen,
12,ת,PROPN,PROPN,8.0,nmod:poss,"(44, 45)",ת,,
1,ב,PROPN,PROPN,0.0,root,"(0, 1)",ב,,
"(1, 2)","בת""י",,,,,"(1, 5)",,,"[{'id': 1, 'text': 'ב', 'upos': 'ADP', 'xpos': 'ADP', 'head': 2, 'deprel': 'case', 'lemma': 'ב'}, {'id': 2, 'text': 'ת""י', 'upos': 'PROPN', 'xpos': 'PROPN', 'feats': 'Abbr=Yes', 'head': 9, 'deprel': 'obl', 'lemma': 'ת""י'}]"
3,413,NUM,NUM,2.0,nummod,"(6, 9)",413,,
"(4, 5)",וב,,,,,"(10, 12)",,,"[{'id': 4, 'text': 'ו', 'upos': 'CCONJ', 'xpos': 'CCONJ', 'head': 7, 'deprel': 'cc', 'lemma': 'ו'}, {'id': 5, 'text': 'ב', 'upos': 'ADP', 'xpos': 'ADP', 'head': 7, 'deprel': 'case', 'lemma': 'ב'}]"
6,-,PUNCT,PUNCT,7.0,punct,"(12, 13)",-,,
7,EC8,PROPN,PROPN,2.0,conj,"(13, 16)",EC8,,
8,הן,PRON,PRON,9.0,nsubj,"(17, 19)",הוא,Gender=Fem|Number=Plur|Person=3|PronType=Prs,
9,שונות,ADJ,ADJ,0.0,root,"(20, 25)",שונה,Gender=Fem|Number=Plur,
10,",",PUNCT,PUNCT,9.0,punct,"(25, 26)",",",,
11,כאשר,SCONJ,SCONJ,14.0,mark,"(27, 31)",כאשר,,
12,"ת""י",PROPN,PROPN,14.0,nsubj,"(32, 35)","ת""י",Abbr=Yes,
13,413,NUM,NUM,12.0,nummod,"(36, 39)",413,,
14,מדויק,ADJ,ADJ,9.0,advcl,"(40, 45)",מדויק,Gender=Masc|Number=Sing,
15,יותר,ADV,ADV,14.0,advmod,"(46, 50)",יותר,,
"(16, 17)",למבנים,,,,,"(51, 57)",,,"[{'id': 16, 'text': 'ל', 'upos': 'ADP', 'xpos': 'ADP', 'head': 17, 'deprel': 'case', 'lemma': 'ל'}, {'id': 17, 'text': 'מבנים', 'upos': 'NOUN', 'xpos': 'NOUN', 'feats': 'Gender=Masc|Number=Plur', 'head': 14, 'deprel': 'advmod', 'lemma': 'מבנה'}]"
18,עם,ADP,ADP,19.0,case,"(58, 60)",עם,,
19,שטח,NOUN,NOUN,17.0,nmod,"(61, 64)",שטח,Gender=Masc|Number=Sing,
20,אפקטיבי,ADJ,ADJ,19.0,amod,"(65, 72)",אפקטיבי,Gender=Masc|Number=Sing,
21,של,ADP,ADP,22.0,case:gen,"(73, 75)",של,Case=Gen,
22,קירות,NOUN,NOUN,19.0,nmod,"(76, 81)",קיר,Definite=Cons|Gender=Masc|Number=Plur,
"(23, 24)",הקשחה,,,,,"(82, 87)",,,"[{'id': 23, 'text': 'ה', 'upos': 'DET', 'xpos': 'DET', 'feats': 'PronType=Art', 'head': 24, 'deprel': 'det:def', 'lemma': 'ה'}, {'id': 24, 'text': 'קשחה', 'upos': 'NOUN', 'xpos': 'NOUN', 'feats': 'Gender=Fem|Number=Sing', 'head': 22, 'deprel': 'compound:smixut', 'lemma': 'קשחה'}]"
25,קטן,ADJ,ADJ,19.0,amod,"(88, 91)",קטן,Gender=Masc|Number=Sing,
26,יחסית,ADV,ADV,25.0,advmod,"(92, 97)",יחסית,,
27,",",PUNCT,PUNCT,14.0,punct,"(97, 98)",",",,
"(28, 29)",ותוצאות,,,,,"(99, 106)",,,"[{'id': 28, 'text': 'ו', 'upos': 'CCONJ', 'xpos': 'CCONJ', 'head': 29, 'deprel': 'cc', 'lemma': 'ו'}, {'id': 29, 'text': 'תוצאות', 'upos': 'NOUN', 'xpos': 'NOUN', 'feats': 'Gender=Fem|Number=Plur', 'head': 14, 'deprel': 'conj', 'lemma': 'תוצאה'}]"
30,פחות,ADV,ADV,31.0,advmod,"(107, 111)",פחות,,
31,מדויקות,ADJ,ADJ,29.0,amod,"(112, 119)",מדויק,Gender=Fem|Number=Plur,
32,כאשר,SCONJ,SCONJ,37.0,mark,"(120, 124)",כאשר,,
"(33, 34)",השטח,,,,,"(125, 129)",,,"[{'id': 33, 'text': 'ה', 'upos': 'DET', 'xpos': 'DET', 'feats': 'PronType=Art', 'head': 34, 'deprel': 'det:def', 'lemma': 'ה'}, {'id': 34, 'text': 'שטח', 'upos': 'NOUN', 'xpos': 'NOUN', 'feats': 'Gender=Masc|Number=Sing', 'head': 37, 'deprel': 'nsubj', 'lemma': 'שטח'}]"
"(35, 36)",האפקטיבי,,,,,"(130, 138)",,,"[{'id': 35, 'text': 'ה', 'upos': 'DET', 'xpos': 'DET', 'feats': 'PronType=Art', 'head': 36, 'deprel': 'det:def', 'lemma': 'ה'}, {'id': 36, 'text': 'אפקטיבי', 'upos': 'ADJ', 'xpos': 'ADJ', 'feats': 'Gender=Masc|Number=Sing', 'head': 34, 'deprel': 'amod', 'lemma': 'אפקטיבי'}]"
37,גדול,ADJ,ADJ,29.0,acl:relcl,"(139, 143)",גדול,Gender=Masc|Number=Sing,
38,יחסית,ADV,ADV,37.0,advmod,"(144, 149)",יחסית,,
1,יחד,ADV,ADV,3.0,case,"(1, 4)",יחד,,
2,עם,ADP,ADP,3.0,case,"(5, 7)",עם,,
3,זאת,PRON,PRON,8.0,obl,"(8, 11)",זאת,Gender=Fem|Number=Sing|Person=3|PronType=Dem,
4,",",PUNCT,PUNCT,8.0,punct,"(11, 12)",",",,
5,שתי,NUM,NUM,7.0,nummod,"(13, 16)",שתי,Definite=Cons|Gender=Fem|Number=Plur,
"(6, 7)",השיטות,,,,,"(17, 23)",,,"[{'id': 6, 'text': 'ה', 'upos': 'DET', 'xpos': 'DET', 'feats': 'PronType=Art', 'head': 7, 'deprel': 'det:def', 'lemma': 'ה'}, {'id': 7, 'text': 'שיטות', 'upos': 'NOUN', 'xpos': 'NOUN', 'feats': 'Gender=Fem|Number=Plur', 'head': 8, 'deprel': 'nsubj', 'lemma': 'שיטה'}]"
8,גורמות,VERB,VERB,0.0,root,"(24, 30)",גרם,"Gender=Fem|HebBinyan=PAAL|Number=Plur|Person=1,2,3|VerbForm=Part|Voice=Act",
"(9, 10)",להערכות,,,,,"(31, 38)",,,"[{'id': 9, 'text': 'ל', 'upos': 'ADP', 'xpos': 'ADP', 'head': 10, 'deprel': 'case', 'lemma': 'ל'}, {'id': 10, 'text': 'הערכות', 'upos': 'NOUN', 'xpos': 'NOUN', 'feats': 'Gender=Fem|Number=Plur', 'head': 8, 'deprel': 'obl', 'lemma': 'הערכה'}]"
11,גבוהות,ADJ,ADJ,10.0,amod,"(39, 45)",גבוה,Gender=Fem|Number=Plur,
12,מדי,ADV,ADV,11.0,advmod,"(46, 49)",מדי,,
13,של,ADP,ADP,14.0,case:gen,"(50, 52)",של,Case=Gen,
14,ת,PROPN,PROPN,10.0,nmod,"(53, 54)",ת,,
1,ב,PROPN,PROPN,0.0,root,"(0, 1)",ב,,
"(1, 3)",והערכות,,,,,"(1, 8)",,,"[{'id': 1, 'text': 'ו', 'upos': 'CCONJ', 'xpos': 'CCONJ', 'head': 4, 'deprel': 'cc', 'lemma': 'ו'}, {'id': 2, 'text': 'ה', 'upos': 'DET', 'xpos': 'DET', 'feats': 'PronType=Art', 'head': 3, 'deprel': 'det:def', 'lemma': 'ה'}, {'id': 3, 'text': 'ערכות', 'upos': 'NOUN', 'xpos': 'NOUN', 'feats': 'Gender=Fem|Number=Plur', 'head': 4, 'deprel': 'nsubj', 'lemma': 'ערכות'}]"
4,נמוכות,ADJ,ADJ,0.0,root,"(9, 15)",נמוך,Gender=Fem|Number=Plur,
5,מדי,ADV,ADV,4.0,advmod,"(16, 19)",מדי,,
6,של,ADP,ADP,7.0,case:gen,"(20, 22)",של,Case=Gen,
7,עומסים,NOUN,NOUN,4.0,advmod,"(23, 29)",עומס,Gender=Masc|Number=Plur,
8,סיסמיים,ADJ,ADJ,7.0,amod,"(30, 37)",סיסמי,Gender=Masc|Number=Plur,
"(9, 10)",לתכן,,,,,"(38, 42)",,,"[{'id': 9, 'text': 'ל', 'upos': 'ADP', 'xpos': 'ADP', 'head': 10, 'deprel': 'case', 'lemma': 'ל'}, {'id': 10, 'text': 'תכן', 'upos': 'NOUN', 'xpos': 'NOUN', 'feats': 'Gender=Masc|Number=Sing', 'head': 7, 'deprel': 'nmod', 'lemma': 'תכן'}]"
1,7,NUM,NUM,0.0,root,"(1, 2)",7,,
1,4,NUM,NUM,2.0,nummod,"(0, 1)",4,,
2,תוצאות,NOUN,NOUN,0.0,root,"(2, 8)",תוצאה,Gender=Fem|Number=Plur,
3,של,ADP,ADP,4.0,case:gen,"(9, 11)",של,Case=Gen,
4,מדידות ת,NOUN,NOUN,2.0,nmod:poss,"(12, 20)",מדידה,Definite=Cons|Gender=Fem|Number=Plur,
1,ב,PROPN,PROPN,0.0,root,"(0, 1)",ב,,
1,",",PUNCT,PUNCT,10.0,punct,"(0, 1)",",",,
"(2, 3)",שנערכו,,,,,"(2, 8)",,,"[{'id': 2, 'text': 'ש', 'upos': 'SCONJ', 'xpos': 'SCONJ', 'head': 3, 'deprel': 'mark', 'lemma': 'ש'}, {'id': 3, 'text': 'נערכו', 'upos': 'VERB', 'xpos': 'VERB', 'feats': 'Gender=Fem,Masc|HebBinyan=NIFAL|Number=Plur|Person=3|Tense=Past|Voice=Mid', 'head': 12, 'deprel': 'acl:relcl', 'lemma': 'נערך'}]"
"(4, 5)",במדינות,,,,,"(9, 16)",,,"[{'id': 4, 'text': 'ב', 'upos': 'ADP', 'xpos': 'ADP', 'head': 5, 'deprel': 'case', 'lemma': 'ב'}, {'id': 5, 'text': 'מדינות', 'upos': 'NOUN', 'xpos': 'NOUN', 'feats': 'Gender=Fem|Number=Plur', 'head': 3, 'deprel': 'obl', 'lemma': 'מדינה'}]"
6,רבות,ADJ,ADJ,5.0,amod,"(17, 21)",רב,Gender=Fem|Number=Plur,
"(7, 9)",בעולם,,,,,"(22, 27)",,,"[{'id': 7, 'text': 'ב', 'upos': 'ADP', 'xpos': 'ADP', 'head': 9, 'deprel': 'case', 'lemma': 'ב'}, {'id': 8, 'text': 'ה_', 'upos': 'DET', 'xpos': 'DET', 'feats': 'PronType=Art', 'head': 9, 'deprel': 'det:def', 'lemma': 'ה'}, {'id': 9, 'text': 'עולם', 'upos': 'NOUN', 'xpos': 'NOUN', 'feats': 'Gender=Masc|Number=Sing', 'head': 5, 'deprel': 'nmod', 'lemma': 'עולם'}]"
10,מצביעות,VERB,VERB,0.0,root,"(28, 35)",הצביע,"Gender=Fem|HebBinyan=HIFIL|Number=Plur|Person=1,2,3|VerbForm=Part|Voice=Act",
11,על,ADP,ADP,12.0,case,"(36, 38)",על,,
12,כך,PRON,PRON,10.0,obl,"(39, 41)",כך,Person=3|PronType=Dem,
13,",",PUNCT,PUNCT,12.0,punct,"(41, 42)",",",,
"(14, 15)",ששיטות,,,,,"(43, 49)",,,"[{'id': 14, 'text': 'ש', 'upos': 'SCONJ', 'xpos': 'SCONJ', 'head': 10, 'deprel': 'mark', 'lemma': 'ש'}, {'id': 15, 'text': 'שיטות', 'upos': 'NOUN', 'xpos': 'NOUN', 'feats': 'Definite=Cons|Gender=Fem|Number=Plur', 'head': 10, 'deprel': 'nsubj', 'lemma': 'שיטה'}]"
"(16, 17)",החישוב,,,,,"(50, 56)",,,"[{'id': 16, 'text': 'ה', 'upos': 'DET', 'xpos': 'DET', 'feats': 'PronType=Art', 'head': 17, 'deprel': 'det:def', 'lemma': 'ה'}, {'id': 17, 'text': 'חישוב', 'upos': 'NOUN', 'xpos': 'NOUN', 'feats': 'Gender=Masc|Number=Sing', 'head': 15, 'deprel': 'compound:smixut', 'lemma': 'חישוב'}]"
18,של,ADP,ADP,19.0,case:gen,"(57, 59)",של,Case=Gen,
19,ת,PROPN,PROPN,15.0,nmod:poss,"(60, 61)",ת,,
1,ב,PROPN,PROPN,0.0,root,"(0, 1)",ב,,
1,מספקות,VERB,VERB,0.0,root,"(1, 7)",סיפק,"Gender=Fem|HebBinyan=PIEL|Number=Plur|Person=1,2,3|VerbForm=Part|Voice=Act",
2,תוצאות,NOUN,NOUN,1.0,obj,"(8, 14)",תוצאה,Gender=Fem|Number=Plur,
3,נכונות,ADJ,ADJ,2.0,amod,"(15, 21)",נכון,Gender=Fem|Number=Plur,
4,רק,ADV,ADV,5.0,advmod,"(22, 24)",רק,,
"(5, 6)",במדינות,,,,,"(25, 32)",,,"[{'id': 5, 'text': 'ב', 'upos': 'ADP', 'xpos': 'ADP', 'head': 6, 'deprel': 'case', 'lemma': 'ב'}, {'id': 6, 'text': 'מדינות', 'upos': 'NOUN', 'xpos': 'NOUN', 'feats': 'Gender=Fem|Number=Plur', 'head': 1, 'deprel': 'obl', 'lemma': 'מדינה'}]"
7,",",PUNCT,PUNCT,6.0,punct,"(32, 33)",",",,
"(8, 9)",בהן,,,,,"(34, 37)",,,"[{'id': 8, 'text': 'ב_', 'upos': 'ADP', 'xpos': 'ADP', 'head': 9, 'deprel': 'case', 'lemma': 'ב'}, {'id': 9, 'text': '_הן', 'upos': 'PRON', 'xpos': 'PRON', 'feats': 'Gender=Fem|Number=Plur|Person=3|PronType=Prs', 'head': 10, 'deprel': 'obl', 'lemma': 'הוא'}]"
10,עושים,VERB,VERB,6.0,acl,"(38, 43)",עשה,"Gender=Masc|HebBinyan=PAAL|Number=Plur|Person=1,2,3|VerbForm=Part|Voice=Act",
11,שימוש,NOUN,NOUN,10.0,obj,"(44, 49)",שימוש,Gender=Masc|Number=Sing,
"(12, 13)",בשיטות,,,,,"(50, 56)",,,"[{'id': 12, 'text': 'ב', 'upos': 'ADP', 'xpos': 'ADP', 'head': 13, 'deprel': 'case', 'lemma': 'ב'}, {'id': 13, 'text': 'שיטות', 'upos': 'NOUN', 'xpos': 'NOUN', 'feats': 'Gender=Fem|Number=Plur', 'head': 11, 'deprel': 'nmod', 'lemma': 'שיטה'}]"
14,",",PUNCT,PUNCT,13.0,punct,"(56, 57)",",",,
"(15, 16)",המבוססות,,,,,"(58, 66)",,,"[{'id': 15, 'text': 'ה', 'upos': 'SCONJ', 'xpos': 'SCONJ', 'head': 16, 'deprel': 'mark', 'lemma': 'ה'}, {'id': 16, 'text': 'מבוססות', 'upos': 'VERB', 'xpos': 'VERB', 'feats': 'Gender=Fem|Number=Plur|Person=1,2,3|VerbForm=Part', 'head': 13, 'deprel': 'acl:relcl', 'lemma': 'מבוססות'}]"
17,על,ADP,ADP,18.0,case,"(67, 69)",על,,
18,מדידות,NOUN,NOUN,16.0,obl,"(70, 76)",מדידה,Gender=Fem|Number=Plur,
"(19, 21)",בפועל,,,,,"(77, 82)",,,"[{'id': 19, 'text': 'ב', 'upos': 'ADP', 'xpos': 'ADP', 'head': 21, 'deprel': 'case', 'lemma': 'ב'}, {'id': 20, 'text': 'ה_', 'upos': 'DET', 'xpos': 'DET', 'feats': 'PronType=Art', 'head': 21, 'deprel': 'det:def', 'lemma': 'ה'}, {'id': 21, 'text': 'פועל', 'upos': 'NOUN', 'xpos': 'NOUN', 'feats': 'Gender=Masc|Number=Sing', 'head': 18, 'deprel': 'nmod', 'lemma': 'פועל'}]"
22,של,ADP,ADP,23.0,case:gen,"(83, 85)",של,Case=Gen,
23,ת,PROPN,PROPN,21.0,nmod:poss,"(86, 87)",ת,,
1,ב,PROPN,PROPN,0.0,root,"(0, 1)",ב,,
"(1, 2)",במדינות,,,,,"(1, 8)",,,"[{'id': 1, 'text': 'ב', 'upos': 'ADP', 'xpos': 'ADP', 'head': 2, 'deprel': 'case', 'lemma': 'ב'}, {'id': 2, 'text': 'מדינות', 'upos': 'NOUN', 'xpos': 'NOUN', 'feats': 'Gender=Fem|Number=Plur', 'head': 0, 'deprel': 'root', 'lemma': 'מדינה'}]"
3,אלה,PRON,PRON,2.0,det,"(9, 12)",אלה,Gender=Masc|Number=Plur|Person=3|PronType=Dem,
4,(,PUNCT,PUNCT,6.0,punct,"(13, 14)",(,,
5,כמו,ADP,ADP,6.0,case,"(14, 17)",כמו,,
6,"ארה""ב",PROPN,PROPN,2.0,appos,"(18, 23)","ארה""ב",Abbr=Yes,
7,",",PUNCT,PUNCT,6.0,punct,"(23, 24)",",",,
8,יפן,PROPN,PROPN,6.0,dep,"(25, 28)",יפן,,
9,),PUNCT,PUNCT,6.0,punct,"(28, 29)",),,
1,שימוש,NOUN,NOUN,24.0,nsubj,"(1, 6)",שימוש,Gender=Masc|Number=Sing,
"(2, 3)",בשיטת,,,,,"(7, 12)",,,"[{'id': 2, 'text': 'ב', 'upos': 'ADP', 'xpos': 'ADP', 'head': 3, 'deprel': 'case', 'lemma': 'ב'}, {'id': 3, 'text': 'שיטת', 'upos': 'NOUN', 'xpos': 'NOUN', 'feats': 'Definite=Cons|Gender=Fem|Number=Sing', 'head': 1, 'deprel': 'nmod', 'lemma': 'שיטה'}]"
4,97,NUM,NUM,3.0,compound:smixut,"(13, 15)",97,,
5,UBC,X,X,4.0,flat:name,"(16, 19)",UBC,,
"(6, 7)",ולכן,,,,,"(20, 24)",,,"[{'id': 6, 'text': 'ו', 'upos': 'CCONJ', 'xpos': 'CCONJ', 'head': 9, 'deprel': 'cc', 'lemma': 'ו'}, {'id': 7, 'text': 'לכן', 'upos': 'ADV', 'xpos': 'ADV', 'head': 9, 'deprel': 'advmod', 'lemma': 'לכן'}]"
8,גם,ADV,ADV,9.0,det,"(25, 27)",גם,,
9,שיטות,NOUN,NOUN,3.0,conj,"(28, 33)",שיטה,Gender=Fem|Number=Plur,
"(10, 11)","בת""י",,,,,"(34, 38)",,,"[{'id': 10, 'text': 'ב', 'upos': 'ADP', 'xpos': 'ADP', 'head': 11, 'deprel': 'case', 'lemma': 'ב'}, {'id': 11, 'text': 'ת""י', 'upos': 'PROPN', 'xpos': 'PROPN', 'feats': 'Abbr=Yes', 'head': 9, 'deprel': 'nmod', 'lemma': 'ת""י'}]"
12,413,NUM,NUM,11.0,nummod,"(39, 42)",413,,
"(13, 14)",וב,,,,,"(43, 45)",,,"[{'id': 13, 'text': 'ו', 'upos': 'CCONJ', 'xpos': 'CCONJ', 'head': 16, 'deprel': 'cc', 'lemma': 'ו'}, {'id': 14, 'text': 'ב', 'upos': 'ADP', 'xpos': 'ADP', 'head': 16, 'deprel': 'case', 'lemma': 'ב'}]"
15,-,PUNCT,PUNCT,11.0,punct,"(45, 46)",-,,
16,EC8,PROPN,PROPN,11.0,conj,"(46, 49)",EC8,,
"(17, 18)",במדינות,,,,,"(50, 57)",,,"[{'id': 17, 'text': 'ב', 'upos': 'ADP', 'xpos': 'ADP', 'head': 18, 'deprel': 'case', 'lemma': 'ב'}, {'id': 18, 'text': 'מדינות', 'upos': 'NOUN', 'xpos': 'NOUN', 'feats': 'Gender=Fem|Number=Plur', 'head': 9, 'deprel': 'nmod', 'lemma': 'מדינה'}]"
19,",",PUNCT,PUNCT,18.0,punct,"(57, 58)",",",,
20,חוץ,ADP,ADP,22.0,case,"(59, 62)",חוץ,,
"(21, 22)","מארה""ב",,,,,"(63, 69)",,,"[{'id': 21, 'text': 'מ', 'upos': 'ADP', 'xpos': 'ADP', 'head': 20, 'deprel': 'fixed', 'lemma': 'מ'}, {'id': 22, 'text': 'ארה""ב', 'upos': 'PROPN', 'xpos': 'PROPN', 'feats': 'Abbr=Yes', 'head': 18, 'deprel': 'nmod', 'lemma': 'ארה""ב'}]"
23,",",PUNCT,PUNCT,24.0,punct,"(69, 70)",",",,
24,מביא,VERB,VERB,0.0,root,"(71, 75)",הביא,"Gender=Masc|HebBinyan=HIFIL|Number=Sing|Person=1,2,3|VerbForm=Part|Voice=Act",
"(25, 26)",לערכים,,,,,"(76, 82)",,,"[{'id': 25, 'text': 'ל', 'upos': 'ADP', 'xpos': 'ADP', 'head': 26, 'deprel': 'case', 'lemma': 'ל'}, {'id': 26, 'text': 'ערכים', 'upos': 'NOUN', 'xpos': 'NOUN', 'feats': 'Gender=Masc|Number=Plur', 'head': 24, 'deprel': 'obl', 'lemma': 'ערך'}]"
27,לא,ADV,ADV,28.0,advmod,"(83, 85)",לא,Polarity=Neg,
28,נכונים,ADJ,ADJ,26.0,amod,"(86, 92)",נכון,Gender=Masc|Number=Plur,
29,של,ADP,ADP,30.0,case:gen,"(93, 95)",של,Case=Gen,
30,עומסים,NOUN,NOUN,26.0,nmod,"(96, 102)",עומס,Gender=Masc|Number=Plur,
31,סיסמיים,ADJ,ADJ,30.0,amod,"(103, 110)",סיסמי,Gender=Masc|Number=Plur,
"(32, 33)",לתכן,,,,,"(111, 115)",,,"[{'id': 32, 'text': 'ל', 'upos': 'ADP', 'xpos': 'ADP', 'head': 33, 'deprel': 'case', 'lemma': 'ל'}, {'id': 33, 'text': 'תכן', 'upos': 'NOUN', 'xpos': 'NOUN', 'feats': 'Gender=Masc|Number=Sing', 'head': 30, 'deprel': 'nmod', 'lemma': 'תכן'}]"
34,",",PUNCT,PUNCT,30.0,punct,"(115, 116)",",",,
35,אשר,SCONJ,SCONJ,36.0,mark,"(117, 120)",אשר,,
36,נמוכים,ADJ,ADJ,30.0,acl:relcl,"(121, 127)",נמוך,Gender=Masc|Number=Plur,
37,משמעותית,ADV,ADV,36.0,advmod,"(128, 136)",משמעותי,,
"(38, 40)",מהעומסים,,,,,"(137, 145)",,,"[{'id': 38, 'text': 'מ', 'upos': 'ADP', 'xpos': 'ADP', 'head': 40, 'deprel': 'case', 'lemma': 'מ'}, {'id': 39, 'text': 'ה', 'upos': 'DET', 'xpos': 'DET', 'feats': 'PronType=Art', 'head': 40, 'deprel': 'det:def', 'lemma': 'ה'}, {'id': 40, 'text': 'עומסים', 'upos': 'NOUN', 'xpos': 'NOUN', 'feats': 'Gender=Masc|Number=Plur', 'head': 36, 'deprel': 'obl', 'lemma': 'עומס'}]"
41,לפי,ADP,ADP,42.0,case,"(146, 149)",לפי,,
42,ת,PROPN,PROPN,40.0,nmod,"(150, 151)",ת,,
1,ב,PROPN,PROPN,0.0,root,"(0, 1)",ב,,
1,של,ADP,ADP,2.0,case:gen,"(1, 3)",של,Case=Gen,
2,מבנים,NOUN,NOUN,0.0,root,"(4, 9)",מבנה,Gender=Masc|Number=Plur,
"(3, 5)",בפועל,,,,,"(10, 15)",,,"[{'id': 3, 'text': 'ב', 'upos': 'ADP', 'xpos': 'ADP', 'head': 5, 'deprel': 'case', 'lemma': 'ב'}, {'id': 4, 'text': 'ה_', 'upos': 'DET', 'xpos': 'DET', 'feats': 'PronType=Art', 'head': 5, 'deprel': 'det:def', 'lemma': 'ה'}, {'id': 5, 'text': 'פועל', 'upos': 'NOUN', 'xpos': 'NOUN', 'feats': 'Gender=Masc|Number=Sing', 'head': 2, 'deprel': 'nmod', 'lemma': 'פועל'}]"
1,7,NUM,NUM,0.0,root,"(1, 2)",7,,
1,5,NUM,NUM,8.0,punct,"(0, 1)",5,,
"(2, 3)",בהתאם,,,,,"(2, 7)",,,"[{'id': 2, 'text': 'ב', 'upos': 'ADP', 'xpos': 'ADP', 'head': 5, 'deprel': 'case', 'lemma': 'ב'}, {'id': 3, 'text': 'התאם', 'upos': 'NOUN', 'xpos': 'NOUN', 'feats': 'Gender=Masc|Number=Sing', 'head': 2, 'deprel': 'fixed', 'lemma': 'התאם'}]"
"(4, 5)",לתוצאות,,,,,"(8, 15)",,,"[{'id': 4, 'text': 'ל', 'upos': 'ADP', 'xpos': 'ADP', 'head': 2, 'deprel': 'fixed', 'lemma': 'ל'}, {'id': 5, 'text': 'תוצאות', 'upos': 'NOUN', 'xpos': 'NOUN', 'feats': 'Definite=Cons|Gender=Fem|Number=Plur', 'head': 8, 'deprel': 'obl', 'lemma': 'תוצאה'}]"
"(6, 7)",המחקר,,,,,"(16, 21)",,,"[{'id': 6, 'text': 'ה', 'upos': 'DET', 'xpos': 'DET', 'feats': 'PronType=Art', 'head': 7, 'deprel': 'det:def', 'lemma': 'ה'}, {'id': 7, 'text': 'מחקר', 'upos': 'NOUN', 'xpos': 'NOUN', 'feats': 'Gender=Masc|Number=Sing', 'head': 5, 'deprel': 'compound:smixut', 'lemma': 'מחקר'}]"
8,קיים,ADJ,ADJ,0.0,root,"(22, 26)",קיים,Gender=Masc|Number=Sing,
9,צורך,NOUN,NOUN,8.0,nsubj,"(27, 31)",צורך,Gender=Masc|Number=Sing,
10,לעדכן,VERB,VERB,9.0,acl,"(32, 37)",עדכן,HebBinyan=PIEL|VerbForm=Inf|Voice=Act,
11,את,ADP,ADP,12.0,case:acc,"(38, 40)",את,Case=Acc,
12,שיטת,NOUN,NOUN,10.0,obj,"(41, 45)",שיטה,Definite=Cons|Gender=Fem|Number=Sing,
"(13, 14)",החישוב,,,,,"(46, 52)",,,"[{'id': 13, 'text': 'ה', 'upos': 'DET', 'xpos': 'DET', 'feats': 'PronType=Art', 'head': 14, 'deprel': 'det:def', 'lemma': 'ה'}, {'id': 14, 'text': 'חישוב', 'upos': 'NOUN', 'xpos': 'NOUN', 'feats': 'Gender=Masc|Number=Sing', 'head': 12, 'deprel': 'compound:smixut', 'lemma': 'חישוב'}]"
15,של,ADP,ADP,17.0,case:gen,"(53, 55)",של,Case=Gen,
"(16, 17)",התקופה,,,,,"(56, 62)",,,"[{'id': 16, 'text': 'ה', 'upos': 'DET', 'xpos': 'DET', 'feats': 'PronType=Art', 'head': 17, 'deprel': 'det:def', 'lemma': 'ה'}, {'id': 17, 'text': 'תקופה', 'upos': 'NOUN', 'xpos': 'NOUN', 'feats': 'Gender=Fem|Number=Sing', 'head': 12, 'deprel': 'nmod:poss', 'lemma': 'תקופה'}]"
"(18, 19)",הבסיסית,,,,,"(63, 70)",,,"[{'id': 18, 'text': 'ה', 'upos': 'DET', 'xpos': 'DET', 'feats': 'PronType=Art', 'head': 19, 'deprel': 'det:def', 'lemma': 'ה'}, {'id': 19, 'text': 'בסיסית', 'upos': 'ADJ', 'xpos': 'ADJ', 'feats': 'Gender=Fem|Number=Sing', 'head': 17, 'deprel': 'amod', 'lemma': 'בסיסי'}]"
"(20, 21)","בת""י",,,,,"(71, 75)",,,"[{'id': 20, 'text': 'ב', 'upos': 'ADP', 'xpos': 'ADP', 'head': 21, 'deprel': 'case', 'lemma': 'ב'}, {'id': 21, 'text': 'ת""י', 'upos': 'PROPN', 'xpos': 'PROPN', 'feats': 'Abbr=Yes', 'head': 17, 'deprel': 'nmod', 'lemma': 'ת""י'}]"
22,413,NUM,NUM,21.0,nummod,"(76, 79)",413,,
23,",",PUNCT,PUNCT,10.0,punct,"(79, 80)",",",,
"(24, 25)",וכמו,,,,,"(81, 85)",,,"[{'id': 24, 'text': 'ו', 'upos': 'CCONJ', 'xpos': 'CCONJ', 'head': 30, 'deprel': 'cc', 'lemma': 'ו'}, {'id': 25, 'text': 'כמו', 'upos': 'ADP', 'xpos': 'ADP', 'head': 27, 'deprel': 'case', 'lemma': 'כמו'}]"
"(26, 27)",במדינות,,,,,"(86, 93)",,,"[{'id': 26, 'text': 'ב', 'upos': 'ADP', 'xpos': 'ADP', 'head': 27, 'deprel': 'case', 'lemma': 'ב'}, {'id': 27, 'text': 'מדינות', 'upos': 'NOUN', 'xpos': 'NOUN', 'feats': 'Gender=Fem|Number=Plur', 'head': 30, 'deprel': 'obl', 'lemma': 'מדינה'}]"
28,אחרות,ADJ,ADJ,27.0,amod,"(94, 99)",אחר,Gender=Fem|Number=Plur,
29,",",PUNCT,PUNCT,30.0,punct,"(99, 100)",",",,
30,לפתח,VERB,VERB,10.0,conj,"(101, 105)",פיתח,HebBinyan=PIEL|VerbForm=Inf|Voice=Act,
31,שיטה,NOUN,NOUN,30.0,obj,"(106, 110)",שיטה,Gender=Fem|Number=Sing,
32,לפי,ADP,ADP,34.0,case,"(111, 114)",לפי,,
"(33, 34)",התקופה,,,,,"(115, 121)",,,"[{'id': 33, 'text': 'ה', 'upos': 'DET', 'xpos': 'DET', 'feats': 'PronType=Art', 'head': 34, 'deprel': 'det:def', 'lemma': 'ה'}, {'id': 34, 'text': 'תקופה', 'upos': 'NOUN', 'xpos': 'NOUN', 'feats': 'Gender=Fem|Number=Sing', 'head': 31, 'deprel': 'nmod', 'lemma': 'תקופה'}]"
"(35, 36)",הבסיסית,,,,,"(122, 129)",,,"[{'id': 35, 'text': 'ה', 'upos': 'DET', 'xpos': 'DET', 'feats': 'PronType=Art', 'head': 36, 'deprel': 'det:def', 'lemma': 'ה'}, {'id': 36, 'text': 'בסיסית', 'upos': 'ADJ', 'xpos': 'ADJ', 'feats': 'Gender=Fem|Number=Sing', 'head': 34, 'deprel': 'amod', 'lemma': 'בסיסי'}]"
"(37, 39)",בפועל,,,,,"(130, 135)",,,"[{'id': 37, 'text': 'ב', 'upos': 'ADP', 'xpos': 'ADP', 'head': 39, 'deprel': 'case', 'lemma': 'ב'}, {'id': 38, 'text': 'ה_', 'upos': 'DET', 'xpos': 'DET', 'feats': 'PronType=Art', 'head': 39, 'deprel': 'det:def', 'lemma': 'ה'}, {'id': 39, 'text': 'פועל', 'upos': 'NOUN', 'xpos': 'NOUN', 'feats': 'Gender=Masc|Number=Sing', 'head': 34, 'deprel': 'nmod', 'lemma': 'פועל'}]"
"(40, 41)",למבנים,,,,,"(136, 142)",,,"[{'id': 40, 'text': 'ל', 'upos': 'ADP', 'xpos': 'ADP', 'head': 41, 'deprel': 'case', 'lemma': 'ל'}, {'id': 41, 'text': 'מבנים', 'upos': 'NOUN', 'xpos': 'NOUN', 'feats': 'Gender=Masc|Number=Plur', 'head': 34, 'deprel': 'nmod', 'lemma': 'מבנה'}]"
"(42, 44)",בארץ,,,,,"(143, 147)",,,"[{'id': 42, 'text': 'ב', 'upos': 'ADP', 'xpos': 'ADP', 'head': 44, 'deprel': 'case', 'lemma': 'ב'}, {'id': 43, 'text': 'ה_', 'upos': 'DET', 'xpos': 'DET', 'feats': 'PronType=Art', 'head': 44, 'deprel': 'det:def', 'lemma': 'ה'}, {'id': 44, 'text': 'ארץ', 'upos': 'NOUN', 'xpos': 'NOUN', 'feats': 'Gender=Fem|Number=Sing', 'head': 41, 'deprel': 'nmod', 'lemma': 'ארץ'}]"
