id,text,upos,xpos,head,deprel,span,lemma,feats,expanded
1,1,NUM,NUM,0.0,root,"(0, 1)",1,,
1,רקע,NOUN,NOUN,9.0,nsubj,"(1, 4)",רקע,Gender=Masc|Number=Sing,
"(2, 3)",ומתודולוגיה,,,,,"(5, 16)",,,"[{'id': 2, 'text': 'ו', 'upos': 'CCONJ', 'xpos': 'CCONJ', 'head': 3, 'deprel': 'cc', 'lemma': 'ו'}, {'id': 3, 'text': 'מתודולוגיה', 'upos': 'NOUN', 'xpos': 'NOUN', 'feats': 'Gender=Fem|Number=Sing', 'head': 1, 'deprel': 'conj', 'lemma': 'מתודולוגיה'}]"
4,סקר,NOUN,NOUN,9.0,nsubj,"(17, 20)",סקר,Definite=Cons|Gender=Masc|Number=Sing,
5,רוכשי,VERB,VERB,4.0,compound:smixut,"(21, 26)",רכש,Definite=Cons|Gender=Masc|Number=Plur,
6,דירות,NOUN,NOUN,5.0,compound:smixut,"(27, 32)",דירה,Gender=Fem|Number=Plur,
"(7, 8)",בשלומי,,,,,"(33, 39)",,,"[{'id': 7, 'text': 'ב', 'upos': 'ADP', 'xpos': 'ADP', 'head': 8, 'deprel': 'case', 'lemma': 'ב'}, {'id': 8, 'text': 'שלומי', 'upos': 'PROPN', 'xpos': 'PROPN', 'head': 4, 'deprel': 'nmod', 'lemma': 'שלומי'}]"
9,נערך,VERB,VERB,0.0,root,"(40, 44)",נערך,Gender=Masc|HebBinyan=NIFAL|Number=Sing|Person=3|Tense=Past|Voice=Mid,
10,על,ADP,ADP,12.0,case,"(45, 47)",על,,
11,פי,NOUN,NOUN,10.0,fixed,"(48, 50)",פה,Definite=Cons|Gender=Masc|Number=Sing,
12,הזמנת,NOUN,NOUN,9.0,obl,"(51, 56)",הזמנה,Definite=Cons|Gender=Fem|Number=Sing,
"(13, 14)",האגף,,,,,"(57, 61)",,,"[{'id': 13, 'text': 'ה', 'upos': 'DET', 'xpos': 'DET', 'feats': 'PronType=Art', 'head': 14, 'deprel': 'det:def', 'lemma': 'ה'}, {'id': 14, 'text': 'אגף', 'upos': 'NOUN', 'xpos': 'NOUN', 'feats': 'Gender=Masc|Number=Sing', 'head': 12, 'deprel': 'compound:smixut', 'lemma': 'אגף'}]"
"(15, 16)",למידע,,,,,"(62, 67)",,,"[{'id': 15, 'text': 'ל', 'upos': 'ADP', 'xpos': 'ADP', 'head': 16, 'deprel': 'case', 'lemma': 'ל'}, {'id': 16, 'text': 'מידע', 'upos': 'NOUN', 'xpos': 'NOUN', 'feats': 'Gender=Masc|Number=Sing', 'head': 14, 'deprel': 'nmod', 'lemma': 'מידע'}]"
"(17, 18)",וניתוח,,,,,"(68, 74)",,,"[{'id': 17, 'text': 'ו', 'upos': 'CCONJ', 'xpos': 'CCONJ', 'head': 18, 'deprel': 'cc', 'lemma': 'ו'}, {'id': 18, 'text': 'ניתוח', 'upos': 'NOUN', 'xpos': 'NOUN', 'feats': 'Gender=Masc|Number=Sing', 'head': 16, 'deprel': 'conj', 'lemma': 'ניתוח'}]"
19,כלכלי,ADJ,ADJ,18.0,amod,"(75, 80)",כלכלי,Gender=Masc|Number=Sing,
"(20, 21)",במשרד,,,,,"(81, 86)",,,"[{'id': 20, 'text': 'ב', 'upos': 'ADP', 'xpos': 'ADP', 'head': 21, 'deprel': 'case', 'lemma': 'ב'}, {'id': 21, 'text': 'משרד', 'upos': 'NOUN', 'xpos': 'NOUN', 'feats': 'Definite=Cons|Gender=Masc|Number=Sing', 'head': 14, 'deprel': 'nmod', 'lemma': 'משרד'}]"
"(22, 23)",הבינוי,,,,,"(87, 93)",,,"[{'id': 22, 'text': 'ה', 'upos': 'DET', 'xpos': 'DET', 'feats': 'PronType=Art', 'head': 23, 'deprel': 'det:def', 'lemma': 'ה'}, {'id': 23, 'text': 'בינוי', 'upos': 'NOUN', 'xpos': 'NOUN', 'feats': 'Gender=Masc|Number=Sing', 'head': 21, 'deprel': 'compound:smixut', 'lemma': 'בינוי'}]"
"(24, 26)",והשיכון,,,,,"(94, 101)",,,"[{'id': 24, 'text': 'ו', 'upos': 'CCONJ', 'xpos': 'CCONJ', 'head': 26, 'deprel': 'cc', 'lemma': 'ו'}, {'id': 25, 'text': 'ה', 'upos': 'DET', 'xpos': 'DET', 'feats': 'PronType=Art', 'head': 26, 'deprel': 'det:def', 'lemma': 'ה'}, {'id': 26, 'text': 'שיכון', 'upos': 'NOUN', 'xpos': 'NOUN', 'feats': 'Gender=Masc|Number=Sing', 'head': 23, 'deprel': 'conj', 'lemma': 'שיכון'}]"
"(1, 2)",הסקר,,,,,"(1, 5)",,,"[{'id': 1, 'text': 'ה', 'upos': 'DET', 'xpos': 'DET', 'feats': 'PronType=Art', 'head': 2, 'deprel': 'det:def', 'lemma': 'ה'}, {'id': 2, 'text': 'סקר', 'upos': 'NOUN', 'xpos': 'NOUN', 'feats': 'Gender=Masc|Number=Sing', 'head': 3, 'deprel': 'nsubj', 'lemma': 'סקר'}]"
3,בוצע,VERB,VERB,0.0,root,"(6, 10)",בוצע,Gender=Masc|HebBinyan=PUAL|Number=Sing|Person=3|Tense=Past|Voice=Pass,
"(4, 5)",במסגרת,,,,,"(11, 17)",,,"[{'id': 4, 'text': 'ב', 'upos': 'ADP', 'xpos': 'ADP', 'head': 6, 'deprel': 'case', 'lemma': 'ב'}, {'id': 5, 'text': 'מסגרת', 'upos': 'NOUN', 'xpos': 'NOUN', 'feats': 'Gender=Fem|Number=Sing', 'head': 4, 'deprel': 'fixed', 'lemma': 'מסגרת'}]"
"(6, 8)",פעילותו,,,,,"(18, 25)",,,"[{'id': 6, 'text': 'פעילות_', 'upos': 'NOUN', 'xpos': 'NOUN', 'feats': 'Definite=Def|Gender=Fem|Number=Sing', 'head': 3, 'deprel': 'obl', 'lemma': 'פעילות'}, {'id': 7, 'text': '_של_', 'upos': 'ADP', 'xpos': 'ADP', 'head': 8, 'deprel': 'case:gen', 'lemma': 'של'}, {'id': 8, 'text': '_הוא', 'upos': 'PRON', 'xpos': 'PRON', 'feats': 'Case=Gen|Gender=Masc|Number=Sing|Person=3|PronType=Prs', 'head': 6, 'deprel': 'nmod:poss', 'lemma': 'הוא'}]"
"(9, 10)",השוטפת,,,,,"(26, 32)",,,"[{'id': 9, 'text': 'ה', 'upos': 'DET', 'xpos': 'DET', 'feats': 'PronType=Art', 'head': 10, 'deprel': 'det:def', 'lemma': 'ה'}, {'id': 10, 'text': 'שוטפת', 'upos': 'ADJ', 'xpos': 'ADJ', 'feats': 'Gender=Fem|Number=Sing', 'head': 6, 'deprel': 'amod', 'lemma': 'שוטף'}]"
11,של,ADP,ADP,13.0,case:gen,"(33, 35)",של,Case=Gen,
"(12, 13)",המשרד,,,,,"(36, 41)",,,"[{'id': 12, 'text': 'ה', 'upos': 'DET', 'xpos': 'DET', 'feats': 'PronType=Art', 'head': 13, 'deprel': 'det:def', 'lemma': 'ה'}, {'id': 13, 'text': 'משרד', 'upos': 'NOUN', 'xpos': 'NOUN', 'feats': 'Gender=Masc|Number=Sing', 'head': 6, 'deprel': 'nmod:poss', 'lemma': 'משרד'}]"
14,",",PUNCT,PUNCT,3.0,punct,"(41, 42)",",",,
"(15, 16)",לצורך,,,,,"(43, 48)",,,"[{'id': 15, 'text': 'ל', 'upos': 'ADP', 'xpos': 'ADP', 'head': 16, 'deprel': 'case', 'lemma': 'ל'}, {'id': 16, 'text': 'צורך', 'upos': 'NOUN', 'xpos': 'NOUN', 'feats': 'Definite=Cons|Gender=Masc|Number=Sing', 'head': 3, 'deprel': 'obl', 'lemma': 'צורך'}]"
17,מעקב,NOUN,NOUN,16.0,compound:smixut,"(49, 53)",מעקב,Gender=Masc|Number=Sing,
18,אחר,ADP,ADP,19.0,case,"(54, 57)",אחר,,
19,תהליכי,NOUN,NOUN,17.0,nmod,"(58, 64)",תהליך,Definite=Cons|Gender=Masc|Number=Plur,
"(20, 21)",הבניה,,,,,"(65, 70)",,,"[{'id': 20, 'text': 'ה', 'upos': 'DET', 'xpos': 'DET', 'feats': 'PronType=Art', 'head': 21, 'deprel': 'det:def', 'lemma': 'ה'}, {'id': 21, 'text': 'בניה', 'upos': 'NOUN', 'xpos': 'NOUN', 'feats': 'Gender=Fem|Number=Sing', 'head': 19, 'deprel': 'compound:smixut', 'lemma': 'בניה'}]"
"(22, 24)",והאיכלוס,,,,,"(71, 79)",,,"[{'id': 22, 'text': 'ו', 'upos': 'CCONJ', 'xpos': 'CCONJ', 'head': 24, 'deprel': 'cc', 'lemma': 'ו'}, {'id': 23, 'text': 'ה', 'upos': 'DET', 'xpos': 'DET', 'feats': 'PronType=Art', 'head': 24, 'deprel': 'det:def', 'lemma': 'ה'}, {'id': 24, 'text': 'איכלוס', 'upos': 'NOUN', 'xpos': 'NOUN', 'feats': 'Gender=Masc|Number=Sing', 'head': 21, 'deprel': 'conj', 'lemma': 'איכלוס'}]"
"(25, 27)",בישובים,,,,,"(80, 87)",,,"[{'id': 25, 'text': 'ב', 'upos': 'ADP', 'xpos': 'ADP', 'head': 27, 'deprel': 'case', 'lemma': 'ב'}, {'id': 26, 'text': 'ה_', 'upos': 'DET', 'xpos': 'DET', 'feats': 'PronType=Art', 'head': 27, 'deprel': 'det:def', 'lemma': 'ה'}, {'id': 27, 'text': 'ישובים', 'upos': 'NOUN', 'xpos': 'NOUN', 'feats': 'Gender=Masc|Number=Plur', 'head': 17, 'deprel': 'nmod', 'lemma': 'יישוב'}]"
28,נבחרים,VERB,VERB,27.0,amod,"(88, 94)",נבחר,"Gender=Masc|HebBinyan=NIFAL|Number=Plur|Person=1,2,3|VerbForm=Part|Voice=Mid",
29,",",PUNCT,PUNCT,27.0,punct,"(95, 96)",",",,
"(30, 31)",בהם,,,,,"(97, 100)",,,"[{'id': 30, 'text': 'ב_', 'upos': 'ADP', 'xpos': 'ADP', 'head': 31, 'deprel': 'case', 'lemma': 'ב'}, {'id': 31, 'text': '_הם', 'upos': 'PRON', 'xpos': 'PRON', 'feats': 'Gender=Masc|Number=Plur|Person=3|PronType=Prs', 'head': 32, 'deprel': 'obl', 'lemma': 'הוא'}]"
32,מעורב,ADJ,ADJ,27.0,acl:relcl,"(101, 106)",מעורב,VerbForm=Part,
"(33, 34)",המשרד,,,,,"(107, 112)",,,"[{'id': 33, 'text': 'ה', 'upos': 'DET', 'xpos': 'DET', 'feats': 'PronType=Art', 'head': 34, 'deprel': 'det:def', 'lemma': 'ה'}, {'id': 34, 'text': 'משרד', 'upos': 'NOUN', 'xpos': 'NOUN', 'feats': 'Gender=Masc|Number=Sing', 'head': 32, 'deprel': 'nsubj', 'lemma': 'משרד'}]"
"(35, 36)",ביזום,,,,,"(113, 118)",,,"[{'id': 35, 'text': 'ב', 'upos': 'ADP', 'xpos': 'ADP', 'head': 36, 'deprel': 'case', 'lemma': 'ב'}, {'id': 36, 'text': 'יזום', 'upos': 'NOUN', 'xpos': 'NOUN', 'feats': 'Definite=Cons|Gender=Masc|Number=Sing', 'head': 32, 'deprel': 'obl', 'lemma': 'יזום'}]"
"(37, 39)",בניה,,,,,"(119, 123)",,,"[{'id': 37, 'text': 'בן_', 'upos': 'NOUN', 'xpos': 'NOUN', 'feats': 'Definite=Def|Gender=Masc|Number=Sing', 'head': 36, 'deprel': 'compound:smixut', 'lemma': 'בן'}, {'id': 38, 'text': '_של_', 'upos': 'ADP', 'xpos': 'ADP', 'head': 39, 'deprel': 'case:gen', 'lemma': 'של'}, {'id': 39, 'text': '_היא', 'upos': 'PRON', 'xpos': 'PRON', 'feats': 'Case=Gen|Gender=Fem|Number=Sing|Person=3|PronType=Prs', 'head': 37, 'deprel': 'nmod:poss', 'lemma': 'הוא'}]"
"(40, 41)",בהיקפים,,,,,"(124, 131)",,,"[{'id': 40, 'text': 'ב', 'upos': 'ADP', 'xpos': 'ADP', 'head': 41, 'deprel': 'case', 'lemma': 'ב'}, {'id': 41, 'text': 'היקפים', 'upos': 'NOUN', 'xpos': 'NOUN', 'feats': 'Gender=Masc|Number=Plur', 'head': 36, 'deprel': 'nmod', 'lemma': 'היקף'}]"
42,גדולים,ADJ,ADJ,41.0,amod,"(132, 138)",גדול,Gender=Masc|Number=Plur,
"(1, 2)",בסקר,,,,,"(1, 5)",,,"[{'id': 1, 'text': 'ב', 'upos': 'ADP', 'xpos': 'ADP', 'head': 2, 'deprel': 'case', 'lemma': 'ב'}, {'id': 2, 'text': 'סקר', 'upos': 'NOUN', 'xpos': 'NOUN', 'feats': 'Gender=Masc|Number=Sing', 'head': 5, 'deprel': 'obl', 'lemma': 'סקר'}]"
"(3, 4)",הנוכחי,,,,,"(6, 12)",,,"[{'id': 3, 'text': 'ה', 'upos': 'DET', 'xpos': 'DET', 'feats': 'PronType=Art', 'head': 4, 'deprel': 'det:def', 'lemma': 'ה'}, {'id': 4, 'text': 'נוכחי', 'upos': 'ADJ', 'xpos': 'ADJ', 'feats': 'Gender=Masc|Number=Sing', 'head': 2, 'deprel': 'amod', 'lemma': 'נוכחי'}]"
5,נבחנו,VERB,VERB,0.0,root,"(13, 18)",נבחן,"Gender=Fem,Masc|HebBinyan=NIFAL|Number=Plur|Person=3|Tense=Past|Voice=Mid",
6,מאפייני,NOUN,NOUN,5.0,nsubj,"(19, 26)",מאפיין,Definite=Cons|Gender=Masc|Number=Plur,
"(7, 8)",הקונים,,,,,"(27, 33)",,,"[{'id': 7, 'text': 'ה', 'upos': 'DET', 'xpos': 'DET', 'feats': 'PronType=Art', 'head': 8, 'deprel': 'det:def', 'lemma': 'ה'}, {'id': 8, 'text': 'קונים', 'upos': 'NOUN', 'xpos': 'NOUN', 'feats': 'Gender=Masc|Number=Plur', 'head': 6, 'deprel': 'compound:smixut', 'lemma': 'קונה'}]"
"(9, 11)",והסיבות,,,,,"(34, 41)",,,"[{'id': 9, 'text': 'ו', 'upos': 'CCONJ', 'xpos': 'CCONJ', 'head': 11, 'deprel': 'cc', 'lemma': 'ו'}, {'id': 10, 'text': 'ה', 'upos': 'DET', 'xpos': 'DET', 'feats': 'PronType=Art', 'head': 11, 'deprel': 'det:def', 'lemma': 'ה'}, {'id': 11, 'text': 'סיבות', 'upos': 'NOUN', 'xpos': 'NOUN', 'feats': 'Gender=Fem|Number=Plur', 'head': 6, 'deprel': 'conj', 'lemma': 'סיבה'}]"
"(12, 13)",לקניית,,,,,"(42, 48)",,,"[{'id': 12, 'text': 'ל', 'upos': 'ADP', 'xpos': 'ADP', 'head': 13, 'deprel': 'case', 'lemma': 'ל'}, {'id': 13, 'text': 'קניית', 'upos': 'NOUN', 'xpos': 'NOUN', 'feats': 'Definite=Cons|Gender=Fem|Number=Sing', 'head': 11, 'deprel': 'nmod', 'lemma': 'קנייה'}]"
14,דירות,NOUN,NOUN,13.0,compound:smixut,"(49, 54)",דירה,Gender=Fem|Number=Plur,
15,על,ADP,ADP,17.0,case,"(55, 57)",על,,
16,ידי,NOUN,NOUN,15.0,fixed,"(58, 61)",יד,Definite=Cons|Gender=Fem|Number=Plur,
17,רוכשי,NOUN,NOUN,13.0,nmod,"(62, 67)",רוכש,Definite=Cons|Gender=Masc|Number=Plur,
18,דירות,NOUN,NOUN,17.0,compound:smixut,"(68, 73)",דירה,Gender=Fem|Number=Plur,
"(19, 21)",בשנים,,,,,"(74, 79)",,,"[{'id': 19, 'text': 'ב', 'upos': 'ADP', 'xpos': 'ADP', 'head': 21, 'deprel': 'case', 'lemma': 'ב'}, {'id': 20, 'text': 'ה_', 'upos': 'DET', 'xpos': 'DET', 'feats': 'PronType=Art', 'head': 21, 'deprel': 'det:def', 'lemma': 'ה'}, {'id': 21, 'text': 'שנים', 'upos': 'NOUN', 'xpos': 'NOUN', 'feats': 'Gender=Fem|Number=Plur', 'head': 13, 'deprel': 'nmod', 'lemma': 'שנה'}]"
"(22, 23)",האחרונות,,,,,"(80, 88)",,,"[{'id': 22, 'text': 'ה', 'upos': 'DET', 'xpos': 'DET', 'feats': 'PronType=Art', 'head': 23, 'deprel': 'det:def', 'lemma': 'ה'}, {'id': 23, 'text': 'אחרונות', 'upos': 'ADJ', 'xpos': 'ADJ', 'feats': 'Gender=Fem|Number=Plur', 'head': 21, 'deprel': 'amod', 'lemma': 'אחרון'}]"
"(24, 26)",בישוב,,,,,"(89, 94)",,,"[{'id': 24, 'text': 'ב', 'upos': 'ADP', 'xpos': 'ADP', 'head': 26, 'deprel': 'case', 'lemma': 'ב'}, {'id': 25, 'text': 'ה_', 'upos': 'DET', 'xpos': 'DET', 'feats': 'PronType=Art', 'head': 26, 'deprel': 'det:def', 'lemma': 'ה'}, {'id': 26, 'text': 'ישוב', 'upos': 'NOUN', 'xpos': 'NOUN', 'feats': 'Gender=Masc|Number=Sing', 'head': 21, 'deprel': 'nmod', 'lemma': 'יישוב'}]"
1,על,ADP,ADP,3.0,case,"(1, 3)",על,,
2,פי,NOUN,NOUN,1.0,fixed,"(4, 6)",פה,Definite=Cons|Gender=Masc|Number=Sing,
3,דווחים,NOUN,NOUN,26.0,obl,"(7, 13)",דווח,Gender=Masc|Number=Plur,
"(4, 5)",שנמסרו,,,,,"(14, 20)",,,"[{'id': 4, 'text': 'ש', 'upos': 'SCONJ', 'xpos': 'SCONJ', 'head': 5, 'deprel': 'mark', 'lemma': 'ש'}, {'id': 5, 'text': 'נמסרו', 'upos': 'VERB', 'xpos': 'VERB', 'feats': 'Gender=Fem,Masc|HebBinyan=NIFAL|Number=Plur|Person=3|Tense=Past|Voice=Mid', 'head': 3, 'deprel': 'acl:relcl', 'lemma': 'נמסר'}]"
"(6, 7)",ממשרד,,,,,"(21, 26)",,,"[{'id': 6, 'text': 'מ', 'upos': 'ADP', 'xpos': 'ADP', 'head': 7, 'deprel': 'case', 'lemma': 'מ'}, {'id': 7, 'text': 'משרד', 'upos': 'NOUN', 'xpos': 'NOUN', 'feats': 'Definite=Cons|Gender=Masc|Number=Sing', 'head': 5, 'deprel': 'obl', 'lemma': 'משרד'}]"
"(8, 9)",הבינוי,,,,,"(27, 33)",,,"[{'id': 8, 'text': 'ה', 'upos': 'DET', 'xpos': 'DET', 'feats': 'PronType=Art', 'head': 9, 'deprel': 'det:def', 'lemma': 'ה'}, {'id': 9, 'text': 'בינוי', 'upos': 'NOUN', 'xpos': 'NOUN', 'feats': 'Gender=Masc|Number=Sing', 'head': 7, 'deprel': 'compound:smixut', 'lemma': 'בינוי'}]"
"(10, 12)",והשיכון,,,,,"(34, 41)",,,"[{'id': 10, 'text': 'ו', 'upos': 'CCONJ', 'xpos': 'CCONJ', 'head': 12, 'deprel': 'cc', 'lemma': 'ו'}, {'id': 11, 'text': 'ה', 'upos': 'DET', 'xpos': 'DET', 'feats': 'PronType=Art', 'head': 12, 'deprel': 'det:def', 'lemma': 'ה'}, {'id': 12, 'text': 'שיכון', 'upos': 'NOUN', 'xpos': 'NOUN', 'feats': 'Gender=Masc|Number=Sing', 'head': 9, 'deprel': 'conj', 'lemma': 'שיכון'}]"
"(13, 16)",ושמקורם,,,,,"(42, 49)",,,"[{'id': 13, 'text': 'ו', 'upos': 'CCONJ', 'xpos': 'CCONJ', 'head': 19, 'deprel': 'cc', 'lemma': 'ו'}, {'id': 14, 'text': 'שמקור_', 'upos': 'NOUN', 'xpos': 'NOUN', 'feats': 'Definite=Def|Gender=Masc|Number=Sing', 'head': 19, 'deprel': 'nsubj', 'lemma': 'שמקור'}, {'id': 15, 'text': '_של_', 'upos': 'ADP', 'xpos': 'ADP', 'head': 16, 'deprel': 'case:gen', 'lemma': 'של'}, {'id': 16, 'text': '_הם', 'upos': 'PRON', 'xpos': 'PRON', 'feats': 'Case=Gen|Gender=Masc|Number=Plur|Person=3|PronType=Prs', 'head': 14, 'deprel': 'nmod:poss', 'lemma': 'הוא'}]"
"(17, 19)",באומדנים,,,,,"(50, 58)",,,"[{'id': 17, 'text': 'ב', 'upos': 'ADP', 'xpos': 'ADP', 'head': 19, 'deprel': 'case', 'lemma': 'ב'}, {'id': 18, 'text': 'ה_', 'upos': 'DET', 'xpos': 'DET', 'feats': 'PronType=Art', 'head': 19, 'deprel': 'det:def', 'lemma': 'ה'}, {'id': 19, 'text': 'אומדנים', 'upos': 'NOUN', 'xpos': 'NOUN', 'feats': 'Gender=Masc|Number=Plur', 'head': 5, 'deprel': 'conj', 'lemma': 'אומדן'}]"
20,על,ADP,ADP,22.0,case,"(59, 61)",על,,
21,פי,NOUN,NOUN,20.0,fixed,"(62, 64)",פה,Definite=Cons|Gender=Masc|Number=Sing,
22,נתוני,NOUN,NOUN,19.0,nmod,"(65, 70)",נתון,Definite=Cons|Gender=Masc|Number=Plur,
23,מס,NOUN,NOUN,22.0,compound:smixut,"(71, 73)",מס,Definite=Cons|Gender=Masc|Number=Sing,
24,רכישה,NOUN,NOUN,23.0,compound:smixut,"(74, 79)",רכישה,Gender=Fem|Number=Sing,
25,",",PUNCT,PUNCT,26.0,punct,"(79, 80)",",",,
26,נמכרו,VERB,VERB,0.0,root,"(81, 86)",נמכר,"Gender=Fem,Masc|HebBinyan=NIFAL|Number=Plur|Person=3|Tense=Past|Voice=Mid",
"(27, 28)",בשלומי,,,,,"(87, 93)",,,"[{'id': 27, 'text': 'ב', 'upos': 'ADP', 'xpos': 'ADP', 'head': 28, 'deprel': 'case', 'lemma': 'ב'}, {'id': 28, 'text': 'שלומי', 'upos': 'PROPN', 'xpos': 'PROPN', 'head': 26, 'deprel': 'obl', 'lemma': 'שלומי'}]"
29,בין,ADP,ADP,31.0,case,"(94, 97)",בין,,
"(30, 31)",השנים,,,,,"(98, 103)",,,"[{'id': 30, 'text': 'ה', 'upos': 'DET', 'xpos': 'DET', 'feats': 'PronType=Art', 'head': 31, 'deprel': 'det:def', 'lemma': 'ה'}, {'id': 31, 'text': 'שנים', 'upos': 'NOUN', 'xpos': 'NOUN', 'feats': 'Gender=Fem|Number=Plur', 'head': 26, 'deprel': 'obl', 'lemma': 'שנה'}]"
32,1996,NUM,NUM,31.0,amod,"(104, 108)",1996,,
33,–,PUNCT,PUNCT,32.0,punct,"(109, 110)",–,,
34,1999,NUM,NUM,32.0,dep,"(111, 115)",1999,,
35,כ,ADP,ADP,38.0,case,"(116, 117)",כ,,
36,-,PUNCT,PUNCT,38.0,punct,"(117, 118)",-,,
37,470,NUM,NUM,38.0,nummod,"(119, 122)",470,,
38,דירות,NOUN,NOUN,26.0,nsubj,"(123, 128)",דירה,Gender=Fem|Number=Plur,
39,",",PUNCT,PUNCT,26.0,punct,"(128, 129)",",",,
40,לפי,ADP,ADP,42.0,case,"(130, 133)",לפי,,
"(41, 42)",הפרוט,,,,,"(134, 139)",,,"[{'id': 41, 'text': 'ה', 'upos': 'DET', 'xpos': 'DET', 'feats': 'PronType=Art', 'head': 42, 'deprel': 'det:def', 'lemma': 'ה'}, {'id': 42, 'text': 'פרוט', 'upos': 'NOUN', 'xpos': 'NOUN', 'feats': 'Gender=Masc|Number=Sing', 'head': 26, 'deprel': 'obl', 'lemma': 'פרוט'}]"
43,:,PUNCT,PUNCT,26.0,punct,"(139, 140)",:,,
44,נתונים,NOUN,NOUN,84.0,nsubj,"(141, 147)",נתון,Gender=Masc|Number=Plur,
45,מפורטים,VERB,VERB,44.0,amod,"(148, 155)",פורט,"Gender=Masc|HebBinyan=PUAL|Number=Plur|Person=1,2,3|VerbForm=Part|Voice=Pass",
46,על,ADP,ADP,47.0,case,"(156, 158)",על,,
47,היקפי,NOUN,NOUN,44.0,nmod,"(159, 164)",היקף,Definite=Cons|Gender=Masc|Number=Plur,
48,שיווק,NOUN,NOUN,47.0,compound:smixut,"(165, 170)",שיווק,Gender=Masc|Number=Sing,
49,",",PUNCT,PUNCT,48.0,punct,"(171, 172)",",",,
50,התחלות,NOUN,NOUN,48.0,conj,"(173, 179)",התחלה,Definite=Cons|Gender=Fem|Number=Sing,
51,בניה,NOUN,NOUN,50.0,compound:smixut,"(180, 184)",בניה,Gender=Fem|Number=Sing,
"(52, 53)",ומכירת,,,,,"(185, 191)",,,"[{'id': 52, 'text': 'ו', 'upos': 'CCONJ', 'xpos': 'CCONJ', 'head': 53, 'deprel': 'cc', 'lemma': 'ו'}, {'id': 53, 'text': 'מכירת', 'upos': 'NOUN', 'xpos': 'NOUN', 'feats': 'Definite=Cons|Gender=Fem|Number=Sing', 'head': 48, 'deprel': 'conj', 'lemma': 'מכירה'}]"
54,דירות,NOUN,NOUN,53.0,compound:smixut,"(192, 197)",דירה,Gender=Fem|Number=Plur,
"(55, 57)",בבניה,,,,,"(198, 203)",,,"[{'id': 55, 'text': 'ב', 'upos': 'ADP', 'xpos': 'ADP', 'head': 57, 'deprel': 'case', 'lemma': 'ב'}, {'id': 56, 'text': 'ה_', 'upos': 'DET', 'xpos': 'DET', 'feats': 'PronType=Art', 'head': 57, 'deprel': 'det:def', 'lemma': 'ה'}, {'id': 57, 'text': 'בניה', 'upos': 'NOUN', 'xpos': 'NOUN', 'feats': 'Gender=Fem|Number=Sing', 'head': 54, 'deprel': 'nmod', 'lemma': 'בניה'}]"
"(58, 59)",ביוזמה,,,,,"(204, 210)",,,"[{'id': 58, 'text': 'ב', 'upos': 'ADP', 'xpos': 'ADP', 'head': 59, 'deprel': 'case', 'lemma': 'ב'}, {'id': 59, 'text': 'יוזמה', 'upos': 'NOUN', 'xpos': 'NOUN', 'feats': 'Gender=Fem|Number=Sing', 'head': 54, 'deprel': 'nmod', 'lemma': 'יוזמה'}]"
60,ציבורית,ADJ,ADJ,59.0,amod,"(211, 218)",ציבורי,Gender=Fem|Number=Sing,
"(61, 63)",בישוב,,,,,"(219, 224)",,,"[{'id': 61, 'text': 'ב', 'upos': 'ADP', 'xpos': 'ADP', 'head': 63, 'deprel': 'case', 'lemma': 'ב'}, {'id': 62, 'text': 'ה_', 'upos': 'DET', 'xpos': 'DET', 'feats': 'PronType=Art', 'head': 63, 'deprel': 'det:def', 'lemma': 'ה'}, {'id': 63, 'text': 'ישוב', 'upos': 'NOUN', 'xpos': 'NOUN', 'feats': 'Gender=Masc|Number=Sing', 'head': 59, 'deprel': 'nmod', 'lemma': 'יישוב'}]"
64,שלומי,PROPN,PROPN,63.0,flat:name,"(225, 230)",שלומי,Gender=Masc|Number=Sing,
65,",",PUNCT,PUNCT,47.0,punct,"(230, 231)",",",,
"(66, 68)",בשנים,,,,,"(232, 237)",,,"[{'id': 66, 'text': 'ב', 'upos': 'ADP', 'xpos': 'ADP', 'head': 68, 'deprel': 'case', 'lemma': 'ב'}, {'id': 67, 'text': 'ה_', 'upos': 'DET', 'xpos': 'DET', 'feats': 'PronType=Art', 'head': 68, 'deprel': 'det:def', 'lemma': 'ה'}, {'id': 68, 'text': 'שנים', 'upos': 'NOUN', 'xpos': 'NOUN', 'feats': 'Gender=Fem|Number=Plur', 'head': 47, 'deprel': 'nmod', 'lemma': 'שנה'}]"
69,1994,NUM,NUM,68.0,amod,"(238, 242)",1994,,
70,-,PUNCT,PUNCT,69.0,punct,"(242, 243)",-,,
71,1999,NUM,NUM,69.0,nummod,"(243, 247)",1999,,
72,",",PUNCT,PUNCT,73.0,punct,"(247, 248)",",",,
73,מפורטים,VERB,VERB,26.0,parataxis,"(249, 256)",פורט,"Gender=Masc|HebBinyan=PUAL|Number=Plur|Person=1,2,3|VerbForm=Part|Voice=Pass",
"(74, 76)",בטבלה,,,,,"(257, 262)",,,"[{'id': 74, 'text': 'ב', 'upos': 'ADP', 'xpos': 'ADP', 'head': 76, 'deprel': 'case', 'lemma': 'ב'}, {'id': 75, 'text': 'ה_', 'upos': 'DET', 'xpos': 'DET', 'feats': 'PronType=Art', 'head': 76, 'deprel': 'det:def', 'lemma': 'ה'}, {'id': 76, 'text': 'טבלה', 'upos': 'NOUN', 'xpos': 'NOUN', 'feats': 'Gender=Fem|Number=Sing', 'head': 73, 'deprel': 'obl', 'lemma': 'טבלה'}]"
"(77, 78)",הבאה,,,,,"(263, 267)",,,"[{'id': 77, 'text': 'ה', 'upos': 'DET', 'xpos': 'DET', 'feats': 'PronType=Art', 'head': 78, 'deprel': 'det:def', 'lemma': 'ה'}, {'id': 78, 'text': 'באה', 'upos': 'ADJ', 'xpos': 'ADJ', 'feats': 'Gender=Fem|Number=Sing', 'head': 76, 'deprel': 'amod', 'lemma': 'בא'}]"
79,:,PUNCT,PUNCT,26.0,punct,"(267, 268)",:,,
"(80, 81)",במסגרת,,,,,"(269, 275)",,,"[{'id': 80, 'text': 'ב', 'upos': 'ADP', 'xpos': 'ADP', 'head': 83, 'deprel': 'case', 'lemma': 'ב'}, {'id': 81, 'text': 'מסגרת', 'upos': 'NOUN', 'xpos': 'NOUN', 'feats': 'Gender=Fem|Number=Sing', 'head': 80, 'deprel': 'fixed', 'lemma': 'מסגרת'}]"
"(82, 83)",הסקר,,,,,"(276, 280)",,,"[{'id': 82, 'text': 'ה', 'upos': 'DET', 'xpos': 'DET', 'feats': 'PronType=Art', 'head': 83, 'deprel': 'det:def', 'lemma': 'ה'}, {'id': 83, 'text': 'סקר', 'upos': 'NOUN', 'xpos': 'NOUN', 'feats': 'Gender=Masc|Number=Sing', 'head': 84, 'deprel': 'obl', 'lemma': 'סקר'}]"
84,רואיינו,VERB,VERB,26.0,parataxis,"(281, 288)",רואה,"Gender=Fem,Masc|HebBinyan=PIEL|Number=Plur|Person=3|Tense=Fut|Voice=Act",
85,134,NUM,NUM,86.0,nummod,"(289, 292)",134,,
86,רוכשי,NOUN,NOUN,84.0,nsubj,"(293, 298)",רוכש,Definite=Cons|Gender=Masc|Number=Plur,
87,דירות,NOUN,NOUN,86.0,compound:smixut,"(299, 304)",דירה,Gender=Fem|Number=Plur,
"(88, 89)",בשלומי,,,,,"(305, 311)",,,"[{'id': 88, 'text': 'ב', 'upos': 'ADP', 'xpos': 'ADP', 'head': 89, 'deprel': 'case', 'lemma': 'ב'}, {'id': 89, 'text': 'שלומי', 'upos': 'PROPN', 'xpos': 'PROPN', 'feats': 'Gender=Masc|Number=Sing', 'head': 48, 'deprel': 'nmod', 'lemma': 'שלומי'}]"
"(90, 92)",בשנים,,,,,"(312, 317)",,,"[{'id': 90, 'text': 'ב', 'upos': 'ADP', 'xpos': 'ADP', 'head': 92, 'deprel': 'case', 'lemma': 'ב'}, {'id': 91, 'text': 'ה_', 'upos': 'DET', 'xpos': 'DET', 'feats': 'PronType=Art', 'head': 92, 'deprel': 'det:def', 'lemma': 'ה'}, {'id': 92, 'text': 'שנים', 'upos': 'NOUN', 'xpos': 'NOUN', 'feats': 'Gender=Fem|Number=Plur', 'head': 84, 'deprel': 'obl', 'lemma': 'שנה'}]"
93,1996,NUM,NUM,92.0,amod,"(318, 322)",1996,,
94,-,PUNCT,PUNCT,93.0,punct,"(322, 323)",-,,
95,1999,NUM,NUM,93.0,dep,"(323, 327)",1999,,
96,",",PUNCT,PUNCT,84.0,punct,"(327, 328)",",",,
"(97, 98)",מתוכם,,,,,"(329, 334)",,,"[{'id': 97, 'text': 'מתוך_', 'upos': 'ADP', 'xpos': 'ADP', 'head': 98, 'deprel': 'case', 'lemma': 'מתוך'}, {'id': 98, 'text': '_הם', 'upos': 'PRON', 'xpos': 'PRON', 'feats': 'Gender=Masc|Number=Plur|Person=3|PronType=Prs', 'head': 84, 'deprel': 'obl', 'lemma': 'הוא'}]"
99,28,NUM,NUM,100.0,nummod,"(335, 337)",28,,
100,קוני,NUM,NUM,101.0,nummod,"(338, 342)",קונה,Definite=Cons|Gender=Masc|Number=Plur,
101,דירות,NOUN,NOUN,98.0,dep,"(343, 348)",דירה,Gender=Fem|Number=Plur,
102,יד,NOUN,NOUN,63.0,acl,"(349, 351)",יד,Definite=Cons|Gender=Fem|Number=Sing,
103,שניה,NUM,NUM,102.0,compound:smixut,"(352, 356)",שניה,Gender=Fem|Number=Sing,
104,",",PUNCT,PUNCT,86.0,punct,"(356, 357)",",",,
105,ו,CCONJ,CCONJ,108.0,cc,"(358, 359)",ו,,
106,-,PUNCT,PUNCT,108.0,punct,"(359, 360)",-,,
107,106,NUM,NUM,108.0,nummod,"(361, 364)",106,,
108,קוני,NUM,NUM,109.0,conj,"(365, 369)",קונה,Definite=Cons|Gender=Masc|Number=Plur,
109,דירות,NOUN,NOUN,53.0,compound:smixut,"(370, 375)",דירה,Gender=Fem|Number=Plur,
110,חדשות,ADJ,ADJ,109.0,amod,"(376, 381)",חדש,Gender=Fem|Number=Plur,
1,על,ADP,ADP,4.0,case,"(1, 3)",על,,
2,מנת,ADP,ADP,1.0,fixed,"(4, 7)",מנה,,
"(3, 4)",שנוכל,,,,,"(8, 13)",,,"[{'id': 3, 'text': 'ש', 'upos': 'SCONJ', 'xpos': 'SCONJ', 'head': 4, 'deprel': 'mark', 'lemma': 'ש'}, {'id': 4, 'text': 'נוכל', 'upos': 'AUX', 'xpos': 'AUX', 'feats': 'Gender=Fem,Masc|Number=Plur|Person=1|Tense=Fut|VerbType=Mod', 'head': 5, 'deprel': 'advcl', 'lemma': 'יכול'}]"
5,לקבל,VERB,VERB,16.0,advcl,"(14, 18)",קיבל,HebBinyan=PIEL|VerbForm=Inf|Voice=Act,
6,נתונים,NOUN,NOUN,5.0,obj,"(19, 25)",נתון,Gender=Masc|Number=Plur,
"(7, 9)",מהימנים,,,,,"(26, 33)",,,"[{'id': 7, 'text': 'מ', 'upos': 'ADP', 'xpos': 'ADP', 'head': 9, 'deprel': 'case', 'lemma': 'מ'}, {'id': 8, 'text': 'ה', 'upos': 'DET', 'xpos': 'DET', 'feats': 'PronType=Art', 'head': 9, 'deprel': 'det:def', 'lemma': 'ה'}, {'id': 9, 'text': 'ימנים', 'upos': 'NOUN', 'xpos': 'NOUN', 'feats': 'Gender=Masc|Number=Plur', 'head': 6, 'deprel': 'nmod', 'lemma': 'יום'}]"
10,עבור,ADP,ADP,11.0,case,"(34, 38)",עבור,,
11,רוכשי,NOUN,NOUN,5.0,obl,"(39, 44)",רוכש,Definite=Cons|Gender=Masc|Number=Plur,
12,דירות,NOUN,NOUN,11.0,compound:smixut,"(45, 50)",דירה,Gender=Fem|Number=Plur,
13,יד,NOUN,NOUN,12.0,compound:smixut,"(51, 53)",יד,Gender=Fem|Number=Sing,
14,שניה,NUM,NUM,13.0,amod,"(54, 58)",שניה,Gender=Fem|Number=Sing,
15,",",PUNCT,PUNCT,16.0,punct,"(59, 60)",",",,
16,נדגמו,VERB,VERB,0.0,root,"(61, 66)",נדגם,"Gender=Fem,Masc|HebBinyan=NIFAL|Number=Plur|Person=3|Tense=Past|Voice=Mid",
17,",",PUNCT,PUNCT,16.0,punct,"(66, 67)",",",,
18,יחסית,ADV,ADV,16.0,advmod,"(68, 73)",יחסית,,
19,",",PUNCT,PUNCT,16.0,punct,"(73, 74)",",",,
20,יותר,ADV,ADV,21.0,advmod,"(75, 79)",יותר,,
21,רוכשים,VERB,VERB,16.0,nsubj,"(80, 86)",רכש,Gender=Masc|Number=Plur,
"(22, 24)",כאלה,,,,,"(87, 91)",,,"[{'id': 22, 'text': 'כ', 'upos': 'ADP', 'xpos': 'ADP', 'head': 24, 'deprel': 'case', 'lemma': 'כ'}, {'id': 23, 'text': 'ה_', 'upos': 'DET', 'xpos': 'DET', 'feats': 'PronType=Art', 'head': 24, 'deprel': 'det:def', 'lemma': 'ה'}, {'id': 24, 'text': 'אלה', 'upos': 'PRON', 'xpos': 'PRON', 'feats': 'Gender=Masc|Number=Plur|Person=3|PronType=Dem', 'head': 21, 'deprel': 'nmod', 'lemma': 'אלה'}]"
"(1, 2)",לצורך,,,,,"(1, 6)",,,"[{'id': 1, 'text': 'ל', 'upos': 'ADP', 'xpos': 'ADP', 'head': 2, 'deprel': 'case', 'lemma': 'ל'}, {'id': 2, 'text': 'צורך', 'upos': 'NOUN', 'xpos': 'NOUN', 'feats': 'Definite=Cons|Gender=Masc|Number=Sing', 'head': 7, 'deprel': 'obl', 'lemma': 'צורך'}]"
3,אומדנים,NOUN,NOUN,2.0,compound:smixut,"(7, 14)",אומדן,Gender=Masc|Number=Plur,
4,"של סה ""כ",PROPN,PROPN,6.0,dep,"(15, 23)","של סה ""כ",,
"(5, 6)",הרוכשים,,,,,"(24, 31)",,,"[{'id': 5, 'text': 'ה', 'upos': 'DET', 'xpos': 'DET', 'feats': 'PronType=Art', 'head': 6, 'deprel': 'det:def', 'lemma': 'ה'}, {'id': 6, 'text': 'רוכשים', 'upos': 'NOUN', 'xpos': 'NOUN', 'feats': 'Gender=Masc|Number=Plur', 'head': 7, 'deprel': 'nsubj', 'lemma': 'רכש'}]"
7,שוקלל,VERB,VERB,0.0,root,"(32, 37)",שוקלל,"Gender=Masc|HebBinyan=PAAL|Number=Sing|Person=1,2,3|VerbForm=Part|Voice=Act",
8,מספר,DET,DET,10.0,det,"(38, 42)",מספר,Definite=Cons,
"(9, 10)",התצפיות,,,,,"(43, 50)",,,"[{'id': 9, 'text': 'ה', 'upos': 'DET', 'xpos': 'DET', 'feats': 'PronType=Art', 'head': 10, 'deprel': 'det:def', 'lemma': 'ה'}, {'id': 10, 'text': 'תצפיות', 'upos': 'NOUN', 'xpos': 'NOUN', 'feats': 'Gender=Fem|Number=Plur', 'head': 7, 'deprel': 'obj', 'lemma': 'תצפית'}]"
11,של,ADP,ADP,12.0,case:gen,"(51, 53)",של,Case=Gen,
12,רוכשי,NOUN,NOUN,10.0,nmod:poss,"(54, 59)",רוכש,Definite=Cons|Gender=Masc|Number=Plur,
13,דירות,NOUN,NOUN,12.0,compound:smixut,"(60, 65)",דירה,Gender=Fem|Number=Plur,
14,יד,NOUN,NOUN,13.0,compound:smixut,"(66, 68)",יד,Gender=Fem|Number=Sing,
15,שניה,NUM,NUM,14.0,nmod,"(69, 73)",שניה,Gender=Fem|Number=Sing,
16,לפי,ADP,ADP,17.0,case,"(74, 77)",לפי,,
17,נתוני,NOUN,NOUN,7.0,obl,"(78, 83)",נתון,Definite=Cons|Gender=Masc|Number=Plur,
"(18, 19)",המכירות,,,,,"(84, 91)",,,"[{'id': 18, 'text': 'ה', 'upos': 'DET', 'xpos': 'DET', 'feats': 'PronType=Art', 'head': 19, 'deprel': 'det:def', 'lemma': 'ה'}, {'id': 19, 'text': 'מכירות', 'upos': 'NOUN', 'xpos': 'NOUN', 'feats': 'Gender=Fem|Number=Plur', 'head': 17, 'deprel': 'compound:smixut', 'lemma': 'מכירה'}]"
"(20, 23)",שבטבלה,,,,,"(92, 98)",,,"[{'id': 20, 'text': 'ש', 'upos': 'SCONJ', 'xpos': 'SCONJ', 'head': 23, 'deprel': 'mark', 'lemma': 'ש'}, {'id': 21, 'text': 'ב', 'upos': 'ADP', 'xpos': 'ADP', 'head': 23, 'deprel': 'case', 'lemma': 'ב'}, {'id': 22, 'text': 'ה_', 'upos': 'DET', 'xpos': 'DET', 'feats': 'PronType=Art', 'head': 23, 'deprel': 'det:def', 'lemma': 'ה'}, {'id': 23, 'text': 'טבלה', 'upos': 'NOUN', 'xpos': 'NOUN', 'feats': 'Gender=Fem|Number=Sing', 'head': 17, 'deprel': 'acl:relcl', 'lemma': 'טבלה'}]"
24,לעיל,ADV,ADV,23.0,advmod,"(99, 103)",לעיל,HebSource=ConvUncertainHead,
"(1, 2)",הסקר,,,,,"(1, 5)",,,"[{'id': 1, 'text': 'ה', 'upos': 'DET', 'xpos': 'DET', 'feats': 'PronType=Art', 'head': 2, 'deprel': 'det:def', 'lemma': 'ה'}, {'id': 2, 'text': 'סקר', 'upos': 'NOUN', 'xpos': 'NOUN', 'feats': 'Gender=Masc|Number=Sing', 'head': 3, 'deprel': 'nsubj', 'lemma': 'סקר'}]"
3,בוצע,VERB,VERB,0.0,root,"(6, 10)",בוצע,Gender=Masc|HebBinyan=PUAL|Number=Sing|Person=3|Tense=Past|Voice=Pass,
"(4, 5)",בחודש,,,,,"(11, 16)",,,"[{'id': 4, 'text': 'ב', 'upos': 'ADP', 'xpos': 'ADP', 'head': 5, 'deprel': 'case', 'lemma': 'ב'}, {'id': 5, 'text': 'חודש', 'upos': 'NOUN', 'xpos': 'NOUN', 'feats': 'Definite=Cons|Gender=Masc|Number=Sing', 'head': 3, 'deprel': 'obl', 'lemma': 'חודש'}]"
6,אפריל,PROPN,PROPN,5.0,compound:smixut,"(17, 22)",אפריל,,
7,2000,NUM,NUM,5.0,nummod,"(23, 27)",2000,,
8,באמצעות,ADP,ADP,9.0,case,"(28, 35)",באמצעות,,
9,ראיונות,NOUN,NOUN,3.0,obl,"(36, 43)",ריאיון,Gender=Masc|Number=Plur,
10,טלפוניים,ADJ,ADJ,9.0,amod,"(44, 52)",טלפוני,Gender=Masc|Number=Plur,
11,של,ADP,ADP,12.0,case:gen,"(53, 55)",של,Case=Gen,
12,קוני דירות,NOUN,NOUN,9.0,nmod,"(56, 66)",קונידדירה,Definite=Cons|Gender=Masc|Number=Plur,
1,כל,DET,DET,3.0,det,"(1, 3)",כול,Definite=Cons,
"(2, 3)",המרואיינים,,,,,"(4, 14)",,,"[{'id': 2, 'text': 'ה', 'upos': 'DET', 'xpos': 'DET', 'feats': 'PronType=Art', 'head': 3, 'deprel': 'det:def', 'lemma': 'ה'}, {'id': 3, 'text': 'מרואיינים', 'upos': 'NOUN', 'xpos': 'NOUN', 'feats': 'Gender=Masc|Number=Plur', 'head': 6, 'deprel': 'nsubj', 'lemma': 'מרואיין'}]"
4,היו,AUX,AUX,6.0,cop,"(15, 18)",היה,"Gender=Fem,Masc|Number=Plur|Person=3|Polarity=Pos|Tense=Past|VerbType=Cop",
5,מעל,ADP,ADP,6.0,case,"(19, 22)",מעל,,
6,גיל,NOUN,NOUN,0.0,root,"(23, 26)",גיל,Definite=Cons|Gender=Masc|Number=Sing,
7,18,NUM,NUM,6.0,compound:smixut,"(27, 29)",18,,
"(1, 2)",הסקר,,,,,"(1, 5)",,,"[{'id': 1, 'text': 'ה', 'upos': 'DET', 'xpos': 'DET', 'feats': 'PronType=Art', 'head': 2, 'deprel': 'det:def', 'lemma': 'ה'}, {'id': 2, 'text': 'סקר', 'upos': 'NOUN', 'xpos': 'NOUN', 'feats': 'Gender=Masc|Number=Sing', 'head': 3, 'deprel': 'nsubj', 'lemma': 'סקר'}]"
3,כלל,VERB,VERB,0.0,root,"(6, 9)",כלל,Gender=Masc|HebBinyan=PAAL|Number=Sing|Person=3|Tense=Past|Voice=Act,
4,שאלות,NOUN,NOUN,3.0,obj,"(10, 15)",שאלה,Gender=Fem|Number=Plur,
"(5, 6)",בנושאי,,,,,"(16, 22)",,,"[{'id': 5, 'text': 'ב', 'upos': 'ADP', 'xpos': 'ADP', 'head': 6, 'deprel': 'case', 'lemma': 'ב'}, {'id': 6, 'text': 'נושאי', 'upos': 'NOUN', 'xpos': 'NOUN', 'feats': 'Definite=Cons|Gender=Masc|Number=Plur', 'head': 4, 'deprel': 'nmod', 'lemma': 'נושא'}]"
7,מגורים,NOUN,NOUN,6.0,compound:smixut,"(23, 29)",מגורים,Gender=Masc|Number=Plur,
"(8, 10)",בעבר,,,,,"(30, 34)",,,"[{'id': 8, 'text': 'ב', 'upos': 'ADP', 'xpos': 'ADP', 'head': 10, 'deprel': 'case', 'lemma': 'ב'}, {'id': 9, 'text': 'ה_', 'upos': 'DET', 'xpos': 'DET', 'feats': 'PronType=Art', 'head': 10, 'deprel': 'det:def', 'lemma': 'ה'}, {'id': 10, 'text': 'עבר', 'upos': 'NOUN', 'xpos': 'NOUN', 'feats': 'Gender=Masc|Number=Sing', 'head': 6, 'deprel': 'nmod', 'lemma': 'עבר'}]"
"(11, 14)",ובהווה,,,,,"(35, 41)",,,"[{'id': 11, 'text': 'ו', 'upos': 'CCONJ', 'xpos': 'CCONJ', 'head': 14, 'deprel': 'cc', 'lemma': 'ו'}, {'id': 12, 'text': 'ב', 'upos': 'ADP', 'xpos': 'ADP', 'head': 14, 'deprel': 'case', 'lemma': 'ב'}, {'id': 13, 'text': 'ה_', 'upos': 'DET', 'xpos': 'DET', 'feats': 'PronType=Art', 'head': 14, 'deprel': 'det:def', 'lemma': 'ה'}, {'id': 14, 'text': 'הווה', 'upos': 'NOUN', 'xpos': 'NOUN', 'feats': 'Gender=Masc|Number=Sing', 'head': 10, 'deprel': 'conj', 'lemma': 'הווה'}]"
15,",",PUNCT,PUNCT,4.0,punct,"(42, 43)",",",,
16,סיבות,NOUN,NOUN,4.0,conj,"(44, 49)",סיבה,Gender=Fem|Number=Plur,
"(17, 18)",לקניית,,,,,"(50, 56)",,,"[{'id': 17, 'text': 'ל', 'upos': 'ADP', 'xpos': 'ADP', 'head': 18, 'deprel': 'case', 'lemma': 'ל'}, {'id': 18, 'text': 'קניית', 'upos': 'NOUN', 'xpos': 'NOUN', 'feats': 'Definite=Cons|Gender=Fem|Number=Sing', 'head': 16, 'deprel': 'nmod', 'lemma': 'קנייה'}]"
"(19, 20)",הדירה,,,,,"(57, 62)",,,"[{'id': 19, 'text': 'ה', 'upos': 'DET', 'xpos': 'DET', 'feats': 'PronType=Art', 'head': 20, 'deprel': 'det:def', 'lemma': 'ה'}, {'id': 20, 'text': 'דירה', 'upos': 'NOUN', 'xpos': 'NOUN', 'feats': 'Gender=Fem|Number=Sing', 'head': 18, 'deprel': 'compound:smixut', 'lemma': 'דירה'}]"
"(21, 22)",בשלומי,,,,,"(63, 69)",,,"[{'id': 21, 'text': 'ב', 'upos': 'ADP', 'xpos': 'ADP', 'head': 22, 'deprel': 'case', 'lemma': 'ב'}, {'id': 22, 'text': 'שלומי', 'upos': 'NOUN', 'xpos': 'NOUN', 'head': 18, 'deprel': 'nmod', 'lemma': '_'}]"
23,",",PUNCT,PUNCT,16.0,punct,"(69, 70)",",",,
24,חסמים,NOUN,NOUN,4.0,conj,"(71, 76)",חסם,Gender=Masc|Number=Plur,
"(25, 26)",בקנית,,,,,"(77, 82)",,,"[{'id': 25, 'text': 'ב', 'upos': 'ADP', 'xpos': 'ADP', 'head': 26, 'deprel': 'case', 'lemma': 'ב'}, {'id': 26, 'text': 'קנית', 'upos': 'NOUN', 'xpos': 'NOUN', 'feats': 'Definite=Cons|Gender=Fem|Number=Sing', 'head': 24, 'deprel': 'nmod', 'lemma': 'קנית'}]"
"(27, 28)",הדירה,,,,,"(83, 88)",,,"[{'id': 27, 'text': 'ה', 'upos': 'DET', 'xpos': 'DET', 'feats': 'PronType=Art', 'head': 28, 'deprel': 'det:def', 'lemma': 'ה'}, {'id': 28, 'text': 'דירה', 'upos': 'NOUN', 'xpos': 'NOUN', 'feats': 'Gender=Fem|Number=Sing', 'head': 26, 'deprel': 'compound:smixut', 'lemma': 'דירה'}]"
29,",",PUNCT,PUNCT,16.0,punct,"(88, 89)",",",,
30,מאפיינים,NOUN,NOUN,4.0,conj,"(90, 98)",מאפיין,Gender=Masc|Number=Plur,
31,סוציודמוגרפיים,ADJ,ADJ,30.0,amod,"(99, 113)",סוציודמוגרפיים,,
"(32, 33)",ועוד,,,,,"(114, 118)",,,"[{'id': 32, 'text': 'ו', 'upos': 'CCONJ', 'xpos': 'CCONJ', 'head': 33, 'deprel': 'cc', 'lemma': 'ו'}, {'id': 33, 'text': 'עוד', 'upos': 'ADV', 'xpos': 'ADV', 'head': 16, 'deprel': 'advmod', 'lemma': 'עוד'}]"
1,מרבית,DET,DET,3.0,det,"(1, 6)",מרבית,Definite=Cons,
"(2, 3)",המרואיינים,,,,,"(7, 17)",,,"[{'id': 2, 'text': 'ה', 'upos': 'DET', 'xpos': 'DET', 'feats': 'PronType=Art', 'head': 3, 'deprel': 'det:def', 'lemma': 'ה'}, {'id': 3, 'text': 'מרואיינים', 'upos': 'NOUN', 'xpos': 'NOUN', 'feats': 'Gender=Masc|Number=Plur', 'head': 4, 'deprel': 'nsubj', 'lemma': 'מרואיין'}]"
4,ענו,VERB,VERB,0.0,root,"(18, 21)",ענה,"Gender=Fem,Masc|HebBinyan=PAAL|Number=Plur|Person=3|Tense=Past|Voice=Act",
5,על,ADP,ADP,8.0,case,"(22, 24)",על,,
6,כל,DET,DET,8.0,det,"(25, 27)",כול,Definite=Cons,
"(7, 8)",השאלון,,,,,"(28, 34)",,,"[{'id': 7, 'text': 'ה', 'upos': 'DET', 'xpos': 'DET', 'feats': 'PronType=Art', 'head': 8, 'deprel': 'det:def', 'lemma': 'ה'}, {'id': 8, 'text': 'שאלון', 'upos': 'NOUN', 'xpos': 'NOUN', 'feats': 'Gender=Masc|Number=Sing', 'head': 4, 'deprel': 'obl', 'lemma': 'שאלון'}]"
"(1, 2)",בחלק,,,,,"(1, 5)",,,"[{'id': 1, 'text': 'ב', 'upos': 'ADP', 'xpos': 'ADP', 'head': 5, 'deprel': 'case', 'lemma': 'ב'}, {'id': 2, 'text': 'חלק', 'upos': 'NOUN', 'xpos': 'NOUN', 'feats': 'Gender=Masc|Number=Sing', 'head': 5, 'deprel': 'det', 'lemma': 'חלק'}]"
"(3, 5)",מהשאלות,,,,,"(6, 13)",,,"[{'id': 3, 'text': 'מ', 'upos': 'ADP', 'xpos': 'ADP', 'feats': 'HebSource=ConvUncertainLabel', 'head': 5, 'deprel': 'case', 'lemma': 'מ'}, {'id': 4, 'text': 'ה', 'upos': 'DET', 'xpos': 'DET', 'feats': 'PronType=Art', 'head': 5, 'deprel': 'det:def', 'lemma': 'ה'}, {'id': 5, 'text': 'שאלות', 'upos': 'NOUN', 'xpos': 'NOUN', 'feats': 'Gender=Fem|Number=Plur', 'head': 6, 'deprel': 'obl', 'lemma': 'שאלה'}]"
6,היה,VERB,VERB,0.0,root,"(14, 17)",היה,Gender=Masc|HebExistential=True|Number=Sing|Person=3|Polarity=Pos|Tense=Past,
7,אחוז,NOUN,NOUN,6.0,nsubj,"(18, 22)",אחוז,Gender=Masc|Number=Sing,
8,נמוך,ADJ,ADJ,7.0,amod,"(23, 27)",נמוך,Gender=Masc|Number=Sing,
9,יחסית,ADV,ADV,8.0,advmod,"(28, 33)",יחסית,,
10,של,ADP,ADP,11.0,case:gen,"(34, 36)",של,Case=Gen,
11,עונים,NOUN,NOUN,7.0,nmod,"(37, 42)",עון,Gender=Masc|Number=Plur,
12,(,PUNCT,PUNCT,16.0,punct,"(43, 44)",(,,
13,כ,ADV,ADV,16.0,case,"(44, 45)",כ,,
14,-,PUNCT,PUNCT,16.0,punct,"(45, 46)",-,,
15,80,NUM,NUM,16.0,nummod,"(47, 49)",80,,
16,%,NOUN,NOUN,7.0,appos,"(49, 50)",%,"Gender=Masc|Number=Plur,Sing",
17,),PUNCT,PUNCT,16.0,punct,"(50, 51)",),,
18,",",PUNCT,PUNCT,6.0,punct,"(51, 52)",",",,
19,בעיקר,ADV,ADV,20.0,advmod,"(53, 58)",בעיקר,,
"(20, 21)",בנושאים,,,,,"(59, 66)",,,"[{'id': 20, 'text': 'ב', 'upos': 'ADP', 'xpos': 'ADP', 'head': 21, 'deprel': 'case', 'lemma': 'ב'}, {'id': 21, 'text': 'נושאים', 'upos': 'NOUN', 'xpos': 'NOUN', 'feats': 'Gender=Masc|Number=Plur', 'head': 6, 'deprel': 'obl', 'lemma': 'נושא'}]"
"(22, 23)",העוסקים,,,,,"(67, 74)",,,"[{'id': 22, 'text': 'ה', 'upos': 'SCONJ', 'xpos': 'SCONJ', 'head': 23, 'deprel': 'mark', 'lemma': 'ה'}, {'id': 23, 'text': 'עוסקים', 'upos': 'VERB', 'xpos': 'VERB', 'feats': 'Gender=Masc|HebBinyan=PAAL|Number=Plur|Person=1,2,3|VerbForm=Part|Voice=Act', 'head': 21, 'deprel': 'acl:relcl', 'lemma': 'עסק'}]"
"(24, 25)",במחיר,,,,,"(75, 80)",,,"[{'id': 24, 'text': 'ב', 'upos': 'ADP', 'xpos': 'ADP', 'head': 25, 'deprel': 'case', 'lemma': 'ב'}, {'id': 25, 'text': 'מחיר', 'upos': 'NOUN', 'xpos': 'NOUN', 'feats': 'Definite=Cons|Gender=Masc|Number=Sing', 'head': 23, 'deprel': 'obl', 'lemma': 'מחיר'}]"
"(26, 27)",הדירה,,,,,"(81, 86)",,,"[{'id': 26, 'text': 'ה', 'upos': 'DET', 'xpos': 'DET', 'feats': 'PronType=Art', 'head': 27, 'deprel': 'det:def', 'lemma': 'ה'}, {'id': 27, 'text': 'דירה', 'upos': 'NOUN', 'xpos': 'NOUN', 'feats': 'Gender=Fem|Number=Sing', 'head': 25, 'deprel': 'compound:smixut', 'lemma': 'דירה'}]"
"(28, 31)",ובאמצעים,,,,,"(87, 95)",,,"[{'id': 28, 'text': 'ו', 'upos': 'CCONJ', 'xpos': 'CCONJ', 'head': 31, 'deprel': 'cc', 'lemma': 'ו'}, {'id': 29, 'text': 'ב', 'upos': 'ADP', 'xpos': 'ADP', 'head': 31, 'deprel': 'case', 'lemma': 'ב'}, {'id': 30, 'text': 'ה_', 'upos': 'DET', 'xpos': 'DET', 'feats': 'PronType=Art', 'head': 31, 'deprel': 'det:def', 'lemma': 'ה'}, {'id': 31, 'text': 'אמצעים', 'upos': 'NOUN', 'xpos': 'NOUN', 'feats': 'Gender=Masc|Number=Plur', 'head': 25, 'deprel': 'conj', 'lemma': 'אמצעי'}]"
"(32, 33)",למימונה,,,,,"(96, 103)",,,"[{'id': 32, 'text': 'ל', 'upos': 'ADP', 'xpos': 'ADP', 'head': 33, 'deprel': 'case', 'lemma': 'ל'}, {'id': 33, 'text': 'מימונה', 'upos': 'NOUN', 'xpos': 'NOUN', 'feats': 'Gender=Masc|Number=Sing', 'head': 31, 'deprel': 'nmod', 'lemma': 'מימונה'}]"
"(1, 2)",הנתונים,,,,,"(1, 8)",,,"[{'id': 1, 'text': 'ה', 'upos': 'DET', 'xpos': 'DET', 'feats': 'PronType=Art', 'head': 2, 'deprel': 'det:def', 'lemma': 'ה'}, {'id': 2, 'text': 'נתונים', 'upos': 'NOUN', 'xpos': 'NOUN', 'feats': 'Gender=Masc|Number=Plur', 'head': 10, 'deprel': 'nsubj', 'lemma': 'נתון'}]"
"(3, 4)",בטבלאות,,,,,"(9, 16)",,,"[{'id': 3, 'text': 'ב', 'upos': 'ADP', 'xpos': 'ADP', 'head': 4, 'deprel': 'case', 'lemma': 'ב'}, {'id': 4, 'text': 'טבלאות', 'upos': 'NOUN', 'xpos': 'NOUN', 'feats': 'Gender=Fem|Number=Plur', 'head': 2, 'deprel': 'nmod', 'lemma': 'טבלאות'}]"
"(5, 6)",השונות,,,,,"(17, 23)",,,"[{'id': 5, 'text': 'ה', 'upos': 'DET', 'xpos': 'DET', 'feats': 'PronType=Art', 'head': 6, 'deprel': 'det:def', 'lemma': 'ה'}, {'id': 6, 'text': 'שונות', 'upos': 'ADJ', 'xpos': 'ADJ', 'feats': 'Gender=Fem|Number=Plur', 'head': 4, 'deprel': 'amod', 'lemma': 'שונה'}]"
7,הינם,AUX,AUX,10.0,cop,"(24, 28)",הוא,Gender=Masc|Number=Plur|Person=3|Polarity=Pos|VerbForm=Part|VerbType=Cop,
8,מתוך,ADP,ADP,10.0,case,"(29, 33)",מתוך,,
"(9, 10)",המשיבים,,,,,"(34, 41)",,,"[{'id': 9, 'text': 'ה', 'upos': 'DET', 'xpos': 'DET', 'feats': 'PronType=Art', 'head': 10, 'deprel': 'det:def', 'lemma': 'ה'}, {'id': 10, 'text': 'משיבים', 'upos': 'NOUN', 'xpos': 'NOUN', 'feats': 'Gender=Masc|Number=Plur', 'head': 0, 'deprel': 'root', 'lemma': 'השיב'}]"
11,בלבד,ADV,ADV,10.0,advmod,"(42, 46)",בלבד,,
"(1, 2)",הסטייה,,,,,"(1, 7)",,,"[{'id': 1, 'text': 'ה', 'upos': 'DET', 'xpos': 'DET', 'feats': 'PronType=Art', 'head': 2, 'deprel': 'det:def', 'lemma': 'ה'}, {'id': 2, 'text': 'סטייה', 'upos': 'NOUN', 'xpos': 'NOUN', 'feats': 'Gender=Fem|Number=Sing', 'head': 15, 'deprel': 'nsubj:cop', 'lemma': 'סטייה'}]"
"(3, 4)",המכסימלית,,,,,"(8, 17)",,,"[{'id': 3, 'text': 'ה', 'upos': 'DET', 'xpos': 'DET', 'feats': 'PronType=Art', 'head': 4, 'deprel': 'det:def', 'lemma': 'ה'}, {'id': 4, 'text': 'מכסימלית', 'upos': 'ADJ', 'xpos': 'ADJ', 'feats': 'Gender=Fem|Number=Sing', 'head': 2, 'deprel': 'amod', 'lemma': 'מכסימלי'}]"
5,של,ADP,ADP,7.0,case:gen,"(18, 20)",של,Case=Gen,
"(6, 7)",התוצאות,,,,,"(21, 28)",,,"[{'id': 6, 'text': 'ה', 'upos': 'DET', 'xpos': 'DET', 'feats': 'PronType=Art', 'head': 7, 'deprel': 'det:def', 'lemma': 'ה'}, {'id': 7, 'text': 'תוצאות', 'upos': 'NOUN', 'xpos': 'NOUN', 'feats': 'Gender=Fem|Number=Plur', 'head': 2, 'deprel': 'nmod', 'lemma': 'תוצאה'}]"
"(8, 9)",ברמת,,,,,"(29, 33)",,,"[{'id': 8, 'text': 'ב', 'upos': 'ADP', 'xpos': 'ADP', 'head': 9, 'deprel': 'case', 'lemma': 'ב'}, {'id': 9, 'text': 'רמת', 'upos': 'NOUN', 'xpos': 'NOUN', 'feats': 'Definite=Cons|Gender=Fem|Number=Sing', 'head': 2, 'deprel': 'nmod', 'lemma': 'רמה'}]"
10,ביטחון,NOUN,NOUN,9.0,compound:smixut,"(34, 40)",ביטחון,Gender=Masc|Number=Sing,
11,של,ADP,ADP,13.0,case:gen,"(41, 43)",של,Case=Gen,
12,95,NUM,NUM,13.0,nummod,"(44, 46)",95,,
13,%,NOUN,NOUN,9.0,nmod:poss,"(46, 47)",%,"Gender=Masc|Number=Plur,Sing",
14,הינה,AUX,AUX,15.0,cop,"(48, 52)",הינה,Gender=Fem|Number=Sing|Person=3|Polarity=Pos|VerbForm=Part|VerbType=Cop,
15,7,NUM,NUM,0.0,root,"(53, 54)",7,,
1,2,NUM,NUM,2.0,nummod,"(0, 1)",2,,
2,% ±,NOUN,NOUN,0.0,root,"(1, 4)",% ±,"Gender=Masc|Number=Plur,Sing",
1,היות,CCONJ,CCONJ,35.0,advcl,"(1, 5)",היות,,
"(2, 4)",והדגימה,,,,,"(6, 13)",,,"[{'id': 2, 'text': 'ו', 'upos': 'CCONJ', 'xpos': 'CCONJ', 'head': 1, 'deprel': 'fixed', 'lemma': 'ו'}, {'id': 3, 'text': 'ה', 'upos': 'DET', 'xpos': 'DET', 'feats': 'PronType=Art', 'head': 4, 'deprel': 'det:def', 'lemma': 'ה'}, {'id': 4, 'text': 'דגימה', 'upos': 'NOUN', 'xpos': 'NOUN', 'feats': 'Gender=Fem|Number=Sing', 'head': 5, 'deprel': 'nsubj', 'lemma': 'דגימה'}]"
5,בוצעה,VERB,VERB,1.0,dep,"(14, 19)",בוצע,Gender=Fem|HebBinyan=PUAL|Number=Sing|Person=3|Tense=Past|Voice=Pass,
"(6, 7)",ממסגרות,,,,,"(20, 27)",,,"[{'id': 6, 'text': 'מ', 'upos': 'ADP', 'xpos': 'ADP', 'head': 7, 'deprel': 'case', 'lemma': 'מ'}, {'id': 7, 'text': 'מסגרות', 'upos': 'NOUN', 'xpos': 'NOUN', 'feats': 'Definite=Cons|Gender=Fem|Number=Plur', 'head': 5, 'deprel': 'obl', 'lemma': 'מסגרת'}]"
8,דגימה,NOUN,NOUN,7.0,compound:smixut,"(28, 33)",דגימה,Gender=Fem|Number=Sing,
9,שונות,ADJ,ADJ,7.0,amod,"(34, 39)",שונה,Gender=Fem|Number=Plur,
10,;,PUNCT,PUNCT,11.0,cc,"(40, 41)",;,,
11,רשימות,NOUN,NOUN,7.0,conj,"(42, 48)",רשימה,Definite=Cons|Gender=Fem|Number=Plur,
12,קבלנים,NOUN,NOUN,11.0,compound:smixut,"(49, 55)",קבלן,Gender=Masc|Number=Plur,
13,",",PUNCT,PUNCT,11.0,punct,"(56, 57)",",",,
14,כתובות,NOUN,NOUN,11.0,conj,"(58, 64)",כתובת,Gender=Fem|Number=Plur,
15,של,ADP,ADP,16.0,case:gen,"(65, 67)",של,Case=Gen,
16,דירות,NOUN,NOUN,14.0,nmod:poss,"(68, 73)",דירה,Gender=Fem|Number=Plur,
17,חדשות,ADJ,ADJ,16.0,amod,"(74, 79)",חדש,Gender=Fem|Number=Plur,
"(18, 19)",באזור,,,,,"(80, 85)",,,"[{'id': 18, 'text': 'ב', 'upos': 'ADP', 'xpos': 'ADP', 'head': 19, 'deprel': 'case', 'lemma': 'ב'}, {'id': 19, 'text': 'אזור', 'upos': 'NOUN', 'xpos': 'NOUN', 'feats': 'Gender=Masc|Number=Sing', 'head': 16, 'deprel': 'nmod', 'lemma': 'אזור'}]"
20,",",PUNCT,PUNCT,11.0,punct,"(85, 86)",",",,
"(21, 22)",וספר,,,,,"(87, 91)",,,"[{'id': 21, 'text': 'ו', 'upos': 'CCONJ', 'xpos': 'CCONJ', 'head': 22, 'deprel': 'cc', 'lemma': 'ו'}, {'id': 22, 'text': 'ספר', 'upos': 'NOUN', 'xpos': 'NOUN', 'feats': 'Definite=Cons|Gender=Masc|Number=Sing', 'head': 11, 'deprel': 'conj', 'lemma': 'ספר'}]"
"(23, 24)",הטלפונים,,,,,"(92, 100)",,,"[{'id': 23, 'text': 'ה', 'upos': 'DET', 'xpos': 'DET', 'feats': 'PronType=Art', 'head': 24, 'deprel': 'det:def', 'lemma': 'ה'}, {'id': 24, 'text': 'טלפונים', 'upos': 'NOUN', 'xpos': 'NOUN', 'feats': 'Gender=Masc|Number=Plur', 'head': 22, 'deprel': 'compound:smixut', 'lemma': 'טלפון'}]"
"(25, 26)",הממוחשב,,,,,"(101, 108)",,,"[{'id': 25, 'text': 'ה', 'upos': 'DET', 'xpos': 'DET', 'feats': 'PronType=Art', 'head': 26, 'deprel': 'det:def', 'lemma': 'ה'}, {'id': 26, 'text': 'ממוחשב', 'upos': 'ADJ', 'xpos': 'ADJ', 'feats': 'Gender=Masc|Number=Sing', 'head': 22, 'deprel': 'amod', 'lemma': 'ממוחשב'}]"
"(27, 28)",והיות,,,,,"(109, 114)",,,"[{'id': 27, 'text': 'ו', 'upos': 'CCONJ', 'xpos': 'CCONJ', 'head': 35, 'deprel': 'cc', 'lemma': 'ו'}, {'id': 28, 'text': 'היות', 'upos': 'CCONJ', 'xpos': 'CCONJ', 'head': 33, 'deprel': 'mark', 'lemma': 'היות'}]"
"(29, 31)",והדגימה,,,,,"(115, 122)",,,"[{'id': 29, 'text': 'ו', 'upos': 'CCONJ', 'xpos': 'CCONJ', 'head': 28, 'deprel': 'fixed', 'lemma': 'ו'}, {'id': 30, 'text': 'ה', 'upos': 'DET', 'xpos': 'DET', 'feats': 'PronType=Art', 'head': 31, 'deprel': 'det:def', 'lemma': 'ה'}, {'id': 31, 'text': 'דגימה', 'upos': 'NOUN', 'xpos': 'NOUN', 'feats': 'Gender=Fem|Number=Sing', 'head': 33, 'deprel': 'nsubj', 'lemma': 'דגימה'}]"
32,היתה,AUX,AUX,33.0,cop,"(123, 127)",היה,Gender=Fem|Number=Sing|Person=3|Polarity=Pos|Tense=Past|VerbType=Cop,
33,אקראית,ADJ,ADJ,35.0,advcl,"(128, 134)",אקראי,Gender=Fem|Number=Sing,
34,",",PUNCT,PUNCT,35.0,punct,"(135, 136)",",",,
35,סביר,AUX,AUX,36.0,aux,"(137, 141)",סביר,Gender=Masc|Number=Sing|Tense=Past|VerbType=Mod,
36,להניח,VERB,VERB,0.0,root,"(142, 147)",הניח,HebBinyan=HIFIL|VerbForm=Inf|Voice=Act,
"(37, 38)",שאין,,,,,"(148, 152)",,,"[{'id': 37, 'text': 'ש', 'upos': 'SCONJ', 'xpos': 'SCONJ', 'head': 38, 'deprel': 'mark', 'lemma': 'ש'}, {'id': 38, 'text': 'אין', 'upos': 'VERB', 'xpos': 'VERB', 'feats': 'HebExistential=True', 'head': 36, 'deprel': 'advcl', 'lemma': 'אין'}]"
"(39, 40)",בנתונים,,,,,"(153, 160)",,,"[{'id': 39, 'text': 'ב', 'upos': 'ADP', 'xpos': 'ADP', 'head': 40, 'deprel': 'case', 'lemma': 'ב'}, {'id': 40, 'text': 'נתונים', 'upos': 'NOUN', 'xpos': 'NOUN', 'feats': 'Gender=Masc|Number=Plur', 'head': 38, 'deprel': 'obl', 'lemma': 'נתון'}]"
"(41, 42)",הטיות,,,,,"(161, 166)",,,"[{'id': 41, 'text': 'ה', 'upos': 'DET', 'xpos': 'DET', 'feats': 'PronType=Art', 'head': 42, 'deprel': 'det:def', 'lemma': 'ה'}, {'id': 42, 'text': 'טיות', 'upos': 'NOUN', 'xpos': 'NOUN', 'feats': 'Gender=Fem|Number=Plur', 'head': 40, 'deprel': 'compound:smixut', 'lemma': 'טיות'}]"
43,סיסטמטיות,ADJ,ADJ,38.0,nsubj,"(167, 176)",סיסטמטי,Gender=Fem|Number=Plur,
"(1, 2)",הנתונים,,,,,"(1, 8)",,,"[{'id': 1, 'text': 'ה', 'upos': 'DET', 'xpos': 'DET', 'feats': 'PronType=Art', 'head': 2, 'deprel': 'det:def', 'lemma': 'ה'}, {'id': 2, 'text': 'נתונים', 'upos': 'NOUN', 'xpos': 'NOUN', 'feats': 'Gender=Masc|Number=Plur', 'head': 6, 'deprel': 'nsubj', 'lemma': 'נתון'}]"
"(3, 5)",מהסקר,,,,,"(9, 14)",,,"[{'id': 3, 'text': 'מ', 'upos': 'ADP', 'xpos': 'ADP', 'head': 5, 'deprel': 'case', 'lemma': 'מ'}, {'id': 4, 'text': 'ה', 'upos': 'DET', 'xpos': 'DET', 'feats': 'PronType=Art', 'head': 5, 'deprel': 'det:def', 'lemma': 'ה'}, {'id': 5, 'text': 'סקר', 'upos': 'NOUN', 'xpos': 'NOUN', 'feats': 'Gender=Masc|Number=Sing', 'head': 2, 'deprel': 'nmod', 'lemma': 'סקר'}]"
6,הושוו,VERB,VERB,0.0,root,"(15, 20)",הושה,"Gender=Fem,Masc|HebBinyan=HUFAL|Number=Plur|Person=3|Tense=Past|Voice=Pass",
"(7, 8)",לנתוני,,,,,"(21, 27)",,,"[{'id': 7, 'text': 'ל', 'upos': 'ADP', 'xpos': 'ADP', 'head': 8, 'deprel': 'case', 'lemma': 'ל'}, {'id': 8, 'text': 'נתוני', 'upos': 'NOUN', 'xpos': 'NOUN', 'feats': 'Definite=Cons|Gender=Masc|Number=Plur', 'head': 6, 'deprel': 'obl', 'lemma': 'נתון'}]"
9,סקרי,NOUN,NOUN,8.0,compound:smixut,"(28, 32)",סקר,Definite=Cons|Gender=Masc|Number=Plur,
10,ישוב,NOUN,NOUN,9.0,compound:smixut,"(33, 37)",יישוב,Gender=Masc|Number=Sing,
11,אחרים,ADJ,ADJ,9.0,amod,"(38, 43)",אחר,Gender=Masc|Number=Plur,
"(12, 13)",שבוצעו,,,,,"(44, 50)",,,"[{'id': 12, 'text': 'ש', 'upos': 'SCONJ', 'xpos': 'SCONJ', 'head': 13, 'deprel': 'mark', 'lemma': 'ש'}, {'id': 13, 'text': 'בוצעו', 'upos': 'VERB', 'xpos': 'VERB', 'feats': 'Gender=Fem,Masc|HebBinyan=PUAL|Number=Plur|Person=3|Tense=Past|Voice=Pass', 'head': 8, 'deprel': 'acl:relcl', 'lemma': 'בוצע'}]"
"(14, 15)",באותה,,,,,"(51, 56)",,,"[{'id': 14, 'text': 'ב', 'upos': 'ADP', 'xpos': 'ADP', 'head': 16, 'deprel': 'case', 'lemma': 'ב'}, {'id': 15, 'text': 'אותה', 'upos': 'PRON', 'xpos': 'PRON', 'feats': 'Definite=Def|Gender=Fem|Number=Sing|Person=3|PronType=Prs', 'head': 16, 'deprel': 'det', 'lemma': 'אותו'}]"
16,עת,NOUN,NOUN,13.0,obl,"(57, 59)",עת,Gender=Fem|Number=Sing,
"(17, 18)",באשקלון,,,,,"(60, 67)",,,"[{'id': 17, 'text': 'ב', 'upos': 'ADP', 'xpos': 'ADP', 'head': 18, 'deprel': 'case', 'lemma': 'ב'}, {'id': 18, 'text': 'אשקלון', 'upos': 'PROPN', 'xpos': 'PROPN', 'head': 13, 'deprel': 'obl', 'lemma': 'אשקלון'}]"
19,",",PUNCT,PUNCT,18.0,punct,"(68, 69)",",",,
"(20, 21)",בהר,,,,,"(70, 73)",,,"[{'id': 20, 'text': 'ב', 'upos': 'ADP', 'xpos': 'ADP', 'head': 21, 'deprel': 'case', 'lemma': 'ב'}, {'id': 21, 'text': 'הר', 'upos': 'NOUN', 'xpos': 'NOUN', 'feats': 'Definite=Cons|Gender=Masc|Number=Sing', 'head': 18, 'deprel': 'conj', 'lemma': 'הר'}]"
22,חומה,NOUN,NOUN,21.0,compound:smixut,"(74, 78)",חומה,Gender=Fem|Number=Sing,
23,(,PUNCT,PUNCT,25.0,punct,"(79, 80)",(,,
"(24, 25)",בירושלים,,,,,"(80, 88)",,,"[{'id': 24, 'text': 'ב', 'upos': 'ADP', 'xpos': 'ADP', 'head': 25, 'deprel': 'case', 'lemma': 'ב'}, {'id': 25, 'text': 'ירושלים', 'upos': 'PROPN', 'xpos': 'PROPN', 'head': 21, 'deprel': 'appos', 'lemma': 'ירושלים'}]"
26,),PUNCT,PUNCT,25.0,punct,"(88, 89)",),,
"(27, 29)",ובאלעד,,,,,"(90, 96)",,,"[{'id': 27, 'text': 'ו', 'upos': 'CCONJ', 'xpos': 'CCONJ', 'head': 29, 'deprel': 'cc', 'lemma': 'ו'}, {'id': 28, 'text': 'ב', 'upos': 'ADP', 'xpos': 'ADP', 'head': 29, 'deprel': 'case', 'lemma': 'ב'}, {'id': 29, 'text': 'אלעד', 'upos': 'PROPN', 'xpos': 'PROPN', 'head': 18, 'deprel': 'conj', 'lemma': 'אלעד'}]"
"(30, 31)",וכן,,,,,"(97, 100)",,,"[{'id': 30, 'text': 'ו', 'upos': 'CCONJ', 'xpos': 'CCONJ', 'head': 33, 'deprel': 'cc', 'lemma': 'ו'}, {'id': 31, 'text': 'כן', 'upos': 'ADV', 'xpos': 'ADV', 'head': 32, 'deprel': 'advmod', 'lemma': 'כן'}]"
"(32, 33)",לסקרי,,,,,"(101, 106)",,,"[{'id': 32, 'text': 'ל', 'upos': 'ADP', 'xpos': 'ADP', 'head': 33, 'deprel': 'case', 'lemma': 'ל'}, {'id': 33, 'text': 'סקרי', 'upos': 'NOUN', 'xpos': 'NOUN', 'feats': 'Definite=Cons|Gender=Masc|Number=Plur', 'head': 8, 'deprel': 'conj', 'lemma': 'סקר'}]"
34,ישוב,NOUN,NOUN,33.0,compound:smixut,"(107, 111)",יישוב,Gender=Masc|Number=Sing,
35,אחרים,ADJ,ADJ,33.0,amod,"(112, 117)",אחר,Gender=Masc|Number=Plur,
"(36, 37)",שבוצעו,,,,,"(118, 124)",,,"[{'id': 36, 'text': 'ש', 'upos': 'SCONJ', 'xpos': 'SCONJ', 'head': 37, 'deprel': 'mark', 'lemma': 'ש'}, {'id': 37, 'text': 'בוצעו', 'upos': 'VERB', 'xpos': 'VERB', 'feats': 'Gender=Fem,Masc|HebBinyan=PUAL|Number=Plur|Person=3|Tense=Past|Voice=Pass', 'head': 33, 'deprel': 'acl:relcl', 'lemma': 'בוצע'}]"
"(38, 40)",בשנים,,,,,"(125, 130)",,,"[{'id': 38, 'text': 'ב', 'upos': 'ADP', 'xpos': 'ADP', 'head': 40, 'deprel': 'case', 'lemma': 'ב'}, {'id': 39, 'text': 'ה_', 'upos': 'DET', 'xpos': 'DET', 'feats': 'PronType=Art', 'head': 40, 'deprel': 'det:def', 'lemma': 'ה'}, {'id': 40, 'text': 'שנים', 'upos': 'NOUN', 'xpos': 'NOUN', 'feats': 'Gender=Fem|Number=Plur', 'head': 37, 'deprel': 'obl', 'lemma': 'שנה'}]"
"(41, 42)",האחרונות,,,,,"(131, 139)",,,"[{'id': 41, 'text': 'ה', 'upos': 'DET', 'xpos': 'DET', 'feats': 'PronType=Art', 'head': 42, 'deprel': 'det:def', 'lemma': 'ה'}, {'id': 42, 'text': 'אחרונות', 'upos': 'ADJ', 'xpos': 'ADJ', 'feats': 'Gender=Fem|Number=Plur', 'head': 40, 'deprel': 'amod', 'lemma': 'אחרון'}]"
"(43, 44)",במודיעין,,,,,"(140, 148)",,,"[{'id': 43, 'text': 'ב', 'upos': 'ADP', 'xpos': 'ADP', 'head': 44, 'deprel': 'case', 'lemma': 'ב'}, {'id': 44, 'text': 'מודיעין', 'upos': 'PROPN', 'xpos': 'PROPN', 'head': 37, 'deprel': 'obl', 'lemma': 'מודיעין'}]"
45,",",PUNCT,PUNCT,44.0,punct,"(149, 150)",",",,
"(46, 47)",ברמת,,,,,"(151, 155)",,,"[{'id': 46, 'text': 'ב', 'upos': 'ADP', 'xpos': 'ADP', 'head': 47, 'deprel': 'case', 'lemma': 'ב'}, {'id': 47, 'text': 'רמת', 'upos': 'NOUN', 'xpos': 'NOUN', 'feats': 'Definite=Cons|Gender=Fem|Number=Sing', 'head': 44, 'deprel': 'conj', 'lemma': 'רמה'}]"
48,בית,NOUN,NOUN,47.0,compound:smixut,"(156, 159)",בית,Definite=Cons|Gender=Masc|Number=Sing,
49,שמש,NOUN,NOUN,48.0,flat:name,"(160, 163)",שמש,Gender=Fem|Number=Sing,
50,",",PUNCT,PUNCT,44.0,punct,"(163, 164)",",",,
51,מעלה,NOUN,NOUN,44.0,conj,"(165, 169)",מעלה,Definite=Cons|Gender=Masc|Number=Sing,
52,אדומים,ADJ,ADJ,51.0,flat:name,"(170, 176)",אדום,,
53,",",PUNCT,PUNCT,44.0,punct,"(176, 177)",",",,
54,באר,NOUN,NOUN,44.0,conj,"(178, 181)",באר,Definite=Cons|Gender=Fem|Number=Sing,
55,שבע,NUM,NUM,54.0,flat:name,"(182, 185)",שבע,Gender=Fem|Number=Sing,
"(56, 58)",ובכרמיאל,,,,,"(186, 194)",,,"[{'id': 56, 'text': 'ו', 'upos': 'CCONJ', 'xpos': 'CCONJ', 'head': 58, 'deprel': 'cc', 'lemma': 'ו'}, {'id': 57, 'text': 'ב', 'upos': 'ADP', 'xpos': 'ADP', 'head': 58, 'deprel': 'case', 'lemma': 'ב'}, {'id': 58, 'text': 'כרמיאל', 'upos': 'PROPN', 'xpos': 'PROPN', 'head': 44, 'deprel': 'conj', 'lemma': 'כרמיאל'}]"
1,נתוני,NOUN,NOUN,20.0,nsubj,"(1, 6)",נתון,Definite=Cons|Gender=Masc|Number=Plur,
"(2, 3)",הסקרים,,,,,"(7, 13)",,,"[{'id': 2, 'text': 'ה', 'upos': 'DET', 'xpos': 'DET', 'feats': 'PronType=Art', 'head': 3, 'deprel': 'det:def', 'lemma': 'ה'}, {'id': 3, 'text': 'סקרים', 'upos': 'NOUN', 'xpos': 'NOUN', 'feats': 'Gender=Masc|Number=Plur', 'head': 1, 'deprel': 'compound:smixut', 'lemma': 'סקר'}]"
"(4, 6)",בישובים,,,,,"(14, 21)",,,"[{'id': 4, 'text': 'ב', 'upos': 'ADP', 'xpos': 'ADP', 'head': 6, 'deprel': 'case', 'lemma': 'ב'}, {'id': 5, 'text': 'ה_', 'upos': 'DET', 'xpos': 'DET', 'feats': 'PronType=Art', 'head': 6, 'deprel': 'det:def', 'lemma': 'ה'}, {'id': 6, 'text': 'ישובים', 'upos': 'NOUN', 'xpos': 'NOUN', 'feats': 'Gender=Masc|Number=Plur', 'head': 3, 'deprel': 'nmod', 'lemma': 'יישוב'}]"
7,מודיעין,PROPN,PROPN,6.0,nmod,"(22, 29)",מודיעין,,
8,",",PUNCT,PUNCT,7.0,punct,"(29, 30)",",",,
9,בית,NOUN,NOUN,7.0,conj,"(31, 34)",בית,Definite=Cons|Gender=Masc|Number=Sing,
10,שמש,NOUN,NOUN,9.0,flat:name,"(35, 38)",שמש,Gender=Fem|Number=Sing,
11,",",PUNCT,PUNCT,7.0,punct,"(38, 39)",",",,
12,מעלה,NOUN,NOUN,7.0,conj,"(40, 44)",מעלה,Definite=Cons|Gender=Masc|Number=Sing,
13,אדומים,PROPN,PROPN,12.0,flat:name,"(45, 51)",אדומים,,
14,",",PUNCT,PUNCT,7.0,punct,"(51, 52)",",",,
15,באר,NOUN,NOUN,7.0,conj,"(53, 56)",באר,Definite=Cons|Gender=Fem|Number=Sing,
16,שבע,NUM,NUM,15.0,flat:name,"(57, 60)",שבע,Gender=Fem|Number=Sing,
"(17, 18)",וכרמיאל,,,,,"(61, 68)",,,"[{'id': 17, 'text': 'ו', 'upos': 'CCONJ', 'xpos': 'CCONJ', 'head': 18, 'deprel': 'cc', 'lemma': 'ו'}, {'id': 18, 'text': 'כרמיאל', 'upos': 'PROPN', 'xpos': 'PROPN', 'head': 7, 'deprel': 'conj', 'lemma': 'כרמיאל'}]"
19,",",PUNCT,PUNCT,20.0,punct,"(68, 69)",",",,
20,נתקבלו,VERB,VERB,0.0,root,"(70, 76)",התקבל,Gender=Masc|HebBinyan=HITPAEL|Number=Plur|Person=3|Tense=Past,
"(21, 22)",ממשרד,,,,,"(77, 82)",,,"[{'id': 21, 'text': 'מ', 'upos': 'ADP', 'xpos': 'ADP', 'head': 22, 'deprel': 'case', 'lemma': 'מ'}, {'id': 22, 'text': 'משרד', 'upos': 'NOUN', 'xpos': 'NOUN', 'feats': 'Definite=Cons|Gender=Masc|Number=Sing', 'head': 20, 'deprel': 'obl', 'lemma': 'משרד'}]"
"(23, 24)",הבינוי,,,,,"(83, 89)",,,"[{'id': 23, 'text': 'ה', 'upos': 'DET', 'xpos': 'DET', 'feats': 'PronType=Art', 'head': 24, 'deprel': 'det:def', 'lemma': 'ה'}, {'id': 24, 'text': 'בינוי', 'upos': 'NOUN', 'xpos': 'NOUN', 'feats': 'Gender=Masc|Number=Sing', 'head': 22, 'deprel': 'compound:smixut', 'lemma': 'בינוי'}]"
"(25, 27)",והשיכון,,,,,"(90, 97)",,,"[{'id': 25, 'text': 'ו', 'upos': 'CCONJ', 'xpos': 'CCONJ', 'head': 27, 'deprel': 'cc', 'lemma': 'ו'}, {'id': 26, 'text': 'ה', 'upos': 'DET', 'xpos': 'DET', 'feats': 'PronType=Art', 'head': 27, 'deprel': 'det:def', 'lemma': 'ה'}, {'id': 27, 'text': 'שיכון', 'upos': 'NOUN', 'xpos': 'NOUN', 'feats': 'Gender=Masc|Number=Sing', 'head': 24, 'deprel': 'conj', 'lemma': 'שיכון'}]"
1,חברת,NOUN,NOUN,7.0,nsubj,"(1, 5)",חברה,Definite=Cons|Gender=Fem|Number=Sing,
2,"""",PUNCT,PUNCT,3.0,punct,"(6, 7)","""",,
3,תסקיר,NOUN,NOUN,1.0,compound:smixut,"(7, 12)",תסקיר,Gender=Masc|Number=Sing,
4,"""",PUNCT,PUNCT,3.0,punct,"(12, 13)","""",,
5,לא,ADV,ADV,7.0,advmod,"(14, 16)",לא,Polarity=Neg,
6,הייתה,AUX,AUX,7.0,cop,"(17, 22)",היה,Gender=Fem|Number=Sing|Person=3|Polarity=Pos|Tense=Past|VerbType=Cop,
7,שותפה,NOUN,NOUN,0.0,root,"(23, 28)",שותפה,Gender=Fem|Number=Sing,
"(8, 9)",בביצוע,,,,,"(29, 35)",,,"[{'id': 8, 'text': 'ב', 'upos': 'ADP', 'xpos': 'ADP', 'head': 9, 'deprel': 'case', 'lemma': 'ב'}, {'id': 9, 'text': 'ביצוע', 'upos': 'NOUN', 'xpos': 'NOUN', 'feats': 'Definite=Cons|Gender=Masc|Number=Sing', 'head': 7, 'deprel': 'nmod', 'lemma': 'ביצוע'}]"
10,סקרים,NOUN,NOUN,9.0,compound:smixut,"(36, 41)",סקר,Gender=Masc|Number=Plur,
11,אלה,PRON,PRON,10.0,det,"(42, 45)",אלה,Gender=Masc|Number=Plur|Person=3|PronType=Dem,
"(12, 13)",ולכן,,,,,"(46, 50)",,,"[{'id': 12, 'text': 'ו', 'upos': 'CCONJ', 'xpos': 'CCONJ', 'head': 13, 'deprel': 'cc', 'lemma': 'ו'}, {'id': 13, 'text': 'לכן', 'upos': 'ADV', 'xpos': 'ADV', 'head': 16, 'deprel': 'advmod', 'lemma': 'לכן'}]"
14,אין,ADV,ADV,16.0,advmod,"(51, 54)",אין,Polarity=Neg,
15,היא,PRON,PRON,16.0,nsubj,"(55, 58)",הוא,Gender=Fem|Number=Sing|Person=3|PronType=Prs,
16,אחראית,ADJ,ADJ,7.0,conj,"(59, 65)",אחראי,Gender=Fem|Number=Sing,
"(17, 20)",לאמינותם,,,,,"(66, 74)",,,"[{'id': 17, 'text': 'ל', 'upos': 'ADP', 'xpos': 'ADP', 'head': 18, 'deprel': 'case', 'lemma': 'ל'}, {'id': 18, 'text': 'אמינות_', 'upos': 'NOUN', 'xpos': 'NOUN', 'feats': 'Definite=Def|Gender=Fem|Number=Sing', 'head': 16, 'deprel': 'obl', 'lemma': 'אמינות'}, {'id': 19, 'text': '_של_', 'upos': 'ADP', 'xpos': 'ADP', 'head': 20, 'deprel': 'case:gen', 'lemma': 'של'}, {'id': 20, 'text': '_הם', 'upos': 'PRON', 'xpos': 'PRON', 'feats': 'Case=Gen|Gender=Masc|Number=Plur|Person=3|PronType=Prs', 'head': 18, 'deprel': 'nmod:poss', 'lemma': 'הוא'}]"
1,2,NUM,NUM,0.0,root,"(1, 2)",2,,
1,ממצאים,NOUN,NOUN,0.0,root,"(1, 7)",ממצא,Gender=Masc|Number=Plur,
2,עיקריים,ADJ,ADJ,1.0,amod,"(8, 15)",עיקרי,Gender=Masc|Number=Plur,
"(3, 4)",ומסקנות,,,,,"(16, 23)",,,"[{'id': 3, 'text': 'ו', 'upos': 'CCONJ', 'xpos': 'CCONJ', 'head': 4, 'deprel': 'cc', 'lemma': 'ו'}, {'id': 4, 'text': 'מסקנות', 'upos': 'NOUN', 'xpos': 'NOUN', 'feats': 'Gender=Fem|Number=Plur', 'head': 1, 'deprel': 'conj', 'lemma': 'מסקנה'}]"
5,2,NUM,NUM,4.0,nummod,"(24, 25)",2,,
1,1,NUM,NUM,2.0,nummod,"(0, 1)",1,,
2,ממצאים,NOUN,NOUN,23.0,dep,"(2, 8)",ממצא,Gender=Masc|Number=Plur,
3,עיקריים,ADJ,ADJ,2.0,amod,"(9, 16)",עיקרי,Gender=Masc|Number=Plur,
4,♦,PUNCT,PUNCT,5.0,dep,"(17, 18)",♦,,
5,מאפיינים,NOUN,NOUN,2.0,dep,"(19, 27)",מאפיין,Gender=Masc|HebSource=ConvUncertainHead|Number=Plur,
6,סוציודמוגרפיים,ADJ,ADJ,5.0,amod,"(28, 42)",סוציודמוגרפיים,,
7,של,ADP,ADP,8.0,case:gen,"(43, 45)",של,Case=Gen,
8,רוכשי,VERB,VERB,5.0,nmod,"(46, 51)",רכש,Definite=Cons|Gender=Masc|Number=Plur,
"(9, 10)",הדירות,,,,,"(52, 58)",,,"[{'id': 9, 'text': 'ה', 'upos': 'DET', 'xpos': 'DET', 'feats': 'PronType=Art', 'head': 10, 'deprel': 'det:def', 'lemma': 'ה'}, {'id': 10, 'text': 'דירות', 'upos': 'NOUN', 'xpos': 'NOUN', 'feats': 'Gender=Fem|Number=Plur', 'head': 8, 'deprel': 'compound:smixut', 'lemma': 'דירה'}]"
11,ב,ADP,ADP,15.0,case,"(59, 60)",ב,,
12,-,PUNCT,PUNCT,15.0,punct,"(60, 61)",-,,
13,4,NUM,NUM,15.0,nummod,"(62, 63)",4,,
"(14, 15)",השנים,,,,,"(64, 69)",,,"[{'id': 14, 'text': 'ה', 'upos': 'DET', 'xpos': 'DET', 'feats': 'PronType=Art', 'head': 15, 'deprel': 'det:def', 'lemma': 'ה'}, {'id': 15, 'text': 'שנים', 'upos': 'NOUN', 'xpos': 'NOUN', 'feats': 'Gender=Fem|Number=Plur', 'head': 23, 'deprel': 'obl', 'lemma': 'שנה'}]"
"(16, 17)",האחרונות,,,,,"(70, 78)",,,"[{'id': 16, 'text': 'ה', 'upos': 'DET', 'xpos': 'DET', 'feats': 'PronType=Art', 'head': 17, 'deprel': 'det:def', 'lemma': 'ה'}, {'id': 17, 'text': 'אחרונות', 'upos': 'ADJ', 'xpos': 'ADJ', 'feats': 'Gender=Fem|Number=Plur', 'head': 15, 'deprel': 'amod', 'lemma': 'אחרון'}]"
18,",",PUNCT,PUNCT,15.0,punct,"(78, 79)",",",,
19,1996,NUM,NUM,15.0,appos,"(80, 84)",1996,,
20,-,PUNCT,PUNCT,19.0,dep,"(85, 86)",-,HebSource=ConvUncertainHead,
21,1999,NUM,NUM,19.0,dep,"(87, 91)",1999,,
22,",",PUNCT,PUNCT,23.0,punct,"(91, 92)",",",,
23,נרכשו,VERB,VERB,0.0,root,"(93, 98)",נרכש,"Gender=Fem,Masc|HebBinyan=NIFAL|Number=Plur|Person=3|Tense=Past|Voice=Mid",
"(24, 25)",בשלומי,,,,,"(99, 105)",,,"[{'id': 24, 'text': 'ב', 'upos': 'ADP', 'xpos': 'ADP', 'head': 25, 'deprel': 'case', 'lemma': 'ב'}, {'id': 25, 'text': 'שלומי', 'upos': 'NOUN', 'xpos': 'NOUN', 'feats': 'Gender=Masc|Number=Sing', 'head': 23, 'deprel': 'obl', 'lemma': '_'}]"
26,כ,ADP,ADP,29.0,advmod,"(106, 107)",כ,,
27,-,PUNCT,PUNCT,29.0,punct,"(107, 108)",-,,
28,470,NUM,NUM,29.0,nummod,"(109, 112)",470,,
29,דירות,NOUN,NOUN,23.0,nsubj,"(113, 118)",דירה,Gender=Fem|Number=Plur,
30,",",PUNCT,PUNCT,29.0,punct,"(118, 119)",",",,
"(31, 32)",מתוכם,,,,,"(120, 125)",,,"[{'id': 31, 'text': 'מתוך_', 'upos': 'ADP', 'xpos': 'ADP', 'head': 32, 'deprel': 'case', 'lemma': 'מתוך'}, {'id': 32, 'text': '_הם', 'upos': 'PRON', 'xpos': 'PRON', 'feats': 'Gender=Masc|Number=Plur|Person=3|PronType=Prs', 'head': 29, 'deprel': 'nmod', 'lemma': 'הוא'}]"
33,כ,ADV,ADV,36.0,advmod,"(126, 127)",כ,,
34,-,PUNCT,PUNCT,36.0,punct,"(127, 128)",-,,
35,430,NUM,NUM,36.0,nummod,"(129, 132)",430,,
36,דירות,NOUN,NOUN,32.0,nsubj,"(133, 138)",דירה,Gender=Fem|Number=Plur,
37,חדשות,ADJ,ADJ,36.0,amod,"(139, 144)",חדש,Gender=Fem|Number=Plur,
38,בעיקר,ADV,ADV,39.0,advmod,"(145, 150)",בעיקר,,
"(39, 41)",בבניה,,,,,"(151, 156)",,,"[{'id': 39, 'text': 'ב', 'upos': 'ADP', 'xpos': 'ADP', 'head': 41, 'deprel': 'case', 'lemma': 'ב'}, {'id': 40, 'text': 'ה_', 'upos': 'DET', 'xpos': 'DET', 'feats': 'PronType=Art', 'head': 41, 'deprel': 'det:def', 'lemma': 'ה'}, {'id': 41, 'text': 'בניה', 'upos': 'NOUN', 'xpos': 'NOUN', 'feats': 'Gender=Fem|Number=Sing', 'head': 36, 'deprel': 'nmod', 'lemma': 'בניה'}]"
"(42, 43)",ביזמה,,,,,"(157, 162)",,,"[{'id': 42, 'text': 'ב', 'upos': 'ADP', 'xpos': 'ADP', 'head': 43, 'deprel': 'case', 'lemma': 'ב'}, {'id': 43, 'text': 'יזמה', 'upos': 'NOUN', 'xpos': 'NOUN', 'feats': 'Gender=Fem|Number=Sing', 'head': 41, 'deprel': 'nmod', 'lemma': 'יזם'}]"
44,ציבורית,ADJ,ADJ,43.0,amod,"(163, 170)",ציבורי,Gender=Fem|Number=Sing,
"(45, 46)",וכ,,,,,"(171, 173)",,,"[{'id': 45, 'text': 'ו', 'upos': 'CCONJ', 'xpos': 'CCONJ', 'head': 49, 'deprel': 'cc', 'lemma': 'ו'}, {'id': 46, 'text': 'כ', 'upos': 'ADP', 'xpos': 'ADP', 'head': 49, 'deprel': 'advmod', 'lemma': 'כ'}]"
47,-,PUNCT,PUNCT,49.0,punct,"(173, 174)",-,,
48,44,NUM,NUM,49.0,nummod,"(175, 177)",44,,
49,דירות,NOUN,NOUN,36.0,conj,"(178, 183)",דירה,Gender=Fem|Number=Plur,
"(50, 51)",מיד,,,,,"(184, 187)",,,"[{'id': 50, 'text': 'מ', 'upos': 'ADP', 'xpos': 'ADP', 'head': 51, 'deprel': 'case', 'lemma': 'מ'}, {'id': 51, 'text': 'יד', 'upos': 'NOUN', 'xpos': 'NOUN', 'feats': 'Definite=Cons|Gender=Fem|Number=Sing', 'head': 49, 'deprel': 'nmod', 'lemma': 'יד'}]"
52,שניה,NUM,NUM,51.0,flat:name,"(188, 192)",שניה,Gender=Fem|Number=Sing,
1,רוכשי,VERB,VERB,11.0,nsubj:cop,"(1, 6)",רכש,Definite=Cons|Gender=Masc|Number=Plur,
"(2, 3)",הדירות,,,,,"(7, 13)",,,"[{'id': 2, 'text': 'ה', 'upos': 'DET', 'xpos': 'DET', 'feats': 'PronType=Art', 'head': 3, 'deprel': 'det:def', 'lemma': 'ה'}, {'id': 3, 'text': 'דירות', 'upos': 'NOUN', 'xpos': 'NOUN', 'feats': 'Gender=Fem|Number=Plur', 'head': 1, 'deprel': 'compound:smixut', 'lemma': 'דירה'}]"
"(4, 5)",שרואיינו,,,,,"(14, 22)",,,"[{'id': 4, 'text': 'ש', 'upos': 'SCONJ', 'xpos': 'SCONJ', 'head': 5, 'deprel': 'mark', 'lemma': 'ש'}, {'id': 5, 'text': 'רואיינו', 'upos': 'VERB', 'xpos': 'VERB', 'feats': 'Gender=Fem,Masc|HebBinyan=PIEL|Number=Plur|Person=3|Tense=Past|Voice=Act', 'head': 1, 'deprel': 'acl:relcl', 'lemma': 'רואה'}]"
"(6, 7)",בשלומי,,,,,"(23, 29)",,,"[{'id': 6, 'text': 'ב', 'upos': 'ADP', 'xpos': 'ADP', 'head': 7, 'deprel': 'case', 'lemma': 'ב'}, {'id': 7, 'text': 'שלומי', 'upos': 'PROPN', 'xpos': 'PROPN', 'head': 5, 'deprel': 'obl', 'lemma': 'שלומי'}]"
8,הם,AUX,AUX,11.0,cop,"(30, 32)",הוא,Gender=Masc|Number=Plur|Person=3|Polarity=Pos|VerbForm=Part|VerbType=Cop,
9,:,PUNCT,PUNCT,11.0,punct,"(32, 33)",:,,
10,◊,PUNCT,PUNCT,11.0,punct,"(34, 35)",◊,,
11,משפחות,NOUN,NOUN,0.0,root,"(36, 42)",משפחה,Gender=Fem|Number=Plur,
12,צעירות,ADJ,ADJ,11.0,amod,"(43, 49)",צעיר,Gender=Fem|Number=Plur,
"(13, 14)",בשלב,,,,,"(50, 54)",,,"[{'id': 13, 'text': 'ב', 'upos': 'ADP', 'xpos': 'ADP', 'head': 14, 'deprel': 'case', 'lemma': 'ב'}, {'id': 14, 'text': 'שלב', 'upos': 'NOUN', 'xpos': 'NOUN', 'feats': 'Definite=Cons|Gender=Masc|Number=Sing', 'head': 11, 'deprel': 'nmod', 'lemma': 'שלב'}]"
15,התרחבות,NOUN,NOUN,14.0,compound:smixut,"(55, 62)",התרחבות,Definite=Cons|Gender=Fem|Number=Sing,
"(16, 17)",המשפחה,,,,,"(63, 69)",,,"[{'id': 16, 'text': 'ה', 'upos': 'DET', 'xpos': 'DET', 'feats': 'PronType=Art', 'head': 17, 'deprel': 'det:def', 'lemma': 'ה'}, {'id': 17, 'text': 'משפחה', 'upos': 'NOUN', 'xpos': 'NOUN', 'feats': 'Gender=Fem|Number=Sing', 'head': 15, 'deprel': 'compound:smixut', 'lemma': 'משפחה'}]"
1,46,NUM,NUM,2.0,nummod,"(1, 3)",46,,
2,%,NOUN,NOUN,0.0,root,"(3, 4)",%,"Gender=Masc|Number=Plur,Sing",
"(3, 5)",מהגברים,,,,,"(5, 12)",,,"[{'id': 3, 'text': 'מ', 'upos': 'ADP', 'xpos': 'ADP', 'head': 5, 'deprel': 'case', 'lemma': 'מ'}, {'id': 4, 'text': 'ה', 'upos': 'DET', 'xpos': 'DET', 'feats': 'PronType=Art', 'head': 5, 'deprel': 'det:def', 'lemma': 'ה'}, {'id': 5, 'text': 'גברים', 'upos': 'NOUN', 'xpos': 'NOUN', 'feats': 'Gender=Masc|Number=Plur', 'head': 2, 'deprel': 'nmod', 'lemma': 'גבר'}]"
"(6, 7)",ו,,,,,"(13, 14)",,,"[{'id': 6, 'text': 'ו', 'upos': 'CCONJ', 'xpos': 'CCONJ', 'head': 10, 'deprel': 'cc', 'lemma': 'ו'}, {'id': 7, 'text': '_הוא', 'upos': 'PRON', 'xpos': 'PRON', 'feats': 'Gender=Masc|Number=Sing|Person=3|PronType=Prs', 'head': 10, 'deprel': 'dep', 'lemma': 'הוא'}]"
8,-,PUNCT,PUNCT,10.0,punct,"(14, 15)",-,,
9,49,NUM,NUM,10.0,nummod,"(16, 18)",49,,
10,%,NOUN,NOUN,2.0,conj,"(18, 19)",%,"Gender=Masc|Number=Plur,Sing",
"(11, 13)",מהנשים,,,,,"(20, 26)",,,"[{'id': 11, 'text': 'מ', 'upos': 'ADP', 'xpos': 'ADP', 'head': 13, 'deprel': 'case', 'lemma': 'מ'}, {'id': 12, 'text': 'ה', 'upos': 'DET', 'xpos': 'DET', 'feats': 'PronType=Art', 'head': 13, 'deprel': 'det:def', 'lemma': 'ה'}, {'id': 13, 'text': 'נשים', 'upos': 'NOUN', 'xpos': 'NOUN', 'feats': 'Gender=Fem|Number=Plur', 'head': 10, 'deprel': 'nmod', 'lemma': 'איש'}]"
"(14, 15)",בגילאי,,,,,"(27, 33)",,,"[{'id': 14, 'text': 'ב', 'upos': 'ADP', 'xpos': 'ADP', 'head': 15, 'deprel': 'case', 'lemma': 'ב'}, {'id': 15, 'text': 'גילאי', 'upos': 'NOUN', 'xpos': 'NOUN', 'feats': 'Definite=Cons|Gender=Masc|Number=Plur', 'head': 10, 'deprel': 'nmod', 'lemma': 'גיל'}]"
16,25,NUM,NUM,15.0,compound:smixut,"(34, 36)",25,,
17,-,PUNCT,PUNCT,16.0,punct,"(36, 37)",-,,
18,34,NUM,NUM,16.0,dep,"(37, 39)",34,,
1,◊,PUNCT,PUNCT,6.0,cc,"(1, 2)",◊,,
2,רובם,NOUN,NOUN,6.0,nsubj,"(3, 7)",רובם,Definite=Cons|Gender=Masc|Number=Sing,
"(3, 5)",קוני,,,,,"(8, 12)",,,"[{'id': 3, 'text': 'קון_', 'upos': 'NOUN', 'xpos': 'NOUN', 'feats': 'Definite=Def|Gender=Masc|Number=Plur', 'head': 2, 'deprel': 'compound:smixut', 'lemma': 'קון'}, {'id': 4, 'text': '_של_', 'upos': 'ADP', 'xpos': 'ADP', 'head': 5, 'deprel': 'case:gen', 'lemma': 'של'}, {'id': 5, 'text': '_אני', 'upos': 'PRON', 'xpos': 'PRON', 'feats': 'Case=Gen|Gender=Fem,Masc|Number=Sing|Person=1|PronType=Prs', 'head': 3, 'deprel': 'nmod:poss', 'lemma': 'הוא'}]"
6,דירה,NOUN,NOUN,0.0,root,"(13, 17)",דירה,Gender=Fem|HebSource=ConvUncertainHead|Number=Sing,
7,לראשונה,ADV,ADV,6.0,advmod,"(18, 25)",לראשונה,HebSource=ConvUncertainHead,
8,-,PUNCT,PUNCT,10.0,punct,"(26, 27)",-,,
9,73,NUM,NUM,10.0,nummod,"(28, 30)",73,,
10,%,NOUN,NOUN,6.0,nmod,"(30, 31)",%,"Gender=Masc|Number=Plur,Sing",
1,◊,PUNCT,PUNCT,5.0,punct,"(1, 2)",◊,,
"(2, 4)",מרביתם,,,,,"(3, 9)",,,"[{'id': 2, 'text': 'מרבית_', 'upos': 'NOUN', 'xpos': 'NOUN', 'feats': 'Definite=Def|Gender=Masc|Number=Sing', 'head': 5, 'deprel': 'nsubj', 'lemma': 'מרבית'}, {'id': 3, 'text': '_של_', 'upos': 'ADP', 'xpos': 'ADP', 'head': 4, 'deprel': 'case:gen', 'lemma': 'של'}, {'id': 4, 'text': '_הם', 'upos': 'PRON', 'xpos': 'PRON', 'feats': 'Case=Gen|Gender=Masc|Number=Plur|Person=3|PronType=Prs', 'head': 2, 'deprel': 'nmod:poss', 'lemma': 'הוא'}]"
5,עובדים,VERB,VERB,0.0,root,"(10, 16)",עבד,"Gender=Masc|HebBinyan=PAAL|Number=Plur|Person=1,2,3|VerbForm=Part|Voice=Act",
6,(,PUNCT,PUNCT,8.0,punct,"(17, 18)",(,,
7,91,NUM,NUM,8.0,nummod,"(19, 21)",91,,
8,%,NOUN,NOUN,5.0,parataxis,"(21, 22)",%,"Gender=Masc|Number=Plur,Sing",
9,מבין,ADP,ADP,11.0,case,"(23, 27)",מבין,,
"(10, 11)",הגברים,,,,,"(28, 34)",,,"[{'id': 10, 'text': 'ה', 'upos': 'DET', 'xpos': 'DET', 'feats': 'PronType=Art', 'head': 11, 'deprel': 'det:def', 'lemma': 'ה'}, {'id': 11, 'text': 'גברים', 'upos': 'NOUN', 'xpos': 'NOUN', 'feats': 'Gender=Masc|Number=Plur', 'head': 8, 'deprel': 'nmod', 'lemma': 'גבר'}]"
12,ו,CCONJ,CCONJ,15.0,cc,"(35, 36)",ו,,
13,-,PUNCT,PUNCT,8.0,punct,"(36, 37)",-,,
14,73,NUM,NUM,15.0,nummod,"(38, 40)",73,,
15,%,NOUN,NOUN,8.0,conj,"(40, 41)",%,"Gender=Masc|Number=Plur,Sing",
16,מבין,ADP,ADP,18.0,case,"(42, 46)",מבין,,
"(17, 18)",הנשים,,,,,"(47, 52)",,,"[{'id': 17, 'text': 'ה', 'upos': 'DET', 'xpos': 'DET', 'feats': 'PronType=Art', 'head': 18, 'deprel': 'det:def', 'lemma': 'ה'}, {'id': 18, 'text': 'נשים', 'upos': 'NOUN', 'xpos': 'NOUN', 'feats': 'Gender=Fem|Number=Plur', 'head': 15, 'deprel': 'nmod', 'lemma': 'איש'}]"
19,),PUNCT,PUNCT,8.0,punct,"(52, 53)",),,
20,◊,PUNCT,PUNCT,25.0,cc,"(54, 55)",◊,,
21,רוב,DET,DET,23.0,det,"(56, 59)",רוב,Definite=Cons,
"(22, 23)",הרוכשים,,,,,"(60, 67)",,,"[{'id': 22, 'text': 'ה', 'upos': 'DET', 'xpos': 'DET', 'feats': 'PronType=Art', 'head': 23, 'deprel': 'det:def', 'lemma': 'ה'}, {'id': 23, 'text': 'רוכשים', 'upos': 'NOUN', 'xpos': 'NOUN', 'feats': 'Gender=Masc|Number=Plur', 'head': 25, 'deprel': 'nsubj:cop', 'lemma': 'רכש'}]"
24,הם,AUX,AUX,25.0,cop,"(68, 70)",הוא,Gender=Masc|Number=Plur|Person=3|Polarity=Pos|VerbForm=Part|VerbType=Cop,
25,חילוניים,ADJ,ADJ,5.0,conj,"(71, 79)",חילוני,Gender=Masc|Number=Plur,
26,",",PUNCT,PUNCT,25.0,punct,"(79, 80)",",",,
27,68,NUM,NUM,28.0,nummod,"(81, 83)",68,,
28,%,NOUN,NOUN,25.0,dep,"(83, 84)",%,"Gender=Masc|Number=Plur,Sing",
29,ו,CCONJ,CCONJ,32.0,cc,"(85, 86)",ו,,
30,-,PUNCT,PUNCT,28.0,punct,"(86, 87)",-,,
31,29,NUM,NUM,32.0,nummod,"(88, 90)",29,,
32,%,NOUN,NOUN,28.0,conj,"(90, 91)",%,"Gender=Masc|Number=Plur,Sing",
33,מסורתיים,ADJ,ADJ,32.0,amod,"(92, 100)",מסורתי,Gender=Masc|Number=Plur,
1,◊,PUNCT,PUNCT,4.0,punct,"(1, 2)",◊,,
2,בקרב,ADP,ADP,4.0,case,"(3, 7)",בקרב,,
"(3, 4)",הרוכשים,,,,,"(8, 15)",,,"[{'id': 3, 'text': 'ה', 'upos': 'DET', 'xpos': 'DET', 'feats': 'PronType=Art', 'head': 4, 'deprel': 'det:def', 'lemma': 'ה'}, {'id': 4, 'text': 'רוכשים', 'upos': 'VERB', 'xpos': 'VERB', 'feats': 'Gender=Masc|Number=Plur', 'head': 0, 'deprel': 'root', 'lemma': 'רכש'}]"
5,71,NUM,NUM,6.0,nummod,"(16, 18)",71,,
6,%,NOUN,NOUN,4.0,nsubj,"(18, 19)",%,"Gender=Masc|Number=Plur,Sing",
"(7, 9)",מהבעלים,,,,,"(20, 27)",,,"[{'id': 7, 'text': 'מ', 'upos': 'ADP', 'xpos': 'ADP', 'head': 9, 'deprel': 'case', 'lemma': 'מ'}, {'id': 8, 'text': 'ה', 'upos': 'DET', 'xpos': 'DET', 'feats': 'PronType=Art', 'head': 9, 'deprel': 'det:def', 'lemma': 'ה'}, {'id': 9, 'text': 'בעלים', 'upos': 'NOUN', 'xpos': 'NOUN', 'feats': 'Gender=Masc|Number=Plur', 'head': 6, 'deprel': 'nmod', 'lemma': 'בעלים'}]"
10,ילידי,NOUN,NOUN,6.0,acl,"(28, 33)",יליד,Definite=Cons|Gender=Masc|Number=Plur,
"(11, 12)",הארץ,,,,,"(34, 38)",,,"[{'id': 11, 'text': 'ה', 'upos': 'DET', 'xpos': 'DET', 'feats': 'PronType=Art', 'head': 12, 'deprel': 'det:def', 'lemma': 'ה'}, {'id': 12, 'text': 'ארץ', 'upos': 'NOUN', 'xpos': 'NOUN', 'feats': 'Gender=Fem|Number=Sing', 'head': 10, 'deprel': 'compound:smixut', 'lemma': 'ארץ'}]"
1,מבין,ADP,ADP,3.0,case,"(1, 5)",מבין,,
"(2, 3)",העולים,,,,,"(6, 12)",,,"[{'id': 2, 'text': 'ה', 'upos': 'DET', 'xpos': 'DET', 'feats': 'PronType=Art', 'head': 3, 'deprel': 'det:def', 'lemma': 'ה'}, {'id': 3, 'text': 'עולים', 'upos': 'NOUN', 'xpos': 'NOUN', 'feats': 'Gender=Masc|Number=Plur', 'head': 32, 'deprel': 'obl', 'lemma': 'עולה'}]"
"(4, 5)",החדשים,,,,,"(13, 19)",,,"[{'id': 4, 'text': 'ה', 'upos': 'DET', 'xpos': 'DET', 'feats': 'PronType=Art', 'head': 5, 'deprel': 'det:def', 'lemma': 'ה'}, {'id': 5, 'text': 'חדשים', 'upos': 'ADJ', 'xpos': 'ADJ', 'feats': 'Gender=Masc|Number=Plur', 'head': 3, 'deprel': 'amod', 'lemma': 'חדש'}]"
6,(,PUNCT,PUNCT,8.0,punct,"(20, 21)",(,,
7,אשר,SCONJ,SCONJ,8.0,mark,"(21, 24)",אשר,,
8,עלו,VERB,VERB,3.0,appos,"(25, 28)",עלה,"Gender=Fem,Masc|HebBinyan=PAAL|Number=Plur|Person=3|Tense=Past|Voice=Act",
"(9, 10)",משנת,,,,,"(29, 33)",,,"[{'id': 9, 'text': 'מ', 'upos': 'ADP', 'xpos': 'ADP', 'head': 10, 'deprel': 'case', 'lemma': 'מ'}, {'id': 10, 'text': 'שנת', 'upos': 'NOUN', 'xpos': 'NOUN', 'feats': 'Definite=Cons|Gender=Fem|Number=Sing', 'head': 8, 'deprel': 'obl', 'lemma': 'שנה'}]"
11,1990,NUM,NUM,10.0,compound:smixut,"(34, 38)",1990,,
"(12, 13)",ואילך,,,,,"(39, 44)",,,"[{'id': 12, 'text': 'ו', 'upos': 'ADV', 'xpos': 'ADV', 'head': 18, 'deprel': 'advmod', 'lemma': 'ו'}, {'id': 13, 'text': 'אילך', 'upos': 'ADV', 'xpos': 'ADV', 'head': 12, 'deprel': 'fixed', 'lemma': 'אילך'}]"
14,),PUNCT,PUNCT,8.0,punct,"(44, 45)",),,
"(15, 16)",המהווים,,,,,"(46, 53)",,,"[{'id': 15, 'text': 'ה', 'upos': 'SCONJ', 'xpos': 'SCONJ', 'head': 18, 'deprel': 'mark', 'lemma': 'ה'}, {'id': 16, 'text': 'מהווים', 'upos': 'VERB', 'xpos': 'VERB', 'feats': 'VerbForm=Part', 'head': 18, 'deprel': 'aux', 'lemma': 'היווה'}]"
17,13,NUM,NUM,18.0,nummod,"(54, 56)",13,,
18,%,NOUN,NOUN,8.0,dep,"(56, 57)",%,"Gender=Masc|Number=Plur,Sing",
"(19, 21)",מהמדגם,,,,,"(58, 64)",,,"[{'id': 19, 'text': 'מ', 'upos': 'ADP', 'xpos': 'ADP', 'head': 21, 'deprel': 'case', 'lemma': 'מ'}, {'id': 20, 'text': 'ה', 'upos': 'DET', 'xpos': 'DET', 'feats': 'PronType=Art', 'head': 21, 'deprel': 'det:def', 'lemma': 'ה'}, {'id': 21, 'text': 'מדגם', 'upos': 'NOUN', 'xpos': 'NOUN', 'feats': 'Gender=Masc|Number=Sing', 'head': 18, 'deprel': 'nmod', 'lemma': 'מדגם'}]"
22,",",PUNCT,PUNCT,32.0,punct,"(64, 65)",",",,
23,אחוז,NOUN,NOUN,32.0,nsubj:cop,"(66, 70)",אחוז,Definite=Cons|Gender=Masc|Number=Sing,
"(24, 25)",העולים,,,,,"(71, 77)",,,"[{'id': 24, 'text': 'ה', 'upos': 'DET', 'xpos': 'DET', 'feats': 'PronType=Art', 'head': 25, 'deprel': 'det:def', 'lemma': 'ה'}, {'id': 25, 'text': 'עולים', 'upos': 'NOUN', 'xpos': 'NOUN', 'feats': 'Gender=Masc|Number=Plur', 'head': 23, 'deprel': 'compound:smixut', 'lemma': 'עולה'}]"
"(26, 27)",מחבר,,,,,"(78, 82)",,,"[{'id': 26, 'text': 'מ', 'upos': 'ADP', 'xpos': 'ADP', 'head': 27, 'deprel': 'case', 'lemma': 'מ'}, {'id': 27, 'text': 'חבר', 'upos': 'NOUN', 'xpos': 'NOUN', 'feats': 'Definite=Cons|Gender=Masc|Number=Sing', 'head': 23, 'deprel': 'nmod', 'lemma': 'חבר'}]"
"(28, 29)",העמים,,,,,"(83, 88)",,,"[{'id': 28, 'text': 'ה', 'upos': 'DET', 'xpos': 'DET', 'feats': 'PronType=Art', 'head': 29, 'deprel': 'det:def', 'lemma': 'ה'}, {'id': 29, 'text': 'עמים', 'upos': 'NOUN', 'xpos': 'NOUN', 'feats': 'Gender=Masc|Number=Plur', 'head': 27, 'deprel': 'compound:smixut', 'lemma': 'עם'}]"
30,הינו,AUX,AUX,32.0,cop,"(89, 93)",הנו,Gender=Masc|Number=Sing|Person=3|Polarity=Pos|VerbForm=Part|VerbType=Cop,
"(31, 32)",הגדול,,,,,"(94, 99)",,,"[{'id': 31, 'text': 'ה', 'upos': 'DET', 'xpos': 'DET', 'feats': 'PronType=Art', 'head': 32, 'deprel': 'det:def', 'lemma': 'ה'}, {'id': 32, 'text': 'גדול', 'upos': 'ADJ', 'xpos': 'ADJ', 'feats': 'Gender=Masc|Number=Sing', 'head': 0, 'deprel': 'root', 'lemma': 'גדול'}]"
33,ביותר,ADV,ADV,32.0,advmod,"(100, 105)",ביותר,,
34,-,PUNCT,PUNCT,32.0,punct,"(106, 107)",-,,
1,87,NUM,NUM,2.0,nummod,"(0, 2)",87,,
2,%,NOUN,NOUN,10.0,nsubj:cop,"(2, 3)",%,"Gender=Masc|Number=Plur,Sing",
3,◊,PUNCT,PUNCT,2.0,punct,"(4, 5)",◊,,
4,47,NUM,NUM,5.0,nummod,"(6, 8)",47,,
5,%,NOUN,NOUN,10.0,nsubj:cop,"(8, 9)",%,"Gender=Masc|Number=Plur,Sing",
6,מבין,ADP,ADP,8.0,case,"(10, 14)",מבין,,
"(7, 8)",הבעלים,,,,,"(15, 21)",,,"[{'id': 7, 'text': 'ה', 'upos': 'DET', 'xpos': 'DET', 'feats': 'PronType=Art', 'head': 8, 'deprel': 'det:def', 'lemma': 'ה'}, {'id': 8, 'text': 'בעלים', 'upos': 'NOUN', 'xpos': 'NOUN', 'feats': 'Gender=Masc|Number=Plur', 'head': 5, 'deprel': 'nmod', 'lemma': 'בעלים'}]"
9,הם,AUX,AUX,10.0,cop,"(22, 24)",הוא,Gender=Masc|Number=Plur|Person=3|Polarity=Pos|VerbForm=Part|VerbType=Cop,
10,בעלי,NOUN,NOUN,0.0,root,"(25, 29)",בעל,Definite=Cons|Gender=Masc|Number=Plur,
11,השכלה,NOUN,NOUN,10.0,compound:smixut,"(30, 35)",השכלה,Gender=Fem|Number=Sing,
12,תיכונית,ADJ,ADJ,11.0,amod,"(36, 43)",תיכוני,Gender=Fem|Number=Sing,
13,",",PUNCT,PUNCT,10.0,punct,"(44, 45)",",",,
14,24,NUM,NUM,15.0,nummod,"(46, 48)",24,,
15,%,NOUN,NOUN,10.0,nsubj:cop,"(48, 49)",%,"Gender=Masc|Number=Plur,Sing",
16,בעלי,NOUN,NOUN,15.0,acl,"(50, 54)",בעל,Definite=Cons|Gender=Masc|Number=Plur,
17,השכלה,NOUN,NOUN,16.0,compound:smixut,"(55, 60)",השכלה,Gender=Fem|Number=Sing,
18,על,ADP,ADP,19.0,case,"(61, 63)",על,,
19,תיכונית,ADJ,ADJ,17.0,amod,"(64, 71)",תיכוני,Gender=Fem|Number=Sing,
20,ו,CCONJ,CCONJ,23.0,cc,"(72, 73)",ו,,
21,-,PUNCT,PUNCT,23.0,punct,"(73, 74)",-,,
22,22,NUM,NUM,23.0,nummod,"(75, 77)",22,,
23,%,NOUN,NOUN,10.0,conj,"(77, 78)",%,"Gender=Masc|Number=Plur,Sing",
24,בעלי,NOUN,NOUN,23.0,nmod,"(79, 83)",בעל,Definite=Cons|Gender=Masc|Number=Plur,
25,השכלה,NOUN,NOUN,24.0,compound:smixut,"(84, 89)",השכלה,Gender=Fem|Number=Sing,
26,אקדמאית,ADJ,ADJ,25.0,amod,"(90, 97)",אקדמאי,Gender=Fem|Number=Sing,
1,אחוז,NOUN,NOUN,8.0,nsubj,"(1, 5)",אחוז,Definite=Cons|Gender=Masc|Number=Sing,
2,בעלי,NOUN,NOUN,1.0,compound:smixut,"(6, 10)",בעל,Definite=Cons|Gender=Masc|Number=Plur,
3,השכלה,NOUN,NOUN,2.0,compound:smixut,"(11, 16)",השכלה,Gender=Fem|Number=Sing,
4,אקדמאית,ADJ,ADJ,3.0,amod,"(17, 24)",אקדמאי,Gender=Fem|Number=Sing,
5,בקרב,ADP,ADP,7.0,case,"(25, 29)",בקרב,,
"(6, 7)",הרוכשים,,,,,"(30, 37)",,,"[{'id': 6, 'text': 'ה', 'upos': 'DET', 'xpos': 'DET', 'feats': 'PronType=Art', 'head': 7, 'deprel': 'det:def', 'lemma': 'ה'}, {'id': 7, 'text': 'רוכשים', 'upos': 'NOUN', 'xpos': 'NOUN', 'feats': 'Gender=Masc|Number=Plur', 'head': 1, 'deprel': 'nmod', 'lemma': 'רכש'}]"
8,נמוך,ADJ,ADJ,0.0,root,"(38, 42)",נמוך,Gender=Masc|Number=Sing,
9,יחסית,ADV,ADV,8.0,advmod,"(43, 48)",יחסית,,
"(10, 11)",לרוכשים,,,,,"(49, 56)",,,"[{'id': 10, 'text': 'ל', 'upos': 'ADP', 'xpos': 'ADP', 'head': 11, 'deprel': 'case', 'lemma': 'ל'}, {'id': 11, 'text': 'רוכשים', 'upos': 'NOUN', 'xpos': 'NOUN', 'feats': 'Gender=Masc|Number=Plur', 'head': 8, 'deprel': 'obl', 'lemma': 'רכש'}]"
"(12, 14)",בישובים,,,,,"(57, 64)",,,"[{'id': 12, 'text': 'ב', 'upos': 'ADP', 'xpos': 'ADP', 'head': 14, 'deprel': 'case', 'lemma': 'ב'}, {'id': 13, 'text': 'ה_', 'upos': 'DET', 'xpos': 'DET', 'feats': 'PronType=Art', 'head': 14, 'deprel': 'det:def', 'lemma': 'ה'}, {'id': 14, 'text': 'ישובים', 'upos': 'NOUN', 'xpos': 'NOUN', 'feats': 'Gender=Masc|Number=Plur', 'head': 11, 'deprel': 'nmod', 'lemma': 'יישוב'}]"
15,אחרים,ADJ,ADJ,14.0,amod,"(65, 70)",אחר,Gender=Masc|Number=Plur,
"(16, 17)",שנסקרו,,,,,"(71, 77)",,,"[{'id': 16, 'text': 'ש', 'upos': 'SCONJ', 'xpos': 'SCONJ', 'head': 17, 'deprel': 'mark', 'lemma': 'ש'}, {'id': 17, 'text': 'נסקרו', 'upos': 'VERB', 'xpos': 'VERB', 'feats': 'Gender=Fem,Masc|HebBinyan=NIFAL|Number=Plur|Person=3|Tense=Past|Voice=Mid', 'head': 14, 'deprel': 'acl:relcl', 'lemma': 'נסקר'}]"
1,37,NUM,NUM,2.0,nummod,"(1, 3)",37,,
2,%,NOUN,NOUN,4.0,nsubj,"(4, 5)",%,"Gender=Masc|Number=Plur,Sing",
3,r,PROPN,PROPN,2.0,dep,"(6, 7)",r,,
4,מסרו,VERB,VERB,0.0,root,"(8, 12)",מסר,"Gender=Fem,Masc|HebBinyan=PAAL|Number=Plur|Person=3|Tense=Past|Voice=Act",
"(5, 8)",שהכנסתם,,,,,"(13, 20)",,,"[{'id': 5, 'text': 'ש', 'upos': 'SCONJ', 'xpos': 'SCONJ', 'head': 9, 'deprel': 'mark', 'lemma': 'ש'}, {'id': 6, 'text': 'הכנסה_', 'upos': 'NOUN', 'xpos': 'NOUN', 'feats': 'Definite=Def|Gender=Fem|Number=Sing', 'head': 9, 'deprel': 'nsubj', 'lemma': 'הכנסה'}, {'id': 7, 'text': '_של_', 'upos': 'ADP', 'xpos': 'ADP', 'head': 8, 'deprel': 'case:gen', 'lemma': 'של'}, {'id': 8, 'text': '_הם', 'upos': 'PRON', 'xpos': 'PRON', 'feats': 'Case=Gen|Gender=Masc|Number=Plur|Person=3|PronType=Prs', 'head': 6, 'deprel': 'nmod:poss', 'lemma': 'הוא'}]"
9,גבוהה,ADJ,ADJ,4.0,ccomp,"(21, 26)",גבוה,Gender=Fem|Number=Sing,
"(10, 12)",מהממוצע,,,,,"(27, 34)",,,"[{'id': 10, 'text': 'מ', 'upos': 'ADP', 'xpos': 'ADP', 'head': 12, 'deprel': 'case', 'lemma': 'מ'}, {'id': 11, 'text': 'ה', 'upos': 'DET', 'xpos': 'DET', 'feats': 'PronType=Art', 'head': 12, 'deprel': 'det:def', 'lemma': 'ה'}, {'id': 12, 'text': 'ממוצע', 'upos': 'NOUN', 'xpos': 'NOUN', 'feats': 'Gender=Masc|Number=Sing', 'head': 9, 'deprel': 'advmod', 'lemma': 'ממוצע'}]"
13,(,PUNCT,PUNCT,16.0,punct,"(35, 36)",(,,
14,מעל,ADP,ADP,16.0,case,"(36, 39)",מעל,,
15,"8,100",NUM,NUM,16.0,nummod,"(40, 45)","8,100",,
16,ש״ח,NOUN,NOUN,9.0,parataxis,"(46, 49)",ש״ח,Abbr=Yes|Gender=Masc|Number=Sing,
17,נטו,ADJ,ADJ,16.0,advmod,"(50, 53)",נטו,Gender=Masc|Number=Sing,
"(18, 19)",למשפחה,,,,,"(54, 60)",,,"[{'id': 18, 'text': 'ל', 'upos': 'ADP', 'xpos': 'ADP', 'head': 19, 'deprel': 'case', 'lemma': 'ל'}, {'id': 19, 'text': 'משפחה', 'upos': 'NOUN', 'xpos': 'NOUN', 'feats': 'Gender=Fem|Number=Sing', 'head': 16, 'deprel': 'nmod', 'lemma': 'משפחה'}]"
20,),PUNCT,PUNCT,16.0,punct,"(60, 61)",),,
21,",",PUNCT,PUNCT,4.0,punct,"(61, 62)",",",,
22,26,NUM,NUM,23.0,nummod,"(63, 65)",26,,
23,%,NOUN,NOUN,24.0,nsubj,"(65, 66)",%,"Gender=Masc|Number=Plur,Sing",
24,מסרו,VERB,VERB,4.0,conj,"(67, 71)",מסר,"Gender=Fem,Masc|HebBinyan=PAAL|Number=Plur|Person=3|Tense=Past|Voice=Act",
"(25, 28)",שהכנסתם,,,,,"(72, 79)",,,"[{'id': 25, 'text': 'ש', 'upos': 'SCONJ', 'xpos': 'SCONJ', 'head': 29, 'deprel': 'mark', 'lemma': 'ש'}, {'id': 26, 'text': 'הכנסה_', 'upos': 'NOUN', 'xpos': 'NOUN', 'feats': 'Definite=Def|Gender=Fem|Number=Sing', 'head': 29, 'deprel': 'nsubj', 'lemma': 'הכנסה'}, {'id': 27, 'text': '_של_', 'upos': 'ADP', 'xpos': 'ADP', 'head': 28, 'deprel': 'case:gen', 'lemma': 'של'}, {'id': 28, 'text': '_הם', 'upos': 'PRON', 'xpos': 'PRON', 'feats': 'Case=Gen|Gender=Masc|Number=Plur|Person=3|PronType=Prs', 'head': 26, 'deprel': 'nmod:poss', 'lemma': 'הוא'}]"
29,דומה,ADJ,ADJ,24.0,ccomp,"(80, 84)",דומה,Gender=Masc|Number=Sing,
"(30, 31)",לממוצע,,,,,"(85, 91)",,,"[{'id': 30, 'text': 'ל', 'upos': 'ADP', 'xpos': 'ADP', 'head': 31, 'deprel': 'case', 'lemma': 'ל'}, {'id': 31, 'text': 'ממוצע', 'upos': 'NOUN', 'xpos': 'NOUN', 'feats': 'Gender=Masc|Number=Sing', 'head': 29, 'deprel': 'obl', 'lemma': 'ממוצע'}]"
32,ו,CCONJ,CCONJ,36.0,cc,"(92, 93)",ו,,
33,-,PUNCT,PUNCT,35.0,punct,"(93, 94)",-,,
34,37,NUM,NUM,35.0,nummod,"(95, 97)",37,,
35,%,NOUN,NOUN,36.0,nsubj,"(97, 98)",%,"Gender=Masc|Number=Plur,Sing",
36,טענו,VERB,VERB,4.0,conj,"(99, 103)",טען,"Gender=Fem,Masc|HebBinyan=PAAL|Number=Plur|Person=3|Tense=Past|Voice=Act",
"(37, 40)",שהכנסתם,,,,,"(104, 111)",,,"[{'id': 37, 'text': 'ש', 'upos': 'SCONJ', 'xpos': 'SCONJ', 'head': 44, 'deprel': 'mark', 'lemma': 'ש'}, {'id': 38, 'text': 'הכנסה_', 'upos': 'NOUN', 'xpos': 'NOUN', 'feats': 'Definite=Def|Gender=Fem|Number=Sing', 'head': 44, 'deprel': 'nsubj:cop', 'lemma': 'הכנסה'}, {'id': 39, 'text': '_של_', 'upos': 'ADP', 'xpos': 'ADP', 'head': 40, 'deprel': 'case:gen', 'lemma': 'של'}, {'id': 40, 'text': '_הם', 'upos': 'PRON', 'xpos': 'PRON', 'feats': 'Case=Gen|Gender=Masc|Number=Plur|Person=3|PronType=Prs', 'head': 38, 'deprel': 'nmod:poss', 'lemma': 'הוא'}]"
41,היא,AUX,AUX,44.0,cop,"(112, 115)",הוא,Gender=Fem|Number=Sing|Person=3|Polarity=Pos|VerbForm=Part|VerbType=Cop,
42,מתחת,ADP,ADP,44.0,case,"(116, 120)",מתחת,,
"(43, 44)",לממוצע,,,,,"(121, 127)",,,"[{'id': 43, 'text': 'ל', 'upos': 'ADP', 'xpos': 'ADP', 'head': 42, 'deprel': 'fixed', 'lemma': 'ל'}, {'id': 44, 'text': 'ממוצע', 'upos': 'ADJ', 'xpos': 'ADJ', 'feats': 'Gender=Masc|Number=Sing', 'head': 36, 'deprel': 'ccomp', 'lemma': 'ממוצע'}]"
45,",",PUNCT,PUNCT,4.0,punct,"(127, 128)",",",,
46,פילוג,NOUN,NOUN,49.0,nsubj,"(129, 134)",פילוג,Definite=Cons|Gender=Masc|Number=Sing,
"(47, 48)",ההכנסה,,,,,"(135, 141)",,,"[{'id': 47, 'text': 'ה', 'upos': 'DET', 'xpos': 'DET', 'feats': 'PronType=Art', 'head': 48, 'deprel': 'det:def', 'lemma': 'ה'}, {'id': 48, 'text': 'הכנסה', 'upos': 'NOUN', 'xpos': 'NOUN', 'feats': 'Gender=Fem|Number=Sing', 'head': 46, 'deprel': 'compound:smixut', 'lemma': 'הכנסה'}]"
49,דומה,ADJ,ADJ,36.0,advcl,"(142, 146)",דומה,Gender=Masc|Number=Sing,
50,ביותר,ADV,ADV,49.0,advmod,"(147, 152)",ביותר,,
51,לקוני דירות,NOUN,NOUN,46.0,compound:smixut,"(153, 164)",לקונידירה,Definite=Cons|Gender=Masc|Number=Plur,
"(52, 53)",בכרמיאל,,,,,"(165, 172)",,,"[{'id': 52, 'text': 'ב', 'upos': 'ADP', 'xpos': 'ADP', 'head': 53, 'deprel': 'case', 'lemma': 'ב'}, {'id': 53, 'text': 'כרמיאל', 'upos': 'PROPN', 'xpos': 'PROPN', 'head': 51, 'deprel': 'nmod', 'lemma': 'כרמיאל'}]"
1,◊,X,X,7.0,dep,"(1, 2)",◊,,
2,מרבית,DET,DET,4.0,det,"(3, 8)",מרבית,Definite=Cons,
"(3, 4)",הרוכשים,,,,,"(9, 16)",,,"[{'id': 3, 'text': 'ה', 'upos': 'DET', 'xpos': 'DET', 'feats': 'PronType=Art', 'head': 4, 'deprel': 'det:def', 'lemma': 'ה'}, {'id': 4, 'text': 'רוכשים', 'upos': 'NOUN', 'xpos': 'NOUN', 'feats': 'Gender=Masc|Number=Plur', 'head': 7, 'deprel': 'nsubj', 'lemma': 'רכש'}]"
5,ג רים,NOUN,NOUN,4.0,amod,"(17, 22)",גולר,Gender=Masc|Number=Plur,
6,או,CCONJ,CCONJ,7.0,dep,"(23, 25)",או,,
7,גרו,VERB,VERB,0.0,root,"(26, 29)",גר,"Gender=Fem,Masc|HebBinyan=PAAL|Number=Plur|Person=3|Tense=Past|Voice=Act",
8,לפני,ADP,ADP,9.0,case,"(30, 34)",לפני,,
9,רכישת,NOUN,NOUN,7.0,obl,"(35, 40)",רכישה,Definite=Cons|Gender=Fem|Number=Sing,
"(10, 11)",הדירה,,,,,"(41, 46)",,,"[{'id': 10, 'text': 'ה', 'upos': 'DET', 'xpos': 'DET', 'feats': 'PronType=Art', 'head': 11, 'deprel': 'det:def', 'lemma': 'ה'}, {'id': 11, 'text': 'דירה', 'upos': 'NOUN', 'xpos': 'NOUN', 'feats': 'Gender=Fem|Number=Sing', 'head': 9, 'deprel': 'compound:smixut', 'lemma': 'דירה'}]"
"(12, 14)",בצפון,,,,,"(47, 52)",,,"[{'id': 12, 'text': 'ב', 'upos': 'ADP', 'xpos': 'ADP', 'head': 14, 'deprel': 'case', 'lemma': 'ב'}, {'id': 13, 'text': 'ה_', 'upos': 'DET', 'xpos': 'DET', 'feats': 'PronType=Art', 'head': 14, 'deprel': 'det:def', 'lemma': 'ה'}, {'id': 14, 'text': 'צפון', 'upos': 'NOUN', 'xpos': 'NOUN', 'feats': 'Gender=Masc|Number=Sing', 'head': 9, 'deprel': 'nmod', 'lemma': 'צפון'}]"
"(15, 16)",הארץ,,,,,"(53, 57)",,,"[{'id': 15, 'text': 'ה', 'upos': 'DET', 'xpos': 'DET', 'feats': 'PronType=Art', 'head': 16, 'deprel': 'det:def', 'lemma': 'ה'}, {'id': 16, 'text': 'ארץ', 'upos': 'NOUN', 'xpos': 'NOUN', 'feats': 'Gender=Fem|Number=Sing', 'head': 14, 'deprel': 'amod', 'lemma': 'ארץ'}]"
17,:,PUNCT,PUNCT,7.0,punct,"(58, 59)",:,,
18,34,NUM,NUM,19.0,nummod,"(60, 62)",34,,
19,%,NOUN,NOUN,7.0,dep,"(62, 63)",%,"Gender=Masc|Number=Plur,Sing",
"(20, 21)",בחיפה,,,,,"(64, 69)",,,"[{'id': 20, 'text': 'ב', 'upos': 'ADP', 'xpos': 'ADP', 'head': 21, 'deprel': 'case', 'lemma': 'ב'}, {'id': 21, 'text': 'חיפה', 'upos': 'PROPN', 'xpos': 'PROPN', 'head': 19, 'deprel': 'nmod', 'lemma': 'חיפה'}]"
"(22, 23)",ובקריות,,,,,"(70, 77)",,,"[{'id': 22, 'text': 'ו', 'upos': 'CCONJ', 'xpos': 'CCONJ', 'head': 23, 'deprel': 'cc', 'lemma': 'ו'}, {'id': 23, 'text': 'בקריות', 'upos': 'PROPN', 'xpos': 'PROPN', 'head': 21, 'deprel': 'conj', 'lemma': 'בקריות'}]"
24,",",PUNCT,PUNCT,19.0,punct,"(77, 78)",",",,
25,24,NUM,NUM,26.0,nummod,"(79, 81)",24,,
26,%,NOUN,NOUN,19.0,conj,"(81, 82)",%,"Gender=Masc|Number=Plur,Sing",
"(27, 28)",בנהריה,,,,,"(83, 89)",,,"[{'id': 27, 'text': 'ב', 'upos': 'ADP', 'xpos': 'ADP', 'head': 28, 'deprel': 'case', 'lemma': 'ב'}, {'id': 28, 'text': 'נהריה', 'upos': 'PROPN', 'xpos': 'PROPN', 'head': 26, 'deprel': 'nmod', 'lemma': 'נהריה'}]"
29,",",PUNCT,PUNCT,19.0,punct,"(89, 90)",",",,
30,20,NUM,NUM,31.0,nummod,"(91, 93)",20,,
31,%,NOUN,NOUN,26.0,conj,"(93, 94)",%,"Gender=Masc|Number=Plur,Sing",
"(32, 33)",בשלומי,,,,,"(95, 101)",,,"[{'id': 32, 'text': 'ב', 'upos': 'ADP', 'xpos': 'ADP', 'head': 33, 'deprel': 'case', 'lemma': 'ב'}, {'id': 33, 'text': 'שלומי', 'upos': 'PROPN', 'xpos': 'PROPN', 'head': 31, 'deprel': 'nmod', 'lemma': 'שלומי'}]"
34,",",PUNCT,PUNCT,19.0,punct,"(101, 102)",",",,
35,7,NUM,NUM,36.0,nummod,"(103, 104)",7,,
36,%,NOUN,NOUN,19.0,conj,"(104, 105)",%,"Gender=Masc|Number=Plur,Sing",
"(37, 38)",בעכו,,,,,"(106, 110)",,,"[{'id': 37, 'text': 'ב', 'upos': 'ADP', 'xpos': 'ADP', 'head': 38, 'deprel': 'case', 'lemma': 'ב'}, {'id': 38, 'text': 'עכו', 'upos': 'PROPN', 'xpos': 'PROPN', 'head': 36, 'deprel': 'nmod', 'lemma': 'עכו'}]"
39,ו,CCONJ,CCONJ,42.0,cc,"(111, 112)",ו,,
40,-,PUNCT,PUNCT,42.0,punct,"(112, 113)",-,,
41,8,NUM,NUM,42.0,nummod,"(114, 115)",8,,
42,%,NOUN,NOUN,19.0,conj,"(115, 116)",%,"Gender=Masc|Number=Plur,Sing",
43,נוספים,ADJ,ADJ,42.0,amod,"(117, 123)",נוסף,Gender=Masc|Number=Plur,
"(44, 46)",בישובים,,,,,"(124, 131)",,,"[{'id': 44, 'text': 'ב', 'upos': 'ADP', 'xpos': 'ADP', 'head': 46, 'deprel': 'case', 'lemma': 'ב'}, {'id': 45, 'text': 'ה_', 'upos': 'DET', 'xpos': 'DET', 'feats': 'PronType=Art', 'head': 46, 'deprel': 'det:def', 'lemma': 'ה'}, {'id': 46, 'text': 'ישובים', 'upos': 'NOUN', 'xpos': 'NOUN', 'feats': 'Gender=Masc|Number=Plur', 'head': 42, 'deprel': 'nmod', 'lemma': 'יישוב'}]"
47,שונים,ADJ,ADJ,46.0,amod,"(132, 137)",שונה,Gender=Masc|Number=Plur,
"(48, 50)",בצפון,,,,,"(138, 143)",,,"[{'id': 48, 'text': 'ב', 'upos': 'ADP', 'xpos': 'ADP', 'head': 50, 'deprel': 'case', 'lemma': 'ב'}, {'id': 49, 'text': 'ה_', 'upos': 'DET', 'xpos': 'DET', 'feats': 'PronType=Art', 'head': 50, 'deprel': 'det:def', 'lemma': 'ה'}, {'id': 50, 'text': 'צפון', 'upos': 'NOUN', 'xpos': 'NOUN', 'feats': 'Gender=Masc|Number=Sing', 'head': 46, 'deprel': 'nmod', 'lemma': 'צפון'}]"
1,♦,ADV,ADV,2.0,cc,"(1, 2)",♦,,
2,מאפייני,NOUN,NOUN,12.0,nsubj,"(3, 10)",מאפיין,Definite=Cons|Gender=Masc|Number=Plur,
"(3, 4)",הדירות,,,,,"(11, 17)",,,"[{'id': 3, 'text': 'ה', 'upos': 'DET', 'xpos': 'DET', 'feats': 'PronType=Art', 'head': 4, 'deprel': 'det:def', 'lemma': 'ה'}, {'id': 4, 'text': 'דירות', 'upos': 'NOUN', 'xpos': 'NOUN', 'feats': 'Gender=Fem|Number=Plur', 'head': 2, 'deprel': 'compound:smixut', 'lemma': 'דירה'}]"
"(5, 6)",שנקנו,,,,,"(18, 23)",,,"[{'id': 5, 'text': 'ש', 'upos': 'SCONJ', 'xpos': 'SCONJ', 'head': 6, 'deprel': 'mark', 'lemma': 'ש'}, {'id': 6, 'text': 'נקנו', 'upos': 'VERB', 'xpos': 'VERB', 'feats': 'Gender=Fem,Masc|HebBinyan=NIFAL|Number=Plur|Person=3|Tense=Past|Voice=Mid', 'head': 4, 'deprel': 'acl:relcl', 'lemma': 'נקנה'}]"
7,:,PUNCT,PUNCT,12.0,punct,"(23, 24)",:,,
8,◊,PUNCT,PUNCT,12.0,punct,"(25, 26)",◊,,
9,רוב,DET,DET,11.0,det,"(27, 30)",רוב,Definite=Cons,
"(10, 11)",הדירות,,,,,"(31, 37)",,,"[{'id': 10, 'text': 'ה', 'upos': 'DET', 'xpos': 'DET', 'feats': 'PronType=Art', 'head': 11, 'deprel': 'det:def', 'lemma': 'ה'}, {'id': 11, 'text': 'דירות', 'upos': 'NOUN', 'xpos': 'NOUN', 'feats': 'Gender=Fem|Number=Plur', 'head': 12, 'deprel': 'nsubj', 'lemma': 'דירה'}]"
12,נקנו,VERB,VERB,0.0,root,"(38, 42)",נקנה,"Gender=Fem,Masc|HebBinyan=NIFAL|Number=Plur|Person=3|Tense=Past|Voice=Mid",
"(13, 14)",בשלב,,,,,"(43, 47)",,,"[{'id': 13, 'text': 'ב', 'upos': 'ADP', 'xpos': 'ADP', 'head': 14, 'deprel': 'case', 'lemma': 'ב'}, {'id': 14, 'text': 'שלב', 'upos': 'NOUN', 'xpos': 'NOUN', 'feats': 'Definite=Cons|Gender=Masc|Number=Sing', 'head': 12, 'deprel': 'obl', 'lemma': 'שלב'}]"
"(15, 16)",התכנון,,,,,"(48, 54)",,,"[{'id': 15, 'text': 'ה', 'upos': 'DET', 'xpos': 'DET', 'feats': 'PronType=Art', 'head': 16, 'deprel': 'det:def', 'lemma': 'ה'}, {'id': 16, 'text': 'תכנון', 'upos': 'NOUN', 'xpos': 'NOUN', 'feats': 'Gender=Masc|Number=Sing', 'head': 14, 'deprel': 'compound:smixut', 'lemma': 'תכנון'}]"
17,של,ADP,ADP,19.0,case:gen,"(55, 57)",של,Case=Gen,
"(18, 19)",השכונה,,,,,"(58, 64)",,,"[{'id': 18, 'text': 'ה', 'upos': 'DET', 'xpos': 'DET', 'feats': 'PronType=Art', 'head': 19, 'deprel': 'det:def', 'lemma': 'ה'}, {'id': 19, 'text': 'שכונה', 'upos': 'NOUN', 'xpos': 'NOUN', 'feats': 'Gender=Fem|Number=Sing', 'head': 14, 'deprel': 'nmod:poss', 'lemma': 'שכונה'}]"
20,-,PUNCT,PUNCT,22.0,punct,"(65, 66)",-,,
21,76,NUM,NUM,22.0,nummod,"(67, 69)",76,,
22,%,NOUN,NOUN,12.0,obl,"(69, 70)",%,"Gender=Masc|Number=Plur,Sing",
23,",",PUNCT,PUNCT,12.0,punct,"(70, 71)",",",,
24,12,NUM,NUM,25.0,nummod,"(72, 74)",12,,
25,%,NOUN,NOUN,26.0,nsubj,"(74, 75)",%,"Gender=Masc|Number=Plur,Sing",
26,קנו,VERB,VERB,12.0,parataxis,"(76, 79)",קנה,"Gender=Fem,Masc|HebBinyan=PAAL|Number=Plur|Person=3|Tense=Past|Voice=Act",
27,דירה,NOUN,NOUN,26.0,obj,"(80, 84)",דירה,Gender=Fem|Number=Sing,
28,יד,NOUN,NOUN,27.0,nmod,"(85, 87)",יד,Gender=Fem|Number=Sing,
29,שניה,NUM,NUM,28.0,amod,"(88, 92)",שניה,Gender=Fem|Number=Sing,
30,(,PUNCT,PUNCT,36.0,punct,"(93, 94)",(,,
"(31, 33)",כשהשכונה,,,,,"(94, 102)",,,"[{'id': 31, 'text': 'כש', 'upos': 'SCONJ', 'xpos': 'SCONJ', 'feats': 'Case=Tem', 'head': 36, 'deprel': 'mark', 'lemma': 'כש'}, {'id': 32, 'text': 'ה', 'upos': 'DET', 'xpos': 'DET', 'feats': 'PronType=Art', 'head': 33, 'deprel': 'det:def', 'lemma': 'ה'}, {'id': 33, 'text': 'שכונה', 'upos': 'NOUN', 'xpos': 'NOUN', 'feats': 'Gender=Fem|Number=Sing', 'head': 36, 'deprel': 'nsubj', 'lemma': 'שכונה'}]"
34,היתה,AUX,AUX,36.0,cop,"(103, 107)",היה,Gender=Fem|Number=Sing|Person=3|Polarity=Pos|Tense=Past|VerbType=Cop,
35,כבר,ADV,ADV,36.0,advmod,"(108, 111)",כבר,,
36,מאוכלסת,VERB,VERB,26.0,advcl,"(112, 119)",אוכלס,"Gender=Fem|HebBinyan=PUAL|Number=Sing|Person=1,2,3|VerbForm=Part|Voice=Pass",
37,),PUNCT,PUNCT,36.0,punct,"(119, 120)",),,
1,◊,PUNCT,PUNCT,8.0,cc,"(1, 2)",◊,,
"(2, 3)",הדירות,,,,,"(3, 9)",,,"[{'id': 2, 'text': 'ה', 'upos': 'DET', 'xpos': 'DET', 'feats': 'PronType=Art', 'head': 3, 'deprel': 'det:def', 'lemma': 'ה'}, {'id': 3, 'text': 'דירות', 'upos': 'NOUN', 'xpos': 'NOUN', 'feats': 'Gender=Fem|Number=Plur', 'head': 8, 'deprel': 'nsubj:cop', 'lemma': 'דירה'}]"
"(4, 5)",שנקנו,,,,,"(10, 15)",,,"[{'id': 4, 'text': 'ש', 'upos': 'SCONJ', 'xpos': 'SCONJ', 'head': 5, 'deprel': 'mark', 'lemma': 'ש'}, {'id': 5, 'text': 'נקנו', 'upos': 'VERB', 'xpos': 'VERB', 'feats': 'Gender=Fem,Masc|HebBinyan=NIFAL|Number=Plur|Person=3|Tense=Past|Voice=Mid', 'head': 3, 'deprel': 'acl:relcl', 'lemma': 'נקנה'}]"
6,הן,AUX,AUX,8.0,cop,"(16, 18)",הוא,Gender=Fem|Number=Plur|Person=3|Polarity=Pos|VerbForm=Part|VerbType=Cop,
"(7, 8)",בעיקרן,,,,,"(19, 25)",,,"[{'id': 7, 'text': 'ב', 'upos': 'ADP', 'xpos': 'ADP', 'head': 8, 'deprel': 'case', 'lemma': 'ב'}, {'id': 8, 'text': 'עיקרן', 'upos': 'NOUN', 'xpos': 'NOUN', 'feats': 'Definite=Cons|Gender=Fem|Number=Sing', 'head': 0, 'deprel': 'root', 'lemma': 'עיקרן'}]"
9,קוטגיים,ADJ,ADJ,8.0,compound:smixut,"(26, 33)",קוטגי,Gender=Masc|Number=Plur,
10,(,PUNCT,PUNCT,13.0,punct,"(34, 35)",(,,
11,כולל,VERB,VERB,13.0,case,"(35, 39)",כלל,"Gender=Masc|HebBinyan=PAAL|Number=Sing|Person=1,2,3|VerbForm=Part|Voice=Act",
12,דו,ADV,ADV,13.0,compound:affix,"(40, 42)",דו,HebSource=ConvUncertainHead|Prefix=Yes,
13,משפחתי,ADJ,ADJ,9.0,appos,"(43, 49)",משפחתי,Gender=Masc|Number=Sing,
14,),PUNCT,PUNCT,13.0,punct,"(49, 50)",),,
15,-,PUNCT,PUNCT,17.0,punct,"(51, 52)",-,,
16,64,NUM,NUM,17.0,nummod,"(53, 55)",64,,
17,%,NOUN,NOUN,8.0,dep,"(55, 56)",%,"Gender=Masc|Number=Plur,Sing",
"(18, 19)",וכן,,,,,"(57, 60)",,,"[{'id': 18, 'text': 'ו', 'upos': 'CCONJ', 'xpos': 'CCONJ', 'head': 20, 'deprel': 'cc', 'lemma': 'ו'}, {'id': 19, 'text': 'כן', 'upos': 'ADV', 'xpos': 'ADV', 'head': 20, 'deprel': 'det', 'lemma': 'כן'}]"
20,דירות,NOUN,NOUN,8.0,conj,"(61, 66)",דירה,Definite=Cons|Gender=Fem|Number=Plur,
21,גן,NOUN,NOUN,20.0,compound:smixut,"(67, 69)",גן,Gender=Masc|Number=Sing,
22,-,PUNCT,PUNCT,24.0,punct,"(70, 71)",-,,
23,17,NUM,NUM,24.0,nummod,"(71, 73)",17,,
24,%,NOUN,NOUN,20.0,compound:smixut,"(73, 74)",%,"Gender=Masc|Number=Plur,Sing",
1,◊,PUNCT,PUNCT,6.0,cc,"(1, 2)",◊,,
"(2, 3)",הדירות,,,,,"(3, 9)",,,"[{'id': 2, 'text': 'ה', 'upos': 'DET', 'xpos': 'DET', 'feats': 'PronType=Art', 'head': 3, 'deprel': 'det:def', 'lemma': 'ה'}, {'id': 3, 'text': 'דירות', 'upos': 'NOUN', 'xpos': 'NOUN', 'feats': 'Gender=Fem|Number=Plur', 'head': 6, 'deprel': 'nsubj', 'lemma': 'דירה'}]"
"(4, 5)",שנקנו,,,,,"(10, 15)",,,"[{'id': 4, 'text': 'ש', 'upos': 'SCONJ', 'xpos': 'SCONJ', 'head': 5, 'deprel': 'mark', 'lemma': 'ש'}, {'id': 5, 'text': 'נקנו', 'upos': 'VERB', 'xpos': 'VERB', 'feats': 'Gender=Fem,Masc|HebBinyan=NIFAL|Number=Plur|Person=3|Tense=Past|Voice=Mid', 'head': 3, 'deprel': 'acl:relcl', 'lemma': 'נקנה'}]"
6,גדולות,ADJ,ADJ,0.0,root,"(16, 22)",גדול,Gender=Fem|Number=Plur,
7,יחסית,ADV,ADV,6.0,advmod,"(23, 28)",יחסית,,
8,;,PUNCT,PUNCT,12.0,cc,"(29, 30)",;,,
9,37,NUM,NUM,10.0,nummod,"(31, 33)",37,,
10,%,NOUN,NOUN,12.0,nsubj:cop,"(33, 34)",%,"Gender=Masc|Number=Plur,Sing",
11,הן,AUX,AUX,12.0,cop,"(35, 37)",הוא,Gender=Fem|Number=Plur|Person=3|Polarity=Pos|VerbForm=Part|VerbType=Cop,
12,דירות,NOUN,NOUN,6.0,conj,"(38, 43)",דירה,Gender=Fem|Number=Plur,
13,של,ADP,ADP,15.0,case:gen,"(44, 46)",של,Case=Gen,
14,5,NUM,NUM,15.0,nummod,"(47, 48)",5,,
15,חדרים,NOUN,NOUN,12.0,nmod:poss,"(49, 54)",חדר,Gender=Masc|Number=Plur,
"(16, 17)",ויותר,,,,,"(55, 60)",,,"[{'id': 16, 'text': 'ו', 'upos': 'CCONJ', 'xpos': 'CCONJ', 'head': 17, 'deprel': 'cc', 'lemma': 'ו'}, {'id': 17, 'text': 'יותר', 'upos': 'ADV', 'xpos': 'ADV', 'head': 15, 'deprel': 'advmod', 'lemma': 'יותר'}]"
18,ו,CCONJ,CCONJ,21.0,cc,"(61, 62)",ו,,
19,-,PUNCT,PUNCT,21.0,punct,"(62, 63)",-,,
20,40,NUM,NUM,21.0,nummod,"(64, 66)",40,,
21,%,NOUN,NOUN,12.0,conj,"(66, 67)",%,"Gender=Masc|Number=Plur,Sing",
22,דירות,NOUN,NOUN,12.0,conj,"(68, 73)",דירה,Gender=Fem|Number=Plur,
23,של,ADP,ADP,24.0,case:gen,"(74, 76)",של,Case=Gen,
24,4,NUM,NUM,22.0,nmod:poss,"(77, 78)",4,,
25,-,PUNCT,PUNCT,24.0,punct,"(78, 79)",-,,
26,4,NUM,NUM,24.0,dep,"(79, 80)",4,,
1,5,NUM,NUM,2.0,nummod,"(0, 1)",5,,
2,חדרים,NOUN,NOUN,0.0,root,"(2, 7)",חדר,Gender=Masc|Number=Plur,
1,מספר,NOUN,NOUN,0.0,root,"(1, 5)",מספר,Definite=Cons|Gender=Masc|Number=Sing,
"(2, 3)",החדרים,,,,,"(6, 12)",,,"[{'id': 2, 'text': 'ה', 'upos': 'DET', 'xpos': 'DET', 'feats': 'PronType=Art', 'head': 3, 'deprel': 'det:def', 'lemma': 'ה'}, {'id': 3, 'text': 'חדרים', 'upos': 'NOUN', 'xpos': 'NOUN', 'feats': 'Gender=Masc|Number=Plur', 'head': 1, 'deprel': 'compound:smixut', 'lemma': 'חדר'}]"
"(4, 5)",הממוצע,,,,,"(13, 19)",,,"[{'id': 4, 'text': 'ה', 'upos': 'DET', 'xpos': 'DET', 'feats': 'PronType=Art', 'head': 5, 'deprel': 'det:def', 'lemma': 'ה'}, {'id': 5, 'text': 'ממוצע', 'upos': 'ADJ', 'xpos': 'ADJ', 'feats': 'Gender=Masc|Number=Sing', 'head': 1, 'deprel': 'amod', 'lemma': 'ממוצע'}]"
6,4,NUM,NUM,1.0,nummod,"(20, 21)",4,,
1,1,NUM,NUM,0.0,root,"(0, 1)",1,,
"(2, 3)",ושטחה,,,,,"(2, 7)",,,"[{'id': 2, 'text': 'ו', 'upos': 'CCONJ', 'xpos': 'CCONJ', 'head': 11, 'deprel': 'cc', 'lemma': 'ו'}, {'id': 3, 'text': 'שטחה', 'upos': 'NOUN', 'xpos': 'NOUN', 'feats': 'Gender=Masc|Number=Sing', 'head': 11, 'deprel': 'nsubj:cop', 'lemma': 'שטחה'}]"
"(4, 5)",הממוצע,,,,,"(8, 14)",,,"[{'id': 4, 'text': 'ה', 'upos': 'DET', 'xpos': 'DET', 'feats': 'PronType=Art', 'head': 5, 'deprel': 'det:def', 'lemma': 'ה'}, {'id': 5, 'text': 'ממוצע', 'upos': 'ADJ', 'xpos': 'ADJ', 'feats': 'Gender=Masc|Number=Sing', 'head': 3, 'deprel': 'amod', 'lemma': 'ממוצע'}]"
6,של,ADP,ADP,8.0,case:gen,"(15, 17)",של,Case=Gen,
"(7, 8)",הדירה,,,,,"(18, 23)",,,"[{'id': 7, 'text': 'ה', 'upos': 'DET', 'xpos': 'DET', 'feats': 'PronType=Art', 'head': 8, 'deprel': 'det:def', 'lemma': 'ה'}, {'id': 8, 'text': 'דירה', 'upos': 'NOUN', 'xpos': 'NOUN', 'feats': 'Gender=Fem|Number=Sing', 'head': 3, 'deprel': 'nmod', 'lemma': 'דירה'}]"
9,הינו,AUX,AUX,11.0,cop,"(24, 28)",הנו,Gender=Masc|Number=Sing|Person=3|Polarity=Pos|VerbForm=Part|VerbType=Cop,
10,127,NUM,NUM,11.0,nummod,"(29, 32)",127,,
11,"מ""ר",NOUN,NOUN,1.0,conj,"(33, 36)","מ""ר",Abbr=Yes|Gender=Masc|Number=Sing,
"(1, 3)",קוני דירות,,,,,"(1, 11)",,,"[{'id': 1, 'text': 'קוניטדירות_', 'upos': 'NOUN', 'xpos': 'NOUN', 'feats': 'Definite=Def|Gender=Masc|Number=Plur', 'head': 11, 'deprel': 'nsubj', 'lemma': 'קוניטדירות'}, {'id': 2, 'text': '_של_', 'upos': 'ADP', 'xpos': 'ADP', 'head': 3, 'deprel': 'case:gen', 'lemma': 'של'}, {'id': 3, 'text': '_היא', 'upos': 'PRON', 'xpos': 'PRON', 'feats': 'Case=Gen|Gender=Fem|Number=Sing|Person=3|PronType=Prs', 'head': 1, 'deprel': 'nmod:poss', 'lemma': 'הוא'}]"
"(4, 5)",שזוהי,,,,,"(12, 17)",,,"[{'id': 4, 'text': 'ש', 'upos': 'SCONJ', 'xpos': 'SCONJ', 'head': 6, 'deprel': 'mark', 'lemma': 'ש'}, {'id': 5, 'text': 'זוהי', 'upos': 'PRON', 'xpos': 'PRON', 'feats': 'Gender=Fem|Number=Sing|Person=3|PronType=Dem', 'head': 6, 'deprel': 'nsubj', 'lemma': 'זהו'}]"
"(6, 8)",דירתם,,,,,"(18, 23)",,,"[{'id': 6, 'text': 'דירה_', 'upos': 'NOUN', 'xpos': 'NOUN', 'feats': 'Definite=Def|Gender=Fem|Number=Sing', 'head': 1, 'deprel': 'acl:relcl', 'lemma': 'דירה'}, {'id': 7, 'text': '_של_', 'upos': 'ADP', 'xpos': 'ADP', 'head': 8, 'deprel': 'case:gen', 'lemma': 'של'}, {'id': 8, 'text': '_הם', 'upos': 'PRON', 'xpos': 'PRON', 'feats': 'Case=Gen|Gender=Masc|Number=Plur|Person=3|PronType=Prs', 'head': 6, 'deprel': 'nmod:poss', 'lemma': 'הוא'}]"
"(9, 10)",הראשונה,,,,,"(24, 31)",,,"[{'id': 9, 'text': 'ה', 'upos': 'DET', 'xpos': 'DET', 'feats': 'PronType=Art', 'head': 10, 'deprel': 'det:def', 'lemma': 'ה'}, {'id': 10, 'text': 'ראשונה', 'upos': 'ADJ', 'xpos': 'ADJ', 'feats': 'Gender=Fem|Number=Sing', 'head': 6, 'deprel': 'amod', 'lemma': 'ראשונה'}]"
11,קנו,VERB,VERB,0.0,root,"(32, 35)",קנה,"Gender=Fem,Masc|HebBinyan=PAAL|Number=Plur|Person=3|Tense=Past|Voice=Act",
12,דירות,NOUN,NOUN,11.0,obj,"(36, 41)",דירה,Gender=Fem|Number=Plur,
13,בנות,NOUN,NOUN,12.0,acl,"(42, 46)",בת,Definite=Cons|Gender=Fem|Number=Sing,
14,4,NUM,NUM,13.0,compound:smixut,"(47, 48)",4,,
1,1,NUM,NUM,2.0,nummod,"(0, 1)",1,,
2,חדרים,NOUN,NOUN,0.0,root,"(2, 7)",חדר,Gender=Masc|Number=Plur,
"(3, 6)",ובשטח,,,,,"(8, 13)",,,"[{'id': 3, 'text': 'ו', 'upos': 'CCONJ', 'xpos': 'CCONJ', 'head': 6, 'deprel': 'cc', 'lemma': 'ו'}, {'id': 4, 'text': 'ב', 'upos': 'ADP', 'xpos': 'ADP', 'head': 6, 'deprel': 'case', 'lemma': 'ב'}, {'id': 5, 'text': 'ה_', 'upos': 'DET', 'xpos': 'DET', 'feats': 'PronType=Art', 'head': 6, 'deprel': 'det:def', 'lemma': 'ה'}, {'id': 6, 'text': 'שטח', 'upos': 'NOUN', 'xpos': 'NOUN', 'feats': 'Gender=Masc|Number=Sing', 'head': 2, 'deprel': 'conj', 'lemma': 'שטח'}]"
7,של,ADP,ADP,9.0,case:gen,"(14, 16)",של,Case=Gen,
8,126,NUM,NUM,9.0,nummod,"(17, 20)",126,,
9,"מ""ר",NOUN,NOUN,6.0,nmod:poss,"(21, 24)","מ""ר",Abbr=Yes|Gender=Masc|Number=Sing,
"(10, 11)",בממוצע,,,,,"(25, 31)",,,"[{'id': 10, 'text': 'ב', 'upos': 'ADP', 'xpos': 'ADP', 'head': 11, 'deprel': 'case', 'lemma': 'ב'}, {'id': 11, 'text': 'ממוצע', 'upos': 'NOUN', 'xpos': 'NOUN', 'feats': 'Gender=Masc|Number=Sing', 'head': 6, 'deprel': 'nmod', 'lemma': 'ממוצע'}]"
1,◊,PUNCT,PUNCT,14.0,dep,"(1, 2)",◊,,
2,קוני דירות,NOUN,NOUN,14.0,nsubj,"(3, 13)",קונידדירה,Definite=Cons|Gender=Masc|Number=Plur,
"(3, 4)",שהיתה,,,,,"(14, 19)",,,"[{'id': 3, 'text': 'ש', 'upos': 'SCONJ', 'xpos': 'SCONJ', 'head': 4, 'deprel': 'mark', 'lemma': 'ש'}, {'id': 4, 'text': 'היתה', 'upos': 'VERB', 'xpos': 'VERB', 'feats': 'Gender=Fem|HebExistential=True|Number=Sing|Person=3|Polarity=Pos|Tense=Past', 'head': 2, 'deprel': 'acl:relcl', 'lemma': 'היה'}]"
"(5, 8)",בבעלותם,,,,,"(20, 27)",,,"[{'id': 5, 'text': 'ב', 'upos': 'ADP', 'xpos': 'ADP', 'head': 6, 'deprel': 'case', 'lemma': 'ב'}, {'id': 6, 'text': 'בעלות_', 'upos': 'NOUN', 'xpos': 'NOUN', 'feats': 'Definite=Def|Gender=Fem|Number=Sing', 'head': 4, 'deprel': 'obl', 'lemma': 'בעלות'}, {'id': 7, 'text': '_של_', 'upos': 'ADP', 'xpos': 'ADP', 'head': 8, 'deprel': 'case:gen', 'lemma': 'של'}, {'id': 8, 'text': '_הם', 'upos': 'PRON', 'xpos': 'PRON', 'feats': 'Case=Gen|Gender=Masc|Number=Plur|Person=3|PronType=Prs', 'head': 6, 'deprel': 'nmod:poss', 'lemma': 'הוא'}]"
9,דירה,NOUN,NOUN,4.0,nsubj,"(28, 32)",דירה,Gender=Fem|Number=Sing,
"(10, 12)",בעבר,,,,,"(33, 37)",,,"[{'id': 10, 'text': 'ב', 'upos': 'ADP', 'xpos': 'ADP', 'head': 12, 'deprel': 'case', 'lemma': 'ב'}, {'id': 11, 'text': 'ה_', 'upos': 'DET', 'xpos': 'DET', 'feats': 'PronType=Art', 'head': 12, 'deprel': 'det:def', 'lemma': 'ה'}, {'id': 12, 'text': 'עבר', 'upos': 'NOUN', 'xpos': 'NOUN', 'feats': 'Gender=Masc|Number=Sing', 'head': 4, 'deprel': 'obl', 'lemma': 'עבר'}]"
13,",",PUNCT,PUNCT,14.0,punct,"(37, 38)",",",,
14,קנו,VERB,VERB,0.0,root,"(39, 42)",קנה,"Gender=Fem,Masc|HebBinyan=PAAL|Number=Plur|Person=3|Tense=Past|Voice=Act",
15,דירות,NOUN,NOUN,14.0,obj,"(43, 48)",דירה,Gender=Fem|Number=Plur,
16,של,ADP,ADP,18.0,case:gen,"(49, 51)",של,Case=Gen,
17,131,NUM,NUM,18.0,nummod,"(52, 55)",131,,
18,מ״ר,NOUN,NOUN,15.0,nmod,"(56, 59)",מ״ר,Abbr=Yes|Gender=Masc|Number=Sing,
"(19, 20)",בממוצע,,,,,"(60, 66)",,,"[{'id': 19, 'text': 'ב', 'upos': 'ADP', 'xpos': 'ADP', 'head': 20, 'deprel': 'case', 'lemma': 'ב'}, {'id': 20, 'text': 'ממוצע', 'upos': 'NOUN', 'xpos': 'NOUN', 'feats': 'Gender=Masc|Number=Sing', 'head': 18, 'deprel': 'nmod', 'lemma': 'ממוצע'}]"
21,(,PUNCT,PUNCT,24.0,punct,"(67, 68)",(,,
22,לעומת,ADP,ADP,24.0,case,"(68, 73)",לעומת,,
23,105,NUM,NUM,24.0,nummod,"(74, 77)",105,,
24,"מ""ר",NOUN,NOUN,15.0,appos,"(78, 81)","מ""ר",Abbr=Yes|Gender=Masc|Number=Sing,
"(25, 26)",בממוצע,,,,,"(82, 88)",,,"[{'id': 25, 'text': 'ב', 'upos': 'ADP', 'xpos': 'ADP', 'head': 26, 'deprel': 'case', 'lemma': 'ב'}, {'id': 26, 'text': 'ממוצע', 'upos': 'NOUN', 'xpos': 'NOUN', 'feats': 'Gender=Masc|Number=Sing', 'head': 24, 'deprel': 'nmod', 'lemma': 'ממוצע'}]"
"(27, 30)",בדירתם,,,,,"(89, 95)",,,"[{'id': 27, 'text': 'ב', 'upos': 'ADP', 'xpos': 'ADP', 'head': 28, 'deprel': 'case', 'lemma': 'ב'}, {'id': 28, 'text': 'דירה_', 'upos': 'NOUN', 'xpos': 'NOUN', 'feats': 'Definite=Def|Gender=Fem|Number=Sing', 'head': 24, 'deprel': 'nmod', 'lemma': 'דירה'}, {'id': 29, 'text': '_של_', 'upos': 'ADP', 'xpos': 'ADP', 'head': 30, 'deprel': 'case:gen', 'lemma': 'של'}, {'id': 30, 'text': '_הם', 'upos': 'PRON', 'xpos': 'PRON', 'feats': 'Case=Gen|Gender=Masc|Number=Plur|Person=3|PronType=Prs', 'head': 28, 'deprel': 'nmod:poss', 'lemma': 'הוא'}]"
"(31, 32)",הקודמת,,,,,"(96, 102)",,,"[{'id': 31, 'text': 'ה', 'upos': 'DET', 'xpos': 'DET', 'feats': 'PronType=Art', 'head': 32, 'deprel': 'det:def', 'lemma': 'ה'}, {'id': 32, 'text': 'קודמת', 'upos': 'ADJ', 'xpos': 'ADJ', 'feats': 'Gender=Fem|Number=Sing', 'head': 28, 'deprel': 'amod', 'lemma': 'קודם'}]"
33,),PUNCT,PUNCT,24.0,punct,"(103, 104)",),,
34,",",PUNCT,PUNCT,15.0,punct,"(104, 105)",",",,
"(35, 36)",שכוללות,,,,,"(106, 113)",,,"[{'id': 35, 'text': 'ש', 'upos': 'SCONJ', 'xpos': 'SCONJ', 'head': 36, 'deprel': 'mark', 'lemma': 'ש'}, {'id': 36, 'text': 'כוללות', 'upos': 'VERB', 'xpos': 'VERB', 'feats': 'Gender=Fem|HebBinyan=PAAL|Number=Plur|Person=1,2,3|VerbForm=Part|Voice=Act', 'head': 15, 'deprel': 'acl:relcl', 'lemma': 'כלל'}]"
37,4,NUM,NUM,36.0,obj,"(114, 115)",4,,
1,3,NUM,NUM,2.0,nummod,"(0, 1)",3,,
2,חדרים,NOUN,NOUN,0.0,root,"(2, 7)",חדר,Gender=Masc|Number=Plur,
"(3, 4)",בממוצע,,,,,"(8, 14)",,,"[{'id': 3, 'text': 'ב', 'upos': 'ADP', 'xpos': 'ADP', 'head': 4, 'deprel': 'case', 'lemma': 'ב'}, {'id': 4, 'text': 'ממוצע', 'upos': 'NOUN', 'xpos': 'NOUN', 'feats': 'Gender=Masc|Number=Sing', 'head': 2, 'deprel': 'nmod', 'lemma': 'ממוצע'}]"
5,(,PUNCT,PUNCT,7.0,punct,"(15, 16)",(,,
6,לעומת,ADP,ADP,7.0,case,"(16, 21)",לעומת,,
7,3,NUM,NUM,2.0,appos,"(22, 23)",3,,
1,6,NUM,NUM,2.0,nummod,"(0, 1)",6,,
2,חדרים,NOUN,NOUN,0.0,root,"(2, 7)",חדר,Gender=Masc|Number=Plur,
"(3, 6)",בדירתם,,,,,"(8, 14)",,,"[{'id': 3, 'text': 'ב', 'upos': 'ADP', 'xpos': 'ADP', 'head': 4, 'deprel': 'case', 'lemma': 'ב'}, {'id': 4, 'text': 'דירה_', 'upos': 'NOUN', 'xpos': 'NOUN', 'feats': 'Definite=Def|Gender=Fem|Number=Sing', 'head': 2, 'deprel': 'nmod', 'lemma': 'דירה'}, {'id': 5, 'text': '_של_', 'upos': 'ADP', 'xpos': 'ADP', 'head': 6, 'deprel': 'case:gen', 'lemma': 'של'}, {'id': 6, 'text': '_הם', 'upos': 'PRON', 'xpos': 'PRON', 'feats': 'Case=Gen|Gender=Masc|Number=Plur|Person=3|PronType=Prs', 'head': 4, 'deprel': 'nmod:poss', 'lemma': 'הוא'}]"
"(7, 8)",הקודמת,,,,,"(15, 21)",,,"[{'id': 7, 'text': 'ה', 'upos': 'DET', 'xpos': 'DET', 'feats': 'PronType=Art', 'head': 8, 'deprel': 'det:def', 'lemma': 'ה'}, {'id': 8, 'text': 'קודמת', 'upos': 'ADJ', 'xpos': 'ADJ', 'feats': 'Gender=Fem|Number=Sing', 'head': 4, 'deprel': 'amod', 'lemma': 'קודם'}]"
9,),PUNCT,PUNCT,2.0,punct,"(21, 22)",),,
1,◊,PUNCT,PUNCT,11.0,punct,"(1, 2)",◊,,
2,מחיר,NOUN,NOUN,11.0,nsubj:cop,"(3, 7)",מחיר,Definite=Cons|Gender=Masc|Number=Sing,
"(3, 4)",הדירה,,,,,"(8, 13)",,,"[{'id': 3, 'text': 'ה', 'upos': 'DET', 'xpos': 'DET', 'feats': 'PronType=Art', 'head': 4, 'deprel': 'det:def', 'lemma': 'ה'}, {'id': 4, 'text': 'דירה', 'upos': 'NOUN', 'xpos': 'NOUN', 'feats': 'Gender=Fem|Number=Sing', 'head': 2, 'deprel': 'compound:smixut', 'lemma': 'דירה'}]"
"(5, 6)",הממוצע,,,,,"(14, 20)",,,"[{'id': 5, 'text': 'ה', 'upos': 'DET', 'xpos': 'DET', 'feats': 'PronType=Art', 'head': 6, 'deprel': 'det:def', 'lemma': 'ה'}, {'id': 6, 'text': 'ממוצע', 'upos': 'ADJ', 'xpos': 'ADJ', 'feats': 'Gender=Masc|Number=Sing', 'head': 2, 'deprel': 'amod', 'lemma': 'ממוצע'}]"
"(7, 8)",בשלומי,,,,,"(21, 27)",,,"[{'id': 7, 'text': 'ב', 'upos': 'ADP', 'xpos': 'ADP', 'head': 8, 'deprel': 'case', 'lemma': 'ב'}, {'id': 8, 'text': 'שלומי', 'upos': 'PROPN', 'xpos': 'PROPN', 'head': 2, 'deprel': 'nmod', 'lemma': 'שלומי'}]"
9,הוא,AUX,AUX,11.0,cop,"(28, 31)",הוא,Gender=Masc|Number=Sing|Person=3|Polarity=Pos|VerbForm=Part|VerbType=Cop,
10,"126,600",NUM,NUM,11.0,nummod,"(32, 39)","126,600",,
11,$,NOUN,NOUN,0.0,root,"(40, 41)",$,,
12,",",PUNCT,PUNCT,11.0,punct,"(41, 42)",",",,
13,כאשר,SCONJ,SCONJ,25.0,mark,"(43, 47)",כאשר,,
14,קוני,NOUN,NOUN,25.0,nsubj,"(48, 52)",קונה,Definite=Cons|Gender=Masc|Number=Plur,
15,דירה,NOUN,NOUN,14.0,compound:smixut,"(53, 57)",דירה,Gender=Fem|Number=Sing,
"(16, 17)",שהיתה,,,,,"(58, 63)",,,"[{'id': 16, 'text': 'ש', 'upos': 'SCONJ', 'xpos': 'SCONJ', 'head': 17, 'deprel': 'mark', 'lemma': 'ש'}, {'id': 17, 'text': 'היתה', 'upos': 'AUX', 'xpos': 'AUX', 'feats': 'Gender=Fem|Number=Sing|Person=3|Polarity=Pos|Tense=Past|VerbType=Cop', 'head': 15, 'deprel': 'acl:relcl', 'lemma': 'היה'}]"
"(18, 21)",בבעלותם,,,,,"(64, 71)",,,"[{'id': 18, 'text': 'ב', 'upos': 'ADP', 'xpos': 'ADP', 'head': 19, 'deprel': 'case', 'lemma': 'ב'}, {'id': 19, 'text': 'בעלות_', 'upos': 'NOUN', 'xpos': 'NOUN', 'feats': 'Definite=Def|Gender=Fem|Number=Sing', 'head': 17, 'deprel': 'obl', 'lemma': 'בעלות'}, {'id': 20, 'text': '_של_', 'upos': 'ADP', 'xpos': 'ADP', 'head': 21, 'deprel': 'case:gen', 'lemma': 'של'}, {'id': 21, 'text': '_הם', 'upos': 'PRON', 'xpos': 'PRON', 'feats': 'Case=Gen|Gender=Masc|Number=Plur|Person=3|PronType=Prs', 'head': 19, 'deprel': 'nmod:poss', 'lemma': 'הוא'}]"
22,דירה,NOUN,NOUN,17.0,nsubj,"(72, 76)",דירה,Gender=Fem|Number=Sing,
23,קודמת,ADJ,ADJ,22.0,amod,"(77, 82)",קודם,Gender=Fem|Number=Sing,
24,",",PUNCT,PUNCT,25.0,punct,"(83, 84)",",",,
25,קנו,VERB,VERB,11.0,advcl,"(85, 88)",קנה,"Gender=Fem,Masc|HebBinyan=PAAL|Number=Plur|Person=3|Tense=Past|Voice=Act",
26,דירות,NOUN,NOUN,25.0,obj,"(89, 94)",דירה,Gender=Fem|Number=Plur,
27,גדולות,ADJ,ADJ,26.0,amod,"(95, 101)",גדול,Gender=Fem|Number=Plur,
28,יותר,ADV,ADV,27.0,advmod,"(102, 106)",יותר,,
"(29, 31)",ובמחירים,,,,,"(107, 115)",,,"[{'id': 29, 'text': 'ו', 'upos': 'CCONJ', 'xpos': 'CCONJ', 'head': 31, 'deprel': 'cc', 'lemma': 'ו'}, {'id': 30, 'text': 'ב', 'upos': 'ADP', 'xpos': 'ADP', 'head': 31, 'deprel': 'case', 'lemma': 'ב'}, {'id': 31, 'text': 'מחירים', 'upos': 'NOUN', 'xpos': 'NOUN', 'feats': 'Gender=Masc|Number=Plur', 'head': 26, 'deprel': 'conj', 'lemma': 'מחיר'}]"
32,גבוהים,ADJ,ADJ,31.0,amod,"(116, 122)",גבוה,Gender=Masc|Number=Plur,
"(33, 35)",מהממוצע,,,,,"(123, 130)",,,"[{'id': 33, 'text': 'מ', 'upos': 'ADP', 'xpos': 'ADP', 'head': 35, 'deprel': 'case', 'lemma': 'מ'}, {'id': 34, 'text': 'ה', 'upos': 'DET', 'xpos': 'DET', 'feats': 'PronType=Art', 'head': 35, 'deprel': 'det:def', 'lemma': 'ה'}, {'id': 35, 'text': 'ממוצע', 'upos': 'NOUN', 'xpos': 'NOUN', 'feats': 'Gender=Masc|Number=Sing', 'head': 32, 'deprel': 'advmod', 'lemma': 'ממוצע'}]"
1,◊,PUNCT,PUNCT,25.0,punct,"(1, 2)",◊,,
2,היות,CCONJ,CCONJ,11.0,mark,"(3, 7)",היות,,
"(3, 4)",ואחוז,,,,,"(8, 13)",,,"[{'id': 3, 'text': 'ו', 'upos': 'CCONJ', 'xpos': 'CCONJ', 'head': 2, 'deprel': 'fixed', 'lemma': 'ו'}, {'id': 4, 'text': 'אחוז', 'upos': 'NOUN', 'xpos': 'NOUN', 'feats': 'Gender=Masc|Number=Sing', 'head': 11, 'deprel': 'nsubj', 'lemma': 'אחוז'}]"
5,גבוה,ADJ,ADJ,4.0,amod,"(14, 18)",גבוה,Gender=Masc|Number=Sing,
"(6, 8)",מהקונים,,,,,"(19, 26)",,,"[{'id': 6, 'text': 'מ', 'upos': 'ADP', 'xpos': 'ADP', 'head': 8, 'deprel': 'case', 'lemma': 'מ'}, {'id': 7, 'text': 'ה', 'upos': 'DET', 'xpos': 'DET', 'feats': 'PronType=Art', 'head': 8, 'deprel': 'det:def', 'lemma': 'ה'}, {'id': 8, 'text': 'קונים', 'upos': 'NOUN', 'xpos': 'NOUN', 'feats': 'Gender=Masc|Number=Plur', 'head': 4, 'deprel': 'nmod', 'lemma': 'קונה'}]"
9,היום,ADV,ADV,11.0,advmod,"(27, 31)",היום,,
10,הינם,AUX,AUX,11.0,cop,"(32, 36)",הוא,Gender=Masc|Number=Plur|Person=3|Polarity=Pos|VerbForm=Part|VerbType=Cop,
11,קוני,NOUN,NOUN,25.0,advcl,"(37, 41)",קונה,Definite=Cons|Gender=Masc|Number=Plur,
12,דירה,NOUN,NOUN,11.0,compound:smixut,"(42, 46)",דירה,Gender=Fem|Number=Sing,
13,לראשונה,ADV,ADV,11.0,advmod,"(47, 54)",לראשונה,,
14,",",PUNCT,PUNCT,25.0,punct,"(55, 56)",",",,
15,מרבית,DET,DET,17.0,det,"(57, 62)",מרבית,Definite=Cons,
"(16, 17)",המימון,,,,,"(63, 69)",,,"[{'id': 16, 'text': 'ה', 'upos': 'DET', 'xpos': 'DET', 'feats': 'PronType=Art', 'head': 17, 'deprel': 'det:def', 'lemma': 'ה'}, {'id': 17, 'text': 'מימון', 'upos': 'NOUN', 'xpos': 'NOUN', 'feats': 'Gender=Masc|Number=Sing', 'head': 25, 'deprel': 'nsubj:cop', 'lemma': 'מימון'}]"
"(18, 20)",בעבור,,,,,"(70, 75)",,,"[{'id': 18, 'text': 'ב', 'upos': 'ADP', 'xpos': 'ADP', 'head': 22, 'deprel': 'case', 'lemma': 'ב'}, {'id': 19, 'text': 'ה_', 'upos': 'X', 'xpos': 'X', 'feats': 'Xtra=Junk', 'head': 17, 'deprel': 'nmod', 'lemma': 'ה'}, {'id': 20, 'text': 'עבור', 'upos': 'ADP', 'xpos': 'ADP', 'head': 22, 'deprel': 'case', 'lemma': 'עבור'}]"
"(21, 22)",הדירה,,,,,"(76, 81)",,,"[{'id': 21, 'text': 'ה', 'upos': 'DET', 'xpos': 'DET', 'feats': 'PronType=Art', 'head': 22, 'deprel': 'det:def', 'lemma': 'ה'}, {'id': 22, 'text': 'דירה', 'upos': 'NOUN', 'xpos': 'NOUN', 'feats': 'Gender=Fem|Number=Sing', 'head': 17, 'deprel': 'nmod', 'lemma': 'דירה'}]"
23,הינו,AUX,AUX,25.0,cop,"(82, 86)",הנו,Gender=Masc|Number=Sing|Person=3|Polarity=Pos|VerbForm=Part|VerbType=Cop,
"(24, 25)",ממשכנתא,,,,,"(87, 94)",,,"[{'id': 24, 'text': 'מ', 'upos': 'ADP', 'xpos': 'ADP', 'head': 25, 'deprel': 'case', 'lemma': 'מ'}, {'id': 25, 'text': 'משכנתא', 'upos': 'NOUN', 'xpos': 'NOUN', 'feats': 'Gender=Fem|Number=Sing', 'head': 0, 'deprel': 'root', 'lemma': 'משכנתא'}]"
"(26, 28)",לזכאים,,,,,"(95, 101)",,,"[{'id': 26, 'text': 'ל', 'upos': 'ADP', 'xpos': 'ADP', 'head': 28, 'deprel': 'case', 'lemma': 'ל'}, {'id': 27, 'text': 'ה_', 'upos': 'DET', 'xpos': 'DET', 'feats': 'PronType=Art', 'head': 28, 'deprel': 'det:def', 'lemma': 'ה'}, {'id': 28, 'text': 'זכאים', 'upos': 'ADJ', 'xpos': 'ADJ', 'feats': 'Gender=Masc|Number=Plur', 'head': 25, 'deprel': 'nmod', 'lemma': 'זכאי'}]"
"(29, 30)",ומשלימה,,,,,"(102, 109)",,,"[{'id': 29, 'text': 'ו', 'upos': 'CCONJ', 'xpos': 'CCONJ', 'head': 30, 'deprel': 'cc', 'lemma': 'ו'}, {'id': 30, 'text': 'משלימה', 'upos': 'VERB', 'xpos': 'VERB', 'feats': 'Gender=Fem|HebBinyan=HIFIL|Number=Sing|Person=1,2,3|VerbForm=Part|Voice=Act', 'head': 25, 'deprel': 'conj', 'lemma': 'השלים'}]"
1,להלן,ADV,ADV,0.0,root,"(1, 5)",להלן,,
2,פרוט,NOUN,NOUN,1.0,dep,"(6, 10)",פרוט,Definite=Cons|Gender=Masc|Number=Sing,
3,מקורות,NOUN,NOUN,2.0,compound:smixut,"(11, 17)",מקור,Definite=Cons|Gender=Masc|Number=Plur,
"(4, 5)",המימון,,,,,"(18, 24)",,,"[{'id': 4, 'text': 'ה', 'upos': 'DET', 'xpos': 'DET', 'feats': 'PronType=Art', 'head': 5, 'deprel': 'det:def', 'lemma': 'ה'}, {'id': 5, 'text': 'מימון', 'upos': 'NOUN', 'xpos': 'NOUN', 'feats': 'Gender=Masc|Number=Sing', 'head': 3, 'deprel': 'compound:smixut', 'lemma': 'מימון'}]"
6,",",PUNCT,PUNCT,1.0,punct,"(24, 25)",",",,
"(7, 9)",לקונים,,,,,"(26, 32)",,,"[{'id': 7, 'text': 'ל', 'upos': 'ADP', 'xpos': 'ADP', 'head': 9, 'deprel': 'case', 'lemma': 'ל'}, {'id': 8, 'text': 'ה_', 'upos': 'DET', 'xpos': 'DET', 'feats': 'PronType=Art', 'head': 9, 'deprel': 'det:def', 'lemma': 'ה'}, {'id': 9, 'text': 'קונים', 'upos': 'NOUN', 'xpos': 'NOUN', 'feats': 'Gender=Masc|Number=Plur', 'head': 1, 'deprel': 'dep', 'lemma': 'קונה'}]"
"(10, 11)",שהיתה,,,,,"(33, 38)",,,"[{'id': 10, 'text': 'ש', 'upos': 'SCONJ', 'xpos': 'SCONJ', 'head': 11, 'deprel': 'mark', 'lemma': 'ש'}, {'id': 11, 'text': 'היתה', 'upos': 'AUX', 'xpos': 'AUX', 'feats': 'Gender=Fem|Number=Sing|Person=3|Polarity=Pos|Tense=Past|VerbType=Cop', 'head': 9, 'deprel': 'acl:relcl', 'lemma': 'היה'}]"
"(12, 15)",בבעלותם,,,,,"(39, 46)",,,"[{'id': 12, 'text': 'ב', 'upos': 'ADP', 'xpos': 'ADP', 'head': 13, 'deprel': 'case', 'lemma': 'ב'}, {'id': 13, 'text': 'בעלות_', 'upos': 'NOUN', 'xpos': 'NOUN', 'feats': 'Definite=Def|Gender=Fem|Number=Sing', 'head': 9, 'deprel': 'acl:relcl', 'lemma': 'בעלות'}, {'id': 14, 'text': '_של_', 'upos': 'ADP', 'xpos': 'ADP', 'head': 15, 'deprel': 'case:gen', 'lemma': 'של'}, {'id': 15, 'text': '_הם', 'upos': 'PRON', 'xpos': 'PRON', 'feats': 'Case=Gen|Gender=Masc|Number=Plur|Person=3|PronType=Prs', 'head': 13, 'deprel': 'nmod:poss', 'lemma': 'הוא'}]"
16,דירה,NOUN,NOUN,11.0,nsubj,"(47, 51)",דירה,Gender=Fem|Number=Sing,
17,קודמת,ADJ,ADJ,16.0,amod,"(52, 57)",קודם,Gender=Fem|Number=Sing,
18,:,PUNCT,PUNCT,1.0,dep,"(57, 58)",:,,
19,-,PUNCT,PUNCT,21.0,punct,"(59, 60)",-,,
20,60,NUM,NUM,21.0,nummod,"(61, 63)",60,,
21,%,NOUN,NOUN,1.0,dep,"(63, 64)",%,"Gender=Masc|Number=Plur,Sing",
"(22, 24)",מימנו,,,,,"(65, 70)",,,"[{'id': 22, 'text': 'מימן_', 'upos': 'NOUN', 'xpos': 'NOUN', 'feats': 'Definite=Def|Gender=Masc|Number=Sing', 'head': 21, 'deprel': 'nmod', 'lemma': 'מימן'}, {'id': 23, 'text': '_של_', 'upos': 'ADP', 'xpos': 'ADP', 'head': 24, 'deprel': 'case:gen', 'lemma': 'של'}, {'id': 24, 'text': '_הוא', 'upos': 'PRON', 'xpos': 'PRON', 'feats': 'Case=Gen|Gender=Masc|Number=Sing|Person=3|PronType=Prs', 'head': 22, 'deprel': 'nmod:poss', 'lemma': 'הוא'}]"
25,על,ADP,ADP,27.0,case,"(71, 73)",על,,
26,ידי,NOUN,NOUN,25.0,fixed,"(74, 77)",יד,Definite=Cons|Gender=Fem|Number=Plur,
27,מכירת,NOUN,NOUN,21.0,nmod,"(78, 83)",מכירה,Definite=Cons|Gender=Fem|Number=Sing,
"(28, 29)",הדירה,,,,,"(84, 89)",,,"[{'id': 28, 'text': 'ה', 'upos': 'DET', 'xpos': 'DET', 'feats': 'PronType=Art', 'head': 29, 'deprel': 'det:def', 'lemma': 'ה'}, {'id': 29, 'text': 'דירה', 'upos': 'NOUN', 'xpos': 'NOUN', 'feats': 'Gender=Fem|Number=Sing', 'head': 27, 'deprel': 'compound:smixut', 'lemma': 'דירה'}]"
"(30, 31)",הקודמת,,,,,"(90, 96)",,,"[{'id': 30, 'text': 'ה', 'upos': 'DET', 'xpos': 'DET', 'feats': 'PronType=Art', 'head': 31, 'deprel': 'det:def', 'lemma': 'ה'}, {'id': 31, 'text': 'קודמת', 'upos': 'ADJ', 'xpos': 'ADJ', 'feats': 'Gender=Fem|Number=Sing', 'head': 29, 'deprel': 'amod', 'lemma': 'קודם'}]"
32,-,PUNCT,PUNCT,21.0,punct,"(97, 98)",-,,
33,52,NUM,NUM,34.0,nummod,"(99, 101)",52,,
34,%,NOUN,NOUN,21.0,dep,"(101, 102)",%,"Gender=Masc|Number=Plur,Sing",
"(35, 37)",מימנו,,,,,"(103, 108)",,,"[{'id': 35, 'text': 'מימן_', 'upos': 'NOUN', 'xpos': 'NOUN', 'feats': 'Definite=Def|Gender=Masc|Number=Sing', 'head': 21, 'deprel': 'nsubj', 'lemma': 'מימן'}, {'id': 36, 'text': '_של_', 'upos': 'ADP', 'xpos': 'ADP', 'head': 37, 'deprel': 'case:gen', 'lemma': 'של'}, {'id': 37, 'text': '_הוא', 'upos': 'PRON', 'xpos': 'PRON', 'feats': 'Case=Gen|Gender=Masc|Number=Sing|Person=3|PronType=Prs', 'head': 35, 'deprel': 'nmod:poss', 'lemma': 'הוא'}]"
38,על,ADP,ADP,40.0,case,"(109, 111)",על,,
39,ידי,NOUN,NOUN,38.0,fixed,"(112, 115)",יד,Definite=Cons|Gender=Fem|Number=Plur,
40,משכנתא,NOUN,NOUN,21.0,nmod,"(116, 122)",משכנתא,Gender=Fem|Number=Sing,
41,משלימה,ADJ,ADJ,40.0,amod,"(123, 129)",משלים,Gender=Fem|Number=Sing,
42,-,PUNCT,PUNCT,44.0,punct,"(130, 131)",-,,
43,29,NUM,NUM,44.0,nummod,"(132, 134)",29,,
44,%,NOUN,NOUN,40.0,appos,"(134, 135)",%,"Gender=Masc|Number=Plur,Sing",
"(45, 47)",מימנו,,,,,"(136, 141)",,,"[{'id': 45, 'text': 'מימן_', 'upos': 'NOUN', 'xpos': 'NOUN', 'feats': 'Definite=Def|Gender=Masc|Number=Sing', 'head': 59, 'deprel': 'nsubj', 'lemma': 'מימן'}, {'id': 46, 'text': '_של_', 'upos': 'ADP', 'xpos': 'ADP', 'head': 47, 'deprel': 'case:gen', 'lemma': 'של'}, {'id': 47, 'text': '_הוא', 'upos': 'PRON', 'xpos': 'PRON', 'feats': 'Case=Gen|Gender=Masc|Number=Sing|Person=3|PronType=Prs', 'head': 45, 'deprel': 'nmod:poss', 'lemma': 'הוא'}]"
48,על,ADP,ADP,50.0,case,"(142, 144)",על,,
49,ידי,NOUN,NOUN,48.0,fixed,"(145, 148)",יד,Definite=Cons|Gender=Fem|Number=Plur,
50,חסכונות,NOUN,NOUN,45.0,nmod,"(149, 156)",חיסכון,Gender=Masc|Number=Plur,
51,",",PUNCT,PUNCT,50.0,punct,"(156, 157)",",",,
52,מתנות,NOUN,NOUN,50.0,conj,"(158, 163)",מתנה,Gender=Fem|Number=Plur,
"(53, 55)",וכדומה,,,,,"(164, 170)",,,"[{'id': 53, 'text': 'ו', 'upos': 'CCONJ', 'xpos': 'CCONJ', 'head': 54, 'deprel': 'cc', 'lemma': 'ו'}, {'id': 54, 'text': 'כ', 'upos': 'ADP', 'xpos': 'ADP', 'head': 50, 'deprel': 'conj', 'lemma': 'כ'}, {'id': 55, 'text': 'דומה', 'upos': 'ADJ', 'xpos': 'ADJ', 'feats': 'Gender=Masc|Number=Sing', 'head': 54, 'deprel': 'fixed', 'lemma': 'דומה'}]"
56,(,PUNCT,PUNCT,59.0,punct,"(171, 172)",(,,
"(57, 58)",האחוזים,,,,,"(172, 179)",,,"[{'id': 57, 'text': 'ה', 'upos': 'DET', 'xpos': 'DET', 'feats': 'PronType=Art', 'head': 58, 'deprel': 'det:def', 'lemma': 'ה'}, {'id': 58, 'text': 'אחוזים', 'upos': 'NOUN', 'xpos': 'NOUN', 'feats': 'Gender=Masc|Number=Plur', 'head': 59, 'deprel': 'nsubj', 'lemma': 'אחוז'}]"
59,מסתכמים,VERB,VERB,21.0,parataxis,"(180, 187)",הסתכם,"Gender=Masc|HebBinyan=HITPAEL|Number=Plur|Person=1,2,3|VerbForm=Part",
"(60, 61)",ביותר,,,,,"(188, 193)",,,"[{'id': 60, 'text': 'ב', 'upos': 'ADP', 'xpos': 'ADP', 'head': 65, 'deprel': 'case', 'lemma': 'ב'}, {'id': 61, 'text': 'יותר', 'upos': 'ADV', 'xpos': 'ADV', 'head': 65, 'deprel': 'advmod', 'lemma': 'יותר'}]"
62,מ,ADP,ADP,61.0,fixed,"(194, 195)",מ,,
63,-,PUNCT,PUNCT,65.0,punct,"(195, 196)",-,,
64,100,NUM,NUM,65.0,nummod,"(197, 200)",100,,
65,%,NOUN,NOUN,59.0,obl,"(200, 201)",%,"Gender=Masc|Number=Plur,Sing",
66,היות,CCONJ,CCONJ,70.0,mark,"(202, 206)",היות,,
"(67, 69)",והמרואיינים,,,,,"(207, 218)",,,"[{'id': 67, 'text': 'ו', 'upos': 'CCONJ', 'xpos': 'CCONJ', 'head': 66, 'deprel': 'fixed', 'lemma': 'ו'}, {'id': 68, 'text': 'ה', 'upos': 'DET', 'xpos': 'DET', 'feats': 'PronType=Art', 'head': 69, 'deprel': 'det:def', 'lemma': 'ה'}, {'id': 69, 'text': 'מרואיינים', 'upos': 'NOUN', 'xpos': 'NOUN', 'feats': 'Gender=Masc|Number=Plur', 'head': 70, 'deprel': 'nsubj', 'lemma': 'מרואיין'}]"
70,יכלו,VERB,VERB,59.0,advcl,"(219, 223)",יכל,"Gender=Fem,Masc|Number=Plur|Person=3|Tense=Fut",
71,לציין,VERB,VERB,70.0,xcomp,"(224, 229)",ציין,HebBinyan=PIEL|VerbForm=Inf|Voice=Act,
72,יותר,ADV,ADV,74.0,advmod,"(230, 234)",יותר,HebSource=ConvUncertainHead,
"(73, 74)",ממקור,,,,,"(235, 240)",,,"[{'id': 73, 'text': 'מ', 'upos': 'ADP', 'xpos': 'ADP', 'head': 72, 'deprel': 'fixed', 'lemma': 'מ'}, {'id': 74, 'text': 'מקור', 'upos': 'NOUN', 'xpos': 'NOUN', 'feats': 'Definite=Cons|Gender=Masc|Number=Sing', 'head': 71, 'deprel': 'obj', 'lemma': 'מקור'}]"
75,מימון,NOUN,NOUN,74.0,compound:smixut,"(241, 246)",מימון,Gender=Masc|Number=Sing,
76,אחד,NUM,NUM,75.0,nummod,"(247, 250)",אחד,Gender=Masc|Number=Sing,
77,),PUNCT,PUNCT,59.0,punct,"(250, 251)",),,
1,מבין,ADP,ADP,2.0,case,"(1, 5)",מבין,,
"(2, 4)",קוני,,,,,"(6, 10)",,,"[{'id': 2, 'text': 'קון_', 'upos': 'NOUN', 'xpos': 'NOUN', 'feats': 'Definite=Def|Gender=Masc|Number=Plur', 'head': 5, 'deprel': 'nmod', 'lemma': 'קון'}, {'id': 3, 'text': '_של_', 'upos': 'ADP', 'xpos': 'ADP', 'head': 4, 'deprel': 'case:gen', 'lemma': 'של'}, {'id': 4, 'text': '_אני', 'upos': 'PRON', 'xpos': 'PRON', 'feats': 'Case=Gen|Gender=Fem,Masc|Number=Sing|Person=1|PronType=Prs', 'head': 2, 'deprel': 'nmod:poss', 'lemma': 'הוא'}]"
5,דירה,NOUN,NOUN,0.0,root,"(11, 15)",דירה,Gender=Fem|Number=Sing,
6,לראשונה,ADV,ADV,5.0,advmod,"(16, 23)",לראשונה,HebSource=ConvUncertainHead,
7,:,PUNCT,PUNCT,5.0,punct,"(23, 24)",:,HebSource=ConvUncertainHead,
8,-,PUNCT,PUNCT,5.0,punct,"(25, 26)",-,,
9,69,NUM,NUM,10.0,nummod,"(27, 29)",69,,
10,%,NOUN,NOUN,5.0,dep,"(29, 30)",%,"Gender=Masc|Number=Plur,Sing",
"(11, 13)",מימנו,,,,,"(31, 36)",,,"[{'id': 11, 'text': 'מימן_', 'upos': 'NOUN', 'xpos': 'NOUN', 'feats': 'Definite=Def|Gender=Masc|Number=Sing', 'head': 10, 'deprel': 'nsubj', 'lemma': 'מימן'}, {'id': 12, 'text': '_של_', 'upos': 'ADP', 'xpos': 'ADP', 'head': 13, 'deprel': 'case:gen', 'lemma': 'של'}, {'id': 13, 'text': '_הוא', 'upos': 'PRON', 'xpos': 'PRON', 'feats': 'Case=Gen|Gender=Masc|Number=Sing|Person=3|PronType=Prs', 'head': 11, 'deprel': 'nmod:poss', 'lemma': 'הוא'}]"
14,על,ADP,ADP,16.0,case,"(37, 39)",על,,
15,ידי,NOUN,NOUN,14.0,fixed,"(40, 43)",יד,Definite=Cons|Gender=Fem|Number=Plur,
16,משכנתא,NOUN,NOUN,11.0,nmod,"(44, 50)",משכנתא,Gender=Fem|Number=Sing,
17,משלימה,VERB,VERB,16.0,amod,"(51, 57)",השלים,"Gender=Fem|HebBinyan=PIEL|Number=Sing|Person=1,2,3|VerbForm=Part|Voice=Act",
"(18, 20)",מהבנקים,,,,,"(58, 65)",,,"[{'id': 18, 'text': 'מ', 'upos': 'ADP', 'xpos': 'ADP', 'head': 20, 'deprel': 'case', 'lemma': 'מ'}, {'id': 19, 'text': 'ה', 'upos': 'DET', 'xpos': 'DET', 'feats': 'PronType=Art', 'head': 20, 'deprel': 'det:def', 'lemma': 'ה'}, {'id': 20, 'text': 'בנקים', 'upos': 'NOUN', 'xpos': 'NOUN', 'feats': 'Gender=Masc|Number=Plur', 'head': 16, 'deprel': 'nmod', 'lemma': 'בנק'}]"
21,-,PUNCT,PUNCT,23.0,punct,"(66, 67)",-,,
22,68,NUM,NUM,23.0,nummod,"(68, 70)",68,,
23,%,NOUN,NOUN,10.0,dep,"(70, 71)",%,"Gender=Masc|Number=Plur,Sing",
24,מימנו,VERB,VERB,23.0,dep,"(72, 77)",מימן,HebSource=ConvUncertainHead,
25,על,ADP,ADP,27.0,case,"(78, 80)",על,,
26,ידי,NOUN,NOUN,25.0,fixed,"(81, 84)",יד,Definite=Cons|Gender=Fem|Number=Plur,
27,משכנתא,NOUN,NOUN,24.0,obl,"(85, 91)",משכנתא,Gender=Fem|Number=Sing,
"(28, 30)",לזכאים,,,,,"(92, 98)",,,"[{'id': 28, 'text': 'ל', 'upos': 'ADP', 'xpos': 'ADP', 'head': 30, 'deprel': 'case', 'lemma': 'ל'}, {'id': 29, 'text': 'ה_', 'upos': 'DET', 'xpos': 'DET', 'feats': 'PronType=Art', 'head': 30, 'deprel': 'det:def', 'lemma': 'ה'}, {'id': 30, 'text': 'זכאים', 'upos': 'ADJ', 'xpos': 'ADJ', 'feats': 'Gender=Masc|Number=Plur', 'head': 27, 'deprel': 'nmod', 'lemma': 'זכאי'}]"
31,-,PUNCT,PUNCT,32.0,punct,"(99, 100)",-,,
32,%,NOUN,NOUN,23.0,dep,"(101, 102)",%,"Gender=Masc|Number=Plur,Sing",
33,41,NUM,NUM,32.0,nummod,"(103, 105)",41,,
34,מימנו,VERB,VERB,5.0,dep,"(106, 111)",מימן,HebSource=ConvUncertainHead,
35,על,ADP,ADP,37.0,case,"(112, 114)",על,,
36,ידי,NOUN,NOUN,35.0,fixed,"(115, 118)",יד,Definite=Cons|Gender=Fem|Number=Plur,
37,חסכונות,NOUN,NOUN,57.0,advmod,"(119, 126)",חיסכון,Gender=Masc|Number=Plur,
38,",",PUNCT,PUNCT,37.0,punct,"(126, 127)",",",,
39,מתנות,NOUN,NOUN,37.0,conj,"(128, 133)",מתנה,Gender=Fem|Number=Plur,
"(40, 42)",וכדומה,,,,,"(134, 140)",,,"[{'id': 40, 'text': 'ו', 'upos': 'CCONJ', 'xpos': 'CCONJ', 'head': 37, 'deprel': 'conj', 'lemma': 'ו'}, {'id': 41, 'text': 'כ', 'upos': 'ADP', 'xpos': 'ADP', 'head': 37, 'deprel': 'conj', 'lemma': 'כ'}, {'id': 42, 'text': 'דומה', 'upos': 'ADJ', 'xpos': 'ADJ', 'feats': 'Gender=Masc|Number=Sing', 'head': 41, 'deprel': 'fixed', 'lemma': 'דומה'}]"
43,◊,PUNCT,PUNCT,57.0,dep,"(141, 142)",◊,,
44,החזרי,NOUN,NOUN,57.0,nsubj,"(143, 148)",החזר,Definite=Cons|Gender=Masc|Number=Plur,
"(45, 46)",החובות,,,,,"(149, 155)",,,"[{'id': 45, 'text': 'ה', 'upos': 'DET', 'xpos': 'DET', 'feats': 'PronType=Art', 'head': 46, 'deprel': 'det:def', 'lemma': 'ה'}, {'id': 46, 'text': 'חובות', 'upos': 'NOUN', 'xpos': 'NOUN', 'feats': 'Gender=Masc|Number=Plur', 'head': 44, 'deprel': 'compound:smixut', 'lemma': 'חוב'}]"
47,של,ADP,ADP,49.0,case:gen,"(156, 158)",של,Case=Gen,
"(48, 49)",ההלוואות,,,,,"(159, 167)",,,"[{'id': 48, 'text': 'ה', 'upos': 'DET', 'xpos': 'DET', 'feats': 'PronType=Art', 'head': 49, 'deprel': 'det:def', 'lemma': 'ה'}, {'id': 49, 'text': 'הלוואות', 'upos': 'NOUN', 'xpos': 'NOUN', 'feats': 'Gender=Fem|Number=Plur', 'head': 44, 'deprel': 'nmod:poss', 'lemma': 'הלוואה'}]"
"(50, 52)",והמשכנתאות,,,,,"(168, 178)",,,"[{'id': 50, 'text': 'ו', 'upos': 'CCONJ', 'xpos': 'CCONJ', 'head': 52, 'deprel': 'cc', 'lemma': 'ו'}, {'id': 51, 'text': 'ה', 'upos': 'DET', 'xpos': 'DET', 'feats': 'PronType=Art', 'head': 52, 'deprel': 'det:def', 'lemma': 'ה'}, {'id': 52, 'text': 'משכנתאות', 'upos': 'NOUN', 'xpos': 'NOUN', 'feats': 'Gender=Fem|Number=Plur', 'head': 49, 'deprel': 'conj', 'lemma': 'משכנתא'}]"
"(53, 54)",שנלקחו,,,,,"(179, 185)",,,"[{'id': 53, 'text': 'ש', 'upos': 'SCONJ', 'xpos': 'SCONJ', 'head': 54, 'deprel': 'mark', 'lemma': 'ש'}, {'id': 54, 'text': 'נלקחו', 'upos': 'VERB', 'xpos': 'VERB', 'feats': 'Gender=Fem,Masc|HebBinyan=NIFAL|Number=Plur|Person=3|Tense=Past|Voice=Mid', 'head': 49, 'deprel': 'acl:relcl', 'lemma': 'נלקח'}]"
55,הינם,AUX,AUX,57.0,cop,"(186, 190)",הוא,Gender=Masc|Number=Plur|Person=3|Polarity=Pos|VerbForm=Part|VerbType=Cop,
56,יחסית,ADV,ADV,57.0,advmod,"(191, 196)",יחסית,,
57,נמוכים,ADJ,ADJ,34.0,dep,"(197, 203)",נמוך,Gender=Masc|Number=Plur,
58,",",PUNCT,PUNCT,57.0,punct,"(204, 205)",",",,
"(59, 60)",בהשוואה,,,,,"(206, 213)",,,"[{'id': 59, 'text': 'ב', 'upos': 'ADP', 'xpos': 'ADP', 'head': 63, 'deprel': 'case', 'lemma': 'ב'}, {'id': 60, 'text': 'השוואה', 'upos': 'NOUN', 'xpos': 'NOUN', 'feats': 'Gender=Fem|Number=Sing', 'head': 59, 'deprel': 'fixed', 'lemma': 'השוואה'}]"
"(61, 63)",לסקרים,,,,,"(214, 220)",,,"[{'id': 61, 'text': 'ל', 'upos': 'ADP', 'xpos': 'ADP', 'head': 59, 'deprel': 'fixed', 'lemma': 'ל'}, {'id': 62, 'text': 'ה_', 'upos': 'DET', 'xpos': 'DET', 'feats': 'PronType=Art', 'head': 63, 'deprel': 'det:def', 'lemma': 'ה'}, {'id': 63, 'text': 'סקרים', 'upos': 'NOUN', 'xpos': 'NOUN', 'feats': 'Gender=Masc|Number=Plur', 'head': 57, 'deprel': 'obl', 'lemma': 'סקר'}]"
"(64, 65)",שנערכו,,,,,"(221, 227)",,,"[{'id': 64, 'text': 'ש', 'upos': 'SCONJ', 'xpos': 'SCONJ', 'head': 65, 'deprel': 'mark', 'lemma': 'ש'}, {'id': 65, 'text': 'נערכו', 'upos': 'VERB', 'xpos': 'VERB', 'feats': 'Gender=Fem,Masc|HebBinyan=NIFAL|Number=Plur|Person=3|Tense=Past|Voice=Mid', 'head': 63, 'deprel': 'acl:relcl', 'lemma': 'נערך'}]"
"(66, 67)",בהר,,,,,"(228, 231)",,,"[{'id': 66, 'text': 'ב', 'upos': 'ADP', 'xpos': 'ADP', 'head': 67, 'deprel': 'case', 'lemma': 'ב'}, {'id': 67, 'text': 'הר', 'upos': 'NOUN', 'xpos': 'NOUN', 'feats': 'Definite=Cons|Gender=Masc|Number=Sing', 'head': 65, 'deprel': 'obl', 'lemma': 'הר'}]"
68,חומה,NOUN,NOUN,67.0,flat:name,"(232, 236)",חומה,Gender=Fem|Number=Sing,
"(69, 71)",ובאשקלון,,,,,"(237, 245)",,,"[{'id': 69, 'text': 'ו', 'upos': 'CCONJ', 'xpos': 'CCONJ', 'head': 71, 'deprel': 'cc', 'lemma': 'ו'}, {'id': 70, 'text': 'ב', 'upos': 'ADP', 'xpos': 'ADP', 'head': 71, 'deprel': 'case', 'lemma': 'ב'}, {'id': 71, 'text': 'אשקלון', 'upos': 'PROPN', 'xpos': 'PROPN', 'head': 67, 'deprel': 'conj', 'lemma': 'אשקלון'}]"
"(72, 73)",וגבוהים,,,,,"(246, 253)",,,"[{'id': 72, 'text': 'ו', 'upos': 'CCONJ', 'xpos': 'CCONJ', 'head': 73, 'deprel': 'cc', 'lemma': 'ו'}, {'id': 73, 'text': 'גבוהים', 'upos': 'ADJ', 'xpos': 'ADJ', 'feats': 'Gender=Masc|Number=Plur', 'head': 57, 'deprel': 'conj', 'lemma': 'גבוה'}]"
74,יחסית,ADV,ADV,73.0,advmod,"(254, 259)",יחסית,,
"(75, 76)",לקוני,,,,,"(260, 265)",,,"[{'id': 75, 'text': 'ל', 'upos': 'ADP', 'xpos': 'ADP', 'head': 76, 'deprel': 'case', 'lemma': 'ל'}, {'id': 76, 'text': 'קוני', 'upos': 'NOUN', 'xpos': 'NOUN', 'feats': 'Definite=Cons|Gender=Masc|Number=Plur', 'head': 73, 'deprel': 'obl', 'lemma': 'קונה'}]"
77,דירות,NOUN,NOUN,76.0,compound:smixut,"(266, 271)",דירה,Gender=Fem|Number=Plur,
"(78, 79)",באלעד,,,,,"(272, 277)",,,"[{'id': 78, 'text': 'ב', 'upos': 'ADP', 'xpos': 'ADP', 'head': 79, 'deprel': 'case', 'lemma': 'ב'}, {'id': 79, 'text': 'אלעד', 'upos': 'PROPN', 'xpos': 'PROPN', 'head': 76, 'deprel': 'nmod', 'lemma': 'אלעד'}]"
1,-,PUNCT,PUNCT,4.0,punct,"(1, 2)",-,,
2,46,NUM,NUM,3.0,nummod,"(3, 5)",46,,
3,%,NOUN,NOUN,4.0,nsubj,"(5, 6)",%,"Gender=Masc|Number=Plur,Sing",
4,מחזירים,VERB,VERB,0.0,root,"(7, 14)",החזיר,"Gender=Masc|HebBinyan=HIFIL|Number=Plur|Person=1,2,3|VerbForm=Part|Voice=Act",
5,עד,ADP,ADP,7.0,case,"(15, 17)",עד,,
6,"2,000",NUM,NUM,7.0,nummod,"(18, 23)","2,000",,
7,"ש""ח",NOUN,NOUN,4.0,obj,"(24, 27)","ש""ח",Abbr=Yes|Gender=Masc|Number=Sing,
"(8, 9)",לחודש,,,,,"(28, 33)",,,"[{'id': 8, 'text': 'ל', 'upos': 'ADP', 'xpos': 'ADP', 'head': 9, 'deprel': 'case', 'lemma': 'ל'}, {'id': 9, 'text': 'חודש', 'upos': 'NOUN', 'xpos': 'NOUN', 'feats': 'Gender=Masc|Number=Sing', 'head': 7, 'deprel': 'nmod', 'lemma': 'חודש'}]"
1,-,PUNCT,PUNCT,3.0,punct,"(1, 2)",-,,
2,42,NUM,NUM,3.0,nummod,"(3, 5)",42,,
3,%,NOUN,NOUN,16.0,nsubj,"(5, 6)",%,"Gender=Masc|Number=Plur,Sing",
4,בין,ADP,ADP,6.0,case,"(7, 10)",בין,,
5,"2,000",NUM,NUM,6.0,nummod,"(11, 16)","2,000",,
6,"ש""ח",NOUN,NOUN,3.0,nmod,"(17, 20)","ש""ח",Abbr=Yes|Gender=Masc|Number=Sing,
7,ל,ADP,ADP,10.0,case,"(21, 22)",ל,,
8,-,PUNCT,PUNCT,10.0,punct,"(22, 23)",-,,
9,"3,000",NUM,NUM,10.0,nummod,"(24, 29)","3,000",,
10,"ש""ח",NOUN,NOUN,6.0,conj,"(30, 33)","ש""ח",Abbr=Yes|Gender=Masc|Number=Sing,
"(11, 12)",לחודש,,,,,"(34, 39)",,,"[{'id': 11, 'text': 'ל', 'upos': 'ADP', 'xpos': 'ADP', 'head': 12, 'deprel': 'case', 'lemma': 'ל'}, {'id': 12, 'text': 'חודש', 'upos': 'NOUN', 'xpos': 'NOUN', 'feats': 'Gender=Masc|Number=Sing', 'head': 10, 'deprel': 'nmod', 'lemma': 'חודש'}]"
13,-,PUNCT,PUNCT,3.0,punct,"(40, 41)",-,,
14,12,NUM,NUM,15.0,nummod,"(42, 44)",12,,
15,%,NOUN,NOUN,16.0,nsubj,"(44, 45)",%,"Gender=Masc|Number=Plur,Sing",
16,מחזירים,VERB,VERB,0.0,root,"(46, 53)",החזיר,"Gender=Masc|HebBinyan=HIFIL|Number=Plur|Person=1,2,3|VerbForm=Part|Voice=Act",
17,מעל,ADP,ADP,19.0,case,"(54, 57)",מעל,,
18,"3,000",NUM,NUM,19.0,nummod,"(58, 63)","3,000",,
19,"ש""ח",NOUN,NOUN,16.0,obj,"(64, 67)","ש""ח",Abbr=Yes|Gender=Masc|Number=Sing,
"(20, 21)",בחודש,,,,,"(68, 73)",,,"[{'id': 20, 'text': 'ב', 'upos': 'ADP', 'xpos': 'ADP', 'head': 21, 'deprel': 'case', 'lemma': 'ב'}, {'id': 21, 'text': 'חודש', 'upos': 'NOUN', 'xpos': 'NOUN', 'feats': 'Gender=Masc|Number=Sing', 'head': 19, 'deprel': 'nmod', 'lemma': 'חודש'}]"
1,אומדן,NOUN,NOUN,18.0,nsubj:cop,"(1, 6)",אומדן,Definite=Cons|Gender=Masc|Number=Sing,
2,שיעור,NOUN,NOUN,1.0,compound:smixut,"(7, 12)",שיעור,Definite=Cons|Gender=Masc|Number=Sing,
3,החזר,NOUN,NOUN,2.0,compound:smixut,"(13, 17)",החזר,Definite=Cons|Gender=Masc|Number=Sing,
"(4, 5)",ההלוואה,,,,,"(18, 25)",,,"[{'id': 4, 'text': 'ה', 'upos': 'DET', 'xpos': 'DET', 'feats': 'PronType=Art', 'head': 5, 'deprel': 'det:def', 'lemma': 'ה'}, {'id': 5, 'text': 'הלוואה', 'upos': 'NOUN', 'xpos': 'NOUN', 'feats': 'Gender=Fem|Number=Sing', 'head': 3, 'deprel': 'compound:smixut', 'lemma': 'הלוואה'}]"
"(6, 7)",החודשי,,,,,"(26, 32)",,,"[{'id': 6, 'text': 'ה', 'upos': 'DET', 'xpos': 'DET', 'feats': 'PronType=Art', 'head': 7, 'deprel': 'det:def', 'lemma': 'ה'}, {'id': 7, 'text': 'חודשי', 'upos': 'ADJ', 'xpos': 'ADJ', 'feats': 'Gender=Masc|Number=Sing', 'head': 3, 'deprel': 'amod', 'lemma': 'חודשי'}]"
"(8, 9)",מסך,,,,,"(33, 36)",,,"[{'id': 8, 'text': 'מ', 'upos': 'ADP', 'xpos': 'ADP', 'head': 9, 'deprel': 'case', 'lemma': 'מ'}, {'id': 9, 'text': 'סך', 'upos': 'NOUN', 'xpos': 'NOUN', 'feats': 'Definite=Cons|Gender=Masc|Number=Sing', 'head': 2, 'deprel': 'nmod', 'lemma': 'סך'}]"
"(10, 11)",ההכנסה,,,,,"(37, 43)",,,"[{'id': 10, 'text': 'ה', 'upos': 'DET', 'xpos': 'DET', 'feats': 'PronType=Art', 'head': 11, 'deprel': 'det:def', 'lemma': 'ה'}, {'id': 11, 'text': 'הכנסה', 'upos': 'NOUN', 'xpos': 'NOUN', 'feats': 'Gender=Fem|Number=Sing', 'head': 9, 'deprel': 'compound:smixut', 'lemma': 'הכנסה'}]"
"(12, 13)",המשפחתית,,,,,"(44, 52)",,,"[{'id': 12, 'text': 'ה', 'upos': 'DET', 'xpos': 'DET', 'feats': 'PronType=Art', 'head': 13, 'deprel': 'det:def', 'lemma': 'ה'}, {'id': 13, 'text': 'משפחתית', 'upos': 'ADJ', 'xpos': 'ADJ', 'feats': 'Gender=Fem|Number=Sing', 'head': 11, 'deprel': 'amod', 'lemma': 'משפחתי'}]"
14,נטו,ADJ,ADJ,18.0,advmod,"(53, 56)",נטו,Gender=Masc|Number=Sing,
15,הוא,AUX,AUX,18.0,cop,"(57, 60)",הוא,Gender=Masc|Number=Sing|Person=3|Polarity=Pos|VerbForm=Part|VerbType=Cop,
16,בין,ADP,ADP,18.0,case,"(61, 64)",בין,,
17,20,NUM,NUM,18.0,nummod,"(65, 67)",20,,
18,%,NOUN,NOUN,0.0,root,"(67, 68)",%,"Gender=Masc|Number=Plur,Sing",
19,ל,ADP,ADP,22.0,case,"(69, 70)",ל,,
20,-,PUNCT,PUNCT,22.0,punct,"(70, 71)",-,,
21,35,NUM,NUM,22.0,nummod,"(72, 74)",35,,
22,%,NOUN,NOUN,18.0,conj,"(74, 75)",%,"Gender=Masc|Number=Plur,Sing",
1,♦,PUNCT,PUNCT,0.0,root,"(1, 2)",♦,,
2,מאפייני,NOUN,NOUN,1.0,dep,"(3, 10)",מאפיין,Definite=Cons|Gender=Masc|Number=Plur,
3,קבלת,NOUN,NOUN,2.0,compound:smixut,"(11, 15)",קבלה,Definite=Cons|Gender=Fem|Number=Sing,
"(4, 5)",ההחלטה,,,,,"(16, 22)",,,"[{'id': 4, 'text': 'ה', 'upos': 'DET', 'xpos': 'DET', 'feats': 'PronType=Art', 'head': 5, 'deprel': 'det:def', 'lemma': 'ה'}, {'id': 5, 'text': 'החלטה', 'upos': 'NOUN', 'xpos': 'NOUN', 'feats': 'Gender=Fem|Number=Sing', 'head': 3, 'deprel': 'compound:smixut', 'lemma': 'החלטה'}]"
6,◊,PUNCT,PUNCT,1.0,dep,"(23, 24)",◊,,
7,סיבות,NOUN,NOUN,1.0,dep,"(25, 30)",סיבה,Gender=Fem|Number=Plur,
"(8, 9)",לקניית,,,,,"(31, 37)",,,"[{'id': 8, 'text': 'ל', 'upos': 'ADP', 'xpos': 'ADP', 'head': 9, 'deprel': 'case', 'lemma': 'ל'}, {'id': 9, 'text': 'קניית', 'upos': 'NOUN', 'xpos': 'NOUN', 'feats': 'Definite=Cons|Gender=Fem|Number=Sing', 'head': 7, 'deprel': 'nmod', 'lemma': 'קנייה'}]"
"(10, 11)",הדירה,,,,,"(38, 43)",,,"[{'id': 10, 'text': 'ה', 'upos': 'DET', 'xpos': 'DET', 'feats': 'PronType=Art', 'head': 11, 'deprel': 'det:def', 'lemma': 'ה'}, {'id': 11, 'text': 'דירה', 'upos': 'NOUN', 'xpos': 'NOUN', 'feats': 'Gender=Fem|Number=Sing', 'head': 9, 'deprel': 'compound:smixut', 'lemma': 'דירה'}]"
12,מבין,ADP,ADP,13.0,case,"(44, 48)",מבין,,
13,בעלי,NOUN,NOUN,7.0,nmod,"(49, 53)",בעל,Definite=Cons|Gender=Masc|Number=Plur,
14,דירה,NOUN,NOUN,13.0,compound:smixut,"(54, 58)",דירה,Gender=Fem|Number=Sing,
15,קודמת,ADJ,ADJ,14.0,amod,"(59, 64)",קודם,Gender=Fem|Number=Sing,
16,",",PUNCT,PUNCT,19.0,punct,"(65, 66)",",",,
17,45,NUM,NUM,18.0,nummod,"(67, 69)",45,,
18,%,NOUN,NOUN,19.0,nsubj,"(69, 70)",%,"Gender=Masc|Number=Plur,Sing",
19,ציינו,VERB,VERB,1.0,dep,"(71, 76)",ציין,"Gender=Fem,Masc|HebBinyan=PIEL|Number=Plur|Person=3|Tense=Past|Voice=Act",
20,כי,SCONJ,SCONJ,21.0,mark,"(77, 79)",כי,,
21,רצו,VERB,VERB,19.0,ccomp,"(80, 83)",רצה,"Gender=Fem,Masc|HebBinyan=PAAL|Number=Plur|Person=3|Tense=Past|Voice=Act",
22,להחליף,VERB,VERB,21.0,xcomp,"(84, 90)",החליף,HebBinyan=HIFIL|VerbForm=Inf|Voice=Act,
23,את,ADP,ADP,25.0,case:acc,"(91, 93)",את,Case=Acc,
"(24, 25)",הדירה,,,,,"(94, 99)",,,"[{'id': 24, 'text': 'ה', 'upos': 'DET', 'xpos': 'DET', 'feats': 'PronType=Art', 'head': 25, 'deprel': 'det:def', 'lemma': 'ה'}, {'id': 25, 'text': 'דירה', 'upos': 'NOUN', 'xpos': 'NOUN', 'feats': 'Gender=Fem|Number=Sing', 'head': 22, 'deprel': 'obj', 'lemma': 'דירה'}]"
"(26, 27)",בגדולה,,,,,"(100, 106)",,,"[{'id': 26, 'text': 'ב', 'upos': 'ADP', 'xpos': 'ADP', 'head': 27, 'deprel': 'case', 'lemma': 'ב'}, {'id': 27, 'text': 'גדולה', 'upos': 'ADJ', 'xpos': 'ADJ', 'feats': 'Gender=Fem|Number=Sing', 'head': 22, 'deprel': 'obl', 'lemma': 'גדול'}]"
28,יותר,ADV,ADV,27.0,advmod,"(107, 111)",יותר,,
29,",",PUNCT,PUNCT,19.0,punct,"(112, 113)",",",,
30,עוד,ADV,ADV,32.0,det,"(114, 117)",עוד,,
31,29,NUM,NUM,32.0,nummod,"(118, 120)",29,,
32,%,NOUN,NOUN,33.0,nsubj,"(120, 121)",%,"Gender=Masc|Number=Plur,Sing",
33,ציינו,VERB,VERB,19.0,conj,"(122, 127)",ציין,"Gender=Fem,Masc|HebBinyan=PIEL|Number=Plur|Person=3|Tense=Past|Voice=Act",
34,כי,SCONJ,SCONJ,35.0,mark,"(128, 130)",כי,,
35,רצו,VERB,VERB,33.0,ccomp,"(131, 134)",רצה,"Gender=Fem,Masc|HebBinyan=PAAL|Number=Plur|Person=3|Tense=Past|Voice=Act",
36,להחליף,VERB,VERB,35.0,xcomp,"(135, 141)",החליף,HebBinyan=HIFIL|VerbForm=Inf|Voice=Act,
"(37, 39)",לדירה,,,,,"(142, 147)",,,"[{'id': 37, 'text': 'ל', 'upos': 'ADP', 'xpos': 'ADP', 'head': 39, 'deprel': 'case', 'lemma': 'ל'}, {'id': 38, 'text': 'ה_', 'upos': 'DET', 'xpos': 'DET', 'feats': 'PronType=Art', 'head': 39, 'deprel': 'det:def', 'lemma': 'ה'}, {'id': 39, 'text': 'דירה', 'upos': 'NOUN', 'xpos': 'NOUN', 'feats': 'Gender=Fem|Number=Sing', 'head': 36, 'deprel': 'obl', 'lemma': 'דירה'}]"
"(40, 41)",הנמצאת,,,,,"(148, 154)",,,"[{'id': 40, 'text': 'ה', 'upos': 'SCONJ', 'xpos': 'SCONJ', 'head': 41, 'deprel': 'mark', 'lemma': 'ה'}, {'id': 41, 'text': 'נמצאת', 'upos': 'VERB', 'xpos': 'VERB', 'feats': 'Gender=Fem|HebBinyan=NIFAL|Number=Sing|Person=1,2,3|VerbForm=Part|Voice=Mid', 'head': 39, 'deprel': 'acl:relcl', 'lemma': 'נמצא'}]"
"(42, 44)",במקום,,,,,"(155, 160)",,,"[{'id': 42, 'text': 'ב', 'upos': 'ADP', 'xpos': 'ADP', 'head': 44, 'deprel': 'case', 'lemma': 'ב'}, {'id': 43, 'text': 'ה_', 'upos': 'DET', 'xpos': 'DET', 'feats': 'PronType=Art', 'head': 44, 'deprel': 'det:def', 'lemma': 'ה'}, {'id': 44, 'text': 'מקום', 'upos': 'NOUN', 'xpos': 'NOUN', 'feats': 'Gender=Masc|Number=Sing', 'head': 41, 'deprel': 'obl', 'lemma': 'מקום'}]"
45,טוב,ADJ,ADJ,44.0,amod,"(161, 164)",טוב,Gender=Masc|Number=Sing,
46,יותר,ADV,ADV,45.0,advmod,"(165, 169)",יותר,,
1,מבין,ADP,ADP,2.0,case,"(1, 5)",מבין,,
2,אלו,PRON,PRON,10.0,obl,"(6, 9)",אלו,"Gender=Fem,Masc|Number=Plur|Person=3|PronType=Dem",
"(3, 4)",שקנו,,,,,"(10, 14)",,,"[{'id': 3, 'text': 'ש', 'upos': 'SCONJ', 'xpos': 'SCONJ', 'head': 4, 'deprel': 'mark', 'lemma': 'ש'}, {'id': 4, 'text': 'קנו', 'upos': 'VERB', 'xpos': 'VERB', 'feats': 'Gender=Fem,Masc|HebBinyan=PAAL|Number=Plur|Person=3|Tense=Past|Voice=Act', 'head': 2, 'deprel': 'acl:relcl', 'lemma': 'קנה'}]"
5,דירה,NOUN,NOUN,4.0,obj,"(15, 19)",דירה,Gender=Fem|Number=Sing,
6,לראשונה,ADV,ADV,4.0,advmod,"(20, 27)",לראשונה,,
7,",",PUNCT,PUNCT,10.0,punct,"(27, 28)",",",,
8,45,NUM,NUM,9.0,nummod,"(29, 31)",45,,
9,%,NOUN,NOUN,10.0,nsubj,"(31, 32)",%,"Gender=Masc|Number=Plur,Sing",
10,ציינו,VERB,VERB,0.0,root,"(33, 38)",ציין,"Gender=Fem,Masc|HebBinyan=PIEL|Number=Plur|Person=3|Tense=Past|Voice=Act",
11,כי,SCONJ,SCONJ,12.0,mark,"(39, 41)",כי,,
12,גרו,VERB,VERB,10.0,ccomp,"(42, 45)",גר,"Gender=Fem,Masc|HebBinyan=PAAL|Number=Plur|Person=3|Tense=Past|Voice=Act",
"(13, 14)",בשכירות,,,,,"(46, 53)",,,"[{'id': 13, 'text': 'ב', 'upos': 'ADP', 'xpos': 'ADP', 'head': 14, 'deprel': 'case', 'lemma': 'ב'}, {'id': 14, 'text': 'שכירות', 'upos': 'NOUN', 'xpos': 'NOUN', 'feats': 'Gender=Fem|Number=Sing', 'head': 12, 'deprel': 'obl', 'lemma': 'שכירות'}]"
"(15, 16)",ורצו,,,,,"(54, 58)",,,"[{'id': 15, 'text': 'ו', 'upos': 'CCONJ', 'xpos': 'CCONJ', 'head': 16, 'deprel': 'cc', 'lemma': 'ו'}, {'id': 16, 'text': 'רצו', 'upos': 'VERB', 'xpos': 'VERB', 'feats': 'Gender=Fem,Masc|HebBinyan=PAAL|Number=Plur|Person=3|Tense=Past|Voice=Act', 'head': 12, 'deprel': 'conj', 'lemma': 'רצה'}]"
17,דירה,NOUN,NOUN,16.0,obj,"(59, 63)",דירה,Gender=Fem|Number=Sing,
"(18, 21)",בבעלותם,,,,,"(64, 71)",,,"[{'id': 18, 'text': 'ב', 'upos': 'ADP', 'xpos': 'ADP', 'head': 19, 'deprel': 'case', 'lemma': 'ב'}, {'id': 19, 'text': 'בעלות_', 'upos': 'NOUN', 'xpos': 'NOUN', 'feats': 'Definite=Def|Gender=Fem|Number=Sing', 'head': 17, 'deprel': 'nmod', 'lemma': 'בעלות'}, {'id': 20, 'text': '_של_', 'upos': 'ADP', 'xpos': 'ADP', 'head': 21, 'deprel': 'case:gen', 'lemma': 'של'}, {'id': 21, 'text': '_הם', 'upos': 'PRON', 'xpos': 'PRON', 'feats': 'Case=Gen|Gender=Masc|Number=Plur|Person=3|PronType=Prs', 'head': 19, 'deprel': 'nmod:poss', 'lemma': 'הוא'}]"
"(22, 23)",ועוד,,,,,"(72, 76)",,,"[{'id': 22, 'text': 'ו', 'upos': 'CCONJ', 'xpos': 'CCONJ', 'head': 26, 'deprel': 'cc', 'lemma': 'ו'}, {'id': 23, 'text': 'עוד', 'upos': 'ADV', 'xpos': 'ADV', 'head': 25, 'deprel': 'det', 'lemma': 'עוד'}]"
24,18,NUM,NUM,25.0,nummod,"(77, 79)",18,,
25,%,NOUN,NOUN,26.0,nsubj,"(79, 80)",%,"Gender=Masc|Number=Plur,Sing",
26,ציינו,VERB,VERB,10.0,conj,"(81, 86)",ציין,"Gender=Fem,Masc|HebBinyan=PIEL|Number=Plur|Person=3|Tense=Past|Voice=Act",
27,כי,SCONJ,SCONJ,28.0,mark,"(87, 89)",כי,,
28,רצו,VERB,VERB,26.0,ccomp,"(90, 93)",רצה,"Gender=Fem,Masc|HebBinyan=PAAL|Number=Plur|Person=3|Tense=Past|Voice=Act",
29,להחליף,VERB,VERB,28.0,xcomp,"(94, 100)",החליף,HebBinyan=HIFIL|VerbForm=Inf|Voice=Act,
30,את,ADP,ADP,32.0,case:acc,"(101, 103)",את,Case=Acc,
"(31, 32)",הדירה,,,,,"(104, 109)",,,"[{'id': 31, 'text': 'ה', 'upos': 'DET', 'xpos': 'DET', 'feats': 'PronType=Art', 'head': 32, 'deprel': 'det:def', 'lemma': 'ה'}, {'id': 32, 'text': 'דירה', 'upos': 'NOUN', 'xpos': 'NOUN', 'feats': 'Gender=Fem|Number=Sing', 'head': 29, 'deprel': 'obj', 'lemma': 'דירה'}]"
"(33, 35)",שבה,,,,,"(110, 113)",,,"[{'id': 33, 'text': 'ש', 'upos': 'SCONJ', 'xpos': 'SCONJ', 'head': 36, 'deprel': 'mark', 'lemma': 'ש'}, {'id': 34, 'text': 'ב_', 'upos': 'ADP', 'xpos': 'ADP', 'head': 35, 'deprel': 'case', 'lemma': 'ב'}, {'id': 35, 'text': '_היא', 'upos': 'PRON', 'xpos': 'PRON', 'feats': 'Gender=Fem|Number=Sing|Person=3|PronType=Prs', 'head': 36, 'deprel': 'obl', 'lemma': 'הוא'}]"
36,התגוררו,VERB,VERB,32.0,acl:relcl,"(114, 121)",התגורר,"Gender=Fem,Masc|HebBinyan=HITPAEL|Number=Plur|Person=3|Tense=Past",
"(37, 38)",בגדולה,,,,,"(122, 128)",,,"[{'id': 37, 'text': 'ב', 'upos': 'ADP', 'xpos': 'ADP', 'head': 38, 'deprel': 'case', 'lemma': 'ב'}, {'id': 38, 'text': 'גדולה', 'upos': 'ADJ', 'xpos': 'ADJ', 'feats': 'Gender=Fem|Number=Sing', 'head': 36, 'deprel': 'obl', 'lemma': 'גדול'}]"
39,יותר,ADV,ADV,38.0,advmod,"(129, 133)",יותר,,
1,◊,X,X,11.0,dep,"(1, 2)",◊,Xtra=Junk,
2,מקומות,NOUN,NOUN,11.0,nsubj,"(3, 9)",מקום,Gender=Masc|Number=Plur,
3,אחרים,ADJ,ADJ,2.0,amod,"(10, 15)",אחר,Gender=Masc|Number=Plur,
"(4, 5)",שנשקלו,,,,,"(16, 22)",,,"[{'id': 4, 'text': 'ש', 'upos': 'SCONJ', 'xpos': 'SCONJ', 'head': 5, 'deprel': 'mark', 'lemma': 'ש'}, {'id': 5, 'text': 'נשקלו', 'upos': 'VERB', 'xpos': 'VERB', 'feats': 'Gender=Fem,Masc|HebBinyan=NIFAL|Number=Plur|Person=3|Tense=Past|Voice=Mid', 'head': 2, 'deprel': 'acl:relcl', 'lemma': 'נשקל'}]"
6,53,NUM,NUM,7.0,nummod,"(23, 25)",53,,
7,%,NOUN,NOUN,5.0,dep,"(25, 26)",%,"Gender=Masc|Number=Plur,Sing",
"(8, 10)",מהקונים,,,,,"(27, 34)",,,"[{'id': 8, 'text': 'מ', 'upos': 'ADP', 'xpos': 'ADP', 'head': 10, 'deprel': 'case', 'lemma': 'מ'}, {'id': 9, 'text': 'ה', 'upos': 'DET', 'xpos': 'DET', 'feats': 'PronType=Art', 'head': 10, 'deprel': 'det:def', 'lemma': 'ה'}, {'id': 10, 'text': 'קונים', 'upos': 'NOUN', 'xpos': 'NOUN', 'feats': 'Gender=Masc|Number=Plur', 'head': 7, 'deprel': 'nmod', 'lemma': 'קונה'}]"
11,ציינו,VERB,VERB,0.0,root,"(35, 40)",ציין,"Gender=Fem,Masc|HebBinyan=PIEL|Number=Plur|Person=3|Tense=Past|Voice=Act",
12,כי,SCONJ,SCONJ,14.0,mark,"(41, 43)",כי,,
"(13, 14)",שקלו,,,,,"(44, 48)",,,"[{'id': 13, 'text': 'ש', 'upos': 'SCONJ', 'xpos': 'SCONJ', 'head': 14, 'deprel': 'mark', 'lemma': 'ש'}, {'id': 14, 'text': 'קלו', 'upos': 'AUX', 'xpos': 'AUX', 'feats': 'Gender=Masc|Number=Sing|Tense=Past|VerbType=Mod', 'head': 22, 'deprel': 'dep', 'lemma': 'קלו'}]"
15,לקנות,VERB,VERB,14.0,xcomp,"(49, 54)",קנה,HebBinyan=PAAL|VerbForm=Inf|Voice=Act,
16,דירה,NOUN,NOUN,15.0,obj,"(55, 59)",דירה,Gender=Fem|Number=Sing,
"(17, 19)",במקום,,,,,"(60, 65)",,,"[{'id': 17, 'text': 'ב', 'upos': 'ADP', 'xpos': 'ADP', 'head': 19, 'deprel': 'case', 'lemma': 'ב'}, {'id': 18, 'text': 'ה_', 'upos': 'DET', 'xpos': 'DET', 'feats': 'PronType=Art', 'head': 19, 'deprel': 'det:def', 'lemma': 'ה'}, {'id': 19, 'text': 'מקום', 'upos': 'NOUN', 'xpos': 'NOUN', 'feats': 'Gender=Masc|Number=Sing', 'head': 15, 'deprel': 'obl', 'lemma': 'מקום'}]"
20,אחר,ADJ,ADJ,19.0,amod,"(66, 69)",אחר,Gender=Masc|Number=Sing,
21,",",PUNCT,PUNCT,11.0,punct,"(70, 71)",",",,
22,מירב,ADV,ADV,11.0,dep,"(72, 76)",מירב,,
"(23, 24)",הקונים,,,,,"(77, 83)",,,"[{'id': 23, 'text': 'ה', 'upos': 'DET', 'xpos': 'DET', 'feats': 'PronType=Art', 'head': 24, 'deprel': 'det:def', 'lemma': 'ה'}, {'id': 24, 'text': 'קונים', 'upos': 'NOUN', 'xpos': 'NOUN', 'feats': 'Gender=Masc|Number=Plur', 'head': 22, 'deprel': 'dep', 'lemma': 'קונה'}]"
"(25, 26)",ששקלו,,,,,"(84, 89)",,,"[{'id': 25, 'text': 'ש', 'upos': 'SCONJ', 'xpos': 'SCONJ', 'head': 26, 'deprel': 'mark', 'lemma': 'ש'}, {'id': 26, 'text': 'שקלו', 'upos': 'VERB', 'xpos': 'VERB', 'feats': 'Gender=Fem,Masc|HebBinyan=PIEL|Number=Plur|Person=3|Tense=Past|Voice=Act', 'head': 24, 'deprel': 'acl:relcl', 'lemma': 'שקל'}]"
27,מקומות,NOUN,NOUN,26.0,obj,"(90, 96)",מקום,Gender=Masc|Number=Plur,
28,אחרים,ADJ,ADJ,27.0,amod,"(97, 102)",אחר,Gender=Masc|Number=Plur,
"(29, 30)",שקלו,,,,,"(103, 107)",,,"[{'id': 29, 'text': 'ש', 'upos': 'SCONJ', 'xpos': 'SCONJ', 'head': 30, 'deprel': 'mark', 'lemma': 'ש'}, {'id': 30, 'text': 'קלו', 'upos': 'AUX', 'xpos': 'AUX', 'feats': 'Gender=Masc|Number=Sing|Tense=Past|VerbType=Mod', 'head': 31, 'deprel': 'aux', 'lemma': 'קלו'}]"
31,לגור,VERB,VERB,27.0,acl:relcl,"(108, 112)",גר,HebBinyan=PAAL|VerbForm=Inf|Voice=Act,
"(32, 33)",בנהריה,,,,,"(113, 119)",,,"[{'id': 32, 'text': 'ב', 'upos': 'ADP', 'xpos': 'ADP', 'head': 33, 'deprel': 'case', 'lemma': 'ב'}, {'id': 33, 'text': 'נהריה', 'upos': 'PROPN', 'xpos': 'PROPN', 'head': 31, 'deprel': 'obl', 'lemma': 'נהריה'}]"
34,",",PUNCT,PUNCT,33.0,punct,"(119, 120)",",",,
35,חיפה,PROPN,PROPN,33.0,conj,"(121, 125)",חיפה,,
36,",",PUNCT,PUNCT,33.0,punct,"(125, 126)",",",,
37,קריות,PROPN,PROPN,33.0,conj,"(127, 132)",קריה,,
"(38, 40)",והסביבה,,,,,"(133, 140)",,,"[{'id': 38, 'text': 'ו', 'upos': 'CCONJ', 'xpos': 'CCONJ', 'head': 40, 'deprel': 'cc', 'lemma': 'ו'}, {'id': 39, 'text': 'ה', 'upos': 'DET', 'xpos': 'DET', 'feats': 'PronType=Art', 'head': 40, 'deprel': 'det:def', 'lemma': 'ה'}, {'id': 40, 'text': 'סביבה', 'upos': 'NOUN', 'xpos': 'NOUN', 'feats': 'Gender=Fem|Number=Sing', 'head': 33, 'deprel': 'conj', 'lemma': 'סביבה'}]"
41,",",PUNCT,PUNCT,33.0,punct,"(141, 142)",",",,
"(42, 43)",שהם,,,,,"(143, 146)",,,"[{'id': 42, 'text': 'ש', 'upos': 'SCONJ', 'xpos': 'SCONJ', 'head': 44, 'deprel': 'mark', 'lemma': 'ש'}, {'id': 43, 'text': 'הם', 'upos': 'PRON', 'xpos': 'PRON', 'feats': 'Gender=Masc|Number=Plur|Person=3|PronType=Prs', 'head': 44, 'deprel': 'nsubj', 'lemma': 'הוא'}]"
44,מקומות,NOUN,NOUN,27.0,acl:relcl,"(147, 153)",מקום,Definite=Cons|Gender=Masc|Number=Plur,
"(45, 47)",מגוריהם,,,,,"(154, 161)",,,"[{'id': 45, 'text': 'מגורים_', 'upos': 'NOUN', 'xpos': 'NOUN', 'feats': 'Definite=Def|Gender=Masc|Number=Sing', 'head': 44, 'deprel': 'compound:smixut', 'lemma': 'מגורים'}, {'id': 46, 'text': '_של_', 'upos': 'ADP', 'xpos': 'ADP', 'head': 47, 'deprel': 'case:gen', 'lemma': 'של'}, {'id': 47, 'text': '_הם', 'upos': 'PRON', 'xpos': 'PRON', 'feats': 'Case=Gen|Gender=Masc|Number=Plur|Person=3|PronType=Prs', 'head': 45, 'deprel': 'nmod:poss', 'lemma': 'הוא'}]"
"(48, 50)",בעבר,,,,,"(162, 166)",,,"[{'id': 48, 'text': 'ב', 'upos': 'ADP', 'xpos': 'ADP', 'head': 50, 'deprel': 'case', 'lemma': 'ב'}, {'id': 49, 'text': 'ה_', 'upos': 'DET', 'xpos': 'DET', 'feats': 'PronType=Art', 'head': 50, 'deprel': 'det:def', 'lemma': 'ה'}, {'id': 50, 'text': 'עבר', 'upos': 'NOUN', 'xpos': 'NOUN', 'feats': 'Gender=Masc|Number=Sing', 'head': 45, 'deprel': 'nmod', 'lemma': 'עבר'}]"
1,◊,PUNCT,PUNCT,0.0,root,"(1, 2)",◊,,
2,סיבות,NOUN,NOUN,1.0,dep,"(3, 8)",סיבה,Gender=Fem|Number=Plur,
"(3, 4)",לקניית,,,,,"(9, 15)",,,"[{'id': 3, 'text': 'ל', 'upos': 'ADP', 'xpos': 'ADP', 'head': 4, 'deprel': 'case', 'lemma': 'ל'}, {'id': 4, 'text': 'קניית', 'upos': 'NOUN', 'xpos': 'NOUN', 'feats': 'Definite=Cons|Gender=Fem|Number=Sing', 'head': 2, 'deprel': 'nmod', 'lemma': 'קנייה'}]"
5,דירה,NOUN,NOUN,4.0,compound:smixut,"(16, 20)",דירה,Gender=Fem|Number=Sing,
"(6, 7)",בשלומי,,,,,"(21, 27)",,,"[{'id': 6, 'text': 'ב', 'upos': 'ADP', 'xpos': 'ADP', 'head': 7, 'deprel': 'case', 'lemma': 'ב'}, {'id': 7, 'text': 'שלומי', 'upos': 'NOUN', 'xpos': 'NOUN', 'feats': 'Definite=Cons|Gender=Masc|Number=Plur', 'head': 4, 'deprel': 'nmod', 'lemma': '_'}]"
"(8, 9)",הסיבות,,,,,"(28, 34)",,,"[{'id': 8, 'text': 'ה', 'upos': 'DET', 'xpos': 'DET', 'feats': 'PronType=Art', 'head': 9, 'deprel': 'det:def', 'lemma': 'ה'}, {'id': 9, 'text': 'סיבות', 'upos': 'NOUN', 'xpos': 'NOUN', 'feats': 'Gender=Fem|Number=Plur', 'head': 62, 'deprel': 'nsubj:cop', 'lemma': 'סיבה'}]"
"(10, 11)",העיקריות,,,,,"(35, 43)",,,"[{'id': 10, 'text': 'ה', 'upos': 'DET', 'xpos': 'DET', 'feats': 'PronType=Art', 'head': 11, 'deprel': 'det:def', 'lemma': 'ה'}, {'id': 11, 'text': 'עיקריות', 'upos': 'ADJ', 'xpos': 'ADJ', 'feats': 'Gender=Fem|Number=Plur', 'head': 9, 'deprel': 'amod', 'lemma': 'עיקרי'}]"
"(12, 13)",שצוינו,,,,,"(44, 50)",,,"[{'id': 12, 'text': 'ש', 'upos': 'SCONJ', 'xpos': 'SCONJ', 'head': 13, 'deprel': 'mark', 'lemma': 'ש'}, {'id': 13, 'text': 'צוינו', 'upos': 'VERB', 'xpos': 'VERB', 'feats': 'Gender=Fem,Masc|HebBinyan=PUAL|Number=Plur|Person=3|Tense=Past|Voice=Pass', 'head': 9, 'deprel': 'acl:relcl', 'lemma': 'צוין'}]"
"(14, 15)",כסיבות,,,,,"(51, 57)",,,"[{'id': 14, 'text': 'כ', 'upos': 'ADP', 'xpos': 'ADP', 'head': 15, 'deprel': 'case', 'lemma': 'כ'}, {'id': 15, 'text': 'סיבות', 'upos': 'NOUN', 'xpos': 'NOUN', 'feats': 'Gender=Fem|Number=Plur', 'head': 13, 'deprel': 'obl', 'lemma': 'סיבה'}]"
"(16, 17)",לקניית,,,,,"(58, 64)",,,"[{'id': 16, 'text': 'ל', 'upos': 'ADP', 'xpos': 'ADP', 'head': 17, 'deprel': 'case', 'lemma': 'ל'}, {'id': 17, 'text': 'קניית', 'upos': 'NOUN', 'xpos': 'NOUN', 'feats': 'Definite=Cons|Gender=Fem|Number=Sing', 'head': 15, 'deprel': 'nmod', 'lemma': 'קנייה'}]"
"(18, 19)",הדירה,,,,,"(65, 70)",,,"[{'id': 18, 'text': 'ה', 'upos': 'DET', 'xpos': 'DET', 'feats': 'PronType=Art', 'head': 19, 'deprel': 'det:def', 'lemma': 'ה'}, {'id': 19, 'text': 'דירה', 'upos': 'NOUN', 'xpos': 'NOUN', 'feats': 'Gender=Fem|Number=Sing', 'head': 17, 'deprel': 'compound:smixut', 'lemma': 'דירה'}]"
"(20, 21)",בשלומי,,,,,"(71, 77)",,,"[{'id': 20, 'text': 'ב', 'upos': 'ADP', 'xpos': 'ADP', 'head': 21, 'deprel': 'case', 'lemma': 'ב'}, {'id': 21, 'text': 'שלומי', 'upos': 'PROPN', 'xpos': 'PROPN', 'head': 17, 'deprel': 'nmod', 'lemma': 'שלומי'}]"
22,הם,AUX,AUX,25.0,cop,"(78, 80)",הוא,Gender=Masc|Number=Plur|Person=3|Polarity=Pos|VerbForm=Part|VerbType=Cop,
23,:,PUNCT,PUNCT,25.0,punct,"(80, 81)",:,,
"(24, 25)",המחיר,,,,,"(82, 87)",,,"[{'id': 24, 'text': 'ה', 'upos': 'DET', 'xpos': 'DET', 'feats': 'PronType=Art', 'head': 25, 'deprel': 'det:def', 'lemma': 'ה'}, {'id': 25, 'text': 'מחיר', 'upos': 'NOUN', 'xpos': 'NOUN', 'feats': 'Gender=Masc|Number=Sing', 'head': 1, 'deprel': 'dep', 'lemma': 'מחיר'}]"
26,-,PUNCT,PUNCT,25.0,punct,"(88, 89)",-,,
27,75,NUM,NUM,28.0,nummod,"(90, 92)",75,,
28,%,NOUN,NOUN,25.0,dep,"(92, 93)",%,"Gender=Masc|Number=Plur,Sing",
"(29, 30)",הנוף,,,,,"(94, 98)",,,"[{'id': 29, 'text': 'ה', 'upos': 'DET', 'xpos': 'DET', 'feats': 'PronType=Art', 'head': 30, 'deprel': 'det:def', 'lemma': 'ה'}, {'id': 30, 'text': 'נוף', 'upos': 'NOUN', 'xpos': 'NOUN', 'feats': 'Gender=Masc|HebSource=ConvUncertainHead|Number=Sing', 'head': 25, 'deprel': 'dep', 'lemma': 'נוף'}]"
31,-,PUNCT,PUNCT,30.0,punct,"(99, 100)",-,,
32,39,NUM,NUM,30.0,nummod,"(101, 103)",39,,
33,%,NOUN,NOUN,25.0,dep,"(103, 104)",%,"Gender=Masc|Number=Plur,Sing",
34,קרוב,ADJ,ADJ,25.0,dep,"(105, 109)",קרוב,Gender=Masc|Number=Sing,
"(35, 36)",למשפחה,,,,,"(110, 116)",,,"[{'id': 35, 'text': 'ל', 'upos': 'ADP', 'xpos': 'ADP', 'head': 36, 'deprel': 'case', 'lemma': 'ל'}, {'id': 36, 'text': 'משפחה', 'upos': 'NOUN', 'xpos': 'NOUN', 'feats': 'Gender=Fem|Number=Sing', 'head': 34, 'deprel': 'nmod', 'lemma': 'משפחה'}]"
37,-,PUNCT,PUNCT,34.0,punct,"(117, 118)",-,,
38,27,NUM,NUM,39.0,nummod,"(119, 121)",27,,
39,%,NOUN,NOUN,34.0,nmod,"(121, 122)",%,"Gender=Masc|Number=Plur,Sing",
40,איכות,NOUN,NOUN,25.0,dep,"(123, 128)",איכות,Definite=Cons|Gender=Fem|Number=Sing,
"(41, 42)",הסביבה,,,,,"(129, 135)",,,"[{'id': 41, 'text': 'ה', 'upos': 'DET', 'xpos': 'DET', 'feats': 'PronType=Art', 'head': 42, 'deprel': 'det:def', 'lemma': 'ה'}, {'id': 42, 'text': 'סביבה', 'upos': 'NOUN', 'xpos': 'NOUN', 'feats': 'Gender=Fem|Number=Sing', 'head': 40, 'deprel': 'compound:smixut', 'lemma': 'סביבה'}]"
43,-,PUNCT,PUNCT,44.0,punct,"(136, 137)",-,,
44,%,NOUN,NOUN,25.0,dep,"(138, 139)",%,"Gender=Masc|Number=Plur,Sing",
45,21,NUM,NUM,46.0,nummod,"(140, 142)",21,HebSource=ConvUncertainHead,
46,◊,PUNCT,PUNCT,62.0,dep,"(143, 144)",◊,HebSource=ConvUncertainHead,
47,היסוסים,NOUN,NOUN,62.0,nsubj,"(145, 152)",היסוס,Gender=Masc|Number=Plur,
48,לגבי,ADP,ADP,50.0,case,"(153, 157)",לגבי,,
"(49, 50)",הקניה,,,,,"(158, 163)",,,"[{'id': 49, 'text': 'ה', 'upos': 'DET', 'xpos': 'DET', 'feats': 'PronType=Art', 'head': 50, 'deprel': 'det:def', 'lemma': 'ה'}, {'id': 50, 'text': 'קניה', 'upos': 'NOUN', 'xpos': 'NOUN', 'feats': 'Gender=Fem|Number=Sing', 'head': 47, 'deprel': 'nmod', 'lemma': 'קניה'}]"
"(51, 52)",למחצית,,,,,"(164, 170)",,,"[{'id': 51, 'text': 'ל', 'upos': 'ADP', 'xpos': 'ADP', 'head': 54, 'deprel': 'case', 'lemma': 'ל'}, {'id': 52, 'text': 'מחצית', 'upos': 'DET', 'xpos': 'DET', 'feats': 'Definite=Cons', 'head': 54, 'deprel': 'det', 'lemma': 'מחצית'}]"
"(53, 54)",מרוכשי,,,,,"(171, 177)",,,"[{'id': 53, 'text': 'מ', 'upos': 'ADP', 'xpos': 'ADP', 'head': 54, 'deprel': 'case', 'lemma': 'מ'}, {'id': 54, 'text': 'רוכשי', 'upos': 'NOUN', 'xpos': 'NOUN', 'feats': 'Definite=Cons|Gender=Masc|Number=Plur', 'head': 50, 'deprel': 'nmod', 'lemma': 'רוכש'}]"
"(55, 56)",הדירות,,,,,"(178, 184)",,,"[{'id': 55, 'text': 'ה', 'upos': 'DET', 'xpos': 'DET', 'feats': 'PronType=Art', 'head': 56, 'deprel': 'det:def', 'lemma': 'ה'}, {'id': 56, 'text': 'דירות', 'upos': 'NOUN', 'xpos': 'NOUN', 'feats': 'Gender=Fem|Number=Plur', 'head': 54, 'deprel': 'compound:smixut', 'lemma': 'דירה'}]"
57,-,PUNCT,PUNCT,59.0,punct,"(185, 186)",-,,
58,46,NUM,NUM,59.0,nummod,"(187, 189)",46,,
59,%,NOUN,NOUN,54.0,appos,"(189, 190)",%,"Gender=Masc|Number=Plur,Sing",
60,היו,AUX,AUX,62.0,cop,"(191, 194)",היה,"Gender=Fem,Masc|Number=Plur|Person=3|Polarity=Pos|Tense=Past|VerbType=Cop",
"(61, 62)",היסוסים,,,,,"(195, 202)",,,"[{'id': 61, 'text': 'ה', 'upos': 'DET', 'xpos': 'DET', 'feats': 'PronType=Art', 'head': 62, 'deprel': 'det:def', 'lemma': 'ה'}, {'id': 62, 'text': 'יסוסים', 'upos': 'NOUN', 'xpos': 'NOUN', 'feats': 'Gender=Masc|Number=Plur', 'head': 25, 'deprel': 'nsubj', 'lemma': 'יסוס'}]"
63,לגבי,ADP,ADP,64.0,case,"(203, 207)",לגבי,,
64,קניית,NOUN,NOUN,62.0,nmod,"(208, 213)",קנייה,Definite=Cons|Gender=Fem|Number=Sing,
"(65, 66)",הדירה,,,,,"(214, 219)",,,"[{'id': 65, 'text': 'ה', 'upos': 'DET', 'xpos': 'DET', 'feats': 'PronType=Art', 'head': 66, 'deprel': 'det:def', 'lemma': 'ה'}, {'id': 66, 'text': 'דירה', 'upos': 'NOUN', 'xpos': 'NOUN', 'feats': 'Gender=Fem|Number=Sing', 'head': 64, 'deprel': 'compound:smixut', 'lemma': 'דירה'}]"
"(67, 68)",בשלומי,,,,,"(220, 226)",,,"[{'id': 67, 'text': 'ב', 'upos': 'ADP', 'xpos': 'ADP', 'head': 68, 'deprel': 'case', 'lemma': 'ב'}, {'id': 68, 'text': 'שלומי', 'upos': 'NOUN', 'xpos': 'NOUN', 'head': 64, 'deprel': 'nmod', 'lemma': '_'}]"
"(69, 72)",שעיקרם,,,,,"(227, 233)",,,"[{'id': 69, 'text': 'ש', 'upos': 'SCONJ', 'xpos': 'SCONJ', 'head': 117, 'deprel': 'mark', 'lemma': 'ש'}, {'id': 70, 'text': 'עיקר_', 'upos': 'NOUN', 'xpos': 'NOUN', 'feats': 'Definite=Def|Gender=Masc|Number=Sing', 'head': 88, 'deprel': 'nsubj', 'lemma': 'עיקר'}, {'id': 71, 'text': '_של_', 'upos': 'ADP', 'xpos': 'ADP', 'head': 72, 'deprel': 'case:gen', 'lemma': 'של'}, {'id': 72, 'text': '_הם', 'upos': 'PRON', 'xpos': 'PRON', 'feats': 'Case=Gen|Gender=Masc|Number=Plur|Person=3|PronType=Prs', 'head': 70, 'deprel': 'nmod:poss', 'lemma': 'הוא'}]"
73,:,PUNCT,PUNCT,62.0,punct,"(233, 234)",:,HebSource=ConvUncertainHead,
74,פחד,NOUN,NOUN,25.0,dep,"(235, 238)",פחד,Gender=Masc|Number=Sing,
"(75, 76)",מקרבה,,,,,"(239, 244)",,,"[{'id': 75, 'text': 'מ', 'upos': 'ADP', 'xpos': 'ADP', 'head': 76, 'deprel': 'case', 'lemma': 'מ'}, {'id': 76, 'text': 'קרבה', 'upos': 'NOUN', 'xpos': 'NOUN', 'feats': 'Gender=Fem|Number=Sing', 'head': 74, 'deprel': 'nmod', 'lemma': 'קרבה'}]"
77,לגבול,VERB,VERB,76.0,acl,"(245, 250)",גבל,HebBinyan=PAAL|VerbForm=Inf|Voice=Act,
78,-,PUNCT,PUNCT,77.0,punct,"(251, 252)",-,,
79,58,NUM,NUM,80.0,nummod,"(253, 255)",58,,
80,%,NOUN,NOUN,77.0,obl,"(255, 256)",%,"Gender=Masc|Number=Plur,Sing",
81,ריחוק,NOUN,NOUN,74.0,conj,"(257, 262)",ריחוק,Gender=Masc|HebSource=ConvUncertainHead|Number=Sing,
"(82, 83)",ממקום,,,,,"(263, 268)",,,"[{'id': 82, 'text': 'מ', 'upos': 'ADP', 'xpos': 'ADP', 'head': 83, 'deprel': 'case', 'lemma': 'מ'}, {'id': 83, 'text': 'מקום', 'upos': 'NOUN', 'xpos': 'NOUN', 'feats': 'Definite=Cons|Gender=Masc|Number=Sing', 'head': 81, 'deprel': 'nmod', 'lemma': 'מקום'}]"
84,עבודה,NOUN,NOUN,83.0,compound:smixut,"(269, 274)",עבודה,Gender=Fem|Number=Sing,
85,-,PUNCT,PUNCT,44.0,punct,"(275, 276)",-,,
86,22,NUM,NUM,87.0,nummod,"(277, 279)",22,,
87,%,NOUN,NOUN,40.0,nmod,"(279, 280)",%,"Gender=Masc|Number=Plur,Sing",
88,חשש,NOUN,NOUN,74.0,conj,"(281, 284)",חשש,Gender=Masc|HebSource=ConvUncertainHead|Number=Sing,
"(89, 91)",לעתיד,,,,,"(285, 290)",,,"[{'id': 89, 'text': 'ל', 'upos': 'ADP', 'xpos': 'ADP', 'head': 91, 'deprel': 'case', 'lemma': 'ל'}, {'id': 90, 'text': 'ה_', 'upos': 'DET', 'xpos': 'DET', 'feats': 'PronType=Art', 'head': 91, 'deprel': 'det:def', 'lemma': 'ה'}, {'id': 91, 'text': 'עתיד', 'upos': 'NOUN', 'xpos': 'NOUN', 'feats': 'Gender=Masc|Number=Sing', 'head': 88, 'deprel': 'nmod', 'lemma': 'עתיד'}]"
"(92, 93)",המקום,,,,,"(291, 296)",,,"[{'id': 92, 'text': 'ה', 'upos': 'DET', 'xpos': 'DET', 'feats': 'PronType=Art', 'head': 93, 'deprel': 'det:def', 'lemma': 'ה'}, {'id': 93, 'text': 'מקום', 'upos': 'NOUN', 'xpos': 'NOUN', 'feats': 'Gender=Masc|HebSource=ConvUncertainHead|Number=Sing', 'head': 88, 'deprel': 'nmod', 'lemma': 'מקום'}]"
94,-,PUNCT,PUNCT,95.0,punct,"(297, 298)",-,,
95,%,NOUN,NOUN,88.0,nmod,"(299, 300)",%,"Gender=Masc|Number=Plur,Sing",
96,21,NUM,NUM,88.0,nummod,"(301, 303)",21,HebSource=ConvUncertainHead,
97,חשש,NOUN,NOUN,62.0,dep,"(304, 307)",חשש,Gender=Masc|Number=Sing,
"(98, 99)",מירידת,,,,,"(308, 314)",,,"[{'id': 98, 'text': 'מ', 'upos': 'ADP', 'xpos': 'ADP', 'head': 99, 'deprel': 'case', 'lemma': 'מ'}, {'id': 99, 'text': 'ירידת', 'upos': 'NOUN', 'xpos': 'NOUN', 'feats': 'Definite=Cons|Gender=Fem|Number=Sing', 'head': 97, 'deprel': 'nmod', 'lemma': 'ירידה'}]"
100,ערך,NOUN,NOUN,99.0,compound:smixut,"(315, 318)",ערך,Definite=Cons|Gender=Masc|Number=Sing,
"(101, 102)",הדירה,,,,,"(319, 324)",,,"[{'id': 101, 'text': 'ה', 'upos': 'DET', 'xpos': 'DET', 'feats': 'PronType=Art', 'head': 102, 'deprel': 'det:def', 'lemma': 'ה'}, {'id': 102, 'text': 'דירה', 'upos': 'NOUN', 'xpos': 'NOUN', 'feats': 'Gender=Fem|Number=Sing', 'head': 100, 'deprel': 'compound:smixut', 'lemma': 'דירה'}]"
103,-,PUNCT,PUNCT,127.0,punct,"(325, 326)",-,,
104,16,NUM,NUM,105.0,nummod,"(327, 329)",16,,
105,%,NOUN,NOUN,127.0,nmod,"(329, 330)",%,"Gender=Masc|Number=Plur,Sing",
106,◊,PUNCT,PUNCT,62.0,dep,"(331, 332)",◊,HebSource=ConvUncertainHead,
107,מק ורות,NOUN,NOUN,62.0,dep,"(333, 340)",מקור,Xtra=Junk,
108,מידע,NOUN,NOUN,62.0,dep,"(341, 345)",מידע,Definite=Cons|Gender=Masc|HebSource=ConvUncertainHead|Number=Sing,
109,מקור,NOUN,NOUN,62.0,nsubj,"(346, 350)",מקור,Definite=Cons|Gender=Masc|Number=Sing,
"(110, 111)",המידע,,,,,"(351, 356)",,,"[{'id': 110, 'text': 'ה', 'upos': 'DET', 'xpos': 'DET', 'feats': 'PronType=Art', 'head': 111, 'deprel': 'det:def', 'lemma': 'ה'}, {'id': 111, 'text': 'מידע', 'upos': 'NOUN', 'xpos': 'NOUN', 'feats': 'Gender=Masc|Number=Sing', 'head': 109, 'deprel': 'compound:smixut', 'lemma': 'מידע'}]"
"(112, 113)",השכיח,,,,,"(357, 362)",,,"[{'id': 112, 'text': 'ה', 'upos': 'DET', 'xpos': 'DET', 'feats': 'PronType=Art', 'head': 113, 'deprel': 'det:def', 'lemma': 'ה'}, {'id': 113, 'text': 'שכיח', 'upos': 'ADJ', 'xpos': 'ADJ', 'feats': 'Gender=Masc|Number=Sing', 'head': 109, 'deprel': 'amod', 'lemma': 'שכיח'}]"
114,ביותר,ADV,ADV,113.0,advmod,"(363, 368)",ביותר,,
115,היה,AUX,AUX,122.0,cop,"(369, 372)",היה,Gender=Masc|Number=Sing|Person=3|Polarity=Pos|Tense=Past|VerbType=Cop,
"(116, 117)",מפרסום,,,,,"(373, 379)",,,"[{'id': 116, 'text': 'מ', 'upos': 'ADP', 'xpos': 'ADP', 'head': 117, 'deprel': 'case', 'lemma': 'מ'}, {'id': 117, 'text': 'פרסום', 'upos': 'NOUN', 'xpos': 'NOUN', 'feats': 'Gender=Masc|Number=Sing', 'head': 62, 'deprel': 'nmod', 'lemma': 'פרסום'}]"
"(118, 120)",בעיתון,,,,,"(380, 386)",,,"[{'id': 118, 'text': 'ב', 'upos': 'ADP', 'xpos': 'ADP', 'head': 120, 'deprel': 'case', 'lemma': 'ב'}, {'id': 119, 'text': 'ה_', 'upos': 'DET', 'xpos': 'DET', 'feats': 'PronType=Art', 'head': 120, 'deprel': 'det:def', 'lemma': 'ה'}, {'id': 120, 'text': 'עיתון', 'upos': 'NOUN', 'xpos': 'NOUN', 'feats': 'Gender=Masc|Number=Sing', 'head': 117, 'deprel': 'nmod', 'lemma': 'עיתון'}]"
121,48,NUM,NUM,122.0,nummod,"(387, 389)",48,,
122,%,NOUN,NOUN,1.0,dep,"(389, 390)",%,"Gender=Masc|Number=Plur,Sing",
123,",",PUNCT,PUNCT,122.0,punct,"(390, 391)",",",,
"(124, 125)",וכן,,,,,"(392, 395)",,,"[{'id': 124, 'text': 'ו', 'upos': 'CCONJ', 'xpos': 'CCONJ', 'head': 127, 'deprel': 'cc', 'lemma': 'ו'}, {'id': 125, 'text': 'כן', 'upos': 'ADV', 'xpos': 'ADV', 'head': 126, 'deprel': 'advmod', 'lemma': 'כן'}]"
"(126, 127)",מחברים,,,,,"(396, 402)",,,"[{'id': 126, 'text': 'מ', 'upos': 'ADP', 'xpos': 'ADP', 'head': 127, 'deprel': 'case', 'lemma': 'מ'}, {'id': 127, 'text': 'חברים', 'upos': 'NOUN', 'xpos': 'NOUN', 'feats': 'Gender=Masc|Number=Plur', 'head': 74, 'deprel': 'nmod', 'lemma': 'חבר'}]"
"(128, 129)",ומשפחה,,,,,"(403, 409)",,,"[{'id': 128, 'text': 'ו', 'upos': 'CCONJ', 'xpos': 'CCONJ', 'head': 129, 'deprel': 'cc', 'lemma': 'ו'}, {'id': 129, 'text': 'משפחה', 'upos': 'NOUN', 'xpos': 'NOUN', 'feats': 'Gender=Fem|Number=Sing', 'head': 127, 'deprel': 'conj', 'lemma': 'משפחה'}]"
130,–,PUNCT,PUNCT,132.0,punct,"(410, 411)",–,,
131,30,NUM,NUM,132.0,nummod,"(412, 414)",30,,
132,%,NOUN,NOUN,127.0,nmod,"(414, 415)",%,"Gender=Masc|Number=Plur,Sing",
1,2,NUM,NUM,0.0,root,"(1, 2)",2,,
1,2,NUM,NUM,2.0,nummod,"(0, 1)",2,,
2,מסקנות,NOUN,NOUN,10.0,nmod,"(2, 8)",מסקנה,Gender=Fem|Number=Plur,
3,♦,PUNCT,PUNCT,10.0,punct,"(9, 10)",♦,,
4,רוכשי,NOUN,NOUN,10.0,nsubj:cop,"(11, 16)",רוכש,Definite=Cons|Gender=Masc|Number=Plur,
"(5, 6)",הדירות,,,,,"(17, 23)",,,"[{'id': 5, 'text': 'ה', 'upos': 'DET', 'xpos': 'DET', 'feats': 'PronType=Art', 'head': 6, 'deprel': 'det:def', 'lemma': 'ה'}, {'id': 6, 'text': 'דירות', 'upos': 'NOUN', 'xpos': 'NOUN', 'feats': 'Gender=Fem|Number=Plur', 'head': 4, 'deprel': 'compound:smixut', 'lemma': 'דירה'}]"
"(7, 8)",בשלומי,,,,,"(24, 30)",,,"[{'id': 7, 'text': 'ב', 'upos': 'ADP', 'xpos': 'ADP', 'head': 8, 'deprel': 'case', 'lemma': 'ב'}, {'id': 8, 'text': 'שלומי', 'upos': 'PROPN', 'xpos': 'PROPN', 'head': 4, 'deprel': 'nmod', 'lemma': 'שלומי'}]"
9,הם,AUX,AUX,10.0,cop,"(31, 33)",הוא,Gender=Masc|Number=Plur|Person=3|Polarity=Pos|VerbForm=Part|VerbType=Cop,
10,אוכלוסיה,NOUN,NOUN,0.0,root,"(34, 42)",אוכלוסיה,Gender=Fem|Number=Sing,
"(11, 12)",בשלב,,,,,"(43, 47)",,,"[{'id': 11, 'text': 'ב', 'upos': 'ADP', 'xpos': 'ADP', 'head': 12, 'deprel': 'case', 'lemma': 'ב'}, {'id': 12, 'text': 'שלב', 'upos': 'NOUN', 'xpos': 'NOUN', 'feats': 'Gender=Masc|Number=Sing', 'head': 10, 'deprel': 'nmod', 'lemma': 'שלב'}]"
"(13, 14)",השני,,,,,"(48, 52)",,,"[{'id': 13, 'text': 'ה', 'upos': 'DET', 'xpos': 'DET', 'feats': 'PronType=Art', 'head': 14, 'deprel': 'det:def', 'lemma': 'ה'}, {'id': 14, 'text': 'שני', 'upos': 'NUM', 'xpos': 'NUM', 'feats': 'Gender=Masc|Number=Sing', 'head': 12, 'deprel': 'amod', 'lemma': 'שני'}]"
15,של,ADP,ADP,16.0,case:gen,"(53, 55)",של,Case=Gen,
16,חיי,NOUN,NOUN,12.0,nmod,"(56, 59)",חיים,Definite=Cons|Gender=Masc|Number=Plur,
"(17, 18)",הנישואין,,,,,"(60, 68)",,,"[{'id': 17, 'text': 'ה', 'upos': 'DET', 'xpos': 'DET', 'feats': 'PronType=Art', 'head': 18, 'deprel': 'det:def', 'lemma': 'ה'}, {'id': 18, 'text': 'נישואין', 'upos': 'NOUN', 'xpos': 'NOUN', 'feats': 'Gender=Masc|Number=Plur', 'head': 16, 'deprel': 'compound:smixut', 'lemma': 'נישואין'}]"
"(19, 20)",שלהם,,,,,"(69, 73)",,,"[{'id': 19, 'text': 'של_', 'upos': 'ADP', 'xpos': 'ADP', 'feats': 'Case=Gen', 'head': 20, 'deprel': 'case:gen', 'lemma': 'של'}, {'id': 20, 'text': '_הם', 'upos': 'PRON', 'xpos': 'PRON', 'feats': 'Gender=Masc|Number=Plur|Person=3|PronType=Prs', 'head': 16, 'deprel': 'nmod:poss', 'lemma': 'הוא'}]"
21,",",PUNCT,PUNCT,10.0,punct,"(73, 74)",",",,
22,לאחר,ADP,ADP,24.0,case,"(75, 79)",לאחר,,
23,מספר,DET,DET,24.0,det,"(80, 84)",מספר,Definite=Cons,
24,שנות,NOUN,NOUN,10.0,nmod,"(85, 89)",שנה,Definite=Cons|Gender=Fem|Number=Plur,
25,נישואין,NOUN,NOUN,24.0,compound:smixut,"(90, 97)",נישואין,Gender=Masc|Number=Plur,
26,",",PUNCT,PUNCT,10.0,punct,"(97, 98)",",",,
27,עם,ADP,ADP,28.0,case,"(99, 101)",עם,,
28,ילדים,NOUN,NOUN,10.0,nmod,"(102, 107)",ילד,Gender=Masc|Number=Plur,
"(29, 30)",בגילאי,,,,,"(108, 114)",,,"[{'id': 29, 'text': 'ב', 'upos': 'ADP', 'xpos': 'ADP', 'head': 30, 'deprel': 'case', 'lemma': 'ב'}, {'id': 30, 'text': 'גילאי', 'upos': 'NOUN', 'xpos': 'NOUN', 'feats': 'Definite=Cons|Gender=Masc|Number=Plur', 'head': 28, 'deprel': 'nmod', 'lemma': 'גיל'}]"
"(31, 32)",הגן,,,,,"(115, 118)",,,"[{'id': 31, 'text': 'ה', 'upos': 'DET', 'xpos': 'DET', 'feats': 'PronType=Art', 'head': 32, 'deprel': 'det:def', 'lemma': 'ה'}, {'id': 32, 'text': 'גן', 'upos': 'NOUN', 'xpos': 'NOUN', 'feats': 'Gender=Masc|Number=Sing', 'head': 30, 'deprel': 'compound:smixut', 'lemma': 'גן'}]"
"(33, 35)","וביה""ס",,,,,"(119, 125)",,,"[{'id': 33, 'text': 'ו', 'upos': 'CCONJ', 'xpos': 'CCONJ', 'head': 35, 'deprel': 'cc', 'lemma': 'ו'}, {'id': 34, 'text': 'ב', 'upos': 'PROPN', 'xpos': 'PROPN', 'head': 32, 'deprel': 'conj', 'lemma': 'ב'}, {'id': 35, 'text': 'יה""ס', 'upos': 'PROPN', 'xpos': 'PROPN', 'feats': 'Abbr=Yes', 'head': 32, 'deprel': 'conj', 'lemma': 'יה""ס'}]"
1,♦,PUNCT,PUNCT,5.0,punct,"(1, 2)",♦,,
2,עקב,CCONJ,CCONJ,3.0,case,"(3, 6)",עקב,,
3,עובדה,NOUN,NOUN,5.0,obl,"(7, 12)",עובדה,Gender=Fem|Number=Sing,
4,זו,PRON,PRON,3.0,det,"(13, 15)",זו,Gender=Fem|Number=Sing|Person=3|PronType=Dem,
5,יש,AUX,AUX,6.0,aux,"(16, 18)",יש,VerbType=Mod,
6,להתאים,VERB,VERB,0.0,root,"(19, 25)",התאים,HebBinyan=HIFIL|VerbForm=Inf|Voice=Act,
7,את,ADP,ADP,8.0,case:acc,"(26, 28)",את,Case=Acc,
8,שרותי,NOUN,NOUN,6.0,obj,"(29, 34)",שרות,Definite=Cons|Gender=Masc|Number=Plur,
"(9, 10)",החינוך,,,,,"(35, 41)",,,"[{'id': 9, 'text': 'ה', 'upos': 'DET', 'xpos': 'DET', 'feats': 'PronType=Art', 'head': 10, 'deprel': 'det:def', 'lemma': 'ה'}, {'id': 10, 'text': 'חינוך', 'upos': 'NOUN', 'xpos': 'NOUN', 'feats': 'Gender=Masc|Number=Sing', 'head': 8, 'deprel': 'compound:smixut', 'lemma': 'חינוך'}]"
"(11, 13)",והשירותים,,,,,"(42, 51)",,,"[{'id': 11, 'text': 'ו', 'upos': 'CCONJ', 'xpos': 'CCONJ', 'head': 13, 'deprel': 'cc', 'lemma': 'ו'}, {'id': 12, 'text': 'ה', 'upos': 'DET', 'xpos': 'DET', 'feats': 'PronType=Art', 'head': 13, 'deprel': 'det:def', 'lemma': 'ה'}, {'id': 13, 'text': 'שירותים', 'upos': 'NOUN', 'xpos': 'NOUN', 'feats': 'Gender=Masc|Number=Plur', 'head': 10, 'deprel': 'conj', 'lemma': 'שירות'}]"
"(14, 15)",הקהילתיים,,,,,"(52, 61)",,,"[{'id': 14, 'text': 'ה', 'upos': 'DET', 'xpos': 'DET', 'feats': 'PronType=Art', 'head': 15, 'deprel': 'det:def', 'lemma': 'ה'}, {'id': 15, 'text': 'קהילתיים', 'upos': 'ADJ', 'xpos': 'ADJ', 'feats': 'Gender=Masc|Number=Plur', 'head': 13, 'deprel': 'amod', 'lemma': 'קהילתי'}]"
"(16, 17)",לקבוצות,,,,,"(62, 69)",,,"[{'id': 16, 'text': 'ל', 'upos': 'ADP', 'xpos': 'ADP', 'head': 17, 'deprel': 'case', 'lemma': 'ל'}, {'id': 17, 'text': 'קבוצות', 'upos': 'NOUN', 'xpos': 'NOUN', 'feats': 'Definite=Cons|Gender=Fem|Number=Plur', 'head': 6, 'deprel': 'obl', 'lemma': 'קבוצה'}]"
"(18, 19)",הגיל,,,,,"(70, 74)",,,"[{'id': 18, 'text': 'ה', 'upos': 'DET', 'xpos': 'DET', 'feats': 'PronType=Art', 'head': 19, 'deprel': 'det:def', 'lemma': 'ה'}, {'id': 19, 'text': 'גיל', 'upos': 'NOUN', 'xpos': 'NOUN', 'feats': 'Gender=Masc|Number=Sing', 'head': 17, 'deprel': 'compound:smixut', 'lemma': 'גיל'}]"
"(20, 21)",הללו,,,,,"(75, 79)",,,"[{'id': 20, 'text': 'ה', 'upos': 'DET', 'xpos': 'DET', 'feats': 'PronType=Art', 'head': 21, 'deprel': 'det:def', 'lemma': 'ה'}, {'id': 21, 'text': 'ללו', 'upos': 'VERB', 'xpos': 'VERB', 'feats': 'Gender=Fem,Masc|Number=Plur|Person=3|Tense=Past', 'head': 17, 'deprel': 'amod', 'lemma': 'ללו'}]"
1,♦,PUNCT,PUNCT,8.0,cc,"(1, 2)",♦,,
"(2, 3)",הרוכשים,,,,,"(3, 10)",,,"[{'id': 2, 'text': 'ה', 'upos': 'DET', 'xpos': 'DET', 'feats': 'PronType=Art', 'head': 3, 'deprel': 'det:def', 'lemma': 'ה'}, {'id': 3, 'text': 'רוכשים', 'upos': 'NOUN', 'xpos': 'NOUN', 'feats': 'Gender=Masc|Number=Plur', 'head': 8, 'deprel': 'nsubj:cop', 'lemma': 'רכש'}]"
4,של,ADP,ADP,6.0,case:gen,"(11, 13)",של,Case=Gen,
"(5, 6)",הדירות,,,,,"(14, 20)",,,"[{'id': 5, 'text': 'ה', 'upos': 'DET', 'xpos': 'DET', 'feats': 'PronType=Art', 'head': 6, 'deprel': 'det:def', 'lemma': 'ה'}, {'id': 6, 'text': 'דירות', 'upos': 'NOUN', 'xpos': 'NOUN', 'feats': 'Gender=Fem|Number=Plur', 'head': 3, 'deprel': 'nmod:poss', 'lemma': 'דירה'}]"
7,הם,AUX,AUX,8.0,cop,"(21, 23)",הוא,Gender=Masc|Number=Plur|Person=3|Polarity=Pos|VerbForm=Part|VerbType=Cop,
8,חילוניים,ADJ,ADJ,0.0,root,"(24, 32)",חילוני,Gender=Masc|Number=Plur,
"(9, 10)",ומסורתיים,,,,,"(33, 42)",,,"[{'id': 9, 'text': 'ו', 'upos': 'CCONJ', 'xpos': 'CCONJ', 'head': 10, 'deprel': 'cc', 'lemma': 'ו'}, {'id': 10, 'text': 'מסורתיים', 'upos': 'ADJ', 'xpos': 'ADJ', 'feats': 'Gender=Masc|Number=Plur', 'head': 8, 'deprel': 'conj', 'lemma': 'מסורתי'}]"
11,תושבי,NOUN,NOUN,8.0,dep,"(43, 48)",תושב,Definite=Cons|Gender=Masc|Number=Plur,
"(12, 13)",הצפון,,,,,"(49, 54)",,,"[{'id': 12, 'text': 'ה', 'upos': 'DET', 'xpos': 'DET', 'feats': 'PronType=Art', 'head': 13, 'deprel': 'det:def', 'lemma': 'ה'}, {'id': 13, 'text': 'צפון', 'upos': 'NOUN', 'xpos': 'NOUN', 'feats': 'Gender=Masc|Number=Sing', 'head': 11, 'deprel': 'compound:smixut', 'lemma': 'צפון'}]"
14,",",PUNCT,PUNCT,8.0,punct,"(54, 55)",",",,
"(15, 17)",שהדיור,,,,,"(56, 62)",,,"[{'id': 15, 'text': 'ש', 'upos': 'SCONJ', 'xpos': 'SCONJ', 'head': 21, 'deprel': 'mark', 'lemma': 'ש'}, {'id': 16, 'text': 'ה', 'upos': 'DET', 'xpos': 'DET', 'feats': 'PronType=Art', 'head': 17, 'deprel': 'det:def', 'lemma': 'ה'}, {'id': 17, 'text': 'דיור', 'upos': 'NOUN', 'xpos': 'NOUN', 'feats': 'Gender=Masc|Number=Sing', 'head': 21, 'deprel': 'nsubj', 'lemma': 'דיור'}]"
"(18, 19)",היחסית,,,,,"(63, 69)",,,"[{'id': 18, 'text': 'ה', 'upos': 'DET', 'xpos': 'DET', 'feats': 'PronType=Art', 'head': 20, 'deprel': 'det:def', 'lemma': 'ה'}, {'id': 19, 'text': 'יחסית', 'upos': 'ADV', 'xpos': 'ADV', 'head': 20, 'deprel': 'advmod', 'lemma': 'יחסית'}]"
20,זול,ADJ,ADJ,17.0,amod,"(70, 73)",זול,Gender=Masc|Number=Sing,
21,מאפשר,AUX,AUX,24.0,aux,"(74, 79)",מאפשר,"Gender=Fem,Masc|Number=Sing|VerbForm=Part|VerbType=Mod",
"(22, 23)",להם,,,,,"(80, 83)",,,"[{'id': 22, 'text': 'ל_', 'upos': 'ADP', 'xpos': 'ADP', 'head': 23, 'deprel': 'case', 'lemma': 'ל'}, {'id': 23, 'text': '_הם', 'upos': 'PRON', 'xpos': 'PRON', 'feats': 'Gender=Masc|Number=Plur|Person=3|PronType=Prs', 'head': 21, 'deprel': 'obl', 'lemma': 'הוא'}]"
24,לקנות,VERB,VERB,8.0,acl:relcl,"(84, 89)",קנה,HebBinyan=PAAL|VerbForm=Inf|Voice=Act,
25,דירות,NOUN,NOUN,24.0,obj,"(90, 95)",דירה,Gender=Fem|Number=Plur,
26,גדולות,ADJ,ADJ,25.0,amod,"(96, 102)",גדול,Gender=Fem|Number=Plur,
27,יותר,ADV,ADV,26.0,advmod,"(103, 107)",יותר,,
"(28, 29)",ובעיקר,,,,,"(108, 114)",,,"[{'id': 28, 'text': 'ו', 'upos': 'CCONJ', 'xpos': 'CCONJ', 'head': 30, 'deprel': 'cc', 'lemma': 'ו'}, {'id': 29, 'text': 'בעיקר', 'upos': 'ADV', 'xpos': 'ADV', 'head': 30, 'deprel': 'advmod', 'lemma': 'בעיקר'}]"
30,צמודות,ADJ,ADJ,26.0,conj,"(115, 121)",צמוד,Definite=Cons|Gender=Fem|Number=Plur,
31,קרקע,NOUN,NOUN,30.0,compound:smixut,"(122, 126)",קרקע,Gender=Fem|Number=Sing,
"(32, 33)",באזור,,,,,"(127, 132)",,,"[{'id': 32, 'text': 'ב', 'upos': 'ADP', 'xpos': 'ADP', 'head': 33, 'deprel': 'case', 'lemma': 'ב'}, {'id': 33, 'text': 'אזור', 'upos': 'NOUN', 'xpos': 'NOUN', 'feats': 'Gender=Masc|Number=Sing', 'head': 24, 'deprel': 'obl', 'lemma': 'אזור'}]"
1,♦,PUNCT,PUNCT,8.0,punct,"(1, 2)",♦,,
2,אוכלוסית,NOUN,NOUN,8.0,nsubj,"(3, 11)",אוכלוס,Definite=Cons|Gender=Fem|Number=Sing,
3,קוני,NOUN,NOUN,2.0,compound:smixut,"(12, 16)",קונה,Definite=Cons|Gender=Masc|Number=Plur,
"(4, 5)",הדירות,,,,,"(17, 23)",,,"[{'id': 4, 'text': 'ה', 'upos': 'DET', 'xpos': 'DET', 'feats': 'PronType=Art', 'head': 5, 'deprel': 'det:def', 'lemma': 'ה'}, {'id': 5, 'text': 'דירות', 'upos': 'NOUN', 'xpos': 'NOUN', 'feats': 'Gender=Fem|Number=Plur', 'head': 3, 'deprel': 'compound:smixut', 'lemma': 'דירה'}]"
"(6, 7)",בשלומי,,,,,"(24, 30)",,,"[{'id': 6, 'text': 'ב', 'upos': 'ADP', 'xpos': 'ADP', 'head': 7, 'deprel': 'case', 'lemma': 'ב'}, {'id': 7, 'text': 'שלומי', 'upos': 'NOUN', 'xpos': 'NOUN', 'feats': 'Gender=Masc|Number=Sing', 'head': 2, 'deprel': 'nmod', 'lemma': '_'}]"
8,דומה,VERB,VERB,0.0,root,"(31, 35)",דמה,Gender=Masc|Number=Sing,
"(9, 10)",בהרכבה,,,,,"(36, 42)",,,"[{'id': 9, 'text': 'ב', 'upos': 'ADP', 'xpos': 'ADP', 'head': 10, 'deprel': 'case', 'lemma': 'ב'}, {'id': 10, 'text': 'הרכבה', 'upos': 'NOUN', 'xpos': 'NOUN', 'feats': 'Gender=Fem|Number=Sing', 'head': 8, 'deprel': 'obl', 'lemma': 'הרכבה'}]"
"(11, 13)",לאוכלוסית,,,,,"(43, 52)",,,"[{'id': 11, 'text': 'ל', 'upos': 'ADP', 'xpos': 'ADP', 'head': 13, 'deprel': 'case', 'lemma': 'ל'}, {'id': 12, 'text': 'ה_', 'upos': 'DET', 'xpos': 'DET', 'feats': 'PronType=Art', 'head': 13, 'deprel': 'det:def', 'lemma': 'ה'}, {'id': 13, 'text': 'אוכלוסית', 'upos': 'NOUN', 'xpos': 'NOUN', 'feats': 'Definite=Cons|Gender=Fem|Number=Sing', 'head': 8, 'deprel': 'obl', 'lemma': 'אוכלוס'}]"
14,קוני,NOUN,NOUN,13.0,compound:smixut,"(53, 57)",קונה,Definite=Cons|Gender=Masc|Number=Plur,
"(15, 16)",הדירות,,,,,"(58, 64)",,,"[{'id': 15, 'text': 'ה', 'upos': 'DET', 'xpos': 'DET', 'feats': 'PronType=Art', 'head': 16, 'deprel': 'det:def', 'lemma': 'ה'}, {'id': 16, 'text': 'דירות', 'upos': 'NOUN', 'xpos': 'NOUN', 'feats': 'Gender=Fem|Number=Plur', 'head': 14, 'deprel': 'compound:smixut', 'lemma': 'דירה'}]"
"(17, 18)",בכרמיאל,,,,,"(65, 72)",,,"[{'id': 17, 'text': 'ב', 'upos': 'ADP', 'xpos': 'ADP', 'head': 18, 'deprel': 'case', 'lemma': 'ב'}, {'id': 18, 'text': 'כרמיאל', 'upos': 'PROPN', 'xpos': 'PROPN', 'head': 14, 'deprel': 'nmod', 'lemma': 'כרמיאל'}]"
19,",",PUNCT,PUNCT,8.0,punct,"(72, 73)",",",,
20,למעט,ADP,ADP,22.0,case,"(74, 78)",למעט,,
"(21, 22)",העובדה,,,,,"(79, 85)",,,"[{'id': 21, 'text': 'ה', 'upos': 'DET', 'xpos': 'DET', 'feats': 'PronType=Art', 'head': 22, 'deprel': 'det:def', 'lemma': 'ה'}, {'id': 22, 'text': 'עובדה', 'upos': 'NOUN', 'xpos': 'NOUN', 'feats': 'Gender=Fem|Number=Sing', 'head': 8, 'deprel': 'obl', 'lemma': 'עובדה'}]"
"(23, 24)",שאחוז,,,,,"(86, 91)",,,"[{'id': 23, 'text': 'ש', 'upos': 'SCONJ', 'xpos': 'SCONJ', 'head': 31, 'deprel': 'mark', 'lemma': 'ש'}, {'id': 24, 'text': 'אחוז', 'upos': 'NOUN', 'xpos': 'NOUN', 'feats': 'Gender=Masc|Number=Sing', 'head': 31, 'deprel': 'nsubj', 'lemma': 'אחוז'}]"
25,ניכר,ADJ,ADJ,24.0,amod,"(92, 96)",ניכר,Gender=Masc|Number=Sing,
26,יותר,ADV,ADV,25.0,advmod,"(97, 101)",יותר,,
27,בין,ADP,ADP,29.0,case,"(102, 105)",בין,,
"(28, 29)",הקונים,,,,,"(106, 112)",,,"[{'id': 28, 'text': 'ה', 'upos': 'DET', 'xpos': 'DET', 'feats': 'PronType=Art', 'head': 29, 'deprel': 'det:def', 'lemma': 'ה'}, {'id': 29, 'text': 'קונים', 'upos': 'NOUN', 'xpos': 'NOUN', 'feats': 'Gender=Masc|Number=Plur', 'head': 24, 'deprel': 'nmod', 'lemma': 'קונה'}]"
30,הינם,AUX,AUX,31.0,cop,"(113, 117)",הוא,Gender=Masc|Number=Plur|Person=3|Polarity=Pos|VerbForm=Part|VerbType=Cop,
31,ילידי,NOUN,NOUN,22.0,acl:relcl,"(118, 123)",יליד,Definite=Cons|Gender=Masc|Number=Plur,
"(32, 33)",הארץ,,,,,"(124, 128)",,,"[{'id': 32, 'text': 'ה', 'upos': 'DET', 'xpos': 'DET', 'feats': 'PronType=Art', 'head': 33, 'deprel': 'det:def', 'lemma': 'ה'}, {'id': 33, 'text': 'ארץ', 'upos': 'NOUN', 'xpos': 'NOUN', 'feats': 'Gender=Fem|Number=Sing', 'head': 31, 'deprel': 'compound:smixut', 'lemma': 'ארץ'}]"
"(34, 36)",והמשפחות,,,,,"(129, 137)",,,"[{'id': 34, 'text': 'ו', 'upos': 'CCONJ', 'xpos': 'CCONJ', 'head': 38, 'deprel': 'cc', 'lemma': 'ו'}, {'id': 35, 'text': 'ה', 'upos': 'DET', 'xpos': 'DET', 'feats': 'PronType=Art', 'head': 36, 'deprel': 'det:def', 'lemma': 'ה'}, {'id': 36, 'text': 'משפחות', 'upos': 'NOUN', 'xpos': 'NOUN', 'feats': 'Gender=Fem|Number=Plur', 'head': 38, 'deprel': 'nsubj', 'lemma': 'משפחה'}]"
37,הינן,AUX,AUX,38.0,cop,"(138, 142)",הינו,Gender=Fem|Number=Plur|Person=3|Polarity=Neg|VerbForm=Part|VerbType=Cop,
38,צעירות,ADJ,ADJ,31.0,conj,"(143, 149)",צעיר,Gender=Fem|Number=Plur,
"(39, 40)",במקצת,,,,,"(150, 155)",,,"[{'id': 39, 'text': 'ב', 'upos': 'ADP', 'xpos': 'ADP', 'head': 40, 'deprel': 'case', 'lemma': 'ב'}, {'id': 40, 'text': 'מקצת', 'upos': 'NOUN', 'xpos': 'NOUN', 'feats': 'Definite=Cons|Gender=Fem|Number=Sing', 'head': 38, 'deprel': 'obl', 'lemma': 'מקצת'}]"
41,מרוכשי,NOUN,NOUN,40.0,compound:smixut,"(156, 162)",מרוכש,Definite=Cons|Gender=Masc|Number=Plur,
"(42, 43)",הדירות,,,,,"(163, 169)",,,"[{'id': 42, 'text': 'ה', 'upos': 'DET', 'xpos': 'DET', 'feats': 'PronType=Art', 'head': 43, 'deprel': 'det:def', 'lemma': 'ה'}, {'id': 43, 'text': 'דירות', 'upos': 'NOUN', 'xpos': 'NOUN', 'feats': 'Gender=Fem|Number=Plur', 'head': 41, 'deprel': 'compound:smixut', 'lemma': 'דירה'}]"
"(44, 45)",בכרמיאל,,,,,"(170, 177)",,,"[{'id': 44, 'text': 'ב', 'upos': 'ADP', 'xpos': 'ADP', 'head': 45, 'deprel': 'case', 'lemma': 'ב'}, {'id': 45, 'text': 'כרמיאל', 'upos': 'PROPN', 'xpos': 'PROPN', 'head': 41, 'deprel': 'nmod', 'lemma': 'כרמיאל'}]"
1,על,ADP,ADP,3.0,case,"(1, 3)",על,,
2,מנת,ADP,ADP,1.0,fixed,"(4, 7)",מנה,Definite=Cons|Gender=Fem|Number=Sing,
3,לעודד,VERB,VERB,10.0,advcl,"(8, 13)",עודד,HebBinyan=PIEL|VerbForm=Inf|Voice=Act,
4,את,ADP,ADP,6.0,case:acc,"(14, 16)",את,Case=Acc,
"(5, 6)",השיווק,,,,,"(17, 23)",,,"[{'id': 5, 'text': 'ה', 'upos': 'DET', 'xpos': 'DET', 'feats': 'PronType=Art', 'head': 6, 'deprel': 'det:def', 'lemma': 'ה'}, {'id': 6, 'text': 'שיווק', 'upos': 'NOUN', 'xpos': 'NOUN', 'feats': 'Gender=Masc|Number=Sing', 'head': 3, 'deprel': 'obj', 'lemma': 'שיווק'}]"
"(7, 9)",במקום,,,,,"(24, 29)",,,"[{'id': 7, 'text': 'ב', 'upos': 'ADP', 'xpos': 'ADP', 'head': 9, 'deprel': 'case', 'lemma': 'ב'}, {'id': 8, 'text': 'ה_', 'upos': 'DET', 'xpos': 'DET', 'feats': 'PronType=Art', 'head': 9, 'deprel': 'det:def', 'lemma': 'ה'}, {'id': 9, 'text': 'מקום', 'upos': 'NOUN', 'xpos': 'NOUN', 'feats': 'Gender=Masc|Number=Sing', 'head': 6, 'deprel': 'nmod', 'lemma': 'מקום'}]"
10,יש,AUX,AUX,11.0,aux,"(30, 32)",יש,VerbType=Mod,
11,להדגיש,VERB,VERB,0.0,root,"(33, 39)",הדגיש,HebBinyan=HIFIL|VerbForm=Inf|Voice=Act,
12,נתונים,NOUN,NOUN,11.0,obj,"(40, 46)",נתון,Gender=Masc|Number=Plur,
13,אלו,PRON,PRON,12.0,det,"(47, 50)",אלו,"Gender=Fem,Masc|Number=Plur|Person=3|PronType=Dem",
1,♦,PUNCT,PUNCT,14.0,punct,"(1, 2)",♦,,
"(2, 3)",החשש,,,,,"(3, 7)",,,"[{'id': 2, 'text': 'ה', 'upos': 'DET', 'xpos': 'DET', 'feats': 'PronType=Art', 'head': 3, 'deprel': 'det:def', 'lemma': 'ה'}, {'id': 3, 'text': 'חשש', 'upos': 'NOUN', 'xpos': 'NOUN', 'feats': 'Gender=Masc|Number=Sing', 'head': 14, 'deprel': 'nsubj:cop', 'lemma': 'חשש'}]"
"(4, 5)",העיקרי,,,,,"(8, 14)",,,"[{'id': 4, 'text': 'ה', 'upos': 'DET', 'xpos': 'DET', 'feats': 'PronType=Art', 'head': 5, 'deprel': 'det:def', 'lemma': 'ה'}, {'id': 5, 'text': 'עיקרי', 'upos': 'ADJ', 'xpos': 'ADJ', 'feats': 'Gender=Masc|Number=Sing', 'head': 3, 'deprel': 'amod', 'lemma': 'עיקרי'}]"
6,לגבי,ADP,ADP,7.0,case,"(15, 19)",לגבי,,
7,רכישת,NOUN,NOUN,3.0,nmod,"(20, 25)",רכישה,Definite=Cons|Gender=Fem|Number=Sing,
8,דירה,NOUN,NOUN,7.0,compound:smixut,"(26, 30)",דירה,Gender=Fem|Number=Sing,
"(9, 10)",באזור,,,,,"(31, 36)",,,"[{'id': 9, 'text': 'ב', 'upos': 'ADP', 'xpos': 'ADP', 'head': 10, 'deprel': 'case', 'lemma': 'ב'}, {'id': 10, 'text': 'אזור', 'upos': 'NOUN', 'xpos': 'NOUN', 'feats': 'Gender=Masc|Number=Sing', 'head': 7, 'deprel': 'nmod', 'lemma': 'אזור'}]"
11,זה,PRON,PRON,10.0,det,"(37, 39)",זה,Gender=Masc|Number=Sing|Person=3|PronType=Dem,
12,הינו,AUX,AUX,14.0,cop,"(40, 44)",הנו,Gender=Masc|Number=Sing|Person=3|Polarity=Pos|VerbForm=Part|VerbType=Cop,
"(13, 14)",הקירבה,,,,,"(45, 51)",,,"[{'id': 13, 'text': 'ה', 'upos': 'DET', 'xpos': 'DET', 'feats': 'PronType=Art', 'head': 14, 'deprel': 'det:def', 'lemma': 'ה'}, {'id': 14, 'text': 'קירבה', 'upos': 'NOUN', 'xpos': 'NOUN', 'feats': 'Gender=Fem|Number=Sing', 'head': 0, 'deprel': 'root', 'lemma': 'קירבה'}]"
"(15, 17)",לגבול,,,,,"(52, 57)",,,"[{'id': 15, 'text': 'ל', 'upos': 'ADP', 'xpos': 'ADP', 'head': 17, 'deprel': 'case', 'lemma': 'ל'}, {'id': 16, 'text': 'ה_', 'upos': 'DET', 'xpos': 'DET', 'feats': 'PronType=Art', 'head': 17, 'deprel': 'det:def', 'lemma': 'ה'}, {'id': 17, 'text': 'גבול', 'upos': 'NOUN', 'xpos': 'NOUN', 'feats': 'Gender=Masc|Number=Sing', 'head': 14, 'deprel': 'nmod', 'lemma': 'גבול'}]"
18,",",PUNCT,PUNCT,14.0,punct,"(58, 59)",",",,
"(19, 20)",ויש,,,,,"(60, 63)",,,"[{'id': 19, 'text': 'ו', 'upos': 'CCONJ', 'xpos': 'CCONJ', 'head': 20, 'deprel': 'cc', 'lemma': 'ו'}, {'id': 20, 'text': 'יש', 'upos': 'AUX', 'xpos': 'AUX', 'feats': 'VerbType=Mod', 'head': 21, 'deprel': 'aux', 'lemma': 'יש'}]"
21,להפחית,VERB,VERB,14.0,conj,"(64, 70)",הפחית,HebBinyan=HIFIL|VerbForm=Inf|Voice=Act,
22,חרדות,NOUN,NOUN,21.0,obj,"(71, 76)",חרדה,Gender=Fem|Number=Plur,
23,אלו,PRON,PRON,22.0,det,"(77, 80)",אלו,"Gender=Fem,Masc|Number=Plur|Person=3|PronType=Dem",
24,",",PUNCT,PUNCT,21.0,punct,"(80, 81)",",",,
25,אם,SCONJ,SCONJ,26.0,advmod,"(82, 84)",אם,,
26,באמצעות,ADP,ADP,27.0,case,"(85, 92)",באמצעות,,
27,פרסום,NOUN,NOUN,21.0,obl,"(93, 98)",פרסום,Gender=Masc|Number=Sing,
"(28, 29)",ואם,,,,,"(99, 102)",,,"[{'id': 28, 'text': 'ו', 'upos': 'CCONJ', 'xpos': 'CCONJ', 'head': 31, 'deprel': 'cc', 'lemma': 'ו'}, {'id': 29, 'text': 'אם', 'upos': 'SCONJ', 'xpos': 'SCONJ', 'head': 31, 'deprel': 'advmod', 'lemma': 'אם'}]"
"(30, 31)",באמצעי,,,,,"(103, 109)",,,"[{'id': 30, 'text': 'ב', 'upos': 'ADP', 'xpos': 'ADP', 'head': 31, 'deprel': 'case', 'lemma': 'ב'}, {'id': 31, 'text': 'אמצעי', 'upos': 'NOUN', 'xpos': 'NOUN', 'feats': 'Definite=Cons|Gender=Masc|Number=Plur', 'head': 27, 'deprel': 'conj', 'lemma': 'אמצע'}]"
32,מיגון,NOUN,NOUN,31.0,compound:smixut,"(110, 115)",מיגון,Gender=Masc|Number=Sing,
1,3,NUM,NUM,0.0,root,"(1, 2)",3,,
1,ממצאים,NOUN,NOUN,0.0,root,"(1, 7)",ממצא,Gender=Masc|Number=Plur,
2,מפורטים,VERB,VERB,1.0,amod,"(8, 15)",פורט,"Gender=Masc|HebBinyan=PUAL|Number=Plur|Person=1,2,3|VerbForm=Part|Voice=Pass",
3,3,NUM,NUM,1.0,nummod,"(16, 17)",3,,
1,1,NUM,NUM,3.0,dep,"(0, 1)",1,,
2,מאפיינים,NOUN,NOUN,1.0,obl,"(2, 10)",מאפיין,"Gender=Masc|HebBinyan=PIEL|Number=Plur|Person=1,2,3|VerbForm=Part|Voice=Act",
"(3, 5)",סוציודמוגרפ״ם,,,,,"(11, 24)",,,"[{'id': 3, 'text': 'סוציודמוגרפף', 'upos': 'VERB', 'xpos': 'VERB', 'feats': 'Xtra=Junk', 'head': 0, 'deprel': 'root', 'lemma': 'סוציודמוגרפף'}, {'id': 4, 'text': 'את', 'upos': 'ADP', 'xpos': 'ADP', 'feats': 'Case=Acc', 'head': 5, 'deprel': 'case', 'lemma': 'את'}, {'id': 5, 'text': '_הם', 'upos': 'PRON', 'xpos': 'PRON', 'feats': 'Case=Acc|Gender=Masc|Number=Plur|Person=3|PronType=Prs', 'head': 3, 'deprel': 'obj', 'lemma': 'הוא'}]"
6,של,ADP,ADP,7.0,case:gen,"(25, 27)",של,Case=Gen,
7,רוכש׳,VERB,VERB,3.0,obj,"(28, 33)",רכש,"Definite=Cons|Gender=Masc|HebBinyan=PAAL|Number=Plur|Person=1,2,3|VerbForm=Part|Voice=Act",
"(8, 9)",הדירות,,,,,"(34, 40)",,,"[{'id': 8, 'text': 'ה', 'upos': 'DET', 'xpos': 'DET', 'feats': 'PronType=Art', 'head': 9, 'deprel': 'det:def', 'lemma': 'ה'}, {'id': 9, 'text': 'דירות', 'upos': 'NOUN', 'xpos': 'NOUN', 'feats': 'Gender=Fem|Number=Plur', 'head': 7, 'deprel': 'compound:smixut', 'lemma': 'דירה'}]"
10,♦,PUNCT,PUNCT,3.0,dep,"(41, 42)",♦,,
11,סטטוס,NOUN,NOUN,3.0,dep,"(43, 48)",סטטוס,Gender=Masc|Number=Sing,
12,משפחתי,ADJ,ADJ,11.0,amod,"(49, 55)",משפחתי,Gender=Masc|Number=Sing,
13,83,NUM,NUM,14.0,nummod,"(56, 58)",83,,
14,%,NOUN,NOUN,3.0,nsubj,"(58, 59)",%,"Gender=Masc|Number=Plur,Sing",
15,מרוכשי,VERB,VERB,14.0,nmod,"(60, 66)",רוכש,Definite=Cons|Gender=Masc|Number=Plur,
"(16, 17)",הדירות,,,,,"(67, 73)",,,"[{'id': 16, 'text': 'ה', 'upos': 'DET', 'xpos': 'DET', 'feats': 'PronType=Art', 'head': 17, 'deprel': 'det:def', 'lemma': 'ה'}, {'id': 17, 'text': 'דירות', 'upos': 'NOUN', 'xpos': 'NOUN', 'feats': 'Gender=Fem|Number=Plur', 'head': 15, 'deprel': 'compound:smixut', 'lemma': 'דירה'}]"
"(18, 19)",בשלומי,,,,,"(74, 80)",,,"[{'id': 18, 'text': 'ב', 'upos': 'ADP', 'xpos': 'ADP', 'head': 19, 'deprel': 'case', 'lemma': 'ב'}, {'id': 19, 'text': 'שלומי', 'upos': 'NOUN', 'xpos': 'NOUN', 'feats': 'Definite=Cons|Gender=Masc|Number=Plur', 'head': 15, 'deprel': 'nmod', 'lemma': '_'}]"
20,נשואים,NOUN,NOUN,19.0,compound:smixut,"(81, 87)",נשוא,Gender=Masc|Number=Plur,
21,",",PUNCT,PUNCT,15.0,punct,"(87, 88)",",",,
22,כ,ADP,ADP,25.0,det,"(89, 90)",כ,,
23,-,PUNCT,PUNCT,25.0,punct,"(90, 91)",-,,
24,8,NUM,NUM,25.0,nummod,"(92, 93)",8,,
25,%,NOUN,NOUN,20.0,conj,"(93, 94)",%,"Gender=Masc|Number=Plur,Sing",
26,רווקים,NOUN,NOUN,25.0,nmod,"(95, 101)",רווק,Gender=Masc|Number=Plur,
"(27, 28)",וכ,,,,,"(102, 104)",,,"[{'id': 27, 'text': 'ו', 'upos': 'CCONJ', 'xpos': 'CCONJ', 'head': 31, 'deprel': 'cc', 'lemma': 'ו'}, {'id': 28, 'text': 'כ', 'upos': 'ADV', 'xpos': 'ADV', 'head': 31, 'deprel': 'det', 'lemma': 'כ'}]"
29,-,PUNCT,PUNCT,31.0,punct,"(104, 105)",-,,
30,9,NUM,NUM,31.0,nummod,"(106, 107)",9,,
31,%,NOUN,NOUN,20.0,conj,"(107, 108)",%,"Gender=Masc|Number=Plur,Sing",
32,גרושים,ADJ,ADJ,31.0,amod,"(109, 115)",גרוש,Gender=Masc|Number=Plur,
1,אחוז,NOUN,NOUN,4.0,nsubj,"(1, 5)",אחוז,Definite=Cons|Gender=Masc|Number=Sing,
"(2, 3)",הנשואים,,,,,"(6, 13)",,,"[{'id': 2, 'text': 'ה', 'upos': 'DET', 'xpos': 'DET', 'feats': 'PronType=Art', 'head': 3, 'deprel': 'det:def', 'lemma': 'ה'}, {'id': 3, 'text': 'נשואים', 'upos': 'NOUN', 'xpos': 'NOUN', 'feats': 'Gender=Masc|Number=Plur', 'head': 1, 'deprel': 'compound:smixut', 'lemma': 'נשוא'}]"
4,נמוך,ADJ,ADJ,0.0,root,"(14, 18)",נמוך,Gender=Masc|Number=Sing,
"(5, 6)",במעט,,,,,"(19, 23)",,,"[{'id': 5, 'text': 'ב', 'upos': 'ADP', 'xpos': 'ADP', 'head': 6, 'deprel': 'case', 'lemma': 'ב'}, {'id': 6, 'text': 'מעט', 'upos': 'NOUN', 'xpos': 'NOUN', 'feats': 'Definite=Cons', 'head': 4, 'deprel': 'obl', 'lemma': 'מעט'}]"
"(7, 8)",בהשוואה,,,,,"(24, 31)",,,"[{'id': 7, 'text': 'ב', 'upos': 'ADP', 'xpos': 'ADP', 'head': 11, 'deprel': 'case', 'lemma': 'ב'}, {'id': 8, 'text': 'השוואה', 'upos': 'NOUN', 'xpos': 'NOUN', 'feats': 'Gender=Fem|Number=Sing', 'head': 7, 'deprel': 'fixed', 'lemma': 'השוואה'}]"
"(9, 11)",לישובים,,,,,"(32, 39)",,,"[{'id': 9, 'text': 'ל', 'upos': 'ADP', 'xpos': 'ADP', 'head': 7, 'deprel': 'fixed', 'lemma': 'ל'}, {'id': 10, 'text': 'ה_', 'upos': 'DET', 'xpos': 'DET', 'feats': 'PronType=Art', 'head': 11, 'deprel': 'det:def', 'lemma': 'ה'}, {'id': 11, 'text': 'ישובים', 'upos': 'NOUN', 'xpos': 'NOUN', 'feats': 'Gender=Masc|Number=Plur', 'head': 4, 'deprel': 'obl', 'lemma': 'יישוב'}]"
12,אחרים,ADJ,ADJ,11.0,amod,"(40, 45)",אחר,Gender=Masc|Number=Plur,
"(13, 14)",שנסקרו,,,,,"(46, 52)",,,"[{'id': 13, 'text': 'ש', 'upos': 'SCONJ', 'xpos': 'SCONJ', 'head': 14, 'deprel': 'mark', 'lemma': 'ש'}, {'id': 14, 'text': 'נסקרו', 'upos': 'VERB', 'xpos': 'VERB', 'feats': 'Gender=Fem,Masc|HebBinyan=NIFAL|Number=Plur|Person=3|Tense=Past|Voice=Mid', 'head': 11, 'deprel': 'acl:relcl', 'lemma': 'נסקר'}]"
1,♦,PUNCT,PUNCT,12.0,punct,"(1, 2)",♦,,
2,מספר,DET,DET,3.0,det,"(3, 7)",מספר,Definite=Cons,
3,נפשות,NOUN,NOUN,12.0,nsubj,"(8, 13)",נפש,Gender=Fem|Number=Plur,
"(4, 5)",שיגורו,,,,,"(14, 20)",,,"[{'id': 4, 'text': 'ש', 'upos': 'SCONJ', 'xpos': 'SCONJ', 'head': 5, 'deprel': 'mark', 'lemma': 'ש'}, {'id': 5, 'text': 'יגורו', 'upos': 'VERB', 'xpos': 'VERB', 'feats': 'Gender=Fem,Masc|HebBinyan=PAAL|Number=Plur|Person=3|Tense=Fut|Voice=Act', 'head': 3, 'deprel': 'acl:relcl', 'lemma': 'גר'}]"
"(6, 7)",בדירה,,,,,"(21, 26)",,,"[{'id': 6, 'text': 'ב', 'upos': 'ADP', 'xpos': 'ADP', 'head': 7, 'deprel': 'case', 'lemma': 'ב'}, {'id': 7, 'text': 'דירה', 'upos': 'NOUN', 'xpos': 'NOUN', 'feats': 'Gender=Fem|Number=Sing', 'head': 5, 'deprel': 'obl', 'lemma': 'דירה'}]"
8,לפי,ADP,ADP,9.0,case,"(27, 30)",לפי,,
9,דווחי,NOUN,NOUN,12.0,obl,"(31, 36)",דווח,Definite=Cons|Gender=Masc|Number=Plur,
"(10, 11)",המרואיינים,,,,,"(37, 47)",,,"[{'id': 10, 'text': 'ה', 'upos': 'DET', 'xpos': 'DET', 'feats': 'PronType=Art', 'head': 11, 'deprel': 'det:def', 'lemma': 'ה'}, {'id': 11, 'text': 'מרואיינים', 'upos': 'NOUN', 'xpos': 'NOUN', 'feats': 'Gender=Masc|Number=Plur', 'head': 9, 'deprel': 'compound:smixut', 'lemma': 'מרואיין'}]"
12,יתגוררו,VERB,VERB,0.0,root,"(48, 55)",התגורר,"Gender=Fem,Masc|HebBinyan=HITPAEL|Number=Plur|Person=3|Tense=Fut",
"(13, 14)",בדירה,,,,,"(56, 61)",,,"[{'id': 13, 'text': 'ב', 'upos': 'ADP', 'xpos': 'ADP', 'head': 14, 'deprel': 'case', 'lemma': 'ב'}, {'id': 14, 'text': 'דירה', 'upos': 'NOUN', 'xpos': 'NOUN', 'feats': 'Gender=Fem|Number=Sing', 'head': 12, 'deprel': 'obl', 'lemma': 'דירה'}]"
"(15, 16)",בשלומי,,,,,"(62, 68)",,,"[{'id': 15, 'text': 'ב', 'upos': 'ADP', 'xpos': 'ADP', 'head': 16, 'deprel': 'case', 'lemma': 'ב'}, {'id': 16, 'text': 'שלומי', 'upos': 'NOUN', 'xpos': 'NOUN', 'feats': 'Gender=Masc|Number=Sing', 'head': 12, 'deprel': 'obl', 'lemma': '_'}]"
"(17, 18)",בממוצע,,,,,"(69, 75)",,,"[{'id': 17, 'text': 'ב', 'upos': 'ADP', 'xpos': 'ADP', 'head': 18, 'deprel': 'case', 'lemma': 'ב'}, {'id': 18, 'text': 'ממוצע', 'upos': 'NOUN', 'xpos': 'NOUN', 'feats': 'Gender=Masc|Number=Sing', 'head': 12, 'deprel': 'obl', 'lemma': 'ממוצע'}]"
19,2,NUM,NUM,18.0,nummod,"(76, 77)",2,,
1,9,NUM,NUM,2.0,nummod,"(0, 1)",9,,
2,נפשות,NOUN,NOUN,0.0,root,"(2, 7)",נפש,Gender=Fem|Number=Plur,
3,",",PUNCT,PUNCT,2.0,punct,"(7, 8)",",",,
4,לעומת,ADP,ADP,5.0,case,"(9, 14)",לעומת,,
5,גודל,NOUN,NOUN,2.0,nmod,"(15, 19)",גודל,Definite=Cons|Gender=Masc|Number=Sing,
6,משק,NOUN,NOUN,5.0,compound:smixut,"(20, 23)",משק,Definite=Cons|Gender=Masc|Number=Sing,
7,בית,NOUN,NOUN,6.0,compound:smixut,"(24, 27)",בית,Gender=Masc|Number=Sing,
8,ממוצע,ADJ,ADJ,6.0,amod,"(28, 33)",ממוצע,Gender=Masc|Number=Sing,
9,(,PUNCT,PUNCT,11.0,punct,"(34, 35)",(,,
"(10, 11)",באוכלוסיה,,,,,"(35, 44)",,,"[{'id': 10, 'text': 'ב', 'upos': 'ADP', 'xpos': 'ADP', 'head': 11, 'deprel': 'case', 'lemma': 'ב'}, {'id': 11, 'text': 'אוכלוסיה', 'upos': 'NOUN', 'xpos': 'NOUN', 'feats': 'Gender=Fem|Number=Sing', 'head': 6, 'deprel': 'appos', 'lemma': 'אוכלוסיה'}]"
"(12, 13)",היהודית,,,,,"(45, 52)",,,"[{'id': 12, 'text': 'ה', 'upos': 'DET', 'xpos': 'DET', 'feats': 'PronType=Art', 'head': 13, 'deprel': 'det:def', 'lemma': 'ה'}, {'id': 13, 'text': 'יהודית', 'upos': 'ADJ', 'xpos': 'ADJ', 'feats': 'Gender=Fem|Number=Sing', 'head': 11, 'deprel': 'amod', 'lemma': 'יהודי'}]"
14,),PUNCT,PUNCT,11.0,punct,"(53, 54)",),,
15,של,ADP,ADP,16.0,case:gen,"(55, 57)",של,Case=Gen,
16,3,NUM,NUM,5.0,nmod:poss,"(58, 59)",3,,
1,2,NUM,NUM,0.0,root,"(0, 1)",2,,
2,(,PUNCT,PUNCT,3.0,punct,"(2, 3)",(,,
3,נתוני,NOUN,NOUN,1.0,appos,"(3, 8)",נתון,Definite=Cons|Gender=Masc|Number=Plur,
"(4, 5)",השנ תון,,,,,"(9, 16)",,,"[{'id': 4, 'text': 'ה', 'upos': 'DET', 'xpos': 'DET', 'feats': 'PronType=Art', 'head': 5, 'deprel': 'det:def', 'lemma': 'ה'}, {'id': 5, 'text': 'שנטתון', 'upos': 'NOUN', 'xpos': 'NOUN', 'feats': 'Gender=Masc|Number=Sing', 'head': 3, 'deprel': 'compound:smixut', 'lemma': 'שנטתון'}]"
"(6, 7)",הסטטיסטי,,,,,"(17, 25)",,,"[{'id': 6, 'text': 'ה', 'upos': 'DET', 'xpos': 'DET', 'feats': 'PronType=Art', 'head': 7, 'deprel': 'det:def', 'lemma': 'ה'}, {'id': 7, 'text': 'סטטיסטי', 'upos': 'ADJ', 'xpos': 'ADJ', 'feats': 'Gender=Masc|Number=Sing', 'head': 5, 'deprel': 'amod', 'lemma': 'סטטיסטי'}]"
"(8, 9)",לישראל,,,,,"(26, 32)",,,"[{'id': 8, 'text': 'ל', 'upos': 'ADP', 'xpos': 'ADP', 'head': 9, 'deprel': 'case', 'lemma': 'ל'}, {'id': 9, 'text': 'ישראל', 'upos': 'PROPN', 'xpos': 'PROPN', 'head': 5, 'deprel': 'nmod', 'lemma': 'ישראל'}]"
"(10, 11)",לשנת,,,,,"(33, 37)",,,"[{'id': 10, 'text': 'ל', 'upos': 'ADP', 'xpos': 'ADP', 'head': 11, 'deprel': 'case', 'lemma': 'ל'}, {'id': 11, 'text': 'שנת', 'upos': 'NOUN', 'xpos': 'NOUN', 'feats': 'Definite=Cons|Gender=Fem|Number=Sing', 'head': 3, 'deprel': 'nmod', 'lemma': 'שנה'}]"
12,1998,NUM,NUM,11.0,compound:smixut,"(38, 42)",1998,,
13,),PUNCT,PUNCT,3.0,punct,"(42, 43)",),,
1,להלן,ADV,ADV,0.0,root,"(1, 5)",להלן,,
2,פילוג,NOUN,NOUN,1.0,dep,"(6, 11)",פילוג,Definite=Cons|Gender=Masc|Number=Sing,
3,מספר,DET,DET,5.0,det,"(12, 16)",מספר,Definite=Cons,
"(4, 5)",הנפשות,,,,,"(17, 23)",,,"[{'id': 4, 'text': 'ה', 'upos': 'DET', 'xpos': 'DET', 'feats': 'PronType=Art', 'head': 5, 'deprel': 'det:def', 'lemma': 'ה'}, {'id': 5, 'text': 'נפשות', 'upos': 'NOUN', 'xpos': 'NOUN', 'feats': 'Gender=Fem|Number=Plur', 'head': 2, 'deprel': 'compound:smixut', 'lemma': 'נפש'}]"
"(6, 7)",שיגורו,,,,,"(24, 30)",,,"[{'id': 6, 'text': 'ש', 'upos': 'SCONJ', 'xpos': 'SCONJ', 'head': 7, 'deprel': 'mark', 'lemma': 'ש'}, {'id': 7, 'text': 'יגורו', 'upos': 'VERB', 'xpos': 'VERB', 'feats': 'Gender=Fem,Masc|HebBinyan=PAAL|Number=Plur|Person=3|Tense=Fut|Voice=Act', 'head': 5, 'deprel': 'acl:relcl', 'lemma': 'גר'}]"
"(8, 9)",בשלומי,,,,,"(31, 37)",,,"[{'id': 8, 'text': 'ב', 'upos': 'ADP', 'xpos': 'ADP', 'head': 9, 'deprel': 'case', 'lemma': 'ב'}, {'id': 9, 'text': 'שלומי', 'upos': 'PROPN', 'xpos': 'PROPN', 'head': 7, 'deprel': 'obl', 'lemma': 'שלומי'}]"
"(10, 12)",והשוואה,,,,,"(38, 45)",,,"[{'id': 10, 'text': 'ו', 'upos': 'CCONJ', 'xpos': 'CCONJ', 'head': 12, 'deprel': 'cc', 'lemma': 'ו'}, {'id': 11, 'text': 'ה', 'upos': 'DET', 'xpos': 'DET', 'feats': 'PronType=Art', 'head': 12, 'deprel': 'det:def', 'lemma': 'ה'}, {'id': 12, 'text': 'שוואה', 'upos': 'PROPN', 'xpos': 'PROPN', 'head': 9, 'deprel': 'conj', 'lemma': 'שוואה'}]"
"(13, 14)",לפילוג,,,,,"(46, 52)",,,"[{'id': 13, 'text': 'ל', 'upos': 'ADP', 'xpos': 'ADP', 'head': 14, 'deprel': 'case', 'lemma': 'ל'}, {'id': 14, 'text': 'פילוג', 'upos': 'NOUN', 'xpos': 'NOUN', 'feats': 'Definite=Cons|Gender=Masc|Number=Sing', 'head': 2, 'deprel': 'nmod', 'lemma': 'פילוג'}]"
15,מספר,DET,DET,17.0,det,"(53, 57)",מספר,Definite=Cons,
"(16, 17)",הנפשות,,,,,"(58, 64)",,,"[{'id': 16, 'text': 'ה', 'upos': 'DET', 'xpos': 'DET', 'feats': 'PronType=Art', 'head': 17, 'deprel': 'det:def', 'lemma': 'ה'}, {'id': 17, 'text': 'נפשות', 'upos': 'NOUN', 'xpos': 'NOUN', 'feats': 'Gender=Fem|Number=Plur', 'head': 14, 'deprel': 'compound:smixut', 'lemma': 'נפש'}]"
18,בקרב,ADP,ADP,20.0,case,"(65, 69)",בקרב,,
"(19, 20)",האוכלוסיה,,,,,"(70, 79)",,,"[{'id': 19, 'text': 'ה', 'upos': 'DET', 'xpos': 'DET', 'feats': 'PronType=Art', 'head': 20, 'deprel': 'det:def', 'lemma': 'ה'}, {'id': 20, 'text': 'אוכלוסיה', 'upos': 'NOUN', 'xpos': 'NOUN', 'feats': 'Gender=Fem|Number=Sing', 'head': 14, 'deprel': 'nmod', 'lemma': 'אוכלוסיה'}]"
"(21, 22)",היהודית,,,,,"(80, 87)",,,"[{'id': 21, 'text': 'ה', 'upos': 'DET', 'xpos': 'DET', 'feats': 'PronType=Art', 'head': 22, 'deprel': 'det:def', 'lemma': 'ה'}, {'id': 22, 'text': 'יהודית', 'upos': 'ADJ', 'xpos': 'ADJ', 'feats': 'Gender=Fem|Number=Sing', 'head': 20, 'deprel': 'amod', 'lemma': 'יהודי'}]"
"(23, 24)",בכל,,,,,"(88, 91)",,,"[{'id': 23, 'text': 'ב', 'upos': 'ADP', 'xpos': 'ADP', 'head': 26, 'deprel': 'case', 'lemma': 'ב'}, {'id': 24, 'text': 'כל', 'upos': 'DET', 'xpos': 'DET', 'feats': 'Definite=Cons', 'head': 26, 'deprel': 'det', 'lemma': 'כול'}]"
"(25, 26)",הארץ,,,,,"(92, 96)",,,"[{'id': 25, 'text': 'ה', 'upos': 'DET', 'xpos': 'DET', 'feats': 'PronType=Art', 'head': 26, 'deprel': 'det:def', 'lemma': 'ה'}, {'id': 26, 'text': 'ארץ', 'upos': 'NOUN', 'xpos': 'NOUN', 'feats': 'Gender=Fem|Number=Sing', 'head': 20, 'deprel': 'nmod', 'lemma': 'ארץ'}]"
"(1, 2)",בהשוואה,,,,,"(1, 8)",,,"[{'id': 1, 'text': 'ב', 'upos': 'ADP', 'xpos': 'ADP', 'head': 5, 'deprel': 'case', 'lemma': 'ב'}, {'id': 2, 'text': 'השוואה', 'upos': 'NOUN', 'xpos': 'NOUN', 'feats': 'Gender=Fem|Number=Sing', 'head': 1, 'deprel': 'fixed', 'lemma': 'השוואה'}]"
"(3, 5)",לישובים,,,,,"(9, 16)",,,"[{'id': 3, 'text': 'ל', 'upos': 'ADP', 'xpos': 'ADP', 'head': 1, 'deprel': 'fixed', 'lemma': 'ל'}, {'id': 4, 'text': 'ה_', 'upos': 'DET', 'xpos': 'DET', 'feats': 'PronType=Art', 'head': 5, 'deprel': 'det:def', 'lemma': 'ה'}, {'id': 5, 'text': 'ישובים', 'upos': 'NOUN', 'xpos': 'NOUN', 'feats': 'Gender=Masc|Number=Plur', 'head': 11, 'deprel': 'nmod', 'lemma': 'יישוב'}]"
6,אחרים,ADJ,ADJ,5.0,amod,"(17, 22)",אחר,Gender=Masc|Number=Plur,
"(7, 8)",שנסקרו,,,,,"(23, 29)",,,"[{'id': 7, 'text': 'ש', 'upos': 'SCONJ', 'xpos': 'SCONJ', 'head': 8, 'deprel': 'mark', 'lemma': 'ש'}, {'id': 8, 'text': 'נסקרו', 'upos': 'VERB', 'xpos': 'VERB', 'feats': 'Gender=Fem,Masc|HebBinyan=NIFAL|Number=Plur|Person=3|Tense=Past|Voice=Mid', 'head': 5, 'deprel': 'acl:relcl', 'lemma': 'נסקר'}]"
9,",",PUNCT,PUNCT,11.0,punct,"(30, 31)",",",,
"(10, 11)",בשלומי,,,,,"(32, 38)",,,"[{'id': 10, 'text': 'ב', 'upos': 'ADP', 'xpos': 'ADP', 'head': 11, 'deprel': 'case', 'lemma': 'ב'}, {'id': 11, 'text': 'שלומי', 'upos': 'NOUN', 'xpos': 'NOUN', 'feats': 'Definite=Cons|Gender=Masc|Number=Plur', 'head': 0, 'deprel': 'root', 'lemma': '_'}]"
12,אחוז,NOUN,NOUN,11.0,compound:smixut,"(39, 43)",אחוז,Gender=Masc|Number=Sing,
13,נמוך,ADJ,ADJ,12.0,amod,"(44, 48)",נמוך,Gender=Masc|Number=Sing,
14,של,ADP,ADP,15.0,case:gen,"(49, 51)",של,Case=Gen,
15,משפחות,NOUN,NOUN,12.0,nmod,"(52, 58)",משפחה,Gender=Fem|Number=Plur,
"(16, 18)",בעלות,,,,,"(59, 64)",,,"[{'id': 16, 'text': 'ב', 'upos': 'ADP', 'xpos': 'ADP', 'head': 18, 'deprel': 'case', 'lemma': 'ב'}, {'id': 17, 'text': 'ה_', 'upos': 'DET', 'xpos': 'DET', 'feats': 'PronType=Art', 'head': 18, 'deprel': 'det:def', 'lemma': 'ה'}, {'id': 18, 'text': 'עלות', 'upos': 'NOUN', 'xpos': 'NOUN', 'feats': 'Gender=Fem|Number=Sing', 'head': 15, 'deprel': 'nmod', 'lemma': 'עלות'}]"
19,6,NUM,NUM,20.0,nummod,"(65, 66)",6,,
20,נפשות,NOUN,NOUN,15.0,nmod,"(67, 72)",נפש,Gender=Fem|Number=Plur,
"(21, 22)",ויותר,,,,,"(73, 78)",,,"[{'id': 21, 'text': 'ו', 'upos': 'CCONJ', 'xpos': 'CCONJ', 'head': 22, 'deprel': 'cc', 'lemma': 'ו'}, {'id': 22, 'text': 'יותר', 'upos': 'ADV', 'xpos': 'ADV', 'head': 20, 'deprel': 'advmod', 'lemma': 'יותר'}]"
23,",",PUNCT,PUNCT,11.0,punct,"(79, 80)",",",,
24,כמו,ADP,ADP,25.0,case,"(81, 84)",כמו,,
25,כן,PRON,PRON,26.0,obl,"(85, 87)",כן,Person=3|PronType=Dem,
26,יש,VERB,VERB,11.0,conj,"(88, 90)",יש,HebExistential=True,
27,אחוז,NOUN,NOUN,26.0,nsubj,"(91, 95)",אחוז,Gender=Masc|Number=Sing,
28,גבוה,ADJ,ADJ,27.0,amod,"(96, 100)",גבוה,Gender=Masc|Number=Sing,
29,יחסית,ADV,ADV,28.0,advmod,"(101, 106)",יחסית,,
30,של,ADP,ADP,31.0,case:gen,"(107, 109)",של,Case=Gen,
31,משפחות,NOUN,NOUN,27.0,nmod,"(110, 116)",משפחה,Gender=Fem|Number=Plur,
"(32, 34)",בעלות,,,,,"(117, 122)",,,"[{'id': 32, 'text': 'ב', 'upos': 'ADP', 'xpos': 'ADP', 'head': 34, 'deprel': 'case', 'lemma': 'ב'}, {'id': 33, 'text': 'ה_', 'upos': 'DET', 'xpos': 'DET', 'feats': 'PronType=Art', 'head': 34, 'deprel': 'det:def', 'lemma': 'ה'}, {'id': 34, 'text': 'עלות', 'upos': 'NOUN', 'xpos': 'NOUN', 'feats': 'Gender=Fem|Number=Sing', 'head': 31, 'deprel': 'nmod', 'lemma': 'עלות'}]"
35,שתי,NUM,NUM,36.0,nummod,"(123, 126)",שתי,Definite=Cons|Gender=Fem|Number=Plur,
36,נפש,NOUN,NOUN,34.0,nmod,"(127, 130)",נפש,Gender=Fem|Number=Sing,
37,ות,X,X,36.0,dep,"(131, 133)",ות,HebSource=ConvUncertainHead,
1,גודל,NOUN,NOUN,12.0,nsubj:cop,"(1, 5)",גודל,Definite=Cons|Gender=Masc|Number=Sing,
2,משק,NOUN,NOUN,1.0,compound:smixut,"(6, 9)",משק,Definite=Cons|Gender=Masc|Number=Sing,
"(3, 4)",הבית,,,,,"(10, 14)",,,"[{'id': 3, 'text': 'ה', 'upos': 'DET', 'xpos': 'DET', 'feats': 'PronType=Art', 'head': 4, 'deprel': 'det:def', 'lemma': 'ה'}, {'id': 4, 'text': 'בית', 'upos': 'NOUN', 'xpos': 'NOUN', 'feats': 'Gender=Masc|Number=Sing', 'head': 2, 'deprel': 'compound:smixut', 'lemma': 'בית'}]"
"(5, 6)",הממוצע,,,,,"(15, 21)",,,"[{'id': 5, 'text': 'ה', 'upos': 'DET', 'xpos': 'DET', 'feats': 'PronType=Art', 'head': 6, 'deprel': 'det:def', 'lemma': 'ה'}, {'id': 6, 'text': 'ממוצע', 'upos': 'ADJ', 'xpos': 'ADJ', 'feats': 'Gender=Masc|Number=Sing', 'head': 2, 'deprel': 'amod', 'lemma': 'ממוצע'}]"
"(7, 8)",שיתגורר,,,,,"(22, 29)",,,"[{'id': 7, 'text': 'ש', 'upos': 'SCONJ', 'xpos': 'SCONJ', 'head': 8, 'deprel': 'mark', 'lemma': 'ש'}, {'id': 8, 'text': 'יתגורר', 'upos': 'VERB', 'xpos': 'VERB', 'feats': 'Gender=Masc|HebBinyan=HITPAEL|Number=Sing|Person=3|Tense=Fut', 'head': 1, 'deprel': 'acl:relcl', 'lemma': 'התגורר'}]"
"(9, 10)",בשלומי,,,,,"(30, 36)",,,"[{'id': 9, 'text': 'ב', 'upos': 'ADP', 'xpos': 'ADP', 'head': 10, 'deprel': 'case', 'lemma': 'ב'}, {'id': 10, 'text': 'שלומי', 'upos': 'PROPN', 'xpos': 'PROPN', 'head': 8, 'deprel': 'obl', 'lemma': 'שלומי'}]"
11,הוא,AUX,AUX,12.0,cop,"(37, 40)",הוא,Gender=Masc|Number=Sing|Person=3|Polarity=Pos|VerbForm=Part|VerbType=Cop,
12,קטן,ADJ,ADJ,0.0,root,"(41, 44)",קטן,Gender=Masc|Number=Sing,
13,משמעותית,ADV,ADV,12.0,advmod,"(45, 53)",משמעותי,,
14,יחסית,ADV,ADV,13.0,fixed,"(54, 59)",יחסית,,
"(15, 16)",לרוכשי,,,,,"(60, 66)",,,"[{'id': 15, 'text': 'ל', 'upos': 'ADP', 'xpos': 'ADP', 'head': 16, 'deprel': 'case', 'lemma': 'ל'}, {'id': 16, 'text': 'רוכשי', 'upos': 'VERB', 'xpos': 'VERB', 'feats': 'Definite=Cons|Gender=Masc|Number=Plur', 'head': 12, 'deprel': 'advmod', 'lemma': 'רכש'}]"
"(17, 18)",הדירות,,,,,"(67, 73)",,,"[{'id': 17, 'text': 'ה', 'upos': 'DET', 'xpos': 'DET', 'feats': 'PronType=Art', 'head': 18, 'deprel': 'det:def', 'lemma': 'ה'}, {'id': 18, 'text': 'דירות', 'upos': 'NOUN', 'xpos': 'NOUN', 'feats': 'Gender=Fem|Number=Plur', 'head': 16, 'deprel': 'compound:smixut', 'lemma': 'דירה'}]"
"(19, 20)",שנסקרו,,,,,"(74, 80)",,,"[{'id': 19, 'text': 'ש', 'upos': 'SCONJ', 'xpos': 'SCONJ', 'head': 20, 'deprel': 'mark', 'lemma': 'ש'}, {'id': 20, 'text': 'נסקרו', 'upos': 'VERB', 'xpos': 'VERB', 'feats': 'Gender=Fem,Masc|HebBinyan=NIFAL|Number=Plur|Person=3|Tense=Past|Voice=Mid', 'head': 16, 'deprel': 'acl:relcl', 'lemma': 'נסקר'}]"
"(21, 22)",בסקרי,,,,,"(81, 86)",,,"[{'id': 21, 'text': 'ב', 'upos': 'ADP', 'xpos': 'ADP', 'head': 22, 'deprel': 'case', 'lemma': 'ב'}, {'id': 22, 'text': 'סקרי', 'upos': 'NOUN', 'xpos': 'NOUN', 'feats': 'Definite=Cons|Gender=Masc|Number=Plur', 'head': 20, 'deprel': 'obl', 'lemma': 'סקר'}]"
23,ישוב,NOUN,NOUN,22.0,compound:smixut,"(87, 91)",יישוב,Gender=Masc|Number=Sing,
24,אחרים,ADJ,ADJ,22.0,amod,"(92, 97)",אחר,Gender=Masc|Number=Plur,
1,♦,PUNCT,PUNCT,14.0,dep,"(1, 2)",♦,,
2,מבנה,NOUN,NOUN,14.0,dep,"(3, 7)",מבנה,Definite=Cons|Gender=Masc|HebSource=ConvUncertainHead|Number=Sing,
3,משק,NOUN,NOUN,2.0,compound:smixut,"(8, 11)",משק,Definite=Cons|Gender=Masc|Number=Sing,
"(4, 5)",הבית,,,,,"(12, 16)",,,"[{'id': 4, 'text': 'ה', 'upos': 'DET', 'xpos': 'DET', 'feats': 'PronType=Art', 'head': 5, 'deprel': 'det:def', 'lemma': 'ה'}, {'id': 5, 'text': 'בית', 'upos': 'NOUN', 'xpos': 'NOUN', 'feats': 'Gender=Masc|Number=Sing', 'head': 3, 'deprel': 'compound:smixut', 'lemma': 'בית'}]"
"(6, 7)",בכ,,,,,"(17, 19)",,,"[{'id': 6, 'text': 'ב', 'upos': 'ADP', 'xpos': 'ADP', 'head': 10, 'deprel': 'case', 'lemma': 'ב'}, {'id': 7, 'text': 'כ', 'upos': 'ADV', 'xpos': 'ADV', 'head': 10, 'deprel': 'advmod', 'lemma': 'כ'}]"
8,-,PUNCT,PUNCT,10.0,punct,"(19, 20)",-,,
9,76,NUM,NUM,10.0,nummod,"(21, 23)",76,,
10,%,NOUN,NOUN,14.0,obl,"(23, 24)",%,"Gender=Masc|Number=Plur,Sing",
"(11, 13)",מהמקרים,,,,,"(25, 32)",,,"[{'id': 11, 'text': 'מ', 'upos': 'ADP', 'xpos': 'ADP', 'head': 13, 'deprel': 'case', 'lemma': 'מ'}, {'id': 12, 'text': 'ה', 'upos': 'DET', 'xpos': 'DET', 'feats': 'PronType=Art', 'head': 13, 'deprel': 'det:def', 'lemma': 'ה'}, {'id': 13, 'text': 'מקרים', 'upos': 'NOUN', 'xpos': 'NOUN', 'feats': 'Gender=Masc|Number=Plur', 'head': 10, 'deprel': 'nmod', 'lemma': 'מקרה'}]"
14,יגורו,VERB,VERB,0.0,root,"(33, 38)",גר,"Gender=Fem,Masc|HebBinyan=PAAL|Number=Plur|Person=3|Tense=Fut|Voice=Act",
15,רוכשי,VERB,VERB,14.0,nsubj,"(39, 44)",רכש,"Definite=Cons|Gender=Masc|HebBinyan=PAAL|Number=Plur|Person=1,2,3|VerbForm=Part|Voice=Act",
"(16, 17)",הדירות,,,,,"(45, 51)",,,"[{'id': 16, 'text': 'ה', 'upos': 'DET', 'xpos': 'DET', 'feats': 'PronType=Art', 'head': 17, 'deprel': 'det:def', 'lemma': 'ה'}, {'id': 17, 'text': 'דירות', 'upos': 'NOUN', 'xpos': 'NOUN', 'feats': 'Gender=Fem|Number=Plur', 'head': 15, 'deprel': 'compound:smixut', 'lemma': 'דירה'}]"
"(18, 19)",בשלומי,,,,,"(52, 58)",,,"[{'id': 18, 'text': 'ב', 'upos': 'ADP', 'xpos': 'ADP', 'head': 19, 'deprel': 'case', 'lemma': 'ב'}, {'id': 19, 'text': 'שלומי', 'upos': 'PROPN', 'xpos': 'PROPN', 'head': 15, 'deprel': 'nmod', 'lemma': 'שלומי'}]"
"(20, 21)",במסגרת,,,,,"(59, 65)",,,"[{'id': 20, 'text': 'ב', 'upos': 'ADP', 'xpos': 'ADP', 'head': 23, 'deprel': 'case', 'lemma': 'ב'}, {'id': 21, 'text': 'מסגרת', 'upos': 'NOUN', 'xpos': 'NOUN', 'feats': 'Gender=Fem|Number=Sing', 'head': 20, 'deprel': 'fixed', 'lemma': 'מסגרת'}]"
"(22, 23)",המשפחה,,,,,"(66, 72)",,,"[{'id': 22, 'text': 'ה', 'upos': 'DET', 'xpos': 'DET', 'feats': 'PronType=Art', 'head': 23, 'deprel': 'det:def', 'lemma': 'ה'}, {'id': 23, 'text': 'משפחה', 'upos': 'NOUN', 'xpos': 'NOUN', 'feats': 'Gender=Fem|Number=Sing', 'head': 14, 'deprel': 'obl', 'lemma': 'משפחה'}]"
"(24, 25)",הגרעינית,,,,,"(73, 81)",,,"[{'id': 24, 'text': 'ה', 'upos': 'DET', 'xpos': 'DET', 'feats': 'PronType=Art', 'head': 25, 'deprel': 'det:def', 'lemma': 'ה'}, {'id': 25, 'text': 'גרעינית', 'upos': 'ADJ', 'xpos': 'ADJ', 'feats': 'Gender=Fem|Number=Sing', 'head': 23, 'deprel': 'amod', 'lemma': 'גרעיני'}]"
26,",",PUNCT,PUNCT,14.0,punct,"(82, 83)",",",,
27,ב,ADP,ADP,30.0,case,"(84, 85)",ב,,
28,-,PUNCT,PUNCT,30.0,punct,"(85, 86)",-,,
29,18,NUM,NUM,30.0,nummod,"(86, 88)",18,,
30,%,NOUN,NOUN,14.0,obl,"(88, 89)",%,"Gender=Masc|Number=Plur,Sing",
"(31, 33)",מהמקרים,,,,,"(90, 97)",,,"[{'id': 31, 'text': 'מ', 'upos': 'ADP', 'xpos': 'ADP', 'head': 33, 'deprel': 'case', 'lemma': 'מ'}, {'id': 32, 'text': 'ה', 'upos': 'DET', 'xpos': 'DET', 'feats': 'PronType=Art', 'head': 33, 'deprel': 'det:def', 'lemma': 'ה'}, {'id': 33, 'text': 'מקרים', 'upos': 'NOUN', 'xpos': 'NOUN', 'feats': 'Gender=Masc|Number=Plur', 'head': 30, 'deprel': 'nmod', 'lemma': 'מקרה'}]"
34,הם,PRON,PRON,35.0,nsubj,"(98, 100)",הוא,Gender=Masc|Number=Plur|Person=3|PronType=Prs,
35,יתגוררו,VERB,VERB,14.0,conj,"(101, 108)",התגורר,"Gender=Fem,Masc|HebBinyan=HITPAEL|Number=Plur|Person=3|Tense=Fut",
36,עם,ADP,ADP,38.0,case,"(109, 111)",עם,,
"(37, 38)",ההורים,,,,,"(112, 118)",,,"[{'id': 37, 'text': 'ה', 'upos': 'DET', 'xpos': 'DET', 'feats': 'PronType=Art', 'head': 38, 'deprel': 'det:def', 'lemma': 'ה'}, {'id': 38, 'text': 'הורים', 'upos': 'NOUN', 'xpos': 'NOUN', 'feats': 'Gender=Masc|Number=Plur', 'head': 35, 'deprel': 'obl', 'lemma': 'הורה'}]"
39,של,ADP,ADP,40.0,case:gen,"(119, 121)",של,Case=Gen,
40,ראש,NOUN,NOUN,38.0,nmod:poss,"(122, 125)",ראש,Definite=Cons|Gender=Masc|Number=Sing,
"(41, 42)",המשפחה,,,,,"(126, 132)",,,"[{'id': 41, 'text': 'ה', 'upos': 'DET', 'xpos': 'DET', 'feats': 'PronType=Art', 'head': 42, 'deprel': 'det:def', 'lemma': 'ה'}, {'id': 42, 'text': 'משפחה', 'upos': 'NOUN', 'xpos': 'NOUN', 'feats': 'Gender=Fem|Number=Sing', 'head': 40, 'deprel': 'compound:smixut', 'lemma': 'משפחה'}]"
43,",",PUNCT,PUNCT,14.0,punct,"(132, 133)",",",,
44,ב,ADP,ADP,47.0,case,"(134, 135)",ב,,
45,-,PUNCT,PUNCT,47.0,punct,"(135, 136)",-,,
46,4,NUM,NUM,47.0,nummod,"(137, 138)",4,,
47,%,NOUN,NOUN,14.0,conj,"(138, 139)",%,"Gender=Masc|Number=Plur,Sing",
"(48, 50)",מהמקרים,,,,,"(140, 147)",,,"[{'id': 48, 'text': 'מ', 'upos': 'ADP', 'xpos': 'ADP', 'head': 50, 'deprel': 'case', 'lemma': 'מ'}, {'id': 49, 'text': 'ה', 'upos': 'DET', 'xpos': 'DET', 'feats': 'PronType=Art', 'head': 50, 'deprel': 'det:def', 'lemma': 'ה'}, {'id': 50, 'text': 'מקרים', 'upos': 'NOUN', 'xpos': 'NOUN', 'feats': 'Gender=Masc|Number=Plur', 'head': 47, 'deprel': 'nmod', 'lemma': 'מקרה'}]"
51,עם,ADP,ADP,52.0,case,"(148, 150)",עם,,
52,אחים,NOUN,NOUN,47.0,nmod,"(151, 155)",אח,Gender=Masc|Number=Plur,
"(53, 54)",ואחיות,,,,,"(156, 162)",,,"[{'id': 53, 'text': 'ו', 'upos': 'CCONJ', 'xpos': 'CCONJ', 'head': 54, 'deprel': 'cc', 'lemma': 'ו'}, {'id': 54, 'text': 'אחיות', 'upos': 'NOUN', 'xpos': 'NOUN', 'feats': 'Gender=Fem|Number=Plur', 'head': 52, 'deprel': 'conj', 'lemma': 'אח'}]"
55,של,ADP,ADP,56.0,case:gen,"(163, 165)",של,Case=Gen,
56,ראש,NOUN,NOUN,52.0,nmod:poss,"(166, 169)",ראש,Definite=Cons|Gender=Masc|Number=Sing,
"(57, 58)",המשפחה,,,,,"(170, 176)",,,"[{'id': 57, 'text': 'ה', 'upos': 'DET', 'xpos': 'DET', 'feats': 'PronType=Art', 'head': 58, 'deprel': 'det:def', 'lemma': 'ה'}, {'id': 58, 'text': 'משפחה', 'upos': 'NOUN', 'xpos': 'NOUN', 'feats': 'Gender=Fem|Number=Sing', 'head': 56, 'deprel': 'compound:smixut', 'lemma': 'משפחה'}]"
59,",",PUNCT,PUNCT,47.0,punct,"(176, 177)",",",,
"(60, 61)",וב,,,,,"(178, 180)",,,"[{'id': 60, 'text': 'ו', 'upos': 'CCONJ', 'xpos': 'CCONJ', 'head': 64, 'deprel': 'cc', 'lemma': 'ו'}, {'id': 61, 'text': 'ב', 'upos': 'ADP', 'xpos': 'ADP', 'head': 64, 'deprel': 'case', 'lemma': 'ב'}]"
62,-,PUNCT,PUNCT,64.0,punct,"(180, 181)",-,,
63,2,NUM,NUM,64.0,nummod,"(182, 183)",2,,
64,%,NOUN,NOUN,47.0,conj,"(183, 184)",%,"Gender=Masc|Number=Plur,Sing",
65,עם,ADP,ADP,66.0,case,"(185, 187)",עם,,
66,קרובים,NOUN,NOUN,64.0,nmod,"(188, 194)",קרוב,Gender=Masc|Number=Plur,
67,אחרים,ADJ,ADJ,66.0,amod,"(195, 200)",אחר,Gender=Masc|Number=Plur,
1,ב,ADP,ADP,4.0,case,"(1, 2)",ב,,
2,-,PUNCT,PUNCT,4.0,punct,"(2, 3)",-,,
3,77,NUM,NUM,4.0,nummod,"(4, 6)",77,,
4,%,NOUN,NOUN,8.0,obl,"(6, 7)",%,"Gender=Masc|Number=Plur,Sing",
"(5, 7)",מהמקרים,,,,,"(8, 15)",,,"[{'id': 5, 'text': 'מ', 'upos': 'ADP', 'xpos': 'ADP', 'head': 7, 'deprel': 'case', 'lemma': 'מ'}, {'id': 6, 'text': 'ה', 'upos': 'DET', 'xpos': 'DET', 'feats': 'PronType=Art', 'head': 7, 'deprel': 'det:def', 'lemma': 'ה'}, {'id': 7, 'text': 'מקרים', 'upos': 'X', 'xpos': 'X', 'feats': 'Xtra=Junk', 'head': 4, 'deprel': 'nmod', 'lemma': 'מקרים'}]"
8,יש,VERB,VERB,0.0,root,"(16, 18)",יש,HebExistential=True,
"(9, 11)",במשק,,,,,"(19, 23)",,,"[{'id': 9, 'text': 'ב', 'upos': 'ADP', 'xpos': 'ADP', 'head': 11, 'deprel': 'case', 'lemma': 'ב'}, {'id': 10, 'text': 'ה_', 'upos': 'DET', 'xpos': 'DET', 'feats': 'PronType=Art', 'head': 11, 'deprel': 'det:def', 'lemma': 'ה'}, {'id': 11, 'text': 'משק', 'upos': 'NOUN', 'xpos': 'NOUN', 'feats': 'Gender=Masc|Number=Sing', 'head': 8, 'deprel': 'obl', 'lemma': 'משק'}]"
"(12, 13)",הבית,,,,,"(24, 28)",,,"[{'id': 12, 'text': 'ה', 'upos': 'DET', 'xpos': 'DET', 'feats': 'PronType=Art', 'head': 13, 'deprel': 'det:def', 'lemma': 'ה'}, {'id': 13, 'text': 'בית', 'upos': 'NOUN', 'xpos': 'NOUN', 'feats': 'Gender=Masc|Number=Sing', 'head': 11, 'deprel': 'amod', 'lemma': 'בית'}]"
"(14, 15)",שיתגורר,,,,,"(29, 36)",,,"[{'id': 14, 'text': 'ש', 'upos': 'SCONJ', 'xpos': 'SCONJ', 'head': 15, 'deprel': 'mark', 'lemma': 'ש'}, {'id': 15, 'text': 'יתגורר', 'upos': 'VERB', 'xpos': 'VERB', 'feats': 'Gender=Masc|HebBinyan=HITPAEL|Number=Sing|Person=3|Tense=Fut', 'head': 11, 'deprel': 'acl:relcl', 'lemma': 'התגורר'}]"
"(16, 17)",בשלומי,,,,,"(37, 43)",,,"[{'id': 16, 'text': 'ב', 'upos': 'ADP', 'xpos': 'ADP', 'head': 17, 'deprel': 'case', 'lemma': 'ב'}, {'id': 17, 'text': 'שלומי', 'upos': 'NOUN', 'xpos': 'NOUN', 'feats': 'Definite=Cons|Gender=Masc|Number=Plur', 'head': 15, 'deprel': 'obl', 'lemma': '_'}]"
18,ילדים,NOUN,NOUN,17.0,compound:smixut,"(44, 49)",ילד,Gender=Masc|Number=Plur,
19,",",PUNCT,PUNCT,8.0,punct,"(49, 50)",",",,
"(20, 21)",וב,,,,,"(51, 53)",,,"[{'id': 20, 'text': 'ו', 'upos': 'CCONJ', 'xpos': 'CCONJ', 'head': 25, 'deprel': 'cc', 'lemma': 'ו'}, {'id': 21, 'text': 'ב', 'upos': 'ADP', 'xpos': 'ADP', 'head': 24, 'deprel': 'case', 'lemma': 'ב'}]"
22,-,PUNCT,PUNCT,24.0,punct,"(53, 54)",-,,
23,23,NUM,NUM,24.0,nummod,"(55, 57)",23,,
24,%,NOUN,NOUN,25.0,obl,"(57, 58)",%,"Gender=Masc|Number=Plur,Sing",
25,אין,VERB,VERB,8.0,conj,"(59, 62)",אין,HebExistential=True,
26,ילדים,NOUN,NOUN,25.0,nsubj,"(63, 68)",ילד,Gender=Masc|Number=Plur,
1,♦,PUNCT,PUNCT,2.0,cc,"(1, 2)",♦,,
2,התפלגות,NOUN,NOUN,0.0,root,"(3, 10)",התפלגות,Definite=Cons|Gender=Fem|Number=Sing,
"(3, 4)",הרוכשים,,,,,"(11, 18)",,,"[{'id': 3, 'text': 'ה', 'upos': 'DET', 'xpos': 'DET', 'feats': 'PronType=Art', 'head': 4, 'deprel': 'det:def', 'lemma': 'ה'}, {'id': 4, 'text': 'רוכשים', 'upos': 'VERB', 'xpos': 'VERB', 'feats': 'Gender=Masc|HebBinyan=PAAL|Number=Plur|Person=1,2,3|VerbForm=Part|Voice=Act', 'head': 2, 'deprel': 'compound:smixut', 'lemma': 'רכש'}]"
5,לפי,ADP,ADP,6.0,case,"(19, 22)",לפי,,
6,גיל,NOUN,NOUN,2.0,nmod,"(23, 26)",גיל,Gender=Masc|Number=Sing,
7,להלן,ADV,ADV,2.0,advmod,"(27, 31)",להלן,HebSource=ConvUncertainHead,
8,פילוג,NOUN,NOUN,2.0,dep,"(32, 37)",פילוג,Definite=Cons|Gender=Masc|HebSource=ConvUncertainHead|Number=Sing,
9,גילאי,NOUN,NOUN,8.0,compound:smixut,"(38, 43)",גיל,Definite=Cons|Gender=Masc|Number=Plur,
"(10, 11)",הקונים,,,,,"(44, 50)",,,"[{'id': 10, 'text': 'ה', 'upos': 'DET', 'xpos': 'DET', 'feats': 'PronType=Art', 'head': 11, 'deprel': 'det:def', 'lemma': 'ה'}, {'id': 11, 'text': 'קונים', 'upos': 'NOUN', 'xpos': 'NOUN', 'feats': 'Gender=Masc|Number=Plur', 'head': 9, 'deprel': 'compound:smixut', 'lemma': 'קונה'}]"
"(12, 13)",בשלומי,,,,,"(51, 57)",,,"[{'id': 12, 'text': 'ב', 'upos': 'ADP', 'xpos': 'ADP', 'head': 13, 'deprel': 'case', 'lemma': 'ב'}, {'id': 13, 'text': 'שלומי', 'upos': 'PROPN', 'xpos': 'PROPN', 'head': 8, 'deprel': 'nmod', 'lemma': 'שלומי'}]"
"(14, 16)",והשוואה,,,,,"(58, 65)",,,"[{'id': 14, 'text': 'ו', 'upos': 'CCONJ', 'xpos': 'CCONJ', 'head': 16, 'deprel': 'cc', 'lemma': 'ו'}, {'id': 15, 'text': 'ה', 'upos': 'DET', 'xpos': 'DET', 'feats': 'PronType=Art', 'head': 16, 'deprel': 'det:def', 'lemma': 'ה'}, {'id': 16, 'text': 'שוואה', 'upos': 'PROPN', 'xpos': 'PROPN', 'head': 13, 'deprel': 'conj', 'lemma': 'שוואה'}]"
"(17, 18)",לפילוג,,,,,"(66, 72)",,,"[{'id': 17, 'text': 'ל', 'upos': 'ADP', 'xpos': 'ADP', 'head': 18, 'deprel': 'case', 'lemma': 'ל'}, {'id': 18, 'text': 'פילוג', 'upos': 'NOUN', 'xpos': 'NOUN', 'feats': 'Definite=Cons|Gender=Masc|Number=Sing', 'head': 8, 'deprel': 'nmod', 'lemma': 'פילוג'}]"
"(19, 20)",הגילאים,,,,,"(73, 80)",,,"[{'id': 19, 'text': 'ה', 'upos': 'DET', 'xpos': 'DET', 'feats': 'PronType=Art', 'head': 20, 'deprel': 'det:def', 'lemma': 'ה'}, {'id': 20, 'text': 'גילאים', 'upos': 'NOUN', 'xpos': 'NOUN', 'feats': 'Gender=Masc|Number=Plur', 'head': 18, 'deprel': 'compound:smixut', 'lemma': 'גיל'}]"
21,בקרב,ADP,ADP,23.0,case,"(81, 85)",בקרב,,
"(22, 23)",האוכלוסיה,,,,,"(86, 95)",,,"[{'id': 22, 'text': 'ה', 'upos': 'DET', 'xpos': 'DET', 'feats': 'PronType=Art', 'head': 23, 'deprel': 'det:def', 'lemma': 'ה'}, {'id': 23, 'text': 'אוכלוסיה', 'upos': 'NOUN', 'xpos': 'NOUN', 'feats': 'Gender=Fem|Number=Sing', 'head': 18, 'deprel': 'nmod', 'lemma': 'אוכלוסיה'}]"
"(24, 25)",היהודית,,,,,"(96, 103)",,,"[{'id': 24, 'text': 'ה', 'upos': 'DET', 'xpos': 'DET', 'feats': 'PronType=Art', 'head': 25, 'deprel': 'det:def', 'lemma': 'ה'}, {'id': 25, 'text': 'יהודית', 'upos': 'ADJ', 'xpos': 'ADJ', 'feats': 'Gender=Fem|Number=Sing', 'head': 23, 'deprel': 'amod', 'lemma': 'יהודי'}]"
"(26, 27)",בכל,,,,,"(104, 107)",,,"[{'id': 26, 'text': 'ב', 'upos': 'ADP', 'xpos': 'ADP', 'head': 29, 'deprel': 'case', 'lemma': 'ב'}, {'id': 27, 'text': 'כל', 'upos': 'DET', 'xpos': 'DET', 'feats': 'Definite=Cons', 'head': 29, 'deprel': 'det', 'lemma': 'כול'}]"
"(28, 29)",הארץ,,,,,"(108, 112)",,,"[{'id': 28, 'text': 'ה', 'upos': 'DET', 'xpos': 'DET', 'feats': 'PronType=Art', 'head': 29, 'deprel': 'det:def', 'lemma': 'ה'}, {'id': 29, 'text': 'ארץ', 'upos': 'NOUN', 'xpos': 'NOUN', 'feats': 'Gender=Fem|Number=Sing', 'head': 23, 'deprel': 'nmod', 'lemma': 'ארץ'}]"
1,פילוג,NOUN,NOUN,0.0,root,"(1, 6)",פילוג,Definite=Cons|Gender=Masc|Number=Sing,
2,גיל,NOUN,NOUN,1.0,compound:smixut,"(7, 10)",גיל,Definite=Cons|Gender=Masc|Number=Sing,
"(3, 4)",הבעל,,,,,"(11, 15)",,,"[{'id': 3, 'text': 'ה', 'upos': 'DET', 'xpos': 'DET', 'feats': 'PronType=Art', 'head': 4, 'deprel': 'det:def', 'lemma': 'ה'}, {'id': 4, 'text': 'בעל', 'upos': 'NOUN', 'xpos': 'NOUN', 'feats': 'Gender=Masc|Number=Sing', 'head': 2, 'deprel': 'compound:smixut', 'lemma': 'בעל'}]"
5,בקרב,ADP,ADP,6.0,case,"(16, 20)",בקרב,,
6,רוכשי,NOUN,NOUN,1.0,nmod,"(21, 26)",רוכש,Definite=Cons|Gender=Masc|Number=Plur,
7,דירות,NOUN,NOUN,6.0,compound:smixut,"(27, 32)",דירה,Gender=Fem|Number=Plur,
"(8, 9)",בשלומי,,,,,"(33, 39)",,,"[{'id': 8, 'text': 'ב', 'upos': 'ADP', 'xpos': 'ADP', 'head': 9, 'deprel': 'case', 'lemma': 'ב'}, {'id': 9, 'text': 'שלומי', 'upos': 'NOUN', 'xpos': 'NOUN', 'feats': 'Definite=Cons|Gender=Masc|Number=Plur', 'head': 6, 'deprel': 'nmod', 'lemma': '_'}]"
"(10, 12)",דומה,,,,,"(40, 44)",,,"[{'id': 10, 'text': 'דום_', 'upos': 'NOUN', 'xpos': 'NOUN', 'feats': 'Definite=Def|Gender=Masc|Number=Sing', 'head': 9, 'deprel': 'compound:smixut', 'lemma': 'דום'}, {'id': 11, 'text': '_של_', 'upos': 'ADP', 'xpos': 'ADP', 'head': 12, 'deprel': 'case:gen', 'lemma': 'של'}, {'id': 12, 'text': '_היא', 'upos': 'PRON', 'xpos': 'PRON', 'feats': 'Case=Gen|Gender=Fem|Number=Sing|Person=3|PronType=Prs', 'head': 10, 'deprel': 'nmod:poss', 'lemma': 'הוא'}]"
"(13, 14)",לפילוג,,,,,"(45, 51)",,,"[{'id': 13, 'text': 'ל', 'upos': 'ADP', 'xpos': 'ADP', 'head': 14, 'deprel': 'case', 'lemma': 'ל'}, {'id': 14, 'text': 'פילוג', 'upos': 'NOUN', 'xpos': 'NOUN', 'feats': 'Definite=Cons|Gender=Masc|Number=Sing', 'head': 1, 'deprel': 'nmod', 'lemma': 'פילוג'}]"
15,גיל,NOUN,NOUN,14.0,compound:smixut,"(52, 55)",גיל,Definite=Cons|Gender=Masc|Number=Sing,
"(16, 17)",הבעל,,,,,"(56, 60)",,,"[{'id': 16, 'text': 'ה', 'upos': 'DET', 'xpos': 'DET', 'feats': 'PronType=Art', 'head': 17, 'deprel': 'det:def', 'lemma': 'ה'}, {'id': 17, 'text': 'בעל', 'upos': 'NOUN', 'xpos': 'NOUN', 'feats': 'Gender=Masc|Number=Sing', 'head': 15, 'deprel': 'compound:smixut', 'lemma': 'בעל'}]"
18,בקרב,ADP,ADP,19.0,case,"(61, 65)",בקרב,,
19,רוכשי,NOUN,NOUN,14.0,nmod,"(66, 71)",רוכש,Definite=Cons|Gender=Masc|Number=Plur,
20,דירות,NOUN,NOUN,19.0,compound:smixut,"(72, 77)",דירה,Gender=Fem|Number=Plur,
"(21, 22)",בבאר,,,,,"(78, 82)",,,"[{'id': 21, 'text': 'ב', 'upos': 'ADP', 'xpos': 'ADP', 'head': 22, 'deprel': 'case', 'lemma': 'ב'}, {'id': 22, 'text': 'באר', 'upos': 'NOUN', 'xpos': 'NOUN', 'feats': 'Definite=Cons|Gender=Fem|Number=Sing', 'head': 20, 'deprel': 'nmod', 'lemma': 'באר'}]"
23,שבע,NUM,NUM,22.0,flat:name,"(83, 86)",שבע,Gender=Fem|Number=Sing,
24,",",PUNCT,PUNCT,14.0,punct,"(87, 88)",",",,
25,אם,SCONJ,SCONJ,14.0,advcl,"(89, 91)",אם,,
26,כי,SCONJ,SCONJ,25.0,dep,"(92, 94)",כי,HebSource=ConvUncertainHead,
27,רוכשי,NOUN,NOUN,34.0,nsubj:cop,"(95, 100)",רוכש,Definite=Cons|Gender=Masc|Number=Plur,
"(28, 29)",הדירות,,,,,"(101, 107)",,,"[{'id': 28, 'text': 'ה', 'upos': 'DET', 'xpos': 'DET', 'feats': 'PronType=Art', 'head': 29, 'deprel': 'det:def', 'lemma': 'ה'}, {'id': 29, 'text': 'דירות', 'upos': 'NOUN', 'xpos': 'NOUN', 'feats': 'Gender=Fem|Number=Plur', 'head': 27, 'deprel': 'compound:smixut', 'lemma': 'דירה'}]"
"(30, 31)",בבאר,,,,,"(108, 112)",,,"[{'id': 30, 'text': 'ב', 'upos': 'ADP', 'xpos': 'ADP', 'head': 31, 'deprel': 'case', 'lemma': 'ב'}, {'id': 31, 'text': 'באר', 'upos': 'NOUN', 'xpos': 'NOUN', 'feats': 'Definite=Cons|Gender=Fem|Number=Sing', 'head': 29, 'deprel': 'nmod', 'lemma': 'באר'}]"
32,שבע,NUM,NUM,31.0,flat:name,"(113, 116)",שבע,Gender=Fem|Number=Sing,
33,הם,AUX,AUX,34.0,cop,"(117, 119)",הוא,Gender=Masc|Number=Plur|Person=3|Polarity=Pos|VerbForm=Part|VerbType=Cop,
34,מבוגרים,ADJ,ADJ,25.0,dep,"(120, 127)",מבוגר,Gender=Masc|Number=Plur,
35,מעט,ADV,ADV,34.0,advmod,"(128, 131)",מעט,,
36,יותר,ADV,ADV,35.0,advmod,"(132, 136)",יותר,,
"(1, 2)",מנתונים,,,,,"(1, 8)",,,"[{'id': 1, 'text': 'מ', 'upos': 'ADP', 'xpos': 'ADP', 'head': 2, 'deprel': 'case', 'lemma': 'מ'}, {'id': 2, 'text': 'נתונים', 'upos': 'NOUN', 'xpos': 'NOUN', 'feats': 'Gender=Masc|Number=Plur', 'head': 4, 'deprel': 'obl', 'lemma': 'נתון'}]"
3,אלה,PRON,PRON,2.0,det,"(9, 12)",אלה,Gender=Masc|Number=Plur|Person=3|PronType=Dem,
4,מתברר,VERB,VERB,0.0,root,"(13, 18)",התברר,"Gender=Masc|HebBinyan=HITPAEL|Number=Sing|Person=1,2,3|VerbForm=Part",
"(5, 6)",שאוכלוסית,,,,,"(19, 28)",,,"[{'id': 5, 'text': 'ש', 'upos': 'SCONJ', 'xpos': 'SCONJ', 'head': 11, 'deprel': 'mark', 'lemma': 'ש'}, {'id': 6, 'text': 'אוכלוסית', 'upos': 'NOUN', 'xpos': 'NOUN', 'feats': 'Definite=Cons|Gender=Fem|Number=Sing', 'head': 11, 'deprel': 'nsubj:cop', 'lemma': 'אוכלוס'}]"
7,רוכשי,VERB,VERB,6.0,compound:smixut,"(29, 34)",רכש,Definite=Cons|Gender=Masc|Number=Plur,
"(8, 9)",הדירות,,,,,"(35, 41)",,,"[{'id': 8, 'text': 'ה', 'upos': 'DET', 'xpos': 'DET', 'feats': 'PronType=Art', 'head': 9, 'deprel': 'det:def', 'lemma': 'ה'}, {'id': 9, 'text': 'דירות', 'upos': 'NOUN', 'xpos': 'NOUN', 'feats': 'Gender=Fem|Number=Plur', 'head': 7, 'deprel': 'compound:smixut', 'lemma': 'דירה'}]"
10,הינה,AUX,AUX,11.0,cop,"(42, 46)",הינה,Gender=Fem|Number=Sing|Person=3|Polarity=Pos|VerbForm=Part|VerbType=Cop,
11,אוכלוסיה,NOUN,NOUN,4.0,ccomp,"(47, 55)",אוכלוסיה,Gender=Fem|Number=Sing,
12,של,ADP,ADP,13.0,case:gen,"(56, 58)",של,Case=Gen,
13,משפחות,NOUN,NOUN,11.0,nmod:poss,"(59, 65)",משפחה,Gender=Fem|Number=Plur,
14,צעירות,ADJ,ADJ,13.0,amod,"(66, 72)",צעיר,Gender=Fem|Number=Plur,
15,",",PUNCT,PUNCT,11.0,punct,"(72, 73)",",",,
16,בעיקר,ADV,ADV,11.0,advmod,"(74, 79)",בעיקר,,
17,",",PUNCT,PUNCT,11.0,punct,"(79, 80)",",",,
18,עם,ADP,ADP,19.0,case,"(81, 83)",עם,,
19,מספר,NOUN,NOUN,11.0,nmod,"(84, 88)",מספר,Gender=Masc|Number=Sing,
20,קטן,ADJ,ADJ,19.0,amod,"(89, 92)",קטן,Gender=Masc|Number=Sing,
21,יחסית,ADV,ADV,20.0,advmod,"(93, 98)",יחסית,,
22,של,ADP,ADP,23.0,case:gen,"(99, 101)",של,Case=Gen,
23,ילדים,NOUN,NOUN,19.0,nmod,"(102, 107)",ילד,Gender=Masc|Number=Plur,
1,♦,PUNCT,PUNCT,5.0,cc,"(1, 2)",♦,,
2,הגדרת,NOUN,NOUN,5.0,dep,"(3, 8)",הגדרה,Definite=Cons|Gender=Fem|Number=Sing,
3,צביון,NOUN,NOUN,2.0,compound:smixut,"(9, 14)",צביון,Gender=Masc|Number=Sing,
4,דתי,ADJ,ADJ,3.0,amod,"(15, 18)",דתי,Gender=Masc|Number=Sing,
5,להלן,ADV,ADV,0.0,root,"(19, 23)",להלן,HebSource=ConvUncertainHead,
6,התפלגות,NOUN,NOUN,5.0,dep,"(24, 31)",התפלגות,Definite=Cons|Gender=Fem|Number=Sing,
"(7, 8)",הצביון,,,,,"(32, 38)",,,"[{'id': 7, 'text': 'ה', 'upos': 'DET', 'xpos': 'DET', 'feats': 'PronType=Art', 'head': 8, 'deprel': 'det:def', 'lemma': 'ה'}, {'id': 8, 'text': 'צביון', 'upos': 'NOUN', 'xpos': 'NOUN', 'feats': 'Gender=Masc|Number=Sing', 'head': 6, 'deprel': 'compound:smixut', 'lemma': 'צביון'}]"
"(9, 10)",הדתי,,,,,"(39, 43)",,,"[{'id': 9, 'text': 'ה', 'upos': 'DET', 'xpos': 'DET', 'feats': 'PronType=Art', 'head': 10, 'deprel': 'det:def', 'lemma': 'ה'}, {'id': 10, 'text': 'דתי', 'upos': 'ADJ', 'xpos': 'ADJ', 'feats': 'Gender=Masc|Number=Sing', 'head': 8, 'deprel': 'amod', 'lemma': 'דתי'}]"
11,של,ADP,ADP,12.0,case:gen,"(44, 46)",של,Case=Gen,
12,קוני,NOUN,NOUN,8.0,nmod,"(47, 51)",קונה,Definite=Cons|Gender=Masc|Number=Plur,
"(13, 14)",הדירות,,,,,"(52, 58)",,,"[{'id': 13, 'text': 'ה', 'upos': 'DET', 'xpos': 'DET', 'feats': 'PronType=Art', 'head': 14, 'deprel': 'det:def', 'lemma': 'ה'}, {'id': 14, 'text': 'דירות', 'upos': 'NOUN', 'xpos': 'NOUN', 'feats': 'Gender=Fem|Number=Plur', 'head': 12, 'deprel': 'compound:smixut', 'lemma': 'דירה'}]"
"(15, 16)",בשלומי,,,,,"(59, 65)",,,"[{'id': 15, 'text': 'ב', 'upos': 'ADP', 'xpos': 'ADP', 'head': 16, 'deprel': 'case', 'lemma': 'ב'}, {'id': 16, 'text': 'שלומי', 'upos': 'PROPN', 'xpos': 'PROPN', 'head': 12, 'deprel': 'nmod', 'lemma': 'שלומי'}]"
17,:,PUNCT,PUNCT,18.0,punct,"(65, 66)",:,,
18,חילוני,ADJ,ADJ,5.0,dep,"(67, 73)",חילוני,Gender=Masc|Number=Sing,
19,-,PUNCT,PUNCT,18.0,punct,"(74, 75)",-,,
20,68,NUM,NUM,21.0,nummod,"(76, 78)",68,,
21,%,NOUN,NOUN,18.0,dep,"(78, 79)",%,"Gender=Masc|Number=Plur,Sing",
22,מסורתי,ADJ,ADJ,21.0,amod,"(80, 86)",מסורתי,Gender=Masc|Number=Sing,
23,-,PUNCT,PUNCT,21.0,punct,"(87, 88)",-,,
24,29,NUM,NUM,25.0,nummod,"(89, 91)",29,,
25,%,NOUN,NOUN,21.0,dep,"(91, 92)",%,"Gender=Masc|Number=Plur,Sing",
26,דתי,ADJ,ADJ,25.0,amod,"(93, 96)",דתי,Gender=Masc|Number=Sing,
27,-,PUNCT,PUNCT,18.0,punct,"(97, 98)",-,,
28,2,NUM,NUM,29.0,nummod,"(99, 100)",2,,
29,%,NOUN,NOUN,18.0,dep,"(100, 101)",%,"Gender=Masc|Number=Plur,Sing",
30,חרדי,ADJ,ADJ,29.0,amod,"(102, 106)",חרדי,Gender=Masc|Number=Sing,
31,-,PUNCT,PUNCT,32.0,punct,"(107, 108)",-,,
32,%,NOUN,NOUN,18.0,dep,"(109, 110)",%,"Gender=Masc|Number=Plur,Sing",
33,1,NUM,NUM,32.0,nummod,"(111, 112)",1,,
"(34, 35)",בהשוואה,,,,,"(113, 120)",,,"[{'id': 34, 'text': 'ב', 'upos': 'ADP', 'xpos': 'ADP', 'head': 38, 'deprel': 'case', 'lemma': 'ב'}, {'id': 35, 'text': 'השוואה', 'upos': 'NOUN', 'xpos': 'NOUN', 'feats': 'Gender=Fem|Number=Sing', 'head': 34, 'deprel': 'fixed', 'lemma': 'השוואה'}]"
"(36, 38)",לישובים,,,,,"(121, 128)",,,"[{'id': 36, 'text': 'ל', 'upos': 'ADP', 'xpos': 'ADP', 'head': 34, 'deprel': 'fixed', 'lemma': 'ל'}, {'id': 37, 'text': 'ה_', 'upos': 'DET', 'xpos': 'DET', 'feats': 'PronType=Art', 'head': 38, 'deprel': 'det:def', 'lemma': 'ה'}, {'id': 38, 'text': 'ישובים', 'upos': 'NOUN', 'xpos': 'NOUN', 'feats': 'Gender=Masc|Number=Plur', 'head': 56, 'deprel': 'obl', 'lemma': 'יישוב'}]"
39,אחרים,ADJ,ADJ,38.0,amod,"(129, 134)",אחר,Gender=Masc|Number=Plur,
"(40, 41)",שנסקרו,,,,,"(135, 141)",,,"[{'id': 40, 'text': 'ש', 'upos': 'SCONJ', 'xpos': 'SCONJ', 'head': 41, 'deprel': 'mark', 'lemma': 'ש'}, {'id': 41, 'text': 'נסקרו', 'upos': 'VERB', 'xpos': 'VERB', 'feats': 'Gender=Fem,Masc|HebBinyan=NIFAL|Number=Plur|Person=3|Tense=Past|Voice=Mid', 'head': 38, 'deprel': 'acl:relcl', 'lemma': 'נסקר'}]"
42,",",PUNCT,PUNCT,56.0,punct,"(142, 143)",",",,
43,בקרב,ADP,ADP,44.0,case,"(144, 148)",בקרב,,
44,קוני,NOUN,NOUN,41.0,obl,"(149, 153)",קונה,Definite=Cons|Gender=Masc|Number=Plur,
"(45, 46)",הדירות,,,,,"(154, 160)",,,"[{'id': 45, 'text': 'ה', 'upos': 'DET', 'xpos': 'DET', 'feats': 'PronType=Art', 'head': 46, 'deprel': 'det:def', 'lemma': 'ה'}, {'id': 46, 'text': 'דירות', 'upos': 'NOUN', 'xpos': 'NOUN', 'feats': 'Gender=Fem|Number=Plur', 'head': 44, 'deprel': 'compound:smixut', 'lemma': 'דירה'}]"
"(47, 48)",בשלומי,,,,,"(161, 167)",,,"[{'id': 47, 'text': 'ב', 'upos': 'ADP', 'xpos': 'ADP', 'head': 48, 'deprel': 'case', 'lemma': 'ב'}, {'id': 48, 'text': 'שלומי', 'upos': 'PROPN', 'xpos': 'PROPN', 'head': 44, 'deprel': 'nmod', 'lemma': 'שלומי'}]"
49,(,PUNCT,PUNCT,53.0,punct,"(168, 169)",(,,
"(50, 51)",בדומה,,,,,"(169, 174)",,,"[{'id': 50, 'text': 'ב', 'upos': 'ADP', 'xpos': 'ADP', 'head': 53, 'deprel': 'case', 'lemma': 'ב'}, {'id': 51, 'text': 'דומה', 'upos': 'ADJ', 'xpos': 'ADJ', 'feats': 'Gender=Masc|Number=Sing', 'head': 50, 'deprel': 'fixed', 'lemma': 'דומה'}]"
"(52, 53)",לכרמיאל,,,,,"(175, 182)",,,"[{'id': 52, 'text': 'ל', 'upos': 'ADP', 'xpos': 'ADP', 'head': 50, 'deprel': 'fixed', 'lemma': 'ל'}, {'id': 53, 'text': 'כרמיאל', 'upos': 'PROPN', 'xpos': 'PROPN', 'head': 44, 'deprel': 'appos', 'lemma': 'כרמיאל'}]"
54,),PUNCT,PUNCT,53.0,punct,"(182, 183)",),,
55,",",PUNCT,PUNCT,56.0,punct,"(183, 184)",",",,
56,יש,VERB,VERB,18.0,dep,"(185, 187)",יש,HebExistential=True,
57,אחוז,NOUN,NOUN,56.0,nsubj,"(188, 192)",אחוז,Gender=Masc|Number=Sing,
58,נמוך,ADJ,ADJ,57.0,amod,"(193, 197)",נמוך,Gender=Masc|Number=Sing,
59,של,ADP,ADP,60.0,case:gen,"(198, 200)",של,Case=Gen,
60,דתיים,NOUN,NOUN,57.0,nmod,"(201, 206)",דתי,Gender=Masc|Number=Plur,
"(61, 62)",וחרדים,,,,,"(207, 213)",,,"[{'id': 61, 'text': 'ו', 'upos': 'CCONJ', 'xpos': 'CCONJ', 'head': 62, 'deprel': 'cc', 'lemma': 'ו'}, {'id': 62, 'text': 'חרדים', 'upos': 'NOUN', 'xpos': 'NOUN', 'feats': 'Gender=Masc|Number=Plur', 'head': 60, 'deprel': 'conj', 'lemma': 'חרדי'}]"
1,♦,PUNCT,PUNCT,3.0,cc,"(1, 2)",♦,,
2,ארץ,PROPN,PROPN,3.0,nsubj,"(3, 6)",ארץ,,
3,לידה,VERB,VERB,0.0,root,"(7, 11)",לידה,Gender=Fem|HebBinyan=HIFIL|Number=Sing|Person=3|Tense=Past|Voice=Act,
4,אחוז,NOUN,NOUN,3.0,obj,"(12, 16)",אחוז,Definite=Cons|Gender=Masc|Number=Sing,
5,ילידי,NOUN,NOUN,4.0,compound:smixut,"(17, 22)",יליד,Definite=Cons|Gender=Masc|Number=Plur,
"(6, 7)",הארץ,,,,,"(23, 27)",,,"[{'id': 6, 'text': 'ה', 'upos': 'DET', 'xpos': 'DET', 'feats': 'PronType=Art', 'head': 7, 'deprel': 'det:def', 'lemma': 'ה'}, {'id': 7, 'text': 'ארץ', 'upos': 'NOUN', 'xpos': 'NOUN', 'feats': 'Gender=Fem|Number=Sing', 'head': 5, 'deprel': 'compound:smixut', 'lemma': 'ארץ'}]"
8,בקרב,ADP,ADP,9.0,case,"(28, 32)",בקרב,,
9,רוכשי,NOUN,NOUN,3.0,obl,"(33, 38)",רוכש,Definite=Cons|Gender=Masc|Number=Plur,
10,דירות,NOUN,NOUN,9.0,compound:smixut,"(39, 44)",דירה,Gender=Fem|Number=Plur,
"(11, 12)",בשלומי,,,,,"(45, 51)",,,"[{'id': 11, 'text': 'ב', 'upos': 'ADP', 'xpos': 'ADP', 'head': 12, 'deprel': 'case', 'lemma': 'ב'}, {'id': 12, 'text': 'שלומי', 'upos': 'NOUN', 'xpos': 'NOUN', 'feats': 'Gender=Masc|Number=Sing', 'head': 9, 'deprel': 'nmod', 'lemma': '_'}]"
13,גבוה,ADJ,ADJ,12.0,amod,"(52, 56)",גבוה,Gender=Masc|Number=Sing,
"(14, 15)",במעט,,,,,"(57, 61)",,,"[{'id': 14, 'text': 'ב', 'upos': 'ADP', 'xpos': 'ADP', 'head': 15, 'deprel': 'case', 'lemma': 'ב'}, {'id': 15, 'text': 'מעט', 'upos': 'DET', 'xpos': 'DET', 'feats': 'Definite=Cons', 'head': 9, 'deprel': 'nmod', 'lemma': 'מעט'}]"
16,יחסית,ADV,ADV,15.0,advmod,"(62, 67)",יחסית,HebSource=ConvUncertainHead,
"(17, 20)",לחלקם,,,,,"(68, 73)",,,"[{'id': 17, 'text': 'ל', 'upos': 'ADP', 'xpos': 'ADP', 'head': 18, 'deprel': 'case', 'lemma': 'ל'}, {'id': 18, 'text': 'חלק_', 'upos': 'NOUN', 'xpos': 'NOUN', 'feats': 'Definite=Def|Gender=Masc|Number=Sing', 'head': 9, 'deprel': 'nmod', 'lemma': 'חלק'}, {'id': 19, 'text': '_של_', 'upos': 'ADP', 'xpos': 'ADP', 'head': 20, 'deprel': 'case:gen', 'lemma': 'של'}, {'id': 20, 'text': '_הם', 'upos': 'PRON', 'xpos': 'PRON', 'feats': 'Case=Gen|Gender=Masc|Number=Plur|Person=3|PronType=Prs', 'head': 18, 'deprel': 'nmod:poss', 'lemma': 'הוא'}]"
"(21, 22)",באוכלוסיה,,,,,"(74, 83)",,,"[{'id': 21, 'text': 'ב', 'upos': 'ADP', 'xpos': 'ADP', 'head': 22, 'deprel': 'case', 'lemma': 'ב'}, {'id': 22, 'text': 'אוכלוסיה', 'upos': 'NOUN', 'xpos': 'NOUN', 'feats': 'Gender=Fem|Number=Sing', 'head': 18, 'deprel': 'nmod', 'lemma': 'אוכלוסיה'}]"
"(23, 24)",הכללית,,,,,"(84, 90)",,,"[{'id': 23, 'text': 'ה', 'upos': 'DET', 'xpos': 'DET', 'feats': 'PronType=Art', 'head': 24, 'deprel': 'det:def', 'lemma': 'ה'}, {'id': 24, 'text': 'כללית', 'upos': 'ADJ', 'xpos': 'ADJ', 'feats': 'Gender=Fem|Number=Sing', 'head': 22, 'deprel': 'amod', 'lemma': 'כללי'}]"
25,(,PUNCT,PUNCT,3.0,punct,"(91, 92)",(,,
26,69,NUM,NUM,18.0,appos,"(92, 94)",69,,
1,5,NUM,NUM,2.0,nummod,"(0, 1)",5,,
2,%,NOUN,NOUN,0.0,root,"(1, 2)",%,"Gender=Masc|Number=Plur,Sing",
3,),PUNCT,PUNCT,2.0,punct,"(2, 3)",),,
1,מתוך,ADP,ADP,2.0,case,"(1, 5)",מתוך,,
2,כלל,NOUN,NOUN,10.0,obl,"(6, 9)",כלל,Definite=Cons|Gender=Masc|Number=Sing,
3,רוכשי,NOUN,NOUN,9.0,nmod,"(10, 15)",רוכש,Definite=Cons|Gender=Masc|Number=Plur,
"(4, 5)",הדירות,,,,,"(16, 22)",,,"[{'id': 4, 'text': 'ה', 'upos': 'DET', 'xpos': 'DET', 'feats': 'PronType=Art', 'head': 5, 'deprel': 'det:def', 'lemma': 'ה'}, {'id': 5, 'text': 'דירות', 'upos': 'NOUN', 'xpos': 'NOUN', 'feats': 'Gender=Fem|Number=Plur', 'head': 3, 'deprel': 'compound:smixut', 'lemma': 'דירה'}]"
6,כ,ADV,ADV,9.0,advmod,"(23, 24)",כ,,
7,-,PUNCT,PUNCT,9.0,punct,"(24, 25)",-,,
8,13,NUM,NUM,9.0,nummod,"(26, 28)",13,,
9,%,NOUN,NOUN,10.0,nsubj,"(28, 29)",%,"Gender=Masc|Number=Plur,Sing",
10,עלו,VERB,VERB,0.0,root,"(30, 33)",עלה,"Gender=Fem,Masc|HebBinyan=PAAL|Number=Plur|Person=3|Tense=Past|Voice=Act",
"(11, 13)",לארץ,,,,,"(34, 38)",,,"[{'id': 11, 'text': 'ל', 'upos': 'ADP', 'xpos': 'ADP', 'head': 13, 'deprel': 'case', 'lemma': 'ל'}, {'id': 12, 'text': 'ה_', 'upos': 'DET', 'xpos': 'DET', 'feats': 'PronType=Art', 'head': 13, 'deprel': 'det:def', 'lemma': 'ה'}, {'id': 13, 'text': 'ארץ', 'upos': 'NOUN', 'xpos': 'NOUN', 'feats': 'Gender=Fem|Number=Sing', 'head': 10, 'deprel': 'obl', 'lemma': 'ארץ'}]"
"(14, 15)",משנת,,,,,"(39, 43)",,,"[{'id': 14, 'text': 'מ', 'upos': 'ADP', 'xpos': 'ADP', 'head': 15, 'deprel': 'case', 'lemma': 'מ'}, {'id': 15, 'text': 'שנת', 'upos': 'NOUN', 'xpos': 'NOUN', 'feats': 'Definite=Cons|Gender=Fem|Number=Sing', 'head': 10, 'deprel': 'obl', 'lemma': 'שנה'}]"
16,1990,NUM,NUM,15.0,compound:smixut,"(44, 48)",1990,,
"(17, 18)",ואילך,,,,,"(49, 54)",,,"[{'id': 17, 'text': 'ו', 'upos': 'ADV', 'xpos': 'ADV', 'head': 15, 'deprel': 'advmod', 'lemma': 'ו'}, {'id': 18, 'text': 'אילך', 'upos': 'ADV', 'xpos': 'ADV', 'head': 17, 'deprel': 'fixed', 'lemma': 'אילך'}]"
1,אחוז,NOUN,NOUN,10.0,nsubj,"(1, 5)",אחוז,Definite=Cons|Gender=Masc|Number=Sing,
2,ילידי,NOUN,NOUN,1.0,compound:smixut,"(6, 11)",יליד,Definite=Cons|Gender=Masc|Number=Plur,
"(3, 4)",הארץ,,,,,"(12, 16)",,,"[{'id': 3, 'text': 'ה', 'upos': 'DET', 'xpos': 'DET', 'feats': 'PronType=Art', 'head': 4, 'deprel': 'det:def', 'lemma': 'ה'}, {'id': 4, 'text': 'ארץ', 'upos': 'NOUN', 'xpos': 'NOUN', 'feats': 'Gender=Fem|Number=Sing', 'head': 2, 'deprel': 'compound:smixut', 'lemma': 'ארץ'}]"
5,בקרב,ADP,ADP,6.0,case,"(17, 21)",בקרב,,
6,רוכשי,NOUN,NOUN,1.0,nmod,"(22, 27)",רוכש,Definite=Cons|Gender=Masc|Number=Plur,
7,דירות,NOUN,NOUN,6.0,compound:smixut,"(28, 33)",דירה,Gender=Fem|Number=Plur,
"(8, 9)",בשלומי,,,,,"(34, 40)",,,"[{'id': 8, 'text': 'ב', 'upos': 'ADP', 'xpos': 'ADP', 'head': 9, 'deprel': 'case', 'lemma': 'ב'}, {'id': 9, 'text': 'שלומי', 'upos': 'NOUN', 'xpos': 'NOUN', 'feats': 'Gender=Masc|Number=Sing', 'head': 6, 'deprel': 'nmod', 'lemma': '_'}]"
10,דומה,VERB,VERB,0.0,root,"(41, 45)",דמה,Gender=Masc|Number=Sing,
"(11, 13)",לישובים,,,,,"(46, 53)",,,"[{'id': 11, 'text': 'ל', 'upos': 'ADP', 'xpos': 'ADP', 'head': 13, 'deprel': 'case', 'lemma': 'ל'}, {'id': 12, 'text': 'ה_', 'upos': 'DET', 'xpos': 'DET', 'feats': 'PronType=Art', 'head': 13, 'deprel': 'det:def', 'lemma': 'ה'}, {'id': 13, 'text': 'ישובים', 'upos': 'NOUN', 'xpos': 'NOUN', 'feats': 'Gender=Masc|Number=Plur', 'head': 10, 'deprel': 'obl', 'lemma': 'יישוב'}]"
14,אחרים,ADJ,ADJ,13.0,amod,"(54, 59)",אחר,Gender=Masc|Number=Plur,
15,",",PUNCT,PUNCT,10.0,punct,"(60, 61)",",",,
16,לעומת,ADP,ADP,17.0,case,"(62, 67)",לעומת,,
17,אחוז,NOUN,NOUN,10.0,obl,"(68, 72)",אחוז,Gender=Masc|Number=Sing,
18,נמוך,ADJ,ADJ,17.0,amod,"(73, 77)",נמוך,Gender=Masc|Number=Sing,
19,של,ADP,ADP,20.0,case:gen,"(78, 80)",של,Case=Gen,
20,ילדי,NOUN,NOUN,17.0,nmod,"(81, 85)",ילד,Definite=Cons|Gender=Masc|Number=Plur,
"(21, 22)",הארץ,,,,,"(86, 90)",,,"[{'id': 21, 'text': 'ה', 'upos': 'DET', 'xpos': 'DET', 'feats': 'PronType=Art', 'head': 22, 'deprel': 'det:def', 'lemma': 'ה'}, {'id': 22, 'text': 'ארץ', 'upos': 'NOUN', 'xpos': 'NOUN', 'feats': 'Gender=Fem|Number=Sing', 'head': 20, 'deprel': 'compound:smixut', 'lemma': 'ארץ'}]"
23,בקרב,ADP,ADP,24.0,case,"(91, 95)",בקרב,,
24,רוכשי,NOUN,NOUN,17.0,nmod,"(96, 101)",רוכש,Definite=Cons|Gender=Masc|Number=Plur,
25,דירות,NOUN,NOUN,24.0,compound:smixut,"(102, 107)",דירה,Gender=Fem|Number=Plur,
"(26, 27)",בכרמיאל,,,,,"(108, 115)",,,"[{'id': 26, 'text': 'ב', 'upos': 'ADP', 'xpos': 'ADP', 'head': 27, 'deprel': 'case', 'lemma': 'ב'}, {'id': 27, 'text': 'כרמיאל', 'upos': 'PROPN', 'xpos': 'PROPN', 'head': 24, 'deprel': 'nmod', 'lemma': 'כרמיאל'}]"
28,",",PUNCT,PUNCT,27.0,punct,"(115, 116)",",",,
29,באר,NOUN,NOUN,27.0,conj,"(117, 120)",באר,Definite=Cons|Gender=Fem|Number=Sing,
30,שבע,NUM,NUM,29.0,flat:name,"(121, 124)",שבע,Gender=Fem|Number=Sing,
31,או,CCONJ,CCONJ,32.0,cc,"(125, 127)",או,,
32,אשקלון,PROPN,PROPN,27.0,conj,"(128, 134)",אשקלון,,
1,מתוך,ADP,ADP,2.0,case,"(1, 5)",מתוך,,
2,כלל,NOUN,NOUN,8.0,obl,"(6, 9)",כלל,Definite=Cons|Gender=Masc|Number=Sing,
3,רוכשי,NOUN,NOUN,2.0,compound:smixut,"(10, 15)",רוכש,Definite=Cons|Gender=Masc|Number=Plur,
"(4, 5)",הדירות,,,,,"(16, 22)",,,"[{'id': 4, 'text': 'ה', 'upos': 'DET', 'xpos': 'DET', 'feats': 'PronType=Art', 'head': 5, 'deprel': 'det:def', 'lemma': 'ה'}, {'id': 5, 'text': 'דירות', 'upos': 'NOUN', 'xpos': 'NOUN', 'feats': 'Gender=Fem|Number=Plur', 'head': 3, 'deprel': 'compound:smixut', 'lemma': 'דירה'}]"
6,11,NUM,NUM,7.0,nummod,"(23, 25)",11,,
7,%,NOUN,NOUN,8.0,nsubj,"(25, 26)",%,"Gender=Masc|Number=Plur,Sing",
8,עלו,VERB,VERB,0.0,root,"(27, 30)",עלה,"Gender=Fem,Masc|HebBinyan=PAAL|Number=Plur|Person=3|Tense=Past|Voice=Act",
"(9, 10)",מחבר,,,,,"(31, 35)",,,"[{'id': 9, 'text': 'מ', 'upos': 'ADP', 'xpos': 'ADP', 'head': 10, 'deprel': 'case', 'lemma': 'מ'}, {'id': 10, 'text': 'חבר', 'upos': 'NOUN', 'xpos': 'NOUN', 'feats': 'Definite=Cons|Gender=Masc|Number=Sing', 'head': 8, 'deprel': 'obl', 'lemma': 'חבר'}]"
"(11, 12)",העמים,,,,,"(36, 41)",,,"[{'id': 11, 'text': 'ה', 'upos': 'DET', 'xpos': 'DET', 'feats': 'PronType=Art', 'head': 12, 'deprel': 'det:def', 'lemma': 'ה'}, {'id': 12, 'text': 'עמים', 'upos': 'NOUN', 'xpos': 'NOUN', 'feats': 'Gender=Masc|Number=Plur', 'head': 10, 'deprel': 'compound:smixut', 'lemma': 'עם'}]"
"(13, 14)",משנת,,,,,"(42, 46)",,,"[{'id': 13, 'text': 'מ', 'upos': 'ADP', 'xpos': 'ADP', 'head': 14, 'deprel': 'case', 'lemma': 'מ'}, {'id': 14, 'text': 'שנת', 'upos': 'NOUN', 'xpos': 'NOUN', 'feats': 'Definite=Cons|Gender=Fem|Number=Sing', 'head': 8, 'deprel': 'obl', 'lemma': 'שנה'}]"
15,1990,NUM,NUM,14.0,compound:smixut,"(47, 51)",1990,,
"(16, 17)",ואילך,,,,,"(52, 57)",,,"[{'id': 16, 'text': 'ו', 'upos': 'ADV', 'xpos': 'ADV', 'head': 14, 'deprel': 'advmod', 'lemma': 'ו'}, {'id': 17, 'text': 'אילך', 'upos': 'ADV', 'xpos': 'ADV', 'head': 16, 'deprel': 'fixed', 'lemma': 'אילך'}]"
1,♦,PUNCT,PUNCT,6.0,cc,"(1, 2)",♦,,
2,השכלה,NOUN,NOUN,6.0,dep,"(3, 8)",השכלה,Xtra=Junk,
3,רוכשי,NOUN,NOUN,6.0,nsubj,"(9, 14)",רוכש,Definite=Cons|Gender=Masc|Number=Plur,
"(4, 5)",הדירות,,,,,"(15, 21)",,,"[{'id': 4, 'text': 'ה', 'upos': 'DET', 'xpos': 'DET', 'feats': 'PronType=Art', 'head': 5, 'deprel': 'det:def', 'lemma': 'ה'}, {'id': 5, 'text': 'דירות', 'upos': 'NOUN', 'xpos': 'NOUN', 'feats': 'Gender=Fem|Number=Plur', 'head': 3, 'deprel': 'compound:smixut', 'lemma': 'דירה'}]"
6,נשאלו,VERB,VERB,0.0,root,"(22, 27)",נשאל,"Gender=Fem,Masc|HebBinyan=NIFAL|Number=Plur|Person=3|Tense=Past|Voice=Mid",
7,לגבי,ADP,ADP,8.0,case,"(28, 32)",לגבי,,
8,השכלת,NOUN,NOUN,6.0,obl,"(33, 38)",השכלה,Definite=Cons|Gender=Fem|Number=Sing,
"(9, 10)",הבעל,,,,,"(39, 43)",,,"[{'id': 9, 'text': 'ה', 'upos': 'DET', 'xpos': 'DET', 'feats': 'PronType=Art', 'head': 10, 'deprel': 'det:def', 'lemma': 'ה'}, {'id': 10, 'text': 'בעל', 'upos': 'NOUN', 'xpos': 'NOUN', 'feats': 'Gender=Masc|Number=Sing', 'head': 8, 'deprel': 'compound:smixut', 'lemma': 'בעל'}]"
"(11, 12)",והשכלת,,,,,"(44, 50)",,,"[{'id': 11, 'text': 'ו', 'upos': 'CCONJ', 'xpos': 'CCONJ', 'head': 12, 'deprel': 'cc', 'lemma': 'ו'}, {'id': 12, 'text': 'השכלת', 'upos': 'NOUN', 'xpos': 'NOUN', 'feats': 'Definite=Cons|Gender=Fem|Number=Sing', 'head': 8, 'deprel': 'conj', 'lemma': 'השכלה'}]"
"(13, 14)",האישה,,,,,"(51, 56)",,,"[{'id': 13, 'text': 'ה', 'upos': 'DET', 'xpos': 'DET', 'feats': 'PronType=Art', 'head': 14, 'deprel': 'det:def', 'lemma': 'ה'}, {'id': 14, 'text': 'אישה', 'upos': 'NOUN', 'xpos': 'NOUN', 'feats': 'Gender=Fem|Number=Sing', 'head': 12, 'deprel': 'compound:smixut', 'lemma': 'איש'}]"
1,אחוז,NOUN,NOUN,0.0,root,"(1, 5)",אחוז,Gender=Masc|Number=Sing,
2,גבוה,ADJ,ADJ,1.0,amod,"(6, 10)",גבוה,Gender=Masc|Number=Sing,
3,יחסית,ADV,ADV,2.0,advmod,"(11, 16)",יחסית,,
"(4, 6)",מהנשים,,,,,"(17, 23)",,,"[{'id': 4, 'text': 'מ', 'upos': 'ADP', 'xpos': 'ADP', 'head': 6, 'deprel': 'case', 'lemma': 'מ'}, {'id': 5, 'text': 'ה', 'upos': 'DET', 'xpos': 'DET', 'feats': 'PronType=Art', 'head': 6, 'deprel': 'det:def', 'lemma': 'ה'}, {'id': 6, 'text': 'נשים', 'upos': 'NOUN', 'xpos': 'NOUN', 'feats': 'Gender=Fem|Number=Plur', 'head': 1, 'deprel': 'nmod', 'lemma': 'איש'}]"
7,הן,AUX,AUX,8.0,cop,"(24, 26)",הוא,Gender=Fem|Number=Plur|Person=3|PronType=Prs,
8,בעלות,NOUN,NOUN,6.0,acl,"(27, 32)",בעלות,Definite=Cons|Gender=Fem|Number=Plur,
9,השכלה,NOUN,NOUN,8.0,compound:smixut,"(33, 38)",השכלה,Gender=Fem|Number=Sing,
10,על,ADP,ADP,9.0,advmod,"(39, 41)",על,,
11,תיכונית,ADJ,ADJ,9.0,amod,"(42, 49)",תיכוני,Gender=Fem|Number=Sing,
"(12, 13)",ואקדמאית,,,,,"(50, 58)",,,"[{'id': 12, 'text': 'ו', 'upos': 'CCONJ', 'xpos': 'CCONJ', 'head': 13, 'deprel': 'cc', 'lemma': 'ו'}, {'id': 13, 'text': 'אקדמאית', 'upos': 'ADJ', 'xpos': 'ADJ', 'feats': 'Gender=Fem|Number=Sing', 'head': 11, 'deprel': 'conj', 'lemma': 'אקדמאי'}]"
14,–,PUNCT,PUNCT,16.0,punct,"(59, 60)",–,,
15,44,NUM,NUM,16.0,nummod,"(61, 63)",44,,
16,%,NOUN,NOUN,1.0,appos,"(63, 64)",%,"Gender=Masc|Number=Plur,Sing",
"(17, 18)",ובקרב,,,,,"(65, 70)",,,"[{'id': 17, 'text': 'ו', 'upos': 'CCONJ', 'xpos': 'CCONJ', 'head': 26, 'deprel': 'cc', 'lemma': 'ו'}, {'id': 18, 'text': 'בקרב', 'upos': 'ADP', 'xpos': 'ADP', 'head': 20, 'deprel': 'case', 'lemma': 'בקרב'}]"
"(19, 20)",הגברים,,,,,"(71, 77)",,,"[{'id': 19, 'text': 'ה', 'upos': 'DET', 'xpos': 'DET', 'feats': 'PronType=Art', 'head': 20, 'deprel': 'det:def', 'lemma': 'ה'}, {'id': 20, 'text': 'גברים', 'upos': 'NOUN', 'xpos': 'NOUN', 'feats': 'Gender=Masc|Number=Plur', 'head': 26, 'deprel': 'nmod', 'lemma': 'גבר'}]"
21,כ,ADV,ADV,24.0,advmod,"(78, 79)",כ,,
22,-,PUNCT,PUNCT,24.0,punct,"(79, 80)",-,,
23,45,NUM,NUM,24.0,nummod,"(81, 83)",45,,
24,%,NOUN,NOUN,20.0,nmod,"(83, 84)",%,"Gender=Masc|Number=Plur,Sing",
25,הם,PRON,PRON,26.0,nsubj,"(85, 87)",הוא,Gender=Masc|Number=Plur|Person=3|PronType=Prs,
26,בעלי,NOUN,NOUN,16.0,conj,"(88, 92)",בעל,Definite=Cons|Gender=Masc|Number=Plur,
27,השכלה,NOUN,NOUN,26.0,compound:smixut,"(93, 98)",השכלה,Gender=Fem|Number=Sing,
28,על,ADP,ADP,29.0,advmod,"(99, 101)",על,,
29,תיכונית,ADJ,ADJ,27.0,amod,"(102, 109)",תיכוני,Gender=Fem|Number=Sing,
"(30, 31)",ואקדמאית,,,,,"(110, 118)",,,"[{'id': 30, 'text': 'ו', 'upos': 'CCONJ', 'xpos': 'CCONJ', 'head': 31, 'deprel': 'cc', 'lemma': 'ו'}, {'id': 31, 'text': 'אקדמאית', 'upos': 'ADJ', 'xpos': 'ADJ', 'feats': 'Gender=Fem|Number=Sing', 'head': 29, 'deprel': 'conj', 'lemma': 'אקדמאי'}]"
1,בקרב,ADP,ADP,3.0,case,"(1, 5)",בקרב,,
"(2, 3)",הנשים,,,,,"(6, 11)",,,"[{'id': 2, 'text': 'ה', 'upos': 'DET', 'xpos': 'DET', 'feats': 'PronType=Art', 'head': 3, 'deprel': 'det:def', 'lemma': 'ה'}, {'id': 3, 'text': 'נשים', 'upos': 'NOUN', 'xpos': 'NOUN', 'feats': 'Gender=Fem|Number=Plur', 'head': 0, 'deprel': 'root', 'lemma': 'איש'}]"
4,49,NUM,NUM,5.0,nummod,"(12, 14)",49,,
5,%,NOUN,NOUN,3.0,nsubj,"(14, 15)",%,"Gender=Masc|Number=Plur,Sing",
"(6, 8)",בעלות,,,,,"(16, 21)",,,"[{'id': 6, 'text': 'ב', 'upos': 'ADP', 'xpos': 'ADP', 'head': 8, 'deprel': 'case', 'lemma': 'ב'}, {'id': 7, 'text': 'ה_', 'upos': 'DET', 'xpos': 'DET', 'feats': 'PronType=Art', 'head': 8, 'deprel': 'det:def', 'lemma': 'ה'}, {'id': 8, 'text': 'עלות', 'upos': 'NOUN', 'xpos': 'NOUN', 'feats': 'Gender=Fem|Number=Sing', 'head': 5, 'deprel': 'nmod', 'lemma': 'עלות'}]"
9,השכלה,NOUN,NOUN,5.0,nmod,"(22, 27)",השכלה,Gender=Fem|Number=Sing,
10,תיכונית,ADJ,ADJ,9.0,amod,"(28, 35)",תיכוני,Gender=Fem|Number=Sing,
11,מלאה,ADJ,ADJ,9.0,amod,"(36, 40)",מלא,Gender=Fem|Number=Sing,
"(12, 13)",ובקרב,,,,,"(41, 46)",,,"[{'id': 12, 'text': 'ו', 'upos': 'CCONJ', 'xpos': 'CCONJ', 'head': 15, 'deprel': 'cc', 'lemma': 'ו'}, {'id': 13, 'text': 'בקרב', 'upos': 'ADP', 'xpos': 'ADP', 'head': 15, 'deprel': 'case', 'lemma': 'בקרב'}]"
"(14, 15)",הגברים,,,,,"(47, 53)",,,"[{'id': 14, 'text': 'ה', 'upos': 'DET', 'xpos': 'DET', 'feats': 'PronType=Art', 'head': 15, 'deprel': 'det:def', 'lemma': 'ה'}, {'id': 15, 'text': 'גברים', 'upos': 'NOUN', 'xpos': 'NOUN', 'feats': 'Gender=Masc|Number=Plur', 'head': 5, 'deprel': 'nmod', 'lemma': 'גבר'}]"
16,45,NUM,NUM,17.0,nummod,"(54, 56)",45,,
17,%,NOUN,NOUN,15.0,nmod,"(56, 57)",%,"Gender=Masc|Number=Plur,Sing",
18,בעלי,NOUN,NOUN,15.0,acl,"(58, 62)",בעל,Definite=Cons|Gender=Masc|Number=Plur,
19,השכלה,NOUN,NOUN,18.0,compound:smixut,"(63, 68)",השכלה,Gender=Fem|Number=Sing,
20,תיכונית,ADJ,ADJ,19.0,amod,"(69, 76)",תיכוני,Gender=Fem|Number=Sing,
21,מלאה,ADJ,ADJ,19.0,amod,"(77, 81)",מלא,Gender=Fem|Number=Sing,
"(1, 2)",בהשוואה,,,,,"(1, 8)",,,"[{'id': 1, 'text': 'ב', 'upos': 'ADP', 'xpos': 'ADP', 'head': 5, 'deprel': 'case', 'lemma': 'ב'}, {'id': 2, 'text': 'השוואה', 'upos': 'NOUN', 'xpos': 'NOUN', 'feats': 'Gender=Fem|Number=Sing', 'head': 1, 'deprel': 'fixed', 'lemma': 'השוואה'}]"
"(3, 5)",לישובים,,,,,"(9, 16)",,,"[{'id': 3, 'text': 'ל', 'upos': 'ADP', 'xpos': 'ADP', 'head': 1, 'deprel': 'fixed', 'lemma': 'ל'}, {'id': 4, 'text': 'ה_', 'upos': 'DET', 'xpos': 'DET', 'feats': 'PronType=Art', 'head': 5, 'deprel': 'det:def', 'lemma': 'ה'}, {'id': 5, 'text': 'ישובים', 'upos': 'NOUN', 'xpos': 'NOUN', 'feats': 'Gender=Masc|Number=Plur', 'head': 15, 'deprel': 'obl', 'lemma': 'יישוב'}]"
"(6, 7)",האחרים,,,,,"(17, 23)",,,"[{'id': 6, 'text': 'ה', 'upos': 'DET', 'xpos': 'DET', 'feats': 'PronType=Art', 'head': 7, 'deprel': 'det:def', 'lemma': 'ה'}, {'id': 7, 'text': 'אחרים', 'upos': 'ADJ', 'xpos': 'ADJ', 'feats': 'Gender=Masc|Number=Plur', 'head': 5, 'deprel': 'amod', 'lemma': 'אחר'}]"
"(8, 9)",שנסקרו,,,,,"(24, 30)",,,"[{'id': 8, 'text': 'ש', 'upos': 'SCONJ', 'xpos': 'SCONJ', 'head': 9, 'deprel': 'mark', 'lemma': 'ש'}, {'id': 9, 'text': 'נסקרו', 'upos': 'VERB', 'xpos': 'VERB', 'feats': 'Gender=Fem,Masc|HebBinyan=NIFAL|Number=Plur|Person=3|Tense=Past|Voice=Mid', 'head': 5, 'deprel': 'acl:relcl', 'lemma': 'נסקר'}]"
10,",",PUNCT,PUNCT,15.0,punct,"(30, 31)",",",,
11,אחוז,NOUN,NOUN,15.0,nsubj,"(32, 36)",אחוז,Definite=Cons|Gender=Masc|Number=Sing,
12,בעלי,NOUN,NOUN,11.0,compound:smixut,"(37, 41)",בעל,Definite=Cons|Gender=Masc|Number=Plur,
13,השכלה,NOUN,NOUN,12.0,compound:smixut,"(42, 47)",השכלה,Gender=Fem|Number=Sing,
14,אקדמאית,ADJ,ADJ,13.0,amod,"(48, 55)",אקדמאי,Gender=Fem|Number=Sing,
15,נמוך,ADJ,ADJ,0.0,root,"(56, 60)",נמוך,Gender=Masc|Number=Sing,
16,יחסית,ADV,ADV,15.0,advmod,"(61, 66)",יחסית,,
17,",",PUNCT,PUNCT,15.0,punct,"(66, 67)",",",,
"(18, 19)",בשלומי,,,,,"(68, 74)",,,"[{'id': 18, 'text': 'ב', 'upos': 'ADP', 'xpos': 'ADP', 'head': 19, 'deprel': 'case', 'lemma': 'ב'}, {'id': 19, 'text': 'שלומי', 'upos': 'NOUN', 'xpos': 'NOUN', 'feats': 'Definite=Cons', 'head': 15, 'deprel': 'obl', 'lemma': '_'}]"
20,רק,ADV,ADV,22.0,det,"(75, 77)",רק,,
21,22,NUM,NUM,22.0,nummod,"(78, 80)",22,,
22,%,NOUN,NOUN,19.0,nsubj,"(80, 81)",%,"Gender=Masc|Number=Plur,Sing",
23,הינם,VERB,VERB,24.0,cop,"(82, 86)",הינם,Gender=Masc|Number=Plur|Person=3|Polarity=Pos|VerbForm=Part|VerbType=Cop,
24,בעלי,NOUN,NOUN,15.0,conj,"(87, 91)",בעל,Definite=Cons|Gender=Masc|Number=Plur,
25,השכלה,NOUN,NOUN,24.0,compound:smixut,"(92, 97)",השכלה,Gender=Fem|Number=Sing,
26,אקדמאית,ADJ,ADJ,25.0,amod,"(98, 105)",אקדמאי,Gender=Fem|Number=Sing,
27,(,PUNCT,PUNCT,31.0,punct,"(106, 107)",(,,
"(28, 29)",בדומה,,,,,"(107, 112)",,,"[{'id': 28, 'text': 'ב', 'upos': 'ADP', 'xpos': 'ADP', 'head': 31, 'deprel': 'case', 'lemma': 'ב'}, {'id': 29, 'text': 'דומה', 'upos': 'ADJ', 'xpos': 'ADJ', 'feats': 'Gender=Masc|Number=Sing', 'head': 28, 'deprel': 'fixed', 'lemma': 'דומה'}]"
"(30, 31)",לאלעד,,,,,"(113, 118)",,,"[{'id': 30, 'text': 'ל', 'upos': 'ADP', 'xpos': 'ADP', 'head': 28, 'deprel': 'fixed', 'lemma': 'ל'}, {'id': 31, 'text': 'אלעד', 'upos': 'PROPN', 'xpos': 'PROPN', 'head': 24, 'deprel': 'appos', 'lemma': 'אלעד'}]"
32,),PUNCT,PUNCT,31.0,punct,"(118, 119)",),,
33,נמוך,ADJ,ADJ,15.0,parataxis,"(120, 124)",נמוך,Gender=Masc|Number=Sing,
"(34, 35)",במקצת,,,,,"(125, 130)",,,"[{'id': 34, 'text': 'ב', 'upos': 'ADP', 'xpos': 'ADP', 'head': 35, 'deprel': 'case', 'lemma': 'ב'}, {'id': 35, 'text': 'מקצת', 'upos': 'NOUN', 'xpos': 'NOUN', 'feats': 'Gender=Fem|Number=Sing', 'head': 33, 'deprel': 'dep', 'lemma': 'מקצת'}]"
"(36, 37)",מבאר,,,,,"(131, 135)",,,"[{'id': 36, 'text': 'מ', 'upos': 'ADP', 'xpos': 'ADP', 'head': 37, 'deprel': 'case', 'lemma': 'מ'}, {'id': 37, 'text': 'באר', 'upos': 'NOUN', 'xpos': 'NOUN', 'feats': 'Definite=Cons|Gender=Fem|Number=Sing', 'head': 33, 'deprel': 'advmod', 'lemma': 'באר'}]"
38,שבע,NUM,NUM,37.0,flat:name,"(136, 139)",שבע,Gender=Fem|Number=Sing,
"(39, 40)",ורמת,,,,,"(140, 144)",,,"[{'id': 39, 'text': 'ו', 'upos': 'CCONJ', 'xpos': 'CCONJ', 'head': 40, 'deprel': 'cc', 'lemma': 'ו'}, {'id': 40, 'text': 'רמת', 'upos': 'NOUN', 'xpos': 'NOUN', 'feats': 'Definite=Cons|Gender=Fem|Number=Sing', 'head': 37, 'deprel': 'conj', 'lemma': 'רמה'}]"
41,בית,NOUN,NOUN,40.0,compound:smixut,"(145, 148)",בית,Definite=Cons|Gender=Masc|Number=Sing,
42,שמש,NOUN,NOUN,41.0,flat:name,"(149, 152)",שמש,,
"(43, 44)",ונמוך,,,,,"(153, 158)",,,"[{'id': 43, 'text': 'ו', 'upos': 'CCONJ', 'xpos': 'CCONJ', 'head': 44, 'deprel': 'cc', 'lemma': 'ו'}, {'id': 44, 'text': 'נמוך', 'upos': 'ADJ', 'xpos': 'ADJ', 'feats': 'Gender=Masc|Number=Sing', 'head': 33, 'deprel': 'conj', 'lemma': 'נמוך'}]"
45,משמעותית,ADV,ADV,44.0,advmod,"(159, 167)",משמעותי,,
"(46, 47)",ממודיעין,,,,,"(168, 176)",,,"[{'id': 46, 'text': 'מ', 'upos': 'ADP', 'xpos': 'ADP', 'head': 47, 'deprel': 'case', 'lemma': 'מ'}, {'id': 47, 'text': 'מודיעין', 'upos': 'PROPN', 'xpos': 'PROPN', 'head': 44, 'deprel': 'advmod', 'lemma': 'מודיעין'}]"
48,–,PUNCT,PUNCT,47.0,punct,"(177, 178)",–,,
49,48,NUM,NUM,50.0,nummod,"(179, 181)",48,,
50,%,NOUN,NOUN,47.0,nmod,"(181, 182)",%,"Gender=Masc|Number=Plur,Sing",
51,",",PUNCT,PUNCT,47.0,punct,"(182, 183)",",",,
"(52, 53)",מהר,,,,,"(184, 187)",,,"[{'id': 52, 'text': 'מ', 'upos': 'ADP', 'xpos': 'ADP', 'head': 53, 'deprel': 'case', 'lemma': 'מ'}, {'id': 53, 'text': 'הר', 'upos': 'NOUN', 'xpos': 'NOUN', 'feats': 'Definite=Cons|Gender=Masc|Number=Sing', 'head': 47, 'deprel': 'conj', 'lemma': 'הר'}]"
54,חומה,NOUN,NOUN,53.0,flat:name,"(188, 192)",חומה,Gender=Fem|Number=Sing,
55,–,PUNCT,PUNCT,57.0,punct,"(193, 194)",–,,
56,36,NUM,NUM,57.0,nummod,"(195, 197)",36,,
57,%,NOUN,NOUN,53.0,nmod,"(197, 198)",%,"Gender=Masc|Number=Plur,Sing",
58,",",PUNCT,PUNCT,47.0,punct,"(198, 199)",",",,
"(59, 60)",מאשקלון,,,,,"(200, 207)",,,"[{'id': 59, 'text': 'מ', 'upos': 'ADP', 'xpos': 'ADP', 'head': 60, 'deprel': 'case', 'lemma': 'מ'}, {'id': 60, 'text': 'אשקלון', 'upos': 'PROPN', 'xpos': 'PROPN', 'head': 37, 'deprel': 'conj', 'lemma': 'אשקלון'}]"
61,–,PUNCT,PUNCT,63.0,punct,"(208, 209)",–,,
62,35,NUM,NUM,63.0,nummod,"(210, 212)",35,,
63,%,NOUN,NOUN,60.0,nmod,"(212, 213)",%,"Gender=Masc|Number=Plur,Sing",
"(64, 65)",וממעלה,,,,,"(214, 220)",,,"[{'id': 64, 'text': 'ו', 'upos': 'CCONJ', 'xpos': 'CCONJ', 'head': 65, 'deprel': 'cc', 'lemma': 'ו'}, {'id': 65, 'text': 'ממעלה', 'upos': 'ADP', 'xpos': 'ADP', 'head': 69, 'deprel': 'nmod', 'lemma': 'ממעלה'}]"
66,אדומים,PROPN,PROPN,65.0,flat:name,"(221, 227)",אדומים,,
67,–,PUNCT,PUNCT,65.0,punct,"(228, 229)",–,,
68,30,NUM,NUM,69.0,nummod,"(230, 232)",30,,
69,%,NOUN,NOUN,60.0,nmod,"(232, 233)",%,"Gender=Masc|Number=Plur,Sing",
1,♦,NOUN,NOUN,2.0,nsubj,"(1, 2)",♦,,
2,תעסוקה,NOUN,NOUN,0.0,root,"(3, 9)",תעסוקה,Gender=Fem|Number=Sing,
3,לוח,NOUN,NOUN,2.0,nmod,"(10, 13)",לוח,Gender=Masc|Number=Sing,
4,3,NUM,NUM,3.0,compound:smixut,"(14, 15)",3,,
1,14,NUM,NUM,2.0,nsubj,"(0, 2)",14,,
2,מפרט,VERB,VERB,0.0,root,"(3, 7)",פירט,"Gender=Masc|HebBinyan=PIEL|Number=Sing|Person=1,2,3|VerbForm=Part|Voice=Act",
3,את,ADP,ADP,4.0,case:acc,"(8, 10)",את,Case=Acc,
4,תעסוקת,NOUN,NOUN,2.0,obj,"(11, 17)",תעסוקת,Definite=Cons|Gender=Fem|Number=Sing,
"(5, 6)",הבעל,,,,,"(18, 22)",,,"[{'id': 5, 'text': 'ה', 'upos': 'DET', 'xpos': 'DET', 'feats': 'PronType=Art', 'head': 6, 'deprel': 'det:def', 'lemma': 'ה'}, {'id': 6, 'text': 'בעל', 'upos': 'NOUN', 'xpos': 'NOUN', 'feats': 'Gender=Masc|Number=Sing', 'head': 4, 'deprel': 'compound:smixut', 'lemma': 'בעל'}]"
"(7, 9)",והאישה,,,,,"(23, 29)",,,"[{'id': 7, 'text': 'ו', 'upos': 'CCONJ', 'xpos': 'CCONJ', 'head': 9, 'deprel': 'cc', 'lemma': 'ו'}, {'id': 8, 'text': 'ה', 'upos': 'DET', 'xpos': 'DET', 'feats': 'PronType=Art', 'head': 9, 'deprel': 'det:def', 'lemma': 'ה'}, {'id': 9, 'text': 'אישה', 'upos': 'NOUN', 'xpos': 'NOUN', 'feats': 'Gender=Fem|Number=Sing', 'head': 6, 'deprel': 'conj', 'lemma': 'איש'}]"
1,מבין,ADP,ADP,3.0,case,"(1, 5)",מבין,,
"(2, 3)",הגבר ים,,,,,"(6, 13)",,,"[{'id': 2, 'text': 'ה', 'upos': 'DET', 'xpos': 'DET', 'feats': 'PronType=Art', 'head': 3, 'deprel': 'det:def', 'lemma': 'ה'}, {'id': 3, 'text': 'גברטים', 'upos': 'NOUN', 'xpos': 'NOUN', 'feats': 'Gender=Masc|Number=Plur', 'head': 6, 'deprel': 'obl', 'lemma': 'גברט'}]"
4,91,NUM,NUM,5.0,nummod,"(14, 16)",91,,
5,%,NOUN,NOUN,6.0,nsubj,"(16, 17)",%,"Gender=Masc|Number=Plur,Sing",
6,עובדים,VERB,VERB,0.0,root,"(18, 24)",עבד,"Gender=Masc|HebBinyan=PAAL|Number=Plur|Person=1,2,3|VerbForm=Part|Voice=Act",
7,(,PUNCT,PUNCT,9.0,punct,"(25, 26)",(,,
8,15,NUM,NUM,9.0,nummod,"(26, 28)",15,,
9,%,NOUN,NOUN,6.0,appos,"(28, 29)",%,"Gender=Masc|Number=Plur,Sing",
10,עצמאיים,ADJ,ADJ,9.0,amod,"(30, 37)",עצמאי,Gender=Masc|Number=Plur,
11,ו,CCONJ,CCONJ,14.0,cc,"(38, 39)",ו,,
12,-,PUNCT,PUNCT,9.0,punct,"(39, 40)",-,,
13,76,NUM,NUM,14.0,nummod,"(41, 43)",76,,
14,%,NOUN,NOUN,9.0,conj,"(43, 44)",%,"Gender=Masc|Number=Plur,Sing",
15,שכירים,NOUN,NOUN,14.0,nmod,"(45, 51)",שכיר,Gender=Masc|Number=Plur,
16,),PUNCT,PUNCT,9.0,punct,"(51, 52)",),,
1,גם,ADV,ADV,2.0,advmod,"(1, 3)",גם,,
2,בין,ADP,ADP,4.0,case,"(4, 7)",בין,,
"(3, 4)",הנשים,,,,,"(8, 13)",,,"[{'id': 3, 'text': 'ה', 'upos': 'DET', 'xpos': 'DET', 'feats': 'PronType=Art', 'head': 4, 'deprel': 'det:def', 'lemma': 'ה'}, {'id': 4, 'text': 'נשים', 'upos': 'NOUN', 'xpos': 'NOUN', 'feats': 'Gender=Fem|Number=Plur', 'head': 5, 'deprel': 'obl', 'lemma': 'איש'}]"
5,גבוה,ADJ,ADJ,0.0,root,"(14, 18)",גבוה,Gender=Masc|Number=Sing,
6,אחוז,NOUN,NOUN,5.0,nsubj,"(19, 23)",אחוז,Definite=Cons|Gender=Masc|Number=Sing,
"(7, 8)",המועסקות,,,,,"(24, 32)",,,"[{'id': 7, 'text': 'ה', 'upos': 'DET', 'xpos': 'DET', 'feats': 'PronType=Art', 'head': 8, 'deprel': 'det:def', 'lemma': 'ה'}, {'id': 8, 'text': 'מועסקות', 'upos': 'NOUN', 'xpos': 'NOUN', 'feats': 'Gender=Fem|Number=Plur', 'head': 6, 'deprel': 'compound:smixut', 'lemma': 'מועסקה'}]"
9,-,PUNCT,PUNCT,11.0,punct,"(33, 34)",-,,
10,73,NUM,NUM,11.0,nummod,"(35, 37)",73,,
11,%,NOUN,NOUN,5.0,parataxis,"(37, 38)",%,"Gender=Masc|Number=Plur,Sing",
12,",",PUNCT,PUNCT,5.0,punct,"(38, 39)",",",,
13,כאשר,SCONJ,SCONJ,19.0,mark,"(40, 44)",כאשר,,
14,מבין,ADP,ADP,16.0,case,"(45, 49)",מבין,,
"(15, 16)",הנשים,,,,,"(50, 55)",,,"[{'id': 15, 'text': 'ה', 'upos': 'DET', 'xpos': 'DET', 'feats': 'PronType=Art', 'head': 16, 'deprel': 'det:def', 'lemma': 'ה'}, {'id': 16, 'text': 'נשים', 'upos': 'NOUN', 'xpos': 'NOUN', 'feats': 'Gender=Fem|Number=Plur', 'head': 19, 'deprel': 'obl', 'lemma': 'איש'}]"
17,67,NUM,NUM,18.0,nummod,"(56, 58)",67,,
18,%,NOUN,NOUN,19.0,nsubj,"(58, 59)",%,"Gender=Masc|Number=Plur,Sing",
19,עובדות,VERB,VERB,5.0,advcl,"(60, 66)",עבד,"Gender=Fem|HebBinyan=PAAL|Number=Plur|Person=1,2,3|VerbForm=Part|Voice=Act",
"(20, 21)",כשכירות,,,,,"(67, 74)",,,"[{'id': 20, 'text': 'כש', 'upos': 'SCONJ', 'xpos': 'SCONJ', 'feats': 'Case=Tem', 'head': 21, 'deprel': 'mark', 'lemma': 'כש'}, {'id': 21, 'text': 'כירות', 'upos': 'NOUN', 'xpos': 'NOUN', 'feats': 'Gender=Fem|Number=Plur', 'head': 19, 'deprel': 'advcl', 'lemma': 'כירה'}]"
22,ו,CCONJ,CCONJ,25.0,cc,"(75, 76)",ו,,
23,-,PUNCT,PUNCT,21.0,punct,"(76, 77)",-,,
24,6,NUM,NUM,25.0,nummod,"(78, 79)",6,,
25,%,NOUN,NOUN,21.0,conj,"(79, 80)",%,"Gender=Masc|Number=Plur,Sing",
"(26, 27)",כעצמאיות,,,,,"(81, 89)",,,"[{'id': 26, 'text': 'כ', 'upos': 'ADP', 'xpos': 'ADP', 'head': 27, 'deprel': 'case', 'lemma': 'כ'}, {'id': 27, 'text': 'עצמאיות', 'upos': 'ADJ', 'xpos': 'ADJ', 'feats': 'Gender=Fem|Number=Plur', 'head': 19, 'deprel': 'advcl', 'lemma': 'עצמאי'}]"
1,♦,PUNCT,PUNCT,5.0,nsubj,"(1, 2)",♦,,
2,הכנסה,X,X,5.0,dep,"(3, 8)",הכנסה,Xtra=Junk,
"(3, 4)",המרואיינים,,,,,"(9, 19)",,,"[{'id': 3, 'text': 'ה', 'upos': 'DET', 'xpos': 'DET', 'feats': 'PronType=Art', 'head': 4, 'deprel': 'det:def', 'lemma': 'ה'}, {'id': 4, 'text': 'מרואיינים', 'upos': 'NOUN', 'xpos': 'NOUN', 'feats': 'Gender=Masc|HebSource=ConvUncertainHead|Number=Plur', 'head': 5, 'deprel': 'nsubj', 'lemma': 'מרואיין'}]"
5,נשאלו,VERB,VERB,0.0,root,"(20, 25)",נשאל,"Gender=Fem,Masc|HebBinyan=NIFAL|Number=Plur|Person=3|Tense=Past|Voice=Mid",
6,האם,ADV,ADV,10.0,mark:q,"(26, 29)",האם,PronType=Int,
"(7, 9)",הכנסתם,,,,,"(30, 36)",,,"[{'id': 7, 'text': 'הכנסה_', 'upos': 'NOUN', 'xpos': 'NOUN', 'feats': 'Definite=Def|Gender=Fem|Number=Sing', 'head': 10, 'deprel': 'nsubj', 'lemma': 'הכנסה'}, {'id': 8, 'text': '_של_', 'upos': 'ADP', 'xpos': 'ADP', 'head': 9, 'deprel': 'case:gen', 'lemma': 'של'}, {'id': 9, 'text': '_הם', 'upos': 'PRON', 'xpos': 'PRON', 'feats': 'Case=Gen|Gender=Masc|Number=Plur|Person=3|PronType=Prs', 'head': 7, 'deprel': 'nmod:poss', 'lemma': 'הוא'}]"
10,גבוהה,ADJ,ADJ,5.0,xcomp,"(37, 42)",גבוה,Gender=Fem|Number=Sing,
11,או,CCONJ,CCONJ,12.0,cc,"(43, 45)",או,,
12,נמוכה,ADJ,ADJ,10.0,conj,"(46, 51)",נמוך,Gender=Fem|Number=Sing,
"(13, 15)",מההכנסה,,,,,"(52, 59)",,,"[{'id': 13, 'text': 'מ', 'upos': 'ADP', 'xpos': 'ADP', 'head': 15, 'deprel': 'case', 'lemma': 'מ'}, {'id': 14, 'text': 'ה', 'upos': 'DET', 'xpos': 'DET', 'feats': 'PronType=Art', 'head': 15, 'deprel': 'det:def', 'lemma': 'ה'}, {'id': 15, 'text': 'הכנסה', 'upos': 'NOUN', 'xpos': 'NOUN', 'feats': 'Gender=Fem|Number=Sing', 'head': 10, 'deprel': 'advmod', 'lemma': 'הכנסה'}]"
"(16, 17)",החודשית,,,,,"(60, 67)",,,"[{'id': 16, 'text': 'ה', 'upos': 'DET', 'xpos': 'DET', 'feats': 'PronType=Art', 'head': 17, 'deprel': 'det:def', 'lemma': 'ה'}, {'id': 17, 'text': 'חודשית', 'upos': 'ADJ', 'xpos': 'ADJ', 'feats': 'Gender=Fem|Number=Sing', 'head': 15, 'deprel': 'amod', 'lemma': 'חודשי'}]"
"(18, 19)",הממוצעת,,,,,"(68, 75)",,,"[{'id': 18, 'text': 'ה', 'upos': 'DET', 'xpos': 'DET', 'feats': 'PronType=Art', 'head': 19, 'deprel': 'det:def', 'lemma': 'ה'}, {'id': 19, 'text': 'ממוצעת', 'upos': 'ADJ', 'xpos': 'ADJ', 'feats': 'Gender=Fem|Number=Sing', 'head': 15, 'deprel': 'amod', 'lemma': 'ממוצע'}]"
20,נטו,ADJ,ADJ,15.0,advmod,"(76, 79)",נטו,Gender=Masc|Number=Sing,
"(21, 22)",למשפחה,,,,,"(80, 86)",,,"[{'id': 21, 'text': 'ל', 'upos': 'ADP', 'xpos': 'ADP', 'head': 22, 'deprel': 'case', 'lemma': 'ל'}, {'id': 22, 'text': 'משפחה', 'upos': 'NOUN', 'xpos': 'NOUN', 'feats': 'Gender=Fem|Number=Sing', 'head': 15, 'deprel': 'nmod', 'lemma': 'משפחה'}]"
23,(,PUNCT,PUNCT,25.0,punct,"(87, 88)",(,,
24,"8,100",NUM,NUM,25.0,nummod,"(88, 93)","8,100",,
25,"ש""ח",NOUN,NOUN,15.0,appos,"(94, 97)","ש""ח",Abbr=Yes|Gender=Masc|Number=Sing,
26,),PUNCT,PUNCT,25.0,punct,"(97, 98)",),,
1,(,PUNCT,PUNCT,7.0,punct,"(1, 2)",(,,
"(2, 3)",ההכנסה,,,,,"(2, 8)",,,"[{'id': 2, 'text': 'ה', 'upos': 'DET', 'xpos': 'DET', 'feats': 'PronType=Art', 'head': 3, 'deprel': 'det:def', 'lemma': 'ה'}, {'id': 3, 'text': 'הכנסה', 'upos': 'NOUN', 'xpos': 'NOUN', 'feats': 'Gender=Fem|Number=Sing', 'head': 7, 'deprel': 'nsubj', 'lemma': 'הכנסה'}]"
4,נטו,ADJ,ADJ,3.0,advmod,"(9, 12)",נטו,Gender=Masc|Number=Sing,
"(5, 6)",למשפחה,,,,,"(13, 19)",,,"[{'id': 5, 'text': 'ל', 'upos': 'ADP', 'xpos': 'ADP', 'head': 6, 'deprel': 'case', 'lemma': 'ל'}, {'id': 6, 'text': 'משפחה', 'upos': 'NOUN', 'xpos': 'NOUN', 'feats': 'Gender=Fem|Number=Sing', 'head': 3, 'deprel': 'nmod', 'lemma': 'משפחה'}]"
7,חושבה,VERB,VERB,0.0,root,"(20, 25)",חושב,"Gender=Fem|HebBinyan=PAAL|Number=Sing|Person=1,2,3|VerbForm=Part|Voice=Act",
8,על,ADP,ADP,10.0,case,"(26, 28)",על,,
9,פי,NOUN,NOUN,8.0,fixed,"(29, 31)",פה,Definite=Cons|Gender=Masc|Number=Sing,
10,נתוני,NOUN,NOUN,7.0,obl,"(32, 37)",נתון,Definite=Cons|Gender=Masc|Number=Plur,
"(11, 12)",השנתון,,,,,"(38, 44)",,,"[{'id': 11, 'text': 'ה', 'upos': 'DET', 'xpos': 'DET', 'feats': 'PronType=Art', 'head': 12, 'deprel': 'det:def', 'lemma': 'ה'}, {'id': 12, 'text': 'שנתון', 'upos': 'NOUN', 'xpos': 'NOUN', 'feats': 'Gender=Masc|Number=Sing', 'head': 10, 'deprel': 'compound:smixut', 'lemma': 'שנתון'}]"
"(13, 14)",הסטטיסטי,,,,,"(45, 53)",,,"[{'id': 13, 'text': 'ה', 'upos': 'DET', 'xpos': 'DET', 'feats': 'PronType=Art', 'head': 14, 'deprel': 'det:def', 'lemma': 'ה'}, {'id': 14, 'text': 'סטטיסטי', 'upos': 'ADJ', 'xpos': 'ADJ', 'feats': 'Gender=Masc|Number=Sing', 'head': 12, 'deprel': 'amod', 'lemma': 'סטטיסטי'}]"
"(15, 16)",לישראל,,,,,"(54, 60)",,,"[{'id': 15, 'text': 'ל', 'upos': 'ADP', 'xpos': 'ADP', 'head': 16, 'deprel': 'case', 'lemma': 'ל'}, {'id': 16, 'text': 'ישראל', 'upos': 'PROPN', 'xpos': 'PROPN', 'head': 12, 'deprel': 'nmod', 'lemma': 'ישראל'}]"
17,",",PUNCT,PUNCT,12.0,punct,"(61, 62)",",",,
"(18, 19)",הקובע,,,,,"(63, 68)",,,"[{'id': 18, 'text': 'ה', 'upos': 'SCONJ', 'xpos': 'SCONJ', 'head': 19, 'deprel': 'mark', 'lemma': 'ה'}, {'id': 19, 'text': 'קובע', 'upos': 'VERB', 'xpos': 'VERB', 'feats': 'Gender=Masc|HebBinyan=PAAL|Number=Sing|Person=1,2,3|VerbForm=Part|Voice=Act', 'head': 12, 'deprel': 'acl:relcl', 'lemma': 'קבע'}]"
20,הכנסה,NOUN,NOUN,19.0,obj,"(69, 74)",הכנסה,Gender=Fem|Number=Sing,
21,חודשית,ADJ,ADJ,20.0,amod,"(75, 81)",חודשי,Gender=Fem|Number=Sing,
22,נטו,ADJ,ADJ,21.0,advmod,"(82, 85)",נטו,Gender=Masc|Number=Sing,
23,",",PUNCT,PUNCT,21.0,punct,"(86, 87)",",",,
24,ממוצעת,ADJ,ADJ,20.0,amod,"(88, 94)",ממוצע,Gender=Fem|Number=Sing,
25,",",PUNCT,PUNCT,20.0,punct,"(94, 95)",",",,
"(26, 27)",לשנת,,,,,"(96, 100)",,,"[{'id': 26, 'text': 'ל', 'upos': 'ADP', 'xpos': 'ADP', 'head': 27, 'deprel': 'case', 'lemma': 'ל'}, {'id': 27, 'text': 'שנת', 'upos': 'NOUN', 'xpos': 'NOUN', 'feats': 'Definite=Cons|Gender=Fem|Number=Sing', 'head': 20, 'deprel': 'nmod', 'lemma': 'שנה'}]"
28,1997,NUM,NUM,27.0,compound:smixut,"(101, 105)",1997,,
"(29, 30)",בסך,,,,,"(106, 109)",,,"[{'id': 29, 'text': 'ב', 'upos': 'ADP', 'xpos': 'ADP', 'head': 30, 'deprel': 'case', 'lemma': 'ב'}, {'id': 30, 'text': 'סך', 'upos': 'NOUN', 'xpos': 'NOUN', 'feats': 'Definite=Cons|Gender=Masc|Number=Sing', 'head': 20, 'deprel': 'nmod', 'lemma': 'סך'}]"
31,"7,200",NUM,NUM,32.0,nummod,"(110, 115)","7,200",,
32,"ש""ח",NOUN,NOUN,30.0,compound:smixut,"(116, 119)","ש""ח",Abbr=Yes|Gender=Masc|Number=Sing,
33,",",PUNCT,PUNCT,20.0,punct,"(119, 120)",",",,
"(34, 35)",בהצמדה,,,,,"(121, 127)",,,"[{'id': 34, 'text': 'ב', 'upos': 'ADP', 'xpos': 'ADP', 'head': 35, 'deprel': 'case', 'lemma': 'ב'}, {'id': 35, 'text': 'הצמדה', 'upos': 'NOUN', 'xpos': 'NOUN', 'feats': 'Gender=Fem|Number=Sing', 'head': 19, 'deprel': 'obl', 'lemma': 'הצמדה'}]"
"(36, 37)",לשנת,,,,,"(128, 132)",,,"[{'id': 36, 'text': 'ל', 'upos': 'ADP', 'xpos': 'ADP', 'head': 37, 'deprel': 'case', 'lemma': 'ל'}, {'id': 37, 'text': 'שנת', 'upos': 'NOUN', 'xpos': 'NOUN', 'feats': 'Definite=Cons|Gender=Fem|Number=Sing', 'head': 35, 'deprel': 'nmod', 'lemma': 'שנה'}]"
38,2000,NUM,NUM,37.0,compound:smixut,"(133, 137)",2000,,
39,),PUNCT,PUNCT,7.0,punct,"(137, 138)",),,
1,37,NUM,NUM,2.0,nummod,"(1, 3)",37,,
2,%,NOUN,NOUN,3.0,nsubj,"(3, 4)",%,"Gender=Masc|Number=Plur,Sing",
3,ענו,VERB,VERB,0.0,root,"(5, 8)",ענה,"Gender=Fem,Masc|HebBinyan=PAAL|Number=Plur|Person=3|Tense=Past|Voice=Act",
4,כי,SCONJ,SCONJ,10.0,mark,"(9, 11)",כי,,
"(5, 7)",הכנסתם,,,,,"(12, 18)",,,"[{'id': 5, 'text': 'הכנסה_', 'upos': 'NOUN', 'xpos': 'NOUN', 'feats': 'Definite=Def|Gender=Fem|Number=Sing', 'head': 10, 'deprel': 'nsubj', 'lemma': 'הכנסה'}, {'id': 6, 'text': '_של_', 'upos': 'ADP', 'xpos': 'ADP', 'head': 7, 'deprel': 'case:gen', 'lemma': 'של'}, {'id': 7, 'text': '_הם', 'upos': 'PRON', 'xpos': 'PRON', 'feats': 'Case=Gen|Gender=Masc|Number=Plur|Person=3|PronType=Prs', 'head': 5, 'deprel': 'nmod:poss', 'lemma': 'הוא'}]"
8,מעל,ADP,ADP,10.0,case,"(19, 22)",מעל,,
"(9, 10)",לממוצע,,,,,"(23, 29)",,,"[{'id': 9, 'text': 'ל', 'upos': 'ADP', 'xpos': 'ADP', 'head': 8, 'deprel': 'fixed', 'lemma': 'ל'}, {'id': 10, 'text': 'ממוצע', 'upos': 'NOUN', 'xpos': 'NOUN', 'feats': 'Gender=Masc|Number=Sing', 'head': 3, 'deprel': 'ccomp', 'lemma': 'ממוצע'}]"
11,",",PUNCT,PUNCT,10.0,punct,"(29, 30)",",",,
12,26,NUM,NUM,13.0,nummod,"(31, 33)",26,,
13,%,NOUN,NOUN,10.0,conj,"(33, 34)",%,"Gender=Masc|Number=Plur,Sing",
14,כמו,ADP,ADP,16.0,case,"(35, 38)",כמו,,
"(15, 16)",הממוצע,,,,,"(39, 45)",,,"[{'id': 15, 'text': 'ה', 'upos': 'DET', 'xpos': 'DET', 'feats': 'PronType=Art', 'head': 16, 'deprel': 'det:def', 'lemma': 'ה'}, {'id': 16, 'text': 'ממוצע', 'upos': 'NOUN', 'xpos': 'NOUN', 'feats': 'Gender=Masc|Number=Sing', 'head': 13, 'deprel': 'nmod', 'lemma': 'ממוצע'}]"
17,ו,CCONJ,CCONJ,20.0,cc,"(46, 47)",ו,,
18,-,PUNCT,PUNCT,20.0,punct,"(47, 48)",-,,
19,37,NUM,NUM,20.0,nummod,"(49, 51)",37,,
20,%,NOUN,NOUN,10.0,conj,"(51, 52)",%,"Gender=Masc|Number=Plur,Sing",
21,מתחת,ADP,ADP,23.0,case,"(53, 57)",מתחת,,
"(22, 23)",לממוצע,,,,,"(58, 64)",,,"[{'id': 22, 'text': 'ל', 'upos': 'ADP', 'xpos': 'ADP', 'head': 21, 'deprel': 'fixed', 'lemma': 'ל'}, {'id': 23, 'text': 'ממוצע', 'upos': 'NOUN', 'xpos': 'NOUN', 'feats': 'Gender=Masc|Number=Sing', 'head': 20, 'deprel': 'nmod', 'lemma': 'ממוצע'}]"
1,יחסית,ADV,ADV,4.0,case,"(1, 6)",יחסית,,
"(2, 4)",לישובים,,,,,"(7, 14)",,,"[{'id': 2, 'text': 'ל', 'upos': 'ADP', 'xpos': 'ADP', 'head': 1, 'deprel': 'fixed', 'lemma': 'ל'}, {'id': 3, 'text': 'ה_', 'upos': 'DET', 'xpos': 'DET', 'feats': 'PronType=Art', 'head': 4, 'deprel': 'det:def', 'lemma': 'ה'}, {'id': 4, 'text': 'ישובים', 'upos': 'NOUN', 'xpos': 'NOUN', 'feats': 'Gender=Masc|Number=Plur', 'head': 16, 'deprel': 'obl', 'lemma': 'יישוב'}]"
5,אחרים,ADJ,ADJ,4.0,amod,"(15, 20)",אחר,Gender=Masc|Number=Plur,
"(6, 7)",שנסקרו,,,,,"(21, 27)",,,"[{'id': 6, 'text': 'ש', 'upos': 'SCONJ', 'xpos': 'SCONJ', 'head': 7, 'deprel': 'mark', 'lemma': 'ש'}, {'id': 7, 'text': 'נסקרו', 'upos': 'VERB', 'xpos': 'VERB', 'feats': 'Gender=Fem,Masc|HebBinyan=NIFAL|Number=Plur|Person=3|Tense=Past|Voice=Mid', 'head': 4, 'deprel': 'acl:relcl', 'lemma': 'נסקר'}]"
8,",",PUNCT,PUNCT,16.0,punct,"(28, 29)",",",,
9,הכנסת,NOUN,NOUN,16.0,nsubj:cop,"(30, 35)",הכנסה,Definite=Cons|Gender=Fem|Number=Sing,
10,קוני,NOUN,NOUN,9.0,compound:smixut,"(36, 40)",קונה,Definite=Cons|Gender=Masc|Number=Plur,
"(11, 12)",הדירות,,,,,"(41, 47)",,,"[{'id': 11, 'text': 'ה', 'upos': 'DET', 'xpos': 'DET', 'feats': 'PronType=Art', 'head': 12, 'deprel': 'det:def', 'lemma': 'ה'}, {'id': 12, 'text': 'דירות', 'upos': 'NOUN', 'xpos': 'NOUN', 'feats': 'Gender=Fem|Number=Plur', 'head': 10, 'deprel': 'compound:smixut', 'lemma': 'דירה'}]"
"(13, 14)",בשלומי,,,,,"(48, 54)",,,"[{'id': 13, 'text': 'ב', 'upos': 'ADP', 'xpos': 'ADP', 'head': 14, 'deprel': 'case', 'lemma': 'ב'}, {'id': 14, 'text': 'שלומי', 'upos': 'PROPN', 'xpos': 'PROPN', 'head': 9, 'deprel': 'nmod', 'lemma': 'שלומי'}]"
15,היא,AUX,AUX,16.0,cop,"(55, 58)",הוא,Gender=Fem|Number=Sing|Person=3|Polarity=Pos|VerbForm=Part|VerbType=Cop,
16,ממוצעת,ADJ,ADJ,0.0,root,"(59, 65)",ממוצע,Gender=Fem|Number=Sing,
"(17, 18)",ודומה,,,,,"(66, 71)",,,"[{'id': 17, 'text': 'ו', 'upos': 'CCONJ', 'xpos': 'CCONJ', 'head': 18, 'deprel': 'cc', 'lemma': 'ו'}, {'id': 18, 'text': 'דומה', 'upos': 'VERB', 'xpos': 'VERB', 'feats': 'Gender=Masc|HebBinyan=PAAL|Number=Sing|Person=1,2,3|VerbForm=Part|Voice=Act', 'head': 16, 'deprel': 'conj', 'lemma': 'דמה'}]"
"(19, 20)",להכנסת,,,,,"(72, 78)",,,"[{'id': 19, 'text': 'ל', 'upos': 'ADP', 'xpos': 'ADP', 'head': 20, 'deprel': 'case', 'lemma': 'ל'}, {'id': 20, 'text': 'הכנסת', 'upos': 'NOUN', 'xpos': 'NOUN', 'feats': 'Definite=Cons|Gender=Fem|Number=Sing', 'head': 18, 'deprel': 'obl', 'lemma': 'הכנסה'}]"
21,קוני,NOUN,NOUN,20.0,compound:smixut,"(79, 83)",קונה,Definite=Cons|Gender=Masc|Number=Plur,
22,דירות,NOUN,NOUN,21.0,compound:smixut,"(84, 89)",דירה,Gender=Fem|Number=Plur,
"(23, 24)",בכרמיאל,,,,,"(90, 97)",,,"[{'id': 23, 'text': 'ב', 'upos': 'ADP', 'xpos': 'ADP', 'head': 24, 'deprel': 'case', 'lemma': 'ב'}, {'id': 24, 'text': 'כרמיאל', 'upos': 'PROPN', 'xpos': 'PROPN', 'head': 20, 'deprel': 'nmod', 'lemma': 'כרמיאל'}]"
25,",",PUNCT,PUNCT,16.0,punct,"(98, 99)",",",,
"(26, 27)",ההכנסה,,,,,"(100, 106)",,,"[{'id': 26, 'text': 'ה', 'upos': 'DET', 'xpos': 'DET', 'feats': 'PronType=Art', 'head': 27, 'deprel': 'det:def', 'lemma': 'ה'}, {'id': 27, 'text': 'הכנסה', 'upos': 'NOUN', 'xpos': 'NOUN', 'feats': 'Gender=Fem|Number=Sing', 'head': 34, 'deprel': 'nsubj', 'lemma': 'הכנסה'}]"
28,של,ADP,ADP,29.0,case:gen,"(107, 109)",של,Case=Gen,
29,רוכשי,NOUN,NOUN,27.0,nmod:poss,"(110, 115)",רוכש,Definite=Cons|Gender=Masc|Number=Plur,
"(30, 31)",הדירות,,,,,"(116, 122)",,,"[{'id': 30, 'text': 'ה', 'upos': 'DET', 'xpos': 'DET', 'feats': 'PronType=Art', 'head': 31, 'deprel': 'det:def', 'lemma': 'ה'}, {'id': 31, 'text': 'דירות', 'upos': 'NOUN', 'xpos': 'NOUN', 'feats': 'Gender=Fem|Number=Plur', 'head': 29, 'deprel': 'compound:smixut', 'lemma': 'דירה'}]"
"(32, 33)",בשלומי,,,,,"(123, 129)",,,"[{'id': 32, 'text': 'ב', 'upos': 'ADP', 'xpos': 'ADP', 'head': 33, 'deprel': 'case', 'lemma': 'ב'}, {'id': 33, 'text': 'שלומי', 'upos': 'PROPN', 'xpos': 'PROPN', 'head': 29, 'deprel': 'nmod', 'lemma': 'שלומי'}]"
34,גבוהה,ADJ,ADJ,16.0,conj,"(130, 135)",גבוה,Gender=Fem|Number=Sing,
35,משמעותית,ADV,ADV,34.0,advmod,"(136, 144)",משמעותי,,
"(36, 38)",מהכנסת,,,,,"(145, 151)",,,"[{'id': 36, 'text': 'מ', 'upos': 'ADP', 'xpos': 'ADP', 'head': 38, 'deprel': 'case', 'lemma': 'מ'}, {'id': 37, 'text': 'ה', 'upos': 'DET', 'xpos': 'DET', 'feats': 'PronType=Art', 'head': 38, 'deprel': 'det:def', 'lemma': 'ה'}, {'id': 38, 'text': 'כנסת', 'upos': 'NOUN', 'xpos': 'NOUN', 'feats': 'Definite=Cons|Gender=Fem|Number=Sing', 'head': 34, 'deprel': 'advmod', 'lemma': 'כנסת'}]"
39,קוני,NOUN,NOUN,38.0,compound:smixut,"(152, 156)",קונה,Definite=Cons|Gender=Masc|Number=Plur,
40,דירות,NOUN,NOUN,39.0,compound:smixut,"(157, 162)",דירה,Gender=Fem|Number=Plur,
"(41, 42)",באלעד,,,,,"(163, 168)",,,"[{'id': 41, 'text': 'ב', 'upos': 'ADP', 'xpos': 'ADP', 'head': 42, 'deprel': 'case', 'lemma': 'ב'}, {'id': 42, 'text': 'אלעד', 'upos': 'PROPN', 'xpos': 'PROPN', 'head': 38, 'deprel': 'nmod', 'lemma': 'אלעד'}]"
43,",",PUNCT,PUNCT,42.0,punct,"(168, 169)",",",,
"(44, 45)",באשקלון,,,,,"(170, 177)",,,"[{'id': 44, 'text': 'ב', 'upos': 'ADP', 'xpos': 'ADP', 'head': 45, 'deprel': 'case', 'lemma': 'ב'}, {'id': 45, 'text': 'אשקלון', 'upos': 'PROPN', 'xpos': 'PROPN', 'head': 42, 'deprel': 'conj', 'lemma': 'אשקלון'}]"
"(46, 48)",וברמת,,,,,"(178, 183)",,,"[{'id': 46, 'text': 'ו', 'upos': 'CCONJ', 'xpos': 'CCONJ', 'head': 48, 'deprel': 'cc', 'lemma': 'ו'}, {'id': 47, 'text': 'ב', 'upos': 'ADP', 'xpos': 'ADP', 'head': 48, 'deprel': 'case', 'lemma': 'ב'}, {'id': 48, 'text': 'רמת', 'upos': 'NOUN', 'xpos': 'NOUN', 'feats': 'Definite=Cons|Gender=Fem|Number=Sing', 'head': 42, 'deprel': 'conj', 'lemma': 'רמה'}]"
49,בית,NOUN,NOUN,48.0,compound:smixut,"(184, 187)",בית,Definite=Cons|Gender=Masc|Number=Sing,
50,שמש,NOUN,NOUN,49.0,compound:smixut,"(188, 191)",שמש,Gender=Fem|Number=Sing,
1,♦,PUNCT,PUNCT,0.0,root,"(1, 2)",♦,,
2,בעלות,NOUN,NOUN,1.0,dep,"(3, 8)",בעלות,Gender=Fem|Number=Sing,
3,על,ADP,ADP,4.0,case,"(9, 11)",על,,
4,דירה,NOUN,NOUN,2.0,nmod,"(12, 16)",דירה,Gender=Fem|Number=Sing,
5,קודמת,ADJ,ADJ,4.0,amod,"(17, 22)",קודם,Gender=Fem|Number=Sing,
6,להלן,ADV,ADV,2.0,advmod,"(23, 27)",להלן,HebSource=ConvUncertainHead,
7,פילוג,NOUN,NOUN,2.0,dep,"(28, 33)",פילוג,Definite=Cons|Gender=Masc|Number=Sing,
"(8, 9)",הבעלות,,,,,"(34, 40)",,,"[{'id': 8, 'text': 'ה', 'upos': 'DET', 'xpos': 'DET', 'feats': 'PronType=Art', 'head': 9, 'deprel': 'det:def', 'lemma': 'ה'}, {'id': 9, 'text': 'בעלות', 'upos': 'NOUN', 'xpos': 'NOUN', 'feats': 'Gender=Fem|Number=Sing', 'head': 7, 'deprel': 'compound:smixut', 'lemma': 'בעלות'}]"
10,על,ADP,ADP,11.0,case,"(41, 43)",על,,
11,דירה,NOUN,NOUN,9.0,nmod,"(44, 48)",דירה,Gender=Fem|Number=Sing,
12,קודמת,ADJ,ADJ,11.0,amod,"(49, 54)",קודם,Gender=Fem|Number=Sing,
"(13, 14)",לרוכשי,,,,,"(55, 61)",,,"[{'id': 13, 'text': 'ל', 'upos': 'ADP', 'xpos': 'ADP', 'head': 14, 'deprel': 'case', 'lemma': 'ל'}, {'id': 14, 'text': 'רוכשי', 'upos': 'NOUN', 'xpos': 'NOUN', 'feats': 'Definite=Cons|Gender=Masc|HebBinyan=PAAL|Number=Plur|Person=1,2,3|VerbForm=Part|Voice=Act', 'head': 9, 'deprel': 'nmod', 'lemma': 'רוכש'}]"
15,דירות,NOUN,NOUN,14.0,compound:smixut,"(62, 67)",דירה,Gender=Fem|Number=Plur,
"(16, 17)",בשלומי,,,,,"(68, 74)",,,"[{'id': 16, 'text': 'ב', 'upos': 'ADP', 'xpos': 'ADP', 'head': 17, 'deprel': 'case', 'lemma': 'ב'}, {'id': 17, 'text': 'שלומי', 'upos': 'PROPN', 'xpos': 'PROPN', 'head': 15, 'deprel': 'nmod', 'lemma': 'שלומי'}]"
18,57,NUM,NUM,19.0,nummod,"(75, 77)",57,,
19,%,NOUN,NOUN,2.0,nmod,"(77, 78)",%,"Gender=Masc|Number=Plur,Sing",
20,-,PUNCT,PUNCT,2.0,punct,"(79, 80)",-,,
21,התגוררו,VERB,VERB,2.0,dep,"(81, 88)",התגורר,"Gender=Fem,Masc|HebBinyan=HITPAEL|Number=Plur|Person=3|Tense=Past",
"(22, 23)",בדירה,,,,,"(89, 94)",,,"[{'id': 22, 'text': 'ב', 'upos': 'ADP', 'xpos': 'ADP', 'head': 23, 'deprel': 'case', 'lemma': 'ב'}, {'id': 23, 'text': 'דירה', 'upos': 'NOUN', 'xpos': 'NOUN', 'feats': 'Gender=Fem|Number=Sing', 'head': 21, 'deprel': 'obl', 'lemma': 'דירה'}]"
24,שכורה,ADJ,ADJ,23.0,amod,"(95, 100)",שכור,Gender=Fem|Number=Sing,
25,27,NUM,NUM,26.0,nummod,"(101, 103)",27,,
26,%,NOUN,NOUN,21.0,dep,"(103, 104)",%,"Gender=Masc|Number=Plur,Sing",
27,-,PUNCT,PUNCT,21.0,punct,"(105, 106)",-,,
28,היו,AUX,AUX,68.0,cop,"(107, 110)",היה,"Gender=Fem,Masc|Number=Plur|Person=3|Polarity=Pos|Tense=Past|VerbType=Cop",
29,בעלי,NOUN,NOUN,68.0,nsubj,"(111, 115)",בעל,Definite=Cons|Gender=Masc|Number=Plur,
30,דירה,NOUN,NOUN,29.0,compound:smixut,"(116, 120)",דירה,Gender=Fem|Number=Sing,
31,קודמת,ADJ,ADJ,30.0,amod,"(121, 126)",קודם,Gender=Fem|Number=Sing,
32,14,NUM,NUM,33.0,nummod,"(127, 129)",14,,
33,%,NOUN,NOUN,68.0,dep,"(129, 130)",%,"Gender=Masc|Number=Plur,Sing",
34,-,PUNCT,PUNCT,21.0,punct,"(131, 132)",-,,
35,התגוררו,VERB,VERB,21.0,conj,"(133, 140)",התגורר,"Gender=Fem,Masc|HebBinyan=HITPAEL|Number=Plur|Person=3|Tense=Past",
"(36, 37)",בדירות,,,,,"(141, 147)",,,"[{'id': 36, 'text': 'ב', 'upos': 'ADP', 'xpos': 'ADP', 'head': 37, 'deprel': 'case', 'lemma': 'ב'}, {'id': 37, 'text': 'דירות', 'upos': 'NOUN', 'xpos': 'NOUN', 'feats': 'Definite=Cons|Gender=Fem|Number=Plur', 'head': 35, 'deprel': 'obl', 'lemma': 'דירה'}]"
38,הורים,NOUN,NOUN,37.0,compound:smixut,"(148, 153)",הורה,Gender=Masc|Number=Plur,
39,/,PUNCT,PUNCT,40.0,cc,"(154, 155)",/,,
40,קרובים,NOUN,NOUN,38.0,conj,"(156, 162)",קרוב,Gender=Masc|Number=Plur,
41,1,NUM,NUM,42.0,nummod,"(163, 164)",1,,
42,%,NOUN,NOUN,35.0,dep,"(164, 165)",%,"Gender=Masc|Number=Plur,Sing",
43,-,PUNCT,PUNCT,2.0,punct,"(166, 167)",-,HebSource=ConvUncertainHead,
44,התגוררו,VERB,VERB,2.0,dep,"(168, 175)",התגורר,"Gender=Fem,Masc|HebBinyan=HITPAEL|Number=Plur|Person=3|Tense=Past",
45,לבד,ADV,ADV,44.0,advmod,"(176, 179)",לבד,,
"(46, 47)",בדירה,,,,,"(180, 185)",,,"[{'id': 46, 'text': 'ב', 'upos': 'ADP', 'xpos': 'ADP', 'head': 47, 'deprel': 'case', 'lemma': 'ב'}, {'id': 47, 'text': 'דירה', 'upos': 'NOUN', 'xpos': 'NOUN', 'feats': 'Gender=Fem|Number=Sing', 'head': 44, 'deprel': 'obl', 'lemma': 'דירה'}]"
"(48, 49)",השייכת,,,,,"(186, 192)",,,"[{'id': 48, 'text': 'ה', 'upos': 'SCONJ', 'xpos': 'SCONJ', 'head': 49, 'deprel': 'mark', 'lemma': 'ה'}, {'id': 49, 'text': 'שייכת', 'upos': 'ADJ', 'xpos': 'ADJ', 'feats': 'Gender=Fem|Number=Sing', 'head': 47, 'deprel': 'acl:relcl', 'lemma': 'שייך'}]"
"(50, 51)",להורים,,,,,"(193, 199)",,,"[{'id': 50, 'text': 'ל', 'upos': 'ADP', 'xpos': 'ADP', 'head': 51, 'deprel': 'case', 'lemma': 'ל'}, {'id': 51, 'text': 'הורים', 'upos': 'NOUN', 'xpos': 'NOUN', 'feats': 'Gender=Masc|Number=Plur', 'head': 49, 'deprel': 'obl', 'lemma': 'הורה'}]"
52,או,CCONJ,CCONJ,53.0,cc,"(200, 202)",או,,
53,קרובים,NOUN,NOUN,51.0,conj,"(203, 209)",קרוב,Gender=Masc|Number=Plur,
54,אחוז,NOUN,NOUN,68.0,nsubj,"(210, 214)",אחוז,Definite=Cons|Gender=Masc|Number=Sing,
"(55, 56)",הרוכשים,,,,,"(215, 222)",,,"[{'id': 55, 'text': 'ה', 'upos': 'DET', 'xpos': 'DET', 'feats': 'PronType=Art', 'head': 56, 'deprel': 'det:def', 'lemma': 'ה'}, {'id': 56, 'text': 'רוכשים', 'upos': 'VERB', 'xpos': 'VERB', 'feats': 'Gender=Masc|Number=Plur', 'head': 54, 'deprel': 'compound:smixut', 'lemma': 'רכש'}]"
"(57, 58)",שהדירה,,,,,"(223, 229)",,,"[{'id': 57, 'text': 'ש', 'upos': 'SCONJ', 'xpos': 'SCONJ', 'head': 62, 'deprel': 'mark', 'lemma': 'ש'}, {'id': 58, 'text': 'הדירה', 'upos': 'DET', 'xpos': 'DET', 'feats': 'PronType=Art', 'head': 62, 'deprel': 'nsubj:cop', 'lemma': 'הדירה'}]"
"(59, 60)",בשלומי,,,,,"(230, 236)",,,"[{'id': 59, 'text': 'ב', 'upos': 'ADP', 'xpos': 'ADP', 'head': 60, 'deprel': 'case', 'lemma': 'ב'}, {'id': 60, 'text': 'שלומי', 'upos': 'PROPN', 'xpos': 'PROPN', 'head': 58, 'deprel': 'nmod', 'lemma': 'שלומי'}]"
61,הינה,AUX,AUX,62.0,cop,"(237, 241)",הינה,Gender=Fem|Number=Sing|Person=3|Polarity=Pos|VerbForm=Part|VerbType=Cop,
"(62, 64)",דירתם,,,,,"(242, 247)",,,"[{'id': 62, 'text': 'דירה_', 'upos': 'NOUN', 'xpos': 'NOUN', 'feats': 'Definite=Def|Gender=Fem|Number=Sing', 'head': 47, 'deprel': 'acl:relcl', 'lemma': 'דירה'}, {'id': 63, 'text': '_של_', 'upos': 'ADP', 'xpos': 'ADP', 'head': 64, 'deprel': 'case:gen', 'lemma': 'של'}, {'id': 64, 'text': '_הם', 'upos': 'PRON', 'xpos': 'PRON', 'feats': 'Case=Gen|Gender=Masc|Number=Plur|Person=3|PronType=Prs', 'head': 62, 'deprel': 'nmod:poss', 'lemma': 'הוא'}]"
"(65, 66)",הראשונה,,,,,"(248, 255)",,,"[{'id': 65, 'text': 'ה', 'upos': 'DET', 'xpos': 'DET', 'feats': 'PronType=Art', 'head': 66, 'deprel': 'det:def', 'lemma': 'ה'}, {'id': 66, 'text': 'ראשונה', 'upos': 'ADJ', 'xpos': 'ADJ', 'feats': 'Gender=Fem|Number=Sing', 'head': 62, 'deprel': 'amod', 'lemma': 'ראשונה'}]"
67,",",PUNCT,PUNCT,68.0,punct,"(256, 257)",",",,
68,גבוה,ADJ,ADJ,2.0,dep,"(258, 262)",גבוה,Gender=Masc|Number=Sing,
69,יחסית,ADV,ADV,68.0,advmod,"(263, 268)",יחסית,,
"(70, 72)",לישובים,,,,,"(269, 276)",,,"[{'id': 70, 'text': 'ל', 'upos': 'ADP', 'xpos': 'ADP', 'head': 72, 'deprel': 'case', 'lemma': 'ל'}, {'id': 71, 'text': 'ה_', 'upos': 'DET', 'xpos': 'DET', 'feats': 'PronType=Art', 'head': 72, 'deprel': 'det:def', 'lemma': 'ה'}, {'id': 72, 'text': 'ישובים', 'upos': 'NOUN', 'xpos': 'NOUN', 'feats': 'Gender=Masc|Number=Plur', 'head': 90, 'deprel': 'obl', 'lemma': 'יישוב'}]"
73,אחרים,ADJ,ADJ,72.0,amod,"(277, 282)",אחר,Gender=Masc|Number=Plur,
74,(,PUNCT,PUNCT,77.0,punct,"(283, 284)",(,,
75,כגון,ADP,ADP,77.0,case,"(284, 288)",כגון,,
76,:,PUNCT,PUNCT,77.0,punct,"(288, 289)",:,,
77,הר,NOUN,NOUN,72.0,appos,"(290, 292)",הר,Definite=Cons|Gender=Masc|Number=Sing,
78,חומה,NOUN,NOUN,77.0,flat:name,"(293, 297)",חומה,Gender=Fem|Number=Sing,
79,",",PUNCT,PUNCT,77.0,punct,"(297, 298)",",",,
80,מודיעין,PROPN,PROPN,77.0,conj,"(299, 306)",מודיעין,,
81,",",PUNCT,PUNCT,77.0,punct,"(306, 307)",",",,
82,מעלה,NOUN,NOUN,38.0,conj,"(308, 312)",מעלה,Definite=Cons|Gender=Masc|Number=Sing,
83,אדומים,NOUN,NOUN,82.0,flat:name,"(313, 319)",אדום,Gender=Masc|Number=Plur,
"(84, 85)",ובאר,,,,,"(320, 324)",,,"[{'id': 84, 'text': 'ו', 'upos': 'CCONJ', 'xpos': 'CCONJ', 'head': 85, 'deprel': 'cc', 'lemma': 'ו'}, {'id': 85, 'text': 'באר', 'upos': 'NOUN', 'xpos': 'NOUN', 'feats': 'Definite=Cons|Gender=Fem|Number=Sing', 'head': 38, 'deprel': 'conj', 'lemma': 'באר'}]"
86,שבע,NUM,NUM,85.0,flat:name,"(325, 328)",שבע,Gender=Fem|Number=Sing,
87,),PUNCT,PUNCT,77.0,punct,"(328, 329)",),,
88,",",PUNCT,PUNCT,68.0,punct,"(329, 330)",",",,
"(89, 90)",ודומה,,,,,"(331, 336)",,,"[{'id': 89, 'text': 'ו', 'upos': 'CCONJ', 'xpos': 'CCONJ', 'head': 68, 'deprel': 'dep', 'lemma': 'ו'}, {'id': 90, 'text': 'דומה', 'upos': 'ADJ', 'xpos': 'ADJ', 'feats': 'Gender=Masc|Number=Sing', 'head': 68, 'deprel': 'conj', 'lemma': 'דומה'}]"
"(91, 92)",לאלעד,,,,,"(337, 342)",,,"[{'id': 91, 'text': 'ל', 'upos': 'ADP', 'xpos': 'ADP', 'head': 92, 'deprel': 'case', 'lemma': 'ל'}, {'id': 92, 'text': 'אלעד', 'upos': 'PROPN', 'xpos': 'PROPN', 'head': 90, 'deprel': 'obl', 'lemma': 'אלעד'}]"
93,",",PUNCT,PUNCT,92.0,punct,"(342, 343)",",",,
94,רמת,NOUN,NOUN,92.0,conj,"(344, 347)",רמה,Definite=Cons|Gender=Fem|Number=Sing,
95,בית,NOUN,NOUN,94.0,compound:smixut,"(348, 351)",בית,Definite=Cons|Gender=Masc|Number=Sing,
96,שמש,NOUN,NOUN,95.0,compound:smixut,"(352, 355)",שמש,Gender=Fem|Number=Sing,
"(97, 98)",וכרמיאל,,,,,"(356, 363)",,,"[{'id': 97, 'text': 'ו', 'upos': 'CCONJ', 'xpos': 'CCONJ', 'head': 98, 'deprel': 'cc', 'lemma': 'ו'}, {'id': 98, 'text': 'כרמיאל', 'upos': 'PROPN', 'xpos': 'PROPN', 'head': 92, 'deprel': 'conj', 'lemma': 'כרמיאל'}]"
1,19,NUM,NUM,13.0,punct,"(1, 3)",19,,
2,♦,PUNCT,PUNCT,13.0,punct,"(4, 5)",♦,,
3,מקום,NOUN,NOUN,13.0,nsubj,"(6, 10)",מקום,Definite=Cons|Gender=Masc|Number=Sing,
4,מגורים,NOUN,NOUN,3.0,compound:smixut,"(11, 17)",מגורים,Gender=Masc|Number=Plur,
5,קודם,ADJ,ADJ,3.0,amod,"(18, 22)",קודם,Gender=Masc|Number=Sing,
6,34,NUM,NUM,7.0,nummod,"(23, 25)",34,,
7,%,NOUN,NOUN,5.0,dep,"(25, 26)",%,"Gender=Masc|Number=Plur,Sing",
8,מרוכשי,VERB,VERB,13.0,nsubj,"(27, 33)",רוכש,Definite=Cons|Gender=Masc|Number=Plur,
"(9, 10)",הדירות,,,,,"(34, 40)",,,"[{'id': 9, 'text': 'ה', 'upos': 'DET', 'xpos': 'DET', 'feats': 'PronType=Art', 'head': 10, 'deprel': 'det:def', 'lemma': 'ה'}, {'id': 10, 'text': 'דירות', 'upos': 'NOUN', 'xpos': 'NOUN', 'feats': 'Gender=Fem|Number=Plur', 'head': 8, 'deprel': 'compound:smixut', 'lemma': 'דירה'}]"
"(11, 12)",בשלומי,,,,,"(41, 47)",,,"[{'id': 11, 'text': 'ב', 'upos': 'ADP', 'xpos': 'ADP', 'head': 12, 'deprel': 'case', 'lemma': 'ב'}, {'id': 12, 'text': 'שלומי', 'upos': 'NOUN', 'xpos': 'NOUN', 'head': 8, 'deprel': 'nmod', 'lemma': '_'}]"
13,התגוררו,VERB,VERB,0.0,root,"(48, 55)",התגורר,"Gender=Fem,Masc|HebBinyan=HITPAEL|Number=Plur|Person=3|Tense=Past",
"(14, 15)",בחיפה,,,,,"(56, 61)",,,"[{'id': 14, 'text': 'ב', 'upos': 'ADP', 'xpos': 'ADP', 'head': 15, 'deprel': 'case', 'lemma': 'ב'}, {'id': 15, 'text': 'חיפה', 'upos': 'PROPN', 'xpos': 'PROPN', 'head': 13, 'deprel': 'obl', 'lemma': 'חיפה'}]"
"(16, 17)",ובקריות,,,,,"(62, 69)",,,"[{'id': 16, 'text': 'ו', 'upos': 'CCONJ', 'xpos': 'CCONJ', 'head': 17, 'deprel': 'cc', 'lemma': 'ו'}, {'id': 17, 'text': 'בקריות', 'upos': 'PROPN', 'xpos': 'PROPN', 'head': 15, 'deprel': 'conj', 'lemma': 'בקריות'}]"
18,",",PUNCT,PUNCT,13.0,punct,"(70, 71)",",",,
19,24,NUM,NUM,20.0,nummod,"(72, 74)",24,,
20,%,NOUN,NOUN,21.0,nsubj,"(74, 75)",%,"Gender=Masc|Number=Plur,Sing",
21,גרו,VERB,VERB,13.0,conj,"(76, 79)",גר,"Gender=Fem,Masc|HebBinyan=PAAL|Number=Plur|Person=3|Tense=Past|Voice=Act",
"(22, 23)",בנהריה,,,,,"(80, 86)",,,"[{'id': 22, 'text': 'ב', 'upos': 'ADP', 'xpos': 'ADP', 'head': 23, 'deprel': 'case', 'lemma': 'ב'}, {'id': 23, 'text': 'נהריה', 'upos': 'PROPN', 'xpos': 'PROPN', 'head': 21, 'deprel': 'obl', 'lemma': 'נהריה'}]"
24,",",PUNCT,PUNCT,13.0,punct,"(86, 87)",",",,
25,20,NUM,NUM,26.0,nummod,"(88, 90)",20,,
26,%,NOUN,NOUN,13.0,conj,"(90, 91)",%,"Gender=Masc|Number=Plur,Sing",
"(27, 28)",בשלומי,,,,,"(92, 98)",,,"[{'id': 27, 'text': 'ב', 'upos': 'ADP', 'xpos': 'ADP', 'head': 28, 'deprel': 'case', 'lemma': 'ב'}, {'id': 28, 'text': 'שלומי', 'upos': 'PROPN', 'xpos': 'PROPN', 'head': 26, 'deprel': 'nmod', 'lemma': 'שלומי'}]"
29,",",PUNCT,PUNCT,13.0,punct,"(98, 99)",",",,
30,7,NUM,NUM,31.0,nummod,"(100, 101)",7,,
31,%,NOUN,NOUN,13.0,conj,"(101, 102)",%,"Gender=Masc|Number=Plur,Sing",
"(32, 33)",בעכו,,,,,"(103, 107)",,,"[{'id': 32, 'text': 'ב', 'upos': 'ADP', 'xpos': 'ADP', 'head': 33, 'deprel': 'case', 'lemma': 'ב'}, {'id': 33, 'text': 'עכו', 'upos': 'PROPN', 'xpos': 'PROPN', 'head': 31, 'deprel': 'nmod', 'lemma': 'עכו'}]"
34,",",PUNCT,PUNCT,13.0,punct,"(107, 108)",",",,
35,8,NUM,NUM,36.0,nummod,"(109, 110)",8,,
36,%,NOUN,NOUN,13.0,conj,"(110, 111)",%,"Gender=Masc|Number=Plur,Sing",
"(37, 39)",בצפון,,,,,"(112, 117)",,,"[{'id': 37, 'text': 'ב', 'upos': 'ADP', 'xpos': 'ADP', 'head': 39, 'deprel': 'case', 'lemma': 'ב'}, {'id': 38, 'text': 'ה_', 'upos': 'DET', 'xpos': 'DET', 'feats': 'PronType=Art', 'head': 39, 'deprel': 'det:def', 'lemma': 'ה'}, {'id': 39, 'text': 'צפון', 'upos': 'NOUN', 'xpos': 'NOUN', 'feats': 'Gender=Masc|Number=Sing', 'head': 36, 'deprel': 'nmod', 'lemma': 'צפון'}]"
"(40, 42)",בישובים,,,,,"(118, 125)",,,"[{'id': 40, 'text': 'ב', 'upos': 'ADP', 'xpos': 'ADP', 'head': 42, 'deprel': 'case', 'lemma': 'ב'}, {'id': 41, 'text': 'ה_', 'upos': 'DET', 'xpos': 'DET', 'feats': 'PronType=Art', 'head': 42, 'deprel': 'det:def', 'lemma': 'ה'}, {'id': 42, 'text': 'ישובים', 'upos': 'NOUN', 'xpos': 'NOUN', 'feats': 'Gender=Masc|Number=Plur', 'head': 36, 'deprel': 'nmod', 'lemma': 'יישוב'}]"
43,שונים,ADJ,ADJ,42.0,amod,"(126, 131)",שונה,Gender=Masc|Number=Plur,
"(1, 2)",השאר,,,,,"(1, 5)",,,"[{'id': 1, 'text': 'ה', 'upos': 'DET', 'xpos': 'DET', 'feats': 'PronType=Art', 'head': 2, 'deprel': 'det:def', 'lemma': 'ה'}, {'id': 2, 'text': 'שאר', 'upos': 'NOUN', 'xpos': 'NOUN', 'feats': 'Gender=Masc|Number=Sing', 'head': 3, 'deprel': 'nsubj', 'lemma': 'שאר'}]"
3,מתגוררים,VERB,VERB,0.0,root,"(6, 14)",התגורר,"Gender=Masc|HebBinyan=HITPAEL|Number=Plur|Person=1,2,3|VerbForm=Part",
"(4, 5)",ברחבי,,,,,"(15, 20)",,,"[{'id': 4, 'text': 'ב', 'upos': 'ADP', 'xpos': 'ADP', 'head': 5, 'deprel': 'case', 'lemma': 'ב'}, {'id': 5, 'text': 'רחבי', 'upos': 'NOUN', 'xpos': 'NOUN', 'feats': 'Definite=Cons|Gender=Masc|Number=Plur', 'head': 3, 'deprel': 'obl', 'lemma': 'רחב'}]"
"(6, 7)",הארץ,,,,,"(21, 25)",,,"[{'id': 6, 'text': 'ה', 'upos': 'DET', 'xpos': 'DET', 'feats': 'PronType=Art', 'head': 7, 'deprel': 'det:def', 'lemma': 'ה'}, {'id': 7, 'text': 'ארץ', 'upos': 'NOUN', 'xpos': 'NOUN', 'feats': 'Gender=Fem|Number=Sing', 'head': 5, 'deprel': 'compound:smixut', 'lemma': 'ארץ'}]"
1,אין,VERB,VERB,0.0,root,"(1, 4)",אין,HebExistential=True,
2,הבדל,NOUN,NOUN,1.0,nsubj,"(5, 9)",הבדל,Gender=Masc|Number=Sing,
3,משמעותי,ADJ,ADJ,2.0,amod,"(10, 17)",משמעותי,Gender=Masc|Number=Sing,
4,בין,ADP,ADP,5.0,case,"(18, 21)",בין,,
5,בעלי,NOUN,NOUN,2.0,nmod,"(22, 26)",בעל,Definite=Cons|Gender=Masc|Number=Plur,
6,דירה,NOUN,NOUN,5.0,compound:smixut,"(27, 31)",דירה,Gender=Fem|Number=Sing,
7,קודמת,ADJ,ADJ,6.0,amod,"(32, 37)",קודם,Gender=Fem|Number=Sing,
"(8, 9)",לקוני,,,,,"(38, 43)",,,"[{'id': 8, 'text': 'ל', 'upos': 'ADP', 'xpos': 'ADP', 'head': 9, 'deprel': 'case', 'lemma': 'ל'}, {'id': 9, 'text': 'קוני', 'upos': 'NOUN', 'xpos': 'NOUN', 'feats': 'Definite=Cons|Gender=Masc|Number=Plur', 'head': 5, 'deprel': 'conj', 'lemma': 'קונה'}]"
10,דירה,NOUN,NOUN,9.0,compound:smixut,"(44, 48)",דירה,Gender=Fem|Number=Sing,
11,לראשונה,ADV,ADV,9.0,advmod,"(49, 56)",לראשונה,,
1,3,NUM,NUM,0.0,root,"(1, 2)",3,,
1,2,NUM,NUM,2.0,nummod,"(0, 1)",2,,
2,מאפייני,NOUN,NOUN,23.0,nsubj,"(2, 9)",מאפיין,Definite=Cons|Gender=Masc|Number=Plur,
"(3, 4)",הדירה,,,,,"(10, 15)",,,"[{'id': 3, 'text': 'ה', 'upos': 'DET', 'xpos': 'DET', 'feats': 'PronType=Art', 'head': 4, 'deprel': 'det:def', 'lemma': 'ה'}, {'id': 4, 'text': 'דירה', 'upos': 'NOUN', 'xpos': 'NOUN', 'feats': 'Gender=Fem|Number=Sing', 'head': 2, 'deprel': 'compound:smixut', 'lemma': 'דירה'}]"
"(5, 6)",החדשה,,,,,"(16, 21)",,,"[{'id': 5, 'text': 'ה', 'upos': 'DET', 'xpos': 'DET', 'feats': 'PronType=Art', 'head': 6, 'deprel': 'det:def', 'lemma': 'ה'}, {'id': 6, 'text': 'חדשה', 'upos': 'ADJ', 'xpos': 'ADJ', 'feats': 'Gender=Fem|Number=Sing', 'head': 4, 'deprel': 'amod', 'lemma': 'חדש'}]"
7,♦,PUNCT,PUNCT,9.0,dep,"(22, 23)",♦,,
"(8, 9)",השלב,,,,,"(24, 28)",,,"[{'id': 8, 'text': 'ה', 'upos': 'DET', 'xpos': 'DET', 'feats': 'PronType=Art', 'head': 9, 'deprel': 'det:def', 'lemma': 'ה'}, {'id': 9, 'text': 'שלב', 'upos': 'NOUN', 'xpos': 'NOUN', 'feats': 'Gender=Masc|Number=Sing', 'head': 23, 'deprel': 'dep', 'lemma': 'שלב'}]"
"(10, 12)",שבו,,,,,"(29, 32)",,,"[{'id': 10, 'text': 'ש', 'upos': 'SCONJ', 'xpos': 'SCONJ', 'head': 13, 'deprel': 'mark', 'lemma': 'ש'}, {'id': 11, 'text': 'ב_', 'upos': 'ADP', 'xpos': 'ADP', 'head': 12, 'deprel': 'case', 'lemma': 'ב'}, {'id': 12, 'text': '_הוא', 'upos': 'PRON', 'xpos': 'PRON', 'feats': 'Gender=Masc|Number=Sing|Person=3|PronType=Prs', 'head': 13, 'deprel': 'obl', 'lemma': 'הוא'}]"
13,נמצאה,VERB,VERB,9.0,acl:relcl,"(33, 38)",נמצא,Gender=Fem|HebBinyan=NIFAL|Number=Sing|Person=3|Tense=Past|Voice=Mid,
"(14, 15)",השכונה,,,,,"(39, 45)",,,"[{'id': 14, 'text': 'ה', 'upos': 'DET', 'xpos': 'DET', 'feats': 'PronType=Art', 'head': 15, 'deprel': 'det:def', 'lemma': 'ה'}, {'id': 15, 'text': 'שכונה', 'upos': 'NOUN', 'xpos': 'NOUN', 'feats': 'Gender=Fem|Number=Sing', 'head': 13, 'deprel': 'nsubj', 'lemma': 'שכונה'}]"
"(16, 17)",בזמן,,,,,"(46, 50)",,,"[{'id': 16, 'text': 'ב', 'upos': 'ADP', 'xpos': 'ADP', 'head': 17, 'deprel': 'case', 'lemma': 'ב'}, {'id': 17, 'text': 'זמן', 'upos': 'NOUN', 'xpos': 'NOUN', 'feats': 'Definite=Cons|Gender=Masc|Number=Sing', 'head': 13, 'deprel': 'obl', 'lemma': 'זמן'}]"
"(18, 19)",הקניה,,,,,"(51, 56)",,,"[{'id': 18, 'text': 'ה', 'upos': 'DET', 'xpos': 'DET', 'feats': 'PronType=Art', 'head': 19, 'deprel': 'det:def', 'lemma': 'ה'}, {'id': 19, 'text': 'קניה', 'upos': 'NOUN', 'xpos': 'NOUN', 'feats': 'Gender=Fem|Number=Sing', 'head': 17, 'deprel': 'compound:smixut', 'lemma': 'קניה'}]"
20,מרבית,DET,DET,22.0,det,"(57, 62)",מרבית,Definite=Cons,
"(21, 22)",הרוכשים,,,,,"(63, 70)",,,"[{'id': 21, 'text': 'ה', 'upos': 'DET', 'xpos': 'DET', 'feats': 'PronType=Art', 'head': 22, 'deprel': 'det:def', 'lemma': 'ה'}, {'id': 22, 'text': 'רוכשים', 'upos': 'NOUN', 'xpos': 'NOUN', 'feats': 'Gender=Masc|Number=Plur', 'head': 23, 'deprel': 'nsubj', 'lemma': 'רכש'}]"
23,קנו,VERB,VERB,0.0,root,"(71, 74)",קנה,"Gender=Fem,Masc|HebBinyan=PAAL|Number=Plur|Person=3|Tense=Past|Voice=Act",
24,את,ADP,ADP,26.0,case:acc,"(75, 77)",את,Case=Acc,
"(25, 26)",הדירה,,,,,"(78, 83)",,,"[{'id': 25, 'text': 'ה', 'upos': 'DET', 'xpos': 'DET', 'feats': 'PronType=Art', 'head': 26, 'deprel': 'det:def', 'lemma': 'ה'}, {'id': 26, 'text': 'דירה', 'upos': 'NOUN', 'xpos': 'NOUN', 'feats': 'Gender=Fem|Number=Sing', 'head': 23, 'deprel': 'obj', 'lemma': 'דירה'}]"
"(27, 28)",בשלב,,,,,"(84, 88)",,,"[{'id': 27, 'text': 'ב', 'upos': 'ADP', 'xpos': 'ADP', 'head': 28, 'deprel': 'case', 'lemma': 'ב'}, {'id': 28, 'text': 'שלב', 'upos': 'NOUN', 'xpos': 'NOUN', 'feats': 'Gender=Masc|Number=Sing', 'head': 23, 'deprel': 'obl', 'lemma': 'שלב'}]"
"(29, 31)",שבו,,,,,"(89, 92)",,,"[{'id': 29, 'text': 'ש', 'upos': 'SCONJ', 'xpos': 'SCONJ', 'head': 34, 'deprel': 'mark', 'lemma': 'ש'}, {'id': 30, 'text': 'ב_', 'upos': 'ADP', 'xpos': 'ADP', 'head': 31, 'deprel': 'case', 'lemma': 'ב'}, {'id': 31, 'text': '_הוא', 'upos': 'PRON', 'xpos': 'PRON', 'feats': 'Gender=Masc|Number=Sing|Person=3|PronType=Prs', 'head': 34, 'deprel': 'obl', 'lemma': 'הוא'}]"
32,לא,ADV,ADV,34.0,advmod,"(93, 95)",לא,Polarity=Neg,
33,היה,AUX,AUX,34.0,cop,"(96, 99)",היה,Gender=Masc|Number=Sing|Person=3|Polarity=Pos|Tense=Past|VerbType=Cop,
34,קיים,ADJ,ADJ,28.0,acl:relcl,"(100, 104)",קיים,Gender=Masc|Number=Sing,
35,דבר,NOUN,NOUN,34.0,nsubj,"(105, 108)",דבר,Gender=Masc|Number=Sing,
"(36, 38)",בשכונה,,,,,"(109, 115)",,,"[{'id': 36, 'text': 'ב', 'upos': 'ADP', 'xpos': 'ADP', 'head': 38, 'deprel': 'case', 'lemma': 'ב'}, {'id': 37, 'text': 'ה_', 'upos': 'DET', 'xpos': 'DET', 'feats': 'PronType=Art', 'head': 38, 'deprel': 'det:def', 'lemma': 'ה'}, {'id': 38, 'text': 'שכונה', 'upos': 'NOUN', 'xpos': 'NOUN', 'feats': 'Gender=Fem|Number=Sing', 'head': 35, 'deprel': 'nmod', 'lemma': 'שכונה'}]"
39,–,PUNCT,PUNCT,41.0,punct,"(116, 117)",–,,
40,50,NUM,NUM,41.0,nummod,"(118, 120)",50,,
41,%,NOUN,NOUN,34.0,dep,"(120, 121)",%,"Gender=Masc|Number=Plur,Sing",
42,",",PUNCT,PUNCT,23.0,punct,"(121, 122)",",",,
43,עוד,ADV,ADV,45.0,det,"(123, 126)",עוד,,
44,10,NUM,NUM,45.0,nummod,"(127, 129)",10,,
45,%,NOUN,NOUN,46.0,nsubj,"(129, 130)",%,"Gender=Masc|Number=Plur,Sing",
46,קנו,VERB,VERB,23.0,conj,"(131, 134)",קנה,"Gender=Fem,Masc|HebBinyan=PAAL|Number=Plur|Person=3|Tense=Past|Voice=Act",
47,את,ADP,ADP,49.0,case:acc,"(135, 137)",את,Case=Acc,
"(48, 49)",הדירות,,,,,"(138, 144)",,,"[{'id': 48, 'text': 'ה', 'upos': 'DET', 'xpos': 'DET', 'feats': 'PronType=Art', 'head': 49, 'deprel': 'det:def', 'lemma': 'ה'}, {'id': 49, 'text': 'דירות', 'upos': 'NOUN', 'xpos': 'NOUN', 'feats': 'Gender=Fem|Number=Plur', 'head': 46, 'deprel': 'obj', 'lemma': 'דירה'}]"
"(50, 51)",בשלב,,,,,"(145, 149)",,,"[{'id': 50, 'text': 'ב', 'upos': 'ADP', 'xpos': 'ADP', 'head': 51, 'deprel': 'case', 'lemma': 'ב'}, {'id': 51, 'text': 'שלב', 'upos': 'NOUN', 'xpos': 'NOUN', 'feats': 'Gender=Masc|Number=Sing', 'head': 46, 'deprel': 'obl', 'lemma': 'שלב'}]"
52,של,ADP,ADP,53.0,case:gen,"(150, 152)",של,Case=Gen,
53,ביצוע,NOUN,NOUN,51.0,nmod:poss,"(153, 158)",ביצוע,Definite=Cons|Gender=Masc|Number=Sing,
54,עבודות,NOUN,NOUN,53.0,compound:smixut,"(159, 165)",עבודה,Definite=Cons|Gender=Fem|Number=Plur,
55,עפר,NOUN,NOUN,54.0,compound:smixut,"(166, 169)",עפר,Gender=Masc|Number=Sing,
56,",",PUNCT,PUNCT,23.0,punct,"(170, 171)",",",,
57,40,NUM,NUM,58.0,nummod,"(172, 174)",40,,
58,%,NOUN,NOUN,59.0,nsubj,"(174, 175)",%,"Gender=Masc|Number=Plur,Sing",
59,קנו,VERB,VERB,23.0,conj,"(176, 179)",קנה,"Gender=Fem,Masc|HebBinyan=PAAL|Number=Plur|Person=3|Tense=Past|Voice=Act",
60,את,ADP,ADP,62.0,case:acc,"(180, 182)",את,Case=Acc,
"(61, 62)",הדירה,,,,,"(183, 188)",,,"[{'id': 61, 'text': 'ה', 'upos': 'DET', 'xpos': 'DET', 'feats': 'PronType=Art', 'head': 62, 'deprel': 'det:def', 'lemma': 'ה'}, {'id': 62, 'text': 'דירה', 'upos': 'NOUN', 'xpos': 'NOUN', 'feats': 'Gender=Fem|Number=Sing', 'head': 59, 'deprel': 'obj', 'lemma': 'דירה'}]"
"(63, 64)",בשלבי,,,,,"(189, 194)",,,"[{'id': 63, 'text': 'ב', 'upos': 'ADP', 'xpos': 'ADP', 'head': 64, 'deprel': 'case', 'lemma': 'ב'}, {'id': 64, 'text': 'שלבי', 'upos': 'NOUN', 'xpos': 'NOUN', 'feats': 'Definite=Cons|Gender=Masc|Number=Plur', 'head': 59, 'deprel': 'obl', 'lemma': 'שלב'}]"
"(65, 66)",הבניה,,,,,"(195, 200)",,,"[{'id': 65, 'text': 'ה', 'upos': 'DET', 'xpos': 'DET', 'feats': 'PronType=Art', 'head': 66, 'deprel': 'det:def', 'lemma': 'ה'}, {'id': 66, 'text': 'בניה', 'upos': 'NOUN', 'xpos': 'NOUN', 'feats': 'Gender=Fem|Number=Sing', 'head': 64, 'deprel': 'compound:smixut', 'lemma': 'בניה'}]"
"(67, 68)",השונים,,,,,"(201, 207)",,,"[{'id': 67, 'text': 'ה', 'upos': 'DET', 'xpos': 'DET', 'feats': 'PronType=Art', 'head': 68, 'deprel': 'det:def', 'lemma': 'ה'}, {'id': 68, 'text': 'שונים', 'upos': 'ADJ', 'xpos': 'ADJ', 'feats': 'Gender=Masc|Number=Plur', 'head': 64, 'deprel': 'amod', 'lemma': 'שונה'}]"
69,(,PUNCT,PUNCT,70.0,punct,"(208, 209)",(,,
70,או,CCONJ,CCONJ,71.0,appos,"(209, 211)",או,,
71,דירה,NOUN,NOUN,64.0,appos,"(212, 216)",דירה,Gender=Fem|Number=Sing,
72,מוכנה,ADJ,ADJ,71.0,amod,"(217, 222)",מוכן,Gender=Fem|Number=Sing,
73,–,PUNCT,PUNCT,71.0,punct,"(223, 224)",–,,
74,יד,NOUN,NOUN,71.0,nmod,"(225, 227)",יד,Gender=Fem|Number=Sing,
75,שניה,NUM,NUM,74.0,amod,"(228, 232)",שניה,Gender=Fem|Number=Sing,
76,),PUNCT,PUNCT,70.0,punct,"(232, 233)",),,
1,♦,ADV,ADV,11.0,cc,"(1, 2)",♦,,
2,סוג,NOUN,NOUN,11.0,nsubj,"(3, 6)",סוג,Definite=Cons|Gender=Masc|Number=Sing,
"(3, 4)",הדירה,,,,,"(7, 12)",,,"[{'id': 3, 'text': 'ה', 'upos': 'DET', 'xpos': 'DET', 'feats': 'PronType=Art', 'head': 4, 'deprel': 'det:def', 'lemma': 'ה'}, {'id': 4, 'text': 'דירה', 'upos': 'NOUN', 'xpos': 'NOUN', 'feats': 'Gender=Fem|Number=Sing', 'head': 2, 'deprel': 'compound:smixut', 'lemma': 'דירה'}]"
5,מרבית,DET,DET,7.0,det,"(13, 18)",מרבית,Definite=Cons,
"(6, 7)",הדירות,,,,,"(19, 25)",,,"[{'id': 6, 'text': 'ה', 'upos': 'DET', 'xpos': 'DET', 'feats': 'PronType=Art', 'head': 7, 'deprel': 'det:def', 'lemma': 'ה'}, {'id': 7, 'text': 'דירות', 'upos': 'NOUN', 'xpos': 'NOUN', 'feats': 'Gender=Fem|Number=Plur', 'head': 11, 'deprel': 'nsubj', 'lemma': 'דירה'}]"
"(8, 9)",שנקנו,,,,,"(26, 31)",,,"[{'id': 8, 'text': 'ש', 'upos': 'SCONJ', 'xpos': 'SCONJ', 'head': 9, 'deprel': 'mark', 'lemma': 'ש'}, {'id': 9, 'text': 'נקנו', 'upos': 'VERB', 'xpos': 'VERB', 'feats': 'Gender=Fem,Masc|HebBinyan=NIFAL|Number=Plur|Person=3|Tense=Past|Voice=Mid', 'head': 7, 'deprel': 'acl:relcl', 'lemma': 'נקנה'}]"
10,היו,AUX,AUX,11.0,cop,"(32, 35)",היה,"Gender=Fem,Masc|Number=Plur|Person=3|Polarity=Pos|Tense=Past|VerbType=Cop",
11,קוטג'ים,NOUN,NOUN,0.0,root,"(36, 43)",קוטגוים,Gender=Masc|Number=Plur,
12,(,PUNCT,PUNCT,13.0,punct,"(44, 45)",(,,
13,או,CCONJ,CCONJ,19.0,appos,"(45, 47)",או,,
14,דו,ADV,ADV,15.0,compound:affix,"(48, 50)",דו,HebSource=ConvUncertainHead|Prefix=Yes,
15,משפחתי,ADJ,ADJ,13.0,dep,"(51, 57)",משפחתי,Gender=Masc|Number=Sing,
16,),PUNCT,PUNCT,13.0,punct,"(57, 58)",),,
17,–,PUNCT,PUNCT,11.0,punct,"(59, 60)",–,,
18,64,NUM,NUM,19.0,nummod,"(61, 63)",64,,
19,%,NOUN,NOUN,11.0,dep,"(63, 64)",%,"Gender=Masc|Number=Plur,Sing",
20,",",PUNCT,PUNCT,11.0,punct,"(64, 65)",",",,
21,17,NUM,NUM,22.0,nummod,"(66, 68)",17,,
22,%,NOUN,NOUN,24.0,nsubj,"(68, 69)",%,"Gender=Masc|Number=Plur,Sing",
23,היו,AUX,AUX,24.0,cop,"(70, 73)",היה,"Gender=Fem,Masc|Number=Plur|Person=3|Polarity=Pos|Tense=Past|VerbType=Cop",
24,דירות,NOUN,NOUN,11.0,conj,"(74, 79)",דירה,Definite=Cons|Gender=Fem|Number=Plur,
25,גן,NOUN,NOUN,24.0,compound:smixut,"(80, 82)",גן,Gender=Masc|Number=Sing,
"(26, 27)",ועוד,,,,,"(83, 87)",,,"[{'id': 26, 'text': 'ו', 'upos': 'CCONJ', 'xpos': 'CCONJ', 'head': 29, 'deprel': 'cc', 'lemma': 'ו'}, {'id': 27, 'text': 'עוד', 'upos': 'ADV', 'xpos': 'ADV', 'head': 29, 'deprel': 'det', 'lemma': 'עוד'}]"
28,17,NUM,NUM,29.0,nummod,"(88, 90)",17,,
29,%,NOUN,NOUN,11.0,conj,"(90, 91)",%,"Gender=Masc|Number=Plur,Sing",
30,דירות,NOUN,NOUN,29.0,nmod,"(92, 97)",דירה,Gender=Fem|Number=Plur,
31,רגילות,ADJ,ADJ,30.0,amod,"(98, 104)",רגיל,Gender=Fem|Number=Plur,
32,(,PUNCT,PUNCT,34.0,punct,"(105, 106)",(,,
33,כולל,VERB,VERB,34.0,case,"(106, 110)",כלל,"Gender=Masc|HebBinyan=PAAL|Number=Sing|Person=1,2,3|VerbForm=Part|Voice=Act",
34,דירות,NOUN,NOUN,30.0,nmod,"(111, 116)",דירה,Gender=Fem|Number=Plur,
35,עם,ADP,ADP,36.0,case,"(117, 119)",עם,,
36,מרפסת,NOUN,NOUN,34.0,nmod,"(120, 125)",מרפסת,Gender=Fem|Number=Sing,
37,פתוחה,ADJ,ADJ,36.0,amod,"(126, 131)",פתוח,Gender=Fem|Number=Sing,
38,),PUNCT,PUNCT,34.0,punct,"(131, 132)",),,
1,אין,VERB,VERB,0.0,root,"(1, 4)",אין,HebExistential=True,
2,הבדל,NOUN,NOUN,1.0,nsubj,"(5, 9)",הבדל,Gender=Masc|Number=Sing,
3,מובהק,ADJ,ADJ,2.0,amod,"(10, 15)",מובהק,Gender=Masc|Number=Sing,
"(4, 5)",בסוג,,,,,"(16, 20)",,,"[{'id': 4, 'text': 'ב', 'upos': 'ADP', 'xpos': 'ADP', 'head': 5, 'deprel': 'case', 'lemma': 'ב'}, {'id': 5, 'text': 'סוג', 'upos': 'NOUN', 'xpos': 'NOUN', 'feats': 'Definite=Cons|Gender=Masc|Number=Sing', 'head': 2, 'deprel': 'nmod', 'lemma': 'סוג'}]"
"(6, 7)",הדירה,,,,,"(21, 26)",,,"[{'id': 6, 'text': 'ה', 'upos': 'DET', 'xpos': 'DET', 'feats': 'PronType=Art', 'head': 7, 'deprel': 'det:def', 'lemma': 'ה'}, {'id': 7, 'text': 'דירה', 'upos': 'NOUN', 'xpos': 'NOUN', 'feats': 'Gender=Fem|Number=Sing', 'head': 5, 'deprel': 'compound:smixut', 'lemma': 'דירה'}]"
"(8, 9)",שנרכשה,,,,,"(27, 33)",,,"[{'id': 8, 'text': 'ש', 'upos': 'SCONJ', 'xpos': 'SCONJ', 'head': 9, 'deprel': 'mark', 'lemma': 'ש'}, {'id': 9, 'text': 'נרכשה', 'upos': 'VERB', 'xpos': 'VERB', 'feats': 'Gender=Fem|HebBinyan=NIFAL|Number=Sing|Person=3|Tense=Past|Voice=Mid', 'head': 5, 'deprel': 'acl:relcl', 'lemma': 'נרכש'}]"
10,לפי,ADP,ADP,12.0,case,"(34, 37)",לפי,,
"(11, 12)",הכנסת,,,,,"(38, 43)",,,"[{'id': 11, 'text': 'ה', 'upos': 'DET', 'xpos': 'DET', 'feats': 'PronType=Art', 'head': 12, 'deprel': 'det:def', 'lemma': 'ה'}, {'id': 12, 'text': 'כנסת', 'upos': 'PROPN', 'xpos': 'PROPN', 'head': 9, 'deprel': 'obl', 'lemma': 'כנסת'}]"
"(13, 14)",הרוכש,,,,,"(44, 49)",,,"[{'id': 13, 'text': 'ה', 'upos': 'DET', 'xpos': 'DET', 'feats': 'PronType=Art', 'head': 14, 'deprel': 'det:def', 'lemma': 'ה'}, {'id': 14, 'text': 'רוכש', 'upos': 'VERB', 'xpos': 'VERB', 'feats': 'Gender=Masc|HebBinyan=PAAL|Number=Sing|Person=1,2,3|VerbForm=Part|Voice=Act', 'head': 12, 'deprel': 'amod', 'lemma': 'רכש'}]"
15,",",PUNCT,PUNCT,1.0,punct,"(50, 51)",",",,
16,אין,VERB,VERB,1.0,conj,"(52, 55)",אין,HebExistential=True,
17,גם,ADV,ADV,18.0,det,"(56, 58)",גם,,
18,הבדל,NOUN,NOUN,16.0,nsubj,"(59, 63)",הבדל,Gender=Masc|Number=Sing,
19,מובהק,ADJ,ADJ,18.0,amod,"(64, 69)",מובהק,Gender=Masc|Number=Sing,
"(20, 21)",בסוג,,,,,"(70, 74)",,,"[{'id': 20, 'text': 'ב', 'upos': 'ADP', 'xpos': 'ADP', 'head': 21, 'deprel': 'case', 'lemma': 'ב'}, {'id': 21, 'text': 'סוג', 'upos': 'NOUN', 'xpos': 'NOUN', 'feats': 'Definite=Cons|Gender=Masc|Number=Sing', 'head': 18, 'deprel': 'nmod', 'lemma': 'סוג'}]"
"(22, 23)",הדירה,,,,,"(75, 80)",,,"[{'id': 22, 'text': 'ה', 'upos': 'DET', 'xpos': 'DET', 'feats': 'PronType=Art', 'head': 23, 'deprel': 'det:def', 'lemma': 'ה'}, {'id': 23, 'text': 'דירה', 'upos': 'NOUN', 'xpos': 'NOUN', 'feats': 'Gender=Fem|Number=Sing', 'head': 21, 'deprel': 'compound:smixut', 'lemma': 'דירה'}]"
"(24, 25)",שנרכשה,,,,,"(81, 87)",,,"[{'id': 24, 'text': 'ש', 'upos': 'SCONJ', 'xpos': 'SCONJ', 'head': 25, 'deprel': 'mark', 'lemma': 'ש'}, {'id': 25, 'text': 'נרכשה', 'upos': 'VERB', 'xpos': 'VERB', 'feats': 'Gender=Fem|HebBinyan=NIFAL|Number=Sing|Person=3|Tense=Past|Voice=Mid', 'head': 21, 'deprel': 'acl:relcl', 'lemma': 'נרכש'}]"
26,בין,ADP,ADP,27.0,case,"(88, 91)",בין,,
27,קוני,NOUN,NOUN,25.0,obl,"(92, 96)",קונה,Definite=Cons|Gender=Masc|Number=Plur,
28,דירה,NOUN,NOUN,27.0,compound:smixut,"(97, 101)",דירה,Gender=Fem|Number=Sing,
29,לראשונה,ADV,ADV,27.0,advmod,"(102, 109)",לראשונה,,
"(30, 31)",ובעלי,,,,,"(110, 115)",,,"[{'id': 30, 'text': 'ו', 'upos': 'CCONJ', 'xpos': 'CCONJ', 'head': 31, 'deprel': 'cc', 'lemma': 'ו'}, {'id': 31, 'text': 'בעלי', 'upos': 'NOUN', 'xpos': 'NOUN', 'feats': 'Definite=Cons|Gender=Masc|Number=Plur', 'head': 27, 'deprel': 'conj', 'lemma': 'בעל'}]"
32,דירה,NOUN,NOUN,31.0,compound:smixut,"(116, 120)",דירה,Gender=Fem|Number=Sing,
33,קודמת,ADJ,ADJ,32.0,amod,"(121, 126)",קודם,Gender=Fem|Number=Sing,
1,♦,PUNCT,PUNCT,7.0,dep,"(1, 2)",♦,,
2,גודל,NOUN,NOUN,7.0,dep,"(3, 7)",גודל,Definite=Cons|Gender=Masc|HebSource=ConvUncertainHead|Number=Sing,
"(3, 4)",הדירה,,,,,"(8, 13)",,,"[{'id': 3, 'text': 'ה', 'upos': 'DET', 'xpos': 'DET', 'feats': 'PronType=Art', 'head': 4, 'deprel': 'det:def', 'lemma': 'ה'}, {'id': 4, 'text': 'דירה', 'upos': 'NOUN', 'xpos': 'NOUN', 'feats': 'Gender=Fem|Number=Sing', 'head': 2, 'deprel': 'compound:smixut', 'lemma': 'דירה'}]"
"(5, 6)",המרואיינים,,,,,"(14, 24)",,,"[{'id': 5, 'text': 'ה', 'upos': 'DET', 'xpos': 'DET', 'feats': 'PronType=Art', 'head': 6, 'deprel': 'det:def', 'lemma': 'ה'}, {'id': 6, 'text': 'מרואיינים', 'upos': 'NOUN', 'xpos': 'NOUN', 'feats': 'Gender=Masc|Number=Plur', 'head': 7, 'deprel': 'nsubj', 'lemma': 'מרואיין'}]"
7,נשאלו,VERB,VERB,0.0,root,"(25, 30)",נשאל,"Gender=Fem,Masc|HebBinyan=NIFAL|Number=Plur|Person=3|Tense=Past|Voice=Mid",
8,לגבי,ADP,ADP,9.0,case,"(31, 35)",לגבי,,
9,גודל,NOUN,NOUN,7.0,obl,"(36, 40)",גודל,Definite=Cons|Gender=Masc|Number=Sing,
"(10, 11)",הדירה,,,,,"(41, 46)",,,"[{'id': 10, 'text': 'ה', 'upos': 'DET', 'xpos': 'DET', 'feats': 'PronType=Art', 'head': 11, 'deprel': 'det:def', 'lemma': 'ה'}, {'id': 11, 'text': 'דירה', 'upos': 'NOUN', 'xpos': 'NOUN', 'feats': 'Gender=Fem|Number=Sing', 'head': 9, 'deprel': 'compound:smixut', 'lemma': 'דירה'}]"
"(12, 13)",שנרכשה,,,,,"(47, 53)",,,"[{'id': 12, 'text': 'ש', 'upos': 'SCONJ', 'xpos': 'SCONJ', 'head': 13, 'deprel': 'mark', 'lemma': 'ש'}, {'id': 13, 'text': 'נרכשה', 'upos': 'VERB', 'xpos': 'VERB', 'feats': 'Gender=Fem|HebBinyan=NIFAL|Number=Sing|Person=3|Tense=Past|Voice=Mid', 'head': 11, 'deprel': 'acl:relcl', 'lemma': 'נרכש'}]"
14,לפי,ADP,ADP,16.0,case,"(54, 57)",לפי,,
15,שני,NUM,NUM,16.0,nummod,"(58, 61)",שני,Definite=Cons|Gender=Masc|Number=Plur,
16,מאפיינים,NOUN,NOUN,13.0,obl,"(62, 70)",מאפיין,Gender=Masc|Number=Plur,
17,;,PUNCT,PUNCT,19.0,cc,"(71, 72)",;,,
18,מספר,DET,DET,19.0,det,"(73, 77)",מספר,Definite=Cons,
19,חדרים,NOUN,NOUN,16.0,conj,"(78, 83)",חדר,Gender=Masc|Number=Plur,
"(20, 21)",ושטח,,,,,"(84, 88)",,,"[{'id': 20, 'text': 'ו', 'upos': 'CCONJ', 'xpos': 'CCONJ', 'head': 21, 'deprel': 'cc', 'lemma': 'ו'}, {'id': 21, 'text': 'שטח', 'upos': 'NOUN', 'xpos': 'NOUN', 'feats': 'Definite=Cons|Gender=Masc|Number=Sing', 'head': 19, 'deprel': 'conj', 'lemma': 'שטח'}]"
"(22, 23)",הדירה,,,,,"(89, 94)",,,"[{'id': 22, 'text': 'ה', 'upos': 'DET', 'xpos': 'DET', 'feats': 'PronType=Art', 'head': 23, 'deprel': 'det:def', 'lemma': 'ה'}, {'id': 23, 'text': 'דירה', 'upos': 'NOUN', 'xpos': 'NOUN', 'feats': 'Gender=Fem|Number=Sing', 'head': 21, 'deprel': 'compound:smixut', 'lemma': 'דירה'}]"
1,חלק,NOUN,NOUN,10.0,nsubj,"(1, 4)",חלק,Gender=Masc|Number=Sing,
2,גדול,ADJ,ADJ,1.0,amod,"(5, 9)",גדול,Gender=Masc|Number=Sing,
"(3, 5)",מקוני,,,,,"(10, 15)",,,"[{'id': 3, 'text': 'מקון_', 'upos': 'NOUN', 'xpos': 'NOUN', 'feats': 'Definite=Def|Gender=Masc|Number=Plur', 'head': 1, 'deprel': 'nmod', 'lemma': 'מקון'}, {'id': 4, 'text': '_של_', 'upos': 'ADP', 'xpos': 'ADP', 'head': 5, 'deprel': 'case:gen', 'lemma': 'של'}, {'id': 5, 'text': '_אני', 'upos': 'PRON', 'xpos': 'PRON', 'feats': 'Case=Gen|Gender=Fem,Masc|Number=Sing|Person=1|PronType=Prs', 'head': 3, 'deprel': 'nmod:poss', 'lemma': 'הוא'}]"
"(6, 7)",הדירות,,,,,"(16, 22)",,,"[{'id': 6, 'text': 'ה', 'upos': 'DET', 'xpos': 'DET', 'feats': 'PronType=Art', 'head': 7, 'deprel': 'det:def', 'lemma': 'ה'}, {'id': 7, 'text': 'דירות', 'upos': 'NOUN', 'xpos': 'NOUN', 'feats': 'Gender=Fem|Number=Plur', 'head': 3, 'deprel': 'compound:smixut', 'lemma': 'דירה'}]"
"(8, 9)",בשלומי,,,,,"(23, 29)",,,"[{'id': 8, 'text': 'ב', 'upos': 'ADP', 'xpos': 'ADP', 'head': 9, 'deprel': 'case', 'lemma': 'ב'}, {'id': 9, 'text': 'שלומי', 'upos': 'PROPN', 'xpos': 'PROPN', 'head': 7, 'deprel': 'nmod', 'lemma': 'שלומי'}]"
10,קנו,VERB,VERB,0.0,root,"(30, 33)",קנה,"Gender=Fem,Masc|HebBinyan=PAAL|Number=Plur|Person=3|Tense=Past|Voice=Act",
11,דירות,NOUN,NOUN,10.0,obj,"(34, 39)",דירה,Gender=Fem|Number=Plur,
12,גדולות,ADJ,ADJ,11.0,amod,"(40, 46)",גדול,Gender=Fem|Number=Plur,
13,יחסית,ADV,ADV,12.0,advmod,"(47, 52)",יחסית,,
14,",",PUNCT,PUNCT,10.0,punct,"(53, 54)",",",,
15,37,NUM,NUM,16.0,nummod,"(55, 57)",37,,
16,%,NOUN,NOUN,17.0,nsubj,"(57, 58)",%,"Gender=Masc|Number=Plur,Sing",
17,קנו,VERB,VERB,10.0,conj,"(59, 62)",קנה,"Gender=Fem,Masc|HebBinyan=PAAL|Number=Plur|Person=3|Tense=Past|Voice=Act",
18,דירות,NOUN,NOUN,17.0,obj,"(63, 68)",דירה,Gender=Fem|Number=Plur,
19,בנות,NOUN,NOUN,18.0,acl,"(69, 73)",בת,Definite=Cons|Gender=Fem|Number=Plur,
20,5,NUM,NUM,21.0,nummod,"(74, 75)",5,,
21,חדרים,NOUN,NOUN,19.0,compound:smixut,"(76, 81)",חדר,Gender=Masc|Number=Plur,
"(22, 23)",ויותר,,,,,"(82, 87)",,,"[{'id': 22, 'text': 'ו', 'upos': 'CCONJ', 'xpos': 'CCONJ', 'head': 23, 'deprel': 'cc', 'lemma': 'ו'}, {'id': 23, 'text': 'יותר', 'upos': 'ADV', 'xpos': 'ADV', 'head': 21, 'deprel': 'advmod', 'lemma': 'יותר'}]"
24,",",PUNCT,PUNCT,10.0,punct,"(87, 88)",",",,
25,40,NUM,NUM,26.0,nummod,"(89, 91)",40,,
26,%,NOUN,NOUN,17.0,nsubj,"(91, 92)",%,"Gender=Masc|Number=Plur,Sing",
27,דירות,NOUN,NOUN,26.0,nmod,"(93, 98)",דירה,Gender=Fem|Number=Plur,
28,4,NUM,NUM,27.0,compound:smixut,"(99, 100)",4,,
29,-,PUNCT,PUNCT,28.0,punct,"(100, 101)",-,,
30,4,NUM,NUM,28.0,nummod,"(101, 102)",4,,
1,5,NUM,NUM,2.0,nummod,"(0, 1)",5,,
2,חדרים,NOUN,NOUN,0.0,root,"(2, 7)",חדר,Gender=Masc|Number=Plur,
3,ו,CCONJ,CCONJ,6.0,cc,"(8, 9)",ו,,
4,-,PUNCT,PUNCT,6.0,punct,"(9, 10)",-,,
5,23,NUM,NUM,6.0,nummod,"(11, 13)",23,,
6,%,NOUN,NOUN,2.0,conj,"(13, 14)",%,"Gender=Masc|Number=Plur,Sing",
7,דירות,NOUN,NOUN,6.0,nmod,"(15, 20)",דירה,Gender=Fem|Number=Plur,
8,3,NUM,NUM,7.0,amod,"(21, 22)",3,,
9,-,PUNCT,PUNCT,8.0,punct,"(22, 23)",-,,
10,3,NUM,NUM,8.0,nummod,"(23, 24)",3,,
1,5,NUM,NUM,2.0,nummod,"(0, 1)",5,,
2,חדרים,NOUN,NOUN,0.0,root,"(2, 7)",חדר,Gender=Masc|Number=Plur,
1,שטח,NOUN,NOUN,7.0,nsubj,"(1, 4)",שטח,Definite=Cons|Gender=Masc|Number=Sing,
"(2, 3)",הדירה,,,,,"(5, 10)",,,"[{'id': 2, 'text': 'ה', 'upos': 'DET', 'xpos': 'DET', 'feats': 'PronType=Art', 'head': 3, 'deprel': 'det:def', 'lemma': 'ה'}, {'id': 3, 'text': 'דירה', 'upos': 'NOUN', 'xpos': 'NOUN', 'feats': 'Gender=Fem|Number=Sing', 'head': 1, 'deprel': 'compound:smixut', 'lemma': 'דירה'}]"
4,:,PUNCT,PUNCT,7.0,punct,"(10, 11)",:,,
5,47,NUM,NUM,6.0,nummod,"(12, 14)",47,,
6,%,NOUN,NOUN,7.0,nsubj,"(14, 15)",%,"Gender=Masc|Number=Plur,Sing",
7,רכשו,VERB,VERB,0.0,root,"(16, 20)",רכש,"Gender=Fem,Masc|HebBinyan=PAAL|Number=Plur|Person=3|Tense=Past|Voice=Act",
8,דירה,NOUN,NOUN,7.0,obj,"(21, 25)",דירה,Gender=Fem|Number=Sing,
"(9, 11)",בשטח,,,,,"(26, 30)",,,"[{'id': 9, 'text': 'ב', 'upos': 'ADP', 'xpos': 'ADP', 'head': 11, 'deprel': 'case', 'lemma': 'ב'}, {'id': 10, 'text': 'ה_', 'upos': 'DET', 'xpos': 'DET', 'feats': 'PronType=Art', 'head': 11, 'deprel': 'det:def', 'lemma': 'ה'}, {'id': 11, 'text': 'שטח', 'upos': 'NOUN', 'xpos': 'NOUN', 'feats': 'Gender=Masc|Number=Sing', 'head': 8, 'deprel': 'nmod', 'lemma': 'שטח'}]"
12,של,ADP,ADP,16.0,case:gen,"(31, 33)",של,Case=Gen,
13,130,NUM,NUM,16.0,nummod,"(34, 37)",130,,
14,–,PUNCT,PUNCT,13.0,punct,"(38, 39)",–,,
15,101,NUM,NUM,13.0,nummod,"(40, 43)",101,,
16,"מ""ר",NOUN,NOUN,11.0,nmod:poss,"(44, 47)","מ""ר",Abbr=Yes|Gender=Masc|Number=Sing,
17,",",PUNCT,PUNCT,7.0,punct,"(47, 48)",",",,
18,30,NUM,NUM,19.0,nummod,"(49, 51)",30,,
19,%,NOUN,NOUN,20.0,nsubj,"(51, 52)",%,"Gender=Masc|Number=Plur,Sing",
20,רכשו,VERB,VERB,7.0,conj,"(53, 57)",רכש,"Gender=Fem,Masc|HebBinyan=PAAL|Number=Plur|Person=3|Tense=Past|Voice=Act",
21,דירה,NOUN,NOUN,20.0,obj,"(58, 62)",דירה,Gender=Fem|Number=Sing,
22,של,ADP,ADP,25.0,case:gen,"(63, 65)",של,Case=Gen,
23,מעל,ADP,ADP,25.0,case,"(66, 69)",מעל,,
24,130,NUM,NUM,25.0,nummod,"(70, 73)",130,,
25,"מ""ר",NOUN,NOUN,21.0,nmod:poss,"(74, 77)","מ""ר",Abbr=Yes|Gender=Masc|Number=Sing,
"(26, 27)",ורק,,,,,"(78, 81)",,,"[{'id': 26, 'text': 'ו', 'upos': 'CCONJ', 'xpos': 'CCONJ', 'head': 30, 'deprel': 'cc', 'lemma': 'ו'}, {'id': 27, 'text': 'רק', 'upos': 'ADV', 'xpos': 'ADV', 'head': 29, 'deprel': 'det', 'lemma': 'רק'}]"
28,23,NUM,NUM,29.0,nummod,"(82, 84)",23,,
29,%,NOUN,NOUN,30.0,nsubj,"(84, 85)",%,"Gender=Masc|Number=Plur,Sing",
30,רכשו,VERB,VERB,7.0,conj,"(86, 90)",רכש,"Gender=Fem,Masc|HebBinyan=PAAL|Number=Plur|Person=3|Tense=Past|Voice=Act",
31,דירות,NOUN,NOUN,30.0,obj,"(91, 96)",דירה,Gender=Fem|Number=Plur,
32,קטנות,ADJ,ADJ,31.0,amod,"(97, 102)",קטן,Gender=Fem|Number=Plur,
33,(,PUNCT,PUNCT,36.0,punct,"(103, 104)",(,,
34,עד,ADP,ADP,36.0,case,"(104, 106)",עד,,
35,100,NUM,NUM,36.0,nummod,"(107, 110)",100,,
36,"מ""ר",NOUN,NOUN,31.0,appos,"(111, 114)","מ""ר",Abbr=Yes|Gender=Masc|Number=Sing,
37,),PUNCT,PUNCT,36.0,punct,"(114, 115)",),,
1,מספר,NOUN,NOUN,9.0,nsubj:cop,"(1, 5)",מספר,Definite=Cons|Gender=Masc|Number=Sing,
2,חדרים,NOUN,NOUN,1.0,compound:smixut,"(6, 11)",חדר,Gender=Masc|Number=Plur,
3,ממוצע,ADJ,ADJ,2.0,amod,"(12, 17)",ממוצע,Gender=Masc|Number=Sing,
"(4, 5)",לקוני דירות,,,,,"(18, 29)",,,"[{'id': 4, 'text': 'ל', 'upos': 'ADP', 'xpos': 'ADP', 'head': 5, 'deprel': 'case', 'lemma': 'ל'}, {'id': 5, 'text': 'קוניטדירות', 'upos': 'NOUN', 'xpos': 'NOUN', 'feats': 'Gender=Fem|Number=Plur', 'head': 1, 'deprel': 'nmod', 'lemma': 'קוניטדירה'}]"
"(6, 7)",בשלומי,,,,,"(30, 36)",,,"[{'id': 6, 'text': 'ב', 'upos': 'ADP', 'xpos': 'ADP', 'head': 7, 'deprel': 'case', 'lemma': 'ב'}, {'id': 7, 'text': 'שלומי', 'upos': 'PROPN', 'xpos': 'PROPN', 'head': 1, 'deprel': 'nmod', 'lemma': 'שלומי'}]"
8,הוא,AUX,AUX,9.0,cop,"(37, 40)",הוא,Gender=Masc|Number=Sing|Person=3|Polarity=Pos|VerbForm=Part|VerbType=Cop,
9,4,NUM,NUM,0.0,root,"(41, 42)",4,,
1,1,NUM,NUM,0.0,root,"(0, 1)",1,,
2,",",PUNCT,PUNCT,1.0,punct,"(1, 2)",",",,
3,שטח,NOUN,NOUN,1.0,nsubj,"(3, 6)",שטח,Gender=Masc|Number=Sing,
4,ממוצע,ADJ,ADJ,3.0,amod,"(7, 12)",ממוצע,Gender=Masc|Number=Sing,
"(5, 7)",לדירה,,,,,"(13, 18)",,,"[{'id': 5, 'text': 'ל', 'upos': 'ADP', 'xpos': 'ADP', 'head': 7, 'deprel': 'case', 'lemma': 'ל'}, {'id': 6, 'text': 'ה_', 'upos': 'DET', 'xpos': 'DET', 'feats': 'PronType=Art', 'head': 7, 'deprel': 'det:def', 'lemma': 'ה'}, {'id': 7, 'text': 'דירה', 'upos': 'NOUN', 'xpos': 'NOUN', 'feats': 'Gender=Fem|Number=Sing', 'head': 3, 'deprel': 'nmod', 'lemma': 'דירה'}]"
8,:,PUNCT,PUNCT,1.0,punct,"(18, 19)",:,,
9,127,NUM,NUM,10.0,nummod,"(20, 23)",127,,
10,"מ""ר",NOUN,NOUN,1.0,appos,"(24, 27)","מ""ר",Abbr=Yes|Gender=Masc|Number=Sing,
"(1, 3)",קוני דירות,,,,,"(1, 11)",,,"[{'id': 1, 'text': 'קוניטדירות_', 'upos': 'NOUN', 'xpos': 'NOUN', 'feats': 'Definite=Def|Gender=Masc|Number=Plur', 'head': 14, 'deprel': 'nsubj', 'lemma': 'קוניטדירות'}, {'id': 2, 'text': '_של_', 'upos': 'ADP', 'xpos': 'ADP', 'head': 3, 'deprel': 'case:gen', 'lemma': 'של'}, {'id': 3, 'text': '_היא', 'upos': 'PRON', 'xpos': 'PRON', 'feats': 'Case=Gen|Gender=Fem|Number=Sing|Person=3|PronType=Prs', 'head': 1, 'deprel': 'nmod:poss', 'lemma': 'הוא'}]"
"(4, 5)",שהיתה,,,,,"(12, 17)",,,"[{'id': 4, 'text': 'ש', 'upos': 'SCONJ', 'xpos': 'SCONJ', 'head': 5, 'deprel': 'mark', 'lemma': 'ש'}, {'id': 5, 'text': 'היתה', 'upos': 'AUX', 'xpos': 'AUX', 'feats': 'Gender=Fem|Number=Sing|Person=3|Polarity=Pos|Tense=Past|VerbType=Cop', 'head': 1, 'deprel': 'acl:relcl', 'lemma': 'היה'}]"
"(6, 9)",ברשותם,,,,,"(18, 24)",,,"[{'id': 6, 'text': 'ב', 'upos': 'ADP', 'xpos': 'ADP', 'head': 7, 'deprel': 'case', 'lemma': 'ב'}, {'id': 7, 'text': 'רשות_', 'upos': 'NOUN', 'xpos': 'NOUN', 'feats': 'Definite=Def|Gender=Fem|Number=Sing', 'head': 5, 'deprel': 'obl', 'lemma': 'רשות'}, {'id': 8, 'text': '_של_', 'upos': 'ADP', 'xpos': 'ADP', 'head': 9, 'deprel': 'case:gen', 'lemma': 'של'}, {'id': 9, 'text': '_הם', 'upos': 'PRON', 'xpos': 'PRON', 'feats': 'Case=Gen|Gender=Masc|Number=Plur|Person=3|PronType=Prs', 'head': 7, 'deprel': 'nmod:poss', 'lemma': 'הוא'}]"
10,דירה,NOUN,NOUN,5.0,nsubj,"(25, 29)",דירה,Gender=Fem|Number=Sing,
"(11, 13)",בעבר,,,,,"(30, 34)",,,"[{'id': 11, 'text': 'ב', 'upos': 'ADP', 'xpos': 'ADP', 'head': 13, 'deprel': 'case', 'lemma': 'ב'}, {'id': 12, 'text': 'ה_', 'upos': 'DET', 'xpos': 'DET', 'feats': 'PronType=Art', 'head': 13, 'deprel': 'det:def', 'lemma': 'ה'}, {'id': 13, 'text': 'עבר', 'upos': 'NOUN', 'xpos': 'NOUN', 'feats': 'Gender=Masc|Number=Sing', 'head': 10, 'deprel': 'nmod', 'lemma': 'עבר'}]"
14,קנו,VERB,VERB,0.0,root,"(35, 38)",קנה,"Gender=Fem,Masc|HebBinyan=PAAL|Number=Plur|Person=3|Tense=Past|Voice=Act",
15,דירות,NOUN,NOUN,14.0,obj,"(39, 44)",דירה,Gender=Fem|Number=Plur,
16,גדולות,ADJ,ADJ,15.0,amod,"(45, 51)",גדול,Gender=Fem|Number=Plur,
17,יותר,ADV,ADV,16.0,advmod,"(52, 56)",יותר,,
18,",",PUNCT,PUNCT,14.0,punct,"(56, 57)",",",,
"(19, 20)",וכך,,,,,"(58, 61)",,,"[{'id': 19, 'text': 'ו', 'upos': 'CCONJ', 'xpos': 'CCONJ', 'head': 25, 'deprel': 'cc', 'lemma': 'ו'}, {'id': 20, 'text': 'כך', 'upos': 'ADV', 'xpos': 'ADV', 'head': 25, 'deprel': 'advmod', 'lemma': 'כך'}]"
21,גם,ADV,ADV,22.0,det,"(62, 64)",גם,,
"(22, 24)",קוני דירות,,,,,"(65, 75)",,,"[{'id': 22, 'text': 'קוניטדירות_', 'upos': 'NOUN', 'xpos': 'NOUN', 'feats': 'Definite=Def|Gender=Masc|Number=Plur', 'head': 25, 'deprel': 'nsubj', 'lemma': 'קוניטדירות'}, {'id': 23, 'text': '_של_', 'upos': 'ADP', 'xpos': 'ADP', 'head': 24, 'deprel': 'case:gen', 'lemma': 'של'}, {'id': 24, 'text': '_היא', 'upos': 'PRON', 'xpos': 'PRON', 'feats': 'Case=Gen|Gender=Fem|Number=Sing|Person=3|PronType=Prs', 'head': 22, 'deprel': 'nmod:poss', 'lemma': 'הוא'}]"
25,יד,NOUN,NOUN,14.0,conj,"(76, 78)",יד,Gender=Fem|Number=Sing,
26,שניה,NUM,NUM,25.0,amod,"(79, 83)",שניה,Gender=Fem|Number=Sing,
"(1, 3)",קוני דירות,,,,,"(1, 11)",,,"[{'id': 1, 'text': 'קוניטדירות_', 'upos': 'NOUN', 'xpos': 'NOUN', 'feats': 'Xtra=Junk', 'head': 15, 'deprel': 'nsubj', 'lemma': 'קוניטדירות'}, {'id': 2, 'text': '_של_', 'upos': 'ADP', 'xpos': 'ADP', 'head': 3, 'deprel': 'case:gen', 'lemma': 'של'}, {'id': 3, 'text': '_היא', 'upos': 'PRON', 'xpos': 'PRON', 'feats': 'Case=Gen|Gender=Fem|Number=Sing|Person=3|PronType=Prs', 'head': 1, 'deprel': 'nmod:poss', 'lemma': 'הוא'}]"
"(4, 5)",שהיתה,,,,,"(12, 17)",,,"[{'id': 4, 'text': 'ש', 'upos': 'SCONJ', 'xpos': 'SCONJ', 'head': 5, 'deprel': 'mark', 'lemma': 'ש'}, {'id': 5, 'text': 'היתה', 'upos': 'AUX', 'xpos': 'AUX', 'feats': 'Gender=Fem|Number=Sing|Person=3|Polarity=Pos|Tense=Past|VerbType=Cop', 'head': 1, 'deprel': 'acl:relcl', 'lemma': 'היה'}]"
"(6, 9)",ברשותם,,,,,"(18, 24)",,,"[{'id': 6, 'text': 'ב', 'upos': 'ADP', 'xpos': 'ADP', 'head': 7, 'deprel': 'case', 'lemma': 'ב'}, {'id': 7, 'text': 'רשות_', 'upos': 'NOUN', 'xpos': 'NOUN', 'feats': 'Definite=Def|Gender=Fem|Number=Sing', 'head': 5, 'deprel': 'obl', 'lemma': 'רשות'}, {'id': 8, 'text': '_של_', 'upos': 'ADP', 'xpos': 'ADP', 'head': 9, 'deprel': 'case:gen', 'lemma': 'של'}, {'id': 9, 'text': '_הם', 'upos': 'PRON', 'xpos': 'PRON', 'feats': 'Case=Gen|Gender=Masc|Number=Plur|Person=3|PronType=Prs', 'head': 7, 'deprel': 'nmod:poss', 'lemma': 'הוא'}]"
10,דירה,NOUN,NOUN,5.0,nsubj,"(25, 29)",דירה,Gender=Fem|Number=Sing,
"(11, 13)",בעבר,,,,,"(30, 34)",,,"[{'id': 11, 'text': 'ב', 'upos': 'ADP', 'xpos': 'ADP', 'head': 13, 'deprel': 'case', 'lemma': 'ב'}, {'id': 12, 'text': 'ה_', 'upos': 'DET', 'xpos': 'DET', 'feats': 'PronType=Art', 'head': 13, 'deprel': 'det:def', 'lemma': 'ה'}, {'id': 13, 'text': 'עבר', 'upos': 'NOUN', 'xpos': 'NOUN', 'feats': 'Gender=Masc|Number=Sing', 'head': 10, 'deprel': 'nmod', 'lemma': 'עבר'}]"
14,",",PUNCT,PUNCT,15.0,punct,"(35, 36)",",",,
15,עברו,VERB,VERB,0.0,root,"(37, 41)",עבר,"Gender=Fem,Masc|Number=Plur|Person=3|Tense=Past",
"(16, 17)",מדירה,,,,,"(42, 47)",,,"[{'id': 16, 'text': 'מ', 'upos': 'ADP', 'xpos': 'ADP', 'head': 17, 'deprel': 'case', 'lemma': 'מ'}, {'id': 17, 'text': 'דירה', 'upos': 'NOUN', 'xpos': 'NOUN', 'feats': 'Gender=Fem|Number=Sing', 'head': 15, 'deprel': 'obl', 'lemma': 'דירה'}]"
"(18, 20)",בשטח,,,,,"(48, 52)",,,"[{'id': 18, 'text': 'ב', 'upos': 'ADP', 'xpos': 'ADP', 'head': 20, 'deprel': 'case', 'lemma': 'ב'}, {'id': 19, 'text': 'ה_', 'upos': 'DET', 'xpos': 'DET', 'feats': 'PronType=Art', 'head': 20, 'deprel': 'det:def', 'lemma': 'ה'}, {'id': 20, 'text': 'שטח', 'upos': 'NOUN', 'xpos': 'NOUN', 'feats': 'Gender=Masc|Number=Sing', 'head': 17, 'deprel': 'nmod', 'lemma': 'שטח'}]"
21,ממוצע,ADJ,ADJ,20.0,amod,"(53, 58)",ממוצע,Gender=Masc|Number=Sing,
22,של,ADP,ADP,24.0,case:gen,"(59, 61)",של,Case=Gen,
23,105,NUM,NUM,24.0,nummod,"(62, 65)",105,,
24,"מ""ר",NOUN,NOUN,20.0,nmod,"(66, 69)","מ""ר",Abbr=Yes|Gender=Masc|Number=Sing,
"(25, 26)",ובעלת,,,,,"(70, 75)",,,"[{'id': 25, 'text': 'ו', 'upos': 'CCONJ', 'xpos': 'CCONJ', 'head': 26, 'deprel': 'cc', 'lemma': 'ו'}, {'id': 26, 'text': 'בעלת', 'upos': 'NOUN', 'xpos': 'NOUN', 'feats': 'Definite=Cons|Gender=Fem|Number=Sing', 'head': 17, 'deprel': 'conj', 'lemma': 'בעל'}]"
27,3,NUM,NUM,26.0,compound:smixut,"(76, 77)",3,,
1,6,NUM,NUM,2.0,nummod,"(0, 1)",6,,
2,חדרים,NOUN,NOUN,0.0,root,"(2, 7)",חדר,Gender=Masc|Number=Plur,
"(3, 5)",לדירות,,,,,"(8, 14)",,,"[{'id': 3, 'text': 'ל', 'upos': 'ADP', 'xpos': 'ADP', 'head': 5, 'deprel': 'case', 'lemma': 'ל'}, {'id': 4, 'text': 'ה_', 'upos': 'DET', 'xpos': 'DET', 'feats': 'PronType=Art', 'head': 5, 'deprel': 'det:def', 'lemma': 'ה'}, {'id': 5, 'text': 'דירות', 'upos': 'NOUN', 'xpos': 'NOUN', 'feats': 'Gender=Fem|Number=Plur', 'head': 2, 'deprel': 'nmod', 'lemma': 'דירה'}]"
6,של,ADP,ADP,8.0,case:gen,"(15, 17)",של,Case=Gen,
7,131,NUM,NUM,8.0,nummod,"(18, 21)",131,,
8,"מ""ר",NOUN,NOUN,5.0,nmod:poss,"(22, 25)","מ""ר",Abbr=Yes|Gender=Masc|Number=Sing,
9,עם,ADP,ADP,10.0,case,"(26, 28)",עם,,
10,מספר,NOUN,NOUN,2.0,nmod,"(29, 33)",מספר,Definite=Cons|Gender=Masc|Number=Sing,
11,חדרים,NOUN,NOUN,10.0,compound:smixut,"(34, 39)",חדר,Gender=Masc|Number=Plur,
12,ממוצע,ADJ,ADJ,11.0,amod,"(40, 45)",ממוצע,Gender=Masc|Number=Sing,
13,של,ADP,ADP,14.0,case:gen,"(46, 48)",של,Case=Gen,
14,4,NUM,NUM,11.0,nmod,"(49, 50)",4,,
1,3,NUM,NUM,0.0,root,"(0, 1)",3,,
"(1, 2)",בהשוואה,,,,,"(1, 8)",,,"[{'id': 1, 'text': 'ב', 'upos': 'ADP', 'xpos': 'ADP', 'head': 5, 'deprel': 'case', 'lemma': 'ב'}, {'id': 2, 'text': 'השוואה', 'upos': 'NOUN', 'xpos': 'NOUN', 'feats': 'Gender=Fem|Number=Sing', 'head': 1, 'deprel': 'fixed', 'lemma': 'השוואה'}]"
"(3, 5)",לישובים,,,,,"(9, 16)",,,"[{'id': 3, 'text': 'ל', 'upos': 'ADP', 'xpos': 'ADP', 'head': 1, 'deprel': 'fixed', 'lemma': 'ל'}, {'id': 4, 'text': 'ה_', 'upos': 'DET', 'xpos': 'DET', 'feats': 'PronType=Art', 'head': 5, 'deprel': 'det:def', 'lemma': 'ה'}, {'id': 5, 'text': 'ישובים', 'upos': 'NOUN', 'xpos': 'NOUN', 'feats': 'Gender=Masc|Number=Plur', 'head': 21, 'deprel': 'obl', 'lemma': 'יישוב'}]"
6,אחרים,ADJ,ADJ,5.0,amod,"(17, 22)",אחר,Gender=Masc|Number=Plur,
7,גודל,NOUN,NOUN,21.0,nsubj:cop,"(23, 27)",גודל,Definite=Cons|Gender=Masc|Number=Sing,
"(8, 9)",הדירה,,,,,"(28, 33)",,,"[{'id': 8, 'text': 'ה', 'upos': 'DET', 'xpos': 'DET', 'feats': 'PronType=Art', 'head': 9, 'deprel': 'det:def', 'lemma': 'ה'}, {'id': 9, 'text': 'דירה', 'upos': 'NOUN', 'xpos': 'NOUN', 'feats': 'Gender=Fem|Number=Sing', 'head': 7, 'deprel': 'compound:smixut', 'lemma': 'דירה'}]"
"(10, 11)",הממוצע,,,,,"(34, 40)",,,"[{'id': 10, 'text': 'ה', 'upos': 'DET', 'xpos': 'DET', 'feats': 'PronType=Art', 'head': 11, 'deprel': 'det:def', 'lemma': 'ה'}, {'id': 11, 'text': 'ממוצע', 'upos': 'ADJ', 'xpos': 'ADJ', 'feats': 'Gender=Masc|Number=Sing', 'head': 9, 'deprel': 'amod', 'lemma': 'ממוצע'}]"
12,(,PUNCT,PUNCT,13.0,punct,"(41, 42)",(,,
13,"במ""ר",NOUN,NOUN,7.0,appos,"(42, 46)","במ""ר",Abbr=Yes|Gender=Masc|Number=Sing,
14,),PUNCT,PUNCT,13.0,punct,"(46, 47)",),,
"(15, 16)",הנרכשת,,,,,"(48, 54)",,,"[{'id': 15, 'text': 'ה', 'upos': 'SCONJ', 'xpos': 'SCONJ', 'feats': 'PronType=Art', 'head': 16, 'deprel': 'mark', 'lemma': 'ה'}, {'id': 16, 'text': 'נרכשת', 'upos': 'VERB', 'xpos': 'VERB', 'feats': 'Gender=Fem|HebBinyan=NIFAL|Number=Sing|Person=1,2,3|VerbForm=Part|Voice=Mid', 'head': 7, 'deprel': 'acl:relcl', 'lemma': 'נרכש'}]"
"(17, 18)",בשלומי,,,,,"(55, 61)",,,"[{'id': 17, 'text': 'ב', 'upos': 'ADP', 'xpos': 'ADP', 'head': 18, 'deprel': 'case', 'lemma': 'ב'}, {'id': 18, 'text': 'שלומי', 'upos': 'PROPN', 'xpos': 'PROPN', 'head': 16, 'deprel': 'obl', 'lemma': 'שלומי'}]"
19,הוא,AUX,AUX,21.0,cop,"(62, 65)",הוא,Gender=Masc|Number=Sing|Person=3|Polarity=Pos|VerbForm=Part|VerbType=Cop,
"(20, 21)",הגדול,,,,,"(66, 71)",,,"[{'id': 20, 'text': 'ה', 'upos': 'DET', 'xpos': 'DET', 'feats': 'PronType=Art', 'head': 21, 'deprel': 'det:def', 'lemma': 'ה'}, {'id': 21, 'text': 'גדול', 'upos': 'ADJ', 'xpos': 'ADJ', 'feats': 'Gender=Masc|Number=Sing', 'head': 0, 'deprel': 'root', 'lemma': 'גדול'}]"
22,ביותר,ADV,ADV,21.0,advmod,"(72, 77)",ביותר,,
"(23, 24)",ודומה,,,,,"(78, 83)",,,"[{'id': 23, 'text': 'ו', 'upos': 'CCONJ', 'xpos': 'CCONJ', 'head': 24, 'deprel': 'cc', 'lemma': 'ו'}, {'id': 24, 'text': 'דומה', 'upos': 'ADJ', 'xpos': 'ADJ', 'feats': 'Gender=Masc|Number=Sing', 'head': 21, 'deprel': 'conj', 'lemma': 'דומה'}]"
"(25, 26)",למודיעין,,,,,"(84, 92)",,,"[{'id': 25, 'text': 'ל', 'upos': 'ADP', 'xpos': 'ADP', 'head': 26, 'deprel': 'case', 'lemma': 'ל'}, {'id': 26, 'text': 'מודיעין', 'upos': 'PROPN', 'xpos': 'PROPN', 'head': 24, 'deprel': 'obl', 'lemma': 'מודיעין'}]"
27,(,PUNCT,PUNCT,21.0,punct,"(93, 94)",(,,
28,ראה,VERB,VERB,21.0,parataxis,"(94, 97)",ראה,Gender=Masc|HebBinyan=PAAL|Mood=Imp|Number=Sing|Person=2|Voice=Act,
29,לוח,NOUN,NOUN,24.0,dep,"(98, 101)",לוח,Gender=Masc|Number=Sing,
30,3,NUM,NUM,29.0,nummod,"(102, 103)",3,,
1,24,NUM,NUM,0.0,root,"(0, 2)",24,,
2,),PUNCT,PUNCT,1.0,punct,"(2, 3)",),,
1,3,NUM,NUM,0.0,root,"(1, 2)",3,,
1,3,NUM,NUM,0.0,root,"(0, 1)",3,,
2,מחיר,NOUN,NOUN,1.0,nsubj,"(2, 6)",מחיר,Definite=Cons|Gender=Masc|Number=Sing,
"(3, 4)",הדירה,,,,,"(7, 12)",,,"[{'id': 3, 'text': 'ה', 'upos': 'DET', 'xpos': 'DET', 'feats': 'PronType=Art', 'head': 4, 'deprel': 'det:def', 'lemma': 'ה'}, {'id': 4, 'text': 'דירה', 'upos': 'NOUN', 'xpos': 'NOUN', 'feats': 'Gender=Fem|Number=Sing', 'head': 2, 'deprel': 'compound:smixut', 'lemma': 'דירה'}]"
"(5, 6)",ואופן,,,,,"(13, 18)",,,"[{'id': 5, 'text': 'ו', 'upos': 'CCONJ', 'xpos': 'CCONJ', 'head': 6, 'deprel': 'cc', 'lemma': 'ו'}, {'id': 6, 'text': 'אופן', 'upos': 'NOUN', 'xpos': 'NOUN', 'feats': 'Gender=Masc|Number=Sing', 'head': 2, 'deprel': 'conj', 'lemma': 'אופן'}]"
7,מימונה,PROPN,PROPN,6.0,flat:name,"(19, 25)",מימונה,,
8,♦,PUNCT,PUNCT,2.0,dep,"(26, 27)",♦,,
9,מחיר,NOUN,NOUN,2.0,conj,"(28, 32)",מחיר,Definite=Cons|Gender=Masc|Number=Sing,
"(10, 11)",הדירה,,,,,"(33, 38)",,,"[{'id': 10, 'text': 'ה', 'upos': 'DET', 'xpos': 'DET', 'feats': 'PronType=Art', 'head': 11, 'deprel': 'det:def', 'lemma': 'ה'}, {'id': 11, 'text': 'דירה', 'upos': 'NOUN', 'xpos': 'NOUN', 'feats': 'Gender=Fem|Number=Sing', 'head': 9, 'deprel': 'compound:smixut', 'lemma': 'דירה'}]"
"(12, 13)",המחיר,,,,,"(39, 44)",,,"[{'id': 12, 'text': 'ה', 'upos': 'DET', 'xpos': 'DET', 'feats': 'PronType=Art', 'head': 13, 'deprel': 'det:def', 'lemma': 'ה'}, {'id': 13, 'text': 'מחיר', 'upos': 'NOUN', 'xpos': 'NOUN', 'feats': 'Gender=Masc|Number=Sing', 'head': 24, 'deprel': 'nsubj:cop', 'lemma': 'מחיר'}]"
"(14, 15)",הממוצע,,,,,"(45, 51)",,,"[{'id': 14, 'text': 'ה', 'upos': 'DET', 'xpos': 'DET', 'feats': 'PronType=Art', 'head': 15, 'deprel': 'det:def', 'lemma': 'ה'}, {'id': 15, 'text': 'ממוצע', 'upos': 'ADJ', 'xpos': 'ADJ', 'feats': 'Gender=Masc|Number=Sing', 'head': 13, 'deprel': 'amod', 'lemma': 'ממוצע'}]"
16,של,ADP,ADP,17.0,case:gen,"(52, 54)",של,Case=Gen,
17,דירה,NOUN,NOUN,13.0,nmod,"(55, 59)",דירה,Gender=Fem|Number=Sing,
"(18, 19)",שנרכשה,,,,,"(60, 66)",,,"[{'id': 18, 'text': 'ש', 'upos': 'SCONJ', 'xpos': 'SCONJ', 'head': 19, 'deprel': 'mark', 'lemma': 'ש'}, {'id': 19, 'text': 'נרכשה', 'upos': 'VERB', 'xpos': 'VERB', 'feats': 'Gender=Fem|HebBinyan=NIFAL|Number=Sing|Person=3|Tense=Past|Voice=Mid', 'head': 17, 'deprel': 'acl:relcl', 'lemma': 'נרכש'}]"
"(20, 21)",בדולרים,,,,,"(67, 74)",,,"[{'id': 20, 'text': 'ב', 'upos': 'ADP', 'xpos': 'ADP', 'head': 21, 'deprel': 'case', 'lemma': 'ב'}, {'id': 21, 'text': 'דולרים', 'upos': 'NOUN', 'xpos': 'NOUN', 'feats': 'Gender=Masc|Number=Plur', 'head': 19, 'deprel': 'obl', 'lemma': 'דולר'}]"
22,הוא,AUX,AUX,24.0,cop,"(75, 78)",הוא,Gender=Masc|Number=Sing|Person=3|Polarity=Pos|VerbForm=Part|VerbType=Cop,
23,"126,600",NUM,NUM,24.0,nummod,"(79, 86)","126,600",,
24,$,NOUN,NOUN,1.0,conj,"(87, 88)",$,,
1,כמובן,ADV,ADV,0.0,root,"(1, 6)",כמובן,,
"(2, 3)",שמחיר,,,,,"(7, 12)",,,"[{'id': 2, 'text': 'ש', 'upos': 'SCONJ', 'xpos': 'SCONJ', 'head': 9, 'deprel': 'mark', 'lemma': 'ש'}, {'id': 3, 'text': 'מחיר', 'upos': 'NOUN', 'xpos': 'NOUN', 'feats': 'Definite=Cons|Gender=Masc|Number=Sing', 'head': 9, 'deprel': 'nsubj', 'lemma': 'מחיר'}]"
"(4, 5)",הקניה,,,,,"(13, 18)",,,"[{'id': 4, 'text': 'ה', 'upos': 'DET', 'xpos': 'DET', 'feats': 'PronType=Art', 'head': 5, 'deprel': 'det:def', 'lemma': 'ה'}, {'id': 5, 'text': 'קניה', 'upos': 'NOUN', 'xpos': 'NOUN', 'feats': 'Gender=Fem|Number=Sing', 'head': 3, 'deprel': 'compound:smixut', 'lemma': 'קניה'}]"
6,של,ADP,ADP,8.0,case:gen,"(19, 21)",של,Case=Gen,
"(7, 8)",הדירה,,,,,"(22, 27)",,,"[{'id': 7, 'text': 'ה', 'upos': 'DET', 'xpos': 'DET', 'feats': 'PronType=Art', 'head': 8, 'deprel': 'det:def', 'lemma': 'ה'}, {'id': 8, 'text': 'דירה', 'upos': 'NOUN', 'xpos': 'NOUN', 'feats': 'Gender=Fem|Number=Sing', 'head': 3, 'deprel': 'nmod:poss', 'lemma': 'דירה'}]"
9,מושפע,VERB,VERB,1.0,advcl,"(28, 33)",הושפע,"Gender=Masc|HebBinyan=HUFAL|Number=Sing|Person=1,2,3|VerbForm=Part|Voice=Pass",
"(10, 11)",מגודל,,,,,"(34, 39)",,,"[{'id': 10, 'text': 'מ', 'upos': 'ADP', 'xpos': 'ADP', 'head': 11, 'deprel': 'case', 'lemma': 'מ'}, {'id': 11, 'text': 'גודל', 'upos': 'NOUN', 'xpos': 'NOUN', 'feats': 'Definite=Cons|Gender=Masc|Number=Sing', 'head': 9, 'deprel': 'obl', 'lemma': 'גודל'}]"
"(12, 13)",הדירה,,,,,"(40, 45)",,,"[{'id': 12, 'text': 'ה', 'upos': 'DET', 'xpos': 'DET', 'feats': 'PronType=Art', 'head': 13, 'deprel': 'det:def', 'lemma': 'ה'}, {'id': 13, 'text': 'דירה', 'upos': 'NOUN', 'xpos': 'NOUN', 'feats': 'Gender=Fem|Number=Sing', 'head': 11, 'deprel': 'compound:smixut', 'lemma': 'דירה'}]"
"(14, 15)",מבחינת,,,,,"(46, 52)",,,"[{'id': 14, 'text': 'מ', 'upos': 'ADP', 'xpos': 'ADP', 'head': 15, 'deprel': 'case', 'lemma': 'מ'}, {'id': 15, 'text': 'בחינת', 'upos': 'NOUN', 'xpos': 'NOUN', 'feats': 'Definite=Cons|Gender=Fem|Number=Sing', 'head': 9, 'deprel': 'obl', 'lemma': 'בחינה'}]"
16,שטח,NOUN,NOUN,15.0,compound:smixut,"(53, 56)",שטח,Gender=Masc|Number=Sing,
"(17, 18)",ומספר,,,,,"(57, 62)",,,"[{'id': 17, 'text': 'ו', 'upos': 'CCONJ', 'xpos': 'CCONJ', 'head': 19, 'deprel': 'cc', 'lemma': 'ו'}, {'id': 18, 'text': 'מספר', 'upos': 'DET', 'xpos': 'DET', 'feats': 'Definite=Cons', 'head': 19, 'deprel': 'det', 'lemma': 'מספר'}]"
19,חדרים,NOUN,NOUN,16.0,conj,"(63, 68)",חדר,Gender=Masc|Number=Plur,
1,דירה,NOUN,NOUN,5.0,nsubj,"(1, 5)",דירה,Gender=Fem|Number=Sing,
2,בת,NOUN,NOUN,1.0,acl,"(6, 8)",בת,Definite=Cons|Gender=Fem|Number=Sing,
3,שלושה,NUM,NUM,4.0,nummod,"(9, 14)",שלושה,Gender=Masc|Number=Sing,
4,חדרים,NOUN,NOUN,2.0,compound:smixut,"(15, 20)",חדר,Gender=Masc|Number=Plur,
5,עלתה,VERB,VERB,0.0,root,"(21, 25)",עלה,Gender=Fem|HebBinyan=PAAL|Number=Sing|Person=3|Tense=Past|Voice=Act,
6,כ,ADV,ADV,9.0,advmod,"(26, 27)",כ,,
7,-,PUNCT,PUNCT,9.0,punct,"(27, 28)",-,,
8,"111,500",NUM,NUM,9.0,nummod,"(29, 36)","111,500",,
9,$,NOUN,NOUN,5.0,dep,"(37, 38)",$,"Gender=Masc|Number=Plur,Sing",
"(10, 11)",ודירת,,,,,"(39, 44)",,,"[{'id': 10, 'text': 'ו', 'upos': 'CCONJ', 'xpos': 'CCONJ', 'head': 11, 'deprel': 'cc', 'lemma': 'ו'}, {'id': 11, 'text': 'דירת', 'upos': 'NOUN', 'xpos': 'NOUN', 'feats': 'Definite=Cons|Gender=Fem|Number=Sing', 'head': 5, 'deprel': 'conj', 'lemma': 'דירה'}]"
12,5,NUM,NUM,13.0,nummod,"(45, 46)",5,,
13,חדרים,NOUN,NOUN,11.0,dep,"(47, 52)",חדר,Gender=Masc|Number=Plur,
"(14, 15)",ויותר,,,,,"(53, 58)",,,"[{'id': 14, 'text': 'ו', 'upos': 'CCONJ', 'xpos': 'CCONJ', 'feats': 'HebSource=ConvUncertainHead', 'head': 19, 'deprel': 'cc', 'lemma': 'ו'}, {'id': 15, 'text': 'יותר', 'upos': 'ADV', 'xpos': 'ADV', 'head': 19, 'deprel': 'advmod', 'lemma': 'יותר'}]"
16,כ,ADV,ADV,19.0,advmod,"(59, 60)",כ,,
17,-,PUNCT,PUNCT,19.0,punct,"(60, 61)",-,,
18,"138,000",NUM,NUM,19.0,nummod,"(61, 68)","138,000",,
19,$,NOUN,NOUN,11.0,dep,"(69, 70)",$,HebSource=ConvUncertainHead,
1,לא,ADV,ADV,2.0,advmod,"(1, 3)",לא,Polarity=Neg,
2,היה,VERB,VERB,0.0,root,"(4, 7)",היה,Gender=Masc|HebExistential=True|Number=Sing|Person=3|Polarity=Pos|Tense=Past,
3,הבדל,NOUN,NOUN,2.0,nsubj,"(8, 12)",הבדל,Gender=Masc|Number=Sing,
4,משמעותי,ADJ,ADJ,3.0,amod,"(13, 20)",משמעותי,Gender=Masc|Number=Sing,
"(5, 6)",במחירי,,,,,"(21, 27)",,,"[{'id': 5, 'text': 'ב', 'upos': 'ADP', 'xpos': 'ADP', 'head': 6, 'deprel': 'case', 'lemma': 'ב'}, {'id': 6, 'text': 'מחירי', 'upos': 'NOUN', 'xpos': 'NOUN', 'feats': 'Definite=Cons|Gender=Masc|Number=Plur', 'head': 3, 'deprel': 'nmod', 'lemma': 'מחיר'}]"
7,דירות,NOUN,NOUN,6.0,compound:smixut,"(28, 33)",דירה,Gender=Fem|Number=Plur,
8,יד,NOUN,NOUN,7.0,compound:smixut,"(34, 36)",יד,Gender=Fem|Number=Sing,
9,שניה,NUM,NUM,8.0,amod,"(37, 41)",שניה,Gender=Fem|Number=Sing,
"(10, 11)",וחדשות,,,,,"(42, 48)",,,"[{'id': 10, 'text': 'ו', 'upos': 'CCONJ', 'xpos': 'CCONJ', 'head': 11, 'deprel': 'cc', 'lemma': 'ו'}, {'id': 11, 'text': 'חדשות', 'upos': 'ADJ', 'xpos': 'ADJ', 'feats': 'Gender=Fem|Number=Plur', 'head': 8, 'deprel': 'conj', 'lemma': 'חדש'}]"
12,",",PUNCT,PUNCT,3.0,punct,"(49, 50)",",",,
"(13, 14)",שנובע,,,,,"(51, 56)",,,"[{'id': 13, 'text': 'ש', 'upos': 'SCONJ', 'xpos': 'SCONJ', 'head': 14, 'deprel': 'mark', 'lemma': 'ש'}, {'id': 14, 'text': 'נובע', 'upos': 'VERB', 'xpos': 'VERB', 'feats': 'Gender=Masc|HebBinyan=PAAL|Number=Sing|Person=1,2,3|VerbForm=Part|Voice=Act', 'head': 3, 'deprel': 'acl:relcl', 'lemma': 'נבע'}]"
"(15, 16)",מכך,,,,,"(57, 60)",,,"[{'id': 15, 'text': 'מ', 'upos': 'ADP', 'xpos': 'ADP', 'head': 16, 'deprel': 'case', 'lemma': 'מ'}, {'id': 16, 'text': 'כך', 'upos': 'PRON', 'xpos': 'PRON', 'feats': 'Person=3|PronType=Dem', 'head': 14, 'deprel': 'obl', 'lemma': 'כך'}]"
"(17, 18)",שדירות,,,,,"(61, 67)",,,"[{'id': 17, 'text': 'ש', 'upos': 'SCONJ', 'xpos': 'SCONJ', 'head': 22, 'deprel': 'mark', 'lemma': 'ש'}, {'id': 18, 'text': 'דירות', 'upos': 'NOUN', 'xpos': 'NOUN', 'feats': 'Definite=Cons|Gender=Fem|Number=Plur', 'head': 22, 'deprel': 'nsubj', 'lemma': 'דירה'}]"
19,יד,NOUN,NOUN,18.0,compound:smixut,"(68, 70)",יד,Gender=Fem|Number=Sing,
20,שניה,NUM,NUM,19.0,flat:name,"(71, 75)",שניה,Gender=Fem|Number=Sing,
21,היו,AUX,AUX,22.0,cop,"(76, 79)",היה,"Gender=Fem,Masc|Number=Plur|Person=3|Polarity=Pos|Tense=Past|VerbType=Cop",
22,גדולות,ADJ,ADJ,16.0,acl:relcl,"(80, 86)",גדול,Gender=Fem|Number=Plur,
23,יותר,ADV,ADV,22.0,advmod,"(87, 91)",יותר,,
24,הן,ADV,ADV,25.0,advmod,"(92, 94)",הן,,
"(25, 26)",במספר,,,,,"(95, 100)",,,"[{'id': 25, 'text': 'ב', 'upos': 'ADP', 'xpos': 'ADP', 'head': 27, 'deprel': 'case', 'lemma': 'ב'}, {'id': 26, 'text': 'מספר', 'upos': 'DET', 'xpos': 'DET', 'feats': 'Definite=Cons', 'head': 27, 'deprel': 'det', 'lemma': 'מספר'}]"
27,חדרים,NOUN,NOUN,22.0,advmod,"(101, 106)",חדר,Gender=Masc|Number=Plur,
"(28, 29)",והן,,,,,"(107, 110)",,,"[{'id': 28, 'text': 'ו', 'upos': 'CCONJ', 'xpos': 'CCONJ', 'head': 32, 'deprel': 'cc', 'lemma': 'ו'}, {'id': 29, 'text': 'הן', 'upos': 'ADV', 'xpos': 'ADV', 'head': 30, 'deprel': 'advmod', 'lemma': 'הן'}]"
"(30, 32)",בשטח,,,,,"(111, 115)",,,"[{'id': 30, 'text': 'ב', 'upos': 'ADP', 'xpos': 'ADP', 'head': 32, 'deprel': 'case', 'lemma': 'ב'}, {'id': 31, 'text': 'ה_', 'upos': 'DET', 'xpos': 'DET', 'feats': 'PronType=Art', 'head': 32, 'deprel': 'det:def', 'lemma': 'ה'}, {'id': 32, 'text': 'שטח', 'upos': 'NOUN', 'xpos': 'NOUN', 'feats': 'Definite=Cons|Gender=Masc|Number=Sing', 'head': 27, 'deprel': 'conj', 'lemma': 'שטח'}]"
"(33, 34)",הדירה,,,,,"(116, 121)",,,"[{'id': 33, 'text': 'ה', 'upos': 'DET', 'xpos': 'DET', 'feats': 'PronType=Art', 'head': 34, 'deprel': 'det:def', 'lemma': 'ה'}, {'id': 34, 'text': 'דירה', 'upos': 'NOUN', 'xpos': 'NOUN', 'feats': 'Gender=Fem|Number=Sing', 'head': 32, 'deprel': 'amod', 'lemma': 'דירה'}]"
1,מחיר,NOUN,NOUN,24.0,nsubj,"(1, 5)",מחיר,Gender=Masc|Number=Sing,
2,ממוצע,ADJ,ADJ,1.0,amod,"(6, 11)",ממוצע,Gender=Masc|Number=Sing,
"(3, 4)",לחדר,,,,,"(12, 16)",,,"[{'id': 3, 'text': 'ל', 'upos': 'ADP', 'xpos': 'ADP', 'head': 4, 'deprel': 'case', 'lemma': 'ל'}, {'id': 4, 'text': 'חדר', 'upos': 'NOUN', 'xpos': 'NOUN', 'feats': 'Gender=Masc|Number=Sing', 'head': 1, 'deprel': 'nmod', 'lemma': 'חדר'}]"
5,:,PUNCT,PUNCT,24.0,punct,"(16, 17)",:,,
6,-,PUNCT,PUNCT,1.0,punct,"(18, 19)",-,,
7,"30,880",NUM,NUM,8.0,nummod,"(20, 26)","30,880",,
8,$,NOUN,NOUN,1.0,dep,"(27, 28)",$,HebSource=ConvUncertainHead,
9,מחיר,NOUN,NOUN,24.0,dep,"(29, 33)",מחיר,Gender=Masc|Number=Sing,
10,ממוצע,ADJ,ADJ,9.0,amod,"(34, 39)",ממוצע,Gender=Masc|Number=Sing,
"(11, 12)","למ""ר",,,,,"(40, 44)",,,"[{'id': 11, 'text': 'ל', 'upos': 'ADP', 'xpos': 'ADP', 'head': 12, 'deprel': 'case', 'lemma': 'ל'}, {'id': 12, 'text': 'מ""ר', 'upos': 'NOUN', 'xpos': 'NOUN', 'feats': 'Abbr=Yes|Gender=Masc|Number=Sing', 'head': 9, 'deprel': 'nmod', 'lemma': 'מ""ר'}]"
13,:,PUNCT,PUNCT,24.0,punct,"(44, 45)",:,,
14,-,PUNCT,PUNCT,9.0,punct,"(46, 47)",-,,
15,996,NUM,NUM,16.0,nummod,"(48, 51)",996,,
16,$,NOUN,NOUN,9.0,appos,"(52, 53)",$,HebSource=ConvUncertainHead,
17,♦,ADV,ADV,24.0,dep,"(54, 55)",♦,,
18,אופן,NOUN,NOUN,24.0,dep,"(56, 60)",אופן,Definite=Cons|Gender=Masc|Number=Sing,
19,מימון,NOUN,NOUN,18.0,compound:smixut,"(61, 66)",מימון,Definite=Cons|Gender=Masc|Number=Sing,
"(20, 21)",הדירה,,,,,"(67, 72)",,,"[{'id': 20, 'text': 'ה', 'upos': 'DET', 'xpos': 'DET', 'feats': 'PronType=Art', 'head': 21, 'deprel': 'det:def', 'lemma': 'ה'}, {'id': 21, 'text': 'דירה', 'upos': 'NOUN', 'xpos': 'NOUN', 'feats': 'Gender=Fem|Number=Sing', 'head': 19, 'deprel': 'compound:smixut', 'lemma': 'דירה'}]"
"(22, 23)",המרואיינים,,,,,"(73, 83)",,,"[{'id': 22, 'text': 'ה', 'upos': 'DET', 'xpos': 'DET', 'feats': 'PronType=Art', 'head': 23, 'deprel': 'det:def', 'lemma': 'ה'}, {'id': 23, 'text': 'מרואיינים', 'upos': 'NOUN', 'xpos': 'NOUN', 'feats': 'Gender=Masc|Number=Plur', 'head': 24, 'deprel': 'nsubj', 'lemma': 'מרואיין'}]"
24,נתבקשו,VERB,VERB,0.0,root,"(84, 90)",התבקש,"Gender=Fem,Masc|HebBinyan=HITPAEL|Number=Plur|Person=3|Tense=Past",
25,לציין,VERB,VERB,24.0,xcomp,"(91, 96)",ציין,HebBinyan=PIEL|VerbForm=Inf|Voice=Act,
26,את,ADP,ADP,27.0,case:acc,"(97, 99)",את,Case=Acc,
27,מקורות,NOUN,NOUN,25.0,obj,"(100, 106)",מקור,Definite=Cons|Gender=Masc|Number=Plur,
"(28, 29)",המימון,,,,,"(107, 113)",,,"[{'id': 28, 'text': 'ה', 'upos': 'DET', 'xpos': 'DET', 'feats': 'PronType=Art', 'head': 29, 'deprel': 'det:def', 'lemma': 'ה'}, {'id': 29, 'text': 'מימון', 'upos': 'NOUN', 'xpos': 'NOUN', 'feats': 'Gender=Masc|Number=Sing', 'head': 27, 'deprel': 'compound:smixut', 'lemma': 'מימון'}]"
"(30, 33)",לדירתם,,,,,"(114, 120)",,,"[{'id': 30, 'text': 'ל', 'upos': 'ADP', 'xpos': 'ADP', 'head': 31, 'deprel': 'case', 'lemma': 'ל'}, {'id': 31, 'text': 'דירה_', 'upos': 'NOUN', 'xpos': 'NOUN', 'feats': 'Definite=Def|Gender=Fem|Number=Sing', 'head': 27, 'deprel': 'nmod', 'lemma': 'דירה'}, {'id': 32, 'text': '_של_', 'upos': 'ADP', 'xpos': 'ADP', 'head': 33, 'deprel': 'case:gen', 'lemma': 'של'}, {'id': 33, 'text': '_הם', 'upos': 'PRON', 'xpos': 'PRON', 'feats': 'Case=Gen|Gender=Masc|Number=Plur|Person=3|PronType=Prs', 'head': 31, 'deprel': 'nmod:poss', 'lemma': 'הוא'}]"
"(1, 2)",בממוצע,,,,,"(1, 7)",,,"[{'id': 1, 'text': 'ב', 'upos': 'ADP', 'xpos': 'ADP', 'head': 2, 'deprel': 'case', 'lemma': 'ב'}, {'id': 2, 'text': 'ממוצע', 'upos': 'NOUN', 'xpos': 'NOUN', 'feats': 'Gender=Masc|Number=Sing', 'head': 3, 'deprel': 'obl', 'lemma': 'ממוצע'}]"
3,צוינו,VERB,VERB,0.0,root,"(8, 13)",צוין,"Gender=Fem,Masc|HebBinyan=PUAL|Number=Plur|Person=3|Tense=Past|Voice=Pass",
4,כ,ADV,ADV,6.0,case,"(14, 15)",כ,,
5,-,PUNCT,PUNCT,6.0,punct,"(15, 16)",-,,
6,2,NUM,NUM,3.0,nsubj,"(17, 18)",2,,
1,5,NUM,NUM,2.0,nummod,"(0, 1)",5,,
2,מקורות,NOUN,NOUN,0.0,root,"(2, 8)",מקור,Definite=Cons|Gender=Masc|Number=Plur,
3,מימון,NOUN,NOUN,2.0,compound:smixut,"(9, 14)",מימון,Gender=Masc|Number=Sing,
4,",",PUNCT,PUNCT,2.0,punct,"(15, 16)",",",,
5,לוח,NOUN,NOUN,2.0,appos,"(17, 20)",לוח,Gender=Masc|Number=Sing,
6,3,NUM,NUM,5.0,nummod,"(21, 22)",3,,
1,29,NUM,NUM,2.0,nsubj,"(0, 2)",29,,
2,מפרט,VERB,VERB,0.0,root,"(3, 7)",פירט,"Gender=Masc|HebBinyan=PIEL|Number=Sing|Person=1,2,3|VerbForm=Part|Voice=Act",
3,את,ADP,ADP,4.0,case:acc,"(8, 10)",את,Case=Acc,
4,מקורות,NOUN,NOUN,2.0,obj,"(11, 17)",מקור,Definite=Cons|Gender=Masc|Number=Plur,
"(5, 6)",המימון,,,,,"(18, 24)",,,"[{'id': 5, 'text': 'ה', 'upos': 'DET', 'xpos': 'DET', 'feats': 'PronType=Art', 'head': 6, 'deprel': 'det:def', 'lemma': 'ה'}, {'id': 6, 'text': 'מימון', 'upos': 'NOUN', 'xpos': 'NOUN', 'feats': 'Gender=Masc|Number=Sing', 'head': 4, 'deprel': 'compound:smixut', 'lemma': 'מימון'}]"
7,(,PUNCT,PUNCT,9.0,punct,"(25, 26)",(,,
"(8, 9)",המסתכמים,,,,,"(26, 34)",,,"[{'id': 8, 'text': 'ה', 'upos': 'SCONJ', 'xpos': 'SCONJ', 'head': 9, 'deprel': 'mark', 'lemma': 'ה'}, {'id': 9, 'text': 'מסתכמים', 'upos': 'VERB', 'xpos': 'VERB', 'feats': 'Gender=Masc|HebBinyan=HITPAEL|Number=Plur|Person=1,2,3|VerbForm=Part', 'head': 4, 'deprel': 'appos', 'lemma': 'הסתכם'}]"
10,ביות ר מ,ADP,ADP,13.0,case,"(35, 43)",ביות ר מ,,
11,-,PUNCT,PUNCT,13.0,punct,"(43, 44)",-,,
12,100,NUM,NUM,13.0,nummod,"(45, 48)",100,,
13,%,NOUN,NOUN,9.0,advmod,"(48, 49)",%,"Gender=Masc|Number=Plur,Sing",
14,כיוון,SCONJ,SCONJ,18.0,case,"(50, 55)",כיוון,,
"(15, 17)",שהנשאלים,,,,,"(56, 64)",,,"[{'id': 15, 'text': 'ש', 'upos': 'SCONJ', 'xpos': 'SCONJ', 'head': 18, 'deprel': 'mark', 'lemma': 'ש'}, {'id': 16, 'text': 'ה', 'upos': 'DET', 'xpos': 'DET', 'feats': 'PronType=Art', 'head': 17, 'deprel': 'det:def', 'lemma': 'ה'}, {'id': 17, 'text': 'נשאלים', 'upos': 'VERB', 'xpos': 'VERB', 'feats': 'Gender=Masc|HebBinyan=NIFAL|Number=Plur|Person=1,2,3|VerbForm=Part|Voice=Mid', 'head': 18, 'deprel': 'nsubj', 'lemma': 'נשאל'}]"
18,יכלו,VERB,VERB,9.0,obl,"(65, 69)",יכל,"Gender=Fem,Masc|Number=Plur|Person=3|Tense=Fut",
19,לציין,VERB,VERB,18.0,xcomp,"(70, 75)",ציין,HebBinyan=PIEL|VerbForm=Inf|Voice=Act,
20,יותר,ADV,ADV,22.0,advmod,"(76, 80)",יותר,HebSource=ConvUncertainHead,
"(21, 22)",ממקור,,,,,"(81, 86)",,,"[{'id': 21, 'text': 'מ', 'upos': 'ADP', 'xpos': 'ADP', 'head': 20, 'deprel': 'fixed', 'lemma': 'מ'}, {'id': 22, 'text': 'מקור', 'upos': 'NOUN', 'xpos': 'NOUN', 'feats': 'Definite=Cons|Gender=Masc|Number=Sing', 'head': 19, 'deprel': 'obj', 'lemma': 'מקור'}]"
23,מימון,NOUN,NOUN,22.0,compound:smixut,"(87, 92)",מימון,Gender=Masc|Number=Sing,
24,אחד,NUM,NUM,23.0,nummod,"(93, 96)",אחד,Gender=Masc|Number=Sing,
25,),PUNCT,PUNCT,9.0,punct,"(97, 98)",),,
1,אופני,NOUN,NOUN,7.0,nsubj:cop,"(1, 6)",אופני,Definite=Cons|Gender=Masc|Number=Plur,
"(2, 3)",המימון,,,,,"(7, 13)",,,"[{'id': 2, 'text': 'ה', 'upos': 'DET', 'xpos': 'DET', 'feats': 'PronType=Art', 'head': 3, 'deprel': 'det:def', 'lemma': 'ה'}, {'id': 3, 'text': 'מימון', 'upos': 'NOUN', 'xpos': 'NOUN', 'feats': 'Gender=Masc|Number=Sing', 'head': 1, 'deprel': 'compound:smixut', 'lemma': 'מימון'}]"
"(4, 5)",העיקריים,,,,,"(14, 22)",,,"[{'id': 4, 'text': 'ה', 'upos': 'DET', 'xpos': 'DET', 'feats': 'PronType=Art', 'head': 5, 'deprel': 'det:def', 'lemma': 'ה'}, {'id': 5, 'text': 'עיקריים', 'upos': 'ADJ', 'xpos': 'ADJ', 'feats': 'Gender=Masc|Number=Plur', 'head': 1, 'deprel': 'amod', 'lemma': 'עיקרי'}]"
6,הם,AUX,AUX,7.0,cop,"(23, 25)",הוא,Gender=Masc|Number=Plur|Person=3|Polarity=Pos|VerbForm=Part|VerbType=Cop,
7,משכנתא,NOUN,NOUN,0.0,root,"(26, 32)",משכנתא,Gender=Fem|Number=Sing,
8,–,PUNCT,PUNCT,7.0,punct,"(33, 34)",–,,
9,משלימה,NOUN,NOUN,7.0,dep,"(35, 41)",משלימה,Gender=Fem|Number=Sing,
"(10, 11)",ומשכנתא,,,,,"(42, 49)",,,"[{'id': 10, 'text': 'ו', 'upos': 'CCONJ', 'xpos': 'CCONJ', 'head': 11, 'deprel': 'cc', 'lemma': 'ו'}, {'id': 11, 'text': 'משכנתא', 'upos': 'NOUN', 'xpos': 'NOUN', 'feats': 'Gender=Fem|Number=Sing', 'head': 7, 'deprel': 'conj', 'lemma': 'משכנתא'}]"
"(12, 14)",לזכאים,,,,,"(50, 56)",,,"[{'id': 12, 'text': 'ל', 'upos': 'ADP', 'xpos': 'ADP', 'head': 14, 'deprel': 'case', 'lemma': 'ל'}, {'id': 13, 'text': 'ה_', 'upos': 'DET', 'xpos': 'DET', 'feats': 'PronType=Art', 'head': 14, 'deprel': 'det:def', 'lemma': 'ה'}, {'id': 14, 'text': 'זכאים', 'upos': 'ADJ', 'xpos': 'ADJ', 'feats': 'Gender=Masc|Number=Plur', 'head': 11, 'deprel': 'nmod', 'lemma': 'זכאי'}]"
15,",",PUNCT,PUNCT,7.0,punct,"(56, 57)",",",,
16,כאשר,SCONJ,SCONJ,20.0,mark,"(58, 62)",כאשר,,
17,בעלי,NOUN,NOUN,20.0,nsubj,"(63, 67)",בעל,Definite=Cons|Gender=Masc|Number=Plur,
18,דירה,NOUN,NOUN,17.0,compound:smixut,"(68, 72)",דירה,Gender=Fem|Number=Sing,
19,קודמת,ADJ,ADJ,18.0,amod,"(73, 78)",קודם,Gender=Fem|Number=Sing,
20,הסתמכו,VERB,VERB,7.0,advcl,"(79, 85)",הסתמך,"Gender=Fem,Masc|HebBinyan=HITPAEL|Number=Plur|Person=3|Tense=Past",
21,בעיקר,ADV,ADV,20.0,advmod,"(86, 91)",בעיקר,,
22,על,ADP,ADP,23.0,case,"(92, 94)",על,,
23,משכנתא,NOUN,NOUN,20.0,obl,"(95, 101)",משכנתא,Gender=Fem|Number=Sing,
24,משלימה,ADJ,ADJ,23.0,amod,"(102, 108)",משלים,Gender=Fem|Number=Sing,
1,למרות,ADP,ADP,7.0,mark,"(1, 6)",למרות,,
"(2, 3)",שחלק,,,,,"(7, 11)",,,"[{'id': 2, 'text': 'ש', 'upos': 'SCONJ', 'xpos': 'SCONJ', 'head': 1, 'deprel': 'fixed', 'lemma': 'ש'}, {'id': 3, 'text': 'חלק', 'upos': 'NOUN', 'xpos': 'NOUN', 'feats': 'Gender=Masc|Number=Sing', 'head': 6, 'deprel': 'det', 'lemma': 'חלק'}]"
"(4, 6)",מהמרואיינים,,,,,"(12, 23)",,,"[{'id': 4, 'text': 'מ', 'upos': 'ADP', 'xpos': 'ADP', 'feats': 'HebSource=ConvUncertainLabel', 'head': 6, 'deprel': 'case', 'lemma': 'מ'}, {'id': 5, 'text': 'ה', 'upos': 'DET', 'xpos': 'DET', 'feats': 'PronType=Art', 'head': 6, 'deprel': 'det:def', 'lemma': 'ה'}, {'id': 6, 'text': 'מרואיינים', 'upos': 'NOUN', 'xpos': 'NOUN', 'feats': 'Gender=Masc|Number=Plur', 'head': 7, 'deprel': 'nsubj', 'lemma': 'מרואיין'}]"
7,לא פרט,VERB,VERB,19.0,advcl,"(24, 30)",אפפרט,HebBinyan=PIEL|VerbForm=Inf|Voice=Act,
8,את,ADP,ADP,9.0,case:acc,"(31, 33)",את,Case=Acc,
9,מקורות,NOUN,NOUN,7.0,obj,"(34, 40)",מקור,Definite=Cons|Gender=Masc|Number=Plur,
"(10, 11)",המימון,,,,,"(41, 47)",,,"[{'id': 10, 'text': 'ה', 'upos': 'DET', 'xpos': 'DET', 'feats': 'PronType=Art', 'head': 11, 'deprel': 'det:def', 'lemma': 'ה'}, {'id': 11, 'text': 'מימון', 'upos': 'NOUN', 'xpos': 'NOUN', 'feats': 'Gender=Masc|Number=Sing', 'head': 9, 'deprel': 'compound:smixut', 'lemma': 'מימון'}]"
"(12, 14)",והסכום,,,,,"(48, 54)",,,"[{'id': 12, 'text': 'ו', 'upos': 'CCONJ', 'xpos': 'CCONJ', 'head': 14, 'deprel': 'cc', 'lemma': 'ו'}, {'id': 13, 'text': 'ה', 'upos': 'DET', 'xpos': 'DET', 'feats': 'PronType=Art', 'head': 14, 'deprel': 'det:def', 'lemma': 'ה'}, {'id': 14, 'text': 'סכום', 'upos': 'NOUN', 'xpos': 'NOUN', 'feats': 'Gender=Masc|Number=Sing', 'head': 9, 'deprel': 'conj', 'lemma': 'סכום'}]"
"(15, 16)",לכל,,,,,"(55, 58)",,,"[{'id': 15, 'text': 'ל', 'upos': 'ADP', 'xpos': 'ADP', 'head': 17, 'deprel': 'case', 'lemma': 'ל'}, {'id': 16, 'text': 'כל', 'upos': 'DET', 'xpos': 'DET', 'feats': 'Definite=Cons', 'head': 17, 'deprel': 'det', 'lemma': 'כול'}]"
17,מקור,NOUN,NOUN,14.0,nmod,"(59, 63)",מקור,Gender=Masc|Number=Sing,
18,",",PUNCT,PUNCT,19.0,punct,"(64, 65)",",",,
19,בנינו,VERB,VERB,0.0,root,"(66, 71)",בנה,"Gender=Fem,Masc|HebBinyan=PIEL|Number=Plur|Person=3|Tense=Past|Voice=Act",
20,את,ADP,ADP,21.0,case:acc,"(72, 74)",את,Case=Acc,
21,מחיר,NOUN,NOUN,19.0,obj,"(75, 79)",מחיר,Definite=Cons|Gender=Masc|Number=Sing,
"(22, 23)",הדירה,,,,,"(80, 85)",,,"[{'id': 22, 'text': 'ה', 'upos': 'DET', 'xpos': 'DET', 'feats': 'PronType=Art', 'head': 23, 'deprel': 'det:def', 'lemma': 'ה'}, {'id': 23, 'text': 'דירה', 'upos': 'NOUN', 'xpos': 'NOUN', 'feats': 'Gender=Fem|Number=Sing', 'head': 21, 'deprel': 'compound:smixut', 'lemma': 'דירה'}]"
"(24, 25)",הכולל,,,,,"(86, 91)",,,"[{'id': 24, 'text': 'ה', 'upos': 'DET', 'xpos': 'DET', 'feats': 'PronType=Art', 'head': 25, 'deprel': 'det:def', 'lemma': 'ה'}, {'id': 25, 'text': 'כולל', 'upos': 'VERB', 'xpos': 'VERB', 'feats': 'Gender=Masc|HebBinyan=PAAL|Number=Sing|Person=1,2,3|VerbForm=Part|Voice=Act', 'head': 21, 'deprel': 'amod', 'lemma': 'כלל'}]"
"(26, 27)",כפונקציה,,,,,"(92, 100)",,,"[{'id': 26, 'text': 'כ', 'upos': 'ADP', 'xpos': 'ADP', 'head': 27, 'deprel': 'case', 'lemma': 'כ'}, {'id': 27, 'text': 'פונקציה', 'upos': 'NOUN', 'xpos': 'NOUN', 'feats': 'Gender=Fem|Number=Sing', 'head': 19, 'deprel': 'obl', 'lemma': 'פונקציה'}]"
28,של,ADP,ADP,29.0,case:gen,"(101, 103)",של,Case=Gen,
29,מקורות,NOUN,NOUN,27.0,nmod:poss,"(104, 110)",מקור,Definite=Cons|Gender=Masc|Number=Plur,
"(30, 31)",המימון,,,,,"(111, 117)",,,"[{'id': 30, 'text': 'ה', 'upos': 'DET', 'xpos': 'DET', 'feats': 'PronType=Art', 'head': 31, 'deprel': 'det:def', 'lemma': 'ה'}, {'id': 31, 'text': 'מימון', 'upos': 'NOUN', 'xpos': 'NOUN', 'feats': 'Gender=Masc|Number=Sing', 'head': 29, 'deprel': 'compound:smixut', 'lemma': 'מימון'}]"
32,",",PUNCT,PUNCT,19.0,punct,"(118, 119)",",",,
33,כאשר,SCONJ,SCONJ,34.0,mark,"(120, 124)",כאשר,,
34,הונח,VERB,VERB,19.0,advcl,"(125, 129)",הונח,Gender=Masc|HebBinyan=HUFAL|Number=Sing|Person=3|Tense=Past|Voice=Pass,
"(35, 37)",שהמרואיינים,,,,,"(130, 141)",,,"[{'id': 35, 'text': 'ש', 'upos': 'SCONJ', 'xpos': 'SCONJ', 'head': 47, 'deprel': 'mark', 'lemma': 'ש'}, {'id': 36, 'text': 'ה', 'upos': 'DET', 'xpos': 'DET', 'feats': 'PronType=Art', 'head': 37, 'deprel': 'det:def', 'lemma': 'ה'}, {'id': 37, 'text': 'מרואיינים', 'upos': 'NOUN', 'xpos': 'NOUN', 'feats': 'Gender=Masc|Number=Plur', 'head': 47, 'deprel': 'nsubj', 'lemma': 'מרואיין'}]"
"(38, 39)",שלא,,,,,"(142, 145)",,,"[{'id': 38, 'text': 'ש', 'upos': 'SCONJ', 'xpos': 'SCONJ', 'head': 40, 'deprel': 'mark', 'lemma': 'ש'}, {'id': 39, 'text': 'לא', 'upos': 'ADV', 'xpos': 'ADV', 'feats': 'Polarity=Neg', 'head': 40, 'deprel': 'advmod', 'lemma': 'לא'}]"
40,פרטו,VERB,VERB,37.0,acl:relcl,"(146, 150)",פרט,"Gender=Fem,Masc|HebBinyan=PAAL|Number=Plur|Person=3|Tense=Past|Voice=Act",
41,את,ADP,ADP,42.0,case:acc,"(151, 153)",את,Case=Acc,
42,מקור,NOUN,NOUN,40.0,obj,"(154, 158)",מקור,Definite=Cons|Gender=Masc|Number=Sing,
"(43, 44)",המימון,,,,,"(159, 165)",,,"[{'id': 43, 'text': 'ה', 'upos': 'DET', 'xpos': 'DET', 'feats': 'PronType=Art', 'head': 44, 'deprel': 'det:def', 'lemma': 'ה'}, {'id': 44, 'text': 'מימון', 'upos': 'NOUN', 'xpos': 'NOUN', 'feats': 'Gender=Masc|Number=Sing', 'head': 42, 'deprel': 'compound:smixut', 'lemma': 'מימון'}]"
"(45, 46)",הדירה,,,,,"(166, 171)",,,"[{'id': 45, 'text': 'ה', 'upos': 'DET', 'xpos': 'DET', 'feats': 'PronType=Art', 'head': 46, 'deprel': 'det:def', 'lemma': 'ה'}, {'id': 46, 'text': 'דירה', 'upos': 'NOUN', 'xpos': 'NOUN', 'feats': 'Gender=Fem|Number=Sing', 'head': 42, 'deprel': 'nmod', 'lemma': 'דירה'}]"
47,מתפלגים,VERB,VERB,34.0,ccomp,"(172, 179)",התפלג,"Gender=Masc|HebBinyan=HITPAEL|Number=Plur|Person=1,2,3|VerbForm=Part",
"(48, 49)",בצורה,,,,,"(180, 185)",,,"[{'id': 48, 'text': 'ב', 'upos': 'ADP', 'xpos': 'ADP', 'head': 49, 'deprel': 'case', 'lemma': 'ב'}, {'id': 49, 'text': 'צורה', 'upos': 'NOUN', 'xpos': 'NOUN', 'feats': 'Gender=Fem|Number=Sing', 'head': 47, 'deprel': 'obl', 'lemma': 'צורה'}]"
50,דומה,ADJ,ADJ,49.0,amod,"(186, 190)",דומה,Gender=Fem|Number=Sing,
"(51, 52)",לזו,,,,,"(191, 194)",,,"[{'id': 51, 'text': 'ל', 'upos': 'ADP', 'xpos': 'ADP', 'head': 52, 'deprel': 'case', 'lemma': 'ל'}, {'id': 52, 'text': 'זו', 'upos': 'PRON', 'xpos': 'PRON', 'feats': 'Gender=Fem|Number=Sing|Person=3|PronType=Dem', 'head': 49, 'deprel': 'nmod', 'lemma': 'זו'}]"
"(53, 54)",שפרטו,,,,,"(195, 200)",,,"[{'id': 53, 'text': 'ש', 'upos': 'SCONJ', 'xpos': 'SCONJ', 'head': 54, 'deprel': 'mark', 'lemma': 'ש'}, {'id': 54, 'text': 'פרטו', 'upos': 'VERB', 'xpos': 'VERB', 'feats': 'Gender=Fem,Masc|HebBinyan=PAAL|Number=Plur|Person=3|Tense=Past|Voice=Act', 'head': 52, 'deprel': 'acl:relcl', 'lemma': 'פרט'}]"
55,את,ADP,ADP,56.0,case:acc,"(201, 203)",את,Case=Acc,
56,מקורות,NOUN,NOUN,54.0,obj,"(204, 210)",מקור,Definite=Cons|Gender=Masc|Number=Plur,
"(57, 58)",המימון,,,,,"(211, 217)",,,"[{'id': 57, 'text': 'ה', 'upos': 'DET', 'xpos': 'DET', 'feats': 'PronType=Art', 'head': 58, 'deprel': 'det:def', 'lemma': 'ה'}, {'id': 58, 'text': 'מימון', 'upos': 'NOUN', 'xpos': 'NOUN', 'feats': 'Gender=Masc|Number=Sing', 'head': 56, 'deprel': 'compound:smixut', 'lemma': 'מימון'}]"
1,♦,PUNCT,PUNCT,0.0,root,"(1, 2)",♦,,
2,החזר,NOUN,NOUN,1.0,nsubj,"(3, 7)",החזר,Definite=Cons|Gender=Masc|Number=Sing,
3,חובות,NOUN,NOUN,2.0,compound:smixut,"(8, 13)",חוב,Gender=Masc|Number=Plur,
4,מתוך,ADP,ADP,5.0,case,"(14, 18)",מתוך,,
5,אלו,PRON,PRON,2.0,nmod,"(19, 22)",אלו,"Gender=Fem,Masc|Number=Plur|Person=3|PronType=Dem",
"(6, 7)",שלקחו,,,,,"(23, 28)",,,"[{'id': 6, 'text': 'ש', 'upos': 'SCONJ', 'xpos': 'SCONJ', 'head': 7, 'deprel': 'mark', 'lemma': 'ש'}, {'id': 7, 'text': 'לקחו', 'upos': 'VERB', 'xpos': 'VERB', 'feats': 'Gender=Fem,Masc|HebBinyan=PAAL|Number=Plur|Person=3|Tense=Past|Voice=Act', 'head': 5, 'deprel': 'acl:relcl', 'lemma': 'לקח'}]"
8,הלוואות,NOUN,NOUN,7.0,obj,"(29, 36)",הלוואה,Gender=Fem|Number=Plur,
"(9, 12)",ומשכנתאו,,,,,"(37, 45)",,,"[{'id': 9, 'text': 'ו', 'upos': 'CCONJ', 'xpos': 'CCONJ', 'head': 10, 'deprel': 'cc', 'lemma': 'ו'}, {'id': 10, 'text': 'משכנתאו', 'upos': 'VERB', 'xpos': 'VERB', 'head': 7, 'deprel': 'conj', 'lemma': 'שכנת'}, {'id': 11, 'text': 'את', 'upos': 'ADP', 'xpos': 'ADP', 'feats': 'Case=Acc', 'head': 12, 'deprel': 'case', 'lemma': 'את'}, {'id': 12, 'text': '_הוא', 'upos': 'PRON', 'xpos': 'PRON', 'feats': 'Case=Acc|Gender=Masc|Number=Sing|Person=3|PronType=Prs', 'head': 10, 'deprel': 'obj', 'lemma': 'הוא'}]"
13,ת,NOUN,NOUN,7.0,dep,"(46, 47)",ת,,
14,",",PUNCT,PUNCT,2.0,punct,"(47, 48)",",",,
"(15, 17)",מרביתם,,,,,"(49, 55)",,,"[{'id': 15, 'text': 'מרבית_', 'upos': 'NOUN', 'xpos': 'NOUN', 'feats': 'Definite=Def|Gender=Masc|Number=Sing', 'head': 18, 'deprel': 'nsubj', 'lemma': 'מרבית'}, {'id': 16, 'text': '_של_', 'upos': 'ADP', 'xpos': 'ADP', 'head': 17, 'deprel': 'case:gen', 'lemma': 'של'}, {'id': 17, 'text': '_הם', 'upos': 'PRON', 'xpos': 'PRON', 'feats': 'Case=Gen|Gender=Masc|Number=Plur|Person=3|PronType=Prs', 'head': 15, 'deprel': 'nmod:poss', 'lemma': 'הוא'}]"
18,מחזירים,VERB,VERB,2.0,dep,"(56, 63)",החזיר,"Gender=Masc|HebBinyan=HIFIL|Number=Plur|Person=1,2,3|VerbForm=Part|Voice=Act",
19,עד,ADP,ADP,21.0,case,"(64, 66)",עד,,
20,"2,000",NUM,NUM,21.0,nummod,"(67, 72)","2,000",,
21,"ש""ח",NOUN,NOUN,18.0,obj,"(73, 76)","ש""ח",Abbr=Yes|Gender=Masc|Number=Sing,
"(22, 23)",לחודש,,,,,"(77, 82)",,,"[{'id': 22, 'text': 'ל', 'upos': 'ADP', 'xpos': 'ADP', 'head': 23, 'deprel': 'case', 'lemma': 'ל'}, {'id': 23, 'text': 'חודש', 'upos': 'NOUN', 'xpos': 'NOUN', 'feats': 'Gender=Masc|Number=Sing', 'head': 21, 'deprel': 'nmod', 'lemma': 'חודש'}]"
24,(,PUNCT,PUNCT,26.0,punct,"(83, 84)",(,,
25,46,NUM,NUM,26.0,nummod,"(84, 86)",46,,
26,%,NOUN,NOUN,21.0,appos,"(86, 87)",%,"Gender=Masc|Number=Plur,Sing",
27,),PUNCT,PUNCT,26.0,punct,"(87, 88)",),,
28,",",PUNCT,PUNCT,18.0,punct,"(89, 90)",",",,
29,עוד,ADV,ADV,31.0,det,"(91, 94)",עוד,,
30,42,NUM,NUM,31.0,nummod,"(95, 97)",42,,
31,%,NOUN,NOUN,32.0,nsubj,"(97, 98)",%,"Gender=Masc|Number=Plur,Sing",
32,מחזירים,VERB,VERB,18.0,conj,"(99, 106)",החזיר,"Gender=Masc|HebBinyan=HIFIL|Number=Plur|Person=1,2,3|VerbForm=Part|Voice=Act",
33,בין,ADP,ADP,37.0,case,"(107, 110)",בין,,
34,"2,000",NUM,NUM,37.0,nummod,"(111, 116)","2,000",,
35,-,PUNCT,PUNCT,34.0,punct,"(116, 117)",-,,
36,"3,000",NUM,NUM,34.0,nummod,"(117, 122)","3,000",,
37,"ש""ח",NOUN,NOUN,32.0,obl,"(123, 126)","ש""ח",Abbr=Yes|Gender=Masc|Number=Sing,
"(38, 39)",ורק,,,,,"(127, 130)",,,"[{'id': 38, 'text': 'ו', 'upos': 'CCONJ', 'xpos': 'CCONJ', 'head': 42, 'deprel': 'cc', 'lemma': 'ו'}, {'id': 39, 'text': 'רק', 'upos': 'ADV', 'xpos': 'ADV', 'head': 41, 'deprel': 'det', 'lemma': 'רק'}]"
40,12,NUM,NUM,41.0,nummod,"(131, 133)",12,,
41,%,NOUN,NOUN,42.0,nsubj,"(133, 134)",%,"Gender=Masc|Number=Plur,Sing",
42,מחזירים,VERB,VERB,32.0,conj,"(135, 142)",החזיר,"Gender=Masc|HebBinyan=HIFIL|Number=Plur|Person=1,2,3|VerbForm=Part|Voice=Act",
43,מעל,ADP,ADP,47.0,case,"(143, 146)",מעל,,
44,ל,ADP,ADP,43.0,fixed,"(147, 148)",ל,,
45,-,PUNCT,PUNCT,47.0,punct,"(148, 149)",-,,
46,"3,000",NUM,NUM,47.0,nummod,"(150, 155)","3,000",,
47,"ש""ח",NOUN,NOUN,42.0,obl,"(156, 159)","ש""ח",Abbr=Yes|Gender=Masc|Number=Sing,
1,בקרב,ADP,ADP,2.0,case,"(1, 5)",בקרב,,
"(2, 4)",קוני,,,,,"(6, 10)",,,"[{'id': 2, 'text': 'קון_', 'upos': 'NOUN', 'xpos': 'NOUN', 'feats': 'Definite=Def|Gender=Masc|Number=Sing', 'head': 10, 'deprel': 'obl', 'lemma': 'קון'}, {'id': 3, 'text': '_של_', 'upos': 'ADP', 'xpos': 'ADP', 'head': 4, 'deprel': 'case:gen', 'lemma': 'של'}, {'id': 4, 'text': '_אני', 'upos': 'PRON', 'xpos': 'PRON', 'feats': 'Case=Gen|Gender=Fem,Masc|Number=Sing|Person=1|PronType=Prs', 'head': 2, 'deprel': 'nmod:poss', 'lemma': 'הוא'}]"
5,דירה,NOUN,NOUN,2.0,dep,"(11, 15)",דירה,Gender=Fem|Number=Sing,
6,יד,NOUN,NOUN,5.0,compound:smixut,"(16, 18)",יד,Gender=Fem|Number=Sing,
7,שניה,NUM,NUM,6.0,amod,"(19, 23)",שניה,Gender=Fem|Number=Sing,
8,76,NUM,NUM,9.0,nummod,"(24, 26)",76,,
9,%,NOUN,NOUN,10.0,nsubj,"(26, 27)",%,"Gender=Masc|Number=Plur,Sing",
10,מחזירים,VERB,VERB,0.0,root,"(28, 35)",החזיר,"Gender=Masc|HebBinyan=HIFIL|Number=Plur|Person=1,2,3|VerbForm=Part|Voice=Act",
11,עד,ADP,ADP,13.0,case,"(36, 38)",עד,,
12,"2,000",NUM,NUM,13.0,nummod,"(39, 44)","2,000",,
13,"ש""ח",NOUN,NOUN,10.0,obl,"(45, 48)","ש""ח",Abbr=Yes|Gender=Masc|Number=Sing,
"(1, 2)",ובקרב,,,,,"(1, 6)",,,"[{'id': 1, 'text': 'ו', 'upos': 'CCONJ', 'xpos': 'CCONJ', 'head': 11, 'deprel': 'cc', 'lemma': 'ו'}, {'id': 2, 'text': 'בקרב', 'upos': 'ADP', 'xpos': 'ADP', 'head': 3, 'deprel': 'case', 'lemma': 'בקרב'}]"
3,קוני,NOUN,NOUN,11.0,obl,"(7, 11)",קונה,Definite=Cons|Gender=Masc|Number=Plur,
4,דירות,NOUN,NOUN,3.0,compound:smixut,"(12, 17)",דירה,Gender=Fem|Number=Plur,
5,חדשות,ADJ,ADJ,4.0,amod,"(18, 23)",חדש,Gender=Fem|Number=Plur,
"(6, 7)",ביוזמה,,,,,"(24, 30)",,,"[{'id': 6, 'text': 'ב', 'upos': 'ADP', 'xpos': 'ADP', 'head': 7, 'deprel': 'case', 'lemma': 'ב'}, {'id': 7, 'text': 'יוזמה', 'upos': 'NOUN', 'xpos': 'NOUN', 'feats': 'Gender=Fem|Number=Sing', 'head': 4, 'deprel': 'nmod', 'lemma': 'יוזמה'}]"
8,ציבורית,ADJ,ADJ,7.0,amod,"(31, 38)",ציבורי,Gender=Fem|Number=Sing,
9,45,NUM,NUM,10.0,nummod,"(39, 41)",45,,
10,%,NOUN,NOUN,11.0,nsubj,"(41, 42)",%,"Gender=Masc|Number=Plur,Sing",
11,מחזירים,VERB,VERB,0.0,root,"(43, 50)",החזיר,"Gender=Masc|HebBinyan=HIFIL|Number=Plur|Person=1,2,3|VerbForm=Part|Voice=Act",
12,בין,ADP,ADP,17.0,case,"(51, 54)",בין,,
13,"2,000",NUM,NUM,17.0,nummod,"(55, 60)","2,000",,
14,ל,ADP,ADP,16.0,case,"(61, 62)",ל,,
15,-,PUNCT,PUNCT,13.0,punct,"(62, 63)",-,,
16,"3,000",NUM,NUM,13.0,nummod,"(64, 69)","3,000",,
17,"ש""ח",NOUN,NOUN,11.0,obl,"(70, 73)","ש""ח",Abbr=Yes|Gender=Masc|Number=Sing,
1,(,PUNCT,PUNCT,12.0,punct,"(1, 2)",(,,
2,לאור,ADP,ADP,3.0,case,"(2, 6)",לאור,,
3,גודל,NOUN,NOUN,12.0,obl,"(7, 11)",גודל,Definite=Cons|Gender=Masc|Number=Sing,
"(4, 5)",המדגם,,,,,"(12, 17)",,,"[{'id': 4, 'text': 'ה', 'upos': 'DET', 'xpos': 'DET', 'feats': 'PronType=Art', 'head': 5, 'deprel': 'det:def', 'lemma': 'ה'}, {'id': 5, 'text': 'מדגם', 'upos': 'NOUN', 'xpos': 'NOUN', 'feats': 'Gender=Masc|Number=Sing', 'head': 3, 'deprel': 'compound:smixut', 'lemma': 'מדגם'}]"
"(6, 7)",הקטן,,,,,"(18, 22)",,,"[{'id': 6, 'text': 'ה', 'upos': 'DET', 'xpos': 'DET', 'feats': 'PronType=Art', 'head': 7, 'deprel': 'det:def', 'lemma': 'ה'}, {'id': 7, 'text': 'קטן', 'upos': 'ADJ', 'xpos': 'ADJ', 'feats': 'Gender=Masc|Number=Sing', 'head': 3, 'deprel': 'amod', 'lemma': 'קטן'}]"
8,",",PUNCT,PUNCT,12.0,punct,"(22, 23)",",",,
"(9, 10)",הנתונים,,,,,"(24, 31)",,,"[{'id': 9, 'text': 'ה', 'upos': 'DET', 'xpos': 'DET', 'feats': 'PronType=Art', 'head': 10, 'deprel': 'det:def', 'lemma': 'ה'}, {'id': 10, 'text': 'נתונים', 'upos': 'NOUN', 'xpos': 'NOUN', 'feats': 'Gender=Masc|Number=Plur', 'head': 12, 'deprel': 'nsubj', 'lemma': 'נתון'}]"
11,אינם,AUX,AUX,12.0,advmod,"(32, 36)",אינו,Gender=Masc|Number=Plur|Person=3|Polarity=Neg|VerbForm=Part|VerbType=Cop,
12,מובהקים,ADJ,ADJ,0.0,root,"(37, 44)",מובהק,Gender=Masc|Number=Plur,
13,),PUNCT,PUNCT,12.0,punct,"(45, 46)",),,
1,אומדן,NOUN,NOUN,13.0,nsubj:cop,"(1, 6)",אומדן,Definite=Cons|Gender=Masc|Number=Sing,
2,שיעור,NOUN,NOUN,1.0,compound:smixut,"(7, 12)",שיעור,Definite=Cons|Gender=Masc|Number=Sing,
3,החזר,NOUN,NOUN,2.0,compound:smixut,"(13, 17)",החזר,Definite=Cons|Gender=Masc|Number=Sing,
"(4, 5)",ההלוואה,,,,,"(18, 25)",,,"[{'id': 4, 'text': 'ה', 'upos': 'DET', 'xpos': 'DET', 'feats': 'PronType=Art', 'head': 5, 'deprel': 'det:def', 'lemma': 'ה'}, {'id': 5, 'text': 'הלוואה', 'upos': 'NOUN', 'xpos': 'NOUN', 'feats': 'Gender=Fem|Number=Sing', 'head': 3, 'deprel': 'compound:smixut', 'lemma': 'הלוואה'}]"
"(6, 7)",מסך,,,,,"(26, 29)",,,"[{'id': 6, 'text': 'מ', 'upos': 'ADP', 'xpos': 'ADP', 'head': 7, 'deprel': 'case', 'lemma': 'מ'}, {'id': 7, 'text': 'סך', 'upos': 'NOUN', 'xpos': 'NOUN', 'feats': 'Definite=Cons|Gender=Masc|Number=Sing', 'head': 3, 'deprel': 'nmod', 'lemma': 'סך'}]"
"(8, 9)",ההכנסה,,,,,"(30, 36)",,,"[{'id': 8, 'text': 'ה', 'upos': 'DET', 'xpos': 'DET', 'feats': 'PronType=Art', 'head': 9, 'deprel': 'det:def', 'lemma': 'ה'}, {'id': 9, 'text': 'הכנסה', 'upos': 'NOUN', 'xpos': 'NOUN', 'feats': 'Gender=Fem|Number=Sing', 'head': 7, 'deprel': 'compound:smixut', 'lemma': 'הכנסה'}]"
10,הוא,AUX,AUX,13.0,cop,"(37, 40)",הוא,Gender=Masc|Number=Sing|Person=3|Polarity=Pos|VerbForm=Part|VerbType=Cop,
11,בין,ADP,ADP,13.0,case,"(41, 44)",בין,,
12,20,NUM,NUM,13.0,nummod,"(45, 47)",20,,
13,%,NOUN,NOUN,0.0,root,"(47, 48)",%,"Gender=Masc|Number=Plur,Sing",
14,ל,ADP,ADP,17.0,case,"(49, 50)",ל,,
15,-,PUNCT,PUNCT,17.0,punct,"(50, 51)",-,,
16,35,NUM,NUM,17.0,nummod,"(52, 54)",35,,
17,%,NOUN,NOUN,13.0,conj,"(54, 55)",%,"Gender=Masc|Number=Plur,Sing",
1,3,NUM,NUM,0.0,root,"(1, 2)",3,,
1,4,NUM,NUM,0.0,root,"(0, 1)",4,,
2,מאפייני,NOUN,NOUN,1.0,nsubj,"(2, 9)",מאפיין,Definite=Cons|Gender=Masc|Number=Plur,
3,קבלת,NOUN,NOUN,2.0,compound:smixut,"(10, 14)",קבלה,Definite=Cons|Gender=Fem|Number=Sing,
"(4, 5)",ההחלטה,,,,,"(15, 21)",,,"[{'id': 4, 'text': 'ה', 'upos': 'DET', 'xpos': 'DET', 'feats': 'PronType=Art', 'head': 5, 'deprel': 'det:def', 'lemma': 'ה'}, {'id': 5, 'text': 'החלטה', 'upos': 'NOUN', 'xpos': 'NOUN', 'feats': 'Gender=Fem|Number=Sing', 'head': 3, 'deprel': 'compound:smixut', 'lemma': 'החלטה'}]"
6,על,ADP,ADP,7.0,case,"(22, 24)",על,,
7,קנית,NOUN,NOUN,5.0,nmod,"(25, 29)",קנית,Definite=Cons|Gender=Fem|Number=Sing,
"(8, 9)",הדירה,,,,,"(30, 35)",,,"[{'id': 8, 'text': 'ה', 'upos': 'DET', 'xpos': 'DET', 'feats': 'PronType=Art', 'head': 9, 'deprel': 'det:def', 'lemma': 'ה'}, {'id': 9, 'text': 'דירה', 'upos': 'NOUN', 'xpos': 'NOUN', 'feats': 'Gender=Fem|Number=Sing', 'head': 7, 'deprel': 'compound:smixut', 'lemma': 'דירה'}]"
10,♦,PUNCT,PUNCT,2.0,dep,"(36, 37)",♦,,
11,סיבות,NOUN,NOUN,2.0,dep,"(38, 43)",סיבה,Gender=Fem|Number=Plur,
"(12, 13)",לקנית,,,,,"(44, 49)",,,"[{'id': 12, 'text': 'ל', 'upos': 'ADP', 'xpos': 'ADP', 'head': 13, 'deprel': 'case', 'lemma': 'ל'}, {'id': 13, 'text': 'קנית', 'upos': 'NOUN', 'xpos': 'NOUN', 'feats': 'Definite=Cons|Gender=Fem|Number=Sing', 'head': 11, 'deprel': 'nmod', 'lemma': 'קנית'}]"
"(14, 15)",הדירה,,,,,"(50, 55)",,,"[{'id': 14, 'text': 'ה', 'upos': 'DET', 'xpos': 'DET', 'feats': 'PronType=Art', 'head': 15, 'deprel': 'det:def', 'lemma': 'ה'}, {'id': 15, 'text': 'דירה', 'upos': 'NOUN', 'xpos': 'NOUN', 'feats': 'Gender=Fem|Number=Sing', 'head': 13, 'deprel': 'compound:smixut', 'lemma': 'דירה'}]"
"(16, 17)",הסיבות,,,,,"(56, 62)",,,"[{'id': 16, 'text': 'ה', 'upos': 'DET', 'xpos': 'DET', 'feats': 'PronType=Art', 'head': 17, 'deprel': 'det:def', 'lemma': 'ה'}, {'id': 17, 'text': 'סיבות', 'upos': 'NOUN', 'xpos': 'NOUN', 'feats': 'Gender=Fem|Number=Plur', 'head': 29, 'deprel': 'nsubj', 'lemma': 'סיבה'}]"
"(18, 19)",העיקריות,,,,,"(63, 71)",,,"[{'id': 18, 'text': 'ה', 'upos': 'DET', 'xpos': 'DET', 'feats': 'PronType=Art', 'head': 19, 'deprel': 'det:def', 'lemma': 'ה'}, {'id': 19, 'text': 'עיקריות', 'upos': 'ADJ', 'xpos': 'ADJ', 'feats': 'Gender=Fem|Number=Plur', 'head': 17, 'deprel': 'amod', 'lemma': 'עיקרי'}]"
"(20, 21)",שצוינו,,,,,"(72, 78)",,,"[{'id': 20, 'text': 'ש', 'upos': 'SCONJ', 'xpos': 'SCONJ', 'head': 21, 'deprel': 'mark', 'lemma': 'ש'}, {'id': 21, 'text': 'צוינו', 'upos': 'VERB', 'xpos': 'VERB', 'feats': 'Gender=Fem,Masc|HebBinyan=PUAL|Number=Plur|Person=3|Tense=Past|Voice=Pass', 'head': 17, 'deprel': 'acl:relcl', 'lemma': 'צוין'}]"
"(22, 23)",בקשר,,,,,"(79, 83)",,,"[{'id': 22, 'text': 'ב', 'upos': 'ADP', 'xpos': 'ADP', 'head': 25, 'deprel': 'case', 'lemma': 'ב'}, {'id': 23, 'text': 'קשר', 'upos': 'NOUN', 'xpos': 'NOUN', 'feats': 'Gender=Masc|Number=Sing', 'head': 22, 'deprel': 'fixed', 'lemma': 'קשר'}]"
"(24, 25)",לקניית,,,,,"(84, 90)",,,"[{'id': 24, 'text': 'ל', 'upos': 'ADP', 'xpos': 'ADP', 'head': 22, 'deprel': 'fixed', 'lemma': 'ל'}, {'id': 25, 'text': 'קניית', 'upos': 'NOUN', 'xpos': 'NOUN', 'feats': 'Definite=Cons|Gender=Fem|Number=Sing', 'head': 21, 'deprel': 'obl', 'lemma': 'קנייה'}]"
"(26, 27)",הד ירה,,,,,"(91, 97)",,,"[{'id': 26, 'text': 'ה', 'upos': 'DET', 'xpos': 'DET', 'feats': 'PronType=Art', 'head': 27, 'deprel': 'det:def', 'lemma': 'ה'}, {'id': 27, 'text': 'דטירה', 'upos': 'NOUN', 'xpos': 'NOUN', 'feats': 'Gender=Fem|Number=Sing', 'head': 25, 'deprel': 'compound:smixut', 'lemma': 'דטירה'}]"
28,היו,AUX,AUX,29.0,cop,"(98, 101)",היה,"Gender=Fem,Masc|Number=Plur|Person=3|Polarity=Pos|Tense=Past|VerbType=Cop",
29,רצון,NOUN,NOUN,1.0,dep,"(102, 106)",רצון,Gender=Masc|Number=Sing,
"(30, 32)",לדירה,,,,,"(107, 112)",,,"[{'id': 30, 'text': 'ל', 'upos': 'ADP', 'xpos': 'ADP', 'head': 32, 'deprel': 'case', 'lemma': 'ל'}, {'id': 31, 'text': 'ה_', 'upos': 'DET', 'xpos': 'DET', 'feats': 'PronType=Art', 'head': 32, 'deprel': 'det:def', 'lemma': 'ה'}, {'id': 32, 'text': 'דירה', 'upos': 'NOUN', 'xpos': 'NOUN', 'feats': 'Gender=Fem|Number=Sing', 'head': 29, 'deprel': 'nmod', 'lemma': 'דירה'}]"
"(33, 36)",בבעלותם,,,,,"(113, 120)",,,"[{'id': 33, 'text': 'ב', 'upos': 'ADP', 'xpos': 'ADP', 'head': 34, 'deprel': 'case', 'lemma': 'ב'}, {'id': 34, 'text': 'בעלות_', 'upos': 'NOUN', 'xpos': 'NOUN', 'feats': 'Definite=Def|Gender=Fem|Number=Sing', 'head': 29, 'deprel': 'nmod', 'lemma': 'בעלות'}, {'id': 35, 'text': '_של_', 'upos': 'ADP', 'xpos': 'ADP', 'head': 36, 'deprel': 'case:gen', 'lemma': 'של'}, {'id': 36, 'text': '_הם', 'upos': 'PRON', 'xpos': 'PRON', 'feats': 'Case=Gen|Gender=Masc|Number=Plur|Person=3|PronType=Prs', 'head': 34, 'deprel': 'nmod:poss', 'lemma': 'הוא'}]"
37,הגדלת,NOUN,NOUN,29.0,acl,"(121, 126)",הגדלה,Definite=Cons|Gender=Fem|Number=Sing,
"(38, 39)",הדירה,,,,,"(127, 132)",,,"[{'id': 38, 'text': 'ה', 'upos': 'DET', 'xpos': 'DET', 'feats': 'PronType=Art', 'head': 39, 'deprel': 'det:def', 'lemma': 'ה'}, {'id': 39, 'text': 'דירה', 'upos': 'NOUN', 'xpos': 'NOUN', 'feats': 'Gender=Fem|Number=Sing', 'head': 37, 'deprel': 'compound:smixut', 'lemma': 'דירה'}]"
"(40, 41)",ושיפור,,,,,"(133, 139)",,,"[{'id': 40, 'text': 'ו', 'upos': 'CCONJ', 'xpos': 'CCONJ', 'head': 41, 'deprel': 'cc', 'lemma': 'ו'}, {'id': 41, 'text': 'שיפור', 'upos': 'NOUN', 'xpos': 'NOUN', 'feats': 'Definite=Cons|Gender=Masc|Number=Sing', 'head': 37, 'deprel': 'conj', 'lemma': 'שיפור'}]"
"(42, 43)",המיקום,,,,,"(140, 146)",,,"[{'id': 42, 'text': 'ה', 'upos': 'DET', 'xpos': 'DET', 'feats': 'PronType=Art', 'head': 43, 'deprel': 'det:def', 'lemma': 'ה'}, {'id': 43, 'text': 'מיקום', 'upos': 'NOUN', 'xpos': 'NOUN', 'feats': 'Gender=Masc|Number=Sing', 'head': 41, 'deprel': 'compound:smixut', 'lemma': 'מיקום'}]"
1,להלן,ADV,ADV,0.0,root,"(1, 5)",להלן,,
2,פרוט,NOUN,NOUN,1.0,dep,"(6, 10)",פרוט,Definite=Cons|Gender=Masc|Number=Sing,
"(3, 4)",הסיבות,,,,,"(11, 17)",,,"[{'id': 3, 'text': 'ה', 'upos': 'DET', 'xpos': 'DET', 'feats': 'PronType=Art', 'head': 4, 'deprel': 'det:def', 'lemma': 'ה'}, {'id': 4, 'text': 'סיבות', 'upos': 'NOUN', 'xpos': 'NOUN', 'feats': 'Gender=Fem|Number=Plur', 'head': 2, 'deprel': 'compound:smixut', 'lemma': 'סיבה'}]"
"(5, 6)",לקניית,,,,,"(18, 24)",,,"[{'id': 5, 'text': 'ל', 'upos': 'ADP', 'xpos': 'ADP', 'head': 6, 'deprel': 'case', 'lemma': 'ל'}, {'id': 6, 'text': 'קניית', 'upos': 'NOUN', 'xpos': 'NOUN', 'feats': 'Definite=Cons|Gender=Fem|Number=Sing', 'head': 4, 'deprel': 'nmod', 'lemma': 'קנייה'}]"
7,דירה,NOUN,NOUN,6.0,compound:smixut,"(25, 29)",דירה,Gender=Fem|Number=Sing,
8,",",PUNCT,PUNCT,2.0,punct,"(29, 30)",",",,
9,לפי,ADP,ADP,10.0,case,"(31, 34)",לפי,,
10,בעלות,NOUN,NOUN,2.0,nmod,"(35, 40)",בעלות,Gender=Fem|Number=Sing,
11,על,ADP,ADP,13.0,case,"(41, 43)",על,,
"(12, 13)",הדירה,,,,,"(44, 49)",,,"[{'id': 12, 'text': 'ה', 'upos': 'DET', 'xpos': 'DET', 'feats': 'PronType=Art', 'head': 13, 'deprel': 'det:def', 'lemma': 'ה'}, {'id': 13, 'text': 'דירה', 'upos': 'NOUN', 'xpos': 'NOUN', 'feats': 'Gender=Fem|Number=Sing', 'head': 10, 'deprel': 'nmod', 'lemma': 'דירה'}]"
"(14, 15)",הקודמת,,,,,"(50, 56)",,,"[{'id': 14, 'text': 'ה', 'upos': 'DET', 'xpos': 'DET', 'feats': 'PronType=Art', 'head': 15, 'deprel': 'det:def', 'lemma': 'ה'}, {'id': 15, 'text': 'קודמת', 'upos': 'ADJ', 'xpos': 'ADJ', 'feats': 'Gender=Fem|Number=Sing', 'head': 13, 'deprel': 'amod', 'lemma': 'קודם'}]"
16,:,PUNCT,PUNCT,1.0,dep,"(56, 57)",:,,
17,בקרב,ADP,ADP,18.0,case,"(58, 62)",בקרב,,
18,משפרי,NOUN,NOUN,1.0,dep,"(63, 68)",משפר,Definite=Cons|Gender=Masc|Number=Plur,
19,דיור,NOUN,NOUN,18.0,compound:smixut,"(69, 73)",דיור,Gender=Masc|Number=Sing,
20,:,PUNCT,PUNCT,18.0,dep,"(73, 74)",:,HebSource=ConvUncertainHead,
21,-,PUNCT,PUNCT,18.0,dep,"(75, 76)",-,,
22,45,NUM,NUM,23.0,nummod,"(77, 79)",45,,
23,%,NOUN,NOUN,18.0,dep,"(79, 80)",%,"Gender=Masc|Number=Plur,Sing",
24,-,PUNCT,PUNCT,18.0,punct,"(81, 82)",-,HebSource=ConvUncertainHead,
25,"""",PUNCT,PUNCT,26.0,punct,"(83, 84)","""",,
26,רצינו,VERB,VERB,18.0,dep,"(84, 89)",רצה,"Gender=Fem,Masc|HebBinyan=PAAL|Number=Plur|Person=1|Tense=Past|Voice=Act",
27,להחליף,VERB,VERB,26.0,xcomp,"(90, 96)",החליף,HebBinyan=HIFIL|VerbForm=Inf|Voice=Act,
28,את,ADP,ADP,30.0,case:acc,"(97, 99)",את,Case=Acc,
"(29, 30)",הדירה,,,,,"(100, 105)",,,"[{'id': 29, 'text': 'ה', 'upos': 'DET', 'xpos': 'DET', 'feats': 'PronType=Art', 'head': 30, 'deprel': 'det:def', 'lemma': 'ה'}, {'id': 30, 'text': 'דירה', 'upos': 'NOUN', 'xpos': 'NOUN', 'feats': 'Gender=Fem|Number=Sing', 'head': 27, 'deprel': 'obj', 'lemma': 'דירה'}]"
"(31, 32)",בגדולה,,,,,"(106, 112)",,,"[{'id': 31, 'text': 'ב', 'upos': 'ADP', 'xpos': 'ADP', 'head': 32, 'deprel': 'case', 'lemma': 'ב'}, {'id': 32, 'text': 'גדולה', 'upos': 'ADJ', 'xpos': 'ADJ', 'feats': 'Gender=Fem|Number=Sing', 'head': 27, 'deprel': 'obl', 'lemma': 'גדול'}]"
33,יותר,ADV,ADV,32.0,advmod,"(113, 117)",יותר,,
34,"""",PUNCT,PUNCT,26.0,punct,"(117, 118)","""",,
35,-,PUNCT,PUNCT,18.0,dep,"(119, 120)",-,HebSource=ConvUncertainHead,
36,29,NUM,NUM,37.0,nummod,"(121, 123)",29,,
37,%,NOUN,NOUN,18.0,dep,"(123, 124)",%,"Gender=Masc|Number=Plur,Sing",
38,-,PUNCT,PUNCT,18.0,dep,"(125, 126)",-,HebSource=ConvUncertainHead,
39,"""",PUNCT,PUNCT,40.0,punct,"(127, 128)","""",,
40,רצינו,VERB,VERB,26.0,conj,"(128, 133)",רצה,"Gender=Fem,Masc|HebBinyan=PAAL|Number=Plur|Person=1|Tense=Past|Voice=Act",
41,להחליף,VERB,VERB,40.0,xcomp,"(134, 140)",החליף,HebBinyan=HIFIL|VerbForm=Inf|Voice=Act,
"(42, 44)",לדירה,,,,,"(141, 146)",,,"[{'id': 42, 'text': 'ל', 'upos': 'ADP', 'xpos': 'ADP', 'head': 44, 'deprel': 'case', 'lemma': 'ל'}, {'id': 43, 'text': 'ה_', 'upos': 'DET', 'xpos': 'DET', 'feats': 'PronType=Art', 'head': 44, 'deprel': 'det:def', 'lemma': 'ה'}, {'id': 44, 'text': 'דירה', 'upos': 'NOUN', 'xpos': 'NOUN', 'feats': 'Gender=Fem|Number=Sing', 'head': 41, 'deprel': 'obl', 'lemma': 'דירה'}]"
"(45, 46)",הנמצאת,,,,,"(147, 153)",,,"[{'id': 45, 'text': 'ה', 'upos': 'SCONJ', 'xpos': 'SCONJ', 'head': 46, 'deprel': 'mark', 'lemma': 'ה'}, {'id': 46, 'text': 'נמצאת', 'upos': 'VERB', 'xpos': 'VERB', 'feats': 'Gender=Fem|HebBinyan=NIFAL|Number=Sing|Person=1,2,3|VerbForm=Part|Voice=Mid', 'head': 44, 'deprel': 'acl:relcl', 'lemma': 'נמצא'}]"
"(47, 49)",במקום,,,,,"(154, 159)",,,"[{'id': 47, 'text': 'ב', 'upos': 'ADP', 'xpos': 'ADP', 'head': 49, 'deprel': 'case', 'lemma': 'ב'}, {'id': 48, 'text': 'ה_', 'upos': 'DET', 'xpos': 'DET', 'feats': 'PronType=Art', 'head': 49, 'deprel': 'det:def', 'lemma': 'ה'}, {'id': 49, 'text': 'מקום', 'upos': 'NOUN', 'xpos': 'NOUN', 'feats': 'Gender=Masc|Number=Sing', 'head': 46, 'deprel': 'obl', 'lemma': 'מקום'}]"
50,טוב,ADJ,ADJ,46.0,xcomp,"(160, 163)",טוב,Gender=Masc|Number=Sing,
51,יותר,ADV,ADV,50.0,advmod,"(164, 168)",יותר,,
52,"""",PUNCT,PUNCT,26.0,punct,"(168, 169)","""",,
53,בקרב,ADP,ADP,54.0,case,"(170, 174)",בקרב,,
54,קוני,NOUN,NOUN,1.0,dep,"(175, 179)",קונה,Definite=Cons|Gender=Masc|Number=Plur,
55,דירה,NOUN,NOUN,54.0,compound:smixut,"(180, 184)",דירה,Gender=Fem|Number=Sing,
56,לראשונה,ADV,ADV,54.0,advmod,"(185, 192)",לראשונה,HebSource=ConvUncertainHead,
57,-,PUNCT,PUNCT,59.0,punct,"(193, 194)",-,,
58,45,NUM,NUM,59.0,nummod,"(195, 197)",45,,
59,%,NOUN,NOUN,54.0,dep,"(197, 198)",%,"Gender=Masc|Number=Plur,Sing",
60,-,PUNCT,PUNCT,62.0,punct,"(199, 200)",-,HebSource=ConvUncertainHead,
61,"""",PUNCT,PUNCT,62.0,punct,"(201, 202)","""",,
62,גרנו,VERB,VERB,18.0,dep,"(202, 206)",גרן,"Gender=Fem,Masc|HebBinyan=PAAL|Number=Plur|Person=1|Tense=Past|Voice=Act",
"(63, 64)",בשכירות,,,,,"(207, 214)",,,"[{'id': 63, 'text': 'ב', 'upos': 'ADP', 'xpos': 'ADP', 'head': 64, 'deprel': 'case', 'lemma': 'ב'}, {'id': 64, 'text': 'שכירות', 'upos': 'NOUN', 'xpos': 'NOUN', 'feats': 'Gender=Fem|Number=Sing', 'head': 62, 'deprel': 'obl', 'lemma': 'שכירות'}]"
"(65, 66)",ורצינו,,,,,"(215, 221)",,,"[{'id': 65, 'text': 'ו', 'upos': 'CCONJ', 'xpos': 'CCONJ', 'head': 66, 'deprel': 'cc', 'lemma': 'ו'}, {'id': 66, 'text': 'רצינו', 'upos': 'VERB', 'xpos': 'VERB', 'feats': 'Gender=Fem,Masc|HebBinyan=PAAL|Number=Plur|Person=1|Tense=Past|Voice=Act', 'head': 62, 'deprel': 'conj', 'lemma': 'רצה'}]"
67,דירה,NOUN,NOUN,66.0,obj,"(222, 226)",דירה,Gender=Fem|Number=Sing,
"(68, 70)",משלנו,,,,,"(227, 232)",,,"[{'id': 68, 'text': 'מ', 'upos': 'ADP', 'xpos': 'ADP', 'head': 70, 'deprel': 'case', 'lemma': 'מ'}, {'id': 69, 'text': 'שלנו', 'upos': 'ADP', 'xpos': 'ADP', 'feats': 'Case=Gen', 'head': 70, 'deprel': 'case:gen', 'lemma': 'שלנו'}, {'id': 70, 'text': '_אנחנו', 'upos': 'PRON', 'xpos': 'PRON', 'feats': 'Gender=Fem,Masc|Number=Plur|Person=1|PronType=Prs', 'head': 46, 'deprel': 'obl', 'lemma': 'הוא'}]"
71,"""",PUNCT,PUNCT,62.0,punct,"(232, 233)","""",,
72,-,PUNCT,PUNCT,54.0,punct,"(234, 235)",-,,
73,18,NUM,NUM,74.0,nummod,"(236, 238)",18,,
74,%,NOUN,NOUN,18.0,dep,"(238, 239)",%,"Gender=Masc|Number=Plur,Sing",
75,"""",PUNCT,PUNCT,76.0,punct,"(240, 241)","""",,
76,רצינו,VERB,VERB,40.0,conj,"(241, 246)",רצה,"Gender=Fem,Masc|HebBinyan=PAAL|Number=Plur|Person=1|Tense=Past|Voice=Act",
77,להחליף,VERB,VERB,76.0,xcomp,"(247, 253)",החליף,HebBinyan=HIFIL|VerbForm=Inf|Voice=Act,
78,את,ADP,ADP,80.0,case:acc,"(254, 256)",את,Case=Acc,
"(79, 80)",הדירה,,,,,"(257, 262)",,,"[{'id': 79, 'text': 'ה', 'upos': 'DET', 'xpos': 'DET', 'feats': 'PronType=Art', 'head': 80, 'deprel': 'det:def', 'lemma': 'ה'}, {'id': 80, 'text': 'דירה', 'upos': 'NOUN', 'xpos': 'NOUN', 'feats': 'Gender=Fem|Number=Sing', 'head': 77, 'deprel': 'obj', 'lemma': 'דירה'}]"
"(81, 82)",בגדולה,,,,,"(263, 269)",,,"[{'id': 81, 'text': 'ב', 'upos': 'ADP', 'xpos': 'ADP', 'head': 82, 'deprel': 'case', 'lemma': 'ב'}, {'id': 82, 'text': 'גדולה', 'upos': 'ADJ', 'xpos': 'ADJ', 'feats': 'Gender=Fem|Number=Sing', 'head': 77, 'deprel': 'obl', 'lemma': 'גדול'}]"
83,יותר,ADV,ADV,82.0,advmod,"(270, 274)",יותר,,
84,"""",PUNCT,PUNCT,76.0,punct,"(274, 275)","""",,
85,♦,PUNCT,PUNCT,96.0,dep,"(276, 277)",♦,,
86,מקומות,NOUN,NOUN,96.0,dep,"(278, 284)",מקום,Gender=Masc|Number=Plur,
87,אחרים,ADJ,ADJ,86.0,amod,"(285, 290)",אחר,Gender=Masc|Number=Plur,
"(88, 89)",ששקלו,,,,,"(291, 296)",,,"[{'id': 88, 'text': 'ש', 'upos': 'SCONJ', 'xpos': 'SCONJ', 'head': 89, 'deprel': 'mark', 'lemma': 'ש'}, {'id': 89, 'text': 'שקלו', 'upos': 'VERB', 'xpos': 'VERB', 'feats': 'Gender=Fem,Masc|HebBinyan=PIEL|Number=Plur|Person=3|Tense=Past|Voice=Act', 'head': 86, 'deprel': 'acl:relcl', 'lemma': 'שקל'}]"
90,לקנות,VERB,VERB,41.0,dep,"(297, 302)",קנה,HebBinyan=PAAL|VerbForm=Inf|Voice=Act,
"(91, 92)",בהם,,,,,"(303, 306)",,,"[{'id': 91, 'text': 'ב_', 'upos': 'ADP', 'xpos': 'ADP', 'head': 92, 'deprel': 'case', 'lemma': 'ב'}, {'id': 92, 'text': '_הם', 'upos': 'PRON', 'xpos': 'PRON', 'feats': 'Gender=Masc|Number=Plur|Person=3|PronType=Prs', 'head': 90, 'deprel': 'obl', 'lemma': 'הוא'}]"
93,דירה,NOUN,NOUN,90.0,obj,"(307, 311)",דירה,Gender=Fem|Number=Sing,
94,53,NUM,NUM,95.0,nummod,"(312, 314)",53,,
95,%,NOUN,NOUN,89.0,dep,"(314, 315)",%,"Gender=Masc|Number=Plur,Sing",
96,ציינו,VERB,VERB,1.0,dep,"(316, 321)",ציין,"Gender=Fem,Masc|HebBinyan=PIEL|Number=Plur|Person=3|Tense=Past|Voice=Act",
97,כי,SCONJ,SCONJ,98.0,mark,"(322, 324)",כי,,
98,שקלו,VERB,VERB,96.0,ccomp,"(325, 329)",שקל,"Gender=Fem,Masc|HebBinyan=PAAL|Number=Plur|Person=3|Tense=Past|Voice=Act",
99,לרכוש,VERB,VERB,98.0,xcomp,"(330, 335)",רכש,HebBinyan=PAAL|VerbForm=Inf|Voice=Act,
100,דירה,NOUN,NOUN,99.0,obj,"(336, 340)",דירה,Gender=Fem|Number=Sing,
"(101, 103)",במקום,,,,,"(341, 346)",,,"[{'id': 101, 'text': 'ב', 'upos': 'ADP', 'xpos': 'ADP', 'head': 103, 'deprel': 'case', 'lemma': 'ב'}, {'id': 102, 'text': 'ה_', 'upos': 'DET', 'xpos': 'DET', 'feats': 'PronType=Art', 'head': 103, 'deprel': 'det:def', 'lemma': 'ה'}, {'id': 103, 'text': 'מקום', 'upos': 'NOUN', 'xpos': 'NOUN', 'feats': 'Gender=Masc|Number=Sing', 'head': 77, 'deprel': 'obl', 'lemma': 'מקום'}]"
104,אחר,ADJ,ADJ,103.0,amod,"(347, 350)",אחר,Gender=Masc|Number=Sing,
105,",",PUNCT,PUNCT,98.0,punct,"(351, 352)",",",,
106,מבין,ADP,ADP,107.0,case,"(353, 357)",מבין,,
107,אלה,PRON,PRON,110.0,obl,"(358, 361)",אלה,Gender=Masc|Number=Plur|Person=3|PronType=Dem,
"(108, 109)",רובם,,,,,"(362, 366)",,,"[{'id': 108, 'text': 'רובם', 'upos': 'NOUN', 'xpos': 'NOUN', 'feats': 'Definite=Def|Gender=Masc|Number=Sing', 'head': 110, 'deprel': 'nsubj', 'lemma': 'רובם'}, {'id': 109, 'text': '_הם', 'upos': 'PRON', 'xpos': 'PRON', 'feats': 'Case=Gen|Gender=Masc|Number=Plur|Person=3|PronType=Prs', 'head': 108, 'deprel': 'nmod:poss', 'lemma': 'הוא'}]"
110,שקלו,VERB,VERB,98.0,parataxis,"(367, 371)",שקל,"Gender=Fem,Masc|HebBinyan=PAAL|Number=Plur|Person=3|Tense=Past|Voice=Act",
111,רכישת,NOUN,NOUN,110.0,obj,"(372, 377)",רכישה,Definite=Cons|Gender=Fem|Number=Sing,
112,דירה,NOUN,NOUN,111.0,compound:smixut,"(378, 382)",דירה,Gender=Fem|Number=Sing,
"(113, 115)",בצפון,,,,,"(383, 388)",,,"[{'id': 113, 'text': 'ב', 'upos': 'ADP', 'xpos': 'ADP', 'head': 115, 'deprel': 'case', 'lemma': 'ב'}, {'id': 114, 'text': 'ה_', 'upos': 'DET', 'xpos': 'DET', 'feats': 'PronType=Art', 'head': 115, 'deprel': 'det:def', 'lemma': 'ה'}, {'id': 115, 'text': 'צפון', 'upos': 'NOUN', 'xpos': 'NOUN', 'feats': 'Gender=Masc|Number=Sing', 'head': 111, 'deprel': 'nmod', 'lemma': 'צפון'}]"
"(116, 117)",הארץ,,,,,"(389, 393)",,,"[{'id': 116, 'text': 'ה', 'upos': 'DET', 'xpos': 'DET', 'feats': 'PronType=Art', 'head': 117, 'deprel': 'det:def', 'lemma': 'ה'}, {'id': 117, 'text': 'ארץ', 'upos': 'NOUN', 'xpos': 'NOUN', 'feats': 'Gender=Masc|Number=Sing', 'head': 115, 'deprel': 'amod', 'lemma': 'ארץ'}]"
118,",",PUNCT,PUNCT,110.0,punct,"(393, 394)",",",,
119,40,NUM,NUM,120.0,nummod,"(395, 397)",40,,
120,%,NOUN,NOUN,54.0,dep,"(397, 398)",%,"Gender=Masc|Number=Plur,Sing",
"(121, 122)",באזור,,,,,"(399, 404)",,,"[{'id': 121, 'text': 'ב', 'upos': 'ADP', 'xpos': 'ADP', 'head': 122, 'deprel': 'case', 'lemma': 'ב'}, {'id': 122, 'text': 'אזור', 'upos': 'NOUN', 'xpos': 'NOUN', 'feats': 'Definite=Cons|Gender=Masc|Number=Sing', 'head': 120, 'deprel': 'nmod', 'lemma': 'אזור'}]"
123,חיפה,PROPN,PROPN,122.0,compound:smixut,"(405, 409)",חיפה,,
"(124, 125)",והקריות,,,,,"(410, 417)",,,"[{'id': 124, 'text': 'ו', 'upos': 'CCONJ', 'xpos': 'CCONJ', 'head': 125, 'deprel': 'cc', 'lemma': 'ו'}, {'id': 125, 'text': 'הקריות', 'upos': 'NOUN', 'xpos': 'NOUN', 'feats': 'Gender=Fem|Number=Plur', 'head': 123, 'deprel': 'conj', 'lemma': 'הקריה'}]"
126,",",PUNCT,PUNCT,54.0,punct,"(417, 418)",",",,
127,49,NUM,NUM,128.0,nummod,"(419, 421)",49,,
128,%,NOUN,NOUN,18.0,dep,"(421, 422)",%,"Gender=Masc|Number=Plur,Sing",
"(129, 130)",בנהריה,,,,,"(423, 429)",,,"[{'id': 129, 'text': 'ב', 'upos': 'ADP', 'xpos': 'ADP', 'head': 130, 'deprel': 'case', 'lemma': 'ב'}, {'id': 130, 'text': 'נהריה', 'upos': 'PROPN', 'xpos': 'PROPN', 'head': 128, 'deprel': 'nmod', 'lemma': 'נהריה'}]"
131,",",PUNCT,PUNCT,18.0,punct,"(429, 430)",",",,
132,5,NUM,NUM,133.0,nummod,"(431, 432)",5,,
133,%,NOUN,NOUN,18.0,conj,"(432, 433)",%,"Gender=Masc|Number=Plur,Sing",
"(134, 135)",בעכו,,,,,"(434, 438)",,,"[{'id': 134, 'text': 'ב', 'upos': 'ADP', 'xpos': 'ADP', 'head': 135, 'deprel': 'case', 'lemma': 'ב'}, {'id': 135, 'text': 'עכו', 'upos': 'PROPN', 'xpos': 'PROPN', 'head': 133, 'deprel': 'nmod', 'lemma': 'עכו'}]"
136,",",PUNCT,PUNCT,18.0,punct,"(438, 439)",",",,
137,13,NUM,NUM,138.0,nummod,"(440, 442)",13,,
138,%,NOUN,NOUN,18.0,conj,"(442, 443)",%,"Gender=Masc|Number=Plur,Sing",
"(139, 140)",ביקנעם,,,,,"(444, 450)",,,"[{'id': 139, 'text': 'ב', 'upos': 'ADP', 'xpos': 'ADP', 'head': 140, 'deprel': 'case', 'lemma': 'ב'}, {'id': 140, 'text': 'יקנעם', 'upos': 'PROPN', 'xpos': 'PROPN', 'head': 138, 'deprel': 'nmod', 'lemma': 'יקנעם'}]"
141,ו,CCONJ,CCONJ,144.0,cc,"(451, 452)",ו,,
142,-,PUNCT,PUNCT,120.0,punct,"(452, 453)",-,,
143,9,NUM,NUM,144.0,nummod,"(454, 455)",9,,
144,%,NOUN,NOUN,18.0,conj,"(455, 456)",%,"Gender=Masc|Number=Plur,Sing",
"(145, 146)",במעלות,,,,,"(457, 463)",,,"[{'id': 145, 'text': 'ב', 'upos': 'ADP', 'xpos': 'ADP', 'head': 146, 'deprel': 'case', 'lemma': 'ב'}, {'id': 146, 'text': 'מעלות', 'upos': 'NOUN', 'xpos': 'NOUN', 'feats': 'Definite=Cons|Gender=Fem|Number=Plur', 'head': 144, 'deprel': 'nmod', 'lemma': 'מעלה'}]"
147,תרשיחא,PROPN,PROPN,146.0,compound:smixut,"(464, 470)",תרשיחא,,
"(1, 2)",הנתונים,,,,,"(1, 8)",,,"[{'id': 1, 'text': 'ה', 'upos': 'DET', 'xpos': 'DET', 'feats': 'PronType=Art', 'head': 2, 'deprel': 'det:def', 'lemma': 'ה'}, {'id': 2, 'text': 'נתונים', 'upos': 'NOUN', 'xpos': 'NOUN', 'feats': 'Gender=Masc|Number=Plur', 'head': 3, 'deprel': 'nsubj', 'lemma': 'נתון'}]"
3,מסתכמים,VERB,VERB,0.0,root,"(9, 16)",הסתכם,"Gender=Masc|HebBinyan=HITPAEL|Number=Plur|Person=1,2,3|VerbForm=Part",
"(4, 5)",ליותר,,,,,"(17, 22)",,,"[{'id': 4, 'text': 'ל', 'upos': 'ADP', 'xpos': 'ADP', 'head': 9, 'deprel': 'case', 'lemma': 'ל'}, {'id': 5, 'text': 'יותר', 'upos': 'ADV', 'xpos': 'ADV', 'head': 9, 'deprel': 'advmod', 'lemma': 'יותר'}]"
6,מ,ADP,ADP,9.0,case,"(23, 24)",מ,,
7,-,PUNCT,PUNCT,9.0,punct,"(24, 25)",-,,
8,100,NUM,NUM,9.0,nummod,"(26, 29)",100,,
9,%,NOUN,NOUN,3.0,obl,"(29, 30)",%,"Gender=Masc|Number=Plur,Sing",
10,מכיוון,SCONJ,SCONJ,14.0,case,"(31, 37)",מכיוון,,
"(11, 13)",שהנשאלים,,,,,"(38, 46)",,,"[{'id': 11, 'text': 'ש', 'upos': 'SCONJ', 'xpos': 'SCONJ', 'head': 14, 'deprel': 'mark', 'lemma': 'ש'}, {'id': 12, 'text': 'ה', 'upos': 'DET', 'xpos': 'DET', 'feats': 'PronType=Art', 'head': 13, 'deprel': 'det:def', 'lemma': 'ה'}, {'id': 13, 'text': 'נשאלים', 'upos': 'VERB', 'xpos': 'VERB', 'feats': 'Gender=Masc|HebBinyan=NIFAL|Number=Plur|Person=1,2,3|VerbForm=Part|Voice=Mid', 'head': 14, 'deprel': 'nsubj', 'lemma': 'נשאל'}]"
14,יכלו,VERB,VERB,3.0,obl,"(47, 51)",יכל,"Gender=Fem,Masc|Number=Plur|Person=3|Tense=Fut",
15,לציין,VERB,VERB,14.0,xcomp,"(52, 57)",ציין,HebBinyan=PIEL|VerbForm=Inf|Voice=Act,
16,יותר,ADV,ADV,18.0,advmod,"(58, 62)",יותר,HebSource=ConvUncertainHead,
"(17, 18)",ממקום,,,,,"(63, 68)",,,"[{'id': 17, 'text': 'מ', 'upos': 'ADP', 'xpos': 'ADP', 'head': 16, 'deprel': 'fixed', 'lemma': 'מ'}, {'id': 18, 'text': 'מקום', 'upos': 'NOUN', 'xpos': 'NOUN', 'feats': 'Gender=Masc|Number=Sing', 'head': 15, 'deprel': 'obj', 'lemma': 'מקום'}]"
19,אחד,NUM,NUM,18.0,nummod,"(69, 72)",אחד,Gender=Masc|Number=Sing,
20,",",PUNCT,PUNCT,18.0,punct,"(73, 74)",",",,
"(21, 22)",בו,,,,,"(75, 77)",,,"[{'id': 21, 'text': 'ב_', 'upos': 'ADP', 'xpos': 'ADP', 'head': 22, 'deprel': 'case', 'lemma': 'ב'}, {'id': 22, 'text': '_הוא', 'upos': 'PRON', 'xpos': 'PRON', 'feats': 'Gender=Masc|Number=Sing|Person=3|PronType=Prs', 'head': 23, 'deprel': 'obl', 'lemma': 'הוא'}]"
23,שקלו,VERB,VERB,18.0,acl,"(78, 82)",שקל,"Gender=Fem,Masc|HebBinyan=PIEL|Number=Plur|Person=3|Tense=Past|Voice=Act",
24,לקנות,VERB,VERB,23.0,xcomp,"(83, 88)",קנה,HebBinyan=PAAL|VerbForm=Inf|Voice=Act,
25,דירה,NOUN,NOUN,24.0,obj,"(89, 93)",דירה,Gender=Fem|Number=Sing,
1,♦,ADV,ADV,11.0,cc,"(1, 2)",♦,,
2,שיקולים,NOUN,NOUN,11.0,nsubj,"(3, 10)",שיקול,Gender=Masc|Number=Plur,
"(3, 4)",לקנית,,,,,"(11, 16)",,,"[{'id': 3, 'text': 'ל', 'upos': 'ADP', 'xpos': 'ADP', 'head': 4, 'deprel': 'case', 'lemma': 'ל'}, {'id': 4, 'text': 'קנית', 'upos': 'NOUN', 'xpos': 'NOUN', 'feats': 'Definite=Cons|Gender=Fem|Number=Sing', 'head': 2, 'deprel': 'nmod', 'lemma': 'קנית'}]"
"(5, 6)",הדירה,,,,,"(17, 22)",,,"[{'id': 5, 'text': 'ה', 'upos': 'DET', 'xpos': 'DET', 'feats': 'PronType=Art', 'head': 6, 'deprel': 'det:def', 'lemma': 'ה'}, {'id': 6, 'text': 'דירה', 'upos': 'NOUN', 'xpos': 'NOUN', 'feats': 'Gender=Fem|Number=Sing', 'head': 4, 'deprel': 'compound:smixut', 'lemma': 'דירה'}]"
"(7, 8)",בשלומי,,,,,"(23, 29)",,,"[{'id': 7, 'text': 'ב', 'upos': 'ADP', 'xpos': 'ADP', 'head': 8, 'deprel': 'case', 'lemma': 'ב'}, {'id': 8, 'text': 'שלומי', 'upos': 'NOUN', 'xpos': 'NOUN', 'feats': 'Definite=Cons|Gender=Masc|Number=Plur', 'head': 4, 'deprel': 'nmod', 'lemma': '_'}]"
"(9, 10)",המרואיינים,,,,,"(30, 40)",,,"[{'id': 9, 'text': 'ה', 'upos': 'DET', 'xpos': 'DET', 'feats': 'PronType=Art', 'head': 10, 'deprel': 'det:def', 'lemma': 'ה'}, {'id': 10, 'text': 'מרואיינים', 'upos': 'NOUN', 'xpos': 'NOUN', 'feats': 'Gender=Masc|HebSource=ConvUncertainHead|Number=Plur', 'head': 8, 'deprel': 'compound:smixut', 'lemma': 'מרואיין'}]"
11,נשאלו,VERB,VERB,0.0,root,"(41, 46)",נשאל,"Gender=Fem,Masc|HebBinyan=NIFAL|Number=Plur|Person=3|Tense=Past|Voice=Mid",
"(12, 13)",מהן,,,,,"(47, 50)",,,"[{'id': 12, 'text': 'מן_', 'upos': 'ADP', 'xpos': 'ADP', 'head': 13, 'deprel': 'case', 'lemma': 'מן'}, {'id': 13, 'text': '_הן', 'upos': 'PRON', 'xpos': 'PRON', 'feats': 'Gender=Fem|Number=Plur|Person=3|PronType=Prs', 'head': 11, 'deprel': 'obl', 'lemma': 'הוא'}]"
"(14, 15)",הסיבות,,,,,"(51, 57)",,,"[{'id': 14, 'text': 'ה', 'upos': 'DET', 'xpos': 'DET', 'feats': 'PronType=Art', 'head': 15, 'deprel': 'det:def', 'lemma': 'ה'}, {'id': 15, 'text': 'סיבות', 'upos': 'NOUN', 'xpos': 'NOUN', 'feats': 'Gender=Fem|Number=Plur', 'head': 11, 'deprel': 'nsubj', 'lemma': 'סיבה'}]"
"(16, 18)",שבגללם,,,,,"(58, 64)",,,"[{'id': 16, 'text': 'ש', 'upos': 'SCONJ', 'xpos': 'SCONJ', 'head': 19, 'deprel': 'mark', 'lemma': 'ש'}, {'id': 17, 'text': 'בגלל_', 'upos': 'ADP', 'xpos': 'ADP', 'head': 18, 'deprel': 'case', 'lemma': 'בגלל'}, {'id': 18, 'text': '_הם', 'upos': 'PRON', 'xpos': 'PRON', 'feats': 'Gender=Masc|Number=Plur|Person=3|PronType=Prs', 'head': 19, 'deprel': 'obl', 'lemma': 'הוא'}]"
19,קנו,VERB,VERB,15.0,acl:relcl,"(65, 68)",קנה,"Gender=Fem,Masc|HebBinyan=PAAL|Number=Plur|Person=3|Tense=Past|Voice=Act",
20,דירה,NOUN,NOUN,19.0,obj,"(69, 73)",דירה,Gender=Fem|Number=Sing,
"(21, 22)",בשלומי,,,,,"(74, 80)",,,"[{'id': 21, 'text': 'ב', 'upos': 'ADP', 'xpos': 'ADP', 'head': 22, 'deprel': 'case', 'lemma': 'ב'}, {'id': 22, 'text': 'שלומי', 'upos': 'PROPN', 'xpos': 'PROPN', 'head': 19, 'deprel': 'obl', 'lemma': 'שלומי'}]"
23,דווקא,ADV,ADV,22.0,advmod,"(81, 86)",דווקא,,
"(1, 2)",האחוזים,,,,,"(1, 8)",,,"[{'id': 1, 'text': 'ה', 'upos': 'DET', 'xpos': 'DET', 'feats': 'PronType=Art', 'head': 2, 'deprel': 'det:def', 'lemma': 'ה'}, {'id': 2, 'text': 'אחוזים', 'upos': 'NOUN', 'xpos': 'NOUN', 'feats': 'Gender=Masc|Number=Plur', 'head': 3, 'deprel': 'nsubj', 'lemma': 'אחוז'}]"
3,מסתכמים,VERB,VERB,0.0,root,"(9, 16)",הסתכם,"Gender=Masc|HebBinyan=HITPAEL|Number=Plur|Person=1,2,3|VerbForm=Part",
"(4, 5)",ביותר,,,,,"(17, 22)",,,"[{'id': 4, 'text': 'ב', 'upos': 'ADP', 'xpos': 'ADP', 'head': 9, 'deprel': 'case', 'lemma': 'ב'}, {'id': 5, 'text': 'יותר', 'upos': 'ADV', 'xpos': 'ADV', 'head': 9, 'deprel': 'advmod', 'lemma': 'יותר'}]"
6,מ,ADP,ADP,9.0,case,"(23, 24)",מ,,
7,-,PUNCT,PUNCT,9.0,punct,"(24, 25)",-,,
8,100,NUM,NUM,9.0,nummod,"(26, 29)",100,,
9,%,NOUN,NOUN,3.0,obl,"(29, 30)",%,"Gender=Masc|Number=Plur,Sing",
10,היות,CCONJ,CCONJ,14.0,mark,"(31, 35)",היות,,
"(11, 13)",והמרואיינים,,,,,"(36, 47)",,,"[{'id': 11, 'text': 'ו', 'upos': 'CCONJ', 'xpos': 'CCONJ', 'head': 10, 'deprel': 'fixed', 'lemma': 'ו'}, {'id': 12, 'text': 'ה', 'upos': 'DET', 'xpos': 'DET', 'feats': 'PronType=Art', 'head': 13, 'deprel': 'det:def', 'lemma': 'ה'}, {'id': 13, 'text': 'מרואיינים', 'upos': 'NOUN', 'xpos': 'NOUN', 'feats': 'Gender=Masc|Number=Plur', 'head': 14, 'deprel': 'nsubj', 'lemma': 'מרואיין'}]"
14,יכלו,VERB,VERB,3.0,obl,"(48, 52)",יכל,"Gender=Fem,Masc|Number=Plur|Person=3|Tense=Fut",
15,לציין,VERB,VERB,14.0,xcomp,"(53, 58)",ציין,HebBinyan=PIEL|VerbForm=Inf|Voice=Act,
16,יותר,ADV,ADV,18.0,advmod,"(59, 63)",יותר,HebSource=ConvUncertainHead,
"(17, 18)",מסיבה,,,,,"(64, 69)",,,"[{'id': 17, 'text': 'מ', 'upos': 'ADP', 'xpos': 'ADP', 'head': 16, 'deprel': 'fixed', 'lemma': 'מ'}, {'id': 18, 'text': 'סיבה', 'upos': 'NOUN', 'xpos': 'NOUN', 'feats': 'Gender=Fem|Number=Sing', 'head': 15, 'deprel': 'obl', 'lemma': 'סיבה'}]"
19,אחת,NUM,NUM,18.0,nummod,"(70, 73)",אחת,Gender=Fem|Number=Sing,
1,◊,PUNCT,PUNCT,4.0,dep,"(1, 2)",◊,,
2,75,NUM,NUM,3.0,nummod,"(3, 5)",75,,
3,%,NOUN,NOUN,4.0,nsubj,"(5, 6)",%,"Gender=Masc|Number=Plur,Sing",
4,ציינו,VERB,VERB,0.0,root,"(7, 12)",ציין,"Gender=Fem,Masc|HebBinyan=PIEL|Number=Plur|Person=3|Tense=Past|Voice=Act",
5,את,ADP,ADP,7.0,case:acc,"(13, 15)",את,Case=Acc,
"(6, 7)",המחיר,,,,,"(16, 21)",,,"[{'id': 6, 'text': 'ה', 'upos': 'DET', 'xpos': 'DET', 'feats': 'PronType=Art', 'head': 7, 'deprel': 'det:def', 'lemma': 'ה'}, {'id': 7, 'text': 'מחיר', 'upos': 'NOUN', 'xpos': 'NOUN', 'feats': 'Gender=Masc|Number=Sing', 'head': 4, 'deprel': 'obj', 'lemma': 'מחיר'}]"
"(8, 9)",הנוח,,,,,"(22, 26)",,,"[{'id': 8, 'text': 'ה', 'upos': 'DET', 'xpos': 'DET', 'feats': 'PronType=Art', 'head': 9, 'deprel': 'det:def', 'lemma': 'ה'}, {'id': 9, 'text': 'נוח', 'upos': 'ADJ', 'xpos': 'ADJ', 'feats': 'Gender=Masc|Number=Sing', 'head': 7, 'deprel': 'amod', 'lemma': 'נוח'}]"
1,◊,PUNCT,PUNCT,4.0,dep,"(1, 2)",◊,,
2,39,NUM,NUM,3.0,nummod,"(3, 5)",39,,
3,%,NOUN,NOUN,4.0,nsubj,"(5, 6)",%,"Gender=Masc|Number=Plur,Sing",
4,ציינו,VERB,VERB,0.0,root,"(7, 12)",ציין,"Gender=Fem,Masc|HebBinyan=PIEL|Number=Plur|Person=3|Tense=Past|Voice=Act",
5,את,ADP,ADP,7.0,case:acc,"(13, 15)",את,Case=Acc,
"(6, 7)",הנוף,,,,,"(16, 20)",,,"[{'id': 6, 'text': 'ה', 'upos': 'DET', 'xpos': 'DET', 'feats': 'PronType=Art', 'head': 7, 'deprel': 'det:def', 'lemma': 'ה'}, {'id': 7, 'text': 'נוף', 'upos': 'NOUN', 'xpos': 'NOUN', 'feats': 'Gender=Masc|Number=Sing', 'head': 4, 'deprel': 'obj', 'lemma': 'נוף'}]"
8,◊,PUNCT,PUNCT,4.0,dep,"(21, 22)",◊,,
9,36,NUM,NUM,10.0,nummod,"(23, 25)",36,,
10,%,NOUN,NOUN,4.0,nsubj,"(25, 26)",%,"Gender=Masc|Number=Plur,Sing",
11,ציינו,VERB,VERB,4.0,conj,"(27, 32)",ציין,"Gender=Fem,Masc|HebBinyan=PIEL|Number=Plur|Person=3|Tense=Past|Voice=Act",
12,את,ADP,ADP,14.0,case:acc,"(33, 35)",את,Case=Acc,
"(13, 14)",המיקום,,,,,"(36, 42)",,,"[{'id': 13, 'text': 'ה', 'upos': 'DET', 'xpos': 'DET', 'feats': 'PronType=Art', 'head': 14, 'deprel': 'det:def', 'lemma': 'ה'}, {'id': 14, 'text': 'מיקום', 'upos': 'NOUN', 'xpos': 'NOUN', 'feats': 'Gender=Masc|Number=Sing', 'head': 11, 'deprel': 'obj', 'lemma': 'מיקום'}]"
15,◊,PUNCT,PUNCT,11.0,dep,"(43, 44)",◊,,
16,27,NUM,NUM,17.0,nummod,"(45, 47)",27,,
17,%,NOUN,NOUN,11.0,nsubj,"(47, 48)",%,"Gender=Masc|Number=Plur,Sing",
18,קרוב,ADJ,ADJ,11.0,parataxis,"(49, 53)",קרוב,Gender=Masc|Number=Sing,
"(19, 20)",למגורי,,,,,"(54, 60)",,,"[{'id': 19, 'text': 'ל', 'upos': 'ADP', 'xpos': 'ADP', 'head': 20, 'deprel': 'case', 'lemma': 'ל'}, {'id': 20, 'text': 'מגורי', 'upos': 'NOUN', 'xpos': 'NOUN', 'feats': 'Definite=Cons|Gender=Masc|Number=Plur', 'head': 18, 'deprel': 'advmod', 'lemma': 'מגורי'}]"
"(21, 22)",המשפחה,,,,,"(61, 67)",,,"[{'id': 21, 'text': 'ה', 'upos': 'DET', 'xpos': 'DET', 'feats': 'PronType=Art', 'head': 22, 'deprel': 'det:def', 'lemma': 'ה'}, {'id': 22, 'text': 'משפחה', 'upos': 'NOUN', 'xpos': 'NOUN', 'feats': 'Gender=Fem|Number=Sing', 'head': 20, 'deprel': 'compound:smixut', 'lemma': 'משפחה'}]"
23,◊,PUNCT,PUNCT,18.0,dep,"(68, 69)",◊,,
24,21,NUM,NUM,25.0,nummod,"(70, 72)",21,,
25,%,NOUN,NOUN,18.0,dep,"(72, 73)",%,"Gender=Masc|Number=Plur,Sing",
26,ציינו,VERB,VERB,4.0,conj,"(74, 79)",ציין,"Gender=Fem,Masc|HebBinyan=PIEL|Number=Plur|Person=3|Tense=Past|Voice=Act",
"(27, 28)",הבטים,,,,,"(80, 85)",,,"[{'id': 27, 'text': 'ה', 'upos': 'DET', 'xpos': 'DET', 'feats': 'PronType=Art', 'head': 28, 'deprel': 'det:def', 'lemma': 'ה'}, {'id': 28, 'text': 'בטים', 'upos': 'NOUN', 'xpos': 'NOUN', 'feats': 'Gender=Masc|Number=Plur', 'head': 26, 'deprel': 'obj', 'lemma': 'בט'}]"
29,של,ADP,ADP,30.0,case:gen,"(86, 88)",של,Case=Gen,
30,איכות,NOUN,NOUN,28.0,nmod:poss,"(89, 94)",איכות,Definite=Cons|Gender=Fem|Number=Sing,
"(31, 32)",הסביבה,,,,,"(95, 101)",,,"[{'id': 31, 'text': 'ה', 'upos': 'DET', 'xpos': 'DET', 'feats': 'PronType=Art', 'head': 32, 'deprel': 'det:def', 'lemma': 'ה'}, {'id': 32, 'text': 'סביבה', 'upos': 'NOUN', 'xpos': 'NOUN', 'feats': 'Gender=Fem|Number=Sing', 'head': 30, 'deprel': 'compound:smixut', 'lemma': 'סביבה'}]"
33,(,PUNCT,PUNCT,34.0,punct,"(102, 103)",(,,
34,אויר,NOUN,NOUN,28.0,appos,"(103, 107)",אויר,Gender=Masc|Number=Sing,
35,נקי,ADJ,ADJ,34.0,amod,"(108, 111)",נקי,Gender=Masc|Number=Sing,
36,",",PUNCT,PUNCT,34.0,punct,"(111, 112)",",",,
37,שטחים,NOUN,NOUN,34.0,conj,"(113, 118)",שטח,Gender=Masc|Number=Plur,
38,ירוקים,ADJ,ADJ,37.0,amod,"(119, 125)",ירוק,Gender=Masc|Number=Plur,
"(39, 40)",וכוי,,,,,"(126, 130)",,,"[{'id': 39, 'text': 'ו', 'upos': 'CCONJ', 'xpos': 'CCONJ', 'head': 40, 'deprel': 'cc', 'lemma': 'ו'}, {'id': 40, 'text': 'כוי', 'upos': 'ADJ', 'xpos': 'ADJ', 'feats': 'Gender=Masc|Number=Sing', 'head': 34, 'deprel': 'conj', 'lemma': 'כוי'}]"
41,),PUNCT,PUNCT,34.0,punct,"(130, 131)",),,
1,♦,PUNCT,PUNCT,11.0,cc,"(1, 2)",♦,,
"(2, 3)",היסוסים,,,,,"(3, 10)",,,"[{'id': 2, 'text': 'ה', 'upos': 'DET', 'xpos': 'DET', 'feats': 'PronType=Art', 'head': 3, 'deprel': 'det:def', 'lemma': 'ה'}, {'id': 3, 'text': 'יסוסים', 'upos': 'NOUN', 'xpos': 'NOUN', 'feats': 'Gender=Masc|Number=Plur', 'head': 11, 'deprel': 'nsubj', 'lemma': 'יסוס'}]"
4,לגבי,ADP,ADP,5.0,case,"(11, 15)",לגבי,,
5,הקניה,NOUN,NOUN,3.0,nmod,"(16, 21)",הקניה,Definite=Cons|Gender=Fem|Number=Sing,
6,46,NUM,NUM,7.0,nummod,"(22, 24)",46,,
7,%,NOUN,NOUN,3.0,nmod,"(24, 25)",%,"Gender=Masc|Number=Plur,Sing",
"(8, 10)",מהמרואיינים,,,,,"(26, 37)",,,"[{'id': 8, 'text': 'מ', 'upos': 'ADP', 'xpos': 'ADP', 'head': 10, 'deprel': 'case', 'lemma': 'מ'}, {'id': 9, 'text': 'ה', 'upos': 'DET', 'xpos': 'DET', 'feats': 'PronType=Art', 'head': 10, 'deprel': 'det:def', 'lemma': 'ה'}, {'id': 10, 'text': 'מרואיינים', 'upos': 'NOUN', 'xpos': 'NOUN', 'feats': 'Gender=Masc|Number=Plur', 'head': 7, 'deprel': 'nmod', 'lemma': 'מרואיין'}]"
11,ציינו,VERB,VERB,0.0,root,"(38, 43)",ציין,"Gender=Fem,Masc|HebBinyan=PIEL|Number=Plur|Person=3|Tense=Past|Voice=Act",
"(12, 13)",שהיו,,,,,"(44, 48)",,,"[{'id': 12, 'text': 'ש', 'upos': 'SCONJ', 'xpos': 'SCONJ', 'head': 13, 'deprel': 'mark', 'lemma': 'ש'}, {'id': 13, 'text': 'היו', 'upos': 'VERB', 'xpos': 'VERB', 'feats': 'Gender=Fem,Masc|HebExistential=True|Number=Plur|Person=3|Polarity=Pos|Tense=Past', 'head': 11, 'deprel': 'ccomp', 'lemma': 'היה'}]"
"(14, 15)",להם,,,,,"(49, 52)",,,"[{'id': 14, 'text': 'ל_', 'upos': 'ADP', 'xpos': 'ADP', 'head': 15, 'deprel': 'case', 'lemma': 'ל'}, {'id': 15, 'text': '_הם', 'upos': 'PRON', 'xpos': 'PRON', 'feats': 'Gender=Masc|Number=Plur|Person=3|PronType=Prs', 'head': 13, 'deprel': 'obl', 'lemma': 'הוא'}]"
16,היסוסים,NOUN,NOUN,13.0,nsubj,"(53, 60)",היסוס,Gender=Masc|Number=Plur,
17,לגבי,ADP,ADP,18.0,case,"(61, 65)",לגבי,,
18,קנית,NOUN,NOUN,16.0,nmod,"(66, 70)",קנית,Definite=Cons|Gender=Fem|Number=Sing,
"(19, 20)",הדירה,,,,,"(71, 76)",,,"[{'id': 19, 'text': 'ה', 'upos': 'DET', 'xpos': 'DET', 'feats': 'PronType=Art', 'head': 20, 'deprel': 'det:def', 'lemma': 'ה'}, {'id': 20, 'text': 'דירה', 'upos': 'NOUN', 'xpos': 'NOUN', 'feats': 'Gender=Fem|Number=Sing', 'head': 18, 'deprel': 'compound:smixut', 'lemma': 'דירה'}]"
"(21, 22)",בשלומי,,,,,"(77, 83)",,,"[{'id': 21, 'text': 'ב', 'upos': 'ADP', 'xpos': 'ADP', 'head': 22, 'deprel': 'case', 'lemma': 'ב'}, {'id': 22, 'text': 'שלומי', 'upos': 'PROPN', 'xpos': 'PROPN', 'head': 18, 'deprel': 'nmod', 'lemma': 'שלומי'}]"
1,הם,PRON,PRON,2.0,nsubj,"(1, 3)",הוא,Gender=Masc|Number=Plur|Person=3|PronType=Prs,
2,ציינו,VERB,VERB,0.0,root,"(4, 9)",ציין,"Gender=Fem,Masc|HebBinyan=PIEL|Number=Plur|Person=3|Tense=Past|Voice=Act",
3,מספר,DET,DET,4.0,det,"(10, 14)",מספר,Definite=Cons,
4,סיבות,NOUN,NOUN,2.0,obj,"(15, 20)",סיבה,Gender=Fem|Number=Plur,
"(5, 6)",לחששות,,,,,"(21, 27)",,,"[{'id': 5, 'text': 'ל', 'upos': 'ADP', 'xpos': 'ADP', 'head': 6, 'deprel': 'case', 'lemma': 'ל'}, {'id': 6, 'text': 'חששות', 'upos': 'NOUN', 'xpos': 'NOUN', 'feats': 'Gender=Masc|Number=Plur', 'head': 4, 'deprel': 'nmod', 'lemma': 'חשש'}]"
7,(,PUNCT,PUNCT,10.0,punct,"(28, 29)",(,,
"(8, 9)",האחוזים,,,,,"(29, 36)",,,"[{'id': 8, 'text': 'ה', 'upos': 'DET', 'xpos': 'DET', 'feats': 'PronType=Art', 'head': 9, 'deprel': 'det:def', 'lemma': 'ה'}, {'id': 9, 'text': 'אחוזים', 'upos': 'NOUN', 'xpos': 'NOUN', 'feats': 'Gender=Masc|Number=Plur', 'head': 10, 'deprel': 'nsubj', 'lemma': 'אחוז'}]"
10,מסתכמים,VERB,VERB,6.0,appos,"(37, 44)",הסתכם,"Gender=Masc|HebBinyan=HITPAEL|Number=Plur|Person=1,2,3|VerbForm=Part",
"(11, 12)",ביותר,,,,,"(45, 50)",,,"[{'id': 11, 'text': 'ב', 'upos': 'ADP', 'xpos': 'ADP', 'head': 16, 'deprel': 'case', 'lemma': 'ב'}, {'id': 12, 'text': 'יותר', 'upos': 'ADV', 'xpos': 'ADV', 'head': 16, 'deprel': 'advmod', 'lemma': 'יותר'}]"
13,מ,ADP,ADP,12.0,fixed,"(51, 52)",מ,,
14,-,PUNCT,PUNCT,16.0,punct,"(52, 53)",-,,
15,100,NUM,NUM,16.0,nummod,"(54, 57)",100,,
16,%,NOUN,NOUN,10.0,obl,"(57, 58)",%,"Gender=Masc|Number=Plur,Sing",
17,),PUNCT,PUNCT,10.0,punct,"(58, 59)",),,
"(18, 19)",שעיקרן,,,,,"(60, 66)",,,"[{'id': 18, 'text': 'ש', 'upos': 'SCONJ', 'xpos': 'SCONJ', 'head': 19, 'deprel': 'mark', 'lemma': 'ש'}, {'id': 19, 'text': 'עיקרן', 'upos': 'VERB', 'xpos': 'VERB', 'feats': 'Gender=Fem|HebBinyan=PIEL|Number=Sing|Person=3|Tense=Past|Voice=Act', 'head': 4, 'deprel': 'acl:relcl', 'lemma': 'עקרן'}]"
20,:,PUNCT,PUNCT,36.0,punct,"(66, 67)",:,,
21,למרות,ADP,ADP,25.0,mark,"(68, 73)",למרות,,
"(22, 23)",ששלומי,,,,,"(74, 80)",,,"[{'id': 22, 'text': 'ש', 'upos': 'SCONJ', 'xpos': 'SCONJ', 'head': 21, 'deprel': 'fixed', 'lemma': 'ש'}, {'id': 23, 'text': 'שלומי', 'upos': 'PROPN', 'xpos': 'PROPN', 'head': 25, 'deprel': 'nsubj:cop', 'lemma': 'שלומי'}]"
24,הינו,AUX,AUX,25.0,cop,"(81, 85)",הנו,Gender=Masc|Number=Sing|Person=3|Polarity=Pos|VerbForm=Part|VerbType=Cop,
25,ישוב,NOUN,NOUN,36.0,advcl,"(86, 90)",יישוב,Gender=Masc|Number=Sing,
26,ותיק,ADJ,ADJ,25.0,amod,"(91, 95)",ותיק,Gender=Masc|Number=Sing,
27,",",PUNCT,PUNCT,36.0,punct,"(96, 97)",",",,
28,אחוז,NOUN,NOUN,36.0,nsubj,"(98, 102)",אחוז,Definite=Cons|Gender=Masc|Number=Sing,
"(29, 30)",המהססים,,,,,"(103, 110)",,,"[{'id': 29, 'text': 'ה', 'upos': 'DET', 'xpos': 'DET', 'feats': 'PronType=Art', 'head': 30, 'deprel': 'det:def', 'lemma': 'ה'}, {'id': 30, 'text': 'מהססים', 'upos': 'VERB', 'xpos': 'VERB', 'feats': 'Gender=Masc|HebBinyan=PIEL|Number=Plur|Person=1,2,3|VerbForm=Part|Voice=Act', 'head': 28, 'deprel': 'compound:smixut', 'lemma': 'היסס'}]"
31,לגבי,ADP,ADP,32.0,case,"(111, 115)",לגבי,,
32,רכישת,NOUN,NOUN,28.0,nmod,"(116, 121)",רכישה,Definite=Cons|Gender=Fem|Number=Sing,
"(33, 34)",הדירה,,,,,"(122, 127)",,,"[{'id': 33, 'text': 'ה', 'upos': 'DET', 'xpos': 'DET', 'feats': 'PronType=Art', 'head': 34, 'deprel': 'det:def', 'lemma': 'ה'}, {'id': 34, 'text': 'דירה', 'upos': 'NOUN', 'xpos': 'NOUN', 'feats': 'Gender=Fem|Number=Sing', 'head': 32, 'deprel': 'compound:smixut', 'lemma': 'דירה'}]"
35,",",PUNCT,PUNCT,36.0,punct,"(128, 129)",",",,
36,דומה,ADJ,ADJ,2.0,ccomp,"(130, 134)",דומה,Gender=Masc|Number=Sing,
"(37, 39)",לישובים,,,,,"(135, 142)",,,"[{'id': 37, 'text': 'ל', 'upos': 'ADP', 'xpos': 'ADP', 'head': 39, 'deprel': 'case', 'lemma': 'ל'}, {'id': 38, 'text': 'ה_', 'upos': 'DET', 'xpos': 'DET', 'feats': 'PronType=Art', 'head': 39, 'deprel': 'det:def', 'lemma': 'ה'}, {'id': 39, 'text': 'ישובים', 'upos': 'NOUN', 'xpos': 'NOUN', 'feats': 'Gender=Masc|Number=Plur', 'head': 36, 'deprel': 'obl', 'lemma': 'יישוב'}]"
40,חדשים,ADJ,ADJ,39.0,amod,"(143, 148)",חדש,Gender=Masc|Number=Plur,
"(41, 42)",וגבוה,,,,,"(149, 154)",,,"[{'id': 41, 'text': 'ו', 'upos': 'CCONJ', 'xpos': 'CCONJ', 'head': 42, 'deprel': 'cc', 'lemma': 'ו'}, {'id': 42, 'text': 'גבוה', 'upos': 'ADJ', 'xpos': 'ADJ', 'feats': 'Gender=Masc|Number=Sing', 'head': 36, 'deprel': 'conj', 'lemma': 'גבוה'}]"
43,משמעותית,ADV,ADV,42.0,advmod,"(155, 163)",משמעותי,,
44,יחסית,ADV,ADV,43.0,advmod,"(164, 169)",יחסית,,
"(45, 47)",לישובים,,,,,"(170, 177)",,,"[{'id': 45, 'text': 'ל', 'upos': 'ADP', 'xpos': 'ADP', 'head': 47, 'deprel': 'case', 'lemma': 'ל'}, {'id': 46, 'text': 'ה_', 'upos': 'DET', 'xpos': 'DET', 'feats': 'PronType=Art', 'head': 47, 'deprel': 'det:def', 'lemma': 'ה'}, {'id': 47, 'text': 'ישובים', 'upos': 'NOUN', 'xpos': 'NOUN', 'feats': 'Gender=Masc|Number=Plur', 'head': 42, 'deprel': 'obl', 'lemma': 'יישוב'}]"
48,ותיקים,ADJ,ADJ,47.0,amod,"(178, 184)",ותיק,Gender=Masc|Number=Plur,
1,♦,PUNCT,PUNCT,13.0,cc,"(1, 2)",♦,,
2,מקורות,NOUN,NOUN,13.0,nsubj,"(3, 9)",מקור,Definite=Cons|Gender=Masc|Number=Plur,
3,מידע,NOUN,NOUN,2.0,compound:smixut,"(10, 14)",מידע,Gender=Masc|Number=Sing,
4,לגבי,ADP,ADP,6.0,case,"(15, 19)",לגבי,,
"(5, 6)",הבניה,,,,,"(20, 25)",,,"[{'id': 5, 'text': 'ה', 'upos': 'DET', 'xpos': 'DET', 'feats': 'PronType=Art', 'head': 6, 'deprel': 'det:def', 'lemma': 'ה'}, {'id': 6, 'text': 'בניה', 'upos': 'NOUN', 'xpos': 'NOUN', 'feats': 'Gender=Fem|Number=Sing', 'head': 2, 'deprel': 'nmod', 'lemma': 'בניה'}]"
"(7, 8)",בשלומי,,,,,"(26, 32)",,,"[{'id': 7, 'text': 'ב', 'upos': 'ADP', 'xpos': 'ADP', 'head': 8, 'deprel': 'case', 'lemma': 'ב'}, {'id': 8, 'text': 'שלומי', 'upos': 'NOUN', 'xpos': 'NOUN', 'head': 6, 'deprel': 'nmod', 'lemma': '_'}]"
9,רוב,DET,DET,10.0,det,"(33, 36)",רוב,Definite=Cons,
10,רוכשי,NOUN,NOUN,13.0,nsubj,"(37, 42)",רוכש,Definite=Cons|Gender=Masc|Number=Plur,
"(11, 12)",הדירות,,,,,"(43, 49)",,,"[{'id': 11, 'text': 'ה', 'upos': 'DET', 'xpos': 'DET', 'feats': 'PronType=Art', 'head': 12, 'deprel': 'det:def', 'lemma': 'ה'}, {'id': 12, 'text': 'דירות', 'upos': 'NOUN', 'xpos': 'NOUN', 'feats': 'Gender=Fem|Number=Plur', 'head': 10, 'deprel': 'compound:smixut', 'lemma': 'דירה'}]"
13,שמעו,VERB,VERB,0.0,root,"(50, 54)",שמע,"Gender=Fem,Masc|HebBinyan=PAAL|Number=Plur|Person=3|Tense=Past|Voice=Act",
14,על,ADP,ADP,16.0,case,"(55, 57)",על,,
"(15, 16)",הבניה,,,,,"(58, 63)",,,"[{'id': 15, 'text': 'ה', 'upos': 'DET', 'xpos': 'DET', 'feats': 'PronType=Art', 'head': 16, 'deprel': 'det:def', 'lemma': 'ה'}, {'id': 16, 'text': 'בניה', 'upos': 'NOUN', 'xpos': 'NOUN', 'feats': 'Gender=Fem|Number=Sing', 'head': 13, 'deprel': 'obl', 'lemma': 'בניה'}]"
"(17, 18)",בשלומי,,,,,"(64, 70)",,,"[{'id': 17, 'text': 'ב', 'upos': 'ADP', 'xpos': 'ADP', 'head': 18, 'deprel': 'case', 'lemma': 'ב'}, {'id': 18, 'text': 'שלומי', 'upos': 'PROPN', 'xpos': 'PROPN', 'head': 16, 'deprel': 'nmod', 'lemma': 'שלומי'}]"
19,בעקבות,ADP,ADP,20.0,case,"(71, 77)",בעקבות,,
20,פרסום,NOUN,NOUN,13.0,obl,"(78, 83)",פרסום,Gender=Masc|Number=Sing,
"(21, 23)",בעיתון,,,,,"(84, 90)",,,"[{'id': 21, 'text': 'ב', 'upos': 'ADP', 'xpos': 'ADP', 'head': 23, 'deprel': 'case', 'lemma': 'ב'}, {'id': 22, 'text': 'ה_', 'upos': 'DET', 'xpos': 'DET', 'feats': 'PronType=Art', 'head': 23, 'deprel': 'det:def', 'lemma': 'ה'}, {'id': 23, 'text': 'עיתון', 'upos': 'NOUN', 'xpos': 'NOUN', 'feats': 'Gender=Masc|Number=Sing', 'head': 20, 'deprel': 'nmod', 'lemma': 'עיתון'}]"
24,(,PUNCT,PUNCT,26.0,punct,"(91, 92)",(,,
25,48,NUM,NUM,26.0,nummod,"(92, 94)",48,,
26,%,NOUN,NOUN,20.0,appos,"(94, 95)",%,"Gender=Masc|Number=Plur,Sing",
27,),PUNCT,PUNCT,26.0,punct,"(95, 96)",),,
28,",",PUNCT,PUNCT,13.0,punct,"(96, 97)",",",,
29,עוד,ADV,ADV,31.0,det,"(98, 101)",עוד,,
30,30,NUM,NUM,31.0,nummod,"(102, 104)",30,,
31,%,NOUN,NOUN,20.0,conj,"(104, 105)",%,"Gender=Masc|Number=Plur,Sing",
32,דרך,ADP,ADP,33.0,case,"(106, 109)",דרך,,
33,חברים,NOUN,NOUN,31.0,nmod,"(110, 115)",חבר,Gender=Masc|Number=Plur,
"(34, 35)",ומשפחה,,,,,"(116, 122)",,,"[{'id': 34, 'text': 'ו', 'upos': 'CCONJ', 'xpos': 'CCONJ', 'head': 35, 'deprel': 'cc', 'lemma': 'ו'}, {'id': 35, 'text': 'משפחה', 'upos': 'NOUN', 'xpos': 'NOUN', 'feats': 'Gender=Fem|Number=Sing', 'head': 33, 'deprel': 'conj', 'lemma': 'משפחה'}]"
"(36, 37)",ו,,,,,"(123, 124)",,,"[{'id': 36, 'text': 'ו', 'upos': 'CCONJ', 'xpos': 'CCONJ', 'head': 37, 'deprel': 'cc', 'lemma': 'ו'}, {'id': 37, 'text': '_הוא', 'upos': 'PRON', 'xpos': 'PRON', 'feats': 'Gender=Masc|Number=Sing|Person=3|PronType=Prs', 'head': 40, 'deprel': 'dep', 'lemma': 'הוא'}]"
38,-,PUNCT,PUNCT,40.0,punct,"(124, 125)",-,,
39,24,NUM,NUM,40.0,nummod,"(126, 128)",24,,
40,%,NOUN,NOUN,13.0,conj,"(128, 129)",%,"Gender=Masc|Number=Plur,Sing",
41,"""",PUNCT,PUNCT,44.0,punct,"(130, 131)","""",,
"(42, 43)",במקרה,,,,,"(131, 136)",,,"[{'id': 42, 'text': 'ב', 'upos': 'ADP', 'xpos': 'ADP', 'head': 43, 'deprel': 'case', 'lemma': 'ב'}, {'id': 43, 'text': 'מקרה', 'upos': 'NOUN', 'xpos': 'NOUN', 'feats': 'Gender=Masc|Number=Sing', 'head': 44, 'deprel': 'obl', 'lemma': 'מקרה'}]"
44,עברו,VERB,VERB,40.0,nmod,"(137, 141)",עבר,"Gender=Fem,Masc|Number=Plur|Person=3|Tense=Past",
"(45, 47)",במקום,,,,,"(142, 147)",,,"[{'id': 45, 'text': 'ב', 'upos': 'ADP', 'xpos': 'ADP', 'head': 47, 'deprel': 'case', 'lemma': 'ב'}, {'id': 46, 'text': 'ה_', 'upos': 'DET', 'xpos': 'DET', 'feats': 'PronType=Art', 'head': 47, 'deprel': 'det:def', 'lemma': 'ה'}, {'id': 47, 'text': 'מקום', 'upos': 'NOUN', 'xpos': 'NOUN', 'feats': 'Gender=Masc|Number=Sing', 'head': 44, 'deprel': 'obl', 'lemma': 'מקום'}]"
48,"""",PUNCT,PUNCT,44.0,punct,"(147, 148)","""",,
