id,text,upos,xpos,head,deprel,span,lemma,feats,expanded
1,1,NUM,NUM,0.0,root,"(0, 1)",1,,
1,רקע,NOUN,NOUN,12.0,nsubj,"(1, 4)",רקע,Gender=Masc|Number=Sing,
"(2, 3)",ומתודולוגיה,,,,,"(5, 16)",,,"[{'id': 2, 'text': 'ו', 'upos': 'CCONJ', 'xpos': 'CCONJ', 'head': 3, 'deprel': 'cc', 'lemma': 'ו'}, {'id': 3, 'text': 'מתודולוגיה', 'upos': 'NOUN', 'xpos': 'NOUN', 'feats': 'Gender=Fem|Number=Sing', 'head': 1, 'deprel': 'conj', 'lemma': 'מתודולוגיה'}]"
4,סקר,NOUN,NOUN,12.0,nsubj,"(17, 20)",סקר,Definite=Cons|Gender=Masc|Number=Sing,
5,רוכשי,VERB,VERB,4.0,compound:smixut,"(21, 26)",רכש,Definite=Cons|Gender=Masc|Number=Plur,
6,דירות,NOUN,NOUN,5.0,compound:smixut,"(27, 32)",דירה,Gender=Fem|Number=Plur,
"(7, 9)",במגדל,,,,,"(33, 38)",,,"[{'id': 7, 'text': 'ב', 'upos': 'ADP', 'xpos': 'ADP', 'head': 9, 'deprel': 'case', 'lemma': 'ב'}, {'id': 8, 'text': 'ה_', 'upos': 'DET', 'xpos': 'DET', 'feats': 'PronType=Art', 'head': 9, 'deprel': 'det:def', 'lemma': 'ה'}, {'id': 9, 'text': 'מגדל', 'upos': 'NOUN', 'xpos': 'NOUN', 'feats': 'Definite=Cons|Gender=Masc|Number=Sing', 'head': 5, 'deprel': 'nmod', 'lemma': 'מגדל'}]"
"(10, 11)",העמק,,,,,"(39, 43)",,,"[{'id': 10, 'text': 'ה', 'upos': 'DET', 'xpos': 'DET', 'feats': 'PronType=Art', 'head': 11, 'deprel': 'det:def', 'lemma': 'ה'}, {'id': 11, 'text': 'עמק', 'upos': 'NOUN', 'xpos': 'NOUN', 'feats': 'Gender=Masc|Number=Sing', 'head': 9, 'deprel': 'compound:smixut', 'lemma': 'עמק'}]"
12,נערך,VERB,VERB,0.0,root,"(44, 48)",נערך,Gender=Masc|HebBinyan=NIFAL|Number=Sing|Person=3|Tense=Past|Voice=Mid,
13,על,ADP,ADP,15.0,case,"(49, 51)",על,,
14,פי,NOUN,NOUN,13.0,fixed,"(52, 54)",פה,Definite=Cons|Gender=Masc|Number=Sing,
15,הזמנת,NOUN,NOUN,12.0,obl,"(55, 60)",הזמנה,Definite=Cons|Gender=Fem|Number=Sing,
"(16, 17)",האגף,,,,,"(61, 65)",,,"[{'id': 16, 'text': 'ה', 'upos': 'DET', 'xpos': 'DET', 'feats': 'PronType=Art', 'head': 17, 'deprel': 'det:def', 'lemma': 'ה'}, {'id': 17, 'text': 'אגף', 'upos': 'NOUN', 'xpos': 'NOUN', 'feats': 'Gender=Masc|Number=Sing', 'head': 15, 'deprel': 'compound:smixut', 'lemma': 'אגף'}]"
"(18, 19)",למידע,,,,,"(66, 71)",,,"[{'id': 18, 'text': 'ל', 'upos': 'ADP', 'xpos': 'ADP', 'head': 19, 'deprel': 'case', 'lemma': 'ל'}, {'id': 19, 'text': 'מידע', 'upos': 'NOUN', 'xpos': 'NOUN', 'feats': 'Gender=Masc|Number=Sing', 'head': 17, 'deprel': 'nmod', 'lemma': 'מידע'}]"
"(20, 21)",וניתוח,,,,,"(72, 78)",,,"[{'id': 20, 'text': 'ו', 'upos': 'CCONJ', 'xpos': 'CCONJ', 'head': 21, 'deprel': 'cc', 'lemma': 'ו'}, {'id': 21, 'text': 'ניתוח', 'upos': 'NOUN', 'xpos': 'NOUN', 'feats': 'Gender=Masc|Number=Sing', 'head': 19, 'deprel': 'conj', 'lemma': 'ניתוח'}]"
22,כלכלי,ADJ,ADJ,21.0,amod,"(79, 84)",כלכלי,Gender=Masc|Number=Sing,
"(23, 24)",במשרד,,,,,"(85, 90)",,,"[{'id': 23, 'text': 'ב', 'upos': 'ADP', 'xpos': 'ADP', 'head': 24, 'deprel': 'case', 'lemma': 'ב'}, {'id': 24, 'text': 'משרד', 'upos': 'NOUN', 'xpos': 'NOUN', 'feats': 'Definite=Cons|Gender=Masc|Number=Sing', 'head': 17, 'deprel': 'nmod', 'lemma': 'משרד'}]"
"(25, 26)",הבינוי,,,,,"(91, 97)",,,"[{'id': 25, 'text': 'ה', 'upos': 'DET', 'xpos': 'DET', 'feats': 'PronType=Art', 'head': 26, 'deprel': 'det:def', 'lemma': 'ה'}, {'id': 26, 'text': 'בינוי', 'upos': 'NOUN', 'xpos': 'NOUN', 'feats': 'Gender=Masc|Number=Sing', 'head': 24, 'deprel': 'compound:smixut', 'lemma': 'בינוי'}]"
"(27, 29)",והשיכון,,,,,"(98, 105)",,,"[{'id': 27, 'text': 'ו', 'upos': 'CCONJ', 'xpos': 'CCONJ', 'head': 29, 'deprel': 'cc', 'lemma': 'ו'}, {'id': 28, 'text': 'ה', 'upos': 'DET', 'xpos': 'DET', 'feats': 'PronType=Art', 'head': 29, 'deprel': 'det:def', 'lemma': 'ה'}, {'id': 29, 'text': 'שיכון', 'upos': 'NOUN', 'xpos': 'NOUN', 'feats': 'Gender=Masc|Number=Sing', 'head': 26, 'deprel': 'conj', 'lemma': 'שיכון'}]"
"(1, 2)",הסקר,,,,,"(1, 5)",,,"[{'id': 1, 'text': 'ה', 'upos': 'DET', 'xpos': 'DET', 'feats': 'PronType=Art', 'head': 2, 'deprel': 'det:def', 'lemma': 'ה'}, {'id': 2, 'text': 'סקר', 'upos': 'NOUN', 'xpos': 'NOUN', 'feats': 'Gender=Masc|Number=Sing', 'head': 3, 'deprel': 'nsubj', 'lemma': 'סקר'}]"
3,בוצע,VERB,VERB,0.0,root,"(6, 10)",בוצע,Gender=Masc|HebBinyan=PUAL|Number=Sing|Person=3|Tense=Past|Voice=Pass,
"(4, 5)",במסגרת,,,,,"(11, 17)",,,"[{'id': 4, 'text': 'ב', 'upos': 'ADP', 'xpos': 'ADP', 'head': 6, 'deprel': 'case', 'lemma': 'ב'}, {'id': 5, 'text': 'מסגרת', 'upos': 'NOUN', 'xpos': 'NOUN', 'feats': 'Gender=Fem|Number=Sing', 'head': 4, 'deprel': 'fixed', 'lemma': 'מסגרת'}]"
6,סדרת,NOUN,NOUN,3.0,obl,"(18, 22)",סדרה,Definite=Cons|Gender=Fem|Number=Sing,
7,סקרי,NOUN,NOUN,6.0,compound:smixut,"(23, 27)",סקר,Definite=Cons|Gender=Masc|Number=Plur,
8,ישוב,NOUN,NOUN,7.0,compound:smixut,"(28, 32)",יישוב,Gender=Masc|Number=Sing,
"(9, 10)",הנערכים,,,,,"(33, 40)",,,"[{'id': 9, 'text': 'ה', 'upos': 'SCONJ', 'xpos': 'SCONJ', 'head': 10, 'deprel': 'mark', 'lemma': 'ה'}, {'id': 10, 'text': 'נערכים', 'upos': 'VERB', 'xpos': 'VERB', 'feats': 'Gender=Masc|HebBinyan=NIFAL|Number=Plur|Person=1,2,3|VerbForm=Part|Voice=Mid', 'head': 7, 'deprel': 'acl:relcl', 'lemma': 'נערך'}]"
"(11, 12)",באופן,,,,,"(41, 46)",,,"[{'id': 11, 'text': 'ב', 'upos': 'ADP', 'xpos': 'ADP', 'head': 12, 'deprel': 'case', 'lemma': 'ב'}, {'id': 12, 'text': 'אופן', 'upos': 'NOUN', 'xpos': 'NOUN', 'feats': 'Gender=Masc|Number=Sing', 'head': 10, 'deprel': 'obl', 'lemma': 'אופן'}]"
13,שוטף,ADJ,ADJ,12.0,amod,"(47, 51)",שוטף,Gender=Masc|Number=Sing,
14,על,ADP,ADP,18.0,case,"(52, 54)",על,,
15,-,PUNCT,PUNCT,14.0,fixed,"(54, 55)",-,,
16,ידי,NOUN,NOUN,14.0,fixed,"(56, 59)",יד,Definite=Cons|Gender=Fem|Number=Plur,
"(17, 18)",המשרד,,,,,"(60, 65)",,,"[{'id': 17, 'text': 'ה', 'upos': 'DET', 'xpos': 'DET', 'feats': 'PronType=Art', 'head': 18, 'deprel': 'det:def', 'lemma': 'ה'}, {'id': 18, 'text': 'משרד', 'upos': 'NOUN', 'xpos': 'NOUN', 'feats': 'Gender=Masc|Number=Sing', 'head': 10, 'deprel': 'obl', 'lemma': 'משרד'}]"
19,",",PUNCT,PUNCT,10.0,punct,"(65, 66)",",",,
"(20, 21)",לצורך,,,,,"(67, 72)",,,"[{'id': 20, 'text': 'ל', 'upos': 'ADP', 'xpos': 'ADP', 'head': 21, 'deprel': 'case', 'lemma': 'ל'}, {'id': 21, 'text': 'צורך', 'upos': 'NOUN', 'xpos': 'NOUN', 'feats': 'Definite=Cons|Gender=Masc|Number=Sing', 'head': 10, 'deprel': 'obl', 'lemma': 'צורך'}]"
22,מעקב,NOUN,NOUN,21.0,compound:smixut,"(73, 77)",מעקב,Gender=Masc|Number=Sing,
23,אחר,ADP,ADP,24.0,case,"(78, 81)",אחר,,
24,תהליכי,NOUN,NOUN,22.0,nmod,"(82, 88)",תהליך,Definite=Cons|Gender=Masc|Number=Plur,
"(25, 26)",הבניה,,,,,"(89, 94)",,,"[{'id': 25, 'text': 'ה', 'upos': 'DET', 'xpos': 'DET', 'feats': 'PronType=Art', 'head': 26, 'deprel': 'det:def', 'lemma': 'ה'}, {'id': 26, 'text': 'בניה', 'upos': 'NOUN', 'xpos': 'NOUN', 'feats': 'Gender=Fem|Number=Sing', 'head': 24, 'deprel': 'compound:smixut', 'lemma': 'בניה'}]"
"(27, 29)",והאיכלוס,,,,,"(95, 103)",,,"[{'id': 27, 'text': 'ו', 'upos': 'CCONJ', 'xpos': 'CCONJ', 'head': 29, 'deprel': 'cc', 'lemma': 'ו'}, {'id': 28, 'text': 'ה', 'upos': 'DET', 'xpos': 'DET', 'feats': 'PronType=Art', 'head': 29, 'deprel': 'det:def', 'lemma': 'ה'}, {'id': 29, 'text': 'איכלוס', 'upos': 'NOUN', 'xpos': 'NOUN', 'feats': 'Gender=Masc|Number=Sing', 'head': 26, 'deprel': 'conj', 'lemma': 'איכלוס'}]"
"(30, 32)",בישובים,,,,,"(104, 111)",,,"[{'id': 30, 'text': 'ב', 'upos': 'ADP', 'xpos': 'ADP', 'head': 32, 'deprel': 'case', 'lemma': 'ב'}, {'id': 31, 'text': 'ה_', 'upos': 'DET', 'xpos': 'DET', 'feats': 'PronType=Art', 'head': 32, 'deprel': 'det:def', 'lemma': 'ה'}, {'id': 32, 'text': 'ישובים', 'upos': 'NOUN', 'xpos': 'NOUN', 'feats': 'Gender=Masc|Number=Plur', 'head': 24, 'deprel': 'nmod', 'lemma': 'יישוב'}]"
33,נבחרים,VERB,VERB,32.0,amod,"(112, 118)",נבחר,"Gender=Masc|HebBinyan=NIFAL|Number=Plur|Person=1,2,3|VerbForm=Part|Voice=Mid",
34,",",PUNCT,PUNCT,32.0,punct,"(119, 120)",",",,
"(35, 36)",בהם,,,,,"(121, 124)",,,"[{'id': 35, 'text': 'ב_', 'upos': 'ADP', 'xpos': 'ADP', 'head': 36, 'deprel': 'case', 'lemma': 'ב'}, {'id': 36, 'text': '_הם', 'upos': 'PRON', 'xpos': 'PRON', 'feats': 'Gender=Masc|Number=Plur|Person=3|PronType=Prs', 'head': 37, 'deprel': 'obl', 'lemma': 'הוא'}]"
37,מעורב,ADJ,ADJ,32.0,acl:relcl,"(125, 130)",מעורב,VerbForm=Part,
"(38, 39)",המשרד,,,,,"(131, 136)",,,"[{'id': 38, 'text': 'ה', 'upos': 'DET', 'xpos': 'DET', 'feats': 'PronType=Art', 'head': 39, 'deprel': 'det:def', 'lemma': 'ה'}, {'id': 39, 'text': 'משרד', 'upos': 'NOUN', 'xpos': 'NOUN', 'feats': 'Gender=Masc|Number=Sing', 'head': 37, 'deprel': 'nsubj', 'lemma': 'משרד'}]"
40,ביזום,NOUN,NOUN,37.0,dep,"(137, 142)",ביזום,Gender=Masc|HebSource=ConvUncertainLabel|Number=Sing,
"(41, 43)",בניה,,,,,"(143, 147)",,,"[{'id': 41, 'text': 'בן_', 'upos': 'NOUN', 'xpos': 'NOUN', 'feats': 'Definite=Def|Gender=Masc|Number=Sing', 'head': 40, 'deprel': 'compound:smixut', 'lemma': 'בן'}, {'id': 42, 'text': '_של_', 'upos': 'ADP', 'xpos': 'ADP', 'head': 43, 'deprel': 'case:gen', 'lemma': 'של'}, {'id': 43, 'text': '_היא', 'upos': 'PRON', 'xpos': 'PRON', 'feats': 'Case=Gen|Gender=Fem|Number=Sing|Person=3|PronType=Prs', 'head': 41, 'deprel': 'nmod:poss', 'lemma': 'הוא'}]"
"(44, 45)",בהקפים,,,,,"(148, 154)",,,"[{'id': 44, 'text': 'ב', 'upos': 'ADP', 'xpos': 'ADP', 'head': 45, 'deprel': 'case', 'lemma': 'ב'}, {'id': 45, 'text': 'הקפים', 'upos': 'NOUN', 'xpos': 'NOUN', 'feats': 'Gender=Masc|Number=Plur', 'head': 40, 'deprel': 'nmod', 'lemma': 'הקף'}]"
46,גדולים,ADJ,ADJ,45.0,amod,"(155, 161)",גדול,Gender=Masc|Number=Plur,
1,להלן,ADV,ADV,0.0,root,"(1, 5)",להלן,,
2,פרוט,NOUN,NOUN,1.0,dep,"(6, 10)",פרוט,Definite=Cons|Gender=Masc|Number=Sing,
3,נתוני,NOUN,NOUN,2.0,compound:smixut,"(11, 16)",נתון,Definite=Cons|Gender=Masc|Number=Plur,
4,שיווק,NOUN,NOUN,3.0,compound:smixut,"(17, 22)",שיווק,Definite=Cons|Gender=Masc|Number=Sing,
5,קרקע,NOUN,NOUN,4.0,compound:smixut,"(23, 27)",קרקע,Gender=Fem|Number=Sing,
"(6, 8)",לבניה,,,,,"(28, 33)",,,"[{'id': 6, 'text': 'ל', 'upos': 'ADP', 'xpos': 'ADP', 'head': 8, 'deprel': 'case', 'lemma': 'ל'}, {'id': 7, 'text': 'ה_', 'upos': 'DET', 'xpos': 'DET', 'feats': 'PronType=Art', 'head': 8, 'deprel': 'det:def', 'lemma': 'ה'}, {'id': 8, 'text': 'בניה', 'upos': 'NOUN', 'xpos': 'NOUN', 'feats': 'Gender=Fem|Number=Sing', 'head': 5, 'deprel': 'nmod', 'lemma': 'בניה'}]"
"(9, 10)",למגורים,,,,,"(34, 41)",,,"[{'id': 9, 'text': 'ל', 'upos': 'ADP', 'xpos': 'ADP', 'head': 10, 'deprel': 'case', 'lemma': 'ל'}, {'id': 10, 'text': 'מגורים', 'upos': 'NOUN', 'xpos': 'NOUN', 'feats': 'Gender=Masc|Number=Plur', 'head': 4, 'deprel': 'nmod', 'lemma': 'מגורים'}]"
11,",",PUNCT,PUNCT,10.0,punct,"(42, 43)",",",,
12,התחלות,NOUN,NOUN,10.0,conj,"(44, 50)",התחלה,Definite=Cons|Gender=Fem|Number=Sing,
13,בניה,NOUN,NOUN,12.0,compound:smixut,"(51, 55)",בניה,Gender=Fem|Number=Sing,
"(14, 15)",ומכירות,,,,,"(56, 63)",,,"[{'id': 14, 'text': 'ו', 'upos': 'CCONJ', 'xpos': 'CCONJ', 'head': 15, 'deprel': 'cc', 'lemma': 'ו'}, {'id': 15, 'text': 'מכירות', 'upos': 'NOUN', 'xpos': 'NOUN', 'feats': 'Gender=Fem|Number=Plur', 'head': 4, 'deprel': 'conj', 'lemma': 'מכירה'}]"
16,של,ADP,ADP,17.0,case:gen,"(64, 66)",של,Case=Gen,
17,דירות,NOUN,NOUN,15.0,nmod:poss,"(67, 72)",דירה,Gender=Fem|Number=Plur,
"(18, 20)",בבניה,,,,,"(73, 78)",,,"[{'id': 18, 'text': 'ב', 'upos': 'ADP', 'xpos': 'ADP', 'head': 20, 'deprel': 'case', 'lemma': 'ב'}, {'id': 19, 'text': 'ה_', 'upos': 'DET', 'xpos': 'DET', 'feats': 'PronType=Art', 'head': 20, 'deprel': 'det:def', 'lemma': 'ה'}, {'id': 20, 'text': 'בניה', 'upos': 'NOUN', 'xpos': 'NOUN', 'feats': 'Gender=Fem|Number=Sing', 'head': 17, 'deprel': 'nmod', 'lemma': 'בניה'}]"
"(21, 22)",ביוזמה,,,,,"(79, 85)",,,"[{'id': 21, 'text': 'ב', 'upos': 'ADP', 'xpos': 'ADP', 'head': 22, 'deprel': 'case', 'lemma': 'ב'}, {'id': 22, 'text': 'יוזמה', 'upos': 'NOUN', 'xpos': 'NOUN', 'feats': 'Gender=Fem|Number=Sing', 'head': 4, 'deprel': 'nmod', 'lemma': 'יוזמה'}]"
23,ציבורית,ADJ,ADJ,22.0,amod,"(86, 93)",ציבורי,Gender=Fem|Number=Sing,
"(24, 26)",במגדל,,,,,"(94, 99)",,,"[{'id': 24, 'text': 'ב', 'upos': 'ADP', 'xpos': 'ADP', 'head': 26, 'deprel': 'case', 'lemma': 'ב'}, {'id': 25, 'text': 'ה_', 'upos': 'DET', 'xpos': 'DET', 'feats': 'PronType=Art', 'head': 26, 'deprel': 'det:def', 'lemma': 'ה'}, {'id': 26, 'text': 'מגדל', 'upos': 'NOUN', 'xpos': 'NOUN', 'feats': 'Definite=Cons|Gender=Masc|Number=Sing', 'head': 22, 'deprel': 'nmod', 'lemma': 'מגדל'}]"
"(27, 28)",העמק,,,,,"(100, 104)",,,"[{'id': 27, 'text': 'ה', 'upos': 'DET', 'xpos': 'DET', 'feats': 'PronType=Art', 'head': 28, 'deprel': 'det:def', 'lemma': 'ה'}, {'id': 28, 'text': 'עמק', 'upos': 'NOUN', 'xpos': 'NOUN', 'feats': 'Gender=Masc|Number=Sing', 'head': 26, 'deprel': 'compound:smixut', 'lemma': 'עמק'}]"
29,",",PUNCT,PUNCT,22.0,punct,"(104, 105)",",",,
"(30, 32)",בשנים,,,,,"(106, 111)",,,"[{'id': 30, 'text': 'ב', 'upos': 'ADP', 'xpos': 'ADP', 'head': 32, 'deprel': 'case', 'lemma': 'ב'}, {'id': 31, 'text': 'ה_', 'upos': 'DET', 'xpos': 'DET', 'feats': 'PronType=Art', 'head': 32, 'deprel': 'det:def', 'lemma': 'ה'}, {'id': 32, 'text': 'שנים', 'upos': 'NOUN', 'xpos': 'NOUN', 'feats': 'Gender=Fem|Number=Plur', 'head': 22, 'deprel': 'nmod', 'lemma': 'שנה'}]"
33,2000,NUM,NUM,32.0,amod,"(112, 116)",2000,,
34,-,PUNCT,PUNCT,33.0,punct,"(116, 117)",-,,
35,1994,NUM,NUM,33.0,nummod,"(117, 121)",1994,,
36,",",PUNCT,PUNCT,2.0,punct,"(121, 122)",",",,
37,לפי,ADP,ADP,38.0,case,"(123, 126)",לפי,,
38,שנת,NOUN,NOUN,2.0,nmod,"(127, 130)",שנה,Definite=Cons|Gender=Fem|Number=Sing,
39,פרסום,NOUN,NOUN,38.0,compound:smixut,"(131, 136)",פרסום,Definite=Cons|Gender=Masc|Number=Sing,
"(40, 41)",המכרז,,,,,"(137, 142)",,,"[{'id': 40, 'text': 'ה', 'upos': 'DET', 'xpos': 'DET', 'feats': 'PronType=Art', 'head': 41, 'deprel': 'det:def', 'lemma': 'ה'}, {'id': 41, 'text': 'מכרז', 'upos': 'NOUN', 'xpos': 'NOUN', 'feats': 'Gender=Masc|Number=Sing', 'head': 39, 'deprel': 'compound:smixut', 'lemma': 'מכרז'}]"
1,על פי,ADP,ADP,5.0,case,"(1, 6)",על פי,,
"(2, 2)",דו,,,,,"(7, 9)",,,"[{'id': 2, 'text': 'דו', 'upos': 'ADV', 'xpos': 'ADV', 'feats': 'HebSource=ConvUncertainHead|Prefix=Yes', 'head': 5, 'deprel': 'compound:affix', 'lemma': 'דו'}]"
"(3, 4)",וח,,,,,"(9, 11)",,,"[{'id': 3, 'text': 'ו', 'upos': 'CCONJ', 'xpos': 'CCONJ', 'head': 5, 'deprel': 'cc', 'lemma': 'ו'}, {'id': 4, 'text': 'ח', 'upos': 'X', 'xpos': 'X', 'feats': 'HebSource=ConvUncertainHead|Xtra=Junk', 'head': 5, 'deprel': 'dep', 'lemma': 'ח'}]"
"(5, 7)",ים,,,,,"(11, 13)",,,"[{'id': 5, 'text': 'ים_', 'upos': 'X', 'xpos': 'X', 'feats': 'Definite=Def|Gender=Masc|Number=Plur', 'head': 42, 'deprel': 'obl', 'lemma': 'הוא'}, {'id': 6, 'text': '_של_', 'upos': 'ADP', 'xpos': 'ADP', 'head': 7, 'deprel': 'case:gen', 'lemma': 'של'}, {'id': 7, 'text': '_הם', 'upos': 'PRON', 'xpos': 'PRON', 'feats': 'Case=Gen|Gender=Masc|Number=Plur|Person=3|PronType=Prs', 'head': 5, 'deprel': 'nmod:poss', 'lemma': 'הוא'}]"
8,שנמסרו,VERB,VERB,5.0,acl,"(14, 20)",שנמסר,"Gender=Fem,Masc|HebBinyan=NIFAL|Number=Plur|Person=3|Tense=Past|Voice=Mid",
"(9, 10)",לנו,,,,,"(21, 24)",,,"[{'id': 9, 'text': 'ל_', 'upos': 'ADP', 'xpos': 'ADP', 'head': 10, 'deprel': 'case', 'lemma': 'ל'}, {'id': 10, 'text': '_אנחנו', 'upos': 'PRON', 'xpos': 'PRON', 'feats': 'Gender=Fem,Masc|Number=Plur|Person=1|PronType=Prs', 'head': 8, 'deprel': 'obl', 'lemma': 'הוא'}]"
"(11, 12)",ממשרד,,,,,"(25, 30)",,,"[{'id': 11, 'text': 'מ', 'upos': 'ADP', 'xpos': 'ADP', 'head': 12, 'deprel': 'case', 'lemma': 'מ'}, {'id': 12, 'text': 'משרד', 'upos': 'NOUN', 'xpos': 'NOUN', 'feats': 'Definite=Cons|Gender=Masc|Number=Sing', 'head': 8, 'deprel': 'obl', 'lemma': 'משרד'}]"
"(13, 14)",הבי,,,,,"(31, 34)",,,"[{'id': 13, 'text': 'ה', 'upos': 'DET', 'xpos': 'DET', 'feats': 'PronType=Art', 'head': 14, 'deprel': 'det:def', 'lemma': 'ה'}, {'id': 14, 'text': 'בי', 'upos': 'NOUN', 'xpos': 'NOUN', 'head': 12, 'deprel': 'compound:smixut', 'lemma': 'ב'}]"
"(15, 16)",נו,,,,,"(34, 36)",,,"[{'id': 15, 'text': 'נו', 'upos': 'NOUN', 'xpos': 'NOUN', 'feats': 'Gender=Masc|Number=Sing', 'head': 14, 'deprel': 'flat:name', 'lemma': 'נו'}, {'id': 16, 'text': '_הוא', 'upos': 'PRON', 'xpos': 'PRON', 'feats': 'Case=Gen|Gender=Masc|Number=Sing|Person=3|PronType=Prs', 'head': 14, 'deprel': 'flat:name', 'lemma': 'הוא'}]"
"(17, 17)",י,,,,,"(36, 37)",,,"[{'id': 17, 'text': 'י', 'upos': 'PROPN', 'xpos': 'PROPN', 'head': 14, 'deprel': 'flat:name', 'lemma': 'וי'}]"
"(18, 20)",והשיכון,,,,,"(38, 45)",,,"[{'id': 18, 'text': 'ו', 'upos': 'CCONJ', 'xpos': 'CCONJ', 'head': 20, 'deprel': 'cc', 'lemma': 'ו'}, {'id': 19, 'text': 'ה', 'upos': 'DET', 'xpos': 'DET', 'feats': 'PronType=Art', 'head': 20, 'deprel': 'det:def', 'lemma': 'ה'}, {'id': 20, 'text': 'שיכון', 'upos': 'NOUN', 'xpos': 'NOUN', 'feats': 'Gender=Masc|Number=Sing', 'head': 14, 'deprel': 'conj', 'lemma': 'שיכון'}]"
21,",",PUNCT,PUNCT,12.0,punct,"(46, 47)",",",,
"(22, 25)",שמקורם,,,,,"(48, 54)",,,"[{'id': 22, 'text': 'ש', 'upos': 'SCONJ', 'xpos': 'SCONJ', 'head': 26, 'deprel': 'mark', 'lemma': 'ש'}, {'id': 23, 'text': 'מקור_', 'upos': 'NOUN', 'xpos': 'NOUN', 'feats': 'Definite=Def|Gender=Masc|Number=Plur', 'head': 26, 'deprel': 'nsubj', 'lemma': 'מקור'}, {'id': 24, 'text': '_של_', 'upos': 'ADP', 'xpos': 'ADP', 'head': 25, 'deprel': 'case:gen', 'lemma': 'של'}, {'id': 25, 'text': '_הם', 'upos': 'PRON', 'xpos': 'PRON', 'feats': 'Case=Gen|Gender=Masc|Number=Plur|Person=3|PronType=Prs', 'head': 23, 'deprel': 'nmod:poss', 'lemma': 'הוא'}]"
26,באו,VERB,VERB,12.0,acl:relcl,"(55, 58)",בא,"Gender=Fem,Masc|HebBinyan=PAAL|Number=Plur|Person=3|Tense=Past|Voice=Act",
"(27, 28)",מד,,,,,"(58, 60)",,,"[{'id': 27, 'text': 'מ', 'upos': 'ADP', 'xpos': 'ADP', 'head': 28, 'deprel': 'case', 'lemma': 'מ'}, {'id': 28, 'text': 'ד', 'upos': 'NOUN', 'xpos': 'NOUN', 'feats': 'Gender=Masc|Number=Plur', 'head': 26, 'deprel': 'obl', 'lemma': 'ד'}]"
"(29, 30)",נים,,,,,"(60, 63)",,,"[{'id': 29, 'text': 'נים', 'upos': 'NOUN', 'xpos': 'NOUN', 'feats': 'Gender=Masc|Number=Plur', 'head': 26, 'deprel': 'obl', 'lemma': 'נים'}, {'id': 30, 'text': '_הם', 'upos': 'PRON', 'xpos': 'PRON', 'feats': 'Gender=Masc|Number=Plur|Person=3|PronType=Prs', 'head': 28, 'deprel': 'nmod', 'lemma': 'הוא'}]"
31,על פי,ADP,ADP,32.0,case,"(64, 69)",על פי,,
"(32, 32)",נת,,,,,"(70, 72)",,,"[{'id': 32, 'text': 'נת', 'upos': 'PROPN', 'xpos': 'PROPN', 'head': 28, 'deprel': 'nmod', 'lemma': 'נת'}]"
"(33, 34)",וני,,,,,"(72, 75)",,,"[{'id': 33, 'text': 'ו', 'upos': 'NOUN', 'xpos': 'NOUN', 'head': 32, 'deprel': 'flat:name', 'lemma': 'ו'}, {'id': 34, 'text': 'ני', 'upos': 'PROPN', 'xpos': 'PROPN', 'head': 32, 'deprel': 'flat:name', 'lemma': 'ני'}]"
"(35, 36)",מס,,,,,"(76, 78)",,,"[{'id': 35, 'text': 'מ', 'upos': 'ADP', 'xpos': 'ADP', 'head': 37, 'deprel': 'case', 'lemma': 'מ'}, {'id': 36, 'text': 'ס', 'upos': 'NOUN', 'xpos': 'NOUN', 'feats': 'Definite=Def|Gender=Masc|Number=Plur', 'head': 32, 'deprel': 'nmod', 'lemma': 'ס'}]"
"(37, 39)",רכישה,,,,,"(79, 84)",,,"[{'id': 37, 'text': 'רכיש_', 'upos': 'NOUN', 'xpos': 'NOUN', 'feats': 'Definite=Def|Gender=Masc|Number=Plur', 'head': 32, 'deprel': 'nmod', 'lemma': 'רכיש'}, {'id': 38, 'text': '_של_', 'upos': 'ADP', 'xpos': 'ADP', 'head': 39, 'deprel': 'case:gen', 'lemma': 'של'}, {'id': 39, 'text': '_היא', 'upos': 'PRON', 'xpos': 'PRON', 'feats': 'Case=Gen|Gender=Fem|Number=Sing|Person=3|PronType=Prs', 'head': 37, 'deprel': 'nmod:poss', 'lemma': 'הוא'}]"
40,*,PUNCT,PUNCT,32.0,punct,"(84, 85)",*,,
41,",",PUNCT,PUNCT,42.0,punct,"(85, 86)",",",,
42,נמכרו,VERB,VERB,0.0,root,"(87, 92)",נמכר,"Gender=Fem,Masc|HebBinyan=NIFAL|Number=Plur|Person=3|Tense=Past|Voice=Mid",
"(43, 45)",במגדל,,,,,"(93, 98)",,,"[{'id': 43, 'text': 'ב', 'upos': 'ADP', 'xpos': 'ADP', 'head': 45, 'deprel': 'case', 'lemma': 'ב'}, {'id': 44, 'text': 'ה_', 'upos': 'DET', 'xpos': 'DET', 'feats': 'PronType=Art', 'head': 45, 'deprel': 'det:def', 'lemma': 'ה'}, {'id': 45, 'text': 'מגדל', 'upos': 'NOUN', 'xpos': 'NOUN', 'feats': 'Definite=Cons|Gender=Masc|Number=Sing', 'head': 42, 'deprel': 'obl', 'lemma': 'מגדל'}]"
"(46, 47)",העמק,,,,,"(99, 103)",,,"[{'id': 46, 'text': 'ה', 'upos': 'DET', 'xpos': 'DET', 'feats': 'PronType=Art', 'head': 47, 'deprel': 'det:def', 'lemma': 'ה'}, {'id': 47, 'text': 'עמק', 'upos': 'NOUN', 'xpos': 'NOUN', 'feats': 'Gender=Masc|Number=Sing', 'head': 45, 'deprel': 'compound:smixut', 'lemma': 'עמק'}]"
"(48, 50)",במהלך השנים,,,,,"(104, 115)",,,"[{'id': 48, 'text': 'ב', 'upos': 'ADP', 'xpos': 'ADP', 'head': 50, 'deprel': 'case', 'lemma': 'ב'}, {'id': 49, 'text': 'ה_', 'upos': 'DET', 'xpos': 'DET', 'feats': 'PronType=Art', 'head': 50, 'deprel': 'det:def', 'lemma': 'ה'}, {'id': 50, 'text': 'מהלכטהשנים', 'upos': 'NOUN', 'xpos': 'NOUN', 'feats': 'Xtra=Junk', 'head': 42, 'deprel': 'obl', 'lemma': 'מהלכטה'}]"
51,2000,NUM,NUM,50.0,dep,"(116, 120)",2000,,
52,-,PUNCT,PUNCT,51.0,punct,"(120, 121)",-,HebSource=ConvUncertainHead,
"(53, 54)",1997,,,,,"(121, 125)",,,"[{'id': 53, 'text': '1', 'upos': 'NUM', 'xpos': 'NUM', 'feats': 'HebSource=ConvUncertainHead', 'head': 51, 'deprel': 'dep', 'lemma': '1'}, {'id': 54, 'text': '997', 'upos': 'NUM', 'xpos': 'NUM', 'head': 51, 'deprel': 'nummod', 'lemma': '997'}]"
55,כ-,ADP,ADP,57.0,det,"(126, 128)",כ-,,
56,800,NUM,NUM,57.0,nummod,"(129, 132)",800,,
57,דירות,NOUN,NOUN,42.0,nsubj,"(133, 138)",דירה,Gender=Fem|Number=Plur,
"(58, 59)",מתו,,,,,"(139, 142)",,,"[{'id': 58, 'text': 'מתו', 'upos': 'ADP', 'xpos': 'ADP', 'head': 78, 'deprel': 'case', 'lemma': 'מת'}, {'id': 59, 'text': '_הוא', 'upos': 'PRON', 'xpos': 'PRON', 'feats': 'Gender=Masc|Number=Sing|Person=3|PronType=Prs', 'head': 78, 'deprel': 'nmod', 'lemma': 'הוא'}]"
"(60, 61)",כם,,,,,"(142, 144)",,,"[{'id': 60, 'text': 'כם', 'upos': 'NOUN', 'xpos': 'NOUN', 'head': 59, 'deprel': 'dep', 'lemma': 'כם'}, {'id': 61, 'text': '_הם', 'upos': 'PRON', 'xpos': 'PRON', 'feats': 'Gender=Masc|HebSource=ConvUncertainHead|Number=Plur|Person=3|PronType=Prs', 'head': 59, 'deprel': 'nmod:poss', 'lemma': 'הוא'}]"
62,כ-,ADP,ADP,64.0,det,"(145, 147)",כ-,,
63,300,NUM,NUM,64.0,nummod,"(147, 150)",300,,
64,דירות,NOUN,NOUN,57.0,nmod,"(151, 156)",דירה,Gender=Fem|Number=Plur,
65,חדשות,ADJ,ADJ,64.0,amod,"(157, 162)",חדש,Gender=Fem|Number=Plur,
"(66, 67)",בבני,,,,,"(163, 167)",,,"[{'id': 66, 'text': 'ב', 'upos': 'ADP', 'xpos': 'ADP', 'head': 67, 'deprel': 'case', 'lemma': 'ב'}, {'id': 67, 'text': 'בני', 'upos': 'NOUN', 'xpos': 'NOUN', 'feats': 'Definite=Cons|Gender=Masc|Number=Plur', 'head': 64, 'deprel': 'nmod', 'lemma': 'בן'}]"
"(68, 68)",ה,,,,,"(167, 168)",,,"[{'id': 68, 'text': 'ה', 'upos': 'DET', 'xpos': 'DET', 'feats': 'PronType=Art', 'head': 70, 'deprel': 'det:def', 'lemma': 'ה'}]"
"(69, 70)",ביוז,,,,,"(169, 173)",,,"[{'id': 69, 'text': 'ב', 'upos': 'ADP', 'xpos': 'ADP', 'head': 70, 'deprel': 'case', 'lemma': 'ב'}, {'id': 70, 'text': 'יוז', 'upos': 'PROPN', 'xpos': 'PROPN', 'head': 67, 'deprel': 'flat:name', 'lemma': 'יוז'}]"
"(71, 72)",מה,,,,,"(173, 175)",,,"[{'id': 71, 'text': 'מ', 'upos': 'ADP', 'xpos': 'ADP', 'head': 73, 'deprel': 'case', 'lemma': 'מ'}, {'id': 72, 'text': 'ה', 'upos': 'DET', 'xpos': 'DET', 'feats': 'PronType=Art', 'head': 73, 'deprel': 'det:def', 'lemma': 'ה'}]"
"(73, 74)",ציבורית,,,,,"(176, 183)",,,"[{'id': 73, 'text': 'צ', 'upos': 'PROPN', 'xpos': 'PROPN', 'head': 67, 'deprel': 'nmod', 'lemma': 'צ'}, {'id': 74, 'text': 'יבורית', 'upos': 'PROPN', 'xpos': 'PROPN', 'head': 73, 'deprel': 'flat:name', 'lemma': 'יבורית'}]"
75,",",PUNCT,PUNCT,64.0,punct,"(183, 184)",",",,
76,וכ-,ADP,ADP,78.0,det,"(185, 188)",וכ-,,
77,500,NUM,NUM,78.0,nummod,"(189, 192)",500,,
78,דירות,NOUN,NOUN,64.0,conj,"(193, 198)",דירה,Definite=Cons|Gender=Fem|Number=Plur,
"(79, 81)",יד,,,,,"(199, 201)",,,"[{'id': 79, 'text': 'יד_', 'upos': 'NOUN', 'xpos': 'NOUN', 'feats': 'Definite=Def|Gender=Fem|Number=Sing', 'head': 78, 'deprel': 'compound:smixut', 'lemma': 'יד'}, {'id': 80, 'text': '_של_', 'upos': 'ADP', 'xpos': 'ADP', 'head': 81, 'deprel': 'case:gen', 'lemma': 'של'}, {'id': 81, 'text': '_היא', 'upos': 'PRON', 'xpos': 'PRON', 'feats': 'Case=Gen|Gender=Fem|Number=Sing|Person=3|PronType=Prs', 'head': 79, 'deprel': 'nmod:poss', 'lemma': 'הוא'}]"
"(82, 83)",שניה,,,,,"(202, 206)",,,"[{'id': 82, 'text': 'ש', 'upos': 'PROPN', 'xpos': 'PROPN', 'feats': 'HebSource=ConvUncertainHead', 'head': 78, 'deprel': 'dep', 'lemma': 'ש'}, {'id': 83, 'text': 'ניה', 'upos': 'PROPN', 'xpos': 'PROPN', 'feats': 'HebSource=ConvUncertainHead', 'head': 78, 'deprel': 'nmod', 'lemma': 'ניה'}]"
1,"""",PUNCT,PUNCT,17.0,punct,"(1, 2)","""",,
"(2, 4)",בניה,,,,,"(2, 6)",,,"[{'id': 2, 'text': 'בן_', 'upos': 'NOUN', 'xpos': 'NOUN', 'feats': 'Definite=Def|Gender=Masc|Number=Sing', 'head': 17, 'deprel': 'nsubj', 'lemma': 'בן'}, {'id': 3, 'text': '_של_', 'upos': 'ADP', 'xpos': 'ADP', 'head': 4, 'deprel': 'case:gen', 'lemma': 'של'}, {'id': 4, 'text': '_היא', 'upos': 'PRON', 'xpos': 'PRON', 'feats': 'Case=Gen|Gender=Fem|Number=Sing|Person=3|PronType=Prs', 'head': 2, 'deprel': 'nmod:poss', 'lemma': 'הוא'}]"
"(5, 6)",בי,,,,,"(7, 9)",,,"[{'id': 5, 'text': 'ב_', 'upos': 'ADP', 'xpos': 'ADP', 'head': 6, 'deprel': 'case', 'lemma': 'ב'}, {'id': 6, 'text': '_אני', 'upos': 'PRON', 'xpos': 'PRON', 'feats': 'Gender=Fem,Masc|Number=Sing|Person=1|PronType=Prs', 'head': 2, 'deprel': 'nmod', 'lemma': 'הוא'}]"
"(7, 8)",וז,,,,,"(9, 11)",,,"[{'id': 7, 'text': 'ו', 'upos': 'CCONJ', 'xpos': 'CCONJ', 'feats': 'HebSource=ConvUncertainHead', 'head': 8, 'deprel': 'cc', 'lemma': 'ו'}, {'id': 8, 'text': 'ז', 'upos': 'PROPN', 'xpos': 'PROPN', 'head': 6, 'deprel': 'conj', 'lemma': 'ז'}]"
"(9, 10)",מה,,,,,"(11, 13)",,,"[{'id': 9, 'text': 'מ', 'upos': 'ADP', 'xpos': 'ADP', 'head': 11, 'deprel': 'case', 'lemma': 'מ'}, {'id': 10, 'text': 'ה', 'upos': 'DET', 'xpos': 'DET', 'feats': 'PronType=Art', 'head': 11, 'deprel': 'det:def', 'lemma': 'ה'}]"
"(11, 12)",ציבורית,,,,,"(14, 21)",,,"[{'id': 11, 'text': 'צ', 'upos': 'PROPN', 'xpos': 'PROPN', 'head': 8, 'deprel': 'flat:name', 'lemma': 'צ'}, {'id': 12, 'text': 'יבורית', 'upos': 'X', 'xpos': 'X', 'feats': 'Xtra=Junk', 'head': 8, 'deprel': 'flat:name', 'lemma': '_'}]"
13,"""",PUNCT,PUNCT,14.0,punct,"(21, 22)","""",,
"(14, 15)",מ,,,,,"(23, 24)",,,"[{'id': 14, 'text': 'ם', 'upos': 'NOUN', 'xpos': 'NOUN', 'head': 17, 'deprel': 'dep', 'lemma': 'ם'}, {'id': 15, 'text': '_ה', 'upos': 'PRON', 'xpos': 'PRON', 'feats': 'Gender=Fem|Number=Sing|Person=3|PronType=Prs', 'head': 14, 'deprel': 'nmod', 'lemma': 'הוא'}]"
"(16, 17)",תייחס,,,,,"(24, 29)",,,"[{'id': 16, 'text': 'ת', 'upos': 'NOUN', 'xpos': 'NOUN', 'feats': 'HebSource=ConvUncertainHead', 'head': 14, 'deprel': 'flat:name', 'lemma': 'ת'}, {'id': 17, 'text': 'ייחס', 'upos': 'VERB', 'xpos': 'VERB', 'feats': 'Gender=Masc|HebBinyan=PIEL|Number=Sing|Person=3|Tense=Fut|Voice=Act', 'head': 0, 'deprel': 'root', 'lemma': 'ייחס'}]"
18,ת,PROPN,PROPN,17.0,dep,"(29, 30)",ת,,
19,ל,ADP,ADP,22.0,case,"(31, 32)",ל,,
"(20, 21)",מכר,,,,,"(32, 35)",,,"[{'id': 20, 'text': 'מ', 'upos': 'ADP', 'xpos': 'ADP', 'head': 22, 'deprel': 'case', 'lemma': 'מ'}, {'id': 21, 'text': 'כר', 'upos': 'NOUN', 'xpos': 'NOUN', 'feats': 'Gender=Masc|Number=Plur', 'head': 17, 'deprel': 'obl', 'lemma': 'כר'}]"
"(22, 24)",זים,,,,,"(35, 38)",,,"[{'id': 22, 'text': 'זים_', 'upos': 'NOUN', 'xpos': 'NOUN', 'feats': 'Definite=Def|Gender=Masc|Number=Plur', 'head': 17, 'deprel': 'obl', 'lemma': 'זים'}, {'id': 23, 'text': '_של_', 'upos': 'ADP', 'xpos': 'ADP', 'head': 24, 'deprel': 'case:gen', 'lemma': 'של'}, {'id': 24, 'text': '_הם', 'upos': 'PRON', 'xpos': 'PRON', 'feats': 'Case=Gen|Gender=Masc|Number=Plur|Person=3|PronType=Prs', 'head': 22, 'deprel': 'nmod:poss', 'lemma': 'הוא'}]"
"(25, 26)",ששווקו על ידי,,,,,"(39, 52)",,,"[{'id': 25, 'text': 'ש', 'upos': 'SCONJ', 'xpos': 'SCONJ', 'head': 26, 'deprel': 'mark', 'lemma': 'ש'}, {'id': 26, 'text': 'שווקוטעלאידי', 'upos': 'VERB', 'xpos': 'VERB', 'head': 21, 'deprel': 'acl:relcl', 'lemma': 'שקווטעל'}]"
"(27, 28)",משרד הבי,,,,,"(53, 61)",,,"[{'id': 27, 'text': 'משרד', 'upos': 'NOUN', 'xpos': 'NOUN', 'feats': 'Definite=Cons|Gender=Masc|Number=Sing', 'head': 26, 'deprel': 'compound:smixut', 'lemma': 'משרד'}, {'id': 28, 'text': 'אהבי', 'upos': 'NOUN', 'xpos': 'NOUN', 'feats': 'Gender=Masc|Number=Sing', 'head': 27, 'deprel': 'compound:smixut', 'lemma': 'אהבי'}]"
"(29, 30)",נו,,,,,"(61, 63)",,,"[{'id': 29, 'text': 'נו', 'upos': 'NOUN', 'xpos': 'NOUN', 'head': 28, 'deprel': 'flat:name', 'lemma': 'נו'}, {'id': 30, 'text': '_הוא', 'upos': 'PRON', 'xpos': 'PRON', 'feats': 'Gender=Masc|Number=Sing|Person=3|PronType=Prs', 'head': 29, 'deprel': 'flat:name', 'lemma': 'הוא'}]"
"(31, 31)",י,,,,,"(63, 64)",,,"[{'id': 31, 'text': 'י', 'upos': 'PROPN', 'xpos': 'PROPN', 'head': 29, 'deprel': 'flat:name', 'lemma': 'וי'}]"
"(32, 34)",והשיכון,,,,,"(65, 72)",,,"[{'id': 32, 'text': 'ו', 'upos': 'CCONJ', 'xpos': 'CCONJ', 'head': 34, 'deprel': 'cc', 'lemma': 'ו'}, {'id': 33, 'text': 'ה', 'upos': 'DET', 'xpos': 'DET', 'feats': 'PronType=Art', 'head': 34, 'deprel': 'det:def', 'lemma': 'ה'}, {'id': 34, 'text': 'שיכון', 'upos': 'NOUN', 'xpos': 'NOUN', 'feats': 'Gender=Masc|Number=Sing', 'head': 28, 'deprel': 'conj', 'lemma': 'שיכון'}]"
35,(,PUNCT,PUNCT,36.0,punct,"(73, 74)",(,,
36,בנפרד,ADV,ADV,27.0,appos,"(74, 79)",בנפרד,,
"(37, 37)",או,,,,,"(80, 82)",,,"[{'id': 37, 'text': 'או', 'upos': 'CCONJ', 'xpos': 'CCONJ', 'feats': 'HebSource=ConvUncertainHead', 'head': 36, 'deprel': 'dep', 'lemma': 'או'}]"
"(38, 39)",במ,,,,,"(83, 85)",,,"[{'id': 38, 'text': 'ב', 'upos': 'ADP', 'xpos': 'ADP', 'head': 36, 'deprel': 'fixed', 'lemma': 'ב'}, {'id': 39, 'text': 'מ', 'upos': 'ADP', 'xpos': 'ADP', 'head': 36, 'deprel': 'fixed', 'lemma': 'מ'}]"
"(40, 41)",שותף,,,,,"(85, 89)",,,"[{'id': 40, 'text': 'ש', 'upos': 'SCONJ', 'xpos': 'SCONJ', 'head': 41, 'deprel': 'mark', 'lemma': 'ש'}, {'id': 41, 'text': 'ותף', 'upos': 'VERB', 'xpos': 'VERB', 'feats': 'Gender=Masc|HebBinyan=PAAL|Number=Sing|Person=3|Tense=Past|Voice=Act', 'head': 36, 'deprel': 'dep', 'lemma': 'ותף'}]"
"(42, 43)",עם,,,,,"(90, 92)",,,"[{'id': 42, 'text': 'עם', 'upos': 'ADP', 'xpos': 'ADP', 'head': 43, 'deprel': 'case', 'lemma': 'עם'}, {'id': 43, 'text': '_הם', 'upos': 'PRON', 'xpos': 'PRON', 'feats': 'Gender=Masc|Number=Plur|Person=3|PronType=Prs', 'head': 41, 'deprel': 'obl', 'lemma': 'הוא'}]"
"(44, 45)",מי,,,,,"(93, 95)",,,"[{'id': 44, 'text': 'מ', 'upos': 'ADP', 'xpos': 'ADP', 'head': 45, 'deprel': 'case', 'lemma': 'מ'}, {'id': 45, 'text': 'י', 'upos': 'PROPN', 'xpos': 'PROPN', 'feats': 'HebSource=ConvUncertainHead', 'head': 41, 'deprel': 'obl', 'lemma': 'וי'}]"
"(46, 47)",נהל,,,,,"(95, 98)",,,"[{'id': 46, 'text': 'נהל', 'upos': 'NOUN', 'xpos': 'NOUN', 'feats': 'Definite=Cons|Gender=Masc|Number=Sing', 'head': 41, 'deprel': 'obl', 'lemma': 'נהל'}, {'id': 47, 'text': '_הלא', 'upos': 'PROPN', 'xpos': 'PROPN', 'head': 46, 'deprel': 'compound:smixut', 'lemma': 'הלא'}]"
48,מקרקעי,NOUN,NOUN,45.0,appos,"(99, 105)",מקרקעין,Definite=Cons|Gender=Masc|Number=Plur,
"(49, 50)",ישראל,,,,,"(106, 111)",,,"[{'id': 49, 'text': 'ישראל', 'upos': 'PROPN', 'xpos': 'PROPN', 'head': 48, 'deprel': 'compound:smixut', 'lemma': 'ישראל'}, {'id': 50, 'text': '_היא', 'upos': 'PRON', 'xpos': 'PRON', 'feats': 'Case=Gen|Gender=Fem|Number=Sing|Person=3|PronType=Prs', 'head': 49, 'deprel': 'nmod:poss', 'lemma': 'הוא'}]"
51,),PUNCT,PUNCT,36.0,punct,"(111, 112)",),,
"(1, 2)",במסגרת,,,,,"(1, 7)",,,"[{'id': 1, 'text': 'ב', 'upos': 'ADP', 'xpos': 'ADP', 'head': 13, 'deprel': 'dep', 'lemma': 'ב'}, {'id': 2, 'text': 'מסגרת', 'upos': 'NOUN', 'xpos': 'NOUN', 'feats': 'Gender=Fem|Number=Sing', 'head': 13, 'deprel': 'obl', 'lemma': 'מסגרת'}]"
"(3, 4)",הסקר,,,,,"(8, 12)",,,"[{'id': 3, 'text': 'ה', 'upos': 'DET', 'xpos': 'DET', 'feats': 'PronType=Art', 'head': 4, 'deprel': 'det:def', 'lemma': 'ה'}, {'id': 4, 'text': 'סקר', 'upos': 'NOUN', 'xpos': 'NOUN', 'feats': 'Gender=Masc|Number=Sing', 'head': 13, 'deprel': 'advmod', 'lemma': 'סקר'}]"
5,בקרב,ADV,ADV,13.0,advmod,"(13, 17)",בקרב,,
6,רוכשי,NOUN,NOUN,13.0,nsubj,"(18, 23)",רוכש,Definite=Cons,
7,דירות,NOUN,NOUN,13.0,compound:smixut,"(24, 29)",דירה,Gender=Fem|Number=Plur,
"(8, 10)",במגדל,,,,,"(30, 35)",,,"[{'id': 8, 'text': 'ב', 'upos': 'ADP', 'xpos': 'ADP', 'head': 13, 'deprel': 'dep', 'lemma': 'ב'}, {'id': 9, 'text': 'ה_', 'upos': 'DET', 'xpos': 'DET', 'feats': 'PronType=Art', 'head': 6, 'deprel': 'det:def', 'lemma': 'ה'}, {'id': 10, 'text': 'מגדל', 'upos': 'NOUN', 'xpos': 'NOUN', 'feats': 'Gender=Masc|Number=Sing', 'head': 13, 'deprel': 'obl', 'lemma': 'מגדל'}]"
"(11, 12)",העמק,,,,,"(36, 40)",,,"[{'id': 11, 'text': 'ה', 'upos': 'DET', 'xpos': 'DET', 'feats': 'PronType=Art', 'head': 12, 'deprel': 'det:def', 'lemma': 'ה'}, {'id': 12, 'text': 'עמק', 'upos': 'NOUN', 'xpos': 'NOUN', 'feats': 'Gender=Masc|Number=Sing', 'head': 7, 'deprel': 'nmod', 'lemma': 'עמק'}]"
"(13, 15)",רואיינו,,,,,"(41, 48)",,,"[{'id': 13, 'text': 'רוא_', 'upos': 'NOUN', 'xpos': 'NOUN', 'feats': 'Definite=Def|Gender=Masc|Number=Sing', 'head': 0, 'deprel': 'root', 'lemma': 'רוא'}, {'id': 14, 'text': '_של_', 'upos': 'ADP', 'xpos': 'ADP', 'feats': 'PronType=Art', 'head': 15, 'deprel': 'case:gen', 'lemma': 'של'}, {'id': 15, 'text': '_אנחנו', 'upos': 'PRON', 'xpos': 'PRON', 'feats': 'Gender=Fem,Masc|Number=Plur|Person=1|PronType=Prs', 'head': 13, 'deprel': 'nmod:poss', 'lemma': 'הוא'}]"
16,כ,ADP,ADP,13.0,dep,"(49, 50)",כ,,
17,-,PUNCT,PUNCT,13.0,punct,"(50, 51)",-,,
18,350,NUM,NUM,13.0,obj,"(52, 55)",350,,
19,רוכשי,VERB,VERB,13.0,dep,"(56, 61)",רכש,Definite=Cons|Gender=Masc|Number=Sing,
20,דירות,NOUN,NOUN,13.0,compound:smixut,"(62, 67)",דירה,Gender=Fem|Number=Plur,
21,",",PUNCT,PUNCT,13.0,punct,"(67, 68)",",",,
"(22, 23)",מתוכם,,,,,"(69, 74)",,,"[{'id': 22, 'text': 'מתוך_', 'upos': 'ADP', 'xpos': 'ADP', 'head': 23, 'deprel': 'case', 'lemma': 'מתוך'}, {'id': 23, 'text': '_הם', 'upos': 'PRON', 'xpos': 'PRON', 'feats': 'Gender=Masc|Number=Plur|Person=3|PronType=Prs', 'head': 13, 'deprel': 'advmod', 'lemma': 'הוא'}]"
24,כ,ADP,ADP,13.0,dep,"(75, 76)",כ,,
25,-,PUNCT,PUNCT,13.0,punct,"(76, 77)",-,,
26,184,NUM,NUM,13.0,obj,"(78, 81)",184,,
27,רוכשי,DET,DET,13.0,dep,"(82, 87)",רוכש,Definite=Cons|Gender=Masc|Number=Sing,
28,דירות,NOUN,NOUN,13.0,obj,"(88, 93)",דירה,Gender=Fem|Number=Plur,
29,חדשות,ADJ,ADJ,28.0,dep,"(94, 99)",חדש,,
30,ו,CCONJ,CCONJ,13.0,dep,"(100, 101)",ו,,
31,-,PUNCT,PUNCT,13.0,punct,"(101, 102)",-,,
32,166,NUM,NUM,13.0,obj,"(103, 106)",166,,
33,רוכשי,DET,DET,13.0,dep,"(107, 112)",רוכש,Definite=Cons|Gender=Masc|Number=Sing,
34,דירות,NOUN,NOUN,13.0,obj,"(113, 118)",דירה,Gender=Fem|Number=Plur,
35,יד,NOUN,NOUN,13.0,dep,"(119, 121)",יד,,
36,שניה,NOUN,NOUN,13.0,dep,"(122, 126)",שנייה,Gender=Masc|Number=Sing,
1,להלן,ADV,ADV,34.0,dep,"(1, 5)",להלן,,
2,פרוט,NOUN,NOUN,27.0,dep,"(6, 10)",פרוט,Definite=Cons|Gender=Masc|Number=Sing,
"(3, 4)",הרכישות,,,,,"(11, 18)",,,"[{'id': 3, 'text': 'ה', 'upos': 'DET', 'xpos': 'DET', 'feats': 'PronType=Art', 'head': 8, 'deprel': 'det:def', 'lemma': 'ה'}, {'id': 4, 'text': 'רכישות', 'upos': 'NOUN', 'xpos': 'NOUN', 'feats': 'Gender=Masc|Number=Sing', 'head': 8, 'deprel': 'advmod', 'lemma': 'רכישה'}]"
"(5, 6)",ומספר,,,,,"(19, 24)",,,"[{'id': 5, 'text': 'ו', 'upos': 'CCONJ', 'xpos': 'CCONJ', 'head': 34, 'deprel': 'cc', 'lemma': 'ו'}, {'id': 6, 'text': 'מספר', 'upos': 'NOUN', 'xpos': 'NOUN', 'feats': 'Gender=Masc|Number=Sing', 'head': 27, 'deprel': 'advmod', 'lemma': 'מספר'}]"
"(7, 8)",הראיונות,,,,,"(25, 33)",,,"[{'id': 7, 'text': 'ה', 'upos': 'DET', 'xpos': 'DET', 'feats': 'PronType=Art', 'head': 8, 'deprel': 'det:def', 'lemma': 'ה'}, {'id': 8, 'text': 'ראיונות', 'upos': 'NOUN', 'xpos': 'NOUN', 'feats': 'Gender=Masc|Number=Sing', 'head': 0, 'deprel': 'root', 'lemma': 'ריאיון'}]"
"(9, 10)",שבוצעו,,,,,"(34, 40)",,,"[{'id': 9, 'text': 'ש', 'upos': 'DET', 'xpos': 'DET', 'feats': 'PronType=Art', 'head': 8, 'deprel': 'dep', 'lemma': 'ש'}, {'id': 10, 'text': 'בוצעו', 'upos': 'NOUN', 'xpos': 'NOUN', 'feats': 'Gender=Masc|Number=Sing', 'head': 8, 'deprel': 'advmod', 'lemma': 'בוצע'}]"
11,לפי,ADV,ADV,27.0,dep,"(41, 44)",לפי,,
12,שנת רכישה,NOUN,NOUN,27.0,dep,"(45, 54)",שנת רכישה,,
13,:,PUNCT,PUNCT,50.0,punct,"(54, 55)",:,,
"(14, 15)",להלן,,,,,"(56, 60)",,,"[{'id': 14, 'text': 'ל', 'upos': 'PUNCT', 'xpos': 'PUNCT', 'head': 27, 'deprel': 'punct', 'lemma': 'ל'}, {'id': 15, 'text': 'הלן', 'upos': 'NOUN', 'xpos': 'NOUN', 'head': 34, 'deprel': 'advmod', 'lemma': 'הלן'}]"
16,תאור שיטת,NOUN,NOUN,27.0,dep,"(61, 70)",תאורטשיט,Definite=Cons|Gender=Masc|Number=Sing,
"(17, 18)",המחקר,,,,,"(71, 76)",,,"[{'id': 17, 'text': 'ה', 'upos': 'DET', 'xpos': 'DET', 'feats': 'PronType=Art', 'head': 8, 'deprel': 'det:def', 'lemma': 'ה'}, {'id': 18, 'text': 'מחקר', 'upos': 'NOUN', 'xpos': 'NOUN', 'feats': 'Gender=Masc|Number=Sing', 'head': 8, 'deprel': 'obl', 'lemma': 'מחקר'}]"
"(19, 20)",שנקטנו,,,,,"(77, 83)",,,"[{'id': 19, 'text': 'ש', 'upos': 'SCONJ', 'xpos': 'SCONJ', 'feats': 'Gender=Masc|HebBinyan=HUFAL|Number=Sing|Person=1,2,3|VerbForm=Part|Voice=Pass', 'head': 50, 'deprel': 'dep', 'lemma': 'ש'}, {'id': 20, 'text': 'נקטנו', 'upos': 'NOUN', 'xpos': 'NOUN', 'feats': 'Gender=Masc|Number=Sing', 'head': 34, 'deprel': 'advmod', 'lemma': 'נקטן'}]"
"(21, 22)",בה,,,,,"(84, 86)",,,"[{'id': 21, 'text': 'ב_', 'upos': 'NOUN', 'xpos': 'NOUN', 'head': 50, 'deprel': 'advmod', 'lemma': 'ב'}, {'id': 22, 'text': '_היא', 'upos': 'NOUN', 'xpos': 'NOUN', 'head': 27, 'deprel': 'dep', 'lemma': 'הוא'}]"
"(23, 24)",לצורך,,,,,"(87, 92)",,,"[{'id': 23, 'text': 'ל', 'upos': 'PUNCT', 'xpos': 'PUNCT', 'head': 27, 'deprel': 'punct', 'lemma': 'ל'}, {'id': 24, 'text': 'צורך', 'upos': 'NOUN', 'xpos': 'NOUN', 'head': 27, 'deprel': 'punct', 'lemma': 'צורך'}]"
"(25, 27)",ביצוע,,,,,"(93, 98)",,,"[{'id': 25, 'text': 'ב', 'upos': 'ADP', 'xpos': 'ADP', 'head': 65, 'deprel': 'dep', 'lemma': 'ב'}, {'id': 26, 'text': 'ה_', 'upos': 'NOUN', 'xpos': 'NOUN', 'feats': 'PronType=Art', 'head': 65, 'deprel': 'advmod', 'lemma': 'ה'}, {'id': 27, 'text': 'יצוע', 'upos': 'NOUN', 'xpos': 'NOUN', 'head': 8, 'deprel': 'conj', 'lemma': 'יצוע'}]"
"(28, 29)",הסקר,,,,,"(99, 103)",,,"[{'id': 28, 'text': 'ה', 'upos': 'DET', 'xpos': 'DET', 'feats': 'PronType=Art', 'head': 8, 'deprel': 'det:def', 'lemma': 'ה'}, {'id': 29, 'text': 'סקר', 'upos': 'NOUN', 'xpos': 'NOUN', 'feats': 'Gender=Masc|Number=Sing', 'head': 8, 'deprel': 'advmod', 'lemma': 'סקר'}]"
"(30, 31)",לפי,,,,,"(104, 107)",,,"[{'id': 30, 'text': 'ל', 'upos': 'PUNCT', 'xpos': 'PUNCT', 'head': 27, 'deprel': 'punct', 'lemma': 'ל'}, {'id': 31, 'text': 'פי', 'upos': 'ADV', 'xpos': 'ADV', 'head': 27, 'deprel': 'dep', 'lemma': 'פי'}]"
32,סוגי,NOUN,NOUN,27.0,dep,"(108, 112)",סוג,,
"(33, 34)",הרוכשים,,,,,"(113, 120)",,,"[{'id': 33, 'text': 'ה', 'upos': 'DET', 'xpos': 'DET', 'head': 50, 'deprel': 'det:def', 'lemma': 'ה'}, {'id': 34, 'text': 'רוכשים', 'upos': 'NOUN', 'xpos': 'NOUN', 'feats': 'Gender=Masc|Number=Sing', 'head': 27, 'deprel': 'dep', 'lemma': 'רכש'}]"
35,:,PUNCT,PUNCT,50.0,punct,"(120, 121)",:,,
36,רוכשי,DET,DET,27.0,dep,"(122, 127)",רוכש,Definite=Cons|Gender=Masc|Number=Sing,
37,דירות,PUNCT,PUNCT,27.0,dep,"(128, 133)",דירה,,
38,חדשות,PUNCT,PUNCT,34.0,dep,"(134, 139)",חדש,,
39,רוכשי,DET,DET,27.0,dep,"(140, 145)",רוכש,Definite=Cons|Gender=Masc|Number=Sing,
"(40, 41)",הדירות,,,,,"(146, 152)",,,"[{'id': 40, 'text': 'ה', 'upos': 'DET', 'xpos': 'DET', 'feats': 'PronType=Art', 'head': 8, 'deprel': 'det:def', 'lemma': 'ה'}, {'id': 41, 'text': 'דירות', 'upos': 'NOUN', 'xpos': 'NOUN', 'feats': 'Gender=Masc|Number=Sing', 'head': 8, 'deprel': 'obl', 'lemma': 'דירה'}]"
"(42, 43)",החדשות,,,,,"(153, 159)",,,"[{'id': 42, 'text': 'ה', 'upos': 'PUNCT', 'xpos': 'PUNCT', 'head': 34, 'deprel': 'dep', 'lemma': 'ה'}, {'id': 43, 'text': 'חדשות', 'upos': 'ADJ', 'xpos': 'ADJ', 'head': 27, 'deprel': 'dep', 'lemma': 'חדש'}]"
44,נדגמו,NOUN,NOUN,27.0,dep,"(160, 165)",נדגם,Definite=Cons|Gender=Masc|Number=Sing,
45,מתוך,PUNCT,PUNCT,27.0,dep,"(166, 170)",מתוך,,
46,רשימות,NOUN,NOUN,27.0,obj,"(171, 177)",רשימה,,
47,רוכשי,DET,DET,27.0,dep,"(178, 183)",רוכש,Definite=Cons|Gender=Masc|Number=Sing,
48,דירות,PUNCT,PUNCT,27.0,dep,"(184, 189)",דירה,,
"(49, 50)",שסופקו,,,,,"(190, 196)",,,"[{'id': 49, 'text': 'ש', 'upos': 'SCONJ', 'xpos': 'SCONJ', 'head': 50, 'deprel': 'mark', 'lemma': 'ש'}, {'id': 50, 'text': 'סופקו', 'upos': 'NOUN', 'xpos': 'NOUN', 'feats': 'Gender=Masc|Number=Sing', 'head': 27, 'deprel': 'advmod', 'lemma': 'סופקו'}]"
51,על,PUNCT,PUNCT,27.0,dep,"(197, 199)",על,,
52,ידי,NOUN,NOUN,27.0,dep,"(200, 203)",יד,,
"(53, 54)",הקבלנים,,,,,"(204, 211)",,,"[{'id': 53, 'text': 'ה', 'upos': 'DET', 'xpos': 'DET', 'feats': 'PronType=Art', 'head': 50, 'deprel': 'det:def', 'lemma': 'ה'}, {'id': 54, 'text': 'קבלנים', 'upos': 'NOUN', 'xpos': 'NOUN', 'feats': 'Gender=Masc|Number=Sing', 'head': 34, 'deprel': 'advmod', 'lemma': 'קבלן'}]"
"(55, 56)",הבונים,,,,,"(212, 218)",,,"[{'id': 55, 'text': 'ה', 'upos': 'PUNCT', 'xpos': 'PUNCT', 'head': 34, 'deprel': 'dep', 'lemma': 'ה'}, {'id': 56, 'text': 'בונים', 'upos': 'NOUN', 'xpos': 'NOUN', 'feats': 'Gender=Masc|Number=Sing', 'head': 34, 'deprel': 'advmod', 'lemma': 'בון'}]"
"(57, 59)",בישוב,,,,,"(219, 224)",,,"[{'id': 57, 'text': 'ב', 'upos': 'ADP', 'xpos': 'ADP', 'head': 50, 'deprel': 'dep', 'lemma': 'ב'}, {'id': 58, 'text': 'ה_', 'upos': 'NOUN', 'xpos': 'NOUN', 'head': 34, 'deprel': 'advmod', 'lemma': 'ה'}, {'id': 59, 'text': 'ישוב', 'upos': 'NOUN', 'xpos': 'NOUN', 'head': 27, 'deprel': 'nsubj', 'lemma': 'יישוב'}]"
60,:,PUNCT,PUNCT,27.0,punct,"(224, 225)",:,,
61,ח,PUNCT,PUNCT,27.0,dep,"(226, 227)",ח,,
62,לגבי,PUNCT,PUNCT,27.0,dep,"(228, 232)",לגבי,,
63,מתחמים,NOUN,NOUN,27.0,obj,"(233, 239)",מתחם,,
"(64, 65)",שאוכלסו,,,,,"(240, 247)",,,"[{'id': 64, 'text': 'ש', 'upos': 'SCONJ', 'xpos': 'SCONJ', 'head': 27, 'deprel': 'mark', 'lemma': 'ש'}, {'id': 65, 'text': 'אוכלסו', 'upos': 'NOUN', 'xpos': 'NOUN', 'head': 27, 'deprel': 'dep', 'lemma': 'אוכלסו'}]"
66,",",PUNCT,PUNCT,27.0,punct,"(248, 249)",",",,
67,נמסרו,DET,DET,27.0,dep,"(250, 255)",נמסר,Definite=Cons|Gender=Masc|Number=Sing,
68,כתובות,NOUN,NOUN,27.0,dep,"(256, 262)",כתובת,Definite=Cons|Gender=Masc|Number=Sing,
"(69, 70)",הבניינים,,,,,"(263, 271)",,,"[{'id': 69, 'text': 'ה', 'upos': 'DET', 'xpos': 'DET', 'feats': 'PronType=Art', 'head': 50, 'deprel': 'det:def', 'lemma': 'ה'}, {'id': 70, 'text': 'בניינים', 'upos': 'NOUN', 'xpos': 'NOUN', 'feats': 'Gender=Masc|Number=Sing', 'head': 34, 'deprel': 'compound:smixut', 'lemma': 'בניין'}]"
"(71, 72)",ונדגמו,,,,,"(272, 278)",,,"[{'id': 71, 'text': 'ו', 'upos': 'DET', 'xpos': 'DET', 'feats': 'PronType=Art', 'head': 50, 'deprel': 'dep', 'lemma': 'ו'}, {'id': 72, 'text': 'נדגמו', 'upos': 'NOUN', 'xpos': 'NOUN', 'feats': 'Gender=Masc|Number=Sing', 'head': 50, 'deprel': 'advmod', 'lemma': 'נדגם'}]"
73,כל,PUNCT,PUNCT,27.0,dep,"(279, 281)",כול,,
"(74, 75)",הדיירים,,,,,"(282, 289)",,,"[{'id': 74, 'text': 'ה', 'upos': 'DET', 'xpos': 'DET', 'feats': 'PronType=Art', 'head': 34, 'deprel': 'det:def', 'lemma': 'ה'}, {'id': 75, 'text': 'דיירים', 'upos': 'NOUN', 'xpos': 'NOUN', 'head': 27, 'deprel': 'nsubj', 'lemma': 'דייר'}]"
76,ה,PUNCT,PUNCT,34.0,dep,"(290, 291)",ה,,
77,מתגוררים,VERB,VERB,27.0,dep,"(292, 300)",התגורר,Definite=Cons|Gender=Masc|Number=Sing,
"(78, 79)",באותם,,,,,"(301, 306)",,,"[{'id': 78, 'text': 'ב', 'upos': 'ADP', 'xpos': 'ADP', 'head': 77, 'deprel': 'dep', 'lemma': 'ב'}, {'id': 79, 'text': 'אותם', 'upos': 'ADV', 'xpos': 'ADV', 'head': 27, 'deprel': 'det', 'lemma': 'אותו'}]"
80,בניינים,NOUN,NOUN,27.0,obj,"(307, 314)",בניין,,
"(1, 1)",ח,,,,,"(1, 2)",,,"[{'id': 1, 'text': 'ח', 'upos': 'X', 'xpos': 'X', 'head': 16, 'deprel': 'dep', 'lemma': 'ח'}]"
"(2, 4)",לגבי,,,,,"(3, 7)",,,"[{'id': 2, 'text': 'ל', 'upos': 'ADP', 'xpos': 'ADP', 'head': 1, 'deprel': 'dep', 'lemma': 'ל'}, {'id': 3, 'text': 'ה_', 'upos': 'DET', 'xpos': 'DET', 'feats': 'PronType=Art', 'head': 4, 'deprel': 'det:def', 'lemma': 'ה'}, {'id': 4, 'text': 'גבי', 'upos': 'NOUN', 'xpos': 'NOUN', 'feats': 'Xtra=Junk', 'head': 1, 'deprel': 'nmod', 'lemma': 'גב'}]"
"(5, 6)",מת,,,,,"(8, 10)",,,"[{'id': 5, 'text': 'מ', 'upos': 'ADP', 'xpos': 'ADP', 'head': 7, 'deprel': 'case', 'lemma': 'מ'}, {'id': 6, 'text': 'ת', 'upos': 'NOUN', 'xpos': 'NOUN', 'feats': 'Xtra=Junk', 'head': 5, 'deprel': 'fixed', 'lemma': 'ת'}]"
"(7, 9)",חמים,,,,,"(10, 14)",,,"[{'id': 7, 'text': 'חמי_', 'upos': 'NOUN', 'xpos': 'NOUN', 'feats': 'Definite=Def|Gender=Masc|Number=Plur', 'head': 1, 'deprel': 'nmod', 'lemma': 'חמי'}, {'id': 8, 'text': '_של_', 'upos': 'ADP', 'xpos': 'ADP', 'head': 9, 'deprel': 'case:gen', 'lemma': 'של'}, {'id': 9, 'text': '_הם', 'upos': 'PRON', 'xpos': 'PRON', 'feats': 'Case=Gen|Gender=Masc|Number=Plur|Person=3|PronType=Prs', 'head': 7, 'deprel': 'nmod:poss', 'lemma': 'הוא'}]"
"(10, 11)",שטרם,,,,,"(15, 19)",,,"[{'id': 10, 'text': 'ש', 'upos': 'SCONJ', 'xpos': 'SCONJ', 'head': 12, 'deprel': 'mark', 'lemma': 'ש'}, {'id': 11, 'text': 'טרם', 'upos': 'ADP', 'xpos': 'ADP', 'head': 12, 'deprel': 'case', 'lemma': 'טרם'}]"
"(12, 13)",אוכל,,,,,"(20, 24)",,,"[{'id': 12, 'text': 'אוכל', 'upos': 'NOUN', 'xpos': 'NOUN', 'feats': 'Definite=Cons|Gender=Masc|Number=Sing', 'head': 7, 'deprel': 'acl:relcl', 'lemma': 'אוכל'}, {'id': 13, 'text': '_היא', 'upos': 'PRON', 'xpos': 'PRON', 'feats': 'Case=Gen|Gender=Fem|Number=Sing|Person=3|PronType=Prs', 'head': 12, 'deprel': 'nmod:poss', 'lemma': 'הוא'}]"
"(14, 14)",סו,,,,,"(24, 26)",,,"[{'id': 14, 'text': 'סו', 'upos': 'PROPN', 'xpos': 'PROPN', 'head': 12, 'deprel': 'flat:name', 'lemma': 'סו'}]"
15,",",PUNCT,PUNCT,16.0,punct,"(26, 27)",",",,
"(16, 18)",נמסרה,,,,,"(28, 33)",,,"[{'id': 16, 'text': 'נמסר_', 'upos': 'VERB', 'xpos': 'VERB', 'feats': 'Gender=Masc|HebBinyan=NIFAL|Number=Sing|Person=3|Tense=Past|Voice=Mid', 'head': 0, 'deprel': 'root', 'lemma': 'נמסר'}, {'id': 17, 'text': '_של_', 'upos': 'ADP', 'xpos': 'ADP', 'head': 18, 'deprel': 'case:gen', 'lemma': 'של'}, {'id': 18, 'text': '_היא', 'upos': 'PRON', 'xpos': 'PRON', 'feats': 'Case=Gen|Gender=Fem|Number=Sing|Person=3|PronType=Prs', 'head': 16, 'deprel': 'nmod:poss', 'lemma': 'הוא'}]"
19,על ידי,NOUN,NOUN,20.0,dep,"(34, 40)",עליד,Definite=Cons|Gender=Fem|Number=Plur,
"(20, 21)",חלק מהקבל,,,,,"(41, 50)",,,"[{'id': 20, 'text': 'חלקפ', 'upos': 'NOUN', 'xpos': 'NOUN', 'head': 16, 'deprel': 'obl', 'lemma': 'חלקפ'}, {'id': 21, 'text': 'מהקבל', 'upos': 'X', 'xpos': 'X', 'feats': 'Xtra=Junk', 'head': 22, 'deprel': 'case', 'lemma': '_'}]"
"(22, 23)",נים,,,,,"(50, 53)",,,"[{'id': 22, 'text': 'נים', 'upos': 'NOUN', 'xpos': 'NOUN', 'feats': 'Gender=Masc|Number=Plur', 'head': 16, 'deprel': 'obl', 'lemma': 'נים'}, {'id': 23, 'text': '_הם', 'upos': 'PRON', 'xpos': 'PRON', 'feats': 'Case=Gen|Gender=Masc|Number=Plur|Person=3|PronType=Prs', 'head': 22, 'deprel': 'nmod:poss', 'lemma': 'הוא'}]"
"(24, 26)",רשימת מספרי הטל,,,,,"(54, 69)",,,"[{'id': 24, 'text': 'רש', 'upos': 'PROPN', 'xpos': 'PROPN', 'feats': 'HebSource=ConvUncertainHead', 'head': 16, 'deprel': 'dep', 'lemma': 'רש'}, {'id': 25, 'text': 'ימתטט', 'upos': 'X', 'xpos': 'X', 'feats': 'Xtra=Junk', 'head': 24, 'deprel': 'dep', 'lemma': '_'}, {'id': 26, 'text': 'פריצהטלל', 'upos': 'PROPN', 'xpos': 'PROPN', 'head': 25, 'deprel': 'compound:smixut', 'lemma': 'פריצהטלל'}]"
"(27, 28)",פון,,,,,"(69, 72)",,,"[{'id': 27, 'text': 'פון', 'upos': 'ADP', 'xpos': 'ADP', 'head': 28, 'deprel': 'case', 'lemma': 'פון'}, {'id': 28, 'text': '_הן', 'upos': 'PRON', 'xpos': 'PRON', 'feats': 'Gender=Fem|Number=Plur|Person=3|PronType=Prs', 'head': 25, 'deprel': 'obl', 'lemma': 'הוא'}]"
"(29, 32)",של הרוכ,,,,,"(73, 80)",,,"[{'id': 29, 'text': 'ש', 'upos': 'SCONJ', 'xpos': 'SCONJ', 'head': 32, 'deprel': 'mark', 'lemma': 'ש'}, {'id': 30, 'text': 'ל', 'upos': 'ADP', 'xpos': 'ADP', 'head': 32, 'deprel': 'case', 'lemma': 'ל'}, {'id': 31, 'text': 'ה_', 'upos': 'DET', 'xpos': 'DET', 'feats': 'PronType=Art', 'head': 32, 'deprel': 'det:def', 'lemma': 'ה'}, {'id': 32, 'text': 'טהרוכ', 'upos': 'NOUN', 'xpos': 'NOUN', 'feats': 'Gender=Masc|Number=Sing', 'head': 25, 'deprel': 'obl', 'lemma': 'טהרוכ'}]"
"(33, 34)",שים,,,,,"(80, 83)",,,"[{'id': 33, 'text': 'ש', 'upos': 'SCONJ', 'xpos': 'SCONJ', 'head': 32, 'deprel': 'mark', 'lemma': 'ש'}, {'id': 34, 'text': 'ים', 'upos': 'NOUN', 'xpos': 'NOUN', 'feats': 'Gender=Masc|Number=Plur', 'head': 32, 'deprel': 'nmod', 'lemma': 'ים'}]"
1,אחוז,NOUN,NOUN,12.0,nsubj,"(1, 5)",אחוז,Definite=Cons|Gender=Masc|Number=Sing,
"(2, 3)",ההענות,,,,,"(6, 12)",,,"[{'id': 2, 'text': 'ה', 'upos': 'DET', 'xpos': 'DET', 'feats': 'PronType=Art', 'head': 3, 'deprel': 'det:def', 'lemma': 'ה'}, {'id': 3, 'text': 'הענות', 'upos': 'NOUN', 'xpos': 'NOUN', 'feats': 'Gender=Fem|Number=Sing', 'head': 1, 'deprel': 'compound:smixut', 'lemma': 'היענות'}]"
4,בקרב,ADP,ADP,5.0,case,"(13, 17)",בקרב,,
5,רוכשי,NOUN,NOUN,1.0,nmod,"(18, 23)",רוכש,Definite=Cons|Gender=Masc|Number=Plur,
6,דירות,NOUN,NOUN,5.0,compound:smixut,"(24, 29)",דירה,Gender=Fem|Number=Plur,
7,חדשות,ADJ,ADJ,6.0,amod,"(30, 35)",חדש,Gender=Fem|Number=Plur,
8,היה,AUX,AUX,12.0,cop,"(36, 39)",היה,Gender=Masc|Number=Sing|Person=3|Polarity=Pos|Tense=Past|VerbType=Cop,
9,כ,ADV,ADV,12.0,advmod,"(40, 41)",כ,,
10,-,PUNCT,PUNCT,12.0,punct,"(41, 42)",-,,
11,55,NUM,NUM,12.0,nummod,"(43, 45)",55,,
12,%,NOUN,NOUN,0.0,root,"(45, 46)",%,"Gender=Masc|Number=Plur,Sing",
1,רוכשי,NOUN,NOUN,27.0,nsubj,"(1, 6)",רוכש,Definite=Cons|Gender=Masc|Number=Plur,
2,דירות,NOUN,NOUN,1.0,compound:smixut,"(7, 12)",דירה,Gender=Fem|Number=Plur,
3,יד,NOUN,NOUN,2.0,compound:smixut,"(13, 15)",יד,Gender=Fem|Number=Sing,
4,שניה,NUM,NUM,3.0,flat:name,"(16, 20)",שניה,Gender=Fem|Number=Sing,
5,על,ADP,ADP,7.0,case,"(21, 23)",על,,
6,מנת,ADP,ADP,5.0,fixed,"(24, 27)",מנה,,
7,לאתר,VERB,VERB,27.0,advcl,"(28, 32)",איתר,HebBinyan=PIEL|VerbForm=Inf|Voice=Act,
8,רוכשי,NOUN,NOUN,7.0,obj,"(33, 38)",רוכש,Definite=Cons|Gender=Masc|Number=Plur,
9,דירות,NOUN,NOUN,8.0,compound:smixut,"(39, 44)",דירה,Gender=Fem|Number=Plur,
10,יד,NOUN,NOUN,9.0,compound:smixut,"(45, 47)",יד,Gender=Fem|Number=Sing,
11,שניה,NUM,NUM,10.0,flat:name,"(48, 52)",שניה,Gender=Fem|Number=Sing,
12,",",PUNCT,PUNCT,8.0,punct,"(53, 54)",",",,
"(13, 14)",שקנו,,,,,"(55, 59)",,,"[{'id': 13, 'text': 'ש', 'upos': 'SCONJ', 'xpos': 'SCONJ', 'head': 14, 'deprel': 'mark', 'lemma': 'ש'}, {'id': 14, 'text': 'קנו', 'upos': 'VERB', 'xpos': 'VERB', 'feats': 'Gender=Fem,Masc|HebBinyan=PAAL|Number=Plur|Person=3|Tense=Past|Voice=Act', 'head': 8, 'deprel': 'acl:relcl', 'lemma': 'קנה'}]"
15,את,ADP,ADP,16.0,case:acc,"(60, 62)",את,Case=Acc,
"(16, 18)",דירתם,,,,,"(63, 68)",,,"[{'id': 16, 'text': 'דירה_', 'upos': 'NOUN', 'xpos': 'NOUN', 'feats': 'Definite=Def|Gender=Fem|Number=Sing', 'head': 14, 'deprel': 'obj', 'lemma': 'דירה'}, {'id': 17, 'text': '_של_', 'upos': 'ADP', 'xpos': 'ADP', 'head': 18, 'deprel': 'case:gen', 'lemma': 'של'}, {'id': 18, 'text': '_הם', 'upos': 'PRON', 'xpos': 'PRON', 'feats': 'Case=Gen|Gender=Masc|Number=Plur|Person=3|PronType=Prs', 'head': 16, 'deprel': 'nmod:poss', 'lemma': 'הוא'}]"
19,ב,ADP,ADP,23.0,case,"(69, 70)",ב,,
20,-,PUNCT,PUNCT,23.0,punct,"(70, 71)",-,,
21,4,NUM,NUM,23.0,nummod,"(72, 73)",4,,
"(22, 23)",השנים,,,,,"(74, 79)",,,"[{'id': 22, 'text': 'ה', 'upos': 'DET', 'xpos': 'DET', 'feats': 'PronType=Art', 'head': 23, 'deprel': 'det:def', 'lemma': 'ה'}, {'id': 23, 'text': 'שנים', 'upos': 'NOUN', 'xpos': 'NOUN', 'feats': 'Gender=Fem|Number=Plur', 'head': 14, 'deprel': 'obl', 'lemma': 'שנה'}]"
"(24, 25)",האחרונות,,,,,"(80, 88)",,,"[{'id': 24, 'text': 'ה', 'upos': 'DET', 'xpos': 'DET', 'feats': 'PronType=Art', 'head': 25, 'deprel': 'det:def', 'lemma': 'ה'}, {'id': 25, 'text': 'אחרונות', 'upos': 'ADJ', 'xpos': 'ADJ', 'feats': 'Gender=Fem|Number=Plur', 'head': 23, 'deprel': 'amod', 'lemma': 'אחרון'}]"
26,",",PUNCT,PUNCT,27.0,punct,"(88, 89)",",",,
27,בוצעה,VERB,VERB,0.0,root,"(90, 95)",בוצע,Gender=Fem|HebBinyan=NIFAL|Number=Sing|Person=3|Tense=Past|Voice=Mid,
28,התקשרות,NOUN,NOUN,27.0,nsubj,"(96, 103)",התקשרות,Gender=Fem|Number=Sing,
"(29, 30)",לכל,,,,,"(104, 107)",,,"[{'id': 29, 'text': 'ל', 'upos': 'ADP', 'xpos': 'ADP', 'head': 32, 'deprel': 'case', 'lemma': 'ל'}, {'id': 30, 'text': 'כל', 'upos': 'DET', 'xpos': 'DET', 'feats': 'Definite=Cons', 'head': 32, 'deprel': 'det', 'lemma': 'כול'}]"
"(31, 32)",המתגוררים,,,,,"(108, 117)",,,"[{'id': 31, 'text': 'ה', 'upos': 'DET', 'xpos': 'DET', 'feats': 'PronType=Art', 'head': 32, 'deprel': 'det:def', 'lemma': 'ה'}, {'id': 32, 'text': 'מתגוררים', 'upos': 'VERB', 'xpos': 'VERB', 'feats': 'Gender=Masc|HebBinyan=HITPAEL|Number=Plur|Person=1,2,3|VerbForm=Part', 'head': 28, 'deprel': 'nmod', 'lemma': 'התגורר'}]"
"(33, 35)",במגדל,,,,,"(118, 123)",,,"[{'id': 33, 'text': 'ב', 'upos': 'ADP', 'xpos': 'ADP', 'head': 35, 'deprel': 'case', 'lemma': 'ב'}, {'id': 34, 'text': 'ה_', 'upos': 'DET', 'xpos': 'DET', 'feats': 'PronType=Art', 'head': 35, 'deprel': 'det:def', 'lemma': 'ה'}, {'id': 35, 'text': 'מגדל', 'upos': 'NOUN', 'xpos': 'NOUN', 'feats': 'Definite=Cons|Gender=Masc|Number=Sing', 'head': 32, 'deprel': 'obl', 'lemma': 'מגדל'}]"
"(36, 37)",העמק,,,,,"(124, 128)",,,"[{'id': 36, 'text': 'ה', 'upos': 'DET', 'xpos': 'DET', 'feats': 'PronType=Art', 'head': 37, 'deprel': 'det:def', 'lemma': 'ה'}, {'id': 37, 'text': 'עמק', 'upos': 'NOUN', 'xpos': 'NOUN', 'feats': 'Gender=Masc|Number=Sing', 'head': 35, 'deprel': 'compound:smixut', 'lemma': 'עמק'}]"
"(38, 39)",שלא,,,,,"(129, 132)",,,"[{'id': 38, 'text': 'ש', 'upos': 'SCONJ', 'xpos': 'SCONJ', 'head': 40, 'deprel': 'mark', 'lemma': 'ש'}, {'id': 39, 'text': 'לא', 'upos': 'ADV', 'xpos': 'ADV', 'feats': 'Polarity=Neg', 'head': 40, 'deprel': 'advmod', 'lemma': 'לא'}]"
40,נכללו,VERB,VERB,32.0,acl:relcl,"(133, 138)",נכלל,"Gender=Fem,Masc|HebBinyan=NIFAL|Number=Plur|Person=3|Tense=Past|Voice=Mid",
"(41, 42)",ברשימת,,,,,"(139, 145)",,,"[{'id': 41, 'text': 'ב', 'upos': 'ADP', 'xpos': 'ADP', 'head': 42, 'deprel': 'case', 'lemma': 'ב'}, {'id': 42, 'text': 'רשימת', 'upos': 'NOUN', 'xpos': 'NOUN', 'feats': 'Definite=Cons|Gender=Fem|Number=Sing', 'head': 40, 'deprel': 'obl', 'lemma': 'רשימה'}]"
43,רוכשי,NOUN,NOUN,42.0,compound:smixut,"(146, 151)",רוכש,Definite=Cons|Gender=Masc|Number=Plur,
44,דירות,NOUN,NOUN,43.0,compound:smixut,"(152, 157)",דירה,Gender=Fem|Number=Plur,
45,חדשות,ADJ,ADJ,44.0,amod,"(158, 163)",חדש,Gender=Fem|Number=Plur,
"(46, 48)","ובסה""כ",,,,,"(164, 170)",,,"[{'id': 46, 'text': 'ו', 'upos': 'CCONJ', 'xpos': 'CCONJ', 'head': 61, 'deprel': 'cc', 'lemma': 'ו'}, {'id': 47, 'text': 'ב', 'upos': 'ADP', 'xpos': 'ADP', 'head': 48, 'deprel': 'case', 'lemma': 'ב'}, {'id': 48, 'text': 'סה""כ', 'upos': 'NOUN', 'xpos': 'NOUN', 'feats': 'Abbr=Yes|Gender=Masc|Number=Sing', 'head': 61, 'deprel': 'obl', 'lemma': 'סה""ך'}]"
"(49, 50)",לכ,,,,,"(171, 173)",,,"[{'id': 49, 'text': 'ל', 'upos': 'ADP', 'xpos': 'ADP', 'head': 53, 'deprel': 'case', 'lemma': 'ל'}, {'id': 50, 'text': 'כ', 'upos': 'ADV', 'xpos': 'ADV', 'head': 53, 'deprel': 'advmod', 'lemma': 'כ'}]"
51,-,PUNCT,PUNCT,53.0,punct,"(173, 174)",-,,
52,"4,300",NUM,NUM,53.0,nummod,"(175, 180)","4,300",,
53,משפחות,NOUN,NOUN,48.0,nmod,"(181, 187)",משפחה,Gender=Fem|Number=Plur,
54,",",PUNCT,PUNCT,61.0,punct,"(187, 188)",",",,
55,רק,ADV,ADV,58.0,advmod,"(189, 191)",רק,,
56,כ,ADV,ADV,58.0,advmod,"(192, 193)",כ,,
57,-,PUNCT,PUNCT,58.0,punct,"(193, 194)",-,,
58,"2,500",NUM,NUM,61.0,nsubj,"(195, 200)","2,500",,
"(59, 60)",מתוכם,,,,,"(201, 206)",,,"[{'id': 59, 'text': 'מתוך_', 'upos': 'ADP', 'xpos': 'ADP', 'head': 60, 'deprel': 'case', 'lemma': 'מתוך'}, {'id': 60, 'text': '_הם', 'upos': 'PRON', 'xpos': 'PRON', 'feats': 'Gender=Masc|Number=Plur|Person=3|PronType=Prs', 'head': 58, 'deprel': 'obl', 'lemma': 'הוא'}]"
61,הסכימו,VERB,VERB,27.0,parataxis,"(207, 213)",הסכים,"Gender=Fem,Masc|HebBinyan=HIFIL|Number=Plur|Person=3|Tense=Past|Voice=Act",
62,להתראיין,VERB,VERB,61.0,xcomp,"(214, 222)",התראיין,HebBinyan=HITPAEL|VerbForm=Inf,
63,(,PUNCT,PUNCT,65.0,punct,"(223, 224)",(,,
64,58,NUM,NUM,65.0,nummod,"(224, 226)",58,,
65,%,NOUN,NOUN,61.0,parataxis,"(226, 227)",%,"Gender=Masc|Number=Plur,Sing",
66,),PUNCT,PUNCT,65.0,punct,"(227, 228)",),,
"(1, 2)",המרואיינים,,,,,"(1, 11)",,,"[{'id': 1, 'text': 'ה', 'upos': 'DET', 'xpos': 'DET', 'feats': 'PronType=Art', 'head': 2, 'deprel': 'det:def', 'lemma': 'ה'}, {'id': 2, 'text': 'מרואיינים', 'upos': 'NOUN', 'xpos': 'NOUN', 'feats': 'Gender=Masc|Number=Plur', 'head': 6, 'deprel': 'nsubj', 'lemma': 'מרואיין'}]"
"(3, 4)",שהסכימו,,,,,"(12, 19)",,,"[{'id': 3, 'text': 'ש', 'upos': 'SCONJ', 'xpos': 'SCONJ', 'head': 4, 'deprel': 'mark', 'lemma': 'ש'}, {'id': 4, 'text': 'הסכימו', 'upos': 'VERB', 'xpos': 'VERB', 'feats': 'Gender=Fem,Masc|HebBinyan=HIFIL|Number=Plur|Person=3|Tense=Past|Voice=Act', 'head': 2, 'deprel': 'acl:relcl', 'lemma': 'הסכים'}]"
5,להתראיין,VERB,VERB,4.0,xcomp,"(20, 28)",התראיין,HebBinyan=HITPAEL|VerbForm=Inf,
6,נשאלו,VERB,VERB,0.0,root,"(29, 34)",נשאל,"Gender=Fem,Masc|HebBinyan=NIFAL|Number=Plur|Person=3|Tense=Past|Voice=Mid",
7,האם,ADV,ADV,9.0,mark:q,"(35, 38)",האם,PronType=Int,
8,הם,PRON,PRON,9.0,nsubj,"(39, 41)",הוא,Gender=Masc|Number=Plur|Person=3|PronType=Prs,
9,קנו,VERB,VERB,6.0,advcl,"(42, 45)",קנה,"Gender=Fem,Masc|HebBinyan=PAAL|Number=Plur|Person=3|Tense=Past|Voice=Act",
10,את,ADP,ADP,12.0,case:acc,"(46, 48)",את,Case=Acc,
"(11, 12)",הדירה,,,,,"(49, 54)",,,"[{'id': 11, 'text': 'ה', 'upos': 'DET', 'xpos': 'DET', 'feats': 'PronType=Art', 'head': 12, 'deprel': 'det:def', 'lemma': 'ה'}, {'id': 12, 'text': 'דירה', 'upos': 'NOUN', 'xpos': 'NOUN', 'feats': 'Gender=Fem|Number=Sing', 'head': 9, 'deprel': 'obj', 'lemma': 'דירה'}]"
"(13, 14)",במהלך,,,,,"(55, 60)",,,"[{'id': 13, 'text': 'ב', 'upos': 'ADP', 'xpos': 'ADP', 'head': 16, 'deprel': 'case', 'lemma': 'ב'}, {'id': 14, 'text': 'מהלך', 'upos': 'NOUN', 'xpos': 'NOUN', 'feats': 'Gender=Masc|Number=Sing', 'head': 13, 'deprel': 'fixed', 'lemma': 'מהלך'}]"
"(15, 16)",השנים,,,,,"(61, 66)",,,"[{'id': 15, 'text': 'ה', 'upos': 'DET', 'xpos': 'DET', 'feats': 'PronType=Art', 'head': 16, 'deprel': 'det:def', 'lemma': 'ה'}, {'id': 16, 'text': 'שנים', 'upos': 'NOUN', 'xpos': 'NOUN', 'feats': 'Gender=Fem|Number=Plur', 'head': 9, 'deprel': 'obl', 'lemma': 'שנה'}]"
17,1997,NUM,NUM,16.0,nmod,"(67, 71)",1997,,
18,-,PUNCT,PUNCT,17.0,punct,"(72, 73)",-,,
19,2000,NUM,NUM,17.0,nummod,"(73, 77)",2000,,
"(1, 2)",במידה,,,,,"(1, 6)",,,"[{'id': 1, 'text': 'ב', 'upos': 'ADP', 'xpos': 'ADP', 'head': 2, 'deprel': 'case', 'lemma': 'ב'}, {'id': 2, 'text': 'מידה', 'upos': 'NOUN', 'xpos': 'NOUN', 'feats': 'Gender=Fem|Number=Sing', 'head': 8, 'deprel': 'obl', 'lemma': 'מידה'}]"
"(3, 5)",והתשובה,,,,,"(7, 14)",,,"[{'id': 3, 'text': 'ו', 'upos': 'CCONJ', 'xpos': 'CCONJ', 'head': 7, 'deprel': 'mark', 'lemma': 'ו'}, {'id': 4, 'text': 'ה', 'upos': 'DET', 'xpos': 'DET', 'feats': 'PronType=Art', 'head': 5, 'deprel': 'det:def', 'lemma': 'ה'}, {'id': 5, 'text': 'תשובה', 'upos': 'NOUN', 'xpos': 'NOUN', 'feats': 'Gender=Fem|Number=Sing', 'head': 7, 'deprel': 'nsubj', 'lemma': 'תשובה'}]"
6,היתה,AUX,AUX,7.0,cop,"(15, 19)",היה,Gender=Fem|Number=Sing|Person=3|Polarity=Pos|Tense=Past|VerbType=Cop,
7,חיובית,ADJ,ADJ,2.0,acl:relcl,"(20, 26)",חיובי,Gender=Fem|Number=Sing,
8,נשאלו,VERB,VERB,0.0,root,"(27, 32)",נשאל,"Gender=Fem,Masc|HebBinyan=NIFAL|Number=Plur|Person=3|Tense=Past|Voice=Mid",
"(9, 10)",המרואיינים,,,,,"(33, 43)",,,"[{'id': 9, 'text': 'ה', 'upos': 'DET', 'xpos': 'DET', 'feats': 'PronType=Art', 'head': 10, 'deprel': 'det:def', 'lemma': 'ה'}, {'id': 10, 'text': 'מרואיינים', 'upos': 'NOUN', 'xpos': 'NOUN', 'feats': 'Gender=Masc|Number=Plur', 'head': 8, 'deprel': 'nsubj', 'lemma': 'מרואיין'}]"
11,האם,ADV,ADV,14.0,mark:q,"(44, 47)",האם,PronType=Int,
"(12, 13)",הדירה,,,,,"(48, 53)",,,"[{'id': 12, 'text': 'ה', 'upos': 'DET', 'xpos': 'DET', 'feats': 'PronType=Art', 'head': 13, 'deprel': 'det:def', 'lemma': 'ה'}, {'id': 13, 'text': 'דירה', 'upos': 'NOUN', 'xpos': 'NOUN', 'feats': 'Gender=Fem|Number=Sing', 'head': 14, 'deprel': 'nsubj', 'lemma': 'דירה'}]"
14,נקנתה,VERB,VERB,8.0,ccomp,"(54, 59)",נקנה,Gender=Fem|HebBinyan=NIFAL|Number=Sing|Person=3|Tense=Past|Voice=Mid,
"(15, 17)",מקבלן,,,,,"(60, 65)",,,"[{'id': 15, 'text': 'מקבל_', 'upos': 'NOUN', 'xpos': 'NOUN', 'feats': 'Definite=Def|Gender=Masc|Number=Sing', 'head': 14, 'deprel': 'dep', 'lemma': 'מקבל'}, {'id': 16, 'text': '_של_', 'upos': 'ADP', 'xpos': 'ADP', 'head': 17, 'deprel': 'case:gen', 'lemma': 'של'}, {'id': 17, 'text': '_הן', 'upos': 'PRON', 'xpos': 'PRON', 'feats': 'Case=Gen|Gender=Fem|Number=Plur|Person=3|PronType=Prs', 'head': 15, 'deprel': 'nmod:poss', 'lemma': 'הוא'}]"
18,או,CCONJ,CCONJ,20.0,cc,"(66, 68)",או,,
19,הינה,PRON,PRON,20.0,nsubj,"(69, 73)",הינה,Gender=Fem|Number=Sing|Person=3|PronType=Prs,
20,דירה,NOUN,NOUN,14.0,conj,"(74, 78)",דירה,Gender=Fem|Number=Sing,
21,יד,NOUN,NOUN,20.0,nmod,"(79, 81)",יד,Gender=Fem|Number=Sing,
22,שניה,NUM,NUM,21.0,amod,"(82, 86)",שניה,Gender=Fem|Number=Sing,
"(1, 2)",במידה,,,,,"(1, 6)",,,"[{'id': 1, 'text': 'ב', 'upos': 'ADP', 'xpos': 'ADP', 'head': 2, 'deprel': 'case', 'lemma': 'ב'}, {'id': 2, 'text': 'מידה', 'upos': 'NOUN', 'xpos': 'NOUN', 'feats': 'Gender=Fem|Number=Sing', 'head': 10, 'deprel': 'nmod', 'lemma': 'מידה'}]"
"(3, 4)",והדירה,,,,,"(7, 13)",,,"[{'id': 3, 'text': 'ו', 'upos': 'CCONJ', 'xpos': 'CCONJ', 'head': 7, 'deprel': 'cc', 'lemma': 'ו'}, {'id': 4, 'text': 'הדירה', 'upos': 'NOUN', 'xpos': 'NOUN', 'feats': 'PronType=Art', 'head': 10, 'deprel': 'advmod', 'lemma': 'הדירה'}]"
5,הינה,ADJ,ADJ,10.0,det,"(14, 18)",הינה,,
6,מיד,ADV,ADV,10.0,det,"(19, 22)",מייד,,
7,שניה,NOUN,NOUN,0.0,root,"(23, 27)",שנייה,,
8,",",PUNCT,PUNCT,10.0,punct,"(27, 28)",",",,
9,בוצע,ADJ,ADJ,10.0,punct,"(29, 33)",בוצע,,
10,הראיון,NOUN,NOUN,7.0,nsubj,"(34, 40)",הראיון,Gender=Masc|Number=Sing,
1,מבין,ADP,ADP,4.0,case,"(1, 5)",מבין,,
2,"2,500",NUM,NUM,4.0,nummod,"(6, 11)","2,500",,
"(3, 4)",המרואיינים,,,,,"(12, 22)",,,"[{'id': 3, 'text': 'ה', 'upos': 'DET', 'xpos': 'DET', 'feats': 'PronType=Art', 'head': 4, 'deprel': 'det:def', 'lemma': 'ה'}, {'id': 4, 'text': 'מרואיינים', 'upos': 'NOUN', 'xpos': 'NOUN', 'feats': 'Gender=Masc|Number=Plur', 'head': 7, 'deprel': 'obl', 'lemma': 'מרואיין'}]"
5,",",PUNCT,PUNCT,7.0,punct,"(22, 23)",",",,
6,280,NUM,NUM,7.0,nsubj,"(24, 27)",280,,
7,מסרו,VERB,VERB,0.0,root,"(28, 32)",מסר,"Gender=Fem,Masc|HebBinyan=PAAL|Number=Plur|Person=3|Tense=Past|Voice=Act",
"(8, 9)",שקנו,,,,,"(33, 37)",,,"[{'id': 8, 'text': 'ש', 'upos': 'SCONJ', 'xpos': 'SCONJ', 'head': 9, 'deprel': 'mark', 'lemma': 'ש'}, {'id': 9, 'text': 'קנו', 'upos': 'VERB', 'xpos': 'VERB', 'feats': 'Gender=Fem,Masc|HebBinyan=PAAL|Number=Plur|Person=3|Tense=Past|Voice=Act', 'head': 7, 'deprel': 'ccomp', 'lemma': 'קנה'}]"
10,דירה,NOUN,NOUN,9.0,obj,"(38, 42)",דירה,Gender=Fem|Number=Sing,
11,יד,NOUN,NOUN,10.0,acl,"(43, 45)",יד,Gender=Fem|Number=Sing,
12,שניה,NUM,NUM,11.0,amod,"(46, 50)",שניה,Gender=Fem|Number=Sing,
"(13, 14)",במהלך,,,,,"(51, 56)",,,"[{'id': 13, 'text': 'ב', 'upos': 'ADP', 'xpos': 'ADP', 'head': 15, 'deprel': 'case', 'lemma': 'ב'}, {'id': 14, 'text': 'מהלך', 'upos': 'NOUN', 'xpos': 'NOUN', 'feats': 'Gender=Masc|Number=Sing', 'head': 13, 'deprel': 'fixed', 'lemma': 'מהלך'}]"
15,2000,NUM,NUM,9.0,obl,"(57, 61)",2000,,
16,-,PUNCT,PUNCT,15.0,punct,"(61, 62)",-,,
17,1997,NUM,NUM,15.0,nummod,"(62, 66)",1997,,
18,",",PUNCT,PUNCT,7.0,punct,"(66, 67)",",",,
"(19, 20)",רובם,,,,,"(68, 72)",,,"[{'id': 19, 'text': 'רובם', 'upos': 'NOUN', 'xpos': 'NOUN', 'feats': 'Gender=Masc|Number=Sing', 'head': 21, 'deprel': 'nsubj', 'lemma': 'רובם'}, {'id': 20, 'text': '_הם', 'upos': 'PRON', 'xpos': 'PRON', 'feats': 'Case=Gen|Gender=Masc|Number=Plur|Person=3|PronType=Prs', 'head': 19, 'deprel': 'nmod:poss', 'lemma': 'הוא'}]"
21,ענו,VERB,VERB,7.0,parataxis,"(73, 76)",ענה,"Gender=Fem,Masc|Number=Plur|Person=3|Tense=Past",
22,על,ADP,ADP,25.0,case,"(77, 79)",על,,
23,כל,DET,DET,25.0,det,"(80, 82)",כול,Definite=Cons,
"(24, 25)",הראיון,,,,,"(83, 89)",,,"[{'id': 24, 'text': 'ה', 'upos': 'DET', 'xpos': 'DET', 'feats': 'PronType=Art', 'head': 25, 'deprel': 'det:def', 'lemma': 'ה'}, {'id': 25, 'text': 'ראיון', 'upos': 'NOUN', 'xpos': 'NOUN', 'feats': 'Gender=Masc|Number=Sing', 'head': 21, 'deprel': 'obl', 'lemma': 'ראיון'}]"
1,על,ADP,ADP,3.0,case,"(1, 3)",על,,
2,מנת,ADP,ADP,1.0,fixed,"(4, 7)",מנה,,
3,להקטין,VERB,VERB,9.0,advcl,"(8, 14)",הקטין,HebBinyan=HIFIL|VerbForm=Inf|Voice=Act,
4,את,ADP,ADP,5.0,case:acc,"(15, 17)",את,Case=Acc,
5,כמות,NOUN,NOUN,3.0,obj,"(18, 22)",כמות,Definite=Cons|Gender=Fem|Number=Sing,
"(6, 7)",הסרובים,,,,,"(23, 30)",,,"[{'id': 6, 'text': 'ה', 'upos': 'DET', 'xpos': 'DET', 'feats': 'PronType=Art', 'head': 7, 'deprel': 'det:def', 'lemma': 'ה'}, {'id': 7, 'text': 'סרובים', 'upos': 'NOUN', 'xpos': 'NOUN', 'feats': 'Gender=Masc|Number=Plur', 'head': 5, 'deprel': 'compound:smixut', 'lemma': 'סרוב'}]"
8,",",PUNCT,PUNCT,9.0,punct,"(31, 32)",",",,
9,בוצעו,VERB,VERB,0.0,root,"(33, 38)",בוצע,"Gender=Fem,Masc|HebBinyan=PUAL|Number=Plur|Person=3|Tense=Past|Voice=Pass",
10,התקשרויות,NOUN,NOUN,9.0,nsubj,"(39, 48)",התקשרות,Gender=Fem|Number=Plur,
11,חוזרות,ADJ,ADJ,10.0,amod,"(49, 55)",חוזר,Gender=Fem|Number=Plur,
"(12, 13)",לקוני דירות,,,,,"(56, 67)",,,"[{'id': 12, 'text': 'ל', 'upos': 'ADP', 'xpos': 'ADP', 'head': 13, 'deprel': 'case', 'lemma': 'ל'}, {'id': 13, 'text': 'קוניטדירות', 'upos': 'NOUN', 'xpos': 'NOUN', 'head': 10, 'deprel': 'nmod', 'lemma': 'קוניטדירה'}]"
"(14, 15)",שלא,,,,,"(68, 71)",,,"[{'id': 14, 'text': 'ש', 'upos': 'SCONJ', 'xpos': 'SCONJ', 'head': 16, 'deprel': 'mark', 'lemma': 'ש'}, {'id': 15, 'text': 'לא', 'upos': 'ADV', 'xpos': 'ADV', 'feats': 'Polarity=Neg', 'head': 16, 'deprel': 'advmod', 'lemma': 'לא'}]"
16,סרבו,VERB,VERB,13.0,acl:relcl,"(72, 76)",סרב,"Gender=Fem,Masc|HebBinyan=PIEL|Number=Plur|Person=3|Tense=Past|Voice=Act",
17,לחלוטין,ADV,ADV,18.0,advmod,"(77, 84)",לחלוטין,,
18,להתראיין,VERB,VERB,16.0,xcomp,"(85, 93)",התראיין,HebBinyan=HITPAEL|VerbForm=Inf,
"(19, 21)",בשיחה,,,,,"(94, 99)",,,"[{'id': 19, 'text': 'ב', 'upos': 'ADP', 'xpos': 'ADP', 'head': 21, 'deprel': 'case', 'lemma': 'ב'}, {'id': 20, 'text': 'ה_', 'upos': 'DET', 'xpos': 'DET', 'feats': 'PronType=Art', 'head': 21, 'deprel': 'det:def', 'lemma': 'ה'}, {'id': 21, 'text': 'שיחה', 'upos': 'NOUN', 'xpos': 'NOUN', 'feats': 'Gender=Fem|Number=Sing', 'head': 18, 'deprel': 'obl', 'lemma': 'שיחה'}]"
"(22, 23)",הראשונה,,,,,"(100, 107)",,,"[{'id': 22, 'text': 'ה', 'upos': 'DET', 'xpos': 'DET', 'feats': 'PronType=Art', 'head': 23, 'deprel': 'det:def', 'lemma': 'ה'}, {'id': 23, 'text': 'ראשונה', 'upos': 'ADJ', 'xpos': 'ADJ', 'feats': 'Gender=Fem|Number=Sing', 'head': 21, 'deprel': 'amod', 'lemma': 'ראשונה'}]"
24,",",PUNCT,PUNCT,9.0,punct,"(107, 108)",",",,
25,אלא,CCONJ,CCONJ,27.0,cc,"(109, 112)",אלא,,
26,לא,ADV,ADV,27.0,advmod,"(113, 115)",לא,Polarity=Neg,
27,ענו,VERB,VERB,9.0,conj,"(116, 119)",ענה,"Gender=Fem,Masc|HebBinyan=PAAL|Number=Plur|Person=3|Tense=Past|Voice=Act",
"(28, 30)",בפעם,,,,,"(120, 124)",,,"[{'id': 28, 'text': 'ב', 'upos': 'ADP', 'xpos': 'ADP', 'head': 30, 'deprel': 'case', 'lemma': 'ב'}, {'id': 29, 'text': 'ה_', 'upos': 'DET', 'xpos': 'DET', 'feats': 'PronType=Art', 'head': 30, 'deprel': 'det:def', 'lemma': 'ה'}, {'id': 30, 'text': 'פעם', 'upos': 'NOUN', 'xpos': 'NOUN', 'feats': 'Gender=Fem|Number=Sing', 'head': 27, 'deprel': 'obl', 'lemma': 'פעם'}]"
"(31, 32)",הראשונה,,,,,"(125, 132)",,,"[{'id': 31, 'text': 'ה', 'upos': 'DET', 'xpos': 'DET', 'feats': 'PronType=Art', 'head': 32, 'deprel': 'det:def', 'lemma': 'ה'}, {'id': 32, 'text': 'ראשונה', 'upos': 'ADJ', 'xpos': 'ADJ', 'feats': 'Gender=Fem|Number=Sing', 'head': 30, 'deprel': 'amod', 'lemma': 'ראשונה'}]"
"(33, 35)",מהסיבות,,,,,"(133, 140)",,,"[{'id': 33, 'text': 'מ', 'upos': 'ADP', 'xpos': 'ADP', 'head': 35, 'deprel': 'case', 'lemma': 'מ'}, {'id': 34, 'text': 'ה', 'upos': 'DET', 'xpos': 'DET', 'feats': 'PronType=Art', 'head': 35, 'deprel': 'det:def', 'lemma': 'ה'}, {'id': 35, 'text': 'סיבות', 'upos': 'NOUN', 'xpos': 'NOUN', 'feats': 'Gender=Fem|Number=Plur', 'head': 27, 'deprel': 'obl', 'lemma': 'סיבה'}]"
"(36, 37)",הבאות,,,,,"(141, 146)",,,"[{'id': 36, 'text': 'ה', 'upos': 'DET', 'xpos': 'DET', 'feats': 'PronType=Art', 'head': 37, 'deprel': 'det:def', 'lemma': 'ה'}, {'id': 37, 'text': 'באות', 'upos': 'ADJ', 'xpos': 'ADJ', 'feats': 'Gender=Fem|Number=Plur', 'head': 35, 'deprel': 'amod', 'lemma': 'בא'}]"
38,:,PUNCT,PUNCT,35.0,punct,"(146, 147)",:,,
39,ח,NOUN,NOUN,51.0,nsubj,"(148, 149)",ח,,
40,אין,VERB,VERB,51.0,advmod,"(150, 153)",אין,HebExistential=True,
41,מבוגר,NOUN,NOUN,40.0,nsubj,"(154, 159)",מבוגר,Gender=Masc|Number=Sing,
"(42, 43)",בבית,,,,,"(160, 164)",,,"[{'id': 42, 'text': 'ב', 'upos': 'ADP', 'xpos': 'ADP', 'head': 43, 'deprel': 'case', 'lemma': 'ב'}, {'id': 43, 'text': 'בית', 'upos': 'NOUN', 'xpos': 'NOUN', 'feats': 'Definite=Cons|Gender=Masc|Number=Sing', 'head': 41, 'deprel': 'nmod', 'lemma': 'בית'}]"
44,ח,X,X,51.0,dep,"(165, 166)",ח,Xtra=Junk,
"(45, 46)",המרואיין,,,,,"(167, 175)",,,"[{'id': 45, 'text': 'ה', 'upos': 'DET', 'xpos': 'DET', 'feats': 'PronType=Art', 'head': 46, 'deprel': 'det:def', 'lemma': 'ה'}, {'id': 46, 'text': 'מרואיין', 'upos': 'NOUN', 'xpos': 'NOUN', 'feats': 'Gender=Masc|Number=Sing', 'head': 44, 'deprel': 'flat:name', 'lemma': 'מרואיין'}]"
47,עסוק,VERB,VERB,51.0,dep,"(176, 180)",עסק,Gender=Masc|HebSource=ConvUncertainHead|Number=Sing,
48,ח,X,X,51.0,dep,"(181, 182)",ח,Xtra=Junk,
"(49, 50)",המרואיין,,,,,"(183, 191)",,,"[{'id': 49, 'text': 'ה', 'upos': 'DET', 'xpos': 'DET', 'feats': 'PronType=Art', 'head': 50, 'deprel': 'det:def', 'lemma': 'ה'}, {'id': 50, 'text': 'מרואיין', 'upos': 'NOUN', 'xpos': 'NOUN', 'feats': 'Gender=Masc|Number=Sing', 'head': 51, 'deprel': 'nsubj', 'lemma': 'מרואיין'}]"
51,ביקש,VERB,VERB,27.0,parataxis,"(192, 196)",ביקש,Gender=Masc|HebBinyan=PIEL|Number=Sing|Person=3|Tense=Past|Voice=Act,
"(52, 53)",שיתקשרו,,,,,"(197, 204)",,,"[{'id': 52, 'text': 'ש', 'upos': 'SCONJ', 'xpos': 'SCONJ', 'head': 53, 'deprel': 'mark', 'lemma': 'ש'}, {'id': 53, 'text': 'יתקשרו', 'upos': 'VERB', 'xpos': 'VERB', 'feats': 'Gender=Fem,Masc|HebBinyan=HITPAEL|Number=Plur|Person=3|Tense=Fut', 'head': 51, 'deprel': 'ccomp', 'lemma': 'התקשר'}]"
54,מאוחר,ADV,ADV,53.0,advmod,"(205, 210)",מאוחר,,
55,יותר,ADV,ADV,54.0,fixed,"(211, 215)",יותר,,
"(1, 2)",למרואיינים,,,,,"(1, 11)",,,"[{'id': 1, 'text': 'ל', 'upos': 'ADP', 'xpos': 'ADP', 'head': 2, 'deprel': 'case', 'lemma': 'ל'}, {'id': 2, 'text': 'מרואיינים', 'upos': 'NOUN', 'xpos': 'NOUN', 'feats': 'Gender=Masc|Number=Plur', 'head': 4, 'deprel': 'obl', 'lemma': 'מרואיין'}]"
3,אלו,PRON,PRON,2.0,det,"(12, 15)",אלו,"Gender=Fem,Masc|Number=Plur|Person=3|PronType=Dem",
4,בוצעו,VERB,VERB,0.0,root,"(16, 21)",בוצע,"Gender=Fem,Masc|HebBinyan=PUAL|Number=Plur|Person=3|Tense=Past|Voice=Pass",
5,התקשרויות,NOUN,NOUN,4.0,nsubj,"(22, 31)",התקשרות,Gender=Fem|Number=Plur,
6,נוספות,ADJ,ADJ,5.0,amod,"(32, 38)",נוסף,Gender=Fem|Number=Plur,
7,עד,ADP,ADP,9.0,case,"(39, 41)",עד,,
"(8, 9)",לקבלת,,,,,"(42, 47)",,,"[{'id': 8, 'text': 'ל', 'upos': 'ADP', 'xpos': 'ADP', 'head': 7, 'deprel': 'fixed', 'lemma': 'ל'}, {'id': 9, 'text': 'קבלת', 'upos': 'NOUN', 'xpos': 'NOUN', 'feats': 'Definite=Cons|Gender=Fem|Number=Sing', 'head': 4, 'deprel': 'obl', 'lemma': 'קבלה'}]"
10,ראיון,NOUN,NOUN,9.0,compound:smixut,"(48, 53)",ראיון,Gender=Masc|Number=Sing,
11,מלא,ADJ,ADJ,10.0,amod,"(54, 57)",מלא,Gender=Masc|Number=Sing,
12,או,CCONJ,CCONJ,13.0,cc,"(58, 60)",או,,
13,סרוב,NOUN,NOUN,10.0,conj,"(61, 65)",סרוב,Gender=Masc|Number=Sing,
"(1, 2)",למרואיינים,,,,,"(1, 11)",,,"[{'id': 1, 'text': 'ל', 'upos': 'ADP', 'xpos': 'ADP', 'head': 2, 'deprel': 'case', 'lemma': 'ל'}, {'id': 2, 'text': 'מרואיינים', 'upos': 'NOUN', 'xpos': 'NOUN', 'feats': 'Gender=Masc|Number=Plur', 'head': 13, 'deprel': 'obl', 'lemma': 'מרואיין'}]"
"(3, 4)",שאינם,,,,,"(12, 17)",,,"[{'id': 3, 'text': 'ש', 'upos': 'SCONJ', 'xpos': 'SCONJ', 'head': 5, 'deprel': 'mark', 'lemma': 'ש'}, {'id': 4, 'text': 'אינם', 'upos': 'AUX', 'xpos': 'AUX', 'feats': 'Gender=Masc|Number=Plur|Person=3|Polarity=Neg|VerbForm=Part|VerbType=Cop', 'head': 5, 'deprel': 'advmod', 'lemma': 'אינו'}]"
5,דוברי,NOUN,NOUN,2.0,acl:relcl,"(18, 23)",דובר,Definite=Cons|Gender=Masc|Number=Plur,
6,עברית,PROPN,PROPN,5.0,compound:smixut,"(24, 29)",עברית,,
7,(,PUNCT,PUNCT,9.0,punct,"(30, 31)",(,,
8,בעיקר,ADV,ADV,9.0,det,"(31, 36)",בעיקר,,
9,דוברי,NOUN,NOUN,5.0,appos,"(37, 42)",דובר,Definite=Cons|Gender=Masc|Number=Plur,
10,רוסית,PROPN,PROPN,9.0,compound:smixut,"(43, 48)",רוסית,,
11,),PUNCT,PUNCT,9.0,punct,"(48, 49)",),,
12,",",PUNCT,PUNCT,13.0,punct,"(49, 50)",",",,
13,בוצעה,VERB,VERB,0.0,root,"(51, 56)",בוצע,Gender=Fem|HebBinyan=NIFAL|Number=Sing|Person=3|Tense=Past|Voice=Mid,
14,התקשרות,NOUN,NOUN,13.0,nsubj,"(57, 64)",התקשרות,Gender=Fem|Number=Sing,
15,חוזרת,ADJ,ADJ,14.0,amod,"(65, 70)",חזר,Gender=Fem|Number=Sing,
16,על,ADP,ADP,18.0,case,"(71, 73)",על,,
17,ידי,NOUN,NOUN,16.0,fixed,"(74, 77)",יד,Definite=Cons|Gender=Fem|Number=Plur,
18,מראיינים,NOUN,NOUN,14.0,nmod,"(78, 86)",מראיין,Gender=Masc|Number=Plur,
19,דוברי,NOUN,NOUN,18.0,acl,"(87, 92)",דובר,Definite=Cons|Gender=Masc|Number=Plur,
20,רוסית,PROPN,PROPN,19.0,compound:smixut,"(93, 98)",רוסית,,
21,",",PUNCT,PUNCT,13.0,punct,"(98, 99)",",",,
22,על,ADP,ADP,33.0,case,"(100, 102)",על,,
23,מנת,ADP,ADP,22.0,fixed,"(103, 106)",מנה,,
"(24, 27)",שייצוגם,,,,,"(107, 114)",,,"[{'id': 24, 'text': 'ש', 'upos': 'SCONJ', 'xpos': 'SCONJ', 'head': 33, 'deprel': 'mark', 'lemma': 'ש'}, {'id': 25, 'text': 'ייצוג_', 'upos': 'NOUN', 'xpos': 'NOUN', 'feats': 'Definite=Def|Gender=Masc|Number=Sing', 'head': 33, 'deprel': 'nsubj', 'lemma': 'ייצוג'}, {'id': 26, 'text': '_של_', 'upos': 'ADP', 'xpos': 'ADP', 'head': 27, 'deprel': 'case:gen', 'lemma': 'של'}, {'id': 27, 'text': '_הם', 'upos': 'PRON', 'xpos': 'PRON', 'feats': 'Case=Gen|Gender=Masc|Number=Plur|Person=3|PronType=Prs', 'head': 25, 'deprel': 'nmod:poss', 'lemma': 'הוא'}]"
"(28, 29)",בכלל,,,,,"(115, 119)",,,"[{'id': 28, 'text': 'ב', 'upos': 'ADP', 'xpos': 'ADP', 'head': 29, 'deprel': 'case', 'lemma': 'ב'}, {'id': 29, 'text': 'כלל', 'upos': 'NOUN', 'xpos': 'NOUN', 'feats': 'Definite=Cons|Gender=Masc|Number=Sing', 'head': 25, 'deprel': 'nmod', 'lemma': 'כלל'}]"
"(30, 31)",האוכלוסיה,,,,,"(120, 129)",,,"[{'id': 30, 'text': 'ה', 'upos': 'DET', 'xpos': 'DET', 'feats': 'PronType=Art', 'head': 31, 'deprel': 'det:def', 'lemma': 'ה'}, {'id': 31, 'text': 'אוכלוסיה', 'upos': 'NOUN', 'xpos': 'NOUN', 'feats': 'Gender=Fem|Number=Sing', 'head': 29, 'deprel': 'compound:smixut', 'lemma': 'אוכלוסיה'}]"
32,יהיה,AUX,AUX,33.0,cop,"(130, 134)",היה,Gender=Masc|Number=Sing|Person=3|Polarity=Pos|Tense=Fut|VerbType=Cop,
33,נכון,ADJ,ADJ,13.0,advcl,"(135, 139)",נכון,Gender=Masc|Number=Sing,
"(1, 2)",הסקר,,,,,"(1, 5)",,,"[{'id': 1, 'text': 'ה', 'upos': 'DET', 'xpos': 'DET', 'feats': 'PronType=Art', 'head': 2, 'deprel': 'det:def', 'lemma': 'ה'}, {'id': 2, 'text': 'סקר', 'upos': 'NOUN', 'xpos': 'NOUN', 'feats': 'Gender=Masc|Number=Sing', 'head': 4, 'deprel': 'nsubj', 'lemma': 'סקר'}]"
3,היה,AUX,AUX,4.0,cop,"(6, 9)",היה,Gender=Masc|Number=Sing|Person=3|Polarity=Pos|Tense=Past|VerbType=Cop,
4,טלפוני,ADJ,ADJ,0.0,root,"(10, 16)",טלפוני,Gender=Masc|Number=Sing,
"(5, 6)",וכלל,,,,,"(17, 21)",,,"[{'id': 5, 'text': 'ו', 'upos': 'CCONJ', 'xpos': 'CCONJ', 'head': 6, 'deprel': 'cc', 'lemma': 'ו'}, {'id': 6, 'text': 'כלל', 'upos': 'VERB', 'xpos': 'VERB', 'feats': 'Gender=Masc|HebBinyan=PAAL|Number=Sing|Person=3|Tense=Past|Voice=Act', 'head': 4, 'deprel': 'conj', 'lemma': 'כלל'}]"
7,שאלות,NOUN,NOUN,6.0,obj,"(22, 27)",שאלה,Gender=Fem|Number=Plur,
"(8, 9)",בנושאי,,,,,"(28, 34)",,,"[{'id': 8, 'text': 'ב', 'upos': 'ADP', 'xpos': 'ADP', 'head': 9, 'deprel': 'case', 'lemma': 'ב'}, {'id': 9, 'text': 'נושאי', 'upos': 'NOUN', 'xpos': 'NOUN', 'feats': 'Definite=Cons|Gender=Masc|Number=Plur', 'head': 7, 'deprel': 'nmod', 'lemma': 'נושא'}]"
10,מגורים,NOUN,NOUN,9.0,compound:smixut,"(35, 41)",מגורים,Gender=Masc|Number=Sing,
"(11, 13)",בעבר,,,,,"(42, 46)",,,"[{'id': 11, 'text': 'ב', 'upos': 'ADP', 'xpos': 'ADP', 'head': 13, 'deprel': 'case', 'lemma': 'ב'}, {'id': 12, 'text': 'ה_', 'upos': 'DET', 'xpos': 'DET', 'head': 13, 'deprel': 'dep', 'lemma': 'ה'}, {'id': 13, 'text': 'עבר', 'upos': 'NOUN', 'xpos': 'NOUN', 'feats': 'Gender=Masc|Number=Sing', 'head': 9, 'deprel': 'nmod', 'lemma': 'עבר'}]"
"(14, 17)",ובהווה,,,,,"(47, 53)",,,"[{'id': 14, 'text': 'ו', 'upos': 'CCONJ', 'xpos': 'CCONJ', 'head': 13, 'deprel': 'cc', 'lemma': 'ו'}, {'id': 15, 'text': 'ב', 'upos': 'ADP', 'xpos': 'ADP', 'head': 19, 'deprel': 'case', 'lemma': 'ב'}, {'id': 16, 'text': 'ה_', 'upos': 'DET', 'xpos': 'DET', 'feats': 'PronType=Art', 'head': 19, 'deprel': 'nmod', 'lemma': 'ה'}, {'id': 17, 'text': 'הווה', 'upos': 'NOUN', 'xpos': 'NOUN', 'feats': 'Gender=Masc|HebSource=ConvUncertainHead|Number=Sing', 'head': 19, 'deprel': 'nmod', 'lemma': 'הווה'}]"
18,",",PUNCT,PUNCT,19.0,punct,"(54, 55)",",",,
19,סיבות,NOUN,NOUN,7.0,dep,"(56, 61)",סיבה,Gender=Fem|HebSource=ConvUncertainHead|Number=Plur,
"(20, 21)",לקניית,,,,,"(62, 68)",,,"[{'id': 20, 'text': 'ל', 'upos': 'ADP', 'xpos': 'ADP', 'head': 21, 'deprel': 'case', 'lemma': 'ל'}, {'id': 21, 'text': 'קניית', 'upos': 'NOUN', 'xpos': 'NOUN', 'feats': 'Definite=Cons|Gender=Fem|Number=Sing', 'head': 19, 'deprel': 'nmod', 'lemma': 'קנייה'}]"
"(22, 23)",הדירה,,,,,"(69, 74)",,,"[{'id': 22, 'text': 'ה', 'upos': 'DET', 'xpos': 'DET', 'feats': 'PronType=Art', 'head': 23, 'deprel': 'det:def', 'lemma': 'ה'}, {'id': 23, 'text': 'דירה', 'upos': 'NOUN', 'xpos': 'NOUN', 'feats': 'Gender=Fem|Number=Sing', 'head': 21, 'deprel': 'compound:smixut', 'lemma': 'דירה'}]"
"(24, 26)",במגדל,,,,,"(75, 80)",,,"[{'id': 24, 'text': 'ב', 'upos': 'ADP', 'xpos': 'ADP', 'head': 25, 'deprel': 'case', 'lemma': 'ב'}, {'id': 25, 'text': 'ה_', 'upos': 'DET', 'xpos': 'DET', 'feats': 'PronType=Art', 'head': 21, 'deprel': 'nmod', 'lemma': 'ה'}, {'id': 26, 'text': 'מגדל', 'upos': 'NOUN', 'xpos': 'NOUN', 'feats': 'Definite=Cons|Gender=Masc|Number=Sing', 'head': 21, 'deprel': 'nmod', 'lemma': 'מגדל'}]"
"(27, 28)",העמק,,,,,"(81, 85)",,,"[{'id': 27, 'text': 'ה', 'upos': 'DET', 'xpos': 'DET', 'feats': 'PronType=Art', 'head': 28, 'deprel': 'det:def', 'lemma': 'ה'}, {'id': 28, 'text': 'עמק', 'upos': 'NOUN', 'xpos': 'NOUN', 'feats': 'Gender=Masc|Number=Sing', 'head': 26, 'deprel': 'compound:smixut', 'lemma': 'עמק'}]"
29,",",PUNCT,PUNCT,19.0,punct,"(85, 86)",",",,
30,חסמים,NOUN,NOUN,7.0,dep,"(87, 92)",חסם,Gender=Masc|Number=Plur,
"(31, 32)",בקנית,,,,,"(93, 98)",,,"[{'id': 31, 'text': 'ב', 'upos': 'ADP', 'xpos': 'ADP', 'head': 32, 'deprel': 'case', 'lemma': 'ב'}, {'id': 32, 'text': 'קנית', 'upos': 'NOUN', 'xpos': 'NOUN', 'feats': 'Definite=Cons|Gender=Fem|Number=Sing', 'head': 30, 'deprel': 'nmod', 'lemma': 'קנית'}]"
"(33, 34)",הדירה,,,,,"(99, 104)",,,"[{'id': 33, 'text': 'ה', 'upos': 'DET', 'xpos': 'DET', 'feats': 'PronType=Art', 'head': 34, 'deprel': 'det:def', 'lemma': 'ה'}, {'id': 34, 'text': 'דירה', 'upos': 'NOUN', 'xpos': 'NOUN', 'feats': 'Gender=Fem|Number=Sing', 'head': 32, 'deprel': 'compound:smixut', 'lemma': 'דירה'}]"
35,",",PUNCT,PUNCT,19.0,punct,"(104, 105)",",",,
36,מאפיינים,NOUN,NOUN,19.0,dep,"(106, 114)",מאפיין,Gender=Masc|Number=Plur,
37,סוציודמוגרפיים,ADJ,ADJ,36.0,amod,"(115, 129)",סוציודמוגרפיים,,
"(38, 39)",ועוד,,,,,"(130, 134)",,,"[{'id': 38, 'text': 'ו', 'upos': 'CCONJ', 'xpos': 'CCONJ', 'head': 36, 'deprel': 'cc', 'lemma': 'ו'}, {'id': 39, 'text': 'עוד', 'upos': 'ADV', 'xpos': 'ADV', 'head': 19, 'deprel': 'dep', 'lemma': 'עוד'}]"
1,מרבית,DET,DET,3.0,det,"(1, 6)",מרבית,Definite=Cons,
"(2, 3)",המרואיינים,,,,,"(7, 17)",,,"[{'id': 2, 'text': 'ה', 'upos': 'DET', 'xpos': 'DET', 'feats': 'PronType=Art', 'head': 3, 'deprel': 'det:def', 'lemma': 'ה'}, {'id': 3, 'text': 'מרואיינים', 'upos': 'NOUN', 'xpos': 'NOUN', 'feats': 'Gender=Masc|Number=Plur', 'head': 4, 'deprel': 'nsubj', 'lemma': 'מרואיין'}]"
4,ענו,VERB,VERB,0.0,root,"(18, 21)",ענה,"Gender=Fem,Masc|HebBinyan=PAAL|Number=Plur|Person=3|Tense=Past|Voice=Act",
5,על,ADP,ADP,8.0,case,"(22, 24)",על,,
6,כל,DET,DET,8.0,det,"(25, 27)",כול,Definite=Cons,
"(7, 8)",השאלון,,,,,"(28, 34)",,,"[{'id': 7, 'text': 'ה', 'upos': 'DET', 'xpos': 'DET', 'feats': 'PronType=Art', 'head': 8, 'deprel': 'det:def', 'lemma': 'ה'}, {'id': 8, 'text': 'שאלון', 'upos': 'NOUN', 'xpos': 'NOUN', 'feats': 'Gender=Masc|Number=Sing', 'head': 4, 'deprel': 'obl', 'lemma': 'שאלון'}]"
"(1, 2)",בשאלות,,,,,"(1, 7)",,,"[{'id': 1, 'text': 'ב', 'upos': 'ADP', 'xpos': 'ADP', 'head': 2, 'deprel': 'case', 'lemma': 'ב'}, {'id': 2, 'text': 'שאלות', 'upos': 'NOUN', 'xpos': 'NOUN', 'feats': 'Gender=Fem|Number=Plur', 'head': 7, 'deprel': 'obl', 'lemma': 'שאלה'}]"
3,מסוימות,ADJ,ADJ,2.0,amod,"(8, 15)",מסוים,Gender=Fem|Number=Plur,
4,היה,AUX,AUX,7.0,cop,"(16, 19)",היה,Gender=Masc|Number=Sing|Person=3|Polarity=Pos|Tense=Past|VerbType=Cop,
5,אחוז,NOUN,NOUN,7.0,nsubj,"(20, 24)",אחוז,Definite=Cons|Gender=Masc|Number=Sing,
6,הענות,NOUN,NOUN,5.0,compound:smixut,"(25, 30)",היענות,Gender=Fem|Number=Plur,
7,נמוך,ADJ,ADJ,0.0,root,"(31, 35)",נמוך,Gender=Masc|Number=Sing,
8,",",PUNCT,PUNCT,7.0,punct,"(36, 37)",",",,
9,בעיקר,ADV,ADV,10.0,advmod,"(38, 43)",בעיקר,,
"(10, 11)",בנושאים,,,,,"(44, 51)",,,"[{'id': 10, 'text': 'ב', 'upos': 'ADP', 'xpos': 'ADP', 'head': 11, 'deprel': 'case', 'lemma': 'ב'}, {'id': 11, 'text': 'נושאים', 'upos': 'NOUN', 'xpos': 'NOUN', 'feats': 'Gender=Masc|Number=Plur', 'head': 7, 'deprel': 'obl', 'lemma': 'נושא'}]"
"(12, 13)",העוסקים,,,,,"(52, 59)",,,"[{'id': 12, 'text': 'ה', 'upos': 'SCONJ', 'xpos': 'SCONJ', 'head': 13, 'deprel': 'mark', 'lemma': 'ה'}, {'id': 13, 'text': 'עוסקים', 'upos': 'VERB', 'xpos': 'VERB', 'feats': 'Gender=Masc|HebBinyan=PAAL|Number=Plur|Person=1,2,3|VerbForm=Part|Voice=Act', 'head': 11, 'deprel': 'acl:relcl', 'lemma': 'עסק'}]"
"(14, 15)",במחיר,,,,,"(60, 65)",,,"[{'id': 14, 'text': 'ב', 'upos': 'ADP', 'xpos': 'ADP', 'head': 15, 'deprel': 'case', 'lemma': 'ב'}, {'id': 15, 'text': 'מחיר', 'upos': 'NOUN', 'xpos': 'NOUN', 'feats': 'Definite=Cons|Gender=Masc|Number=Sing', 'head': 13, 'deprel': 'obl', 'lemma': 'מחיר'}]"
"(16, 17)",הדירה,,,,,"(66, 71)",,,"[{'id': 16, 'text': 'ה', 'upos': 'DET', 'xpos': 'DET', 'feats': 'PronType=Art', 'head': 17, 'deprel': 'det:def', 'lemma': 'ה'}, {'id': 17, 'text': 'דירה', 'upos': 'NOUN', 'xpos': 'NOUN', 'feats': 'Gender=Fem|Number=Sing', 'head': 15, 'deprel': 'compound:smixut', 'lemma': 'דירה'}]"
"(18, 21)",ובאמצעים,,,,,"(72, 80)",,,"[{'id': 18, 'text': 'ו', 'upos': 'CCONJ', 'xpos': 'CCONJ', 'head': 21, 'deprel': 'cc', 'lemma': 'ו'}, {'id': 19, 'text': 'ב', 'upos': 'ADP', 'xpos': 'ADP', 'head': 21, 'deprel': 'case', 'lemma': 'ב'}, {'id': 20, 'text': 'ה_', 'upos': 'DET', 'xpos': 'DET', 'feats': 'PronType=Art', 'head': 21, 'deprel': 'det:def', 'lemma': 'ה'}, {'id': 21, 'text': 'אמצעים', 'upos': 'NOUN', 'xpos': 'NOUN', 'feats': 'Gender=Masc|Number=Plur', 'head': 15, 'deprel': 'conj', 'lemma': 'אמצעי'}]"
"(22, 23)",למימונה,,,,,"(81, 88)",,,"[{'id': 22, 'text': 'ל', 'upos': 'ADP', 'xpos': 'ADP', 'head': 23, 'deprel': 'case', 'lemma': 'ל'}, {'id': 23, 'text': 'מימונה', 'upos': 'NOUN', 'xpos': 'NOUN', 'head': 21, 'deprel': 'nmod', 'lemma': 'מימונה'}]"
"(1, 2)",הנתונים,,,,,"(1, 8)",,,"[{'id': 1, 'text': 'ה', 'upos': 'DET', 'xpos': 'DET', 'feats': 'PronType=Art', 'head': 2, 'deprel': 'det:def', 'lemma': 'ה'}, {'id': 2, 'text': 'נתונים', 'upos': 'NOUN', 'xpos': 'NOUN', 'feats': 'Gender=Masc|Number=Plur', 'head': 4, 'deprel': 'advmod', 'lemma': 'נתון'}]"
"(3, 4)",בטבלאות,,,,,"(9, 16)",,,"[{'id': 3, 'text': 'ב', 'upos': 'ADP', 'xpos': 'ADP', 'head': 4, 'deprel': 'case', 'lemma': 'ב'}, {'id': 4, 'text': 'טבלאות', 'upos': 'NOUN', 'xpos': 'NOUN', 'feats': 'PronType=Art', 'head': 7, 'deprel': 'dep', 'lemma': 'טבלאות'}]"
"(5, 6)",השונות,,,,,"(17, 23)",,,"[{'id': 5, 'text': 'ה', 'upos': 'DET', 'xpos': 'DET', 'feats': 'PronType=Art', 'head': 2, 'deprel': 'det:def', 'lemma': 'ה'}, {'id': 6, 'text': 'שונות', 'upos': 'ADJ', 'xpos': 'ADJ', 'feats': 'Gender=Masc|Number=Sing', 'head': 2, 'deprel': 'nmod', 'lemma': 'שונה'}]"
7,הינם,VERB,VERB,0.0,root,"(24, 28)",הינם,,
8,מתוך,ADP,ADP,4.0,dep,"(29, 33)",מתוך,,
"(9, 10)",המשיבים,,,,,"(34, 41)",,,"[{'id': 9, 'text': 'ה', 'upos': 'DET', 'xpos': 'DET', 'feats': 'PronType=Art', 'head': 10, 'deprel': 'det:def', 'lemma': 'ה'}, {'id': 10, 'text': 'משיבים', 'upos': 'NOUN', 'xpos': 'NOUN', 'feats': 'Gender=Masc|Number=Sing', 'head': 4, 'deprel': 'compound:smixut', 'lemma': 'השיב'}]"
11,בלבד,ADV,ADV,4.0,det,"(42, 46)",בלבד,,
"(1, 2)",הסטייה,,,,,"(1, 7)",,,"[{'id': 1, 'text': 'ה', 'upos': 'DET', 'xpos': 'DET', 'feats': 'PronType=Art', 'head': 2, 'deprel': 'det:def', 'lemma': 'ה'}, {'id': 2, 'text': 'סטייה', 'upos': 'NOUN', 'xpos': 'NOUN', 'feats': 'Gender=Fem|Number=Sing', 'head': 0, 'deprel': 'root', 'lemma': 'סטייה'}]"
"(3, 4)",המכסימלית,,,,,"(8, 17)",,,"[{'id': 3, 'text': 'ה', 'upos': 'DET', 'xpos': 'DET', 'feats': 'PronType=Art', 'head': 4, 'deprel': 'det:def', 'lemma': 'ה'}, {'id': 4, 'text': 'מכסימלית', 'upos': 'ADJ', 'xpos': 'ADJ', 'feats': 'Gender=Masc|Number=Sing', 'head': 2, 'deprel': 'amod', 'lemma': 'מכסימלי'}]"
5,של,ADP,ADP,2.0,case:gen,"(18, 20)",של,Case=Gen,
"(6, 7)",התוצאות,,,,,"(21, 28)",,,"[{'id': 6, 'text': 'ה', 'upos': 'DET', 'xpos': 'DET', 'feats': 'PronType=Art', 'head': 7, 'deprel': 'det:def', 'lemma': 'ה'}, {'id': 7, 'text': 'תוצאות', 'upos': 'NOUN', 'xpos': 'NOUN', 'feats': 'Gender=Fem|Number=Plur', 'head': 2, 'deprel': 'nmod', 'lemma': 'תוצאה'}]"
"(8, 9)",ברמת,,,,,"(29, 33)",,,"[{'id': 8, 'text': 'ב', 'upos': 'ADP', 'xpos': 'ADP', 'head': 9, 'deprel': 'case', 'lemma': 'ב'}, {'id': 9, 'text': 'רמת', 'upos': 'NOUN', 'xpos': 'NOUN', 'feats': 'Definite=Cons|Gender=Fem|Number=Sing', 'head': 7, 'deprel': 'nmod', 'lemma': 'רמה'}]"
10,ביטחון,NOUN,NOUN,9.0,compound:smixut,"(34, 40)",ביטחון,Gender=Masc|Number=Sing,
11,של,ADP,ADP,7.0,case:gen,"(41, 43)",של,Case=Gen,
12,95,NUM,NUM,13.0,nummod,"(44, 46)",95,,
13,%,NOUN,NOUN,9.0,nmod,"(46, 47)",%,"Gender=Masc|Number=Plur,Sing",
14,הינה,AUX,AUX,2.0,cop,"(48, 52)",הינה,,
15,5,NUM,NUM,2.0,nummod,"(53, 54)",5,,
1,0,NUM,NUM,2.0,nummod,"(0, 1)",0,,
2,% ±,NOUN,NOUN,0.0,root,"(1, 4)",% ±,"Gender=Masc|Number=Plur,Sing",
"(1, 2)",הנתונים,,,,,"(1, 8)",,,"[{'id': 1, 'text': 'ה', 'upos': 'DET', 'xpos': 'DET', 'feats': 'PronType=Art', 'head': 2, 'deprel': 'det:def', 'lemma': 'ה'}, {'id': 2, 'text': 'נתונים', 'upos': 'NOUN', 'xpos': 'NOUN', 'feats': 'Gender=Masc|Number=Plur', 'head': 6, 'deprel': 'nsubj', 'lemma': 'נתון'}]"
"(3, 5)",מהסקר,,,,,"(9, 14)",,,"[{'id': 3, 'text': 'מ', 'upos': 'ADP', 'xpos': 'ADP', 'head': 5, 'deprel': 'case', 'lemma': 'מ'}, {'id': 4, 'text': 'ה', 'upos': 'DET', 'xpos': 'DET', 'feats': 'PronType=Art', 'head': 5, 'deprel': 'det:def', 'lemma': 'ה'}, {'id': 5, 'text': 'סקר', 'upos': 'NOUN', 'xpos': 'NOUN', 'feats': 'Gender=Masc|Number=Sing', 'head': 2, 'deprel': 'nmod', 'lemma': 'סקר'}]"
6,הושוו,VERB,VERB,0.0,root,"(15, 20)",הושה,"Gender=Fem,Masc|HebBinyan=HUFAL|Number=Plur|Person=3|Tense=Past|Voice=Pass",
"(7, 8)",לנתוני,,,,,"(21, 27)",,,"[{'id': 7, 'text': 'ל', 'upos': 'ADP', 'xpos': 'ADP', 'head': 8, 'deprel': 'case', 'lemma': 'ל'}, {'id': 8, 'text': 'נתוני', 'upos': 'NOUN', 'xpos': 'NOUN', 'feats': 'Definite=Cons|Gender=Masc|Number=Plur', 'head': 6, 'deprel': 'obl', 'lemma': 'נתון'}]"
9,סקרי,NOUN,NOUN,8.0,compound:smixut,"(28, 32)",סקר,Definite=Cons|Gender=Masc|Number=Plur,
10,ישוב,NOUN,NOUN,9.0,compound:smixut,"(33, 37)",יישוב,Gender=Masc|Number=Sing,
11,אחרים,ADJ,ADJ,9.0,amod,"(38, 43)",אחר,Gender=Masc|Number=Plur,
"(12, 13)",שבוצעו,,,,,"(44, 50)",,,"[{'id': 12, 'text': 'ש', 'upos': 'SCONJ', 'xpos': 'SCONJ', 'head': 13, 'deprel': 'mark', 'lemma': 'ש'}, {'id': 13, 'text': 'בוצעו', 'upos': 'VERB', 'xpos': 'VERB', 'feats': 'Gender=Fem,Masc|HebBinyan=PUAL|Number=Plur|Person=3|Tense=Past|Voice=Pass', 'head': 8, 'deprel': 'acl:relcl', 'lemma': 'בוצע'}]"
"(14, 15)",בשנת,,,,,"(51, 55)",,,"[{'id': 14, 'text': 'ב', 'upos': 'ADP', 'xpos': 'ADP', 'head': 15, 'deprel': 'case', 'lemma': 'ב'}, {'id': 15, 'text': 'שנת', 'upos': 'NOUN', 'xpos': 'NOUN', 'feats': 'Definite=Cons|Gender=Fem|Number=Sing', 'head': 13, 'deprel': 'obl', 'lemma': 'שנה'}]"
16,2000,NUM,NUM,15.0,compound:smixut,"(56, 60)",2000,,
"(17, 18)",בשלומי,,,,,"(61, 67)",,,"[{'id': 17, 'text': 'ב', 'upos': 'ADP', 'xpos': 'ADP', 'head': 18, 'deprel': 'case', 'lemma': 'ב'}, {'id': 18, 'text': 'שלומי', 'upos': 'PROPN', 'xpos': 'PROPN', 'head': 13, 'deprel': 'obl', 'lemma': 'שלומי'}]"
19,",",PUNCT,PUNCT,18.0,punct,"(67, 68)",",",,
"(20, 21)",בהר,,,,,"(69, 72)",,,"[{'id': 20, 'text': 'ב', 'upos': 'ADP', 'xpos': 'ADP', 'head': 21, 'deprel': 'case', 'lemma': 'ב'}, {'id': 21, 'text': 'הר', 'upos': 'NOUN', 'xpos': 'NOUN', 'feats': 'Definite=Cons|Gender=Masc|Number=Sing', 'head': 18, 'deprel': 'conj', 'lemma': 'הר'}]"
22,חומה,NOUN,NOUN,21.0,flat:name,"(73, 77)",חומה,Gender=Fem|Number=Sing,
23,(,PUNCT,PUNCT,25.0,punct,"(78, 79)",(,,
"(24, 25)",בירושלים,,,,,"(79, 87)",,,"[{'id': 24, 'text': 'ב', 'upos': 'ADP', 'xpos': 'ADP', 'head': 25, 'deprel': 'case', 'lemma': 'ב'}, {'id': 25, 'text': 'ירושלים', 'upos': 'PROPN', 'xpos': 'PROPN', 'head': 21, 'deprel': 'appos', 'lemma': 'ירושלים'}]"
26,),PUNCT,PUNCT,25.0,punct,"(87, 88)",),,
27,",",PUNCT,PUNCT,18.0,punct,"(88, 89)",",",,
"(28, 29)",באלעד,,,,,"(90, 95)",,,"[{'id': 28, 'text': 'ב', 'upos': 'ADP', 'xpos': 'ADP', 'head': 29, 'deprel': 'case', 'lemma': 'ב'}, {'id': 29, 'text': 'אלעד', 'upos': 'PROPN', 'xpos': 'PROPN', 'head': 18, 'deprel': 'conj', 'lemma': 'אלעד'}]"
"(30, 32)",ובאשקלון,,,,,"(96, 104)",,,"[{'id': 30, 'text': 'ו', 'upos': 'CCONJ', 'xpos': 'CCONJ', 'head': 32, 'deprel': 'cc', 'lemma': 'ו'}, {'id': 31, 'text': 'ב', 'upos': 'ADP', 'xpos': 'ADP', 'head': 32, 'deprel': 'case', 'lemma': 'ב'}, {'id': 32, 'text': 'אשקלון', 'upos': 'PROPN', 'xpos': 'PROPN', 'head': 29, 'deprel': 'conj', 'lemma': 'אשקלון'}]"
"(33, 34)",וכן,,,,,"(105, 108)",,,"[{'id': 33, 'text': 'ו', 'upos': 'CCONJ', 'xpos': 'CCONJ', 'head': 37, 'deprel': 'cc', 'lemma': 'ו'}, {'id': 34, 'text': 'כן', 'upos': 'ADV', 'xpos': 'ADV', 'head': 35, 'deprel': 'advmod', 'lemma': 'כן'}]"
"(35, 37)",לסקרים,,,,,"(109, 115)",,,"[{'id': 35, 'text': 'ל', 'upos': 'ADP', 'xpos': 'ADP', 'head': 37, 'deprel': 'case', 'lemma': 'ל'}, {'id': 36, 'text': 'ה_', 'upos': 'DET', 'xpos': 'DET', 'feats': 'PronType=Art', 'head': 37, 'deprel': 'det:def', 'lemma': 'ה'}, {'id': 37, 'text': 'סקרים', 'upos': 'NOUN', 'xpos': 'NOUN', 'feats': 'Gender=Masc|Number=Plur', 'head': 8, 'deprel': 'conj', 'lemma': 'סקר'}]"
"(38, 39)",שבוצעו,,,,,"(116, 122)",,,"[{'id': 38, 'text': 'ש', 'upos': 'SCONJ', 'xpos': 'SCONJ', 'head': 39, 'deprel': 'mark', 'lemma': 'ש'}, {'id': 39, 'text': 'בוצעו', 'upos': 'VERB', 'xpos': 'VERB', 'feats': 'Gender=Fem,Masc|HebBinyan=PUAL|Number=Plur|Person=3|Tense=Past|Voice=Pass', 'head': 37, 'deprel': 'acl:relcl', 'lemma': 'בוצע'}]"
"(40, 41)",בשכונת,,,,,"(123, 129)",,,"[{'id': 40, 'text': 'ב', 'upos': 'ADP', 'xpos': 'ADP', 'head': 41, 'deprel': 'case', 'lemma': 'ב'}, {'id': 41, 'text': 'שכונת', 'upos': 'NOUN', 'xpos': 'NOUN', 'feats': 'Definite=Cons|Gender=Fem|Number=Sing', 'head': 39, 'deprel': 'obl', 'lemma': 'שכונה'}]"
42,שחמון,PROPN,PROPN,41.0,compound:smixut,"(130, 135)",שחמון,,
"(43, 44)",באילת,,,,,"(136, 141)",,,"[{'id': 43, 'text': 'ב', 'upos': 'ADP', 'xpos': 'ADP', 'head': 44, 'deprel': 'case', 'lemma': 'ב'}, {'id': 44, 'text': 'אילת', 'upos': 'PROPN', 'xpos': 'PROPN', 'head': 41, 'deprel': 'nmod', 'lemma': 'אילת'}]"
"(45, 47)",ובשכונות,,,,,"(142, 150)",,,"[{'id': 45, 'text': 'ו', 'upos': 'CCONJ', 'xpos': 'CCONJ', 'head': 47, 'deprel': 'cc', 'lemma': 'ו'}, {'id': 46, 'text': 'ב', 'upos': 'ADP', 'xpos': 'ADP', 'head': 47, 'deprel': 'case', 'lemma': 'ב'}, {'id': 47, 'text': 'שכונות', 'upos': 'NOUN', 'xpos': 'NOUN', 'feats': 'Definite=Cons|Gender=Fem|Number=Plur', 'head': 41, 'deprel': 'conj', 'lemma': 'שכונה'}]"
48,נווה,NOUN,NOUN,47.0,compound:smixut,"(151, 155)",נווה,Definite=Cons|Gender=Masc|Number=Sing,
49,זאב,NOUN,NOUN,48.0,flat:name,"(156, 159)",זאב,Gender=Masc|Number=Sing,
50,",",PUNCT,PUNCT,48.0,punct,"(159, 160)",",",,
51,רמות,PROPN,PROPN,48.0,conj,"(161, 165)",רמה,,
52,ו,CCONJ,CCONJ,51.0,cc,"(166, 167)",ו,HebSource=ConvUncertainHead,
53,-,PUNCT,PUNCT,51.0,flat:name,"(167, 168)",-,,
54,ג',PROPN,PROPN,51.0,flat:name,"(169, 171)",ג',,
55,ו,CCONJ,CCONJ,51.0,flat:name,"(172, 173)",ו,HebSource=ConvUncertainHead,
56,-,PUNCT,PUNCT,51.0,flat:name,"(173, 174)",-,,
57,ד',PROPN,PROPN,51.0,flat:name,"(175, 177)",ד',,
"(58, 59)",בבאר,,,,,"(178, 182)",,,"[{'id': 58, 'text': 'ב', 'upos': 'ADP', 'xpos': 'ADP', 'head': 59, 'deprel': 'case', 'lemma': 'ב'}, {'id': 59, 'text': 'באר', 'upos': 'NOUN', 'xpos': 'NOUN', 'feats': 'Definite=Cons|Gender=Fem|Number=Sing', 'head': 47, 'deprel': 'nmod', 'lemma': 'באר'}]"
60,שבע,NUM,NUM,59.0,flat:name,"(183, 186)",שבע,Gender=Fem|Number=Sing,
"(61, 62)",בשנת,,,,,"(187, 191)",,,"[{'id': 61, 'text': 'ב', 'upos': 'ADP', 'xpos': 'ADP', 'head': 62, 'deprel': 'case', 'lemma': 'ב'}, {'id': 62, 'text': 'שנת', 'upos': 'NOUN', 'xpos': 'NOUN', 'feats': 'Definite=Cons|Gender=Fem|Number=Sing', 'head': 39, 'deprel': 'obl', 'lemma': 'שנה'}]"
63,2001,NUM,NUM,62.0,compound:smixut,"(192, 196)",2001,,
"(1, 2)",בנספח,,,,,"(1, 6)",,,"[{'id': 1, 'text': 'ב', 'upos': 'ADP', 'xpos': 'ADP', 'head': 2, 'deprel': 'case', 'lemma': 'ב'}, {'id': 2, 'text': 'נספח', 'upos': 'NOUN', 'xpos': 'NOUN', 'feats': 'Gender=Masc|Number=Sing', 'head': 3, 'deprel': 'obl', 'lemma': 'נספח'}]"
3,מופיעות,VERB,VERB,0.0,root,"(7, 14)",הופיע,"Gender=Fem|HebBinyan=HIFIL|Number=Plur|Person=1,2,3|VerbForm=Part|Voice=Act",
4,טבלאות,NOUN,NOUN,3.0,nsubj,"(15, 21)",טבלאות,Definite=Cons|Gender=Fem|Number=Plur,
"(5, 6)",השוואה,,,,,"(22, 28)",,,"[{'id': 5, 'text': 'ה', 'upos': 'DET', 'xpos': 'DET', 'feats': 'PronType=Art', 'head': 6, 'deprel': 'det:def', 'lemma': 'ה'}, {'id': 6, 'text': 'שוואה', 'upos': 'X', 'xpos': 'X', 'head': 4, 'deprel': 'compound:smixut', 'lemma': '_'}]"
7,מפורטות,VERB,VERB,4.0,amod,"(29, 36)",פורט,"Gender=Fem|HebBinyan=PUAL|Number=Plur|Person=1,2,3|VerbForm=Part|Voice=Pass",
"(8, 9)",לכל,,,,,"(37, 40)",,,"[{'id': 8, 'text': 'ל', 'upos': 'ADP', 'xpos': 'ADP', 'head': 10, 'deprel': 'case', 'lemma': 'ל'}, {'id': 9, 'text': 'כל', 'upos': 'DET', 'xpos': 'DET', 'feats': 'Definite=Cons', 'head': 10, 'deprel': 'det', 'lemma': 'כול'}]"
10,סקרי,NOUN,NOUN,7.0,advmod,"(41, 45)",סקר,Definite=Cons|Gender=Masc|Number=Plur,
"(11, 12)",הישוב,,,,,"(46, 51)",,,"[{'id': 11, 'text': 'ה', 'upos': 'DET', 'xpos': 'DET', 'feats': 'PronType=Art', 'head': 12, 'deprel': 'det:def', 'lemma': 'ה'}, {'id': 12, 'text': 'ישוב', 'upos': 'NOUN', 'xpos': 'NOUN', 'feats': 'Gender=Masc|Number=Sing', 'head': 10, 'deprel': 'compound:smixut', 'lemma': 'יישוב'}]"
"(13, 14)",שנערכו,,,,,"(52, 58)",,,"[{'id': 13, 'text': 'ש', 'upos': 'SCONJ', 'xpos': 'SCONJ', 'head': 14, 'deprel': 'mark', 'lemma': 'ש'}, {'id': 14, 'text': 'נערכו', 'upos': 'VERB', 'xpos': 'VERB', 'feats': 'Gender=Fem,Masc|HebBinyan=NIFAL|Number=Plur|Person=3|Tense=Past|Voice=Mid', 'head': 10, 'deprel': 'acl:relcl', 'lemma': 'נערך'}]"
15,על,ADP,ADP,17.0,case,"(59, 61)",על,,
16,פי,NOUN,NOUN,15.0,fixed,"(62, 64)",פה,Definite=Cons|Gender=Masc|Number=Sing,
17,הזמנת,NOUN,NOUN,14.0,obl,"(65, 70)",הזמנה,Definite=Cons|Gender=Fem|Number=Sing,
18,משרד,NOUN,NOUN,17.0,compound:smixut,"(71, 75)",משרד,Definite=Cons|Gender=Masc|Number=Sing,
"(19, 20)",הבינוי,,,,,"(76, 82)",,,"[{'id': 19, 'text': 'ה', 'upos': 'DET', 'xpos': 'DET', 'feats': 'PronType=Art', 'head': 20, 'deprel': 'det:def', 'lemma': 'ה'}, {'id': 20, 'text': 'בינוי', 'upos': 'NOUN', 'xpos': 'NOUN', 'feats': 'Gender=Masc|Number=Sing', 'head': 18, 'deprel': 'compound:smixut', 'lemma': 'בינוי'}]"
"(21, 23)",והשיכון,,,,,"(83, 90)",,,"[{'id': 21, 'text': 'ו', 'upos': 'CCONJ', 'xpos': 'CCONJ', 'head': 23, 'deprel': 'cc', 'lemma': 'ו'}, {'id': 22, 'text': 'ה', 'upos': 'DET', 'xpos': 'DET', 'feats': 'PronType=Art', 'head': 23, 'deprel': 'det:def', 'lemma': 'ה'}, {'id': 23, 'text': 'שיכון', 'upos': 'NOUN', 'xpos': 'NOUN', 'feats': 'Gender=Masc|Number=Sing', 'head': 20, 'deprel': 'conj', 'lemma': 'שיכון'}]"
"(24, 25)",משנת,,,,,"(91, 95)",,,"[{'id': 24, 'text': 'מ', 'upos': 'ADP', 'xpos': 'ADP', 'head': 25, 'deprel': 'case', 'lemma': 'מ'}, {'id': 25, 'text': 'שנת', 'upos': 'NOUN', 'xpos': 'NOUN', 'feats': 'Definite=Cons|Gender=Fem|Number=Sing', 'head': 17, 'deprel': 'nmod', 'lemma': 'שנה'}]"
26,1997,NUM,NUM,25.0,compound:smixut,"(96, 100)",1997,,
1,יש,ADV,ADV,2.0,punct,"(1, 3)",יש,,
2,להעיר,VERB,VERB,0.0,root,"(4, 9)",העיר,HebBinyan=HIFIL|VerbForm=Inf|Voice=Act,
"(3, 4)",שמאחר,,,,,"(10, 15)",,,"[{'id': 3, 'text': 'ש', 'upos': 'SCONJ', 'xpos': 'SCONJ', 'head': 2, 'deprel': 'mark', 'lemma': 'ש'}, {'id': 4, 'text': 'מאחר', 'upos': 'ADV', 'xpos': 'ADV', 'head': 2, 'deprel': 'advmod', 'lemma': 'מאחר'}]"
"(5, 7)",והסקרים,,,,,"(16, 23)",,,"[{'id': 5, 'text': 'ו', 'upos': 'CCONJ', 'xpos': 'CCONJ', 'head': 2, 'deprel': 'dep', 'lemma': 'ו'}, {'id': 6, 'text': 'ה', 'upos': 'DET', 'xpos': 'DET', 'feats': 'PronType=Art', 'head': 7, 'deprel': 'det:def', 'lemma': 'ה'}, {'id': 7, 'text': 'סקרים', 'upos': 'NOUN', 'xpos': 'NOUN', 'feats': 'Gender=Masc|Number=Plur', 'head': 2, 'deprel': 'nsubj', 'lemma': 'סקר'}]"
"(8, 10)",בישובים,,,,,"(24, 31)",,,"[{'id': 8, 'text': 'ב', 'upos': 'ADP', 'xpos': 'ADP', 'head': 15, 'deprel': 'case', 'lemma': 'ב'}, {'id': 9, 'text': 'ה_', 'upos': 'DET', 'xpos': 'DET', 'feats': 'PronType=Art', 'head': 7, 'deprel': 'det:def', 'lemma': 'ה'}, {'id': 10, 'text': 'ישובים', 'upos': 'NOUN', 'xpos': 'NOUN', 'feats': 'Gender=Masc|Number=Sing', 'head': 7, 'deprel': 'nmod', 'lemma': 'יישוב'}]"
"(11, 12)",השונים,,,,,"(32, 38)",,,"[{'id': 11, 'text': 'ה', 'upos': 'DET', 'xpos': 'DET', 'feats': 'PronType=Art', 'head': 7, 'deprel': 'det:def', 'lemma': 'ה'}, {'id': 12, 'text': 'שונים', 'upos': 'ADJ', 'xpos': 'ADJ', 'feats': 'Gender=Masc|Number=Sing', 'head': 7, 'deprel': 'advmod', 'lemma': 'שונה'}]"
13,בוצעו,VERB,VERB,2.0,dep,"(39, 44)",בוצע,,
"(14, 15)",בתקופות,,,,,"(45, 52)",,,"[{'id': 14, 'text': 'ב', 'upos': 'ADP', 'xpos': 'ADP', 'head': 15, 'deprel': 'case', 'lemma': 'ב'}, {'id': 15, 'text': 'תקופות', 'upos': 'NOUN', 'xpos': 'NOUN', 'feats': 'Gender=Fem|Number=Plur', 'head': 2, 'deprel': 'obl', 'lemma': 'תקופה'}]"
16,שונות,ADJ,ADJ,15.0,amod,"(53, 58)",שונה,Gender=Fem|Number=Plur,
17,",",PUNCT,PUNCT,2.0,punct,"(59, 60)",",",,
18,יתכנו,VERB,VERB,2.0,dep,"(61, 66)",_,,
19,הבדלים,NOUN,NOUN,2.0,dep,"(67, 73)",הבדל,,
"(20, 21)",בערך,,,,,"(74, 78)",,,"[{'id': 20, 'text': 'ב', 'upos': 'ADP', 'xpos': 'ADP', 'head': 2, 'deprel': 'dep', 'lemma': 'ב'}, {'id': 21, 'text': 'ערך', 'upos': 'NOUN', 'xpos': 'NOUN', 'feats': 'Definite=Cons|Gender=Masc|Number=Sing', 'head': 2, 'deprel': 'obj', 'lemma': 'ערך'}]"
"(22, 23)",הדולר,,,,,"(79, 84)",,,"[{'id': 22, 'text': 'ה', 'upos': 'DET', 'xpos': 'DET', 'feats': 'PronType=Art', 'head': 23, 'deprel': 'det:def', 'lemma': 'ה'}, {'id': 23, 'text': 'דולר', 'upos': 'NOUN', 'xpos': 'NOUN', 'feats': 'Gender=Masc|Number=Sing', 'head': 2, 'deprel': 'obl', 'lemma': 'דולר'}]"
"(24, 25)",במונחי,,,,,"(85, 91)",,,"[{'id': 24, 'text': 'ב', 'upos': 'ADP', 'xpos': 'ADP', 'head': 25, 'deprel': 'case', 'lemma': 'ב'}, {'id': 25, 'text': 'מונחי', 'upos': 'NOUN', 'xpos': 'NOUN', 'feats': 'Definite=Cons', 'head': 2, 'deprel': 'dep', 'lemma': 'מונח'}]"
26,שקלים,NOUN,NOUN,15.0,dep,"(92, 97)",שקל,,
27,",",PUNCT,PUNCT,2.0,punct,"(97, 98)",",",,
28,בין,ADP,ADP,2.0,dep,"(99, 102)",בין,,
"(29, 30)",הסקרים,,,,,"(103, 109)",,,"[{'id': 29, 'text': 'ה', 'upos': 'DET', 'xpos': 'DET', 'feats': 'PronType=Art', 'head': 30, 'deprel': 'det:def', 'lemma': 'ה'}, {'id': 30, 'text': 'סקרים', 'upos': 'NOUN', 'xpos': 'NOUN', 'feats': 'Gender=Masc|Number=Plur', 'head': 2, 'deprel': 'obl', 'lemma': 'סקר'}]"
1,בנוסף,ADV,ADV,16.0,advmod,"(1, 6)",בנוסף,,
2,",",PUNCT,PUNCT,16.0,punct,"(6, 7)",",",,
"(3, 4)",בכל,,,,,"(8, 11)",,,"[{'id': 3, 'text': 'ב', 'upos': 'ADP', 'xpos': 'ADP', 'head': 5, 'deprel': 'case', 'lemma': 'ב'}, {'id': 4, 'text': 'כל', 'upos': 'DET', 'xpos': 'DET', 'feats': 'Definite=Cons', 'head': 5, 'deprel': 'det', 'lemma': 'כול'}]"
5,מקום,NOUN,NOUN,16.0,obl,"(12, 16)",מקום,Gender=Masc|Number=Sing,
"(6, 7)",בסקר,,,,,"(17, 21)",,,"[{'id': 6, 'text': 'ב', 'upos': 'ADP', 'xpos': 'ADP', 'head': 7, 'deprel': 'case', 'lemma': 'ב'}, {'id': 7, 'text': 'סקר', 'upos': 'NOUN', 'xpos': 'NOUN', 'feats': 'Gender=Masc|Number=Sing', 'head': 5, 'deprel': 'nmod', 'lemma': 'סקר'}]"
"(8, 9)",בו,,,,,"(22, 24)",,,"[{'id': 8, 'text': 'ב_', 'upos': 'ADP', 'xpos': 'ADP', 'head': 9, 'deprel': 'case', 'lemma': 'ב'}, {'id': 9, 'text': '_הוא', 'upos': 'PRON', 'xpos': 'PRON', 'feats': 'Gender=Masc|Number=Sing|Person=3|PronType=Prs', 'head': 10, 'deprel': 'obl', 'lemma': 'הוא'}]"
10,ישנה,VERB,VERB,5.0,acl:relcl,"(25, 29)",ישנה,"Gender=Fem|HebBinyan=NIFAL|Number=Sing|Person=1,2,3|VerbForm=Part|Voice=Mid",
11,התייחסות,NOUN,NOUN,10.0,nsubj,"(30, 38)",התייחסות,Gender=Fem|Number=Sing,
"(12, 13)",למחירי,,,,,"(39, 45)",,,"[{'id': 12, 'text': 'ל', 'upos': 'ADP', 'xpos': 'ADP', 'head': 13, 'deprel': 'case', 'lemma': 'ל'}, {'id': 13, 'text': 'מחירי', 'upos': 'NOUN', 'xpos': 'NOUN', 'feats': 'Definite=Cons|Gender=Masc|Number=Plur', 'head': 11, 'deprel': 'nmod', 'lemma': 'מחיר'}]"
14,דירות,NOUN,NOUN,13.0,compound:smixut,"(46, 51)",דירה,Gender=Fem|Number=Plur,
15,",",PUNCT,PUNCT,16.0,punct,"(52, 53)",",",,
16,יש,AUX,AUX,17.0,aux,"(54, 56)",יש,VerbType=Mod,
17,להביא,VERB,VERB,0.0,root,"(57, 62)",הביא,HebBinyan=HIFIL|VerbForm=Inf|Voice=Act,
"(18, 19)",בחשבון,,,,,"(63, 69)",,,"[{'id': 18, 'text': 'ב', 'upos': 'ADP', 'xpos': 'ADP', 'head': 19, 'deprel': 'case', 'lemma': 'ב'}, {'id': 19, 'text': 'חשבון', 'upos': 'NOUN', 'xpos': 'NOUN', 'feats': 'Gender=Masc|Number=Sing', 'head': 17, 'deprel': 'obl', 'lemma': 'חשבון'}]"
20,כי,SCONJ,SCONJ,23.0,mark,"(70, 72)",כי,,
"(21, 22)",הרכישות,,,,,"(73, 80)",,,"[{'id': 21, 'text': 'ה', 'upos': 'DET', 'xpos': 'DET', 'feats': 'PronType=Art', 'head': 22, 'deprel': 'det:def', 'lemma': 'ה'}, {'id': 22, 'text': 'רכישות', 'upos': 'NOUN', 'xpos': 'NOUN', 'feats': 'Gender=Fem|Number=Plur', 'head': 23, 'deprel': 'nsubj', 'lemma': 'רכישה'}]"
23,התבצעו,VERB,VERB,17.0,advcl,"(81, 87)",התבצע,"Gender=Fem,Masc|HebBinyan=HITPAEL|Number=Plur|Person=3|Tense=Past",
24,על,ADP,ADP,27.0,case,"(88, 90)",על,,
25,פני,NOUN,NOUN,24.0,fixed,"(91, 94)",פנים,"Definite=Cons|Gender=Fem,Masc|Number=Plur",
26,ארבע,NUM,NUM,27.0,nummod,"(95, 99)",ארבע,Gender=Fem|Number=Sing,
27,שנים,NOUN,NOUN,23.0,obl,"(100, 104)",שנה,Gender=Fem|Number=Plur,
"(28, 29)",בהן,,,,,"(105, 108)",,,"[{'id': 28, 'text': 'ב_', 'upos': 'ADP', 'xpos': 'ADP', 'head': 29, 'deprel': 'case', 'lemma': 'ב'}, {'id': 29, 'text': '_הן', 'upos': 'PRON', 'xpos': 'PRON', 'feats': 'Gender=Fem|Number=Plur|Person=3|PronType=Prs', 'head': 30, 'deprel': 'obl', 'lemma': 'הוא'}]"
30,חלו,VERB,VERB,27.0,acl,"(109, 112)",חל,"Gender=Fem,Masc|HebBinyan=PAAL|Number=Plur|Person=3|Tense=Past|Voice=Act",
31,שינויים,NOUN,NOUN,30.0,nsubj,"(113, 120)",שינוי,Gender=Masc|Number=Plur,
"(32, 34)",בשער,,,,,"(121, 125)",,,"[{'id': 32, 'text': 'ב', 'upos': 'ADP', 'xpos': 'ADP', 'head': 34, 'deprel': 'case', 'lemma': 'ב'}, {'id': 33, 'text': 'ה_', 'upos': 'DET', 'xpos': 'DET', 'feats': 'PronType=Art', 'head': 34, 'deprel': 'det:def', 'lemma': 'ה'}, {'id': 34, 'text': 'שער', 'upos': 'NOUN', 'xpos': 'NOUN', 'feats': 'Gender=Masc|Number=Sing', 'head': 31, 'deprel': 'nmod', 'lemma': 'שער'}]"
"(35, 36)",הדולר,,,,,"(126, 131)",,,"[{'id': 35, 'text': 'ה', 'upos': 'DET', 'xpos': 'DET', 'feats': 'PronType=Art', 'head': 36, 'deprel': 'det:def', 'lemma': 'ה'}, {'id': 36, 'text': 'דולר', 'upos': 'NOUN', 'xpos': 'NOUN', 'feats': 'Gender=Masc|Number=Sing', 'head': 34, 'deprel': 'amod', 'lemma': 'דולר'}]"
1,ממוצע,NOUN,NOUN,28.0,nsubj:cop,"(1, 6)",ממוצע,Gender=Masc|Number=Sing,
"(2, 3)",משוקלל,,,,,"(7, 13)",,,"[{'id': 2, 'text': 'מ', 'upos': 'ADP', 'xpos': 'ADP', 'head': 1, 'deprel': 'dep', 'lemma': 'מ'}, {'id': 3, 'text': 'שוקלל', 'upos': 'VERB', 'xpos': 'VERB', 'feats': 'Gender=Masc|HebBinyan=PAAL|Number=Sing|Person=1,2,3|VerbForm=Part|Voice=Act', 'head': 1, 'deprel': 'dep', 'lemma': 'שוקלל'}]"
4,של,ADP,ADP,5.0,case:gen,"(14, 16)",של,Case=Gen,
5,שער,NOUN,NOUN,1.0,nmod,"(17, 20)",שער,Definite=Cons|Gender=Masc|Number=Sing,
"(6, 7)",הדולר,,,,,"(21, 26)",,,"[{'id': 6, 'text': 'ה', 'upos': 'DET', 'xpos': 'DET', 'feats': 'PronType=Art', 'head': 7, 'deprel': 'det:def', 'lemma': 'ה'}, {'id': 7, 'text': 'דולר', 'upos': 'NOUN', 'xpos': 'NOUN', 'feats': 'Gender=Masc|Number=Sing', 'head': 5, 'deprel': 'compound:smixut', 'lemma': 'דולר'}]"
"(8, 9)",היציג,,,,,"(27, 32)",,,"[{'id': 8, 'text': 'ה', 'upos': 'DET', 'xpos': 'DET', 'feats': 'PronType=Art', 'head': 9, 'deprel': 'det:def', 'lemma': 'ה'}, {'id': 9, 'text': 'יציג', 'upos': 'VERB', 'xpos': 'VERB', 'feats': 'Gender=Masc|HebBinyan=HIFIL|Number=Sing|Person=3|Tense=Fut|Voice=Act', 'head': 5, 'deprel': 'acl:relcl', 'lemma': 'הציג'}]"
"(10, 11)",בתקופת,,,,,"(33, 39)",,,"[{'id': 10, 'text': 'ב', 'upos': 'ADP', 'xpos': 'ADP', 'head': 11, 'deprel': 'case', 'lemma': 'ב'}, {'id': 11, 'text': 'תקופת', 'upos': 'NOUN', 'xpos': 'NOUN', 'feats': 'Definite=Cons|Gender=Fem|Number=Sing', 'head': 5, 'deprel': 'nmod', 'lemma': 'תקופה'}]"
12,סקר,NOUN,NOUN,11.0,compound:smixut,"(40, 43)",סקר,Definite=Cons|Gender=Masc|Number=Sing,
13,מגדל,NOUN,NOUN,12.0,compound:smixut,"(44, 48)",מגדל,Definite=Cons|Gender=Masc|Number=Sing,
"(14, 15)",העמק,,,,,"(49, 53)",,,"[{'id': 14, 'text': 'ה', 'upos': 'DET', 'xpos': 'DET', 'feats': 'PronType=Art', 'head': 15, 'deprel': 'det:def', 'lemma': 'ה'}, {'id': 15, 'text': 'עמק', 'upos': 'NOUN', 'xpos': 'NOUN', 'feats': 'Gender=Masc|Number=Sing', 'head': 13, 'deprel': 'compound:smixut', 'lemma': 'עמק'}]"
16,(,PUNCT,PUNCT,18.0,punct,"(54, 55)",(,,
17,לפי,ADP,ADP,18.0,case,"(55, 58)",לפי,,
18,משקולות,NOUN,NOUN,11.0,nmod,"(59, 66)",משקולת,Gender=Fem|Number=Plur,
19,של,ADP,ADP,20.0,case:gen,"(67, 69)",של,Case=Gen,
20,מס',NOUN,NOUN,18.0,nmod:poss,"(70, 73)",מס',Definite=Cons|Gender=Masc|Number=Sing,
"(21, 22)",הרכישות,,,,,"(74, 81)",,,"[{'id': 21, 'text': 'ה', 'upos': 'DET', 'xpos': 'DET', 'feats': 'PronType=Art', 'head': 22, 'deprel': 'det:def', 'lemma': 'ה'}, {'id': 22, 'text': 'רכישות', 'upos': 'NOUN', 'xpos': 'NOUN', 'feats': 'Gender=Fem|Number=Plur', 'head': 20, 'deprel': 'compound:smixut', 'lemma': 'רכישה'}]"
"(23, 24)",בכל,,,,,"(82, 85)",,,"[{'id': 23, 'text': 'ב', 'upos': 'ADP', 'xpos': 'ADP', 'head': 25, 'deprel': 'case', 'lemma': 'ב'}, {'id': 24, 'text': 'כל', 'upos': 'DET', 'xpos': 'DET', 'feats': 'Definite=Cons', 'head': 25, 'deprel': 'det', 'lemma': 'כול'}]"
25,שנה,NOUN,NOUN,20.0,nmod,"(86, 89)",שנה,Gender=Fem|Number=Sing,
26,),PUNCT,PUNCT,18.0,punct,"(89, 90)",),,
27,הוא,AUX,AUX,28.0,cop,"(91, 94)",הוא,Gender=Masc|Number=Sing|Person=3|Polarity=Pos|VerbForm=Part|VerbType=Cop,
28,3,NUM,NUM,0.0,root,"(95, 96)",3,,
1,87,NUM,NUM,2.0,nummod,"(0, 2)",87,,
2,"ש""ח",NOUN,NOUN,0.0,root,"(3, 6)","ש""ח",Abbr=Yes|Gender=Masc|Number=Sing,
3,לדולר,PROPN,PROPN,2.0,nmod,"(7, 12)",לדולר,,
1,2,NUM,NUM,0.0,root,"(1, 2)",2,,
1,ממצאים,NOUN,NOUN,0.0,root,"(1, 7)",ממצא,Gender=Masc|Number=Plur,
2,עיקריים,ADJ,ADJ,1.0,amod,"(8, 15)",עיקרי,Gender=Masc|Number=Plur,
"(3, 4)",ומסקנות,,,,,"(16, 23)",,,"[{'id': 3, 'text': 'ו', 'upos': 'CCONJ', 'xpos': 'CCONJ', 'head': 4, 'deprel': 'cc', 'lemma': 'ו'}, {'id': 4, 'text': 'מסקנות', 'upos': 'NOUN', 'xpos': 'NOUN', 'feats': 'Gender=Fem|Number=Plur', 'head': 1, 'deprel': 'conj', 'lemma': 'מסקנה'}]"
5,2,NUM,NUM,4.0,nummod,"(24, 25)",2,,
1,1,NUM,NUM,2.0,nummod,"(0, 1)",1,,
2,ממצאים,NOUN,NOUN,18.0,nsubj,"(2, 8)",ממצא,Gender=Masc|Number=Plur,
3,עיקריים,ADJ,ADJ,2.0,amod,"(9, 16)",עיקרי,Gender=Masc|Number=Plur,
4,□,PUNCT,PUNCT,5.0,dep,"(17, 18)",□,,
5,מאפיינים,NOUN,NOUN,2.0,nmod,"(19, 27)",מאפיין,Gender=Masc|Number=Plur,
6,סוציודמוגרפיים,ADJ,ADJ,5.0,amod,"(28, 42)",סוציודמוגרפיים,,
7,של,ADP,ADP,8.0,case:gen,"(43, 45)",של,Case=Gen,
8,רוכשי,VERB,VERB,5.0,nmod,"(46, 51)",רכש,"Definite=Cons|Gender=Masc|HebBinyan=PAAL|Number=Plur|Person=1,2,3|VerbForm=Part|Voice=Act",
"(9, 10)",הדירות,,,,,"(52, 58)",,,"[{'id': 9, 'text': 'ה', 'upos': 'DET', 'xpos': 'DET', 'feats': 'PronType=Art', 'head': 10, 'deprel': 'det:def', 'lemma': 'ה'}, {'id': 10, 'text': 'דירות', 'upos': 'NOUN', 'xpos': 'NOUN', 'feats': 'Gender=Fem|Number=Plur', 'head': 8, 'deprel': 'compound:smixut', 'lemma': 'דירה'}]"
"(11, 12)",במהלך,,,,,"(59, 64)",,,"[{'id': 11, 'text': 'ב', 'upos': 'ADP', 'xpos': 'ADP', 'head': 5, 'deprel': 'case', 'lemma': 'ב'}, {'id': 12, 'text': 'מהלך', 'upos': 'NOUN', 'xpos': 'NOUN', 'feats': 'Gender=Masc|Number=Sing', 'head': 11, 'deprel': 'fixed', 'lemma': 'מהלך'}]"
"(13, 14)",השנים,,,,,"(65, 70)",,,"[{'id': 13, 'text': 'ה', 'upos': 'DET', 'xpos': 'DET', 'feats': 'PronType=Art', 'head': 14, 'deprel': 'det:def', 'lemma': 'ה'}, {'id': 14, 'text': 'שנים', 'upos': 'NOUN', 'xpos': 'NOUN', 'feats': 'Gender=Fem|Number=Plur', 'head': 18, 'deprel': 'obl', 'lemma': 'שנה'}]"
15,2000,NUM,NUM,14.0,amod,"(71, 75)",2000,,
16,-,PUNCT,PUNCT,15.0,punct,"(75, 76)",-,,
17,1997,NUM,NUM,15.0,dep,"(76, 80)",1997,,
18,נרכשו,VERB,VERB,0.0,root,"(81, 86)",נרכש,"Gender=Fem,Masc|HebBinyan=NIFAL|Number=Plur|Person=3|Tense=Past|Voice=Mid",
"(19, 21)",במגדל,,,,,"(87, 92)",,,"[{'id': 19, 'text': 'ב', 'upos': 'ADP', 'xpos': 'ADP', 'head': 21, 'deprel': 'case', 'lemma': 'ב'}, {'id': 20, 'text': 'ה_', 'upos': 'DET', 'xpos': 'DET', 'feats': 'PronType=Art', 'head': 21, 'deprel': 'det:def', 'lemma': 'ה'}, {'id': 21, 'text': 'מגדל', 'upos': 'NOUN', 'xpos': 'NOUN', 'feats': 'Gender=Masc|Number=Sing', 'head': 18, 'deprel': 'obl', 'lemma': 'מגדל'}]"
"(22, 23)",העמק,,,,,"(93, 97)",,,"[{'id': 22, 'text': 'ה', 'upos': 'DET', 'xpos': 'DET', 'feats': 'PronType=Art', 'head': 23, 'deprel': 'det:def', 'lemma': 'ה'}, {'id': 23, 'text': 'עמק', 'upos': 'NOUN', 'xpos': 'NOUN', 'feats': 'Gender=Masc|Number=Sing', 'head': 21, 'deprel': 'compound:smixut', 'lemma': 'עמק'}]"
24,כ,ADV,ADV,27.0,advmod,"(98, 99)",כ,,
25,-,PUNCT,PUNCT,27.0,punct,"(99, 100)",-,,
26,800,NUM,NUM,27.0,nummod,"(101, 104)",800,,
27,דירות,NOUN,NOUN,18.0,nsubj,"(105, 110)",דירה,Gender=Fem|Number=Plur,
28,",",PUNCT,PUNCT,27.0,punct,"(110, 111)",",",,
"(29, 30)",מהם,,,,,"(112, 115)",,,"[{'id': 29, 'text': 'מן_', 'upos': 'ADP', 'xpos': 'ADP', 'head': 30, 'deprel': 'case', 'lemma': 'מן'}, {'id': 30, 'text': '_הם', 'upos': 'PRON', 'xpos': 'PRON', 'feats': 'Gender=Masc|Number=Plur|Person=3|PronType=Prs', 'head': 27, 'deprel': 'nmod', 'lemma': 'הוא'}]"
31,כ,ADV,ADV,34.0,advmod,"(116, 117)",כ,,
32,-,PUNCT,PUNCT,34.0,punct,"(117, 118)",-,,
33,300,NUM,NUM,34.0,nummod,"(119, 122)",300,,
34,דירות,NOUN,NOUN,30.0,nsubj,"(123, 128)",דירה,Gender=Fem|Number=Plur,
"(35, 37)",בבניה,,,,,"(129, 134)",,,"[{'id': 35, 'text': 'ב', 'upos': 'ADP', 'xpos': 'ADP', 'head': 37, 'deprel': 'case', 'lemma': 'ב'}, {'id': 36, 'text': 'ה_', 'upos': 'DET', 'xpos': 'DET', 'feats': 'PronType=Art', 'head': 37, 'deprel': 'det:def', 'lemma': 'ה'}, {'id': 37, 'text': 'בניה', 'upos': 'NOUN', 'xpos': 'NOUN', 'feats': 'Gender=Fem|Number=Sing', 'head': 34, 'deprel': 'nmod', 'lemma': 'בניה'}]"
"(38, 39)",ביוזמה,,,,,"(135, 141)",,,"[{'id': 38, 'text': 'ב', 'upos': 'ADP', 'xpos': 'ADP', 'head': 39, 'deprel': 'case', 'lemma': 'ב'}, {'id': 39, 'text': 'יוזמה', 'upos': 'NOUN', 'xpos': 'NOUN', 'feats': 'Gender=Fem|Number=Sing', 'head': 34, 'deprel': 'nmod', 'lemma': 'יוזמה'}]"
40,ציבורית,ADJ,ADJ,39.0,amod,"(142, 149)",ציבורי,Gender=Fem|Number=Sing,
41,",",PUNCT,PUNCT,18.0,punct,"(149, 150)",",",,
"(42, 44)",והשאר,,,,,"(151, 156)",,,"[{'id': 42, 'text': 'ו', 'upos': 'CCONJ', 'xpos': 'CCONJ', 'head': 48, 'deprel': 'cc', 'lemma': 'ו'}, {'id': 43, 'text': 'ה', 'upos': 'DET', 'xpos': 'DET', 'feats': 'PronType=Art', 'head': 44, 'deprel': 'det:def', 'lemma': 'ה'}, {'id': 44, 'text': 'שאר', 'upos': 'NOUN', 'xpos': 'NOUN', 'feats': 'Gender=Masc|Number=Sing', 'head': 30, 'deprel': 'nsubj', 'lemma': 'שאר'}]"
45,כ,ADV,ADV,48.0,advmod,"(157, 158)",כ,,
46,-,PUNCT,PUNCT,48.0,punct,"(158, 159)",-,,
47,500,NUM,NUM,48.0,nummod,"(160, 163)",500,,
48,דירות,NOUN,NOUN,30.0,conj,"(164, 169)",דירה,Gender=Fem|Number=Plur,
49,יד,NOUN,NOUN,48.0,nmod,"(170, 172)",יד,Definite=Cons|Gender=Fem|Number=Sing,
50,שניה,NUM,NUM,49.0,compound:smixut,"(173, 177)",שניה,Gender=Fem|Number=Sing,
1,קוני,NOUN,NOUN,7.0,nsubj:cop,"(1, 5)",קונה,Definite=Cons|Gender=Masc|Number=Plur,
"(2, 3)",הדירות,,,,,"(6, 12)",,,"[{'id': 2, 'text': 'ה', 'upos': 'DET', 'xpos': 'DET', 'feats': 'PronType=Art', 'head': 3, 'deprel': 'det:def', 'lemma': 'ה'}, {'id': 3, 'text': 'דירות', 'upos': 'NOUN', 'xpos': 'NOUN', 'feats': 'Gender=Fem|Number=Plur', 'head': 1, 'deprel': 'compound:smixut', 'lemma': 'דירה'}]"
4,הם,AUX,AUX,7.0,cop,"(13, 15)",הוא,Gender=Masc|Number=Plur|Person=3|Polarity=Pos|VerbForm=Part|VerbType=Cop,
5,: ם,PUNCT,PUNCT,7.0,punct,"(15, 18)",: ם,,
6,בעיקר,ADV,ADV,7.0,advmod,"(19, 24)",בעיקר,,
7,משפחות,NOUN,NOUN,0.0,root,"(25, 31)",משפחה,Gender=Fem|Number=Plur,
8,בעלות,NOUN,NOUN,7.0,acl,"(32, 37)",בעלות,Definite=Cons|Gender=Fem|Number=Plur,
9,ילדים,NOUN,NOUN,8.0,compound:smixut,"(38, 43)",ילד,Gender=Masc|Number=Plur,
"(10, 11)",הנשואות,,,,,"(44, 51)",,,"[{'id': 10, 'text': 'ה', 'upos': 'DET', 'xpos': 'DET', 'feats': 'PronType=Art', 'head': 11, 'deprel': 'mark', 'lemma': 'ה'}, {'id': 11, 'text': 'נשואות', 'upos': 'VERB', 'xpos': 'VERB', 'feats': 'Gender=Fem|HebBinyan=PAAL|Number=Plur|Person=1,2,3|VerbForm=Part|Voice=Act', 'head': 7, 'deprel': 'acl:relcl', 'lemma': 'נשא'}]"
"(12, 13)",בממוצע,,,,,"(52, 58)",,,"[{'id': 12, 'text': 'ב', 'upos': 'ADP', 'xpos': 'ADP', 'head': 13, 'deprel': 'case', 'lemma': 'ב'}, {'id': 13, 'text': 'ממוצע', 'upos': 'NOUN', 'xpos': 'NOUN', 'feats': 'Gender=Masc|Number=Sing', 'head': 11, 'deprel': 'obl', 'lemma': 'ממוצע'}]"
14,כ,ADV,ADV,17.0,advmod,"(59, 60)",כ,,
15,-,PUNCT,PUNCT,17.0,punct,"(60, 61)",-,,
16,16,NUM,NUM,17.0,nummod,"(62, 64)",16,,
17,שנים,NOUN,NOUN,13.0,nmod,"(65, 69)",שנה,Gender=Fem|Number=Plur,
18,",",PUNCT,PUNCT,7.0,punct,"(69, 70)",",",,
19,כאשר,SCONJ,SCONJ,26.0,mark,"(71, 75)",כאשר,,
"(20, 21)",הילדים,,,,,"(76, 82)",,,"[{'id': 20, 'text': 'ה', 'upos': 'DET', 'xpos': 'DET', 'feats': 'PronType=Art', 'head': 21, 'deprel': 'det:def', 'lemma': 'ה'}, {'id': 21, 'text': 'ילדים', 'upos': 'NOUN', 'xpos': 'NOUN', 'feats': 'Gender=Masc|Number=Plur', 'head': 26, 'deprel': 'nsubj', 'lemma': 'ילד'}]"
22,עד,ADP,ADP,23.0,case,"(83, 85)",עד,,
"(23, 25)",גילאי,,,,,"(86, 91)",,,"[{'id': 23, 'text': 'גילא_', 'upos': 'NOUN', 'xpos': 'NOUN', 'feats': 'Definite=Def|Gender=Masc|Number=Sing', 'head': 26, 'deprel': 'obl', 'lemma': 'גילא'}, {'id': 24, 'text': '_של_', 'upos': 'ADP', 'xpos': 'ADP', 'head': 25, 'deprel': 'case:gen', 'lemma': 'של'}, {'id': 25, 'text': '_אני', 'upos': 'PRON', 'xpos': 'PRON', 'feats': 'Case=Gen|Gender=Fem,Masc|Number=Sing|Person=1|PronType=Prs', 'head': 23, 'deprel': 'nmod:poss', 'lemma': 'הוא'}]"
26,19,NUM,NUM,7.0,dep,"(92, 94)",19,HebSource=ConvUncertainHead,
1,ב,ADP,ADP,4.0,case,"(1, 2)",ב,,
2,-,PUNCT,PUNCT,4.0,punct,"(2, 3)",-,,
3,89,NUM,NUM,4.0,nummod,"(4, 6)",89,,
4,%,NOUN,NOUN,8.0,obl,"(6, 7)",%,"Gender=Masc|Number=Plur,Sing",
"(5, 7)",מהמקרים,,,,,"(8, 15)",,,"[{'id': 5, 'text': 'מ', 'upos': 'ADP', 'xpos': 'ADP', 'head': 7, 'deprel': 'case', 'lemma': 'מ'}, {'id': 6, 'text': 'ה', 'upos': 'DET', 'xpos': 'DET', 'feats': 'PronType=Art', 'head': 7, 'deprel': 'det:def', 'lemma': 'ה'}, {'id': 7, 'text': 'מקרים', 'upos': 'X', 'xpos': 'X', 'feats': 'Xtra=Junk', 'head': 4, 'deprel': 'nmod', 'lemma': 'מקרים'}]"
8,יש,VERB,VERB,0.0,root,"(16, 18)",יש,HebExistential=True,
9,ילדים,NOUN,NOUN,8.0,nsubj,"(19, 24)",ילד,Gender=Masc|Number=Plur,
"(10, 12)",במשק,,,,,"(25, 29)",,,"[{'id': 10, 'text': 'ב', 'upos': 'ADP', 'xpos': 'ADP', 'head': 12, 'deprel': 'case', 'lemma': 'ב'}, {'id': 11, 'text': 'ה_', 'upos': 'DET', 'xpos': 'DET', 'feats': 'PronType=Art', 'head': 12, 'deprel': 'det:def', 'lemma': 'ה'}, {'id': 12, 'text': 'משק', 'upos': 'NOUN', 'xpos': 'NOUN', 'feats': 'Gender=Masc|Number=Sing', 'head': 9, 'deprel': 'nmod', 'lemma': 'משק'}]"
"(13, 14)",הבית,,,,,"(30, 34)",,,"[{'id': 13, 'text': 'ה', 'upos': 'DET', 'xpos': 'DET', 'feats': 'PronType=Art', 'head': 14, 'deprel': 'det:def', 'lemma': 'ה'}, {'id': 14, 'text': 'בית', 'upos': 'NOUN', 'xpos': 'NOUN', 'feats': 'Gender=Masc|Number=Sing', 'head': 12, 'deprel': 'amod', 'lemma': 'בית'}]"
1,מס',NOUN,NOUN,15.0,nsubj:cop,"(1, 4)",מס',Definite=Cons|Gender=Masc|Number=Sing,
"(2, 3)",הילדים,,,,,"(5, 11)",,,"[{'id': 2, 'text': 'ה', 'upos': 'DET', 'xpos': 'DET', 'feats': 'PronType=Art', 'head': 3, 'deprel': 'det:def', 'lemma': 'ה'}, {'id': 3, 'text': 'ילדים', 'upos': 'NOUN', 'xpos': 'NOUN', 'feats': 'Gender=Masc|Number=Plur', 'head': 1, 'deprel': 'compound:smixut', 'lemma': 'ילד'}]"
"(4, 5)",הממוצע,,,,,"(12, 18)",,,"[{'id': 4, 'text': 'ה', 'upos': 'DET', 'xpos': 'DET', 'feats': 'PronType=Art', 'head': 5, 'deprel': 'det:def', 'lemma': 'ה'}, {'id': 5, 'text': 'ממוצע', 'upos': 'ADJ', 'xpos': 'ADJ', 'feats': 'Gender=Masc|Number=Sing', 'head': 3, 'deprel': 'amod', 'lemma': 'ממוצע'}]"
"(6, 8)",במשפחה,,,,,"(19, 25)",,,"[{'id': 6, 'text': 'ב', 'upos': 'ADP', 'xpos': 'ADP', 'head': 8, 'deprel': 'case', 'lemma': 'ב'}, {'id': 7, 'text': 'ה_', 'upos': 'DET', 'xpos': 'DET', 'feats': 'PronType=Art', 'head': 8, 'deprel': 'det:def', 'lemma': 'ה'}, {'id': 8, 'text': 'משפחה', 'upos': 'NOUN', 'xpos': 'NOUN', 'feats': 'Gender=Fem|Number=Sing', 'head': 1, 'deprel': 'nmod', 'lemma': 'משפחה'}]"
"(9, 10)",עם,,,,,"(26, 28)",,,"[{'id': 9, 'text': 'עם', 'upos': 'ADP', 'xpos': 'ADP', 'head': 10, 'deprel': 'case', 'lemma': 'עם'}, {'id': 10, 'text': '_הם', 'upos': 'PRON', 'xpos': 'PRON', 'feats': 'Gender=Masc|Number=Plur|Person=3|PronType=Prs', 'head': 8, 'deprel': 'nmod', 'lemma': 'הוא'}]"
"(11, 13)",ילדים,,,,,"(29, 34)",,,"[{'id': 11, 'text': 'ילד_', 'upos': 'NOUN', 'xpos': 'NOUN', 'feats': 'Definite=Def|Gender=Masc|Number=Sing', 'head': 8, 'deprel': 'nsubj', 'lemma': 'ילד'}, {'id': 12, 'text': '_של_', 'upos': 'ADP', 'xpos': 'ADP', 'head': 13, 'deprel': 'case:gen', 'lemma': 'של'}, {'id': 13, 'text': '_הם', 'upos': 'PRON', 'xpos': 'PRON', 'feats': 'Case=Gen|Gender=Masc|Number=Plur|Person=3|PronType=Prs', 'head': 11, 'deprel': 'nmod:poss', 'lemma': 'הוא'}]"
14,הוא,AUX,AUX,15.0,cop,"(35, 38)",הוא,Gender=Masc|Number=Sing|Person=3|Polarity=Pos|VerbForm=Part|VerbType=Cop,
15,2,NUM,NUM,0.0,root,"(39, 40)",2,,
1,2,NUM,NUM,0.0,root,"(0, 1)",2,,
1,ם,X,X,13.0,dep,"(1, 2)",ם,,
2,גודל,NOUN,NOUN,13.0,nsubj,"(3, 7)",גודל,Definite=Cons|Gender=Masc|Number=Sing,
"(3, 4)",המשפחה,,,,,"(8, 14)",,,"[{'id': 3, 'text': 'ה', 'upos': 'DET', 'xpos': 'DET', 'feats': 'PronType=Art', 'head': 4, 'deprel': 'det:def', 'lemma': 'ה'}, {'id': 4, 'text': 'משפחה', 'upos': 'NOUN', 'xpos': 'NOUN', 'feats': 'Gender=Fem|Number=Sing', 'head': 2, 'deprel': 'compound:smixut', 'lemma': 'משפחה'}]"
"(5, 6)",שרכשה,,,,,"(15, 20)",,,"[{'id': 5, 'text': 'ש', 'upos': 'SCONJ', 'xpos': 'SCONJ', 'head': 6, 'deprel': 'mark', 'lemma': 'ש'}, {'id': 6, 'text': 'רכשה', 'upos': 'VERB', 'xpos': 'VERB', 'feats': 'Gender=Fem|HebBinyan=PAAL|Number=Sing|Person=3|Tense=Past|Voice=Act', 'head': 4, 'deprel': 'acl:relcl', 'lemma': 'רכש'}]"
7,דירה,NOUN,NOUN,6.0,obj,"(21, 25)",דירה,Gender=Fem|Number=Sing,
"(8, 10)",במגדל,,,,,"(26, 31)",,,"[{'id': 8, 'text': 'ב', 'upos': 'ADP', 'xpos': 'ADP', 'head': 10, 'deprel': 'case', 'lemma': 'ב'}, {'id': 9, 'text': 'ה_', 'upos': 'DET', 'xpos': 'DET', 'feats': 'PronType=Art', 'head': 10, 'deprel': 'det:def', 'lemma': 'ה'}, {'id': 10, 'text': 'מגדל', 'upos': 'NOUN', 'xpos': 'NOUN', 'feats': 'Definite=Cons|Gender=Masc|Number=Sing', 'head': 7, 'deprel': 'nmod', 'lemma': 'מגדל'}]"
"(11, 12)",העמק,,,,,"(32, 36)",,,"[{'id': 11, 'text': 'ה', 'upos': 'DET', 'xpos': 'DET', 'feats': 'PronType=Art', 'head': 12, 'deprel': 'det:def', 'lemma': 'ה'}, {'id': 12, 'text': 'עמק', 'upos': 'NOUN', 'xpos': 'NOUN', 'feats': 'Gender=Masc|Number=Sing', 'head': 10, 'deprel': 'compound:smixut', 'lemma': 'עמק'}]"
13,גדול,ADJ,ADJ,0.0,root,"(37, 41)",גדול,Gender=Masc|Number=Sing,
14,יחסית,ADV,ADV,16.0,advmod,"(42, 47)",יחסית,,
15,-,PUNCT,PUNCT,13.0,punct,"(47, 48)",-,,
16,3,NUM,NUM,13.0,dep,"(49, 50)",3,,
1,5,NUM,NUM,2.0,nummod,"(0, 1)",5,,
2,נפשות,NOUN,NOUN,0.0,root,"(2, 7)",נפש,Gender=Fem|Number=Plur,
3,(,PUNCT,PUNCT,2.0,punct,"(8, 9)",(,,
"(4, 5)",לעומת,,,,,"(9, 14)",,,"[{'id': 4, 'text': 'ל', 'upos': 'NOUN', 'xpos': 'NOUN', 'head': 5, 'deprel': 'case', 'lemma': 'ל'}, {'id': 5, 'text': 'עומת', 'upos': 'NOUN', 'xpos': 'NOUN', 'feats': 'Gender=Masc|Number=Sing', 'head': 2, 'deprel': 'nmod', 'lemma': 'עומת'}]"
6,3,NUM,NUM,5.0,compound:smixut,"(15, 16)",3,,
1,2,NUM,NUM,0.0,root,"(0, 1)",2,,
"(2, 3)",בכלל,,,,,"(2, 6)",,,"[{'id': 2, 'text': 'ב', 'upos': 'ADP', 'xpos': 'ADP', 'head': 3, 'deprel': 'case', 'lemma': 'ב'}, {'id': 3, 'text': 'כלל', 'upos': 'NOUN', 'xpos': 'NOUN', 'feats': 'Definite=Cons|Gender=Masc|Number=Sing', 'head': 1, 'deprel': 'obl', 'lemma': 'כלל'}]"
"(4, 5)",האוכלוסיה,,,,,"(7, 16)",,,"[{'id': 4, 'text': 'ה', 'upos': 'DET', 'xpos': 'DET', 'feats': 'PronType=Art', 'head': 5, 'deprel': 'det:def', 'lemma': 'ה'}, {'id': 5, 'text': 'אוכלוסיה', 'upos': 'NOUN', 'xpos': 'NOUN', 'feats': 'Gender=Fem|Number=Sing', 'head': 3, 'deprel': 'compound:smixut', 'lemma': 'אוכלוסיה'}]"
"(6, 7)",היהודית,,,,,"(17, 24)",,,"[{'id': 6, 'text': 'ה', 'upos': 'DET', 'xpos': 'DET', 'feats': 'PronType=Art', 'head': 7, 'deprel': 'det:def', 'lemma': 'ה'}, {'id': 7, 'text': 'יהודית', 'upos': 'ADJ', 'xpos': 'ADJ', 'feats': 'Gender=Fem|Number=Sing', 'head': 5, 'deprel': 'amod', 'lemma': 'יהודי'}]"
"(8, 9)",בישראל,,,,,"(25, 31)",,,"[{'id': 8, 'text': 'ב', 'upos': 'ADP', 'xpos': 'ADP', 'head': 9, 'deprel': 'case', 'lemma': 'ב'}, {'id': 9, 'text': 'ישראל', 'upos': 'PROPN', 'xpos': 'PROPN', 'head': 5, 'deprel': 'nmod', 'lemma': 'ישראל'}]"
10,),PUNCT,PUNCT,1.0,punct,"(31, 32)",),,
1,ם,X,X,2.0,dep,"(1, 2)",ם,Xtra=Junk,
2,%,NOUN,NOUN,12.0,nsubj:cop,"(3, 4)",%,"Gender=Masc|Number=Plur,Sing",
3,39,NUM,NUM,2.0,nummod,"(5, 7)",39,,
"(4, 6)",מהגברים,,,,,"(8, 15)",,,"[{'id': 4, 'text': 'מ', 'upos': 'ADP', 'xpos': 'ADP', 'head': 6, 'deprel': 'case', 'lemma': 'מ'}, {'id': 5, 'text': 'ה', 'upos': 'DET', 'xpos': 'DET', 'feats': 'PronType=Art', 'head': 6, 'deprel': 'det:def', 'lemma': 'ה'}, {'id': 6, 'text': 'גברים', 'upos': 'NOUN', 'xpos': 'NOUN', 'feats': 'Gender=Masc|Number=Plur', 'head': 2, 'deprel': 'nmod', 'lemma': 'גבר'}]"
7,רוכשי,VERB,VERB,6.0,acl,"(16, 21)",רכש,"Definite=Cons|Gender=Masc|HebBinyan=PAAL|Number=Plur|Person=1,2,3|VerbForm=Part|Voice=Act",
"(8, 9)",הדירות,,,,,"(22, 28)",,,"[{'id': 8, 'text': 'ה', 'upos': 'DET', 'xpos': 'DET', 'feats': 'PronType=Art', 'head': 9, 'deprel': 'det:def', 'lemma': 'ה'}, {'id': 9, 'text': 'דירות', 'upos': 'NOUN', 'xpos': 'NOUN', 'feats': 'Gender=Fem|Number=Plur', 'head': 7, 'deprel': 'compound:smixut', 'lemma': 'דירה'}]"
10,הם,AUX,AUX,12.0,cop,"(29, 31)",הוא,Gender=Masc|Number=Plur|Person=3|Polarity=Pos|VerbForm=Part|VerbType=Cop,
"(11, 12)",בגיל,,,,,"(32, 36)",,,"[{'id': 11, 'text': 'ב', 'upos': 'ADP', 'xpos': 'ADP', 'head': 12, 'deprel': 'case', 'lemma': 'ב'}, {'id': 12, 'text': 'גיל', 'upos': 'NOUN', 'xpos': 'NOUN', 'feats': 'Gender=Masc|Number=Sing', 'head': 0, 'deprel': 'root', 'lemma': 'גיל'}]"
"(13, 14)",שבין,,,,,"(37, 41)",,,"[{'id': 13, 'text': 'ש', 'upos': 'SCONJ', 'xpos': 'SCONJ', 'head': 15, 'deprel': 'mark', 'lemma': 'ש'}, {'id': 14, 'text': 'בין', 'upos': 'ADP', 'xpos': 'ADP', 'head': 15, 'deprel': 'case', 'lemma': 'בין'}]"
15,25,NUM,NUM,12.0,acl:relcl,"(42, 44)",25,,
16,ל,ADP,ADP,18.0,case,"(45, 46)",ל,,
17,-,PUNCT,PUNCT,15.0,punct,"(46, 47)",-,,
18,34,NUM,NUM,15.0,dep,"(48, 50)",34,,
19,ו,CCONJ,CCONJ,22.0,cc,"(51, 52)",ו,HebSource=ConvUncertainHead,
20,-,PUNCT,PUNCT,22.0,punct,"(52, 53)",-,,
21,29,NUM,NUM,22.0,nummod,"(54, 56)",29,,
22,%,NOUN,NOUN,12.0,conj,"(56, 57)",%,"Gender=Masc|Number=Plur,Sing",
"(23, 24)",בגילאי,,,,,"(58, 64)",,,"[{'id': 23, 'text': 'ב', 'upos': 'ADP', 'xpos': 'ADP', 'head': 24, 'deprel': 'case', 'lemma': 'ב'}, {'id': 24, 'text': 'גילאי', 'upos': 'NOUN', 'xpos': 'NOUN', 'feats': 'Definite=Cons|Gender=Masc|Number=Plur', 'head': 22, 'deprel': 'nmod', 'lemma': 'גיל'}]"
25,3544,NUM,NUM,24.0,compound:smixut,"(65, 69)",3544,,
"(1, 2)",גיל הרוכשים,,,,,"(1, 12)",,,"[{'id': 1, 'text': 'גילטה', 'upos': 'PROPN', 'xpos': 'PROPN', 'head': 2, 'deprel': 'nsubj', 'lemma': 'גילטה'}, {'id': 2, 'text': 'רוכשים', 'upos': 'VERB', 'xpos': 'VERB', 'feats': 'Gender=Masc|HebBinyan=PAAL|Number=Plur|Person=1,2,3|VerbForm=Part|Voice=Act', 'head': 0, 'deprel': 'root', 'lemma': 'רכש'}]"
"(3, 5)",דירות,,,,,"(13, 18)",,,"[{'id': 3, 'text': 'דירות_', 'upos': 'NOUN', 'xpos': 'NOUN', 'feats': 'Definite=Def|Gender=Fem|Number=Sing', 'head': 2, 'deprel': 'obj', 'lemma': 'דירות'}, {'id': 4, 'text': '_של_', 'upos': 'ADP', 'xpos': 'ADP', 'head': 5, 'deprel': 'case:gen', 'lemma': 'של'}, {'id': 5, 'text': '_היא', 'upos': 'PRON', 'xpos': 'PRON', 'feats': 'Case=Gen|Gender=Fem|Number=Sing|Person=3|PronType=Prs', 'head': 3, 'deprel': 'nmod:poss', 'lemma': 'הוא'}]"
6,ב,ADP,ADP,8.0,case,"(19, 20)",ב,,
"(7, 8)",מגדל,,,,,"(20, 24)",,,"[{'id': 7, 'text': 'מ', 'upos': 'ADP', 'xpos': 'ADP', 'head': 8, 'deprel': 'compound:smixut', 'lemma': 'מ'}, {'id': 8, 'text': 'גדל', 'upos': 'NOUN', 'xpos': 'NOUN', 'feats': 'Definite=Cons|Gender=Masc|Number=Sing', 'head': 3, 'deprel': 'nmod', 'lemma': 'גדל'}]"
"(9, 10)",העמק צעיר יחסית,,,,,"(25, 40)",,,"[{'id': 9, 'text': 'ה', 'upos': 'DET', 'xpos': 'DET', 'feats': 'PronType=Art', 'head': 10, 'deprel': 'det:def', 'lemma': 'ה'}, {'id': 10, 'text': 'עמקטצירחירסית', 'upos': 'PROPN', 'xpos': 'PROPN', 'head': 8, 'deprel': 'compound:smixut', 'lemma': 'עמקטצירחירסית'}]"
11,לכלל,ADP,ADP,13.0,case,"(41, 45)",לכלל,,
"(12, 13)",האוכל,,,,,"(46, 51)",,,"[{'id': 12, 'text': 'ה', 'upos': 'DET', 'xpos': 'DET', 'feats': 'PronType=Art', 'head': 13, 'deprel': 'det:def', 'lemma': 'ה'}, {'id': 13, 'text': 'אוכל', 'upos': 'NOUN', 'xpos': 'NOUN', 'feats': 'Gender=Masc|Number=Sing', 'head': 2, 'deprel': 'obl', 'lemma': 'אוכל'}]"
"(14, 15)",וס,,,,,"(51, 53)",,,"[{'id': 14, 'text': 'ו', 'upos': 'CCONJ', 'xpos': 'CCONJ', 'head': 17, 'deprel': 'cc', 'lemma': 'ו'}, {'id': 15, 'text': 'ס', 'upos': 'PROPN', 'xpos': 'PROPN', 'head': 17, 'deprel': 'nsubj', 'lemma': 'ס'}]"
"(16, 17)",יה,,,,,"(53, 55)",,,"[{'id': 16, 'text': 'י_', 'upos': 'NOUN', 'xpos': 'NOUN', 'head': 17, 'deprel': 'nsubj', 'lemma': 'י'}, {'id': 17, 'text': '_היא', 'upos': 'PRON', 'xpos': 'PRON', 'feats': 'Gender=Fem|Number=Sing|Person=3|PronType=Prs', 'head': 13, 'deprel': 'conj', 'lemma': 'הוא'}]"
1,התפלגות,NOUN,NOUN,10.0,nsubj,"(1, 8)",התפלגות,Definite=Cons|Gender=Fem|Number=Sing,
2,גיל,NOUN,NOUN,1.0,compound:smixut,"(9, 12)",גיל,Definite=Cons|Gender=Masc|Number=Sing,
"(3, 4)",הרוכשים,,,,,"(13, 20)",,,"[{'id': 3, 'text': 'ה', 'upos': 'DET', 'xpos': 'DET', 'feats': 'PronType=Art', 'head': 4, 'deprel': 'det:def', 'lemma': 'ה'}, {'id': 4, 'text': 'רוכשים', 'upos': 'NOUN', 'xpos': 'NOUN', 'feats': 'Gender=Masc|Number=Plur', 'head': 2, 'deprel': 'compound:smixut', 'lemma': 'רכש'}]"
"(5, 7)",במגדל,,,,,"(21, 26)",,,"[{'id': 5, 'text': 'ב', 'upos': 'ADP', 'xpos': 'ADP', 'head': 7, 'deprel': 'case', 'lemma': 'ב'}, {'id': 6, 'text': 'ה_', 'upos': 'DET', 'xpos': 'DET', 'feats': 'PronType=Art', 'head': 7, 'deprel': 'det:def', 'lemma': 'ה'}, {'id': 7, 'text': 'מגדל', 'upos': 'NOUN', 'xpos': 'NOUN', 'feats': 'Gender=Masc|Number=Sing', 'head': 1, 'deprel': 'nmod', 'lemma': 'מגדל'}]"
"(8, 9)",העמק,,,,,"(27, 31)",,,"[{'id': 8, 'text': 'ה', 'upos': 'DET', 'xpos': 'DET', 'feats': 'PronType=Art', 'head': 9, 'deprel': 'det:def', 'lemma': 'ה'}, {'id': 9, 'text': 'עמק', 'upos': 'NOUN', 'xpos': 'NOUN', 'feats': 'Gender=Masc|Number=Sing', 'head': 7, 'deprel': 'compound:smixut', 'lemma': 'עמק'}]"
"(10, 12)",דומה,,,,,"(32, 36)",,,"[{'id': 10, 'text': 'דום_', 'upos': 'NOUN', 'xpos': 'NOUN', 'feats': 'Definite=Def|Gender=Masc|Number=Sing', 'head': 0, 'deprel': 'root', 'lemma': 'דום'}, {'id': 11, 'text': '_של_', 'upos': 'ADP', 'xpos': 'ADP', 'head': 12, 'deprel': 'case:gen', 'lemma': 'של'}, {'id': 12, 'text': '_היא', 'upos': 'PRON', 'xpos': 'PRON', 'feats': 'Case=Gen|Gender=Fem|Number=Sing|Person=3|PronType=Prs', 'head': 10, 'deprel': 'nmod:poss', 'lemma': 'הוא'}]"
"(13, 14)",להתפלגות,,,,,"(37, 45)",,,"[{'id': 13, 'text': 'ל', 'upos': 'ADP', 'xpos': 'ADP', 'head': 14, 'deprel': 'case', 'lemma': 'ל'}, {'id': 14, 'text': 'התפלגות', 'upos': 'NOUN', 'xpos': 'NOUN', 'feats': 'Definite=Cons|Gender=Fem|Number=Sing', 'head': 10, 'deprel': 'nmod', 'lemma': 'התפלגות'}]"
15,גיל,NOUN,NOUN,14.0,compound:smixut,"(46, 49)",גיל,Definite=Cons|Gender=Masc|Number=Sing,
"(16, 17)",הרוכשים,,,,,"(50, 57)",,,"[{'id': 16, 'text': 'ה', 'upos': 'DET', 'xpos': 'DET', 'feats': 'PronType=Art', 'head': 17, 'deprel': 'det:def', 'lemma': 'ה'}, {'id': 17, 'text': 'רוכשים', 'upos': 'NOUN', 'xpos': 'NOUN', 'feats': 'Gender=Masc|Number=Plur', 'head': 15, 'deprel': 'compound:smixut', 'lemma': 'רכש'}]"
"(18, 19)",באשקלון,,,,,"(58, 65)",,,"[{'id': 18, 'text': 'ב', 'upos': 'ADP', 'xpos': 'ADP', 'head': 19, 'deprel': 'case', 'lemma': 'ב'}, {'id': 19, 'text': 'אשקלון', 'upos': 'PROPN', 'xpos': 'PROPN', 'head': 14, 'deprel': 'nmod', 'lemma': 'אשקלון'}]"
"(1, 2)",הרוכשים,,,,,"(1, 8)",,,"[{'id': 1, 'text': 'ה', 'upos': 'DET', 'xpos': 'DET', 'feats': 'PronType=Art', 'head': 2, 'deprel': 'det:def', 'lemma': 'ה'}, {'id': 2, 'text': 'רוכשים', 'upos': 'VERB', 'xpos': 'VERB', 'feats': 'Gender=Masc|Number=Plur', 'head': 8, 'deprel': 'nsubj', 'lemma': 'רכש'}]"
"(3, 5)",במגדל,,,,,"(9, 14)",,,"[{'id': 3, 'text': 'ב', 'upos': 'ADP', 'xpos': 'ADP', 'head': 5, 'deprel': 'case', 'lemma': 'ב'}, {'id': 4, 'text': 'ה_', 'upos': 'DET', 'xpos': 'DET', 'feats': 'PronType=Art', 'head': 5, 'deprel': 'det:def', 'lemma': 'ה'}, {'id': 5, 'text': 'מגדל', 'upos': 'NOUN', 'xpos': 'NOUN', 'feats': 'Definite=Cons|Gender=Masc|Number=Sing', 'head': 2, 'deprel': 'nmod', 'lemma': 'מגדל'}]"
"(6, 7)",העמק,,,,,"(15, 19)",,,"[{'id': 6, 'text': 'ה', 'upos': 'DET', 'xpos': 'DET', 'feats': 'PronType=Art', 'head': 7, 'deprel': 'det:def', 'lemma': 'ה'}, {'id': 7, 'text': 'עמק', 'upos': 'NOUN', 'xpos': 'NOUN', 'feats': 'Gender=Masc|Number=Sing', 'head': 5, 'deprel': 'compound:smixut', 'lemma': 'עמק'}]"
8,צעירים,ADJ,ADJ,0.0,root,"(20, 26)",צעיר,Gender=Masc|Number=Plur,
"(9, 10)",בהשוואה,,,,,"(27, 34)",,,"[{'id': 9, 'text': 'ב', 'upos': 'ADP', 'xpos': 'ADP', 'head': 12, 'deprel': 'case', 'lemma': 'ב'}, {'id': 10, 'text': 'השוואה', 'upos': 'NOUN', 'xpos': 'NOUN', 'feats': 'Gender=Fem|Number=Sing', 'head': 9, 'deprel': 'fixed', 'lemma': 'השוואה'}]"
"(11, 12)",לכלל,,,,,"(35, 39)",,,"[{'id': 11, 'text': 'ל', 'upos': 'ADP', 'xpos': 'ADP', 'head': 9, 'deprel': 'fixed', 'lemma': 'ל'}, {'id': 12, 'text': 'כלל', 'upos': 'NOUN', 'xpos': 'NOUN', 'feats': 'Definite=Cons|Gender=Masc|Number=Sing', 'head': 8, 'deprel': 'advmod', 'lemma': 'כלל'}]"
"(13, 14)",האוכלוסיה,,,,,"(40, 49)",,,"[{'id': 13, 'text': 'ה', 'upos': 'DET', 'xpos': 'DET', 'feats': 'PronType=Art', 'head': 14, 'deprel': 'det:def', 'lemma': 'ה'}, {'id': 14, 'text': 'אוכלוסיה', 'upos': 'NOUN', 'xpos': 'NOUN', 'feats': 'Gender=Fem|Number=Sing', 'head': 12, 'deprel': 'compound:smixut', 'lemma': 'אוכלוסיה'}]"
1,ם,X,X,2.0,dep,"(1, 2)",ם,,
2,%,NOUN,NOUN,7.0,nsubj,"(3, 4)",%,"Gender=Masc|Number=Plur,Sing",
3,87,NUM,NUM,2.0,nummod,"(5, 7)",87,,
"(4, 6)",מהגברים,,,,,"(8, 15)",,,"[{'id': 4, 'text': 'מ', 'upos': 'ADP', 'xpos': 'ADP', 'head': 6, 'deprel': 'case', 'lemma': 'מ'}, {'id': 5, 'text': 'ה', 'upos': 'DET', 'xpos': 'DET', 'feats': 'PronType=Art', 'head': 6, 'deprel': 'det:def', 'lemma': 'ה'}, {'id': 6, 'text': 'גברים', 'upos': 'NOUN', 'xpos': 'NOUN', 'feats': 'Gender=Masc|Number=Plur', 'head': 7, 'deprel': 'obl', 'lemma': 'גבר'}]"
7,עובדים,VERB,VERB,0.0,root,"(16, 22)",עבד,"Gender=Masc|HebBinyan=PAAL|Number=Plur|Person=1,2,3|VerbForm=Part|Voice=Act",
8,ו,CCONJ,CCONJ,15.0,cc,"(23, 24)",ו,,
9,-,PUNCT,PUNCT,11.0,punct,"(24, 25)",-,,
10,69,NUM,NUM,11.0,nummod,"(26, 28)",69,,
11,%,NOUN,NOUN,7.0,nsubj,"(28, 29)",%,"Gender=Masc|Number=Plur,Sing",
12,מבין,ADP,ADP,14.0,case,"(30, 34)",מבין,,
"(13, 14)",הנשים,,,,,"(35, 40)",,,"[{'id': 13, 'text': 'ה', 'upos': 'DET', 'xpos': 'DET', 'feats': 'PronType=Art', 'head': 14, 'deprel': 'det:def', 'lemma': 'ה'}, {'id': 14, 'text': 'נשים', 'upos': 'NOUN', 'xpos': 'NOUN', 'feats': 'Gender=Fem|Number=Plur', 'head': 11, 'deprel': 'nmod', 'lemma': 'איש'}]"
15,עובדות,VERB,VERB,7.0,conj,"(41, 47)",עבד,"Gender=Fem|HebBinyan=PAAL|Number=Plur|Person=1,2,3|VerbForm=Part|Voice=Act",
1,ם,ADV,ADV,4.0,advmod,"(1, 2)",ם,,
2,מבין,ADP,ADP,4.0,advmod,"(3, 7)",מבין,,
"(3, 4)",הרוכשים,,,,,"(8, 15)",,,"[{'id': 3, 'text': 'ה', 'upos': 'DET', 'xpos': 'DET', 'feats': 'PronType=Art', 'head': 4, 'deprel': 'det:def', 'lemma': 'ה'}, {'id': 4, 'text': 'רוכשים', 'upos': 'NOUN', 'xpos': 'NOUN', 'feats': 'Gender=Masc|Number=Sing', 'head': 0, 'deprel': 'amod', 'lemma': 'רכש'}]"
5,64,NUM,NUM,4.0,dep,"(16, 18)",64,,
6,%,PUNCT,PUNCT,4.0,dep,"(18, 19)",%,,
7,חילוניים,ADJ,ADJ,4.0,dep,"(20, 28)",חילוני,Gender=Masc|Number=Sing,
8,",",PUNCT,PUNCT,4.0,punct,"(28, 29)",",",,
9,27,NUM,NUM,4.0,dep,"(30, 32)",27,,
10,%,PUNCT,PUNCT,4.0,dep,"(32, 33)",%,,
11,מסורתיים,ADJ,ADJ,4.0,dep,"(34, 42)",מסורתי,,
12,",",PUNCT,PUNCT,4.0,punct,"(42, 43)",",",,
13,5,NUM,NUM,4.0,dep,"(44, 45)",5,,
14,%,PUNCT,PUNCT,4.0,dep,"(45, 46)",%,"Gender=Masc|Number=Plur,Sing",
15,דתיים,NOUN,NOUN,4.0,dep,"(47, 52)",דתי,,
16,",",PUNCT,PUNCT,4.0,punct,"(52, 53)",",",,
"(17, 19)",והשאר,,,,,"(54, 59)",,,"[{'id': 17, 'text': 'ו', 'upos': 'CCONJ', 'xpos': 'CCONJ', 'head': 15, 'deprel': 'dep', 'lemma': 'ו'}, {'id': 18, 'text': 'ה', 'upos': 'DET', 'xpos': 'DET', 'feats': 'PronType=Art', 'head': 4, 'deprel': 'det:def', 'lemma': 'ה'}, {'id': 19, 'text': 'שאר', 'upos': 'NOUN', 'xpos': 'NOUN', 'feats': 'Gender=Masc|Number=Sing', 'head': 4, 'deprel': 'advmod', 'lemma': 'שאר'}]"
20,-,PUNCT,PUNCT,24.0,punct,"(60, 61)",-,,
21,4,NUM,NUM,4.0,dep,"(62, 63)",4,,
22,%,PUNCT,PUNCT,4.0,dep,"(63, 64)",%,"Gender=Masc|Number=Plur,Sing",
23,הם,PUNCT,PUNCT,4.0,dep,"(65, 67)",הוא,,
24,חרדים,NOUN,NOUN,4.0,dep,"(68, 73)",חרדי,,
"(25, 26)",וחרדים,,,,,"(74, 80)",,,"[{'id': 25, 'text': 'ו', 'upos': 'CCONJ', 'xpos': 'CCONJ', 'head': 24, 'deprel': 'dep', 'lemma': 'ו'}, {'id': 26, 'text': 'חרדים', 'upos': 'NOUN', 'xpos': 'NOUN', 'feats': 'Gender=Masc|Number=Sing', 'head': 4, 'deprel': 'advmod', 'lemma': 'חרדי'}]"
27,לאומיים,ADJ,ADJ,4.0,dep,"(81, 88)",לאומי,Gender=Masc|Number=Sing,
1,אחוז,NOUN,NOUN,12.0,nsubj,"(1, 5)",אחוז,Definite=Cons|Gender=Masc|Number=Sing,
"(2, 3)",החילוניים,,,,,"(6, 15)",,,"[{'id': 2, 'text': 'ה', 'upos': 'DET', 'xpos': 'DET', 'feats': 'PronType=Art', 'head': 3, 'deprel': 'det:def', 'lemma': 'ה'}, {'id': 3, 'text': 'חילוניים', 'upos': 'NOUN', 'xpos': 'NOUN', 'feats': 'Gender=Masc|Number=Plur', 'head': 1, 'deprel': 'compound:smixut', 'lemma': 'חילוני'}]"
"(4, 5)",שקנו,,,,,"(16, 20)",,,"[{'id': 4, 'text': 'ש', 'upos': 'SCONJ', 'xpos': 'SCONJ', 'head': 5, 'deprel': 'mark', 'lemma': 'ש'}, {'id': 5, 'text': 'קנו', 'upos': 'VERB', 'xpos': 'VERB', 'feats': 'Gender=Fem,Masc|HebBinyan=PAAL|Number=Plur|Person=3|Tense=Past|Voice=Act', 'head': 3, 'deprel': 'acl:relcl', 'lemma': 'קנה'}]"
6,דירות,NOUN,NOUN,5.0,obj,"(21, 26)",דירה,Gender=Fem|Number=Plur,
"(7, 9)",במגדל,,,,,"(27, 32)",,,"[{'id': 7, 'text': 'ב', 'upos': 'ADP', 'xpos': 'ADP', 'head': 9, 'deprel': 'case', 'lemma': 'ב'}, {'id': 8, 'text': 'ה_', 'upos': 'DET', 'xpos': 'DET', 'feats': 'PronType=Art', 'head': 9, 'deprel': 'det:def', 'lemma': 'ה'}, {'id': 9, 'text': 'מגדל', 'upos': 'NOUN', 'xpos': 'NOUN', 'feats': 'Gender=Masc|Number=Sing', 'head': 6, 'deprel': 'nmod', 'lemma': 'מגדל'}]"
"(10, 11)",העמק,,,,,"(33, 37)",,,"[{'id': 10, 'text': 'ה', 'upos': 'DET', 'xpos': 'DET', 'feats': 'PronType=Art', 'head': 11, 'deprel': 'det:def', 'lemma': 'ה'}, {'id': 11, 'text': 'עמק', 'upos': 'NOUN', 'xpos': 'NOUN', 'feats': 'Gender=Masc|Number=Sing', 'head': 9, 'deprel': 'compound:smixut', 'lemma': 'עמק'}]"
12,גבוה,ADJ,ADJ,0.0,root,"(38, 42)",גבוה,Gender=Masc|Number=Sing,
13,יחסית,ADV,ADV,12.0,advmod,"(43, 48)",יחסית,,
"(14, 16)",לישובים,,,,,"(49, 56)",,,"[{'id': 14, 'text': 'ל', 'upos': 'ADP', 'xpos': 'ADP', 'head': 16, 'deprel': 'case', 'lemma': 'ל'}, {'id': 15, 'text': 'ה_', 'upos': 'DET', 'xpos': 'DET', 'feats': 'PronType=Art', 'head': 16, 'deprel': 'det:def', 'lemma': 'ה'}, {'id': 16, 'text': 'ישובים', 'upos': 'NOUN', 'xpos': 'NOUN', 'feats': 'Gender=Masc|Number=Plur', 'head': 12, 'deprel': 'obl', 'lemma': 'יישוב'}]"
17,אחרים,ADJ,ADJ,16.0,amod,"(57, 62)",אחר,Gender=Masc|Number=Plur,
"(18, 19)",שנסקרו,,,,,"(63, 69)",,,"[{'id': 18, 'text': 'ש', 'upos': 'SCONJ', 'xpos': 'SCONJ', 'head': 19, 'deprel': 'mark', 'lemma': 'ש'}, {'id': 19, 'text': 'נסקרו', 'upos': 'VERB', 'xpos': 'VERB', 'feats': 'Gender=Fem,Masc|HebBinyan=NIFAL|Number=Plur|Person=3|Tense=Past|Voice=Mid', 'head': 16, 'deprel': 'acl:relcl', 'lemma': 'נסקר'}]"
20,לאחרונה,ADV,ADV,19.0,advmod,"(70, 77)",לאחרונה,,
"(21, 22)",ונמוך,,,,,"(78, 83)",,,"[{'id': 21, 'text': 'ו', 'upos': 'CCONJ', 'xpos': 'CCONJ', 'head': 22, 'deprel': 'cc', 'lemma': 'ו'}, {'id': 22, 'text': 'נמוך', 'upos': 'ADJ', 'xpos': 'ADJ', 'feats': 'Gender=Masc|Number=Sing', 'head': 12, 'deprel': 'conj', 'lemma': 'נמוך'}]"
23,רק,ADV,ADV,24.0,advmod,"(84, 86)",רק,,
"(24, 25)",מאחוז,,,,,"(87, 92)",,,"[{'id': 24, 'text': 'מ', 'upos': 'ADP', 'xpos': 'ADP', 'head': 25, 'deprel': 'case', 'lemma': 'מ'}, {'id': 25, 'text': 'אחוז', 'upos': 'NOUN', 'xpos': 'NOUN', 'feats': 'Definite=Cons|Gender=Masc|Number=Sing', 'head': 22, 'deprel': 'obl', 'lemma': 'אחוז'}]"
26,רוכשי,VERB,VERB,25.0,compound:smixut,"(93, 98)",רכש,Definite=Cons|Gender=Masc|Number=Plur,
"(27, 28)",הדירות,,,,,"(99, 105)",,,"[{'id': 27, 'text': 'ה', 'upos': 'DET', 'xpos': 'DET', 'feats': 'PronType=Art', 'head': 28, 'deprel': 'det:def', 'lemma': 'ה'}, {'id': 28, 'text': 'דירות', 'upos': 'NOUN', 'xpos': 'NOUN', 'feats': 'Gender=Fem|Number=Plur', 'head': 26, 'deprel': 'compound:smixut', 'lemma': 'דירה'}]"
"(29, 30)",החילוניים,,,,,"(106, 115)",,,"[{'id': 29, 'text': 'ה', 'upos': 'DET', 'xpos': 'DET', 'feats': 'PronType=Art', 'head': 30, 'deprel': 'det:def', 'lemma': 'ה'}, {'id': 30, 'text': 'חילוניים', 'upos': 'ADJ', 'xpos': 'ADJ', 'feats': 'Gender=Masc|Number=Plur', 'head': 26, 'deprel': 'amod', 'lemma': 'חילוני'}]"
"(31, 32)",בשלומי,,,,,"(116, 122)",,,"[{'id': 31, 'text': 'ב', 'upos': 'ADP', 'xpos': 'ADP', 'head': 32, 'deprel': 'case', 'lemma': 'ב'}, {'id': 32, 'text': 'שלומי', 'upos': 'NOUN', 'xpos': 'NOUN', 'head': 25, 'deprel': 'nmod', 'lemma': '_'}]"
1,ם,NOUN,NOUN,9.0,dep,"(1, 2)",ם,,
2,למעלה,ADV,ADV,1.0,advmod,"(3, 8)",למעלה,HebSource=ConvUncertainHead,
"(3, 4)",ממחצית,,,,,"(9, 15)",,,"[{'id': 3, 'text': 'מ', 'upos': 'ADP', 'xpos': 'ADP', 'head': 2, 'deprel': 'fixed', 'lemma': 'מ'}, {'id': 4, 'text': 'מחצית', 'upos': 'DET', 'xpos': 'DET', 'feats': 'Definite=Cons', 'head': 5, 'deprel': 'det', 'lemma': 'מחצית'}]"
5,מרוכשי,NOUN,NOUN,9.0,nsubj,"(16, 22)",מרוכש,Definite=Cons|Gender=Masc|Number=Plur,
"(6, 7)",הדירות,,,,,"(23, 29)",,,"[{'id': 6, 'text': 'ה', 'upos': 'DET', 'xpos': 'DET', 'feats': 'PronType=Art', 'head': 7, 'deprel': 'det:def', 'lemma': 'ה'}, {'id': 7, 'text': 'דירות', 'upos': 'NOUN', 'xpos': 'NOUN', 'feats': 'Gender=Fem|Number=Plur', 'head': 5, 'deprel': 'compound:smixut', 'lemma': 'דירה'}]"
8,אינם,AUX,AUX,9.0,advmod,"(30, 34)",אינו,Gender=Masc|Number=Plur|Person=3|Polarity=Neg|VerbForm=Part|VerbType=Cop,
9,ילידי,NOUN,NOUN,0.0,root,"(35, 40)",יליד,Definite=Cons|Gender=Masc|Number=Plur,
"(10, 11)",הארץ,,,,,"(41, 45)",,,"[{'id': 10, 'text': 'ה', 'upos': 'DET', 'xpos': 'DET', 'feats': 'PronType=Art', 'head': 11, 'deprel': 'det:def', 'lemma': 'ה'}, {'id': 11, 'text': 'ארץ', 'upos': 'NOUN', 'xpos': 'NOUN', 'feats': 'Gender=Fem|Number=Sing', 'head': 9, 'deprel': 'compound:smixut', 'lemma': 'ארץ'}]"
12,-,PUNCT,PUNCT,9.0,punct,"(45, 46)",-,,
13,62,NUM,NUM,14.0,nummod,"(47, 49)",62,,
14,%,NOUN,NOUN,9.0,conj,"(49, 50)",%,"Gender=Masc|Number=Plur,Sing",
"(15, 17)",מהגברים,,,,,"(51, 58)",,,"[{'id': 15, 'text': 'מ', 'upos': 'ADP', 'xpos': 'ADP', 'head': 17, 'deprel': 'case', 'lemma': 'מ'}, {'id': 16, 'text': 'ה', 'upos': 'DET', 'xpos': 'DET', 'feats': 'PronType=Art', 'head': 17, 'deprel': 'det:def', 'lemma': 'ה'}, {'id': 17, 'text': 'גברים', 'upos': 'NOUN', 'xpos': 'NOUN', 'feats': 'Gender=Masc|Number=Plur', 'head': 14, 'deprel': 'nmod', 'lemma': 'גבר'}]"
18,ו,CCONJ,CCONJ,21.0,cc,"(59, 60)",ו,,
19,-,PUNCT,PUNCT,14.0,punct,"(60, 61)",-,,
20,62,NUM,NUM,21.0,nummod,"(61, 63)",62,,
21,%,NOUN,NOUN,14.0,conj,"(63, 64)",%,"Gender=Masc|Number=Plur,Sing",
"(22, 24)",מהנשים,,,,,"(65, 71)",,,"[{'id': 22, 'text': 'מ', 'upos': 'ADP', 'xpos': 'ADP', 'head': 21, 'deprel': 'dep', 'lemma': 'מ'}, {'id': 23, 'text': 'ה', 'upos': 'DET', 'xpos': 'DET', 'feats': 'PronType=Art', 'head': 24, 'deprel': 'det:def', 'lemma': 'ה'}, {'id': 24, 'text': 'נשים', 'upos': 'NOUN', 'xpos': 'NOUN', 'feats': 'Gender=Fem|Number=Plur', 'head': 21, 'deprel': 'nmod', 'lemma': 'איש'}]"
1,אחוז,NOUN,NOUN,10.0,nsubj,"(1, 5)",אחוז,Definite=Cons|Gender=Masc|Number=Sing,
2,ילידי,NOUN,NOUN,1.0,compound:smixut,"(6, 11)",יליד,Definite=Cons|Gender=Masc|Number=Plur,
"(3, 4)",הארץ,,,,,"(12, 16)",,,"[{'id': 3, 'text': 'ה', 'upos': 'DET', 'xpos': 'DET', 'feats': 'PronType=Art', 'head': 4, 'deprel': 'det:def', 'lemma': 'ה'}, {'id': 4, 'text': 'ארץ', 'upos': 'NOUN', 'xpos': 'NOUN', 'feats': 'Gender=Fem|Number=Sing', 'head': 2, 'deprel': 'compound:smixut', 'lemma': 'ארץ'}]"
"(5, 7)",במגדל,,,,,"(17, 22)",,,"[{'id': 5, 'text': 'ב', 'upos': 'ADP', 'xpos': 'ADP', 'head': 7, 'deprel': 'case', 'lemma': 'ב'}, {'id': 6, 'text': 'ה_', 'upos': 'DET', 'xpos': 'DET', 'feats': 'PronType=Art', 'head': 7, 'deprel': 'det:def', 'lemma': 'ה'}, {'id': 7, 'text': 'מגדל', 'upos': 'NOUN', 'xpos': 'NOUN', 'feats': 'Definite=Cons|Gender=Masc|Number=Sing', 'head': 1, 'deprel': 'nmod', 'lemma': 'מגדל'}]"
"(8, 9)",העמק,,,,,"(23, 27)",,,"[{'id': 8, 'text': 'ה', 'upos': 'DET', 'xpos': 'DET', 'feats': 'PronType=Art', 'head': 9, 'deprel': 'det:def', 'lemma': 'ה'}, {'id': 9, 'text': 'עמק', 'upos': 'NOUN', 'xpos': 'NOUN', 'feats': 'Gender=Masc|Number=Sing', 'head': 7, 'deprel': 'compound:smixut', 'lemma': 'עמק'}]"
10,נמוך,ADJ,ADJ,0.0,root,"(28, 32)",נמוך,Gender=Masc|Number=Sing,
11,משמעותית,ADV,ADV,10.0,advmod,"(33, 41)",משמעותי,,
"(12, 13)",מאחוז,,,,,"(42, 47)",,,"[{'id': 12, 'text': 'מ', 'upos': 'ADP', 'xpos': 'ADP', 'head': 13, 'deprel': 'case', 'lemma': 'מ'}, {'id': 13, 'text': 'אחוז', 'upos': 'NOUN', 'xpos': 'NOUN', 'feats': 'Definite=Cons|Gender=Masc|Number=Sing', 'head': 10, 'deprel': 'dep', 'lemma': 'אחוז'}]"
14,ילידי,NOUN,NOUN,13.0,compound:smixut,"(48, 53)",יליד,Definite=Cons|Gender=Masc|Number=Plur,
"(15, 16)",הארץ,,,,,"(54, 58)",,,"[{'id': 15, 'text': 'ה', 'upos': 'DET', 'xpos': 'DET', 'feats': 'PronType=Art', 'head': 16, 'deprel': 'det:def', 'lemma': 'ה'}, {'id': 16, 'text': 'ארץ', 'upos': 'NOUN', 'xpos': 'NOUN', 'feats': 'Gender=Fem|Number=Sing', 'head': 14, 'deprel': 'compound:smixut', 'lemma': 'ארץ'}]"
"(17, 18)",בכלל,,,,,"(59, 63)",,,"[{'id': 17, 'text': 'ב', 'upos': 'ADP', 'xpos': 'ADP', 'head': 18, 'deprel': 'case', 'lemma': 'ב'}, {'id': 18, 'text': 'כלל', 'upos': 'NOUN', 'xpos': 'NOUN', 'feats': 'Definite=Cons|Gender=Masc|Number=Sing', 'head': 13, 'deprel': 'nmod', 'lemma': 'כלל'}]"
"(19, 20)",ה אוכלוסיה,,,,,"(64, 74)",,,"[{'id': 19, 'text': 'ה', 'upos': 'DET', 'xpos': 'DET', 'feats': 'PronType=Art', 'head': 20, 'deprel': 'det:def', 'lemma': 'ה'}, {'id': 20, 'text': 'צאוכלוסיה', 'upos': 'NOUN', 'xpos': 'NOUN', 'head': 18, 'deprel': 'compound:smixut', 'lemma': 'צאוכלוסיה'}]"
1,50,NUM,NUM,2.0,nummod,"(1, 3)",50,,
2,%,NOUN,NOUN,4.0,nsubj:cop,"(3, 4)",%,"Gender=Masc|Number=Plur,Sing",
3,הם,AUX,AUX,4.0,cop,"(5, 7)",הוא,Gender=Masc|Number=Plur|Person=3|Polarity=Pos|VerbForm=Part|VerbType=Cop,
4,ילידי,NOUN,NOUN,0.0,root,"(8, 13)",יליד,Definite=Cons|Gender=Masc|Number=Plur,
5,ארצות,NOUN,NOUN,4.0,compound:smixut,"(14, 19)",ארץ,Definite=Cons|Gender=Fem|Number=Plur,
6,חבר,NOUN,NOUN,5.0,compound:smixut,"(20, 23)",חבר,Definite=Cons|Gender=Masc|Number=Sing,
"(7, 8)",העמים,,,,,"(24, 29)",,,"[{'id': 7, 'text': 'ה', 'upos': 'DET', 'xpos': 'DET', 'feats': 'PronType=Art', 'head': 8, 'deprel': 'det:def', 'lemma': 'ה'}, {'id': 8, 'text': 'עמים', 'upos': 'NOUN', 'xpos': 'NOUN', 'feats': 'Gender=Masc|Number=Plur', 'head': 6, 'deprel': 'compound:smixut', 'lemma': 'עם'}]"
9,לשעבר,ADV,ADV,5.0,advmod,"(30, 35)",לשעבר,,
10,(,PUNCT,PUNCT,11.0,punct,"(36, 37)",(,,
"(11, 12)",ומזרי,,,,,"(37, 42)",,,"[{'id': 11, 'text': 'ו', 'upos': 'CCONJ', 'xpos': 'CCONJ', 'head': 12, 'deprel': 'appos', 'lemma': 'ו'}, {'id': 12, 'text': 'מזרי', 'upos': 'NOUN', 'xpos': 'NOUN', 'feats': 'Definite=Cons|Gender=Masc|Number=Plur', 'head': 5, 'deprel': 'appos', 'lemma': 'מזרה'}]"
13,אירופה,PROPN,PROPN,12.0,compound:smixut,"(43, 49)",אירופה,,
14,),PUNCT,PUNCT,11.0,punct,"(50, 51)",),,
"(1, 2)",מסך,,,,,"(1, 4)",,,"[{'id': 1, 'text': 'מ', 'upos': 'ADP', 'xpos': 'ADP', 'head': 2, 'deprel': 'case', 'lemma': 'מ'}, {'id': 2, 'text': 'סך', 'upos': 'NOUN', 'xpos': 'NOUN', 'feats': 'Definite=Cons|Gender=Masc|Number=Sing', 'head': 9, 'deprel': 'nmod', 'lemma': 'סך'}]"
3,כל,DET,DET,5.0,det,"(5, 7)",כול,Definite=Cons,
"(4, 5)",הרוכשים,,,,,"(8, 15)",,,"[{'id': 4, 'text': 'ה', 'upos': 'DET', 'xpos': 'DET', 'feats': 'PronType=Art', 'head': 5, 'deprel': 'det:def', 'lemma': 'ה'}, {'id': 5, 'text': 'רוכשים', 'upos': 'VERB', 'xpos': 'VERB', 'feats': 'Gender=Masc|HebBinyan=PAAL|Number=Plur|Person=1,2,3|VerbForm=Part|Voice=Act', 'head': 2, 'deprel': 'compound:smixut', 'lemma': 'רכש'}]"
6,59,NUM,NUM,7.0,nummod,"(16, 18)",59,,
7,%,NOUN,NOUN,5.0,det,"(18, 19)",%,"Gender=Masc|Number=Plur,Sing",
8,הם,AUX,AUX,9.0,cop,"(20, 22)",הוא,Gender=Masc|Number=Plur|Person=3|Polarity=Pos|VerbForm=Part|VerbType=Cop,
9,עולים,NOUN,NOUN,0.0,root,"(23, 28)",עולה,Gender=Masc|Number=Plur,
"(10, 11)",שעלו,,,,,"(29, 33)",,,"[{'id': 10, 'text': 'ש', 'upos': 'SCONJ', 'xpos': 'SCONJ', 'head': 11, 'deprel': 'mark', 'lemma': 'ש'}, {'id': 11, 'text': 'עלו', 'upos': 'VERB', 'xpos': 'VERB', 'feats': 'Gender=Fem,Masc|HebBinyan=PAAL|Number=Plur|Person=3|Tense=Past|Voice=Act', 'head': 9, 'deprel': 'acl:relcl', 'lemma': 'עלה'}]"
"(12, 14)",לארץ,,,,,"(34, 38)",,,"[{'id': 12, 'text': 'ל', 'upos': 'ADP', 'xpos': 'ADP', 'head': 14, 'deprel': 'case', 'lemma': 'ל'}, {'id': 13, 'text': 'ה_', 'upos': 'DET', 'xpos': 'DET', 'feats': 'PronType=Art', 'head': 14, 'deprel': 'det:def', 'lemma': 'ה'}, {'id': 14, 'text': 'ארץ', 'upos': 'NOUN', 'xpos': 'NOUN', 'feats': 'Gender=Fem|Number=Sing', 'head': 11, 'deprel': 'obl', 'lemma': 'ארץ'}]"
"(15, 16)",משנת,,,,,"(39, 43)",,,"[{'id': 15, 'text': 'מ', 'upos': 'ADP', 'xpos': 'ADP', 'head': 16, 'deprel': 'case', 'lemma': 'מ'}, {'id': 16, 'text': 'שנת', 'upos': 'NOUN', 'xpos': 'NOUN', 'feats': 'Definite=Cons|Gender=Fem|Number=Sing', 'head': 11, 'deprel': 'obl', 'lemma': 'שנה'}]"
17,1990,NUM,NUM,16.0,compound:smixut,"(44, 48)",1990,,
"(18, 19)",ואילך,,,,,"(49, 54)",,,"[{'id': 18, 'text': 'ו', 'upos': 'ADV', 'xpos': 'ADV', 'head': 16, 'deprel': 'advmod', 'lemma': 'ו'}, {'id': 19, 'text': 'אילך', 'upos': 'ADV', 'xpos': 'ADV', 'head': 18, 'deprel': 'fixed', 'lemma': 'אילך'}]"
20,(,PUNCT,PUNCT,22.0,punct,"(55, 56)",(,,
21,96,NUM,NUM,22.0,nummod,"(56, 58)",96,,
22,%,NOUN,NOUN,9.0,appos,"(58, 59)",%,"Gender=Masc|Number=Plur,Sing",
"(23, 24)",ממדינות,,,,,"(60, 67)",,,"[{'id': 23, 'text': 'מ', 'upos': 'ADP', 'xpos': 'ADP', 'head': 24, 'deprel': 'case', 'lemma': 'מ'}, {'id': 24, 'text': 'מדינות', 'upos': 'NOUN', 'xpos': 'NOUN', 'feats': 'Definite=Cons|Gender=Fem|Number=Plur', 'head': 22, 'deprel': 'nmod', 'lemma': 'מדינה'}]"
25,חבר,NOUN,NOUN,24.0,compound:smixut,"(68, 71)",חבר,Definite=Cons|Gender=Masc|Number=Sing,
"(26, 27)",העמים,,,,,"(72, 77)",,,"[{'id': 26, 'text': 'ה', 'upos': 'DET', 'xpos': 'DET', 'feats': 'PronType=Art', 'head': 27, 'deprel': 'det:def', 'lemma': 'ה'}, {'id': 27, 'text': 'עמים', 'upos': 'NOUN', 'xpos': 'NOUN', 'feats': 'Gender=Masc|Number=Plur', 'head': 25, 'deprel': 'compound:smixut', 'lemma': 'עם'}]"
28,לשעבר,ADV,ADV,25.0,advmod,"(78, 83)",לשעבר,,
29,),PUNCT,PUNCT,22.0,punct,"(84, 85)",),,
1,התפלגות,NOUN,NOUN,5.0,nsubj,"(1, 8)",התפלגות,Definite=Cons|Gender=Fem|Number=Sing,
2,ארץ,NOUN,NOUN,1.0,compound:smixut,"(9, 12)",ארץ,Definite=Cons|Gender=Fem|Number=Sing,
"(3, 4)",הלידה,,,,,"(13, 18)",,,"[{'id': 3, 'text': 'ה', 'upos': 'DET', 'xpos': 'DET', 'feats': 'PronType=Art', 'head': 4, 'deprel': 'det:def', 'lemma': 'ה'}, {'id': 4, 'text': 'לידה', 'upos': 'NOUN', 'xpos': 'NOUN', 'feats': 'Gender=Fem|Number=Sing', 'head': 2, 'deprel': 'compound:smixut', 'lemma': 'לידה'}]"
5,דומה,ADJ,ADJ,0.0,root,"(19, 23)",דומה,Gender=Fem|Number=Sing,
"(6, 7)",להתפלגות,,,,,"(24, 32)",,,"[{'id': 6, 'text': 'ל', 'upos': 'ADP', 'xpos': 'ADP', 'head': 7, 'deprel': 'case', 'lemma': 'ל'}, {'id': 7, 'text': 'התפלגות', 'upos': 'NOUN', 'xpos': 'NOUN', 'feats': 'Definite=Cons|Gender=Fem|Number=Sing', 'head': 5, 'deprel': 'obl', 'lemma': 'התפלגות'}]"
8,ארץ,NOUN,NOUN,7.0,compound:smixut,"(33, 36)",ארץ,Definite=Cons|Gender=Fem|Number=Sing,
"(9, 10)",הלידה,,,,,"(37, 42)",,,"[{'id': 9, 'text': 'ה', 'upos': 'DET', 'xpos': 'DET', 'feats': 'PronType=Art', 'head': 10, 'deprel': 'det:def', 'lemma': 'ה'}, {'id': 10, 'text': 'לידה', 'upos': 'NOUN', 'xpos': 'NOUN', 'feats': 'Gender=Fem|Number=Sing', 'head': 8, 'deprel': 'compound:smixut', 'lemma': 'לידה'}]"
"(11, 12)",בשכונות,,,,,"(43, 50)",,,"[{'id': 11, 'text': 'ב', 'upos': 'ADP', 'xpos': 'ADP', 'head': 12, 'deprel': 'case', 'lemma': 'ב'}, {'id': 12, 'text': 'שכונות', 'upos': 'NOUN', 'xpos': 'NOUN', 'feats': 'Definite=Cons|Gender=Fem|Number=Plur', 'head': 7, 'deprel': 'nmod', 'lemma': 'שכונה'}]"
13,ג',PROPN,PROPN,12.0,compound:smixut,"(51, 53)",ג',,
14,ד',PROPN,PROPN,13.0,flat:name,"(54, 56)",ד',,
"(15, 16)",בבאר,,,,,"(57, 61)",,,"[{'id': 15, 'text': 'ב', 'upos': 'ADP', 'xpos': 'ADP', 'head': 16, 'deprel': 'case', 'lemma': 'ב'}, {'id': 16, 'text': 'באר', 'upos': 'NOUN', 'xpos': 'NOUN', 'feats': 'Definite=Cons|Gender=Fem|Number=Sing', 'head': 12, 'deprel': 'nmod', 'lemma': 'באר'}]"
17,שבע,NUM,NUM,16.0,flat:name,"(62, 65)",שבע,Gender=Fem|Number=Sing,
1,ם,X,X,22.0,case,"(1, 2)",ם,,
"(2, 2)",%,,,,,"(3, 4)",,,"[{'id': 2, 'text': 'ל', 'upos': 'ADP', 'xpos': 'ADP', 'head': 4, 'deprel': 'case', 'lemma': 'ל'}]"
3,45,NUM,NUM,4.0,nummod,"(5, 7)",45,,
4,מה,ADV,ADV,1.0,dep,"(8, 10)",מה,PronType=Int,
"(5, 7)",גברים,,,,,"(10, 15)",,,"[{'id': 5, 'text': 'גבר_', 'upos': 'NOUN', 'xpos': 'NOUN', 'feats': 'Definite=Def|Gender=Masc|Number=Plur', 'head': 4, 'deprel': 'dep', 'lemma': 'גבר'}, {'id': 6, 'text': '_של_', 'upos': 'ADP', 'xpos': 'ADP', 'head': 7, 'deprel': 'case:gen', 'lemma': 'של'}, {'id': 7, 'text': '_הם', 'upos': 'PRON', 'xpos': 'PRON', 'feats': 'Case=Gen|Gender=Masc|Number=Plur|Person=3|PronType=Prs', 'head': 5, 'deprel': 'nmod:poss', 'lemma': 'הוא'}]"
"(8, 9)",ו,,,,,"(16, 17)",,,"[{'id': 8, 'text': 'ו', 'upos': 'CCONJ', 'xpos': 'CCONJ', 'head': 9, 'deprel': 'cc', 'lemma': 'ו'}, {'id': 9, 'text': '_הוא', 'upos': 'PRON', 'xpos': 'PRON', 'feats': 'Gender=Masc|Number=Sing|Person=3|PronType=Prs', 'head': 5, 'deprel': 'conj', 'lemma': 'הוא'}]"
10,-,PUNCT,PUNCT,5.0,punct,"(17, 18)",-,,
11,48,NUM,NUM,9.0,dep,"(19, 21)",48,HebSource=ConvUncertainHead,
"(12, 12)",%,,,,,"(21, 22)",,,"[{'id': 12, 'text': 'ל', 'upos': 'ADP', 'xpos': 'ADP', 'feats': 'Xtra=Junk', 'head': 15, 'deprel': 'case', 'lemma': 'ל'}]"
"(13, 14)",מה,,,,,"(23, 25)",,,"[{'id': 13, 'text': 'מ', 'upos': 'X', 'xpos': 'X', 'head': 11, 'deprel': 'dep', 'lemma': 'מ'}, {'id': 14, 'text': 'ה', 'upos': 'DET', 'xpos': 'DET', 'feats': 'PronType=Art', 'head': 15, 'deprel': 'det:def', 'lemma': 'ה'}]"
"(15, 16)",נש,,,,,"(25, 27)",,,"[{'id': 15, 'text': 'נש', 'upos': 'NOUN', 'xpos': 'NOUN', 'feats': 'Xtra=Junk', 'head': 11, 'deprel': 'dep', 'lemma': 'נש'}, {'id': 16, 'text': '_היא', 'upos': 'X', 'xpos': 'X', 'feats': 'Case=Gen|Gender=Fem|Number=Sing|Person=3|PronType=Prs', 'head': 11, 'deprel': 'dep', 'lemma': 'הוא'}]"
"(17, 19)",ים,,,,,"(27, 29)",,,"[{'id': 17, 'text': 'ים_', 'upos': 'NOUN', 'xpos': 'NOUN', 'feats': 'Definite=Def|Gender=Masc|Number=Plur', 'head': 11, 'deprel': 'dep', 'lemma': 'ים'}, {'id': 18, 'text': '_של_', 'upos': 'ADP', 'xpos': 'ADP', 'head': 19, 'deprel': 'case:gen', 'lemma': 'של'}, {'id': 19, 'text': '_הם', 'upos': 'PRON', 'xpos': 'PRON', 'feats': 'Case=Gen|Gender=Masc|Number=Plur|Person=3|PronType=Prs', 'head': 17, 'deprel': 'nmod:poss', 'lemma': 'הוא'}]"
20,הם,AUX,AUX,22.0,cop,"(30, 32)",הוא,Gender=Masc|Number=Plur|Person=3|Polarity=Pos|VerbForm=Part|VerbType=Cop,
"(21, 22)",בעלי השכלה,,,,,"(33, 43)",,,"[{'id': 21, 'text': 'ב', 'upos': 'ADP', 'xpos': 'ADP', 'head': 22, 'deprel': 'case', 'lemma': 'ב'}, {'id': 22, 'text': 'עלילהשכלה', 'upos': 'NOUN', 'xpos': 'NOUN', 'feats': 'Definite=Cons|Gender=Masc|Number=Sing', 'head': 0, 'deprel': 'root', 'lemma': 'עלילהשכלה'}]"
23,על,ADP,ADP,25.0,case,"(44, 46)",על,,
"(24, 24)",ת,,,,,"(47, 48)",,,"[{'id': 24, 'text': 'ת', 'upos': 'NOUN', 'xpos': 'NOUN', 'head': 25, 'deprel': 'nmod', 'lemma': 'ת'}]"
"(25, 27)",יכו,,,,,"(48, 51)",,,"[{'id': 25, 'text': 'יכ_', 'upos': 'NOUN', 'xpos': 'NOUN', 'feats': 'Definite=Def|Gender=Masc|Number=Plur', 'head': 22, 'deprel': 'nmod', 'lemma': 'יכ'}, {'id': 26, 'text': '_של_', 'upos': 'ADP', 'xpos': 'ADP', 'head': 27, 'deprel': 'case:gen', 'lemma': 'של'}, {'id': 27, 'text': '_הוא', 'upos': 'PRON', 'xpos': 'PRON', 'feats': 'Case=Gen|Gender=Masc|Number=Sing|Person=3|PronType=Prs', 'head': 25, 'deprel': 'nmod:poss', 'lemma': 'הוא'}]"
"(28, 30)",נית,,,,,"(51, 54)",,,"[{'id': 28, 'text': 'נית_', 'upos': 'NOUN', 'xpos': 'NOUN', 'feats': 'Definite=Def|Gender=Fem|Number=Sing', 'head': 25, 'deprel': 'nsubj', 'lemma': 'נית'}, {'id': 29, 'text': '_של_', 'upos': 'ADP', 'xpos': 'ADP', 'head': 30, 'deprel': 'case:gen', 'lemma': 'של'}, {'id': 30, 'text': '_היא', 'upos': 'PRON', 'xpos': 'PRON', 'feats': 'Case=Gen|Gender=Fem|Number=Sing|Person=3|PronType=Prs', 'head': 28, 'deprel': 'nmod:poss', 'lemma': 'הוא'}]"
"(31, 32)",וא,,,,,"(55, 57)",,,"[{'id': 31, 'text': 'ו', 'upos': 'CCONJ', 'xpos': 'CCONJ', 'head': 33, 'deprel': 'cc', 'lemma': 'ו'}, {'id': 32, 'text': 'א', 'upos': 'PROPN', 'xpos': 'PROPN', 'feats': 'HebSource=ConvUncertainHead', 'head': 22, 'deprel': 'conj', 'lemma': 'א'}]"
33,קד,VERB,VERB,22.0,conj,"(57, 59)",קד,Gender=Masc|Number=Sing|Person=3|Tense=Past,
"(34, 35)",מא,,,,,"(59, 61)",,,"[{'id': 34, 'text': 'מ', 'upos': 'ADP', 'xpos': 'ADP', 'head': 35, 'deprel': 'case', 'lemma': 'מ'}, {'id': 35, 'text': 'א', 'upos': 'NOUN', 'xpos': 'NOUN', 'head': 33, 'deprel': 'obl', 'lemma': 'א'}]"
"(36, 38)",ית,,,,,"(61, 63)",,,"[{'id': 36, 'text': 'ית_', 'upos': 'NOUN', 'xpos': 'NOUN', 'feats': 'Definite=Def|Gender=Masc|Number=Plur', 'head': 33, 'deprel': 'obl', 'lemma': 'ית'}, {'id': 37, 'text': '_של_', 'upos': 'ADP', 'xpos': 'ADP', 'head': 38, 'deprel': 'case:gen', 'lemma': 'של'}, {'id': 38, 'text': '_היא', 'upos': 'PRON', 'xpos': 'PRON', 'feats': 'Case=Gen|Gender=Fem|Number=Sing|Person=3|PronType=Prs', 'head': 36, 'deprel': 'nmod:poss', 'lemma': 'הוא'}]"
1,אחוז,NOUN,NOUN,13.0,nsubj,"(1, 5)",אחוז,Definite=Cons|Gender=Masc|Number=Sing,
"(2, 3)",הנשים,,,,,"(6, 11)",,,"[{'id': 2, 'text': 'ה', 'upos': 'DET', 'xpos': 'DET', 'feats': 'PronType=Art', 'head': 3, 'deprel': 'det:def', 'lemma': 'ה'}, {'id': 3, 'text': 'נשים', 'upos': 'NOUN', 'xpos': 'NOUN', 'feats': 'Gender=Fem|Number=Plur', 'head': 1, 'deprel': 'compound:smixut', 'lemma': 'איש'}]"
"(4, 6)",והגברים,,,,,"(12, 19)",,,"[{'id': 4, 'text': 'ו', 'upos': 'CCONJ', 'xpos': 'CCONJ', 'head': 6, 'deprel': 'cc', 'lemma': 'ו'}, {'id': 5, 'text': 'ה', 'upos': 'DET', 'xpos': 'DET', 'feats': 'PronType=Art', 'head': 6, 'deprel': 'det:def', 'lemma': 'ה'}, {'id': 6, 'text': 'גברים', 'upos': 'NOUN', 'xpos': 'NOUN', 'feats': 'Gender=Masc|Number=Plur', 'head': 3, 'deprel': 'conj', 'lemma': 'גבר'}]"
7,שלמדו 13,VERB,VERB,1.0,det,"(20, 28)",שמדול,"Gender=Fem,Masc|Number=Plur|Person=3|Tense=Past",
8,שנות,NOUN,NOUN,7.0,dep,"(29, 33)",שנה,Gender=Fem|Number=Plur,
"(9, 10)",לימוד,,,,,"(34, 39)",,,"[{'id': 9, 'text': 'ל', 'upos': 'ADP', 'xpos': 'ADP', 'head': 10, 'deprel': 'case', 'lemma': 'ל'}, {'id': 10, 'text': 'ימוד', 'upos': 'PROPN', 'xpos': 'PROPN', 'feats': 'Gender=Masc|Number=Sing', 'head': 8, 'deprel': 'nmod', 'lemma': 'ימוד'}]"
"(11, 12)",ומעלה,,,,,"(40, 45)",,,"[{'id': 11, 'text': 'ו', 'upos': 'CCONJ', 'xpos': 'CCONJ', 'head': 12, 'deprel': 'cc', 'lemma': 'ו'}, {'id': 12, 'text': 'מעלה', 'upos': 'ADV', 'xpos': 'ADV', 'head': 10, 'deprel': 'advmod', 'lemma': 'מעלה'}]"
13,דומה,VERB,VERB,0.0,root,"(46, 50)",דמה,Gender=Masc|Number=Sing,
"(14, 15)",לשיעור,,,,,"(51, 57)",,,"[{'id': 14, 'text': 'ל', 'upos': 'ADP', 'xpos': 'ADP', 'head': 15, 'deprel': 'case', 'lemma': 'ל'}, {'id': 15, 'text': 'שיעור', 'upos': 'NOUN', 'xpos': 'NOUN', 'feats': 'Gender=Masc|Number=Sing', 'head': 13, 'deprel': 'obl', 'lemma': 'שיעור'}]"
"(16, 16)",ם,,,,,"(57, 58)",,,"[{'id': 16, 'text': 'ם', 'upos': 'NOUN', 'xpos': 'NOUN', 'feats': 'Gender=Masc|Number=Plur', 'head': 13, 'deprel': 'obl', 'lemma': 'ם'}]"
"(17, 18)",בכלל,,,,,"(59, 63)",,,"[{'id': 17, 'text': 'ב', 'upos': 'ADP', 'xpos': 'ADP', 'head': 18, 'deprel': 'case', 'lemma': 'ב'}, {'id': 18, 'text': 'כלל', 'upos': 'NOUN', 'xpos': 'NOUN', 'feats': 'Definite=Cons|Gender=Masc|Number=Sing', 'head': 16, 'deprel': 'nmod', 'lemma': 'כלל'}]"
"(19, 20)",האוכל,,,,,"(64, 69)",,,"[{'id': 19, 'text': 'ה', 'upos': 'DET', 'xpos': 'DET', 'feats': 'PronType=Art', 'head': 20, 'deprel': 'det:def', 'lemma': 'ה'}, {'id': 20, 'text': 'אוכל', 'upos': 'NOUN', 'xpos': 'NOUN', 'feats': 'Gender=Masc|Number=Sing', 'head': 18, 'deprel': 'compound:smixut', 'lemma': 'אוכל'}]"
"(21, 22)",וס,,,,,"(69, 71)",,,"[{'id': 21, 'text': 'ו', 'upos': 'CCONJ', 'xpos': 'CCONJ', 'head': 22, 'deprel': 'cc', 'lemma': 'ו'}, {'id': 22, 'text': 'ס', 'upos': 'PROPN', 'xpos': 'PROPN', 'head': 18, 'deprel': 'conj', 'lemma': 'ס'}]"
"(23, 24)",יה,,,,,"(71, 73)",,,"[{'id': 23, 'text': 'י_', 'upos': 'ADP', 'xpos': 'ADP', 'head': 22, 'deprel': 'flat:name', 'lemma': 'י'}, {'id': 24, 'text': '_היא', 'upos': 'PRON', 'xpos': 'PRON', 'feats': 'Case=Gen|Gender=Fem|Number=Sing|Person=3|PronType=Prs', 'head': 22, 'deprel': 'nmod', 'lemma': 'הוא'}]"
25,(,PUNCT,PUNCT,27.0,punct,"(74, 75)",(,,
26,בגילאי,ADP,ADP,22.0,appos,"(75, 81)",בגילאי,,
27,25,NUM,NUM,26.0,dep,"(82, 84)",25,,
"(28, 29)",ומעלה,,,,,"(85, 90)",,,"[{'id': 28, 'text': 'ו', 'upos': 'CCONJ', 'xpos': 'CCONJ', 'head': 29, 'deprel': 'cc', 'lemma': 'ו'}, {'id': 29, 'text': 'מעלה', 'upos': 'ADV', 'xpos': 'ADV', 'head': 27, 'deprel': 'advmod', 'lemma': 'מעלה'}]"
30,),PUNCT,PUNCT,27.0,punct,"(90, 91)",),,
1,אחוז,ADJ,ADJ,21.0,dep,"(1, 5)",אחוז,,
"(2, 3)",האקדמאים,,,,,"(6, 14)",,,"[{'id': 2, 'text': 'ה', 'upos': 'DET', 'xpos': 'DET', 'head': 3, 'deprel': 'det:def', 'lemma': 'ה'}, {'id': 3, 'text': 'אקדמאים', 'upos': 'NOUN', 'xpos': 'NOUN', 'head': 21, 'deprel': 'dep', 'lemma': 'אקדמאי'}]"
"(4, 6)",במגדל,,,,,"(15, 20)",,,"[{'id': 4, 'text': 'ב', 'upos': 'ADP', 'xpos': 'ADP', 'head': 21, 'deprel': 'dep', 'lemma': 'ב'}, {'id': 5, 'text': 'ה_', 'upos': 'NOUN', 'xpos': 'NOUN', 'feats': 'PronType=Art', 'head': 3, 'deprel': 'advmod', 'lemma': 'ה'}, {'id': 6, 'text': 'מגדל', 'upos': 'PUNCT', 'xpos': 'PUNCT', 'head': 21, 'deprel': 'nsubj', 'lemma': 'מגדל'}]"
"(7, 8)",העמק,,,,,"(21, 25)",,,"[{'id': 7, 'text': 'ה', 'upos': 'DET', 'xpos': 'DET', 'feats': 'PronType=Art', 'head': 8, 'deprel': 'det:def', 'lemma': 'ה'}, {'id': 8, 'text': 'עמק', 'upos': 'NOUN', 'xpos': 'NOUN', 'feats': 'Gender=Masc|Number=Sing', 'head': 3, 'deprel': 'compound:smixut', 'lemma': 'עמק'}]"
9,(,PUNCT,PUNCT,29.0,punct,"(26, 27)",(,,
10,23,NUM,NUM,21.0,dep,"(27, 29)",23,,
11,%,PUNCT,PUNCT,29.0,dep,"(29, 30)",%,,
12,),PUNCT,PUNCT,29.0,punct,"(30, 31)",),,
13,נמוך,ADJ,ADJ,21.0,conj,"(32, 36)",נמוך,,
14,יחסית,ADV,ADV,3.0,advmod,"(37, 42)",יחסית,Gender=Masc|Number=Sing,
"(15, 17)",לישובים,,,,,"(43, 50)",,,"[{'id': 15, 'text': 'ל', 'upos': 'PUNCT', 'xpos': 'PUNCT', 'head': 21, 'deprel': 'punct', 'lemma': 'ל'}, {'id': 16, 'text': 'ה_', 'upos': 'DET', 'xpos': 'DET', 'feats': 'PronType=Art', 'head': 21, 'deprel': 'advmod', 'lemma': 'ה'}, {'id': 17, 'text': 'ישובים', 'upos': 'NOUN', 'xpos': 'NOUN', 'head': 21, 'deprel': 'dep', 'lemma': 'יישוב'}]"
"(18, 19)",האחרים,,,,,"(51, 57)",,,"[{'id': 18, 'text': 'ה', 'upos': 'DET', 'xpos': 'DET', 'head': 21, 'deprel': 'dep', 'lemma': 'ה'}, {'id': 19, 'text': 'אחרים', 'upos': 'ADJ', 'xpos': 'ADJ', 'head': 21, 'deprel': 'nsubj', 'lemma': 'אחר'}]"
"(20, 21)",שנסקרו,,,,,"(58, 64)",,,"[{'id': 20, 'text': 'ש', 'upos': 'SCONJ', 'xpos': 'SCONJ', 'head': 21, 'deprel': 'mark', 'lemma': 'ש'}, {'id': 21, 'text': 'נסקרו', 'upos': 'VERB', 'xpos': 'VERB', 'head': 0, 'deprel': 'root', 'lemma': 'נסקר'}]"
"(22, 23)",ודומה,,,,,"(65, 70)",,,"[{'id': 22, 'text': 'ו', 'upos': 'CCONJ', 'xpos': 'CCONJ', 'head': 21, 'deprel': 'dep', 'lemma': 'ו'}, {'id': 23, 'text': 'דומה', 'upos': 'NOUN', 'xpos': 'NOUN', 'feats': 'Gender=Masc|Number=Sing', 'head': 21, 'deprel': 'advmod', 'lemma': 'דומה'}]"
"(24, 25)",לאחוז,,,,,"(71, 76)",,,"[{'id': 24, 'text': 'ל', 'upos': 'ADV', 'xpos': 'ADV', 'head': 21, 'deprel': 'punct', 'lemma': 'ל'}, {'id': 25, 'text': 'אחוז', 'upos': 'NOUN', 'xpos': 'NOUN', 'head': 21, 'deprel': 'dep', 'lemma': 'אחוז'}]"
"(26, 27)",האקדמאים,,,,,"(77, 85)",,,"[{'id': 26, 'text': 'ה', 'upos': 'DET', 'xpos': 'DET', 'head': 3, 'deprel': 'det:def', 'lemma': 'ה'}, {'id': 27, 'text': 'אקדמאים', 'upos': 'NOUN', 'xpos': 'NOUN', 'feats': 'Definite=Cons|Gender=Masc|Number=Sing', 'head': 21, 'deprel': 'dep', 'lemma': 'אקדמאי'}]"
"(28, 29)",בשלומי,,,,,"(86, 92)",,,"[{'id': 28, 'text': 'ב', 'upos': 'ADV', 'xpos': 'ADV', 'head': 21, 'deprel': 'dep', 'lemma': 'ב'}, {'id': 29, 'text': 'שלומי', 'upos': 'NOUN', 'xpos': 'NOUN', 'head': 21, 'deprel': 'nsubj', 'lemma': '_'}]"
"(30, 32)",ובשכונת,,,,,"(93, 100)",,,"[{'id': 30, 'text': 'ו', 'upos': 'ADV', 'xpos': 'ADV', 'head': 29, 'deprel': 'dep', 'lemma': 'ו'}, {'id': 31, 'text': 'ב', 'upos': 'ADP', 'xpos': 'ADP', 'feats': 'PronType=Art', 'head': 29, 'deprel': 'conj', 'lemma': 'ב'}, {'id': 32, 'text': 'שכונת', 'upos': 'NOUN', 'xpos': 'NOUN', 'feats': 'Gender=Masc|Number=Sing', 'head': 3, 'deprel': 'obl', 'lemma': 'שכונה'}]"
33,שחמון,PROPN,PROPN,21.0,obj,"(101, 106)",שחמון,,
"(34, 35)",באילת,,,,,"(107, 112)",,,"[{'id': 34, 'text': 'ב', 'upos': 'ADV', 'xpos': 'ADV', 'head': 21, 'deprel': 'dep', 'lemma': 'ב'}, {'id': 35, 'text': 'אילת', 'upos': 'NOUN', 'xpos': 'NOUN', 'feats': 'Gender=Masc|Number=Sing', 'head': 21, 'deprel': 'advmod', 'lemma': 'אילת'}]"
1,ם,X,X,4.0,nsubj,"(1, 2)",ם,Xtra=Junk,
"(2, 3)",המרואיינים,,,,,"(3, 13)",,,"[{'id': 2, 'text': 'ה', 'upos': 'DET', 'xpos': 'DET', 'feats': 'PronType=Art', 'head': 3, 'deprel': 'det:def', 'lemma': 'ה'}, {'id': 3, 'text': 'מרואיינים', 'upos': 'NOUN', 'xpos': 'NOUN', 'feats': 'Gender=Masc|HebBinyan=HIFIL|Number=Plur|Person=1,2,3|VerbForm=Part|Voice=Act', 'head': 1, 'deprel': 'compound:smixut', 'lemma': 'מרואיין'}]"
4,נשאלו,VERB,VERB,0.0,root,"(14, 19)",נשאל,"Gender=Fem,Masc|HebBinyan=NIFAL|Number=Plur|Person=3|Tense=Past|Voice=Mid",
5,האם,ADV,ADV,9.0,mark:q,"(20, 23)",האם,PronType=Int,
"(6, 8)",הכנסתם,,,,,"(24, 30)",,,"[{'id': 6, 'text': 'הכנסה_', 'upos': 'NOUN', 'xpos': 'NOUN', 'feats': 'Definite=Def|Gender=Fem|Number=Sing', 'head': 9, 'deprel': 'nsubj', 'lemma': 'הכנסה'}, {'id': 7, 'text': '_של_', 'upos': 'ADP', 'xpos': 'ADP', 'head': 8, 'deprel': 'case:gen', 'lemma': 'של'}, {'id': 8, 'text': '_הם', 'upos': 'PRON', 'xpos': 'PRON', 'feats': 'Case=Gen|Gender=Masc|Number=Plur|Person=3|PronType=Prs', 'head': 6, 'deprel': 'nmod:poss', 'lemma': 'הוא'}]"
9,גבוהה,ADJ,ADJ,4.0,xcomp,"(31, 36)",גבוה,Gender=Fem|Number=Sing,
10,או,CCONJ,CCONJ,11.0,cc,"(37, 39)",או,,
11,נמוכה,ADJ,ADJ,9.0,conj,"(40, 45)",נמוך,Gender=Fem|Number=Sing,
"(12, 14)",מההכנסה,,,,,"(46, 53)",,,"[{'id': 12, 'text': 'מ', 'upos': 'ADP', 'xpos': 'ADP', 'head': 14, 'deprel': 'case', 'lemma': 'מ'}, {'id': 13, 'text': 'ה', 'upos': 'DET', 'xpos': 'DET', 'feats': 'PronType=Art', 'head': 14, 'deprel': 'det:def', 'lemma': 'ה'}, {'id': 14, 'text': 'הכנסה', 'upos': 'NOUN', 'xpos': 'NOUN', 'feats': 'Gender=Fem|Number=Sing', 'head': 9, 'deprel': 'advmod', 'lemma': 'הכנסה'}]"
"(15, 16)",החודשית,,,,,"(54, 61)",,,"[{'id': 15, 'text': 'ה', 'upos': 'DET', 'xpos': 'DET', 'feats': 'PronType=Art', 'head': 16, 'deprel': 'det:def', 'lemma': 'ה'}, {'id': 16, 'text': 'חודשית', 'upos': 'ADJ', 'xpos': 'ADJ', 'feats': 'Gender=Fem|Number=Sing', 'head': 14, 'deprel': 'amod', 'lemma': 'חודשי'}]"
"(17, 18)",הממוצעת,,,,,"(62, 69)",,,"[{'id': 17, 'text': 'ה', 'upos': 'DET', 'xpos': 'DET', 'feats': 'PronType=Art', 'head': 18, 'deprel': 'det:def', 'lemma': 'ה'}, {'id': 18, 'text': 'ממוצעת', 'upos': 'ADJ', 'xpos': 'ADJ', 'feats': 'Gender=Fem|Number=Sing', 'head': 14, 'deprel': 'amod', 'lemma': 'ממוצע'}]"
19,נטו,ADJ,ADJ,14.0,advmod,"(70, 73)",נטו,Gender=Masc|Number=Sing,
"(20, 21)",למשפחה,,,,,"(74, 80)",,,"[{'id': 20, 'text': 'ל', 'upos': 'ADP', 'xpos': 'ADP', 'head': 21, 'deprel': 'case', 'lemma': 'ל'}, {'id': 21, 'text': 'משפחה', 'upos': 'NOUN', 'xpos': 'NOUN', 'feats': 'Gender=Fem|Number=Sing', 'head': 14, 'deprel': 'nmod', 'lemma': 'משפחה'}]"
22,(,PUNCT,PUNCT,24.0,punct,"(81, 82)",(,,
23,"8,100",NUM,NUM,24.0,nummod,"(82, 87)","8,100",,
24,"ש""ח",NOUN,NOUN,14.0,appos,"(88, 91)","ש""ח",Abbr=Yes|Gender=Masc|Number=Sing,
25,),PUNCT,PUNCT,24.0,punct,"(91, 92)",),,
1,59,NUM,NUM,19.0,dep,"(1, 3)",59,,
2,%,PUNCT,PUNCT,19.0,dep,"(3, 4)",%,"Gender=Masc|Number=Plur,Sing",
3,מסרו,VERB,VERB,25.0,dep,"(5, 9)",מסר,"Gender=Fem,Masc|HebBinyan=PAAL|Number=Plur|Person=3|Tense=Past|Voice=Act",
4,כי,SCONJ,SCONJ,19.0,mark,"(10, 12)",כי,,
"(5, 7)",הכנסתם,,,,,"(13, 19)",,,"[{'id': 5, 'text': 'הכנסה_', 'upos': 'NOUN', 'xpos': 'NOUN', 'feats': 'PronType=Art', 'head': 25, 'deprel': 'nsubj', 'lemma': 'הכנסה'}, {'id': 6, 'text': '_של_', 'upos': 'ADP', 'xpos': 'ADP', 'feats': 'PronType=Art', 'head': 7, 'deprel': 'case:gen', 'lemma': 'של'}, {'id': 7, 'text': '_הם', 'upos': 'PRON', 'xpos': 'PRON', 'feats': 'Case=Gen|Gender=Masc|Number=Plur|Person=3|PronType=Prs', 'head': 19, 'deprel': 'nmod:poss', 'lemma': 'הוא'}]"
8,נמוכה,ADJ,ADJ,19.0,conj,"(20, 25)",נמוך,,
"(9, 11)",מהממוצע,,,,,"(26, 33)",,,"[{'id': 9, 'text': 'מ', 'upos': 'ADP', 'xpos': 'ADP', 'head': 19, 'deprel': 'dep', 'lemma': 'מ'}, {'id': 10, 'text': 'ה', 'upos': 'DET', 'xpos': 'DET', 'feats': 'PronType=Art', 'head': 11, 'deprel': 'det:def', 'lemma': 'ה'}, {'id': 11, 'text': 'ממוצע', 'upos': 'NOUN', 'xpos': 'NOUN', 'feats': 'Gender=Masc|Number=Sing', 'head': 19, 'deprel': 'advmod', 'lemma': 'ממוצע'}]"
12,",",PUNCT,PUNCT,19.0,punct,"(33, 34)",",",,
13,22,NUM,NUM,19.0,nummod,"(35, 37)",22,,
14,%,PUNCT,PUNCT,19.0,dep,"(37, 38)",%,"Gender=Masc|Number=Plur,Sing",
15,ציינו,VERB,VERB,25.0,dep,"(39, 44)",ציין,"Gender=Fem,Masc|HebBinyan=PIEL|Number=Plur|Person=3|Tense=Past|Voice=Act",
16,כי,SCONJ,SCONJ,19.0,mark,"(45, 47)",כי,,
17,הינם,VERB,VERB,25.0,dep,"(48, 52)",הינם,,
18,בעלי,NOUN,NOUN,19.0,dep,"(53, 57)",בעל,,
19,הכנסה,NOUN,NOUN,25.0,nsubj,"(58, 63)",הכנסה,PronType=Art,
20,ממוצעת,ADJ,ADJ,19.0,amod,"(64, 70)",ממוצע,,
21,ו,CCONJ,CCONJ,20.0,dep,"(71, 72)",ו,,
22,-,PUNCT,PUNCT,20.0,punct,"(72, 73)",-,,
23,19,NUM,NUM,19.0,dep,"(74, 76)",19,,
24,%,PUNCT,PUNCT,19.0,dep,"(76, 77)",%,"Gender=Masc|Number=Plur,Sing",
25,טענו,VERB,VERB,0.0,root,"(78, 82)",טען,"Gender=Fem,Masc|HebBinyan=PAAL|Number=Plur|Person=3|Tense=Past|Voice=Act",
26,כי,SCONJ,SCONJ,19.0,mark,"(83, 85)",כי,,
"(27, 29)",הכנסתם,,,,,"(86, 92)",,,"[{'id': 27, 'text': 'הכנסה_', 'upos': 'DET', 'xpos': 'DET', 'feats': 'PronType=Art', 'head': 25, 'deprel': 'nsubj', 'lemma': 'הכנסה'}, {'id': 28, 'text': '_של_', 'upos': 'ADP', 'xpos': 'ADP', 'feats': 'PronType=Art', 'head': 29, 'deprel': 'case:gen', 'lemma': 'של'}, {'id': 29, 'text': '_הם', 'upos': 'PRON', 'xpos': 'PRON', 'feats': 'Gender=Masc|Number=Plur|Person=3|PronType=Prs', 'head': 19, 'deprel': 'nmod:poss', 'lemma': 'הוא'}]"
30,גבוהה,ADJ,ADJ,19.0,conj,"(93, 98)",גבוה,Gender=Masc|Number=Sing,
"(31, 33)",מהממוצע,,,,,"(99, 106)",,,"[{'id': 31, 'text': 'מ', 'upos': 'ADP', 'xpos': 'ADP', 'head': 19, 'deprel': 'dep', 'lemma': 'מ'}, {'id': 32, 'text': 'ה', 'upos': 'DET', 'xpos': 'DET', 'feats': 'PronType=Art', 'head': 19, 'deprel': 'det:def', 'lemma': 'ה'}, {'id': 33, 'text': 'ממוצע', 'upos': 'NOUN', 'xpos': 'NOUN', 'feats': 'Gender=Masc|Number=Sing', 'head': 19, 'deprel': 'advmod', 'lemma': 'ממוצע'}]"
"(1, 2)",בהשוואה,,,,,"(1, 8)",,,"[{'id': 1, 'text': 'ב', 'upos': 'ADP', 'xpos': 'ADP', 'head': 5, 'deprel': 'case', 'lemma': 'ב'}, {'id': 2, 'text': 'השוואה', 'upos': 'NOUN', 'xpos': 'NOUN', 'feats': 'Gender=Fem|Number=Sing', 'head': 1, 'deprel': 'fixed', 'lemma': 'השוואה'}]"
"(3, 5)",לסקרים,,,,,"(9, 15)",,,"[{'id': 3, 'text': 'ל', 'upos': 'ADP', 'xpos': 'ADP', 'head': 1, 'deprel': 'fixed', 'lemma': 'ל'}, {'id': 4, 'text': 'ה_', 'upos': 'DET', 'xpos': 'DET', 'feats': 'PronType=Art', 'head': 5, 'deprel': 'det:def', 'lemma': 'ה'}, {'id': 5, 'text': 'סקרים', 'upos': 'NOUN', 'xpos': 'NOUN', 'feats': 'Gender=Masc|Number=Plur', 'head': 15, 'deprel': 'obl', 'lemma': 'סקר'}]"
"(6, 7)",אחרים,,,,,"(16, 21)",,,"[{'id': 6, 'text': 'אחרים', 'upos': 'ADJ', 'xpos': 'ADJ', 'feats': 'Gender=Masc|Number=Plur', 'head': 5, 'deprel': 'amod', 'lemma': 'אחר'}, {'id': 7, 'text': '_הם', 'upos': 'PRON', 'xpos': 'PRON', 'feats': 'Case=Gen|Gender=Masc|Number=Plur|Person=3|PronType=Prs', 'head': 5, 'deprel': 'nmod', 'lemma': 'הוא'}]"
8,"שנערכו ,",VERB,VERB,5.0,acl:relcl,"(22, 30)",שנער,"Gender=Fem,Masc|HebBinyan=NIFAL|Number=Plur|Person=3|Tense=Past|Voice=Mid",
"(9, 11)",הכנסת רוכשי הדירות,,,,,"(31, 49)",,,"[{'id': 9, 'text': 'ה', 'upos': 'DET', 'xpos': 'DET', 'feats': 'PronType=Art', 'head': 10, 'deprel': 'det:def', 'lemma': 'ה'}, {'id': 10, 'text': 'כנסתטרוכ', 'upos': 'NOUN', 'xpos': 'NOUN', 'head': 15, 'deprel': 'nsubj:cop', 'lemma': 'כנסתטרוכ'}, {'id': 11, 'text': 'הדיפירות', 'upos': 'NOUN', 'xpos': 'NOUN', 'feats': 'Gender=Fem|Number=Plur', 'head': 10, 'deprel': 'compound:smixut', 'lemma': 'הדיפירות'}]"
"(12, 14)",ביישוב,,,,,"(50, 56)",,,"[{'id': 12, 'text': 'ב', 'upos': 'ADP', 'xpos': 'ADP', 'head': 14, 'deprel': 'case', 'lemma': 'ב'}, {'id': 13, 'text': 'ה_', 'upos': 'DET', 'xpos': 'DET', 'feats': 'PronType=Art', 'head': 14, 'deprel': 'det:def', 'lemma': 'ה'}, {'id': 14, 'text': 'יישוב', 'upos': 'NOUN', 'xpos': 'NOUN', 'feats': 'Gender=Masc|Number=Sing', 'head': 10, 'deprel': 'nmod', 'lemma': 'יישוב'}]"
15,הינה נמוכה,AUX,AUX,0.0,root,"(57, 67)",הינה,Gender=Fem|Number=Sing|Person=3|Polarity=Pos|VerbForm=Part|VerbType=Cop,
"(16, 17)",ודומה,,,,,"(68, 73)",,,"[{'id': 16, 'text': 'ו', 'upos': 'CCONJ', 'xpos': 'CCONJ', 'head': 17, 'deprel': 'cc', 'lemma': 'ו'}, {'id': 17, 'text': 'דומה', 'upos': 'VERB', 'xpos': 'VERB', 'feats': 'Gender=Masc|Number=Sing', 'head': 15, 'deprel': 'conj', 'lemma': 'דמה'}]"
"(18, 20)",להכנסת רוכשי דירות,,,,,"(74, 92)",,,"[{'id': 18, 'text': 'ל', 'upos': 'ADP', 'xpos': 'ADP', 'head': 19, 'deprel': 'case', 'lemma': 'ל'}, {'id': 19, 'text': 'הכנסתטרוכ', 'upos': 'NOUN', 'xpos': 'NOUN', 'feats': 'Definite=Cons', 'head': 17, 'deprel': 'obl', 'lemma': 'הכנסתטרוכ'}, {'id': 20, 'text': 'טדיירות', 'upos': 'NOUN', 'xpos': 'NOUN', 'feats': 'Gender=Fem|Number=Plur', 'head': 19, 'deprel': 'compound:smixut', 'lemma': 'טדיירה'}]"
"(21, 22)",באשקלון,,,,,"(93, 100)",,,"[{'id': 21, 'text': 'ב', 'upos': 'ADP', 'xpos': 'ADP', 'head': 22, 'deprel': 'case', 'lemma': 'ב'}, {'id': 22, 'text': 'אשקלון', 'upos': 'PROPN', 'xpos': 'PROPN', 'head': 17, 'deprel': 'obl', 'lemma': 'אשקלון'}]"
"(23, 25)",ובשכונת,,,,,"(101, 108)",,,"[{'id': 23, 'text': 'ו', 'upos': 'CCONJ', 'xpos': 'CCONJ', 'head': 25, 'deprel': 'cc', 'lemma': 'ו'}, {'id': 24, 'text': 'ב', 'upos': 'ADP', 'xpos': 'ADP', 'head': 25, 'deprel': 'case', 'lemma': 'ב'}, {'id': 25, 'text': 'שכונת', 'upos': 'NOUN', 'xpos': 'NOUN', 'feats': 'Definite=Cons|Gender=Fem|Number=Sing', 'head': 22, 'deprel': 'conj', 'lemma': 'שכונה'}]"
"(26, 27)",שחמון,,,,,"(109, 114)",,,"[{'id': 26, 'text': 'ש', 'upos': 'PROPN', 'xpos': 'PROPN', 'head': 25, 'deprel': 'compound:smixut', 'lemma': 'ש'}, {'id': 27, 'text': 'חמון', 'upos': 'PROPN', 'xpos': 'PROPN', 'head': 26, 'deprel': 'flat:name', 'lemma': 'חמון'}]"
"(28, 29)",באילת,,,,,"(115, 120)",,,"[{'id': 28, 'text': 'ב', 'upos': 'ADP', 'xpos': 'ADP', 'head': 29, 'deprel': 'case', 'lemma': 'ב'}, {'id': 29, 'text': 'אילת', 'upos': 'PROPN', 'xpos': 'PROPN', 'head': 25, 'deprel': 'nmod', 'lemma': 'אילת'}]"
1,ם,X,X,7.0,dep,"(1, 2)",ם,,
"(2, 3)",למרבית,,,,,"(3, 9)",,,"[{'id': 2, 'text': 'ל', 'upos': 'ADP', 'xpos': 'ADP', 'head': 1, 'deprel': 'fixed', 'lemma': 'ל'}, {'id': 3, 'text': 'מרבית', 'upos': 'DET', 'xpos': 'DET', 'feats': 'Definite=Cons', 'head': 5, 'deprel': 'det', 'lemma': 'מרבית'}]"
"(4, 5)",הקונים,,,,,"(10, 16)",,,"[{'id': 4, 'text': 'ה', 'upos': 'DET', 'xpos': 'DET', 'feats': 'PronType=Art', 'head': 5, 'deprel': 'det:def', 'lemma': 'ה'}, {'id': 5, 'text': 'קונים', 'upos': 'NOUN', 'xpos': 'NOUN', 'feats': 'Gender=Masc|Number=Plur', 'head': 7, 'deprel': 'nmod', 'lemma': 'קונה'}]"
6,זוהי,PRON,PRON,7.0,nsubj,"(17, 21)",זהו,Gender=Fem|Number=Sing|Person=3|PronType=Dem,
"(7, 9)",דירתם,,,,,"(22, 27)",,,"[{'id': 7, 'text': 'דירה_', 'upos': 'NOUN', 'xpos': 'NOUN', 'feats': 'Definite=Def|Gender=Fem|Number=Sing', 'head': 0, 'deprel': 'root', 'lemma': 'דירה'}, {'id': 8, 'text': '_של_', 'upos': 'ADP', 'xpos': 'ADP', 'head': 9, 'deprel': 'case:gen', 'lemma': 'של'}, {'id': 9, 'text': '_הם', 'upos': 'PRON', 'xpos': 'PRON', 'feats': 'Case=Gen|Gender=Masc|Number=Plur|Person=3|PronType=Prs', 'head': 7, 'deprel': 'nmod:poss', 'lemma': 'הוא'}]"
"(10, 11)",הראשונה,,,,,"(28, 35)",,,"[{'id': 10, 'text': 'ה', 'upos': 'DET', 'xpos': 'DET', 'feats': 'PronType=Art', 'head': 11, 'deprel': 'det:def', 'lemma': 'ה'}, {'id': 11, 'text': 'ראשונה', 'upos': 'ADJ', 'xpos': 'ADJ', 'feats': 'Gender=Fem|Number=Sing', 'head': 7, 'deprel': 'amod', 'lemma': 'ראשונה'}]"
12,-,PUNCT,PUNCT,7.0,punct,"(35, 36)",-,,
13,72,NUM,NUM,14.0,nummod,"(37, 39)",72,,
14,%,NOUN,NOUN,7.0,appos,"(39, 40)",%,"Gender=Masc|Number=Plur,Sing",
"(15, 16)",ורק,,,,,"(41, 44)",,,"[{'id': 15, 'text': 'ו', 'upos': 'CCONJ', 'xpos': 'CCONJ', 'head': 20, 'deprel': 'cc', 'lemma': 'ו'}, {'id': 16, 'text': 'רק', 'upos': 'ADV', 'xpos': 'ADV', 'head': 18, 'deprel': 'det', 'lemma': 'רק'}]"
17,28,NUM,NUM,18.0,nummod,"(45, 47)",28,,
18,%,NOUN,NOUN,20.0,nsubj,"(47, 48)",%,"Gender=Masc|Number=Plur,Sing",
19,היו,AUX,AUX,20.0,cop,"(49, 52)",היה,"Gender=Fem,Masc|Number=Plur|Person=3|Polarity=Pos|Tense=Past|VerbType=Cop",
20,בעלי,NOUN,NOUN,7.0,conj,"(53, 57)",בעל,Definite=Cons|Gender=Masc|Number=Plur,
21,דירה,NOUN,NOUN,20.0,compound:smixut,"(58, 62)",דירה,Gender=Fem|Number=Sing,
"(22, 24)",בעבר,,,,,"(63, 67)",,,"[{'id': 22, 'text': 'ב', 'upos': 'ADP', 'xpos': 'ADP', 'head': 24, 'deprel': 'case', 'lemma': 'ב'}, {'id': 23, 'text': 'ה_', 'upos': 'DET', 'xpos': 'DET', 'feats': 'PronType=Art', 'head': 24, 'deprel': 'det:def', 'lemma': 'ה'}, {'id': 24, 'text': 'עבר', 'upos': 'NOUN', 'xpos': 'NOUN', 'feats': 'Gender=Masc|Number=Sing', 'head': 20, 'deprel': 'nmod', 'lemma': 'עבר'}]"
"(1, 3)",אחוז בעלי דירה,,,,,"(1, 15)",,,"[{'id': 1, 'text': 'אחוז_', 'upos': 'NOUN', 'xpos': 'NOUN', 'head': 15, 'deprel': 'nsubj', 'lemma': 'אחוז'}, {'id': 2, 'text': '_של_', 'upos': 'ADP', 'xpos': 'ADP', 'feats': 'PronType=Art', 'head': 15, 'deprel': 'nmod:poss', 'lemma': 'של'}, {'id': 3, 'text': '_אנדירה', 'upos': 'NOUN', 'xpos': 'NOUN', 'head': 15, 'deprel': 'dep', 'lemma': '_אנדירה'}]"
"(4, 6)",נמוך יחסית,,,,,"(16, 26)",,,"[{'id': 4, 'text': 'נמו', 'upos': 'NOUN', 'xpos': 'NOUN', 'head': 15, 'deprel': 'dep', 'lemma': 'נמו'}, {'id': 5, 'text': 'כ', 'upos': 'ADP', 'xpos': 'ADP', 'head': 15, 'deprel': 'dep', 'lemma': 'כ'}, {'id': 6, 'text': 'חיחסית', 'upos': 'NOUN', 'xpos': 'NOUN', 'feats': 'Gender=Masc|Number=Sing', 'head': 20, 'deprel': 'compound:smixut', 'lemma': 'חיחסית'}]"
"(7, 8)",בהשוואה,,,,,"(27, 34)",,,"[{'id': 7, 'text': 'ב', 'upos': 'ADP', 'xpos': 'ADP', 'head': 15, 'deprel': 'dep', 'lemma': 'ב'}, {'id': 8, 'text': 'השוואה', 'upos': 'NOUN', 'xpos': 'NOUN', 'feats': 'Gender=Masc|Number=Sing', 'head': 6, 'deprel': 'dep', 'lemma': 'השוואה'}]"
"(9, 11)",לסקרים,,,,,"(35, 41)",,,"[{'id': 9, 'text': 'ל', 'upos': 'ADP', 'xpos': 'ADP', 'head': 15, 'deprel': 'dep', 'lemma': 'ל'}, {'id': 10, 'text': 'ה_', 'upos': 'DET', 'xpos': 'DET', 'feats': 'PronType=Art', 'head': 15, 'deprel': 'det:def', 'lemma': 'ה'}, {'id': 11, 'text': 'סקרים', 'upos': 'NOUN', 'xpos': 'NOUN', 'feats': 'Gender=Masc|Number=Plur', 'head': 15, 'deprel': 'nsubj', 'lemma': 'סקר'}]"
"(12, 13)",אחרים,,,,,"(42, 47)",,,"[{'id': 12, 'text': 'אחרים', 'upos': 'ADJ', 'xpos': 'ADJ', 'head': 15, 'deprel': 'dep', 'lemma': 'אחר'}, {'id': 13, 'text': '_הם', 'upos': 'PRON', 'xpos': 'PRON', 'feats': 'Gender=Masc|Number=Plur|Person=3|PronType=Prs', 'head': 15, 'deprel': 'nmod:poss', 'lemma': 'הוא'}]"
"(14, 16)",שנערכו לאחרונה,,,,,"(48, 62)",,,"[{'id': 14, 'text': 'ש', 'upos': 'SCONJ', 'xpos': 'SCONJ', 'head': 15, 'deprel': 'mark', 'lemma': 'ש'}, {'id': 15, 'text': 'נערכול', 'upos': 'NOUN', 'xpos': 'NOUN', 'feats': 'Gender=Masc|Number=Sing', 'head': 20, 'deprel': 'dep', 'lemma': 'נערכול'}, {'id': 16, 'text': 'אחרונה', 'upos': 'ADJ', 'xpos': 'ADJ', 'head': 15, 'deprel': 'dep', 'lemma': 'אחרון'}]"
17,",",PUNCT,PUNCT,15.0,punct,"(62, 63)",",",,
18,ודומה רק,ADV,ADV,15.0,advmod,"(64, 72)",ודומה רק,,
"(19, 20)",לרוכשי הדירות,,,,,"(73, 86)",,,"[{'id': 19, 'text': 'ל', 'upos': 'ADP', 'xpos': 'ADP', 'head': 15, 'deprel': 'dep', 'lemma': 'ל'}, {'id': 20, 'text': 'רוכשיטהדירות', 'upos': 'NOUN', 'xpos': 'NOUN', 'feats': 'Gender=Masc|Number=Sing', 'head': 0, 'deprel': 'compound:smixut', 'lemma': 'רוכשיטהדירה'}]"
21,"באלעד ,",NOUN,NOUN,15.0,dep,"(87, 94)","באלעד ,",,
"(22, 23)",שלומי,,,,,"(95, 100)",,,"[{'id': 22, 'text': 'ש', 'upos': 'SCONJ', 'xpos': 'SCONJ', 'head': 15, 'deprel': 'dep', 'lemma': 'ש'}, {'id': 23, 'text': 'לומי', 'upos': 'NOUN', 'xpos': 'NOUN', 'head': 20, 'deprel': 'dep', 'lemma': 'לומי'}]"
"(24, 26)",ובשכונות,,,,,"(101, 109)",,,"[{'id': 24, 'text': 'ו', 'upos': 'ADV', 'xpos': 'ADV', 'head': 20, 'deprel': 'dep', 'lemma': 'ו'}, {'id': 25, 'text': 'ב', 'upos': 'ADP', 'xpos': 'ADP', 'head': 15, 'deprel': 'dep', 'lemma': 'ב'}, {'id': 26, 'text': 'שכונות', 'upos': 'NOUN', 'xpos': 'NOUN', 'head': 15, 'deprel': 'nsubj', 'lemma': 'שכונה'}]"
27,ג',PUNCT,PUNCT,15.0,dep,"(110, 112)",ג',,
28,וד',NOUN,NOUN,15.0,nsubj,"(113, 116)",וד',,
"(29, 30)",בבאר,,,,,"(117, 121)",,,"[{'id': 29, 'text': 'ב', 'upos': 'ADP', 'xpos': 'ADP', 'head': 15, 'deprel': 'dep', 'lemma': 'ב'}, {'id': 30, 'text': 'באר', 'upos': 'NOUN', 'xpos': 'NOUN', 'head': 15, 'deprel': 'dep', 'lemma': 'באר'}]"
31,שבע,NOUN,NOUN,15.0,dep,"(122, 125)",שבע,,
1,ם,NOUN,NOUN,2.0,dep,"(1, 2)",ם,,
2,%,NOUN,NOUN,0.0,root,"(3, 4)",%,"Gender=Masc|Number=Plur,Sing",
3,88,NUM,NUM,2.0,nummod,"(5, 7)",88,,
"(4, 5)",מרוכשי הדירות,,,,,"(8, 21)",,,"[{'id': 4, 'text': 'מ', 'upos': 'ADP', 'xpos': 'ADP', 'head': 2, 'deprel': 'dep', 'lemma': 'מ'}, {'id': 5, 'text': 'רוכשיטהדירות', 'upos': 'NOUN', 'xpos': 'NOUN', 'feats': 'Definite=Cons|Gender=Masc|Number=Sing', 'head': 2, 'deprel': 'nmod', 'lemma': 'רוכשיטהדירה'}]"
"(6, 8)",במגדל,,,,,"(22, 27)",,,"[{'id': 6, 'text': 'ב', 'upos': 'ADP', 'xpos': 'ADP', 'head': 8, 'deprel': 'case', 'lemma': 'ב'}, {'id': 7, 'text': 'ה_', 'upos': 'DET', 'xpos': 'DET', 'feats': 'PronType=Art', 'head': 8, 'deprel': 'det:def', 'lemma': 'ה'}, {'id': 8, 'text': 'מגדל', 'upos': 'NOUN', 'xpos': 'NOUN', 'feats': 'Definite=Cons|Gender=Masc|Number=Sing', 'head': 11, 'deprel': 'obl', 'lemma': 'מגדל'}]"
"(9, 10)",העמק,,,,,"(28, 32)",,,"[{'id': 9, 'text': 'ה', 'upos': 'DET', 'xpos': 'DET', 'feats': 'PronType=Art', 'head': 10, 'deprel': 'det:def', 'lemma': 'ה'}, {'id': 10, 'text': 'עמק', 'upos': 'NOUN', 'xpos': 'NOUN', 'feats': 'Gender=Masc|Number=Sing', 'head': 8, 'deprel': 'compound:smixut', 'lemma': 'עמק'}]"
11,התגורר ו,VERB,VERB,1.0,dep,"(33, 41)",התגורר,Gender=Masc|HebBinyan=HITPAEL|Number=Sing|Person=3|Tense=Past,
"(12, 13)",במגדל העמק,,,,,"(42, 52)",,,"[{'id': 12, 'text': 'ב', 'upos': 'ADP', 'xpos': 'ADP', 'head': 13, 'deprel': 'case', 'lemma': 'ב'}, {'id': 13, 'text': 'מגדלטהעמק', 'upos': 'NOUN', 'xpos': 'NOUN', 'feats': 'Definite=Cons|Gender=Masc|Number=Sing', 'head': 11, 'deprel': 'dep', 'lemma': 'מגדלטהעמק'}]"
14,גם,ADV,ADV,15.0,advmod,"(53, 55)",גם,,
15,לפני,ADP,ADP,17.0,case,"(56, 60)",לפני,,
"(16, 17)",המעבר,,,,,"(61, 66)",,,"[{'id': 16, 'text': 'ה', 'upos': 'DET', 'xpos': 'DET', 'feats': 'PronType=Art', 'head': 17, 'deprel': 'det:def', 'lemma': 'ה'}, {'id': 17, 'text': 'מעבר', 'upos': 'NOUN', 'xpos': 'NOUN', 'feats': 'Gender=Masc|Number=Sing', 'head': 11, 'deprel': 'obl', 'lemma': 'מעבר'}]"
"(18, 20)",לדירה,,,,,"(67, 72)",,,"[{'id': 18, 'text': 'ל', 'upos': 'ADP', 'xpos': 'ADP', 'head': 20, 'deprel': 'case', 'lemma': 'ל'}, {'id': 19, 'text': 'ה_', 'upos': 'DET', 'xpos': 'DET', 'feats': 'PronType=Art', 'head': 20, 'deprel': 'det:def', 'lemma': 'ה'}, {'id': 20, 'text': 'דירה', 'upos': 'NOUN', 'xpos': 'NOUN', 'feats': 'Gender=Fem|Number=Sing', 'head': 17, 'deprel': 'nmod', 'lemma': 'דירה'}]"
"(21, 22)",החדשה,,,,,"(73, 78)",,,"[{'id': 21, 'text': 'ה', 'upos': 'DET', 'xpos': 'DET', 'feats': 'PronType=Art', 'head': 22, 'deprel': 'det:def', 'lemma': 'ה'}, {'id': 22, 'text': 'חדשה', 'upos': 'ADJ', 'xpos': 'ADJ', 'feats': 'Gender=Fem|Number=Sing', 'head': 20, 'deprel': 'amod', 'lemma': 'חדש'}]"
1,□,PUNCT,PUNCT,3.0,dep,"(1, 2)",□,,
"(2, 3)",מאפייני,,,,,"(3, 10)",,,"[{'id': 2, 'text': 'מ', 'upos': 'NOUN', 'xpos': 'NOUN', 'feats': 'Definite=Cons|Gender=Masc|HebSource=ConvUncertainHead|Number=Sing', 'head': 30, 'deprel': 'nsubj', 'lemma': 'מ'}, {'id': 3, 'text': 'אפייני', 'upos': 'NOUN', 'xpos': 'NOUN', 'feats': 'Definite=Cons|Gender=Masc|Number=Plur', 'head': 30, 'deprel': 'nsubj', 'lemma': 'אפיין'}]"
"(4, 5)",הדירות,,,,,"(11, 17)",,,"[{'id': 4, 'text': 'ה', 'upos': 'DET', 'xpos': 'DET', 'feats': 'PronType=Art', 'head': 5, 'deprel': 'det:def', 'lemma': 'ה'}, {'id': 5, 'text': 'דירות', 'upos': 'NOUN', 'xpos': 'NOUN', 'feats': 'Gender=Fem|Number=Plur', 'head': 3, 'deprel': 'compound:smixut', 'lemma': 'דירה'}]"
"(6, 9)",שנקנו ם,,,,,"(18, 25)",,,"[{'id': 6, 'text': 'ש', 'upos': 'SCONJ', 'xpos': 'SCONJ', 'head': 7, 'deprel': 'mark', 'lemma': 'ש'}, {'id': 7, 'text': 'נקנוף_', 'upos': 'NOUN', 'xpos': 'NOUN', 'feats': 'Definite=Def|Gender=Masc|Number=Sing', 'head': 2, 'deprel': 'acl:relcl', 'lemma': 'נקנוף'}, {'id': 8, 'text': '_של_', 'upos': 'ADP', 'xpos': 'ADP', 'head': 9, 'deprel': 'case:gen', 'lemma': 'של'}, {'id': 9, 'text': '_הם', 'upos': 'PRON', 'xpos': 'PRON', 'feats': 'Case=Gen|Gender=Masc|Number=Plur|Person=3|PronType=Prs', 'head': 7, 'deprel': 'nmod:poss', 'lemma': 'הוא'}]"
"(10, 11)",מבין,,,,,"(26, 30)",,,"[{'id': 10, 'text': 'מ', 'upos': 'ADP', 'xpos': 'ADP', 'head': 13, 'deprel': 'case', 'lemma': 'מ'}, {'id': 11, 'text': 'בין', 'upos': 'ADP', 'xpos': 'ADP', 'head': 10, 'deprel': 'fixed', 'lemma': 'בין'}]"
"(12, 13)",הדירות,,,,,"(31, 37)",,,"[{'id': 12, 'text': 'ה', 'upos': 'DET', 'xpos': 'DET', 'feats': 'PronType=Art', 'head': 13, 'deprel': 'det:def', 'lemma': 'ה'}, {'id': 13, 'text': 'דירות', 'upos': 'NOUN', 'xpos': 'NOUN', 'feats': 'Gender=Fem|Number=Plur', 'head': 7, 'deprel': 'nmod', 'lemma': 'דירה'}]"
"(14, 15)",שנרכשו,,,,,"(38, 44)",,,"[{'id': 14, 'text': 'ש', 'upos': 'SCONJ', 'xpos': 'SCONJ', 'head': 15, 'deprel': 'mark', 'lemma': 'ש'}, {'id': 15, 'text': 'נרכשו', 'upos': 'VERB', 'xpos': 'VERB', 'feats': 'Gender=Fem,Masc|HebBinyan=NIFAL|Number=Plur|Person=3|Tense=Past|Voice=Mid', 'head': 13, 'deprel': 'acl:relcl', 'lemma': 'נרכש'}]"
16,:,PUNCT,PUNCT,19.0,punct,"(44, 45)",:,,
17,32,NUM,NUM,18.0,nummod,"(46, 48)",32,,
18,%,NOUN,NOUN,19.0,nsubj,"(48, 49)",%,"Gender=Masc|Number=Plur,Sing",
19,רכשו,VERB,VERB,0.0,root,"(50, 54)",רכש,"Gender=Fem,Masc|HebBinyan=PAAL|Number=Plur|Person=3|Tense=Past|Voice=Act",
20,את,ADP,ADP,22.0,case:acc,"(55, 57)",את,Case=Acc,
"(21, 22)",הדירה,,,,,"(58, 63)",,,"[{'id': 21, 'text': 'ה', 'upos': 'DET', 'xpos': 'DET', 'feats': 'PronType=Art', 'head': 22, 'deprel': 'det:def', 'lemma': 'ה'}, {'id': 22, 'text': 'דירה', 'upos': 'NOUN', 'xpos': 'NOUN', 'feats': 'Gender=Fem|Number=Sing', 'head': 19, 'deprel': 'obj', 'lemma': 'דירה'}]"
23,כאשר,SCONJ,SCONJ,27.0,mark,"(64, 68)",כאשר,,
"(24, 25)",השכונה,,,,,"(69, 75)",,,"[{'id': 24, 'text': 'ה', 'upos': 'DET', 'xpos': 'DET', 'feats': 'PronType=Art', 'head': 25, 'deprel': 'det:def', 'lemma': 'ה'}, {'id': 25, 'text': 'שכונה', 'upos': 'NOUN', 'xpos': 'NOUN', 'feats': 'Gender=Fem|Number=Sing', 'head': 27, 'deprel': 'nsubj', 'lemma': 'שכונה'}]"
26,היתה,AUX,AUX,27.0,cop,"(76, 80)",היה,Gender=Fem|Number=Sing|Person=3|Polarity=Pos|Tense=Past|VerbType=Cop,
27,קיימת,ADJ,ADJ,19.0,advcl,"(81, 86)",קיים,Gender=Fem|Number=Sing,
28,29,NUM,NUM,29.0,nummod,"(87, 89)",29,,
29,%,NOUN,NOUN,19.0,dep,"(89, 90)",%,"Gender=Masc|Number=Plur,Sing",
"(30, 33)",נרכשו בשלבי,,,,,"(91, 102)",,,"[{'id': 30, 'text': 'נרכשו', 'upos': 'VERB', 'xpos': 'VERB', 'feats': 'Gender=Fem,Masc|HebBinyan=NIFAL|Number=Plur|Person=3|Tense=Past|Voice=Mid', 'head': 19, 'deprel': 'parataxis', 'lemma': 'נרכש'}, {'id': 31, 'text': '_', 'upos': 'PRON', 'xpos': 'PRON', 'feats': 'Definite=Def|Gender=Masc|Number=Sing', 'head': 30, 'deprel': 'nsubj', 'lemma': 'ה'}, {'id': 32, 'text': '_של_', 'upos': 'ADP', 'xpos': 'ADP', 'head': 33, 'deprel': 'case:gen', 'lemma': 'של'}, {'id': 33, 'text': '_אני', 'upos': 'PRON', 'xpos': 'PRON', 'feats': 'Case=Gen|Gender=Fem,Masc|Number=Sing|Person=1|PronType=Prs', 'head': 31, 'deprel': 'nmod:poss', 'lemma': 'הוא'}]"
"(34, 35)",הבנייה,,,,,"(103, 109)",,,"[{'id': 34, 'text': 'ה', 'upos': 'DET', 'xpos': 'DET', 'feats': 'PronType=Art', 'head': 35, 'deprel': 'det:def', 'lemma': 'ה'}, {'id': 35, 'text': 'בנייה', 'upos': 'NOUN', 'xpos': 'NOUN', 'feats': 'Gender=Fem|Number=Sing', 'head': 30, 'deprel': 'obj', 'lemma': 'בנייה'}]"
"(36, 39)",של השכונה,,,,,"(110, 119)",,,"[{'id': 36, 'text': 'ש', 'upos': 'SCONJ', 'xpos': 'SCONJ', 'head': 39, 'deprel': 'mark', 'lemma': 'ש'}, {'id': 37, 'text': 'ל', 'upos': 'ADP', 'xpos': 'ADP', 'head': 39, 'deprel': 'case', 'lemma': 'ל'}, {'id': 38, 'text': 'ה_', 'upos': 'DET', 'xpos': 'DET', 'feats': 'PronType=Art', 'head': 39, 'deprel': 'det:def', 'lemma': 'ה'}, {'id': 39, 'text': 'טהשכונה', 'upos': 'NOUN', 'xpos': 'NOUN', 'feats': 'Gender=Fem|Number=Sing', 'head': 35, 'deprel': 'nmod', 'lemma': 'טהשכונה'}]"
40,",",PUNCT,PUNCT,35.0,punct,"(120, 121)",",",,
41,8%,NUM,NUM,35.0,dep,"(122, 124)",8%,HebSource=ConvUncertainHead,
"(42, 43)",בשלבי,,,,,"(125, 130)",,,"[{'id': 42, 'text': 'ב', 'upos': 'ADP', 'xpos': 'ADP', 'head': 43, 'deprel': 'case', 'lemma': 'ב'}, {'id': 43, 'text': 'שלבי', 'upos': 'NOUN', 'xpos': 'NOUN', 'feats': 'Definite=Cons|Gender=Masc|Number=Plur', 'head': 41, 'deprel': 'nmod', 'lemma': 'שלב'}]"
"(44, 45)",הקמת התשתית,,,,,"(131, 142)",,,"[{'id': 44, 'text': 'ה', 'upos': 'DET', 'xpos': 'DET', 'feats': 'PronType=Art', 'head': 45, 'deprel': 'det:def', 'lemma': 'ה'}, {'id': 45, 'text': 'קמתפהתשתית', 'upos': 'NOUN', 'xpos': 'NOUN', 'feats': 'Gender=Fem|Number=Sing', 'head': 43, 'deprel': 'compound:smixut', 'lemma': 'קמתפהתשית'}]"
46,",",PUNCT,PUNCT,35.0,punct,"(143, 144)",",",,
47,4%,NUM,NUM,35.0,conj,"(145, 147)",4%,,
"(48, 49)",בשלבי,,,,,"(148, 153)",,,"[{'id': 48, 'text': 'ב', 'upos': 'ADP', 'xpos': 'ADP', 'head': 49, 'deprel': 'case', 'lemma': 'ב'}, {'id': 49, 'text': 'שלבי', 'upos': 'NOUN', 'xpos': 'NOUN', 'feats': 'Definite=Cons|Gender=Masc|Number=Plur', 'head': 47, 'deprel': 'dep', 'lemma': 'שלב'}]"
"(50, 52)",עבודות,,,,,"(154, 160)",,,"[{'id': 50, 'text': 'עבודות', 'upos': 'NOUN', 'xpos': 'NOUN', 'feats': 'Gender=Fem|Number=Plur', 'head': 49, 'deprel': 'compound:smixut', 'lemma': 'עבודה'}, {'id': 51, 'text': 'את', 'upos': 'ADP', 'xpos': 'ADP', 'feats': 'Case=Acc', 'head': 52, 'deprel': 'case:acc', 'lemma': 'את'}, {'id': 52, 'text': '_היא', 'upos': 'PRON', 'xpos': 'PRON', 'feats': 'Gender=Fem|Number=Sing|Person=3|PronType=Prs', 'head': 50, 'deprel': 'nmod:poss', 'lemma': 'הוא'}]"
"(53, 54)",העפר,,,,,"(161, 165)",,,"[{'id': 53, 'text': 'ה', 'upos': 'DET', 'xpos': 'DET', 'feats': 'PronType=Art', 'head': 54, 'deprel': 'det:def', 'lemma': 'ה'}, {'id': 54, 'text': 'עפר', 'upos': 'NOUN', 'xpos': 'NOUN', 'feats': 'Gender=Masc|Number=Sing', 'head': 50, 'deprel': 'nmod', 'lemma': 'עפר'}]"
"(55, 56)",ו,,,,,"(166, 167)",,,"[{'id': 55, 'text': 'ו', 'upos': 'CCONJ', 'xpos': 'CCONJ', 'feats': 'HebSource=ConvUncertainHead', 'head': 56, 'deprel': 'cc', 'lemma': 'ו'}, {'id': 56, 'text': '_הוא', 'upos': 'PRON', 'xpos': 'PRON', 'feats': 'Gender=Masc|Number=Sing|Person=3|PronType=Prs', 'head': 39, 'deprel': 'conj', 'lemma': 'הוא'}]"
57,-,PUNCT,PUNCT,56.0,punct,"(167, 168)",-,,
58,27%,NUM,NUM,56.0,dep,"(169, 172)",27%,HebSource=ConvUncertainHead,
59,רכשו,VERB,VERB,30.0,dep,"(173, 177)",רכש,"Gender=Fem,Masc|HebBinyan=PAAL|Number=Plur|Person=3|Tense=Past|Voice=Act",
"(60, 61)",בשלב,,,,,"(178, 182)",,,"[{'id': 60, 'text': 'ב', 'upos': 'ADP', 'xpos': 'ADP', 'head': 61, 'deprel': 'case', 'lemma': 'ב'}, {'id': 61, 'text': 'שלב', 'upos': 'NOUN', 'xpos': 'NOUN', 'feats': 'Gender=Masc|Number=Sing', 'head': 59, 'deprel': 'obl', 'lemma': 'שלב'}]"
"(62, 63)",בו,,,,,"(183, 185)",,,"[{'id': 62, 'text': 'ב_', 'upos': 'ADP', 'xpos': 'ADP', 'head': 63, 'deprel': 'case', 'lemma': 'ב'}, {'id': 63, 'text': '_הוא', 'upos': 'PRON', 'xpos': 'PRON', 'feats': 'Gender=Masc|Number=Sing|Person=3|PronType=Prs', 'head': 66, 'deprel': 'obl', 'lemma': 'הוא'}]"
64,לא,ADV,ADV,66.0,advmod,"(186, 188)",לא,Polarity=Neg,
65,היה,AUX,AUX,66.0,cop,"(189, 192)",היה,Gender=Masc|Number=Sing|Person=3|Polarity=Pos|Tense=Past|VerbType=Cop,
66,קיים,ADJ,ADJ,61.0,acl:relcl,"(193, 197)",קיים,Gender=Masc|Number=Sing,
67,דבר,NOUN,NOUN,66.0,nsubj,"(198, 201)",דבר,Gender=Masc|Number=Sing,
1,ם,X,X,8.0,dep,"(1, 2)",ם,Xtra=Junk,
2,מרבית,DET,DET,4.0,det,"(3, 8)",מרבית,Definite=Cons,
"(3, 4)",הדירות,,,,,"(9, 15)",,,"[{'id': 3, 'text': 'ה', 'upos': 'DET', 'xpos': 'DET', 'feats': 'PronType=Art', 'head': 4, 'deprel': 'det:def', 'lemma': 'ה'}, {'id': 4, 'text': 'דירות', 'upos': 'NOUN', 'xpos': 'NOUN', 'feats': 'Gender=Fem|Number=Plur', 'head': 8, 'deprel': 'nsubj', 'lemma': 'דירה'}]"
"(5, 6)",שנרכשו,,,,,"(16, 22)",,,"[{'id': 5, 'text': 'ש', 'upos': 'SCONJ', 'xpos': 'SCONJ', 'head': 6, 'deprel': 'mark', 'lemma': 'ש'}, {'id': 6, 'text': 'נרכשו', 'upos': 'VERB', 'xpos': 'VERB', 'feats': 'Gender=Fem,Masc|HebBinyan=NIFAL|Number=Plur|Person=3|Tense=Past|Voice=Mid', 'head': 4, 'deprel': 'acl:relcl', 'lemma': 'נרכש'}]"
7,היו,AUX,AUX,8.0,cop,"(23, 26)",היה,"Gender=Fem,Masc|Number=Plur|Person=3|Polarity=Pos|Tense=Past|VerbType=Cop",
8,דירות,NOUN,NOUN,0.0,root,"(27, 32)",דירה,Gender=Fem|Number=Plur,
9,רגילות,ADJ,ADJ,8.0,amod,"(33, 39)",רגיל,Gender=Fem|Number=Plur,
10,-,PUNCT,PUNCT,8.0,punct,"(40, 41)",-,,
11,74,NUM,NUM,12.0,nummod,"(42, 44)",74,,
12,%,NOUN,NOUN,8.0,appos,"(44, 45)",%,"Gender=Masc|Number=Plur,Sing",
13,עוד,ADV,ADV,15.0,det,"(46, 49)",עוד,,
14,16,NUM,NUM,15.0,nummod,"(50, 52)",16,,
15,%,NOUN,NOUN,8.0,conj,"(52, 53)",%,"Gender=Masc|Number=Plur,Sing",
16,קוטגיים,ADJ,ADJ,15.0,amod,"(54, 61)",קוטגי,Gender=Masc|Number=Plur,
17,(,PUNCT,PUNCT,19.0,punct,"(62, 63)",(,,
"(18, 21)",לסוגיהם,,,,,"(63, 70)",,,"[{'id': 18, 'text': 'ל', 'upos': 'ADP', 'xpos': 'ADP', 'head': 19, 'deprel': 'case', 'lemma': 'ל'}, {'id': 19, 'text': 'סוג_', 'upos': 'NOUN', 'xpos': 'NOUN', 'feats': 'Definite=Def|Gender=Masc|Number=Plur', 'head': 15, 'deprel': 'appos', 'lemma': 'סוג'}, {'id': 20, 'text': '_של_', 'upos': 'ADP', 'xpos': 'ADP', 'head': 21, 'deprel': 'case:gen', 'lemma': 'של'}, {'id': 21, 'text': '_הם', 'upos': 'PRON', 'xpos': 'PRON', 'feats': 'Case=Gen|Gender=Masc|Number=Plur|Person=3|PronType=Prs', 'head': 19, 'deprel': 'nmod:poss', 'lemma': 'הוא'}]"
"(22, 23)",השונים,,,,,"(71, 77)",,,"[{'id': 22, 'text': 'ה', 'upos': 'DET', 'xpos': 'DET', 'feats': 'PronType=Art', 'head': 23, 'deprel': 'det:def', 'lemma': 'ה'}, {'id': 23, 'text': 'שונים', 'upos': 'ADJ', 'xpos': 'ADJ', 'feats': 'Gender=Masc|Number=Plur', 'head': 19, 'deprel': 'amod', 'lemma': 'שונה'}]"
24,),PUNCT,PUNCT,19.0,punct,"(77, 78)",),,
25,ו,CCONJ,CCONJ,28.0,cc,"(79, 80)",ו,,
26,-,PUNCT,PUNCT,28.0,punct,"(80, 81)",-,,
27,10,NUM,NUM,28.0,nummod,"(82, 84)",10,,
28,%,NOUN,NOUN,8.0,conj,"(84, 85)",%,"Gender=Masc|Number=Plur,Sing",
29,דירות,NOUN,NOUN,28.0,nmod,"(86, 91)",דירה,Definite=Cons|Gender=Fem|Number=Plur,
30,גן,NOUN,NOUN,29.0,compound:smixut,"(92, 94)",גן,Gender=Masc|Number=Sing,
1,ם,X,X,2.0,dep,"(1, 2)",ם,Xtra=Junk,
2,%,NOUN,NOUN,0.0,root,"(3, 4)",%,"Gender=Masc|Number=Plur,Sing",
3,70,NUM,NUM,2.0,nummod,"(5, 7)",70,,
"(4, 6)",מהדירות,,,,,"(8, 15)",,,"[{'id': 4, 'text': 'מ', 'upos': 'ADP', 'xpos': 'ADP', 'head': 6, 'deprel': 'case', 'lemma': 'מ'}, {'id': 5, 'text': 'ה', 'upos': 'DET', 'xpos': 'DET', 'feats': 'PronType=Art', 'head': 6, 'deprel': 'det:def', 'lemma': 'ה'}, {'id': 6, 'text': 'דירות', 'upos': 'NOUN', 'xpos': 'NOUN', 'feats': 'Gender=Fem|Number=Plur', 'head': 2, 'deprel': 'nmod', 'lemma': 'דירה'}]"
"(7, 8)",שנרכשו,,,,,"(16, 22)",,,"[{'id': 7, 'text': 'ש', 'upos': 'SCONJ', 'xpos': 'SCONJ', 'head': 8, 'deprel': 'mark', 'lemma': 'ש'}, {'id': 8, 'text': 'נרכשו', 'upos': 'VERB', 'xpos': 'VERB', 'feats': 'Gender=Fem,Masc|HebBinyan=NIFAL|Number=Plur|Person=3|Tense=Past|Voice=Mid', 'head': 6, 'deprel': 'acl:relcl', 'lemma': 'נרכש'}]"
9,הן,AUX,AUX,10.0,cop,"(23, 25)",הוא,Gender=Fem|Number=Plur|Person=3|Polarity=Pos|VerbForm=Part|VerbType=Cop,
10,בעלות,NOUN,NOUN,2.0,dep,"(26, 31)",בעלות,Definite=Cons|Gender=Fem|Number=Plur,
11,שטח,NOUN,NOUN,10.0,compound:smixut,"(32, 35)",שטח,Gender=Masc|Number=Sing,
12,של,ADP,ADP,15.0,case:gen,"(36, 38)",של,Case=Gen,
13,עד,ADP,ADP,15.0,case,"(39, 41)",עד,,
14,100,NUM,NUM,15.0,nummod,"(42, 45)",100,,
15,"מ""ר",NOUN,NOUN,11.0,nmod:poss,"(46, 49)","מ""ר",Abbr=Yes|Gender=Masc|Number=Sing,
16,",",PUNCT,PUNCT,10.0,punct,"(49, 50)",",",,
17,21,NUM,NUM,18.0,nummod,"(51, 53)",21,,
18,%,NOUN,NOUN,10.0,conj,"(53, 54)",%,"Gender=Masc|Number=Plur,Sing",
"(19, 21)",בשטח,,,,,"(55, 59)",,,"[{'id': 19, 'text': 'ב', 'upos': 'ADP', 'xpos': 'ADP', 'head': 21, 'deprel': 'case', 'lemma': 'ב'}, {'id': 20, 'text': 'ה_', 'upos': 'DET', 'xpos': 'DET', 'feats': 'PronType=Art', 'head': 21, 'deprel': 'det:def', 'lemma': 'ה'}, {'id': 21, 'text': 'שטח', 'upos': 'NOUN', 'xpos': 'NOUN', 'feats': 'Gender=Masc|Number=Sing', 'head': 18, 'deprel': 'nmod', 'lemma': 'שטח'}]"
22,של,ADP,ADP,24.0,case:gen,"(60, 62)",של,Case=Gen,
23,בין,ADP,ADP,24.0,case,"(63, 66)",בין,,
24,101,NUM,NUM,21.0,nmod:poss,"(67, 70)",101,,
25,ל,ADP,ADP,27.0,case,"(71, 72)",ל,,
26,-,PUNCT,PUNCT,24.0,punct,"(72, 73)",-,,
"(27, 28)",130,,,,,"(74, 77)",,,"[{'id': 27, 'text': '1', 'upos': 'NUM', 'xpos': 'NUM', 'head': 24, 'deprel': 'dep', 'lemma': '1'}, {'id': 28, 'text': '30', 'upos': 'NUM', 'xpos': 'NUM', 'head': 27, 'deprel': 'nummod', 'lemma': '30'}]"
29,"מ""ר",NOUN,NOUN,24.0,dep,"(78, 81)","מ""ר",Abbr=Yes|Gender=Masc|Number=Sing,
30,",",PUNCT,PUNCT,10.0,punct,"(82, 83)",",",,
31,עוד,ADV,ADV,33.0,det,"(84, 87)",עוד,,
32,5,NUM,NUM,33.0,nummod,"(88, 89)",5,,
33,%,NOUN,NOUN,10.0,conj,"(89, 90)",%,"Gender=Masc|Number=Plur,Sing",
"(34, 36)",בשטח,,,,,"(91, 95)",,,"[{'id': 34, 'text': 'ב', 'upos': 'ADP', 'xpos': 'ADP', 'head': 36, 'deprel': 'case', 'lemma': 'ב'}, {'id': 35, 'text': 'ה_', 'upos': 'DET', 'xpos': 'DET', 'feats': 'PronType=Art', 'head': 36, 'deprel': 'det:def', 'lemma': 'ה'}, {'id': 36, 'text': 'שטח', 'upos': 'NOUN', 'xpos': 'NOUN', 'feats': 'Gender=Masc|Number=Sing', 'head': 33, 'deprel': 'nmod', 'lemma': 'שטח'}]"
37,של,ADP,ADP,39.0,case:gen,"(96, 98)",של,Case=Gen,
38,בין,ADP,ADP,39.0,case,"(99, 102)",בין,,
39,131,NUM,NUM,36.0,nmod,"(103, 106)",131,,
40,ל,ADP,ADP,43.0,case,"(107, 108)",ל,,
41,-,PUNCT,PUNCT,39.0,punct,"(108, 109)",-,,
42,150,NUM,NUM,43.0,nummod,"(110, 113)",150,,
43,"מ""ר",NOUN,NOUN,39.0,obl,"(114, 117)","מ""ר",Abbr=Yes|Gender=Masc|Number=Sing,
44,",",PUNCT,PUNCT,10.0,punct,"(117, 118)",",",,
45,ו,CCONJ,CCONJ,48.0,cc,"(119, 120)",ו,,
46,-,PUNCT,PUNCT,48.0,punct,"(120, 121)",-,,
47,4,NUM,NUM,48.0,nummod,"(122, 123)",4,,
48,%,NOUN,NOUN,10.0,conj,"(123, 124)",%,"Gender=Masc|Number=Plur,Sing",
49,בעלות,NOUN,NOUN,48.0,nmod,"(125, 130)",בעלות,Definite=Cons|Gender=Fem|Number=Sing,
50,שטח,NOUN,NOUN,49.0,compound:smixut,"(131, 134)",שטח,Gender=Masc|Number=Sing,
51,של,ADP,ADP,56.0,case:gen,"(135, 137)",של,Case=Gen,
52,יותר,ADV,ADV,56.0,advmod,"(138, 142)",יותר,,
53,מ,ADP,ADP,52.0,fixed,"(143, 144)",מ,,
54,-,PUNCT,PUNCT,56.0,punct,"(144, 145)",-,,
55,151,NUM,NUM,56.0,nummod,"(146, 149)",151,,
56,"מ""ר",NOUN,NOUN,50.0,nmod:poss,"(150, 153)","מ""ר",Abbr=Yes|Gender=Masc|Number=Sing,
1,ם,NOUN,NOUN,10.0,nsubj:cop,"(1, 2)",ם,Gender=Masc|Number=Sing,
2,ממוצע,NOUN,NOUN,1.0,dep,"(3, 8)",ממוצע,Gender=Masc|Number=Sing,
3,שטח,NOUN,NOUN,2.0,compound:smixut,"(9, 12)",שטח,Definite=Cons|Gender=Masc|Number=Sing,
"(4, 5)",הדירה,,,,,"(13, 18)",,,"[{'id': 4, 'text': 'ה', 'upos': 'DET', 'xpos': 'DET', 'feats': 'PronType=Art', 'head': 5, 'deprel': 'det:def', 'lemma': 'ה'}, {'id': 5, 'text': 'דירה', 'upos': 'NOUN', 'xpos': 'NOUN', 'feats': 'Gender=Fem|Number=Sing', 'head': 3, 'deprel': 'compound:smixut', 'lemma': 'דירה'}]"
"(6, 7)",שנקנתה,,,,,"(19, 25)",,,"[{'id': 6, 'text': 'ש', 'upos': 'SCONJ', 'xpos': 'SCONJ', 'head': 7, 'deprel': 'mark', 'lemma': 'ש'}, {'id': 7, 'text': 'נקנתה', 'upos': 'VERB', 'xpos': 'VERB', 'head': 1, 'deprel': 'acl:relcl', 'lemma': 'נקנה'}]"
8,הוא,AUX,AUX,10.0,cop,"(26, 29)",הוא,Gender=Masc|Number=Sing|Person=3|Polarity=Pos|VerbForm=Part|VerbType=Cop,
9,99,NUM,NUM,10.0,nummod,"(30, 32)",99,,
10,מ״ר,NOUN,NOUN,0.0,root,"(33, 36)",מ״ר,Abbr=Yes|Gender=Masc|Number=Sing,
1,שטח,NOUN,NOUN,13.0,nsubj,"(1, 4)",שטח,,
"(2, 3)",הדירה,,,,,"(5, 10)",,,"[{'id': 2, 'text': 'ה', 'upos': 'DET', 'xpos': 'DET', 'feats': 'PronType=Art', 'head': 3, 'deprel': 'det:def', 'lemma': 'ה'}, {'id': 3, 'text': 'דירה', 'upos': 'NOUN', 'xpos': 'NOUN', 'feats': 'Gender=Fem|Number=Sing', 'head': 1, 'deprel': 'compound:smixut', 'lemma': 'דירה'}]"
4,קטן,ADJ,ADJ,1.0,conj,"(11, 14)",קטן,,
5,יחסית,ADV,ADV,1.0,det,"(15, 20)",יחסית,,
6,",",PUNCT,PUNCT,1.0,punct,"(20, 21)",",",,
7,דומה,ADJ,ADJ,1.0,conj,"(22, 26)",דומה,Gender=Masc|Number=Sing,
8,רק,ADV,ADV,1.0,det,"(27, 29)",רק,,
"(9, 11)",לדירות,,,,,"(30, 36)",,,"[{'id': 9, 'text': 'ל', 'upos': 'ADP', 'xpos': 'ADP', 'head': 13, 'deprel': 'dep', 'lemma': 'ל'}, {'id': 10, 'text': 'ה_', 'upos': 'DET', 'xpos': 'DET', 'feats': 'PronType=Art', 'head': 13, 'deprel': 'det:def', 'lemma': 'ה'}, {'id': 11, 'text': 'דירות', 'upos': 'NOUN', 'xpos': 'NOUN', 'feats': 'Gender=Fem|Number=Plur', 'head': 28, 'deprel': 'compound:smixut', 'lemma': 'דירה'}]"
"(12, 13)",שנקנו,,,,,"(37, 42)",,,"[{'id': 12, 'text': 'ש', 'upos': 'SCONJ', 'xpos': 'SCONJ', 'head': 13, 'deprel': 'mark', 'lemma': 'ש'}, {'id': 13, 'text': 'נקנו', 'upos': 'VERB', 'xpos': 'VERB', 'head': 15, 'deprel': 'advmod', 'lemma': 'נקנה'}]"
"(14, 15)",באלעד,,,,,"(43, 48)",,,"[{'id': 14, 'text': 'ב', 'upos': 'ADP', 'xpos': 'ADP', 'head': 33, 'deprel': 'case', 'lemma': 'ב'}, {'id': 15, 'text': 'אלעד', 'upos': 'NOUN', 'xpos': 'NOUN', 'feats': 'Gender=Masc|Number=Sing', 'head': 0, 'deprel': 'root', 'lemma': 'אלעד'}]"
16,(,PUNCT,PUNCT,17.0,punct,"(49, 50)",(,,
17,98,NUM,NUM,1.0,conj,"(50, 52)",98,,
18,"מ""ר",DET,DET,13.0,nsubj,"(53, 56)","מ""ר",Abbr=Yes|Gender=Masc|Number=Sing,
19,),PUNCT,PUNCT,17.0,punct,"(56, 57)",),,
"(20, 21)",וגדול,,,,,"(58, 63)",,,"[{'id': 20, 'text': 'ו', 'upos': 'CCONJ', 'xpos': 'CCONJ', 'head': 21, 'deprel': 'cc', 'lemma': 'ו'}, {'id': 21, 'text': 'גדול', 'upos': 'ADJ', 'xpos': 'ADJ', 'feats': 'Gender=Masc|Number=Sing', 'head': 1, 'deprel': 'conj', 'lemma': 'גדול'}]"
22,רק,ADV,ADV,1.0,det,"(64, 66)",רק,,
"(23, 24)",מדירות,,,,,"(67, 73)",,,"[{'id': 23, 'text': 'מ', 'upos': 'ADP', 'xpos': 'ADP', 'head': 1, 'deprel': 'case', 'lemma': 'מ'}, {'id': 24, 'text': 'דירות', 'upos': 'NOUN', 'xpos': 'NOUN', 'feats': 'Gender=Fem|Number=Plur', 'head': 1, 'deprel': 'nmod', 'lemma': 'דירה'}]"
"(25, 26)",שנקנו,,,,,"(74, 79)",,,"[{'id': 25, 'text': 'ש', 'upos': 'SCONJ', 'xpos': 'SCONJ', 'head': 13, 'deprel': 'mark', 'lemma': 'ש'}, {'id': 26, 'text': 'נקנו', 'upos': 'VERB', 'xpos': 'VERB', 'head': 1, 'deprel': 'conj', 'lemma': 'נקנה'}]"
"(27, 28)",בשכונות,,,,,"(80, 87)",,,"[{'id': 27, 'text': 'ב', 'upos': 'ADP', 'xpos': 'ADP', 'head': 28, 'deprel': 'case', 'lemma': 'ב'}, {'id': 28, 'text': 'שכונות', 'upos': 'NOUN', 'xpos': 'NOUN', 'feats': 'Gender=Masc|Number=Sing', 'head': 26, 'deprel': 'nsubj', 'lemma': 'שכונה'}]"
29,ג' ו,ADV,ADV,28.0,dep,"(88, 92)",ג' ו,,
30,-,PUNCT,PUNCT,28.0,punct,"(92, 93)",-,,
31,ד',NOUN,NOUN,28.0,conj,"(93, 95)",ד',,
"(32, 33)",בבאר,,,,,"(96, 100)",,,"[{'id': 32, 'text': 'ב', 'upos': 'ADP', 'xpos': 'ADP', 'head': 33, 'deprel': 'case', 'lemma': 'ב'}, {'id': 33, 'text': 'באר', 'upos': 'NOUN', 'xpos': 'NOUN', 'head': 28, 'deprel': 'flat:name', 'lemma': 'באר'}]"
34,שבע,NUM,NUM,33.0,flat:name,"(101, 104)",שבע,,
35,(,PUNCT,PUNCT,13.0,punct,"(105, 106)",(,,
36,90,NUM,NUM,1.0,conj,"(106, 108)",90,,
37,"מ""ר",DET,DET,13.0,dep,"(109, 112)","מ""ר",Abbr=Yes|Gender=Masc|Number=Sing,
38,),PUNCT,PUNCT,13.0,punct,"(112, 113)",),,
1,רוכשי,NOUN,NOUN,0.0,root,"(1, 6)",רוכש,Definite=Cons|Gender=Masc|Number=Sing,
2,דירות,NOUN,NOUN,1.0,obj,"(7, 12)",דירה,Gender=Fem|Number=Plur,
3,חדשות,ADJ,ADJ,1.0,dep,"(13, 18)",חדש,,
4,רכשו,DET,DET,1.0,dep,"(19, 23)",רכש,"Gender=Fem,Masc|Number=Plur|Person=3|Tense=Past",
5,דירות,NOUN,NOUN,1.0,obj,"(24, 29)",דירה,,
6,בנות,ADJ,ADJ,1.0,dep,"(30, 34)",בת,,
7,109,NUM,NUM,1.0,dep,"(35, 38)",109,,
8,"מ""ר",NOUN,NOUN,1.0,nsubj,"(39, 42)","מ""ר",Abbr=Yes|Gender=Masc|Number=Sing,
"(9, 10)",בממוצע,,,,,"(43, 49)",,,"[{'id': 9, 'text': 'ב', 'upos': 'ADV', 'xpos': 'ADV', 'head': 1, 'deprel': 'dep', 'lemma': 'ב'}, {'id': 10, 'text': 'ממוצע', 'upos': 'ADJ', 'xpos': 'ADJ', 'head': 1, 'deprel': 'dep', 'lemma': 'ממוצע'}]"
"(11, 12)",וקוני,,,,,"(50, 55)",,,"[{'id': 11, 'text': 'ו', 'upos': 'ADV', 'xpos': 'ADV', 'head': 1, 'deprel': 'dep', 'lemma': 'ו'}, {'id': 12, 'text': 'קוני', 'upos': 'NOUN', 'xpos': 'NOUN', 'feats': 'Definite=Cons|Gender=Masc|Number=Plur', 'head': 1, 'deprel': 'advmod', 'lemma': 'קונה'}]"
"(13, 15)",דירות,,,,,"(56, 61)",,,"[{'id': 13, 'text': 'דירות_', 'upos': 'NOUN', 'xpos': 'NOUN', 'head': 1, 'deprel': 'dep', 'lemma': 'דירות'}, {'id': 14, 'text': '_של_', 'upos': 'ADV', 'xpos': 'ADV', 'head': 1, 'deprel': 'advmod', 'lemma': 'של'}, {'id': 15, 'text': '_היא', 'upos': 'PRON', 'xpos': 'PRON', 'head': 1, 'deprel': 'dep', 'lemma': 'הוא'}]"
16,יד,NOUN,NOUN,1.0,dep,"(62, 64)",יד,,
17,שניה,NOUN,NOUN,1.0,dep,"(65, 69)",שנייה,,
"(18, 20)",בשטח,,,,,"(70, 74)",,,"[{'id': 18, 'text': 'ב', 'upos': 'ADV', 'xpos': 'ADV', 'head': 17, 'deprel': 'dep', 'lemma': 'ב'}, {'id': 19, 'text': 'ה_', 'upos': 'NOUN', 'xpos': 'NOUN', 'head': 17, 'deprel': 'dep', 'lemma': 'ה'}, {'id': 20, 'text': 'שטח', 'upos': 'NOUN', 'xpos': 'NOUN', 'head': 1, 'deprel': 'obj', 'lemma': 'שטח'}]"
21,של,ADP,ADP,1.0,dep,"(75, 77)",של,Case=Gen,
22,93,NUM,NUM,1.0,dep,"(78, 80)",93,,
23,"מ""ר",NOUN,NOUN,1.0,dep,"(81, 84)","מ""ר",Abbr=Yes|Gender=Masc|Number=Sing,
"(24, 25)",בממוצע,,,,,"(85, 91)",,,"[{'id': 24, 'text': 'ב', 'upos': 'ADV', 'xpos': 'ADV', 'head': 1, 'deprel': 'dep', 'lemma': 'ב'}, {'id': 25, 'text': 'ממוצע', 'upos': 'ADJ', 'xpos': 'ADJ', 'head': 1, 'deprel': 'advmod', 'lemma': 'ממוצע'}]"
1,ם,NOUN,NOUN,18.0,dep,"(1, 2)",ם,,
2,%,NOUN,NOUN,0.0,root,"(3, 4)",%,"Gender=Masc|Number=Plur,Sing",
3,18,NUM,NUM,21.0,nummod,"(5, 7)",18,,
"(4, 6)",מהדירות,,,,,"(8, 15)",,,"[{'id': 4, 'text': 'מ', 'upos': 'ADP', 'xpos': 'ADP', 'head': 15, 'deprel': 'dep', 'lemma': 'מ'}, {'id': 5, 'text': 'ה', 'upos': 'DET', 'xpos': 'DET', 'feats': 'PronType=Art', 'head': 6, 'deprel': 'det:def', 'lemma': 'ה'}, {'id': 6, 'text': 'דירות', 'upos': 'NOUN', 'xpos': 'NOUN', 'feats': 'Gender=Fem|Number=Plur', 'head': 2, 'deprel': 'nmod', 'lemma': 'דירה'}]"
7,הן,AUX,AUX,15.0,det,"(16, 18)",הוא,Gender=Fem|Number=Plur|Person=3|PronType=Prs,
"(8, 10)",בעלות,,,,,"(19, 24)",,,"[{'id': 8, 'text': 'ב', 'upos': 'ADP', 'xpos': 'ADP', 'head': 21, 'deprel': 'case', 'lemma': 'ב'}, {'id': 9, 'text': 'ה_', 'upos': 'DET', 'xpos': 'DET', 'feats': 'PronType=Art', 'head': 10, 'deprel': 'det:def', 'lemma': 'ה'}, {'id': 10, 'text': 'עלות', 'upos': 'NOUN', 'xpos': 'NOUN', 'feats': 'Gender=Masc|Number=Sing', 'head': 15, 'deprel': 'obl', 'lemma': 'עלות'}]"
11,יותר,ADV,ADV,15.0,advmod,"(25, 29)",יותר,HebSource=ConvUncertainHead,
12,מ,ADP,ADP,11.0,fixed,"(30, 31)",מ,,
13,-,PUNCT,PUNCT,15.0,punct,"(31, 32)",-,,
14,5,NUM,NUM,15.0,nummod,"(33, 34)",5,,
15,חדרים,NOUN,NOUN,18.0,dep,"(35, 40)",חדר,Gender=Masc|Number=Plur,
16,",",PUNCT,PUNCT,15.0,punct,"(41, 42)",",",,
17,36,NUM,NUM,15.0,nummod,"(43, 45)",36,,
18,%,NOUN,NOUN,2.0,dep,"(45, 46)",%,"Gender=Masc|Number=Plur,Sing",
19,דירות,NOUN,NOUN,15.0,obl,"(47, 52)",דירה,Gender=Fem|Number=Plur,
20,של,ADP,ADP,21.0,case:gen,"(53, 55)",של,Case=Gen,
21,4,NUM,NUM,15.0,obl,"(56, 57)",4,,
22,-,PUNCT,PUNCT,21.0,punct,"(57, 58)",-,,
23,4,NUM,NUM,21.0,obl,"(58, 59)",4,,
1,5,PUNCT,PUNCT,7.0,punct,"(0, 1)",5,,
"(2, 4)",חדרים,,,,,"(2, 7)",,,"[{'id': 2, 'text': 'חדר_', 'upos': 'NOUN', 'xpos': 'NOUN', 'head': 7, 'deprel': 'dep', 'lemma': 'חדר'}, {'id': 3, 'text': '_של_', 'upos': 'ADP', 'xpos': 'ADP', 'head': 4, 'deprel': 'case:gen', 'lemma': 'של'}, {'id': 4, 'text': '_הם', 'upos': 'PRON', 'xpos': 'PRON', 'head': 7, 'deprel': 'nmod:poss', 'lemma': 'הוא'}]"
5,",",PUNCT,PUNCT,7.0,punct,"(7, 8)",",",,
6,41%,NUM,NUM,7.0,dep,"(9, 12)",41%,,
"(7, 9)",דירות,,,,,"(13, 18)",,,"[{'id': 7, 'text': 'דירות_', 'upos': 'NOUN', 'xpos': 'NOUN', 'head': 9, 'deprel': 'compound:smixut', 'lemma': 'דירות'}, {'id': 8, 'text': '_של_', 'upos': 'ADP', 'xpos': 'ADP', 'head': 7, 'deprel': 'nmod:poss', 'lemma': 'של'}, {'id': 9, 'text': '_היא', 'upos': 'PRON', 'xpos': 'PRON', 'feats': 'Gender=Fem|Number=Sing|Person=3|PronType=Prs', 'head': 0, 'deprel': 'nmod:poss', 'lemma': 'הוא'}]"
10,של,PUNCT,PUNCT,7.0,case:gen,"(19, 21)",של,Case=Gen,
11,3-,PUNCT,PUNCT,7.0,punct,"(22, 24)",3-,,
12,3,PUNCT,PUNCT,7.0,punct,"(24, 25)",3,,
1,5,NUM,NUM,2.0,nummod,"(0, 1)",5,,
2,חדרים,NOUN,NOUN,0.0,root,"(2, 7)",חדר,Gender=Masc|Number=Plur,
3,ו,CCONJ,CCONJ,6.0,cc,"(8, 9)",ו,,
4,-,PUNCT,PUNCT,2.0,punct,"(9, 10)",-,,
5,5,NUM,NUM,6.0,nummod,"(11, 12)",5,,
6,%,NOUN,NOUN,2.0,conj,"(12, 13)",%,"Gender=Masc|Number=Plur,Sing",
"(7, 9)",בעלות,,,,,"(14, 19)",,,"[{'id': 7, 'text': 'ב', 'upos': 'ADP', 'xpos': 'ADP', 'head': 9, 'deprel': 'case', 'lemma': 'ב'}, {'id': 8, 'text': 'ה_', 'upos': 'DET', 'xpos': 'DET', 'feats': 'PronType=Art', 'head': 9, 'deprel': 'det:def', 'lemma': 'ה'}, {'id': 9, 'text': 'עלות', 'upos': 'NOUN', 'xpos': 'NOUN', 'feats': 'Gender=Fem|Number=Sing', 'head': 6, 'deprel': 'nmod', 'lemma': 'עלות'}]"
10,2,NUM,NUM,9.0,nummod,"(20, 21)",2,,
11,-,PUNCT,PUNCT,10.0,punct,"(21, 22)",-,,
12,2,NUM,NUM,10.0,nummod,"(22, 23)",2,,
1,5,NUM,NUM,0.0,root,"(0, 1)",5,,
2,חדרים,NOUN,NOUN,1.0,dep,"(2, 7)",חדר,Gender=Masc|Number=Plur,
1,ממוצע,NOUN,NOUN,0.0,root,"(1, 6)",ממוצע,Definite=Cons|Gender=Masc|Number=Sing,
2,מספר,DET,DET,1.0,compound:smixut,"(7, 11)",מספר,Definite=Cons|Gender=Masc|Number=Sing,
"(3, 4)",החדרים,,,,,"(12, 18)",,,"[{'id': 3, 'text': 'ה', 'upos': 'DET', 'xpos': 'DET', 'feats': 'PronType=Art', 'head': 4, 'deprel': 'det:def', 'lemma': 'ה'}, {'id': 4, 'text': 'חדרים', 'upos': 'NOUN', 'xpos': 'NOUN', 'feats': 'Gender=Masc|Number=Plur', 'head': 2, 'deprel': 'compound:smixut', 'lemma': 'חדר'}]"
"(5, 7)",לדירה,,,,,"(19, 24)",,,"[{'id': 5, 'text': 'ל', 'upos': 'ADP', 'xpos': 'ADP', 'head': 7, 'deprel': 'case', 'lemma': 'ל'}, {'id': 6, 'text': 'ה_', 'upos': 'DET', 'xpos': 'DET', 'feats': 'PronType=Art', 'head': 7, 'deprel': 'det:def', 'lemma': 'ה'}, {'id': 7, 'text': 'דירה', 'upos': 'NOUN', 'xpos': 'NOUN', 'feats': 'Gender=Fem|Number=Sing', 'head': 1, 'deprel': 'nmod', 'lemma': 'דירה'}]"
8,3,NUM,NUM,1.0,nummod,"(25, 26)",3,,
1,7,NUM,NUM,0.0,root,"(0, 1)",7,,
1,ממוצע,NOUN,NOUN,17.0,nsubj,"(1, 6)",ממוצע,Definite=Cons|Gender=Masc|Number=Sing,
2,מספר,NOUN,NOUN,1.0,compound:smixut,"(7, 11)",מספר,Definite=Cons|Gender=Masc|Number=Sing,
"(3, 4)",החדרים,,,,,"(12, 18)",,,"[{'id': 3, 'text': 'ה', 'upos': 'DET', 'xpos': 'DET', 'feats': 'PronType=Art', 'head': 4, 'deprel': 'det:def', 'lemma': 'ה'}, {'id': 4, 'text': 'חדרים', 'upos': 'NOUN', 'xpos': 'NOUN', 'feats': 'Gender=Masc|Number=Plur', 'head': 2, 'deprel': 'compound:smixut', 'lemma': 'חדר'}]"
"(5, 6)",בדירות,,,,,"(19, 25)",,,"[{'id': 5, 'text': 'ב', 'upos': 'ADP', 'xpos': 'ADP', 'head': 6, 'deprel': 'case', 'lemma': 'ב'}, {'id': 6, 'text': 'דירות', 'upos': 'NOUN', 'xpos': 'NOUN', 'feats': 'Gender=Fem|Number=Plur', 'head': 4, 'deprel': 'nmod', 'lemma': 'דירה'}]"
7,חדשות,ADJ,ADJ,6.0,amod,"(26, 31)",חדש,Gender=Fem|Number=Plur,
"(8, 9)",שנקנו,,,,,"(32, 37)",,,"[{'id': 8, 'text': 'ש', 'upos': 'SCONJ', 'xpos': 'SCONJ', 'head': 9, 'deprel': 'mark', 'lemma': 'ש'}, {'id': 9, 'text': 'נקנו', 'upos': 'VERB', 'xpos': 'VERB', 'feats': 'Gender=Fem,Masc|HebBinyan=NIFAL|Number=Plur|Person=3|Tense=Past|Voice=Mid', 'head': 6, 'deprel': 'acl:relcl', 'lemma': 'נקנה'}]"
"(10, 12)",במגדל,,,,,"(38, 43)",,,"[{'id': 10, 'text': 'ב', 'upos': 'ADP', 'xpos': 'ADP', 'head': 12, 'deprel': 'case', 'lemma': 'ב'}, {'id': 11, 'text': 'ה_', 'upos': 'DET', 'xpos': 'DET', 'feats': 'PronType=Art', 'head': 12, 'deprel': 'det:def', 'lemma': 'ה'}, {'id': 12, 'text': 'מגדל', 'upos': 'NOUN', 'xpos': 'NOUN', 'feats': 'Definite=Cons|Gender=Masc|Number=Sing', 'head': 9, 'deprel': 'obl', 'lemma': 'מגדל'}]"
"(13, 14)",העמק,,,,,"(44, 48)",,,"[{'id': 13, 'text': 'ה', 'upos': 'DET', 'xpos': 'DET', 'feats': 'PronType=Art', 'head': 14, 'deprel': 'det:def', 'lemma': 'ה'}, {'id': 14, 'text': 'עמק', 'upos': 'NOUN', 'xpos': 'NOUN', 'feats': 'Gender=Masc|Number=Sing', 'head': 12, 'deprel': 'compound:smixut', 'lemma': 'עמק'}]"
15,–,PUNCT,PUNCT,17.0,punct,"(49, 50)",–,,
16,4,NUM,NUM,17.0,nummod,"(51, 52)",4,,
17,חדרים,NOUN,NOUN,0.0,root,"(53, 58)",חדר,Gender=Masc|Number=Plur,
18,",",PUNCT,PUNCT,17.0,punct,"(58, 59)",",",,
19,לעומת,ADP,ADP,20.0,case,"(60, 65)",לעומת,,
20,3,NUM,NUM,17.0,nummod,"(66, 67)",3,,
1,6,NUM,NUM,2.0,nummod,"(0, 1)",6,,
"(2, 4)",חדרים,,,,,"(2, 7)",,,"[{'id': 2, 'text': 'חדר_', 'upos': 'NOUN', 'xpos': 'NOUN', 'feats': 'Definite=Def|Gender=Masc|Number=Plur', 'head': 0, 'deprel': 'root', 'lemma': 'חדר'}, {'id': 3, 'text': '_של_', 'upos': 'ADP', 'xpos': 'ADP', 'head': 4, 'deprel': 'case:gen', 'lemma': 'של'}, {'id': 4, 'text': '_הם', 'upos': 'PRON', 'xpos': 'PRON', 'feats': 'Case=Gen|Gender=Masc|Number=Plur|Person=3|PronType=Prs', 'head': 2, 'deprel': 'nmod:poss', 'lemma': 'הוא'}]"
"(5, 6)",בדירות,,,,,"(8, 14)",,,"[{'id': 5, 'text': 'ב', 'upos': 'ADP', 'xpos': 'ADP', 'head': 6, 'deprel': 'case', 'lemma': 'ב'}, {'id': 6, 'text': 'דירות', 'upos': 'NOUN', 'xpos': 'NOUN', 'feats': 'Definite=Cons|Gender=Fem|Number=Plur', 'head': 2, 'deprel': 'nmod', 'lemma': 'דירה'}]"
"(7, 9)",יד,,,,,"(15, 17)",,,"[{'id': 7, 'text': 'יד_', 'upos': 'NOUN', 'xpos': 'NOUN', 'feats': 'Definite=Def|Gender=Fem|Number=Sing', 'head': 6, 'deprel': 'compound:smixut', 'lemma': 'יד'}, {'id': 8, 'text': '_של_', 'upos': 'ADP', 'xpos': 'ADP', 'head': 9, 'deprel': 'case:gen', 'lemma': 'של'}, {'id': 9, 'text': '_היא', 'upos': 'PRON', 'xpos': 'PRON', 'feats': 'Case=Gen|Gender=Fem|Number=Sing|Person=3|PronType=Prs', 'head': 7, 'deprel': 'nmod:poss', 'lemma': 'הוא'}]"
"(10, 11)",שניה,,,,,"(18, 22)",,,"[{'id': 10, 'text': 'ש', 'upos': 'PROPN', 'xpos': 'PROPN', 'head': 6, 'deprel': 'appos', 'lemma': 'ש'}, {'id': 11, 'text': 'ניה', 'upos': 'PROPN', 'xpos': 'PROPN', 'head': 6, 'deprel': 'flat:name', 'lemma': 'ניה'}]"
1,ם,NOUN,NOUN,22.0,nsubj:cop,"(1, 2)",ם,Xtra=Junk,
"(2, 3)",המחיר,,,,,"(3, 8)",,,"[{'id': 2, 'text': 'ה', 'upos': 'DET', 'xpos': 'DET', 'feats': 'PronType=Art', 'head': 3, 'deprel': 'det:def', 'lemma': 'ה'}, {'id': 3, 'text': 'מחיר', 'upos': 'NOUN', 'xpos': 'NOUN', 'feats': 'Gender=Masc|Number=Sing', 'head': 1, 'deprel': 'compound:smixut', 'lemma': 'מחיר'}]"
"(4, 5)",הממוצע,,,,,"(9, 15)",,,"[{'id': 4, 'text': 'ה', 'upos': 'DET', 'xpos': 'DET', 'feats': 'PronType=Art', 'head': 5, 'deprel': 'det:def', 'lemma': 'ה'}, {'id': 5, 'text': 'ממוצע', 'upos': 'ADJ', 'xpos': 'ADJ', 'feats': 'Gender=Masc|Number=Sing', 'head': 3, 'deprel': 'amod', 'lemma': 'ממוצע'}]"
"(6, 8)",לדירה,,,,,"(16, 21)",,,"[{'id': 6, 'text': 'ל', 'upos': 'ADP', 'xpos': 'ADP', 'head': 8, 'deprel': 'case', 'lemma': 'ל'}, {'id': 7, 'text': 'ה_', 'upos': 'DET', 'xpos': 'DET', 'feats': 'PronType=Art', 'head': 8, 'deprel': 'det:def', 'lemma': 'ה'}, {'id': 8, 'text': 'דירה', 'upos': 'NOUN', 'xpos': 'NOUN', 'feats': 'Gender=Fem|Number=Sing', 'head': 3, 'deprel': 'nmod', 'lemma': 'דירה'}]"
"(9, 10)",שנרכשה,,,,,"(22, 28)",,,"[{'id': 9, 'text': 'ש', 'upos': 'SCONJ', 'xpos': 'SCONJ', 'head': 10, 'deprel': 'mark', 'lemma': 'ש'}, {'id': 10, 'text': 'נרכשה', 'upos': 'VERB', 'xpos': 'VERB', 'feats': 'Gender=Fem|HebBinyan=NIFAL|Number=Sing|Person=3|Tense=Past|Voice=Mid', 'head': 8, 'deprel': 'acl:relcl', 'lemma': 'נרכש'}]"
"(11, 13)",במגדל,,,,,"(29, 34)",,,"[{'id': 11, 'text': 'ב', 'upos': 'ADP', 'xpos': 'ADP', 'head': 13, 'deprel': 'case', 'lemma': 'ב'}, {'id': 12, 'text': 'ה_', 'upos': 'DET', 'xpos': 'DET', 'feats': 'PronType=Art', 'head': 13, 'deprel': 'det:def', 'lemma': 'ה'}, {'id': 13, 'text': 'מגדל', 'upos': 'NOUN', 'xpos': 'NOUN', 'feats': 'Definite=Cons|Gender=Masc|Number=Sing', 'head': 10, 'deprel': 'obl', 'lemma': 'מגדל'}]"
"(14, 15)",העמק,,,,,"(35, 39)",,,"[{'id': 14, 'text': 'ה', 'upos': 'DET', 'xpos': 'DET', 'feats': 'PronType=Art', 'head': 15, 'deprel': 'det:def', 'lemma': 'ה'}, {'id': 15, 'text': 'עמק', 'upos': 'NOUN', 'xpos': 'NOUN', 'feats': 'Gender=Masc|Number=Sing', 'head': 13, 'deprel': 'compound:smixut', 'lemma': 'עמק'}]"
"(16, 18)",בשנים,,,,,"(40, 45)",,,"[{'id': 16, 'text': 'ב', 'upos': 'ADP', 'xpos': 'ADP', 'head': 18, 'deprel': 'case', 'lemma': 'ב'}, {'id': 17, 'text': 'ה_', 'upos': 'DET', 'xpos': 'DET', 'feats': 'PronType=Art', 'head': 18, 'deprel': 'det:def', 'lemma': 'ה'}, {'id': 18, 'text': 'שנים', 'upos': 'NOUN', 'xpos': 'NOUN', 'feats': 'Gender=Fem|Number=Plur', 'head': 10, 'deprel': 'obl', 'lemma': 'שנה'}]"
"(19, 20)",האחרונות,,,,,"(46, 54)",,,"[{'id': 19, 'text': 'ה', 'upos': 'DET', 'xpos': 'DET', 'feats': 'PronType=Art', 'head': 20, 'deprel': 'det:def', 'lemma': 'ה'}, {'id': 20, 'text': 'אחרונות', 'upos': 'ADJ', 'xpos': 'ADJ', 'feats': 'Gender=Fem|Number=Plur', 'head': 18, 'deprel': 'amod', 'lemma': 'אחרון'}]"
21,הוא,AUX,AUX,22.0,cop,"(55, 58)",הוא,Gender=Masc|Number=Sing|Person=3|Polarity=Pos|VerbForm=Part|VerbType=Cop,
22,$,NOUN,NOUN,0.0,root,"(59, 60)",$,,
23,"99,148",NUM,NUM,22.0,nummod,"(60, 66)","99,148",,
1,ם,X,X,13.0,dep,"(1, 2)",ם,Xtra=Junk,
"(2, 4)",קונים,,,,,"(3, 8)",,,"[{'id': 2, 'text': 'קונים_', 'upos': 'NOUN', 'xpos': 'NOUN', 'feats': 'Definite=Def|Gender=Masc|Number=Plur', 'head': 13, 'deprel': 'nsubj', 'lemma': 'קוני'}, {'id': 3, 'text': '_של_', 'upos': 'ADP', 'xpos': 'ADP', 'head': 4, 'deprel': 'case:gen', 'lemma': 'של'}, {'id': 4, 'text': '_הם', 'upos': 'PRON', 'xpos': 'PRON', 'feats': 'Case=Gen|Gender=Masc|Number=Plur|Person=3|PronType=Prs', 'head': 2, 'deprel': 'nmod:poss', 'lemma': 'הוא'}]"
"(5, 6)",שהיו,,,,,"(9, 13)",,,"[{'id': 5, 'text': 'ש', 'upos': 'SCONJ', 'xpos': 'SCONJ', 'head': 7, 'deprel': 'mark', 'lemma': 'ש'}, {'id': 6, 'text': 'היו', 'upos': 'AUX', 'xpos': 'AUX', 'feats': 'Gender=Fem,Masc|Number=Plur|Person=3|Polarity=Pos|Tense=Past|VerbType=Cop', 'head': 7, 'deprel': 'cop', 'lemma': 'היה'}]"
7,בעלי,NOUN,NOUN,2.0,acl:relcl,"(14, 18)",בעל,Definite=Cons|Gender=Masc|Number=Plur,
8,דירה,NOUN,NOUN,7.0,compound:smixut,"(19, 23)",דירה,Gender=Fem|Number=Sing,
"(9, 11)",בעבר,,,,,"(24, 28)",,,"[{'id': 9, 'text': 'ב', 'upos': 'ADP', 'xpos': 'ADP', 'head': 11, 'deprel': 'case', 'lemma': 'ב'}, {'id': 10, 'text': 'ה_', 'upos': 'DET', 'xpos': 'DET', 'feats': 'PronType=Art', 'head': 11, 'deprel': 'det:def', 'lemma': 'ה'}, {'id': 11, 'text': 'עבר', 'upos': 'NOUN', 'xpos': 'NOUN', 'feats': 'Gender=Masc|Number=Sing', 'head': 7, 'deprel': 'nmod', 'lemma': 'עבר'}]"
12,",",PUNCT,PUNCT,13.0,punct,"(28, 29)",",",,
13,רכשו,VERB,VERB,0.0,root,"(30, 34)",רכש,"Gender=Fem,Masc|HebBinyan=PAAL|Number=Plur|Person=3|Tense=Past|Voice=Act",
14,דירות,NOUN,NOUN,13.0,obj,"(35, 40)",דירה,Gender=Fem|Number=Plur,
"(15, 17)",בשטח,,,,,"(41, 45)",,,"[{'id': 15, 'text': 'ב', 'upos': 'ADP', 'xpos': 'ADP', 'head': 17, 'deprel': 'case', 'lemma': 'ב'}, {'id': 16, 'text': 'ה_', 'upos': 'DET', 'xpos': 'DET', 'feats': 'PronType=Art', 'head': 17, 'deprel': 'det:def', 'lemma': 'ה'}, {'id': 17, 'text': 'שטח', 'upos': 'NOUN', 'xpos': 'NOUN', 'feats': 'Gender=Masc|Number=Sing', 'head': 14, 'deprel': 'nmod', 'lemma': 'שטח'}]"
18,ממוצע,ADJ,ADJ,17.0,amod,"(46, 51)",ממוצע,Gender=Masc|Number=Sing,
19,גדול,ADJ,ADJ,17.0,amod,"(52, 56)",גדול,Gender=Masc|Number=Sing,
20,יותר,ADV,ADV,19.0,advmod,"(57, 61)",יותר,,
21,-,PUNCT,PUNCT,23.0,punct,"(62, 63)",-,,
22,114,NUM,NUM,23.0,nummod,"(64, 67)",114,,
23,"מ""ר",NOUN,NOUN,19.0,dep,"(68, 71)","מ""ר",Abbr=Yes|Gender=Masc|Number=Sing,
24,",",PUNCT,PUNCT,14.0,punct,"(71, 72)",",",,
25,מספר,DET,DET,26.0,det,"(73, 77)",מספר,Definite=Cons,
26,חדרים,NOUN,NOUN,27.0,dep,"(78, 83)",חדר,Gender=Masc|Number=Plur,
27,גדול,ADJ,ADJ,14.0,amod,"(84, 88)",גדול,Gender=Masc|Number=Sing,
28,יותר,ADV,ADV,27.0,advmod,"(89, 93)",יותר,,
29,-,PUNCT,PUNCT,27.0,punct,"(94, 95)",-,,
30,4,NUM,NUM,27.0,advmod,"(96, 97)",4,,
1,3,PUNCT,PUNCT,20.0,punct,"(0, 1)",3,,
2,חדרים,NOUN,NOUN,20.0,obj,"(2, 7)",חדר,,
"(3, 4)",בממוצע,,,,,"(8, 14)",,,"[{'id': 3, 'text': 'ב', 'upos': 'ADV', 'xpos': 'ADV', 'head': 20, 'deprel': 'dep', 'lemma': 'ב'}, {'id': 4, 'text': 'ממוצע', 'upos': 'ADJ', 'xpos': 'ADJ', 'head': 20, 'deprel': 'dep', 'lemma': 'ממוצע'}]"
5,",",PUNCT,PUNCT,20.0,punct,"(14, 15)",",",,
"(6, 8)",ובמחיר,,,,,"(16, 22)",,,"[{'id': 6, 'text': 'ו', 'upos': 'CCONJ', 'xpos': 'CCONJ', 'head': 20, 'deprel': 'cc', 'lemma': 'ו'}, {'id': 7, 'text': 'ב', 'upos': 'ADV', 'xpos': 'ADV', 'head': 20, 'deprel': 'dep', 'lemma': 'ב'}, {'id': 8, 'text': 'מחיר', 'upos': 'NOUN', 'xpos': 'NOUN', 'head': 20, 'deprel': 'dep', 'lemma': 'מחיר'}]"
9,ממוצע,ADJ,ADJ,20.0,obj,"(23, 28)",ממוצע,,
10,גבוה,ADJ,ADJ,20.0,dep,"(29, 33)",גבוה,,
11,יותר,PUNCT,PUNCT,20.0,dep,"(34, 38)",יותר,,
12,-,PUNCT,PUNCT,20.0,punct,"(38, 39)",-,,
13,"112,695",NUM,NUM,20.0,conj,"(40, 47)","112,695",,
14,$,PUNCT,PUNCT,20.0,dep,"(48, 49)",$,,
15,",",PUNCT,PUNCT,20.0,punct,"(49, 50)",",",,
16,בעוד,NOUN,NOUN,20.0,dep,"(51, 55)",בעוד,,
17,קוני,NOUN,NOUN,20.0,advmod,"(56, 60)",קונה,Definite=Cons|Gender=Masc|Number=Plur,
18,דירות,NOUN,NOUN,17.0,compound:smixut,"(61, 66)",דירה,,
19,לראשונה,ADV,ADV,20.0,advmod,"(67, 74)",לראשונה,,
20,רכשו,VERB,VERB,0.0,root,"(75, 79)",רכש,"Gender=Fem,Masc|HebBinyan=PAAL|Number=Plur|Person=3|Tense=Past|Voice=Act",
21,דירות,NOUN,NOUN,20.0,obj,"(80, 85)",דירה,,
"(22, 24)",בשטח,,,,,"(86, 90)",,,"[{'id': 22, 'text': 'ב', 'upos': 'ADP', 'xpos': 'ADP', 'head': 20, 'deprel': 'dep', 'lemma': 'ב'}, {'id': 23, 'text': 'ה_', 'upos': 'NOUN', 'xpos': 'NOUN', 'head': 20, 'deprel': 'dep', 'lemma': 'ה'}, {'id': 24, 'text': 'שטח', 'upos': 'NOUN', 'xpos': 'NOUN', 'head': 20, 'deprel': 'obj', 'lemma': 'שטח'}]"
25,ממוצע,ADJ,ADJ,20.0,dep,"(91, 96)",ממוצע,,
26,של,ADP,ADP,20.0,punct,"(97, 99)",של,Case=Gen,
27,93,NUM,NUM,20.0,dep,"(100, 102)",93,,
28,"מ""ר",DET,DET,20.0,nsubj,"(103, 106)","מ""ר",Abbr=Yes|Gender=Masc|Number=Sing,
29,בעלות,NOUN,NOUN,20.0,advmod,"(107, 112)",בעלות,Gender=Masc|Number=Sing,
30,4,PUNCT,PUNCT,20.0,punct,"(113, 114)",4,,
1,1,PUNCT,PUNCT,10.0,dep,"(0, 1)",1,,
"(2, 4)",חדרים,,,,,"(2, 7)",,,"[{'id': 2, 'text': 'חדר_', 'upos': 'NOUN', 'xpos': 'NOUN', 'head': 10, 'deprel': 'dep', 'lemma': 'חדר'}, {'id': 3, 'text': '_של_', 'upos': 'ADP', 'xpos': 'ADP', 'head': 10, 'deprel': 'dep', 'lemma': 'של'}, {'id': 4, 'text': '_הם', 'upos': 'PRON', 'xpos': 'PRON', 'head': 10, 'deprel': 'dep', 'lemma': 'הוא'}]"
"(5, 6)",בממוצע,,,,,"(8, 14)",,,"[{'id': 5, 'text': 'ב', 'upos': 'ADP', 'xpos': 'ADP', 'head': 10, 'deprel': 'case', 'lemma': 'ב'}, {'id': 6, 'text': 'ממוצע', 'upos': 'ADJ', 'xpos': 'ADJ', 'head': 10, 'deprel': 'fixed', 'lemma': 'ממוצע'}]"
"(7, 9)",ובמחיר,,,,,"(15, 21)",,,"[{'id': 7, 'text': 'ו', 'upos': 'CCONJ', 'xpos': 'CCONJ', 'head': 10, 'deprel': 'cc', 'lemma': 'ו'}, {'id': 8, 'text': 'ב', 'upos': 'ADV', 'xpos': 'ADV', 'head': 10, 'deprel': 'advmod', 'lemma': 'ב'}, {'id': 9, 'text': 'מחיר', 'upos': 'NOUN', 'xpos': 'NOUN', 'feats': 'Gender=Masc|Number=Sing', 'head': 10, 'deprel': 'dep', 'lemma': 'מחיר'}]"
"(10, 11)",ממוצע,,,,,"(22, 27)",,,"[{'id': 10, 'text': 'מ', 'upos': 'ADP', 'xpos': 'ADP', 'head': 0, 'deprel': 'root', 'lemma': 'מ'}, {'id': 11, 'text': 'מוצע', 'upos': 'NOUN', 'xpos': 'NOUN', 'feats': 'Gender=Masc|Number=Sing', 'head': 10, 'deprel': 'compound:smixut', 'lemma': 'הוצע'}]"
12,של,ADP,ADP,10.0,case:gen,"(28, 30)",של,Case=Gen,
13,כ,ADV,ADV,10.0,det,"(31, 32)",כ,,
14,-,PUNCT,PUNCT,10.0,punct,"(32, 33)",-,,
15,$,PUNCT,PUNCT,10.0,dep,"(34, 35)",$,,
16,94,NUM,NUM,10.0,dep,"(35, 37)",94,,
17,",",PUNCT,PUNCT,10.0,dep,"(37, 38)",",",Case=Gen,
18,237,NUM,NUM,10.0,dep,"(38, 41)",237,,
1,□,PUNCT,PUNCT,3.0,punct,"(1, 2)",□,,
"(2, 3)",להלן,,,,,"(3, 7)",,,"[{'id': 2, 'text': 'ל', 'upos': 'ADP', 'xpos': 'ADP', 'head': 3, 'deprel': 'case', 'lemma': 'ל'}, {'id': 3, 'text': 'הלן', 'upos': 'NOUN', 'xpos': 'NOUN', 'feats': 'Gender=Masc|Number=Sing', 'head': 0, 'deprel': 'root', 'lemma': 'הלן'}]"
"(4, 5)",פרוט מקורות,,,,,"(8, 19)",,,"[{'id': 4, 'text': 'פרוט', 'upos': 'NOUN', 'xpos': 'NOUN', 'feats': 'Definite=Cons|Gender=Masc|HebSource=ConvUncertainHead|Number=Sing', 'head': 3, 'deprel': 'dep', 'lemma': 'פרוט'}, {'id': 5, 'text': 'וטמקורות', 'upos': 'NOUN', 'xpos': 'NOUN', 'feats': 'Xtra=Junk', 'head': 3, 'deprel': 'dep', 'lemma': 'וטמקורת'}]"
"(6, 7)",המימון,,,,,"(20, 26)",,,"[{'id': 6, 'text': 'ה', 'upos': 'DET', 'xpos': 'DET', 'feats': 'PronType=Art', 'head': 7, 'deprel': 'det:def', 'lemma': 'ה'}, {'id': 7, 'text': 'מימון', 'upos': 'NOUN', 'xpos': 'NOUN', 'feats': 'Gender=Masc|Number=Sing', 'head': 3, 'deprel': 'nsubj', 'lemma': 'מימון'}]"
"(8, 9)",לפי,,,,,"(27, 30)",,,"[{'id': 8, 'text': 'ל', 'upos': 'ADP', 'xpos': 'ADP', 'head': 9, 'deprel': 'case', 'lemma': 'ל'}, {'id': 9, 'text': 'פי', 'upos': 'NOUN', 'xpos': 'NOUN', 'feats': 'Gender=Masc|Number=Sing', 'head': 7, 'deprel': 'nmod', 'lemma': 'פה'}]"
"(10, 12)",בעלות,,,,,"(31, 36)",,,"[{'id': 10, 'text': 'ב', 'upos': 'ADP', 'xpos': 'ADP', 'head': 12, 'deprel': 'case', 'lemma': 'ב'}, {'id': 11, 'text': 'ה_', 'upos': 'DET', 'xpos': 'DET', 'feats': 'PronType=Art', 'head': 12, 'deprel': 'det:def', 'lemma': 'ה'}, {'id': 12, 'text': 'עלות', 'upos': 'NOUN', 'xpos': 'NOUN', 'feats': 'Gender=Fem|Number=Sing', 'head': 7, 'deprel': 'nmod', 'lemma': 'עלות'}]"
13,על,ADP,ADP,14.0,case,"(37, 39)",על,,
"(14, 16)",דירה,,,,,"(40, 44)",,,"[{'id': 14, 'text': 'דיר_', 'upos': 'NOUN', 'xpos': 'NOUN', 'feats': 'Definite=Def|Gender=Masc|Number=Sing', 'head': 12, 'deprel': 'nmod', 'lemma': 'דיר'}, {'id': 15, 'text': '_של_', 'upos': 'ADP', 'xpos': 'ADP', 'head': 16, 'deprel': 'case:gen', 'lemma': 'של'}, {'id': 16, 'text': '_היא', 'upos': 'PRON', 'xpos': 'PRON', 'feats': 'Case=Gen|Gender=Fem|Number=Sing|Person=3|PronType=Prs', 'head': 14, 'deprel': 'nmod:poss', 'lemma': 'הוא'}]"
17,קודמת,VERB,VERB,3.0,dep,"(45, 50)",קודם,Gender=Fem|HebSource=ConvUncertainHead|Number=Sing,
18,:,PUNCT,PUNCT,3.0,dep,"(50, 51)",:,HebSource=ConvUncertainHead,
19,בקרב,ADP,ADP,20.0,case,"(52, 56)",בקרב,,
"(20, 22)",קונים,,,,,"(57, 62)",,,"[{'id': 20, 'text': 'קונים_', 'upos': 'NOUN', 'xpos': 'NOUN', 'feats': 'Definite=Def|Gender=Masc|Number=Plur', 'head': 17, 'deprel': 'obl', 'lemma': 'קוני'}, {'id': 21, 'text': '_של_', 'upos': 'ADP', 'xpos': 'ADP', 'head': 22, 'deprel': 'case:gen', 'lemma': 'של'}, {'id': 22, 'text': '_הם', 'upos': 'PRON', 'xpos': 'PRON', 'feats': 'Case=Gen|Gender=Masc|Number=Plur|Person=3|PronType=Prs', 'head': 20, 'deprel': 'nmod:poss', 'lemma': 'הוא'}]"
"(23, 24)",שהיתה,,,,,"(63, 68)",,,"[{'id': 23, 'text': 'ש', 'upos': 'SCONJ', 'xpos': 'SCONJ', 'head': 24, 'deprel': 'mark', 'lemma': 'ש'}, {'id': 24, 'text': 'היתה', 'upos': 'AUX', 'xpos': 'AUX', 'feats': 'Gender=Fem|Number=Sing|Person=3|Polarity=Pos|Tense=Past|VerbType=Cop', 'head': 20, 'deprel': 'acl:relcl', 'lemma': 'היה'}]"
"(25, 28)",בבעלותם,,,,,"(69, 76)",,,"[{'id': 25, 'text': 'ב', 'upos': 'ADP', 'xpos': 'ADP', 'head': 26, 'deprel': 'case', 'lemma': 'ב'}, {'id': 26, 'text': 'בעלות_', 'upos': 'NOUN', 'xpos': 'NOUN', 'feats': 'Definite=Def|Gender=Fem|Number=Sing', 'head': 24, 'deprel': 'obl', 'lemma': 'בעלות'}, {'id': 27, 'text': '_של_', 'upos': 'ADP', 'xpos': 'ADP', 'head': 28, 'deprel': 'case:gen', 'lemma': 'של'}, {'id': 28, 'text': '_הם', 'upos': 'PRON', 'xpos': 'PRON', 'feats': 'Case=Gen|Gender=Masc|Number=Plur|Person=3|PronType=Prs', 'head': 26, 'deprel': 'nmod:poss', 'lemma': 'הוא'}]"
29,דירה,NOUN,NOUN,24.0,nsubj,"(77, 81)",דירה,Gender=Fem|Number=Sing,
"(30, 32)",בעבר,,,,,"(82, 86)",,,"[{'id': 30, 'text': 'ב', 'upos': 'ADP', 'xpos': 'ADP', 'head': 32, 'deprel': 'case', 'lemma': 'ב'}, {'id': 31, 'text': 'ה_', 'upos': 'DET', 'xpos': 'DET', 'feats': 'PronType=Art', 'head': 32, 'deprel': 'det:def', 'lemma': 'ה'}, {'id': 32, 'text': 'עבר', 'upos': 'NOUN', 'xpos': 'NOUN', 'feats': 'Gender=Masc|Number=Sing', 'head': 29, 'deprel': 'nmod', 'lemma': 'עבר'}]"
33,:,PUNCT,PUNCT,17.0,dep,"(86, 87)",:,HebSource=ConvUncertainHead,
34,-,PUNCT,PUNCT,36.0,punct,"(88, 89)",-,,
35,68,NUM,NUM,36.0,nummod,"(90, 92)",68,,
36,%,NOUN,NOUN,37.0,dep,"(92, 93)",%,"Gender=Masc|Number=Plur,Sing",
37,ציינו,VERB,VERB,3.0,dep,"(94, 99)",ציין,"Gender=Fem,Masc|HebBinyan=PIEL|Number=Plur|Person=3|Tense=Past|Voice=Act",
"(38, 40)",כמקור,,,,,"(100, 105)",,,"[{'id': 38, 'text': 'כ', 'upos': 'ADP', 'xpos': 'ADP', 'head': 40, 'deprel': 'case', 'lemma': 'כ'}, {'id': 39, 'text': 'ה_', 'upos': 'DET', 'xpos': 'DET', 'feats': 'PronType=Art', 'head': 40, 'deprel': 'det:def', 'lemma': 'ה'}, {'id': 40, 'text': 'מקור', 'upos': 'NOUN', 'xpos': 'NOUN', 'feats': 'Gender=Masc|Number=Sing', 'head': 37, 'deprel': 'obl', 'lemma': 'מקור'}]"
"(41, 42)",מימון,,,,,"(106, 111)",,,"[{'id': 41, 'text': 'מ', 'upos': 'ADP', 'xpos': 'ADP', 'head': 44, 'deprel': 'case', 'lemma': 'מ'}, {'id': 42, 'text': 'ימון', 'upos': 'NOUN', 'xpos': 'NOUN', 'feats': 'Gender=Masc|Number=Sing', 'head': 40, 'deprel': 'nmod', 'lemma': 'ימון'}]"
43,-,PUNCT,PUNCT,44.0,punct,"(112, 113)",-,,
"(44, 45)",משכנתא משלימה,,,,,"(114, 127)",,,"[{'id': 44, 'text': 'משכנת', 'upos': 'NOUN', 'xpos': 'NOUN', 'feats': 'HebSource=ConvUncertainHead', 'head': 42, 'deprel': 'nmod', 'lemma': 'משכנה'}, {'id': 45, 'text': 'אמשלימה', 'upos': 'PROPN', 'xpos': 'PROPN', 'feats': 'HebSource=ConvUncertainHead', 'head': 44, 'deprel': 'nmod', 'lemma': 'אמשלימה'}]"
46,-,PUNCT,PUNCT,45.0,punct,"(128, 129)",-,,
47,56,NUM,NUM,48.0,nummod,"(130, 132)",56,,
48,%,NOUN,NOUN,45.0,nmod,"(132, 133)",%,"Gender=Masc|Number=Plur,Sing",
"(49, 50)",ציינו כמקור,,,,,"(134, 145)",,,"[{'id': 49, 'text': 'ציינון', 'upos': 'NOUN', 'xpos': 'NOUN', 'feats': 'HebSource=ConvUncertainHead', 'head': 37, 'deprel': 'dep', 'lemma': 'ציינון'}, {'id': 50, 'text': 'מקמקור', 'upos': 'NOUN', 'xpos': 'NOUN', 'feats': 'Gender=Masc|Number=Sing', 'head': 49, 'deprel': 'dep', 'lemma': 'מקמקור'}]"
"(51, 52)",מימון,,,,,"(146, 151)",,,"[{'id': 51, 'text': 'מ', 'upos': 'ADP', 'xpos': 'ADP', 'head': 52, 'deprel': 'case', 'lemma': 'מ'}, {'id': 52, 'text': 'ימון', 'upos': 'NOUN', 'xpos': 'NOUN', 'feats': 'Gender=Masc|Number=Sing', 'head': 50, 'deprel': 'nmod', 'lemma': 'ימון'}]"
53,-,PUNCT,PUNCT,54.0,punct,"(152, 153)",-,,
54,מכירת,NOUN,NOUN,52.0,nmod,"(154, 159)",מכירה,Definite=Cons|Gender=Fem|Number=Sing,
"(55, 56)",הדירות,,,,,"(160, 166)",,,"[{'id': 55, 'text': 'ה', 'upos': 'DET', 'xpos': 'DET', 'feats': 'PronType=Art', 'head': 56, 'deprel': 'det:def', 'lemma': 'ה'}, {'id': 56, 'text': 'דירות', 'upos': 'NOUN', 'xpos': 'NOUN', 'feats': 'Gender=Fem|Number=Plur', 'head': 54, 'deprel': 'compound:smixut', 'lemma': 'דירה'}]"
"(57, 58)",הקודמות,,,,,"(167, 174)",,,"[{'id': 57, 'text': 'ה', 'upos': 'DET', 'xpos': 'DET', 'feats': 'PronType=Art', 'head': 58, 'deprel': 'det:def', 'lemma': 'ה'}, {'id': 58, 'text': 'קודמות', 'upos': 'ADJ', 'xpos': 'ADJ', 'feats': 'Gender=Fem|Number=Plur', 'head': 56, 'deprel': 'amod', 'lemma': 'קודם'}]"
59,בקרב,ADP,ADP,60.0,case,"(175, 179)",בקרב,,
"(60, 62)",קוני,,,,,"(180, 184)",,,"[{'id': 60, 'text': 'קון_', 'upos': 'NOUN', 'xpos': 'NOUN', 'feats': 'Definite=Def|Gender=Masc|Number=Plur', 'head': 54, 'deprel': 'nmod', 'lemma': 'קון'}, {'id': 61, 'text': '_של_', 'upos': 'ADP', 'xpos': 'ADP', 'head': 62, 'deprel': 'case:gen', 'lemma': 'של'}, {'id': 62, 'text': '_אני', 'upos': 'PRON', 'xpos': 'PRON', 'feats': 'Case=Gen|Gender=Fem,Masc|Number=Sing|Person=1|PronType=Prs', 'head': 60, 'deprel': 'nmod:poss', 'lemma': 'הוא'}]"
"(63, 65)",דירה,,,,,"(185, 189)",,,"[{'id': 63, 'text': 'דיר_', 'upos': 'NOUN', 'xpos': 'NOUN', 'feats': 'Definite=Def|Gender=Masc|Number=Sing', 'head': 60, 'deprel': 'nmod', 'lemma': 'דיר'}, {'id': 64, 'text': '_של_', 'upos': 'ADP', 'xpos': 'ADP', 'head': 65, 'deprel': 'case:gen', 'lemma': 'של'}, {'id': 65, 'text': '_היא', 'upos': 'PRON', 'xpos': 'PRON', 'feats': 'Case=Gen|Gender=Fem|Number=Sing|Person=3|PronType=Prs', 'head': 63, 'deprel': 'nmod:poss', 'lemma': 'הוא'}]"
"(66, 67)",לראשונה,,,,,"(190, 197)",,,"[{'id': 66, 'text': 'ל', 'upos': 'ADP', 'xpos': 'ADP', 'head': 67, 'deprel': 'case', 'lemma': 'ל'}, {'id': 67, 'text': 'ראשונה', 'upos': 'ADJ', 'xpos': 'ADJ', 'feats': 'Gender=Fem|HebSource=ConvUncertainHead|Number=Sing', 'head': 29, 'deprel': 'nmod', 'lemma': 'ראשונה'}]"
68,:,PUNCT,PUNCT,37.0,dep,"(197, 198)",:,HebSource=ConvUncertainHead,
69,-,PUNCT,PUNCT,71.0,punct,"(199, 200)",-,,
70,77,NUM,NUM,71.0,nummod,"(201, 203)",77,,
71,%,NOUN,NOUN,99.0,dep,"(203, 204)",%,"Gender=Masc|Number=Plur,Sing",
72,ציינו,VERB,VERB,3.0,dep,"(205, 210)",ציין,"Gender=Fem,Masc|HebBinyan=PIEL|Number=Plur|Person=3|Tense=Past|Voice=Act",
"(73, 75)",כמקור,,,,,"(211, 216)",,,"[{'id': 73, 'text': 'כ', 'upos': 'ADP', 'xpos': 'ADP', 'head': 75, 'deprel': 'case', 'lemma': 'כ'}, {'id': 74, 'text': 'ה_', 'upos': 'DET', 'xpos': 'DET', 'feats': 'PronType=Art', 'head': 75, 'deprel': 'det:def', 'lemma': 'ה'}, {'id': 75, 'text': 'מקור', 'upos': 'NOUN', 'xpos': 'NOUN', 'feats': 'Gender=Masc|Number=Sing', 'head': 72, 'deprel': 'obl', 'lemma': 'מקור'}]"
"(76, 77)",מימון,,,,,"(217, 222)",,,"[{'id': 76, 'text': 'מ', 'upos': 'ADP', 'xpos': 'ADP', 'head': 79, 'deprel': 'case', 'lemma': 'מ'}, {'id': 77, 'text': 'ימון', 'upos': 'NOUN', 'xpos': 'NOUN', 'feats': 'Definite=Cons|Gender=Masc|Number=Sing', 'head': 79, 'deprel': 'nmod', 'lemma': 'ימון'}]"
78,-,PUNCT,PUNCT,79.0,punct,"(223, 224)",-,,
79,משכנתא,NOUN,NOUN,115.0,nmod,"(225, 231)",משכנתא,Gender=Fem|Number=Sing,
"(80, 82)",לזכאים,,,,,"(232, 238)",,,"[{'id': 80, 'text': 'ל', 'upos': 'ADP', 'xpos': 'ADP', 'head': 82, 'deprel': 'case', 'lemma': 'ל'}, {'id': 81, 'text': 'ה_', 'upos': 'DET', 'xpos': 'DET', 'feats': 'PronType=Art', 'head': 82, 'deprel': 'det:def', 'lemma': 'ה'}, {'id': 82, 'text': 'זכאים', 'upos': 'ADJ', 'xpos': 'ADJ', 'feats': 'Gender=Masc|Number=Plur', 'head': 79, 'deprel': 'nmod', 'lemma': 'זכאי'}]"
83,-,PUNCT,PUNCT,99.0,punct,"(239, 240)",-,,
84,62,NUM,NUM,85.0,nummod,"(241, 243)",62,,
85,%,NOUN,NOUN,99.0,dep,"(243, 244)",%,"Gender=Masc|Number=Plur,Sing",
86,ציינו,VERB,VERB,3.0,dep,"(245, 250)",ציין,"Gender=Fem,Masc|HebBinyan=PIEL|Number=Plur|Person=3|Tense=Past|Voice=Act",
"(87, 89)",כמקור,,,,,"(251, 256)",,,"[{'id': 87, 'text': 'כ', 'upos': 'ADP', 'xpos': 'ADP', 'head': 89, 'deprel': 'case', 'lemma': 'כ'}, {'id': 88, 'text': 'ה_', 'upos': 'DET', 'xpos': 'DET', 'feats': 'PronType=Art', 'head': 89, 'deprel': 'det:def', 'lemma': 'ה'}, {'id': 89, 'text': 'מקור', 'upos': 'NOUN', 'xpos': 'NOUN', 'feats': 'Gender=Masc|Number=Sing', 'head': 86, 'deprel': 'obl', 'lemma': 'מקור'}]"
"(90, 91)",מימון,,,,,"(257, 262)",,,"[{'id': 90, 'text': 'מ', 'upos': 'ADP', 'xpos': 'ADP', 'head': 91, 'deprel': 'case', 'lemma': 'מ'}, {'id': 91, 'text': 'ימון', 'upos': 'NOUN', 'xpos': 'NOUN', 'feats': 'Gender=Masc|Number=Sing', 'head': 50, 'deprel': 'nmod', 'lemma': 'ימון'}]"
92,-,PUNCT,PUNCT,91.0,flat:name,"(263, 264)",-,,
"(93, 94)",משכנתא,,,,,"(265, 271)",,,"[{'id': 93, 'text': 'מ', 'upos': 'PROPN', 'xpos': 'PROPN', 'head': 91, 'deprel': 'case', 'lemma': 'מ'}, {'id': 94, 'text': 'שכנתא', 'upos': 'PROPN', 'xpos': 'PROPN', 'feats': 'HebSource=ConvUncertainHead', 'head': 91, 'deprel': 'nmod', 'lemma': 'שכנתא'}]"
"(95, 96)",משלימה,,,,,"(272, 278)",,,"[{'id': 95, 'text': 'מ', 'upos': 'ADP', 'xpos': 'ADP', 'head': 96, 'deprel': 'case', 'lemma': 'מ'}, {'id': 96, 'text': 'שלימה', 'upos': 'NOUN', 'xpos': 'NOUN', 'feats': 'Gender=Fem|Number=Sing', 'head': 100, 'deprel': 'obl', 'lemma': 'שלימה'}]"
"(97, 98)",האחוזים,,,,,"(279, 286)",,,"[{'id': 97, 'text': 'ה', 'upos': 'DET', 'xpos': 'DET', 'feats': 'PronType=Art', 'head': 98, 'deprel': 'det:def', 'lemma': 'ה'}, {'id': 98, 'text': 'אחוזים', 'upos': 'NOUN', 'xpos': 'NOUN', 'feats': 'Gender=Masc|Number=Plur', 'head': 100, 'deprel': 'nsubj', 'lemma': 'אחוז'}]"
"(99, 100)",מסתכמים,,,,,"(287, 294)",,,"[{'id': 99, 'text': 'מ', 'upos': 'VERB', 'xpos': 'VERB', 'feats': 'Gender=Masc|HebBinyan=PUAL|Number=Plur|Person=1,2,3|VerbForm=Part|Voice=Pass', 'head': 37, 'deprel': 'dep', 'lemma': 'מ'}, {'id': 100, 'text': 'סתכמים', 'upos': 'VERB', 'xpos': 'VERB', 'feats': 'Gender=Masc|HebBinyan=HITPAEL|Number=Plur|Person=1,2,3|VerbForm=Part', 'head': 99, 'deprel': 'parataxis', 'lemma': 'סתכם'}]"
"(101, 102)",ביותר,,,,,"(295, 300)",,,"[{'id': 101, 'text': 'ב', 'upos': 'ADP', 'xpos': 'ADP', 'head': 106, 'deprel': 'case', 'lemma': 'ב'}, {'id': 102, 'text': 'יותר', 'upos': 'ADV', 'xpos': 'ADV', 'feats': 'HebSource=ConvUncertainHead', 'head': 106, 'deprel': 'advmod', 'lemma': 'יותר'}]"
103,מ,ADP,ADP,102.0,fixed,"(301, 302)",מ,,
104,-,PUNCT,PUNCT,106.0,punct,"(302, 303)",-,,
105,100,NUM,NUM,106.0,nummod,"(304, 307)",100,,
106,%,NOUN,NOUN,100.0,obl,"(307, 308)",%,"Gender=Masc|Number=Plur,Sing",
107,",",PUNCT,PUNCT,37.0,punct,"(308, 309)",",",,
108,היות,CCONJ,CCONJ,112.0,case,"(310, 314)",היות,,
"(109, 111)",והמרואיינים,,,,,"(315, 326)",,,"[{'id': 109, 'text': 'ו', 'upos': 'CCONJ', 'xpos': 'CCONJ', 'head': 108, 'deprel': 'fixed', 'lemma': 'ו'}, {'id': 110, 'text': 'ה', 'upos': 'DET', 'xpos': 'DET', 'feats': 'PronType=Art', 'head': 111, 'deprel': 'det:def', 'lemma': 'ה'}, {'id': 111, 'text': 'מרואיינים', 'upos': 'NOUN', 'xpos': 'NOUN', 'feats': 'Gender=Masc|Number=Plur', 'head': 112, 'deprel': 'nsubj', 'lemma': 'מרואיין'}]"
112,ציינו,VERB,VERB,37.0,advcl,"(327, 332)",ציין,"Gender=Fem,Masc|HebBinyan=PIEL|Number=Plur|Person=3|Tense=Past|Voice=Act",
113,יותר,ADV,ADV,115.0,advmod,"(333, 337)",יותר,HebSource=ConvUncertainHead,
"(114, 115)",ממקור,,,,,"(338, 343)",,,"[{'id': 114, 'text': 'מ', 'upos': 'ADP', 'xpos': 'ADP', 'head': 113, 'deprel': 'fixed', 'lemma': 'מ'}, {'id': 115, 'text': 'מקור', 'upos': 'NOUN', 'xpos': 'NOUN', 'feats': 'Gender=Masc|Number=Sing', 'head': 112, 'deprel': 'obj', 'lemma': 'מקור'}]"
"(116, 117)",מימון,,,,,"(344, 349)",,,"[{'id': 116, 'text': 'מ', 'upos': 'ADP', 'xpos': 'ADP', 'head': 117, 'deprel': 'case', 'lemma': 'מ'}, {'id': 117, 'text': 'ימון', 'upos': 'NOUN', 'xpos': 'NOUN', 'feats': 'Gender=Masc|Number=Sing', 'head': 115, 'deprel': 'nmod', 'lemma': 'ימון'}]"
118,אחד,NUM,NUM,117.0,nummod,"(350, 353)",אחד,Gender=Masc|Number=Sing,
1,□,PUNCT,PUNCT,2.0,punct,"(1, 2)",□,,
"(2, 3)",החזר החובות,,,,,"(3, 14)",,,"[{'id': 2, 'text': 'ה', 'upos': 'X', 'xpos': 'X', 'feats': 'PronType=Art', 'head': 0, 'deprel': 'root', 'lemma': 'ה'}, {'id': 3, 'text': 'חזרטהחובות', 'upos': 'NOUN', 'xpos': 'NOUN', 'feats': 'Xtra=Junk', 'head': 2, 'deprel': 'dep', 'lemma': 'חזרטה'}]"
"(4, 5)",להלוואות,,,,,"(15, 23)",,,"[{'id': 4, 'text': 'ל', 'upos': 'ADP', 'xpos': 'ADP', 'head': 5, 'deprel': 'case', 'lemma': 'ל'}, {'id': 5, 'text': 'הלוואות', 'upos': 'NOUN', 'xpos': 'NOUN', 'feats': 'Gender=Fem|Number=Plur', 'head': 3, 'deprel': 'nmod', 'lemma': 'הלוואה'}]"
"(6, 8)",ולמשכנתא,,,,,"(24, 32)",,,"[{'id': 6, 'text': 'ו', 'upos': 'CCONJ', 'xpos': 'CCONJ', 'head': 8, 'deprel': 'cc', 'lemma': 'ו'}, {'id': 7, 'text': 'ל', 'upos': 'ADP', 'xpos': 'ADP', 'head': 8, 'deprel': 'case', 'lemma': 'ל'}, {'id': 8, 'text': 'משכנתא', 'upos': 'NOUN', 'xpos': 'NOUN', 'feats': 'Gender=Fem|Number=Sing', 'head': 5, 'deprel': 'conj', 'lemma': 'משכנתא'}]"
"(9, 10)",ות,,,,,"(32, 34)",,,"[{'id': 9, 'text': 'ו', 'upos': 'CCONJ', 'xpos': 'CCONJ', 'feats': 'HebSource=ConvUncertainHead', 'head': 11, 'deprel': 'cc', 'lemma': 'ו'}, {'id': 10, 'text': 'ת', 'upos': 'PROPN', 'xpos': 'PROPN', 'head': 11, 'deprel': 'dep', 'lemma': 'ת'}]"
11,נמוך,ADJ,ADJ,2.0,dep,"(35, 39)",נמוך,Gender=Masc|HebSource=ConvUncertainHead|Number=Sing,
"(12, 14)",יחסית,,,,,"(40, 45)",,,"[{'id': 12, 'text': 'יחסית', 'upos': 'ADV', 'xpos': 'ADV', 'head': 11, 'deprel': 'advmod', 'lemma': 'יחסית'}, {'id': 13, 'text': 'את', 'upos': 'ADP', 'xpos': 'ADP', 'feats': 'Case=Acc', 'head': 14, 'deprel': 'case', 'lemma': 'את'}, {'id': 14, 'text': '_היא', 'upos': 'PRON', 'xpos': 'PRON', 'feats': 'Case=Acc|Gender=Fem|Number=Sing|Person=3|PronType=Prs', 'head': 11, 'deprel': 'dep', 'lemma': 'הוא'}]"
"(15, 17)",לישובים,,,,,"(46, 53)",,,"[{'id': 15, 'text': 'ל', 'upos': 'ADP', 'xpos': 'ADP', 'head': 17, 'deprel': 'case', 'lemma': 'ל'}, {'id': 16, 'text': 'ה_', 'upos': 'DET', 'xpos': 'DET', 'feats': 'PronType=Art', 'head': 17, 'deprel': 'det:def', 'lemma': 'ה'}, {'id': 17, 'text': 'ישובים', 'upos': 'NOUN', 'xpos': 'NOUN', 'feats': 'Gender=Masc|Number=Plur', 'head': 11, 'deprel': 'dep', 'lemma': 'יישוב'}]"
"(18, 19)",אחרים,,,,,"(54, 59)",,,"[{'id': 18, 'text': 'אחרים', 'upos': 'ADJ', 'xpos': 'ADJ', 'feats': 'Gender=Masc|Number=Plur', 'head': 17, 'deprel': 'amod', 'lemma': 'אחר'}, {'id': 19, 'text': '_הם', 'upos': 'PRON', 'xpos': 'PRON', 'feats': 'Case=Gen|Gender=Masc|Number=Plur|Person=3|PronType=Prs', 'head': 17, 'deprel': 'nmod', 'lemma': 'הוא'}]"
"(20, 21)",שנסקרו,,,,,"(60, 66)",,,"[{'id': 20, 'text': 'ש', 'upos': 'SCONJ', 'xpos': 'SCONJ', 'head': 21, 'deprel': 'mark', 'lemma': 'ש'}, {'id': 21, 'text': 'נסקרו', 'upos': 'VERB', 'xpos': 'VERB', 'feats': 'Gender=Fem,Masc|HebBinyan=NIFAL|Number=Plur|Person=3|Tense=Past|Voice=Mid', 'head': 17, 'deprel': 'acl:relcl', 'lemma': 'נסקר'}]"
22,:,PUNCT,PUNCT,11.0,punct,"(66, 67)",:,,
23,-,PUNCT,PUNCT,2.0,dep,"(68, 69)",-,,
24,78,NUM,NUM,25.0,nummod,"(70, 72)",78,,
25,%,NOUN,NOUN,26.0,nsubj,"(72, 73)",%,"Gender=Masc|Number=Plur,Sing",
26,מחזירים,VERB,VERB,2.0,dep,"(74, 81)",החזיר,"Gender=Masc|HebBinyan=HIFIL|Number=Plur|Person=1,2,3|VerbForm=Part|Voice=Act",
27,עד,ADP,ADP,29.0,case,"(82, 84)",עד,,
28,"2,000",NUM,NUM,29.0,nummod,"(85, 90)","2,000",,
29,"ש""ח",NOUN,NOUN,26.0,obj,"(91, 94)","ש""ח",Abbr=Yes|Gender=Masc|Number=Sing,
"(30, 31)",בחודש,,,,,"(95, 100)",,,"[{'id': 30, 'text': 'ב', 'upos': 'ADP', 'xpos': 'ADP', 'head': 31, 'deprel': 'case', 'lemma': 'ב'}, {'id': 31, 'text': 'חודש', 'upos': 'NOUN', 'xpos': 'NOUN', 'feats': 'Gender=Masc|Number=Sing', 'head': 29, 'deprel': 'nmod', 'lemma': 'חודש'}]"
32,-,PUNCT,PUNCT,31.0,punct,"(101, 102)",-,,
33,18%,NUM,NUM,29.0,advmod,"(103, 106)",18%,HebSource=ConvUncertainHead,
34,בין,ADP,ADP,35.0,case,"(107, 110)",בין,,
35,"2,000",NUM,NUM,26.0,obl,"(111, 116)","2,000",,
36,ל,ADP,ADP,39.0,case,"(117, 118)",ל,,
37,-,PUNCT,PUNCT,35.0,punct,"(118, 119)",-,,
38,"3,000",NUM,NUM,35.0,nummod,"(120, 125)","3,000",,
39,"ש""ח",NOUN,NOUN,35.0,conj,"(126, 129)","ש""ח",Abbr=Yes|Gender=Masc|Number=Sing,
"(40, 41)",בחודש,,,,,"(130, 135)",,,"[{'id': 40, 'text': 'ב', 'upos': 'ADP', 'xpos': 'ADP', 'head': 41, 'deprel': 'case', 'lemma': 'ב'}, {'id': 41, 'text': 'חודש', 'upos': 'NOUN', 'xpos': 'NOUN', 'feats': 'Gender=Masc|Number=Sing', 'head': 39, 'deprel': 'nmod', 'lemma': 'חודש'}]"
42,-,PUNCT,PUNCT,43.0,punct,"(136, 137)",-,,
43,4%,NUM,NUM,35.0,dep,"(138, 140)",4%,HebSource=ConvUncertainHead,
"(44, 45)",מעל,,,,,"(141, 144)",,,"[{'id': 44, 'text': 'מ', 'upos': 'ADP', 'xpos': 'ADP', 'head': 47, 'deprel': 'case', 'lemma': 'מ'}, {'id': 45, 'text': 'על', 'upos': 'NOUN', 'xpos': 'NOUN', 'head': 44, 'deprel': 'fixed', 'lemma': 'על'}]"
46,"3,000",NUM,NUM,47.0,nummod,"(145, 150)","3,000",,
47,"ש""ח",NOUN,NOUN,26.0,obl,"(151, 154)","ש""ח",Abbr=Yes|Gender=Masc|Number=Sing,
"(48, 49)",בחודש,,,,,"(155, 160)",,,"[{'id': 48, 'text': 'ב', 'upos': 'ADP', 'xpos': 'ADP', 'head': 49, 'deprel': 'case', 'lemma': 'ב'}, {'id': 49, 'text': 'חודש', 'upos': 'NOUN', 'xpos': 'NOUN', 'feats': 'Gender=Masc|Number=Sing', 'head': 47, 'deprel': 'nmod', 'lemma': 'חודש'}]"
"(50, 53)",ממוצע החזר החובות,,,,,"(161, 178)",,,"[{'id': 50, 'text': 'מ', 'upos': 'ADP', 'xpos': 'ADP', 'head': 51, 'deprel': 'case', 'lemma': 'מ'}, {'id': 51, 'text': 'מוצעח', 'upos': 'NOUN', 'xpos': 'NOUN', 'feats': 'Gender=Masc|HebBinyan=HUFAL|Number=Sing|Person=1,2,3|VerbForm=Part|Voice=Pass', 'head': 47, 'deprel': 'nmod', 'lemma': 'מוצעח'}, {'id': 52, 'text': 'החרהח', 'upos': 'NOUN', 'xpos': 'NOUN', 'feats': 'Definite=Cons|Gender=Masc|Number=Sing', 'head': 51, 'deprel': 'acl', 'lemma': 'החרהח'}, {'id': 53, 'text': 'חובות', 'upos': 'NOUN', 'xpos': 'NOUN', 'feats': 'Gender=Masc|Number=Plur', 'head': 52, 'deprel': 'compound:smixut', 'lemma': 'חוב'}]"
"(54, 55)",החודשי,,,,,"(179, 185)",,,"[{'id': 54, 'text': 'ה', 'upos': 'DET', 'xpos': 'DET', 'feats': 'PronType=Art', 'head': 55, 'deprel': 'det:def', 'lemma': 'ה'}, {'id': 55, 'text': 'חודשי', 'upos': 'ADJ', 'xpos': 'ADJ', 'feats': 'Gender=Masc|Number=Sing', 'head': 52, 'deprel': 'amod', 'lemma': 'חודשי'}]"
56,הוא,AUX,AUX,59.0,cop,"(186, 189)",הוא,Gender=Masc|Number=Sing|Person=3|Polarity=Pos|VerbForm=Part|VerbType=Cop,
57,"1,",NUM,NUM,59.0,nummod,"(190, 192)","1,",,
58,726,NUM,NUM,59.0,nummod,"(192, 195)",726,,
59,"ש""ח",NOUN,NOUN,26.0,dep,"(196, 199)","ש""ח",Abbr=Yes|Gender=Masc|Number=Sing,
60,(,PUNCT,PUNCT,59.0,punct,"(200, 201)",(,,
61,בקרב,ADP,ADP,62.0,case,"(201, 205)",בקרב,,
"(62, 64)",קוני דירות,,,,,"(206, 216)",,,"[{'id': 62, 'text': 'קוניטדירות_', 'upos': 'NOUN', 'xpos': 'NOUN', 'feats': 'Definite=Def|Gender=Fem|Number=Sing', 'head': 59, 'deprel': 'nmod', 'lemma': 'קוניטדירות'}, {'id': 63, 'text': '_של_', 'upos': 'ADP', 'xpos': 'ADP', 'head': 64, 'deprel': 'case:gen', 'lemma': 'של'}, {'id': 64, 'text': '_היא', 'upos': 'PRON', 'xpos': 'PRON', 'feats': 'Case=Gen|Gender=Fem|Number=Sing|Person=3|PronType=Prs', 'head': 62, 'deprel': 'nmod:poss', 'lemma': 'הוא'}]"
"(65, 66)",לראשונה,,,,,"(217, 224)",,,"[{'id': 65, 'text': 'ל', 'upos': 'ADP', 'xpos': 'ADP', 'head': 66, 'deprel': 'case', 'lemma': 'ל'}, {'id': 66, 'text': 'ראשונה', 'upos': 'ADJ', 'xpos': 'ADJ', 'feats': 'Gender=Fem|Number=Sing', 'head': 62, 'deprel': 'nmod', 'lemma': 'ראשונה'}]"
67,–,PUNCT,PUNCT,66.0,punct,"(225, 226)",–,,
68,"1,",NUM,NUM,70.0,nummod,"(227, 229)","1,",,
69,678,NUM,NUM,70.0,nummod,"(229, 232)",678,,
70,"ש""ח",NOUN,NOUN,62.0,dep,"(233, 236)","ש""ח",Abbr=Yes|Gender=Masc|HebSource=ConvUncertainLabel|Number=Sing,
71,",",PUNCT,PUNCT,62.0,punct,"(236, 237)",",",,
"(72, 73)",בקרב,,,,,"(238, 242)",,,"[{'id': 72, 'text': 'ב', 'upos': 'ADP', 'xpos': 'ADP', 'head': 73, 'deprel': 'case', 'lemma': 'ב'}, {'id': 73, 'text': 'קרב', 'upos': 'NOUN', 'xpos': 'NOUN', 'feats': 'Gender=Masc|Number=Sing', 'head': 62, 'deprel': 'nmod', 'lemma': 'קרב'}]"
"(74, 75)",משפרי,,,,,"(243, 248)",,,"[{'id': 74, 'text': 'מ', 'upos': 'ADP', 'xpos': 'ADP', 'head': 75, 'deprel': 'case', 'lemma': 'מ'}, {'id': 75, 'text': 'שפרי', 'upos': 'NOUN', 'xpos': 'NOUN', 'feats': 'Definite=Cons|Gender=Masc|Number=Plur', 'head': 73, 'deprel': 'nmod', 'lemma': 'שפר'}]"
"(76, 77)",דיור,,,,,"(249, 253)",,,"[{'id': 76, 'text': 'דיור', 'upos': 'NOUN', 'xpos': 'NOUN', 'feats': 'Definite=Cons|Gender=Masc|Number=Sing', 'head': 75, 'deprel': 'compound:smixut', 'lemma': 'דיור'}, {'id': 77, 'text': '_הור', 'upos': 'PROPN', 'xpos': 'PROPN', 'head': 76, 'deprel': 'nmod:poss', 'lemma': '_הור'}]"
78,–,PUNCT,PUNCT,62.0,punct,"(254, 255)",–,,
79,"1,",NUM,NUM,59.0,punct,"(256, 258)","1,",,
80,862,NUM,NUM,81.0,nummod,"(258, 261)",862,,
81,"ש""ח",NOUN,NOUN,59.0,nmod,"(262, 265)","ש""ח",Abbr=Yes|Gender=Masc|HebSource=ConvUncertainLabel|Number=Sing,
82,),PUNCT,PUNCT,59.0,punct,"(265, 266)",),,
"(1, 3)",אומדן,,,,,"(1, 6)",,,"[{'id': 1, 'text': 'אומדן', 'upos': 'VERB', 'xpos': 'VERB', 'feats': 'Gender=Masc|Number=Sing', 'head': 2, 'deprel': 'nsubj', 'lemma': 'אומדן'}, {'id': 2, 'text': 'את', 'upos': 'ADP', 'xpos': 'ADP', 'feats': 'Case=Acc', 'head': 0, 'deprel': 'root', 'lemma': 'את'}, {'id': 3, 'text': '_הן', 'upos': 'PRON', 'xpos': 'PRON', 'feats': 'Gender=Fem|Number=Plur|Person=3|PronType=Prs', 'head': 1, 'deprel': 'nmod:poss', 'lemma': 'הוא'}]"
"(4, 5)",שיעור ההחזר,,,,,"(7, 18)",,,"[{'id': 4, 'text': 'ש', 'upos': 'SCONJ', 'xpos': 'SCONJ', 'head': 2, 'deprel': 'mark', 'lemma': 'ש'}, {'id': 5, 'text': 'יעוראהחזזר', 'upos': 'VERB', 'xpos': 'VERB', 'feats': 'Gender=Masc|Number=Sing', 'head': 1, 'deprel': 'advmod', 'lemma': 'עוראה'}]"
"(6, 7)",החודשי,,,,,"(19, 25)",,,"[{'id': 6, 'text': 'ה', 'upos': 'DET', 'xpos': 'DET', 'feats': 'PronType=Art', 'head': 5, 'deprel': 'dep', 'lemma': 'ה'}, {'id': 7, 'text': 'חודשי', 'upos': 'NOUN', 'xpos': 'NOUN', 'feats': 'Gender=Masc|Number=Sing', 'head': 11, 'deprel': 'nmod', 'lemma': 'חודש'}]"
"(8, 9)",מסך,,,,,"(26, 29)",,,"[{'id': 8, 'text': 'מ', 'upos': 'ADP', 'xpos': 'ADP', 'head': 1, 'deprel': 'dep', 'lemma': 'מ'}, {'id': 9, 'text': 'סך', 'upos': 'DET', 'xpos': 'DET', 'feats': 'Definite=Cons|Gender=Masc|Number=Sing', 'head': 1, 'deprel': 'advmod', 'lemma': 'סך'}]"
"(10, 11)",ההכנסה,,,,,"(30, 36)",,,"[{'id': 10, 'text': 'ה', 'upos': 'DET', 'xpos': 'DET', 'feats': 'PronType=Art', 'head': 11, 'deprel': 'det:def', 'lemma': 'ה'}, {'id': 11, 'text': 'הכנסה', 'upos': 'NOUN', 'xpos': 'NOUN', 'feats': 'Gender=Masc|Number=Sing', 'head': 1, 'deprel': 'compound:smixut', 'lemma': 'הכנסה'}]"
"(12, 14)",נטו,,,,,"(37, 40)",,,"[{'id': 12, 'text': 'נט_', 'upos': 'ADP', 'xpos': 'ADP', 'head': 11, 'deprel': 'dep', 'lemma': 'נט'}, {'id': 13, 'text': '_של_', 'upos': 'ADP', 'xpos': 'ADP', 'feats': 'Definite=Def|Gender=Masc|Number=Sing', 'head': 11, 'deprel': 'nmod:poss', 'lemma': 'של'}, {'id': 14, 'text': '_הוא', 'upos': 'PRON', 'xpos': 'PRON', 'feats': 'Case=Gen|Gender=Masc|Number=Sing|Person=3|PronType=Prs', 'head': 11, 'deprel': 'nmod:poss', 'lemma': 'הוא'}]"
"(15, 16)",למשפחה,,,,,"(41, 47)",,,"[{'id': 15, 'text': 'ל', 'upos': 'ADP', 'xpos': 'ADP', 'head': 20, 'deprel': 'dep', 'lemma': 'ל'}, {'id': 16, 'text': 'משפחה', 'upos': 'ADV', 'xpos': 'ADV', 'feats': 'Gender=Fem|Number=Sing', 'head': 11, 'deprel': 'nmod', 'lemma': 'משפחה'}]"
17,הוא,AUX,AUX,2.0,cop,"(48, 51)",הוא,Gender=Masc|Number=Sing|Person=3|Polarity=Pos|VerbForm=Part|VerbType=Cop,
18,כ,ADP,ADP,2.0,dep,"(52, 53)",כ,,
19,-,PUNCT,PUNCT,20.0,punct,"(53, 54)",-,,
20,30%,ADV,ADV,2.0,dep,"(55, 58)",30%,,
"(21, 22)",בממוצע,,,,,"(59, 65)",,,"[{'id': 21, 'text': 'ב', 'upos': 'ADP', 'xpos': 'ADP', 'head': 20, 'deprel': 'case', 'lemma': 'ב'}, {'id': 22, 'text': 'ממוצע', 'upos': 'NOUN', 'xpos': 'NOUN', 'feats': 'Gender=Masc|Number=Sing', 'head': 1, 'deprel': 'dep', 'lemma': 'ממוצע'}]"
1,אומדן,NOUN,NOUN,10.0,nsubj,"(1, 6)",אומדן,Gender=Masc|Number=Sing,
2,שיעור,PUNCT,PUNCT,10.0,dep,"(7, 12)",שיעור,,
"(3, 4)",ההחזר,,,,,"(13, 18)",,,"[{'id': 3, 'text': 'ה', 'upos': 'DET', 'xpos': 'DET', 'feats': 'PronType=Art', 'head': 20, 'deprel': 'det:def', 'lemma': 'ה'}, {'id': 4, 'text': 'החזר', 'upos': 'NOUN', 'xpos': 'NOUN', 'feats': 'Gender=Masc|Number=Sing', 'head': 10, 'deprel': 'nsubj', 'lemma': 'החזר'}]"
"(5, 6)",החודשי,,,,,"(19, 25)",,,"[{'id': 5, 'text': 'ה', 'upos': 'DET', 'xpos': 'DET', 'head': 20, 'deprel': 'dep', 'lemma': 'ה'}, {'id': 6, 'text': 'חודשי', 'upos': 'ADJ', 'xpos': 'ADJ', 'head': 10, 'deprel': 'det', 'lemma': 'חודשי'}]"
"(7, 8)",מסך,,,,,"(26, 29)",,,"[{'id': 7, 'text': 'מ', 'upos': 'ADP', 'xpos': 'ADP', 'head': 10, 'deprel': 'case', 'lemma': 'מ'}, {'id': 8, 'text': 'סך', 'upos': 'NOUN', 'xpos': 'NOUN', 'feats': 'Gender=Masc|Number=Sing', 'head': 10, 'deprel': 'advmod', 'lemma': 'סך'}]"
"(9, 10)",ההכנסה,,,,,"(30, 36)",,,"[{'id': 9, 'text': 'ה', 'upos': 'DET', 'xpos': 'DET', 'feats': 'PronType=Art', 'head': 10, 'deprel': 'det:def', 'lemma': 'ה'}, {'id': 10, 'text': 'הכנסה', 'upos': 'NOUN', 'xpos': 'NOUN', 'feats': 'Gender=Masc|Number=Sing', 'head': 0, 'deprel': 'compound:smixut', 'lemma': 'הכנסה'}]"
11,בקרב,ADV,ADV,10.0,det,"(37, 41)",בקרב,,
12,קוני,NOUN,NOUN,10.0,amod,"(42, 46)",קונה,Definite=Cons|Gender=Masc|Number=Plur,
13,דירות,NOUN,NOUN,10.0,compound:smixut,"(47, 52)",דירה,Gender=Masc|Number=Sing,
14,לראשונה,ADV,ADV,10.0,advmod,"(53, 60)",לראשונה,,
15,–,PUNCT,PUNCT,20.0,dep,"(61, 62)",–,,
16,32,PUNCT,PUNCT,20.0,dep,"(63, 65)",32,,
17,%,PUNCT,PUNCT,10.0,dep,"(65, 66)",%,,
18,",",PUNCT,PUNCT,20.0,punct,"(66, 67)",",",,
19,בקרב,ADV,ADV,20.0,dep,"(68, 72)",בקרב,,
20,משפרי,NOUN,NOUN,10.0,amod,"(73, 78)",משפר,,
21,דיור,NOUN,NOUN,20.0,dep,"(79, 83)",דיור,,
22,–,PUNCT,PUNCT,20.0,dep,"(84, 85)",–,,
23,27,NUM,NUM,20.0,dep,"(86, 88)",27,,
24,%,PUNCT,PUNCT,20.0,dep,"(88, 89)",%,,
25,*,PUNCT,PUNCT,20.0,dep,"(89, 90)",*,,
1,*,PUNCT,PUNCT,5.0,punct,"(1, 2)",*,,
2,שיעור,NOUN,NOUN,5.0,nsubj,"(3, 8)",שיעור,Definite=Cons|Gender=Masc|Number=Sing,
"(3, 4)",ההחזר,,,,,"(9, 14)",,,"[{'id': 3, 'text': 'ה', 'upos': 'DET', 'xpos': 'DET', 'feats': 'PronType=Art', 'head': 4, 'deprel': 'det:def', 'lemma': 'ה'}, {'id': 4, 'text': 'החזר', 'upos': 'NOUN', 'xpos': 'NOUN', 'feats': 'Gender=Masc|Number=Sing', 'head': 2, 'deprel': 'compound:smixut', 'lemma': 'החזר'}]"
5,הוערך,VERB,VERB,0.0,root,"(15, 20)",הוערך,Gender=Masc|HebBinyan=HUFAL|Number=Sing|Person=3|Tense=Past|Voice=Pass,
6,"ע""י",ADP,ADP,8.0,case,"(21, 24)","ע""י",Abbr=Yes,
"(7, 8)",המרואיינים,,,,,"(25, 35)",,,"[{'id': 7, 'text': 'ה', 'upos': 'DET', 'xpos': 'DET', 'feats': 'PronType=Art', 'head': 8, 'deprel': 'det:def', 'lemma': 'ה'}, {'id': 8, 'text': 'מרואיינים', 'upos': 'NOUN', 'xpos': 'NOUN', 'feats': 'Gender=Masc|Number=Plur', 'head': 5, 'deprel': 'obl', 'lemma': 'מרואיין'}]"
9,□,PUNCT,PUNCT,5.0,punct,"(36, 37)",□,,
10,מאפייני,NOUN,NOUN,5.0,nsubj,"(38, 45)",מאפיין,Definite=Cons|Gender=Masc|Number=Plur,
11,קבלת,NOUN,NOUN,10.0,compound:smixut,"(46, 50)",קבלה,Definite=Cons|Gender=Fem|Number=Sing,
"(12, 13)",ההחלטה,,,,,"(51, 57)",,,"[{'id': 12, 'text': 'ה', 'upos': 'DET', 'xpos': 'DET', 'feats': 'PronType=Art', 'head': 13, 'deprel': 'det:def', 'lemma': 'ה'}, {'id': 13, 'text': 'החלטה', 'upos': 'NOUN', 'xpos': 'NOUN', 'feats': 'Gender=Fem|Number=Sing', 'head': 11, 'deprel': 'compound:smixut', 'lemma': 'החלטה'}]"
14,□,PUNCT,PUNCT,15.0,dep,"(58, 59)",□,,
15,סיבות,NOUN,NOUN,10.0,dep,"(60, 65)",סיבה,Gender=Fem|Number=Plur,
"(16, 17)",לקניית,,,,,"(66, 72)",,,"[{'id': 16, 'text': 'ל', 'upos': 'ADP', 'xpos': 'ADP', 'head': 17, 'deprel': 'case', 'lemma': 'ל'}, {'id': 17, 'text': 'קניית', 'upos': 'NOUN', 'xpos': 'NOUN', 'feats': 'Definite=Cons|Gender=Fem|Number=Sing', 'head': 15, 'deprel': 'nmod', 'lemma': 'קנייה'}]"
"(18, 19)",הדירה,,,,,"(73, 78)",,,"[{'id': 18, 'text': 'ה', 'upos': 'DET', 'xpos': 'DET', 'feats': 'PronType=Art', 'head': 19, 'deprel': 'det:def', 'lemma': 'ה'}, {'id': 19, 'text': 'דירה', 'upos': 'NOUN', 'xpos': 'NOUN', 'feats': 'Gender=Fem|Number=Sing', 'head': 17, 'deprel': 'compound:smixut', 'lemma': 'דירה'}]"
"(20, 21)",הסיבות,,,,,"(79, 85)",,,"[{'id': 20, 'text': 'ה', 'upos': 'DET', 'xpos': 'DET', 'feats': 'PronType=Art', 'head': 21, 'deprel': 'det:def', 'lemma': 'ה'}, {'id': 21, 'text': 'סיבות', 'upos': 'NOUN', 'xpos': 'NOUN', 'feats': 'Gender=Fem|Number=Plur', 'head': 29, 'deprel': 'nsubj:cop', 'lemma': 'סיבה'}]"
"(22, 23)",העיקריות,,,,,"(86, 94)",,,"[{'id': 22, 'text': 'ה', 'upos': 'DET', 'xpos': 'DET', 'feats': 'PronType=Art', 'head': 23, 'deprel': 'det:def', 'lemma': 'ה'}, {'id': 23, 'text': 'עיקריות', 'upos': 'ADJ', 'xpos': 'ADJ', 'feats': 'Gender=Fem|Number=Plur', 'head': 21, 'deprel': 'amod', 'lemma': 'עיקרי'}]"
"(24, 25)",לרכישת,,,,,"(95, 101)",,,"[{'id': 24, 'text': 'ל', 'upos': 'ADP', 'xpos': 'ADP', 'head': 25, 'deprel': 'case', 'lemma': 'ל'}, {'id': 25, 'text': 'רכישת', 'upos': 'NOUN', 'xpos': 'NOUN', 'feats': 'Definite=Cons|Gender=Fem|Number=Sing', 'head': 21, 'deprel': 'nmod', 'lemma': 'רכישה'}]"
26,דירה,NOUN,NOUN,25.0,compound:smixut,"(102, 106)",דירה,Gender=Fem|Number=Sing,
27,הם,AUX,AUX,29.0,cop,"(107, 109)",הוא,Gender=Masc|Number=Plur|Person=3|Polarity=Pos|VerbForm=Part|VerbType=Cop,
"(28, 29)",הרצון,,,,,"(110, 115)",,,"[{'id': 28, 'text': 'ה', 'upos': 'DET', 'xpos': 'DET', 'feats': 'PronType=Art', 'head': 29, 'deprel': 'det:def', 'lemma': 'ה'}, {'id': 29, 'text': 'רצון', 'upos': 'NOUN', 'xpos': 'NOUN', 'feats': 'Gender=Masc|Number=Sing', 'head': 5, 'deprel': 'conj', 'lemma': 'רצון'}]"
30,לבעלות,VERB,VERB,29.0,acl,"(116, 122)",בעל,HebBinyan=PAAL|VerbForm=Inf|Voice=Act,
31,על,ADP,ADP,32.0,case,"(123, 125)",על,,
32,דירה,NOUN,NOUN,30.0,obl,"(126, 130)",דירה,Gender=Fem|Number=Sing,
33,ו/,CCONJ,CCONJ,35.0,cc,"(131, 133)",ו/,,
34,או,CCONJ,CCONJ,35.0,cc,"(133, 135)",או,,
35,החלפת,NOUN,NOUN,29.0,conj,"(136, 141)",החלפה,Definite=Cons|Gender=Fem|Number=Sing,
36,דירה,NOUN,NOUN,35.0,compound:smixut,"(142, 146)",דירה,Gender=Fem|Number=Sing,
"(37, 38)",בגדולה,,,,,"(147, 153)",,,"[{'id': 37, 'text': 'ב', 'upos': 'ADP', 'xpos': 'ADP', 'head': 38, 'deprel': 'case', 'lemma': 'ב'}, {'id': 38, 'text': 'גדולה', 'upos': 'ADJ', 'xpos': 'ADJ', 'feats': 'Gender=Fem|Number=Sing', 'head': 35, 'deprel': 'nmod', 'lemma': 'גדול'}]"
39,יותר,ADV,ADV,38.0,advmod,"(154, 158)",יותר,,
1,להלן,ADV,ADV,0.0,root,"(1, 5)",להלן,,
2,פרוט,NOUN,NOUN,1.0,dep,"(6, 10)",פרוט,Definite=Cons|Gender=Masc|Number=Sing,
"(3, 4)",הסיבות,,,,,"(11, 17)",,,"[{'id': 3, 'text': 'ה', 'upos': 'DET', 'xpos': 'DET', 'feats': 'PronType=Art', 'head': 4, 'deprel': 'det:def', 'lemma': 'ה'}, {'id': 4, 'text': 'סיבות', 'upos': 'NOUN', 'xpos': 'NOUN', 'feats': 'Gender=Fem|Number=Plur', 'head': 2, 'deprel': 'compound:smixut', 'lemma': 'סיבה'}]"
5,לפי,ADP,ADP,6.0,case,"(18, 21)",לפי,,
6,בעלות,NOUN,NOUN,2.0,nmod,"(22, 27)",בעלות,Gender=Fem|Number=Sing,
7,על,ADP,ADP,8.0,case,"(28, 30)",על,,
8,דירה,NOUN,NOUN,6.0,nmod,"(31, 35)",דירה,Gender=Fem|Number=Sing,
9,קודמת,ADJ,ADJ,8.0,amod,"(36, 41)",קודם,Gender=Fem|Number=Sing,
10,:,PUNCT,PUNCT,1.0,dep,"(41, 42)",:,,
11,בקרב,ADP,ADP,12.0,case,"(43, 47)",בקרב,,
"(12, 14)",קוני,,,,,"(48, 52)",,,"[{'id': 12, 'text': 'קון_', 'upos': 'NOUN', 'xpos': 'NOUN', 'feats': 'Definite=Def|Gender=Masc|Number=Sing', 'head': 1, 'deprel': 'dep', 'lemma': 'קון'}, {'id': 13, 'text': '_של_', 'upos': 'ADP', 'xpos': 'ADP', 'head': 14, 'deprel': 'case:gen', 'lemma': 'של'}, {'id': 14, 'text': '_אני', 'upos': 'PRON', 'xpos': 'PRON', 'feats': 'Case=Gen|Gender=Fem,Masc|Number=Sing|Person=1|PronType=Prs', 'head': 12, 'deprel': 'nmod:poss', 'lemma': 'הוא'}]"
15,דירה,NOUN,NOUN,12.0,nsubj,"(53, 57)",דירה,Gender=Fem|Number=Sing,
16,לראשונה,ADV,ADV,15.0,advmod,"(58, 65)",לראשונה,HebSource=ConvUncertainHead,
17,:,PUNCT,PUNCT,19.0,punct,"(65, 66)",:,,
18,-,PUNCT,PUNCT,19.0,punct,"(67, 68)",-,,
19,%,NOUN,NOUN,1.0,dep,"(69, 70)",%,"Gender=Masc|Number=Plur,Sing",
20,61,NUM,NUM,19.0,nummod,"(71, 73)",61,,
21,ציינו,VERB,VERB,1.0,dep,"(74, 79)",ציין,"Gender=Fem,Masc|HebBinyan=PIEL|Number=Plur|Person=3|Tense=Past|Voice=Act",
22,"""",PUNCT,PUNCT,23.0,punct,"(80, 81)","""",,
23,גרנו,VERB,VERB,21.0,ccomp,"(81, 85)",גרן,"Gender=Fem,Masc|HebBinyan=PAAL|Number=Plur|Person=3|Tense=Past|Voice=Act",
"(24, 25)",בשכר,,,,,"(86, 90)",,,"[{'id': 24, 'text': 'ב', 'upos': 'ADP', 'xpos': 'ADP', 'head': 25, 'deprel': 'case', 'lemma': 'ב'}, {'id': 25, 'text': 'שכר', 'upos': 'NOUN', 'xpos': 'NOUN', 'feats': 'Definite=Cons|Gender=Masc|Number=Sing', 'head': 23, 'deprel': 'obl', 'lemma': 'שכר'}]"
26,דירה,NOUN,NOUN,25.0,compound:smixut,"(91, 95)",דירה,Gender=Fem|Number=Sing,
"(27, 28)",ורצינו,,,,,"(96, 102)",,,"[{'id': 27, 'text': 'ו', 'upos': 'CCONJ', 'xpos': 'CCONJ', 'head': 28, 'deprel': 'cc', 'lemma': 'ו'}, {'id': 28, 'text': 'רצינו', 'upos': 'VERB', 'xpos': 'VERB', 'feats': 'Gender=Fem,Masc|HebBinyan=PAAL|Number=Plur|Person=1|Tense=Past|Voice=Act', 'head': 23, 'deprel': 'conj', 'lemma': 'רצה'}]"
29,דירה,NOUN,NOUN,28.0,obj,"(103, 107)",דירה,Gender=Fem|Number=Sing,
"(30, 32)",משלנו,,,,,"(108, 113)",,,"[{'id': 30, 'text': 'מ', 'upos': 'ADP', 'xpos': 'ADP', 'head': 32, 'deprel': 'case', 'lemma': 'מ'}, {'id': 31, 'text': 'שלנו', 'upos': 'ADP', 'xpos': 'ADP', 'feats': 'Case=Gen', 'head': 32, 'deprel': 'case:gen', 'lemma': 'שלנו'}, {'id': 32, 'text': '_אנחנו', 'upos': 'PRON', 'xpos': 'PRON', 'feats': 'Gender=Fem,Masc|Number=Plur|Person=1|PronType=Prs', 'head': 29, 'deprel': 'nmod', 'lemma': 'הוא'}]"
33,"""",PUNCT,PUNCT,23.0,punct,"(113, 114)","""",,
1,-,PUNCT,PUNCT,14.0,punct,"(1, 2)",-,,
2,13,NUM,NUM,14.0,dep,"(3, 5)",13,,
"(3, 3)",%,,,,,"(5, 6)",,,"[{'id': 3, 'text': 'ל', 'upos': 'NOUN', 'xpos': 'NOUN', 'head': 14, 'deprel': 'dep', 'lemma': 'ל'}]"
"(4, 5)",צי,,,,,"(7, 9)",,,"[{'id': 4, 'text': 'צ_', 'upos': 'NOUN', 'xpos': 'NOUN', 'head': 14, 'deprel': 'dep', 'lemma': 'צ'}, {'id': 5, 'text': '_אני', 'upos': 'PRON', 'xpos': 'PRON', 'feats': 'Gender=Fem,Masc|Number=Sing|Person=1|PronType=Prs', 'head': 14, 'deprel': 'dep', 'lemma': 'הוא'}]"
"(6, 8)",ינו,,,,,"(9, 12)",,,"[{'id': 6, 'text': 'ין_', 'upos': 'PUNCT', 'xpos': 'PUNCT', 'head': 14, 'deprel': 'dep', 'lemma': 'ין'}, {'id': 7, 'text': '_של_', 'upos': 'NOUN', 'xpos': 'NOUN', 'head': 14, 'deprel': 'conj', 'lemma': 'של'}, {'id': 8, 'text': '_הוא', 'upos': 'PRON', 'xpos': 'PRON', 'head': 14, 'deprel': 'conj', 'lemma': 'הוא'}]"
9,"""",PUNCT,PUNCT,14.0,punct,"(13, 14)","""",,
"(10, 12)",התחתנו,,,,,"(14, 20)",,,"[{'id': 10, 'text': 'התחה_', 'upos': 'NOUN', 'xpos': 'NOUN', 'head': 14, 'deprel': 'dep', 'lemma': 'התחה'}, {'id': 11, 'text': '_של_', 'upos': 'NOUN', 'xpos': 'NOUN', 'head': 14, 'deprel': 'conj', 'lemma': 'של'}, {'id': 12, 'text': '_אנחנו', 'upos': 'PRON', 'xpos': 'PRON', 'head': 14, 'deprel': 'dep', 'lemma': 'הוא'}]"
13,לא,ADV,ADV,14.0,dep,"(21, 23)",לא,,
14,מזמן,ADV,ADV,19.0,dep,"(24, 28)",מזמן,,
"(15, 17)",או מתכוונים,,,,,"(29, 40)",,,"[{'id': 15, 'text': 'אופה_', 'upos': 'ADV', 'xpos': 'ADV', 'head': 14, 'deprel': 'dep', 'lemma': 'אופה'}, {'id': 16, 'text': '_של_', 'upos': 'NOUN', 'xpos': 'NOUN', 'head': 14, 'deprel': 'conj', 'lemma': 'של'}, {'id': 17, 'text': '_אתים', 'upos': 'NOUN', 'xpos': 'NOUN', 'head': 14, 'deprel': 'dep', 'lemma': '_'}]"
"(18, 19)",להתחת,,,,,"(41, 46)",,,"[{'id': 18, 'text': 'ל', 'upos': 'PUNCT', 'xpos': 'PUNCT', 'head': 14, 'deprel': 'dep', 'lemma': 'ל'}, {'id': 19, 'text': 'התחת', 'upos': 'NOUN', 'xpos': 'NOUN', 'feats': 'Gender=Fem|HebBinyan=PAAL|Number=Sing|Person=3|Tense=Fut|Voice=Act', 'head': 0, 'deprel': 'root', 'lemma': 'התחתה'}]"
"(20, 20)",ן,,,,,"(46, 47)",,,"[{'id': 20, 'text': 'ן', 'upos': 'PUNCT', 'xpos': 'PUNCT', 'head': 14, 'deprel': 'dep', 'lemma': 'ן'}]"
"(21, 23)",בקרוב,,,,,"(48, 53)",,,"[{'id': 21, 'text': 'ב', 'upos': 'ADP', 'xpos': 'ADP', 'head': 14, 'deprel': 'dep', 'lemma': 'ב'}, {'id': 22, 'text': 'ה_', 'upos': 'NOUN', 'xpos': 'NOUN', 'head': 14, 'deprel': 'dep', 'lemma': 'ה'}, {'id': 23, 'text': 'קרוב', 'upos': 'ADJ', 'xpos': 'ADJ', 'head': 14, 'deprel': 'dep', 'lemma': 'קרוב'}]"
24,"""",PUNCT,PUNCT,14.0,punct,"(53, 54)","""",,
1,בקרב,ADV,ADV,65.0,dep,"(1, 5)",בקרב,,
2,קונים,NOUN,NOUN,65.0,obj,"(6, 11)",קונה,,
"(3, 4)",שהיתה,,,,,"(12, 17)",,,"[{'id': 3, 'text': 'ש', 'upos': 'SCONJ', 'xpos': 'SCONJ', 'head': 65, 'deprel': 'mark', 'lemma': 'ש'}, {'id': 4, 'text': 'היתה', 'upos': 'ADV', 'xpos': 'ADV', 'head': 68, 'deprel': 'advmod', 'lemma': 'היה'}]"
"(5, 8)",בבעלותם,,,,,"(18, 25)",,,"[{'id': 5, 'text': 'ב', 'upos': 'ADP', 'xpos': 'ADP', 'head': 65, 'deprel': 'advmod', 'lemma': 'ב'}, {'id': 6, 'text': 'בעלות_', 'upos': 'NOUN', 'xpos': 'NOUN', 'feats': 'PronType=Art', 'head': 70, 'deprel': 'nsubj', 'lemma': 'בעלות'}, {'id': 7, 'text': '_של_', 'upos': 'ADP', 'xpos': 'ADP', 'head': 68, 'deprel': 'dep', 'lemma': 'של'}, {'id': 8, 'text': '_הם', 'upos': 'PRON', 'xpos': 'PRON', 'head': 68, 'deprel': 'advmod', 'lemma': 'הוא'}]"
9,דירה,ADV,ADV,33.0,obj,"(26, 30)",דירה,,
"(10, 12)",בעבר,,,,,"(31, 35)",,,"[{'id': 10, 'text': 'ב', 'upos': 'ADP', 'xpos': 'ADP', 'head': 74, 'deprel': 'case', 'lemma': 'ב'}, {'id': 11, 'text': 'ה_', 'upos': 'DET', 'xpos': 'DET', 'feats': 'PronType=Art', 'head': 65, 'deprel': 'det:def', 'lemma': 'ה'}, {'id': 12, 'text': 'עבר', 'upos': 'NOUN', 'xpos': 'NOUN', 'feats': 'Gender=Masc|Number=Sing', 'head': 68, 'deprel': 'obl', 'lemma': 'עבר'}]"
13,:,PUNCT,PUNCT,65.0,punct,"(35, 36)",:,,
14,-,PUNCT,PUNCT,65.0,punct,"(37, 38)",-,,
15,60,NUM,NUM,65.0,obj,"(39, 41)",60,,
16,%,PUNCT,PUNCT,65.0,dep,"(41, 42)",%,,
17,ציינו,VERB,VERB,65.0,dep,"(43, 48)",ציין,,
18,"""",PUNCT,PUNCT,65.0,punct,"(49, 50)","""",,
19,רצינו,VERB,VERB,70.0,dep,"(50, 55)",רצה,,
20,להחליף,ADJ,ADJ,65.0,dep,"(56, 62)",החליף,,
21,את,ADP,ADP,65.0,dep,"(63, 65)",את,Case=Acc,
"(22, 23)",הדירה,,,,,"(66, 71)",,,"[{'id': 22, 'text': 'ה', 'upos': 'DET', 'xpos': 'DET', 'feats': 'PronType=Art', 'head': 65, 'deprel': 'det:def', 'lemma': 'ה'}, {'id': 23, 'text': 'דירה', 'upos': 'NOUN', 'xpos': 'NOUN', 'feats': 'Gender=Fem|Number=Sing', 'head': 68, 'deprel': 'compound:smixut', 'lemma': 'דירה'}]"
"(24, 25)",בגדולה,,,,,"(72, 78)",,,"[{'id': 24, 'text': 'ב', 'upos': 'ADP', 'xpos': 'ADP', 'head': 19, 'deprel': 'dep', 'lemma': 'ב'}, {'id': 25, 'text': 'גדולה', 'upos': 'ADJ', 'xpos': 'ADJ', 'head': 65, 'deprel': 'dep', 'lemma': 'גדול'}]"
26,יותר,ADV,ADV,33.0,dep,"(79, 83)",יותר,,
27,"""",PUNCT,PUNCT,65.0,punct,"(83, 84)","""",,
28,-,PUNCT,PUNCT,65.0,punct,"(85, 86)",-,,
29,18,NUM,NUM,65.0,dep,"(87, 89)",18,,
30,%,PUNCT,PUNCT,33.0,dep,"(89, 90)",%,,
31,ציינו,NOUN,NOUN,65.0,dep,"(91, 96)",ציין,,
32,"""",PUNCT,PUNCT,33.0,punct,"(97, 98)","""",,
33,רצינו,VERB,VERB,70.0,conj,"(98, 103)",רצה,,
34,להחליף,ADJ,ADJ,33.0,dep,"(104, 110)",החליף,,
35,את,ADP,ADP,65.0,dep,"(111, 113)",את,Case=Acc,
"(36, 37)",הדירה,,,,,"(114, 119)",,,"[{'id': 36, 'text': 'ה', 'upos': 'DET', 'xpos': 'DET', 'feats': 'PronType=Art', 'head': 68, 'deprel': 'det:def', 'lemma': 'ה'}, {'id': 37, 'text': 'דירה', 'upos': 'NOUN', 'xpos': 'NOUN', 'feats': 'Gender=Fem|Number=Sing', 'head': 68, 'deprel': 'compound:smixut', 'lemma': 'דירה'}]"
"(38, 40)",לדירה,,,,,"(120, 125)",,,"[{'id': 38, 'text': 'ל', 'upos': 'ADP', 'xpos': 'ADP', 'head': 33, 'deprel': 'dep', 'lemma': 'ל'}, {'id': 39, 'text': 'ה_', 'upos': 'DET', 'xpos': 'DET', 'feats': 'PronType=Art', 'head': 65, 'deprel': 'det:def', 'lemma': 'ה'}, {'id': 40, 'text': 'דירה', 'upos': 'NOUN', 'xpos': 'NOUN', 'feats': 'Gender=Fem|Number=Sing', 'head': 68, 'deprel': 'obl', 'lemma': 'דירה'}]"
"(41, 42)",הנמצאת,,,,,"(126, 132)",,,"[{'id': 41, 'text': 'ה', 'upos': 'SCONJ', 'xpos': 'SCONJ', 'head': 65, 'deprel': 'mark', 'lemma': 'ה'}, {'id': 42, 'text': 'נמצאת', 'upos': 'ADJ', 'xpos': 'ADJ', 'feats': 'Gender=Masc|Number=Sing', 'head': 65, 'deprel': 'advmod', 'lemma': 'נמצא'}]"
"(43, 45)",במקום,,,,,"(133, 138)",,,"[{'id': 43, 'text': 'ב', 'upos': 'ADP', 'xpos': 'ADP', 'head': 65, 'deprel': 'dep', 'lemma': 'ב'}, {'id': 44, 'text': 'ה_', 'upos': 'DET', 'xpos': 'DET', 'feats': 'PronType=Art', 'head': 65, 'deprel': 'dep', 'lemma': 'ה'}, {'id': 45, 'text': 'מקום', 'upos': 'NOUN', 'xpos': 'NOUN', 'feats': 'Gender=Masc|Number=Sing', 'head': 65, 'deprel': 'obl', 'lemma': 'מקום'}]"
46,טוב,ADJ,ADJ,65.0,dep,"(139, 142)",טוב,,
47,יותר,PUNCT,PUNCT,33.0,dep,"(143, 147)",יותר,,
48,"""",PUNCT,PUNCT,65.0,punct,"(147, 148)","""",,
49,-,PUNCT,PUNCT,65.0,punct,"(149, 150)",-,,
50,14,NUM,NUM,65.0,dep,"(151, 153)",14,,
51,%,PUNCT,PUNCT,54.0,dep,"(153, 154)",%,,
52,ציינו,NOUN,NOUN,65.0,dep,"(155, 160)",ציין,,
53,"""",PUNCT,PUNCT,33.0,punct,"(161, 162)","""",,
54,רצינו,VERB,VERB,70.0,dep,"(162, 167)",רצה,,
55,לשפר,PUNCT,PUNCT,33.0,dep,"(168, 172)",שיפר,,
56,את,ADP,ADP,65.0,case:acc,"(173, 175)",את,Case=Acc,
57,רמת,NOUN,NOUN,54.0,obj,"(176, 179)",רמה,,
"(58, 59)",החיים,,,,,"(180, 185)",,,"[{'id': 58, 'text': 'ה', 'upos': 'DET', 'xpos': 'DET', 'feats': 'PronType=Art', 'head': 68, 'deprel': 'det:def', 'lemma': 'ה'}, {'id': 59, 'text': 'חיים', 'upos': 'NOUN', 'xpos': 'NOUN', 'feats': 'Gender=Masc|Number=Sing', 'head': 68, 'deprel': 'compound:smixut', 'lemma': 'חיים'}]"
60,"""",PUNCT,PUNCT,33.0,punct,"(185, 186)","""",,
61,□,PUNCT,PUNCT,33.0,dep,"(187, 188)",□,,
62,מקומות,NOUN,NOUN,33.0,dep,"(189, 195)",מקום,,
63,אחרים,ADJ,ADJ,65.0,obj,"(196, 201)",אחר,,
"(64, 65)",שנשקלו,,,,,"(202, 208)",,,"[{'id': 64, 'text': 'ש', 'upos': 'SCONJ', 'xpos': 'SCONJ', 'head': 65, 'deprel': 'mark', 'lemma': 'ש'}, {'id': 65, 'text': 'נשקלו', 'upos': 'NOUN', 'xpos': 'NOUN', 'feats': 'Gender=Masc|Number=Sing', 'head': 0, 'deprel': 'root', 'lemma': 'נשקלו'}]"
66,מרבית,ADV,ADV,65.0,obj,"(209, 214)",מרבית,,
"(67, 68)",הרוכשים,,,,,"(215, 222)",,,"[{'id': 67, 'text': 'ה', 'upos': 'DET', 'xpos': 'DET', 'feats': 'PronType=Art', 'head': 65, 'deprel': 'det:def', 'lemma': 'ה'}, {'id': 68, 'text': 'רוכשים', 'upos': 'NOUN', 'xpos': 'NOUN', 'feats': 'Gender=Masc|Number=Sing', 'head': 65, 'deprel': 'nsubj', 'lemma': 'רכש'}]"
69,לא,ADV,ADV,19.0,advmod,"(223, 225)",לא,,
70,שקלו,VERB,VERB,65.0,dep,"(226, 230)",שקל,,
71,לקנות,PUNCT,PUNCT,70.0,dep,"(231, 236)",קנה,,
72,דירה,ADV,ADV,33.0,obj,"(237, 241)",דירה,,
"(73, 74)",במקומות,,,,,"(242, 249)",,,"[{'id': 73, 'text': 'ב', 'upos': 'ADP', 'xpos': 'ADP', 'head': 33, 'deprel': 'dep', 'lemma': 'ב'}, {'id': 74, 'text': 'מקומות', 'upos': 'NOUN', 'xpos': 'NOUN', 'head': 31, 'deprel': 'obl', 'lemma': 'מקום'}]"
75,אחרים,ADJ,ADJ,68.0,dep,"(250, 255)",אחר,,
76,(,PUNCT,PUNCT,33.0,punct,"(256, 257)",(,,
77,73,NUM,NUM,65.0,obj,"(257, 259)",73,,
78,%,PUNCT,PUNCT,33.0,dep,"(259, 260)",%,,
79,),PUNCT,PUNCT,33.0,punct,"(260, 261)",),,
"(1, 2)",השאר,,,,,"(1, 5)",,,"[{'id': 1, 'text': 'ה', 'upos': 'DET', 'xpos': 'DET', 'feats': 'PronType=Art', 'head': 4, 'deprel': 'det:def', 'lemma': 'ה'}, {'id': 2, 'text': 'שאר', 'upos': 'NOUN', 'xpos': 'NOUN', 'feats': 'Gender=Masc|Number=Sing', 'head': 4, 'deprel': 'dep', 'lemma': 'שאר'}]"
3,-,PUNCT,PUNCT,4.0,punct,"(5, 6)",-,,
4,27%,NUM,NUM,5.0,nsubj,"(7, 10)",27%,,
5,ציינו כי,VERB,VERB,0.0,root,"(11, 19)",ציינוככי,"Gender=Fem,Masc|HebBinyan=PIEL|Number=Plur|Person=3|Tense=Past|Voice=Act",
6,שקלו מקומות,VERB,VERB,5.0,ccomp,"(20, 31)",שקלום,"Gender=Fem,Masc|HebBinyan=PIEL|Number=Plur|Person=3|Tense=Past|Voice=Act",
"(7, 8)",אחרים,,,,,"(32, 37)",,,"[{'id': 7, 'text': 'אחרים', 'upos': 'ADJ', 'xpos': 'ADJ', 'feats': 'Gender=Masc|Number=Plur', 'head': 22, 'deprel': 'amod', 'lemma': 'אחר'}, {'id': 8, 'text': '_הם', 'upos': 'PRON', 'xpos': 'PRON', 'feats': 'Case=Gen|Gender=Masc|Number=Plur|Person=3|PronType=Prs', 'head': 7, 'deprel': 'nmod:poss', 'lemma': 'הוא'}]"
"(9, 10)",לרכישת,,,,,"(38, 44)",,,"[{'id': 9, 'text': 'ל', 'upos': 'ADP', 'xpos': 'ADP', 'head': 10, 'deprel': 'case', 'lemma': 'ל'}, {'id': 10, 'text': 'רכישת', 'upos': 'NOUN', 'xpos': 'NOUN', 'feats': 'Definite=Cons|Gender=Fem|Number=Sing', 'head': 6, 'deprel': 'obl', 'lemma': 'רכישה'}]"
"(11, 13)",דירה,,,,,"(45, 49)",,,"[{'id': 11, 'text': 'דיר_', 'upos': 'NOUN', 'xpos': 'NOUN', 'feats': 'Definite=Def|Gender=Masc|Number=Sing', 'head': 10, 'deprel': 'compound:smixut', 'lemma': 'דיר'}, {'id': 12, 'text': '_של_', 'upos': 'ADP', 'xpos': 'ADP', 'head': 13, 'deprel': 'case:gen', 'lemma': 'של'}, {'id': 13, 'text': '_היא', 'upos': 'PRON', 'xpos': 'PRON', 'feats': 'Case=Gen|Gender=Fem|Number=Sing|Person=3|PronType=Prs', 'head': 11, 'deprel': 'nmod:poss', 'lemma': 'הוא'}]"
14,",",PUNCT,PUNCT,6.0,punct,"(49, 50)",",",,
"(15, 18)",מביניהם,,,,,"(51, 58)",,,"[{'id': 15, 'text': 'מ', 'upos': 'ADP', 'xpos': 'ADP', 'head': 16, 'deprel': 'case', 'lemma': 'מ'}, {'id': 16, 'text': 'בין_', 'upos': 'NOUN', 'xpos': 'NOUN', 'feats': 'Definite=Def|Gender=Masc|Number=Sing', 'head': 6, 'deprel': 'obl', 'lemma': 'בין'}, {'id': 17, 'text': '_של_', 'upos': 'ADP', 'xpos': 'ADP', 'head': 18, 'deprel': 'case:gen', 'lemma': 'של'}, {'id': 18, 'text': '_הם', 'upos': 'PRON', 'xpos': 'PRON', 'feats': 'Case=Gen|Gender=Masc|Number=Plur|Person=3|PronType=Prs', 'head': 16, 'deprel': 'nmod:poss', 'lemma': 'הוא'}]"
19,:,PUNCT,PUNCT,6.0,punct,"(58, 59)",:,,
20,-,PUNCT,PUNCT,22.0,punct,"(60, 61)",-,,
21,42,NUM,NUM,22.0,nummod,"(62, 64)",42,,
22,%,NOUN,NOUN,5.0,dep,"(64, 65)",%,"Gender=Masc|Number=Plur,Sing",
23,-,PUNCT,PUNCT,24.0,punct,"(66, 67)",-,,
24,אזור,NOUN,NOUN,6.0,dep,"(67, 71)",אזור,Definite=Cons|Gender=Masc|Number=Sing,
25,חיפה,PROPN,PROPN,24.0,compound:smixut,"(72, 76)",חיפה,,
"(26, 27)",והקריות,,,,,"(77, 84)",,,"[{'id': 26, 'text': 'ו', 'upos': 'CCONJ', 'xpos': 'CCONJ', 'head': 27, 'deprel': 'cc', 'lemma': 'ו'}, {'id': 27, 'text': 'הקריות', 'upos': 'PROPN', 'xpos': 'PROPN', 'feats': 'Gender=Fem|Number=Plur', 'head': 25, 'deprel': 'conj', 'lemma': 'הקריות'}]"
1,-,PUNCT,PUNCT,3.0,punct,"(1, 2)",-,,
2,35,NUM,NUM,3.0,nummod,"(3, 5)",35,,
3,%,NOUN,NOUN,0.0,root,"(5, 6)",%,"Gender=Masc|Number=Plur,Sing",
4,-,PUNCT,PUNCT,3.0,punct,"(7, 8)",-,,
5,צפון,NOUN,NOUN,3.0,nmod,"(9, 13)",צפון,Definite=Cons|Gender=Masc|HebSource=ConvUncertainHead|Number=Sing,
"(6, 7)",הארץ,,,,,"(14, 18)",,,"[{'id': 6, 'text': 'ה', 'upos': 'DET', 'xpos': 'DET', 'feats': 'PronType=Art', 'head': 7, 'deprel': 'det:def', 'lemma': 'ה'}, {'id': 7, 'text': 'ארץ', 'upos': 'NOUN', 'xpos': 'NOUN', 'feats': 'Gender=Fem|Number=Sing', 'head': 5, 'deprel': 'compound:smixut', 'lemma': 'ארץ'}]"
1,-,PUNCT,PUNCT,2.0,punct,"(1, 2)",-,,
2,%,NOUN,NOUN,0.0,root,"(3, 4)",%,"Gender=Masc|Number=Plur,Sing",
3,21,NUM,NUM,2.0,nummod,"(5, 7)",21,,
4,-,PUNCT,PUNCT,2.0,punct,"(8, 9)",-,,
5,אזור,NOUN,NOUN,2.0,dep,"(10, 14)",אזור,Definite=Cons|Gender=Masc|Number=Sing,
"(6, 7)",המרכז,,,,,"(15, 20)",,,"[{'id': 6, 'text': 'ה', 'upos': 'DET', 'xpos': 'DET', 'feats': 'PronType=Art', 'head': 7, 'deprel': 'det:def', 'lemma': 'ה'}, {'id': 7, 'text': 'מרכז', 'upos': 'NOUN', 'xpos': 'NOUN', 'feats': 'Gender=Masc|Number=Sing', 'head': 5, 'deprel': 'compound:smixut', 'lemma': 'מרכז'}]"
1,-,PUNCT,PUNCT,5.0,punct,"(1, 2)",-,,
2,2,NUM,NUM,3.0,nummod,"(3, 4)",2,,
3,%,NOUN,NOUN,5.0,nmod,"(4, 5)",%,"Gender=Masc|Number=Plur,Sing",
4,-,PUNCT,PUNCT,5.0,punct,"(6, 7)",-,,
5,אזור,NOUN,NOUN,0.0,root,"(8, 12)",אזור,Definite=Cons|Gender=Masc|Number=Sing,
"(6, 7)",הדרום,,,,,"(13, 18)",,,"[{'id': 6, 'text': 'ה', 'upos': 'DET', 'xpos': 'DET', 'feats': 'PronType=Art', 'head': 7, 'deprel': 'det:def', 'lemma': 'ה'}, {'id': 7, 'text': 'דרום', 'upos': 'NOUN', 'xpos': 'NOUN', 'feats': 'Gender=Masc|Number=Sing', 'head': 5, 'deprel': 'compound:smixut', 'lemma': 'דרום'}]"
8,מבין,ADP,ADP,10.0,case,"(19, 23)",מבין,,
"(9, 10)",הרוכשים,,,,,"(24, 31)",,,"[{'id': 9, 'text': 'ה', 'upos': 'DET', 'xpos': 'DET', 'feats': 'PronType=Art', 'head': 10, 'deprel': 'det:def', 'lemma': 'ה'}, {'id': 10, 'text': 'רוכשים', 'upos': 'NOUN', 'xpos': 'NOUN', 'feats': 'Gender=Masc|Number=Plur', 'head': 5, 'deprel': 'nmod', 'lemma': 'רכש'}]"
"(11, 12)",שהתגוררו,,,,,"(32, 40)",,,"[{'id': 11, 'text': 'ש', 'upos': 'SCONJ', 'xpos': 'SCONJ', 'head': 12, 'deprel': 'mark', 'lemma': 'ש'}, {'id': 12, 'text': 'התגוררו', 'upos': 'VERB', 'xpos': 'VERB', 'feats': 'Gender=Fem,Masc|HebBinyan=HITPAEL|Number=Plur|Person=3|Tense=Past', 'head': 10, 'deprel': 'acl:relcl', 'lemma': 'התגורר'}]"
"(13, 15)",במגדל,,,,,"(41, 46)",,,"[{'id': 13, 'text': 'ב', 'upos': 'ADP', 'xpos': 'ADP', 'head': 15, 'deprel': 'case', 'lemma': 'ב'}, {'id': 14, 'text': 'ה_', 'upos': 'DET', 'xpos': 'DET', 'feats': 'PronType=Art', 'head': 15, 'deprel': 'det:def', 'lemma': 'ה'}, {'id': 15, 'text': 'מגדל', 'upos': 'NOUN', 'xpos': 'NOUN', 'feats': 'Definite=Cons|Gender=Masc|Number=Sing', 'head': 12, 'deprel': 'obl', 'lemma': 'מגדל'}]"
"(16, 17)",העמק,,,,,"(47, 51)",,,"[{'id': 16, 'text': 'ה', 'upos': 'DET', 'xpos': 'DET', 'feats': 'PronType=Art', 'head': 17, 'deprel': 'det:def', 'lemma': 'ה'}, {'id': 17, 'text': 'עמק', 'upos': 'NOUN', 'xpos': 'NOUN', 'feats': 'Gender=Masc|Number=Sing', 'head': 15, 'deprel': 'compound:smixut', 'lemma': 'עמק'}]"
18,לפני,ADP,ADP,19.0,case,"(52, 56)",לפני,,
19,רכישת,NOUN,NOUN,12.0,obl,"(57, 62)",רכישה,Definite=Cons|Gender=Fem|Number=Sing,
"(20, 21)",הדירה,,,,,"(63, 68)",,,"[{'id': 20, 'text': 'ה', 'upos': 'DET', 'xpos': 'DET', 'feats': 'PronType=Art', 'head': 21, 'deprel': 'det:def', 'lemma': 'ה'}, {'id': 21, 'text': 'דירה', 'upos': 'NOUN', 'xpos': 'NOUN', 'feats': 'Gender=Fem|Number=Sing', 'head': 19, 'deprel': 'compound:smixut', 'lemma': 'דירה'}]"
22,",",PUNCT,PUNCT,5.0,punct,"(68, 69)",",",,
23,25,NUM,NUM,24.0,nummod,"(70, 72)",25,,
24,%,NOUN,NOUN,5.0,appos,"(72, 73)",%,"Gender=Masc|Number=Plur,Sing",
"(25, 26)",שקלו,,,,,"(74, 78)",,,"[{'id': 25, 'text': 'ש', 'upos': 'SCONJ', 'xpos': 'SCONJ', 'head': 26, 'deprel': 'mark', 'lemma': 'ש'}, {'id': 26, 'text': 'קלו', 'upos': 'VERB', 'xpos': 'VERB', 'feats': 'Gender=Fem,Masc|HebBinyan=PAAL|Number=Plur|Person=3|Tense=Past|Voice=Act', 'head': 24, 'deprel': 'acl:relcl', 'lemma': 'קלה'}]"
27,לקנות,VERB,VERB,26.0,xcomp,"(79, 84)",קנה,HebBinyan=PAAL|VerbForm=Inf|Voice=Act,
28,דירה,NOUN,NOUN,27.0,obj,"(85, 89)",דירה,Gender=Fem|Number=Sing,
"(29, 31)",במקום,,,,,"(90, 95)",,,"[{'id': 29, 'text': 'ב', 'upos': 'ADP', 'xpos': 'ADP', 'head': 31, 'deprel': 'case', 'lemma': 'ב'}, {'id': 30, 'text': 'ה_', 'upos': 'DET', 'xpos': 'DET', 'feats': 'PronType=Art', 'head': 31, 'deprel': 'det:def', 'lemma': 'ה'}, {'id': 31, 'text': 'מקום', 'upos': 'NOUN', 'xpos': 'NOUN', 'feats': 'Gender=Masc|Number=Sing', 'head': 27, 'deprel': 'obl', 'lemma': 'מקום'}]"
32,אחר,ADJ,ADJ,31.0,amod,"(96, 99)",אחר,Gender=Masc|Number=Sing,
1,מבין,ADP,ADP,3.0,case,"(1, 5)",מבין,,
"(2, 3)",הרוכשים,,,,,"(6, 13)",,,"[{'id': 2, 'text': 'ה', 'upos': 'DET', 'xpos': 'DET', 'feats': 'PronType=Art', 'head': 3, 'deprel': 'det:def', 'lemma': 'ה'}, {'id': 3, 'text': 'רוכשים', 'upos': 'NOUN', 'xpos': 'NOUN', 'feats': 'Gender=Masc|Number=Plur', 'head': 15, 'deprel': 'nmod', 'lemma': 'רכש'}]"
"(4, 5)",שהתגוררו,,,,,"(14, 22)",,,"[{'id': 4, 'text': 'ש', 'upos': 'SCONJ', 'xpos': 'SCONJ', 'head': 5, 'deprel': 'mark', 'lemma': 'ש'}, {'id': 5, 'text': 'התגוררו', 'upos': 'VERB', 'xpos': 'VERB', 'feats': 'Gender=Fem,Masc|HebBinyan=HITPAEL|Number=Plur|Person=3|Tense=Past', 'head': 3, 'deprel': 'acl:relcl', 'lemma': 'התגורר'}]"
"(6, 8)",בישובים,,,,,"(23, 30)",,,"[{'id': 6, 'text': 'ב', 'upos': 'ADP', 'xpos': 'ADP', 'head': 8, 'deprel': 'case', 'lemma': 'ב'}, {'id': 7, 'text': 'ה_', 'upos': 'DET', 'xpos': 'DET', 'feats': 'PronType=Art', 'head': 8, 'deprel': 'det:def', 'lemma': 'ה'}, {'id': 8, 'text': 'ישובים', 'upos': 'NOUN', 'xpos': 'NOUN', 'feats': 'Gender=Masc|Number=Plur', 'head': 5, 'deprel': 'obl', 'lemma': 'יישוב'}]"
9,אחרים,ADJ,ADJ,8.0,amod,"(31, 36)",אחר,Gender=Masc|Number=Plur,
10,טרם,ADP,ADP,12.0,case,"(37, 40)",טרם,,
"(11, 12)",הרכישה,,,,,"(41, 47)",,,"[{'id': 11, 'text': 'ה', 'upos': 'DET', 'xpos': 'DET', 'feats': 'PronType=Art', 'head': 12, 'deprel': 'det:def', 'lemma': 'ה'}, {'id': 12, 'text': 'רכישה', 'upos': 'NOUN', 'xpos': 'NOUN', 'feats': 'Gender=Fem|Number=Sing', 'head': 5, 'deprel': 'obl', 'lemma': 'רכישה'}]"
13,",",PUNCT,PUNCT,15.0,punct,"(48, 49)",",",,
14,51,NUM,NUM,15.0,nummod,"(50, 52)",51,,
15,%,NOUN,NOUN,0.0,root,"(52, 53)",%,"Gender=Masc|Number=Plur,Sing",
"(16, 17)",שקלו,,,,,"(54, 58)",,,"[{'id': 16, 'text': 'ש', 'upos': 'SCONJ', 'xpos': 'SCONJ', 'head': 17, 'deprel': 'mark', 'lemma': 'ש'}, {'id': 17, 'text': 'קלו', 'upos': 'VERB', 'xpos': 'VERB', 'feats': 'Gender=Fem,Masc|HebBinyan=PAAL|Number=Plur|Person=3|Tense=Past|Voice=Act', 'head': 15, 'deprel': 'acl:relcl', 'lemma': 'קלה'}]"
18,לקנות,VERB,VERB,17.0,xcomp,"(59, 64)",קנה,HebBinyan=PAAL|VerbForm=Inf|Voice=Act,
19,דירה,NOUN,NOUN,18.0,obj,"(65, 69)",דירה,Gender=Fem|Number=Sing,
20,במקום,ADP,ADP,21.0,case,"(70, 75)",במקום,,
21,אחר,ADJ,ADJ,19.0,nmod,"(76, 79)",אחר,Gender=Masc|Number=Sing,
1,□,NOUN,NOUN,2.0,dep,"(1, 2)",□,,
2,סיבות,NOUN,NOUN,12.0,nmod,"(3, 8)",סיבה,Gender=Fem|Number=Plur,
"(3, 4)",לקניית,,,,,"(9, 15)",,,"[{'id': 3, 'text': 'ל', 'upos': 'ADP', 'xpos': 'ADP', 'head': 4, 'deprel': 'case', 'lemma': 'ל'}, {'id': 4, 'text': 'קניית', 'upos': 'NOUN', 'xpos': 'NOUN', 'feats': 'Definite=Cons|Gender=Fem|Number=Sing', 'head': 2, 'deprel': 'nmod', 'lemma': 'קנייה'}]"
5,דירה,NOUN,NOUN,4.0,compound:smixut,"(16, 20)",דירה,Gender=Fem|Number=Sing,
"(6, 8)",במגדל,,,,,"(21, 26)",,,"[{'id': 6, 'text': 'ב', 'upos': 'ADP', 'xpos': 'ADP', 'head': 4, 'deprel': 'case', 'lemma': 'ב'}, {'id': 7, 'text': 'ה_', 'upos': 'DET', 'xpos': 'DET', 'feats': 'PronType=Art', 'head': 8, 'deprel': 'det:def', 'lemma': 'ה'}, {'id': 8, 'text': 'מגדל', 'upos': 'NOUN', 'xpos': 'NOUN', 'feats': 'Gender=Masc|Number=Sing', 'head': 4, 'deprel': 'nmod', 'lemma': 'מגדל'}]"
"(9, 10)",העמק,,,,,"(27, 31)",,,"[{'id': 9, 'text': 'ה', 'upos': 'DET', 'xpos': 'DET', 'feats': 'PronType=Art', 'head': 10, 'deprel': 'det:def', 'lemma': 'ה'}, {'id': 10, 'text': 'עמק', 'upos': 'NOUN', 'xpos': 'NOUN', 'feats': 'Gender=Masc|Number=Sing', 'head': 8, 'deprel': 'compound:smixut', 'lemma': 'עמק'}]"
"(11, 12)",הסיבות,,,,,"(32, 38)",,,"[{'id': 11, 'text': 'ה', 'upos': 'DET', 'xpos': 'DET', 'feats': 'PronType=Art', 'head': 2, 'deprel': 'det:def', 'lemma': 'ה'}, {'id': 12, 'text': 'סיבות', 'upos': 'NOUN', 'xpos': 'NOUN', 'feats': 'Gender=Fem|Number=Plur', 'head': 77, 'deprel': 'nsubj:cop', 'lemma': 'סיבה'}]"
"(13, 14)",העיקריות,,,,,"(39, 47)",,,"[{'id': 13, 'text': 'ה', 'upos': 'DET', 'xpos': 'DET', 'feats': 'PronType=Art', 'head': 14, 'deprel': 'det:def', 'lemma': 'ה'}, {'id': 14, 'text': 'עיקריות', 'upos': 'ADJ', 'xpos': 'ADJ', 'feats': 'Gender=Fem|Number=Plur', 'head': 12, 'deprel': 'amod', 'lemma': 'עיקרי'}]"
"(15, 16)",שצוינו,,,,,"(48, 54)",,,"[{'id': 15, 'text': 'ש', 'upos': 'SCONJ', 'xpos': 'SCONJ', 'head': 16, 'deprel': 'mark', 'lemma': 'ש'}, {'id': 16, 'text': 'צוינו', 'upos': 'VERB', 'xpos': 'VERB', 'feats': 'Gender=Fem,Masc|HebBinyan=PUAL|Number=Plur|Person=3|Tense=Past|Voice=Pass', 'head': 12, 'deprel': 'acl:relcl', 'lemma': 'צוין'}]"
"(17, 18)",כסיבות,,,,,"(55, 61)",,,"[{'id': 17, 'text': 'כ', 'upos': 'ADP', 'xpos': 'ADP', 'head': 18, 'deprel': 'case', 'lemma': 'כ'}, {'id': 18, 'text': 'סיבות', 'upos': 'NOUN', 'xpos': 'NOUN', 'feats': 'Gender=Fem|Number=Plur', 'head': 16, 'deprel': 'obl', 'lemma': 'סיבה'}]"
"(19, 20)",לקניית,,,,,"(62, 68)",,,"[{'id': 19, 'text': 'ל', 'upos': 'ADP', 'xpos': 'ADP', 'head': 20, 'deprel': 'case', 'lemma': 'ל'}, {'id': 20, 'text': 'קניית', 'upos': 'NOUN', 'xpos': 'NOUN', 'feats': 'Definite=Cons|Gender=Fem|Number=Sing', 'head': 18, 'deprel': 'nmod', 'lemma': 'קנייה'}]"
"(21, 22)",הדירה,,,,,"(69, 74)",,,"[{'id': 21, 'text': 'ה', 'upos': 'DET', 'xpos': 'DET', 'feats': 'PronType=Art', 'head': 22, 'deprel': 'det:def', 'lemma': 'ה'}, {'id': 22, 'text': 'דירה', 'upos': 'NOUN', 'xpos': 'NOUN', 'feats': 'Gender=Fem|Number=Sing', 'head': 20, 'deprel': 'compound:smixut', 'lemma': 'דירה'}]"
"(23, 25)",במגדל,,,,,"(75, 80)",,,"[{'id': 23, 'text': 'ב', 'upos': 'ADP', 'xpos': 'ADP', 'head': 20, 'deprel': 'case', 'lemma': 'ב'}, {'id': 24, 'text': 'ה_', 'upos': 'DET', 'xpos': 'DET', 'feats': 'PronType=Art', 'head': 20, 'deprel': 'det:def', 'lemma': 'ה'}, {'id': 25, 'text': 'מגדל', 'upos': 'NOUN', 'xpos': 'NOUN', 'feats': 'Gender=Masc|Number=Sing', 'head': 20, 'deprel': 'nmod', 'lemma': 'מגדל'}]"
"(26, 27)",העמק,,,,,"(81, 85)",,,"[{'id': 26, 'text': 'ה', 'upos': 'DET', 'xpos': 'DET', 'feats': 'PronType=Art', 'head': 27, 'deprel': 'det:def', 'lemma': 'ה'}, {'id': 27, 'text': 'עמק', 'upos': 'NOUN', 'xpos': 'NOUN', 'feats': 'Gender=Masc|Number=Sing', 'head': 51, 'deprel': 'compound:smixut', 'lemma': 'עמק'}]"
28,הם,AUX,AUX,77.0,cop,"(86, 88)",הוא,Gender=Masc|Number=Plur|Person=3|Polarity=Pos|VerbForm=Part|VerbType=Cop,
29,:,PUNCT,PUNCT,77.0,punct,"(88, 89)",:,,
30,□,NOUN,NOUN,2.0,dep,"(90, 91)",□,,
31,43,NUM,NUM,48.0,nummod,"(92, 94)",43,,
32,%,NOUN,NOUN,48.0,dep,"(94, 95)",%,"Gender=Masc|Number=Plur,Sing",
33,-,PUNCT,PUNCT,32.0,punct,"(96, 97)",-,,
34,מיקום,NOUN,NOUN,16.0,dep,"(98, 103)",מיקום,Gender=Masc|Number=Sing,
35,כללי,ADJ,ADJ,34.0,amod,"(104, 108)",כללי,Gender=Masc|Number=Sing,
36,□,PROPN,PROPN,37.0,dep,"(109, 110)",□,,
37,%,NOUN,NOUN,59.0,dep,"(111, 112)",%,"Gender=Masc|Number=Plur,Sing",
38,35,NUM,NUM,37.0,nummod,"(113, 115)",35,,
39,-,PUNCT,PUNCT,37.0,punct,"(116, 117)",-,,
"(40, 41)",המחיר,,,,,"(118, 123)",,,"[{'id': 40, 'text': 'ה', 'upos': 'DET', 'xpos': 'DET', 'feats': 'PronType=Art', 'head': 41, 'deprel': 'det:def', 'lemma': 'ה'}, {'id': 41, 'text': 'מחיר', 'upos': 'NOUN', 'xpos': 'NOUN', 'feats': 'Gender=Masc|Number=Sing', 'head': 37, 'deprel': 'nmod', 'lemma': 'מחיר'}]"
"(42, 43)",הנוח,,,,,"(124, 128)",,,"[{'id': 42, 'text': 'ה', 'upos': 'DET', 'xpos': 'DET', 'feats': 'PronType=Art', 'head': 43, 'deprel': 'det:def', 'lemma': 'ה'}, {'id': 43, 'text': 'נוח', 'upos': 'ADJ', 'xpos': 'ADJ', 'feats': 'Gender=Masc|Number=Sing', 'head': 41, 'deprel': 'amod', 'lemma': 'נוח'}]"
44,□,NOUN,NOUN,48.0,dep,"(129, 130)",□,,
45,%,NOUN,NOUN,84.0,dep,"(131, 132)",%,"Gender=Masc|Number=Plur,Sing",
46,30,NUM,NUM,45.0,nummod,"(133, 135)",30,,
47,-,PUNCT,PUNCT,48.0,punct,"(136, 137)",-,,
48,קרוב,ADJ,ADJ,84.0,nmod,"(138, 142)",קרוב,Gender=Masc|Number=Sing,
"(49, 50)",לשכונת,,,,,"(143, 149)",,,"[{'id': 49, 'text': 'ל', 'upos': 'ADP', 'xpos': 'ADP', 'head': 86, 'deprel': 'case', 'lemma': 'ל'}, {'id': 50, 'text': 'שכונת', 'upos': 'NOUN', 'xpos': 'NOUN', 'feats': 'Definite=Cons|Gender=Fem|Number=Sing', 'head': 84, 'deprel': 'nmod', 'lemma': 'שכונה'}]"
51,מגורי,NOUN,NOUN,50.0,compound:smixut,"(150, 155)",מגורי,Definite=Cons|Gender=Masc|Number=Plur,
"(52, 54)",משפחתם,,,,,"(156, 162)",,,"[{'id': 52, 'text': 'משפחה_', 'upos': 'NOUN', 'xpos': 'NOUN', 'feats': 'Definite=Def|Gender=Fem|Number=Sing', 'head': 51, 'deprel': 'compound:smixut', 'lemma': 'משפחה'}, {'id': 53, 'text': '_של_', 'upos': 'ADP', 'xpos': 'ADP', 'head': 54, 'deprel': 'case:gen', 'lemma': 'של'}, {'id': 54, 'text': '_הם', 'upos': 'PRON', 'xpos': 'PRON', 'feats': 'Case=Gen|Gender=Masc|Number=Plur|Person=3|PronType=Prs', 'head': 51, 'deprel': 'nmod:poss', 'lemma': 'הוא'}]"
55,□,PUNCT,PUNCT,59.0,dep,"(163, 164)",□,,
56,%,NOUN,NOUN,59.0,dep,"(165, 166)",%,"Gender=Masc|Number=Plur,Sing",
57,16,NUM,NUM,59.0,nummod,"(167, 169)",16,,
58,-,PUNCT,PUNCT,59.0,punct,"(170, 171)",-,,
59,קרבה,NOUN,NOUN,79.0,nmod,"(172, 176)",קרבה,Gender=Masc|Number=Sing,
"(60, 62)",למקום,,,,,"(177, 182)",,,"[{'id': 60, 'text': 'ל', 'upos': 'ADP', 'xpos': 'ADP', 'head': 59, 'deprel': 'case', 'lemma': 'ל'}, {'id': 61, 'text': 'ה_', 'upos': 'DET', 'xpos': 'DET', 'feats': 'PronType=Art', 'head': 59, 'deprel': 'det:def', 'lemma': 'ה'}, {'id': 62, 'text': 'מקום', 'upos': 'NOUN', 'xpos': 'NOUN', 'feats': 'Gender=Masc|Number=Sing', 'head': 59, 'deprel': 'nmod', 'lemma': 'מקום'}]"
"(63, 64)",העבודה,,,,,"(183, 189)",,,"[{'id': 63, 'text': 'ה', 'upos': 'DET', 'xpos': 'DET', 'feats': 'PronType=Art', 'head': 16, 'deprel': 'det:def', 'lemma': 'ה'}, {'id': 64, 'text': 'עבודה', 'upos': 'NOUN', 'xpos': 'NOUN', 'feats': 'Gender=Fem|Number=Sing', 'head': 59, 'deprel': 'nmod', 'lemma': 'עבודה'}]"
"(65, 66)",מרואיינים,,,,,"(190, 199)",,,"[{'id': 65, 'text': 'מ', 'upos': 'ADP', 'xpos': 'ADP', 'head': 66, 'deprel': 'case', 'lemma': 'מ'}, {'id': 66, 'text': 'רואיינים', 'upos': 'NOUN', 'xpos': 'NOUN', 'feats': 'Gender=Masc|Number=Plur', 'head': 59, 'deprel': 'nmod', 'lemma': 'רואיין'}]"
"(67, 68)",שהתגוררו,,,,,"(200, 208)",,,"[{'id': 67, 'text': 'ש', 'upos': 'SCONJ', 'xpos': 'SCONJ', 'head': 68, 'deprel': 'mark', 'lemma': 'ש'}, {'id': 68, 'text': 'התגוררו', 'upos': 'VERB', 'xpos': 'VERB', 'feats': 'Gender=Fem,Masc|HebBinyan=HITPAEL|Number=Plur|Person=3|Tense=Past', 'head': 66, 'deprel': 'acl:relcl', 'lemma': 'התגורר'}]"
"(69, 71)",בעבר,,,,,"(209, 213)",,,"[{'id': 69, 'text': 'ב', 'upos': 'ADP', 'xpos': 'ADP', 'head': 68, 'deprel': 'advmod', 'lemma': 'ב'}, {'id': 70, 'text': 'ה_', 'upos': 'DET', 'xpos': 'DET', 'feats': 'PronType=Art', 'head': 68, 'deprel': 'obl', 'lemma': 'ה'}, {'id': 71, 'text': 'עבר', 'upos': 'NOUN', 'xpos': 'NOUN', 'feats': 'Gender=Masc|Number=Sing', 'head': 68, 'deprel': 'obl', 'lemma': 'עבר'}]"
"(72, 74)",במגדל,,,,,"(214, 219)",,,"[{'id': 72, 'text': 'ב', 'upos': 'ADP', 'xpos': 'ADP', 'head': 34, 'deprel': 'case', 'lemma': 'ב'}, {'id': 73, 'text': 'ה_', 'upos': 'DET', 'xpos': 'DET', 'feats': 'PronType=Art', 'head': 34, 'deprel': 'det:def', 'lemma': 'ה'}, {'id': 74, 'text': 'מגדל', 'upos': 'NOUN', 'xpos': 'NOUN', 'feats': 'Gender=Masc|Number=Sing', 'head': 68, 'deprel': 'obl', 'lemma': 'מגדל'}]"
"(75, 76)",העמק,,,,,"(220, 224)",,,"[{'id': 75, 'text': 'ה', 'upos': 'DET', 'xpos': 'DET', 'feats': 'PronType=Art', 'head': 76, 'deprel': 'det:def', 'lemma': 'ה'}, {'id': 76, 'text': 'עמק', 'upos': 'NOUN', 'xpos': 'NOUN', 'feats': 'Gender=Masc|Number=Sing', 'head': 51, 'deprel': 'compound:smixut', 'lemma': 'עמק'}]"
77,ציינו,VERB,VERB,0.0,root,"(225, 230)",ציין,"Gender=Fem,Masc|HebBinyan=PIEL|Number=Plur|Person=3|Tense=Past|Voice=Act",
78,בעיקר,ADV,ADV,77.0,advmod,"(231, 236)",בעיקר,,
79,סיבות,NOUN,NOUN,77.0,obj,"(237, 242)",סיבה,Gender=Fem|Number=Plur,
"(80, 81)",הקשורות,,,,,"(243, 250)",,,"[{'id': 80, 'text': 'ה', 'upos': 'SCONJ', 'xpos': 'SCONJ', 'head': 81, 'deprel': 'mark', 'lemma': 'ה'}, {'id': 81, 'text': 'קשורות', 'upos': 'VERB', 'xpos': 'VERB', 'feats': 'Gender=Fem|HebBinyan=PAAL|Number=Plur|Person=1,2,3|VerbForm=Part|Voice=Act', 'head': 79, 'deprel': 'acl:relcl', 'lemma': 'קשר'}]"
"(82, 84)",לקרבה,,,,,"(251, 256)",,,"[{'id': 82, 'text': 'ל', 'upos': 'ADP', 'xpos': 'ADP', 'head': 84, 'deprel': 'case', 'lemma': 'ל'}, {'id': 83, 'text': 'ה_', 'upos': 'DET', 'xpos': 'DET', 'feats': 'PronType=Art', 'head': 84, 'deprel': 'det:def', 'lemma': 'ה'}, {'id': 84, 'text': 'קרבה', 'upos': 'NOUN', 'xpos': 'NOUN', 'feats': 'Gender=Fem|Number=Sing', 'head': 81, 'deprel': 'obl', 'lemma': 'קרבה'}]"
"(85, 86)",למגורי,,,,,"(257, 263)",,,"[{'id': 85, 'text': 'ל', 'upos': 'ADP', 'xpos': 'ADP', 'head': 86, 'deprel': 'case', 'lemma': 'ל'}, {'id': 86, 'text': 'מגורי', 'upos': 'NOUN', 'xpos': 'NOUN', 'feats': 'Definite=Cons|Gender=Masc|Number=Plur', 'head': 84, 'deprel': 'nmod', 'lemma': 'מגורי'}]"
"(87, 88)",המשפחה,,,,,"(264, 270)",,,"[{'id': 87, 'text': 'ה', 'upos': 'DET', 'xpos': 'DET', 'feats': 'PronType=Art', 'head': 88, 'deprel': 'det:def', 'lemma': 'ה'}, {'id': 88, 'text': 'משפחה', 'upos': 'NOUN', 'xpos': 'NOUN', 'feats': 'Gender=Fem|Number=Sing', 'head': 86, 'deprel': 'compound:smixut', 'lemma': 'משפחה'}]"
89,",",PUNCT,PUNCT,86.0,punct,"(271, 272)",",",,
90,קרובים,NOUN,NOUN,86.0,conj,"(273, 279)",קרוב,Gender=Masc|Number=Plur,
"(91, 92)",ועבודה,,,,,"(280, 286)",,,"[{'id': 91, 'text': 'ו', 'upos': 'CCONJ', 'xpos': 'CCONJ', 'head': 90, 'deprel': 'cc', 'lemma': 'ו'}, {'id': 92, 'text': 'עבודה', 'upos': 'NOUN', 'xpos': 'NOUN', 'feats': 'Gender=Fem|Number=Sing', 'head': 86, 'deprel': 'conj', 'lemma': 'עבודה'}]"
93,",",PUNCT,PUNCT,48.0,punct,"(287, 288)",",",,
"(94, 95)",ואילו,,,,,"(289, 294)",,,"[{'id': 94, 'text': 'ו', 'upos': 'CCONJ', 'xpos': 'CCONJ', 'head': 115, 'deprel': 'cc', 'lemma': 'ו'}, {'id': 95, 'text': 'אילו', 'upos': 'CCONJ', 'xpos': 'CCONJ', 'head': 98, 'deprel': 'advmod', 'lemma': 'אילו'}]"
96,תושבים,NOUN,NOUN,115.0,nsubj,"(295, 301)",תושב,Gender=Masc|Number=Plur,
"(97, 98)",שגרו,,,,,"(302, 306)",,,"[{'id': 97, 'text': 'ש', 'upos': 'SCONJ', 'xpos': 'SCONJ', 'head': 98, 'deprel': 'mark', 'lemma': 'ש'}, {'id': 98, 'text': 'גרו', 'upos': 'VERB', 'xpos': 'VERB', 'feats': 'Gender=Fem,Masc|HebBinyan=PAAL|Number=Plur|Person=3|Tense=Past|Voice=Act', 'head': 96, 'deprel': 'acl:relcl', 'lemma': 'גר'}]"
"(99, 101)",בעבר,,,,,"(307, 311)",,,"[{'id': 99, 'text': 'ב', 'upos': 'ADP', 'xpos': 'ADP', 'head': 59, 'deprel': 'case', 'lemma': 'ב'}, {'id': 100, 'text': 'ה_', 'upos': 'DET', 'xpos': 'DET', 'feats': 'PronType=Art', 'head': 59, 'deprel': 'det:def', 'lemma': 'ה'}, {'id': 101, 'text': 'עבר', 'upos': 'NOUN', 'xpos': 'NOUN', 'feats': 'Gender=Masc|Number=Sing', 'head': 59, 'deprel': 'nmod', 'lemma': 'עבר'}]"
"(102, 104)",במקום,,,,,"(312, 317)",,,"[{'id': 102, 'text': 'ב', 'upos': 'ADP', 'xpos': 'ADP', 'head': 104, 'deprel': 'case', 'lemma': 'ב'}, {'id': 103, 'text': 'ה_', 'upos': 'DET', 'xpos': 'DET', 'feats': 'PronType=Art', 'head': 104, 'deprel': 'det:def', 'lemma': 'ה'}, {'id': 104, 'text': 'מקום', 'upos': 'NOUN', 'xpos': 'NOUN', 'feats': 'Gender=Masc|Number=Sing', 'head': 59, 'deprel': 'nmod', 'lemma': 'מקום'}]"
105,אחר,ADJ,ADJ,104.0,amod,"(318, 321)",אחר,Gender=Masc|Number=Sing,
106,(,PUNCT,PUNCT,98.0,punct,"(322, 323)",(,,
"(107, 108)",מחוץ,,,,,"(323, 327)",,,"[{'id': 107, 'text': 'מ', 'upos': 'ADP', 'xpos': 'ADP', 'head': 66, 'deprel': 'case', 'lemma': 'מ'}, {'id': 108, 'text': 'חוץ', 'upos': 'NOUN', 'xpos': 'NOUN', 'feats': 'Gender=Masc|Number=Sing', 'head': 107, 'deprel': 'fixed', 'lemma': 'חוץ'}]"
"(109, 111)",למגדל,,,,,"(328, 333)",,,"[{'id': 109, 'text': 'ל', 'upos': 'ADP', 'xpos': 'ADP', 'head': 107, 'deprel': 'fixed', 'lemma': 'ל'}, {'id': 110, 'text': 'ה_', 'upos': 'DET', 'xpos': 'DET', 'feats': 'PronType=Art', 'head': 111, 'deprel': 'det:def', 'lemma': 'ה'}, {'id': 111, 'text': 'מגדל', 'upos': 'NOUN', 'xpos': 'NOUN', 'feats': 'Gender=Masc|Number=Sing', 'head': 98, 'deprel': 'obl', 'lemma': 'מגדל'}]"
"(112, 113)",העמק,,,,,"(334, 338)",,,"[{'id': 112, 'text': 'ה', 'upos': 'DET', 'xpos': 'DET', 'feats': 'PronType=Art', 'head': 113, 'deprel': 'det:def', 'lemma': 'ה'}, {'id': 113, 'text': 'עמק', 'upos': 'NOUN', 'xpos': 'NOUN', 'feats': 'Gender=Masc|Number=Sing', 'head': 111, 'deprel': 'compound:smixut', 'lemma': 'עמק'}]"
114,),PUNCT,PUNCT,98.0,punct,"(338, 339)",),,
115,ציינו,VERB,VERB,77.0,conj,"(340, 345)",ציין,"Gender=Fem,Masc|HebBinyan=PIEL|Number=Plur|Person=3|Tense=Past|Voice=Act",
116,בעיקר,ADV,ADV,115.0,advmod,"(346, 351)",בעיקר,,
117,את,ADP,ADP,118.0,case:acc,"(352, 354)",את,Case=Acc,
118,שיקול,NOUN,NOUN,115.0,obj,"(355, 360)",שיקול,Definite=Cons|Gender=Masc|Number=Sing,
"(119, 120)",המחיר,,,,,"(361, 366)",,,"[{'id': 119, 'text': 'ה', 'upos': 'DET', 'xpos': 'DET', 'feats': 'PronType=Art', 'head': 120, 'deprel': 'det:def', 'lemma': 'ה'}, {'id': 120, 'text': 'מחיר', 'upos': 'NOUN', 'xpos': 'NOUN', 'feats': 'Gender=Masc|Number=Sing', 'head': 118, 'deprel': 'compound:smixut', 'lemma': 'מחיר'}]"
1,□,PUNCT,PUNCT,3.0,punct,"(1, 2)",□,,
"(2, 3)",היסוס,,,,,"(3, 8)",,,"[{'id': 2, 'text': 'ה', 'upos': 'DET', 'xpos': 'DET', 'feats': 'PronType=Art', 'head': 3, 'deprel': 'det:def', 'lemma': 'ה'}, {'id': 3, 'text': 'יסוס', 'upos': 'NOUN', 'xpos': 'NOUN', 'feats': 'Gender=Masc|Number=Plur', 'head': 19, 'deprel': 'nsubj', 'lemma': 'יסוס'}]"
"(4, 6)",ים,,,,,"(8, 10)",,,"[{'id': 4, 'text': 'ים_', 'upos': 'NOUN', 'xpos': 'NOUN', 'feats': 'Definite=Def|Gender=Masc|Number=Plur', 'head': 3, 'deprel': 'nsubj', 'lemma': 'ים'}, {'id': 5, 'text': '_של_', 'upos': 'ADP', 'xpos': 'ADP', 'head': 6, 'deprel': 'case:gen', 'lemma': 'של'}, {'id': 6, 'text': '_הם', 'upos': 'PRON', 'xpos': 'PRON', 'feats': 'Case=Gen|Gender=Masc|Number=Plur|Person=3|PronType=Prs', 'head': 4, 'deprel': 'nmod:poss', 'lemma': 'הוא'}]"
"(7, 9)",לגבי,,,,,"(11, 15)",,,"[{'id': 7, 'text': 'ל', 'upos': 'ADP', 'xpos': 'ADP', 'head': 9, 'deprel': 'case', 'lemma': 'ל'}, {'id': 8, 'text': 'ה_', 'upos': 'DET', 'xpos': 'DET', 'feats': 'PronType=Art', 'head': 9, 'deprel': 'det:def', 'lemma': 'ה'}, {'id': 9, 'text': 'גבי', 'upos': 'NOUN', 'xpos': 'NOUN', 'feats': 'Xtra=Junk', 'head': 3, 'deprel': 'nmod', 'lemma': 'גב'}]"
"(10, 11)",הקניה,,,,,"(16, 21)",,,"[{'id': 10, 'text': 'ה', 'upos': 'DET', 'xpos': 'DET', 'feats': 'PronType=Art', 'head': 11, 'deprel': 'det:def', 'lemma': 'ה'}, {'id': 11, 'text': 'קניה', 'upos': 'NOUN', 'xpos': 'NOUN', 'feats': 'Gender=Fem|HebSource=ConvUncertainHead|Number=Sing', 'head': 3, 'deprel': 'dep', 'lemma': 'קניה'}]"
12,ל-,ADP,ADP,13.0,case,"(22, 24)",ל-,,
13,18,NUM,NUM,11.0,nmod,"(25, 27)",18,,
"(14, 14)",%,,,,,"(27, 28)",,,"[{'id': 14, 'text': 'ל', 'upos': 'X', 'xpos': 'X', 'feats': 'Xtra=Junk', 'head': 17, 'deprel': 'case', 'lemma': 'ל'}]"
"(15, 17)",מהרוכ,,,,,"(29, 34)",,,"[{'id': 15, 'text': 'מ', 'upos': 'X', 'xpos': 'X', 'head': 17, 'deprel': 'case', 'lemma': 'מ'}, {'id': 16, 'text': 'ה', 'upos': 'DET', 'xpos': 'DET', 'feats': 'PronType=Art', 'head': 17, 'deprel': 'det:def', 'lemma': 'ה'}, {'id': 17, 'text': 'רוכ', 'upos': 'NOUN', 'xpos': 'NOUN', 'feats': 'Gender=Masc|Number=Sing', 'head': 11, 'deprel': 'nmod', 'lemma': 'רוכ'}]"
"(18, 19)",שים,,,,,"(34, 37)",,,"[{'id': 18, 'text': 'ש', 'upos': 'SCONJ', 'xpos': 'SCONJ', 'head': 19, 'deprel': 'mark', 'lemma': 'ש'}, {'id': 19, 'text': 'ים', 'upos': 'VERB', 'xpos': 'VERB', 'feats': 'Gender=Masc|HebBinyan=PAAL|Number=Sing|Person=3|Tense=Past|Voice=Act', 'head': 0, 'deprel': 'root', 'lemma': 'ים'}]"
"(20, 21)",היו היסוסים,,,,,"(38, 49)",,,"[{'id': 20, 'text': 'ה', 'upos': 'DET', 'xpos': 'DET', 'feats': 'PronType=Art', 'head': 21, 'deprel': 'det:def', 'lemma': 'ה'}, {'id': 21, 'text': 'יוטהיסוסים', 'upos': 'NOUN', 'xpos': 'NOUN', 'head': 19, 'deprel': 'nsubj', 'lemma': 'יוטהיסוס'}]"
22,לגב י,PROPN,PROPN,19.0,dep,"(50, 55)",לגב י,,
23,קניית,NOUN,NOUN,19.0,dep,"(56, 61)",קנייה,Definite=Cons|Gender=Fem|Number=Sing,
"(24, 25)",הדירה,,,,,"(62, 67)",,,"[{'id': 24, 'text': 'ה', 'upos': 'DET', 'xpos': 'DET', 'feats': 'PronType=Art', 'head': 25, 'deprel': 'det:def', 'lemma': 'ה'}, {'id': 25, 'text': 'דירה', 'upos': 'NOUN', 'xpos': 'NOUN', 'feats': 'Gender=Fem|Number=Sing', 'head': 23, 'deprel': 'compound:smixut', 'lemma': 'דירה'}]"
26,ב,ADP,ADP,28.0,case,"(68, 69)",ב,,
"(27, 28)",מגדל,,,,,"(69, 73)",,,"[{'id': 27, 'text': 'מ', 'upos': 'NOUN', 'xpos': 'NOUN', 'head': 23, 'deprel': 'nmod', 'lemma': 'מ'}, {'id': 28, 'text': 'גדל', 'upos': 'NOUN', 'xpos': 'NOUN', 'feats': 'Definite=Cons|Gender=Masc|Number=Sing', 'head': 23, 'deprel': 'nmod', 'lemma': 'גדל'}]"
29,העמק,DET,DET,28.0,compound:smixut,"(74, 78)",העמק,PronType=Art,
1,14,NUM,NUM,2.0,nummod,"(1, 3)",14,,
2,%,NOUN,NOUN,16.0,nsubj,"(3, 4)",%,"Gender=Masc|Number=Plur,Sing",
"(3, 5)",מהרוכשים,,,,,"(5, 13)",,,"[{'id': 3, 'text': 'מ', 'upos': 'ADP', 'xpos': 'ADP', 'head': 5, 'deprel': 'case', 'lemma': 'מ'}, {'id': 4, 'text': 'ה', 'upos': 'DET', 'xpos': 'DET', 'feats': 'PronType=Art', 'head': 5, 'deprel': 'det:def', 'lemma': 'ה'}, {'id': 5, 'text': 'רוכשים', 'upos': 'NOUN', 'xpos': 'NOUN', 'feats': 'Gender=Masc|Number=Plur', 'head': 2, 'deprel': 'nmod', 'lemma': 'רכש'}]"
"(6, 7)",שגרו,,,,,"(14, 18)",,,"[{'id': 6, 'text': 'ש', 'upos': 'SCONJ', 'xpos': 'SCONJ', 'head': 7, 'deprel': 'mark', 'lemma': 'ש'}, {'id': 7, 'text': 'גרו', 'upos': 'VERB', 'xpos': 'VERB', 'feats': 'Gender=Fem,Masc|HebBinyan=PAAL|Number=Plur|Person=3|Tense=Past|Voice=Act', 'head': 5, 'deprel': 'acl:relcl', 'lemma': 'גר'}]"
8,טרם,ADP,ADP,10.0,case,"(19, 22)",טרם,,
"(9, 10)",הרכישה,,,,,"(23, 29)",,,"[{'id': 9, 'text': 'ה', 'upos': 'DET', 'xpos': 'DET', 'feats': 'PronType=Art', 'head': 10, 'deprel': 'det:def', 'lemma': 'ה'}, {'id': 10, 'text': 'רכישה', 'upos': 'NOUN', 'xpos': 'NOUN', 'feats': 'Gender=Fem|Number=Sing', 'head': 7, 'deprel': 'obl', 'lemma': 'רכישה'}]"
"(11, 13)",במגדל,,,,,"(30, 35)",,,"[{'id': 11, 'text': 'ב', 'upos': 'ADP', 'xpos': 'ADP', 'head': 13, 'deprel': 'case', 'lemma': 'ב'}, {'id': 12, 'text': 'ה_', 'upos': 'DET', 'xpos': 'DET', 'feats': 'PronType=Art', 'head': 13, 'deprel': 'det:def', 'lemma': 'ה'}, {'id': 13, 'text': 'מגדל', 'upos': 'NOUN', 'xpos': 'NOUN', 'feats': 'Definite=Cons|Gender=Masc|Number=Sing', 'head': 7, 'deprel': 'obl', 'lemma': 'מגדל'}]"
"(14, 15)",העמק,,,,,"(36, 40)",,,"[{'id': 14, 'text': 'ה', 'upos': 'DET', 'xpos': 'DET', 'feats': 'PronType=Art', 'head': 15, 'deprel': 'det:def', 'lemma': 'ה'}, {'id': 15, 'text': 'עמק', 'upos': 'NOUN', 'xpos': 'NOUN', 'feats': 'Gender=Masc|Number=Sing', 'head': 13, 'deprel': 'compound:smixut', 'lemma': 'עמק'}]"
16,היססו,VERB,VERB,0.0,root,"(41, 46)",היסס,"Gender=Fem,Masc|HebBinyan=HIFIL|Number=Plur|Person=3|Tense=Past|Voice=Act",
17,לגבי,ADP,ADP,18.0,case,"(47, 51)",לגבי,,
18,קנית,NOUN,NOUN,16.0,obl,"(52, 56)",קנית,Definite=Cons|Gender=Fem|Number=Sing,
"(19, 20)",הדירה,,,,,"(57, 62)",,,"[{'id': 19, 'text': 'ה', 'upos': 'DET', 'xpos': 'DET', 'feats': 'PronType=Art', 'head': 20, 'deprel': 'det:def', 'lemma': 'ה'}, {'id': 20, 'text': 'דירה', 'upos': 'NOUN', 'xpos': 'NOUN', 'feats': 'Gender=Fem|Number=Sing', 'head': 18, 'deprel': 'compound:smixut', 'lemma': 'דירה'}]"
21,ו,CCONJ,CCONJ,40.0,cc,"(63, 64)",ו,,
22,-,PUNCT,PUNCT,24.0,punct,"(64, 65)",-,,
23,37,NUM,NUM,24.0,nummod,"(66, 68)",37,,
24,%,NOUN,NOUN,16.0,nsubj,"(68, 69)",%,"Gender=Masc|Number=Plur,Sing",
"(25, 27)",מהרוכשים,,,,,"(70, 78)",,,"[{'id': 25, 'text': 'מ', 'upos': 'ADP', 'xpos': 'ADP', 'head': 27, 'deprel': 'case', 'lemma': 'מ'}, {'id': 26, 'text': 'ה', 'upos': 'DET', 'xpos': 'DET', 'feats': 'PronType=Art', 'head': 27, 'deprel': 'det:def', 'lemma': 'ה'}, {'id': 27, 'text': 'רוכשים', 'upos': 'NOUN', 'xpos': 'NOUN', 'feats': 'Gender=Masc|Number=Plur', 'head': 24, 'deprel': 'nmod', 'lemma': 'רכש'}]"
"(28, 29)",שלא,,,,,"(79, 82)",,,"[{'id': 28, 'text': 'ש', 'upos': 'SCONJ', 'xpos': 'SCONJ', 'head': 30, 'deprel': 'mark', 'lemma': 'ש'}, {'id': 29, 'text': 'לא', 'upos': 'ADV', 'xpos': 'ADV', 'feats': 'Polarity=Neg', 'head': 30, 'deprel': 'advmod', 'lemma': 'לא'}]"
"(30, 31)",גרו,,,,,"(83, 86)",,,"[{'id': 30, 'text': 'גרו', 'upos': 'VERB', 'xpos': 'VERB', 'feats': 'Gender=Fem,Masc|HebBinyan=PAAL|Number=Plur|Person=3|Tense=Past|Voice=Act', 'head': 27, 'deprel': 'acl:relcl', 'lemma': 'גר'}, {'id': 31, 'text': '_הוא', 'upos': 'PRON', 'xpos': 'PRON', 'feats': 'Case=Acc|Gender=Masc|Number=Sing|Person=3|PronType=Prs', 'head': 30, 'deprel': 'obj', 'lemma': 'הוא'}]"
"(32, 34)",במגדל,,,,,"(87, 92)",,,"[{'id': 32, 'text': 'ב', 'upos': 'ADP', 'xpos': 'ADP', 'head': 34, 'deprel': 'case', 'lemma': 'ב'}, {'id': 33, 'text': 'ה_', 'upos': 'DET', 'xpos': 'DET', 'feats': 'PronType=Art', 'head': 34, 'deprel': 'det:def', 'lemma': 'ה'}, {'id': 34, 'text': 'מגדל', 'upos': 'NOUN', 'xpos': 'NOUN', 'feats': 'Gender=Masc|Number=Sing', 'head': 30, 'deprel': 'obl', 'lemma': 'מגדל'}]"
"(35, 36)",העמק,,,,,"(93, 97)",,,"[{'id': 35, 'text': 'ה', 'upos': 'DET', 'xpos': 'DET', 'feats': 'PronType=Art', 'head': 36, 'deprel': 'det:def', 'lemma': 'ה'}, {'id': 36, 'text': 'עמק', 'upos': 'NOUN', 'xpos': 'NOUN', 'feats': 'Gender=Masc|Number=Sing', 'head': 34, 'deprel': 'compound:smixut', 'lemma': 'עמק'}]"
37,טרם,ADP,ADP,39.0,case,"(98, 101)",טרם,,
"(38, 39)",הרכישה,,,,,"(102, 108)",,,"[{'id': 38, 'text': 'ה', 'upos': 'DET', 'xpos': 'DET', 'feats': 'PronType=Art', 'head': 39, 'deprel': 'det:def', 'lemma': 'ה'}, {'id': 39, 'text': 'רכישה', 'upos': 'NOUN', 'xpos': 'NOUN', 'feats': 'Gender=Fem|Number=Sing', 'head': 30, 'deprel': 'obl', 'lemma': 'רכישה'}]"
40,היססו,VERB,VERB,16.0,conj,"(109, 114)",היסס,"Gender=Fem,Masc|HebBinyan=HIFIL|Number=Plur|Person=3|Tense=Past|Voice=Act",
"(1, 3)",אחוז המה,,,,,"(1, 9)",,,"[{'id': 1, 'text': 'אחוז_', 'upos': 'NOUN', 'xpos': 'NOUN', 'head': 13, 'deprel': 'compound:smixut', 'lemma': 'אחוז'}, {'id': 2, 'text': '_של_', 'upos': 'ADP', 'xpos': 'ADP', 'head': 13, 'deprel': 'case:gen', 'lemma': 'של'}, {'id': 3, 'text': '_היא', 'upos': 'NOUN', 'xpos': 'NOUN', 'feats': 'Case=Gen|Gender=Fem|Number=Sing|Person=3|PronType=Prs', 'head': 13, 'deprel': 'dep', 'lemma': 'הוא'}]"
"(4, 4)",ס,,,,,"(9, 10)",,,"[{'id': 4, 'text': 'ס', 'upos': 'DET', 'xpos': 'DET', 'feats': 'Definite=Cons|Gender=Masc|Number=Sing', 'head': 15, 'deprel': 'dep', 'lemma': 'ס'}]"
"(5, 7)",סים,,,,,"(10, 13)",,,"[{'id': 5, 'text': 'סים_', 'upos': 'NOUN', 'xpos': 'NOUN', 'head': 13, 'deprel': 'compound:smixut', 'lemma': 'סים'}, {'id': 6, 'text': '_של_', 'upos': 'ADP', 'xpos': 'ADP', 'head': 15, 'deprel': 'case:gen', 'lemma': 'של'}, {'id': 7, 'text': '_הם', 'upos': 'PRON', 'xpos': 'PRON', 'head': 13, 'deprel': 'advmod', 'lemma': 'הוא'}]"
8,לגבי,PUNCT,PUNCT,13.0,dep,"(14, 18)",לגבי,,
9,רכישת,NOUN,NOUN,13.0,dep,"(19, 24)",רכישה,,
"(10, 11)",הדירה,,,,,"(25, 30)",,,"[{'id': 10, 'text': 'ה', 'upos': 'DET', 'xpos': 'DET', 'feats': 'PronType=Art', 'head': 11, 'deprel': 'det:def', 'lemma': 'ה'}, {'id': 11, 'text': 'דירה', 'upos': 'NOUN', 'xpos': 'NOUN', 'feats': 'Gender=Fem|Number=Sing', 'head': 13, 'deprel': 'compound:smixut', 'lemma': 'דירה'}]"
"(12, 15)",נמוך ודומה לאחוז,,,,,"(31, 47)",,,"[{'id': 12, 'text': 'נ', 'upos': 'PUNCT', 'xpos': 'PUNCT', 'head': 13, 'deprel': 'dep', 'lemma': 'ן'}, {'id': 13, 'text': 'מוכאודו', 'upos': 'NOUN', 'xpos': 'NOUN', 'head': 15, 'deprel': 'dep', 'lemma': 'מוכאודו'}, {'id': 14, 'text': 'ה', 'upos': 'DET', 'xpos': 'DET', 'feats': 'PronType=Art', 'head': 13, 'deprel': 'dep', 'lemma': 'ה'}, {'id': 15, 'text': 'אצאחוז', 'upos': 'NOUN', 'xpos': 'NOUN', 'feats': 'Gender=Masc|Number=Sing', 'head': 0, 'deprel': 'root', 'lemma': 'אצאחוז'}]"
"(16, 17)",המהס,,,,,"(48, 52)",,,"[{'id': 16, 'text': 'ה', 'upos': 'NOUN', 'xpos': 'NOUN', 'head': 13, 'deprel': 'compound:smixut', 'lemma': 'ה'}, {'id': 17, 'text': 'מהס', 'upos': 'DET', 'xpos': 'DET', 'feats': 'Gender=Masc|HebBinyan=HUFAL|Number=Sing|Person=1,2,3|VerbForm=Part|Voice=Pass', 'head': 15, 'deprel': 'dep', 'lemma': 'מהס'}]"
"(18, 20)",סים,,,,,"(52, 55)",,,"[{'id': 18, 'text': 'סים_', 'upos': 'NOUN', 'xpos': 'NOUN', 'feats': 'Definite=Def|Gender=Masc|Number=Sing', 'head': 15, 'deprel': 'compound:smixut', 'lemma': 'סים'}, {'id': 19, 'text': '_של_', 'upos': 'ADP', 'xpos': 'ADP', 'head': 15, 'deprel': 'case:gen', 'lemma': 'של'}, {'id': 20, 'text': '_הם', 'upos': 'PRON', 'xpos': 'PRON', 'head': 13, 'deprel': 'advmod', 'lemma': 'הוא'}]"
"(21, 22)",באש,,,,,"(56, 59)",,,"[{'id': 21, 'text': 'ב', 'upos': 'ADP', 'xpos': 'ADP', 'head': 13, 'deprel': 'dep', 'lemma': 'ב'}, {'id': 22, 'text': 'אש', 'upos': 'NOUN', 'xpos': 'NOUN', 'feats': 'Gender=Masc|Number=Sing', 'head': 13, 'deprel': 'dep', 'lemma': 'אש'}]"
"(23, 25)",קלון,,,,,"(59, 63)",,,"[{'id': 23, 'text': 'קלון_', 'upos': 'NOUN', 'xpos': 'NOUN', 'head': 13, 'deprel': 'dep', 'lemma': 'קלון'}, {'id': 24, 'text': '_של_', 'upos': 'ADP', 'xpos': 'ADP', 'head': 13, 'deprel': 'case:gen', 'lemma': 'של'}, {'id': 25, 'text': '_הן', 'upos': 'PRON', 'xpos': 'PRON', 'head': 13, 'deprel': 'advmod', 'lemma': 'הוא'}]"
26,",",PUNCT,PUNCT,13.0,punct,"(64, 65)",",",,
"(27, 28)",שכונת שח,,,,,"(66, 74)",,,"[{'id': 27, 'text': 'ש', 'upos': 'SCONJ', 'xpos': 'SCONJ', 'head': 13, 'deprel': 'dep', 'lemma': 'ש'}, {'id': 28, 'text': 'כונתפשח', 'upos': 'NOUN', 'xpos': 'NOUN', 'feats': 'Definite=Cons|Gender=Masc|Number=Sing', 'head': 13, 'deprel': 'advmod', 'lemma': 'כונתפשח'}]"
29,מון אילת,NOUN,NOUN,13.0,dep,"(74, 82)",מוגנאיל,,
"(30, 32)",ובש,,,,,"(83, 86)",,,"[{'id': 30, 'text': 'ו', 'upos': 'ADV', 'xpos': 'ADV', 'head': 48, 'deprel': 'dep', 'lemma': 'ו'}, {'id': 31, 'text': 'ב', 'upos': 'ADV', 'xpos': 'ADV', 'head': 13, 'deprel': 'dep', 'lemma': 'ב'}, {'id': 32, 'text': 'ש', 'upos': 'ADV', 'xpos': 'ADV', 'head': 13, 'deprel': 'dep', 'lemma': 'ש'}]"
"(33, 33)",כ,,,,,"(86, 87)",,,"[{'id': 33, 'text': 'כ', 'upos': 'PUNCT', 'xpos': 'PUNCT', 'head': 13, 'deprel': 'dep', 'lemma': 'כ'}]"
"(34, 35)",ונות,,,,,"(87, 91)",,,"[{'id': 34, 'text': 'ו', 'upos': 'CCONJ', 'xpos': 'CCONJ', 'head': 48, 'deprel': 'dep', 'lemma': 'ו'}, {'id': 35, 'text': 'נות', 'upos': 'NOUN', 'xpos': 'NOUN', 'feats': 'Gender=Masc|Number=Sing', 'head': 13, 'deprel': 'advmod', 'lemma': 'נות'}]"
"(36, 38)",רמות,,,,,"(92, 96)",,,"[{'id': 36, 'text': 'רמות_', 'upos': 'NOUN', 'xpos': 'NOUN', 'head': 13, 'deprel': 'compound:smixut', 'lemma': 'רמות'}, {'id': 37, 'text': '_של_', 'upos': 'ADP', 'xpos': 'ADP', 'head': 13, 'deprel': 'case:gen', 'lemma': 'של'}, {'id': 38, 'text': '_היא', 'upos': 'NOUN', 'xpos': 'NOUN', 'feats': 'Case=Gen|Gender=Fem|Number=Sing|Person=3|PronType=Prs', 'head': 13, 'deprel': 'dep', 'lemma': 'הוא'}]"
39,",",PUNCT,PUNCT,13.0,punct,"(96, 97)",",",,
"(40, 41)",נ,,,,,"(98, 99)",,,"[{'id': 40, 'text': 'נ', 'upos': 'PUNCT', 'xpos': 'PUNCT', 'head': 13, 'deprel': 'dep', 'lemma': 'ן'}, {'id': 41, 'text': 'ה', 'upos': 'DET', 'xpos': 'DET', 'head': 13, 'deprel': 'dep', 'lemma': 'ה'}]"
"(42, 44)",ווה,,,,,"(99, 102)",,,"[{'id': 42, 'text': 'ו', 'upos': 'ADV', 'xpos': 'ADV', 'head': 13, 'deprel': 'dep', 'lemma': 'ו'}, {'id': 43, 'text': 'ו', 'upos': 'ADV', 'xpos': 'ADV', 'head': 13, 'deprel': 'dep', 'lemma': 'ו'}, {'id': 44, 'text': 'ה', 'upos': 'DET', 'xpos': 'DET', 'head': 13, 'deprel': 'dep', 'lemma': 'ה'}]"
"(45, 46)",זאב,,,,,"(103, 106)",,,"[{'id': 45, 'text': 'ז', 'upos': 'ADV', 'xpos': 'ADV', 'head': 13, 'deprel': 'dep', 'lemma': 'ז'}, {'id': 46, 'text': 'אב', 'upos': 'ADV', 'xpos': 'ADV', 'head': 13, 'deprel': 'dep', 'lemma': 'אב'}]"
"(47, 48)",ושכונות,,,,,"(107, 114)",,,"[{'id': 47, 'text': 'ו', 'upos': 'ADV', 'xpos': 'ADV', 'head': 48, 'deprel': 'dep', 'lemma': 'ו'}, {'id': 48, 'text': 'שכונות', 'upos': 'NOUN', 'xpos': 'NOUN', 'head': 13, 'deprel': 'dep', 'lemma': 'שכונה'}]"
"(49, 49)",ג,,,,,"(115, 116)",,,"[{'id': 49, 'text': 'ג', 'upos': 'PUNCT', 'xpos': 'PUNCT', 'head': 13, 'deprel': 'dep', 'lemma': 'ג'}]"
50,',PUNCT,PUNCT,13.0,dep,"(116, 117)",',HebSource=ConvUncertainHead,
51,וד',PUNCT,PUNCT,13.0,dep,"(118, 121)",וד',,
"(52, 53)",בבאר,,,,,"(122, 126)",,,"[{'id': 52, 'text': 'ב', 'upos': 'ADP', 'xpos': 'ADP', 'head': 48, 'deprel': 'dep', 'lemma': 'ב'}, {'id': 53, 'text': 'באר', 'upos': 'NOUN', 'xpos': 'NOUN', 'head': 48, 'deprel': 'dep', 'lemma': 'באר'}]"
54,שבע,NUM,NUM,13.0,dep,"(127, 130)",שבע,,
1,עיקר,NOUN,NOUN,11.0,nsubj:cop,"(1, 5)",עיקר,Definite=Cons|Gender=Masc|Number=Sing,
"(2, 3)",הסיבות,,,,,"(6, 12)",,,"[{'id': 2, 'text': 'ה', 'upos': 'DET', 'xpos': 'DET', 'feats': 'PronType=Art', 'head': 3, 'deprel': 'det:def', 'lemma': 'ה'}, {'id': 3, 'text': 'סיבות', 'upos': 'NOUN', 'xpos': 'NOUN', 'feats': 'Gender=Fem|Number=Plur', 'head': 1, 'deprel': 'compound:smixut', 'lemma': 'סיבה'}]"
"(4, 6)",להיסוסים,,,,,"(13, 21)",,,"[{'id': 4, 'text': 'ל', 'upos': 'ADP', 'xpos': 'ADP', 'head': 6, 'deprel': 'case', 'lemma': 'ל'}, {'id': 5, 'text': 'ה_', 'upos': 'DET', 'xpos': 'DET', 'feats': 'PronType=Art', 'head': 6, 'deprel': 'det:def', 'lemma': 'ה'}, {'id': 6, 'text': 'היסוסים', 'upos': 'NOUN', 'xpos': 'NOUN', 'feats': 'Gender=Masc|Number=Plur', 'head': 3, 'deprel': 'nmod', 'lemma': 'היסוס'}]"
7,הם,AUX,AUX,11.0,cop,"(22, 24)",הוא,Gender=Masc|Number=Plur|Person=3|Polarity=Pos|VerbForm=Part|VerbType=Cop,
8,(,PUNCT,PUNCT,11.0,punct,"(25, 26)",(,,
9,מתוך,ADP,ADP,11.0,case,"(26, 30)",מתוך,,
"(10, 11)",המהססים,,,,,"(31, 38)",,,"[{'id': 10, 'text': 'ה', 'upos': 'DET', 'xpos': 'DET', 'feats': 'PronType=Art', 'head': 11, 'deprel': 'det:def', 'lemma': 'ה'}, {'id': 11, 'text': 'מהססים', 'upos': 'NOUN', 'xpos': 'NOUN', 'feats': 'Gender=Masc|Number=Plur', 'head': 0, 'deprel': 'root', 'lemma': 'היסס'}]"
12,),PUNCT,PUNCT,11.0,punct,"(38, 39)",),,
13,:,PUNCT,PUNCT,11.0,punct,"(39, 40)",:,,
14,26,NUM,NUM,15.0,nummod,"(41, 43)",26,,
15,%,NOUN,NOUN,11.0,dep,"(43, 44)",%,"Gender=Masc|Number=Plur,Sing",
16,-,PUNCT,PUNCT,15.0,punct,"(45, 46)",-,,
17,תדמית,NOUN,NOUN,15.0,dep,"(47, 52)",תדמית,Definite=Cons|Gender=Fem|Number=Sing,
"(18, 19)",המקום,,,,,"(53, 58)",,,"[{'id': 18, 'text': 'ה', 'upos': 'DET', 'xpos': 'DET', 'feats': 'PronType=Art', 'head': 19, 'deprel': 'det:def', 'lemma': 'ה'}, {'id': 19, 'text': 'מקום', 'upos': 'NOUN', 'xpos': 'NOUN', 'feats': 'Gender=Masc|Number=Sing', 'head': 17, 'deprel': 'compound:smixut', 'lemma': 'מקום'}]"
20,24,NUM,NUM,21.0,nummod,"(59, 61)",24,,
21,%,NOUN,NOUN,15.0,nummod,"(61, 62)",%,"Gender=Masc|Number=Plur,Sing",
22,-,PUNCT,PUNCT,23.0,punct,"(63, 64)",-,,
23,מחיר,NOUN,NOUN,17.0,dep,"(65, 69)",מחיר,Definite=Cons|Gender=Masc|Number=Sing,
"(24, 25)",הדירות,,,,,"(70, 76)",,,"[{'id': 24, 'text': 'ה', 'upos': 'DET', 'xpos': 'DET', 'feats': 'PronType=Art', 'head': 25, 'deprel': 'det:def', 'lemma': 'ה'}, {'id': 25, 'text': 'דירות', 'upos': 'NOUN', 'xpos': 'NOUN', 'feats': 'Gender=Fem|Number=Plur', 'head': 23, 'deprel': 'compound:smixut', 'lemma': 'דירה'}]"
26,17,NUM,NUM,27.0,nummod,"(77, 79)",17,,
27,%,NOUN,NOUN,23.0,dep,"(79, 80)",%,"Gender=Masc|Number=Plur,Sing",
28,-,PUNCT,PUNCT,30.0,punct,"(81, 82)",-,,
"(29, 30)",האוכלוסיה,,,,,"(83, 92)",,,"[{'id': 29, 'text': 'ה', 'upos': 'DET', 'xpos': 'DET', 'feats': 'PronType=Art', 'head': 30, 'deprel': 'det:def', 'lemma': 'ה'}, {'id': 30, 'text': 'אוכלוסיה', 'upos': 'NOUN', 'xpos': 'NOUN', 'feats': 'Gender=Fem|Number=Sing', 'head': 27, 'deprel': 'nmod', 'lemma': 'אוכלוסיה'}]"
"(31, 33)",במקום,,,,,"(93, 98)",,,"[{'id': 31, 'text': 'ב', 'upos': 'ADP', 'xpos': 'ADP', 'head': 33, 'deprel': 'case', 'lemma': 'ב'}, {'id': 32, 'text': 'ה_', 'upos': 'DET', 'xpos': 'DET', 'feats': 'PronType=Art', 'head': 33, 'deprel': 'det:def', 'lemma': 'ה'}, {'id': 33, 'text': 'מקום', 'upos': 'NOUN', 'xpos': 'NOUN', 'feats': 'Gender=Masc|Number=Sing', 'head': 30, 'deprel': 'nmod', 'lemma': 'מקום'}]"
34,□,PUNCT,PUNCT,11.0,dep,"(99, 100)",□,,
35,מקורות,NOUN,NOUN,11.0,dep,"(101, 107)",מקור,Definite=Cons|Gender=Masc|Number=Plur,
36,מידע,NOUN,NOUN,35.0,compound:smixut,"(108, 112)",מידע,Gender=Masc|Number=Sing,
37,מקורות,NOUN,NOUN,53.0,nsubj:cop,"(113, 119)",מקור,Definite=Cons|Gender=Masc|Number=Plur,
"(38, 39)",המידע,,,,,"(120, 125)",,,"[{'id': 38, 'text': 'ה', 'upos': 'DET', 'xpos': 'DET', 'feats': 'PronType=Art', 'head': 39, 'deprel': 'det:def', 'lemma': 'ה'}, {'id': 39, 'text': 'מידע', 'upos': 'NOUN', 'xpos': 'NOUN', 'feats': 'Gender=Masc|Number=Sing', 'head': 37, 'deprel': 'compound:smixut', 'lemma': 'מידע'}]"
"(40, 41)",העיקריים,,,,,"(126, 134)",,,"[{'id': 40, 'text': 'ה', 'upos': 'DET', 'xpos': 'DET', 'feats': 'PronType=Art', 'head': 41, 'deprel': 'det:def', 'lemma': 'ה'}, {'id': 41, 'text': 'עיקריים', 'upos': 'ADJ', 'xpos': 'ADJ', 'feats': 'Gender=Masc|Number=Plur', 'head': 37, 'deprel': 'amod', 'lemma': 'עיקרי'}]"
"(42, 43)",שצוינו,,,,,"(135, 141)",,,"[{'id': 42, 'text': 'ש', 'upos': 'SCONJ', 'xpos': 'SCONJ', 'head': 43, 'deprel': 'mark', 'lemma': 'ש'}, {'id': 43, 'text': 'צוינו', 'upos': 'VERB', 'xpos': 'VERB', 'feats': 'Gender=Fem,Masc|HebBinyan=PUAL|Number=Plur|Person=3|Tense=Past|Voice=Pass', 'head': 37, 'deprel': 'acl:relcl', 'lemma': 'צוין'}]"
44,על,ADP,ADP,46.0,case,"(142, 144)",על,,
45,ידי,NOUN,NOUN,44.0,fixed,"(145, 148)",יד,Definite=Cons|Gender=Fem|Number=Plur,
46,קוני,NOUN,NOUN,43.0,obl,"(149, 153)",קונה,Definite=Cons|Gender=Masc|Number=Plur,
"(47, 48)",הדירות,,,,,"(154, 160)",,,"[{'id': 47, 'text': 'ה', 'upos': 'DET', 'xpos': 'DET', 'feats': 'PronType=Art', 'head': 48, 'deprel': 'det:def', 'lemma': 'ה'}, {'id': 48, 'text': 'דירות', 'upos': 'NOUN', 'xpos': 'NOUN', 'feats': 'Gender=Fem|Number=Plur', 'head': 46, 'deprel': 'compound:smixut', 'lemma': 'דירה'}]"
49,הם,AUX,AUX,53.0,cop,"(161, 163)",הוא,Gender=Masc|Number=Plur|Person=3|Polarity=Pos|VerbForm=Part|VerbType=Cop,
50,כדלקמן,ADV,ADV,53.0,det,"(164, 170)",כדלקמן,,
51,:,PUNCT,PUNCT,53.0,punct,"(170, 171)",:,,
52,27,NUM,NUM,53.0,nummod,"(172, 174)",27,,
53,%,NOUN,NOUN,11.0,dep,"(174, 175)",%,"Gender=Masc|Number=Plur,Sing",
54,-,PUNCT,PUNCT,53.0,punct,"(176, 177)",-,,
55,חברים,NOUN,NOUN,53.0,dep,"(178, 183)",חבר,Gender=Masc|Number=Plur,
"(56, 57)",ומשפחה,,,,,"(184, 190)",,,"[{'id': 56, 'text': 'ו', 'upos': 'CCONJ', 'xpos': 'CCONJ', 'head': 57, 'deprel': 'cc', 'lemma': 'ו'}, {'id': 57, 'text': 'משפחה', 'upos': 'NOUN', 'xpos': 'NOUN', 'feats': 'Gender=Fem|Number=Sing', 'head': 55, 'deprel': 'conj', 'lemma': 'משפחה'}]"
58,22,NUM,NUM,59.0,nummod,"(191, 193)",22,,
59,%,NOUN,NOUN,53.0,dep,"(193, 194)",%,"Gender=Masc|Number=Plur,Sing",
60,-,PUNCT,PUNCT,53.0,punct,"(195, 196)",-,,
61,פרסום,NOUN,NOUN,53.0,dep,"(197, 202)",פרסום,Gender=Masc|Number=Sing,
"(62, 64)",בעיתון,,,,,"(203, 209)",,,"[{'id': 62, 'text': 'ב', 'upos': 'ADP', 'xpos': 'ADP', 'head': 64, 'deprel': 'case', 'lemma': 'ב'}, {'id': 63, 'text': 'ה_', 'upos': 'DET', 'xpos': 'DET', 'feats': 'PronType=Art', 'head': 64, 'deprel': 'det:def', 'lemma': 'ה'}, {'id': 64, 'text': 'עיתון', 'upos': 'NOUN', 'xpos': 'NOUN', 'feats': 'Gender=Masc|Number=Sing', 'head': 61, 'deprel': 'nmod', 'lemma': 'עיתון'}]"
65,18,NUM,NUM,53.0,nummod,"(210, 212)",18,,
66,%,NOUN,NOUN,53.0,dep,"(212, 213)",%,"Gender=Masc|Number=Plur,Sing",
67,-,PUNCT,PUNCT,53.0,punct,"(214, 215)",-,,
68,דרך,NOUN,NOUN,53.0,dep,"(216, 219)",דרך,Gender=Fem|HebSource=ConvUncertainHead|Number=Sing,
69,תיווך,NOUN,NOUN,68.0,nmod,"(220, 225)",תיווך,Gender=Masc|Number=Sing,
70,/,PUNCT,PUNCT,68.0,punct,"(226, 227)",/,,
71,משרדי,NOUN,NOUN,69.0,conj,"(228, 233)",משרד,Definite=Cons|Gender=Masc|Number=Plur,
72,מכירות,NOUN,NOUN,71.0,compound:smixut,"(234, 240)",מכירה,Gender=Fem|Number=Plur,
73,18,NUM,NUM,74.0,nummod,"(241, 243)",18,,
74,%,NOUN,NOUN,53.0,nmod,"(243, 244)",%,"Gender=Masc|Number=Plur,Sing",
75,-,PUNCT,PUNCT,53.0,punct,"(245, 246)",-,,
76,עברו,VERB,VERB,53.0,dep,"(247, 251)",עבר,"Gender=Fem,Masc|Number=Plur|Person=3|Tense=Past",
"(77, 79)",במקום,,,,,"(252, 257)",,,"[{'id': 77, 'text': 'ב', 'upos': 'ADP', 'xpos': 'ADP', 'head': 79, 'deprel': 'case', 'lemma': 'ב'}, {'id': 78, 'text': 'ה_', 'upos': 'DET', 'xpos': 'DET', 'feats': 'PronType=Art', 'head': 79, 'deprel': 'det:def', 'lemma': 'ה'}, {'id': 79, 'text': 'מקום', 'upos': 'NOUN', 'xpos': 'NOUN', 'feats': 'Gender=Masc|Number=Sing', 'head': 76, 'deprel': 'obl', 'lemma': 'מקום'}]"
80,/,PUNCT,PUNCT,76.0,punct,"(257, 258)",/,,
"(81, 82)",באתר,,,,,"(258, 262)",,,"[{'id': 81, 'text': 'ב', 'upos': 'ADP', 'xpos': 'ADP', 'head': 82, 'deprel': 'case', 'lemma': 'ב'}, {'id': 82, 'text': 'אתר', 'upos': 'NOUN', 'xpos': 'NOUN', 'feats': 'Gender=Masc|Number=Sing', 'head': 79, 'deprel': 'conj', 'lemma': 'אתר'}]"
"(83, 84)",במקרה,,,,,"(263, 268)",,,"[{'id': 83, 'text': 'ב', 'upos': 'ADP', 'xpos': 'ADP', 'head': 84, 'deprel': 'case', 'lemma': 'ב'}, {'id': 84, 'text': 'מקרה', 'upos': 'NOUN', 'xpos': 'NOUN', 'feats': 'Gender=Masc|Number=Sing', 'head': 76, 'deprel': 'obl', 'lemma': 'מקרה'}]"
85,2,NUM,NUM,84.0,nummod,"(269, 270)",2,,
1,2,NUM,NUM,2.0,nummod,"(0, 1)",2,,
2,מסקנות,NOUN,NOUN,8.0,nmod,"(2, 8)",מסקנה,Gender=Fem|Number=Plur,
3,□,PUNCT,PUNCT,8.0,punct,"(9, 10)",□,,
4,מגדל,NOUN,NOUN,8.0,nsubj:cop,"(11, 15)",מגדל,Definite=Cons|Gender=Masc|Number=Sing,
"(5, 6)",העמק,,,,,"(16, 20)",,,"[{'id': 5, 'text': 'ה', 'upos': 'DET', 'xpos': 'DET', 'feats': 'PronType=Art', 'head': 6, 'deprel': 'det:def', 'lemma': 'ה'}, {'id': 6, 'text': 'עמק', 'upos': 'NOUN', 'xpos': 'NOUN', 'feats': 'Gender=Masc|Number=Sing', 'head': 4, 'deprel': 'compound:smixut', 'lemma': 'עמק'}]"
7,הינה,AUX,AUX,8.0,cop,"(21, 25)",הינה,Gender=Fem|Number=Sing|Person=3|Polarity=Pos|VerbForm=Part|VerbType=Cop,
8,עיר,NOUN,NOUN,0.0,root,"(26, 29)",עיר,Gender=Fem|Number=Sing,
9,אשר,SCONJ,SCONJ,13.0,mark,"(30, 33)",אשר,,
"(10, 12)",אוכלוסיתה,,,,,"(34, 43)",,,"[{'id': 10, 'text': 'אוכלוסית_', 'upos': 'NOUN', 'xpos': 'NOUN', 'feats': 'Definite=Def|Gender=Fem|Number=Sing', 'head': 13, 'deprel': 'nsubj', 'lemma': 'אוכלוסית'}, {'id': 11, 'text': '_של_', 'upos': 'ADP', 'xpos': 'ADP', 'head': 12, 'deprel': 'case:gen', 'lemma': 'של'}, {'id': 12, 'text': '_היא', 'upos': 'PRON', 'xpos': 'PRON', 'feats': 'Case=Gen|Gender=Fem|Number=Sing|Person=3|PronType=Prs', 'head': 10, 'deprel': 'nmod:poss', 'lemma': 'הוא'}]"
13,מורכבת,VERB,VERB,8.0,acl:relcl,"(44, 50)",הורכב,"Gender=Fem|HebBinyan=HUFAL|Number=Sing|Person=1,2,3|VerbForm=Part|Voice=Pass",
"(14, 15)",ברובה,,,,,"(51, 56)",,,"[{'id': 14, 'text': 'ב', 'upos': 'ADP', 'xpos': 'ADP', 'head': 15, 'deprel': 'case', 'lemma': 'ב'}, {'id': 15, 'text': 'רובה', 'upos': 'NOUN', 'xpos': 'NOUN', 'feats': 'Gender=Masc|Number=Sing', 'head': 13, 'deprel': 'obl', 'lemma': 'רובה'}]"
"(16, 17)",מעולים,,,,,"(57, 63)",,,"[{'id': 16, 'text': 'מ', 'upos': 'ADP', 'xpos': 'ADP', 'head': 17, 'deprel': 'case', 'lemma': 'מ'}, {'id': 17, 'text': 'עולים', 'upos': 'NOUN', 'xpos': 'NOUN', 'feats': 'Gender=Masc|Number=Plur', 'head': 13, 'deprel': 'obl', 'lemma': 'עולה'}]"
18,חדשים,ADJ,ADJ,17.0,amod,"(64, 69)",חדש,Gender=Masc|Number=Plur,
"(19, 20)",מארצות,,,,,"(70, 76)",,,"[{'id': 19, 'text': 'מ', 'upos': 'ADP', 'xpos': 'ADP', 'head': 20, 'deprel': 'case', 'lemma': 'מ'}, {'id': 20, 'text': 'ארצות', 'upos': 'NOUN', 'xpos': 'NOUN', 'feats': 'Definite=Cons|Gender=Fem|Number=Plur', 'head': 17, 'deprel': 'nmod', 'lemma': 'ארץ'}]"
"(21, 22)",חבר,,,,,"(77, 80)",,,"[{'id': 21, 'text': 'חבר', 'upos': 'NOUN', 'xpos': 'NOUN', 'feats': 'Definite=Cons|Gender=Masc|Number=Sing', 'head': 20, 'deprel': 'compound:smixut', 'lemma': 'חבר'}, {'id': 22, 'text': '_הר', 'upos': 'NOUN', 'xpos': 'NOUN', 'feats': 'Definite=Def|Gender=Masc|Number=Sing', 'head': 21, 'deprel': 'compound:smixut', 'lemma': '_הר'}]"
"(23, 24)",העמים,,,,,"(81, 86)",,,"[{'id': 23, 'text': 'ה', 'upos': 'DET', 'xpos': 'DET', 'feats': 'PronType=Art', 'head': 24, 'deprel': 'det:def', 'lemma': 'ה'}, {'id': 24, 'text': 'עמים', 'upos': 'NOUN', 'xpos': 'NOUN', 'feats': 'Gender=Masc|Number=Plur', 'head': 21, 'deprel': 'nmod', 'lemma': 'עם'}]"
25,לשעבר,ADV,ADV,20.0,advmod,"(87, 92)",לשעבר,,
"(1, 2)",הרוכשים,,,,,"(1, 8)",,,"[{'id': 1, 'text': 'ה', 'upos': 'DET', 'xpos': 'DET', 'feats': 'PronType=Art', 'head': 2, 'deprel': 'det:def', 'lemma': 'ה'}, {'id': 2, 'text': 'רוכשים', 'upos': 'NOUN', 'xpos': 'NOUN', 'feats': 'Gender=Masc|Number=Plur', 'head': 7, 'deprel': 'nsubj', 'lemma': 'רכש'}]"
3,הינם,AUX,AUX,7.0,cop,"(9, 13)",הוא,Gender=Masc|Number=Plur|Person=3|Polarity=Pos|VerbForm=Part|VerbType=Cop,
"(4, 5)",בדרך,,,,,"(14, 18)",,,"[{'id': 4, 'text': 'ב', 'upos': 'ADP', 'xpos': 'ADP', 'head': 7, 'deprel': 'advmod', 'lemma': 'ב'}, {'id': 5, 'text': 'דרך', 'upos': 'NOUN', 'xpos': 'NOUN', 'feats': 'Definite=Cons|Gender=Fem|Number=Sing', 'head': 4, 'deprel': 'fixed', 'lemma': 'דרך'}]"
6,כלל,NOUN,NOUN,4.0,fixed,"(19, 22)",כלל,Gender=Masc|Number=Sing,
7,בעלי,NOUN,NOUN,0.0,root,"(23, 27)",בעל,Definite=Cons|Gender=Masc|Number=Plur,
8,השכלה,NOUN,NOUN,7.0,compound:smixut,"(28, 33)",השכלה,Gender=Fem|Number=Sing,
9,ממוצעת,ADJ,ADJ,8.0,amod,"(34, 40)",ממוצע,Gender=Fem|Number=Sing,
"(10, 11)",והכנסה,,,,,"(41, 47)",,,"[{'id': 10, 'text': 'ו', 'upos': 'CCONJ', 'xpos': 'CCONJ', 'head': 11, 'deprel': 'cc', 'lemma': 'ו'}, {'id': 11, 'text': 'הכנסה', 'upos': 'NOUN', 'xpos': 'NOUN', 'feats': 'Gender=Fem|Number=Sing', 'head': 8, 'deprel': 'conj', 'lemma': 'הכנסה'}]"
12,נמוכה,ADJ,ADJ,11.0,amod,"(48, 53)",נמוך,Gender=Fem|Number=Sing,
"(13, 15)",מהממוצע,,,,,"(54, 61)",,,"[{'id': 13, 'text': 'מ', 'upos': 'ADP', 'xpos': 'ADP', 'head': 15, 'deprel': 'case', 'lemma': 'מ'}, {'id': 14, 'text': 'ה', 'upos': 'DET', 'xpos': 'DET', 'feats': 'PronType=Art', 'head': 15, 'deprel': 'det:def', 'lemma': 'ה'}, {'id': 15, 'text': 'ממוצע', 'upos': 'NOUN', 'xpos': 'NOUN', 'feats': 'Gender=Masc|Number=Sing', 'head': 11, 'deprel': 'nmod', 'lemma': 'ממוצע'}]"
"(16, 17)",באזורים,,,,,"(62, 69)",,,"[{'id': 16, 'text': 'ב', 'upos': 'ADP', 'xpos': 'ADP', 'head': 17, 'deprel': 'case', 'lemma': 'ב'}, {'id': 17, 'text': 'אזורים', 'upos': 'NOUN', 'xpos': 'NOUN', 'feats': 'Gender=Masc|Number=Plur', 'head': 11, 'deprel': 'nmod', 'lemma': 'אזור'}]"
18,אחרים,ADJ,ADJ,17.0,amod,"(70, 75)",אחר,Gender=Masc|Number=Plur,
"(19, 21)",בארץ,,,,,"(76, 80)",,,"[{'id': 19, 'text': 'ב', 'upos': 'ADP', 'xpos': 'ADP', 'head': 21, 'deprel': 'case', 'lemma': 'ב'}, {'id': 20, 'text': 'ה_', 'upos': 'DET', 'xpos': 'DET', 'feats': 'PronType=Art', 'head': 21, 'deprel': 'det:def', 'lemma': 'ה'}, {'id': 21, 'text': 'ארץ', 'upos': 'NOUN', 'xpos': 'NOUN', 'feats': 'Gender=Fem|Number=Sing', 'head': 17, 'deprel': 'nmod', 'lemma': 'ארץ'}]"
1,□,PUNCT,PUNCT,11.0,punct,"(1, 2)",□,,
2,רוכשי,NOUN,NOUN,11.0,nsubj:cop,"(3, 8)",רוכש,Definite=Cons|Gender=Masc|Number=Plur,
"(3, 4)",הדירות,,,,,"(9, 15)",,,"[{'id': 3, 'text': 'ה', 'upos': 'DET', 'xpos': 'DET', 'feats': 'PronType=Art', 'head': 4, 'deprel': 'det:def', 'lemma': 'ה'}, {'id': 4, 'text': 'דירות', 'upos': 'NOUN', 'xpos': 'NOUN', 'feats': 'Gender=Fem|Number=Plur', 'head': 2, 'deprel': 'compound:smixut', 'lemma': 'דירה'}]"
"(5, 7)",במגדל,,,,,"(16, 21)",,,"[{'id': 5, 'text': 'ב', 'upos': 'ADP', 'xpos': 'ADP', 'head': 7, 'deprel': 'case', 'lemma': 'ב'}, {'id': 6, 'text': 'ה_', 'upos': 'DET', 'xpos': 'DET', 'feats': 'PronType=Art', 'head': 7, 'deprel': 'det:def', 'lemma': 'ה'}, {'id': 7, 'text': 'מגדל', 'upos': 'NOUN', 'xpos': 'NOUN', 'feats': 'Gender=Masc|Number=Sing', 'head': 2, 'deprel': 'nmod', 'lemma': 'מגדל'}]"
"(8, 9)",העמק,,,,,"(22, 26)",,,"[{'id': 8, 'text': 'ה', 'upos': 'DET', 'xpos': 'DET', 'feats': 'PronType=Art', 'head': 9, 'deprel': 'det:def', 'lemma': 'ה'}, {'id': 9, 'text': 'עמק', 'upos': 'NOUN', 'xpos': 'NOUN', 'feats': 'Gender=Masc|Number=Sing', 'head': 7, 'deprel': 'compound:smixut', 'lemma': 'עמק'}]"
10,הם,AUX,AUX,11.0,cop,"(27, 29)",הוא,Gender=Masc|Number=Plur|Person=3|Polarity=Pos|VerbForm=Part|VerbType=Cop,
11,משפחות,NOUN,NOUN,0.0,root,"(30, 36)",משפחה,Gender=Fem|Number=Plur,
12,לאחר,ADP,ADP,16.0,case,"(37, 41)",לאחר,,
13,כ,ADV,ADV,16.0,advmod,"(42, 43)",כ,,
14,-,PUNCT,PUNCT,16.0,punct,"(43, 44)",-,,
15,16,NUM,NUM,16.0,nummod,"(45, 47)",16,,
16,שנות,NOUN,NOUN,11.0,nmod,"(48, 52)",שנה,Definite=Cons|Gender=Fem|Number=Plur,
17,נשואים,NOUN,NOUN,16.0,compound:smixut,"(53, 59)",נשוא,Gender=Masc|Number=Plur,
"(18, 19)",שלהן,,,,,"(60, 64)",,,"[{'id': 18, 'text': 'של_', 'upos': 'ADP', 'xpos': 'ADP', 'feats': 'Case=Gen', 'head': 19, 'deprel': 'case:gen', 'lemma': 'של'}, {'id': 19, 'text': '_הן', 'upos': 'PRON', 'xpos': 'PRON', 'feats': 'Gender=Fem|Number=Plur|Person=3|PronType=Prs', 'head': 16, 'deprel': 'nmod', 'lemma': 'הוא'}]"
"(20, 21)",כשני,,,,,"(65, 69)",,,"[{'id': 20, 'text': 'כ', 'upos': 'ADP', 'xpos': 'ADP', 'head': 22, 'deprel': 'det', 'lemma': 'כ'}, {'id': 21, 'text': 'שני', 'upos': 'NUM', 'xpos': 'NUM', 'feats': 'Definite=Cons|Gender=Masc|Number=Plur', 'head': 22, 'deprel': 'nummod', 'lemma': 'שני'}]"
22,ילדים,NOUN,NOUN,16.0,nmod,"(70, 75)",ילד,Gender=Masc|Number=Plur,
23,",",PUNCT,PUNCT,16.0,punct,"(76, 77)",",",,
"(24, 25)",רובם,,,,,"(78, 82)",,,"[{'id': 24, 'text': 'רובם', 'upos': 'NOUN', 'xpos': 'NOUN', 'feats': 'Gender=Masc|Number=Sing', 'head': 26, 'deprel': 'nsubj', 'lemma': 'רובם'}, {'id': 25, 'text': '_הם', 'upos': 'PRON', 'xpos': 'PRON', 'feats': 'Case=Gen|Gender=Masc|Number=Plur|Person=3|PronType=Prs', 'head': 24, 'deprel': 'nmod:poss', 'lemma': 'הוא'}]"
26,גרו,VERB,VERB,16.0,acl,"(83, 86)",גר,"Gender=Fem,Masc|HebBinyan=PAAL|Number=Plur|Person=3|Tense=Past|Voice=Act",
"(27, 29)",במגדל,,,,,"(87, 92)",,,"[{'id': 27, 'text': 'ב', 'upos': 'ADP', 'xpos': 'ADP', 'head': 29, 'deprel': 'case', 'lemma': 'ב'}, {'id': 28, 'text': 'ה_', 'upos': 'DET', 'xpos': 'DET', 'feats': 'PronType=Art', 'head': 29, 'deprel': 'det:def', 'lemma': 'ה'}, {'id': 29, 'text': 'מגדל', 'upos': 'NOUN', 'xpos': 'NOUN', 'feats': 'Definite=Cons|Gender=Masc|Number=Sing', 'head': 26, 'deprel': 'obl', 'lemma': 'מגדל'}]"
"(30, 31)",העמק,,,,,"(93, 97)",,,"[{'id': 30, 'text': 'ה', 'upos': 'DET', 'xpos': 'DET', 'feats': 'PronType=Art', 'head': 31, 'deprel': 'det:def', 'lemma': 'ה'}, {'id': 31, 'text': 'עמק', 'upos': 'NOUN', 'xpos': 'NOUN', 'feats': 'Gender=Masc|Number=Sing', 'head': 29, 'deprel': 'compound:smixut', 'lemma': 'עמק'}]"
32,גם,ADV,ADV,33.0,advmod,"(98, 100)",גם,,
33,לפני,ADP,ADP,34.0,case,"(101, 105)",לפני,,
34,רכישת,NOUN,NOUN,26.0,obl,"(106, 111)",רכישה,Definite=Cons|Gender=Fem|Number=Sing,
"(35, 36)",הדירה,,,,,"(112, 117)",,,"[{'id': 35, 'text': 'ה', 'upos': 'DET', 'xpos': 'DET', 'feats': 'PronType=Art', 'head': 36, 'deprel': 'det:def', 'lemma': 'ה'}, {'id': 36, 'text': 'דירה', 'upos': 'NOUN', 'xpos': 'NOUN', 'feats': 'Gender=Fem|Number=Sing', 'head': 34, 'deprel': 'compound:smixut', 'lemma': 'דירה'}]"
"(37, 38)",האחרונה,,,,,"(118, 125)",,,"[{'id': 37, 'text': 'ה', 'upos': 'DET', 'xpos': 'DET', 'feats': 'PronType=Art', 'head': 38, 'deprel': 'det:def', 'lemma': 'ה'}, {'id': 38, 'text': 'אחרונה', 'upos': 'ADJ', 'xpos': 'ADJ', 'feats': 'Gender=Fem|Number=Sing', 'head': 36, 'deprel': 'amod', 'lemma': 'אחרון'}]"
"(39, 40)",ושיקול,,,,,"(126, 132)",,,"[{'id': 39, 'text': 'ו', 'upos': 'CCONJ', 'xpos': 'CCONJ', 'head': 57, 'deprel': 'cc', 'lemma': 'ו'}, {'id': 40, 'text': 'שיקול', 'upos': 'NOUN', 'xpos': 'NOUN', 'feats': 'Definite=Cons|Gender=Masc|Number=Sing', 'head': 57, 'deprel': 'nsubj', 'lemma': 'שיקול'}]"
"(41, 42)",המיקום,,,,,"(133, 139)",,,"[{'id': 41, 'text': 'ה', 'upos': 'DET', 'xpos': 'DET', 'feats': 'PronType=Art', 'head': 42, 'deprel': 'det:def', 'lemma': 'ה'}, {'id': 42, 'text': 'מיקום', 'upos': 'NOUN', 'xpos': 'NOUN', 'feats': 'Gender=Masc|Number=Sing', 'head': 40, 'deprel': 'compound:smixut', 'lemma': 'מיקום'}]"
43,",",PUNCT,PUNCT,42.0,punct,"(139, 140)",",",,
"(44, 45)",הקרבה,,,,,"(141, 146)",,,"[{'id': 44, 'text': 'ה', 'upos': 'DET', 'xpos': 'DET', 'feats': 'PronType=Art', 'head': 45, 'deprel': 'det:def', 'lemma': 'ה'}, {'id': 45, 'text': 'קרבה', 'upos': 'NOUN', 'xpos': 'NOUN', 'feats': 'Gender=Fem|Number=Sing', 'head': 42, 'deprel': 'conj', 'lemma': 'קרבה'}]"
"(46, 47)",למשפחה,,,,,"(147, 153)",,,"[{'id': 46, 'text': 'ל', 'upos': 'ADP', 'xpos': 'ADP', 'head': 47, 'deprel': 'case', 'lemma': 'ל'}, {'id': 47, 'text': 'משפחה', 'upos': 'NOUN', 'xpos': 'NOUN', 'feats': 'Gender=Fem|Number=Sing', 'head': 45, 'deprel': 'nmod', 'lemma': 'משפחה'}]"
48,",",PUNCT,PUNCT,42.0,punct,"(153, 154)",",",,
49,מקום,NOUN,NOUN,42.0,conj,"(155, 159)",מקום,Definite=Cons|Gender=Masc|Number=Sing,
"(50, 51)",העבודה,,,,,"(160, 166)",,,"[{'id': 50, 'text': 'ה', 'upos': 'DET', 'xpos': 'DET', 'feats': 'PronType=Art', 'head': 51, 'deprel': 'det:def', 'lemma': 'ה'}, {'id': 51, 'text': 'עבודה', 'upos': 'NOUN', 'xpos': 'NOUN', 'feats': 'Gender=Fem|Number=Sing', 'head': 49, 'deprel': 'compound:smixut', 'lemma': 'עבודה'}]"
"(52, 54)",והמחיר,,,,,"(167, 173)",,,"[{'id': 52, 'text': 'ו', 'upos': 'CCONJ', 'xpos': 'CCONJ', 'head': 54, 'deprel': 'cc', 'lemma': 'ו'}, {'id': 53, 'text': 'ה', 'upos': 'DET', 'xpos': 'DET', 'feats': 'PronType=Art', 'head': 54, 'deprel': 'det:def', 'lemma': 'ה'}, {'id': 54, 'text': 'מחיר', 'upos': 'NOUN', 'xpos': 'NOUN', 'feats': 'Gender=Masc|Number=Sing', 'head': 42, 'deprel': 'conj', 'lemma': 'מחיר'}]"
55,היו,AUX,AUX,57.0,cop,"(174, 177)",היה,"Gender=Fem,Masc|Number=Plur|Person=3|Polarity=Pos|Tense=Past|VerbType=Cop",
"(56, 57)",השיקולים,,,,,"(178, 186)",,,"[{'id': 56, 'text': 'ה', 'upos': 'DET', 'xpos': 'DET', 'feats': 'PronType=Art', 'head': 57, 'deprel': 'det:def', 'lemma': 'ה'}, {'id': 57, 'text': 'שיקולים', 'upos': 'NOUN', 'xpos': 'NOUN', 'feats': 'Gender=Masc|Number=Plur', 'head': 11, 'deprel': 'conj', 'lemma': 'שיקול'}]"
"(58, 59)",העיקריים,,,,,"(187, 195)",,,"[{'id': 58, 'text': 'ה', 'upos': 'DET', 'xpos': 'DET', 'feats': 'PronType=Art', 'head': 59, 'deprel': 'det:def', 'lemma': 'ה'}, {'id': 59, 'text': 'עיקריים', 'upos': 'ADJ', 'xpos': 'ADJ', 'feats': 'Gender=Masc|Number=Plur', 'head': 57, 'deprel': 'amod', 'lemma': 'עיקרי'}]"
"(60, 61)",עבודם,,,,,"(196, 201)",,,"[{'id': 60, 'text': 'עבוד_', 'upos': 'NOUN', 'xpos': 'NOUN', 'head': 57, 'deprel': 'acl', 'lemma': 'עבוד'}, {'id': 61, 'text': '_הם', 'upos': 'PRON', 'xpos': 'PRON', 'feats': 'Case=Gen|Gender=Masc|Number=Plur|Person=3|PronType=Prs', 'head': 60, 'deprel': 'nmod:poss', 'lemma': 'הוא'}]"
1,□,ADV,ADV,6.0,dep,"(1, 2)",□,,
2,פוטנציאל,NOUN,NOUN,6.0,nsubj,"(3, 11)",פוטנציאל,Gender=Masc|Number=Sing,
3,רוכשי,NOUN,NOUN,6.0,nsubj,"(12, 17)",רוכש,Definite=Cons|Gender=Masc|Number=Plur,
"(4, 5)",הדירות,,,,,"(18, 24)",,,"[{'id': 4, 'text': 'ה', 'upos': 'DET', 'xpos': 'DET', 'feats': 'PronType=Art', 'head': 5, 'deprel': 'det:def', 'lemma': 'ה'}, {'id': 5, 'text': 'דירות', 'upos': 'NOUN', 'xpos': 'NOUN', 'feats': 'Gender=Fem|Number=Plur', 'head': 3, 'deprel': 'compound:smixut', 'lemma': 'דירה'}]"
6,בא,ADJ,ADJ,0.0,root,"(25, 27)",בא,,
7,בעיקר,ADV,ADV,6.0,advmod,"(28, 33)",בעיקר,,
"(8, 9)",מקרב,,,,,"(34, 38)",,,"[{'id': 8, 'text': 'מ', 'upos': 'ADP', 'xpos': 'ADP', 'head': 6, 'deprel': 'case', 'lemma': 'מ'}, {'id': 9, 'text': 'קרב', 'upos': 'NOUN', 'xpos': 'NOUN', 'feats': 'Gender=Masc|Number=Sing', 'head': 6, 'deprel': 'obl', 'lemma': 'קרב'}]"
"(10, 11)",המתגוררים,,,,,"(39, 48)",,,"[{'id': 10, 'text': 'ה', 'upos': 'DET', 'xpos': 'DET', 'feats': 'PronType=Art', 'head': 11, 'deprel': 'mark', 'lemma': 'ה'}, {'id': 11, 'text': 'מתגוררים', 'upos': 'VERB', 'xpos': 'VERB', 'feats': 'Gender=Masc|Number=Plur', 'head': 6, 'deprel': 'dep', 'lemma': 'התגורר'}]"
12,כיום,ADV,ADV,11.0,advmod,"(49, 53)",כיום,,
"(13, 15)",במגדל,,,,,"(54, 59)",,,"[{'id': 13, 'text': 'ב', 'upos': 'ADP', 'xpos': 'ADP', 'head': 11, 'deprel': 'case', 'lemma': 'ב'}, {'id': 14, 'text': 'ה_', 'upos': 'DET', 'xpos': 'DET', 'feats': 'PronType=Art', 'head': 11, 'deprel': 'dep', 'lemma': 'ה'}, {'id': 15, 'text': 'מגדל', 'upos': 'NOUN', 'xpos': 'NOUN', 'feats': 'Gender=Masc|Number=Sing', 'head': 11, 'deprel': 'obl', 'lemma': 'מגדל'}]"
"(16, 17)",העמק,,,,,"(60, 64)",,,"[{'id': 16, 'text': 'ה', 'upos': 'DET', 'xpos': 'DET', 'feats': 'PronType=Art', 'head': 17, 'deprel': 'det:def', 'lemma': 'ה'}, {'id': 17, 'text': 'עמק', 'upos': 'NOUN', 'xpos': 'NOUN', 'feats': 'Gender=Masc|Number=Sing', 'head': 15, 'deprel': 'compound:smixut', 'lemma': 'עמק'}]"
1,הן,ADV,ADV,2.0,advmod,"(1, 3)",הן,,
"(2, 3)",מקרב,,,,,"(4, 8)",,,"[{'id': 2, 'text': 'מ', 'upos': 'ADP', 'xpos': 'ADP', 'head': 3, 'deprel': 'case', 'lemma': 'מ'}, {'id': 3, 'text': 'קרב', 'upos': 'NOUN', 'xpos': 'NOUN', 'feats': 'Definite=Cons|Gender=Masc|Number=Sing', 'head': 0, 'deprel': 'root', 'lemma': 'קרב'}]"
4,בעלי,NOUN,NOUN,3.0,compound:smixut,"(9, 13)",בעל,Definite=Cons|Gender=Masc|Number=Plur,
5,דירות,NOUN,NOUN,4.0,compound:smixut,"(14, 19)",דירה,Gender=Fem|Number=Plur,
"(6, 7)",והן,,,,,"(20, 23)",,,"[{'id': 6, 'text': 'ו', 'upos': 'CCONJ', 'xpos': 'CCONJ', 'head': 9, 'deprel': 'cc', 'lemma': 'ו'}, {'id': 7, 'text': 'הן', 'upos': 'ADV', 'xpos': 'ADV', 'head': 8, 'deprel': 'advmod', 'lemma': 'הן'}]"
"(8, 9)",מקרב,,,,,"(24, 28)",,,"[{'id': 8, 'text': 'מ', 'upos': 'ADP', 'xpos': 'ADP', 'head': 9, 'deprel': 'case', 'lemma': 'מ'}, {'id': 9, 'text': 'קרב', 'upos': 'NOUN', 'xpos': 'NOUN', 'feats': 'Gender=Masc|Number=Sing', 'head': 3, 'deprel': 'conj', 'lemma': 'קרב'}]"
"(10, 11)",המתגוררים,,,,,"(29, 38)",,,"[{'id': 10, 'text': 'ה', 'upos': 'SCONJ', 'xpos': 'SCONJ', 'head': 11, 'deprel': 'mark', 'lemma': 'ה'}, {'id': 11, 'text': 'מתגוררים', 'upos': 'VERB', 'xpos': 'VERB', 'feats': 'Gender=Masc|HebBinyan=HITPAEL|Number=Plur|Person=1,2,3|VerbForm=Part', 'head': 9, 'deprel': 'acl:relcl', 'lemma': 'התגורר'}]"
"(12, 13)",בשכירות,,,,,"(39, 46)",,,"[{'id': 12, 'text': 'ב', 'upos': 'ADP', 'xpos': 'ADP', 'head': 13, 'deprel': 'case', 'lemma': 'ב'}, {'id': 13, 'text': 'שכירות', 'upos': 'NOUN', 'xpos': 'NOUN', 'feats': 'Gender=Fem|Number=Plur', 'head': 11, 'deprel': 'obl', 'lemma': 'שכירות'}]"
14,או,CCONJ,CCONJ,15.0,cc,"(47, 49)",או,,
15,אצ ל,ADP,ADP,16.0,conj,"(50, 54)",אצ ל,,
16,הורים,NOUN,NOUN,11.0,obl,"(55, 60)",הורה,Gender=Masc|Number=Plur,
"(17, 18)",וקרובי,,,,,"(61, 67)",,,"[{'id': 17, 'text': 'ו', 'upos': 'CCONJ', 'xpos': 'CCONJ', 'head': 18, 'deprel': 'cc', 'lemma': 'ו'}, {'id': 18, 'text': 'קרובי', 'upos': 'NOUN', 'xpos': 'NOUN', 'feats': 'Definite=Cons|Gender=Masc|Number=Plur', 'head': 16, 'deprel': 'conj', 'lemma': 'קרוב'}]"
19,משפחה,NOUN,NOUN,18.0,compound:smixut,"(68, 73)",משפחה,Gender=Fem|Number=Sing,
1,לאור,ADP,ADP,2.0,case,"(1, 5)",לאור,,
2,זאת,PRON,PRON,8.0,obl,"(6, 9)",זאת,Gender=Fem|Number=Sing|Person=3|PronType=Dem,
"(3, 4)",הפרסום,,,,,"(10, 16)",,,"[{'id': 3, 'text': 'ה', 'upos': 'DET', 'xpos': 'DET', 'feats': 'PronType=Art', 'head': 4, 'deprel': 'det:def', 'lemma': 'ה'}, {'id': 4, 'text': 'פרסום', 'upos': 'NOUN', 'xpos': 'NOUN', 'feats': 'Gender=Masc|Number=Sing', 'head': 8, 'deprel': 'nsubj', 'lemma': 'פרסום'}]"
"(5, 7)",והשיווק,,,,,"(17, 24)",,,"[{'id': 5, 'text': 'ו', 'upos': 'CCONJ', 'xpos': 'CCONJ', 'head': 7, 'deprel': 'cc', 'lemma': 'ו'}, {'id': 6, 'text': 'ה', 'upos': 'DET', 'xpos': 'DET', 'feats': 'PronType=Art', 'head': 7, 'deprel': 'det:def', 'lemma': 'ה'}, {'id': 7, 'text': 'שיווק', 'upos': 'NOUN', 'xpos': 'NOUN', 'feats': 'Gender=Masc|Number=Sing', 'head': 4, 'deprel': 'conj', 'lemma': 'שיווק'}]"
8,צריך,AUX,AUX,9.0,aux,"(25, 29)",צריך,"Gender=Masc|Number=Sing|Person=1,2,3|VerbType=Mod",
9,להעשות,VERB,VERB,0.0,root,"(30, 36)",העשה,HebBinyan=HITPAEL|VerbForm=Inf,
"(10, 11)",בצינורות,,,,,"(37, 45)",,,"[{'id': 10, 'text': 'ב', 'upos': 'ADP', 'xpos': 'ADP', 'head': 11, 'deprel': 'case', 'lemma': 'ב'}, {'id': 11, 'text': 'צינורות', 'upos': 'NOUN', 'xpos': 'NOUN', 'feats': 'Definite=Cons|Gender=Masc|Number=Plur', 'head': 9, 'deprel': 'obl', 'lemma': 'צינור'}]"
"(12, 13)",הפרסום,,,,,"(46, 52)",,,"[{'id': 12, 'text': 'ה', 'upos': 'DET', 'xpos': 'DET', 'feats': 'PronType=Art', 'head': 13, 'deprel': 'det:def', 'lemma': 'ה'}, {'id': 13, 'text': 'פרסום', 'upos': 'NOUN', 'xpos': 'NOUN', 'feats': 'Gender=Masc|Number=Sing', 'head': 11, 'deprel': 'compound:smixut', 'lemma': 'פרסום'}]"
"(14, 16)",והשיווק,,,,,"(53, 60)",,,"[{'id': 14, 'text': 'ו', 'upos': 'CCONJ', 'xpos': 'CCONJ', 'head': 16, 'deprel': 'cc', 'lemma': 'ו'}, {'id': 15, 'text': 'ה', 'upos': 'DET', 'xpos': 'DET', 'feats': 'PronType=Art', 'head': 16, 'deprel': 'det:def', 'lemma': 'ה'}, {'id': 16, 'text': 'שיווק', 'upos': 'NOUN', 'xpos': 'NOUN', 'feats': 'Gender=Masc|Number=Sing', 'head': 13, 'deprel': 'conj', 'lemma': 'שיווק'}]"
"(17, 18)",המקומיים,,,,,"(61, 69)",,,"[{'id': 17, 'text': 'ה', 'upos': 'DET', 'xpos': 'DET', 'feats': 'PronType=Art', 'head': 18, 'deprel': 'det:def', 'lemma': 'ה'}, {'id': 18, 'text': 'מקומיים', 'upos': 'ADJ', 'xpos': 'ADJ', 'feats': 'Gender=Masc|Number=Plur', 'head': 11, 'deprel': 'amod', 'lemma': 'מקומי'}]"
19,",",PUNCT,PUNCT,11.0,punct,"(69, 70)",",",,
"(20, 22)",בעיתונות,,,,,"(71, 79)",,,"[{'id': 20, 'text': 'ב', 'upos': 'ADP', 'xpos': 'ADP', 'head': 22, 'deprel': 'case', 'lemma': 'ב'}, {'id': 21, 'text': 'ה_', 'upos': 'DET', 'xpos': 'DET', 'feats': 'PronType=Art', 'head': 22, 'deprel': 'det:def', 'lemma': 'ה'}, {'id': 22, 'text': 'עיתונות', 'upos': 'NOUN', 'xpos': 'NOUN', 'feats': 'Gender=Fem|Number=Sing', 'head': 11, 'deprel': 'conj', 'lemma': 'עיתונות'}]"
"(23, 24)",המקומית,,,,,"(80, 87)",,,"[{'id': 23, 'text': 'ה', 'upos': 'DET', 'xpos': 'DET', 'feats': 'PronType=Art', 'head': 24, 'deprel': 'det:def', 'lemma': 'ה'}, {'id': 24, 'text': 'מקומית', 'upos': 'ADJ', 'xpos': 'ADJ', 'feats': 'Gender=Fem|Number=Sing', 'head': 22, 'deprel': 'amod', 'lemma': 'מקומי'}]"
"(25, 26)",ובירידי,,,,,"(88, 95)",,,"[{'id': 25, 'text': 'ו', 'upos': 'CCONJ', 'xpos': 'CCONJ', 'head': 26, 'deprel': 'cc', 'lemma': 'ו'}, {'id': 26, 'text': 'בירידי', 'upos': 'NOUN', 'xpos': 'NOUN', 'feats': 'Definite=Cons|Gender=Masc|Number=Plur', 'head': 11, 'deprel': 'conj', 'lemma': 'ביריד'}]"
27,דירות,NOUN,NOUN,26.0,compound:smixut,"(96, 101)",דירה,Gender=Fem|Number=Plur,
1,3,NUM,NUM,0.0,root,"(1, 2)",3,,
1,ממצאים,NOUN,NOUN,0.0,root,"(1, 7)",ממצא,,
2,מפורטים,VERB,VERB,1.0,parataxis,"(8, 15)",פורט,,
3,3,NUM,NUM,1.0,punct,"(16, 17)",3,,
1,1,NUM,NUM,2.0,nummod,"(0, 1)",1,,
2,מאפיינים,NOUN,NOUN,0.0,root,"(2, 10)",מאפיין,Gender=Masc|Number=Plur,
3,סוציודמוגרפיים,ADJ,ADJ,2.0,amod,"(11, 25)",סוציודמוגרפיים,,
4,של,ADP,ADP,5.0,case:gen,"(26, 28)",של,Case=Gen,
5,רוכשי,NOUN,NOUN,2.0,nmod,"(29, 34)",רוכש,Definite=Cons|Gender=Masc|Number=Plur,
"(6, 7)",הדירות,,,,,"(35, 41)",,,"[{'id': 6, 'text': 'ה', 'upos': 'DET', 'xpos': 'DET', 'feats': 'PronType=Art', 'head': 7, 'deprel': 'det:def', 'lemma': 'ה'}, {'id': 7, 'text': 'דירות', 'upos': 'NOUN', 'xpos': 'NOUN', 'feats': 'Gender=Fem|Number=Plur', 'head': 5, 'deprel': 'compound:smixut', 'lemma': 'דירה'}]"
8,U,PROPN,PROPN,2.0,dep,"(42, 43)",U,HebSource=ConvUncertainHead,
9,סטטוס,NOUN,NOUN,2.0,dep,"(44, 49)",סטטוס,Gender=Masc|Number=Sing,
10,משפחתי,ADJ,ADJ,9.0,amod,"(50, 56)",משפחתי,Gender=Masc|Number=Sing,
11,82,NUM,NUM,12.0,nummod,"(57, 59)",82,,
12,%,NOUN,NOUN,2.0,dep,"(59, 60)",%,"Gender=Masc|Number=Plur,Sing",
13,מרוכשי,NOUN,NOUN,21.0,nsubj,"(61, 67)",מרוכש,Definite=Cons|Gender=Masc|Number=Plur,
"(14, 15)",הדירות,,,,,"(68, 74)",,,"[{'id': 14, 'text': 'ה', 'upos': 'DET', 'xpos': 'DET', 'feats': 'PronType=Art', 'head': 15, 'deprel': 'det:def', 'lemma': 'ה'}, {'id': 15, 'text': 'דירות', 'upos': 'NOUN', 'xpos': 'NOUN', 'feats': 'Gender=Fem|Number=Plur', 'head': 13, 'deprel': 'compound:smixut', 'lemma': 'דירה'}]"
"(16, 18)",במגדל,,,,,"(75, 80)",,,"[{'id': 16, 'text': 'ב', 'upos': 'ADP', 'xpos': 'ADP', 'head': 18, 'deprel': 'case', 'lemma': 'ב'}, {'id': 17, 'text': 'ה_', 'upos': 'DET', 'xpos': 'DET', 'feats': 'PronType=Art', 'head': 18, 'deprel': 'det:def', 'lemma': 'ה'}, {'id': 18, 'text': 'מגדל', 'upos': 'NOUN', 'xpos': 'NOUN', 'feats': 'Definite=Cons|Gender=Masc|Number=Sing', 'head': 13, 'deprel': 'nmod', 'lemma': 'מגדל'}]"
"(19, 20)",העמק,,,,,"(81, 85)",,,"[{'id': 19, 'text': 'ה', 'upos': 'DET', 'xpos': 'DET', 'feats': 'PronType=Art', 'head': 20, 'deprel': 'det:def', 'lemma': 'ה'}, {'id': 20, 'text': 'עמק', 'upos': 'NOUN', 'xpos': 'NOUN', 'feats': 'Gender=Masc|Number=Sing', 'head': 18, 'deprel': 'compound:smixut', 'lemma': 'עמק'}]"
21,נשואים,ADJ,ADJ,2.0,dep,"(86, 92)",נשוא,Gender=Masc|Number=Plur,
22,",",PUNCT,PUNCT,21.0,punct,"(93, 94)",",",,
23,9,NUM,NUM,24.0,nummod,"(95, 96)",9,,
24,%,NOUN,NOUN,21.0,conj,"(96, 97)",%,"Gender=Masc|Number=Plur,Sing",
25,רווקים,NOUN,NOUN,24.0,nmod,"(98, 104)",רווק,Gender=Masc|HebSource=ConvUncertainLabel|Number=Plur,
26,",",PUNCT,PUNCT,21.0,punct,"(104, 105)",",",,
27,5,NUM,NUM,28.0,nummod,"(106, 107)",5,,
28,%,NOUN,NOUN,21.0,conj,"(107, 108)",%,"Gender=Masc|Number=Plur,Sing",
29,אלמנים,NOUN,NOUN,28.0,nmod,"(109, 115)",אלמן,Gender=Masc|Number=Plur,
30,ו,CCONJ,CCONJ,33.0,cc,"(116, 117)",ו,,
31,-,PUNCT,PUNCT,33.0,punct,"(117, 118)",-,,
32,4,NUM,NUM,33.0,nummod,"(119, 120)",4,,
33,%,NOUN,NOUN,21.0,conj,"(120, 121)",%,"Gender=Masc|Number=Plur,Sing",
34,גרושים,NOUN,NOUN,33.0,amod,"(122, 128)",גרוש,Gender=Masc|Number=Plur,
1,אחוז,NOUN,NOUN,4.0,nsubj,"(1, 5)",אחוז,Definite=Cons|Gender=Masc|Number=Sing,
"(2, 3)",הנשואים,,,,,"(6, 13)",,,"[{'id': 2, 'text': 'ה', 'upos': 'DET', 'xpos': 'DET', 'feats': 'PronType=Art', 'head': 3, 'deprel': 'det:def', 'lemma': 'ה'}, {'id': 3, 'text': 'נשואים', 'upos': 'NOUN', 'xpos': 'NOUN', 'feats': 'Gender=Masc|Number=Plur', 'head': 1, 'deprel': 'compound:smixut', 'lemma': 'נשוא'}]"
4,גבוה,ADJ,ADJ,0.0,root,"(14, 18)",גבוה,Gender=Masc|Number=Sing,
"(5, 6)",ודומה,,,,,"(19, 24)",,,"[{'id': 5, 'text': 'ו', 'upos': 'CCONJ', 'xpos': 'CCONJ', 'head': 6, 'deprel': 'cc', 'lemma': 'ו'}, {'id': 6, 'text': 'דומה', 'upos': 'ADJ', 'xpos': 'ADJ', 'feats': 'Gender=Masc|Number=Sing', 'head': 4, 'deprel': 'conj', 'lemma': 'דומה'}]"
"(7, 8)",לשאר,,,,,"(25, 29)",,,"[{'id': 7, 'text': 'ל', 'upos': 'ADP', 'xpos': 'ADP', 'head': 10, 'deprel': 'case', 'lemma': 'ל'}, {'id': 8, 'text': 'שאר', 'upos': 'DET', 'xpos': 'DET', 'feats': 'Definite=Cons|Gender=Masc', 'head': 10, 'deprel': 'det', 'lemma': 'שאר'}]"
"(9, 10)",הישובים,,,,,"(30, 37)",,,"[{'id': 9, 'text': 'ה', 'upos': 'DET', 'xpos': 'DET', 'feats': 'PronType=Art', 'head': 10, 'deprel': 'det:def', 'lemma': 'ה'}, {'id': 10, 'text': 'ישובים', 'upos': 'NOUN', 'xpos': 'NOUN', 'feats': 'Gender=Masc|Number=Plur', 'head': 4, 'deprel': 'obl', 'lemma': 'יישוב'}]"
"(11, 12)",בהם,,,,,"(38, 41)",,,"[{'id': 11, 'text': 'ב_', 'upos': 'ADP', 'xpos': 'ADP', 'head': 12, 'deprel': 'case', 'lemma': 'ב'}, {'id': 12, 'text': '_הם', 'upos': 'PRON', 'xpos': 'PRON', 'feats': 'Gender=Masc|Number=Plur|Person=3|PronType=Prs', 'head': 13, 'deprel': 'obl', 'lemma': 'הוא'}]"
13,נערכו,VERB,VERB,10.0,acl,"(42, 47)",נערך,"Gender=Fem,Masc|HebBinyan=NIFAL|Number=Plur|Person=3|Tense=Past|Voice=Mid",
14,סקרים,NOUN,NOUN,13.0,nsubj,"(48, 53)",סקר,Gender=Masc|Number=Plur,
15,לאחרונה,ADV,ADV,13.0,advmod,"(54, 61)",לאחרונה,,
16,",",PUNCT,PUNCT,10.0,punct,"(61, 62)",",",,
17,למעט,CCONJ,CCONJ,18.0,case,"(63, 67)",למעט,,
18,אלעד,PROPN,PROPN,13.0,obl,"(68, 72)",אלעד,,
"(19, 20)",בה,,,,,"(73, 75)",,,"[{'id': 19, 'text': 'ב_', 'upos': 'ADP', 'xpos': 'ADP', 'head': 20, 'deprel': 'case', 'lemma': 'ב'}, {'id': 20, 'text': '_היא', 'upos': 'PRON', 'xpos': 'PRON', 'feats': 'Gender=Fem|Number=Sing|Person=3|PronType=Prs', 'head': 24, 'deprel': 'obl', 'lemma': 'הוא'}]"
21,אחוז,NOUN,NOUN,24.0,nsubj,"(76, 80)",אחוז,Definite=Cons|Gender=Masc|Number=Sing,
"(22, 23)",הנשואים,,,,,"(81, 88)",,,"[{'id': 22, 'text': 'ה', 'upos': 'DET', 'xpos': 'DET', 'feats': 'PronType=Art', 'head': 23, 'deprel': 'det:def', 'lemma': 'ה'}, {'id': 23, 'text': 'נשואים', 'upos': 'NOUN', 'xpos': 'NOUN', 'feats': 'Gender=Masc|Number=Plur', 'head': 21, 'deprel': 'compound:smixut', 'lemma': 'נשוא'}]"
24,גבוה,ADJ,ADJ,18.0,acl:relcl,"(89, 93)",גבוה,Gender=Masc|Number=Sing,
25,יותר,ADV,ADV,24.0,advmod,"(94, 98)",יותר,,
26,(,PUNCT,PUNCT,28.0,punct,"(99, 100)",(,,
27,98,NUM,NUM,28.0,nummod,"(100, 102)",98,,
28,%,NOUN,NOUN,24.0,parataxis,"(102, 103)",%,"Gender=Masc|Number=Plur,Sing",
29,),PUNCT,PUNCT,28.0,punct,"(103, 104)",),,
"(30, 31)",ושכונות,,,,,"(105, 112)",,,"[{'id': 30, 'text': 'ו', 'upos': 'CCONJ', 'xpos': 'CCONJ', 'head': 31, 'deprel': 'cc', 'lemma': 'ו'}, {'id': 31, 'text': 'שכונות', 'upos': 'NOUN', 'xpos': 'NOUN', 'feats': 'Gender=Fem|Number=Plur', 'head': 18, 'deprel': 'conj', 'lemma': 'שכונה'}]"
32,ג',PROPN,PROPN,31.0,flat:name,"(113, 115)",ג',Abbr=Yes,
33,ד',PROPN,PROPN,32.0,flat:name,"(116, 118)",ד',,
"(34, 35)",בבאר,,,,,"(119, 123)",,,"[{'id': 34, 'text': 'ב', 'upos': 'ADP', 'xpos': 'ADP', 'head': 35, 'deprel': 'case', 'lemma': 'ב'}, {'id': 35, 'text': 'באר', 'upos': 'NOUN', 'xpos': 'NOUN', 'feats': 'Definite=Cons|Gender=Fem|Number=Sing', 'head': 31, 'deprel': 'nmod', 'lemma': 'באר'}]"
36,שבע,NUM,NUM,35.0,flat:name,"(124, 127)",שבע,Gender=Fem|Number=Sing,
"(37, 38)",בהן,,,,,"(128, 131)",,,"[{'id': 37, 'text': 'ב_', 'upos': 'ADP', 'xpos': 'ADP', 'head': 38, 'deprel': 'case', 'lemma': 'ב'}, {'id': 38, 'text': '_הן', 'upos': 'PRON', 'xpos': 'PRON', 'feats': 'Gender=Fem|Number=Plur|Person=3|PronType=Prs', 'head': 42, 'deprel': 'obl', 'lemma': 'הוא'}]"
39,אחוז,NOUN,NOUN,42.0,nsubj,"(132, 136)",אחוז,Definite=Cons|Gender=Masc|Number=Sing,
"(40, 41)",הנשואים,,,,,"(137, 144)",,,"[{'id': 40, 'text': 'ה', 'upos': 'DET', 'xpos': 'DET', 'feats': 'PronType=Art', 'head': 41, 'deprel': 'det:def', 'lemma': 'ה'}, {'id': 41, 'text': 'נשואים', 'upos': 'NOUN', 'xpos': 'NOUN', 'feats': 'Gender=Masc|Number=Plur', 'head': 39, 'deprel': 'compound:smixut', 'lemma': 'נשוא'}]"
42,נמוך,ADJ,ADJ,24.0,conj,"(145, 149)",נמוך,Gender=Masc|Number=Sing,
43,יותר,ADV,ADV,42.0,advmod,"(150, 154)",יותר,,
44,(,PUNCT,PUNCT,46.0,punct,"(155, 156)",(,,
45,73,NUM,NUM,46.0,nummod,"(156, 158)",73,,
46,%,NOUN,NOUN,42.0,parataxis,"(158, 159)",%,"Gender=Masc|Number=Plur,Sing",
47,),PUNCT,PUNCT,46.0,punct,"(159, 160)",),,
1,□,PUNCT,PUNCT,0.0,root,"(1, 2)",□,,
"(2, 3)",מספר נפש,,,,,"(3, 11)",,,"[{'id': 2, 'text': 'מ', 'upos': 'ADP', 'xpos': 'ADP', 'head': 3, 'deprel': 'case', 'lemma': 'מ'}, {'id': 3, 'text': 'ספרחנפש', 'upos': 'NOUN', 'xpos': 'NOUN', 'feats': 'Xtra=Junk', 'head': 1, 'deprel': 'dep', 'lemma': 'ספרחנפש'}]"
"(4, 5)",ות,,,,,"(11, 13)",,,"[{'id': 4, 'text': 'ו', 'upos': 'CCONJ', 'xpos': 'CCONJ', 'head': 3, 'deprel': 'dep', 'lemma': 'ו'}, {'id': 5, 'text': 'ת', 'upos': 'NOUN', 'xpos': 'NOUN', 'head': 3, 'deprel': 'flat:name', 'lemma': 'ת'}]"
"(6, 7)",שית,,,,,"(14, 17)",,,"[{'id': 6, 'text': 'ש', 'upos': 'SCONJ', 'xpos': 'SCONJ', 'head': 7, 'deprel': 'mark', 'lemma': 'ש'}, {'id': 7, 'text': 'ית', 'upos': 'VERB', 'xpos': 'VERB', 'feats': 'Gender=Fem,Masc|HebBinyan=HITPAEL|Number=Plur|Person=3|Tense=Fut', 'head': 3, 'deprel': 'dep', 'lemma': 'ית'}]"
8,גוררו/,VERB,VERB,7.0,dep,"(17, 23)",גרר,"Gender=Fem,Masc|HebBinyan=PUAL|Number=Plur|Person=3|Tense=Past|Voice=Pass",
"(9, 11)",גרים,,,,,"(23, 27)",,,"[{'id': 9, 'text': 'גרים_', 'upos': 'NOUN', 'xpos': 'NOUN', 'feats': 'Definite=Def|Gender=Masc|Number=Plur', 'head': 8, 'deprel': 'nsubj', 'lemma': 'גרים'}, {'id': 10, 'text': '_של_', 'upos': 'ADP', 'xpos': 'ADP', 'head': 11, 'deprel': 'case:gen', 'lemma': 'של'}, {'id': 11, 'text': '_הם', 'upos': 'PRON', 'xpos': 'PRON', 'feats': 'Case=Gen|Gender=Masc|Number=Plur|Person=3|PronType=Prs', 'head': 9, 'deprel': 'nmod:poss', 'lemma': 'הוא'}]"
"(12, 13)",בדירה,,,,,"(28, 33)",,,"[{'id': 12, 'text': 'ב', 'upos': 'ADP', 'xpos': 'ADP', 'head': 13, 'deprel': 'case', 'lemma': 'ב'}, {'id': 13, 'text': 'דירה', 'upos': 'NOUN', 'xpos': 'NOUN', 'feats': 'Gender=Fem|Number=Sing', 'head': 7, 'deprel': 'obl', 'lemma': 'דירה'}]"
"(14, 15)",לפי דווח,,,,,"(34, 42)",,,"[{'id': 14, 'text': 'ל', 'upos': 'ADP', 'xpos': 'ADP', 'head': 15, 'deprel': 'case', 'lemma': 'ל'}, {'id': 15, 'text': 'פיטדווח', 'upos': 'PROPN', 'xpos': 'PROPN', 'head': 13, 'deprel': 'nmod', 'lemma': 'פיטדווח'}]"
"(16, 17)",י המרואי,,,,,"(42, 50)",,,"[{'id': 16, 'text': 'י', 'upos': 'X', 'xpos': 'X', 'feats': 'HebSource=ConvUncertainHead', 'head': 7, 'deprel': 'dep', 'lemma': 'וי'}, {'id': 17, 'text': 'אהמרואי', 'upos': 'X', 'xpos': 'X', 'feats': 'HebSource=ConvUncertainHead', 'head': 22, 'deprel': 'dep', 'lemma': 'אהמרואי'}]"
"(18, 20)",ינים,,,,,"(50, 54)",,,"[{'id': 18, 'text': 'ינים_', 'upos': 'NOUN', 'xpos': 'NOUN', 'feats': 'Definite=Def|Gender=Masc|Number=Plur', 'head': 22, 'deprel': 'nsubj', 'lemma': 'ינים'}, {'id': 19, 'text': '_של_', 'upos': 'ADP', 'xpos': 'ADP', 'head': 20, 'deprel': 'case:gen', 'lemma': 'של'}, {'id': 20, 'text': '_הם', 'upos': 'PRON', 'xpos': 'PRON', 'feats': 'Case=Gen|Gender=Masc|Number=Plur|Person=3|PronType=Prs', 'head': 18, 'deprel': 'nmod:poss', 'lemma': 'הוא'}]"
21,ית,VERB,VERB,7.0,dep,"(55, 57)",ית,HebSource=ConvUncertainHead,
"(22, 22)",גור,,,,,"(57, 60)",,,"[{'id': 22, 'text': 'גור', 'upos': 'VERB', 'xpos': 'VERB', 'feats': 'Gender=Masc|HebBinyan=PAAL|Number=Sing|Person=1,2,3|VerbForm=Part|Voice=Act', 'head': 21, 'deprel': 'dep', 'lemma': 'גור'}]"
"(23, 24)",רו,,,,,"(60, 62)",,,"[{'id': 23, 'text': 'רו', 'upos': 'VERB', 'xpos': 'VERB', 'head': 22, 'deprel': 'nsubj', 'lemma': 'רו'}, {'id': 24, 'text': '_הוא', 'upos': 'PRON', 'xpos': 'PRON', 'feats': 'Gender=Masc|Number=Sing|Person=3|PronType=Prs', 'head': 23, 'deprel': 'nmod:poss', 'lemma': 'הוא'}]"
"(25, 26)",בדירה,,,,,"(63, 68)",,,"[{'id': 25, 'text': 'ב', 'upos': 'ADP', 'xpos': 'ADP', 'head': 26, 'deprel': 'case', 'lemma': 'ב'}, {'id': 26, 'text': 'דירה', 'upos': 'NOUN', 'xpos': 'NOUN', 'feats': 'Gender=Fem|Number=Sing', 'head': 22, 'deprel': 'obl', 'lemma': 'דירה'}]"
27,ב,ADP,ADP,29.0,case,"(69, 70)",ב,,
"(28, 29)",מגדל,,,,,"(70, 74)",,,"[{'id': 28, 'text': 'מ', 'upos': 'NOUN', 'xpos': 'NOUN', 'head': 29, 'deprel': 'nmod', 'lemma': 'מ'}, {'id': 29, 'text': 'גדל', 'upos': 'VERB', 'xpos': 'VERB', 'feats': 'Definite=Cons|Gender=Masc|Number=Sing', 'head': 26, 'deprel': 'nmod', 'lemma': 'גדל'}]"
30,"העמק ,",NOUN,NOUN,28.0,compound:smixut,"(75, 81)","העמק ,",,
"(31, 32)",במ,,,,,"(82, 84)",,,"[{'id': 31, 'text': 'ב', 'upos': 'ADP', 'xpos': 'ADP', 'head': 34, 'deprel': 'case', 'lemma': 'ב'}, {'id': 32, 'text': 'מ', 'upos': 'ADP', 'xpos': 'ADP', 'head': 33, 'deprel': 'case', 'lemma': 'מ'}]"
"(33, 33)",מו,,,,,"(84, 86)",,,"[{'id': 33, 'text': 'מוא', 'upos': 'NOUN', 'xpos': 'NOUN', 'feats': 'HebSource=ConvUncertainHead', 'head': 22, 'deprel': 'obl', 'lemma': 'מוא'}]"
"(34, 36)",צע,,,,,"(86, 88)",,,"[{'id': 34, 'text': 'צע_', 'upos': 'NOUN', 'xpos': 'NOUN', 'feats': 'Definite=Def|Gender=Masc|Number=Plur', 'head': 22, 'deprel': 'obl', 'lemma': 'צע'}, {'id': 35, 'text': '_של_', 'upos': 'ADP', 'xpos': 'ADP', 'head': 36, 'deprel': 'case:gen', 'lemma': 'של'}, {'id': 36, 'text': '_היא', 'upos': 'PRON', 'xpos': 'PRON', 'feats': 'Case=Gen|Gender=Fem|Number=Sing|Person=3|PronType=Prs', 'head': 34, 'deprel': 'nmod:poss', 'lemma': 'הוא'}]"
37,3,NUM,NUM,22.0,dep,"(89, 90)",3,,
1,5,NUM,NUM,2.0,nummod,"(0, 1)",5,,
2,נפשות,NOUN,NOUN,0.0,root,"(2, 7)",נפש,Gender=Fem|Number=Plur,
3,(,PUNCT,PUNCT,2.0,punct,"(8, 9)",(,,
"(4, 5)",לעומת,,,,,"(9, 14)",,,"[{'id': 4, 'text': 'ל', 'upos': 'ADP', 'xpos': 'ADP', 'head': 5, 'deprel': 'case', 'lemma': 'ל'}, {'id': 5, 'text': 'עומת', 'upos': 'NOUN', 'xpos': 'NOUN', 'feats': 'Definite=Cons|Gender=Fem|Number=Sing', 'head': 2, 'deprel': 'nmod', 'lemma': 'עומת'}]"
6,3,NUM,NUM,5.0,compound:smixut,"(15, 16)",3,,
"(1, 2)",2 נפשות,,,,,"(0, 7)",,,"[{'id': 1, 'text': 'מ', 'upos': 'ADP', 'xpos': 'ADP', 'head': 2, 'deprel': 'case', 'lemma': 'מ'}, {'id': 2, 'text': 'פנפשות', 'upos': 'NOUN', 'xpos': 'NOUN', 'feats': 'Gender=Fem|Number=Plur', 'head': 0, 'deprel': 'root', 'lemma': 'פנפשה'}]"
3,בכלל,ADV,ADV,5.0,advmod,"(8, 12)",בכלל,,
4,ה,DET,DET,5.0,det:def,"(13, 14)",ה,PronType=Art,
"(5, 6)",אוכל,,,,,"(14, 18)",,,"[{'id': 5, 'text': 'אוכל', 'upos': 'NOUN', 'xpos': 'NOUN', 'feats': 'Gender=Masc|Number=Sing', 'head': 2, 'deprel': 'nsubj', 'lemma': 'אוכל'}, {'id': 6, 'text': '_היא', 'upos': 'PRON', 'xpos': 'PRON', 'feats': 'Case=Gen|Gender=Fem|Number=Sing|Person=3|PronType=Prs', 'head': 5, 'deprel': 'nmod:poss', 'lemma': 'הוא'}]"
"(7, 8)",וס,,,,,"(18, 20)",,,"[{'id': 7, 'text': 'ו', 'upos': 'CCONJ', 'xpos': 'CCONJ', 'head': 8, 'deprel': 'cc', 'lemma': 'ו'}, {'id': 8, 'text': 'ס', 'upos': 'PROPN', 'xpos': 'PROPN', 'head': 5, 'deprel': 'conj', 'lemma': 'ס'}]"
"(9, 10)",יה,,,,,"(20, 22)",,,"[{'id': 9, 'text': 'י_', 'upos': 'NOUN', 'xpos': 'NOUN', 'feats': 'Definite=Def|Gender=Fem|Number=Plur', 'head': 8, 'deprel': 'flat:name', 'lemma': 'י'}, {'id': 10, 'text': '_היא', 'upos': 'PRON', 'xpos': 'PRON', 'feats': 'Case=Gen|Gender=Fem|Number=Sing|Person=3|PronType=Prs', 'head': 8, 'deprel': 'nmod:poss', 'lemma': 'הוא'}]"
"(11, 12)",היהודית,,,,,"(23, 30)",,,"[{'id': 11, 'text': 'ה', 'upos': 'DET', 'xpos': 'DET', 'feats': 'PronType=Art', 'head': 12, 'deprel': 'det:def', 'lemma': 'ה'}, {'id': 12, 'text': 'יהודית', 'upos': 'ADJ', 'xpos': 'ADJ', 'feats': 'Gender=Fem|Number=Sing', 'head': 8, 'deprel': 'amod', 'lemma': 'יהודי'}]"
"(13, 14)",בישראל,,,,,"(31, 37)",,,"[{'id': 13, 'text': 'ב', 'upos': 'ADP', 'xpos': 'ADP', 'head': 14, 'deprel': 'case', 'lemma': 'ב'}, {'id': 14, 'text': 'ישראל', 'upos': 'PROPN', 'xpos': 'PROPN', 'head': 8, 'deprel': 'nmod', 'lemma': 'ישראל'}]"
15,),PUNCT,PUNCT,2.0,punct,"(37, 38)",),,
1,גודל,NOUN,NOUN,5.0,nsubj,"(1, 5)",גודל,Definite=Cons|Gender=Masc|Number=Sing,
2,משק,NOUN,NOUN,1.0,compound:smixut,"(6, 9)",משק,Definite=Cons|Gender=Masc|Number=Sing,
"(3, 4)",הבית,,,,,"(10, 14)",,,"[{'id': 3, 'text': 'ה', 'upos': 'DET', 'xpos': 'DET', 'feats': 'PronType=Art', 'head': 4, 'deprel': 'det:def', 'lemma': 'ה'}, {'id': 4, 'text': 'בית', 'upos': 'NOUN', 'xpos': 'NOUN', 'feats': 'Gender=Masc|Number=Sing', 'head': 2, 'deprel': 'compound:smixut', 'lemma': 'בית'}]"
5,דומה,VERB,VERB,0.0,root,"(15, 19)",דמה,Gender=Masc|Number=Sing,
"(6, 7)",לזה,,,,,"(20, 23)",,,"[{'id': 6, 'text': 'ל', 'upos': 'ADP', 'xpos': 'ADP', 'head': 7, 'deprel': 'case', 'lemma': 'ל'}, {'id': 7, 'text': 'זה', 'upos': 'PRON', 'xpos': 'PRON', 'feats': 'Gender=Masc|Number=Sing|Person=3', 'head': 5, 'deprel': 'obl', 'lemma': 'זה'}]"
"(8, 9)",שנמצא,,,,,"(24, 29)",,,"[{'id': 8, 'text': 'ש', 'upos': 'SCONJ', 'xpos': 'SCONJ', 'head': 9, 'deprel': 'mark', 'lemma': 'ש'}, {'id': 9, 'text': 'נמצא', 'upos': 'VERB', 'xpos': 'VERB', 'feats': 'Gender=Masc|HebBinyan=NIFAL|Number=Sing|Person=3|Tense=Past|Voice=Mid', 'head': 7, 'deprel': 'acl:relcl', 'lemma': 'נמצא'}]"
"(10, 11)",בסקר,,,,,"(30, 34)",,,"[{'id': 10, 'text': 'ב', 'upos': 'ADP', 'xpos': 'ADP', 'head': 11, 'deprel': 'case', 'lemma': 'ב'}, {'id': 11, 'text': 'סקר', 'upos': 'NOUN', 'xpos': 'NOUN', 'feats': 'Gender=Masc|Number=Sing', 'head': 9, 'deprel': 'obl', 'lemma': 'סקר'}]"
"(12, 13)",בהר,,,,,"(35, 38)",,,"[{'id': 12, 'text': 'ב', 'upos': 'ADP', 'xpos': 'ADP', 'head': 13, 'deprel': 'case', 'lemma': 'ב'}, {'id': 13, 'text': 'הר', 'upos': 'NOUN', 'xpos': 'NOUN', 'feats': 'Definite=Cons|Gender=Masc|Number=Sing', 'head': 11, 'deprel': 'nmod', 'lemma': 'הר'}]"
14,חומה,NOUN,NOUN,13.0,compound:smixut,"(39, 43)",חומה,Gender=Fem|Number=Sing,
"(15, 16)",בירושלים,,,,,"(44, 52)",,,"[{'id': 15, 'text': 'ב', 'upos': 'ADP', 'xpos': 'ADP', 'head': 16, 'deprel': 'case', 'lemma': 'ב'}, {'id': 16, 'text': 'ירושלים', 'upos': 'PROPN', 'xpos': 'PROPN', 'head': 13, 'deprel': 'nmod', 'lemma': 'ירושלים'}]"
"(17, 18)",בשנת,,,,,"(53, 57)",,,"[{'id': 17, 'text': 'ב', 'upos': 'ADP', 'xpos': 'ADP', 'head': 18, 'deprel': 'case', 'lemma': 'ב'}, {'id': 18, 'text': 'שנת', 'upos': 'NOUN', 'xpos': 'NOUN', 'feats': 'Definite=Cons|Gender=Fem|Number=Sing', 'head': 11, 'deprel': 'nmod', 'lemma': 'שנה'}]"
19,2000,NUM,NUM,18.0,compound:smixut,"(58, 62)",2000,,
"(20, 22)",ובשכונת,,,,,"(63, 70)",,,"[{'id': 20, 'text': 'ו', 'upos': 'CCONJ', 'xpos': 'CCONJ', 'head': 22, 'deprel': 'cc', 'lemma': 'ו'}, {'id': 21, 'text': 'ב', 'upos': 'ADP', 'xpos': 'ADP', 'head': 22, 'deprel': 'case', 'lemma': 'ב'}, {'id': 22, 'text': 'שכונת', 'upos': 'NOUN', 'xpos': 'NOUN', 'feats': 'Definite=Cons|Gender=Fem|Number=Sing', 'head': 13, 'deprel': 'conj', 'lemma': 'שכונה'}]"
23,נווה,NOUN,NOUN,22.0,compound:smixut,"(71, 75)",נווה,Definite=Cons|Gender=Masc|Number=Sing,
24,זאב,PROPN,PROPN,23.0,flat:name,"(76, 79)",זאב,,
"(25, 26)",בבאר,,,,,"(80, 84)",,,"[{'id': 25, 'text': 'ב', 'upos': 'ADP', 'xpos': 'ADP', 'head': 26, 'deprel': 'case', 'lemma': 'ב'}, {'id': 26, 'text': 'באר', 'upos': 'NOUN', 'xpos': 'NOUN', 'feats': 'Definite=Cons|Gender=Fem|Number=Sing', 'head': 22, 'deprel': 'nmod', 'lemma': 'באר'}]"
27,שבע,NUM,NUM,26.0,flat:name,"(85, 88)",שבע,Gender=Fem|Number=Sing,
28,",",PUNCT,PUNCT,5.0,punct,"(89, 90)",",",,
29,נמוך,ADJ,ADJ,5.0,parataxis,"(91, 95)",נמוך,Gender=Masc|Number=Sing,
"(30, 31)",ממספר,,,,,"(96, 101)",,,"[{'id': 30, 'text': 'מ', 'upos': 'ADP', 'xpos': 'ADP', 'head': 33, 'deprel': 'case', 'lemma': 'מ'}, {'id': 31, 'text': 'מספר', 'upos': 'DET', 'xpos': 'DET', 'feats': 'Definite=Cons', 'head': 33, 'deprel': 'det', 'lemma': 'מספר'}]"
"(32, 33)",הנפשות,,,,,"(102, 108)",,,"[{'id': 32, 'text': 'ה', 'upos': 'DET', 'xpos': 'DET', 'feats': 'PronType=Art', 'head': 33, 'deprel': 'det:def', 'lemma': 'ה'}, {'id': 33, 'text': 'נפשות', 'upos': 'NOUN', 'xpos': 'NOUN', 'feats': 'Gender=Fem|Number=Plur', 'head': 29, 'deprel': 'advmod', 'lemma': 'נפש'}]"
"(34, 35)",בסקר,,,,,"(109, 113)",,,"[{'id': 34, 'text': 'ב', 'upos': 'ADP', 'xpos': 'ADP', 'head': 35, 'deprel': 'case', 'lemma': 'ב'}, {'id': 35, 'text': 'סקר', 'upos': 'NOUN', 'xpos': 'NOUN', 'feats': 'Gender=Masc|Number=Sing', 'head': 29, 'deprel': 'obl', 'lemma': 'סקר'}]"
"(36, 37)",שנערך,,,,,"(114, 119)",,,"[{'id': 36, 'text': 'ש', 'upos': 'SCONJ', 'xpos': 'SCONJ', 'head': 37, 'deprel': 'mark', 'lemma': 'ש'}, {'id': 37, 'text': 'נערך', 'upos': 'VERB', 'xpos': 'VERB', 'feats': 'Gender=Masc|HebBinyan=NIFAL|Number=Sing|Person=3|Tense=Past|Voice=Mid', 'head': 35, 'deprel': 'acl:relcl', 'lemma': 'נערך'}]"
"(38, 39)",בשכונת,,,,,"(120, 126)",,,"[{'id': 38, 'text': 'ב', 'upos': 'ADP', 'xpos': 'ADP', 'head': 39, 'deprel': 'case', 'lemma': 'ב'}, {'id': 39, 'text': 'שכונת', 'upos': 'NOUN', 'xpos': 'NOUN', 'feats': 'Definite=Cons|Gender=Fem|Number=Sing', 'head': 37, 'deprel': 'obl', 'lemma': 'שכונה'}]"
40,רמות,NOUN,NOUN,39.0,compound:smixut,"(127, 131)",רמה,Gender=Fem|Number=Plur,
"(41, 42)",בבאר,,,,,"(132, 136)",,,"[{'id': 41, 'text': 'ב', 'upos': 'ADP', 'xpos': 'ADP', 'head': 42, 'deprel': 'case', 'lemma': 'ב'}, {'id': 42, 'text': 'באר', 'upos': 'NOUN', 'xpos': 'NOUN', 'feats': 'Definite=Cons|Gender=Fem|Number=Sing', 'head': 39, 'deprel': 'nmod', 'lemma': 'באר'}]"
43,–,PUNCT,PUNCT,42.0,flat:name,"(137, 138)",–,,
44,שבע,NUM,NUM,42.0,flat:name,"(139, 142)",שבע,Gender=Fem|Number=Sing,
45,",",PUNCT,PUNCT,42.0,punct,"(142, 143)",",",,
"(46, 47)",באילת,,,,,"(144, 149)",,,"[{'id': 46, 'text': 'ב', 'upos': 'ADP', 'xpos': 'ADP', 'head': 47, 'deprel': 'case', 'lemma': 'ב'}, {'id': 47, 'text': 'אילת', 'upos': 'PROPN', 'xpos': 'PROPN', 'head': 42, 'deprel': 'conj', 'lemma': 'אילת'}]"
"(48, 50)",ובאשקלון,,,,,"(150, 158)",,,"[{'id': 48, 'text': 'ו', 'upos': 'CCONJ', 'xpos': 'CCONJ', 'head': 50, 'deprel': 'cc', 'lemma': 'ו'}, {'id': 49, 'text': 'ב', 'upos': 'ADP', 'xpos': 'ADP', 'head': 50, 'deprel': 'case', 'lemma': 'ב'}, {'id': 50, 'text': 'אשקלון', 'upos': 'PROPN', 'xpos': 'PROPN', 'head': 42, 'deprel': 'conj', 'lemma': 'אשקלון'}]"
51,",",PUNCT,PUNCT,29.0,punct,"(159, 160)",",",,
"(52, 53)",וגבוה,,,,,"(161, 166)",,,"[{'id': 52, 'text': 'ו', 'upos': 'CCONJ', 'xpos': 'CCONJ', 'head': 53, 'deprel': 'cc', 'lemma': 'ו'}, {'id': 53, 'text': 'גבוה', 'upos': 'ADJ', 'xpos': 'ADJ', 'feats': 'Gender=Masc|Number=Sing', 'head': 29, 'deprel': 'conj', 'lemma': 'גבוה'}]"
"(54, 55)",מגודל,,,,,"(167, 172)",,,"[{'id': 54, 'text': 'מ', 'upos': 'ADP', 'xpos': 'ADP', 'head': 55, 'deprel': 'case', 'lemma': 'מ'}, {'id': 55, 'text': 'גודל', 'upos': 'NOUN', 'xpos': 'NOUN', 'feats': 'Definite=Cons|Gender=Masc|Number=Sing', 'head': 53, 'deprel': 'advmod', 'lemma': 'גודל'}]"
56,משק,NOUN,NOUN,55.0,compound:smixut,"(173, 176)",משק,Definite=Cons|Gender=Masc|Number=Sing,
"(57, 58)",הבית,,,,,"(177, 181)",,,"[{'id': 57, 'text': 'ה', 'upos': 'DET', 'xpos': 'DET', 'feats': 'PronType=Art', 'head': 58, 'deprel': 'det:def', 'lemma': 'ה'}, {'id': 58, 'text': 'בית', 'upos': 'NOUN', 'xpos': 'NOUN', 'feats': 'Gender=Masc|Number=Sing', 'head': 56, 'deprel': 'compound:smixut', 'lemma': 'בית'}]"
"(59, 60)",בשלומי,,,,,"(182, 188)",,,"[{'id': 59, 'text': 'ב', 'upos': 'ADP', 'xpos': 'ADP', 'head': 60, 'deprel': 'case', 'lemma': 'ב'}, {'id': 60, 'text': 'שלומי', 'upos': 'PROPN', 'xpos': 'PROPN', 'head': 55, 'deprel': 'nmod', 'lemma': 'שלומי'}]"
"(61, 63)",ובשכונות,,,,,"(189, 197)",,,"[{'id': 61, 'text': 'ו', 'upos': 'CCONJ', 'xpos': 'CCONJ', 'head': 63, 'deprel': 'cc', 'lemma': 'ו'}, {'id': 62, 'text': 'ב', 'upos': 'ADP', 'xpos': 'ADP', 'head': 63, 'deprel': 'case', 'lemma': 'ב'}, {'id': 63, 'text': 'שכונות', 'upos': 'NOUN', 'xpos': 'NOUN', 'feats': 'Definite=Cons|Gender=Fem|Number=Plur', 'head': 60, 'deprel': 'conj', 'lemma': 'שכונה'}]"
64,ג ',PROPN,PROPN,63.0,flat:name,"(198, 201)",ג ',,
65,ו,CCONJ,CCONJ,64.0,flat:name,"(202, 203)",ו,,
66,-,PUNCT,PUNCT,64.0,flat:name,"(203, 204)",-,,
67,ד',PROPN,PROPN,64.0,flat:name,"(205, 207)",ד',,
"(68, 69)",בבאר,,,,,"(208, 212)",,,"[{'id': 68, 'text': 'ב', 'upos': 'ADP', 'xpos': 'ADP', 'head': 69, 'deprel': 'case', 'lemma': 'ב'}, {'id': 69, 'text': 'באר', 'upos': 'NOUN', 'xpos': 'NOUN', 'feats': 'Definite=Cons|Gender=Fem|Number=Sing', 'head': 63, 'deprel': 'nmod', 'lemma': 'באר'}]"
70,שבע,NUM,NUM,69.0,flat:name,"(213, 216)",שבע,Gender=Fem|Number=Sing,
1,ב,ADP,ADP,4.0,case,"(1, 2)",ב,,
2,-,PUNCT,PUNCT,4.0,punct,"(2, 3)",-,,
3,91,NUM,NUM,4.0,nummod,"(4, 6)",91,,
4,%,NOUN,NOUN,8.0,obl,"(6, 7)",%,"Gender=Masc|Number=Plur,Sing",
"(5, 7)",מהמקרים,,,,,"(8, 15)",,,"[{'id': 5, 'text': 'מ', 'upos': 'ADP', 'xpos': 'ADP', 'head': 7, 'deprel': 'case', 'lemma': 'מ'}, {'id': 6, 'text': 'ה', 'upos': 'DET', 'xpos': 'DET', 'feats': 'PronType=Art', 'head': 7, 'deprel': 'det:def', 'lemma': 'ה'}, {'id': 7, 'text': 'מקרים', 'upos': 'X', 'xpos': 'X', 'feats': 'Gender=Masc|HebSource=ConvUncertainHead|Number=Plur', 'head': 4, 'deprel': 'nmod', 'lemma': 'מקרים'}]"
8,יגורו,VERB,VERB,0.0,root,"(16, 21)",גר,"Gender=Fem,Masc|HebBinyan=PAAL|Number=Plur|Person=3|Tense=Fut|Voice=Act",
9,/,PUNCT,PUNCT,10.0,punct,"(22, 23)",/,,
10,גרים,VERB,VERB,8.0,conj,"(23, 27)",גר,"Gender=Masc|HebBinyan=PAAL|Number=Plur|Person=1,2,3|VerbForm=Part|Voice=Act",
11,רוכשי,NOUN,NOUN,8.0,nsubj,"(28, 33)",רוכש,"Definite=Cons|Gender=Masc|HebBinyan=PAAL|Number=Plur|Person=1,2,3|VerbForm=Part|Voice=Act",
"(12, 13)",הדירות,,,,,"(34, 40)",,,"[{'id': 12, 'text': 'ה', 'upos': 'DET', 'xpos': 'DET', 'feats': 'PronType=Art', 'head': 13, 'deprel': 'det:def', 'lemma': 'ה'}, {'id': 13, 'text': 'דירות', 'upos': 'NOUN', 'xpos': 'NOUN', 'feats': 'Gender=Fem|Number=Plur', 'head': 11, 'deprel': 'compound:smixut', 'lemma': 'דירה'}]"
"(14, 16)",במגדל,,,,,"(41, 46)",,,"[{'id': 14, 'text': 'ב', 'upos': 'ADP', 'xpos': 'ADP', 'head': 16, 'deprel': 'case', 'lemma': 'ב'}, {'id': 15, 'text': 'ה_', 'upos': 'DET', 'xpos': 'DET', 'feats': 'PronType=Art', 'head': 16, 'deprel': 'det:def', 'lemma': 'ה'}, {'id': 16, 'text': 'מגדל', 'upos': 'NOUN', 'xpos': 'NOUN', 'feats': 'Definite=Cons|Gender=Masc|Number=Sing', 'head': 11, 'deprel': 'nmod', 'lemma': 'מגדל'}]"
"(17, 18)",העמק,,,,,"(47, 51)",,,"[{'id': 17, 'text': 'ה', 'upos': 'DET', 'xpos': 'DET', 'feats': 'PronType=Art', 'head': 18, 'deprel': 'det:def', 'lemma': 'ה'}, {'id': 18, 'text': 'עמק', 'upos': 'NOUN', 'xpos': 'NOUN', 'feats': 'Gender=Masc|Number=Sing', 'head': 16, 'deprel': 'compound:smixut', 'lemma': 'עמק'}]"
"(19, 20)",במסגרת,,,,,"(52, 58)",,,"[{'id': 19, 'text': 'ב', 'upos': 'ADP', 'xpos': 'ADP', 'head': 22, 'deprel': 'case', 'lemma': 'ב'}, {'id': 20, 'text': 'מסגרת', 'upos': 'NOUN', 'xpos': 'NOUN', 'feats': 'Gender=Fem|Number=Sing', 'head': 19, 'deprel': 'fixed', 'lemma': 'מסגרת'}]"
"(21, 22)",המשפחה,,,,,"(59, 65)",,,"[{'id': 21, 'text': 'ה', 'upos': 'DET', 'xpos': 'DET', 'feats': 'PronType=Art', 'head': 22, 'deprel': 'det:def', 'lemma': 'ה'}, {'id': 22, 'text': 'משפחה', 'upos': 'NOUN', 'xpos': 'NOUN', 'feats': 'Gender=Fem|Number=Sing', 'head': 8, 'deprel': 'obl', 'lemma': 'משפחה'}]"
"(23, 24)",הגרעינית,,,,,"(66, 74)",,,"[{'id': 23, 'text': 'ה', 'upos': 'DET', 'xpos': 'DET', 'feats': 'PronType=Art', 'head': 24, 'deprel': 'det:def', 'lemma': 'ה'}, {'id': 24, 'text': 'גרעינית', 'upos': 'ADJ', 'xpos': 'ADJ', 'feats': 'Gender=Fem|Number=Sing', 'head': 22, 'deprel': 'amod', 'lemma': 'גרעיני'}]"
25,",",PUNCT,PUNCT,8.0,punct,"(74, 75)",",",,
26,ב,ADP,ADP,29.0,case,"(76, 77)",ב,,
27,-,PUNCT,PUNCT,29.0,punct,"(77, 78)",-,,
28,7,NUM,NUM,29.0,nummod,"(79, 80)",7,,
29,%,NOUN,NOUN,8.0,obl,"(80, 81)",%,"Gender=Masc|Number=Plur,Sing",
"(30, 32)",מהמקרים,,,,,"(82, 89)",,,"[{'id': 30, 'text': 'מ', 'upos': 'ADP', 'xpos': 'ADP', 'head': 32, 'deprel': 'case', 'lemma': 'מ'}, {'id': 31, 'text': 'ה', 'upos': 'DET', 'xpos': 'DET', 'feats': 'PronType=Art', 'head': 32, 'deprel': 'det:def', 'lemma': 'ה'}, {'id': 32, 'text': 'מקרים', 'upos': 'NOUN', 'xpos': 'NOUN', 'feats': 'Gender=Masc|Number=Plur', 'head': 29, 'deprel': 'nmod', 'lemma': 'מקרה'}]"
33,הם,PRON,PRON,34.0,nsubj,"(90, 92)",הוא,Gender=Masc|Number=Plur|Person=3|PronType=Prs,
34,יתגוררו,VERB,VERB,8.0,conj,"(93, 100)",התגורר,"Gender=Fem,Masc|HebBinyan=HITPAEL|Number=Plur|Person=3|Tense=Fut",
35,עם,ADP,ADP,37.0,case,"(101, 103)",עם,,
"(36, 37)",ההורים,,,,,"(104, 110)",,,"[{'id': 36, 'text': 'ה', 'upos': 'DET', 'xpos': 'DET', 'feats': 'PronType=Art', 'head': 37, 'deprel': 'det:def', 'lemma': 'ה'}, {'id': 37, 'text': 'הורים', 'upos': 'NOUN', 'xpos': 'NOUN', 'feats': 'Gender=Masc|Number=Plur', 'head': 34, 'deprel': 'obl', 'lemma': 'הורה'}]"
38,של,ADP,ADP,39.0,case:gen,"(111, 113)",של,Case=Gen,
39,ראש,NOUN,NOUN,37.0,nmod:poss,"(114, 117)",ראש,Definite=Cons|Gender=Masc|Number=Sing,
"(40, 41)",המשפחה,,,,,"(118, 124)",,,"[{'id': 40, 'text': 'ה', 'upos': 'DET', 'xpos': 'DET', 'feats': 'PronType=Art', 'head': 41, 'deprel': 'det:def', 'lemma': 'ה'}, {'id': 41, 'text': 'משפחה', 'upos': 'NOUN', 'xpos': 'NOUN', 'feats': 'Gender=Fem|Number=Sing', 'head': 39, 'deprel': 'compound:smixut', 'lemma': 'משפחה'}]"
"(42, 43)",וב,,,,,"(125, 127)",,,"[{'id': 42, 'text': 'ו', 'upos': 'CCONJ', 'xpos': 'CCONJ', 'head': 46, 'deprel': 'cc', 'lemma': 'ו'}, {'id': 43, 'text': 'ב', 'upos': 'ADP', 'xpos': 'ADP', 'head': 46, 'deprel': 'case', 'lemma': 'ב'}]"
44,-,PUNCT,PUNCT,46.0,punct,"(127, 128)",-,,
45,2,NUM,NUM,46.0,nummod,"(129, 130)",2,,
46,%,NOUN,NOUN,8.0,conj,"(130, 131)",%,"Gender=Masc|Number=Plur,Sing",
"(47, 49)",מהמקרים,,,,,"(132, 139)",,,"[{'id': 47, 'text': 'מ', 'upos': 'ADP', 'xpos': 'ADP', 'head': 49, 'deprel': 'case', 'lemma': 'מ'}, {'id': 48, 'text': 'ה', 'upos': 'DET', 'xpos': 'DET', 'feats': 'PronType=Art', 'head': 49, 'deprel': 'det:def', 'lemma': 'ה'}, {'id': 49, 'text': 'מקרים', 'upos': 'NOUN', 'xpos': 'NOUN', 'feats': 'Gender=Masc|Number=Plur', 'head': 46, 'deprel': 'nmod', 'lemma': 'מקרה'}]"
50,עם,ADP,ADP,51.0,case,"(140, 142)",עם,,
51,קרובים,NOUN,NOUN,46.0,nmod,"(143, 149)",קרוב,Gender=Masc|Number=Plur,
52,אחרים,ADJ,ADJ,51.0,amod,"(150, 155)",אחר,Gender=Masc|Number=Plur,
1,ב,ADP,ADP,4.0,case,"(1, 2)",ב,,
2,-,PUNCT,PUNCT,4.0,punct,"(2, 3)",-,,
3,89,NUM,NUM,4.0,nummod,"(4, 6)",89,,
4,%,NOUN,NOUN,8.0,obl,"(6, 7)",%,"Gender=Masc|Number=Plur,Sing",
"(5, 7)",מהמקרים,,,,,"(8, 15)",,,"[{'id': 5, 'text': 'מ', 'upos': 'ADP', 'xpos': 'ADP', 'head': 7, 'deprel': 'case', 'lemma': 'מ'}, {'id': 6, 'text': 'ה', 'upos': 'DET', 'xpos': 'DET', 'feats': 'PronType=Art', 'head': 7, 'deprel': 'det:def', 'lemma': 'ה'}, {'id': 7, 'text': 'מקרים', 'upos': 'X', 'xpos': 'X', 'feats': 'Xtra=Junk', 'head': 4, 'deprel': 'nmod', 'lemma': 'מקרים'}]"
8,יש,VERB,VERB,0.0,root,"(16, 18)",יש,HebExistential=True,
9,ילדים,NOUN,NOUN,8.0,nsubj,"(19, 24)",ילד,Gender=Masc|Number=Plur,
"(10, 12)",במשק,,,,,"(25, 29)",,,"[{'id': 10, 'text': 'ב', 'upos': 'ADP', 'xpos': 'ADP', 'head': 12, 'deprel': 'case', 'lemma': 'ב'}, {'id': 11, 'text': 'ה_', 'upos': 'DET', 'xpos': 'DET', 'feats': 'PronType=Art', 'head': 12, 'deprel': 'det:def', 'lemma': 'ה'}, {'id': 12, 'text': 'משק', 'upos': 'NOUN', 'xpos': 'NOUN', 'feats': 'Gender=Masc|Number=Sing', 'head': 9, 'deprel': 'nmod', 'lemma': 'משק'}]"
"(13, 14)",הבית,,,,,"(30, 34)",,,"[{'id': 13, 'text': 'ה', 'upos': 'DET', 'xpos': 'DET', 'feats': 'PronType=Art', 'head': 14, 'deprel': 'det:def', 'lemma': 'ה'}, {'id': 14, 'text': 'בית', 'upos': 'NOUN', 'xpos': 'NOUN', 'feats': 'Gender=Masc|Number=Sing', 'head': 12, 'deprel': 'amod', 'lemma': 'בית'}]"
"(15, 16)",שיתגורר,,,,,"(35, 42)",,,"[{'id': 15, 'text': 'ש', 'upos': 'SCONJ', 'xpos': 'SCONJ', 'head': 16, 'deprel': 'mark', 'lemma': 'ש'}, {'id': 16, 'text': 'יתגורר', 'upos': 'VERB', 'xpos': 'VERB', 'feats': 'Gender=Masc|HebBinyan=HITPAEL|Number=Sing|Person=3|Tense=Fut', 'head': 12, 'deprel': 'acl:relcl', 'lemma': 'התגורר'}]"
"(17, 19)",במגדל,,,,,"(43, 48)",,,"[{'id': 17, 'text': 'ב', 'upos': 'ADP', 'xpos': 'ADP', 'head': 19, 'deprel': 'case', 'lemma': 'ב'}, {'id': 18, 'text': 'ה_', 'upos': 'DET', 'xpos': 'DET', 'feats': 'PronType=Art', 'head': 19, 'deprel': 'det:def', 'lemma': 'ה'}, {'id': 19, 'text': 'מגדל', 'upos': 'NOUN', 'xpos': 'NOUN', 'feats': 'Definite=Cons|Gender=Masc|Number=Sing', 'head': 16, 'deprel': 'obl', 'lemma': 'מגדל'}]"
"(20, 21)",העמק,,,,,"(49, 53)",,,"[{'id': 20, 'text': 'ה', 'upos': 'DET', 'xpos': 'DET', 'feats': 'PronType=Art', 'head': 21, 'deprel': 'det:def', 'lemma': 'ה'}, {'id': 21, 'text': 'עמק', 'upos': 'NOUN', 'xpos': 'NOUN', 'feats': 'Gender=Masc|Number=Sing', 'head': 19, 'deprel': 'compound:smixut', 'lemma': 'עמק'}]"
22,",",PUNCT,PUNCT,8.0,punct,"(54, 55)",",",,
"(23, 24)",וב,,,,,"(56, 58)",,,"[{'id': 23, 'text': 'ו', 'upos': 'CCONJ', 'xpos': 'CCONJ', 'head': 28, 'deprel': 'cc', 'lemma': 'ו'}, {'id': 24, 'text': 'ב', 'upos': 'ADP', 'xpos': 'ADP', 'head': 27, 'deprel': 'case', 'lemma': 'ב'}]"
25,-,PUNCT,PUNCT,27.0,punct,"(58, 59)",-,,
26,11,NUM,NUM,27.0,nummod,"(59, 61)",11,,
27,%,NOUN,NOUN,28.0,obl,"(61, 62)",%,"Gender=Masc|Number=Plur,Sing",
28,אין,VERB,VERB,8.0,conj,"(63, 66)",אין,HebExistential=True,
29,ילדים,NOUN,NOUN,28.0,nsubj,"(67, 72)",ילד,Gender=Masc|Number=Plur,
"(1, 2)",בממוצע,,,,,"(1, 7)",,,"[{'id': 1, 'text': 'ב', 'upos': 'ADV', 'xpos': 'ADV', 'head': 4, 'deprel': 'dep', 'lemma': 'ב'}, {'id': 2, 'text': 'ממוצע', 'upos': 'NOUN', 'xpos': 'NOUN', 'head': 4, 'deprel': 'det', 'lemma': 'ממוצע'}]"
"(3, 4)",יש,,,,,"(8, 10)",,,"[{'id': 3, 'text': 'י', 'upos': 'DET', 'xpos': 'DET', 'feats': 'Definite=Cons|Gender=Masc|Number=Plur', 'head': 0, 'deprel': 'root', 'lemma': 'וי'}, {'id': 4, 'text': 'ש', 'upos': 'NOUN', 'xpos': 'NOUN', 'head': 3, 'deprel': 'dep', 'lemma': 'ש'}]"
5,2,NUM,NUM,4.0,nummod,"(11, 12)",2,,
1,2,NUM,NUM,2.0,nummod,"(0, 1)",2,,
2,ילדים,NOUN,NOUN,0.0,root,"(2, 7)",ילד,Gender=Masc|Number=Plur,
"(3, 5)",במשק,,,,,"(8, 12)",,,"[{'id': 3, 'text': 'ב', 'upos': 'ADP', 'xpos': 'ADP', 'head': 5, 'deprel': 'case', 'lemma': 'ב'}, {'id': 4, 'text': 'ה_', 'upos': 'DET', 'xpos': 'DET', 'feats': 'PronType=Art', 'head': 5, 'deprel': 'det:def', 'lemma': 'ה'}, {'id': 5, 'text': 'משק', 'upos': 'NOUN', 'xpos': 'NOUN', 'feats': 'Definite=Cons|Gender=Masc|Number=Sing', 'head': 2, 'deprel': 'nmod', 'lemma': 'משק'}]"
6,בית,NOUN,NOUN,5.0,nmod,"(13, 16)",בית,Gender=Masc|Number=Sing,
7,עם,ADP,ADP,8.0,case,"(17, 19)",עם,,
8,ילדים,NOUN,NOUN,2.0,nmod,"(20, 25)",ילד,Gender=Masc|Number=Plur,
1,□,PUNCT,PUNCT,2.0,punct,"(1, 2)",□,,
2,התפלגות,NOUN,NOUN,0.0,root,"(3, 10)",התפלגות,Definite=Cons|Gender=Fem|Number=Sing,
"(3, 4)",הרוכשים,,,,,"(11, 18)",,,"[{'id': 3, 'text': 'ה', 'upos': 'DET', 'xpos': 'DET', 'feats': 'PronType=Art', 'head': 4, 'deprel': 'det:def', 'lemma': 'ה'}, {'id': 4, 'text': 'רוכשים', 'upos': 'VERB', 'xpos': 'VERB', 'feats': 'Gender=Masc|Number=Plur', 'head': 2, 'deprel': 'compound:smixut', 'lemma': 'רכש'}]"
5,לפי,ADP,ADP,6.0,case,"(19, 22)",לפי,,
6,גיל,NOUN,NOUN,2.0,nmod,"(23, 26)",גיל,Gender=Masc|Number=Sing,
7,להלן,ADV,ADV,2.0,advmod,"(27, 31)",להלן,HebSource=ConvUncertainHead,
8,פילוג,NOUN,NOUN,2.0,dep,"(32, 37)",פילוג,Definite=Cons|Gender=Masc|HebSource=ConvUncertainHead|Number=Sing,
9,גילאי,NOUN,NOUN,8.0,compound:smixut,"(38, 43)",גיל,Definite=Cons|Gender=Masc|Number=Plur,
"(10, 11)",הקונים,,,,,"(44, 50)",,,"[{'id': 10, 'text': 'ה', 'upos': 'DET', 'xpos': 'DET', 'feats': 'PronType=Art', 'head': 11, 'deprel': 'det:def', 'lemma': 'ה'}, {'id': 11, 'text': 'קונים', 'upos': 'NOUN', 'xpos': 'NOUN', 'feats': 'Gender=Masc|Number=Plur', 'head': 9, 'deprel': 'compound:smixut', 'lemma': 'קונה'}]"
12,שיגורו,PROPN,PROPN,11.0,nmod,"(51, 57)",שיגורו,,
13,/,PUNCT,PUNCT,12.0,dep,"(58, 59)",/,,
14,גרים,NOUN,NOUN,12.0,dep,"(59, 63)",גר,"Gender=Masc|HebBinyan=PAAL|Number=Plur|Person=1,2,3|VerbForm=Part|Voice=Act",
"(15, 17)",במגדל,,,,,"(64, 69)",,,"[{'id': 15, 'text': 'ב', 'upos': 'ADP', 'xpos': 'ADP', 'head': 17, 'deprel': 'case', 'lemma': 'ב'}, {'id': 16, 'text': 'ה_', 'upos': 'DET', 'xpos': 'DET', 'feats': 'PronType=Art', 'head': 17, 'deprel': 'det:def', 'lemma': 'ה'}, {'id': 17, 'text': 'מגדל', 'upos': 'NOUN', 'xpos': 'NOUN', 'feats': 'Definite=Cons|Gender=Masc|Number=Sing', 'head': 11, 'deprel': 'nmod', 'lemma': 'מגדל'}]"
"(18, 19)",העמק,,,,,"(70, 74)",,,"[{'id': 18, 'text': 'ה', 'upos': 'DET', 'xpos': 'DET', 'feats': 'PronType=Art', 'head': 19, 'deprel': 'det:def', 'lemma': 'ה'}, {'id': 19, 'text': 'עמק', 'upos': 'NOUN', 'xpos': 'NOUN', 'feats': 'Gender=Masc|Number=Sing', 'head': 17, 'deprel': 'compound:smixut', 'lemma': 'עמק'}]"
"(20, 22)",והשוואה,,,,,"(75, 82)",,,"[{'id': 20, 'text': 'ו', 'upos': 'CCONJ', 'xpos': 'CCONJ', 'head': 22, 'deprel': 'cc', 'lemma': 'ו'}, {'id': 21, 'text': 'ה', 'upos': 'DET', 'xpos': 'DET', 'feats': 'PronType=Art', 'head': 22, 'deprel': 'det:def', 'lemma': 'ה'}, {'id': 22, 'text': 'שוואה', 'upos': 'PROPN', 'xpos': 'PROPN', 'head': 17, 'deprel': 'conj', 'lemma': 'שוואה'}]"
"(23, 24)",לפילוג,,,,,"(83, 89)",,,"[{'id': 23, 'text': 'ל', 'upos': 'ADP', 'xpos': 'ADP', 'head': 24, 'deprel': 'case', 'lemma': 'ל'}, {'id': 24, 'text': 'פילוג', 'upos': 'NOUN', 'xpos': 'NOUN', 'feats': 'Definite=Cons|Gender=Masc|Number=Sing', 'head': 8, 'deprel': 'nmod', 'lemma': 'פילוג'}]"
"(25, 26)",הגילאים,,,,,"(90, 97)",,,"[{'id': 25, 'text': 'ה', 'upos': 'DET', 'xpos': 'DET', 'feats': 'PronType=Art', 'head': 26, 'deprel': 'det:def', 'lemma': 'ה'}, {'id': 26, 'text': 'גילאים', 'upos': 'NOUN', 'xpos': 'NOUN', 'feats': 'Gender=Masc|Number=Plur', 'head': 24, 'deprel': 'compound:smixut', 'lemma': 'גיל'}]"
27,בקרב,ADP,ADP,29.0,case,"(98, 102)",בקרב,,
"(28, 29)",האוכלוסיה,,,,,"(103, 112)",,,"[{'id': 28, 'text': 'ה', 'upos': 'DET', 'xpos': 'DET', 'feats': 'PronType=Art', 'head': 29, 'deprel': 'det:def', 'lemma': 'ה'}, {'id': 29, 'text': 'אוכלוסיה', 'upos': 'NOUN', 'xpos': 'NOUN', 'feats': 'Gender=Fem|Number=Sing', 'head': 24, 'deprel': 'nmod', 'lemma': 'אוכלוסיה'}]"
"(30, 31)",היהודית,,,,,"(113, 120)",,,"[{'id': 30, 'text': 'ה', 'upos': 'DET', 'xpos': 'DET', 'feats': 'PronType=Art', 'head': 31, 'deprel': 'det:def', 'lemma': 'ה'}, {'id': 31, 'text': 'יהודית', 'upos': 'ADJ', 'xpos': 'ADJ', 'feats': 'Gender=Fem|Number=Sing', 'head': 29, 'deprel': 'amod', 'lemma': 'יהודי'}]"
"(32, 33)",בכל,,,,,"(121, 124)",,,"[{'id': 32, 'text': 'ב', 'upos': 'ADP', 'xpos': 'ADP', 'head': 35, 'deprel': 'case', 'lemma': 'ב'}, {'id': 33, 'text': 'כל', 'upos': 'DET', 'xpos': 'DET', 'feats': 'Definite=Cons', 'head': 35, 'deprel': 'det', 'lemma': 'כול'}]"
"(34, 35)",הארץ,,,,,"(125, 129)",,,"[{'id': 34, 'text': 'ה', 'upos': 'DET', 'xpos': 'DET', 'feats': 'PronType=Art', 'head': 35, 'deprel': 'det:def', 'lemma': 'ה'}, {'id': 35, 'text': 'ארץ', 'upos': 'NOUN', 'xpos': 'NOUN', 'feats': 'Gender=Fem|Number=Sing', 'head': 29, 'deprel': 'nmod', 'lemma': 'ארץ'}]"
1,בקרב,ADP,ADP,2.0,case,"(1, 5)",בקרב,,
2,קוני,NOUN,NOUN,10.0,nmod,"(6, 10)",קונה,Definite=Cons|Gender=Masc|Number=Plur,
3,דירות,NOUN,NOUN,2.0,compound:smixut,"(11, 16)",דירה,Gender=Fem|Number=Plur,
"(4, 6)",במגדל,,,,,"(17, 22)",,,"[{'id': 4, 'text': 'ב', 'upos': 'ADP', 'xpos': 'ADP', 'head': 6, 'deprel': 'case', 'lemma': 'ב'}, {'id': 5, 'text': 'ה_', 'upos': 'DET', 'xpos': 'DET', 'feats': 'PronType=Art', 'head': 6, 'deprel': 'det:def', 'lemma': 'ה'}, {'id': 6, 'text': 'מגדל', 'upos': 'NOUN', 'xpos': 'NOUN', 'feats': 'Definite=Cons|Gender=Masc|Number=Sing', 'head': 3, 'deprel': 'nmod', 'lemma': 'מגדל'}]"
"(7, 8)",העמק,,,,,"(23, 27)",,,"[{'id': 7, 'text': 'ה', 'upos': 'DET', 'xpos': 'DET', 'feats': 'PronType=Art', 'head': 8, 'deprel': 'det:def', 'lemma': 'ה'}, {'id': 8, 'text': 'עמק', 'upos': 'NOUN', 'xpos': 'NOUN', 'feats': 'Gender=Masc|Number=Sing', 'head': 6, 'deprel': 'compound:smixut', 'lemma': 'עמק'}]"
9,",",PUNCT,PUNCT,10.0,punct,"(27, 28)",",",,
10,יש יצוג,NOUN,NOUN,0.0,root,"(29, 36)",יש יצוג,Gender=Masc|Number=Sing,
11,גבוה,ADJ,ADJ,10.0,amod,"(37, 41)",גבוה,Gender=Masc|Number=Sing,
12,יותר,ADV,ADV,11.0,advmod,"(42, 46)",יותר,,
"(13, 14)",לקבוצת,,,,,"(47, 53)",,,"[{'id': 13, 'text': 'ל', 'upos': 'ADP', 'xpos': 'ADP', 'head': 14, 'deprel': 'case', 'lemma': 'ל'}, {'id': 14, 'text': 'קבוצת', 'upos': 'NOUN', 'xpos': 'NOUN', 'feats': 'Definite=Cons|Gender=Fem|Number=Sing', 'head': 10, 'deprel': 'nmod', 'lemma': 'קבוצה'}]"
"(15, 16)",הגיל,,,,,"(54, 58)",,,"[{'id': 15, 'text': 'ה', 'upos': 'DET', 'xpos': 'DET', 'feats': 'PronType=Art', 'head': 16, 'deprel': 'det:def', 'lemma': 'ה'}, {'id': 16, 'text': 'גיל', 'upos': 'NOUN', 'xpos': 'NOUN', 'feats': 'Gender=Masc|Number=Sing', 'head': 14, 'deprel': 'compound:smixut', 'lemma': 'גיל'}]"
"(17, 18)",הצעירה,,,,,"(59, 65)",,,"[{'id': 17, 'text': 'ה', 'upos': 'DET', 'xpos': 'DET', 'feats': 'PronType=Art', 'head': 18, 'deprel': 'det:def', 'lemma': 'ה'}, {'id': 18, 'text': 'צעירה', 'upos': 'ADJ', 'xpos': 'ADJ', 'feats': 'Gender=Fem|Number=Sing', 'head': 14, 'deprel': 'amod', 'lemma': 'צעיר'}]"
19,(,PUNCT,PUNCT,21.0,punct,"(66, 67)",(,,
20,עד,ADP,ADP,21.0,case,"(67, 69)",עד,,
21,19,NUM,NUM,14.0,appos,"(70, 72)",19,,
22,),PUNCT,PUNCT,21.0,punct,"(72, 73)",),,
"(23, 24)",ויצוג,,,,,"(74, 79)",,,"[{'id': 23, 'text': 'ו', 'upos': 'CCONJ', 'xpos': 'CCONJ', 'head': 24, 'deprel': 'cc', 'lemma': 'ו'}, {'id': 24, 'text': 'יצוג', 'upos': 'NOUN', 'xpos': 'NOUN', 'feats': 'Gender=Masc|Number=Sing', 'head': 10, 'deprel': 'conj', 'lemma': 'יצוג'}]"
25,נמוך,ADJ,ADJ,24.0,amod,"(80, 84)",נמוך,Gender=Masc|Number=Sing,
26,יחסית,ADV,ADV,25.0,advmod,"(85, 90)",יחסית,,
"(27, 29)",לגילאי,,,,,"(91, 97)",,,"[{'id': 27, 'text': 'ל', 'upos': 'ADP', 'xpos': 'ADP', 'head': 29, 'deprel': 'case', 'lemma': 'ל'}, {'id': 28, 'text': 'ה_', 'upos': 'DET', 'xpos': 'DET', 'feats': 'PronType=Art', 'head': 29, 'deprel': 'det:def', 'lemma': 'ה'}, {'id': 29, 'text': 'גילאי', 'upos': 'NOUN', 'xpos': 'NOUN', 'feats': 'Gender=Masc|Number=Plur', 'head': 24, 'deprel': 'nmod', 'lemma': 'גיל'}]"
30,55,NUM,NUM,29.0,compound:smixut,"(98, 100)",55,,
"(31, 32)",ומעלה,,,,,"(101, 106)",,,"[{'id': 31, 'text': 'ו', 'upos': 'CCONJ', 'xpos': 'CCONJ', 'head': 32, 'deprel': 'cc', 'lemma': 'ו'}, {'id': 32, 'text': 'מעלה', 'upos': 'ADV', 'xpos': 'ADV', 'head': 30, 'deprel': 'advmod', 'lemma': 'מעלה'}]"
"(1, 3)",קבוצת הגיל,,,,,"(1, 11)",,,"[{'id': 1, 'text': 'קבוצה_', 'upos': 'NOUN', 'xpos': 'NOUN', 'feats': 'Definite=Def|Gender=Fem|Number=Sing', 'head': 0, 'deprel': 'root', 'lemma': 'קבוצה'}, {'id': 2, 'text': '_של_', 'upos': 'ADP', 'xpos': 'ADP', 'head': 3, 'deprel': 'case:gen', 'lemma': 'של'}, {'id': 3, 'text': '_אניל', 'upos': 'PROPN', 'xpos': 'PROPN', 'head': 1, 'deprel': 'nmod:poss', 'lemma': '_אניל'}]"
"(4, 5)",העיקרית,,,,,"(12, 19)",,,"[{'id': 4, 'text': 'ה', 'upos': 'DET', 'xpos': 'DET', 'feats': 'PronType=Art', 'head': 5, 'deprel': 'det:def', 'lemma': 'ה'}, {'id': 5, 'text': 'עיקרית', 'upos': 'ADJ', 'xpos': 'ADJ', 'feats': 'Gender=Fem|Number=Sing', 'head': 1, 'deprel': 'amod', 'lemma': 'עיקרי'}]"
"(6, 9)",של ה,,,,,"(20, 24)",,,"[{'id': 6, 'text': 'ש', 'upos': 'SCONJ', 'xpos': 'SCONJ', 'head': 9, 'deprel': 'mark', 'lemma': 'ש'}, {'id': 7, 'text': 'ל', 'upos': 'ADP', 'xpos': 'ADP', 'head': 9, 'deprel': 'case', 'lemma': 'ל'}, {'id': 8, 'text': 'ה_', 'upos': 'DET', 'xpos': 'DET', 'feats': 'PronType=Art', 'head': 9, 'deprel': 'det:def', 'lemma': 'ה'}, {'id': 9, 'text': 'טה', 'upos': 'NOUN', 'xpos': 'NOUN', 'feats': 'Gender=Masc|Number=Sing', 'head': 1, 'deprel': 'acl:relcl', 'lemma': 'טה'}]"
"(10, 12)",גברים,,,,,"(24, 29)",,,"[{'id': 10, 'text': 'גבר_', 'upos': 'NOUN', 'xpos': 'NOUN', 'feats': 'Definite=Def|Gender=Masc|Number=Plur', 'head': 1, 'deprel': 'dep', 'lemma': 'גבר'}, {'id': 11, 'text': '_של_', 'upos': 'ADP', 'xpos': 'ADP', 'head': 12, 'deprel': 'case:gen', 'lemma': 'של'}, {'id': 12, 'text': '_הם', 'upos': 'PRON', 'xpos': 'PRON', 'feats': 'Case=Gen|Gender=Masc|Number=Plur|Person=3|PronType=Prs', 'head': 10, 'deprel': 'nmod:poss', 'lemma': 'הוא'}]"
"(13, 14)",הרוכשים,,,,,"(30, 37)",,,"[{'id': 13, 'text': 'ה', 'upos': 'SCONJ', 'xpos': 'SCONJ', 'head': 14, 'deprel': 'mark', 'lemma': 'ה'}, {'id': 14, 'text': 'רוכשים', 'upos': 'VERB', 'xpos': 'VERB', 'feats': 'Gender=Masc|HebBinyan=PAAL|Number=Plur|Person=1,2,3|VerbForm=Part|Voice=Act', 'head': 10, 'deprel': 'acl:relcl', 'lemma': 'רכש'}]"
"(15, 17)",דירות,,,,,"(38, 43)",,,"[{'id': 15, 'text': 'דירות_', 'upos': 'NOUN', 'xpos': 'NOUN', 'feats': 'Definite=Def|Gender=Fem|Number=Sing', 'head': 14, 'deprel': 'obj', 'lemma': 'דירות'}, {'id': 16, 'text': '_של_', 'upos': 'ADP', 'xpos': 'ADP', 'head': 17, 'deprel': 'case:gen', 'lemma': 'של'}, {'id': 17, 'text': '_היא', 'upos': 'PRON', 'xpos': 'PRON', 'feats': 'Case=Gen|Gender=Fem|Number=Sing|Person=3|PronType=Prs', 'head': 15, 'deprel': 'nmod:poss', 'lemma': 'הוא'}]"
"(18, 20)",במגדל,,,,,"(44, 49)",,,"[{'id': 18, 'text': 'ב', 'upos': 'ADP', 'xpos': 'ADP', 'head': 20, 'deprel': 'case', 'lemma': 'ב'}, {'id': 19, 'text': 'ה_', 'upos': 'DET', 'xpos': 'DET', 'feats': 'PronType=Art', 'head': 20, 'deprel': 'det:def', 'lemma': 'ה'}, {'id': 20, 'text': 'מגדל', 'upos': 'NOUN', 'xpos': 'NOUN', 'feats': 'Gender=Masc|Number=Sing', 'head': 15, 'deprel': 'nmod', 'lemma': 'מגדל'}]"
"(21, 22)",העמק היא,,,,,"(50, 58)",,,"[{'id': 21, 'text': 'ה', 'upos': 'DET', 'xpos': 'DET', 'feats': 'PronType=Art', 'head': 22, 'deprel': 'det:def', 'lemma': 'ה'}, {'id': 22, 'text': 'עמקטהיא', 'upos': 'NOUN', 'xpos': 'NOUN', 'feats': 'HebSource=ConvUncertainHead', 'head': 20, 'deprel': 'nmod', 'lemma': 'עמקטה'}]"
"(23, 24)",25,,,,,"(59, 61)",,,"[{'id': 23, 'text': 'מ', 'upos': 'ADP', 'xpos': 'ADP', 'head': 24, 'deprel': 'case', 'lemma': 'מ'}, {'id': 24, 'text': '5', 'upos': 'NUM', 'xpos': 'NUM', 'head': 14, 'deprel': 'obl', 'lemma': '5'}]"
25,-,PUNCT,PUNCT,24.0,punct,"(61, 62)",-,,
26,34,NUM,NUM,24.0,nummod,"(62, 64)",34,,
27,(,PUNCT,PUNCT,28.0,punct,"(65, 66)",(,,
28,39,NUM,NUM,24.0,appos,"(66, 68)",39,,
"(29, 29)",%,,,,,"(68, 69)",,,"[{'id': 29, 'text': 'ל', 'upos': 'ADP', 'xpos': 'ADP', 'head': 28, 'deprel': 'case', 'lemma': 'ל'}]"
30,),PUNCT,PUNCT,28.0,punct,"(69, 70)",),,
1,קבוצה,NOUN,NOUN,5.0,nsubj:cop,"(1, 6)",קבוצה,Gender=Fem|Number=Sing,
2,בולטת,ADJ,ADJ,1.0,amod,"(7, 12)",בולט,Gender=Fem|Number=Sing,
3,נוספת,ADJ,ADJ,1.0,amod,"(13, 18)",נוסף,Gender=Fem|Number=Sing,
4,היא,AUX,AUX,5.0,cop,"(19, 22)",הוא,Gender=Fem|Number=Sing|Person=3|Polarity=Pos|VerbForm=Part|VerbType=Cop,
5,גילאי,NOUN,NOUN,0.0,root,"(23, 28)",גיל,Definite=Cons|Gender=Masc|Number=Plur,
6,35,NUM,NUM,5.0,compound:smixut,"(29, 31)",35,,
7,-,PUNCT,PUNCT,6.0,punct,"(31, 32)",-,,
8,44,NUM,NUM,6.0,dep,"(32, 34)",44,HebSource=ConvUncertainHead,
9,(,PUNCT,PUNCT,11.0,punct,"(35, 36)",(,,
10,29,NUM,NUM,11.0,nummod,"(36, 38)",29,,
11,%,NOUN,NOUN,5.0,appos,"(38, 39)",%,"Gender=Masc|Number=Plur,Sing",
12,),PUNCT,PUNCT,11.0,punct,"(39, 40)",),,
"(1, 2)",התפלגות גיל,,,,,"(1, 12)",,,"[{'id': 1, 'text': 'ה', 'upos': 'DET', 'xpos': 'DET', 'feats': 'PronType=Art', 'head': 2, 'deprel': 'dep', 'lemma': 'ה'}, {'id': 2, 'text': 'תפלגותטגיל', 'upos': 'NOUN', 'xpos': 'NOUN', 'feats': 'Gender=Masc|Number=Sing', 'head': 0, 'deprel': 'root', 'lemma': 'תפלגותטגיל'}]"
"(3, 4)",אי,,,,,"(12, 14)",,,"[{'id': 3, 'text': 'אי_', 'upos': 'NOUN', 'xpos': 'NOUN', 'head': 2, 'deprel': 'dep', 'lemma': 'אי'}, {'id': 4, 'text': '_אני', 'upos': 'PRON', 'xpos': 'PRON', 'feats': 'Gender=Fem,Masc|Number=Sing|Person=1|PronType=Prs', 'head': 2, 'deprel': 'dep', 'lemma': 'הוא'}]"
"(5, 6)",הרוכשים,,,,,"(15, 22)",,,"[{'id': 5, 'text': 'ה', 'upos': 'DET', 'xpos': 'DET', 'feats': 'PronType=Art', 'head': 6, 'deprel': 'mark', 'lemma': 'ה'}, {'id': 6, 'text': 'רוכשים', 'upos': 'VERB', 'xpos': 'VERB', 'feats': 'Gender=Masc|HebBinyan=PAAL|Number=Plur|Person=1,2,3|VerbForm=Part|Voice=Act', 'head': 2, 'deprel': 'dep', 'lemma': 'רכש'}]"
7,ב,ADP,ADP,18.0,case,"(23, 24)",ב,,
"(8, 9)",מגדל,,,,,"(24, 28)",,,"[{'id': 8, 'text': 'מ', 'upos': 'NOUN', 'xpos': 'NOUN', 'feats': 'Gender=Masc|Number=Sing', 'head': 18, 'deprel': 'obl', 'lemma': 'מ'}, {'id': 9, 'text': 'גדל', 'upos': 'NOUN', 'xpos': 'NOUN', 'feats': 'Gender=Masc|Number=Sing', 'head': 6, 'deprel': 'obl', 'lemma': 'גדל'}]"
"(10, 13)",העמק דומה להתפלגות גילאי,,,,,"(29, 53)",,,"[{'id': 10, 'text': 'ה', 'upos': 'DET', 'xpos': 'DET', 'feats': 'PronType=Art', 'head': 11, 'deprel': 'det:def', 'lemma': 'ה'}, {'id': 11, 'text': 'עמקדדומה', 'upos': 'NOUN', 'xpos': 'NOUN', 'feats': 'Gender=Masc|Number=Sing', 'head': 6, 'deprel': 'obl', 'lemma': 'עמקדדומה'}, {'id': 12, 'text': 'אפמל', 'upos': 'PROPN', 'xpos': 'PROPN', 'head': 6, 'deprel': 'dep', 'lemma': 'אפמל'}, {'id': 13, 'text': 'אפילגילאי', 'upos': 'NOUN', 'xpos': 'NOUN', 'head': 12, 'deprel': 'flat:name', 'lemma': 'אפילגילאי'}]"
"(14, 15)",הרוכשים,,,,,"(54, 61)",,,"[{'id': 14, 'text': 'ה', 'upos': 'DET', 'xpos': 'DET', 'feats': 'PronType=Art', 'head': 15, 'deprel': 'mark', 'lemma': 'ה'}, {'id': 15, 'text': 'רוכשים', 'upos': 'VERB', 'xpos': 'VERB', 'feats': 'Gender=Masc|HebBinyan=PAAL|Number=Sing|Person=1,2,3|VerbForm=Part|Voice=Act', 'head': 2, 'deprel': 'acl:relcl', 'lemma': 'רכש'}]"
"(16, 17)",באש,,,,,"(62, 65)",,,"[{'id': 16, 'text': 'ב', 'upos': 'ADP', 'xpos': 'ADP', 'head': 17, 'deprel': 'case', 'lemma': 'ב'}, {'id': 17, 'text': 'אש', 'upos': 'NOUN', 'xpos': 'NOUN', 'feats': 'Gender=Fem|Number=Sing', 'head': 15, 'deprel': 'obl', 'lemma': 'אש'}]"
"(18, 19)",קל,,,,,"(65, 67)",,,"[{'id': 18, 'text': 'קל', 'upos': 'NOUN', 'xpos': 'NOUN', 'feats': 'Gender=Masc|Number=Sing', 'head': 15, 'deprel': 'xcomp', 'lemma': 'קל'}, {'id': 19, 'text': '_היא', 'upos': 'PRON', 'xpos': 'PRON', 'feats': 'Gender=Fem|Number=Sing|Person=3|PronType=Prs', 'head': 18, 'deprel': 'dep', 'lemma': 'הוא'}]"
"(20, 21)",ון,,,,,"(67, 69)",,,"[{'id': 20, 'text': 'ו', 'upos': 'CCONJ', 'xpos': 'CCONJ', 'head': 15, 'deprel': 'dep', 'lemma': 'ו'}, {'id': 21, 'text': 'ן', 'upos': 'PROPN', 'xpos': 'PROPN', 'head': 15, 'deprel': 'advmod', 'lemma': 'ן'}]"
"(1, 2)",בממוצע,,,,,"(1, 7)",,,"[{'id': 1, 'text': 'ב', 'upos': 'ADP', 'xpos': 'ADP', 'head': 2, 'deprel': 'case', 'lemma': 'ב'}, {'id': 2, 'text': 'ממוצע', 'upos': 'NOUN', 'xpos': 'NOUN', 'feats': 'Gender=Masc|Number=Sing', 'head': 6, 'deprel': 'obl', 'lemma': 'ממוצע'}]"
3,רוכשי,VERB,VERB,6.0,nsubj,"(8, 13)",רכש,"Definite=Cons|Gender=Masc|HebBinyan=PAAL|Number=Plur|Person=1,2,3|VerbForm=Part|Voice=Act",
"(4, 5)",הדירות,,,,,"(14, 20)",,,"[{'id': 4, 'text': 'ה', 'upos': 'DET', 'xpos': 'DET', 'feats': 'PronType=Art', 'head': 5, 'deprel': 'det:def', 'lemma': 'ה'}, {'id': 5, 'text': 'דירות', 'upos': 'NOUN', 'xpos': 'NOUN', 'feats': 'Gender=Fem|Number=Plur', 'head': 3, 'deprel': 'compound:smixut', 'lemma': 'דירה'}]"
6,נשואים,VERB,VERB,0.0,root,"(21, 27)",נשאוא,"Gender=Masc|HebBinyan=PAAL|Number=Plur|Person=1,2,3|VerbForm=Part|Voice=Act",
7,16,NUM,NUM,8.0,nummod,"(28, 30)",16,,
8,שנה,NOUN,NOUN,6.0,dep,"(31, 34)",שנה,Gender=Fem|Number=Sing,
"(9, 10)",בממוצע,,,,,"(35, 41)",,,"[{'id': 9, 'text': 'ב', 'upos': 'ADP', 'xpos': 'ADP', 'head': 10, 'deprel': 'case', 'lemma': 'ב'}, {'id': 10, 'text': 'ממוצע', 'upos': 'NOUN', 'xpos': 'NOUN', 'feats': 'Gender=Masc|Number=Sing', 'head': 6, 'deprel': 'obl', 'lemma': 'ממוצע'}]"
"(1, 2)",בקרב,,,,,"(1, 5)",,,"[{'id': 1, 'text': 'ב', 'upos': 'ADP', 'xpos': 'ADP', 'head': 2, 'deprel': 'case', 'lemma': 'ב'}, {'id': 2, 'text': 'קרב', 'upos': 'NOUN', 'xpos': 'NOUN', 'feats': 'Definite=Cons|Gender=Masc|Number=Sing', 'head': 15, 'deprel': 'obl', 'lemma': 'קרב'}]"
"(3, 4)",אוכל,,,,,"(6, 10)",,,"[{'id': 3, 'text': 'אוכל', 'upos': 'NOUN', 'xpos': 'NOUN', 'feats': 'Definite=Cons|Gender=Masc|Number=Sing', 'head': 2, 'deprel': 'compound:smixut', 'lemma': 'אוכל'}, {'id': 4, 'text': '_היא', 'upos': 'PRON', 'xpos': 'PRON', 'feats': 'Case=Gen|Gender=Fem|Number=Sing|Person=3|PronType=Prs', 'head': 3, 'deprel': 'nmod:poss', 'lemma': 'הוא'}]"
5,וס,X,X,2.0,dep,"(10, 12)",וס,,
6,ית,NOUN,NOUN,2.0,flat:name,"(12, 14)",ית,Xtra=Junk,
"(7, 8)",רו,,,,,"(15, 17)",,,"[{'id': 7, 'text': 'רו', 'upos': 'NOUN', 'xpos': 'NOUN', 'feats': 'Gender=Masc|Number=Sing', 'head': 3, 'deprel': 'flat:name', 'lemma': 'רו'}, {'id': 8, 'text': '_הוא', 'upos': 'PRON', 'xpos': 'PRON', 'feats': 'Case=Gen|Gender=Masc|Number=Sing|Person=3|PronType=Prs', 'head': 7, 'deprel': 'nmod:poss', 'lemma': 'הוא'}]"
"(9, 10)",כש,,,,,"(17, 19)",,,"[{'id': 9, 'text': 'כ', 'upos': 'ADP', 'xpos': 'ADP', 'head': 11, 'deprel': 'case', 'lemma': 'כ'}, {'id': 10, 'text': 'ש', 'upos': 'SCONJ', 'xpos': 'SCONJ', 'head': 11, 'deprel': 'mark', 'lemma': 'ש'}]"
11,י,PROPN,PROPN,13.0,nmod,"(19, 20)",וי,,
"(12, 13)",הדירות,,,,,"(21, 27)",,,"[{'id': 12, 'text': 'ה', 'upos': 'DET', 'xpos': 'DET', 'feats': 'PronType=Art', 'head': 13, 'deprel': 'det:def', 'lemma': 'ה'}, {'id': 13, 'text': 'דירות', 'upos': 'NOUN', 'xpos': 'NOUN', 'feats': 'Gender=Fem|Number=Plur', 'head': 2, 'deprel': 'nmod', 'lemma': 'דירה'}]"
14,",",PUNCT,PUNCT,15.0,punct,"(27, 28)",",",,
15,בולטות במיוחד,VERB,VERB,0.0,root,"(29, 42)",בולטות במיוחד,"Gender=Fem|HebBinyan=PUAL|Number=Plur|Person=1,2,3|VerbForm=Part|Voice=Pass",
16,שתי קבוצות:,NUM,NUM,17.0,nummod,"(43, 54)",שתי קבוצות:,Definite=Cons|Gender=Fem|Number=Plur,
"(17, 18)",זוגות צעירים,,,,,"(55, 67)",,,"[{'id': 17, 'text': 'זוגות', 'upos': 'NOUN', 'xpos': 'NOUN', 'feats': 'Gender=Masc|Number=Plur', 'head': 15, 'deprel': 'nsubj', 'lemma': 'זוג'}, {'id': 18, 'text': 'טצירירים', 'upos': 'NOUN', 'xpos': 'NOUN', 'head': 17, 'deprel': 'amod', 'lemma': 'טציריר'}]"
"(19, 20)",הנשוא,,,,,"(68, 73)",,,"[{'id': 19, 'text': 'ה', 'upos': 'DET', 'xpos': 'DET', 'feats': 'PronType=Art', 'head': 20, 'deprel': 'det:def', 'lemma': 'ה'}, {'id': 20, 'text': 'נשוא', 'upos': 'NOUN', 'xpos': 'NOUN', 'feats': 'Gender=Masc|HebSource=ConvUncertainHead|Number=Plur', 'head': 17, 'deprel': 'nmod', 'lemma': 'נשוא'}]"
"(21, 23)",ים,,,,,"(73, 75)",,,"[{'id': 21, 'text': 'ים_', 'upos': 'NOUN', 'xpos': 'NOUN', 'feats': 'Definite=Def|Gender=Masc|Number=Plur', 'head': 20, 'deprel': 'nsubj', 'lemma': 'ים'}, {'id': 22, 'text': '_של_', 'upos': 'ADP', 'xpos': 'ADP', 'head': 23, 'deprel': 'case:gen', 'lemma': 'של'}, {'id': 23, 'text': '_הם', 'upos': 'PRON', 'xpos': 'PRON', 'feats': 'Case=Gen|Gender=Masc|Number=Plur|Person=3|PronType=Prs', 'head': 21, 'deprel': 'nmod:poss', 'lemma': 'הוא'}]"
24,בין,ADP,ADP,25.0,case,"(76, 79)",בין,,
"(25, 25)",6,,,,,"(80, 81)",,,"[{'id': 25, 'text': 'ש', 'upos': 'SCONJ', 'xpos': 'SCONJ', 'head': 29, 'deprel': 'case', 'lemma': 'ש'}]"
"(26, 26)",ל,,,,,"(82, 83)",,,"[{'id': 26, 'text': 'ל', 'upos': 'ADP', 'xpos': 'ADP', 'head': 25, 'deprel': 'case', 'lemma': 'ל'}]"
27,-,PUNCT,PUNCT,25.0,punct,"(83, 84)",-,,
28,10,NUM,NUM,29.0,nummod,"(85, 87)",10,,
"(29, 30)",שנים,,,,,"(88, 92)",,,"[{'id': 29, 'text': 'ש', 'upos': 'NOUN', 'xpos': 'NOUN', 'feats': 'Gender=Masc|Number=Plur', 'head': 17, 'deprel': 'nmod', 'lemma': 'ש'}, {'id': 30, 'text': 'נים', 'upos': 'NOUN', 'xpos': 'NOUN', 'feats': 'Gender=Masc|Number=Plur', 'head': 25, 'deprel': 'advmod', 'lemma': 'נים'}]"
31,(,PUNCT,PUNCT,32.0,punct,"(93, 94)",(,,
32,24,NUM,NUM,30.0,appos,"(94, 96)",24,,
"(33, 33)",%,,,,,"(96, 97)",,,"[{'id': 33, 'text': 'ל', 'upos': 'ADP', 'xpos': 'ADP', 'head': 32, 'deprel': 'case', 'lemma': 'ל'}]"
34,),PUNCT,PUNCT,32.0,punct,"(97, 98)",),,
"(35, 36)",וזו,,,,,"(99, 102)",,,"[{'id': 35, 'text': 'ו', 'upos': 'CCONJ', 'xpos': 'CCONJ', 'head': 37, 'deprel': 'cc', 'lemma': 'ו'}, {'id': 36, 'text': 'זו', 'upos': 'NOUN', 'xpos': 'NOUN', 'feats': 'Definite=Cons|Gender=Masc|Number=Plur', 'head': 17, 'deprel': 'conj', 'lemma': 'זו'}]"
"(37, 37)",גות,,,,,"(102, 105)",,,"[{'id': 37, 'text': 'גות', 'upos': 'NOUN', 'xpos': 'NOUN', 'feats': 'Definite=Cons|Gender=Masc|Number=Plur', 'head': 17, 'deprel': 'conj', 'lemma': 'גות'}]"
"(38, 39)",הנשוא,,,,,"(106, 111)",,,"[{'id': 38, 'text': 'ה', 'upos': 'DET', 'xpos': 'DET', 'feats': 'PronType=Art', 'head': 39, 'deprel': 'det:def', 'lemma': 'ה'}, {'id': 39, 'text': 'נשוא', 'upos': 'NOUN', 'xpos': 'NOUN', 'feats': 'Gender=Masc|Number=Plur', 'head': 37, 'deprel': 'compound:smixut', 'lemma': 'נשוא'}]"
"(40, 42)",ים,,,,,"(111, 113)",,,"[{'id': 40, 'text': 'ים_', 'upos': 'NOUN', 'xpos': 'NOUN', 'feats': 'Definite=Def|Gender=Masc|Number=Plur', 'head': 37, 'deprel': 'compound:smixut', 'lemma': 'ים'}, {'id': 41, 'text': '_של_', 'upos': 'ADP', 'xpos': 'ADP', 'head': 42, 'deprel': 'case:gen', 'lemma': 'של'}, {'id': 42, 'text': '_הם', 'upos': 'PRON', 'xpos': 'PRON', 'feats': 'Case=Gen|Gender=Masc|Number=Plur|Person=3|PronType=Prs', 'head': 40, 'deprel': 'nmod:poss', 'lemma': 'הוא'}]"
43,20,NUM,NUM,44.0,nummod,"(114, 116)",20,,
"(44, 45)",שנה ויותר,,,,,"(117, 126)",,,"[{'id': 44, 'text': 'ש', 'upos': 'SCONJ', 'xpos': 'SCONJ', 'head': 36, 'deprel': 'dep', 'lemma': 'ש'}, {'id': 45, 'text': 'נהצויותר', 'upos': 'NOUN', 'xpos': 'NOUN', 'head': 44, 'deprel': 'nmod', 'lemma': 'נהצותר'}]"
46,(,PUNCT,PUNCT,47.0,punct,"(127, 128)",(,,
"(47, 48)",31%,,,,,"(128, 131)",,,"[{'id': 47, 'text': '3', 'upos': 'NUM', 'xpos': 'NUM', 'head': 44, 'deprel': 'appos', 'lemma': '3'}, {'id': 48, 'text': '15', 'upos': 'NUM', 'xpos': 'NUM', 'head': 47, 'deprel': 'nummod', 'lemma': '15'}]"
49,),PUNCT,PUNCT,47.0,punct,"(131, 132)",),,
1,□,PUNCT,PUNCT,2.0,punct,"(1, 2)",□,,
2,צביון,NOUN,NOUN,0.0,root,"(3, 8)",צביון,Gender=Masc|Number=Sing,
3,דתי,ADJ,ADJ,2.0,amod,"(9, 12)",דתי,Gender=Masc|Number=Sing,
4,להלן,ADV,ADV,2.0,advmod,"(13, 17)",להלן,,
5,התפלגות,NOUN,NOUN,4.0,dep,"(18, 25)",התפלגות,Definite=Cons|Gender=Fem|Number=Sing,
"(6, 7)",הצביון,,,,,"(26, 32)",,,"[{'id': 6, 'text': 'ה', 'upos': 'DET', 'xpos': 'DET', 'feats': 'PronType=Art', 'head': 7, 'deprel': 'det:def', 'lemma': 'ה'}, {'id': 7, 'text': 'צביון', 'upos': 'NOUN', 'xpos': 'NOUN', 'feats': 'Gender=Masc|Number=Sing', 'head': 5, 'deprel': 'compound:smixut', 'lemma': 'צביון'}]"
"(8, 9)",הדתי,,,,,"(33, 37)",,,"[{'id': 8, 'text': 'ה', 'upos': 'DET', 'xpos': 'DET', 'feats': 'PronType=Art', 'head': 9, 'deprel': 'det:def', 'lemma': 'ה'}, {'id': 9, 'text': 'דתי', 'upos': 'ADJ', 'xpos': 'ADJ', 'feats': 'Gender=Masc|Number=Sing', 'head': 7, 'deprel': 'amod', 'lemma': 'דתי'}]"
10,של,ADP,ADP,11.0,case:gen,"(38, 40)",של,Case=Gen,
11,קוני,NOUN,NOUN,7.0,nmod,"(41, 45)",קונה,Definite=Cons|Gender=Masc|Number=Plur,
"(12, 13)",הדירות,,,,,"(46, 52)",,,"[{'id': 12, 'text': 'ה', 'upos': 'DET', 'xpos': 'DET', 'feats': 'PronType=Art', 'head': 13, 'deprel': 'det:def', 'lemma': 'ה'}, {'id': 13, 'text': 'דירות', 'upos': 'NOUN', 'xpos': 'NOUN', 'feats': 'Gender=Fem|Number=Plur', 'head': 11, 'deprel': 'compound:smixut', 'lemma': 'דירה'}]"
"(14, 16)",במגדל,,,,,"(53, 58)",,,"[{'id': 14, 'text': 'ב', 'upos': 'ADP', 'xpos': 'ADP', 'head': 16, 'deprel': 'case', 'lemma': 'ב'}, {'id': 15, 'text': 'ה_', 'upos': 'DET', 'xpos': 'DET', 'feats': 'PronType=Art', 'head': 16, 'deprel': 'det:def', 'lemma': 'ה'}, {'id': 16, 'text': 'מגדל', 'upos': 'NOUN', 'xpos': 'NOUN', 'feats': 'Gender=Masc|Number=Sing', 'head': 11, 'deprel': 'nmod', 'lemma': 'מגדל'}]"
"(17, 18)",העמק,,,,,"(59, 63)",,,"[{'id': 17, 'text': 'ה', 'upos': 'DET', 'xpos': 'DET', 'feats': 'PronType=Art', 'head': 18, 'deprel': 'det:def', 'lemma': 'ה'}, {'id': 18, 'text': 'עמק', 'upos': 'NOUN', 'xpos': 'NOUN', 'feats': 'Gender=Masc|Number=Sing', 'head': 16, 'deprel': 'compound:smixut', 'lemma': 'עמק'}]"
19,:,PUNCT,PUNCT,21.0,punct,"(63, 64)",:,,
20,□,PUNCT,PUNCT,21.0,dep,"(65, 66)",□,,
21,חילוני,ADJ,ADJ,5.0,appos,"(67, 73)",חילוני,Gender=Masc|Number=Sing,
22,64,NUM,NUM,23.0,nummod,"(74, 76)",64,,
23,%,NOUN,NOUN,21.0,dep,"(76, 77)",%,"Gender=Masc|Number=Plur,Sing",
24,□,PUNCT,PUNCT,25.0,dep,"(78, 79)",□,,
25,מסורתי,ADJ,ADJ,21.0,dep,"(80, 86)",מסורתי,Gender=Masc|HebSource=ConvUncertainHead|Number=Sing,
26,27,NUM,NUM,27.0,nummod,"(87, 89)",27,,
27,%,NOUN,NOUN,25.0,dep,"(89, 90)",%,"Gender=Masc|Number=Plur,Sing",
28,□,PUNCT,PUNCT,29.0,dep,"(91, 92)",□,,
29,דתי,ADJ,ADJ,21.0,dep,"(93, 96)",דתי,Gender=Masc|HebSource=ConvUncertainHead|Number=Sing,
30,5,NUM,NUM,31.0,nummod,"(97, 98)",5,,
31,%,NOUN,NOUN,29.0,dep,"(98, 99)",%,"Gender=Masc|Number=Plur,Sing",
32,□,PUNCT,PUNCT,33.0,punct,"(100, 101)",□,,
33,חרדי,ADJ,ADJ,21.0,dep,"(102, 106)",חרדי,Gender=Masc|Number=Sing,
34,/,PUNCT,PUNCT,33.0,punct,"(106, 107)",/,,
35,חרדי,ADJ,ADJ,33.0,conj,"(107, 111)",חרדי,Gender=Masc|Number=Sing,
36,לאומי,ADJ,ADJ,33.0,dep,"(112, 117)",לאומי,Gender=Masc|Number=Sing,
37,4,NUM,NUM,38.0,nummod,"(118, 119)",4,HebSource=ConvUncertainHead,
38,%,NOUN,NOUN,21.0,dep,"(119, 120)",%,"Gender=Masc|Number=Plur,Sing",
39,91,NUM,NUM,40.0,nummod,"(121, 123)",91,,
40,%,NOUN,NOUN,38.0,nmod,"(123, 124)",%,"Gender=Masc|Number=Plur,Sing",
41,מרוכשי,NOUN,NOUN,45.0,nsubj:cop,"(125, 131)",מרוכש,Definite=Cons|Gender=Masc|Number=Plur,
"(42, 43)",הדירות,,,,,"(132, 138)",,,"[{'id': 42, 'text': 'ה', 'upos': 'DET', 'xpos': 'DET', 'feats': 'PronType=Art', 'head': 43, 'deprel': 'det:def', 'lemma': 'ה'}, {'id': 43, 'text': 'דירות', 'upos': 'NOUN', 'xpos': 'NOUN', 'feats': 'Gender=Fem|Number=Plur', 'head': 41, 'deprel': 'compound:smixut', 'lemma': 'דירה'}]"
44,הם,AUX,AUX,45.0,cop,"(139, 141)",הוא,Gender=Masc|Number=Plur|Person=3|Polarity=Pos|VerbForm=Part|VerbType=Cop,
45,חילוניים,ADJ,ADJ,21.0,conj,"(142, 150)",חילוני,Gender=Masc|Number=Plur,
"(46, 47)",ומסורתיים,,,,,"(151, 160)",,,"[{'id': 46, 'text': 'ו', 'upos': 'CCONJ', 'xpos': 'CCONJ', 'head': 47, 'deprel': 'cc', 'lemma': 'ו'}, {'id': 47, 'text': 'מסורתיים', 'upos': 'ADJ', 'xpos': 'ADJ', 'feats': 'Gender=Masc|Number=Plur', 'head': 45, 'deprel': 'conj', 'lemma': 'מסורתי'}]"
48,",",PUNCT,PUNCT,45.0,punct,"(160, 161)",",",,
49,אחוז,NOUN,NOUN,45.0,nsubj:cop,"(162, 166)",אחוז,Gender=Masc|Number=Sing,
50,נמוך,ADJ,ADJ,49.0,amod,"(167, 171)",נמוך,Gender=Masc|Number=Sing,
51,של,ADP,ADP,52.0,case:gen,"(172, 174)",של,Case=Gen,
52,דתיים,NOUN,NOUN,49.0,nmod,"(175, 180)",דתי,Gender=Masc|Number=Plur,
53,-,PUNCT,PUNCT,55.0,punct,"(181, 182)",-,,
54,5,NUM,NUM,55.0,nummod,"(183, 184)",5,,
55,%,NOUN,NOUN,45.0,dep,"(184, 185)",%,"Gender=Masc|Number=Plur,Sing",
56,ו,CCONJ,CCONJ,59.0,cc,"(186, 187)",ו,,
57,-,PUNCT,PUNCT,59.0,punct,"(187, 188)",-,,
58,4,NUM,NUM,59.0,nummod,"(189, 190)",4,,
59,%,NOUN,NOUN,55.0,conj,"(190, 191)",%,"Gender=Masc|Number=Plur,Sing",
60,חרדים,NOUN,NOUN,59.0,nmod,"(192, 197)",חרדי,Gender=Masc|Number=Plur,
1,אחוז,NOUN,NOUN,14.0,nsubj,"(1, 5)",אחוז,Definite=Cons|Gender=Masc|Number=Sing,
"(2, 3)",החילונים,,,,,"(6, 14)",,,"[{'id': 2, 'text': 'ה', 'upos': 'DET', 'xpos': 'DET', 'feats': 'PronType=Art', 'head': 3, 'deprel': 'det:def', 'lemma': 'ה'}, {'id': 3, 'text': 'חילונים', 'upos': 'NOUN', 'xpos': 'NOUN', 'feats': 'Gender=Masc|Number=Plur', 'head': 1, 'deprel': 'compound:smixut', 'lemma': 'חילון'}]"
"(4, 5)",שקנו,,,,,"(15, 19)",,,"[{'id': 4, 'text': 'ש', 'upos': 'SCONJ', 'xpos': 'SCONJ', 'head': 5, 'deprel': 'mark', 'lemma': 'ש'}, {'id': 5, 'text': 'קנו', 'upos': 'VERB', 'xpos': 'VERB', 'feats': 'Gender=Fem,Masc|HebBinyan=PAAL|Number=Plur|Person=3|Tense=Past|Voice=Act', 'head': 3, 'deprel': 'acl:relcl', 'lemma': 'קנה'}]"
"(6, 8)",דירות,,,,,"(20, 25)",,,"[{'id': 6, 'text': 'דירות_', 'upos': 'NOUN', 'xpos': 'NOUN', 'feats': 'Definite=Def|Gender=Fem|Number=Sing', 'head': 5, 'deprel': 'obj', 'lemma': 'דירות'}, {'id': 7, 'text': '_של_', 'upos': 'ADP', 'xpos': 'ADP', 'head': 8, 'deprel': 'case:gen', 'lemma': 'של'}, {'id': 8, 'text': '_היא', 'upos': 'PRON', 'xpos': 'PRON', 'feats': 'Case=Gen|Gender=Fem|Number=Sing|Person=3|PronType=Prs', 'head': 6, 'deprel': 'nmod:poss', 'lemma': 'הוא'}]"
"(9, 11)",במגדל,,,,,"(26, 31)",,,"[{'id': 9, 'text': 'ב', 'upos': 'ADP', 'xpos': 'ADP', 'head': 11, 'deprel': 'case', 'lemma': 'ב'}, {'id': 10, 'text': 'ה_', 'upos': 'DET', 'xpos': 'DET', 'feats': 'PronType=Art', 'head': 11, 'deprel': 'det:def', 'lemma': 'ה'}, {'id': 11, 'text': 'מגדל', 'upos': 'NOUN', 'xpos': 'NOUN', 'feats': 'Definite=Cons|Gender=Masc|Number=Sing', 'head': 6, 'deprel': 'nmod', 'lemma': 'מגדל'}]"
"(12, 13)",העמק,,,,,"(32, 36)",,,"[{'id': 12, 'text': 'ה', 'upos': 'DET', 'xpos': 'DET', 'feats': 'PronType=Art', 'head': 13, 'deprel': 'det:def', 'lemma': 'ה'}, {'id': 13, 'text': 'עמק', 'upos': 'NOUN', 'xpos': 'NOUN', 'feats': 'Gender=Masc|Number=Sing', 'head': 11, 'deprel': 'compound:smixut', 'lemma': 'עמק'}]"
14,גבוה,ADJ,ADJ,0.0,root,"(37, 41)",גבוה,Gender=Masc|Number=Sing,
15,יחסית,ADV,ADV,14.0,advmod,"(42, 47)",יחסית,,
"(16, 18)",לישובים,,,,,"(48, 55)",,,"[{'id': 16, 'text': 'ל', 'upos': 'ADP', 'xpos': 'ADP', 'head': 18, 'deprel': 'case', 'lemma': 'ל'}, {'id': 17, 'text': 'ה_', 'upos': 'DET', 'xpos': 'DET', 'feats': 'PronType=Art', 'head': 18, 'deprel': 'det:def', 'lemma': 'ה'}, {'id': 18, 'text': 'ישובים', 'upos': 'NOUN', 'xpos': 'NOUN', 'feats': 'Gender=Masc|Number=Plur', 'head': 14, 'deprel': 'obl', 'lemma': 'יישוב'}]"
19,אחרים,ADJ,ADJ,18.0,amod,"(56, 61)",אחר,Gender=Masc|Number=Plur,
"(20, 21)",שנסקרו,,,,,"(62, 68)",,,"[{'id': 20, 'text': 'ש', 'upos': 'SCONJ', 'xpos': 'SCONJ', 'head': 21, 'deprel': 'mark', 'lemma': 'ש'}, {'id': 21, 'text': 'נסקרו', 'upos': 'VERB', 'xpos': 'VERB', 'feats': 'Gender=Fem,Masc|HebBinyan=NIFAL|Number=Plur|Person=3|Tense=Past|Voice=Mid', 'head': 18, 'deprel': 'acl:relcl', 'lemma': 'נסקר'}]"
22,לאחרונה,ADV,ADV,21.0,advmod,"(69, 76)",לאחרונה,,
23,(,PUNCT,PUNCT,25.0,punct,"(77, 78)",(,,
24,למעט,CCONJ,CCONJ,25.0,case,"(78, 82)",למעט,,
25,שלומי,PROPN,PROPN,21.0,parataxis,"(83, 88)",שלומי,,
26,),PUNCT,PUNCT,25.0,punct,"(88, 89)",),,
1,□,PUNCT,PUNCT,3.0,punct,"(1, 2)",□,,
2,ארץ,PROPN,PROPN,3.0,nsubj,"(3, 6)",ארץ,,
3,לידה,VERB,VERB,0.0,root,"(7, 11)",לידה,Gender=Fem|HebBinyan=HIFIL|Number=Sing|Person=3|Tense=Past|Voice=Act,
4,אחוז,NOUN,NOUN,3.0,obj,"(12, 16)",אחוז,Definite=Cons|Gender=Masc|Number=Sing,
5,ילידי,NOUN,NOUN,4.0,compound:smixut,"(17, 22)",יליד,Definite=Cons|Gender=Masc|Number=Plur,
"(6, 7)",הארץ,,,,,"(23, 27)",,,"[{'id': 6, 'text': 'ה', 'upos': 'DET', 'xpos': 'DET', 'feats': 'PronType=Art', 'head': 7, 'deprel': 'det:def', 'lemma': 'ה'}, {'id': 7, 'text': 'ארץ', 'upos': 'NOUN', 'xpos': 'NOUN', 'feats': 'Gender=Fem|Number=Sing', 'head': 5, 'deprel': 'compound:smixut', 'lemma': 'ארץ'}]"
8,בקרב,ADP,ADP,9.0,case,"(28, 32)",בקרב,,
9,רוכשי,NOUN,NOUN,3.0,obl,"(33, 38)",רוכש,Definite=Cons|Gender=Masc|Number=Plur,
10,דירות,NOUN,NOUN,9.0,compound:smixut,"(39, 44)",דירה,Gender=Fem|Number=Plur,
"(11, 13)",במגדל,,,,,"(45, 50)",,,"[{'id': 11, 'text': 'ב', 'upos': 'ADP', 'xpos': 'ADP', 'head': 13, 'deprel': 'case', 'lemma': 'ב'}, {'id': 12, 'text': 'ה_', 'upos': 'DET', 'xpos': 'DET', 'feats': 'PronType=Art', 'head': 13, 'deprel': 'det:def', 'lemma': 'ה'}, {'id': 13, 'text': 'מגדל', 'upos': 'NOUN', 'xpos': 'NOUN', 'feats': 'Definite=Cons|Gender=Masc|Number=Sing', 'head': 10, 'deprel': 'nmod', 'lemma': 'מגדל'}]"
"(14, 15)",העמק,,,,,"(51, 55)",,,"[{'id': 14, 'text': 'ה', 'upos': 'DET', 'xpos': 'DET', 'feats': 'PronType=Art', 'head': 15, 'deprel': 'det:def', 'lemma': 'ה'}, {'id': 15, 'text': 'עמק', 'upos': 'NOUN', 'xpos': 'NOUN', 'feats': 'Gender=Masc|Number=Sing', 'head': 13, 'deprel': 'compound:smixut', 'lemma': 'עמק'}]"
16,נמוך,ADJ,ADJ,9.0,amod,"(56, 60)",נמוך,Gender=Masc|Number=Sing,
17,יחסית,ADV,ADV,16.0,advmod,"(61, 66)",יחסית,,
"(18, 21)",לחלקם,,,,,"(67, 72)",,,"[{'id': 18, 'text': 'ל', 'upos': 'ADP', 'xpos': 'ADP', 'head': 19, 'deprel': 'case', 'lemma': 'ל'}, {'id': 19, 'text': 'חלק_', 'upos': 'NOUN', 'xpos': 'NOUN', 'feats': 'Definite=Def|Gender=Masc|Number=Sing', 'head': 16, 'deprel': 'dep', 'lemma': 'חלק'}, {'id': 20, 'text': '_של_', 'upos': 'ADP', 'xpos': 'ADP', 'head': 21, 'deprel': 'case:gen', 'lemma': 'של'}, {'id': 21, 'text': '_הם', 'upos': 'PRON', 'xpos': 'PRON', 'feats': 'Case=Gen|Gender=Masc|Number=Plur|Person=3|PronType=Prs', 'head': 19, 'deprel': 'nmod:poss', 'lemma': 'הוא'}]"
"(22, 23)",באוכלוסיה,,,,,"(73, 82)",,,"[{'id': 22, 'text': 'ב', 'upos': 'ADP', 'xpos': 'ADP', 'head': 23, 'deprel': 'case', 'lemma': 'ב'}, {'id': 23, 'text': 'אוכלוסיה', 'upos': 'NOUN', 'xpos': 'NOUN', 'feats': 'Gender=Fem|Number=Sing', 'head': 19, 'deprel': 'nmod', 'lemma': 'אוכלוסיה'}]"
"(24, 25)",הכללית,,,,,"(83, 89)",,,"[{'id': 24, 'text': 'ה', 'upos': 'DET', 'xpos': 'DET', 'feats': 'PronType=Art', 'head': 25, 'deprel': 'det:def', 'lemma': 'ה'}, {'id': 25, 'text': 'כללית', 'upos': 'ADJ', 'xpos': 'ADJ', 'feats': 'Gender=Fem|Number=Sing', 'head': 23, 'deprel': 'amod', 'lemma': 'כללי'}]"
1,אחוז ילידי,NOUN,NOUN,16.0,nsubj,"(1, 11)",אחוז,Definite=Cons|Gender=Masc|Number=Plur,
"(2, 3)",הארץ,,,,,"(12, 16)",,,"[{'id': 2, 'text': 'ה', 'upos': 'DET', 'xpos': 'DET', 'feats': 'PronType=Art', 'head': 3, 'deprel': 'det:def', 'lemma': 'ה'}, {'id': 3, 'text': 'ארץ', 'upos': 'NOUN', 'xpos': 'NOUN', 'feats': 'Gender=Fem|Number=Sing', 'head': 1, 'deprel': 'compound:smixut', 'lemma': 'ארץ'}]"
"(4, 5)",בקרב,,,,,"(17, 21)",,,"[{'id': 4, 'text': 'ב', 'upos': 'ADP', 'xpos': 'ADP', 'head': 5, 'deprel': 'case', 'lemma': 'ב'}, {'id': 5, 'text': 'קרב', 'upos': 'NOUN', 'xpos': 'NOUN', 'feats': 'Definite=Cons|Gender=Masc|Number=Sing', 'head': 1, 'deprel': 'nmod', 'lemma': 'קרב'}]"
"(6, 7)",רו,,,,,"(22, 24)",,,"[{'id': 6, 'text': 'רו', 'upos': 'NOUN', 'xpos': 'NOUN', 'feats': 'Gender=Masc|Number=Sing', 'head': 5, 'deprel': 'compound:smixut', 'lemma': 'רו'}, {'id': 7, 'text': '_הוא', 'upos': 'PRON', 'xpos': 'PRON', 'feats': 'Case=Gen|Gender=Masc|Number=Sing|Person=3|PronType=Prs', 'head': 6, 'deprel': 'nmod:poss', 'lemma': 'הוא'}]"
"(8, 9)",כש,,,,,"(24, 26)",,,"[{'id': 8, 'text': 'כ', 'upos': 'ADP', 'xpos': 'ADP', 'head': 10, 'deprel': 'case', 'lemma': 'כ'}, {'id': 9, 'text': 'ש', 'upos': 'SCONJ', 'xpos': 'SCONJ', 'head': 10, 'deprel': 'mark', 'lemma': 'ש'}]"
10,י,X,X,6.0,flat:name,"(26, 27)",וי,,
"(11, 12)",הדירות,,,,,"(28, 34)",,,"[{'id': 11, 'text': 'ה', 'upos': 'DET', 'xpos': 'DET', 'feats': 'PronType=Art', 'head': 12, 'deprel': 'det:def', 'lemma': 'ה'}, {'id': 12, 'text': 'דירות', 'upos': 'NOUN', 'xpos': 'NOUN', 'feats': 'Gender=Fem|Number=Plur', 'head': 16, 'deprel': 'nsubj', 'lemma': 'דירה'}]"
13,ב,ADP,ADP,14.0,case,"(35, 36)",ב,,
"(14, 15)",מגדל העמק,,,,,"(36, 45)",,,"[{'id': 14, 'text': 'מ', 'upos': 'NOUN', 'xpos': 'NOUN', 'head': 12, 'deprel': 'nmod', 'lemma': 'מ'}, {'id': 15, 'text': 'גדלטהעמק', 'upos': 'NOUN', 'xpos': 'NOUN', 'feats': 'Definite=Cons|Gender=Masc|Number=Sing', 'head': 14, 'deprel': 'compound:smixut', 'lemma': 'גדלטהעמק'}]"
"(16, 19)",נמוך משמעותית,,,,,"(46, 59)",,,"[{'id': 16, 'text': 'נמו', 'upos': 'VERB', 'xpos': 'VERB', 'feats': 'Gender=Fem,Masc|HebBinyan=PAAL|Number=Plur|Person=3|Tense=Past|Voice=Act', 'head': 0, 'deprel': 'root', 'lemma': 'נמה'}, {'id': 17, 'text': 'כ', 'upos': 'ADP', 'xpos': 'ADP', 'head': 19, 'deprel': 'case', 'lemma': 'כ'}, {'id': 18, 'text': 'ה_', 'upos': 'DET', 'xpos': 'DET', 'feats': 'PronType=Art', 'head': 19, 'deprel': 'det:def', 'lemma': 'ה'}, {'id': 19, 'text': 'מוכמשמתית', 'upos': 'ADJ', 'xpos': 'ADJ', 'head': 16, 'deprel': 'obl', 'lemma': 'מוכמשמתי'}]"
"(20, 22)",יחסית,,,,,"(60, 65)",,,"[{'id': 20, 'text': 'יחסית', 'upos': 'ADV', 'xpos': 'ADV', 'head': 19, 'deprel': 'advmod', 'lemma': 'יחסית'}, {'id': 21, 'text': 'את', 'upos': 'ADP', 'xpos': 'ADP', 'feats': 'Case=Acc', 'head': 22, 'deprel': 'case', 'lemma': 'את'}, {'id': 22, 'text': '_היא', 'upos': 'PRON', 'xpos': 'PRON', 'feats': 'Case=Acc|Gender=Fem|Number=Sing|Person=3|PronType=Prs', 'head': 16, 'deprel': 'obj', 'lemma': 'הוא'}]"
23,ליש,PROPN,PROPN,16.0,dep,"(66, 69)",ליש,,
"(24, 25)",ובים,,,,,"(69, 73)",,,"[{'id': 24, 'text': 'ו', 'upos': 'CCONJ', 'xpos': 'CCONJ', 'head': 33, 'deprel': 'cc', 'lemma': 'ו'}, {'id': 25, 'text': 'בים', 'upos': 'NOUN', 'xpos': 'NOUN', 'feats': 'Gender=Masc|Number=Plur', 'head': 16, 'deprel': 'nsubj', 'lemma': 'בים'}]"
"(26, 27)",אחרים,,,,,"(74, 79)",,,"[{'id': 26, 'text': 'אחרים', 'upos': 'ADJ', 'xpos': 'ADJ', 'feats': 'Gender=Masc|Number=Plur', 'head': 25, 'deprel': 'amod', 'lemma': 'אחר'}, {'id': 27, 'text': '_הם', 'upos': 'PRON', 'xpos': 'PRON', 'feats': 'Case=Gen|Gender=Masc|Number=Plur|Person=3|PronType=Prs', 'head': 25, 'deprel': 'nmod', 'lemma': 'הוא'}]"
"(28, 29)",שנסקר,,,,,"(80, 85)",,,"[{'id': 28, 'text': 'ש', 'upos': 'SCONJ', 'xpos': 'SCONJ', 'head': 29, 'deprel': 'mark', 'lemma': 'ש'}, {'id': 29, 'text': 'נסקר', 'upos': 'VERB', 'xpos': 'VERB', 'feats': 'Gender=Masc|HebBinyan=NIFAL|Number=Sing|Person=3|Tense=Past|Voice=Mid', 'head': 25, 'deprel': 'acl:relcl', 'lemma': 'נסקר'}]"
"(30, 31)",ו,,,,,"(85, 86)",,,"[{'id': 30, 'text': 'ו', 'upos': 'CCONJ', 'xpos': 'CCONJ', 'head': 31, 'deprel': 'dep', 'lemma': 'ו'}, {'id': 31, 'text': '_הוא', 'upos': 'PRON', 'xpos': 'PRON', 'feats': 'Gender=Masc|Number=Sing|Person=3|PronType=Prs', 'head': 29, 'deprel': 'nsubj', 'lemma': 'הוא'}]"
"(32, 33)",ודומה רק,,,,,"(87, 95)",,,"[{'id': 32, 'text': 'ו', 'upos': 'CCONJ', 'xpos': 'CCONJ', 'head': 31, 'deprel': 'cc', 'lemma': 'ו'}, {'id': 33, 'text': 'דומהטרק', 'upos': 'VERB', 'xpos': 'VERB', 'feats': 'Gender=Masc|HebBinyan=PAAL|Number=Sing|Person=3|Tense=Past|Voice=Act', 'head': 16, 'deprel': 'conj', 'lemma': 'דומהטרק'}]"
"(34, 35)",לאחוז,,,,,"(96, 101)",,,"[{'id': 34, 'text': 'ל', 'upos': 'ADP', 'xpos': 'ADP', 'head': 35, 'deprel': 'case', 'lemma': 'ל'}, {'id': 35, 'text': 'אחוז', 'upos': 'NOUN', 'xpos': 'NOUN', 'feats': 'Gender=Masc|Number=Sing', 'head': 33, 'deprel': 'obl', 'lemma': 'אחוז'}]"
"(36, 37)",ילי,,,,,"(102, 105)",,,"[{'id': 36, 'text': 'יל_', 'upos': 'NOUN', 'xpos': 'NOUN', 'head': 35, 'deprel': 'det:def', 'lemma': 'יל'}, {'id': 37, 'text': '_אני', 'upos': 'PRON', 'xpos': 'PRON', 'feats': 'Gender=Fem,Masc|Number=Sing|Person=1|PronType=Prs', 'head': 33, 'deprel': 'obl', 'lemma': 'הוא'}]"
38,די,ADV,ADV,40.0,det,"(105, 107)",די,,
"(39, 40)",הארץ,,,,,"(108, 112)",,,"[{'id': 39, 'text': 'ה', 'upos': 'DET', 'xpos': 'DET', 'feats': 'PronType=Art', 'head': 40, 'deprel': 'det:def', 'lemma': 'ה'}, {'id': 40, 'text': 'ארץ', 'upos': 'NOUN', 'xpos': 'NOUN', 'feats': 'Gender=Fem|Number=Sing', 'head': 33, 'deprel': 'obj', 'lemma': 'ארץ'}]"
"(41, 42)",בקרב,,,,,"(113, 117)",,,"[{'id': 41, 'text': 'ב', 'upos': 'ADP', 'xpos': 'ADP', 'head': 42, 'deprel': 'case', 'lemma': 'ב'}, {'id': 42, 'text': 'קרב', 'upos': 'NOUN', 'xpos': 'NOUN', 'feats': 'Definite=Cons|Gender=Masc|Number=Sing', 'head': 33, 'deprel': 'obl', 'lemma': 'קרב'}]"
43,רוכשי,VERB,VERB,42.0,compound:smixut,"(118, 123)",רכש,Definite=Cons|Gender=Masc|Number=Plur,
"(44, 46)",דירות,,,,,"(124, 129)",,,"[{'id': 44, 'text': 'דירות_', 'upos': 'NOUN', 'xpos': 'NOUN', 'feats': 'Definite=Def|Gender=Fem|Number=Plur', 'head': 43, 'deprel': 'compound:smixut', 'lemma': 'דירות'}, {'id': 45, 'text': '_של_', 'upos': 'ADP', 'xpos': 'ADP', 'head': 46, 'deprel': 'case:gen', 'lemma': 'של'}, {'id': 46, 'text': '_היא', 'upos': 'PRON', 'xpos': 'PRON', 'feats': 'Case=Gen|Gender=Fem|Number=Sing|Person=3|PronType=Prs', 'head': 44, 'deprel': 'nmod:poss', 'lemma': 'הוא'}]"
"(47, 48)",בשכונת,,,,,"(130, 136)",,,"[{'id': 47, 'text': 'ב', 'upos': 'ADP', 'xpos': 'ADP', 'head': 48, 'deprel': 'case', 'lemma': 'ב'}, {'id': 48, 'text': 'שכונת', 'upos': 'NOUN', 'xpos': 'NOUN', 'feats': 'Definite=Cons|Gender=Fem|Number=Sing', 'head': 43, 'deprel': 'nmod', 'lemma': 'שכונה'}]"
"(49, 49)",ג,,,,,"(137, 138)",,,"[{'id': 49, 'text': 'ג', 'upos': 'PROPN', 'xpos': 'PROPN', 'head': 48, 'deprel': 'compound:smixut', 'lemma': 'ג'}]"
50,',PUNCT,PUNCT,49.0,flat:name,"(138, 139)",',,
51,וד',PROPN,PROPN,49.0,flat:name,"(140, 143)",וד',,
"(52, 53)",בבאר,,,,,"(144, 148)",,,"[{'id': 52, 'text': 'ב', 'upos': 'ADP', 'xpos': 'ADP', 'head': 53, 'deprel': 'case', 'lemma': 'ב'}, {'id': 53, 'text': 'באר', 'upos': 'NOUN', 'xpos': 'NOUN', 'feats': 'Definite=Cons|Gender=Fem|Number=Sing', 'head': 48, 'deprel': 'nmod', 'lemma': 'באר'}]"
"(54, 55)",שבע,,,,,"(149, 152)",,,"[{'id': 54, 'text': 'ש', 'upos': 'SCONJ', 'xpos': 'SCONJ', 'head': 53, 'deprel': 'flat:name', 'lemma': 'ש'}, {'id': 55, 'text': 'בע', 'upos': 'PROPN', 'xpos': 'PROPN', 'head': 53, 'deprel': 'flat:name', 'lemma': 'בע'}]"
1,50,NUM,NUM,2.0,nummod,"(1, 3)",50,,
2,%,NOUN,NOUN,12.0,nsubj:cop,"(3, 4)",%,"Gender=Masc|Number=Plur,Sing",
3,מרוכשי,VERB,VERB,2.0,dep,"(5, 11)",רוכש,Definite=Cons|Gender=Masc|Number=Plur,
"(4, 5)",הדירות,,,,,"(12, 18)",,,"[{'id': 4, 'text': 'ה', 'upos': 'DET', 'xpos': 'DET', 'feats': 'PronType=Art', 'head': 5, 'deprel': 'det:def', 'lemma': 'ה'}, {'id': 5, 'text': 'דירות', 'upos': 'NOUN', 'xpos': 'NOUN', 'feats': 'Gender=Fem|Number=Plur', 'head': 3, 'deprel': 'compound:smixut', 'lemma': 'דירה'}]"
"(6, 8)",במגדל,,,,,"(19, 24)",,,"[{'id': 6, 'text': 'ב', 'upos': 'ADP', 'xpos': 'ADP', 'head': 8, 'deprel': 'case', 'lemma': 'ב'}, {'id': 7, 'text': 'ה_', 'upos': 'DET', 'xpos': 'DET', 'feats': 'PronType=Art', 'head': 8, 'deprel': 'det:def', 'lemma': 'ה'}, {'id': 8, 'text': 'מגדל', 'upos': 'NOUN', 'xpos': 'NOUN', 'feats': 'Definite=Cons|Gender=Masc|Number=Sing', 'head': 3, 'deprel': 'nmod', 'lemma': 'מגדל'}]"
"(9, 10)",העמק,,,,,"(25, 29)",,,"[{'id': 9, 'text': 'ה', 'upos': 'DET', 'xpos': 'DET', 'feats': 'PronType=Art', 'head': 10, 'deprel': 'det:def', 'lemma': 'ה'}, {'id': 10, 'text': 'עמק', 'upos': 'NOUN', 'xpos': 'NOUN', 'feats': 'Gender=Masc|Number=Sing', 'head': 8, 'deprel': 'compound:smixut', 'lemma': 'עמק'}]"
11,הם,AUX,AUX,12.0,cop,"(30, 32)",הוא,Gender=Masc|Number=Plur|Person=3|Polarity=Pos|VerbForm=Part|VerbType=Cop,
12,יוצאי,NOUN,NOUN,0.0,root,"(33, 38)",יוצא,Definite=Cons|Gender=Masc|Number=Plur,
13,ארצות,NOUN,NOUN,12.0,compound:smixut,"(39, 44)",ארץ,Definite=Cons|Gender=Fem|Number=Plur,
14,חבר,NOUN,NOUN,13.0,compound:smixut,"(45, 48)",חבר,Definite=Cons|Gender=Masc|Number=Sing,
"(15, 16)",העמים,,,,,"(49, 54)",,,"[{'id': 15, 'text': 'ה', 'upos': 'DET', 'xpos': 'DET', 'feats': 'PronType=Art', 'head': 16, 'deprel': 'det:def', 'lemma': 'ה'}, {'id': 16, 'text': 'עמים', 'upos': 'NOUN', 'xpos': 'NOUN', 'feats': 'Gender=Masc|Number=Plur', 'head': 14, 'deprel': 'compound:smixut', 'lemma': 'עם'}]"
17,לשעבר,ADV,ADV,14.0,advmod,"(55, 60)",לשעבר,,
1,התפלגות,NOUN,NOUN,10.0,nsubj,"(1, 8)",התפלגות,Definite=Cons|Gender=Fem|Number=Sing,
2,ארץ,NOUN,NOUN,1.0,compound:smixut,"(9, 12)",ארץ,Definite=Cons|Gender=Fem|Number=Sing,
"(3, 4)",הלידה,,,,,"(13, 18)",,,"[{'id': 3, 'text': 'ה', 'upos': 'DET', 'xpos': 'DET', 'feats': 'PronType=Art', 'head': 4, 'deprel': 'det:def', 'lemma': 'ה'}, {'id': 4, 'text': 'לידה', 'upos': 'NOUN', 'xpos': 'NOUN', 'feats': 'Gender=Fem|Number=Sing', 'head': 2, 'deprel': 'compound:smixut', 'lemma': 'לידה'}]"
"(5, 7)",במגדל,,,,,"(19, 24)",,,"[{'id': 5, 'text': 'ב', 'upos': 'ADP', 'xpos': 'ADP', 'head': 7, 'deprel': 'case', 'lemma': 'ב'}, {'id': 6, 'text': 'ה_', 'upos': 'DET', 'xpos': 'DET', 'feats': 'PronType=Art', 'head': 7, 'deprel': 'det:def', 'lemma': 'ה'}, {'id': 7, 'text': 'מגדל', 'upos': 'NOUN', 'xpos': 'NOUN', 'feats': 'Definite=Cons|Gender=Masc|Number=Sing', 'head': 1, 'deprel': 'nmod', 'lemma': 'מגדל'}]"
"(8, 9)",העמק,,,,,"(25, 29)",,,"[{'id': 8, 'text': 'ה', 'upos': 'DET', 'xpos': 'DET', 'feats': 'PronType=Art', 'head': 9, 'deprel': 'det:def', 'lemma': 'ה'}, {'id': 9, 'text': 'עמק', 'upos': 'NOUN', 'xpos': 'NOUN', 'feats': 'Gender=Masc|Number=Sing', 'head': 7, 'deprel': 'compound:smixut', 'lemma': 'עמק'}]"
10,דומה,ADJ,ADJ,0.0,root,"(30, 34)",דומה,Gender=Fem|Number=Sing,
"(11, 12)",להתפלגות,,,,,"(35, 43)",,,"[{'id': 11, 'text': 'ל', 'upos': 'ADP', 'xpos': 'ADP', 'head': 12, 'deprel': 'case', 'lemma': 'ל'}, {'id': 12, 'text': 'התפלגות', 'upos': 'NOUN', 'xpos': 'NOUN', 'feats': 'Definite=Cons|Gender=Fem|Number=Sing', 'head': 10, 'deprel': 'obl', 'lemma': 'התפלגות'}]"
13,ארץ,NOUN,NOUN,12.0,compound:smixut,"(44, 47)",ארץ,Definite=Cons|Gender=Fem|Number=Sing,
"(14, 15)",הלידה,,,,,"(48, 53)",,,"[{'id': 14, 'text': 'ה', 'upos': 'DET', 'xpos': 'DET', 'feats': 'PronType=Art', 'head': 15, 'deprel': 'det:def', 'lemma': 'ה'}, {'id': 15, 'text': 'לידה', 'upos': 'NOUN', 'xpos': 'NOUN', 'feats': 'Gender=Fem|Number=Sing', 'head': 13, 'deprel': 'compound:smixut', 'lemma': 'לידה'}]"
"(16, 17)",בשכונות,,,,,"(54, 61)",,,"[{'id': 16, 'text': 'ב', 'upos': 'ADP', 'xpos': 'ADP', 'head': 17, 'deprel': 'case', 'lemma': 'ב'}, {'id': 17, 'text': 'שכונות', 'upos': 'NOUN', 'xpos': 'NOUN', 'feats': 'Definite=Cons|Gender=Fem|Number=Plur', 'head': 12, 'deprel': 'nmod', 'lemma': 'שכונה'}]"
18,ג',PROPN,PROPN,17.0,compound:smixut,"(62, 64)",ג',,
19,ו,CCONJ,CCONJ,18.0,flat:name,"(65, 66)",ו,,
20,-,PUNCT,PUNCT,18.0,flat:name,"(66, 67)",-,,
21,ד',PROPN,PROPN,18.0,flat:name,"(68, 70)",ד',,
"(22, 23)",בבאר,,,,,"(71, 75)",,,"[{'id': 22, 'text': 'ב', 'upos': 'ADP', 'xpos': 'ADP', 'head': 23, 'deprel': 'case', 'lemma': 'ב'}, {'id': 23, 'text': 'באר', 'upos': 'NOUN', 'xpos': 'NOUN', 'feats': 'Definite=Cons|Gender=Fem|Number=Sing', 'head': 17, 'deprel': 'nmod', 'lemma': 'באר'}]"
24,שבע,NUM,NUM,23.0,flat:name,"(76, 79)",שבע,Gender=Fem|Number=Sing,
1,מתוך,ADP,ADP,2.0,case,"(1, 5)",מתוך,,
2,כלל,NOUN,NOUN,21.0,obl,"(6, 9)",כלל,Definite=Cons|Gender=Masc|Number=Sing,
3,רוכשי,VERB,VERB,2.0,compound:smixut,"(10, 15)",רכש,Definite=Cons|Gender=Masc|Number=Plur,
"(4, 5)",הדירות,,,,,"(16, 22)",,,"[{'id': 4, 'text': 'ה', 'upos': 'DET', 'xpos': 'DET', 'feats': 'PronType=Art', 'head': 5, 'deprel': 'det:def', 'lemma': 'ה'}, {'id': 5, 'text': 'דירות', 'upos': 'NOUN', 'xpos': 'NOUN', 'feats': 'Gender=Fem|Number=Plur', 'head': 3, 'deprel': 'compound:smixut', 'lemma': 'דירה'}]"
"(6, 8)",במגדל,,,,,"(23, 28)",,,"[{'id': 6, 'text': 'ב', 'upos': 'ADP', 'xpos': 'ADP', 'head': 8, 'deprel': 'case', 'lemma': 'ב'}, {'id': 7, 'text': 'ה_', 'upos': 'DET', 'xpos': 'DET', 'feats': 'PronType=Art', 'head': 8, 'deprel': 'det:def', 'lemma': 'ה'}, {'id': 8, 'text': 'מגדל', 'upos': 'NOUN', 'xpos': 'NOUN', 'feats': 'Definite=Cons|Gender=Masc|Number=Sing', 'head': 5, 'deprel': 'nmod', 'lemma': 'מגדל'}]"
"(9, 10)",העמק,,,,,"(29, 33)",,,"[{'id': 9, 'text': 'ה', 'upos': 'DET', 'xpos': 'DET', 'feats': 'PronType=Art', 'head': 10, 'deprel': 'det:def', 'lemma': 'ה'}, {'id': 10, 'text': 'עמק', 'upos': 'NOUN', 'xpos': 'NOUN', 'feats': 'Gender=Masc|Number=Sing', 'head': 8, 'deprel': 'compound:smixut', 'lemma': 'עמק'}]"
11,",",PUNCT,PUNCT,21.0,punct,"(34, 35)",",",,
"(12, 13)",בארבע,,,,,"(36, 41)",,,"[{'id': 12, 'text': 'ב', 'upos': 'ADP', 'xpos': 'ADP', 'head': 15, 'deprel': 'case', 'lemma': 'ב'}, {'id': 13, 'text': 'ארבע', 'upos': 'NUM', 'xpos': 'NUM', 'feats': 'Definite=Cons|Gender=Fem|Number=Sing', 'head': 15, 'deprel': 'nummod', 'lemma': 'ארבע'}]"
"(14, 15)",השנים,,,,,"(42, 47)",,,"[{'id': 14, 'text': 'ה', 'upos': 'DET', 'xpos': 'DET', 'feats': 'PronType=Art', 'head': 15, 'deprel': 'det:def', 'lemma': 'ה'}, {'id': 15, 'text': 'שנים', 'upos': 'NOUN', 'xpos': 'NOUN', 'feats': 'Gender=Fem|Number=Plur', 'head': 21, 'deprel': 'obl', 'lemma': 'שנה'}]"
"(16, 17)",האחרונות,,,,,"(48, 56)",,,"[{'id': 16, 'text': 'ה', 'upos': 'DET', 'xpos': 'DET', 'feats': 'PronType=Art', 'head': 17, 'deprel': 'det:def', 'lemma': 'ה'}, {'id': 17, 'text': 'אחרונות', 'upos': 'ADJ', 'xpos': 'ADJ', 'feats': 'Gender=Fem|Number=Plur', 'head': 15, 'deprel': 'amod', 'lemma': 'אחרון'}]"
18,",",PUNCT,PUNCT,21.0,punct,"(57, 58)",",",,
19,59,NUM,NUM,20.0,nummod,"(59, 61)",59,,
20,%,NOUN,NOUN,21.0,nsubj,"(61, 62)",%,"Gender=Masc|Number=Plur,Sing",
21,עלו,VERB,VERB,0.0,root,"(63, 66)",עלה,"Gender=Fem,Masc|HebBinyan=PAAL|Number=Plur|Person=3|Tense=Past|Voice=Act",
"(22, 24)",לארץ,,,,,"(67, 71)",,,"[{'id': 22, 'text': 'ל', 'upos': 'ADP', 'xpos': 'ADP', 'head': 24, 'deprel': 'case', 'lemma': 'ל'}, {'id': 23, 'text': 'ה_', 'upos': 'DET', 'xpos': 'DET', 'feats': 'PronType=Art', 'head': 24, 'deprel': 'det:def', 'lemma': 'ה'}, {'id': 24, 'text': 'ארץ', 'upos': 'NOUN', 'xpos': 'NOUN', 'feats': 'Gender=Fem|Number=Sing', 'head': 21, 'deprel': 'obl', 'lemma': 'ארץ'}]"
"(25, 26)",משנת,,,,,"(72, 76)",,,"[{'id': 25, 'text': 'מ', 'upos': 'ADP', 'xpos': 'ADP', 'head': 26, 'deprel': 'case', 'lemma': 'מ'}, {'id': 26, 'text': 'שנת', 'upos': 'NOUN', 'xpos': 'NOUN', 'feats': 'Definite=Cons|Gender=Fem|Number=Sing', 'head': 21, 'deprel': 'obl', 'lemma': 'שנה'}]"
27,1990,NUM,NUM,26.0,compound:smixut,"(77, 81)",1990,,
"(28, 29)",ואילך,,,,,"(82, 87)",,,"[{'id': 28, 'text': 'ו', 'upos': 'ADV', 'xpos': 'ADV', 'head': 26, 'deprel': 'advmod', 'lemma': 'ו'}, {'id': 29, 'text': 'אילך', 'upos': 'ADV', 'xpos': 'ADV', 'head': 28, 'deprel': 'fixed', 'lemma': 'אילך'}]"
1,96,NUM,NUM,2.0,nummod,"(1, 3)",96,,
2,%,NOUN,NOUN,10.0,nsubj,"(3, 4)",%,"Gender=Masc|Number=Plur,Sing",
3,מבין,ADP,ADP,5.0,case,"(5, 9)",מבין,,
"(4, 5)",העולים,,,,,"(10, 16)",,,"[{'id': 4, 'text': 'ה', 'upos': 'DET', 'xpos': 'DET', 'feats': 'PronType=Art', 'head': 5, 'deprel': 'det:def', 'lemma': 'ה'}, {'id': 5, 'text': 'עולים', 'upos': 'NOUN', 'xpos': 'NOUN', 'feats': 'Gender=Masc|Number=Plur', 'head': 2, 'deprel': 'nmod', 'lemma': 'עולה'}]"
"(6, 7)",החדשים,,,,,"(17, 23)",,,"[{'id': 6, 'text': 'ה', 'upos': 'DET', 'xpos': 'DET', 'feats': 'PronType=Art', 'head': 7, 'deprel': 'det:def', 'lemma': 'ה'}, {'id': 7, 'text': 'חדשים', 'upos': 'ADJ', 'xpos': 'ADJ', 'feats': 'Gender=Masc|Number=Plur', 'head': 5, 'deprel': 'amod', 'lemma': 'חדש'}]"
"(8, 9)",שרואיינו,,,,,"(24, 32)",,,"[{'id': 8, 'text': 'ש', 'upos': 'SCONJ', 'xpos': 'SCONJ', 'head': 9, 'deprel': 'mark', 'lemma': 'ש'}, {'id': 9, 'text': 'רואיינו', 'upos': 'VERB', 'xpos': 'VERB', 'head': 5, 'deprel': 'acl:relcl', 'lemma': 'רואה'}]"
10,עלו,VERB,VERB,0.0,root,"(33, 36)",עלה,"Gender=Fem,Masc|HebBinyan=PAAL|Number=Plur|Person=3|Tense=Past|Voice=Act",
"(11, 12)",ממדינות,,,,,"(37, 44)",,,"[{'id': 11, 'text': 'מ', 'upos': 'ADP', 'xpos': 'ADP', 'head': 12, 'deprel': 'case', 'lemma': 'מ'}, {'id': 12, 'text': 'מדינות', 'upos': 'NOUN', 'xpos': 'NOUN', 'feats': 'Definite=Cons|Gender=Fem|Number=Plur', 'head': 10, 'deprel': 'obl', 'lemma': 'מדינה'}]"
"(13, 14)",חבר,,,,,"(45, 48)",,,"[{'id': 13, 'text': 'חבר', 'upos': 'NOUN', 'xpos': 'NOUN', 'feats': 'Definite=Cons|Gender=Masc|Number=Sing', 'head': 12, 'deprel': 'compound:smixut', 'lemma': 'חבר'}, {'id': 14, 'text': '_הר', 'upos': 'NOUN', 'xpos': 'NOUN', 'head': 13, 'deprel': 'compound:smixut', 'lemma': '_הר'}]"
"(15, 16)",העמים,,,,,"(49, 54)",,,"[{'id': 15, 'text': 'ה', 'upos': 'DET', 'xpos': 'DET', 'feats': 'PronType=Art', 'head': 16, 'deprel': 'det:def', 'lemma': 'ה'}, {'id': 16, 'text': 'עמים', 'upos': 'NOUN', 'xpos': 'NOUN', 'feats': 'Gender=Masc|Number=Plur', 'head': 12, 'deprel': 'nmod', 'lemma': 'עם'}]"
1,□,PUNCT,PUNCT,6.0,punct,"(1, 2)",□,,
2,השכלה,NOUN,NOUN,6.0,dep,"(3, 8)",השכלה,Xtra=Junk,
3,רוכשי,NOUN,NOUN,6.0,nsubj,"(9, 14)",רוכש,Definite=Cons|Gender=Masc|Number=Plur,
"(4, 5)",הדירות,,,,,"(15, 21)",,,"[{'id': 4, 'text': 'ה', 'upos': 'DET', 'xpos': 'DET', 'feats': 'PronType=Art', 'head': 5, 'deprel': 'det:def', 'lemma': 'ה'}, {'id': 5, 'text': 'דירות', 'upos': 'NOUN', 'xpos': 'NOUN', 'feats': 'Gender=Fem|Number=Plur', 'head': 3, 'deprel': 'compound:smixut', 'lemma': 'דירה'}]"
6,נשאלו,VERB,VERB,0.0,root,"(22, 27)",נשאל,"Gender=Fem,Masc|HebBinyan=NIFAL|Number=Plur|Person=3|Tense=Past|Voice=Mid",
7,לגבי,ADP,ADP,8.0,case,"(28, 32)",לגבי,,
8,השכלת,NOUN,NOUN,6.0,obl,"(33, 38)",השכלה,Definite=Cons|Gender=Fem|Number=Sing,
"(9, 10)",הגבר,,,,,"(39, 43)",,,"[{'id': 9, 'text': 'ה', 'upos': 'DET', 'xpos': 'DET', 'feats': 'PronType=Art', 'head': 10, 'deprel': 'det:def', 'lemma': 'ה'}, {'id': 10, 'text': 'גבר', 'upos': 'NOUN', 'xpos': 'NOUN', 'feats': 'Gender=Masc|Number=Sing', 'head': 8, 'deprel': 'compound:smixut', 'lemma': 'גבר'}]"
"(11, 12)",והשכלת,,,,,"(44, 50)",,,"[{'id': 11, 'text': 'ו', 'upos': 'CCONJ', 'xpos': 'CCONJ', 'head': 12, 'deprel': 'cc', 'lemma': 'ו'}, {'id': 12, 'text': 'השכלת', 'upos': 'NOUN', 'xpos': 'NOUN', 'feats': 'Definite=Cons|Gender=Fem|Number=Sing', 'head': 8, 'deprel': 'conj', 'lemma': 'השכלה'}]"
"(13, 14)",האישה,,,,,"(51, 56)",,,"[{'id': 13, 'text': 'ה', 'upos': 'DET', 'xpos': 'DET', 'feats': 'PronType=Art', 'head': 14, 'deprel': 'det:def', 'lemma': 'ה'}, {'id': 14, 'text': 'אישה', 'upos': 'NOUN', 'xpos': 'NOUN', 'feats': 'Gender=Fem|Number=Sing', 'head': 12, 'deprel': 'compound:smixut', 'lemma': 'איש'}]"
1,בקרב,ADP,ADP,3.0,case,"(1, 5)",בקרב,,
"(2, 3)",הנשים,,,,,"(6, 11)",,,"[{'id': 2, 'text': 'ה', 'upos': 'DET', 'xpos': 'DET', 'feats': 'PronType=Art', 'head': 3, 'deprel': 'det:def', 'lemma': 'ה'}, {'id': 3, 'text': 'נשים', 'upos': 'NOUN', 'xpos': 'NOUN', 'feats': 'Gender=Fem|Number=Plur', 'head': 9, 'deprel': 'nmod', 'lemma': 'איש'}]"
4,כ,ADV,ADV,7.0,advmod,"(12, 13)",כ,,
5,-,PUNCT,PUNCT,7.0,punct,"(13, 14)",-,,
6,48,NUM,NUM,7.0,nummod,"(15, 17)",48,,
7,%,NOUN,NOUN,3.0,nmod,"(17, 18)",%,"Gender=Masc|Number=Plur,Sing",
8,הן,PRON,PRON,9.0,nsubj,"(19, 21)",הוא,Gender=Fem|Number=Plur|Person=3|PronType=Prs,
9,בעלות,NOUN,NOUN,0.0,root,"(22, 27)",בעלות,Definite=Cons|Gender=Fem|Number=Plur,
10,השכלה,NOUN,NOUN,9.0,compound:smixut,"(28, 33)",השכלה,Gender=Fem|Number=Sing,
11,על,ADP,ADP,12.0,advmod,"(34, 36)",על,,
12,תיכונית,ADJ,ADJ,10.0,nmod,"(37, 44)",תיכוני,Gender=Fem|Number=Sing,
"(13, 14)",ואקדמאית,,,,,"(45, 53)",,,"[{'id': 13, 'text': 'ו', 'upos': 'CCONJ', 'xpos': 'CCONJ', 'head': 14, 'deprel': 'cc', 'lemma': 'ו'}, {'id': 14, 'text': 'אקדמאית', 'upos': 'ADJ', 'xpos': 'ADJ', 'feats': 'Gender=Fem|Number=Sing', 'head': 12, 'deprel': 'conj', 'lemma': 'אקדמאי'}]"
"(15, 16)",ובקרב,,,,,"(54, 59)",,,"[{'id': 15, 'text': 'ו', 'upos': 'CCONJ', 'xpos': 'CCONJ', 'head': 24, 'deprel': 'cc', 'lemma': 'ו'}, {'id': 16, 'text': 'בקרב', 'upos': 'ADP', 'xpos': 'ADP', 'head': 18, 'deprel': 'case', 'lemma': 'בקרב'}]"
"(17, 18)",הגברים,,,,,"(60, 66)",,,"[{'id': 17, 'text': 'ה', 'upos': 'DET', 'xpos': 'DET', 'feats': 'PronType=Art', 'head': 18, 'deprel': 'det:def', 'lemma': 'ה'}, {'id': 18, 'text': 'גברים', 'upos': 'NOUN', 'xpos': 'NOUN', 'feats': 'Gender=Masc|Number=Plur', 'head': 24, 'deprel': 'nmod', 'lemma': 'גבר'}]"
19,כ,ADV,ADV,22.0,advmod,"(67, 68)",כ,,
20,-,PUNCT,PUNCT,22.0,punct,"(68, 69)",-,,
21,45,NUM,NUM,22.0,nummod,"(70, 72)",45,,
22,%,NOUN,NOUN,18.0,nmod,"(72, 73)",%,"Gender=Masc|Number=Plur,Sing",
23,הם,PRON,PRON,24.0,nsubj,"(74, 76)",הוא,Gender=Masc|Number=Plur|Person=3|PronType=Prs,
24,בעלי,NOUN,NOUN,9.0,conj,"(77, 81)",בעל,Definite=Cons|Gender=Masc|Number=Plur,
25,השכלה,NOUN,NOUN,24.0,compound:smixut,"(82, 87)",השכלה,Gender=Fem|Number=Sing,
26,על,ADP,ADP,27.0,advmod,"(88, 90)",על,,
27,תיכונית,ADJ,ADJ,25.0,amod,"(91, 98)",תיכוני,Gender=Fem|Number=Sing,
"(28, 29)",ואקדמאית,,,,,"(99, 107)",,,"[{'id': 28, 'text': 'ו', 'upos': 'CCONJ', 'xpos': 'CCONJ', 'head': 29, 'deprel': 'cc', 'lemma': 'ו'}, {'id': 29, 'text': 'אקדמאית', 'upos': 'ADJ', 'xpos': 'ADJ', 'feats': 'Gender=Fem|Number=Sing', 'head': 27, 'deprel': 'conj', 'lemma': 'אקדמאי'}]"
30,(,PUNCT,PUNCT,32.0,punct,"(108, 109)",(,,
31,כולל,VERB,VERB,32.0,case,"(109, 113)",כלל,"Gender=Masc|HebBinyan=PAAL|Number=Sing|Person=1,2,3|VerbForm=Part|Voice=Act",
32,קורסים,NOUN,NOUN,25.0,appos,"(114, 120)",קורס,Gender=Masc|Number=Plur,
33,על,ADP,ADP,34.0,case,"(121, 123)",על,,
34,תיכוניים,NOUN,NOUN,32.0,nmod,"(124, 132)",תיכוני,Gender=Masc|Number=Plur,
35,שונים,ADJ,ADJ,34.0,amod,"(133, 138)",שונה,Gender=Masc|Number=Plur,
36,),PUNCT,PUNCT,32.0,punct,"(138, 139)",),,
"(1, 3)",אחוז האקדמאים,,,,,"(1, 14)",,,"[{'id': 1, 'text': 'אחוז', 'upos': 'NOUN', 'xpos': 'NOUN', 'feats': 'Definite=Cons|Gender=Masc|Number=Sing', 'head': 14, 'deprel': 'nsubj', 'lemma': 'אחוז'}, {'id': 2, 'text': 'ה', 'upos': 'DET', 'xpos': 'DET', 'feats': 'PronType=Art', 'head': 3, 'deprel': 'det:def', 'lemma': 'ה'}, {'id': 3, 'text': 'אוזדמאים', 'upos': 'NOUN', 'xpos': 'NOUN', 'head': 1, 'deprel': 'compound:smixut', 'lemma': 'אוזדמאי'}]"
"(4, 5)",בין,,,,,"(15, 18)",,,"[{'id': 4, 'text': 'ב', 'upos': 'ADP', 'xpos': 'ADP', 'head': 5, 'deprel': 'case', 'lemma': 'ב'}, {'id': 5, 'text': 'ין', 'upos': 'NOUN', 'xpos': 'NOUN', 'feats': 'Definite=Cons|Gender=Masc|Number=Sing', 'head': 3, 'deprel': 'nmod', 'lemma': 'ין'}]"
"(6, 8)",קוני דירות,,,,,"(19, 29)",,,"[{'id': 6, 'text': 'קוניטדירות_', 'upos': 'NOUN', 'xpos': 'NOUN', 'feats': 'Definite=Def|Gender=Fem|Number=Plur', 'head': 5, 'deprel': 'compound:smixut', 'lemma': 'קוניטדירות'}, {'id': 7, 'text': '_של_', 'upos': 'ADP', 'xpos': 'ADP', 'head': 8, 'deprel': 'case:gen', 'lemma': 'של'}, {'id': 8, 'text': '_היא', 'upos': 'PRON', 'xpos': 'PRON', 'feats': 'Case=Gen|Gender=Fem|Number=Sing|Person=3|PronType=Prs', 'head': 6, 'deprel': 'nmod:poss', 'lemma': 'הוא'}]"
"(9, 11)",במגדל,,,,,"(30, 35)",,,"[{'id': 9, 'text': 'ב', 'upos': 'ADP', 'xpos': 'ADP', 'head': 11, 'deprel': 'case', 'lemma': 'ב'}, {'id': 10, 'text': 'ה_', 'upos': 'DET', 'xpos': 'DET', 'feats': 'PronType=Art', 'head': 11, 'deprel': 'det:def', 'lemma': 'ה'}, {'id': 11, 'text': 'מגדל', 'upos': 'NOUN', 'xpos': 'NOUN', 'feats': 'Definite=Cons|Gender=Masc|Number=Sing', 'head': 6, 'deprel': 'nmod', 'lemma': 'מגדל'}]"
"(12, 13)",העמק,,,,,"(36, 40)",,,"[{'id': 12, 'text': 'ה', 'upos': 'DET', 'xpos': 'DET', 'feats': 'PronType=Art', 'head': 13, 'deprel': 'det:def', 'lemma': 'ה'}, {'id': 13, 'text': 'עמק', 'upos': 'NOUN', 'xpos': 'NOUN', 'feats': 'Gender=Masc|Number=Sing', 'head': 11, 'deprel': 'compound:smixut', 'lemma': 'עמק'}]"
"(14, 17)",דומה לאחוז האקדמאים,,,,,"(41, 60)",,,"[{'id': 14, 'text': 'דו', 'upos': 'ADJ', 'xpos': 'ADJ', 'feats': 'Gender=Masc|Number=Sing', 'head': 0, 'deprel': 'root', 'lemma': 'דו'}, {'id': 15, 'text': 'מ', 'upos': 'ADP', 'xpos': 'ADP', 'head': 16, 'deprel': 'case', 'lemma': 'מ'}, {'id': 16, 'text': 'מה', 'upos': 'ADV', 'xpos': 'ADV', 'feats': 'PronType=Int', 'head': 14, 'deprel': 'obl', 'lemma': 'מה'}, {'id': 17, 'text': 'א.לאחוזדמאמאים', 'upos': 'PROPN', 'xpos': 'PROPN', 'head': 16, 'deprel': 'dep', 'lemma': 'א.לאחוזדמאמאים'}]"
18,בקרב,ADP,ADP,19.0,case,"(61, 65)",בקרב,,
"(19, 21)",קוני דירות,,,,,"(66, 76)",,,"[{'id': 19, 'text': 'קוניטדירות_', 'upos': 'NOUN', 'xpos': 'NOUN', 'feats': 'Definite=Def|Gender=Fem|Number=Plur', 'head': 16, 'deprel': 'obl', 'lemma': 'קוניטדירות'}, {'id': 20, 'text': '_של_', 'upos': 'ADP', 'xpos': 'ADP', 'head': 21, 'deprel': 'case:gen', 'lemma': 'של'}, {'id': 21, 'text': '_היא', 'upos': 'PRON', 'xpos': 'PRON', 'feats': 'Case=Gen|Gender=Fem|Number=Sing|Person=3|PronType=Prs', 'head': 19, 'deprel': 'nmod:poss', 'lemma': 'הוא'}]"
"(22, 24)",בשכונת שחמון,,,,,"(77, 89)",,,"[{'id': 22, 'text': 'ב', 'upos': 'ADP', 'xpos': 'ADP', 'head': 19, 'deprel': 'case', 'lemma': 'ב'}, {'id': 23, 'text': 'ה_', 'upos': 'DET', 'xpos': 'DET', 'feats': 'PronType=Art', 'head': 19, 'deprel': 'det:def', 'lemma': 'ה'}, {'id': 24, 'text': 'שכונתחשחמון', 'upos': 'PROPN', 'xpos': 'PROPN', 'head': 16, 'deprel': 'dep', 'lemma': 'שכונתחשחמון'}]"
"(25, 26)",באילת,,,,,"(90, 95)",,,"[{'id': 25, 'text': 'ב', 'upos': 'ADP', 'xpos': 'ADP', 'head': 26, 'deprel': 'case', 'lemma': 'ב'}, {'id': 26, 'text': 'אילת', 'upos': 'PROPN', 'xpos': 'PROPN', 'head': 24, 'deprel': 'nmod', 'lemma': 'אילת'}]"
27,",",PUNCT,PUNCT,26.0,punct,"(95, 96)",",",,
"(28, 29)",בשלומי,,,,,"(97, 103)",,,"[{'id': 28, 'text': 'ב', 'upos': 'ADP', 'xpos': 'ADP', 'head': 29, 'deprel': 'case', 'lemma': 'ב'}, {'id': 29, 'text': 'שלומי', 'upos': 'PROPN', 'xpos': 'PROPN', 'head': 26, 'deprel': 'conj', 'lemma': 'שלומי'}]"
"(30, 32)",ובאלעד,,,,,"(104, 110)",,,"[{'id': 30, 'text': 'ו', 'upos': 'CCONJ', 'xpos': 'CCONJ', 'head': 32, 'deprel': 'cc', 'lemma': 'ו'}, {'id': 31, 'text': 'ב', 'upos': 'ADP', 'xpos': 'ADP', 'head': 32, 'deprel': 'case', 'lemma': 'ב'}, {'id': 32, 'text': 'אלעד', 'upos': 'PROPN', 'xpos': 'PROPN', 'head': 41, 'deprel': 'conj', 'lemma': 'אלעד'}]"
"(33, 34)",ונמוך באופן,,,,,"(111, 122)",,,"[{'id': 33, 'text': 'ו', 'upos': 'CCONJ', 'xpos': 'CCONJ', 'feats': 'HebSource=ConvUncertainHead', 'head': 34, 'deprel': 'cc', 'lemma': 'ו'}, {'id': 34, 'text': 'נמוכאבאופן', 'upos': 'NOUN', 'xpos': 'NOUN', 'feats': 'HebSource=ConvUncertainHead', 'head': 14, 'deprel': 'conj', 'lemma': 'נמוכאבאופן'}]"
"(35, 36)",מובהק,,,,,"(123, 128)",,,"[{'id': 35, 'text': 'מובהק', 'upos': 'ADJ', 'xpos': 'ADJ', 'feats': 'Gender=Masc|Number=Sing', 'head': 34, 'deprel': 'amod', 'lemma': 'מובהק'}, {'id': 36, 'text': '_הקא', 'upos': 'PRON', 'xpos': 'PRON', 'feats': 'HebSource=ConvUncertainHead', 'head': 35, 'deprel': 'dep', 'lemma': 'הוא'}]"
"(37, 38)",ביחס,,,,,"(129, 133)",,,"[{'id': 37, 'text': 'ב', 'upos': 'ADP', 'xpos': 'ADP', 'head': 40, 'deprel': 'case', 'lemma': 'ב'}, {'id': 38, 'text': 'יחס', 'upos': 'NOUN', 'xpos': 'NOUN', 'feats': 'Gender=Masc|Number=Sing', 'head': 37, 'deprel': 'fixed', 'lemma': 'יחס'}]"
"(39, 40)",לקוני דירות,,,,,"(134, 145)",,,"[{'id': 39, 'text': 'ל', 'upos': 'ADP', 'xpos': 'ADP', 'head': 37, 'deprel': 'fixed', 'lemma': 'ל'}, {'id': 40, 'text': 'קוניטדירות', 'upos': 'NOUN', 'xpos': 'NOUN', 'feats': 'Gender=Fem|Number=Plur', 'head': 34, 'deprel': 'nmod', 'lemma': 'קוניטדירה'}]"
41,בשכונות רמות,NOUN,NOUN,40.0,nmod,"(146, 158)",בשכון,Definite=Cons|Gender=Fem|Number=Plur,
42,",",PUNCT,PUNCT,41.0,punct,"(158, 159)",",",,
43,נווה זאב,PROPN,PROPN,41.0,conj,"(160, 168)",נווה זאב,,
44,ו,CCONJ,CCONJ,46.0,cc,"(169, 170)",ו,,
45,-,PUNCT,PUNCT,43.0,punct,"(170, 171)",-,,
46,ג',PROPN,PROPN,43.0,conj,"(172, 174)",ג',Abbr=Yes,
47,ד',PROPN,PROPN,46.0,flat:name,"(175, 177)",ד',Abbr=Yes,
"(48, 49)",בבאר,,,,,"(178, 182)",,,"[{'id': 48, 'text': 'ב', 'upos': 'ADP', 'xpos': 'ADP', 'head': 49, 'deprel': 'case', 'lemma': 'ב'}, {'id': 49, 'text': 'באר', 'upos': 'NOUN', 'xpos': 'NOUN', 'feats': 'Definite=Cons|Gender=Fem|Number=Sing', 'head': 41, 'deprel': 'nmod', 'lemma': 'באר'}]"
50,שבע,NUM,NUM,49.0,flat:name,"(183, 186)",שבע,Gender=Fem|Number=Sing,
51,",",PUNCT,PUNCT,49.0,punct,"(186, 187)",",",,
"(52, 52)",אשקלון,,,,,"(188, 194)",,,"[{'id': 52, 'text': 'אשקלון', 'upos': 'PROPN', 'xpos': 'PROPN', 'head': 49, 'deprel': 'conj', 'lemma': 'אשקלון'}]"
"(53, 54)",והר,,,,,"(195, 198)",,,"[{'id': 53, 'text': 'ו', 'upos': 'CCONJ', 'xpos': 'CCONJ', 'head': 54, 'deprel': 'cc', 'lemma': 'ו'}, {'id': 54, 'text': 'הר', 'upos': 'NOUN', 'xpos': 'NOUN', 'feats': 'Definite=Cons|Gender=Masc|Number=Sing', 'head': 41, 'deprel': 'conj', 'lemma': 'הר'}]"
"(55, 57)",חומה,,,,,"(199, 203)",,,"[{'id': 55, 'text': 'חום_', 'upos': 'NOUN', 'xpos': 'NOUN', 'feats': 'Definite=Def|Gender=Masc|Number=Sing', 'head': 54, 'deprel': 'compound:smixut', 'lemma': 'חום'}, {'id': 56, 'text': '_של_', 'upos': 'ADP', 'xpos': 'ADP', 'head': 57, 'deprel': 'case:gen', 'lemma': 'של'}, {'id': 57, 'text': '_היא', 'upos': 'PRON', 'xpos': 'PRON', 'feats': 'Case=Gen|Gender=Fem|Number=Sing|Person=3|PronType=Prs', 'head': 55, 'deprel': 'nmod:poss', 'lemma': 'הוא'}]"
"(58, 59)",בירושלים,,,,,"(204, 212)",,,"[{'id': 58, 'text': 'ב', 'upos': 'ADP', 'xpos': 'ADP', 'head': 59, 'deprel': 'case', 'lemma': 'ב'}, {'id': 59, 'text': 'ירושלים', 'upos': 'PROPN', 'xpos': 'PROPN', 'head': 55, 'deprel': 'nmod', 'lemma': 'ירושלים'}]"
1,19,NUM,NUM,3.0,dep,"(1, 3)",19,,
2,□,PUNCT,PUNCT,3.0,punct,"(4, 5)",□,,
3,תעסוקה,NOUN,NOUN,0.0,root,"(6, 12)",תעסוקה,Gender=Fem|Number=Sing,
4,לוח,NOUN,NOUN,3.0,nmod,"(13, 16)",לוח,Gender=Masc|Number=Sing,
5,3,NUM,NUM,4.0,nummod,"(17, 18)",3,,
1,17,NUM,NUM,2.0,nsubj,"(0, 2)",17,,
2,מפרט,VERB,VERB,0.0,root,"(3, 7)",פירט,"Gender=Masc|HebBinyan=PIEL|Number=Sing|Person=1,2,3|VerbForm=Part|Voice=Act",
3,את,ADP,ADP,4.0,case:acc,"(8, 10)",את,Case=Acc,
4,תעסוקת,NOUN,NOUN,2.0,obj,"(11, 17)",תעסוקת,Definite=Cons|Gender=Fem|Number=Sing,
"(5, 6)",הגבר,,,,,"(18, 22)",,,"[{'id': 5, 'text': 'ה', 'upos': 'DET', 'xpos': 'DET', 'feats': 'PronType=Art', 'head': 6, 'deprel': 'det:def', 'lemma': 'ה'}, {'id': 6, 'text': 'גבר', 'upos': 'NOUN', 'xpos': 'NOUN', 'feats': 'Gender=Masc|Number=Sing', 'head': 4, 'deprel': 'compound:smixut', 'lemma': 'גבר'}]"
"(7, 9)",והאישה,,,,,"(23, 29)",,,"[{'id': 7, 'text': 'ו', 'upos': 'CCONJ', 'xpos': 'CCONJ', 'head': 9, 'deprel': 'cc', 'lemma': 'ו'}, {'id': 8, 'text': 'ה', 'upos': 'DET', 'xpos': 'DET', 'feats': 'PronType=Art', 'head': 9, 'deprel': 'det:def', 'lemma': 'ה'}, {'id': 9, 'text': 'אישה', 'upos': 'NOUN', 'xpos': 'NOUN', 'feats': 'Gender=Fem|Number=Sing', 'head': 6, 'deprel': 'conj', 'lemma': 'איש'}]"
"(1, 2)",מבין,,,,,"(1, 5)",,,"[{'id': 1, 'text': 'מ', 'upos': 'ADP', 'xpos': 'ADP', 'head': 4, 'deprel': 'case', 'lemma': 'מ'}, {'id': 2, 'text': 'בין', 'upos': 'ADP', 'xpos': 'ADP', 'head': 1, 'deprel': 'fixed', 'lemma': 'בין'}]"
"(3, 4)",הגברים,,,,,"(6, 12)",,,"[{'id': 3, 'text': 'ה', 'upos': 'DET', 'xpos': 'DET', 'feats': 'PronType=Art', 'head': 4, 'deprel': 'det:def', 'lemma': 'ה'}, {'id': 4, 'text': 'גברים', 'upos': 'NOUN', 'xpos': 'NOUN', 'feats': 'Gender=Masc|Number=Plur', 'head': 0, 'deprel': 'root', 'lemma': 'גבר'}]"
5,87,NUM,NUM,4.0,nsubj,"(13, 15)",87,,
"(6, 6)",%,,,,,"(15, 16)",,,"[{'id': 6, 'text': 'ל', 'upos': 'ADP', 'xpos': 'ADP', 'head': 7, 'deprel': 'case', 'lemma': 'ל'}]"
"(7, 8)",עובדים,,,,,"(17, 23)",,,"[{'id': 7, 'text': 'עובדי_', 'upos': 'NOUN', 'xpos': 'NOUN', 'feats': 'Definite=Def|Gender=Masc|Number=Plur', 'head': 4, 'deprel': 'dep', 'lemma': 'עובד'}, {'id': 8, 'text': '_הם', 'upos': 'PRON', 'xpos': 'PRON', 'feats': 'Case=Gen|Gender=Masc|Number=Plur|Person=3|PronType=Prs', 'head': 7, 'deprel': 'nmod:poss', 'lemma': 'הוא'}]"
9,(,PUNCT,PUNCT,10.0,punct,"(24, 25)",(,,
10,5,NUM,NUM,4.0,appos,"(25, 26)",5,,
"(11, 11)",%,,,,,"(26, 27)",,,"[{'id': 11, 'text': 'ל', 'upos': 'ADP', 'xpos': 'ADP', 'head': 12, 'deprel': 'case', 'lemma': 'ל'}]"
"(12, 14)",עצמאיים,,,,,"(28, 35)",,,"[{'id': 12, 'text': 'עצמאיים', 'upos': 'VERB', 'xpos': 'VERB', 'feats': 'Gender=Masc|Number=Plur', 'head': 10, 'deprel': 'obl', 'lemma': 'עצא'}, {'id': 13, 'text': 'את', 'upos': 'ADP', 'xpos': 'ADP', 'feats': 'Case=Acc', 'head': 14, 'deprel': 'case', 'lemma': 'את'}, {'id': 14, 'text': '_הם', 'upos': 'PRON', 'xpos': 'PRON', 'feats': 'Case=Acc|Gender=Masc|Number=Plur|Person=3|PronType=Prs', 'head': 12, 'deprel': 'obj', 'lemma': 'הוא'}]"
15,ו-,PUNCT,PUNCT,16.0,cc,"(36, 38)",ו-,,
16,82,NUM,NUM,10.0,conj,"(38, 40)",82,,
"(17, 17)",%,,,,,"(40, 41)",,,"[{'id': 17, 'text': 'ל', 'upos': 'ADP', 'xpos': 'ADP', 'head': 19, 'deprel': 'case', 'lemma': 'ל'}]"
"(18, 19)",שכירים,,,,,"(42, 48)",,,"[{'id': 18, 'text': 'ש', 'upos': 'SCONJ', 'xpos': 'SCONJ', 'head': 19, 'deprel': 'mark', 'lemma': 'ש'}, {'id': 19, 'text': 'כירים', 'upos': 'NOUN', 'xpos': 'NOUN', 'feats': 'Gender=Masc|Number=Plur', 'head': 16, 'deprel': 'obl', 'lemma': 'כיר'}]"
20,),PUNCT,PUNCT,10.0,punct,"(48, 49)",),,
1,גם,ADV,ADV,9.0,advmod,"(1, 3)",גם,,
2,בין,ADP,ADP,6.0,case,"(4, 7)",בין,,
"(3, 4)",הנ,,,,,"(8, 10)",,,"[{'id': 3, 'text': 'ה', 'upos': 'DET', 'xpos': 'DET', 'feats': 'PronType=Art', 'head': 6, 'deprel': 'dep', 'lemma': 'ה'}, {'id': 4, 'text': 'נ', 'upos': 'NOUN', 'xpos': 'NOUN', 'feats': 'Xtra=Junk', 'head': 6, 'deprel': 'dep', 'lemma': 'ן'}]"
"(5, 6)",שים,,,,,"(10, 13)",,,"[{'id': 5, 'text': 'ש', 'upos': 'X', 'xpos': 'X', 'feats': 'Xtra=Junk', 'head': 6, 'deprel': 'dep', 'lemma': 'ש'}, {'id': 6, 'text': 'ים', 'upos': 'NOUN', 'xpos': 'NOUN', 'feats': 'Xtra=Junk', 'head': 9, 'deprel': 'nsubj', 'lemma': 'ים'}]"
"(7, 9)",גבוה אחוז המועסקות,,,,,"(14, 32)",,,"[{'id': 7, 'text': 'גב', 'upos': 'NOUN', 'xpos': 'NOUN', 'feats': 'Gender=Masc|Number=Sing', 'head': 6, 'deprel': 'compound:smixut', 'lemma': 'גב'}, {'id': 8, 'text': 'והדאחוז', 'upos': 'NOUN', 'xpos': 'NOUN', 'feats': 'Gender=Masc|Number=Sing', 'head': 6, 'deprel': 'dep', 'lemma': 'והדאחוז'}, {'id': 9, 'text': 'מועסקקות', 'upos': 'VERB', 'xpos': 'VERB', 'feats': 'Gender=Fem|HebBinyan=HUFAL|Number=Plur|Person=1,2,3|VerbForm=Part|Voice=Pass', 'head': 0, 'deprel': 'root', 'lemma': 'הועסק'}]"
10,-,PUNCT,PUNCT,11.0,punct,"(33, 34)",-,,
11,69,NUM,NUM,9.0,appos,"(35, 37)",69,HebSource=ConvUncertainHead,
"(12, 12)",%,,,,,"(37, 38)",,,"[{'id': 12, 'text': 'ל', 'upos': 'ADV', 'xpos': 'ADV', 'feats': 'HebSource=ConvUncertainHead', 'head': 11, 'deprel': 'dep', 'lemma': 'ל'}]"
13,",",PUNCT,PUNCT,11.0,punct,"(38, 39)",",",HebSource=ConvUncertainHead,
"(14, 15)",כאשר מבין,,,,,"(40, 49)",,,"[{'id': 14, 'text': 'כ', 'upos': 'ADP', 'xpos': 'ADP', 'head': 11, 'deprel': 'dep', 'lemma': 'כ'}, {'id': 15, 'text': 'אשרטמבין', 'upos': 'X', 'xpos': 'X', 'feats': 'Xtra=Junk', 'head': 17, 'deprel': 'dep', 'lemma': '_'}]"
"(16, 17)",הנשים,,,,,"(50, 55)",,,"[{'id': 16, 'text': 'ה', 'upos': 'X', 'xpos': 'X', 'feats': 'Xtra=Junk', 'head': 17, 'deprel': 'det:def', 'lemma': 'ה'}, {'id': 17, 'text': 'נשים', 'upos': 'NOUN', 'xpos': 'NOUN', 'feats': 'Gender=Fem|Number=Plur', 'head': 11, 'deprel': 'dep', 'lemma': 'איש'}]"
18,67,NUM,NUM,17.0,dep,"(56, 58)",67,HebSource=ConvUncertainHead,
"(19, 19)",%,,,,,"(58, 59)",,,"[{'id': 19, 'text': 'ל', 'upos': 'ADP', 'xpos': 'ADP', 'head': 18, 'deprel': 'nummod', 'lemma': 'ל'}]"
20,עובדות,NOUN,NOUN,17.0,dep,"(60, 66)",עובדה,Gender=Fem|HebSource=ConvUncertainHead|Number=Plur,
21,כשכיר,ADP,ADP,20.0,case,"(67, 72)",כשכיר,,
22,ות,X,X,23.0,cc,"(72, 74)",ות,Xtra=Junk,
23,ו,CCONJ,CCONJ,20.0,nmod,"(75, 76)",ו,,
24,-,PUNCT,PUNCT,17.0,punct,"(76, 77)",-,HebSource=ConvUncertainHead,
"(25, 26)",2%,,,,,"(78, 80)",,,"[{'id': 25, 'text': 'מ', 'upos': 'PROPN', 'xpos': 'PROPN', 'head': 28, 'deprel': 'dep', 'lemma': 'מ'}, {'id': 26, 'text': 'ף', 'upos': 'PROPN', 'xpos': 'PROPN', 'feats': 'HebSource=ConvUncertainHead', 'head': 28, 'deprel': 'dep', 'lemma': 'ף'}]"
"(27, 28)",כעצ,,,,,"(81, 84)",,,"[{'id': 27, 'text': 'כ', 'upos': 'ADP', 'xpos': 'ADP', 'head': 28, 'deprel': 'dep', 'lemma': 'כ'}, {'id': 28, 'text': 'עצ', 'upos': 'VERB', 'xpos': 'VERB', 'feats': 'HebSource=ConvUncertainHead', 'head': 30, 'deprel': 'dep', 'lemma': 'עצ'}]"
"(29, 30)",מא,,,,,"(84, 86)",,,"[{'id': 29, 'text': 'מ', 'upos': 'ADP', 'xpos': 'ADP', 'head': 28, 'deprel': 'dep', 'lemma': 'מ'}, {'id': 30, 'text': 'א', 'upos': 'X', 'xpos': 'X', 'feats': 'Xtra=Junk', 'head': 31, 'deprel': 'dep', 'lemma': 'א'}]"
"(31, 33)",יות,,,,,"(86, 89)",,,"[{'id': 31, 'text': 'יות_', 'upos': 'PUNCT', 'xpos': 'PUNCT', 'feats': 'HebSource=ConvUncertainHead', 'head': 20, 'deprel': 'dep', 'lemma': 'יות'}, {'id': 32, 'text': '_של_', 'upos': 'PUNCT', 'xpos': 'PUNCT', 'head': 30, 'deprel': 'dep', 'lemma': 'של'}, {'id': 33, 'text': '_היא', 'upos': 'X', 'xpos': 'X', 'feats': 'HebSource=ConvUncertainHead', 'head': 30, 'deprel': 'dep', 'lemma': 'הוא'}]"
1,46,NUM,NUM,2.0,nummod,"(1, 3)",46,,
2,%,NOUN,NOUN,8.0,nsubj,"(3, 4)",%,"Gender=Masc|Number=Plur,Sing",
"(3, 5)",מהגברים,,,,,"(5, 12)",,,"[{'id': 3, 'text': 'מ', 'upos': 'ADP', 'xpos': 'ADP', 'head': 5, 'deprel': 'case', 'lemma': 'מ'}, {'id': 4, 'text': 'ה', 'upos': 'DET', 'xpos': 'DET', 'feats': 'PronType=Art', 'head': 5, 'deprel': 'det:def', 'lemma': 'ה'}, {'id': 5, 'text': 'גברים', 'upos': 'NOUN', 'xpos': 'NOUN', 'feats': 'Gender=Masc|Number=Plur', 'head': 2, 'deprel': 'nmod', 'lemma': 'גבר'}]"
"(6, 7)",העובדים,,,,,"(13, 20)",,,"[{'id': 6, 'text': 'ה', 'upos': 'DET', 'xpos': 'DET', 'feats': 'PronType=Art', 'head': 7, 'deprel': 'det:def', 'lemma': 'ה'}, {'id': 7, 'text': 'עובדים', 'upos': 'VERB', 'xpos': 'VERB', 'feats': 'Gender=Masc|HebBinyan=PAAL|Number=Plur|Person=1,2,3|VerbForm=Part|Voice=Act', 'head': 5, 'deprel': 'acl:relcl', 'lemma': 'עבד'}]"
8,מועסקים,VERB,VERB,0.0,root,"(21, 28)",הועסק,"Gender=Masc|HebBinyan=HUFAL|Number=Plur|Person=1,2,3|VerbForm=Part|Voice=Pass",
"(9, 11)",במגדל,,,,,"(29, 34)",,,"[{'id': 9, 'text': 'ב', 'upos': 'ADP', 'xpos': 'ADP', 'head': 11, 'deprel': 'case', 'lemma': 'ב'}, {'id': 10, 'text': 'ה_', 'upos': 'DET', 'xpos': 'DET', 'feats': 'PronType=Art', 'head': 11, 'deprel': 'det:def', 'lemma': 'ה'}, {'id': 11, 'text': 'מגדל', 'upos': 'NOUN', 'xpos': 'NOUN', 'feats': 'Definite=Cons|Gender=Masc|Number=Sing', 'head': 8, 'deprel': 'obl', 'lemma': 'מגדל'}]"
"(12, 13)",העמק,,,,,"(35, 39)",,,"[{'id': 12, 'text': 'ה', 'upos': 'DET', 'xpos': 'DET', 'feats': 'PronType=Art', 'head': 13, 'deprel': 'det:def', 'lemma': 'ה'}, {'id': 13, 'text': 'עמק', 'upos': 'NOUN', 'xpos': 'NOUN', 'feats': 'Gender=Masc|Number=Sing', 'head': 11, 'deprel': 'compound:smixut', 'lemma': 'עמק'}]"
14,ו,CCONJ,CCONJ,23.0,cc,"(40, 41)",ו,,
15,-,PUNCT,PUNCT,17.0,punct,"(41, 42)",-,,
16,71,NUM,NUM,17.0,nummod,"(42, 44)",71,,
17,%,NOUN,NOUN,23.0,nsubj,"(44, 45)",%,"Gender=Masc|Number=Plur,Sing",
"(18, 20)",מהנשים,,,,,"(46, 52)",,,"[{'id': 18, 'text': 'מ', 'upos': 'ADP', 'xpos': 'ADP', 'head': 20, 'deprel': 'case', 'lemma': 'מ'}, {'id': 19, 'text': 'ה', 'upos': 'DET', 'xpos': 'DET', 'feats': 'PronType=Art', 'head': 20, 'deprel': 'det:def', 'lemma': 'ה'}, {'id': 20, 'text': 'נשים', 'upos': 'NOUN', 'xpos': 'NOUN', 'feats': 'Gender=Fem|Number=Plur', 'head': 17, 'deprel': 'nmod', 'lemma': 'איש'}]"
"(21, 22)",העובדות,,,,,"(53, 60)",,,"[{'id': 21, 'text': 'ה', 'upos': 'DET', 'xpos': 'DET', 'feats': 'PronType=Art', 'head': 22, 'deprel': 'det:def', 'lemma': 'ה'}, {'id': 22, 'text': 'עובדות', 'upos': 'ADJ', 'xpos': 'ADJ', 'feats': 'Gender=Fem|Number=Plur', 'head': 20, 'deprel': 'amod', 'lemma': 'עובדה'}]"
23,מועסקות,VERB,VERB,8.0,conj,"(61, 68)",הועסק,"Gender=Fem|HebBinyan=HUFAL|Number=Plur|Person=1,2,3|VerbForm=Part|Voice=Pass",
"(24, 26)",במגדל,,,,,"(69, 74)",,,"[{'id': 24, 'text': 'ב', 'upos': 'ADP', 'xpos': 'ADP', 'head': 26, 'deprel': 'case', 'lemma': 'ב'}, {'id': 25, 'text': 'ה_', 'upos': 'DET', 'xpos': 'DET', 'feats': 'PronType=Art', 'head': 26, 'deprel': 'det:def', 'lemma': 'ה'}, {'id': 26, 'text': 'מגדל', 'upos': 'NOUN', 'xpos': 'NOUN', 'feats': 'Definite=Cons|Gender=Masc|Number=Sing', 'head': 23, 'deprel': 'obl', 'lemma': 'מגדל'}]"
"(27, 28)",העמק,,,,,"(75, 79)",,,"[{'id': 27, 'text': 'ה', 'upos': 'DET', 'xpos': 'DET', 'feats': 'PronType=Art', 'head': 28, 'deprel': 'det:def', 'lemma': 'ה'}, {'id': 28, 'text': 'עמק', 'upos': 'NOUN', 'xpos': 'NOUN', 'feats': 'Gender=Masc|Number=Sing', 'head': 26, 'deprel': 'compound:smixut', 'lemma': 'עמק'}]"
"(1, 2)",בהשוואה,,,,,"(1, 8)",,,"[{'id': 1, 'text': 'ב', 'upos': 'ADP', 'xpos': 'ADP', 'head': 4, 'deprel': 'case', 'lemma': 'ב'}, {'id': 2, 'text': 'השוואה', 'upos': 'NOUN', 'xpos': 'NOUN', 'feats': 'Gender=Fem|Number=Sing', 'head': 1, 'deprel': 'fixed', 'lemma': 'השוואה'}]"
"(3, 4)",לסקרי,,,,,"(9, 14)",,,"[{'id': 3, 'text': 'ל', 'upos': 'ADP', 'xpos': 'ADP', 'head': 1, 'deprel': 'fixed', 'lemma': 'ל'}, {'id': 4, 'text': 'סקרי', 'upos': 'NOUN', 'xpos': 'NOUN', 'feats': 'Definite=Cons|Gender=Masc|Number=Plur', 'head': 19, 'deprel': 'obl', 'lemma': 'סקר'}]"
5,ישוב,NOUN,NOUN,4.0,compound:smixut,"(15, 19)",יישוב,Gender=Masc|Number=Sing,
6,אחרים,ADJ,ADJ,4.0,amod,"(20, 25)",אחר,Gender=Masc|Number=Plur,
7,שנערכו,VERB,VERB,4.0,acl:relcl,"(26, 32)",שנערך,"Gender=Fem,Masc|HebBinyan=NIFAL|Number=Plur|Person=3|Tense=Past|Voice=Mid",
"(8, 10)",בשנים,,,,,"(33, 38)",,,"[{'id': 8, 'text': 'ב', 'upos': 'ADP', 'xpos': 'ADP', 'head': 10, 'deprel': 'case', 'lemma': 'ב'}, {'id': 9, 'text': 'ה_', 'upos': 'DET', 'xpos': 'DET', 'feats': 'PronType=Art', 'head': 10, 'deprel': 'det:def', 'lemma': 'ה'}, {'id': 10, 'text': 'שנים', 'upos': 'NOUN', 'xpos': 'NOUN', 'feats': 'Gender=Fem|Number=Plur', 'head': 7, 'deprel': 'obl', 'lemma': 'שנה'}]"
"(11, 12)",האחרונות,,,,,"(39, 47)",,,"[{'id': 11, 'text': 'ה', 'upos': 'DET', 'xpos': 'DET', 'feats': 'PronType=Art', 'head': 12, 'deprel': 'det:def', 'lemma': 'ה'}, {'id': 12, 'text': 'אחרונות', 'upos': 'ADJ', 'xpos': 'ADJ', 'feats': 'Gender=Fem|Number=Plur', 'head': 10, 'deprel': 'amod', 'lemma': 'אחרון'}]"
13,",",PUNCT,PUNCT,19.0,punct,"(47, 48)",",",,
14,אחוז,NOUN,NOUN,19.0,nsubj,"(49, 53)",אחוז,Definite=Cons|Gender=Masc|Number=Sing,
"(15, 16)",הגברים,,,,,"(54, 60)",,,"[{'id': 15, 'text': 'ה', 'upos': 'DET', 'xpos': 'DET', 'feats': 'PronType=Art', 'head': 16, 'deprel': 'det:def', 'lemma': 'ה'}, {'id': 16, 'text': 'גברים', 'upos': 'NOUN', 'xpos': 'NOUN', 'feats': 'Gender=Masc|Number=Plur', 'head': 14, 'deprel': 'compound:smixut', 'lemma': 'גבר'}]"
"(17, 18)",המועסקים,,,,,"(61, 69)",,,"[{'id': 17, 'text': 'ה', 'upos': 'SCONJ', 'xpos': 'SCONJ', 'head': 18, 'deprel': 'mark', 'lemma': 'ה'}, {'id': 18, 'text': 'מועסקים', 'upos': 'VERB', 'xpos': 'VERB', 'feats': 'Gender=Masc|HebBinyan=HUFAL|Number=Plur|Person=1,2,3|VerbForm=Part|Voice=Pass', 'head': 16, 'deprel': 'acl:relcl', 'lemma': 'הועסק'}]"
19,גבוה,ADJ,ADJ,0.0,root,"(70, 74)",גבוה,Gender=Masc|Number=Sing,
"(20, 21)",ודומה,,,,,"(75, 80)",,,"[{'id': 20, 'text': 'ו', 'upos': 'CCONJ', 'xpos': 'CCONJ', 'head': 21, 'deprel': 'cc', 'lemma': 'ו'}, {'id': 21, 'text': 'דומה', 'upos': 'VERB', 'xpos': 'VERB', 'feats': 'Gender=Masc|HebBinyan=PAAL|Number=Sing|Person=1,2,3|VerbForm=Part|Voice=Act', 'head': 19, 'deprel': 'conj', 'lemma': 'דמה'}]"
"(22, 23)",לאחוז,,,,,"(81, 86)",,,"[{'id': 22, 'text': 'ל', 'upos': 'ADP', 'xpos': 'ADP', 'head': 23, 'deprel': 'case', 'lemma': 'ל'}, {'id': 23, 'text': 'אחוז', 'upos': 'NOUN', 'xpos': 'NOUN', 'feats': 'Gender=Masc|HebSource=ConvUncertainHead|Number=Sing', 'head': 21, 'deprel': 'obl', 'lemma': 'אחוז'}]"
"(24, 25)",המועסקים,,,,,"(87, 95)",,,"[{'id': 24, 'text': 'ה', 'upos': 'DET', 'xpos': 'DET', 'feats': 'PronType=Art', 'head': 25, 'deprel': 'det:def', 'lemma': 'ה'}, {'id': 25, 'text': 'מועסקים', 'upos': 'VERB', 'xpos': 'VERB', 'feats': 'Gender=Masc|HebBinyan=HUFAL|Number=Plur|Person=1,2,3|VerbForm=Part|Voice=Pass', 'head': 23, 'deprel': 'compound:smixut', 'lemma': 'הועסק'}]"
"(26, 27)",בשלומי,,,,,"(96, 102)",,,"[{'id': 26, 'text': 'ב', 'upos': 'ADP', 'xpos': 'ADP', 'head': 27, 'deprel': 'case', 'lemma': 'ב'}, {'id': 27, 'text': 'שלומי', 'upos': 'PROPN', 'xpos': 'PROPN', 'head': 25, 'deprel': 'obl', 'lemma': 'שלומי'}]"
28,",",PUNCT,PUNCT,27.0,punct,"(103, 104)",",",,
"(29, 29)",אשקלון,,,,,"(105, 111)",,,"[{'id': 29, 'text': 'אשקלון', 'upos': 'PROPN', 'xpos': 'PROPN', 'head': 27, 'deprel': 'conj', 'lemma': 'אשקלון'}]"
30,",",PUNCT,PUNCT,27.0,punct,"(111, 112)",",",,
31,שכונת,NOUN,NOUN,27.0,conj,"(113, 118)",שכונה,Definite=Cons|Gender=Fem|Number=Sing,
32,שחמון,NOUN,NOUN,31.0,compound:smixut,"(119, 124)",שחמון,Gender=Masc|Number=Sing,
33,באילת,PROPN,PROPN,32.0,nmod,"(125, 130)",באילת,,
"(34, 36)",ובשכונות,,,,,"(131, 139)",,,"[{'id': 34, 'text': 'ו', 'upos': 'CCONJ', 'xpos': 'CCONJ', 'head': 36, 'deprel': 'cc', 'lemma': 'ו'}, {'id': 35, 'text': 'ב', 'upos': 'ADP', 'xpos': 'ADP', 'head': 36, 'deprel': 'case', 'lemma': 'ב'}, {'id': 36, 'text': 'שכונות', 'upos': 'NOUN', 'xpos': 'NOUN', 'feats': 'Definite=Cons|Gender=Fem|Number=Plur', 'head': 27, 'deprel': 'conj', 'lemma': 'שכונה'}]"
37,רמות,NOUN,NOUN,36.0,compound:smixut,"(140, 144)",רמה,Gender=Fem|Number=Plur,
"(38, 39)",ונווה,,,,,"(145, 150)",,,"[{'id': 38, 'text': 'ו', 'upos': 'CCONJ', 'xpos': 'CCONJ', 'head': 39, 'deprel': 'cc', 'lemma': 'ו'}, {'id': 39, 'text': 'נווה', 'upos': 'NOUN', 'xpos': 'NOUN', 'feats': 'Definite=Cons|Gender=Masc|Number=Sing', 'head': 36, 'deprel': 'conj', 'lemma': 'נווה'}]"
40,זאב,NOUN,NOUN,39.0,flat:name,"(151, 154)",זאב,,
"(41, 42)",בבאר,,,,,"(155, 159)",,,"[{'id': 41, 'text': 'ב', 'upos': 'ADP', 'xpos': 'ADP', 'head': 42, 'deprel': 'case', 'lemma': 'ב'}, {'id': 42, 'text': 'באר', 'upos': 'NOUN', 'xpos': 'NOUN', 'feats': 'Definite=Cons|Gender=Fem|Number=Sing', 'head': 39, 'deprel': 'nmod', 'lemma': 'באר'}]"
43,שבע,NUM,NUM,42.0,flat:name,"(160, 163)",שבע,Gender=Fem|Number=Sing,
44,",",PUNCT,PUNCT,19.0,punct,"(163, 164)",",",,
45,נמוך,ADJ,ADJ,19.0,parataxis,"(165, 169)",נמוך,Gender=Masc|Number=Sing,
46,מהר,ADV,ADV,47.0,case,"(170, 173)",מהר,,
"(47, 49)",חומה,,,,,"(174, 178)",,,"[{'id': 47, 'text': 'חום_', 'upos': 'NOUN', 'xpos': 'NOUN', 'feats': 'Definite=Def|Gender=Masc|Number=Sing', 'head': 45, 'deprel': 'dep', 'lemma': 'חום'}, {'id': 48, 'text': '_של_', 'upos': 'ADP', 'xpos': 'ADP', 'head': 49, 'deprel': 'case:gen', 'lemma': 'של'}, {'id': 49, 'text': '_היא', 'upos': 'PRON', 'xpos': 'PRON', 'feats': 'Case=Gen|Gender=Fem|Number=Sing|Person=3|PronType=Prs', 'head': 47, 'deprel': 'nmod:poss', 'lemma': 'הוא'}]"
"(50, 51)",בירושלים,,,,,"(179, 187)",,,"[{'id': 50, 'text': 'ב', 'upos': 'ADP', 'xpos': 'ADP', 'head': 51, 'deprel': 'case', 'lemma': 'ב'}, {'id': 51, 'text': 'ירושלים', 'upos': 'PROPN', 'xpos': 'PROPN', 'head': 45, 'deprel': 'obl', 'lemma': 'ירושלים'}]"
"(52, 53)",וגבוה,,,,,"(188, 193)",,,"[{'id': 52, 'text': 'ו', 'upos': 'CCONJ', 'xpos': 'CCONJ', 'head': 53, 'deprel': 'cc', 'lemma': 'ו'}, {'id': 53, 'text': 'גבוה', 'upos': 'ADJ', 'xpos': 'ADJ', 'feats': 'Gender=Masc|Number=Sing', 'head': 45, 'deprel': 'conj', 'lemma': 'גבוה'}]"
54,משמעותית,ADV,ADV,53.0,advmod,"(194, 202)",משמעותי,,
"(55, 56)",מאלעד,,,,,"(203, 208)",,,"[{'id': 55, 'text': 'מ', 'upos': 'ADP', 'xpos': 'ADP', 'head': 56, 'deprel': 'case', 'lemma': 'מ'}, {'id': 56, 'text': 'אלעד', 'upos': 'PROPN', 'xpos': 'PROPN', 'head': 53, 'deprel': 'obl', 'lemma': 'אלעד'}]"
"(57, 58)",ומשכונות,,,,,"(209, 217)",,,"[{'id': 57, 'text': 'ו', 'upos': 'CCONJ', 'xpos': 'CCONJ', 'head': 58, 'deprel': 'cc', 'lemma': 'ו'}, {'id': 58, 'text': 'משכונות', 'upos': 'NOUN', 'xpos': 'NOUN', 'feats': 'Definite=Cons|Gender=Fem|Number=Plur', 'head': 56, 'deprel': 'conj', 'lemma': 'משכון'}]"
59,ג,PROPN,PROPN,58.0,compound:smixut,"(218, 219)",ג,,
60,',PUNCT,PUNCT,59.0,flat:name,"(219, 220)",',,
61,ו,CCONJ,CCONJ,59.0,flat:name,"(221, 222)",ו,,
62,-,PUNCT,PUNCT,59.0,flat:name,"(222, 223)",-,,
63,ד,PROPN,PROPN,59.0,flat:name,"(224, 225)",ד,,
64,',PUNCT,PUNCT,59.0,flat:name,"(225, 226)",',,
"(65, 66)",בבאר,,,,,"(227, 231)",,,"[{'id': 65, 'text': 'ב', 'upos': 'ADP', 'xpos': 'ADP', 'head': 66, 'deprel': 'case', 'lemma': 'ב'}, {'id': 66, 'text': 'באר', 'upos': 'NOUN', 'xpos': 'NOUN', 'feats': 'Definite=Cons|Gender=Fem|Number=Sing', 'head': 58, 'deprel': 'nmod', 'lemma': 'באר'}]"
67,שבע,NUM,NUM,66.0,flat:name,"(232, 235)",שבע,Gender=Fem|Number=Sing,
"(1, 2)",המרואיינים,,,,,"(1, 11)",,,"[{'id': 1, 'text': 'ה', 'upos': 'DET', 'xpos': 'DET', 'feats': 'PronType=Art', 'head': 2, 'deprel': 'det:def', 'lemma': 'ה'}, {'id': 2, 'text': 'מרואיינים', 'upos': 'NOUN', 'xpos': 'NOUN', 'feats': 'Gender=Masc|Number=Plur', 'head': 3, 'deprel': 'nsubj', 'lemma': 'מרואיין'}]"
"(3, 4)",נשאלו האם,,,,,"(12, 21)",,,"[{'id': 3, 'text': 'נשאלוץ', 'upos': 'VERB', 'xpos': 'VERB', 'feats': 'Gender=Masc|HebBinyan=NIFAL|Number=Plur|Person=1,2,3|VerbForm=Part|Voice=Mid', 'head': 0, 'deprel': 'root', 'lemma': 'נשאל'}, {'id': 4, 'text': 'האאם', 'upos': 'SCONJ', 'xpos': 'SCONJ', 'head': 8, 'deprel': 'mark', 'lemma': 'האאם'}]"
"(5, 7)",הכנסתם,,,,,"(22, 28)",,,"[{'id': 5, 'text': 'הכנסה_', 'upos': 'NOUN', 'xpos': 'NOUN', 'feats': 'Definite=Def|Gender=Fem|Number=Sing', 'head': 8, 'deprel': 'nsubj', 'lemma': 'הכנסה'}, {'id': 6, 'text': '_של_', 'upos': 'ADP', 'xpos': 'ADP', 'head': 7, 'deprel': 'case:gen', 'lemma': 'של'}, {'id': 7, 'text': '_הם', 'upos': 'PRON', 'xpos': 'PRON', 'feats': 'Case=Gen|Gender=Masc|Number=Plur|Person=3|PronType=Prs', 'head': 5, 'deprel': 'nmod:poss', 'lemma': 'הוא'}]"
8,גבוהה או,ADJ,ADJ,3.0,advcl,"(29, 37)",גבוה,,
"(9, 10)",נמוכה,,,,,"(38, 43)",,,"[{'id': 9, 'text': 'נמוך_', 'upos': 'ADJ', 'xpos': 'ADJ', 'feats': 'Definite=Def|Gender=Masc|Number=Sing', 'head': 8, 'deprel': 'conj', 'lemma': 'נמוך'}, {'id': 10, 'text': '_היא', 'upos': 'PRON', 'xpos': 'PRON', 'feats': 'Case=Gen|Gender=Fem|Number=Sing|Person=3|PronType=Prs', 'head': 9, 'deprel': 'nmod:poss', 'lemma': 'הוא'}]"
"(11, 12)",מהה,,,,,"(44, 47)",,,"[{'id': 11, 'text': 'מן_', 'upos': 'ADP', 'xpos': 'ADP', 'head': 12, 'deprel': 'case', 'lemma': 'מן'}, {'id': 12, 'text': '_היא', 'upos': 'PRON', 'xpos': 'PRON', 'feats': 'Gender=Fem|Number=Sing|Person=3|PronType=Prs', 'head': 8, 'deprel': 'obl', 'lemma': 'הוא'}]"
"(13, 14)",כנסה,,,,,"(47, 51)",,,"[{'id': 13, 'text': 'כ', 'upos': 'X', 'xpos': 'X', 'feats': 'Xtra=Junk', 'head': 14, 'deprel': 'dep', 'lemma': 'כ'}, {'id': 14, 'text': 'נסה', 'upos': 'NOUN', 'xpos': 'NOUN', 'feats': 'Gender=Fem|HebSource=ConvUncertainHead|Number=Sing', 'head': 8, 'deprel': 'dep', 'lemma': 'נסה'}]"
"(15, 16)",החודשית,,,,,"(52, 59)",,,"[{'id': 15, 'text': 'ה', 'upos': 'DET', 'xpos': 'DET', 'feats': 'PronType=Art', 'head': 16, 'deprel': 'det:def', 'lemma': 'ה'}, {'id': 16, 'text': 'חודשית', 'upos': 'ADJ', 'xpos': 'ADJ', 'feats': 'Gender=Fem|Number=Sing', 'head': 14, 'deprel': 'amod', 'lemma': 'חודשי'}]"
"(17, 18)",הממוצעת,,,,,"(60, 67)",,,"[{'id': 17, 'text': 'ה', 'upos': 'DET', 'xpos': 'DET', 'feats': 'PronType=Art', 'head': 18, 'deprel': 'det:def', 'lemma': 'ה'}, {'id': 18, 'text': 'ממוצעת', 'upos': 'ADJ', 'xpos': 'ADJ', 'feats': 'Gender=Fem|Number=Sing', 'head': 14, 'deprel': 'amod', 'lemma': 'ממוצע'}]"
"(19, 21)",נטו,,,,,"(68, 71)",,,"[{'id': 19, 'text': 'נט_', 'upos': 'NOUN', 'xpos': 'NOUN', 'feats': 'Definite=Def|Gender=Masc|Number=Sing', 'head': 14, 'deprel': 'dep', 'lemma': 'נט'}, {'id': 20, 'text': '_של_', 'upos': 'ADP', 'xpos': 'ADP', 'head': 21, 'deprel': 'case:gen', 'lemma': 'של'}, {'id': 21, 'text': '_הוא', 'upos': 'PRON', 'xpos': 'PRON', 'feats': 'Case=Gen|Gender=Masc|Number=Sing|Person=3|PronType=Prs', 'head': 19, 'deprel': 'nmod:poss', 'lemma': 'הוא'}]"
"(22, 23)",למשפחה,,,,,"(72, 78)",,,"[{'id': 22, 'text': 'ל', 'upos': 'ADP', 'xpos': 'ADP', 'head': 23, 'deprel': 'case', 'lemma': 'ל'}, {'id': 23, 'text': 'משפחה', 'upos': 'NOUN', 'xpos': 'NOUN', 'feats': 'Gender=Fem|Number=Sing', 'head': 14, 'deprel': 'nmod', 'lemma': 'משפחה'}]"
24,(,PUNCT,PUNCT,26.0,punct,"(79, 80)",(,,
25,"8,",NUM,NUM,26.0,nummod,"(80, 82)","8,",,
26,"100 ש""ח",NOUN,NOUN,13.0,appos,"(82, 89)","100 ש""ח",Abbr=Yes|Gender=Masc|Number=Sing,
27,",",PUNCT,PUNCT,26.0,punct,"(89, 90)",",",,
"(28, 29)",לפי,,,,,"(91, 94)",,,"[{'id': 28, 'text': 'ל', 'upos': 'ADP', 'xpos': 'ADP', 'head': 30, 'deprel': 'case', 'lemma': 'ל'}, {'id': 29, 'text': 'פי', 'upos': 'NOUN', 'xpos': 'NOUN', 'feats': 'Definite=Cons|Gender=Masc|Number=Sing', 'head': 28, 'deprel': 'fixed', 'lemma': 'פה'}]"
"(30, 32)",נתוני הלשכה,,,,,"(95, 106)",,,"[{'id': 30, 'text': 'נתון_', 'upos': 'NOUN', 'xpos': 'NOUN', 'feats': 'Definite=Def|Gender=Fem|Number=Sing', 'head': 26, 'deprel': 'nmod', 'lemma': 'נתון'}, {'id': 31, 'text': '_של_', 'upos': 'ADP', 'xpos': 'ADP', 'head': 32, 'deprel': 'case:gen', 'lemma': 'של'}, {'id': 32, 'text': '_אנה', 'upos': 'PRON', 'xpos': 'PRON', 'feats': 'Case=Gen|Gender=Fem|Number=Sing|Person=3|PronType=Prs', 'head': 30, 'deprel': 'nmod:poss', 'lemma': 'הוא'}]"
"(33, 34)",המרכזית,,,,,"(107, 114)",,,"[{'id': 33, 'text': 'ה', 'upos': 'DET', 'xpos': 'DET', 'feats': 'PronType=Art', 'head': 34, 'deprel': 'det:def', 'lemma': 'ה'}, {'id': 34, 'text': 'מרכזית', 'upos': 'ADJ', 'xpos': 'ADJ', 'feats': 'Gender=Fem|Number=Sing', 'head': 30, 'deprel': 'amod', 'lemma': 'מרכזי'}]"
"(35, 36)",לסט,,,,,"(115, 118)",,,"[{'id': 35, 'text': 'ל', 'upos': 'ADP', 'xpos': 'ADP', 'head': 36, 'deprel': 'case', 'lemma': 'ל'}, {'id': 36, 'text': 'סט', 'upos': 'NOUN', 'xpos': 'NOUN', 'feats': 'Definite=Cons|Gender=Masc|Number=Sing', 'head': 30, 'deprel': 'nmod', 'lemma': 'סט'}]"
"(37, 39)",טיסטיקה,,,,,"(118, 125)",,,"[{'id': 37, 'text': 'טיסטיק_', 'upos': 'NOUN', 'xpos': 'NOUN', 'feats': 'Definite=Def|Gender=Masc|Number=Sing', 'head': 36, 'deprel': 'compound:smixut', 'lemma': 'טיסטיק'}, {'id': 38, 'text': '_של_', 'upos': 'ADP', 'xpos': 'ADP', 'head': 39, 'deprel': 'case:gen', 'lemma': 'של'}, {'id': 39, 'text': '_היא', 'upos': 'PRON', 'xpos': 'PRON', 'feats': 'Case=Gen|Gender=Fem|Number=Sing|Person=3|PronType=Prs', 'head': 37, 'deprel': 'nmod:poss', 'lemma': 'הוא'}]"
"(40, 42)",לשנת 2000,,,,,"(126, 135)",,,"[{'id': 40, 'text': 'ל', 'upos': 'ADP', 'xpos': 'ADP', 'head': 41, 'deprel': 'case', 'lemma': 'ל'}, {'id': 41, 'text': 'שנתפ', 'upos': 'PROPN', 'xpos': 'PROPN', 'head': 36, 'deprel': 'nmod', 'lemma': 'שנתפ'}, {'id': 42, 'text': '2000', 'upos': 'NUM', 'xpos': 'NUM', 'head': 41, 'deprel': 'nummod', 'lemma': '2000'}]"
43,),PUNCT,PUNCT,26.0,punct,"(135, 136)",),,
"(1, 2)",מרבית,,,,,"(1, 6)",,,"[{'id': 1, 'text': 'מ', 'upos': 'ADP', 'xpos': 'ADP', 'head': 2, 'deprel': 'case', 'lemma': 'מ'}, {'id': 2, 'text': 'רבית', 'upos': 'PROPN', 'xpos': 'PROPN', 'head': 4, 'deprel': 'nmod', 'lemma': 'רבית'}]"
"(3, 4)",רוכשי הדירות,,,,,"(7, 19)",,,"[{'id': 3, 'text': 'רוכ', 'upos': 'PROPN', 'xpos': 'PROPN', 'head': 2, 'deprel': 'flat:name', 'lemma': 'רוכ'}, {'id': 4, 'text': 'שיטהדירות', 'upos': 'NOUN', 'xpos': 'NOUN', 'feats': 'Gender=Fem|Number=Plur', 'head': 0, 'deprel': 'root', 'lemma': 'שיטהדירות'}]"
"(5, 6)",במ,,,,,"(20, 22)",,,"[{'id': 5, 'text': 'ב', 'upos': 'ADP', 'xpos': 'ADP', 'head': 4, 'deprel': 'case', 'lemma': 'ב'}, {'id': 6, 'text': 'מ', 'upos': 'NOUN', 'xpos': 'NOUN', 'head': 4, 'deprel': 'case', 'lemma': 'מ'}]"
"(7, 8)",גדל,,,,,"(23, 26)",,,"[{'id': 7, 'text': 'גדל', 'upos': 'NOUN', 'xpos': 'NOUN', 'feats': 'Gender=Masc|Number=Sing', 'head': 4, 'deprel': 'nmod', 'lemma': 'גדל'}, {'id': 8, 'text': '_היא', 'upos': 'PRON', 'xpos': 'PRON', 'feats': 'Gender=Fem|Number=Sing|Person=3|PronType=Prs', 'head': 4, 'deprel': 'nmod', 'lemma': 'הוא'}]"
"(9, 10)",העמק,,,,,"(27, 31)",,,"[{'id': 9, 'text': 'ה', 'upos': 'DET', 'xpos': 'DET', 'feats': 'PronType=Art', 'head': 10, 'deprel': 'det:def', 'lemma': 'ה'}, {'id': 10, 'text': 'עמק', 'upos': 'NOUN', 'xpos': 'NOUN', 'feats': 'Gender=Masc|Number=Sing', 'head': 8, 'deprel': 'dep', 'lemma': 'עמק'}]"
"(11, 12)",הם,,,,,"(32, 34)",,,"[{'id': 11, 'text': 'ה', 'upos': 'DET', 'xpos': 'DET', 'feats': 'PronType=Art', 'head': 10, 'deprel': 'det:def', 'lemma': 'ה'}, {'id': 12, 'text': 'ם', 'upos': 'NOUN', 'xpos': 'NOUN', 'head': 10, 'deprel': 'nmod', 'lemma': 'ם'}]"
"(13, 14)",בעלי הכנסה,,,,,"(35, 45)",,,"[{'id': 13, 'text': 'ב', 'upos': 'ADP', 'xpos': 'ADP', 'head': 14, 'deprel': 'case', 'lemma': 'ב'}, {'id': 14, 'text': 'עליטהכנסה', 'upos': 'NOUN', 'xpos': 'NOUN', 'feats': 'Gender=Fem|Number=Sing', 'head': 4, 'deprel': 'nmod', 'lemma': 'עליטהכנסה'}]"
"(15, 16)",נמוכה,,,,,"(46, 51)",,,"[{'id': 15, 'text': 'נמוך_', 'upos': 'ADJ', 'xpos': 'ADJ', 'head': 14, 'deprel': 'nmod', 'lemma': 'נמוך'}, {'id': 16, 'text': '_היא', 'upos': 'PRON', 'xpos': 'PRON', 'feats': 'Case=Gen|Gender=Fem|Number=Sing|Person=3|PronType=Prs', 'head': 15, 'deprel': 'nmod:poss', 'lemma': 'הוא'}]"
"(17, 19)",מהממו,,,,,"(52, 57)",,,"[{'id': 17, 'text': 'מ', 'upos': 'ADP', 'xpos': 'ADP', 'head': 19, 'deprel': 'case', 'lemma': 'מ'}, {'id': 18, 'text': 'ה', 'upos': 'DET', 'xpos': 'DET', 'feats': 'PronType=Art', 'head': 20, 'deprel': 'det:def', 'lemma': 'ה'}, {'id': 19, 'text': 'ממו', 'upos': 'NOUN', 'xpos': 'NOUN', 'feats': 'Gender=Masc|Number=Sing', 'head': 14, 'deprel': 'nmod', 'lemma': 'ממו'}]"
"(20, 22)",צע,,,,,"(57, 59)",,,"[{'id': 20, 'text': 'צע_', 'upos': 'NOUN', 'xpos': 'NOUN', 'feats': 'Definite=Def|Gender=Masc|Number=Sing', 'head': 14, 'deprel': 'nmod', 'lemma': 'צע'}, {'id': 21, 'text': '_של_', 'upos': 'ADP', 'xpos': 'ADP', 'head': 22, 'deprel': 'case:gen', 'lemma': 'של'}, {'id': 22, 'text': '_היא', 'upos': 'PRON', 'xpos': 'PRON', 'feats': 'Case=Gen|Gender=Fem|Number=Sing|Person=3|PronType=Prs', 'head': 20, 'deprel': 'nmod:poss', 'lemma': 'הוא'}]"
23,–,PUNCT,PUNCT,19.0,punct,"(60, 61)",–,,
24,59,NUM,NUM,25.0,nummod,"(62, 64)",59,,
"(25, 25)",%,,,,,"(64, 65)",,,"[{'id': 25, 'text': 'ל', 'upos': 'NOUN', 'xpos': 'NOUN', 'head': 19, 'deprel': 'dep', 'lemma': 'ל'}]"
26,",",PUNCT,PUNCT,4.0,punct,"(65, 66)",",",,
"(27, 28)",22%,,,,,"(67, 70)",,,"[{'id': 27, 'text': 'מ', 'upos': 'ADP', 'xpos': 'ADP', 'head': 29, 'deprel': 'case', 'lemma': 'מ'}, {'id': 28, 'text': '25', 'upos': 'NUM', 'xpos': 'NUM', 'head': 29, 'deprel': 'nummod', 'lemma': '25'}]"
29,בעלי,NOUN,NOUN,4.0,nmod,"(71, 75)",בעל,Definite=Cons|Gender=Masc|Number=Plur,
"(30, 31)",הכנסה,,,,,"(76, 81)",,,"[{'id': 30, 'text': 'ה', 'upos': 'DET', 'xpos': 'DET', 'feats': 'PronType=Art', 'head': 31, 'deprel': 'det:def', 'lemma': 'ה'}, {'id': 31, 'text': 'כנסה', 'upos': 'NOUN', 'xpos': 'NOUN', 'feats': 'Gender=Fem|Number=Sing', 'head': 29, 'deprel': 'compound:smixut', 'lemma': 'כנסה'}]"
"(32, 33)",ממוצע,,,,,"(82, 87)",,,"[{'id': 32, 'text': 'מ', 'upos': 'ADP', 'xpos': 'ADP', 'head': 33, 'deprel': 'case', 'lemma': 'מ'}, {'id': 33, 'text': 'מוצע', 'upos': 'NOUN', 'xpos': 'NOUN', 'feats': 'Gender=Masc|Number=Sing', 'head': 29, 'deprel': 'nmod', 'lemma': 'הוצע'}]"
"(34, 34)",ת,,,,,"(87, 88)",,,"[{'id': 34, 'text': 'ת', 'upos': 'PROPN', 'xpos': 'PROPN', 'head': 33, 'deprel': 'compound:smixut', 'lemma': 'ת'}]"
"(35, 36)",ו,,,,,"(89, 90)",,,"[{'id': 35, 'text': 'ו', 'upos': 'CCONJ', 'xpos': 'CCONJ', 'head': 29, 'deprel': 'cc', 'lemma': 'ו'}, {'id': 36, 'text': '_הוא', 'upos': 'PRON', 'xpos': 'PRON', 'feats': 'Gender=Masc|Number=Sing|Person=3|PronType=Prs', 'head': 34, 'deprel': 'dep', 'lemma': 'הוא'}]"
37,-,PUNCT,PUNCT,39.0,punct,"(90, 91)",-,,
38,19,NUM,NUM,39.0,nummod,"(92, 94)",19,,
"(39, 39)",%,,,,,"(94, 95)",,,"[{'id': 39, 'text': 'ל', 'upos': 'NOUN', 'xpos': 'NOUN', 'head': 29, 'deprel': 'appos', 'lemma': 'ל'}]"
"(40, 41)",בעלי הכנסה,,,,,"(96, 106)",,,"[{'id': 40, 'text': 'ב', 'upos': 'ADP', 'xpos': 'ADP', 'head': 41, 'deprel': 'case', 'lemma': 'ב'}, {'id': 41, 'text': 'עליטהכנסה', 'upos': 'NOUN', 'xpos': 'NOUN', 'feats': 'Gender=Fem|Number=Sing', 'head': 29, 'deprel': 'compound:smixut', 'lemma': 'עליטהכנסה'}]"
"(42, 43)",גבוהה,,,,,"(107, 112)",,,"[{'id': 42, 'text': 'גבו_', 'upos': 'NOUN', 'xpos': 'NOUN', 'head': 41, 'deprel': 'amod', 'lemma': 'גבו'}, {'id': 43, 'text': '_היא', 'upos': 'PRON', 'xpos': 'PRON', 'feats': 'Case=Gen|Gender=Fem|Number=Sing|Person=3|PronType=Prs', 'head': 41, 'deprel': 'nmod', 'lemma': 'הוא'}]"
"(44, 46)",מהממו,,,,,"(113, 118)",,,"[{'id': 44, 'text': 'מ', 'upos': 'ADP', 'xpos': 'ADP', 'head': 46, 'deprel': 'case', 'lemma': 'מ'}, {'id': 45, 'text': 'ה', 'upos': 'DET', 'xpos': 'DET', 'feats': 'PronType=Art', 'head': 46, 'deprel': 'det:def', 'lemma': 'ה'}, {'id': 46, 'text': 'ממו', 'upos': 'NOUN', 'xpos': 'NOUN', 'head': 41, 'deprel': 'nmod', 'lemma': 'ממו'}]"
"(47, 49)",צע,,,,,"(118, 120)",,,"[{'id': 47, 'text': 'צע_', 'upos': 'NOUN', 'xpos': 'NOUN', 'feats': 'Definite=Def|Gender=Masc|Number=Sing', 'head': 41, 'deprel': 'nmod', 'lemma': 'צע'}, {'id': 48, 'text': '_של_', 'upos': 'ADP', 'xpos': 'ADP', 'head': 49, 'deprel': 'case:gen', 'lemma': 'של'}, {'id': 49, 'text': '_היא', 'upos': 'PRON', 'xpos': 'PRON', 'feats': 'Case=Gen|Gender=Fem|Number=Sing|Person=3|PronType=Prs', 'head': 47, 'deprel': 'nmod:poss', 'lemma': 'הוא'}]"
"(1, 2)",בהשוואה,,,,,"(1, 8)",,,"[{'id': 1, 'text': 'ב', 'upos': 'ADP', 'xpos': 'ADP', 'head': 23, 'deprel': 'dep', 'lemma': 'ב'}, {'id': 2, 'text': 'השוואה', 'upos': 'NOUN', 'xpos': 'NOUN', 'feats': 'Gender=Fem|Number=Sing', 'head': 23, 'deprel': 'obl', 'lemma': 'השוואה'}]"
"(3, 5)",לישובים,,,,,"(9, 16)",,,"[{'id': 3, 'text': 'ל', 'upos': 'ADP', 'xpos': 'ADP', 'head': 23, 'deprel': 'dep', 'lemma': 'ל'}, {'id': 4, 'text': 'ה_', 'upos': 'DET', 'xpos': 'DET', 'feats': 'PronType=Art', 'head': 2, 'deprel': 'det:def', 'lemma': 'ה'}, {'id': 5, 'text': 'ישובים', 'upos': 'NOUN', 'xpos': 'NOUN', 'feats': 'Gender=Masc|Number=Plur', 'head': 11, 'deprel': 'nmod', 'lemma': 'יישוב'}]"
6,אחרים,ADJ,ADJ,11.0,amod,"(17, 22)",אחר,Gender=Masc|Number=Plur,
"(7, 8)",שנסקרו,,,,,"(23, 29)",,,"[{'id': 7, 'text': 'ש', 'upos': 'SCONJ', 'xpos': 'SCONJ', 'head': 8, 'deprel': 'mark', 'lemma': 'ש'}, {'id': 8, 'text': 'נסקרו', 'upos': 'VERB', 'xpos': 'VERB', 'feats': 'Gender=Fem,Masc|HebBinyan=NIFAL|Number=Plur|Person=3|Tense=Past|Voice=Mid', 'head': 11, 'deprel': 'dep', 'lemma': 'נסקר'}]"
9,",",PUNCT,PUNCT,23.0,punct,"(30, 31)",",",,
"(10, 11)",ההכנסה,,,,,"(32, 38)",,,"[{'id': 10, 'text': 'ה', 'upos': 'DET', 'xpos': 'DET', 'feats': 'PronType=Art', 'head': 11, 'deprel': 'det:def', 'lemma': 'ה'}, {'id': 11, 'text': 'הכנסה', 'upos': 'NOUN', 'xpos': 'NOUN', 'feats': 'Gender=Fem|Number=Sing', 'head': 0, 'deprel': 'compound:smixut', 'lemma': 'הכנסה'}]"
"(12, 13)",הממוצעת,,,,,"(39, 46)",,,"[{'id': 12, 'text': 'ה', 'upos': 'DET', 'xpos': 'DET', 'feats': 'PronType=Art', 'head': 11, 'deprel': 'det:def', 'lemma': 'ה'}, {'id': 13, 'text': 'ממוצעת', 'upos': 'ADJ', 'xpos': 'ADJ', 'feats': 'Gender=Masc|Number=Sing', 'head': 11, 'deprel': 'amod', 'lemma': 'ממוצע'}]"
14,דומה,ADJ,ADJ,23.0,dep,"(47, 51)",דומה,Gender=Masc|Number=Sing,
"(15, 16)",לאשקלון,,,,,"(52, 59)",,,"[{'id': 15, 'text': 'ל', 'upos': 'ADP', 'xpos': 'ADP', 'head': 23, 'deprel': 'dep', 'lemma': 'ל'}, {'id': 16, 'text': 'אשקלון', 'upos': 'PROPN', 'xpos': 'PROPN', 'head': 11, 'deprel': 'nmod', 'lemma': 'אשקלון'}]"
"(17, 18)",ושכונת,,,,,"(60, 66)",,,"[{'id': 17, 'text': 'ו', 'upos': 'CCONJ', 'xpos': 'CCONJ', 'head': 23, 'deprel': 'dep', 'lemma': 'ו'}, {'id': 18, 'text': 'שכונת', 'upos': 'NOUN', 'xpos': 'NOUN', 'head': 11, 'deprel': 'nmod', 'lemma': 'שכונה'}]"
19,שחמון,PROPN,PROPN,39.0,flat:name,"(67, 72)",שחמון,,
"(20, 21)",באילת,,,,,"(73, 78)",,,"[{'id': 20, 'text': 'ב', 'upos': 'ADP', 'xpos': 'ADP', 'head': 39, 'deprel': 'case', 'lemma': 'ב'}, {'id': 21, 'text': 'אילת', 'upos': 'NOUN', 'xpos': 'NOUN', 'head': 26, 'deprel': 'dep', 'lemma': 'אילת'}]"
22,",",PUNCT,PUNCT,23.0,punct,"(79, 80)",",",,
23,נמוכה,ADJ,ADJ,55.0,advmod,"(81, 86)",נמוך,,
24,משמעותית,ADV,ADV,23.0,advmod,"(87, 95)",משמעותי,,
"(25, 26)",משכונות,,,,,"(96, 103)",,,"[{'id': 25, 'text': 'מ', 'upos': 'ADP', 'xpos': 'ADP', 'head': 23, 'deprel': 'dep', 'lemma': 'מ'}, {'id': 26, 'text': 'שכונות', 'upos': 'NOUN', 'xpos': 'NOUN', 'head': 23, 'deprel': 'dep', 'lemma': 'שכונה'}]"
27,רמות,PROPN,PROPN,26.0,compound:smixut,"(104, 108)",רמה,,
"(28, 29)",ונווה,,,,,"(109, 114)",,,"[{'id': 28, 'text': 'ו', 'upos': 'CCONJ', 'xpos': 'CCONJ', 'head': 26, 'deprel': 'dep', 'lemma': 'ו'}, {'id': 29, 'text': 'נווה', 'upos': 'NOUN', 'xpos': 'NOUN', 'head': 26, 'deprel': 'conj', 'lemma': 'נווה'}]"
30,זאב,NOUN,NOUN,26.0,conj,"(115, 118)",זאב,,
"(31, 32)",בבאר,,,,,"(119, 123)",,,"[{'id': 31, 'text': 'ב', 'upos': 'ADP', 'xpos': 'ADP', 'head': 26, 'deprel': 'case', 'lemma': 'ב'}, {'id': 32, 'text': 'באר', 'upos': 'NOUN', 'xpos': 'NOUN', 'head': 26, 'deprel': 'dep', 'lemma': 'באר'}]"
33,שבע,NUM,NUM,26.0,dep,"(124, 127)",שבע,,
34,",",PUNCT,PUNCT,23.0,punct,"(128, 129)",",",,
"(35, 36)",משלומי,,,,,"(130, 136)",,,"[{'id': 35, 'text': 'מ', 'upos': 'ADP', 'xpos': 'ADP', 'head': 55, 'deprel': 'advmod', 'lemma': 'מ'}, {'id': 36, 'text': 'שלומי', 'upos': 'NOUN', 'xpos': 'NOUN', 'head': 26, 'deprel': 'conj', 'lemma': '_'}]"
"(37, 38)",ומשכונת,,,,,"(137, 144)",,,"[{'id': 37, 'text': 'ו', 'upos': 'CCONJ', 'xpos': 'CCONJ', 'head': 55, 'deprel': 'dep', 'lemma': 'ו'}, {'id': 38, 'text': 'משכונת', 'upos': 'NOUN', 'xpos': 'NOUN', 'head': 55, 'deprel': 'advmod', 'lemma': 'משכונת'}]"
39,הר,NOUN,NOUN,55.0,dep,"(145, 147)",הר,,
40,חומה,NOUN,NOUN,23.0,dep,"(148, 152)",חומה,Gender=Masc|Number=Sing,
"(41, 42)",בירושלים,,,,,"(153, 161)",,,"[{'id': 41, 'text': 'ב', 'upos': 'ADP', 'xpos': 'ADP', 'head': 42, 'deprel': 'case', 'lemma': 'ב'}, {'id': 42, 'text': 'ירושלים', 'upos': 'PROPN', 'xpos': 'PROPN', 'head': 55, 'deprel': 'nmod', 'lemma': 'ירושלים'}]"
"(43, 44)",וגבוהה,,,,,"(162, 168)",,,"[{'id': 43, 'text': 'ו', 'upos': 'CCONJ', 'xpos': 'CCONJ', 'head': 23, 'deprel': 'cc', 'lemma': 'ו'}, {'id': 44, 'text': 'גבוהה', 'upos': 'ADJ', 'xpos': 'ADJ', 'feats': 'Gender=Masc|Number=Sing', 'head': 23, 'deprel': 'conj', 'lemma': 'גבוה'}]"
"(45, 46)",במקצת,,,,,"(169, 174)",,,"[{'id': 45, 'text': 'ב', 'upos': 'ADP', 'xpos': 'ADP', 'head': 23, 'deprel': 'dep', 'lemma': 'ב'}, {'id': 46, 'text': 'מקצת', 'upos': 'NOUN', 'xpos': 'NOUN', 'feats': 'Gender=Masc|Number=Sing', 'head': 23, 'deprel': 'dep', 'lemma': 'מקצת'}]"
"(47, 49)",מההכנסה,,,,,"(175, 182)",,,"[{'id': 47, 'text': 'מ', 'upos': 'ADP', 'xpos': 'ADP', 'head': 23, 'deprel': 'dep', 'lemma': 'מ'}, {'id': 48, 'text': 'ה', 'upos': 'DET', 'xpos': 'DET', 'feats': 'PronType=Art', 'head': 49, 'deprel': 'det:def', 'lemma': 'ה'}, {'id': 49, 'text': 'הכנסה', 'upos': 'NOUN', 'xpos': 'NOUN', 'feats': 'Gender=Fem|Number=Sing', 'head': 11, 'deprel': 'nmod', 'lemma': 'הכנסה'}]"
"(50, 51)",הממוצעת,,,,,"(183, 190)",,,"[{'id': 50, 'text': 'ה', 'upos': 'DET', 'xpos': 'DET', 'feats': 'PronType=Art', 'head': 51, 'deprel': 'det:def', 'lemma': 'ה'}, {'id': 51, 'text': 'ממוצעת', 'upos': 'ADJ', 'xpos': 'ADJ', 'feats': 'Gender=Masc|Number=Sing', 'head': 49, 'deprel': 'amod', 'lemma': 'ממוצע'}]"
"(52, 53)",באלעד,,,,,"(191, 196)",,,"[{'id': 52, 'text': 'ב', 'upos': 'ADP', 'xpos': 'ADP', 'head': 49, 'deprel': 'case', 'lemma': 'ב'}, {'id': 53, 'text': 'אלעד', 'upos': 'NOUN', 'xpos': 'NOUN', 'head': 26, 'deprel': 'dep', 'lemma': 'אלעד'}]"
"(54, 55)",ושכונות,,,,,"(197, 204)",,,"[{'id': 54, 'text': 'ו', 'upos': 'CCONJ', 'xpos': 'CCONJ', 'head': 55, 'deprel': 'cc', 'lemma': 'ו'}, {'id': 55, 'text': 'שכונות', 'upos': 'NOUN', 'xpos': 'NOUN', 'feats': 'Gender=Masc|Number=Sing', 'head': 11, 'deprel': 'dep', 'lemma': 'שכונה'}]"
56,ג',NOUN,NOUN,55.0,compound:smixut,"(205, 207)",ג',,
57,ו,CCONJ,CCONJ,55.0,dep,"(208, 209)",ו,,
58,-,PUNCT,PUNCT,55.0,punct,"(209, 210)",-,,
59,ד',NOUN,NOUN,55.0,conj,"(211, 213)",ד',,
"(60, 61)",בבאר,,,,,"(214, 218)",,,"[{'id': 60, 'text': 'ב', 'upos': 'ADP', 'xpos': 'ADP', 'head': 23, 'deprel': 'dep', 'lemma': 'ב'}, {'id': 61, 'text': 'באר', 'upos': 'NOUN', 'xpos': 'NOUN', 'head': 55, 'deprel': 'dep', 'lemma': 'באר'}]"
62,שבע,NUM,NUM,39.0,flat:name,"(219, 222)",שבע,,
1,□,PUNCT,PUNCT,2.0,punct,"(1, 2)",□,,
2,בעלות,NOUN,NOUN,104.0,nsubj,"(3, 8)",בעלות,Gender=Fem|Number=Sing,
3,על,ADP,ADP,4.0,case,"(9, 11)",על,,
4,דירה,NOUN,NOUN,2.0,nmod,"(12, 16)",דירה,Gender=Fem|Number=Sing,
5,קודמת,ADJ,ADJ,4.0,amod,"(17, 22)",קודם,Gender=Fem|Number=Sing,
6,להלן,ADV,ADV,2.0,advmod,"(23, 27)",להלן,HebSource=ConvUncertainHead,
7,פילוג,NOUN,NOUN,2.0,dep,"(28, 33)",פילוג,Definite=Cons|Gender=Masc|HebSource=ConvUncertainHead|Number=Sing,
"(8, 9)",הבעלות,,,,,"(34, 40)",,,"[{'id': 8, 'text': 'ה', 'upos': 'DET', 'xpos': 'DET', 'feats': 'PronType=Art', 'head': 9, 'deprel': 'det:def', 'lemma': 'ה'}, {'id': 9, 'text': 'בעלות', 'upos': 'NOUN', 'xpos': 'NOUN', 'feats': 'Gender=Fem|Number=Sing', 'head': 7, 'deprel': 'compound:smixut', 'lemma': 'בעלות'}]"
10,על,ADP,ADP,11.0,case,"(41, 43)",על,,
11,דירה,NOUN,NOUN,9.0,nmod,"(44, 48)",דירה,Gender=Fem|Number=Sing,
12,קודמת,ADJ,ADJ,11.0,amod,"(49, 54)",קודם,Gender=Fem|Number=Sing,
"(13, 14)",לרוכשי,,,,,"(55, 61)",,,"[{'id': 13, 'text': 'ל', 'upos': 'ADP', 'xpos': 'ADP', 'head': 14, 'deprel': 'case', 'lemma': 'ל'}, {'id': 14, 'text': 'רוכשי', 'upos': 'VERB', 'xpos': 'VERB', 'feats': 'Definite=Cons|Gender=Masc|HebBinyan=PAAL|Number=Plur|Person=1,2,3|VerbForm=Part|Voice=Act', 'head': 9, 'deprel': 'nmod', 'lemma': 'רכש'}]"
15,דירות,NOUN,NOUN,14.0,compound:smixut,"(62, 67)",דירה,Gender=Fem|Number=Plur,
"(16, 18)",במגדל,,,,,"(68, 73)",,,"[{'id': 16, 'text': 'ב', 'upos': 'ADP', 'xpos': 'ADP', 'head': 18, 'deprel': 'case', 'lemma': 'ב'}, {'id': 17, 'text': 'ה_', 'upos': 'DET', 'xpos': 'DET', 'feats': 'PronType=Art', 'head': 18, 'deprel': 'det:def', 'lemma': 'ה'}, {'id': 18, 'text': 'מגדל', 'upos': 'NOUN', 'xpos': 'NOUN', 'feats': 'Definite=Cons|Gender=Masc|Number=Sing', 'head': 14, 'deprel': 'nmod', 'lemma': 'מגדל'}]"
"(19, 20)",העמק,,,,,"(74, 78)",,,"[{'id': 19, 'text': 'ה', 'upos': 'DET', 'xpos': 'DET', 'feats': 'PronType=Art', 'head': 20, 'deprel': 'det:def', 'lemma': 'ה'}, {'id': 20, 'text': 'עמק', 'upos': 'NOUN', 'xpos': 'NOUN', 'feats': 'Gender=Masc|Number=Sing', 'head': 18, 'deprel': 'compound:smixut', 'lemma': 'עמק'}]"
21,:,PUNCT,PUNCT,2.0,punct,"(78, 79)",:,HebSource=ConvUncertainHead,
22,-,PUNCT,PUNCT,24.0,punct,"(80, 81)",-,,
23,49,NUM,NUM,24.0,nummod,"(82, 84)",49,,
24,%,NOUN,NOUN,2.0,dep,"(84, 85)",%,"Gender=Masc|Number=Plur,Sing",
25,-,PUNCT,PUNCT,26.0,punct,"(86, 87)",-,,
26,מתגוררים,VERB,VERB,2.0,dep,"(88, 96)",התגורר,"Gender=Masc|HebBinyan=HITPAEL|Number=Plur|Person=1,2,3|VerbForm=Part",
27,/,PUNCT,PUNCT,28.0,punct,"(97, 98)",/,,
28,התגוררו,VERB,VERB,26.0,conj,"(99, 106)",התגורר,"Gender=Fem,Masc|HebBinyan=HITPAEL|Number=Plur|Person=3|Tense=Past",
"(29, 30)",בשכירות,,,,,"(107, 114)",,,"[{'id': 29, 'text': 'ב', 'upos': 'ADP', 'xpos': 'ADP', 'head': 30, 'deprel': 'case', 'lemma': 'ב'}, {'id': 30, 'text': 'שכירות', 'upos': 'NOUN', 'xpos': 'NOUN', 'feats': 'Gender=Fem|Number=Plur', 'head': 26, 'deprel': 'obl', 'lemma': 'שכירות'}]"
31,-,PUNCT,PUNCT,33.0,punct,"(115, 116)",-,,
32,28,NUM,NUM,33.0,nummod,"(117, 119)",28,,
33,%,NOUN,NOUN,26.0,dep,"(119, 120)",%,"Gender=Masc|Number=Plur,Sing",
34,-,PUNCT,PUNCT,26.0,punct,"(121, 122)",-,,
35,היו,AUX,AUX,33.0,dep,"(123, 126)",היה,"Gender=Fem,Masc|Number=Plur|Person=3|Polarity=Pos|Tense=Past|VerbType=Cop",
36,בעלי,NOUN,NOUN,33.0,dep,"(127, 131)",בעל,Definite=Cons|Gender=Masc|HebSource=ConvUncertainHead|Number=Sing,
37,דירות,NOUN,NOUN,36.0,compound:smixut,"(132, 137)",דירה,Gender=Fem|Number=Plur,
38,קודמות,ADJ,ADJ,37.0,amod,"(138, 144)",קודם,Gender=Fem|Number=Plur,
39,-,PUNCT,PUNCT,41.0,punct,"(145, 146)",-,,
40,12,NUM,NUM,41.0,nummod,"(147, 149)",12,,
41,%,NOUN,NOUN,36.0,nmod,"(149, 150)",%,"Gender=Masc|Number=Plur,Sing",
42,-,PUNCT,PUNCT,26.0,punct,"(151, 152)",-,,
43,מתגוררים,VERB,VERB,26.0,dep,"(153, 161)",התגורר,"Gender=Masc|HebBinyan=HITPAEL|Number=Plur|Person=1,2,3|VerbForm=Part",
44,/,PUNCT,PUNCT,45.0,obj,"(161, 162)",/,,
45,גרו,VERB,VERB,26.0,conj,"(162, 165)",גר,"Gender=Fem,Masc|HebBinyan=PAAL|Number=Plur|Person=3|Tense=Past|Voice=Act",
"(46, 47)",בדירות,,,,,"(166, 172)",,,"[{'id': 46, 'text': 'ב', 'upos': 'ADP', 'xpos': 'ADP', 'head': 47, 'deprel': 'case', 'lemma': 'ב'}, {'id': 47, 'text': 'דירות', 'upos': 'NOUN', 'xpos': 'NOUN', 'feats': 'Definite=Cons|Gender=Fem|Number=Plur', 'head': 45, 'deprel': 'obl', 'lemma': 'דירה'}]"
48,הורים,NOUN,NOUN,47.0,compound:smixut,"(173, 178)",הורה,Gender=Masc|Number=Plur,
49,עם,ADP,ADP,51.0,case,"(179, 181)",עם,,
"(50, 51)",ההורים,,,,,"(182, 188)",,,"[{'id': 50, 'text': 'ה', 'upos': 'DET', 'xpos': 'DET', 'feats': 'PronType=Art', 'head': 51, 'deprel': 'det:def', 'lemma': 'ה'}, {'id': 51, 'text': 'הורים', 'upos': 'NOUN', 'xpos': 'NOUN', 'feats': 'Gender=Masc|Number=Plur', 'head': 48, 'deprel': 'nmod', 'lemma': 'הורה'}]"
52,-,PUNCT,PUNCT,54.0,punct,"(189, 190)",-,,
53,5,NUM,NUM,54.0,nummod,"(191, 192)",5,,
54,%,NOUN,NOUN,104.0,dep,"(192, 193)",%,"Gender=Masc|Number=Plur,Sing",
55,-,PUNCT,PUNCT,104.0,punct,"(194, 195)",-,HebSource=ConvUncertainHead,
56,גרו,VERB,VERB,26.0,conj,"(196, 199)",גר,"Gender=Fem,Masc|HebBinyan=PAAL|Number=Plur|Person=3|Tense=Past|Voice=Act",
"(57, 58)",בדירות,,,,,"(200, 206)",,,"[{'id': 57, 'text': 'ב', 'upos': 'ADP', 'xpos': 'ADP', 'head': 58, 'deprel': 'case', 'lemma': 'ב'}, {'id': 58, 'text': 'דירות', 'upos': 'NOUN', 'xpos': 'NOUN', 'feats': 'Gender=Fem|Number=Plur', 'head': 56, 'deprel': 'obl', 'lemma': 'דירה'}]"
59,של,ADP,ADP,60.0,case:gen,"(207, 209)",של,Case=Gen,
60,עמידר,PROPN,PROPN,58.0,nmod:poss,"(210, 215)",עמידר,,
61,",",PUNCT,PUNCT,60.0,punct,"(215, 216)",",",,
62,צבא,NOUN,NOUN,60.0,conj,"(217, 220)",צבא,Gender=Masc|Number=Sing,
63,",",PUNCT,PUNCT,60.0,punct,"(220, 221)",",",,
64,קיבוץ,NOUN,NOUN,60.0,conj,"(222, 227)",קיבוץ,Gender=Masc|Number=Sing,
65,",",PUNCT,PUNCT,60.0,punct,"(227, 228)",",",,
"(66, 67)",ומרכזי,,,,,"(229, 235)",,,"[{'id': 66, 'text': 'ו', 'upos': 'CCONJ', 'xpos': 'CCONJ', 'head': 67, 'deprel': 'cc', 'lemma': 'ו'}, {'id': 67, 'text': 'מרכזי', 'upos': 'NOUN', 'xpos': 'NOUN', 'feats': 'Definite=Cons|Gender=Masc|Number=Plur', 'head': 112, 'deprel': 'conj', 'lemma': 'מרכז'}]"
68,קליטה,NOUN,NOUN,67.0,compound:smixut,"(236, 241)",קליטה,Gender=Fem|Number=Sing,
69,-,PUNCT,PUNCT,71.0,punct,"(242, 243)",-,,
70,4,NUM,NUM,71.0,nummod,"(244, 245)",4,,
71,%,NOUN,NOUN,104.0,dep,"(245, 246)",%,"Gender=Masc|Number=Plur,Sing",
72,-,PUNCT,PUNCT,104.0,punct,"(247, 248)",-,,
73,זוהי,PRON,PRON,74.0,nsubj,"(249, 253)",זהו,Gender=Fem|Number=Sing|Person=3|PronType=Dem,
"(74, 76)",דירתם,,,,,"(254, 259)",,,"[{'id': 74, 'text': 'דירה_', 'upos': 'NOUN', 'xpos': 'NOUN', 'feats': 'Definite=Def|Gender=Fem|Number=Sing', 'head': 104, 'deprel': 'conj', 'lemma': 'דירה'}, {'id': 75, 'text': '_של_', 'upos': 'ADP', 'xpos': 'ADP', 'head': 76, 'deprel': 'case:gen', 'lemma': 'של'}, {'id': 76, 'text': '_הם', 'upos': 'PRON', 'xpos': 'PRON', 'feats': 'Case=Gen|Gender=Masc|Number=Plur|Person=3|PronType=Prs', 'head': 74, 'deprel': 'nmod:poss', 'lemma': 'הוא'}]"
"(77, 78)",הראשונה,,,,,"(260, 267)",,,"[{'id': 77, 'text': 'ה', 'upos': 'DET', 'xpos': 'DET', 'feats': 'PronType=Art', 'head': 78, 'deprel': 'det:def', 'lemma': 'ה'}, {'id': 78, 'text': 'ראשונה', 'upos': 'ADJ', 'xpos': 'ADJ', 'feats': 'Gender=Fem|Number=Sing', 'head': 74, 'deprel': 'amod', 'lemma': 'ראשונה'}]"
"(79, 81)",בארץ,,,,,"(268, 272)",,,"[{'id': 79, 'text': 'ב', 'upos': 'ADP', 'xpos': 'ADP', 'head': 81, 'deprel': 'case', 'lemma': 'ב'}, {'id': 80, 'text': 'ה_', 'upos': 'DET', 'xpos': 'DET', 'feats': 'PronType=Art', 'head': 81, 'deprel': 'det:def', 'lemma': 'ה'}, {'id': 81, 'text': 'ארץ', 'upos': 'NOUN', 'xpos': 'NOUN', 'feats': 'Gender=Fem|Number=Sing', 'head': 74, 'deprel': 'nmod', 'lemma': 'ארץ'}]"
82,-,PUNCT,PUNCT,104.0,punct,"(273, 274)",-,,
83,2,NUM,NUM,84.0,nummod,"(275, 276)",2,,
84,%,NOUN,NOUN,104.0,dep,"(276, 277)",%,"Gender=Masc|Number=Plur,Sing",
85,-,PUNCT,PUNCT,104.0,punct,"(278, 279)",-,HebSource=ConvUncertainHead,
86,גרו,VERB,VERB,104.0,conj,"(280, 283)",גר,"Gender=Fem,Masc|HebBinyan=PAAL|Number=Plur|Person=3|Tense=Past|Voice=Act",
87,/,PUNCT,PUNCT,86.0,dep,"(283, 284)",/,,
88,גרים,VERB,VERB,104.0,conj,"(284, 288)",גר,"Gender=Masc|HebBinyan=PAAL|Number=Plur|Person=1,2,3|VerbForm=Part|Voice=Act",
"(89, 90)",בדמי,,,,,"(289, 293)",,,"[{'id': 89, 'text': 'ב', 'upos': 'ADP', 'xpos': 'ADP', 'head': 90, 'deprel': 'case', 'lemma': 'ב'}, {'id': 90, 'text': 'דמי', 'upos': 'NOUN', 'xpos': 'NOUN', 'feats': 'Definite=Cons|Gender=Masc|Number=Plur', 'head': 88, 'deprel': 'obl', 'lemma': 'דמי'}]"
91,מפתח,NOUN,NOUN,90.0,compound:smixut,"(294, 298)",מפתח,Gender=Masc|Number=Sing,
92,אחוז,NOUN,NOUN,104.0,nsubj,"(299, 303)",אחוז,Definite=Cons|Gender=Masc|Number=Sing,
93,בעלי,NOUN,NOUN,92.0,compound:smixut,"(304, 308)",בעל,Definite=Cons|Gender=Masc|Number=Plur,
94,דירה,NOUN,NOUN,93.0,compound:smixut,"(309, 313)",דירה,Gender=Fem|Number=Sing,
95,בקרב,ADP,ADP,96.0,case,"(314, 318)",בקרב,,
96,קוני,NOUN,NOUN,45.0,obl,"(319, 323)",קונה,Definite=Cons|Gender=Masc|Number=Plur,
97,דירות,NOUN,NOUN,96.0,compound:smixut,"(324, 329)",דירה,Gender=Fem|Number=Plur,
"(98, 100)",במגדל,,,,,"(330, 335)",,,"[{'id': 98, 'text': 'ב', 'upos': 'ADP', 'xpos': 'ADP', 'head': 100, 'deprel': 'case', 'lemma': 'ב'}, {'id': 99, 'text': 'ה_', 'upos': 'DET', 'xpos': 'DET', 'feats': 'PronType=Art', 'head': 100, 'deprel': 'det:def', 'lemma': 'ה'}, {'id': 100, 'text': 'מגדל', 'upos': 'NOUN', 'xpos': 'NOUN', 'feats': 'Definite=Cons|Gender=Masc|Number=Sing', 'head': 96, 'deprel': 'nmod', 'lemma': 'מגדל'}]"
"(101, 102)",העמק,,,,,"(336, 340)",,,"[{'id': 101, 'text': 'ה', 'upos': 'DET', 'xpos': 'DET', 'feats': 'PronType=Art', 'head': 102, 'deprel': 'det:def', 'lemma': 'ה'}, {'id': 102, 'text': 'עמק', 'upos': 'NOUN', 'xpos': 'NOUN', 'feats': 'Gender=Masc|Number=Sing', 'head': 100, 'deprel': 'compound:smixut', 'lemma': 'עמק'}]"
103,",",PUNCT,PUNCT,104.0,punct,"(341, 342)",",",,
104,דומה,ADJ,ADJ,0.0,root,"(343, 347)",דומה,Gender=Masc|Number=Sing,
"(105, 106)",לאחוז,,,,,"(348, 353)",,,"[{'id': 105, 'text': 'ל', 'upos': 'ADP', 'xpos': 'ADP', 'head': 106, 'deprel': 'case', 'lemma': 'ל'}, {'id': 106, 'text': 'אחוז', 'upos': 'NOUN', 'xpos': 'NOUN', 'feats': 'Definite=Cons|Gender=Masc|Number=Sing', 'head': 104, 'deprel': 'obl', 'lemma': 'אחוז'}]"
"(107, 108)",הקונים,,,,,"(354, 360)",,,"[{'id': 107, 'text': 'ה', 'upos': 'DET', 'xpos': 'DET', 'feats': 'PronType=Art', 'head': 108, 'deprel': 'det:def', 'lemma': 'ה'}, {'id': 108, 'text': 'קונים', 'upos': 'NOUN', 'xpos': 'NOUN', 'feats': 'Gender=Masc|Number=Plur', 'head': 106, 'deprel': 'compound:smixut', 'lemma': 'קונה'}]"
109,בעלי,NOUN,NOUN,106.0,acl,"(361, 365)",בעל,Definite=Cons|Gender=Masc|Number=Plur,
110,דירה,NOUN,NOUN,109.0,compound:smixut,"(366, 370)",דירה,Gender=Fem|Number=Sing,
"(111, 112)",באלעד,,,,,"(371, 376)",,,"[{'id': 111, 'text': 'ב', 'upos': 'ADP', 'xpos': 'ADP', 'head': 112, 'deprel': 'case', 'lemma': 'ב'}, {'id': 112, 'text': 'אלעד', 'upos': 'PROPN', 'xpos': 'PROPN', 'head': 109, 'deprel': 'nmod', 'lemma': 'אלעד'}]"
113,",",PUNCT,PUNCT,112.0,punct,"(377, 378)",",",,
114,שלומי,PROPN,PROPN,112.0,conj,"(379, 384)",שלומי,,
"(115, 116)",ושכונות,,,,,"(385, 392)",,,"[{'id': 115, 'text': 'ו', 'upos': 'CCONJ', 'xpos': 'CCONJ', 'head': 116, 'deprel': 'cc', 'lemma': 'ו'}, {'id': 116, 'text': 'שכונות', 'upos': 'NOUN', 'xpos': 'NOUN', 'feats': 'Definite=Cons|Gender=Fem|Number=Plur', 'head': 112, 'deprel': 'conj', 'lemma': 'שכונה'}]"
117,ג',PROPN,PROPN,116.0,flat:name,"(393, 395)",ג',HebSource=ConvUncertainLabel,
118,ו,CCONJ,CCONJ,117.0,flat:name,"(396, 397)",ו,HebSource=ConvUncertainHead,
119,-,PUNCT,PUNCT,117.0,flat:name,"(397, 398)",-,,
120,ד',PROPN,PROPN,117.0,flat:name,"(399, 401)",ד',,
"(121, 122)",בבאר,,,,,"(402, 406)",,,"[{'id': 121, 'text': 'ב', 'upos': 'ADP', 'xpos': 'ADP', 'head': 122, 'deprel': 'case', 'lemma': 'ב'}, {'id': 122, 'text': 'באר', 'upos': 'NOUN', 'xpos': 'NOUN', 'feats': 'Definite=Cons|Gender=Fem|Number=Sing', 'head': 116, 'deprel': 'nmod', 'lemma': 'באר'}]"
123,שבע,NUM,NUM,122.0,flat:name,"(407, 410)",שבע,Gender=Fem|Number=Sing,
124,",",PUNCT,PUNCT,104.0,punct,"(410, 411)",",",,
"(125, 126)",ונמוך,,,,,"(412, 417)",,,"[{'id': 125, 'text': 'ו', 'upos': 'CCONJ', 'xpos': 'CCONJ', 'head': 126, 'deprel': 'cc', 'lemma': 'ו'}, {'id': 126, 'text': 'נמוך', 'upos': 'ADJ', 'xpos': 'ADJ', 'feats': 'Gender=Masc|Number=Sing', 'head': 104, 'deprel': 'conj', 'lemma': 'נמוך'}]"
127,משמעותית,ADV,ADV,126.0,advmod,"(418, 426)",משמעותי,,
"(128, 129)",מאחוז,,,,,"(427, 432)",,,"[{'id': 128, 'text': 'מ', 'upos': 'ADP', 'xpos': 'ADP', 'head': 129, 'deprel': 'case', 'lemma': 'מ'}, {'id': 129, 'text': 'אחוז', 'upos': 'NOUN', 'xpos': 'NOUN', 'feats': 'Definite=Cons|Gender=Masc|Number=Sing', 'head': 126, 'deprel': 'obl', 'lemma': 'אחוז'}]"
"(130, 131)",הקונים,,,,,"(433, 439)",,,"[{'id': 130, 'text': 'ה', 'upos': 'DET', 'xpos': 'DET', 'feats': 'PronType=Art', 'head': 131, 'deprel': 'det:def', 'lemma': 'ה'}, {'id': 131, 'text': 'קונים', 'upos': 'NOUN', 'xpos': 'NOUN', 'feats': 'Gender=Masc|Number=Plur', 'head': 129, 'deprel': 'compound:smixut', 'lemma': 'קונה'}]"
132,בעלי,NOUN,NOUN,106.0,acl,"(440, 444)",בעל,Definite=Cons|Gender=Masc|Number=Plur,
133,דירות,NOUN,NOUN,132.0,compound:smixut,"(445, 450)",דירה,Gender=Fem|Number=Plur,
"(134, 135)",בשכונת,,,,,"(451, 457)",,,"[{'id': 134, 'text': 'ב', 'upos': 'ADP', 'xpos': 'ADP', 'head': 135, 'deprel': 'case', 'lemma': 'ב'}, {'id': 135, 'text': 'שכונת', 'upos': 'NOUN', 'xpos': 'NOUN', 'feats': 'Definite=Cons|Gender=Fem|Number=Sing', 'head': 133, 'deprel': 'nmod', 'lemma': 'שכונה'}]"
136,שחמון,PROPN,PROPN,135.0,compound:smixut,"(458, 463)",שחמון,,
"(137, 138)",באילת,,,,,"(464, 469)",,,"[{'id': 137, 'text': 'ב', 'upos': 'ADP', 'xpos': 'ADP', 'head': 138, 'deprel': 'case', 'lemma': 'ב'}, {'id': 138, 'text': 'אילת', 'upos': 'PROPN', 'xpos': 'PROPN', 'head': 135, 'deprel': 'nmod', 'lemma': 'אילת'}]"
139,",",PUNCT,PUNCT,135.0,punct,"(469, 470)",",",,
140,שכונות,NOUN,NOUN,60.0,conj,"(471, 477)",שכונה,Definite=Cons|Gender=Fem|Number=Plur,
141,רמות,PROPN,PROPN,140.0,compound:smixut,"(478, 482)",רמה,HebSource=ConvUncertainHead,
"(142, 143)",ונווה,,,,,"(483, 488)",,,"[{'id': 142, 'text': 'ו', 'upos': 'CCONJ', 'xpos': 'CCONJ', 'head': 143, 'deprel': 'cc', 'lemma': 'ו'}, {'id': 143, 'text': 'נווה', 'upos': 'NOUN', 'xpos': 'NOUN', 'feats': 'Definite=Cons|Gender=Masc|Number=Sing', 'head': 141, 'deprel': 'conj', 'lemma': 'נווה'}]"
144,זאב,PROPN,PROPN,143.0,flat:name,"(489, 492)",זאב,,
"(145, 146)",בבאר,,,,,"(493, 497)",,,"[{'id': 145, 'text': 'ב', 'upos': 'ADP', 'xpos': 'ADP', 'head': 146, 'deprel': 'case', 'lemma': 'ב'}, {'id': 146, 'text': 'באר', 'upos': 'NOUN', 'xpos': 'NOUN', 'feats': 'Definite=Cons|Gender=Fem|Number=Sing', 'head': 140, 'deprel': 'nmod', 'lemma': 'באר'}]"
147,שבע,NUM,NUM,146.0,flat:name,"(498, 501)",שבע,Gender=Fem|Number=Sing,
148,",",PUNCT,PUNCT,60.0,punct,"(501, 502)",",",,
149,אשקלון,PROPN,PROPN,60.0,conj,"(503, 509)",אשקלון,,
"(150, 151)",והר,,,,,"(510, 513)",,,"[{'id': 150, 'text': 'ו', 'upos': 'CCONJ', 'xpos': 'CCONJ', 'head': 151, 'deprel': 'cc', 'lemma': 'ו'}, {'id': 151, 'text': 'הר', 'upos': 'NOUN', 'xpos': 'NOUN', 'feats': 'Definite=Cons|Gender=Masc|Number=Sing', 'head': 60, 'deprel': 'conj', 'lemma': 'הר'}]"
152,חומה,NOUN,NOUN,151.0,flat:name,"(514, 518)",חומה,Gender=Fem|Number=Sing,
"(153, 154)",בירושלים,,,,,"(519, 527)",,,"[{'id': 153, 'text': 'ב', 'upos': 'ADP', 'xpos': 'ADP', 'head': 154, 'deprel': 'case', 'lemma': 'ב'}, {'id': 154, 'text': 'ירושלים', 'upos': 'PROPN', 'xpos': 'PROPN', 'head': 151, 'deprel': 'nmod', 'lemma': 'ירושלים'}]"
1,□,PUNCT,PUNCT,11.0,punct,"(1, 2)",□,,
2,עיר,NOUN,NOUN,11.0,nsubj,"(3, 6)",עיר,Definite=Cons|Gender=Fem|Number=Sing,
3,מגורים,NOUN,NOUN,2.0,compound:smixut,"(7, 13)",מגורים,Gender=Masc|Number=Plur,
4,מרבית,DET,DET,5.0,det,"(14, 19)",מרבית,Definite=Cons,
5,רוכשי,NOUN,NOUN,11.0,nsubj,"(20, 25)",רוכש,Definite=Cons|Gender=Masc|Number=Plur,
"(6, 7)",הדירות,,,,,"(26, 32)",,,"[{'id': 6, 'text': 'ה', 'upos': 'DET', 'xpos': 'DET', 'feats': 'PronType=Art', 'head': 7, 'deprel': 'det:def', 'lemma': 'ה'}, {'id': 7, 'text': 'דירות', 'upos': 'NOUN', 'xpos': 'NOUN', 'feats': 'Gender=Fem|Number=Plur', 'head': 5, 'deprel': 'compound:smixut', 'lemma': 'דירה'}]"
8,-,PUNCT,PUNCT,10.0,punct,"(33, 34)",-,,
9,88,NUM,NUM,10.0,nummod,"(35, 37)",88,,
10,%,NOUN,NOUN,5.0,appos,"(37, 38)",%,"Gender=Masc|Number=Plur,Sing",
11,התגוררו,VERB,VERB,0.0,root,"(39, 46)",התגורר,"Gender=Fem,Masc|HebBinyan=HITPAEL|Number=Plur|Person=3|Tense=Past",
"(12, 14)",במגדל,,,,,"(47, 52)",,,"[{'id': 12, 'text': 'ב', 'upos': 'ADP', 'xpos': 'ADP', 'head': 14, 'deprel': 'case', 'lemma': 'ב'}, {'id': 13, 'text': 'ה_', 'upos': 'DET', 'xpos': 'DET', 'feats': 'PronType=Art', 'head': 14, 'deprel': 'det:def', 'lemma': 'ה'}, {'id': 14, 'text': 'מגדל', 'upos': 'NOUN', 'xpos': 'NOUN', 'feats': 'Definite=Cons|Gender=Masc|Number=Sing', 'head': 11, 'deprel': 'obl', 'lemma': 'מגדל'}]"
"(15, 16)",העמק,,,,,"(53, 57)",,,"[{'id': 15, 'text': 'ה', 'upos': 'DET', 'xpos': 'DET', 'feats': 'PronType=Art', 'head': 16, 'deprel': 'det:def', 'lemma': 'ה'}, {'id': 16, 'text': 'עמק', 'upos': 'NOUN', 'xpos': 'NOUN', 'feats': 'Gender=Masc|Number=Sing', 'head': 14, 'deprel': 'compound:smixut', 'lemma': 'עמק'}]"
17,טרם,ADP,ADP,18.0,case,"(58, 61)",טרם,,
18,קנית,NOUN,NOUN,11.0,obl,"(62, 66)",קנית,Definite=Cons|Gender=Fem|Number=Sing,
"(19, 20)",הדירה,,,,,"(67, 72)",,,"[{'id': 19, 'text': 'ה', 'upos': 'DET', 'xpos': 'DET', 'feats': 'PronType=Art', 'head': 20, 'deprel': 'det:def', 'lemma': 'ה'}, {'id': 20, 'text': 'דירה', 'upos': 'NOUN', 'xpos': 'NOUN', 'feats': 'Gender=Fem|Number=Sing', 'head': 18, 'deprel': 'compound:smixut', 'lemma': 'דירה'}]"
"(21, 22)",האחרונה,,,,,"(73, 80)",,,"[{'id': 21, 'text': 'ה', 'upos': 'DET', 'xpos': 'DET', 'feats': 'PronType=Art', 'head': 22, 'deprel': 'det:def', 'lemma': 'ה'}, {'id': 22, 'text': 'אחרונה', 'upos': 'ADJ', 'xpos': 'ADJ', 'feats': 'Gender=Fem|Number=Sing', 'head': 20, 'deprel': 'amod', 'lemma': 'אחרון'}]"
1,עוד,ADV,ADV,5.0,det,"(1, 4)",עוד,,
2,כ,ADP,ADP,5.0,case,"(5, 6)",כ,,
3,-,PUNCT,PUNCT,5.0,punct,"(6, 7)",-,,
4,5,NUM,NUM,5.0,nummod,"(8, 9)",5,,
5,%,NOUN,NOUN,0.0,root,"(9, 10)",%,"Gender=Masc|Number=Plur,Sing",
"(6, 7)",בחיפה,,,,,"(11, 16)",,,"[{'id': 6, 'text': 'ב', 'upos': 'ADP', 'xpos': 'ADP', 'head': 7, 'deprel': 'case', 'lemma': 'ב'}, {'id': 7, 'text': 'חיפה', 'upos': 'PROPN', 'xpos': 'PROPN', 'head': 5, 'deprel': 'nmod', 'lemma': 'חיפה'}]"
"(8, 9)",והקריות,,,,,"(17, 24)",,,"[{'id': 8, 'text': 'ו', 'upos': 'CCONJ', 'xpos': 'CCONJ', 'head': 9, 'deprel': 'cc', 'lemma': 'ו'}, {'id': 9, 'text': 'הקריות', 'upos': 'PROPN', 'xpos': 'PROPN', 'head': 7, 'deprel': 'conj', 'lemma': 'הקריות'}]"
10,",",PUNCT,PUNCT,5.0,punct,"(24, 25)",",",,
11,2,NUM,NUM,12.0,nummod,"(26, 27)",2,,
12,%,NOUN,NOUN,5.0,conj,"(27, 28)",%,"Gender=Masc|Number=Plur,Sing",
"(13, 14)",באזור,,,,,"(29, 34)",,,"[{'id': 13, 'text': 'ב', 'upos': 'ADP', 'xpos': 'ADP', 'head': 14, 'deprel': 'case', 'lemma': 'ב'}, {'id': 14, 'text': 'אזור', 'upos': 'NOUN', 'xpos': 'NOUN', 'feats': 'Definite=Cons|Gender=Masc|Number=Sing', 'head': 12, 'deprel': 'nmod', 'lemma': 'אזור'}]"
"(15, 16)",המרכז,,,,,"(35, 40)",,,"[{'id': 15, 'text': 'ה', 'upos': 'DET', 'xpos': 'DET', 'feats': 'PronType=Art', 'head': 16, 'deprel': 'det:def', 'lemma': 'ה'}, {'id': 16, 'text': 'מרכז', 'upos': 'NOUN', 'xpos': 'NOUN', 'feats': 'Gender=Masc|Number=Sing', 'head': 14, 'deprel': 'compound:smixut', 'lemma': 'מרכז'}]"
17,",",PUNCT,PUNCT,5.0,punct,"(40, 41)",",",,
18,1,NUM,NUM,19.0,nummod,"(42, 43)",1,,
19,%,NOUN,NOUN,5.0,conj,"(43, 44)",%,"Gender=Masc|Number=Plur,Sing",
"(20, 21)",באזור,,,,,"(45, 50)",,,"[{'id': 20, 'text': 'ב', 'upos': 'ADP', 'xpos': 'ADP', 'head': 21, 'deprel': 'case', 'lemma': 'ב'}, {'id': 21, 'text': 'אזור', 'upos': 'NOUN', 'xpos': 'NOUN', 'feats': 'Definite=Cons|Gender=Masc|Number=Sing', 'head': 19, 'deprel': 'nmod', 'lemma': 'אזור'}]"
"(22, 23)",הדרום,,,,,"(51, 56)",,,"[{'id': 22, 'text': 'ה', 'upos': 'DET', 'xpos': 'DET', 'feats': 'PronType=Art', 'head': 23, 'deprel': 'det:def', 'lemma': 'ה'}, {'id': 23, 'text': 'דרום', 'upos': 'NOUN', 'xpos': 'NOUN', 'feats': 'Gender=Masc|Number=Sing', 'head': 21, 'deprel': 'compound:smixut', 'lemma': 'דרום'}]"
24,",",PUNCT,PUNCT,5.0,punct,"(56, 57)",",",,
25,ו,CCONJ,CCONJ,28.0,cc,"(58, 59)",ו,,
26,-,PUNCT,PUNCT,28.0,punct,"(59, 60)",-,,
27,4,NUM,NUM,28.0,nummod,"(61, 62)",4,,
28,%,NOUN,NOUN,5.0,conj,"(62, 63)",%,"Gender=Masc|Number=Plur,Sing",
"(29, 30)",בשאר,,,,,"(64, 68)",,,"[{'id': 29, 'text': 'ב', 'upos': 'ADP', 'xpos': 'ADP', 'head': 32, 'deprel': 'case', 'lemma': 'ב'}, {'id': 30, 'text': 'שאר', 'upos': 'DET', 'xpos': 'DET', 'feats': 'Definite=Cons|Gender=Masc', 'head': 32, 'deprel': 'det', 'lemma': 'שאר'}]"
"(31, 32)",הישובים,,,,,"(69, 76)",,,"[{'id': 31, 'text': 'ה', 'upos': 'DET', 'xpos': 'DET', 'feats': 'PronType=Art', 'head': 32, 'deprel': 'det:def', 'lemma': 'ה'}, {'id': 32, 'text': 'ישובים', 'upos': 'NOUN', 'xpos': 'NOUN', 'feats': 'Gender=Masc|Number=Plur', 'head': 28, 'deprel': 'nmod', 'lemma': 'יישוב'}]"
"(33, 34)",באזור,,,,,"(77, 82)",,,"[{'id': 33, 'text': 'ב', 'upos': 'ADP', 'xpos': 'ADP', 'head': 34, 'deprel': 'case', 'lemma': 'ב'}, {'id': 34, 'text': 'אזור', 'upos': 'NOUN', 'xpos': 'NOUN', 'feats': 'Definite=Cons|Gender=Masc|Number=Sing', 'head': 32, 'deprel': 'nmod', 'lemma': 'אזור'}]"
"(35, 36)",הצפון,,,,,"(83, 88)",,,"[{'id': 35, 'text': 'ה', 'upos': 'DET', 'xpos': 'DET', 'feats': 'PronType=Art', 'head': 36, 'deprel': 'det:def', 'lemma': 'ה'}, {'id': 36, 'text': 'צפון', 'upos': 'NOUN', 'xpos': 'NOUN', 'feats': 'Gender=Masc|Number=Sing', 'head': 34, 'deprel': 'compound:smixut', 'lemma': 'צפון'}]"
1,3,NUM,NUM,0.0,root,"(1, 2)",3,,
1,2,NUM,NUM,2.0,nummod,"(0, 1)",2,,
2,מאפייני,NOUN,NOUN,8.0,nsubj,"(2, 9)",מאפיין,Definite=Cons|Gender=Masc|Number=Plur,
"(3, 4)",הדירה,,,,,"(10, 15)",,,"[{'id': 3, 'text': 'ה', 'upos': 'DET', 'xpos': 'DET', 'feats': 'PronType=Art', 'head': 4, 'deprel': 'det:def', 'lemma': 'ה'}, {'id': 4, 'text': 'דירה', 'upos': 'NOUN', 'xpos': 'NOUN', 'feats': 'Gender=Fem|Number=Sing', 'head': 2, 'deprel': 'compound:smixut', 'lemma': 'דירה'}]"
"(5, 6)",החדשה ם,,,,,"(16, 23)",,,"[{'id': 5, 'text': 'ה', 'upos': 'DET', 'xpos': 'DET', 'feats': 'PronType=Art', 'head': 6, 'deprel': 'det:def', 'lemma': 'ה'}, {'id': 6, 'text': 'חדשה""ם', 'upos': 'ADJ', 'xpos': 'ADJ', 'feats': 'Abbr=Yes', 'head': 2, 'deprel': 'nmod', 'lemma': 'חדשה""ם'}]"
"(7, 8)",השלב,,,,,"(24, 28)",,,"[{'id': 7, 'text': 'ה', 'upos': 'DET', 'xpos': 'DET', 'feats': 'PronType=Art', 'head': 8, 'deprel': 'det:def', 'lemma': 'ה'}, {'id': 8, 'text': 'שלב', 'upos': 'NOUN', 'xpos': 'NOUN', 'feats': 'Gender=Masc|Number=Sing', 'head': 27, 'deprel': 'dep', 'lemma': 'שלב'}]"
"(9, 11)",שבו,,,,,"(29, 32)",,,"[{'id': 9, 'text': 'ש', 'upos': 'SCONJ', 'xpos': 'SCONJ', 'head': 12, 'deprel': 'mark', 'lemma': 'ש'}, {'id': 10, 'text': 'ב_', 'upos': 'ADP', 'xpos': 'ADP', 'head': 11, 'deprel': 'case', 'lemma': 'ב'}, {'id': 11, 'text': '_הוא', 'upos': 'PRON', 'xpos': 'PRON', 'feats': 'Gender=Masc|Number=Sing|Person=3|PronType=Prs', 'head': 12, 'deprel': 'obl', 'lemma': 'הוא'}]"
12,נמצאה,VERB,VERB,8.0,acl:relcl,"(33, 38)",נמצא,Gender=Fem|HebBinyan=NIFAL|Number=Sing|Person=3|Tense=Past|Voice=Mid,
"(13, 14)",השכונה,,,,,"(39, 45)",,,"[{'id': 13, 'text': 'ה', 'upos': 'DET', 'xpos': 'DET', 'feats': 'PronType=Art', 'head': 14, 'deprel': 'det:def', 'lemma': 'ה'}, {'id': 14, 'text': 'שכונה', 'upos': 'NOUN', 'xpos': 'NOUN', 'feats': 'Gender=Fem|Number=Sing', 'head': 12, 'deprel': 'nsubj', 'lemma': 'שכונה'}]"
"(15, 16)",בזמן,,,,,"(46, 50)",,,"[{'id': 15, 'text': 'ב', 'upos': 'ADP', 'xpos': 'ADP', 'head': 16, 'deprel': 'case', 'lemma': 'ב'}, {'id': 16, 'text': 'זמן', 'upos': 'NOUN', 'xpos': 'NOUN', 'feats': 'Definite=Cons|Gender=Masc|Number=Sing', 'head': 12, 'deprel': 'obl', 'lemma': 'זמן'}]"
"(17, 18)",הקניה,,,,,"(51, 56)",,,"[{'id': 17, 'text': 'ה', 'upos': 'DET', 'xpos': 'DET', 'feats': 'PronType=Art', 'head': 18, 'deprel': 'det:def', 'lemma': 'ה'}, {'id': 18, 'text': 'קניה', 'upos': 'NOUN', 'xpos': 'NOUN', 'feats': 'Gender=Fem|Number=Sing', 'head': 16, 'deprel': 'compound:smixut', 'lemma': 'קניה'}]"
19,מבין,ADP,ADP,20.0,case,"(57, 61)",מבין,,
20,רוכשי,NOUN,NOUN,8.0,nmod,"(62, 67)",רוכש,Definite=Cons|Gender=Masc|Number=Plur,
"(21, 22)",הדירות,,,,,"(68, 74)",,,"[{'id': 21, 'text': 'ה', 'upos': 'DET', 'xpos': 'DET', 'feats': 'PronType=Art', 'head': 22, 'deprel': 'det:def', 'lemma': 'ה'}, {'id': 22, 'text': 'דירות', 'upos': 'NOUN', 'xpos': 'NOUN', 'feats': 'Gender=Fem|Number=Plur', 'head': 20, 'deprel': 'compound:smixut', 'lemma': 'דירה'}]"
"(23, 24)",החדשות,,,,,"(75, 81)",,,"[{'id': 23, 'text': 'ה', 'upos': 'DET', 'xpos': 'DET', 'feats': 'PronType=Art', 'head': 24, 'deprel': 'det:def', 'lemma': 'ה'}, {'id': 24, 'text': 'חדשות', 'upos': 'ADJ', 'xpos': 'ADJ', 'feats': 'Gender=Fem|Number=Plur', 'head': 22, 'deprel': 'amod', 'lemma': 'חדש'}]"
25,32,NUM,NUM,26.0,nummod,"(82, 84)",32,,
26,%,NOUN,NOUN,27.0,nsubj,"(84, 85)",%,"Gender=Masc|Number=Plur,Sing",
27,קנו,VERB,VERB,0.0,root,"(86, 89)",קנה,"Gender=Fem,Masc|HebBinyan=PAAL|Number=Plur|Person=3|Tense=Past|Voice=Act",
28,את,ADP,ADP,30.0,case:acc,"(90, 92)",את,Case=Acc,
"(29, 30)",הדירה,,,,,"(93, 98)",,,"[{'id': 29, 'text': 'ה', 'upos': 'DET', 'xpos': 'DET', 'feats': 'PronType=Art', 'head': 30, 'deprel': 'det:def', 'lemma': 'ה'}, {'id': 30, 'text': 'דירה', 'upos': 'NOUN', 'xpos': 'NOUN', 'feats': 'Gender=Fem|Number=Sing', 'head': 27, 'deprel': 'obj', 'lemma': 'דירה'}]"
31,כאשר,SCONJ,SCONJ,35.0,mark,"(99, 103)",כאשר,,
"(32, 33)",השכונה,,,,,"(104, 110)",,,"[{'id': 32, 'text': 'ה', 'upos': 'DET', 'xpos': 'DET', 'feats': 'PronType=Art', 'head': 33, 'deprel': 'det:def', 'lemma': 'ה'}, {'id': 33, 'text': 'שכונה', 'upos': 'NOUN', 'xpos': 'NOUN', 'feats': 'Gender=Fem|Number=Sing', 'head': 35, 'deprel': 'nsubj', 'lemma': 'שכונה'}]"
34,היתה,AUX,AUX,35.0,cop,"(111, 115)",היה,Gender=Fem|Number=Sing|Person=3|Polarity=Pos|Tense=Past|VerbType=Cop,
35,קיימת,ADJ,ADJ,27.0,advcl,"(116, 121)",קיים,Gender=Fem|Number=Sing,
36,",",PUNCT,PUNCT,27.0,punct,"(121, 122)",",",,
37,29,NUM,NUM,38.0,nummod,"(123, 125)",29,,
38,%,NOUN,NOUN,39.0,nsubj,"(125, 126)",%,"Gender=Masc|Number=Plur,Sing",
39,רכשו,VERB,VERB,27.0,conj,"(127, 131)",רכש,"Gender=Fem,Masc|HebBinyan=PAAL|Number=Plur|Person=3|Tense=Past|Voice=Act",
40,את,ADP,ADP,42.0,case:acc,"(132, 134)",את,Case=Acc,
"(41, 42)",הדירה,,,,,"(135, 140)",,,"[{'id': 41, 'text': 'ה', 'upos': 'DET', 'xpos': 'DET', 'feats': 'PronType=Art', 'head': 42, 'deprel': 'det:def', 'lemma': 'ה'}, {'id': 42, 'text': 'דירה', 'upos': 'NOUN', 'xpos': 'NOUN', 'feats': 'Gender=Fem|Number=Sing', 'head': 39, 'deprel': 'obj', 'lemma': 'דירה'}]"
"(43, 44)",בשלב,,,,,"(141, 145)",,,"[{'id': 43, 'text': 'ב', 'upos': 'ADP', 'xpos': 'ADP', 'head': 44, 'deprel': 'case', 'lemma': 'ב'}, {'id': 44, 'text': 'שלב', 'upos': 'NOUN', 'xpos': 'NOUN', 'feats': 'Definite=Cons|Gender=Masc|Number=Sing', 'head': 39, 'deprel': 'obl', 'lemma': 'שלב'}]"
"(45, 46)",הבניה,,,,,"(146, 151)",,,"[{'id': 45, 'text': 'ה', 'upos': 'DET', 'xpos': 'DET', 'feats': 'PronType=Art', 'head': 46, 'deprel': 'det:def', 'lemma': 'ה'}, {'id': 46, 'text': 'בניה', 'upos': 'NOUN', 'xpos': 'NOUN', 'feats': 'Gender=Fem|Number=Sing', 'head': 44, 'deprel': 'compound:smixut', 'lemma': 'בניה'}]"
47,",",PUNCT,PUNCT,27.0,punct,"(152, 153)",",",,
48,8,NUM,NUM,49.0,nummod,"(154, 155)",8,,
49,%,NOUN,NOUN,27.0,conj,"(155, 156)",%,"Gender=Masc|Number=Plur,Sing",
"(50, 51)",בשלב,,,,,"(157, 161)",,,"[{'id': 50, 'text': 'ב', 'upos': 'ADP', 'xpos': 'ADP', 'head': 51, 'deprel': 'case', 'lemma': 'ב'}, {'id': 51, 'text': 'שלב', 'upos': 'NOUN', 'xpos': 'NOUN', 'feats': 'Gender=Masc|Number=Sing', 'head': 49, 'deprel': 'nmod', 'lemma': 'שלב'}]"
"(52, 53)",בו,,,,,"(162, 164)",,,"[{'id': 52, 'text': 'ב_', 'upos': 'ADP', 'xpos': 'ADP', 'head': 53, 'deprel': 'case', 'lemma': 'ב'}, {'id': 53, 'text': '_הוא', 'upos': 'PRON', 'xpos': 'PRON', 'feats': 'Gender=Masc|Number=Sing|Person=3|PronType=Prs', 'head': 58, 'deprel': 'nmod', 'lemma': 'הוא'}]"
54,חלק,NOUN,NOUN,56.0,det,"(165, 168)",חלק,Gender=Masc|Number=Sing,
"(55, 56)",מהתשתית,,,,,"(169, 176)",,,"[{'id': 55, 'text': 'מ', 'upos': 'ADP', 'xpos': 'ADP', 'feats': 'HebSource=ConvUncertainLabel', 'head': 56, 'deprel': 'case', 'lemma': 'מ'}, {'id': 56, 'text': 'התשתית', 'upos': 'NOUN', 'xpos': 'NOUN', 'feats': 'Gender=Fem|Number=Sing', 'head': 58, 'deprel': 'nsubj', 'lemma': 'התשתית'}]"
57,היתה,AUX,AUX,58.0,cop,"(177, 181)",היה,Gender=Fem|Number=Sing|Person=3|Polarity=Pos|Tense=Past|VerbType=Cop,
58,ק יימת,ADJ,ADJ,71.0,ccomp,"(182, 188)",קיים,Gender=Fem|Number=Sing,
59,",",PUNCT,PUNCT,27.0,punct,"(188, 189)",",",,
60,4,NUM,NUM,61.0,nummod,"(190, 191)",4,,
61,%,NOUN,NOUN,27.0,conj,"(191, 192)",%,"Gender=Masc|Number=Plur,Sing",
"(62, 63)",בשלב,,,,,"(193, 197)",,,"[{'id': 62, 'text': 'ב', 'upos': 'ADP', 'xpos': 'ADP', 'head': 63, 'deprel': 'case', 'lemma': 'ב'}, {'id': 63, 'text': 'שלב', 'upos': 'NOUN', 'xpos': 'NOUN', 'feats': 'Definite=Cons|Gender=Masc|Number=Sing', 'head': 61, 'deprel': 'nmod', 'lemma': 'שלב'}]"
64,עבודות,NOUN,NOUN,63.0,compound:smixut,"(198, 204)",עבודה,Definite=Cons|Gender=Fem|Number=Plur,
65,עפר,NOUN,NOUN,64.0,compound:smixut,"(205, 208)",עפר,Gender=Masc|Number=Sing,
66,",",PUNCT,PUNCT,27.0,punct,"(208, 209)",",",,
67,ו,CCONJ,CCONJ,70.0,cc,"(210, 211)",ו,,
68,-,PUNCT,PUNCT,49.0,punct,"(211, 212)",-,,
69,27,NUM,NUM,70.0,nummod,"(213, 215)",27,,
70,%,NOUN,NOUN,71.0,nsubj,"(215, 216)",%,"Gender=Masc|Number=Plur,Sing",
71,רכשו,VERB,VERB,27.0,conj,"(217, 221)",רכש,"Gender=Fem,Masc|HebBinyan=PAAL|Number=Plur|Person=3|Tense=Past|Voice=Act",
72,את,ADP,ADP,74.0,case:acc,"(222, 224)",את,Case=Acc,
"(73, 74)",הדירה,,,,,"(225, 230)",,,"[{'id': 73, 'text': 'ה', 'upos': 'DET', 'xpos': 'DET', 'feats': 'PronType=Art', 'head': 74, 'deprel': 'det:def', 'lemma': 'ה'}, {'id': 74, 'text': 'דירה', 'upos': 'NOUN', 'xpos': 'NOUN', 'feats': 'Gender=Fem|Number=Sing', 'head': 71, 'deprel': 'obj', 'lemma': 'דירה'}]"
"(75, 76)",בשלב,,,,,"(231, 235)",,,"[{'id': 75, 'text': 'ב', 'upos': 'ADP', 'xpos': 'ADP', 'head': 76, 'deprel': 'case', 'lemma': 'ב'}, {'id': 76, 'text': 'שלב', 'upos': 'NOUN', 'xpos': 'NOUN', 'feats': 'Gender=Masc|Number=Sing', 'head': 71, 'deprel': 'obl', 'lemma': 'שלב'}]"
"(77, 78)",בו,,,,,"(236, 238)",,,"[{'id': 77, 'text': 'ב_', 'upos': 'ADP', 'xpos': 'ADP', 'head': 78, 'deprel': 'case', 'lemma': 'ב'}, {'id': 78, 'text': '_הוא', 'upos': 'PRON', 'xpos': 'PRON', 'feats': 'Gender=Masc|Number=Sing|Person=3|PronType=Prs', 'head': 81, 'deprel': 'obl', 'lemma': 'הוא'}]"
79,לא,ADV,ADV,81.0,advmod,"(239, 241)",לא,Polarity=Neg,
80,היה,AUX,AUX,81.0,cop,"(242, 245)",היה,Gender=Masc|Number=Sing|Person=3|Polarity=Pos|Tense=Past|VerbType=Cop,
81,קיים,ADJ,ADJ,76.0,acl:relcl,"(246, 250)",קיים,Gender=Masc|Number=Sing,
82,דבר,NOUN,NOUN,81.0,nsubj,"(251, 254)",דבר,Gender=Masc|Number=Sing,
1,□,PUNCT,PUNCT,2.0,case,"(1, 2)",□,,
2,סוג,NOUN,NOUN,0.0,root,"(3, 6)",סוג,Definite=Cons|Gender=Masc|Number=Sing,
"(3, 4)",הדירה,,,,,"(7, 12)",,,"[{'id': 3, 'text': 'ה', 'upos': 'DET', 'xpos': 'DET', 'feats': 'PronType=Art', 'head': 4, 'deprel': 'det:def', 'lemma': 'ה'}, {'id': 4, 'text': 'דירה', 'upos': 'NOUN', 'xpos': 'NOUN', 'feats': 'Gender=Fem|Number=Sing', 'head': 2, 'deprel': 'compound:smixut', 'lemma': 'דירה'}]"
5,מרבית,DET,DET,7.0,det,"(13, 18)",מרבית,Definite=Cons,
"(6, 7)",הדירות,,,,,"(19, 25)",,,"[{'id': 6, 'text': 'ה', 'upos': 'DET', 'xpos': 'DET', 'feats': 'PronType=Art', 'head': 7, 'deprel': 'det:def', 'lemma': 'ה'}, {'id': 7, 'text': 'דירות', 'upos': 'NOUN', 'xpos': 'NOUN', 'feats': 'Gender=Fem|Number=Plur', 'head': 2, 'deprel': 'nsubj', 'lemma': 'דירה'}]"
"(8, 9)",שנקנו,,,,,"(26, 31)",,,"[{'id': 8, 'text': 'ש', 'upos': 'SCONJ', 'xpos': 'SCONJ', 'head': 9, 'deprel': 'mark', 'lemma': 'ש'}, {'id': 9, 'text': 'נקנו', 'upos': 'VERB', 'xpos': 'VERB', 'feats': 'Gender=Fem,Masc|HebBinyan=NIFAL|Number=Plur|Person=3|Tense=Past|Voice=Mid', 'head': 7, 'deprel': 'acl:relcl', 'lemma': 'נקנה'}]"
10,הינם,AUX,AUX,11.0,cop,"(32, 36)",הוא,Gender=Masc|Number=Plur|Person=3|Polarity=Pos|VerbForm=Part|VerbType=Cop,
11,דירות רגילות,ADJ,ADJ,7.0,amod,"(37, 49)",דירותרגיל,Gender=Fem|Number=Plur,
12,–,PUNCT,PUNCT,11.0,punct,"(50, 51)",–,,
13,74,NUM,NUM,14.0,nummod,"(52, 54)",74,,
14,%,NOUN,NOUN,11.0,dep,"(54, 55)",%,"Gender=Masc|Number=Plur,Sing",
15,",",PUNCT,PUNCT,11.0,punct,"(55, 56)",",",,
16,16%,NUM,NUM,17.0,nsubj,"(57, 60)",16%,,
"(17, 19)",קוטג'ים,,,,,"(61, 68)",,,"[{'id': 17, 'text': 'קוטגלים', 'upos': 'VERB', 'xpos': 'VERB', 'feats': 'Gender=Masc|HebBinyan=PAAL|Number=Plur|Person=1,2,3|VerbForm=Part|Voice=Act', 'head': 11, 'deprel': 'conj', 'lemma': 'קטגל'}, {'id': 18, 'text': 'את', 'upos': 'ADP', 'xpos': 'ADP', 'feats': 'Case=Acc', 'head': 19, 'deprel': 'case', 'lemma': 'את'}, {'id': 19, 'text': '_הם', 'upos': 'PRON', 'xpos': 'PRON', 'feats': 'Case=Acc|Gender=Masc|Number=Plur|Person=3|PronType=Prs', 'head': 17, 'deprel': 'obj', 'lemma': 'הוא'}]"
20,ו-,PUNCT,PUNCT,22.0,punct,"(69, 71)",ו-,,
21,10,NUM,NUM,22.0,nummod,"(72, 74)",10,,
22,%,NOUN,NOUN,17.0,conj,"(74, 75)",%,"Gender=Masc|Number=Plur,Sing",
"(23, 25)",דירות,,,,,"(76, 81)",,,"[{'id': 23, 'text': 'דירות_', 'upos': 'NOUN', 'xpos': 'NOUN', 'feats': 'Definite=Def|Gender=Fem|Number=Sing', 'head': 22, 'deprel': 'nsubj', 'lemma': 'דירות'}, {'id': 24, 'text': '_של_', 'upos': 'ADP', 'xpos': 'ADP', 'head': 25, 'deprel': 'case:gen', 'lemma': 'של'}, {'id': 25, 'text': '_היא', 'upos': 'PRON', 'xpos': 'PRON', 'feats': 'Case=Gen|Gender=Fem|Number=Sing|Person=3|PronType=Prs', 'head': 23, 'deprel': 'nmod:poss', 'lemma': 'הוא'}]"
"(26, 28)",גן,,,,,"(82, 84)",,,"[{'id': 26, 'text': 'גן_', 'upos': 'NOUN', 'xpos': 'NOUN', 'feats': 'Definite=Def|Gender=Masc|Number=Sing', 'head': 23, 'deprel': 'appos', 'lemma': 'גן'}, {'id': 27, 'text': '_של_', 'upos': 'ADP', 'xpos': 'ADP', 'head': 28, 'deprel': 'case:gen', 'lemma': 'של'}, {'id': 28, 'text': '_הן', 'upos': 'PRON', 'xpos': 'PRON', 'feats': 'Case=Gen|Gender=Fem|Number=Plur|Person=3|PronType=Prs', 'head': 26, 'deprel': 'nmod:poss', 'lemma': 'הוא'}]"
"(1, 2)",אחוז רוכשי הדירות,,,,,"(1, 18)",,,"[{'id': 1, 'text': 'אחוז', 'upos': 'NOUN', 'xpos': 'NOUN', 'feats': 'Definite=Cons|Gender=Masc|Number=Sing', 'head': 5, 'deprel': 'nsubj', 'lemma': 'אחוז'}, {'id': 2, 'text': 'טרוכשיטשירוות', 'upos': 'X', 'xpos': 'X', 'feats': 'Xtra=Junk', 'head': 1, 'deprel': 'compound:smixut', 'lemma': 'טרוכשיטשירוות'}]"
"(3, 4)",הרגילות,,,,,"(19, 26)",,,"[{'id': 3, 'text': 'ה', 'upos': 'DET', 'xpos': 'DET', 'feats': 'PronType=Art', 'head': 4, 'deprel': 'det:def', 'lemma': 'ה'}, {'id': 4, 'text': 'רגילות', 'upos': 'ADJ', 'xpos': 'ADJ', 'feats': 'Gender=Fem|Number=Plur', 'head': 2, 'deprel': 'amod', 'lemma': 'רגיל'}]"
5,גבוה מאוד,ADV,ADV,0.0,root,"(27, 36)",גבוה מאוד,,
6,בקרב,ADP,ADP,7.0,case,"(37, 41)",בקרב,,
"(7, 8)",רוכשי דירות,,,,,"(42, 53)",,,"[{'id': 7, 'text': 'רו', 'upos': 'PROPN', 'xpos': 'PROPN', 'head': 5, 'deprel': 'obl', 'lemma': 'רו'}, {'id': 8, 'text': 'כשיילדירות', 'upos': 'NOUN', 'xpos': 'NOUN', 'feats': 'Xtra=Junk', 'head': 7, 'deprel': 'acl', 'lemma': 'כישיילדירה'}]"
"(9, 10)",לראשונה,,,,,"(54, 61)",,,"[{'id': 9, 'text': 'ל', 'upos': 'ADP', 'xpos': 'ADP', 'head': 10, 'deprel': 'case', 'lemma': 'ל'}, {'id': 10, 'text': 'ראשונה', 'upos': 'ADJ', 'xpos': 'ADJ', 'feats': 'Gender=Fem|Number=Sing', 'head': 8, 'deprel': 'nmod', 'lemma': 'ראשונה'}]"
1,□,ADV,ADV,8.0,obl,"(1, 2)",□,,
2,גודל,NOUN,NOUN,8.0,nsubj,"(3, 7)",גודל,Definite=Cons|Gender=Masc|Number=Sing,
"(3, 4)",הדירה,,,,,"(8, 13)",,,"[{'id': 3, 'text': 'ה', 'upos': 'DET', 'xpos': 'DET', 'feats': 'PronType=Art', 'head': 4, 'deprel': 'det:def', 'lemma': 'ה'}, {'id': 4, 'text': 'דירה', 'upos': 'NOUN', 'xpos': 'NOUN', 'feats': 'Gender=Fem|Number=Sing', 'head': 2, 'deprel': 'compound:smixut', 'lemma': 'דירה'}]"
5,גודל,NOUN,NOUN,8.0,nsubj,"(14, 18)",גודל,Definite=Cons|Gender=Masc|Number=Sing,
"(6, 7)",הדירה,,,,,"(19, 24)",,,"[{'id': 6, 'text': 'ה', 'upos': 'DET', 'xpos': 'DET', 'feats': 'PronType=Art', 'head': 7, 'deprel': 'det:def', 'lemma': 'ה'}, {'id': 7, 'text': 'דירה', 'upos': 'NOUN', 'xpos': 'NOUN', 'feats': 'Gender=Fem|Number=Sing', 'head': 5, 'deprel': 'compound:smixut', 'lemma': 'דירה'}]"
8,אופיין,ADJ,ADJ,0.0,root,"(25, 31)",אופיין,Gender=Masc|Number=Sing,
9,לפי,ADP,ADP,8.0,advmod,"(32, 35)",לפי,,
10,מספר,DET,DET,11.0,det,"(36, 40)",מספר,Definite=Cons,
11,חדרים,NOUN,NOUN,8.0,obl,"(41, 46)",חדר,Gender=Masc|Number=Plur,
"(12, 13)",ושטח,,,,,"(47, 51)",,,"[{'id': 12, 'text': 'ו', 'upos': 'CCONJ', 'xpos': 'CCONJ', 'head': 13, 'deprel': 'cc', 'lemma': 'ו'}, {'id': 13, 'text': 'שטח', 'upos': 'NOUN', 'xpos': 'NOUN', 'feats': 'Gender=Masc|Number=Sing', 'head': 11, 'deprel': 'conj', 'lemma': 'שטח'}]"
1,מספר,DET,DET,2.0,det,"(1, 5)",מספר,Definite=Cons,
2,חדרים,NOUN,NOUN,5.0,nmod,"(6, 11)",חדר,Gender=Masc|Number=Plur,
3,:,PUNCT,PUNCT,16.0,punct,"(11, 12)",:,,
4,18,NUM,NUM,5.0,nummod,"(13, 15)",18,,
5,%,NOUN,NOUN,16.0,nsubj,"(15, 16)",%,"Gender=Masc|Number=Plur,Sing",
"(6, 8)",מקוני,,,,,"(17, 22)",,,"[{'id': 6, 'text': 'מקון_', 'upos': 'NOUN', 'xpos': 'NOUN', 'feats': 'Definite=Def|Gender=Masc|Number=Plur', 'head': 5, 'deprel': 'dep', 'lemma': 'מקון'}, {'id': 7, 'text': '_של_', 'upos': 'ADP', 'xpos': 'ADP', 'head': 8, 'deprel': 'case:gen', 'lemma': 'של'}, {'id': 8, 'text': '_אני', 'upos': 'PRON', 'xpos': 'PRON', 'feats': 'Case=Gen|Gender=Fem,Masc|Number=Sing|Person=1|PronType=Prs', 'head': 6, 'deprel': 'nmod:poss', 'lemma': 'הוא'}]"
"(9, 10)",הדירות,,,,,"(23, 29)",,,"[{'id': 9, 'text': 'ה', 'upos': 'DET', 'xpos': 'DET', 'feats': 'PronType=Art', 'head': 10, 'deprel': 'det:def', 'lemma': 'ה'}, {'id': 10, 'text': 'דירות', 'upos': 'NOUN', 'xpos': 'NOUN', 'feats': 'Gender=Fem|Number=Plur', 'head': 5, 'deprel': 'nmod', 'lemma': 'דירה'}]"
"(11, 13)",במגדל,,,,,"(30, 35)",,,"[{'id': 11, 'text': 'ב', 'upos': 'ADP', 'xpos': 'ADP', 'head': 13, 'deprel': 'case', 'lemma': 'ב'}, {'id': 12, 'text': 'ה_', 'upos': 'DET', 'xpos': 'DET', 'feats': 'PronType=Art', 'head': 13, 'deprel': 'det:def', 'lemma': 'ה'}, {'id': 13, 'text': 'מגדל', 'upos': 'NOUN', 'xpos': 'NOUN', 'feats': 'Definite=Cons|Gender=Masc|Number=Sing', 'head': 10, 'deprel': 'nmod', 'lemma': 'מגדל'}]"
"(14, 15)",העמק,,,,,"(36, 40)",,,"[{'id': 14, 'text': 'ה', 'upos': 'DET', 'xpos': 'DET', 'feats': 'PronType=Art', 'head': 15, 'deprel': 'det:def', 'lemma': 'ה'}, {'id': 15, 'text': 'עמק', 'upos': 'NOUN', 'xpos': 'NOUN', 'feats': 'Gender=Masc|Number=Sing', 'head': 13, 'deprel': 'compound:smixut', 'lemma': 'עמק'}]"
16,קנו,VERB,VERB,0.0,root,"(41, 44)",קנה,"Gender=Fem,Masc|HebBinyan=PAAL|Number=Plur|Person=3|Tense=Past|Voice=Act",
17,דירות,NOUN,NOUN,16.0,obj,"(45, 50)",דירה,Gender=Fem|Number=Plur,
18,גדולות,ADJ,ADJ,17.0,amod,"(51, 57)",גדול,Gender=Fem|Number=Plur,
"(19, 21)",בעלות,,,,,"(58, 63)",,,"[{'id': 19, 'text': 'ב', 'upos': 'ADP', 'xpos': 'ADP', 'head': 21, 'deprel': 'case', 'lemma': 'ב'}, {'id': 20, 'text': 'ה_', 'upos': 'DET', 'xpos': 'DET', 'feats': 'PronType=Art', 'head': 21, 'deprel': 'det:def', 'lemma': 'ה'}, {'id': 21, 'text': 'עלות', 'upos': 'NOUN', 'xpos': 'NOUN', 'feats': 'Gender=Fem|Number=Sing', 'head': 17, 'deprel': 'nmod', 'lemma': 'עלות'}]"
22,5,NUM,NUM,23.0,nummod,"(64, 65)",5,,
23,חדרים,NOUN,NOUN,21.0,nmod,"(66, 71)",חדר,Gender=Masc|Number=Plur,
"(24, 25)",ויותר,,,,,"(72, 77)",,,"[{'id': 24, 'text': 'ו', 'upos': 'CCONJ', 'xpos': 'CCONJ', 'head': 25, 'deprel': 'cc', 'lemma': 'ו'}, {'id': 25, 'text': 'יותר', 'upos': 'ADV', 'xpos': 'ADV', 'head': 23, 'deprel': 'conj', 'lemma': 'יותר'}]"
26,",",PUNCT,PUNCT,16.0,punct,"(78, 79)",",",,
27,עוד,ADV,ADV,29.0,det,"(80, 83)",עוד,,
28,36,NUM,NUM,29.0,nummod,"(84, 86)",36,,
29,%,NOUN,NOUN,30.0,nsubj,"(86, 87)",%,"Gender=Masc|Number=Plur,Sing",
30,רכשו,VERB,VERB,16.0,conj,"(88, 92)",רכש,"Gender=Fem,Masc|HebBinyan=PAAL|Number=Plur|Person=3|Tense=Past|Voice=Act",
31,דירות,NOUN,NOUN,30.0,obj,"(93, 98)",דירה,Gender=Fem|Number=Plur,
32,של,ADP,ADP,33.0,case:gen,"(99, 101)",של,Case=Gen,
33,4,NUM,NUM,31.0,nmod:poss,"(102, 103)",4,,
34,-,PUNCT,PUNCT,33.0,punct,"(103, 104)",-,,
35,4,NUM,NUM,33.0,dep,"(104, 105)",4,,
1,5,NUM,NUM,2.0,nummod,"(0, 1)",5,,
2,חדרים,NOUN,NOUN,7.0,dep,"(2, 7)",חדר,Gender=Masc|Number=Plur,
3,",",PUNCT,PUNCT,7.0,punct,"(7, 8)",",",,
4,41,NUM,NUM,5.0,nummod,"(9, 11)",41,,
5,%,NOUN,NOUN,7.0,nsubj,"(11, 12)",%,"Gender=Masc|Number=Plur,Sing",
6,נוספים,ADJ,ADJ,5.0,amod,"(13, 19)",נוסף,Gender=Masc|Number=Plur,
7,רכשו,VERB,VERB,0.0,root,"(20, 24)",רכש,"Gender=Fem,Masc|HebBinyan=PAAL|Number=Plur|Person=3|Tense=Past|Voice=Act",
8,דירות,NOUN,NOUN,7.0,obj,"(25, 30)",דירה,Gender=Fem|Number=Plur,
9,בנות,NOUN,NOUN,8.0,acl,"(31, 35)",בת,Gender=Fem|Number=Plur,
10,3,NUM,NUM,9.0,compound:smixut,"(36, 37)",3,,
11,-,PUNCT,PUNCT,10.0,punct,"(37, 38)",-,,
12,3,NUM,NUM,10.0,dep,"(38, 39)",3,,
1,5,NUM,NUM,2.0,nummod,"(0, 1)",5,,
2,חדרים,NOUN,NOUN,7.0,nsubj,"(2, 7)",חדר,Gender=Masc|Number=Plur,
3,ו,CCONJ,CCONJ,6.0,cc,"(8, 9)",ו,,
4,-,PUNCT,PUNCT,6.0,punct,"(9, 10)",-,,
5,5,NUM,NUM,6.0,nummod,"(11, 12)",5,,
6,%,NOUN,NOUN,2.0,conj,"(12, 13)",%,"Gender=Masc|Number=Plur,Sing",
7,רכשו,VERB,VERB,0.0,root,"(14, 18)",רכש,"Gender=Fem,Masc|HebBinyan=PAAL|Number=Plur|Person=3|Tense=Past|Voice=Act",
8,דירות,NOUN,NOUN,7.0,obj,"(19, 24)",דירה,Gender=Fem|Number=Plur,
9,של,ADP,ADP,10.0,case:gen,"(25, 27)",של,Case=Gen,
10,2,NUM,NUM,8.0,nmod:poss,"(28, 29)",2,,
11,-,PUNCT,PUNCT,10.0,punct,"(29, 30)",-,,
12,2,NUM,NUM,10.0,dep,"(30, 31)",2,,
1,5,NUM,NUM,2.0,nummod,"(0, 1)",5,,
2,חדרים,NOUN,NOUN,0.0,root,"(2, 7)",חדר,Gender=Masc|Number=Plur,
"(1, 2)",בממוצע,,,,,"(1, 7)",,,"[{'id': 1, 'text': 'ב', 'upos': 'ADP', 'xpos': 'ADP', 'head': 2, 'deprel': 'case', 'lemma': 'ב'}, {'id': 2, 'text': 'ממוצע', 'upos': 'NOUN', 'xpos': 'NOUN', 'feats': 'Definite=Cons|Gender=Masc|Number=Sing', 'head': 10, 'deprel': 'nmod', 'lemma': 'ממוצע'}]"
"(3, 4)",הדירות,,,,,"(8, 14)",,,"[{'id': 3, 'text': 'ה', 'upos': 'DET', 'xpos': 'DET', 'feats': 'PronType=Art', 'head': 4, 'deprel': 'det:def', 'lemma': 'ה'}, {'id': 4, 'text': 'דירות', 'upos': 'NOUN', 'xpos': 'NOUN', 'feats': 'Gender=Fem|Number=Plur', 'head': 2, 'deprel': 'compound:smixut', 'lemma': 'דירה'}]"
"(5, 6)",שנרכשו,,,,,"(15, 21)",,,"[{'id': 5, 'text': 'ש', 'upos': 'SCONJ', 'xpos': 'SCONJ', 'head': 6, 'deprel': 'mark', 'lemma': 'ש'}, {'id': 6, 'text': 'נרכשו', 'upos': 'VERB', 'xpos': 'VERB', 'feats': 'Gender=Fem,Masc|HebBinyan=NIFAL|Number=Plur|Person=3|Tense=Past|Voice=Mid', 'head': 4, 'deprel': 'acl:relcl', 'lemma': 'נרכש'}]"
7,הן,PRON,PRON,10.0,nsubj,"(22, 24)",הוא,Gender=Fem|Number=Plur|Person=3|PronType=Prs,
"(8, 10)",בעלות,,,,,"(25, 30)",,,"[{'id': 8, 'text': 'ב', 'upos': 'ADP', 'xpos': 'ADP', 'head': 10, 'deprel': 'case', 'lemma': 'ב'}, {'id': 9, 'text': 'ה_', 'upos': 'DET', 'xpos': 'DET', 'feats': 'PronType=Art', 'head': 10, 'deprel': 'det:def', 'lemma': 'ה'}, {'id': 10, 'text': 'עלות', 'upos': 'NOUN', 'xpos': 'NOUN', 'feats': 'Gender=Fem|HebSource=ConvUncertainHead|Number=Sing', 'head': 0, 'deprel': 'root', 'lemma': 'עלות'}]"
11,3,NUM,NUM,10.0,nummod,"(31, 32)",3,,
1,7,NUM,NUM,2.0,nummod,"(0, 1)",7,,
2,חדרים,NOUN,NOUN,0.0,root,"(2, 7)",חדר,Gender=Masc|Number=Plur,
1,בקרב,ADP,ADP,2.0,case,"(1, 5)",בקרב,,
"(2, 4)",קוני דירות,,,,,"(6, 16)",,,"[{'id': 2, 'text': 'קוניטדירות_', 'upos': 'NOUN', 'xpos': 'NOUN', 'feats': 'Definite=Def|Gender=Masc|Number=Plur', 'head': 16, 'deprel': 'obl', 'lemma': 'קוניטדירות'}, {'id': 3, 'text': '_של_', 'upos': 'ADP', 'xpos': 'ADP', 'head': 4, 'deprel': 'case:gen', 'lemma': 'של'}, {'id': 4, 'text': '_היא', 'upos': 'PRON', 'xpos': 'PRON', 'feats': 'Case=Gen|Gender=Fem|Number=Sing|Person=3|PronType=Prs', 'head': 2, 'deprel': 'nmod:poss', 'lemma': 'הוא'}]"
"(5, 6)",שהיתה,,,,,"(17, 22)",,,"[{'id': 5, 'text': 'ש', 'upos': 'SCONJ', 'xpos': 'SCONJ', 'head': 6, 'deprel': 'mark', 'lemma': 'ש'}, {'id': 6, 'text': 'היתה', 'upos': 'AUX', 'xpos': 'AUX', 'feats': 'Gender=Fem|Number=Sing|Person=3|Polarity=Pos|Tense=Past|VerbType=Cop', 'head': 2, 'deprel': 'acl:relcl', 'lemma': 'היה'}]"
"(7, 10)",בבעלותם,,,,,"(23, 30)",,,"[{'id': 7, 'text': 'ב', 'upos': 'ADP', 'xpos': 'ADP', 'head': 8, 'deprel': 'case', 'lemma': 'ב'}, {'id': 8, 'text': 'בעלות_', 'upos': 'NOUN', 'xpos': 'NOUN', 'feats': 'Definite=Def|Gender=Fem|Number=Sing', 'head': 6, 'deprel': 'obl', 'lemma': 'בעלות'}, {'id': 9, 'text': '_של_', 'upos': 'ADP', 'xpos': 'ADP', 'head': 10, 'deprel': 'case:gen', 'lemma': 'של'}, {'id': 10, 'text': '_הם', 'upos': 'PRON', 'xpos': 'PRON', 'feats': 'Case=Gen|Gender=Masc|Number=Plur|Person=3|PronType=Prs', 'head': 8, 'deprel': 'nmod:poss', 'lemma': 'הוא'}]"
11,דירה,NOUN,NOUN,6.0,nsubj,"(31, 35)",דירה,Gender=Fem|Number=Sing,
"(12, 14)",בעבר,,,,,"(36, 40)",,,"[{'id': 12, 'text': 'ב', 'upos': 'ADP', 'xpos': 'ADP', 'head': 14, 'deprel': 'case', 'lemma': 'ב'}, {'id': 13, 'text': 'ה_', 'upos': 'DET', 'xpos': 'DET', 'feats': 'PronType=Art', 'head': 14, 'deprel': 'det:def', 'lemma': 'ה'}, {'id': 14, 'text': 'עבר', 'upos': 'NOUN', 'xpos': 'NOUN', 'feats': 'Gender=Masc|Number=Sing', 'head': 11, 'deprel': 'nmod', 'lemma': 'עבר'}]"
15,",",PUNCT,PUNCT,16.0,punct,"(41, 42)",",",,
16,נרכשו,VERB,VERB,0.0,root,"(43, 48)",נרכש,"Gender=Fem,Masc|HebBinyan=NIFAL|Number=Plur|Person=3|Tense=Past|Voice=Mid",
17,דירות,NOUN,NOUN,16.0,nsubj,"(49, 54)",דירה,Gender=Fem|Number=Plur,
"(18, 20)",בעלות,,,,,"(55, 60)",,,"[{'id': 18, 'text': 'ב', 'upos': 'ADP', 'xpos': 'ADP', 'head': 20, 'deprel': 'case', 'lemma': 'ב'}, {'id': 19, 'text': 'ה_', 'upos': 'DET', 'xpos': 'DET', 'feats': 'PronType=Art', 'head': 20, 'deprel': 'det:def', 'lemma': 'ה'}, {'id': 20, 'text': 'עלות', 'upos': 'NOUN', 'xpos': 'NOUN', 'feats': 'Definite=Cons|Gender=Fem|Number=Sing', 'head': 17, 'deprel': 'nmod', 'lemma': 'עלות'}]"
21,מספר,DET,DET,22.0,det,"(61, 65)",מספר,Definite=Cons,
22,חדרים,NOUN,NOUN,20.0,compound:smixut,"(66, 71)",חדר,Gender=Masc|Number=Plur,
23,גדול,ADJ,ADJ,22.0,amod,"(72, 76)",גדול,Gender=Masc|Number=Sing,
24,יותר,ADV,ADV,23.0,advmod,"(77, 81)",יותר,,
25,",",PUNCT,PUNCT,16.0,punct,"(81, 82)",",",,
26,4,NUM,NUM,16.0,dep,"(83, 84)",4,,
1,3,NUM,NUM,6.0,nummod,"(0, 1)",3,,
"(2, 4)",חדרים,,,,,"(2, 7)",,,"[{'id': 2, 'text': 'חדר_', 'upos': 'NOUN', 'xpos': 'NOUN', 'feats': 'Definite=Def|Gender=Masc|Number=Sing', 'head': 6, 'deprel': 'nsubj', 'lemma': 'חדר'}, {'id': 3, 'text': '_של_', 'upos': 'ADP', 'xpos': 'ADP', 'head': 4, 'deprel': 'case:gen', 'lemma': 'של'}, {'id': 4, 'text': '_הם', 'upos': 'PRON', 'xpos': 'PRON', 'feats': 'Case=Gen|Gender=Masc|Number=Plur|Person=3|PronType=Prs', 'head': 2, 'deprel': 'nmod:poss', 'lemma': 'הוא'}]"
"(5, 8)",בממו,,,,,"(8, 12)",,,"[{'id': 5, 'text': 'ב', 'upos': 'ADP', 'xpos': 'ADP', 'head': 6, 'deprel': 'case', 'lemma': 'ב'}, {'id': 6, 'text': 'מם_', 'upos': 'NOUN', 'xpos': 'NOUN', 'feats': 'Definite=Def|Gender=Masc|Number=Sing', 'head': 0, 'deprel': 'root', 'lemma': 'מם'}, {'id': 7, 'text': '_של_', 'upos': 'ADP', 'xpos': 'ADP', 'head': 8, 'deprel': 'case:gen', 'lemma': 'של'}, {'id': 8, 'text': '_הוא', 'upos': 'PRON', 'xpos': 'PRON', 'feats': 'Case=Gen|Gender=Masc|Number=Sing|Person=3|PronType=Prs', 'head': 6, 'deprel': 'nmod:poss', 'lemma': 'הוא'}]"
"(9, 11)",צע,,,,,"(12, 14)",,,"[{'id': 9, 'text': 'צע_', 'upos': 'NOUN', 'xpos': 'NOUN', 'feats': 'Definite=Def|Gender=Masc|Number=Sing', 'head': 6, 'deprel': 'nsubj', 'lemma': 'צע'}, {'id': 10, 'text': '_של_', 'upos': 'ADP', 'xpos': 'ADP', 'head': 11, 'deprel': 'case:gen', 'lemma': 'של'}, {'id': 11, 'text': '_היא', 'upos': 'PRON', 'xpos': 'PRON', 'feats': 'Case=Gen|Gender=Fem|Number=Sing|Person=3|PronType=Prs', 'head': 9, 'deprel': 'nmod:poss', 'lemma': 'הוא'}]"
12,(,PUNCT,PUNCT,27.0,punct,"(15, 16)",(,,
13,כאשר,SCONJ,SCONJ,27.0,mark,"(16, 20)",כאשר,,
"(14, 15)",הדירה,,,,,"(21, 26)",,,"[{'id': 14, 'text': 'ה', 'upos': 'DET', 'xpos': 'DET', 'feats': 'PronType=Art', 'head': 15, 'deprel': 'det:def', 'lemma': 'ה'}, {'id': 15, 'text': 'דירה', 'upos': 'NOUN', 'xpos': 'NOUN', 'feats': 'Gender=Fem|Number=Sing', 'head': 27, 'deprel': 'nsubj', 'lemma': 'דירה'}]"
"(16, 17)",הקוד,,,,,"(27, 31)",,,"[{'id': 16, 'text': 'ה', 'upos': 'DET', 'xpos': 'DET', 'feats': 'PronType=Art', 'head': 17, 'deprel': 'det:def', 'lemma': 'ה'}, {'id': 17, 'text': 'קוד', 'upos': 'NOUN', 'xpos': 'NOUN', 'feats': 'Gender=Masc|Number=Sing', 'head': 15, 'deprel': 'nmod', 'lemma': 'קוד'}]"
"(18, 19)",מת,,,,,"(31, 33)",,,"[{'id': 18, 'text': 'מ', 'upos': 'ADP', 'xpos': 'ADP', 'head': 19, 'deprel': 'case', 'lemma': 'מ'}, {'id': 19, 'text': 'ת', 'upos': 'X', 'xpos': 'X', 'feats': 'Xtra=Junk', 'head': 13, 'deprel': 'fixed', 'lemma': 'ת'}]"
"(20, 23)",בבעלותם,,,,,"(34, 41)",,,"[{'id': 20, 'text': 'ב', 'upos': 'ADP', 'xpos': 'ADP', 'head': 21, 'deprel': 'case', 'lemma': 'ב'}, {'id': 21, 'text': 'בעלות_', 'upos': 'NOUN', 'xpos': 'NOUN', 'feats': 'Definite=Def|Gender=Fem|Number=Sing', 'head': 27, 'deprel': 'nmod', 'lemma': 'בעלות'}, {'id': 22, 'text': '_של_', 'upos': 'ADP', 'xpos': 'ADP', 'head': 23, 'deprel': 'case:gen', 'lemma': 'של'}, {'id': 23, 'text': '_הם', 'upos': 'PRON', 'xpos': 'PRON', 'feats': 'Case=Gen|Gender=Masc|Number=Plur|Person=3|PronType=Prs', 'head': 21, 'deprel': 'nmod:poss', 'lemma': 'הוא'}]"
"(24, 26)",היתה,,,,,"(42, 46)",,,"[{'id': 24, 'text': 'הית_', 'upos': 'NOUN', 'xpos': 'NOUN', 'feats': 'Definite=Def|Gender=Fem|Number=Sing', 'head': 27, 'deprel': 'nsubj', 'lemma': 'היה'}, {'id': 25, 'text': '_של_', 'upos': 'ADP', 'xpos': 'ADP', 'head': 26, 'deprel': 'case:gen', 'lemma': 'של'}, {'id': 26, 'text': '_היא', 'upos': 'PRON', 'xpos': 'PRON', 'feats': 'Case=Gen|Gender=Fem|Number=Sing|Person=3|PronType=Prs', 'head': 24, 'deprel': 'nmod:poss', 'lemma': 'הוא'}]"
27,בעלת,NOUN,NOUN,6.0,dep,"(47, 51)",בעל,Definite=Cons|Gender=Fem|Number=Sing,
28,3,NUM,NUM,27.0,compound:smixut,"(52, 53)",3,,
1,3,NUM,NUM,2.0,nummod,"(0, 1)",3,,
"(2, 4)",חדרים,,,,,"(2, 7)",,,"[{'id': 2, 'text': 'חדר_', 'upos': 'NOUN', 'xpos': 'NOUN', 'feats': 'Definite=Def|Gender=Masc|Number=Sing', 'head': 0, 'deprel': 'root', 'lemma': 'חדר'}, {'id': 3, 'text': '_של_', 'upos': 'ADP', 'xpos': 'ADP', 'head': 4, 'deprel': 'case:gen', 'lemma': 'של'}, {'id': 4, 'text': '_הם', 'upos': 'PRON', 'xpos': 'PRON', 'feats': 'Case=Gen|Gender=Masc|Number=Plur|Person=3|PronType=Prs', 'head': 2, 'deprel': 'nmod:poss', 'lemma': 'הוא'}]"
5,),PUNCT,PUNCT,2.0,punct,"(7, 8)",),,
1,שטח,NOUN,NOUN,13.0,nsubj,"(1, 4)",שטח,Definite=Cons|Gender=Masc|Number=Sing,
"(2, 3)",הדירה,,,,,"(5, 10)",,,"[{'id': 2, 'text': 'ה', 'upos': 'DET', 'xpos': 'DET', 'feats': 'PronType=Art', 'head': 3, 'deprel': 'det:def', 'lemma': 'ה'}, {'id': 3, 'text': 'דירה', 'upos': 'NOUN', 'xpos': 'NOUN', 'feats': 'Gender=Fem|Number=Sing', 'head': 1, 'deprel': 'compound:smixut', 'lemma': 'דירה'}]"
4,:,PUNCT,PUNCT,13.0,punct,"(10, 11)",:,,
5,70,NUM,NUM,6.0,nummod,"(12, 14)",70,,
6,%,NOUN,NOUN,13.0,nsubj,"(14, 15)",%,"Gender=Masc|Number=Plur,Sing",
"(7, 9)",מהדירות,,,,,"(16, 23)",,,"[{'id': 7, 'text': 'מ', 'upos': 'ADP', 'xpos': 'ADP', 'head': 9, 'deprel': 'case', 'lemma': 'מ'}, {'id': 8, 'text': 'ה', 'upos': 'DET', 'xpos': 'DET', 'feats': 'PronType=Art', 'head': 9, 'deprel': 'det:def', 'lemma': 'ה'}, {'id': 9, 'text': 'דירות', 'upos': 'NOUN', 'xpos': 'NOUN', 'feats': 'Gender=Fem|Number=Plur', 'head': 6, 'deprel': 'nmod', 'lemma': 'דירה'}]"
"(10, 11)",שנרכשו,,,,,"(24, 30)",,,"[{'id': 10, 'text': 'ש', 'upos': 'SCONJ', 'xpos': 'SCONJ', 'head': 11, 'deprel': 'mark', 'lemma': 'ש'}, {'id': 11, 'text': 'נרכשו', 'upos': 'VERB', 'xpos': 'VERB', 'feats': 'Gender=Fem,Masc|HebBinyan=NIFAL|Number=Plur|Person=3|Tense=Past|Voice=Mid', 'head': 9, 'deprel': 'acl:relcl', 'lemma': 'נרכש'}]"
12,הן,PRON,PRON,13.0,cop,"(31, 33)",הוא,Gender=Fem|Number=Plur|Person=3|PronType=Prs,
13,בעלות,NOUN,NOUN,0.0,root,"(34, 39)",בעלות,Definite=Cons|Gender=Fem|Number=Plur,
14,שטח,NOUN,NOUN,13.0,compound:smixut,"(40, 43)",שטח,Gender=Masc|Number=Sing,
15,של,ADP,ADP,18.0,case:gen,"(44, 46)",של,Case=Gen,
16,עד,ADP,ADP,18.0,case,"(47, 49)",עד,,
17,100,NUM,NUM,18.0,nummod,"(50, 53)",100,,
18,"מ""ר",NOUN,NOUN,14.0,nmod:poss,"(54, 57)","מ""ר",Abbr=Yes|Gender=Masc|Number=Sing,
19,",",PUNCT,PUNCT,13.0,punct,"(57, 58)",",",,
20,21,NUM,NUM,21.0,nummod,"(59, 61)",21,,
21,%,NOUN,NOUN,13.0,conj,"(61, 62)",%,"Gender=Masc|Number=Plur,Sing",
22,-,PUNCT,PUNCT,21.0,punct,"(63, 64)",-,,
"(23, 25)",בשטח,,,,,"(65, 69)",,,"[{'id': 23, 'text': 'ב', 'upos': 'ADP', 'xpos': 'ADP', 'head': 25, 'deprel': 'case', 'lemma': 'ב'}, {'id': 24, 'text': 'ה_', 'upos': 'DET', 'xpos': 'DET', 'feats': 'PronType=Art', 'head': 25, 'deprel': 'det:def', 'lemma': 'ה'}, {'id': 25, 'text': 'שטח', 'upos': 'NOUN', 'xpos': 'NOUN', 'feats': 'Gender=Masc|Number=Sing', 'head': 21, 'deprel': 'nmod', 'lemma': 'שטח'}]"
26,של,ADP,ADP,30.0,case:gen,"(70, 72)",של,Case=Gen,
27,101,NUM,NUM,30.0,nummod,"(73, 76)",101,,
28,-,PUNCT,PUNCT,27.0,punct,"(76, 77)",-,,
29,130,NUM,NUM,27.0,nummod,"(77, 80)",130,,
30,"מ""ר",NOUN,NOUN,25.0,nmod:poss,"(81, 84)","מ""ר",Abbr=Yes|Gender=Masc|Number=Sing,
31,",",PUNCT,PUNCT,13.0,punct,"(84, 85)",",",,
32,5,NUM,NUM,33.0,nummod,"(86, 87)",5,,
33,%,NOUN,NOUN,13.0,conj,"(87, 88)",%,"Gender=Masc|Number=Plur,Sing",
"(34, 36)",בשטח,,,,,"(89, 93)",,,"[{'id': 34, 'text': 'ב', 'upos': 'ADP', 'xpos': 'ADP', 'head': 36, 'deprel': 'case', 'lemma': 'ב'}, {'id': 35, 'text': 'ה_', 'upos': 'DET', 'xpos': 'DET', 'feats': 'PronType=Art', 'head': 36, 'deprel': 'det:def', 'lemma': 'ה'}, {'id': 36, 'text': 'שטח', 'upos': 'NOUN', 'xpos': 'NOUN', 'feats': 'Gender=Masc|Number=Sing', 'head': 33, 'deprel': 'nmod', 'lemma': 'שטח'}]"
37,של,ADP,ADP,41.0,case:gen,"(94, 96)",של,Case=Gen,
38,131,NUM,NUM,41.0,nummod,"(97, 100)",131,,
39,-,PUNCT,PUNCT,38.0,punct,"(100, 101)",-,,
40,150,NUM,NUM,38.0,nummod,"(101, 104)",150,,
41,"מ""ר",NOUN,NOUN,36.0,nmod:poss,"(105, 108)","מ""ר",Abbr=Yes|Gender=Masc|Number=Sing,
42,ו,CCONJ,CCONJ,45.0,cc,"(109, 110)",ו,,
43,-,PUNCT,PUNCT,45.0,punct,"(110, 111)",-,,
44,4,NUM,NUM,45.0,nummod,"(112, 113)",4,,
45,%,NOUN,NOUN,13.0,conj,"(113, 114)",%,"Gender=Masc|Number=Plur,Sing",
46,בעלות,NOUN,NOUN,45.0,nmod,"(115, 120)",בעלות,Definite=Cons|Gender=Fem|Number=Sing,
47,שטח,NOUN,NOUN,46.0,compound:smixut,"(121, 124)",שטח,Gender=Masc|Number=Sing,
48,של,ADP,ADP,53.0,case:gen,"(125, 127)",של,Case=Gen,
49,יותר,ADV,ADV,53.0,advmod,"(128, 132)",יותר,,
50,מ,ADP,ADP,49.0,fixed,"(133, 134)",מ,,
51,-,PUNCT,PUNCT,53.0,punct,"(134, 135)",-,,
52,151,NUM,NUM,53.0,nummod,"(135, 138)",151,,
53,"מ""ר",NOUN,NOUN,47.0,nmod:poss,"(139, 142)","מ""ר",Abbr=Yes|Gender=Masc|Number=Sing,
"(1, 3)",ממוצע שטח הדירות,,,,,"(1, 17)",,,"[{'id': 1, 'text': 'מ', 'upos': 'ADP', 'xpos': 'ADP', 'head': 2, 'deprel': 'case', 'lemma': 'מ'}, {'id': 2, 'text': 'מוצעחחטח', 'upos': 'X', 'xpos': 'X', 'feats': 'Xtra=Junk', 'head': 7, 'deprel': 'dep', 'lemma': '_'}, {'id': 3, 'text': 'חדירות', 'upos': 'NOUN', 'xpos': 'NOUN', 'feats': 'Gender=Fem|Number=Plur', 'head': 2, 'deprel': 'compound:smixut', 'lemma': 'חדירה'}]"
"(4, 5)",שנרכשו,,,,,"(18, 24)",,,"[{'id': 4, 'text': 'ש', 'upos': 'SCONJ', 'xpos': 'SCONJ', 'head': 5, 'deprel': 'mark', 'lemma': 'ש'}, {'id': 5, 'text': 'נרכשו', 'upos': 'VERB', 'xpos': 'VERB', 'feats': 'Gender=Fem,Masc|HebBinyan=NIFAL|Number=Plur|Person=3|Tense=Past|Voice=Mid', 'head': 3, 'deprel': 'acl:relcl', 'lemma': 'נרכש'}]"
6,הוא 99,NUM,NUM,8.0,cop,"(25, 31)",הוא 99,,
7,"מ""",NOUN,NOUN,0.0,root,"(32, 34)","מ""",Abbr=Yes|Gender=Masc|Number=Sing,
8,ר,NOUN,NOUN,7.0,dep,"(34, 35)",ר,,
"(1, 3)",קוני דירות,,,,,"(1, 11)",,,"[{'id': 1, 'text': 'קוניטדירות_', 'upos': 'NOUN', 'xpos': 'NOUN', 'head': 46, 'deprel': 'obj', 'lemma': 'קוניטדירות'}, {'id': 2, 'text': '_של_', 'upos': 'ADP', 'xpos': 'ADP', 'head': 1, 'deprel': 'conj', 'lemma': 'של'}, {'id': 3, 'text': '_היא', 'upos': 'PRON', 'xpos': 'PRON', 'feats': 'PronType=Art', 'head': 46, 'deprel': 'advmod', 'lemma': 'הוא'}]"
"(4, 5)",שהיתה,,,,,"(12, 17)",,,"[{'id': 4, 'text': 'ש', 'upos': 'SCONJ', 'xpos': 'SCONJ', 'head': 46, 'deprel': 'mark', 'lemma': 'ש'}, {'id': 5, 'text': 'היתה', 'upos': 'AUX', 'xpos': 'AUX', 'head': 46, 'deprel': 'nsubj', 'lemma': 'היה'}]"
"(6, 9)",בבעלותם,,,,,"(18, 25)",,,"[{'id': 6, 'text': 'ב', 'upos': 'ADP', 'xpos': 'ADP', 'head': 46, 'deprel': 'dep', 'lemma': 'ב'}, {'id': 7, 'text': 'בעלות_', 'upos': 'NOUN', 'xpos': 'NOUN', 'head': 46, 'deprel': 'obl', 'lemma': 'בעלות'}, {'id': 8, 'text': '_של_', 'upos': 'ADP', 'xpos': 'ADP', 'head': 46, 'deprel': 'advmod', 'lemma': 'של'}, {'id': 9, 'text': '_הם', 'upos': 'PRON', 'xpos': 'PRON', 'head': 46, 'deprel': 'advmod', 'lemma': 'הוא'}]"
10,דירה,ADV,ADV,46.0,obj,"(26, 30)",דירה,,
"(11, 13)",בעבר,,,,,"(31, 35)",,,"[{'id': 11, 'text': 'ב', 'upos': 'ADP', 'xpos': 'ADP', 'head': 33, 'deprel': 'dep', 'lemma': 'ב'}, {'id': 12, 'text': 'ה_', 'upos': 'DET', 'xpos': 'DET', 'feats': 'PronType=Art', 'head': 33, 'deprel': 'det:def', 'lemma': 'ה'}, {'id': 13, 'text': 'עבר', 'upos': 'NOUN', 'xpos': 'NOUN', 'feats': 'Gender=Masc|Number=Sing', 'head': 46, 'deprel': 'advmod', 'lemma': 'עבר'}]"
14,",",PUNCT,PUNCT,46.0,punct,"(35, 36)",",",,
15,קנו,VERB,VERB,0.0,root,"(37, 40)",קנה,,
16,דירות,NOUN,NOUN,46.0,obj,"(41, 46)",דירה,,
"(17, 19)",בשטח,,,,,"(47, 51)",,,"[{'id': 17, 'text': 'ב', 'upos': 'ADP', 'xpos': 'ADP', 'head': 33, 'deprel': 'dep', 'lemma': 'ב'}, {'id': 18, 'text': 'ה_', 'upos': 'DET', 'xpos': 'DET', 'feats': 'PronType=Art', 'head': 33, 'deprel': 'dep', 'lemma': 'ה'}, {'id': 19, 'text': 'שטח', 'upos': 'NOUN', 'xpos': 'NOUN', 'head': 46, 'deprel': 'advmod', 'lemma': 'שטח'}]"
20,גדול,PUNCT,PUNCT,46.0,dep,"(52, 56)",גדול,,
21,יותר,PUNCT,PUNCT,46.0,dep,"(57, 61)",יותר,,
22,של,PUNCT,PUNCT,46.0,punct,"(62, 64)",של,Case=Gen,
23,114,NUM,NUM,46.0,obj,"(65, 68)",114,,
24,"מ""ר",DET,DET,46.0,obj,"(69, 72)","מ""ר",Abbr=Yes|Gender=Masc|Number=Sing,
"(25, 26)",בממוצע,,,,,"(73, 79)",,,"[{'id': 25, 'text': 'ב', 'upos': 'ADP', 'xpos': 'ADP', 'head': 46, 'deprel': 'punct', 'lemma': 'ב'}, {'id': 26, 'text': 'ממוצע', 'upos': 'ADJ', 'xpos': 'ADJ', 'head': 46, 'deprel': 'advmod', 'lemma': 'ממוצע'}]"
27,(,PUNCT,PUNCT,46.0,punct,"(80, 81)",(,,
28,כאשר,PUNCT,PUNCT,46.0,punct,"(81, 85)",כאשר,,
"(29, 31)",דירתם,,,,,"(86, 91)",,,"[{'id': 29, 'text': 'דירה_', 'upos': 'PUNCT', 'xpos': 'PUNCT', 'head': 46, 'deprel': 'obj', 'lemma': 'דירה'}, {'id': 30, 'text': '_של_', 'upos': 'ADP', 'xpos': 'ADP', 'head': 1, 'deprel': 'conj', 'lemma': 'של'}, {'id': 31, 'text': '_הם', 'upos': 'PRON', 'xpos': 'PRON', 'head': 46, 'deprel': 'advmod', 'lemma': 'הוא'}]"
"(32, 33)",הקודמת,,,,,"(92, 98)",,,"[{'id': 32, 'text': 'ה', 'upos': 'DET', 'xpos': 'DET', 'feats': 'PronType=Art', 'head': 33, 'deprel': 'det:def', 'lemma': 'ה'}, {'id': 33, 'text': 'קודמת', 'upos': 'NOUN', 'xpos': 'NOUN', 'feats': 'Gender=Masc|Number=Sing', 'head': 46, 'deprel': 'advmod', 'lemma': 'קודם'}]"
34,היתה,PUNCT,PUNCT,46.0,dep,"(99, 103)",היה,,
"(35, 37)",בשטח,,,,,"(104, 108)",,,"[{'id': 35, 'text': 'ב', 'upos': 'ADP', 'xpos': 'ADP', 'head': 33, 'deprel': 'dep', 'lemma': 'ב'}, {'id': 36, 'text': 'ה_', 'upos': 'DET', 'xpos': 'DET', 'feats': 'PronType=Art', 'head': 33, 'deprel': 'dep', 'lemma': 'ה'}, {'id': 37, 'text': 'שטח', 'upos': 'NOUN', 'xpos': 'NOUN', 'head': 46, 'deprel': 'advmod', 'lemma': 'שטח'}]"
38,של,PUNCT,PUNCT,46.0,punct,"(109, 111)",של,Case=Gen,
39,86,NUM,NUM,46.0,dep,"(112, 114)",86,,
40,"מ""ר",DET,DET,46.0,obj,"(115, 118)","מ""ר",Abbr=Yes|Gender=Masc|Number=Sing,
"(41, 42)",בממוצע,,,,,"(119, 125)",,,"[{'id': 41, 'text': 'ב', 'upos': 'ADV', 'xpos': 'ADV', 'head': 46, 'deprel': 'dep', 'lemma': 'ב'}, {'id': 42, 'text': 'ממוצע', 'upos': 'ADJ', 'xpos': 'ADJ', 'head': 46, 'deprel': 'advmod', 'lemma': 'ממוצע'}]"
43,),PUNCT,PUNCT,46.0,punct,"(125, 126)",),,
"(44, 45)",ואילו,,,,,"(127, 132)",,,"[{'id': 44, 'text': 'ו', 'upos': 'PUNCT', 'xpos': 'PUNCT', 'head': 46, 'deprel': 'cc', 'lemma': 'ו'}, {'id': 45, 'text': 'אילו', 'upos': 'ADV', 'xpos': 'ADV', 'head': 46, 'deprel': 'dep', 'lemma': 'אילו'}]"
46,רוכשי,VERB,VERB,15.0,dep,"(133, 138)",רכש,Definite=Cons|Gender=Masc|Number=Sing,
47,דירה,NOUN,NOUN,46.0,obj,"(139, 143)",דירה,,
48,לראשונה,ADV,ADV,46.0,advmod,"(144, 151)",לראשונה,,
49,קנו,VERB,VERB,46.0,dep,"(152, 155)",קנה,,
50,דירה,ADV,ADV,46.0,obj,"(156, 160)",דירה,,
"(51, 53)",בשטח,,,,,"(161, 165)",,,"[{'id': 51, 'text': 'ב', 'upos': 'ADP', 'xpos': 'ADP', 'head': 33, 'deprel': 'dep', 'lemma': 'ב'}, {'id': 52, 'text': 'ה_', 'upos': 'DET', 'xpos': 'DET', 'feats': 'PronType=Art', 'head': 33, 'deprel': 'det:def', 'lemma': 'ה'}, {'id': 53, 'text': 'שטח', 'upos': 'NOUN', 'xpos': 'NOUN', 'head': 46, 'deprel': 'advmod', 'lemma': 'שטח'}]"
54,ממוצע,ADV,ADV,46.0,obj,"(166, 171)",ממוצע,,
55,של,PUNCT,PUNCT,46.0,dep,"(172, 174)",של,Case=Gen,
56,93,NUM,NUM,46.0,obj,"(175, 177)",93,,
57,"מ""ר",DET,DET,46.0,obj,"(178, 181)","מ""ר",Abbr=Yes|Gender=Masc|Number=Sing,
1,דירות,NOUN,NOUN,11.0,obj,"(1, 6)",דירה,Gender=Fem|Number=Plur,
2,חדשות,ADJ,ADJ,1.0,dep,"(7, 12)",חדש,,
"(3, 6)",שנבנו,,,,,"(13, 18)",,,"[{'id': 3, 'text': 'ש', 'upos': 'SCONJ', 'xpos': 'SCONJ', 'head': 11, 'deprel': 'mark', 'lemma': 'ש'}, {'id': 4, 'text': 'נב_', 'upos': 'NOUN', 'xpos': 'NOUN', 'head': 11, 'deprel': 'nsubj', 'lemma': 'נב'}, {'id': 5, 'text': '_של_', 'upos': 'NOUN', 'xpos': 'NOUN', 'feats': 'PronType=Art', 'head': 6, 'deprel': 'case:gen', 'lemma': 'של'}, {'id': 6, 'text': '_הוא', 'upos': 'PRON', 'xpos': 'PRON', 'feats': 'Case=Gen|Gender=Masc|Number=Sing|Person=3|PronType=Prs', 'head': 1, 'deprel': 'nmod:poss', 'lemma': 'הוא'}]"
"(7, 8)",ביוזמה,,,,,"(19, 25)",,,"[{'id': 7, 'text': 'ב', 'upos': 'ADP', 'xpos': 'ADP', 'head': 8, 'deprel': 'case', 'lemma': 'ב'}, {'id': 8, 'text': 'יוזמה', 'upos': 'NOUN', 'xpos': 'NOUN', 'feats': 'PronType=Art', 'head': 11, 'deprel': 'dep', 'lemma': 'יוזמה'}]"
9,ציבורית,ADJ,ADJ,1.0,amod,"(26, 33)",ציבורי,,
"(10, 11)",שנקנו,,,,,"(34, 39)",,,"[{'id': 10, 'text': 'ש', 'upos': 'SCONJ', 'xpos': 'SCONJ', 'head': 11, 'deprel': 'mark', 'lemma': 'ש'}, {'id': 11, 'text': 'נקנו', 'upos': 'NOUN', 'xpos': 'NOUN', 'feats': 'Gender=Masc|Number=Sing', 'head': 13, 'deprel': 'dep', 'lemma': 'נקנו'}]"
"(12, 13)",הינן,,,,,"(40, 44)",,,"[{'id': 12, 'text': 'ה', 'upos': 'DET', 'xpos': 'DET', 'feats': 'PronType=Art', 'head': 11, 'deprel': 'det:def', 'lemma': 'ה'}, {'id': 13, 'text': 'ינן', 'upos': 'NOUN', 'xpos': 'NOUN', 'feats': 'Gender=Masc|Number=Sing', 'head': 0, 'deprel': 'root', 'lemma': 'ינן'}]"
14,בעלות,NOUN,NOUN,1.0,dep,"(45, 50)",בעלות,,
15,שטח,NOUN,NOUN,1.0,dep,"(51, 54)",שטח,,
16,ממוצע,ADJ,ADJ,15.0,dep,"(55, 60)",ממוצע,,
17,גדול,ADJ,ADJ,15.0,dep,"(61, 65)",גדול,,
"(18, 19)",מדירות,,,,,"(66, 72)",,,"[{'id': 18, 'text': 'מ', 'upos': 'ADP', 'xpos': 'ADP', 'head': 15, 'deprel': 'case', 'lemma': 'מ'}, {'id': 19, 'text': 'דירות', 'upos': 'NOUN', 'xpos': 'NOUN', 'feats': 'Gender=Fem|Number=Plur', 'head': 1, 'deprel': 'nmod', 'lemma': 'דירה'}]"
20,יד,NOUN,NOUN,15.0,dep,"(73, 75)",יד,,
21,שניה,NOUN,NOUN,1.0,amod,"(76, 80)",שנייה,Gender=Masc|Number=Sing,
22,(,PUNCT,PUNCT,21.0,punct,"(81, 82)",(,,
23,109,NUM,NUM,15.0,dep,"(82, 85)",109,,
24,"מ""ר",DET,DET,11.0,dep,"(86, 89)","מ""ר",Abbr=Yes|Definite=Cons|Gender=Masc|Number=Sing,
25,לעומת,ADV,ADV,1.0,det,"(90, 95)",לעומת,,
26,93,NUM,NUM,15.0,nummod,"(96, 98)",93,,
27,"מ""ר",DET,DET,11.0,dep,"(99, 102)","מ""ר",Abbr=Yes|Gender=Masc|Number=Sing,
"(28, 29)",בהתאמה,,,,,"(103, 109)",,,"[{'id': 28, 'text': 'ב', 'upos': 'ADP', 'xpos': 'ADP', 'head': 11, 'deprel': 'dep', 'lemma': 'ב'}, {'id': 29, 'text': 'התאמה', 'upos': 'NOUN', 'xpos': 'NOUN', 'feats': 'Gender=Masc|Number=Sing', 'head': 8, 'deprel': 'obl', 'lemma': 'התאמה'}]"
30,),PUNCT,PUNCT,11.0,punct,"(109, 110)",),,
"(1, 2)",בהשו,,,,,"(1, 5)",,,"[{'id': 1, 'text': 'ב', 'upos': 'ADP', 'xpos': 'ADP', 'head': 2, 'deprel': 'case', 'lemma': 'ב'}, {'id': 2, 'text': 'השו', 'upos': 'PROPN', 'xpos': 'PROPN', 'head': 0, 'deprel': 'root', 'lemma': 'השו'}]"
"(3, 4)",ואה,,,,,"(5, 8)",,,"[{'id': 3, 'text': 'ו', 'upos': 'CCONJ', 'xpos': 'CCONJ', 'head': 4, 'deprel': 'cc', 'lemma': 'ו'}, {'id': 4, 'text': 'אה', 'upos': 'PROPN', 'xpos': 'PROPN', 'feats': 'HebSource=ConvUncertainHead', 'head': 2, 'deprel': 'conj', 'lemma': 'אה'}]"
5,לס,PROPN,PROPN,2.0,flat:name,"(9, 11)",לס,,
6,קרי,PROPN,PROPN,2.0,flat:name,"(11, 14)",קרי,,
"(7, 8)",יש,,,,,"(15, 17)",,,"[{'id': 7, 'text': 'י', 'upos': 'PROPN', 'xpos': 'PROPN', 'feats': 'HebSource=ConvUncertainHead', 'head': 2, 'deprel': 'flat:name', 'lemma': 'וי'}, {'id': 8, 'text': 'ש', 'upos': 'PROPN', 'xpos': 'PROPN', 'head': 2, 'deprel': 'flat:name', 'lemma': 'ש'}]"
"(9, 10)",וב,,,,,"(17, 19)",,,"[{'id': 9, 'text': 'ו', 'upos': 'CCONJ', 'xpos': 'CCONJ', 'head': 11, 'deprel': 'cc', 'lemma': 'ו'}, {'id': 10, 'text': 'ב', 'upos': 'ADP', 'xpos': 'ADP', 'head': 11, 'deprel': 'case', 'lemma': 'ב'}]"
"(11, 12)",אחרים,,,,,"(20, 25)",,,"[{'id': 11, 'text': 'אחרים', 'upos': 'ADJ', 'xpos': 'ADJ', 'feats': 'Gender=Masc|Number=Plur', 'head': 2, 'deprel': 'conj', 'lemma': 'אחר'}, {'id': 12, 'text': '_הם', 'upos': 'PRON', 'xpos': 'PRON', 'feats': 'Gender=Masc|Number=Plur|Person=3|PronType=Prs', 'head': 11, 'deprel': 'dep', 'lemma': 'הוא'}]"
13,",",PUNCT,PUNCT,2.0,punct,"(26, 27)",",",,
"(14, 16)",ממוצע שטח הדירה,,,,,"(28, 43)",,,"[{'id': 14, 'text': 'מ', 'upos': 'ADP', 'xpos': 'ADP', 'head': 15, 'deprel': 'case', 'lemma': 'מ'}, {'id': 15, 'text': 'מוצעחשטחט', 'upos': 'VERB', 'xpos': 'VERB', 'feats': 'Definite=Cons|Gender=Masc|Number=Sing', 'head': 2, 'deprel': 'dep', 'lemma': 'הוצעחשט'}, {'id': 16, 'text': 'הדירה', 'upos': 'DET', 'xpos': 'DET', 'feats': 'PronType=Art', 'head': 15, 'deprel': 'compound:smixut', 'lemma': 'הדירה'}]"
"(17, 18)",שנקנתה,,,,,"(44, 50)",,,"[{'id': 17, 'text': 'ש', 'upos': 'SCONJ', 'xpos': 'SCONJ', 'head': 18, 'deprel': 'mark', 'lemma': 'ש'}, {'id': 18, 'text': 'נקנתה', 'upos': 'VERB', 'xpos': 'VERB', 'feats': 'Gender=Fem|HebBinyan=NIFAL|Number=Sing|Person=3|Tense=Past|Voice=Mid', 'head': 15, 'deprel': 'acl:relcl', 'lemma': 'נקנה'}]"
"(19, 22)",דומה לדירות,,,,,"(51, 62)",,,"[{'id': 19, 'text': 'דו', 'upos': 'ADV', 'xpos': 'ADV', 'head': 21, 'deprel': 'case', 'lemma': 'דו'}, {'id': 20, 'text': 'מ', 'upos': 'ADP', 'xpos': 'ADP', 'head': 21, 'deprel': 'case', 'lemma': 'מ'}, {'id': 21, 'text': 'מה', 'upos': 'ADV', 'xpos': 'ADV', 'feats': 'PronType=Int', 'head': 22, 'deprel': 'det', 'lemma': 'מה'}, {'id': 22, 'text': 'אלירות', 'upos': 'NOUN', 'xpos': 'NOUN', 'feats': 'Gender=Fem|HebSource=ConvUncertainHead|Number=Plur', 'head': 18, 'deprel': 'dep', 'lemma': 'אלירות'}]"
23,שנקנ ו,VERB,VERB,21.0,acl:relcl,"(63, 69)",שנקני,,
"(24, 25)",באל,,,,,"(70, 73)",,,"[{'id': 24, 'text': 'ב', 'upos': 'ADP', 'xpos': 'ADP', 'head': 25, 'deprel': 'case', 'lemma': 'ב'}, {'id': 25, 'text': 'אל', 'upos': 'X', 'xpos': 'X', 'head': 23, 'deprel': 'dep', 'lemma': 'אל'}]"
"(26, 28)",עד,,,,,"(73, 75)",,,"[{'id': 26, 'text': 'עד_', 'upos': 'NOUN', 'xpos': 'NOUN', 'feats': 'Definite=Def|Gender=Masc|Number=Plur', 'head': 23, 'deprel': 'dep', 'lemma': 'עד'}, {'id': 27, 'text': '_של_', 'upos': 'ADP', 'xpos': 'ADP', 'head': 28, 'deprel': 'case:gen', 'lemma': 'של'}, {'id': 28, 'text': '_היא', 'upos': 'PRON', 'xpos': 'PRON', 'feats': 'Case=Gen|Gender=Fem|Number=Sing|Person=3|PronType=Prs', 'head': 26, 'deprel': 'nmod:poss', 'lemma': 'הוא'}]"
29,",",PUNCT,PUNCT,2.0,punct,"(75, 76)",",",HebSource=ConvUncertainHead,
"(30, 33)",גדול משטח דירה,,,,,"(77, 91)",,,"[{'id': 30, 'text': 'גדולטה_', 'upos': 'NOUN', 'xpos': 'NOUN', 'feats': 'Definite=Def|Gender=Fem|Number=Sing', 'head': 2, 'deprel': 'dep', 'lemma': 'גדולטה'}, {'id': 31, 'text': '_של_', 'upos': 'ADP', 'xpos': 'ADP', 'head': 33, 'deprel': 'case:gen', 'lemma': 'של'}, {'id': 32, 'text': '_של_', 'upos': 'ADP', 'xpos': 'ADP', 'head': 33, 'deprel': 'case:gen', 'lemma': 'של'}, {'id': 33, 'text': '_היא', 'upos': 'PRON', 'xpos': 'PRON', 'feats': 'Case=Gen|Gender=Fem|Number=Sing|Person=3|PronType=Prs', 'head': 30, 'deprel': 'nmod:poss', 'lemma': 'הוא'}]"
"(34, 35)",שנקנתה,,,,,"(92, 98)",,,"[{'id': 34, 'text': 'ש', 'upos': 'SCONJ', 'xpos': 'SCONJ', 'head': 35, 'deprel': 'mark', 'lemma': 'ש'}, {'id': 35, 'text': 'נקנתה', 'upos': 'VERB', 'xpos': 'VERB', 'feats': 'Gender=Fem|HebBinyan=NIFAL|Number=Sing|Person=3|Tense=Past|Voice=Mid', 'head': 30, 'deprel': 'acl:relcl', 'lemma': 'נקנה'}]"
"(36, 37)",בשכונות,,,,,"(99, 106)",,,"[{'id': 36, 'text': 'ב', 'upos': 'ADP', 'xpos': 'ADP', 'head': 37, 'deprel': 'case', 'lemma': 'ב'}, {'id': 37, 'text': 'שכונות', 'upos': 'NOUN', 'xpos': 'NOUN', 'feats': 'Definite=Cons|Gender=Fem|Number=Plur', 'head': 35, 'deprel': 'obl', 'lemma': 'שכונה'}]"
"(38, 38)",ג,,,,,"(107, 108)",,,"[{'id': 38, 'text': 'ג', 'upos': 'PROPN', 'xpos': 'PROPN', 'head': 37, 'deprel': 'compound:smixut', 'lemma': 'ג'}]"
39,',PUNCT,PUNCT,38.0,flat:name,"(109, 110)",',,
40,ו-,PROPN,PROPN,38.0,flat:name,"(111, 113)",ו-,,
41,ד',PROPN,PROPN,38.0,flat:name,"(114, 116)",ד',,
"(42, 43)",בבאר שבע וקטן,,,,,"(117, 130)",,,"[{'id': 42, 'text': 'ב', 'upos': 'ADP', 'xpos': 'ADP', 'head': 43, 'deprel': 'case', 'lemma': 'ב'}, {'id': 43, 'text': 'בארטשבעטוקטן', 'upos': 'PROPN', 'xpos': 'PROPN', 'head': 38, 'deprel': 'dep', 'lemma': 'בארטשבעטוקטן'}]"
"(44, 45)",משטח דירות,,,,,"(131, 141)",,,"[{'id': 44, 'text': 'מ', 'upos': 'ADP', 'xpos': 'ADP', 'head': 45, 'deprel': 'case', 'lemma': 'מ'}, {'id': 45, 'text': 'שטחטדירות', 'upos': 'NOUN', 'xpos': 'NOUN', 'feats': 'Definite=Cons|Gender=Masc|Number=Plur', 'head': 30, 'deprel': 'nmod', 'lemma': 'שטחטדירה'}]"
"(46, 47)",שנקנו,,,,,"(142, 147)",,,"[{'id': 46, 'text': 'ש', 'upos': 'SCONJ', 'xpos': 'SCONJ', 'head': 47, 'deprel': 'mark', 'lemma': 'ש'}, {'id': 47, 'text': 'נקנו', 'upos': 'VERB', 'xpos': 'VERB', 'feats': 'Gender=Fem,Masc|HebBinyan=NIFAL|Number=Plur|Person=3|Tense=Past|Voice=Mid', 'head': 45, 'deprel': 'acl:relcl', 'lemma': 'נקנה'}]"
48,בשלומי,PROPN,PROPN,47.0,dep,"(148, 154)",בשלומי,,
49,",",PUNCT,PUNCT,48.0,punct,"(154, 155)",",",,
50,הר חומה,NOUN,NOUN,48.0,flat:name,"(156, 163)",הר חומה,Gender=Fem|Number=Sing,
"(51, 52)",בירושלים,,,,,"(164, 172)",,,"[{'id': 51, 'text': 'ב', 'upos': 'ADP', 'xpos': 'ADP', 'head': 52, 'deprel': 'case', 'lemma': 'ב'}, {'id': 52, 'text': 'ירושלים', 'upos': 'PROPN', 'xpos': 'PROPN', 'head': 50, 'deprel': 'nmod', 'lemma': 'ירושלים'}]"
53,",",PUNCT,PUNCT,48.0,punct,"(172, 173)",",",,
54,שכונת,NOUN,NOUN,48.0,conj,"(174, 179)",שכונה,Definite=Cons|Gender=Fem|Number=Sing,
"(55, 56)",שח,,,,,"(180, 182)",,,"[{'id': 55, 'text': 'ש', 'upos': 'SCONJ', 'xpos': 'SCONJ', 'head': 59, 'deprel': 'mark', 'lemma': 'ש'}, {'id': 56, 'text': 'ח', 'upos': 'NOUN', 'xpos': 'NOUN', 'head': 57, 'deprel': 'compound:smixut', 'lemma': 'ח'}]"
"(57, 58)",מון,,,,,"(182, 185)",,,"[{'id': 57, 'text': 'מון', 'upos': 'NOUN', 'xpos': 'NOUN', 'feats': 'Gender=Masc|Number=Sing', 'head': 54, 'deprel': 'nmod', 'lemma': 'מון'}, {'id': 58, 'text': '_הן', 'upos': 'PRON', 'xpos': 'PRON', 'feats': 'Case=Gen|Gender=Fem|Number=Plur|Person=3|PronType=Prs', 'head': 57, 'deprel': 'nmod:poss', 'lemma': 'הוא'}]"
59,באילת,PROPN,PROPN,54.0,nmod,"(186, 191)",באילת,,
60,",",PUNCT,PUNCT,48.0,punct,"(191, 192)",",",,
61,אשקלון,PROPN,PROPN,48.0,conj,"(193, 199)",אשקלון,HebSource=ConvUncertainHead,
"(62, 63)",וש,,,,,"(200, 202)",,,"[{'id': 62, 'text': 'ו', 'upos': 'CCONJ', 'xpos': 'CCONJ', 'head': 64, 'deprel': 'cc', 'lemma': 'ו'}, {'id': 63, 'text': 'ש', 'upos': 'SCONJ', 'xpos': 'SCONJ', 'head': 64, 'deprel': 'mark', 'lemma': 'ש'}]"
64,כונות,VERB,VERB,47.0,conj,"(202, 207)",כנה,"Gender=Fem|HebBinyan=PAAL|Number=Plur|Person=1,2,3|VerbForm=Part|Voice=Act",
"(65, 67)",רמות,,,,,"(208, 212)",,,"[{'id': 65, 'text': 'רמות_', 'upos': 'NOUN', 'xpos': 'NOUN', 'feats': 'Definite=Def|Gender=Fem|Number=Sing', 'head': 64, 'deprel': 'nsubj', 'lemma': 'רמות'}, {'id': 66, 'text': '_של_', 'upos': 'ADP', 'xpos': 'ADP', 'head': 67, 'deprel': 'case:gen', 'lemma': 'של'}, {'id': 67, 'text': '_היא', 'upos': 'PRON', 'xpos': 'PRON', 'feats': 'Case=Gen|Gender=Fem|Number=Sing|Person=3|PronType=Prs', 'head': 65, 'deprel': 'nmod:poss', 'lemma': 'הוא'}]"
"(68, 69)",ונווה,,,,,"(213, 218)",,,"[{'id': 68, 'text': 'ו', 'upos': 'CCONJ', 'xpos': 'CCONJ', 'head': 69, 'deprel': 'cc', 'lemma': 'ו'}, {'id': 69, 'text': 'נווה', 'upos': 'NOUN', 'xpos': 'NOUN', 'feats': 'Gender=Masc|Number=Sing', 'head': 65, 'deprel': 'conj', 'lemma': 'נווה'}]"
"(70, 71)",זאב,,,,,"(219, 222)",,,"[{'id': 70, 'text': 'ז', 'upos': 'PROPN', 'xpos': 'PROPN', 'head': 69, 'deprel': 'flat:name', 'lemma': 'ז'}, {'id': 71, 'text': 'אב', 'upos': 'NOUN', 'xpos': 'NOUN', 'feats': 'Gender=Masc|Number=Sing', 'head': 69, 'deprel': 'flat:name', 'lemma': 'אב'}]"
72,ב,ADP,ADP,69.0,flat:name,"(223, 224)",ב,,
"(73, 75)",באר,,,,,"(224, 227)",,,"[{'id': 73, 'text': 'ב', 'upos': 'ADP', 'xpos': 'ADP', 'head': 75, 'deprel': 'case', 'lemma': 'ב'}, {'id': 74, 'text': 'ה_', 'upos': 'DET', 'xpos': 'DET', 'feats': 'PronType=Art', 'head': 75, 'deprel': 'det:def', 'lemma': 'ה'}, {'id': 75, 'text': 'אר', 'upos': 'NOUN', 'xpos': 'NOUN', 'feats': 'Gender=Fem|Number=Sing', 'head': 69, 'deprel': 'nmod', 'lemma': 'אר'}]"
76,שבע,NUM,NUM,75.0,flat:name,"(228, 231)",שבע,Gender=Fem|Number=Sing,
1,3,NOUN,NOUN,0.0,root,"(1, 2)",3,,
1,3,NUM,NUM,2.0,nummod,"(0, 1)",3,,
2,מחיר,NOUN,NOUN,25.0,nsubj:cop,"(2, 6)",מחיר,Definite=Cons|Gender=Masc|Number=Sing,
"(3, 4)",הדירה,,,,,"(7, 12)",,,"[{'id': 3, 'text': 'ה', 'upos': 'DET', 'xpos': 'DET', 'feats': 'PronType=Art', 'head': 4, 'deprel': 'det:def', 'lemma': 'ה'}, {'id': 4, 'text': 'דירה', 'upos': 'NOUN', 'xpos': 'NOUN', 'feats': 'Gender=Fem|Number=Sing', 'head': 2, 'deprel': 'compound:smixut', 'lemma': 'דירה'}]"
"(5, 6)",ואופן,,,,,"(13, 18)",,,"[{'id': 5, 'text': 'ו', 'upos': 'CCONJ', 'xpos': 'CCONJ', 'head': 6, 'deprel': 'cc', 'lemma': 'ו'}, {'id': 6, 'text': 'אופן', 'upos': 'NOUN', 'xpos': 'NOUN', 'feats': 'Gender=Masc|Number=Sing', 'head': 2, 'deprel': 'conj', 'lemma': 'אופן'}]"
7,מימונה,ADJ,ADJ,6.0,amod,"(19, 25)",מימון,Gender=Masc|Number=Sing,
8,□,PUNCT,PUNCT,2.0,punct,"(26, 27)",□,,
9,מחיר,NOUN,NOUN,2.0,conj,"(28, 32)",מחיר,Definite=Cons|Gender=Masc|Number=Sing,
"(10, 11)",הדירה,,,,,"(33, 38)",,,"[{'id': 10, 'text': 'ה', 'upos': 'DET', 'xpos': 'DET', 'feats': 'PronType=Art', 'head': 11, 'deprel': 'det:def', 'lemma': 'ה'}, {'id': 11, 'text': 'דירה', 'upos': 'NOUN', 'xpos': 'NOUN', 'feats': 'Gender=Fem|Number=Sing', 'head': 9, 'deprel': 'compound:smixut', 'lemma': 'דירה'}]"
12,מחיר,NOUN,NOUN,25.0,nsubj:cop,"(39, 43)",מחיר,Definite=Cons|Gender=Masc|Number=Sing,
"(13, 14)",הקניה,,,,,"(44, 49)",,,"[{'id': 13, 'text': 'ה', 'upos': 'DET', 'xpos': 'DET', 'feats': 'PronType=Art', 'head': 14, 'deprel': 'det:def', 'lemma': 'ה'}, {'id': 14, 'text': 'קניה', 'upos': 'NOUN', 'xpos': 'NOUN', 'feats': 'Gender=Fem|Number=Sing', 'head': 12, 'deprel': 'compound:smixut', 'lemma': 'קניה'}]"
"(15, 16)",הממוצע,,,,,"(50, 56)",,,"[{'id': 15, 'text': 'ה', 'upos': 'DET', 'xpos': 'DET', 'feats': 'PronType=Art', 'head': 16, 'deprel': 'det:def', 'lemma': 'ה'}, {'id': 16, 'text': 'ממוצע', 'upos': 'ADJ', 'xpos': 'ADJ', 'feats': 'Gender=Masc|Number=Sing', 'head': 12, 'deprel': 'amod', 'lemma': 'ממוצע'}]"
17,של,ADP,ADP,18.0,case:gen,"(57, 59)",של,Case=Gen,
18,דירה,NOUN,NOUN,12.0,nmod,"(60, 64)",דירה,Gender=Fem|Number=Sing,
"(19, 21)",במגדל,,,,,"(65, 70)",,,"[{'id': 19, 'text': 'ב', 'upos': 'ADP', 'xpos': 'ADP', 'head': 21, 'deprel': 'case', 'lemma': 'ב'}, {'id': 20, 'text': 'ה_', 'upos': 'DET', 'xpos': 'DET', 'feats': 'PronType=Art', 'head': 21, 'deprel': 'det:def', 'lemma': 'ה'}, {'id': 21, 'text': 'מגדל', 'upos': 'NOUN', 'xpos': 'NOUN', 'feats': 'Definite=Cons|Gender=Masc|Number=Sing', 'head': 18, 'deprel': 'nmod', 'lemma': 'מגדל'}]"
"(22, 23)",העמק,,,,,"(71, 75)",,,"[{'id': 22, 'text': 'ה', 'upos': 'DET', 'xpos': 'DET', 'feats': 'PronType=Art', 'head': 23, 'deprel': 'det:def', 'lemma': 'ה'}, {'id': 23, 'text': 'עמק', 'upos': 'NOUN', 'xpos': 'NOUN', 'feats': 'Gender=Masc|Number=Sing', 'head': 21, 'deprel': 'compound:smixut', 'lemma': 'עמק'}]"
24,הוא,AUX,AUX,25.0,cop,"(76, 79)",הוא,Gender=Masc|Number=Sing|Person=3|Polarity=Pos|VerbForm=Part|VerbType=Cop,
25,$,PROPN,PROPN,0.0,root,"(80, 81)",$,,
26,"99,148",NUM,NUM,25.0,nummod,"(81, 87)","99,148",,
27,*,PUNCT,PUNCT,25.0,punct,"(87, 88)",*,,
1,מובן,ADJ,ADJ,0.0,root,"(1, 5)",מובן,Gender=Masc|Number=Sing,
"(2, 3)",שמחיר,,,,,"(6, 11)",,,"[{'id': 2, 'text': 'ש', 'upos': 'SCONJ', 'xpos': 'SCONJ', 'head': 9, 'deprel': 'mark', 'lemma': 'ש'}, {'id': 3, 'text': 'מחיר', 'upos': 'NOUN', 'xpos': 'NOUN', 'feats': 'Definite=Cons|Gender=Masc|Number=Sing', 'head': 9, 'deprel': 'nsubj', 'lemma': 'מחיר'}]"
"(4, 5)",הקניה,,,,,"(12, 17)",,,"[{'id': 4, 'text': 'ה', 'upos': 'DET', 'xpos': 'DET', 'feats': 'PronType=Art', 'head': 5, 'deprel': 'det:def', 'lemma': 'ה'}, {'id': 5, 'text': 'קניה', 'upos': 'NOUN', 'xpos': 'NOUN', 'feats': 'Gender=Fem|Number=Sing', 'head': 3, 'deprel': 'compound:smixut', 'lemma': 'קניה'}]"
6,של,ADP,ADP,8.0,case:gen,"(18, 20)",של,Case=Gen,
"(7, 8)",הדירה,,,,,"(21, 26)",,,"[{'id': 7, 'text': 'ה', 'upos': 'DET', 'xpos': 'DET', 'feats': 'PronType=Art', 'head': 3, 'deprel': 'det:def', 'lemma': 'ה'}, {'id': 8, 'text': 'דירה', 'upos': 'NOUN', 'xpos': 'NOUN', 'feats': 'Gender=Fem|Number=Sing', 'head': 3, 'deprel': 'nmod:poss', 'lemma': 'דירה'}]"
9,מושפע,VERB,VERB,1.0,ccomp,"(27, 32)",הושפע,Gender=Masc|Number=Sing,
"(10, 11)",מגודל,,,,,"(33, 38)",,,"[{'id': 10, 'text': 'מ', 'upos': 'ADP', 'xpos': 'ADP', 'head': 9, 'deprel': 'dep', 'lemma': 'מ'}, {'id': 11, 'text': 'גודל', 'upos': 'NOUN', 'xpos': 'NOUN', 'feats': 'Definite=Cons|Gender=Masc|Number=Sing', 'head': 9, 'deprel': 'obl', 'lemma': 'גודל'}]"
"(12, 13)",הדירה,,,,,"(39, 44)",,,"[{'id': 12, 'text': 'ה', 'upos': 'DET', 'xpos': 'DET', 'feats': 'PronType=Art', 'head': 13, 'deprel': 'det:def', 'lemma': 'ה'}, {'id': 13, 'text': 'דירה', 'upos': 'NOUN', 'xpos': 'NOUN', 'feats': 'Gender=Fem|Number=Sing', 'head': 11, 'deprel': 'compound:smixut', 'lemma': 'דירה'}]"
"(14, 15)",מבחינת,,,,,"(45, 51)",,,"[{'id': 14, 'text': 'מ', 'upos': 'ADP', 'xpos': 'ADP', 'head': 15, 'deprel': 'case', 'lemma': 'מ'}, {'id': 15, 'text': 'בחינת', 'upos': 'NOUN', 'xpos': 'NOUN', 'feats': 'Definite=Cons|Gender=Fem|Number=Sing', 'head': 9, 'deprel': 'obl', 'lemma': 'בחינה'}]"
16,שטח,NOUN,NOUN,15.0,compound:smixut,"(52, 55)",שטח,Gender=Masc|Number=Sing,
"(17, 18)",ומספר,,,,,"(56, 61)",,,"[{'id': 17, 'text': 'ו', 'upos': 'CCONJ', 'xpos': 'CCONJ', 'head': 19, 'deprel': 'cc', 'lemma': 'ו'}, {'id': 18, 'text': 'מספר', 'upos': 'DET', 'xpos': 'DET', 'feats': 'Definite=Cons', 'head': 19, 'deprel': 'det', 'lemma': 'מספר'}]"
19,חדרים,NOUN,NOUN,15.0,compound:smixut,"(62, 67)",חדר,Gender=Masc|Number=Plur,
1,קוני,NOUN,NOUN,4.0,nsubj,"(1, 5)",קונה,Definite=Cons|Gender=Masc|Number=Plur,
2,דירה,NOUN,NOUN,1.0,compound:smixut,"(6, 10)",דירה,Gender=Fem|Number=Sing,
3,לראשונה,ADV,ADV,4.0,advmod,"(11, 18)",לראשונה,,
4,קנו,VERB,VERB,0.0,root,"(19, 22)",קנה,"Gender=Fem,Masc|HebBinyan=PAAL|Number=Plur|Person=3|Tense=Past|Voice=Act",
5,דירות,NOUN,NOUN,4.0,obj,"(23, 28)",דירה,Gender=Fem|Number=Plur,
6,זולות,ADJ,ADJ,5.0,amod,"(29, 34)",זול,Gender=Fem|Number=Plur,
7,יותר,ADV,ADV,6.0,advmod,"(35, 39)",יותר,,
8,",",PUNCT,PUNCT,4.0,punct,"(40, 41)",",",,
9,לעומת,ADP,ADP,10.0,case,"(42, 47)",לעומת,,
10,קונים,NOUN,NOUN,4.0,obl,"(48, 53)",קונה,Gender=Masc|Number=Plur,
"(11, 12)",שהיתה,,,,,"(54, 59)",,,"[{'id': 11, 'text': 'ש', 'upos': 'SCONJ', 'xpos': 'SCONJ', 'head': 12, 'deprel': 'mark', 'lemma': 'ש'}, {'id': 12, 'text': 'היתה', 'upos': 'AUX', 'xpos': 'AUX', 'feats': 'Gender=Fem|Number=Sing|Person=3|Polarity=Pos|Tense=Past|VerbType=Cop', 'head': 10, 'deprel': 'acl:relcl', 'lemma': 'היה'}]"
"(13, 16)",בבעלותם,,,,,"(60, 67)",,,"[{'id': 13, 'text': 'ב', 'upos': 'ADP', 'xpos': 'ADP', 'head': 14, 'deprel': 'case', 'lemma': 'ב'}, {'id': 14, 'text': 'בעלות_', 'upos': 'NOUN', 'xpos': 'NOUN', 'feats': 'Definite=Def|Gender=Fem|Number=Sing', 'head': 12, 'deprel': 'obl', 'lemma': 'בעלות'}, {'id': 15, 'text': '_של_', 'upos': 'ADP', 'xpos': 'ADP', 'head': 16, 'deprel': 'case:gen', 'lemma': 'של'}, {'id': 16, 'text': '_הם', 'upos': 'PRON', 'xpos': 'PRON', 'feats': 'Case=Gen|Gender=Masc|Number=Plur|Person=3|PronType=Prs', 'head': 14, 'deprel': 'nmod:poss', 'lemma': 'הוא'}]"
17,דירה,NOUN,NOUN,12.0,nsubj,"(68, 72)",דירה,Gender=Fem|Number=Sing,
"(18, 20)",בעבר,,,,,"(73, 77)",,,"[{'id': 18, 'text': 'ב', 'upos': 'ADP', 'xpos': 'ADP', 'head': 20, 'deprel': 'case', 'lemma': 'ב'}, {'id': 19, 'text': 'ה_', 'upos': 'DET', 'xpos': 'DET', 'feats': 'PronType=Art', 'head': 20, 'deprel': 'det:def', 'lemma': 'ה'}, {'id': 20, 'text': 'עבר', 'upos': 'NOUN', 'xpos': 'NOUN', 'feats': 'Gender=Masc|Number=Sing', 'head': 12, 'deprel': 'obl', 'lemma': 'עבר'}]"
21,(,PUNCT,PUNCT,12.0,punct,"(78, 79)",(,,
22,פער,NOUN,NOUN,12.0,parataxis,"(79, 82)",פער,Gender=Masc|Number=Sing,
23,של,ADP,ADP,27.0,case:gen,"(83, 85)",של,Case=Gen,
24,כ,ADV,ADV,27.0,advmod,"(86, 87)",כ,,
25,-,PUNCT,PUNCT,27.0,punct,"(87, 88)",-,,
26,20,NUM,NUM,27.0,nummod,"(89, 91)",20,,
27,%,NOUN,NOUN,22.0,nmod,"(91, 92)",%,"Gender=Masc|Number=Plur,Sing",
"(28, 29)",במחיר,,,,,"(93, 98)",,,"[{'id': 28, 'text': 'ב', 'upos': 'ADP', 'xpos': 'ADP', 'head': 29, 'deprel': 'case', 'lemma': 'ב'}, {'id': 29, 'text': 'מחיר', 'upos': 'NOUN', 'xpos': 'NOUN', 'feats': 'Definite=Cons|Gender=Masc|Number=Sing', 'head': 27, 'deprel': 'nmod', 'lemma': 'מחיר'}]"
"(30, 31)",הדירה,,,,,"(99, 104)",,,"[{'id': 30, 'text': 'ה', 'upos': 'DET', 'xpos': 'DET', 'feats': 'PronType=Art', 'head': 31, 'deprel': 'det:def', 'lemma': 'ה'}, {'id': 31, 'text': 'דירה', 'upos': 'NOUN', 'xpos': 'NOUN', 'feats': 'Gender=Fem|Number=Sing', 'head': 29, 'deprel': 'compound:smixut', 'lemma': 'דירה'}]"
32,),PUNCT,PUNCT,4.0,punct,"(104, 105)",),,
1,דירות,NOUN,NOUN,33.0,nsubj,"(1, 6)",דירה,Gender=Fem|Number=Plur,
2,חדשות,ADJ,ADJ,1.0,dep,"(7, 12)",חדש,,
3,(,PUNCT,PUNCT,1.0,punct,"(13, 14)",(,,
"(4, 6)",שכולן,,,,,"(14, 19)",,,"[{'id': 4, 'text': 'ש', 'upos': 'SCONJ', 'xpos': 'SCONJ', 'head': 1, 'deprel': 'dep', 'lemma': 'ש'}, {'id': 5, 'text': 'כולן', 'upos': 'NOUN', 'xpos': 'NOUN', 'feats': 'Gender=Masc|Number=Sing', 'head': 33, 'deprel': 'advmod', 'lemma': 'כול'}, {'id': 6, 'text': '_הן', 'upos': 'PRON', 'xpos': 'PRON', 'feats': 'Gender=Fem|Number=Plur|Person=3|PronType=Prs', 'head': 1, 'deprel': 'nmod:poss', 'lemma': 'הוא'}]"
"(7, 9)",בבניה,,,,,"(20, 25)",,,"[{'id': 7, 'text': 'ב', 'upos': 'ADP', 'xpos': 'ADP', 'head': 33, 'deprel': 'case', 'lemma': 'ב'}, {'id': 8, 'text': 'ה_', 'upos': 'DET', 'xpos': 'DET', 'feats': 'PronType=Art', 'head': 9, 'deprel': 'det:def', 'lemma': 'ה'}, {'id': 9, 'text': 'בניה', 'upos': 'NOUN', 'xpos': 'NOUN', 'feats': 'Gender=Masc|Number=Sing', 'head': 0, 'deprel': 'compound:smixut', 'lemma': 'בניה'}]"
"(10, 11)",ביוזמה,,,,,"(26, 32)",,,"[{'id': 10, 'text': 'ב', 'upos': 'ADP', 'xpos': 'ADP', 'head': 33, 'deprel': 'case', 'lemma': 'ב'}, {'id': 11, 'text': 'יוזמה', 'upos': 'NOUN', 'xpos': 'NOUN', 'feats': 'PronType=Art', 'head': 9, 'deprel': 'dep', 'lemma': 'יוזמה'}]"
12,ציבורית,ADJ,ADJ,33.0,amod,"(33, 40)",ציבורי,,
13,),PUNCT,PUNCT,1.0,punct,"(40, 41)",),,
14,היו,AUX,AUX,1.0,dep,"(42, 45)",היה,,
15,יקרות,ADJ,ADJ,33.0,dep,"(46, 51)",יקר,Gender=Masc|Number=Sing,
16,יותר,ADV,ADV,33.0,det,"(52, 56)",יותר,,
"(17, 18)",בכ,,,,,"(57, 59)",,,"[{'id': 17, 'text': 'ב', 'upos': 'ADP', 'xpos': 'ADP', 'head': 33, 'deprel': 'case', 'lemma': 'ב'}, {'id': 18, 'text': 'כ', 'upos': 'ADV', 'xpos': 'ADV', 'head': 33, 'deprel': 'dep', 'lemma': 'כ'}]"
19,-,PUNCT,PUNCT,18.0,punct,"(59, 60)",-,,
20,30,NUM,NUM,33.0,nummod,"(61, 63)",30,,
21,%,PUNCT,PUNCT,1.0,dep,"(63, 64)",%,"Gender=Masc|Number=Plur,Sing",
"(22, 23)",מדירות,,,,,"(65, 71)",,,"[{'id': 22, 'text': 'מ', 'upos': 'ADP', 'xpos': 'ADP', 'head': 33, 'deprel': 'case', 'lemma': 'מ'}, {'id': 23, 'text': 'דירות', 'upos': 'NOUN', 'xpos': 'NOUN', 'feats': 'Gender=Fem|Number=Plur', 'head': 33, 'deprel': 'nmod', 'lemma': 'דירה'}]"
24,יד,NOUN,NOUN,1.0,compound:smixut,"(72, 74)",יד,,
25,שניה,NOUN,NOUN,33.0,amod,"(75, 79)",שנייה,Gender=Masc|Number=Sing,
26,(,PUNCT,PUNCT,15.0,punct,"(80, 81)",(,,
27,הן,PRON,PRON,33.0,nsubj,"(81, 83)",הוא,Gender=Fem|Number=Plur|Person=3|PronType=Prs,
28,גם,ADV,ADV,33.0,det,"(84, 86)",גם,,
29,היו,PUNCT,PUNCT,33.0,cop,"(87, 90)",היה,,
30,גדולות,ADJ,ADJ,33.0,dep,"(91, 97)",גדול,,
31,יותר,ADV,ADV,33.0,det,"(98, 102)",יותר,,
"(32, 33)",בצורה,,,,,"(103, 108)",,,"[{'id': 32, 'text': 'ב', 'upos': 'ADP', 'xpos': 'ADP', 'head': 33, 'deprel': 'case', 'lemma': 'ב'}, {'id': 33, 'text': 'צורה', 'upos': 'NOUN', 'xpos': 'NOUN', 'feats': 'Gender=Fem|Number=Sing', 'head': 11, 'deprel': 'dep', 'lemma': 'צורה'}]"
34,משמעותית,ADJ,ADJ,33.0,det,"(109, 117)",משמעותי,,
35,),PUNCT,PUNCT,33.0,punct,"(117, 118)",),,
1,□,PUNCT,PUNCT,4.0,dep,"(1, 2)",□,,
"(2, 4)",אופן מימון הדירה,,,,,"(3, 19)",,,"[{'id': 2, 'text': 'אופן', 'upos': 'PROPN', 'xpos': 'PROPN', 'head': 4, 'deprel': 'dep', 'lemma': 'אופן'}, {'id': 3, 'text': 'טימן', 'upos': 'PROPN', 'xpos': 'PROPN', 'head': 4, 'deprel': 'dep', 'lemma': 'טימן'}, {'id': 4, 'text': 'טימהדירה', 'upos': 'NOUN', 'xpos': 'NOUN', 'head': 12, 'deprel': 'flat:name', 'lemma': 'טימהדירה'}]"
"(5, 6)",המרואיינים,,,,,"(20, 30)",,,"[{'id': 5, 'text': 'ה', 'upos': 'DET', 'xpos': 'DET', 'feats': 'PronType=Art', 'head': 12, 'deprel': 'det:def', 'lemma': 'ה'}, {'id': 6, 'text': 'מרואיינים', 'upos': 'NOUN', 'xpos': 'NOUN', 'feats': 'Gender=Masc|Number=Plur', 'head': 12, 'deprel': 'nmod', 'lemma': 'מרואיין'}]"
7,נת,NOUN,NOUN,0.0,root,"(31, 33)",נת,,
"(8, 9)",בק,,,,,"(33, 35)",,,"[{'id': 8, 'text': 'ב', 'upos': 'NOUN', 'xpos': 'NOUN', 'head': 12, 'deprel': 'flat:name', 'lemma': 'ב'}, {'id': 9, 'text': 'ק', 'upos': 'NOUN', 'xpos': 'NOUN', 'head': 4, 'deprel': 'dep', 'lemma': 'ק'}]"
"(10, 12)",שו לציין,,,,,"(35, 43)",,,"[{'id': 10, 'text': 'ש', 'upos': 'SCONJ', 'xpos': 'SCONJ', 'head': 12, 'deprel': 'dep', 'lemma': 'ש'}, {'id': 11, 'text': 'ו', 'upos': 'CCONJ', 'xpos': 'CCONJ', 'head': 12, 'deprel': 'dep', 'lemma': 'ו'}, {'id': 12, 'text': 'צלציין', 'upos': 'NOUN', 'xpos': 'NOUN', 'head': 7, 'deprel': 'flat:name', 'lemma': 'צלציין'}]"
13,את,ADP,ADP,12.0,case:acc,"(44, 46)",את,Case=Acc,
14,מקורות,NOUN,NOUN,4.0,dep,"(47, 53)",מקור,,
"(15, 16)",המימון,,,,,"(54, 60)",,,"[{'id': 15, 'text': 'ה', 'upos': 'DET', 'xpos': 'DET', 'feats': 'PronType=Art', 'head': 16, 'deprel': 'det:def', 'lemma': 'ה'}, {'id': 16, 'text': 'מימון', 'upos': 'NOUN', 'xpos': 'NOUN', 'feats': 'Gender=Masc|Number=Sing', 'head': 12, 'deprel': 'compound:smixut', 'lemma': 'מימון'}]"
"(17, 19)",לדיר,,,,,"(61, 65)",,,"[{'id': 17, 'text': 'ל', 'upos': 'ADP', 'xpos': 'ADP', 'head': 4, 'deprel': 'dep', 'lemma': 'ל'}, {'id': 18, 'text': 'ה_', 'upos': 'DET', 'xpos': 'DET', 'feats': 'PronType=Art', 'head': 19, 'deprel': 'det:def', 'lemma': 'ה'}, {'id': 19, 'text': 'דיר', 'upos': 'NOUN', 'xpos': 'NOUN', 'feats': 'Gender=Masc|Number=Sing', 'head': 4, 'deprel': 'dep', 'lemma': 'דיר'}]"
"(20, 21)",תם,,,,,"(65, 67)",,,"[{'id': 20, 'text': 'תם', 'upos': 'NOUN', 'xpos': 'NOUN', 'feats': 'Gender=Masc|Number=Sing', 'head': 4, 'deprel': 'dep', 'lemma': 'תם'}, {'id': 21, 'text': '_הם', 'upos': 'PRON', 'xpos': 'PRON', 'feats': 'Case=Gen|Gender=Masc|Number=Plur|Person=3|PronType=Prs', 'head': 4, 'deprel': 'dep', 'lemma': 'הוא'}]"
"(1, 2)",בממוצע,,,,,"(1, 7)",,,"[{'id': 1, 'text': 'ב', 'upos': 'NOUN', 'xpos': 'NOUN', 'head': 4, 'deprel': 'advmod', 'lemma': 'ב'}, {'id': 2, 'text': 'ממוצע', 'upos': 'NOUN', 'xpos': 'NOUN', 'feats': 'Gender=Masc|Number=Sing', 'head': 3, 'deprel': 'obl', 'lemma': 'ממוצע'}]"
3,צוינו,VERB,VERB,0.0,root,"(8, 13)",צוין,"Gender=Fem,Masc|HebBinyan=PIEL|Number=Plur|Person=3|Tense=Past|Voice=Act",
4,כ,ADV,ADV,3.0,obj,"(14, 15)",כ,,
5,-,PUNCT,PUNCT,6.0,punct,"(15, 16)",-,,
6,3,NUM,NUM,3.0,obj,"(17, 18)",3,,
1,2,NUM,NUM,2.0,nummod,"(0, 1)",2,,
2,מקורות,NOUN,NOUN,0.0,root,"(2, 8)",מקור,Definite=Cons|Gender=Masc|Number=Plur,
3,מימון,NOUN,NOUN,2.0,compound:smixut,"(9, 14)",מימון,Gender=Masc|Number=Sing,
1,לוח,NOUN,NOUN,0.0,root,"(1, 4)",לוח,Gender=Masc|Number=Sing,
2,3,NUM,NUM,1.0,compound:smixut,"(5, 6)",3,,
1,36,PUNCT,PUNCT,2.0,dep,"(0, 2)",36,,
2,מפרט,NOUN,NOUN,9.0,dep,"(3, 7)",פירט,,
3,את,ADP,ADP,0.0,root,"(8, 10)",את,Case=Acc,
4,מקורות,NOUN,NOUN,9.0,obj,"(11, 17)",מקור,Definite=Cons|Gender=Masc|Number=Sing,
"(5, 6)",המימון,,,,,"(18, 24)",,,"[{'id': 5, 'text': 'ה', 'upos': 'DET', 'xpos': 'DET', 'head': 6, 'deprel': 'det:def', 'lemma': 'ה'}, {'id': 6, 'text': 'מימון', 'upos': 'NOUN', 'xpos': 'NOUN', 'feats': 'Gender=Masc|Number=Sing', 'head': 9, 'deprel': 'nsubj', 'lemma': 'מימון'}]"
7,(,PUNCT,PUNCT,9.0,punct,"(25, 26)",(,,
"(8, 9)",המסתכמים,,,,,"(26, 34)",,,"[{'id': 8, 'text': 'ה', 'upos': 'PROPN', 'xpos': 'PROPN', 'head': 9, 'deprel': 'dep', 'lemma': 'ה'}, {'id': 9, 'text': 'מסתכמים', 'upos': 'VERB', 'xpos': 'VERB', 'head': 3, 'deprel': 'dep', 'lemma': 'הסתכם'}]"
"(10, 11)",ביותר,,,,,"(35, 40)",,,"[{'id': 10, 'text': 'ב', 'upos': 'ADP', 'xpos': 'ADP', 'head': 9, 'deprel': 'dep', 'lemma': 'ב'}, {'id': 11, 'text': 'יותר', 'upos': 'NUM', 'xpos': 'NUM', 'head': 9, 'deprel': 'advmod', 'lemma': 'יותר'}]"
12,מ,ADP,ADP,9.0,advmod,"(41, 42)",מ,,
13,-,PUNCT,PUNCT,9.0,punct,"(42, 43)",-,,
14,100,NUM,NUM,9.0,obj,"(44, 47)",100,,
15,%,PUNCT,PUNCT,9.0,dep,"(47, 48)",%,,
16,),PUNCT,PUNCT,9.0,punct,"(48, 49)",),,
1,אמצעי,NOUN,NOUN,18.0,dep,"(1, 6)",אמצע,Definite=Cons|Gender=Masc|Number=Plur,
"(2, 3)",המימון,,,,,"(7, 13)",,,"[{'id': 2, 'text': 'ה', 'upos': 'DET', 'xpos': 'DET', 'feats': 'PronType=Art', 'head': 18, 'deprel': 'det:def', 'lemma': 'ה'}, {'id': 3, 'text': 'מימון', 'upos': 'NOUN', 'xpos': 'NOUN', 'feats': 'Gender=Masc|Number=Sing', 'head': 18, 'deprel': 'compound:smixut', 'lemma': 'מימון'}]"
"(4, 5)",העיקריים,,,,,"(14, 22)",,,"[{'id': 4, 'text': 'ה', 'upos': 'DET', 'xpos': 'DET', 'feats': 'PronType=Art', 'head': 18, 'deprel': 'det:def', 'lemma': 'ה'}, {'id': 5, 'text': 'עיקריים', 'upos': 'ADJ', 'xpos': 'ADJ', 'feats': 'Gender=Masc|Number=Sing', 'head': 18, 'deprel': 'advmod', 'lemma': 'עיקרי'}]"
6,הם,PUNCT,PUNCT,18.0,dep,"(23, 25)",הוא,,
7,משכנתא,NOUN,NOUN,18.0,obj,"(26, 32)",משכנתא,,
8,משלימה,NOUN,NOUN,18.0,dep,"(33, 39)",משלימה,,
9,64,NUM,NUM,18.0,dep,"(40, 42)",64,,
10,%,PUNCT,PUNCT,18.0,dep,"(42, 43)",%,,
"(11, 12)",ומימון,,,,,"(44, 50)",,,"[{'id': 11, 'text': 'ו', 'upos': 'CCONJ', 'xpos': 'CCONJ', 'head': 18, 'deprel': 'cc', 'lemma': 'ו'}, {'id': 12, 'text': 'מימון', 'upos': 'NOUN', 'xpos': 'NOUN', 'feats': 'Gender=Masc|Number=Sing', 'head': 18, 'deprel': 'nsubj', 'lemma': 'מימון'}]"
13,על,ADP,ADP,18.0,dep,"(51, 53)",על,Definite=Cons,
14,ידי,NOUN,NOUN,13.0,dep,"(54, 57)",יד,,
15,משכנתא,NOUN,NOUN,18.0,obj,"(58, 64)",משכנתא,,
"(16, 18)",לזכאים,,,,,"(65, 71)",,,"[{'id': 16, 'text': 'ל', 'upos': 'ADP', 'xpos': 'ADP', 'head': 18, 'deprel': 'dep', 'lemma': 'ל'}, {'id': 17, 'text': 'ה_', 'upos': 'DET', 'xpos': 'DET', 'feats': 'PronType=Art', 'head': 18, 'deprel': 'det:def', 'lemma': 'ה'}, {'id': 18, 'text': 'זכאים', 'upos': 'NOUN', 'xpos': 'NOUN', 'feats': 'Gender=Masc|Number=Sing', 'head': 0, 'deprel': 'root', 'lemma': 'זכאי'}]"
19,או,ADV,ADV,18.0,dep,"(72, 74)",או,,
20,גרירת,NOUN,NOUN,18.0,dep,"(75, 80)",גרירה,,
21,משכנתא,NOUN,NOUN,18.0,dep,"(81, 87)",משכנתא,,
22,–,PUNCT,PUNCT,18.0,dep,"(88, 89)",–,,
23,61,NUM,NUM,18.0,dep,"(90, 92)",61,,
24,%,PUNCT,PUNCT,18.0,dep,"(92, 93)",%,,
1,בקרב,ADP,ADP,2.0,case,"(1, 5)",בקרב,,
"(2, 4)",קוני,,,,,"(6, 10)",,,"[{'id': 2, 'text': 'קון_', 'upos': 'NOUN', 'xpos': 'NOUN', 'feats': 'Definite=Def|Gender=Masc|Number=Plur', 'head': 0, 'deprel': 'root', 'lemma': 'קון'}, {'id': 3, 'text': '_של_', 'upos': 'ADP', 'xpos': 'ADP', 'head': 4, 'deprel': 'case:gen', 'lemma': 'של'}, {'id': 4, 'text': '_אני', 'upos': 'PRON', 'xpos': 'PRON', 'feats': 'Case=Gen|Gender=Fem,Masc|Number=Sing|Person=1|PronType=Prs', 'head': 2, 'deprel': 'nmod:poss', 'lemma': 'הוא'}]"
5,דירה,NOUN,NOUN,2.0,dep,"(11, 15)",דירה,Gender=Fem|Number=Sing,
6,לראשונה,ADV,ADV,2.0,advmod,"(16, 23)",לראשונה,HebSource=ConvUncertainHead,
7,:,PUNCT,PUNCT,5.0,punct,"(24, 25)",:,,
8,77,NUM,NUM,9.0,nummod,"(26, 28)",77,,
9,%,NOUN,NOUN,10.0,nsubj,"(28, 29)",%,"Gender=Masc|Number=Plur,Sing",
10,ציינו,VERB,VERB,5.0,dep,"(30, 35)",ציין,"Gender=Fem,Masc|HebBinyan=PIEL|Number=Plur|Person=3|Tense=Past|Voice=Act",
11,משכנתא,NOUN,NOUN,10.0,obj,"(36, 42)",משכנתא,Gender=Fem|Number=Sing,
"(12, 14)",לזכאים,,,,,"(43, 49)",,,"[{'id': 12, 'text': 'ל', 'upos': 'ADP', 'xpos': 'ADP', 'head': 14, 'deprel': 'case', 'lemma': 'ל'}, {'id': 13, 'text': 'ה_', 'upos': 'DET', 'xpos': 'DET', 'feats': 'PronType=Art', 'head': 14, 'deprel': 'det:def', 'lemma': 'ה'}, {'id': 14, 'text': 'זכאים', 'upos': 'ADJ', 'xpos': 'ADJ', 'feats': 'Gender=Masc|Number=Plur', 'head': 11, 'deprel': 'nmod', 'lemma': 'זכאי'}]"
"(15, 17)",כמקור,,,,,"(50, 55)",,,"[{'id': 15, 'text': 'כ', 'upos': 'ADP', 'xpos': 'ADP', 'head': 17, 'deprel': 'case', 'lemma': 'כ'}, {'id': 16, 'text': 'ה_', 'upos': 'DET', 'xpos': 'DET', 'feats': 'PronType=Art', 'head': 17, 'deprel': 'det:def', 'lemma': 'ה'}, {'id': 17, 'text': 'מקור', 'upos': 'NOUN', 'xpos': 'NOUN', 'feats': 'Gender=Masc|Number=Sing', 'head': 11, 'deprel': 'nmod', 'lemma': 'מקור'}]"
18,בולט,ADJ,ADJ,17.0,amod,"(56, 60)",בולט,Gender=Masc|Number=Sing,
"(19, 20)",למימון,,,,,"(61, 67)",,,"[{'id': 19, 'text': 'ל', 'upos': 'ADP', 'xpos': 'ADP', 'head': 20, 'deprel': 'case', 'lemma': 'ל'}, {'id': 20, 'text': 'מימון', 'upos': 'NOUN', 'xpos': 'NOUN', 'feats': 'Definite=Cons|Gender=Masc|Number=Sing', 'head': 17, 'deprel': 'nmod', 'lemma': 'מימון'}]"
"(21, 23)",דירתם,,,,,"(68, 73)",,,"[{'id': 21, 'text': 'דירה_', 'upos': 'NOUN', 'xpos': 'NOUN', 'feats': 'Definite=Def|Gender=Fem|Number=Sing', 'head': 20, 'deprel': 'compound:smixut', 'lemma': 'דירה'}, {'id': 22, 'text': '_של_', 'upos': 'ADP', 'xpos': 'ADP', 'head': 23, 'deprel': 'case:gen', 'lemma': 'של'}, {'id': 23, 'text': '_הם', 'upos': 'PRON', 'xpos': 'PRON', 'feats': 'Case=Gen|Gender=Masc|Number=Plur|Person=3|PronType=Prs', 'head': 21, 'deprel': 'nmod:poss', 'lemma': 'הוא'}]"
24,",",PUNCT,PUNCT,10.0,punct,"(74, 75)",",",,
25,62,NUM,NUM,26.0,nummod,"(76, 78)",62,,
26,%,NOUN,NOUN,27.0,nsubj,"(78, 79)",%,"Gender=Masc|Number=Plur,Sing",
27,ציינו,VERB,VERB,10.0,conj,"(80, 85)",ציין,"Gender=Fem,Masc|HebBinyan=PIEL|Number=Plur|Person=3|Tense=Past|Voice=Act",
28,משכנתא,NOUN,NOUN,27.0,obj,"(86, 92)",משכנתא,Gender=Fem|Number=Sing,
29,משלימה,VERB,VERB,28.0,amod,"(93, 99)",השלים,"Gender=Fem|HebBinyan=PIEL|Number=Sing|Person=1,2,3|VerbForm=Part|Voice=Act",
30,",",PUNCT,PUNCT,10.0,punct,"(99, 100)",",",,
31,20,NUM,NUM,32.0,nummod,"(101, 103)",20,,
32,%,NOUN,NOUN,33.0,nsubj,"(103, 104)",%,"Gender=Masc|Number=Plur,Sing",
33,ציינו,VERB,VERB,10.0,conj,"(105, 110)",ציין,"Gender=Fem,Masc|HebBinyan=PIEL|Number=Plur|Person=3|Tense=Past|Voice=Act",
34,הלוואות,NOUN,NOUN,33.0,obj,"(111, 118)",הלוואה,Gender=Fem|Number=Plur,
"(35, 36)",ממקורות,,,,,"(119, 126)",,,"[{'id': 35, 'text': 'מ', 'upos': 'ADP', 'xpos': 'ADP', 'head': 36, 'deprel': 'case', 'lemma': 'מ'}, {'id': 36, 'text': 'מקורות', 'upos': 'NOUN', 'xpos': 'NOUN', 'feats': 'Gender=Masc|Number=Plur', 'head': 34, 'deprel': 'nmod', 'lemma': 'מקור'}]"
37,אחרים,ADJ,ADJ,36.0,amod,"(127, 132)",אחר,Gender=Masc|Number=Plur,
38,",",PUNCT,PUNCT,10.0,punct,"(132, 133)",",",,
39,ו,CCONJ,CCONJ,42.0,cc,"(134, 135)",ו,,
40,-,PUNCT,PUNCT,42.0,punct,"(135, 136)",-,,
41,20,NUM,NUM,42.0,nummod,"(136, 138)",20,,
42,%,NOUN,NOUN,43.0,nsubj,"(138, 139)",%,"Gender=Masc|Number=Plur,Sing",
43,ציינו,VERB,VERB,10.0,conj,"(140, 145)",ציין,"Gender=Fem,Masc|HebBinyan=PIEL|Number=Plur|Person=3|Tense=Past|Voice=Act",
44,חסכונות,NOUN,NOUN,43.0,obj,"(146, 153)",חיסכון,Gender=Masc|Number=Plur,
"(45, 46)",ומתנות,,,,,"(154, 160)",,,"[{'id': 45, 'text': 'ו', 'upos': 'CCONJ', 'xpos': 'CCONJ', 'head': 46, 'deprel': 'cc', 'lemma': 'ו'}, {'id': 46, 'text': 'מתנות', 'upos': 'NOUN', 'xpos': 'NOUN', 'feats': 'Gender=Fem|Number=Plur', 'head': 44, 'deprel': 'conj', 'lemma': 'מתנה'}]"
1,למרות,ADP,ADP,14.0,mark,"(1, 6)",למרות,,
"(2, 3)",שחלק,,,,,"(7, 11)",,,"[{'id': 2, 'text': 'ש', 'upos': 'SCONJ', 'xpos': 'SCONJ', 'head': 1, 'deprel': 'fixed', 'lemma': 'ש'}, {'id': 3, 'text': 'חלק', 'upos': 'NOUN', 'xpos': 'NOUN', 'feats': 'Gender=Masc|Number=Sing', 'head': 14, 'deprel': 'nsubj', 'lemma': 'חלק'}]"
"(4, 6)",מהמרואיינים,,,,,"(12, 23)",,,"[{'id': 4, 'text': 'מ', 'upos': 'ADP', 'xpos': 'ADP', 'head': 14, 'deprel': 'dep', 'lemma': 'מ'}, {'id': 5, 'text': 'ה', 'upos': 'DET', 'xpos': 'DET', 'feats': 'PronType=Art', 'head': 6, 'deprel': 'det:def', 'lemma': 'ה'}, {'id': 6, 'text': 'מרואיינים', 'upos': 'NOUN', 'xpos': 'NOUN', 'feats': 'Gender=Masc|Number=Plur', 'head': 14, 'deprel': 'nsubj', 'lemma': 'מרואיין'}]"
7,לא פרט,ADV,ADV,14.0,dep,"(24, 30)",לא פרט,Polarity=Neg,
8,את,ADP,ADP,43.0,case:acc,"(31, 33)",את,Case=Acc,
9,כל,DET,DET,48.0,dep,"(34, 36)",כול,Definite=Cons,
10,מקורות,NOUN,NOUN,7.0,dep,"(37, 43)",מקור,Definite=Cons|Gender=Masc|Number=Plur,
"(11, 12)",המימון,,,,,"(44, 50)",,,"[{'id': 11, 'text': 'ה', 'upos': 'DET', 'xpos': 'DET', 'feats': 'PronType=Art', 'head': 12, 'deprel': 'det:def', 'lemma': 'ה'}, {'id': 12, 'text': 'מימון', 'upos': 'NOUN', 'xpos': 'NOUN', 'feats': 'Gender=Masc|Number=Sing', 'head': 10, 'deprel': 'compound:smixut', 'lemma': 'מימון'}]"
13,",",PUNCT,PUNCT,14.0,punct,"(51, 52)",",",,
14,בנינו,VERB,VERB,0.0,root,"(53, 58)",בנה,,
15,את,ADP,ADP,14.0,case:acc,"(59, 61)",את,Case=Acc,
16,מחיר,NOUN,NOUN,14.0,obj,"(62, 66)",מחיר,Definite=Cons|Gender=Masc|Number=Sing,
"(17, 18)",הדירה,,,,,"(67, 72)",,,"[{'id': 17, 'text': 'ה', 'upos': 'DET', 'xpos': 'DET', 'feats': 'PronType=Art', 'head': 18, 'deprel': 'det:def', 'lemma': 'ה'}, {'id': 18, 'text': 'דירה', 'upos': 'NOUN', 'xpos': 'NOUN', 'feats': 'Gender=Fem|Number=Sing', 'head': 16, 'deprel': 'compound:smixut', 'lemma': 'דירה'}]"
"(19, 20)",הכולל,,,,,"(73, 78)",,,"[{'id': 19, 'text': 'ה', 'upos': 'DET', 'xpos': 'DET', 'feats': 'PronType=Art', 'head': 20, 'deprel': 'det:def', 'lemma': 'ה'}, {'id': 20, 'text': 'כולל', 'upos': 'ADJ', 'xpos': 'ADJ', 'feats': 'Gender=Masc|Number=Sing', 'head': 16, 'deprel': 'amod', 'lemma': 'כולל'}]"
"(21, 22)",כפונקציה,,,,,"(79, 87)",,,"[{'id': 21, 'text': 'כ', 'upos': 'ADP', 'xpos': 'ADP', 'head': 22, 'deprel': 'case', 'lemma': 'כ'}, {'id': 22, 'text': 'פונקציה', 'upos': 'NOUN', 'xpos': 'NOUN', 'feats': 'Gender=Fem|Number=Sing', 'head': 14, 'deprel': 'obl', 'lemma': 'פונקציה'}]"
23,של,ADP,ADP,22.0,dep,"(88, 90)",של,Case=Gen,
24,מקורות,NOUN,NOUN,22.0,dep,"(91, 97)",מקור,Definite=Cons|Gender=Masc|Number=Plur,
"(25, 26)",המימון,,,,,"(98, 104)",,,"[{'id': 25, 'text': 'ה', 'upos': 'DET', 'xpos': 'DET', 'feats': 'PronType=Art', 'head': 26, 'deprel': 'det:def', 'lemma': 'ה'}, {'id': 26, 'text': 'מימון', 'upos': 'NOUN', 'xpos': 'NOUN', 'feats': 'Gender=Masc|Number=Sing', 'head': 24, 'deprel': 'compound:smixut', 'lemma': 'מימון'}]"
27,",",PUNCT,PUNCT,14.0,punct,"(105, 106)",",",,
28,כאשר,SCONJ,SCONJ,14.0,mark,"(107, 111)",כאשר,,
29,הונח,VERB,VERB,14.0,dep,"(112, 116)",הונח,,
"(30, 32)",שהמרואיינים,,,,,"(117, 128)",,,"[{'id': 30, 'text': 'ש', 'upos': 'SCONJ', 'xpos': 'SCONJ', 'head': 35, 'deprel': 'mark', 'lemma': 'ש'}, {'id': 31, 'text': 'ה', 'upos': 'DET', 'xpos': 'DET', 'feats': 'PronType=Art', 'head': 32, 'deprel': 'det:def', 'lemma': 'ה'}, {'id': 32, 'text': 'מרואיינים', 'upos': 'NOUN', 'xpos': 'NOUN', 'feats': 'Gender=Masc|Number=Plur', 'head': 48, 'deprel': 'nsubj', 'lemma': 'מרואיין'}]"
"(33, 34)",שלא,,,,,"(129, 132)",,,"[{'id': 33, 'text': 'ש', 'upos': 'SCONJ', 'xpos': 'SCONJ', 'head': 35, 'deprel': 'mark', 'lemma': 'ש'}, {'id': 34, 'text': 'לא', 'upos': 'ADV', 'xpos': 'ADV', 'feats': 'Polarity=Neg', 'head': 35, 'deprel': 'advmod', 'lemma': 'לא'}]"
35,פרטו,VERB,VERB,41.0,advmod,"(133, 137)",פרט,,
36,את,ADP,ADP,35.0,case:acc,"(138, 140)",את,Case=Acc,
37,מקור,NOUN,NOUN,35.0,obj,"(141, 145)",מקור,Gender=Masc|Number=Sing,
38,מימו ן,NOUN,NOUN,35.0,obj,"(146, 152)",מימולן,Definite=Cons|Gender=Masc|Number=Sing,
"(39, 40)",הדירה,,,,,"(153, 158)",,,"[{'id': 39, 'text': 'ה', 'upos': 'DET', 'xpos': 'DET', 'feats': 'PronType=Art', 'head': 20, 'deprel': 'det:def', 'lemma': 'ה'}, {'id': 40, 'text': 'דירה', 'upos': 'NOUN', 'xpos': 'NOUN', 'feats': 'Gender=Fem|Number=Sing', 'head': 38, 'deprel': 'compound:smixut', 'lemma': 'דירה'}]"
41,מתפלגים,VERB,VERB,14.0,dep,"(159, 166)",התפלג,,
"(42, 43)",בצורה,,,,,"(167, 172)",,,"[{'id': 42, 'text': 'ב', 'upos': 'ADP', 'xpos': 'ADP', 'head': 43, 'deprel': 'case', 'lemma': 'ב'}, {'id': 43, 'text': 'צורה', 'upos': 'NOUN', 'xpos': 'NOUN', 'feats': 'Gender=Fem|Number=Sing', 'head': 35, 'deprel': 'obl', 'lemma': 'צורה'}]"
44,דומה,ADJ,ADJ,43.0,amod,"(173, 177)",דומה,Gender=Masc|Number=Sing,
"(45, 46)",לאלו,,,,,"(178, 182)",,,"[{'id': 45, 'text': 'ל', 'upos': 'ADP', 'xpos': 'ADP', 'head': 43, 'deprel': 'case', 'lemma': 'ל'}, {'id': 46, 'text': 'אלו', 'upos': 'PRON', 'xpos': 'PRON', 'feats': 'Gender=Fem,Masc|Number=Plur|Person=3|PronType=Dem', 'head': 48, 'deprel': 'obl', 'lemma': 'אלו'}]"
"(47, 48)",שפרטו,,,,,"(183, 188)",,,"[{'id': 47, 'text': 'ש', 'upos': 'SCONJ', 'xpos': 'SCONJ', 'head': 48, 'deprel': 'mark', 'lemma': 'ש'}, {'id': 48, 'text': 'פרטו', 'upos': 'VERB', 'xpos': 'VERB', 'head': 35, 'deprel': 'dep', 'lemma': 'פרט'}]"
49,את,ADP,ADP,48.0,case:acc,"(189, 191)",את,Case=Acc,
50,מקורות,NOUN,NOUN,48.0,obj,"(192, 198)",מקור,Definite=Cons|Gender=Masc|Number=Plur,
"(51, 52)",המימון,,,,,"(199, 205)",,,"[{'id': 51, 'text': 'ה', 'upos': 'DET', 'xpos': 'DET', 'feats': 'PronType=Art', 'head': 52, 'deprel': 'det:def', 'lemma': 'ה'}, {'id': 52, 'text': 'מימון', 'upos': 'NOUN', 'xpos': 'NOUN', 'feats': 'Gender=Masc|Number=Sing', 'head': 50, 'deprel': 'compound:smixut', 'lemma': 'מימון'}]"
"(1, 2)",הסכום,,,,,"(1, 6)",,,"[{'id': 1, 'text': 'ה', 'upos': 'DET', 'xpos': 'DET', 'feats': 'PronType=Art', 'head': 2, 'deprel': 'det:def', 'lemma': 'ה'}, {'id': 2, 'text': 'סכום', 'upos': 'NOUN', 'xpos': 'NOUN', 'feats': 'Gender=Masc|Number=Sing', 'head': 10, 'deprel': 'nsubj', 'lemma': 'סכום'}]"
"(3, 4)",הממוצע,,,,,"(7, 13)",,,"[{'id': 3, 'text': 'ה', 'upos': 'DET', 'xpos': 'DET', 'feats': 'PronType=Art', 'head': 4, 'deprel': 'det:def', 'lemma': 'ה'}, {'id': 4, 'text': 'ממוצע', 'upos': 'ADJ', 'xpos': 'ADJ', 'feats': 'Gender=Masc|Number=Sing', 'head': 2, 'deprel': 'amod', 'lemma': 'ממוצע'}]"
"(5, 6)",להחזר,,,,,"(14, 19)",,,"[{'id': 5, 'text': 'ל', 'upos': 'ADP', 'xpos': 'ADP', 'head': 6, 'deprel': 'case', 'lemma': 'ל'}, {'id': 6, 'text': 'החזר', 'upos': 'NOUN', 'xpos': 'NOUN', 'feats': 'Definite=Cons|Gender=Masc|Number=Sing', 'head': 2, 'deprel': 'nmod', 'lemma': 'החזר'}]"
7,חובות,NOUN,NOUN,6.0,compound:smixut,"(20, 25)",חוב,Gender=Fem|Number=Plur,
8,:,PUNCT,PUNCT,10.0,punct,"(25, 26)",:,,
9,"1,726",NUM,NUM,10.0,nummod,"(27, 32)","1,726",,
10,"ש""ח",NOUN,NOUN,0.0,root,"(33, 36)","ש""ח",Abbr=Yes|Gender=Masc|Number=Sing,
"(11, 12)",לחודש,,,,,"(37, 42)",,,"[{'id': 11, 'text': 'ל', 'upos': 'ADP', 'xpos': 'ADP', 'head': 12, 'deprel': 'case', 'lemma': 'ל'}, {'id': 12, 'text': 'חודש', 'upos': 'NOUN', 'xpos': 'NOUN', 'feats': 'Gender=Masc|Number=Sing', 'head': 10, 'deprel': 'nmod', 'lemma': 'חודש'}]"
"(1, 3)",אומדן שיעור,,,,,"(1, 12)",,,"[{'id': 1, 'text': 'או', 'upos': 'CCONJ', 'xpos': 'CCONJ', 'head': 0, 'deprel': 'root', 'lemma': 'או'}, {'id': 2, 'text': 'מדן', 'upos': 'PROPN', 'xpos': 'PROPN', 'head': 1, 'deprel': 'dep', 'lemma': 'מדן'}, {'id': 3, 'text': 'חשיעור', 'upos': 'X', 'xpos': 'X', 'feats': 'Xtra=Junk', 'head': 2, 'deprel': 'dep', 'lemma': 'חשיעור'}]"
"(4, 5)",ההחזר,,,,,"(13, 18)",,,"[{'id': 4, 'text': 'ה', 'upos': 'DET', 'xpos': 'DET', 'feats': 'PronType=Art', 'head': 5, 'deprel': 'det:def', 'lemma': 'ה'}, {'id': 5, 'text': 'החזר', 'upos': 'NOUN', 'xpos': 'NOUN', 'feats': 'Gender=Masc|Number=Sing', 'head': 3, 'deprel': 'compound:smixut', 'lemma': 'החזר'}]"
"(6, 7)",החודשי,,,,,"(19, 25)",,,"[{'id': 6, 'text': 'ה', 'upos': 'DET', 'xpos': 'DET', 'feats': 'PronType=Art', 'head': 7, 'deprel': 'det:def', 'lemma': 'ה'}, {'id': 7, 'text': 'חודשי', 'upos': 'ADJ', 'xpos': 'ADJ', 'feats': 'Gender=Masc|Number=Sing', 'head': 5, 'deprel': 'amod', 'lemma': 'חודשי'}]"
8,מסך,NOUN,NOUN,2.0,nmod,"(26, 29)",מסך,Gender=Masc|Number=Sing,
"(9, 10)",הה,,,,,"(30, 32)",,,"[{'id': 9, 'text': 'ה', 'upos': 'DET', 'xpos': 'DET', 'feats': 'PronType=Art', 'head': 11, 'deprel': 'det:def', 'lemma': 'ה'}, {'id': 10, 'text': 'ה', 'upos': 'DET', 'xpos': 'DET', 'feats': 'PronType=Art', 'head': 11, 'deprel': 'det:def', 'lemma': 'ה'}]"
"(11, 12)",כנס,,,,,"(32, 35)",,,"[{'id': 11, 'text': 'כ', 'upos': 'ADP', 'xpos': 'ADP', 'head': 8, 'deprel': 'amod', 'lemma': 'כ'}, {'id': 12, 'text': 'נס', 'upos': 'NOUN', 'xpos': 'NOUN', 'feats': 'Gender=Masc|HebSource=ConvUncertainHead|Number=Sing', 'head': 8, 'deprel': 'dep', 'lemma': 'נס'}]"
"(13, 13)",ה,,,,,"(35, 36)",,,"[{'id': 13, 'text': 'ה', 'upos': 'DET', 'xpos': 'DET', 'feats': 'PronType=Art', 'head': 15, 'deprel': 'det:def', 'lemma': 'ה'}]"
"(14, 15)",המשפחת,,,,,"(37, 43)",,,"[{'id': 14, 'text': 'ה', 'upos': 'DET', 'xpos': 'DET', 'feats': 'PronType=Art', 'head': 15, 'deprel': 'det:def', 'lemma': 'ה'}, {'id': 15, 'text': 'משפחת', 'upos': 'NOUN', 'xpos': 'NOUN', 'feats': 'Gender=Fem|Number=Sing', 'head': 8, 'deprel': 'nmod', 'lemma': 'משפחה'}]"
"(16, 18)",ית,,,,,"(43, 45)",,,"[{'id': 16, 'text': 'ית_', 'upos': 'NOUN', 'xpos': 'NOUN', 'feats': 'Definite=Def|Gender=Masc|Number=Sing', 'head': 15, 'deprel': 'nmod', 'lemma': 'ית'}, {'id': 17, 'text': '_של_', 'upos': 'ADP', 'xpos': 'ADP', 'head': 18, 'deprel': 'case:gen', 'lemma': 'של'}, {'id': 18, 'text': '_היא', 'upos': 'PRON', 'xpos': 'PRON', 'feats': 'Case=Gen|Gender=Fem|Number=Sing|Person=3|PronType=Prs', 'head': 16, 'deprel': 'nmod:poss', 'lemma': 'הוא'}]"
"(19, 21)",נטו,,,,,"(46, 49)",,,"[{'id': 19, 'text': 'נט_', 'upos': 'NOUN', 'xpos': 'NOUN', 'feats': 'Definite=Def|Gender=Masc|Number=Sing', 'head': 15, 'deprel': 'dep', 'lemma': 'נט'}, {'id': 20, 'text': '_של_', 'upos': 'ADP', 'xpos': 'ADP', 'head': 21, 'deprel': 'case:gen', 'lemma': 'של'}, {'id': 21, 'text': '_הוא', 'upos': 'PRON', 'xpos': 'PRON', 'feats': 'Case=Gen|Gender=Masc|Number=Sing|Person=3|PronType=Prs', 'head': 19, 'deprel': 'nmod:poss', 'lemma': 'הוא'}]"
"(22, 23)",הוא,,,,,"(50, 53)",,,"[{'id': 22, 'text': 'ה', 'upos': 'DET', 'xpos': 'DET', 'feats': 'PronType=Art', 'head': 23, 'deprel': 'det:def', 'lemma': 'ה'}, {'id': 23, 'text': 'וא', 'upos': 'PROPN', 'xpos': 'PROPN', 'head': 19, 'deprel': 'nmod', 'lemma': 'וא'}]"
24,כ-,ADP,ADP,25.0,det,"(54, 56)",כ-,,
25,30,NUM,NUM,15.0,nummod,"(57, 59)",30,,
"(26, 26)",%,,,,,"(59, 60)",,,"[{'id': 26, 'text': 'ל', 'upos': 'ADP', 'xpos': 'ADP', 'head': 25, 'deprel': 'obl', 'lemma': 'ל'}]"
"(27, 28)",במ,,,,,"(61, 63)",,,"[{'id': 27, 'text': 'ב', 'upos': 'X', 'xpos': 'X', 'head': 29, 'deprel': 'case', 'lemma': 'ב'}, {'id': 28, 'text': 'מ', 'upos': 'ADP', 'xpos': 'ADP', 'head': 29, 'deprel': 'case', 'lemma': 'מ'}]"
"(29, 29)",מו,,,,,"(63, 65)",,,"[{'id': 29, 'text': 'מוא', 'upos': 'NOUN', 'xpos': 'NOUN', 'feats': 'Gender=Masc|HebBinyan=HUFAL|Number=Sing|Person=1,2,3|VerbForm=Part|Voice=Pass', 'head': 25, 'deprel': 'obl', 'lemma': 'מוא'}]"
"(30, 32)",צע,,,,,"(65, 67)",,,"[{'id': 30, 'text': 'צע_', 'upos': 'NOUN', 'xpos': 'NOUN', 'feats': 'Definite=Def|Gender=Masc|Number=Plur', 'head': 25, 'deprel': 'obl', 'lemma': 'צע'}, {'id': 31, 'text': '_של_', 'upos': 'ADP', 'xpos': 'ADP', 'head': 32, 'deprel': 'case:gen', 'lemma': 'של'}, {'id': 32, 'text': '_היא', 'upos': 'PRON', 'xpos': 'PRON', 'feats': 'Case=Gen|Gender=Fem|Number=Sing|Person=3|PronType=Prs', 'head': 30, 'deprel': 'nmod:poss', 'lemma': 'הוא'}]"
1,אומדן,NOUN,NOUN,14.0,fixed,"(1, 6)",אומדן,Gender=Masc|Number=Sing,
2,שיעור,NOUN,NOUN,1.0,compound:smixut,"(7, 12)",שיעור,Definite=Cons|Gender=Masc|Number=Sing,
"(3, 4)",ההחזר,,,,,"(13, 18)",,,"[{'id': 3, 'text': 'ה', 'upos': 'DET', 'xpos': 'DET', 'feats': 'PronType=Art', 'head': 4, 'deprel': 'det:def', 'lemma': 'ה'}, {'id': 4, 'text': 'החזר', 'upos': 'NOUN', 'xpos': 'NOUN', 'feats': 'Gender=Masc|Number=Sing', 'head': 2, 'deprel': 'compound:smixut', 'lemma': 'החזר'}]"
"(5, 6)",החודשי,,,,,"(19, 25)",,,"[{'id': 5, 'text': 'ה', 'upos': 'DET', 'xpos': 'DET', 'feats': 'PronType=Art', 'head': 6, 'deprel': 'det:def', 'lemma': 'ה'}, {'id': 6, 'text': 'חודשי', 'upos': 'ADJ', 'xpos': 'ADJ', 'feats': 'Gender=Masc|Number=Sing', 'head': 2, 'deprel': 'compound:smixut', 'lemma': 'חודשי'}]"
"(7, 8)",מסך,,,,,"(26, 29)",,,"[{'id': 7, 'text': 'מ', 'upos': 'ADP', 'xpos': 'ADP', 'head': 1, 'deprel': 'dep', 'lemma': 'מ'}, {'id': 8, 'text': 'סך', 'upos': 'NOUN', 'xpos': 'NOUN', 'feats': 'Definite=Cons|Gender=Masc|Number=Sing', 'head': 7, 'deprel': 'nmod', 'lemma': 'סך'}]"
"(9, 10)",ההכנסה,,,,,"(30, 36)",,,"[{'id': 9, 'text': 'ה', 'upos': 'DET', 'xpos': 'DET', 'feats': 'PronType=Art', 'head': 10, 'deprel': 'det:def', 'lemma': 'ה'}, {'id': 10, 'text': 'הכנסה', 'upos': 'NOUN', 'xpos': 'NOUN', 'feats': 'Gender=Fem|Number=Sing', 'head': 8, 'deprel': 'compound:smixut', 'lemma': 'הכנסה'}]"
11,בקרב,ADP,ADP,14.0,case,"(37, 41)",בקרב,,
12,קוני,NOUN,NOUN,1.0,nmod,"(42, 46)",קונה,Definite=Cons|Gender=Masc|Number=Plur,
13,דירות,NOUN,NOUN,14.0,fixed,"(47, 52)",דירה,Gender=Fem|Number=Plur,
14,לראשונה,ADV,ADV,0.0,root,"(53, 60)",לראשונה,,
15,–,PUNCT,PUNCT,14.0,punct,"(61, 62)",–,,
16,32,NUM,NUM,14.0,dep,"(63, 65)",32,,
17,%,NOUN,NOUN,14.0,dep,"(65, 66)",%,"Gender=Masc|Number=Plur,Sing",
18,",",PUNCT,PUNCT,14.0,punct,"(66, 67)",",",,
19,בקרב,ADP,ADP,1.0,case,"(68, 72)",בקרב,,
20,משפרי,NOUN,NOUN,14.0,dep,"(73, 78)",משפר,Definite=Cons|Gender=Masc|Number=Plur,
21,דיור,NOUN,NOUN,20.0,compound:smixut,"(79, 83)",דיור,Gender=Masc|Number=Sing,
22,–,PUNCT,PUNCT,1.0,punct,"(84, 85)",–,,
23,27,NUM,NUM,24.0,nummod,"(86, 88)",27,,
24,%,NOUN,NOUN,1.0,dep,"(88, 89)",%,"Gender=Masc|Number=Plur,Sing",
25,*,PUNCT,PUNCT,14.0,punct,"(89, 90)",*,,
1,3,NUM,NUM,0.0,root,"(1, 2)",3,,
1,4,PUNCT,PUNCT,38.0,dep,"(0, 1)",4,,
2,מאפייני,NOUN,NOUN,38.0,nsubj,"(2, 9)",מאפיין,,
3,קבלת,NOUN,NOUN,38.0,obj,"(10, 14)",קבלה,,
"(4, 5)",ההחלטה,,,,,"(15, 21)",,,"[{'id': 4, 'text': 'ה', 'upos': 'DET', 'xpos': 'DET', 'feats': 'PronType=Art', 'head': 37, 'deprel': 'det:def', 'lemma': 'ה'}, {'id': 5, 'text': 'החלטה', 'upos': 'NOUN', 'xpos': 'NOUN', 'feats': 'Gender=Masc|Number=Sing', 'head': 23, 'deprel': 'compound:smixut', 'lemma': 'החלטה'}]"
6,על,ADV,ADV,38.0,dep,"(22, 24)",על,,
7,קנית,NOUN,NOUN,38.0,obj,"(25, 29)",קנית,Definite=Cons|Gender=Masc|Number=Sing,
"(8, 9)",הדירה,,,,,"(30, 35)",,,"[{'id': 8, 'text': 'ה', 'upos': 'DET', 'xpos': 'DET', 'feats': 'PronType=Art', 'head': 21, 'deprel': 'det:def', 'lemma': 'ה'}, {'id': 9, 'text': 'דירה', 'upos': 'NOUN', 'xpos': 'NOUN', 'head': 13, 'deprel': 'dep', 'lemma': 'דירה'}]"
10,□,PUNCT,PUNCT,38.0,advmod,"(36, 37)",□,,
11,סיבות,NOUN,NOUN,38.0,obj,"(38, 43)",סיבה,,
"(12, 13)",לקנית,,,,,"(44, 49)",,,"[{'id': 12, 'text': 'ל', 'upos': 'PUNCT', 'xpos': 'PUNCT', 'head': 38, 'deprel': 'punct', 'lemma': 'ל'}, {'id': 13, 'text': 'קנית', 'upos': 'NOUN', 'xpos': 'NOUN', 'feats': 'Definite=Cons|Gender=Masc|Number=Sing', 'head': 38, 'deprel': 'obj', 'lemma': 'קנית'}]"
"(14, 15)",הדירה,,,,,"(50, 55)",,,"[{'id': 14, 'text': 'ה', 'upos': 'DET', 'xpos': 'DET', 'feats': 'PronType=Art', 'head': 17, 'deprel': 'det:def', 'lemma': 'ה'}, {'id': 15, 'text': 'דירה', 'upos': 'NOUN', 'xpos': 'NOUN', 'head': 13, 'deprel': 'compound:smixut', 'lemma': 'דירה'}]"
"(16, 17)",המרואיינים,,,,,"(56, 66)",,,"[{'id': 16, 'text': 'ה', 'upos': 'DET', 'xpos': 'DET', 'feats': 'PronType=Art', 'head': 21, 'deprel': 'det:def', 'lemma': 'ה'}, {'id': 17, 'text': 'מרואיינים', 'upos': 'NOUN', 'xpos': 'NOUN', 'feats': 'Gender=Masc|Number=Sing', 'head': 38, 'deprel': 'nsubj', 'lemma': 'מרואיין'}]"
18,נשאלו,VERB,VERB,38.0,dep,"(67, 72)",נשאל,,
19,על,ADP,ADP,38.0,dep,"(73, 75)",על,,
"(20, 21)",הסיבות,,,,,"(76, 82)",,,"[{'id': 20, 'text': 'ה', 'upos': 'DET', 'xpos': 'DET', 'head': 21, 'deprel': 'det:def', 'lemma': 'ה'}, {'id': 21, 'text': 'סיבות', 'upos': 'NOUN', 'xpos': 'NOUN', 'feats': 'Gender=Masc|Number=Sing', 'head': 38, 'deprel': 'obj', 'lemma': 'סיבה'}]"
"(22, 23)",לקניית,,,,,"(83, 89)",,,"[{'id': 22, 'text': 'ל', 'upos': 'ADP', 'xpos': 'ADP', 'head': 38, 'deprel': 'punct', 'lemma': 'ל'}, {'id': 23, 'text': 'קניית', 'upos': 'NOUN', 'xpos': 'NOUN', 'feats': 'Definite=Cons|Gender=Masc|Number=Sing', 'head': 38, 'deprel': 'obj', 'lemma': 'קנייה'}]"
"(24, 25)",הדירה,,,,,"(90, 95)",,,"[{'id': 24, 'text': 'ה', 'upos': 'DET', 'xpos': 'DET', 'feats': 'PronType=Art', 'head': 21, 'deprel': 'det:def', 'lemma': 'ה'}, {'id': 25, 'text': 'דירה', 'upos': 'NOUN', 'xpos': 'NOUN', 'head': 13, 'deprel': 'dep', 'lemma': 'דירה'}]"
26,",",PUNCT,PUNCT,38.0,punct,"(96, 97)",",",,
27,הם,PUNCT,PUNCT,38.0,punct,"(98, 100)",הוא,,
28,יכלו,DET,DET,38.0,dep,"(101, 105)",יכל,PronType=Art,
29,לציין,ADV,ADV,38.0,dep,"(106, 111)",ציין,,
30,יותר,PUNCT,PUNCT,21.0,dep,"(112, 116)",יותר,HebSource=ConvUncertainHead,
"(31, 32)",מסיבה,,,,,"(117, 122)",,,"[{'id': 31, 'text': 'מ', 'upos': 'PUNCT', 'xpos': 'PUNCT', 'head': 38, 'deprel': 'dep', 'lemma': 'מ'}, {'id': 32, 'text': 'סיבה', 'upos': 'NOUN', 'xpos': 'NOUN', 'head': 13, 'deprel': 'dep', 'lemma': 'סיבה'}]"
33,אחת,NUM,NUM,21.0,dep,"(123, 126)",אחת,,
"(34, 35)",ולכן,,,,,"(127, 131)",,,"[{'id': 34, 'text': 'ו', 'upos': 'ADV', 'xpos': 'ADV', 'head': 38, 'deprel': 'dep', 'lemma': 'ו'}, {'id': 35, 'text': 'לכן', 'upos': 'NOUN', 'xpos': 'NOUN', 'head': 13, 'deprel': 'advmod', 'lemma': 'לכן'}]"
"(36, 37)",האחוזים,,,,,"(132, 139)",,,"[{'id': 36, 'text': 'ה', 'upos': 'DET', 'xpos': 'DET', 'feats': 'PronType=Art', 'head': 37, 'deprel': 'det:def', 'lemma': 'ה'}, {'id': 37, 'text': 'אחוזים', 'upos': 'NOUN', 'xpos': 'NOUN', 'feats': 'Gender=Masc|Number=Sing', 'head': 38, 'deprel': 'nsubj', 'lemma': 'אחוז'}]"
38,מסתכמים,VERB,VERB,0.0,root,"(140, 147)",הסתכם,VerbForm=Part,
"(39, 40)",ביותר,,,,,"(148, 153)",,,"[{'id': 39, 'text': 'ב', 'upos': 'ADP', 'xpos': 'ADP', 'head': 21, 'deprel': 'case', 'lemma': 'ב'}, {'id': 40, 'text': 'יותר', 'upos': 'ADV', 'xpos': 'ADV', 'feats': 'HebSource=ConvUncertainHead', 'head': 38, 'deprel': 'advmod', 'lemma': 'יותר'}]"
41,מ,PUNCT,PUNCT,21.0,dep,"(154, 155)",מ,,
42,-,PUNCT,PUNCT,21.0,punct,"(155, 156)",-,,
43,100,PUNCT,PUNCT,21.0,dep,"(157, 160)",100,,
44,%,PUNCT,PUNCT,21.0,dep,"(160, 161)",%,,
"(1, 2)",הסיבות,,,,,"(1, 7)",,,"[{'id': 1, 'text': 'ה', 'upos': 'DET', 'xpos': 'DET', 'head': 2, 'deprel': 'det:def', 'lemma': 'ה'}, {'id': 2, 'text': 'סיבות', 'upos': 'NOUN', 'xpos': 'NOUN', 'feats': 'Gender=Fem|Number=Plur', 'head': 0, 'deprel': 'root', 'lemma': 'סיבה'}]"
"(3, 4)",העיקריות,,,,,"(8, 16)",,,"[{'id': 3, 'text': 'ה', 'upos': 'DET', 'xpos': 'DET', 'feats': 'PronType=Art', 'head': 2, 'deprel': 'det:def', 'lemma': 'ה'}, {'id': 4, 'text': 'עיקריות', 'upos': 'NOUN', 'xpos': 'NOUN', 'feats': 'Gender=Masc|Number=Sing', 'head': 2, 'deprel': 'compound:smixut', 'lemma': 'עיקרי'}]"
"(5, 6)",לרכישת,,,,,"(17, 23)",,,"[{'id': 5, 'text': 'ל', 'upos': 'ADP', 'xpos': 'ADP', 'head': 2, 'deprel': 'dep', 'lemma': 'ל'}, {'id': 6, 'text': 'רכישת', 'upos': 'NOUN', 'xpos': 'NOUN', 'head': 117, 'deprel': 'advmod', 'lemma': 'רכישה'}]"
"(7, 8)",הדירה,,,,,"(24, 29)",,,"[{'id': 7, 'text': 'ה', 'upos': 'DET', 'xpos': 'DET', 'head': 4, 'deprel': 'det:def', 'lemma': 'ה'}, {'id': 8, 'text': 'דירה', 'upos': 'NOUN', 'xpos': 'NOUN', 'feats': 'Gender=Fem|Number=Sing', 'head': 117, 'deprel': 'obl', 'lemma': 'דירה'}]"
9,הן,PUNCT,PUNCT,151.0,dep,"(30, 32)",הוא,,
10,:,PUNCT,PUNCT,151.0,punct,"(32, 33)",:,,
11,46,PUNCT,PUNCT,151.0,dep,"(34, 36)",46,,
12,%,PUNCT,PUNCT,2.0,dep,"(36, 37)",%,,
13,-,PUNCT,PUNCT,151.0,punct,"(38, 39)",-,,
14,"""",PUNCT,PUNCT,151.0,punct,"(40, 41)","""",,
15,גרנו,VERB,VERB,151.0,dep,"(41, 45)",גרן,,
"(16, 17)",בשכירות,,,,,"(46, 53)",,,"[{'id': 16, 'text': 'ב', 'upos': 'ADP', 'xpos': 'ADP', 'head': 17, 'deprel': 'case', 'lemma': 'ב'}, {'id': 17, 'text': 'שכירות', 'upos': 'NOUN', 'xpos': 'NOUN', 'feats': 'Gender=Masc|Number=Sing', 'head': 151, 'deprel': 'advmod', 'lemma': 'שכירות'}]"
"(18, 19)",ורצינו,,,,,"(54, 60)",,,"[{'id': 18, 'text': 'ו', 'upos': 'DET', 'xpos': 'DET', 'feats': 'PronType=Art', 'head': 151, 'deprel': 'dep', 'lemma': 'ו'}, {'id': 19, 'text': 'רצינו', 'upos': 'NOUN', 'xpos': 'NOUN', 'feats': 'Gender=Masc|Number=Sing', 'head': 148, 'deprel': 'advmod', 'lemma': 'רצה'}]"
20,דירה,ADV,ADV,117.0,obj,"(61, 65)",דירה,,
"(21, 23)",משלנו,,,,,"(66, 71)",,,"[{'id': 21, 'text': 'מ', 'upos': 'ADV', 'xpos': 'ADV', 'head': 2, 'deprel': 'det', 'lemma': 'מ'}, {'id': 22, 'text': 'שלנו', 'upos': 'ADV', 'xpos': 'ADV', 'head': 148, 'deprel': 'advmod', 'lemma': 'שלנו'}, {'id': 23, 'text': '_אנחנו', 'upos': 'PRON', 'xpos': 'PRON', 'head': 117, 'deprel': 'advmod', 'lemma': 'הוא'}]"
24,"""",PUNCT,PUNCT,151.0,dep,"(71, 72)","""",,
25,22,NUM,NUM,2.0,dep,"(73, 75)",22,,
26,%,PUNCT,PUNCT,2.0,dep,"(75, 76)",%,,
27,-,PUNCT,PUNCT,151.0,punct,"(77, 78)",-,,
28,"""",PUNCT,PUNCT,151.0,punct,"(79, 80)","""",,
29,רצינו,NOUN,NOUN,151.0,conj,"(80, 85)",רצה,,
30,להחליף,ADJ,ADJ,151.0,dep,"(86, 92)",החליף,,
31,את,ADP,ADP,151.0,dep,"(93, 95)",את,Case=Acc,
"(32, 33)",הדירה,,,,,"(96, 101)",,,"[{'id': 32, 'text': 'ה', 'upos': 'DET', 'xpos': 'DET', 'head': 148, 'deprel': 'det:def', 'lemma': 'ה'}, {'id': 33, 'text': 'דירה', 'upos': 'NOUN', 'xpos': 'NOUN', 'head': 117, 'deprel': 'obj', 'lemma': 'דירה'}]"
"(34, 35)",בגדולה,,,,,"(102, 108)",,,"[{'id': 34, 'text': 'ב', 'upos': 'ADV', 'xpos': 'ADV', 'head': 148, 'deprel': 'dep', 'lemma': 'ב'}, {'id': 35, 'text': 'גדולה', 'upos': 'ADJ', 'xpos': 'ADJ', 'head': 151, 'deprel': 'dep', 'lemma': 'גדול'}]"
36,יותר,PUNCT,PUNCT,117.0,obj,"(109, 113)",יותר,,
37,"""",PUNCT,PUNCT,151.0,punct,"(113, 114)","""",,
38,בקרב,ADV,ADV,149.0,dep,"(115, 119)",בקרב,,
39,קונים,NOUN,NOUN,151.0,obj,"(120, 125)",קונה,,
"(40, 41)",שהיתה,,,,,"(126, 131)",,,"[{'id': 40, 'text': 'ש', 'upos': 'SCONJ', 'xpos': 'SCONJ', 'head': 151, 'deprel': 'mark', 'lemma': 'ש'}, {'id': 41, 'text': 'היתה', 'upos': 'NOUN', 'xpos': 'NOUN', 'head': 117, 'deprel': 'advmod', 'lemma': 'היה'}]"
"(42, 45)",בבעלותם,,,,,"(132, 139)",,,"[{'id': 42, 'text': 'ב', 'upos': 'ADP', 'xpos': 'ADP', 'head': 151, 'deprel': 'dep', 'lemma': 'ב'}, {'id': 43, 'text': 'בעלות_', 'upos': 'NOUN', 'xpos': 'NOUN', 'head': 117, 'deprel': 'obj', 'lemma': 'בעלות'}, {'id': 44, 'text': '_של_', 'upos': 'NOUN', 'xpos': 'NOUN', 'head': 111, 'deprel': 'advmod', 'lemma': 'של'}, {'id': 45, 'text': '_הם', 'upos': 'PRON', 'xpos': 'PRON', 'head': 111, 'deprel': 'advmod', 'lemma': 'הוא'}]"
46,דירה,ADV,ADV,117.0,obj,"(140, 144)",דירה,,
"(47, 49)",בעבר,,,,,"(145, 149)",,,"[{'id': 47, 'text': 'ב', 'upos': 'ADP', 'xpos': 'ADP', 'head': 139, 'deprel': 'dep', 'lemma': 'ב'}, {'id': 48, 'text': 'ה_', 'upos': 'NOUN', 'xpos': 'NOUN', 'feats': 'PronType=Art', 'head': 4, 'deprel': 'dep', 'lemma': 'ה'}, {'id': 49, 'text': 'עבר', 'upos': 'NOUN', 'xpos': 'NOUN', 'head': 2, 'deprel': 'dep', 'lemma': 'עבר'}]"
50,:,PUNCT,PUNCT,151.0,punct,"(149, 150)",:,,
51,60,PUNCT,PUNCT,151.0,dep,"(151, 153)",60,,
52,%,PUNCT,PUNCT,2.0,dep,"(153, 154)",%,,
53,-,PUNCT,PUNCT,151.0,punct,"(155, 156)",-,,
54,"""",PUNCT,PUNCT,151.0,punct,"(157, 158)","""",,
55,רצינו,VERB,VERB,151.0,conj,"(158, 163)",רצה,,
56,דירה,ADV,ADV,117.0,obj,"(164, 168)",דירה,,
57,גדולה,ADJ,ADJ,117.0,dep,"(169, 174)",גדול,,
58,יותר,PUNCT,PUNCT,117.0,obj,"(175, 179)",יותר,,
59,"""",PUNCT,PUNCT,151.0,punct,"(179, 180)","""",,
60,18,PUNCT,PUNCT,151.0,dep,"(181, 183)",18,,
61,%,PUNCT,PUNCT,2.0,dep,"(183, 184)",%,,
62,-,PUNCT,PUNCT,111.0,punct,"(185, 186)",-,,
63,"""",PUNCT,PUNCT,151.0,punct,"(187, 188)","""",,
64,רצינו,VERB,VERB,151.0,conj,"(188, 193)",רצה,,
65,דירה,ADV,ADV,117.0,obj,"(194, 198)",דירה,,
"(66, 68)",במקום,,,,,"(199, 204)",,,"[{'id': 66, 'text': 'ב', 'upos': 'ADP', 'xpos': 'ADP', 'head': 17, 'deprel': 'case', 'lemma': 'ב'}, {'id': 67, 'text': 'ה_', 'upos': 'NOUN', 'xpos': 'NOUN', 'feats': 'PronType=Art', 'head': 17, 'deprel': 'det:def', 'lemma': 'ה'}, {'id': 68, 'text': 'מקום', 'upos': 'ADV', 'xpos': 'ADV', 'head': 117, 'deprel': 'obj', 'lemma': 'מקום'}]"
69,טוב,ADJ,ADJ,2.0,dep,"(205, 208)",טוב,,
70,יותר,PUNCT,PUNCT,2.0,dep,"(209, 213)",יותר,,
71,"""",PUNCT,PUNCT,151.0,punct,"(213, 214)","""",,
72,14,NUM,NUM,2.0,dep,"(215, 217)",14,,
73,%,PUNCT,PUNCT,2.0,dep,"(217, 218)",%,,
74,-,PUNCT,PUNCT,151.0,punct,"(219, 220)",-,,
75,"""",PUNCT,PUNCT,151.0,punct,"(221, 222)","""",,
76,רצינו,NOUN,NOUN,151.0,conj,"(222, 227)",רצה,,
77,לשפר,PUNCT,PUNCT,2.0,dep,"(228, 232)",שיפר,,
78,את,ADP,ADP,148.0,dep,"(233, 235)",את,Case=Acc,
79,תנאי,NOUN,NOUN,117.0,obj,"(236, 240)",תנאי,,
"(80, 81)",המגורים,,,,,"(241, 248)",,,"[{'id': 80, 'text': 'ה', 'upos': 'DET', 'xpos': 'DET', 'feats': 'PronType=Art', 'head': 148, 'deprel': 'det:def', 'lemma': 'ה'}, {'id': 81, 'text': 'מגורים', 'upos': 'NOUN', 'xpos': 'NOUN', 'feats': 'Gender=Masc|Number=Sing', 'head': 117, 'deprel': 'obl', 'lemma': 'מגורים'}]"
82,/,PUNCT,PUNCT,151.0,punct,"(248, 249)",/,,
83,רמת,NOUN,NOUN,117.0,obj,"(249, 252)",רמה,,
"(84, 85)",החיים,,,,,"(253, 258)",,,"[{'id': 84, 'text': 'ה', 'upos': 'DET', 'xpos': 'DET', 'feats': 'PronType=Art', 'head': 148, 'deprel': 'det:def', 'lemma': 'ה'}, {'id': 85, 'text': 'חיים', 'upos': 'NOUN', 'xpos': 'NOUN', 'feats': 'Gender=Masc|Number=Sing', 'head': 117, 'deprel': 'obj', 'lemma': 'חיים'}]"
86,"""",PUNCT,PUNCT,151.0,punct,"(258, 259)","""",,
87,בקרב,ADV,ADV,149.0,dep,"(260, 264)",בקרב,,
88,קוני,NOUN,NOUN,151.0,dep,"(265, 269)",קונה,Definite=Cons|Gender=Masc|Number=Plur,
89,דירה,ADV,ADV,117.0,obj,"(270, 274)",דירה,,
90,לראשונה,ADV,ADV,117.0,advmod,"(275, 282)",לראשונה,,
91,:,PUNCT,PUNCT,151.0,punct,"(282, 283)",:,,
92,61,NUM,NUM,2.0,dep,"(284, 286)",61,,
93,%,PUNCT,PUNCT,2.0,dep,"(286, 287)",%,,
94,-,PUNCT,PUNCT,111.0,punct,"(288, 289)",-,,
95,"""",PUNCT,PUNCT,151.0,punct,"(290, 291)","""",,
96,גרנו,NOUN,NOUN,151.0,dep,"(291, 295)",גרנו,,
"(97, 98)",בשכר,,,,,"(296, 300)",,,"[{'id': 97, 'text': 'ב', 'upos': 'ADP', 'xpos': 'ADP', 'feats': 'PronType=Art', 'head': 139, 'deprel': 'dep', 'lemma': 'ב'}, {'id': 98, 'text': 'שכר', 'upos': 'NOUN', 'xpos': 'NOUN', 'feats': 'Gender=Masc|Number=Sing', 'head': 117, 'deprel': 'obl', 'lemma': 'שכר'}]"
99,דירה,ADV,ADV,117.0,obj,"(301, 305)",דירה,,
"(100, 101)",ורצינו,,,,,"(306, 312)",,,"[{'id': 100, 'text': 'ו', 'upos': 'DET', 'xpos': 'DET', 'feats': 'PronType=Art', 'head': 139, 'deprel': 'mark', 'lemma': 'ו'}, {'id': 101, 'text': 'רצינו', 'upos': 'NOUN', 'xpos': 'NOUN', 'feats': 'Gender=Masc|Number=Sing', 'head': 148, 'deprel': 'advmod', 'lemma': 'רצה'}]"
102,דירה,NOUN,NOUN,117.0,obj,"(313, 317)",דירה,,
"(103, 105)",משלנו,,,,,"(318, 323)",,,"[{'id': 103, 'text': 'מ', 'upos': 'ADV', 'xpos': 'ADV', 'head': 117, 'deprel': 'obj', 'lemma': 'מ'}, {'id': 104, 'text': 'שלנו', 'upos': 'NOUN', 'xpos': 'NOUN', 'head': 148, 'deprel': 'advmod', 'lemma': 'שלנו'}, {'id': 105, 'text': '_אנחנו', 'upos': 'PRON', 'xpos': 'PRON', 'head': 151, 'deprel': 'conj', 'lemma': 'הוא'}]"
106,"""",PUNCT,PUNCT,151.0,dep,"(323, 324)","""",HebSource=ConvUncertainHead,
107,13,NUM,NUM,151.0,dep,"(325, 327)",13,,
108,%,PUNCT,PUNCT,2.0,dep,"(327, 328)",%,,
109,-,PUNCT,PUNCT,151.0,punct,"(329, 330)",-,,
110,"""",PUNCT,PUNCT,151.0,punct,"(331, 332)","""",,
111,התחתנו,VERB,VERB,151.0,dep,"(332, 338)",התחתן,,
112,לא,ADV,ADV,111.0,advmod,"(339, 341)",לא,,
113,מזמן,ADV,ADV,151.0,advmod,"(342, 346)",מזמן,,
114,–,PUNCT,PUNCT,111.0,punct,"(347, 348)",–,,
115,או,ADV,ADV,64.0,dep,"(349, 351)",או,,
116,מתכוונים,NOUN,NOUN,151.0,dep,"(352, 360)",התכוון,Definite=Cons|Gender=Masc|Number=Sing,
117,להתחתן,VERB,VERB,151.0,xcomp,"(361, 367)",התחתן,HebBinyan=HITPAEL|VerbForm=Inf,
118,בקרוב,ADV,ADV,2.0,det,"(368, 373)",בקרוב,,
119,"""",PUNCT,PUNCT,151.0,punct,"(373, 374)","""",,
120,9,NUM,NUM,2.0,conj,"(375, 376)",9,,
121,%,PUNCT,PUNCT,2.0,dep,"(376, 377)",%,,
122,-,PUNCT,PUNCT,151.0,punct,"(378, 379)",-,,
123,"""",PUNCT,PUNCT,151.0,punct,"(380, 381)","""",,
124,גרנו,NOUN,NOUN,151.0,dep,"(381, 385)",גרנו,,
125,עם,ADP,ADP,117.0,obj,"(386, 388)",עם,,
"(126, 127)",ההורים,,,,,"(389, 395)",,,"[{'id': 126, 'text': 'ה', 'upos': 'DET', 'xpos': 'DET', 'head': 148, 'deprel': 'det:def', 'lemma': 'ה'}, {'id': 127, 'text': 'הורים', 'upos': 'NOUN', 'xpos': 'NOUN', 'head': 117, 'deprel': 'obj', 'lemma': 'הורה'}]"
"(128, 129)",ורצינו,,,,,"(396, 402)",,,"[{'id': 128, 'text': 'ו', 'upos': 'DET', 'xpos': 'DET', 'feats': 'PronType=Art', 'head': 151, 'deprel': 'dep', 'lemma': 'ו'}, {'id': 129, 'text': 'רצינו', 'upos': 'NOUN', 'xpos': 'NOUN', 'feats': 'Gender=Masc|Number=Sing', 'head': 148, 'deprel': 'advmod', 'lemma': 'רצה'}]"
130,דירה,NOUN,NOUN,117.0,obj,"(403, 407)",דירה,,
"(131, 133)",משלנו,,,,,"(408, 413)",,,"[{'id': 131, 'text': 'מ', 'upos': 'ADV', 'xpos': 'ADV', 'head': 2, 'deprel': 'det', 'lemma': 'מ'}, {'id': 132, 'text': 'שלנו', 'upos': 'NOUN', 'xpos': 'NOUN', 'head': 148, 'deprel': 'advmod', 'lemma': 'שלנו'}, {'id': 133, 'text': '_אנחנו', 'upos': 'PRON', 'xpos': 'PRON', 'head': 151, 'deprel': 'conj', 'lemma': 'הוא'}]"
134,"""",PUNCT,PUNCT,151.0,dep,"(413, 414)","""",,
135,□,PUNCT,PUNCT,117.0,obj,"(415, 416)",□,,
136,מקומות,NOUN,NOUN,117.0,obj,"(417, 423)",מקום,,
137,אחרים,PUNCT,PUNCT,2.0,dep,"(424, 429)",אחר,,
"(138, 139)",ששקלו,,,,,"(430, 435)",,,"[{'id': 138, 'text': 'ש', 'upos': 'SCONJ', 'xpos': 'SCONJ', 'head': 2, 'deprel': 'mark', 'lemma': 'ש'}, {'id': 139, 'text': 'שקלו', 'upos': 'NOUN', 'xpos': 'NOUN', 'feats': 'Gender=Masc|Number=Sing', 'head': 151, 'deprel': 'advmod', 'lemma': 'שקלו'}]"
140,לקנות,ADV,ADV,117.0,obj,"(436, 441)",קנה,,
"(141, 142)",בהם,,,,,"(442, 445)",,,"[{'id': 141, 'text': 'ב_', 'upos': 'NOUN', 'xpos': 'NOUN', 'head': 117, 'deprel': 'advmod', 'lemma': 'ב'}, {'id': 142, 'text': '_הם', 'upos': 'PRON', 'xpos': 'PRON', 'head': 96, 'deprel': 'advmod', 'lemma': 'הוא'}]"
143,דירה,NOUN,NOUN,117.0,obj,"(446, 450)",דירה,,
144,27,PUNCT,PUNCT,151.0,dep,"(451, 453)",27,,
145,%,PUNCT,PUNCT,2.0,dep,"(453, 454)",%,,
"(146, 148)",מהרוכשים,,,,,"(455, 463)",,,"[{'id': 146, 'text': 'מ', 'upos': 'ADP', 'xpos': 'ADP', 'head': 151, 'deprel': 'dep', 'lemma': 'מ'}, {'id': 147, 'text': 'ה', 'upos': 'DET', 'xpos': 'DET', 'feats': 'PronType=Art', 'head': 148, 'deprel': 'det:def', 'lemma': 'ה'}, {'id': 148, 'text': 'רוכשים', 'upos': 'NOUN', 'xpos': 'NOUN', 'feats': 'Gender=Masc|Number=Sing', 'head': 151, 'deprel': 'nsubj', 'lemma': 'רכש'}]"
149,ציינו,VERB,VERB,151.0,dep,"(464, 469)",ציין,,
150,כי,ADV,ADV,151.0,dep,"(470, 472)",כי,,
151,שקלו,VERB,VERB,2.0,aux,"(473, 477)",שקל,,
152,לרכוש,PUNCT,PUNCT,151.0,dep,"(478, 483)",רכש,,
153,דירה,ADV,ADV,117.0,obj,"(484, 488)",דירה,,
"(154, 156)",במקום,,,,,"(489, 494)",,,"[{'id': 154, 'text': 'ב', 'upos': 'ADP', 'xpos': 'ADP', 'head': 151, 'deprel': 'dep', 'lemma': 'ב'}, {'id': 155, 'text': 'ה_', 'upos': 'NOUN', 'xpos': 'NOUN', 'feats': 'PronType=Art', 'head': 17, 'deprel': 'det:def', 'lemma': 'ה'}, {'id': 156, 'text': 'מקום', 'upos': 'ADV', 'xpos': 'ADV', 'head': 117, 'deprel': 'obj', 'lemma': 'מקום'}]"
157,אחר,PUNCT,PUNCT,2.0,dep,"(495, 498)",אחר,,
"(1, 2)",מקרב,,,,,"(1, 5)",,,"[{'id': 1, 'text': 'מ', 'upos': 'ADP', 'xpos': 'ADP', 'head': 18, 'deprel': 'dep', 'lemma': 'מ'}, {'id': 2, 'text': 'קרב', 'upos': 'NOUN', 'xpos': 'NOUN', 'feats': 'Gender=Masc|Number=Sing', 'head': 18, 'deprel': 'dep', 'lemma': 'קרב'}]"
"(3, 4)",הרוכשים,,,,,"(6, 13)",,,"[{'id': 3, 'text': 'ה', 'upos': 'DET', 'xpos': 'DET', 'feats': 'PronType=Art', 'head': 4, 'deprel': 'det:def', 'lemma': 'ה'}, {'id': 4, 'text': 'רוכשים', 'upos': 'NOUN', 'xpos': 'NOUN', 'feats': 'Gender=Masc|Number=Sing', 'head': 6, 'deprel': 'nsubj', 'lemma': 'רכש'}]"
"(5, 6)",שהתגוררו,,,,,"(14, 22)",,,"[{'id': 5, 'text': 'ש', 'upos': 'SCONJ', 'xpos': 'SCONJ', 'head': 6, 'deprel': 'mark', 'lemma': 'ש'}, {'id': 6, 'text': 'התגוררו', 'upos': 'VERB', 'xpos': 'VERB', 'head': 18, 'deprel': 'dep', 'lemma': 'התגורר'}]"
"(7, 9)",במגדל,,,,,"(23, 28)",,,"[{'id': 7, 'text': 'ב', 'upos': 'ADP', 'xpos': 'ADP', 'head': 14, 'deprel': 'case', 'lemma': 'ב'}, {'id': 8, 'text': 'ה_', 'upos': 'DET', 'xpos': 'DET', 'feats': 'PronType=Art', 'head': 4, 'deprel': 'det:def', 'lemma': 'ה'}, {'id': 9, 'text': 'מגדל', 'upos': 'NOUN', 'xpos': 'NOUN', 'feats': 'Gender=Masc|Number=Sing', 'head': 6, 'deprel': 'obl', 'lemma': 'מגדל'}]"
"(10, 11)",העמק,,,,,"(29, 33)",,,"[{'id': 10, 'text': 'ה', 'upos': 'DET', 'xpos': 'DET', 'feats': 'PronType=Art', 'head': 4, 'deprel': 'det:def', 'lemma': 'ה'}, {'id': 11, 'text': 'עמק', 'upos': 'NOUN', 'xpos': 'NOUN', 'feats': 'Gender=Masc|Number=Sing', 'head': 4, 'deprel': 'advmod', 'lemma': 'עמק'}]"
12,לפני,NOUN,NOUN,6.0,advmod,"(34, 38)",לפני,,
"(13, 14)",הרכישה,,,,,"(39, 45)",,,"[{'id': 13, 'text': 'ה', 'upos': 'DET', 'xpos': 'DET', 'feats': 'PronType=Art', 'head': 4, 'deprel': 'det:def', 'lemma': 'ה'}, {'id': 14, 'text': 'רכישה', 'upos': 'NOUN', 'xpos': 'NOUN', 'feats': 'Gender=Masc|Number=Sing', 'head': 4, 'deprel': 'advmod', 'lemma': 'רכישה'}]"
15,",",PUNCT,PUNCT,6.0,punct,"(46, 47)",",",,
16,25,NUM,NUM,18.0,dep,"(48, 50)",25,,
17,%,PUNCT,PUNCT,18.0,dep,"(50, 51)",%,"Gender=Masc|Number=Plur,Sing",
"(18, 19)",שקלו,,,,,"(52, 56)",,,"[{'id': 18, 'text': 'ש', 'upos': 'SCONJ', 'xpos': 'SCONJ', 'head': 19, 'deprel': 'dep', 'lemma': 'ש'}, {'id': 19, 'text': 'קלו', 'upos': 'NOUN', 'xpos': 'NOUN', 'feats': 'Gender=Masc|Number=Sing', 'head': 0, 'deprel': 'root', 'lemma': 'קלו'}]"
20,לקנות,ADJ,ADJ,18.0,dep,"(57, 62)",קנה,,
21,דירה,NOUN,NOUN,18.0,dep,"(63, 67)",דירה,,
"(22, 24)",במקום,,,,,"(68, 73)",,,"[{'id': 22, 'text': 'ב', 'upos': 'ADP', 'xpos': 'ADP', 'head': 18, 'deprel': 'dep', 'lemma': 'ב'}, {'id': 23, 'text': 'ה_', 'upos': 'DET', 'xpos': 'DET', 'feats': 'PronType=Art', 'head': 19, 'deprel': 'det:def', 'lemma': 'ה'}, {'id': 24, 'text': 'מקום', 'upos': 'NOUN', 'xpos': 'NOUN', 'feats': 'Gender=Masc|Number=Sing', 'head': 18, 'deprel': 'dep', 'lemma': 'מקום'}]"
25,אחר,ADJ,ADJ,18.0,dep,"(74, 77)",אחר,,
"(1, 2)",מקרב,,,,,"(1, 5)",,,"[{'id': 1, 'text': 'מ', 'upos': 'ADP', 'xpos': 'ADP', 'head': 2, 'deprel': 'case', 'lemma': 'מ'}, {'id': 2, 'text': 'קרב', 'upos': 'NOUN', 'xpos': 'NOUN', 'feats': 'Definite=Cons|Gender=Masc|Number=Sing', 'head': 13, 'deprel': 'nmod', 'lemma': 'קרב'}]"
"(3, 4)",הרוכשים,,,,,"(6, 13)",,,"[{'id': 3, 'text': 'ה', 'upos': 'DET', 'xpos': 'DET', 'feats': 'PronType=Art', 'head': 4, 'deprel': 'det:def', 'lemma': 'ה'}, {'id': 4, 'text': 'רוכשים', 'upos': 'NOUN', 'xpos': 'NOUN', 'feats': 'Gender=Masc|Number=Plur', 'head': 2, 'deprel': 'compound:smixut', 'lemma': 'רכש'}]"
"(5, 6)",שהתגוררו,,,,,"(14, 22)",,,"[{'id': 5, 'text': 'ש', 'upos': 'SCONJ', 'xpos': 'SCONJ', 'head': 6, 'deprel': 'mark', 'lemma': 'ש'}, {'id': 6, 'text': 'התגוררו', 'upos': 'VERB', 'xpos': 'VERB', 'feats': 'Gender=Fem,Masc|HebBinyan=HITPAEL|Number=Plur|Person=3|Tense=Past', 'head': 4, 'deprel': 'acl:relcl', 'lemma': 'התגורר'}]"
"(7, 9)",בישובים,,,,,"(23, 30)",,,"[{'id': 7, 'text': 'ב', 'upos': 'ADP', 'xpos': 'ADP', 'head': 9, 'deprel': 'case', 'lemma': 'ב'}, {'id': 8, 'text': 'ה_', 'upos': 'DET', 'xpos': 'DET', 'feats': 'PronType=Art', 'head': 9, 'deprel': 'det:def', 'lemma': 'ה'}, {'id': 9, 'text': 'ישובים', 'upos': 'NOUN', 'xpos': 'NOUN', 'feats': 'Gender=Masc|Number=Plur', 'head': 6, 'deprel': 'obl', 'lemma': 'יישוב'}]"
10,אחרים,ADJ,ADJ,9.0,amod,"(31, 36)",אחר,Gender=Masc|Number=Plur,
11,",",PUNCT,PUNCT,13.0,punct,"(37, 38)",",",,
12,51,NUM,NUM,13.0,nummod,"(39, 41)",51,,
13,%,NOUN,NOUN,0.0,root,"(41, 42)",%,"Gender=Masc|Number=Plur,Sing",
"(14, 15)",שקלו,,,,,"(43, 47)",,,"[{'id': 14, 'text': 'ש', 'upos': 'SCONJ', 'xpos': 'SCONJ', 'head': 15, 'deprel': 'mark', 'lemma': 'ש'}, {'id': 15, 'text': 'קלו', 'upos': 'VERB', 'xpos': 'VERB', 'feats': 'Gender=Masc|Number=Sing|Tense=Past|VerbType=Mod', 'head': 13, 'deprel': 'acl:relcl', 'lemma': 'קלה'}]"
16,לקנות,VERB,VERB,15.0,xcomp,"(48, 53)",קנה,HebBinyan=PAAL|VerbForm=Inf|Voice=Act,
17,דירה,NOUN,NOUN,16.0,obj,"(54, 58)",דירה,Gender=Fem|Number=Sing,
"(18, 20)",במקום,,,,,"(59, 64)",,,"[{'id': 18, 'text': 'ב', 'upos': 'ADP', 'xpos': 'ADP', 'head': 20, 'deprel': 'case', 'lemma': 'ב'}, {'id': 19, 'text': 'ה_', 'upos': 'DET', 'xpos': 'DET', 'feats': 'PronType=Art', 'head': 20, 'deprel': 'det:def', 'lemma': 'ה'}, {'id': 20, 'text': 'מקום', 'upos': 'NOUN', 'xpos': 'NOUN', 'feats': 'Gender=Masc|Number=Sing', 'head': 16, 'deprel': 'obl', 'lemma': 'מקום'}]"
21,אחר,ADJ,ADJ,20.0,amod,"(65, 68)",אחר,Gender=Masc|Number=Sing,
1,אחוז,NOUN,NOUN,13.0,nsubj,"(1, 5)",אחוז,Definite=Cons|Gender=Masc|Number=Sing,
"(2, 3)",הרוכשים,,,,,"(6, 13)",,,"[{'id': 2, 'text': 'ה', 'upos': 'DET', 'xpos': 'DET', 'feats': 'PronType=Art', 'head': 3, 'deprel': 'det:def', 'lemma': 'ה'}, {'id': 3, 'text': 'רוכשים', 'upos': 'NOUN', 'xpos': 'NOUN', 'feats': 'Gender=Masc|Number=Plur', 'head': 1, 'deprel': 'compound:smixut', 'lemma': 'רכש'}]"
"(4, 5)",שציינו,,,,,"(14, 20)",,,"[{'id': 4, 'text': 'ש', 'upos': 'SCONJ', 'xpos': 'SCONJ', 'head': 5, 'deprel': 'mark', 'lemma': 'ש'}, {'id': 5, 'text': 'ציינו', 'upos': 'VERB', 'xpos': 'VERB', 'feats': 'Gender=Fem,Masc|HebBinyan=PIEL|Number=Plur|Person=3|Tense=Past|Voice=Act', 'head': 3, 'deprel': 'acl:relcl', 'lemma': 'ציין'}]"
"(6, 7)",ששקלו,,,,,"(21, 26)",,,"[{'id': 6, 'text': 'ש', 'upos': 'SCONJ', 'xpos': 'SCONJ', 'head': 7, 'deprel': 'mark', 'lemma': 'ש'}, {'id': 7, 'text': 'שקלו', 'upos': 'VERB', 'xpos': 'VERB', 'feats': 'Gender=Fem,Masc|HebBinyan=PAAL|Number=Plur|Person=3|Tense=Past|Voice=Act', 'head': 5, 'deprel': 'ccomp', 'lemma': 'שקל'}]"
8,רכישה,NOUN,NOUN,7.0,obj,"(27, 32)",רכישה,Gender=Fem|Number=Sing,
"(9, 11)",במקום,,,,,"(33, 38)",,,"[{'id': 9, 'text': 'ב', 'upos': 'ADP', 'xpos': 'ADP', 'head': 11, 'deprel': 'case', 'lemma': 'ב'}, {'id': 10, 'text': 'ה_', 'upos': 'DET', 'xpos': 'DET', 'feats': 'PronType=Art', 'head': 11, 'deprel': 'det:def', 'lemma': 'ה'}, {'id': 11, 'text': 'מקום', 'upos': 'NOUN', 'xpos': 'NOUN', 'feats': 'Gender=Masc|Number=Sing', 'head': 7, 'deprel': 'obl', 'lemma': 'מקום'}]"
12,אחר,ADJ,ADJ,11.0,amod,"(39, 42)",אחר,Gender=Masc|Number=Sing,
13,דומה,ADJ,ADJ,0.0,root,"(43, 47)",דומה,Gender=Masc|Number=Sing,
"(14, 16)",לסקר,,,,,"(48, 52)",,,"[{'id': 14, 'text': 'ל', 'upos': 'ADP', 'xpos': 'ADP', 'head': 16, 'deprel': 'case', 'lemma': 'ל'}, {'id': 15, 'text': 'ה_', 'upos': 'DET', 'xpos': 'DET', 'feats': 'PronType=Art', 'head': 16, 'deprel': 'det:def', 'lemma': 'ה'}, {'id': 16, 'text': 'סקר', 'upos': 'NOUN', 'xpos': 'NOUN', 'feats': 'Gender=Masc|Number=Sing', 'head': 13, 'deprel': 'obl', 'lemma': 'סקר'}]"
"(17, 18)",שנערך,,,,,"(53, 58)",,,"[{'id': 17, 'text': 'ש', 'upos': 'SCONJ', 'xpos': 'SCONJ', 'head': 18, 'deprel': 'mark', 'lemma': 'ש'}, {'id': 18, 'text': 'נערך', 'upos': 'VERB', 'xpos': 'VERB', 'feats': 'Gender=Masc|HebBinyan=NIFAL|Number=Sing|Person=3|Tense=Past|Voice=Mid', 'head': 16, 'deprel': 'acl:relcl', 'lemma': 'נערך'}]"
"(19, 20)",בשכונת,,,,,"(59, 65)",,,"[{'id': 19, 'text': 'ב', 'upos': 'ADP', 'xpos': 'ADP', 'head': 20, 'deprel': 'case', 'lemma': 'ב'}, {'id': 20, 'text': 'שכונת', 'upos': 'NOUN', 'xpos': 'NOUN', 'feats': 'Definite=Cons|Gender=Fem|Number=Sing', 'head': 18, 'deprel': 'obl', 'lemma': 'שכונה'}]"
21,רמות,NOUN,NOUN,20.0,compound:smixut,"(66, 70)",רמה,Gender=Fem|Number=Plur,
"(22, 23)",בבאר,,,,,"(71, 75)",,,"[{'id': 22, 'text': 'ב', 'upos': 'ADP', 'xpos': 'ADP', 'head': 23, 'deprel': 'case', 'lemma': 'ב'}, {'id': 23, 'text': 'באר', 'upos': 'NOUN', 'xpos': 'NOUN', 'feats': 'Definite=Cons|Gender=Fem|Number=Sing', 'head': 20, 'deprel': 'nmod', 'lemma': 'באר'}]"
24,שבע,NUM,NUM,23.0,flat:name,"(76, 79)",שבע,Gender=Fem|Number=Sing,
25,(,PUNCT,PUNCT,27.0,punct,"(80, 81)",(,,
26,25,NUM,NUM,27.0,nummod,"(81, 83)",25,,
27,%,NOUN,NOUN,20.0,appos,"(83, 84)",%,"Gender=Masc|Number=Plur,Sing",
28,),PUNCT,PUNCT,27.0,punct,"(84, 85)",),,
"(29, 30)",ונמוך,,,,,"(86, 91)",,,"[{'id': 29, 'text': 'ו', 'upos': 'CCONJ', 'xpos': 'CCONJ', 'head': 30, 'deprel': 'cc', 'lemma': 'ו'}, {'id': 30, 'text': 'נמוך', 'upos': 'ADJ', 'xpos': 'ADJ', 'feats': 'Gender=Masc|Number=Sing', 'head': 13, 'deprel': 'conj', 'lemma': 'נמוך'}]"
31,יחסית,ADV,ADV,30.0,advmod,"(92, 97)",יחסית,,
"(32, 34)",לסקרים,,,,,"(98, 104)",,,"[{'id': 32, 'text': 'ל', 'upos': 'ADP', 'xpos': 'ADP', 'head': 34, 'deprel': 'case', 'lemma': 'ל'}, {'id': 33, 'text': 'ה_', 'upos': 'DET', 'xpos': 'DET', 'feats': 'PronType=Art', 'head': 34, 'deprel': 'det:def', 'lemma': 'ה'}, {'id': 34, 'text': 'סקרים', 'upos': 'NOUN', 'xpos': 'NOUN', 'feats': 'Gender=Masc|Number=Plur', 'head': 30, 'deprel': 'obl', 'lemma': 'סקר'}]"
35,אחרים,ADJ,ADJ,34.0,amod,"(105, 110)",אחר,Gender=Masc|Number=Plur,
"(36, 37)",שערכנו,,,,,"(111, 117)",,,"[{'id': 36, 'text': 'ש', 'upos': 'SCONJ', 'xpos': 'SCONJ', 'head': 37, 'deprel': 'mark', 'lemma': 'ש'}, {'id': 37, 'text': 'ערכנו', 'upos': 'VERB', 'xpos': 'VERB', 'feats': 'Gender=Fem,Masc|HebBinyan=PUAL|Number=Plur|Person=3|Tense=Past|Voice=Pass', 'head': 34, 'deprel': 'acl:relcl', 'lemma': 'ערך'}]"
"(38, 39)",בשלומי,,,,,"(118, 124)",,,"[{'id': 38, 'text': 'ב', 'upos': 'ADP', 'xpos': 'ADP', 'head': 39, 'deprel': 'case', 'lemma': 'ב'}, {'id': 39, 'text': 'שלומי', 'upos': 'PROPN', 'xpos': 'PROPN', 'head': 37, 'deprel': 'obl', 'lemma': 'שלומי'}]"
40,(,PUNCT,PUNCT,42.0,punct,"(125, 126)",(,,
41,53,NUM,NUM,42.0,nummod,"(126, 128)",53,,
42,%,NOUN,NOUN,39.0,appos,"(128, 129)",%,"Gender=Masc|Number=Plur,Sing",
43,),PUNCT,PUNCT,42.0,punct,"(129, 130)",),,
"(44, 45)",בהר,,,,,"(131, 134)",,,"[{'id': 44, 'text': 'ב', 'upos': 'ADP', 'xpos': 'ADP', 'head': 45, 'deprel': 'case', 'lemma': 'ב'}, {'id': 45, 'text': 'הר', 'upos': 'NOUN', 'xpos': 'NOUN', 'feats': 'Definite=Cons|Gender=Masc|Number=Sing', 'head': 39, 'deprel': 'nmod', 'lemma': 'הר'}]"
46,חומה,NOUN,NOUN,45.0,flat:name,"(135, 139)",חומה,Gender=Fem|Number=Sing,
47,(,PUNCT,PUNCT,49.0,punct,"(140, 141)",(,,
48,74,NUM,NUM,49.0,nummod,"(141, 143)",74,,
49,%,NOUN,NOUN,45.0,appos,"(143, 144)",%,"Gender=Masc|Number=Plur,Sing",
50,),PUNCT,PUNCT,49.0,punct,"(144, 145)",),,
"(51, 53)",ובאלעד,,,,,"(146, 152)",,,"[{'id': 51, 'text': 'ו', 'upos': 'CCONJ', 'xpos': 'CCONJ', 'head': 53, 'deprel': 'cc', 'lemma': 'ו'}, {'id': 52, 'text': 'ב', 'upos': 'ADP', 'xpos': 'ADP', 'head': 53, 'deprel': 'case', 'lemma': 'ב'}, {'id': 53, 'text': 'אלעד', 'upos': 'PROPN', 'xpos': 'PROPN', 'head': 39, 'deprel': 'conj', 'lemma': 'אלעד'}]"
54,(,PUNCT,PUNCT,56.0,punct,"(153, 154)",(,,
55,56,NUM,NUM,56.0,nummod,"(154, 156)",56,,
56,%,NOUN,NOUN,53.0,appos,"(156, 157)",%,"Gender=Masc|Number=Plur,Sing",
57,),PUNCT,PUNCT,56.0,punct,"(157, 158)",),,
58,",",PUNCT,PUNCT,13.0,punct,"(158, 159)",",",,
"(59, 60)",ונובע,,,,,"(160, 165)",,,"[{'id': 59, 'text': 'ו', 'upos': 'CCONJ', 'xpos': 'CCONJ', 'head': 60, 'deprel': 'cc', 'lemma': 'ו'}, {'id': 60, 'text': 'נובע', 'upos': 'VERB', 'xpos': 'VERB', 'feats': 'Gender=Masc|HebBinyan=PAAL|Number=Sing|Person=1,2,3|VerbForm=Part|Voice=Act', 'head': 13, 'deprel': 'conj', 'lemma': 'נבע'}]"
"(61, 62)",מכך,,,,,"(166, 169)",,,"[{'id': 61, 'text': 'מ', 'upos': 'ADP', 'xpos': 'ADP', 'head': 62, 'deprel': 'case', 'lemma': 'מ'}, {'id': 62, 'text': 'כך', 'upos': 'PRON', 'xpos': 'PRON', 'feats': 'Person=3|PronType=Dem', 'head': 60, 'deprel': 'obl', 'lemma': 'כך'}]"
"(63, 64)",שמרבית,,,,,"(170, 176)",,,"[{'id': 63, 'text': 'ש', 'upos': 'SCONJ', 'xpos': 'SCONJ', 'head': 69, 'deprel': 'mark', 'lemma': 'ש'}, {'id': 64, 'text': 'מרבית', 'upos': 'DET', 'xpos': 'DET', 'feats': 'Definite=Cons', 'head': 65, 'deprel': 'det', 'lemma': 'מרבית'}]"
65,קוני,NOUN,NOUN,69.0,nsubj:cop,"(177, 181)",קונה,Definite=Cons|Gender=Masc|Number=Plur,
"(66, 67)",הדירות,,,,,"(182, 188)",,,"[{'id': 66, 'text': 'ה', 'upos': 'DET', 'xpos': 'DET', 'feats': 'PronType=Art', 'head': 67, 'deprel': 'det:def', 'lemma': 'ה'}, {'id': 67, 'text': 'דירות', 'upos': 'NOUN', 'xpos': 'NOUN', 'feats': 'Gender=Fem|Number=Plur', 'head': 65, 'deprel': 'compound:smixut', 'lemma': 'דירה'}]"
68,הם,AUX,AUX,69.0,cop,"(189, 191)",הוא,Gender=Masc|Number=Plur|Person=3|Polarity=Pos|VerbForm=Part|VerbType=Cop,
69,תושבי,NOUN,NOUN,62.0,acl:relcl,"(192, 197)",תושב,Definite=Cons|Gender=Masc|Number=Plur,
70,מגדל,NOUN,NOUN,69.0,compound:smixut,"(198, 202)",מגדל,Definite=Cons|Gender=Masc|Number=Sing,
"(71, 72)",העמק,,,,,"(203, 207)",,,"[{'id': 71, 'text': 'ה', 'upos': 'DET', 'xpos': 'DET', 'feats': 'PronType=Art', 'head': 72, 'deprel': 'det:def', 'lemma': 'ה'}, {'id': 72, 'text': 'עמק', 'upos': 'NOUN', 'xpos': 'NOUN', 'feats': 'Gender=Masc|Number=Sing', 'head': 70, 'deprel': 'compound:smixut', 'lemma': 'עמק'}]"
"(73, 74)",ושיקול,,,,,"(208, 214)",,,"[{'id': 73, 'text': 'ו', 'upos': 'CCONJ', 'xpos': 'CCONJ', 'head': 83, 'deprel': 'cc', 'lemma': 'ו'}, {'id': 74, 'text': 'שיקול', 'upos': 'NOUN', 'xpos': 'NOUN', 'feats': 'Definite=Cons|Gender=Masc|Number=Sing', 'head': 83, 'deprel': 'nsubj:cop', 'lemma': 'שיקול'}]"
"(75, 76)",המיקום,,,,,"(215, 221)",,,"[{'id': 75, 'text': 'ה', 'upos': 'DET', 'xpos': 'DET', 'feats': 'PronType=Art', 'head': 76, 'deprel': 'det:def', 'lemma': 'ה'}, {'id': 76, 'text': 'מיקום', 'upos': 'NOUN', 'xpos': 'NOUN', 'feats': 'Gender=Masc|Number=Sing', 'head': 74, 'deprel': 'compound:smixut', 'lemma': 'מיקום'}]"
"(77, 78)",לקנית,,,,,"(222, 227)",,,"[{'id': 77, 'text': 'ל', 'upos': 'ADP', 'xpos': 'ADP', 'head': 78, 'deprel': 'case', 'lemma': 'ל'}, {'id': 78, 'text': 'קנית', 'upos': 'NOUN', 'xpos': 'NOUN', 'feats': 'Definite=Cons|Gender=Fem|Number=Sing', 'head': 76, 'deprel': 'nmod', 'lemma': 'קנית'}]"
"(79, 80)",הדירה,,,,,"(228, 233)",,,"[{'id': 79, 'text': 'ה', 'upos': 'DET', 'xpos': 'DET', 'feats': 'PronType=Art', 'head': 80, 'deprel': 'det:def', 'lemma': 'ה'}, {'id': 80, 'text': 'דירה', 'upos': 'NOUN', 'xpos': 'NOUN', 'feats': 'Gender=Fem|Number=Sing', 'head': 78, 'deprel': 'compound:smixut', 'lemma': 'דירה'}]"
81,הוא,AUX,AUX,83.0,cop,"(234, 237)",הוא,Gender=Masc|Number=Sing|Person=3|Polarity=Pos|VerbForm=Part|VerbType=Cop,
"(82, 83)",השיקול,,,,,"(238, 244)",,,"[{'id': 82, 'text': 'ה', 'upos': 'DET', 'xpos': 'DET', 'feats': 'PronType=Art', 'head': 83, 'deprel': 'det:def', 'lemma': 'ה'}, {'id': 83, 'text': 'שיקול', 'upos': 'NOUN', 'xpos': 'NOUN', 'feats': 'Gender=Masc|Number=Sing', 'head': 60, 'deprel': 'obl', 'lemma': 'שיקול'}]"
"(84, 85)",העיקרי,,,,,"(245, 251)",,,"[{'id': 84, 'text': 'ה', 'upos': 'DET', 'xpos': 'DET', 'feats': 'PronType=Art', 'head': 85, 'deprel': 'det:def', 'lemma': 'ה'}, {'id': 85, 'text': 'עיקרי', 'upos': 'ADJ', 'xpos': 'ADJ', 'feats': 'Gender=Masc|Number=Sing', 'head': 83, 'deprel': 'amod', 'lemma': 'עיקרי'}]"
1,להלן,ADV,ADV,0.0,root,"(1, 5)",להלן,,
2,פרוט,NOUN,NOUN,1.0,dep,"(6, 10)",פרוט,Definite=Cons|Gender=Masc|Number=Sing,
"(3, 4)",המקומות,,,,,"(11, 18)",,,"[{'id': 3, 'text': 'ה', 'upos': 'DET', 'xpos': 'DET', 'feats': 'PronType=Art', 'head': 4, 'deprel': 'det:def', 'lemma': 'ה'}, {'id': 4, 'text': 'מקומות', 'upos': 'NOUN', 'xpos': 'NOUN', 'feats': 'Gender=Masc|Number=Plur', 'head': 2, 'deprel': 'compound:smixut', 'lemma': 'מקום'}]"
"(5, 7)",שאותם,,,,,"(19, 24)",,,"[{'id': 5, 'text': 'ש', 'upos': 'SCONJ', 'xpos': 'SCONJ', 'head': 8, 'deprel': 'mark', 'lemma': 'ש'}, {'id': 6, 'text': 'אותו_', 'upos': 'ADP', 'xpos': 'ADP', 'feats': 'Definite=Def', 'head': 7, 'deprel': 'case:acc', 'lemma': 'אותו'}, {'id': 7, 'text': '_הם', 'upos': 'PRON', 'xpos': 'PRON', 'feats': 'Gender=Masc|Number=Plur|Person=3|PronType=Prs', 'head': 8, 'deprel': 'obj', 'lemma': 'הוא'}]"
8,שקלו,VERB,VERB,4.0,acl:relcl,"(25, 29)",שקל,"Gender=Fem,Masc|HebBinyan=PIEL|Number=Plur|Person=3|Tense=Past|Voice=Act",
9,27,NUM,NUM,10.0,nummod,"(30, 32)",27,,
10,%,NOUN,NOUN,8.0,nsubj,"(32, 33)",%,"Gender=Masc|Number=Plur,Sing",
"(11, 13)",מהקונים,,,,,"(34, 41)",,,"[{'id': 11, 'text': 'מ', 'upos': 'ADP', 'xpos': 'ADP', 'head': 13, 'deprel': 'case', 'lemma': 'מ'}, {'id': 12, 'text': 'ה', 'upos': 'DET', 'xpos': 'DET', 'feats': 'PronType=Art', 'head': 13, 'deprel': 'det:def', 'lemma': 'ה'}, {'id': 13, 'text': 'קונים', 'upos': 'NOUN', 'xpos': 'NOUN', 'feats': 'Gender=Masc|Number=Plur', 'head': 10, 'deprel': 'nmod', 'lemma': 'קונה'}]"
"(14, 15)",ששקלו,,,,,"(42, 47)",,,"[{'id': 14, 'text': 'ש', 'upos': 'SCONJ', 'xpos': 'SCONJ', 'head': 15, 'deprel': 'mark', 'lemma': 'ש'}, {'id': 15, 'text': 'שקלו', 'upos': 'VERB', 'xpos': 'VERB', 'feats': 'Gender=Fem,Masc|HebBinyan=PIEL|Number=Plur|Person=3|Tense=Past|Voice=Act', 'head': 13, 'deprel': 'acl:relcl', 'lemma': 'שקל'}]"
16,לקנות,VERB,VERB,15.0,xcomp,"(48, 53)",קנה,HebBinyan=PAAL|VerbForm=Inf|Voice=Act,
"(17, 19)",במקום,,,,,"(54, 59)",,,"[{'id': 17, 'text': 'ב', 'upos': 'ADP', 'xpos': 'ADP', 'head': 19, 'deprel': 'case', 'lemma': 'ב'}, {'id': 18, 'text': 'ה_', 'upos': 'DET', 'xpos': 'DET', 'feats': 'PronType=Art', 'head': 19, 'deprel': 'det:def', 'lemma': 'ה'}, {'id': 19, 'text': 'מקום', 'upos': 'NOUN', 'xpos': 'NOUN', 'feats': 'Gender=Masc|Number=Sing', 'head': 16, 'deprel': 'obl', 'lemma': 'מקום'}]"
20,אחר,ADJ,ADJ,19.0,amod,"(60, 63)",אחר,Gender=Masc|Number=Sing,
21,:,PUNCT,PUNCT,1.0,punct,"(63, 64)",:,,
22,-,PUNCT,PUNCT,24.0,punct,"(65, 66)",-,,
23,42,NUM,NUM,24.0,nummod,"(67, 69)",42,,
24,%,NOUN,NOUN,1.0,dep,"(69, 70)",%,"Gender=Masc|Number=Plur,Sing",
25,-,PUNCT,PUNCT,24.0,punct,"(71, 72)",-,,
26,אזור,NOUN,NOUN,24.0,nmod,"(72, 76)",אזור,Definite=Cons|Gender=Masc|Number=Sing,
27,חיפה,PROPN,PROPN,26.0,compound:smixut,"(77, 81)",חיפה,,
"(28, 29)",והקריות,,,,,"(82, 89)",,,"[{'id': 28, 'text': 'ו', 'upos': 'CCONJ', 'xpos': 'CCONJ', 'head': 29, 'deprel': 'cc', 'lemma': 'ו'}, {'id': 29, 'text': 'הקריות', 'upos': 'PROPN', 'xpos': 'PROPN', 'feats': 'Gender=Fem|Number=Plur', 'head': 27, 'deprel': 'conj', 'lemma': 'הקריות'}]"
1,-,PUNCT,PUNCT,3.0,punct,"(1, 2)",-,,
2,35,NUM,NUM,3.0,nummod,"(3, 5)",35,,
3,%,NOUN,NOUN,0.0,root,"(5, 6)",%,"Gender=Masc|Number=Plur,Sing",
4,-,PUNCT,PUNCT,3.0,punct,"(7, 8)",-,,
5,צפון,NOUN,NOUN,3.0,nmod,"(9, 13)",צפון,Definite=Cons|Gender=Masc|HebSource=ConvUncertainHead|Number=Sing,
"(6, 7)",הארץ,,,,,"(14, 18)",,,"[{'id': 6, 'text': 'ה', 'upos': 'DET', 'xpos': 'DET', 'feats': 'PronType=Art', 'head': 7, 'deprel': 'det:def', 'lemma': 'ה'}, {'id': 7, 'text': 'ארץ', 'upos': 'NOUN', 'xpos': 'NOUN', 'feats': 'Gender=Fem|Number=Sing', 'head': 5, 'deprel': 'compound:smixut', 'lemma': 'ארץ'}]"
1,-,PUNCT,PUNCT,6.0,dep,"(1, 2)",-,,
2,%,PUNCT,PUNCT,6.0,dep,"(3, 4)",%,"Gender=Masc|Number=Plur,Sing",
3,21,PUNCT,PUNCT,6.0,dep,"(5, 7)",21,,
4,-,PUNCT,PUNCT,6.0,dep,"(8, 9)",-,,
5,אזור,NOUN,NOUN,6.0,dep,"(10, 14)",אזור,,
"(6, 7)",המרכז,,,,,"(15, 20)",,,"[{'id': 6, 'text': 'ה', 'upos': 'NOUN', 'xpos': 'NOUN', 'head': 0, 'deprel': 'compound:smixut', 'lemma': 'ה'}, {'id': 7, 'text': 'מרכז', 'upos': 'NOUN', 'xpos': 'NOUN', 'head': 6, 'deprel': 'dep', 'lemma': 'מרכז'}]"
1,-,PUNCT,PUNCT,5.0,punct,"(1, 2)",-,,
2,2,NUM,NUM,3.0,nummod,"(3, 4)",2,,
3,%,NOUN,NOUN,5.0,nmod,"(4, 5)",%,"Gender=Masc|Number=Plur,Sing",
4,-,PUNCT,PUNCT,5.0,punct,"(6, 7)",-,,
5,אזור,NOUN,NOUN,21.0,dep,"(8, 12)",אזור,Definite=Cons|Gender=Masc|Number=Sing,
"(6, 7)",הדרום,,,,,"(13, 18)",,,"[{'id': 6, 'text': 'ה', 'upos': 'DET', 'xpos': 'DET', 'feats': 'PronType=Art', 'head': 7, 'deprel': 'det:def', 'lemma': 'ה'}, {'id': 7, 'text': 'דרום', 'upos': 'NOUN', 'xpos': 'NOUN', 'feats': 'Gender=Masc|Number=Sing', 'head': 5, 'deprel': 'compound:smixut', 'lemma': 'דרום'}]"
8,□,PUNCT,PUNCT,21.0,punct,"(19, 20)",□,,
9,שיקולים,NOUN,NOUN,21.0,nsubj,"(21, 28)",שיקול,Gender=Masc|Number=Plur,
"(10, 11)",לקנית,,,,,"(29, 34)",,,"[{'id': 10, 'text': 'ל', 'upos': 'ADP', 'xpos': 'ADP', 'head': 11, 'deprel': 'case', 'lemma': 'ל'}, {'id': 11, 'text': 'קנית', 'upos': 'NOUN', 'xpos': 'NOUN', 'feats': 'Definite=Cons|Gender=Fem|Number=Sing', 'head': 9, 'deprel': 'nmod', 'lemma': 'קנית'}]"
"(12, 13)",הדירה,,,,,"(35, 40)",,,"[{'id': 12, 'text': 'ה', 'upos': 'DET', 'xpos': 'DET', 'feats': 'PronType=Art', 'head': 13, 'deprel': 'det:def', 'lemma': 'ה'}, {'id': 13, 'text': 'דירה', 'upos': 'NOUN', 'xpos': 'NOUN', 'feats': 'Gender=Fem|Number=Sing', 'head': 11, 'deprel': 'compound:smixut', 'lemma': 'דירה'}]"
"(14, 16)",במגדל,,,,,"(41, 46)",,,"[{'id': 14, 'text': 'ב', 'upos': 'ADP', 'xpos': 'ADP', 'head': 16, 'deprel': 'case', 'lemma': 'ב'}, {'id': 15, 'text': 'ה_', 'upos': 'DET', 'xpos': 'DET', 'feats': 'PronType=Art', 'head': 16, 'deprel': 'det:def', 'lemma': 'ה'}, {'id': 16, 'text': 'מגדל', 'upos': 'NOUN', 'xpos': 'NOUN', 'feats': 'Definite=Cons|Gender=Masc|Number=Sing', 'head': 13, 'deprel': 'nmod', 'lemma': 'מגדל'}]"
"(17, 18)",העמק,,,,,"(47, 51)",,,"[{'id': 17, 'text': 'ה', 'upos': 'DET', 'xpos': 'DET', 'feats': 'PronType=Art', 'head': 18, 'deprel': 'det:def', 'lemma': 'ה'}, {'id': 18, 'text': 'עמק', 'upos': 'NOUN', 'xpos': 'NOUN', 'feats': 'Gender=Masc|Number=Sing', 'head': 16, 'deprel': 'compound:smixut', 'lemma': 'עמק'}]"
"(19, 20)",המרואיינים,,,,,"(52, 62)",,,"[{'id': 19, 'text': 'ה', 'upos': 'DET', 'xpos': 'DET', 'feats': 'PronType=Art', 'head': 20, 'deprel': 'det:def', 'lemma': 'ה'}, {'id': 20, 'text': 'מרואיינים', 'upos': 'ADJ', 'xpos': 'ADJ', 'feats': 'Gender=Masc|Number=Plur', 'head': 21, 'deprel': 'dep', 'lemma': 'מרואיין'}]"
21,נשאלו,VERB,VERB,0.0,root,"(63, 68)",נשאל,"Gender=Fem,Masc|HebBinyan=NIFAL|Number=Plur|Person=3|Tense=Past|Voice=Mid",
"(22, 23)",מהן,,,,,"(69, 72)",,,"[{'id': 22, 'text': 'מן_', 'upos': 'ADP', 'xpos': 'ADP', 'head': 23, 'deprel': 'case', 'lemma': 'מן'}, {'id': 23, 'text': '_הן', 'upos': 'PRON', 'xpos': 'PRON', 'feats': 'Gender=Fem|Number=Plur|Person=3|PronType=Prs', 'head': 21, 'deprel': 'obl', 'lemma': 'הוא'}]"
"(24, 25)",הסיבות,,,,,"(73, 79)",,,"[{'id': 24, 'text': 'ה', 'upos': 'DET', 'xpos': 'DET', 'feats': 'PronType=Art', 'head': 25, 'deprel': 'det:def', 'lemma': 'ה'}, {'id': 25, 'text': 'סיבות', 'upos': 'NOUN', 'xpos': 'NOUN', 'feats': 'Gender=Fem|Number=Plur', 'head': 21, 'deprel': 'nsubj', 'lemma': 'סיבה'}]"
"(26, 28)",שבגללם,,,,,"(80, 86)",,,"[{'id': 26, 'text': 'ש', 'upos': 'SCONJ', 'xpos': 'SCONJ', 'head': 29, 'deprel': 'mark', 'lemma': 'ש'}, {'id': 27, 'text': 'בגלל_', 'upos': 'ADP', 'xpos': 'ADP', 'head': 28, 'deprel': 'case', 'lemma': 'בגלל'}, {'id': 28, 'text': '_הם', 'upos': 'PRON', 'xpos': 'PRON', 'feats': 'Gender=Masc|Number=Plur|Person=3|PronType=Prs', 'head': 29, 'deprel': 'obl', 'lemma': 'הוא'}]"
29,קנו,VERB,VERB,25.0,acl:relcl,"(87, 90)",קנה,"Gender=Fem,Masc|HebBinyan=PAAL|Number=Plur|Person=3|Tense=Past|Voice=Act",
30,דירה,NOUN,NOUN,29.0,obj,"(91, 95)",דירה,Gender=Fem|Number=Sing,
"(31, 33)",במגדל,,,,,"(96, 101)",,,"[{'id': 31, 'text': 'ב', 'upos': 'ADP', 'xpos': 'ADP', 'head': 33, 'deprel': 'case', 'lemma': 'ב'}, {'id': 32, 'text': 'ה_', 'upos': 'DET', 'xpos': 'DET', 'feats': 'PronType=Art', 'head': 33, 'deprel': 'det:def', 'lemma': 'ה'}, {'id': 33, 'text': 'מגדל', 'upos': 'NOUN', 'xpos': 'NOUN', 'feats': 'Definite=Cons|Gender=Masc|Number=Sing', 'head': 30, 'deprel': 'nmod', 'lemma': 'מגדל'}]"
"(34, 35)",העמק,,,,,"(102, 106)",,,"[{'id': 34, 'text': 'ה', 'upos': 'DET', 'xpos': 'DET', 'feats': 'PronType=Art', 'head': 35, 'deprel': 'det:def', 'lemma': 'ה'}, {'id': 35, 'text': 'עמק', 'upos': 'NOUN', 'xpos': 'NOUN', 'feats': 'Gender=Masc|Number=Sing', 'head': 33, 'deprel': 'compound:smixut', 'lemma': 'עמק'}]"
36,דווקא,ADV,ADV,30.0,advmod,"(107, 112)",דווקא,,
1,כ,ADP,ADP,2.0,det,"(1, 2)",כ,,
2,%,NOUN,NOUN,4.0,nsubj,"(3, 4)",%,"Gender=Masc|Number=Plur,Sing",
3,43,NUM,NUM,2.0,nummod,"(5, 7)",43,,
4,ציינו,VERB,VERB,0.0,root,"(8, 13)",ציין,"Gender=Fem,Masc|HebBinyan=PIEL|Number=Plur|Person=3|Tense=Past|Voice=Act",
5,מיקום,NOUN,NOUN,4.0,obj,"(14, 19)",מיקום,Gender=Masc|Number=Sing,
6,כללי,ADJ,ADJ,5.0,amod,"(20, 24)",כללי,Gender=Masc|Number=Sing,
1,כ,ADP,ADP,2.0,case,"(1, 2)",כ,,
2,%,NOUN,NOUN,5.0,obl,"(3, 4)",%,"Gender=Masc|Number=Plur,Sing",
3,35,NUM,NUM,2.0,nummod,"(5, 7)",35,,
4,צי,VERB,VERB,5.0,dep,"(8, 10)",צי,"Gender=Fem,Masc|HebBinyan=PIEL|Number=Plur|Person=3|Tense=Past|Voice=Act",
5,ינו,VERB,VERB,0.0,root,"(10, 13)",נוהה,"Gender=Fem,Masc|HebBinyan=PAAL|Number=Plur|Person=1|Tense=Past|Voice=Act",
6,את,ADP,ADP,8.0,case:acc,"(14, 16)",את,Case=Acc,
"(7, 8)",המחיר,,,,,"(17, 22)",,,"[{'id': 7, 'text': 'ה', 'upos': 'DET', 'xpos': 'DET', 'feats': 'PronType=Art', 'head': 8, 'deprel': 'det:def', 'lemma': 'ה'}, {'id': 8, 'text': 'מחיר', 'upos': 'NOUN', 'xpos': 'NOUN', 'feats': 'Gender=Masc|Number=Sing', 'head': 4, 'deprel': 'obj', 'lemma': 'מחיר'}]"
9,כ,ADV,ADV,13.0,case,"(23, 24)",כ,,
"(10, 10)",%,,,,,"(25, 26)",,,"[{'id': 10, 'text': 'ל', 'upos': 'ADP', 'xpos': 'ADP', 'head': 9, 'deprel': 'fixed', 'lemma': 'ל'}]"
11,30,NUM,NUM,13.0,nummod,"(27, 29)",30,,
"(12, 13)",צי,,,,,"(30, 32)",,,"[{'id': 12, 'text': 'צ_', 'upos': 'NOUN', 'xpos': 'NOUN', 'feats': 'Definite=Def|Gender=Masc|Number=Plur', 'head': 13, 'deprel': 'nmod', 'lemma': 'צ'}, {'id': 13, 'text': '_אני', 'upos': 'NOUN', 'xpos': 'NOUN', 'feats': 'Gender=Fem,Masc|Number=Sing|Person=1|PronType=Prs', 'head': 14, 'deprel': 'nmod:poss', 'lemma': 'הוא'}]"
"(14, 16)",ינו,,,,,"(32, 35)",,,"[{'id': 14, 'text': 'ין_', 'upos': 'NOUN', 'xpos': 'NOUN', 'feats': 'Definite=Def|Gender=Masc|Number=Plur', 'head': 4, 'deprel': 'nsubj', 'lemma': 'ין'}, {'id': 15, 'text': '_של_', 'upos': 'ADP', 'xpos': 'ADP', 'head': 16, 'deprel': 'case:gen', 'lemma': 'של'}, {'id': 16, 'text': '_הוא', 'upos': 'PRON', 'xpos': 'PRON', 'feats': 'Case=Gen|Gender=Masc|Number=Sing|Person=3|PronType=Prs', 'head': 14, 'deprel': 'nmod:poss', 'lemma': 'הוא'}]"
17,את,ADP,ADP,18.0,case:acc,"(36, 38)",את,Case=Acc,
"(18, 20)",קרבת השכונה,,,,,"(39, 50)",,,"[{'id': 18, 'text': 'קרבתטן', 'upos': 'NOUN', 'xpos': 'NOUN', 'feats': 'Definite=Cons|Gender=Fem|Number=Sing', 'head': 4, 'deprel': 'obj', 'lemma': 'קרבתטן'}, {'id': 19, 'text': 'ה', 'upos': 'DET', 'xpos': 'DET', 'feats': 'PronType=Art', 'head': 20, 'deprel': 'det:def', 'lemma': 'ה'}, {'id': 20, 'text': 'שכונה', 'upos': 'NOUN', 'xpos': 'NOUN', 'feats': 'Gender=Fem|Number=Sing', 'head': 18, 'deprel': 'compound:smixut', 'lemma': 'שכונה'}]"
"(21, 22)",למ,,,,,"(51, 53)",,,"[{'id': 21, 'text': 'ל', 'upos': 'ADP', 'xpos': 'ADP', 'head': 22, 'deprel': 'case', 'lemma': 'ל'}, {'id': 22, 'text': 'מ', 'upos': 'PROPN', 'xpos': 'PROPN', 'head': 18, 'deprel': 'nmod', 'lemma': 'מ'}]"
"(23, 23)",גור,,,,,"(53, 56)",,,"[{'id': 23, 'text': 'גור', 'upos': 'PROPN', 'xpos': 'PROPN', 'head': 18, 'deprel': 'nmod', 'lemma': 'גור'}]"
"(24, 24)",י,,,,,"(56, 57)",,,"[{'id': 24, 'text': 'י', 'upos': 'PROPN', 'xpos': 'PROPN', 'head': 22, 'deprel': 'flat:name', 'lemma': 'וי'}]"
"(25, 26)",משפחת,,,,,"(58, 63)",,,"[{'id': 25, 'text': 'מ', 'upos': 'ADP', 'xpos': 'ADP', 'head': 23, 'deprel': 'case', 'lemma': 'מ'}, {'id': 26, 'text': 'שפחת', 'upos': 'PROPN', 'xpos': 'PROPN', 'feats': 'Xtra=Junk', 'head': 23, 'deprel': 'nmod', 'lemma': 'שפחה'}]"
"(27, 27)",ם,,,,,"(63, 64)",,,"[{'id': 27, 'text': 'ם', 'upos': 'PROPN', 'xpos': 'PROPN', 'head': 4, 'deprel': 'dep', 'lemma': 'ם'}]"
28,כ,ADV,ADV,30.0,case,"(65, 66)",כ,,
"(29, 29)",%,,,,,"(67, 68)",,,"[{'id': 29, 'text': 'ל', 'upos': 'ADP', 'xpos': 'ADP', 'head': 30, 'deprel': 'case', 'lemma': 'ל'}]"
30,16,NUM,NUM,31.0,obl,"(69, 71)",16,,
31,צי,VERB,VERB,5.0,dep,"(72, 74)",צי,Gender=Masc|HebBinyan=PIEL|Number=Sing|Person=3|Tense=Past|Voice=Act,
32,ינו,VERB,VERB,5.0,conj,"(74, 77)",נוהה,"Gender=Fem,Masc|HebBinyan=PAAL|Number=Plur|Person=1|Tense=Past|Voice=Act",
33,את,ADP,ADP,35.0,case:acc,"(78, 80)",את,Case=Acc,
"(34, 35)",הקרבה,,,,,"(81, 86)",,,"[{'id': 34, 'text': 'ה', 'upos': 'DET', 'xpos': 'DET', 'feats': 'PronType=Art', 'head': 35, 'deprel': 'det:def', 'lemma': 'ה'}, {'id': 35, 'text': 'קרבה', 'upos': 'NOUN', 'xpos': 'NOUN', 'feats': 'Gender=Fem|Number=Sing', 'head': 31, 'deprel': 'obj', 'lemma': 'קרבה'}]"
36,למקום,ADP,ADP,38.0,case,"(87, 92)",למקום,,
"(37, 38)",העבודה,,,,,"(93, 99)",,,"[{'id': 37, 'text': 'ה', 'upos': 'DET', 'xpos': 'DET', 'feats': 'PronType=Art', 'head': 38, 'deprel': 'det:def', 'lemma': 'ה'}, {'id': 38, 'text': 'עבודה', 'upos': 'NOUN', 'xpos': 'NOUN', 'feats': 'Gender=Fem|Number=Sing', 'head': 35, 'deprel': 'nmod', 'lemma': 'עבודה'}]"
1,(,PUNCT,PUNCT,4.0,punct,"(1, 2)",(,,
"(2, 3)",האחוזים,,,,,"(2, 9)",,,"[{'id': 2, 'text': 'ה', 'upos': 'DET', 'xpos': 'DET', 'feats': 'PronType=Art', 'head': 3, 'deprel': 'det:def', 'lemma': 'ה'}, {'id': 3, 'text': 'אחוזים', 'upos': 'NOUN', 'xpos': 'NOUN', 'feats': 'Gender=Masc|Number=Plur', 'head': 4, 'deprel': 'nsubj', 'lemma': 'אחוז'}]"
4,מסתכמים,VERB,VERB,0.0,root,"(10, 17)",הסתכם,"Gender=Masc|HebBinyan=HITPAEL|Number=Plur|Person=1,2,3|VerbForm=Part",
"(5, 6)",ביותר,,,,,"(18, 23)",,,"[{'id': 5, 'text': 'ב', 'upos': 'ADP', 'xpos': 'ADP', 'head': 9, 'deprel': 'case', 'lemma': 'ב'}, {'id': 6, 'text': 'יותר', 'upos': 'ADV', 'xpos': 'ADV', 'head': 9, 'deprel': 'advmod', 'lemma': 'יותר'}]"
7,מ-,ADP,ADP,9.0,punct,"(24, 26)",מ-,,
8,100,NUM,NUM,9.0,nummod,"(27, 30)",100,,
9,%,NOUN,NOUN,4.0,obl,"(30, 31)",%,"Gender=Masc|Number=Plur,Sing",
10,היות,CCONJ,CCONJ,14.0,mark,"(32, 36)",היות,,
"(11, 13)",והמרואיינים,,,,,"(37, 48)",,,"[{'id': 11, 'text': 'ו', 'upos': 'CCONJ', 'xpos': 'CCONJ', 'head': 10, 'deprel': 'fixed', 'lemma': 'ו'}, {'id': 12, 'text': 'ה', 'upos': 'DET', 'xpos': 'DET', 'feats': 'PronType=Art', 'head': 13, 'deprel': 'det:def', 'lemma': 'ה'}, {'id': 13, 'text': 'מרואיינים', 'upos': 'NOUN', 'xpos': 'NOUN', 'feats': 'Gender=Masc|Number=Plur', 'head': 14, 'deprel': 'nsubj', 'lemma': 'מרואיין'}]"
14,יכלו,VERB,VERB,4.0,obl,"(49, 53)",יכל,"Gender=Fem,Masc|Number=Plur|Person=3|Tense=Fut",
"(15, 16)",לציין,,,,,"(54, 59)",,,"[{'id': 15, 'text': 'ל', 'upos': 'VERB', 'xpos': 'VERB', 'feats': 'HebBinyan=PIEL|VerbForm=Inf|Voice=Act', 'head': 16, 'deprel': 'dep', 'lemma': 'ל'}, {'id': 16, 'text': 'ציין', 'upos': 'VERB', 'xpos': 'VERB', 'feats': 'HebBinyan=PIEL|VerbForm=Inf|Voice=Act', 'head': 14, 'deprel': 'xcomp', 'lemma': 'ציין'}]"
17,יותר,ADV,ADV,19.0,advmod,"(60, 64)",יותר,HebSource=ConvUncertainHead,
"(18, 19)",מתשובה,,,,,"(65, 71)",,,"[{'id': 18, 'text': 'מ', 'upos': 'ADP', 'xpos': 'ADP', 'head': 17, 'deprel': 'fixed', 'lemma': 'מ'}, {'id': 19, 'text': 'תשובה', 'upos': 'NOUN', 'xpos': 'NOUN', 'feats': 'Gender=Fem|Number=Sing', 'head': 16, 'deprel': 'obj', 'lemma': 'תשובה'}]"
20,אחת,NUM,NUM,19.0,nummod,"(72, 75)",אחת,Gender=Fem|Number=Sing,
21,),PUNCT,PUNCT,4.0,punct,"(75, 76)",),,
1,מרואיינים,NOUN,NOUN,12.0,nsubj,"(1, 10)",מרואיין,Gender=Masc|Number=Plur,
"(2, 3)",שהתגוררו,,,,,"(11, 19)",,,"[{'id': 2, 'text': 'ש', 'upos': 'SCONJ', 'xpos': 'SCONJ', 'head': 3, 'deprel': 'mark', 'lemma': 'ש'}, {'id': 3, 'text': 'התגוררו', 'upos': 'VERB', 'xpos': 'VERB', 'feats': 'Gender=Fem,Masc|HebBinyan=HITPAEL|Number=Plur|Person=3|Tense=Past', 'head': 1, 'deprel': 'acl:relcl', 'lemma': 'התגורר'}]"
"(4, 6)",בעבר,,,,,"(20, 24)",,,"[{'id': 4, 'text': 'ב', 'upos': 'ADP', 'xpos': 'ADP', 'head': 6, 'deprel': 'case', 'lemma': 'ב'}, {'id': 5, 'text': 'ה_', 'upos': 'DET', 'xpos': 'DET', 'feats': 'PronType=Art', 'head': 6, 'deprel': 'det:def', 'lemma': 'ה'}, {'id': 6, 'text': 'עבר', 'upos': 'NOUN', 'xpos': 'NOUN', 'feats': 'Gender=Masc|Number=Sing', 'head': 3, 'deprel': 'obl', 'lemma': 'עבר'}]"
"(7, 9)",במגדל,,,,,"(25, 30)",,,"[{'id': 7, 'text': 'ב', 'upos': 'ADP', 'xpos': 'ADP', 'head': 9, 'deprel': 'case', 'lemma': 'ב'}, {'id': 8, 'text': 'ה_', 'upos': 'DET', 'xpos': 'DET', 'feats': 'PronType=Art', 'head': 9, 'deprel': 'det:def', 'lemma': 'ה'}, {'id': 9, 'text': 'מגדל', 'upos': 'NOUN', 'xpos': 'NOUN', 'feats': 'Gender=Masc|Number=Sing', 'head': 3, 'deprel': 'obl', 'lemma': 'מגדל'}]"
"(10, 11)",העמק,,,,,"(31, 35)",,,"[{'id': 10, 'text': 'ה', 'upos': 'DET', 'xpos': 'DET', 'feats': 'PronType=Art', 'head': 11, 'deprel': 'det:def', 'lemma': 'ה'}, {'id': 11, 'text': 'עמק', 'upos': 'NOUN', 'xpos': 'NOUN', 'feats': 'Gender=Masc|Number=Sing', 'head': 9, 'deprel': 'compound:smixut', 'lemma': 'עמק'}]"
12,ציינו,VERB,VERB,0.0,root,"(36, 41)",ציין,"Gender=Fem,Masc|HebBinyan=PIEL|Number=Plur|Person=3|Tense=Past|Voice=Act",
13,בעיקר,ADV,ADV,12.0,advmod,"(42, 47)",בעיקר,,
14,סיבות,NOUN,NOUN,12.0,obj,"(48, 53)",סיבה,Gender=Fem|Number=Plur,
"(15, 16)",הקשורות,,,,,"(54, 61)",,,"[{'id': 15, 'text': 'ה', 'upos': 'SCONJ', 'xpos': 'SCONJ', 'head': 16, 'deprel': 'mark', 'lemma': 'ה'}, {'id': 16, 'text': 'קשורות', 'upos': 'VERB', 'xpos': 'VERB', 'feats': 'Gender=Fem|HebBinyan=PAAL|Number=Plur|Person=1,2,3|VerbForm=Part|Voice=Act', 'head': 14, 'deprel': 'acl:relcl', 'lemma': 'קשר'}]"
"(17, 19)",לקרבה,,,,,"(62, 67)",,,"[{'id': 17, 'text': 'ל', 'upos': 'ADP', 'xpos': 'ADP', 'head': 19, 'deprel': 'case', 'lemma': 'ל'}, {'id': 18, 'text': 'ה_', 'upos': 'DET', 'xpos': 'DET', 'feats': 'PronType=Art', 'head': 19, 'deprel': 'det:def', 'lemma': 'ה'}, {'id': 19, 'text': 'קרבה', 'upos': 'NOUN', 'xpos': 'NOUN', 'feats': 'Gender=Fem|Number=Sing', 'head': 16, 'deprel': 'obl', 'lemma': 'קרבה'}]"
"(20, 21)",למגורי,,,,,"(68, 74)",,,"[{'id': 20, 'text': 'ל', 'upos': 'ADP', 'xpos': 'ADP', 'head': 21, 'deprel': 'case', 'lemma': 'ל'}, {'id': 21, 'text': 'מגורי', 'upos': 'NOUN', 'xpos': 'NOUN', 'feats': 'Definite=Cons|Gender=Masc|Number=Plur', 'head': 19, 'deprel': 'nmod', 'lemma': 'מגורי'}]"
22,משפחה,NOUN,NOUN,21.0,compound:smixut,"(75, 80)",משפחה,Gender=Fem|Number=Sing,
23,",",PUNCT,PUNCT,21.0,punct,"(81, 82)",",",,
24,קרובים,NOUN,NOUN,21.0,conj,"(83, 89)",קרוב,Gender=Masc|Number=Plur,
"(25, 26)",ועבודה,,,,,"(90, 96)",,,"[{'id': 25, 'text': 'ו', 'upos': 'CCONJ', 'xpos': 'CCONJ', 'head': 26, 'deprel': 'cc', 'lemma': 'ו'}, {'id': 26, 'text': 'עבודה', 'upos': 'NOUN', 'xpos': 'NOUN', 'feats': 'Gender=Fem|Number=Sing', 'head': 21, 'deprel': 'conj', 'lemma': 'עבודה'}]"
27,–,PUNCT,PUNCT,29.0,punct,"(97, 98)",–,,
28,57,NUM,NUM,29.0,nummod,"(99, 101)",57,,
29,%,NOUN,NOUN,12.0,obl,"(101, 102)",%,"Gender=Masc|Number=Plur,Sing",
30,",",PUNCT,PUNCT,12.0,punct,"(102, 103)",",",,
"(31, 32)",ואילו,,,,,"(104, 109)",,,"[{'id': 31, 'text': 'ו', 'upos': 'CCONJ', 'xpos': 'CCONJ', 'head': 32, 'deprel': 'cc', 'lemma': 'ו'}, {'id': 32, 'text': 'אילו', 'upos': 'CCONJ', 'xpos': 'CCONJ', 'head': 35, 'deprel': 'cc', 'lemma': 'אילו'}]"
33,תושבים,NOUN,NOUN,49.0,nsubj,"(110, 116)",תושב,Gender=Masc|Number=Plur,
"(34, 35)",שגרו,,,,,"(117, 121)",,,"[{'id': 34, 'text': 'ש', 'upos': 'SCONJ', 'xpos': 'SCONJ', 'head': 35, 'deprel': 'mark', 'lemma': 'ש'}, {'id': 35, 'text': 'גרו', 'upos': 'VERB', 'xpos': 'VERB', 'feats': 'Gender=Fem,Masc|HebBinyan=PAAL|Number=Plur|Person=3|Tense=Past|Voice=Act', 'head': 33, 'deprel': 'acl:relcl', 'lemma': 'גר'}]"
36,בע,NOUN,NOUN,35.0,obj,"(122, 124)",בע,,
37,בר,NOUN,NOUN,36.0,compound:smixut,"(125, 127)",בר,Gender=Masc|Number=Sing,
"(38, 40)",במקום,,,,,"(128, 133)",,,"[{'id': 38, 'text': 'ב', 'upos': 'ADP', 'xpos': 'ADP', 'head': 40, 'deprel': 'case', 'lemma': 'ב'}, {'id': 39, 'text': 'ה_', 'upos': 'DET', 'xpos': 'DET', 'feats': 'PronType=Art', 'head': 40, 'deprel': 'det:def', 'lemma': 'ה'}, {'id': 40, 'text': 'מקום', 'upos': 'NOUN', 'xpos': 'NOUN', 'feats': 'Gender=Masc|Number=Sing', 'head': 35, 'deprel': 'obl', 'lemma': 'מקום'}]"
41,אחר,ADJ,ADJ,40.0,amod,"(134, 137)",אחר,Gender=Masc|Number=Sing,
"(42, 43)",מחוץ,,,,,"(138, 142)",,,"[{'id': 42, 'text': 'מ', 'upos': 'ADP', 'xpos': 'ADP', 'head': 46, 'deprel': 'case', 'lemma': 'מ'}, {'id': 43, 'text': 'חוץ', 'upos': 'NOUN', 'xpos': 'NOUN', 'feats': 'Gender=Masc|Number=Sing', 'head': 42, 'deprel': 'fixed', 'lemma': 'חוץ'}]"
"(44, 46)",למגדל,,,,,"(143, 148)",,,"[{'id': 44, 'text': 'ל', 'upos': 'ADP', 'xpos': 'ADP', 'head': 42, 'deprel': 'fixed', 'lemma': 'ל'}, {'id': 45, 'text': 'ה_', 'upos': 'DET', 'xpos': 'DET', 'feats': 'PronType=Art', 'head': 46, 'deprel': 'det:def', 'lemma': 'ה'}, {'id': 46, 'text': 'מגדל', 'upos': 'NOUN', 'xpos': 'NOUN', 'feats': 'Gender=Masc|Number=Sing', 'head': 40, 'deprel': 'nmod', 'lemma': 'מגדל'}]"
"(47, 48)",העמק,,,,,"(149, 153)",,,"[{'id': 47, 'text': 'ה', 'upos': 'DET', 'xpos': 'DET', 'feats': 'PronType=Art', 'head': 48, 'deprel': 'det:def', 'lemma': 'ה'}, {'id': 48, 'text': 'עמק', 'upos': 'NOUN', 'xpos': 'NOUN', 'feats': 'Gender=Masc|Number=Sing', 'head': 46, 'deprel': 'compound:smixut', 'lemma': 'עמק'}]"
49,ציינו,VERB,VERB,12.0,conj,"(154, 159)",ציין,"Gender=Fem,Masc|HebBinyan=PIEL|Number=Plur|Person=3|Tense=Past|Voice=Act",
50,בעיקר,ADV,ADV,49.0,advmod,"(160, 165)",בעיקר,,
51,את,ADP,ADP,52.0,case:acc,"(166, 168)",את,Case=Acc,
52,שיקול,NOUN,NOUN,49.0,obj,"(169, 174)",שיקול,Definite=Cons|Gender=Masc|Number=Sing,
"(53, 54)",המחיר,,,,,"(175, 180)",,,"[{'id': 53, 'text': 'ה', 'upos': 'DET', 'xpos': 'DET', 'feats': 'PronType=Art', 'head': 54, 'deprel': 'det:def', 'lemma': 'ה'}, {'id': 54, 'text': 'מחיר', 'upos': 'NOUN', 'xpos': 'NOUN', 'feats': 'Gender=Masc|Number=Sing', 'head': 52, 'deprel': 'compound:smixut', 'lemma': 'מחיר'}]"
55,–,PUNCT,PUNCT,57.0,punct,"(181, 182)",–,,
56,64,NUM,NUM,57.0,nummod,"(183, 185)",64,,
57,%,NOUN,NOUN,52.0,nmod,"(185, 186)",%,"Gender=Masc|Number=Plur,Sing",
1,□,PUNCT,PUNCT,18.0,punct,"(1, 2)",□,,
"(2, 3)",הי,,,,,"(3, 5)",,,"[{'id': 2, 'text': 'ה', 'upos': 'DET', 'xpos': 'DET', 'feats': 'PronType=Art', 'head': 4, 'deprel': 'det:def', 'lemma': 'ה'}, {'id': 3, 'text': 'י', 'upos': 'NOUN', 'xpos': 'NOUN', 'feats': 'Gender=Masc|Number=Plur', 'head': 18, 'deprel': 'nsubj', 'lemma': 'וי'}]"
"(4, 6)",סוסים,,,,,"(6, 11)",,,"[{'id': 4, 'text': 'סוס_', 'upos': 'NOUN', 'xpos': 'NOUN', 'feats': 'Definite=Def|Gender=Masc|Number=Plur', 'head': 18, 'deprel': 'nsubj', 'lemma': 'סוס'}, {'id': 5, 'text': '_של_', 'upos': 'ADP', 'xpos': 'ADP', 'head': 6, 'deprel': 'case:gen', 'lemma': 'של'}, {'id': 6, 'text': '_הם', 'upos': 'PRON', 'xpos': 'PRON', 'feats': 'Case=Gen|Gender=Masc|Number=Plur|Person=3|PronType=Prs', 'head': 4, 'deprel': 'nmod:poss', 'lemma': 'הוא'}]"
7,לגבי,ADP,ADP,8.0,case,"(12, 16)",לגבי,,
8,הקניה,NOUN,NOUN,4.0,nmod,"(17, 22)",הקניה,Gender=Fem|Number=Sing,
9,ל,ADP,ADP,12.0,case,"(23, 24)",ל,,
10,-,PUNCT,PUNCT,12.0,punct,"(24, 25)",-,,
11,18,NUM,NUM,12.0,nummod,"(26, 28)",18,,
12,%,NOUN,NOUN,8.0,nmod,"(28, 29)",%,"Gender=Masc|Number=Plur,Sing",
"(13, 15)",מהמרואיינים,,,,,"(30, 41)",,,"[{'id': 13, 'text': 'מ', 'upos': 'ADP', 'xpos': 'ADP', 'head': 15, 'deprel': 'case', 'lemma': 'מ'}, {'id': 14, 'text': 'ה', 'upos': 'DET', 'xpos': 'DET', 'feats': 'PronType=Art', 'head': 15, 'deprel': 'det:def', 'lemma': 'ה'}, {'id': 15, 'text': 'מרואיינים', 'upos': 'NOUN', 'xpos': 'NOUN', 'feats': 'Gender=Masc|Number=Plur', 'head': 8, 'deprel': 'nmod', 'lemma': 'מרואיין'}]"
16,היו,AUX,AUX,18.0,cop,"(42, 45)",היה,"Gender=Fem,Masc|Number=Plur|Person=3|Polarity=Pos|Tense=Past|VerbType=Cop",
"(17, 18)",היסוסים,,,,,"(46, 53)",,,"[{'id': 17, 'text': 'ה', 'upos': 'DET', 'xpos': 'DET', 'feats': 'PronType=Art', 'head': 18, 'deprel': 'det:def', 'lemma': 'ה'}, {'id': 18, 'text': 'יסוסים', 'upos': 'NOUN', 'xpos': 'NOUN', 'feats': 'Gender=Masc|Number=Plur', 'head': 0, 'deprel': 'root', 'lemma': 'יסוס'}]"
19,לגבי,ADP,ADP,20.0,case,"(54, 58)",לגבי,,
20,קנית,NOUN,NOUN,18.0,nmod,"(59, 63)",קנית,Definite=Cons|Gender=Fem|Number=Sing,
"(21, 22)",הדירה,,,,,"(64, 69)",,,"[{'id': 21, 'text': 'ה', 'upos': 'DET', 'xpos': 'DET', 'feats': 'PronType=Art', 'head': 22, 'deprel': 'det:def', 'lemma': 'ה'}, {'id': 22, 'text': 'דירה', 'upos': 'NOUN', 'xpos': 'NOUN', 'feats': 'Gender=Fem|Number=Sing', 'head': 20, 'deprel': 'compound:smixut', 'lemma': 'דירה'}]"
"(23, 25)",במגדל,,,,,"(70, 75)",,,"[{'id': 23, 'text': 'ב', 'upos': 'ADP', 'xpos': 'ADP', 'head': 25, 'deprel': 'case', 'lemma': 'ב'}, {'id': 24, 'text': 'ה_', 'upos': 'DET', 'xpos': 'DET', 'feats': 'PronType=Art', 'head': 25, 'deprel': 'det:def', 'lemma': 'ה'}, {'id': 25, 'text': 'מגדל', 'upos': 'NOUN', 'xpos': 'NOUN', 'feats': 'Definite=Cons|Gender=Masc|Number=Sing', 'head': 22, 'deprel': 'nmod', 'lemma': 'מגדל'}]"
"(26, 27)",העמק,,,,,"(76, 80)",,,"[{'id': 26, 'text': 'ה', 'upos': 'DET', 'xpos': 'DET', 'feats': 'PronType=Art', 'head': 27, 'deprel': 'det:def', 'lemma': 'ה'}, {'id': 27, 'text': 'עמק', 'upos': 'NOUN', 'xpos': 'NOUN', 'feats': 'Gender=Masc|Number=Sing', 'head': 25, 'deprel': 'compound:smixut', 'lemma': 'עמק'}]"
1,14,NUM,NUM,2.0,nummod,"(1, 3)",14,,
2,%,NOUN,NOUN,18.0,nsubj,"(3, 4)",%,"Gender=Masc|Number=Plur,Sing",
"(3, 4)",מקרב,,,,,"(5, 9)",,,"[{'id': 3, 'text': 'מ', 'upos': 'ADP', 'xpos': 'ADP', 'head': 4, 'deprel': 'case', 'lemma': 'מ'}, {'id': 4, 'text': 'קרב', 'upos': 'NOUN', 'xpos': 'NOUN', 'feats': 'Definite=Cons|Gender=Masc|Number=Sing', 'head': 2, 'deprel': 'nmod', 'lemma': 'קרב'}]"
"(5, 6)",הרוכשים,,,,,"(10, 17)",,,"[{'id': 5, 'text': 'ה', 'upos': 'DET', 'xpos': 'DET', 'feats': 'PronType=Art', 'head': 6, 'deprel': 'det:def', 'lemma': 'ה'}, {'id': 6, 'text': 'רוכשים', 'upos': 'NOUN', 'xpos': 'NOUN', 'feats': 'Gender=Masc|Number=Plur', 'head': 4, 'deprel': 'compound:smixut', 'lemma': 'רכש'}]"
"(7, 8)",שהתגוררו,,,,,"(18, 26)",,,"[{'id': 7, 'text': 'ש', 'upos': 'SCONJ', 'xpos': 'SCONJ', 'head': 8, 'deprel': 'mark', 'lemma': 'ש'}, {'id': 8, 'text': 'התגוררו', 'upos': 'VERB', 'xpos': 'VERB', 'feats': 'Gender=Fem,Masc|HebBinyan=HITPAEL|Number=Plur|Person=3|Tense=Past', 'head': 2, 'deprel': 'acl:relcl', 'lemma': 'התגורר'}]"
"(9, 11)",במגדל,,,,,"(27, 32)",,,"[{'id': 9, 'text': 'ב', 'upos': 'ADP', 'xpos': 'ADP', 'head': 11, 'deprel': 'case', 'lemma': 'ב'}, {'id': 10, 'text': 'ה_', 'upos': 'DET', 'xpos': 'DET', 'feats': 'PronType=Art', 'head': 11, 'deprel': 'det:def', 'lemma': 'ה'}, {'id': 11, 'text': 'מגדל', 'upos': 'NOUN', 'xpos': 'NOUN', 'feats': 'Definite=Cons|Gender=Masc|Number=Sing', 'head': 8, 'deprel': 'obl', 'lemma': 'מגדל'}]"
"(12, 13)",העמק,,,,,"(33, 37)",,,"[{'id': 12, 'text': 'ה', 'upos': 'DET', 'xpos': 'DET', 'feats': 'PronType=Art', 'head': 13, 'deprel': 'det:def', 'lemma': 'ה'}, {'id': 13, 'text': 'עמק', 'upos': 'NOUN', 'xpos': 'NOUN', 'feats': 'Gender=Masc|Number=Sing', 'head': 11, 'deprel': 'compound:smixut', 'lemma': 'עמק'}]"
14,טרם,ADP,ADP,16.0,case,"(38, 41)",טרם,,
"(15, 16)",הרכישה,,,,,"(42, 48)",,,"[{'id': 15, 'text': 'ה', 'upos': 'DET', 'xpos': 'DET', 'feats': 'PronType=Art', 'head': 16, 'deprel': 'det:def', 'lemma': 'ה'}, {'id': 16, 'text': 'רכישה', 'upos': 'NOUN', 'xpos': 'NOUN', 'feats': 'Gender=Fem|Number=Sing', 'head': 8, 'deprel': 'obl', 'lemma': 'רכישה'}]"
17,",",PUNCT,PUNCT,18.0,punct,"(49, 50)",",",,
18,היססו,VERB,VERB,0.0,root,"(51, 56)",היסס,"Gender=Fem,Masc|HebBinyan=HIFIL|Number=Plur|Person=3|Tense=Past|Voice=Act",
19,לגבי,ADP,ADP,20.0,case,"(57, 61)",לגבי,,
20,קנית,NOUN,NOUN,18.0,obl,"(62, 66)",קנית,Definite=Cons|Gender=Fem|Number=Sing,
"(21, 22)",הדירה,,,,,"(67, 72)",,,"[{'id': 21, 'text': 'ה', 'upos': 'DET', 'xpos': 'DET', 'feats': 'PronType=Art', 'head': 22, 'deprel': 'det:def', 'lemma': 'ה'}, {'id': 22, 'text': 'דירה', 'upos': 'NOUN', 'xpos': 'NOUN', 'feats': 'Gender=Fem|Number=Sing', 'head': 20, 'deprel': 'compound:smixut', 'lemma': 'דירה'}]"
23,ו,CCONJ,CCONJ,41.0,cc,"(73, 74)",ו,,
24,-,PUNCT,PUNCT,26.0,punct,"(74, 75)",-,,
25,37,NUM,NUM,26.0,nummod,"(76, 78)",37,,
26,%,NOUN,NOUN,18.0,nsubj,"(78, 79)",%,"Gender=Masc|Number=Plur,Sing",
"(27, 28)",מקרב,,,,,"(80, 84)",,,"[{'id': 27, 'text': 'מ', 'upos': 'ADP', 'xpos': 'ADP', 'head': 28, 'deprel': 'case', 'lemma': 'מ'}, {'id': 28, 'text': 'קרב', 'upos': 'NOUN', 'xpos': 'NOUN', 'feats': 'Definite=Cons|Gender=Masc|Number=Sing', 'head': 26, 'deprel': 'nmod', 'lemma': 'קרב'}]"
"(29, 30)",הרוכשים,,,,,"(85, 92)",,,"[{'id': 29, 'text': 'ה', 'upos': 'DET', 'xpos': 'DET', 'feats': 'PronType=Art', 'head': 30, 'deprel': 'det:def', 'lemma': 'ה'}, {'id': 30, 'text': 'רוכשים', 'upos': 'NOUN', 'xpos': 'NOUN', 'feats': 'Gender=Masc|Number=Plur', 'head': 28, 'deprel': 'compound:smixut', 'lemma': 'רכש'}]"
"(31, 32)",שלא,,,,,"(93, 96)",,,"[{'id': 31, 'text': 'ש', 'upos': 'SCONJ', 'xpos': 'SCONJ', 'head': 33, 'deprel': 'mark', 'lemma': 'ש'}, {'id': 32, 'text': 'לא', 'upos': 'ADV', 'xpos': 'ADV', 'feats': 'Polarity=Neg', 'head': 33, 'deprel': 'advmod', 'lemma': 'לא'}]"
"(33, 34)",גרו,,,,,"(97, 100)",,,"[{'id': 33, 'text': 'גרו', 'upos': 'VERB', 'xpos': 'VERB', 'feats': 'Gender=Fem,Masc|HebBinyan=PAAL|Number=Plur|Person=3|Tense=Past|Voice=Act', 'head': 28, 'deprel': 'acl:relcl', 'lemma': 'גר'}, {'id': 34, 'text': '_הוא', 'upos': 'PRON', 'xpos': 'PRON', 'feats': 'Gender=Masc|Number=Sing|Person=3|PronType=Prs', 'head': 33, 'deprel': 'obj', 'lemma': 'הוא'}]"
"(35, 37)",במגדל,,,,,"(101, 106)",,,"[{'id': 35, 'text': 'ב', 'upos': 'ADP', 'xpos': 'ADP', 'head': 37, 'deprel': 'case', 'lemma': 'ב'}, {'id': 36, 'text': 'ה_', 'upos': 'DET', 'xpos': 'DET', 'feats': 'PronType=Art', 'head': 37, 'deprel': 'det:def', 'lemma': 'ה'}, {'id': 37, 'text': 'מגדל', 'upos': 'NOUN', 'xpos': 'NOUN', 'feats': 'Gender=Masc|Number=Sing', 'head': 33, 'deprel': 'obl', 'lemma': 'מגדל'}]"
"(38, 39)",העמק,,,,,"(107, 111)",,,"[{'id': 38, 'text': 'ה', 'upos': 'DET', 'xpos': 'DET', 'feats': 'PronType=Art', 'head': 39, 'deprel': 'det:def', 'lemma': 'ה'}, {'id': 39, 'text': 'עמק', 'upos': 'NOUN', 'xpos': 'NOUN', 'feats': 'Gender=Masc|Number=Sing', 'head': 37, 'deprel': 'compound:smixut', 'lemma': 'עמק'}]"
40,",",PUNCT,PUNCT,41.0,punct,"(112, 113)",",",,
41,היססו,VERB,VERB,18.0,conj,"(114, 119)",היסס,"Gender=Fem,Masc|HebBinyan=HIFIL|Number=Plur|Person=3|Tense=Past|Voice=Act",
1,ל,ADP,ADP,4.0,case,"(1, 2)",ל,,
2,-,PUNCT,PUNCT,3.0,punct,"(2, 3)",-,,
3,17,NUM,NUM,4.0,nummod,"(4, 6)",17,,
4,%,NOUN,NOUN,13.0,nmod,"(6, 7)",%,"Gender=Masc|Number=Plur,Sing",
"(5, 6)",ממשפרי,,,,,"(8, 14)",,,"[{'id': 5, 'text': 'מ', 'upos': 'ADP', 'xpos': 'ADP', 'head': 13, 'deprel': 'dep', 'lemma': 'מ'}, {'id': 6, 'text': 'משפרי', 'upos': 'NOUN', 'xpos': 'NOUN', 'feats': 'Definite=Cons|Gender=Masc|Number=Plur', 'head': 3, 'deprel': 'obl', 'lemma': 'משפר'}]"
"(7, 8)",הדיור,,,,,"(15, 20)",,,"[{'id': 7, 'text': 'ה', 'upos': 'DET', 'xpos': 'DET', 'feats': 'PronType=Art', 'head': 8, 'deprel': 'det:def', 'lemma': 'ה'}, {'id': 8, 'text': 'דיור', 'upos': 'NOUN', 'xpos': 'NOUN', 'feats': 'Gender=Masc|Number=Sing', 'head': 6, 'deprel': 'compound:smixut', 'lemma': 'דיור'}]"
"(9, 10)",ול,,,,,"(21, 23)",,,"[{'id': 9, 'text': 'ו', 'upos': 'CCONJ', 'xpos': 'CCONJ', 'head': 13, 'deprel': 'cc', 'lemma': 'ו'}, {'id': 10, 'text': 'ל', 'upos': 'ADP', 'xpos': 'ADP', 'head': 13, 'deprel': 'case', 'lemma': 'ל'}]"
11,-,PUNCT,PUNCT,13.0,punct,"(23, 24)",-,,
12,17,NUM,NUM,13.0,nummod,"(25, 27)",17,,
13,%,NOUN,NOUN,21.0,dep,"(27, 28)",%,"Gender=Masc|Number=Plur,Sing",
"(14, 15)",מקרב,,,,,"(29, 33)",,,"[{'id': 14, 'text': 'מ', 'upos': 'ADP', 'xpos': 'ADP', 'head': 13, 'deprel': 'dep', 'lemma': 'מ'}, {'id': 15, 'text': 'קרב', 'upos': 'NOUN', 'xpos': 'NOUN', 'feats': 'Definite=Cons|Gender=Masc|Number=Sing', 'head': 13, 'deprel': 'nmod', 'lemma': 'קרב'}]"
"(16, 18)",קוני,,,,,"(34, 38)",,,"[{'id': 16, 'text': 'קון_', 'upos': 'NOUN', 'xpos': 'NOUN', 'feats': 'Definite=Def|Gender=Masc|Number=Sing', 'head': 15, 'deprel': 'compound:smixut', 'lemma': 'קון'}, {'id': 17, 'text': '_של_', 'upos': 'ADP', 'xpos': 'ADP', 'feats': 'PronType=Art', 'head': 18, 'deprel': 'case:gen', 'lemma': 'של'}, {'id': 18, 'text': '_אני', 'upos': 'PRON', 'xpos': 'PRON', 'feats': 'Case=Gen|Gender=Fem,Masc|Number=Sing|Person=1|PronType=Prs', 'head': 16, 'deprel': 'nmod:poss', 'lemma': 'הוא'}]"
19,דירה,NOUN,NOUN,15.0,compound:smixut,"(39, 43)",דירה,Gender=Fem|Number=Sing,
20,לראשונה,ADV,ADV,21.0,advmod,"(44, 51)",לראשונה,,
21,היו,AUX,AUX,0.0,root,"(52, 55)",היה,"Gender=Fem,Masc|Number=Plur|Person=3|Polarity=Pos|Tense=Past|VerbType=Cop",
"(22, 23)",היסוסים,,,,,"(56, 63)",,,"[{'id': 22, 'text': 'ה', 'upos': 'DET', 'xpos': 'DET', 'feats': 'PronType=Art', 'head': 23, 'deprel': 'det:def', 'lemma': 'ה'}, {'id': 23, 'text': 'יסוסים', 'upos': 'NOUN', 'xpos': 'NOUN', 'feats': 'Gender=Masc|Number=Plur', 'head': 21, 'deprel': 'nsubj', 'lemma': 'יסוס'}]"
24,לגבי,NOUN,NOUN,25.0,case,"(64, 68)",לגבי,,
25,קנית,NOUN,NOUN,23.0,nmod,"(69, 73)",קנית,Definite=Cons|Gender=Fem|Number=Sing,
"(26, 27)",הדירה,,,,,"(74, 79)",,,"[{'id': 26, 'text': 'ה', 'upos': 'DET', 'xpos': 'DET', 'feats': 'PronType=Art', 'head': 27, 'deprel': 'det:def', 'lemma': 'ה'}, {'id': 27, 'text': 'דירה', 'upos': 'NOUN', 'xpos': 'NOUN', 'feats': 'Gender=Fem|Number=Sing', 'head': 25, 'deprel': 'compound:smixut', 'lemma': 'דירה'}]"
"(28, 30)",במגדל,,,,,"(80, 85)",,,"[{'id': 28, 'text': 'ב', 'upos': 'ADP', 'xpos': 'ADP', 'head': 13, 'deprel': 'case', 'lemma': 'ב'}, {'id': 29, 'text': 'ה_', 'upos': 'DET', 'xpos': 'DET', 'feats': 'PronType=Art', 'head': 13, 'deprel': 'det:def', 'lemma': 'ה'}, {'id': 30, 'text': 'מגדל', 'upos': 'NOUN', 'xpos': 'NOUN', 'feats': 'Gender=Masc|Number=Sing', 'head': 13, 'deprel': 'nmod', 'lemma': 'מגדל'}]"
"(31, 32)",העמק,,,,,"(86, 90)",,,"[{'id': 31, 'text': 'ה', 'upos': 'DET', 'xpos': 'DET', 'feats': 'PronType=Art', 'head': 32, 'deprel': 'det:def', 'lemma': 'ה'}, {'id': 32, 'text': 'עמק', 'upos': 'NOUN', 'xpos': 'NOUN', 'feats': 'Gender=Masc|Number=Sing', 'head': 30, 'deprel': 'compound:smixut', 'lemma': 'עמק'}]"
1,להלן,ADV,ADV,0.0,root,"(1, 5)",להלן,,
"(2, 3)",הסיבות,,,,,"(6, 12)",,,"[{'id': 2, 'text': 'ה', 'upos': 'DET', 'xpos': 'DET', 'feats': 'PronType=Art', 'head': 3, 'deprel': 'det:def', 'lemma': 'ה'}, {'id': 3, 'text': 'סיבות', 'upos': 'NOUN', 'xpos': 'NOUN', 'feats': 'Gender=Fem|Number=Plur', 'head': 1, 'deprel': 'dep', 'lemma': 'סיבה'}]"
"(4, 6)",להיסוסים,,,,,"(13, 21)",,,"[{'id': 4, 'text': 'ל', 'upos': 'ADP', 'xpos': 'ADP', 'head': 6, 'deprel': 'case', 'lemma': 'ל'}, {'id': 5, 'text': 'ה_', 'upos': 'DET', 'xpos': 'DET', 'feats': 'PronType=Art', 'head': 6, 'deprel': 'det:def', 'lemma': 'ה'}, {'id': 6, 'text': 'היסוסים', 'upos': 'NOUN', 'xpos': 'NOUN', 'feats': 'Gender=Masc|Number=Plur', 'head': 3, 'deprel': 'nmod', 'lemma': 'היסוס'}]"
"(7, 8)",שעיקרן,,,,,"(22, 28)",,,"[{'id': 7, 'text': 'ש', 'upos': 'SCONJ', 'xpos': 'SCONJ', 'head': 8, 'deprel': 'mark', 'lemma': 'ש'}, {'id': 8, 'text': 'עיקרן', 'upos': 'PROPN', 'xpos': 'PROPN', 'head': 6, 'deprel': 'acl:relcl', 'lemma': 'עיקרן'}]"
9,(,PUNCT,PUNCT,12.0,punct,"(29, 30)",(,,
"(10, 11)",האחוזים,,,,,"(30, 37)",,,"[{'id': 10, 'text': 'ה', 'upos': 'DET', 'xpos': 'DET', 'feats': 'PronType=Art', 'head': 11, 'deprel': 'det:def', 'lemma': 'ה'}, {'id': 11, 'text': 'אחוזים', 'upos': 'NOUN', 'xpos': 'NOUN', 'feats': 'Gender=Masc|Number=Plur', 'head': 12, 'deprel': 'nsubj', 'lemma': 'אחוז'}]"
12,מסתכמים,VERB,VERB,6.0,appos,"(38, 45)",הסתכם,"Gender=Masc|HebBinyan=HITPAEL|Number=Plur|Person=1,2,3|VerbForm=Part",
"(13, 14)",ביותר,,,,,"(46, 51)",,,"[{'id': 13, 'text': 'ב', 'upos': 'ADP', 'xpos': 'ADP', 'head': 18, 'deprel': 'case', 'lemma': 'ב'}, {'id': 14, 'text': 'יותר', 'upos': 'ADV', 'xpos': 'ADV', 'feats': 'HebSource=ConvUncertainHead', 'head': 18, 'deprel': 'advmod', 'lemma': 'יותר'}]"
15,מ,ADP,ADP,14.0,fixed,"(52, 53)",מ,,
16,-,PUNCT,PUNCT,18.0,punct,"(53, 54)",-,,
17,100,NUM,NUM,18.0,nummod,"(55, 58)",100,,
18,%,NOUN,NOUN,12.0,obl,"(58, 59)",%,"Gender=Masc|Number=Plur,Sing",
19,),PUNCT,PUNCT,12.0,punct,"(59, 60)",),,
20,:,PUNCT,PUNCT,1.0,dep,"(60, 61)",:,,
21,□,PUNCT,PUNCT,22.0,punct,"(62, 63)",□,,
22,תדמית,NOUN,NOUN,1.0,dep,"(64, 69)",תדמית,Definite=Cons|Gender=Fem|Number=Sing,
"(23, 24)",המקום,,,,,"(70, 75)",,,"[{'id': 23, 'text': 'ה', 'upos': 'DET', 'xpos': 'DET', 'feats': 'PronType=Art', 'head': 24, 'deprel': 'det:def', 'lemma': 'ה'}, {'id': 24, 'text': 'מקום', 'upos': 'NOUN', 'xpos': 'NOUN', 'feats': 'Gender=Masc|Number=Sing', 'head': 22, 'deprel': 'compound:smixut', 'lemma': 'מקום'}]"
25,-,PUNCT,PUNCT,22.0,punct,"(76, 77)",-,,
26,26,NUM,NUM,27.0,nummod,"(78, 80)",26,,
27,%,NOUN,NOUN,22.0,dep,"(80, 81)",%,"Gender=Masc|Number=Plur,Sing",
28,□,PUNCT,PUNCT,29.0,punct,"(82, 83)",□,,
29,מחיר,NOUN,NOUN,22.0,conj,"(84, 88)",מחיר,Definite=Cons|Gender=Masc|Number=Sing,
"(30, 31)",הדירות,,,,,"(89, 95)",,,"[{'id': 30, 'text': 'ה', 'upos': 'DET', 'xpos': 'DET', 'feats': 'PronType=Art', 'head': 31, 'deprel': 'det:def', 'lemma': 'ה'}, {'id': 31, 'text': 'דירות', 'upos': 'NOUN', 'xpos': 'NOUN', 'feats': 'Gender=Fem|Number=Plur', 'head': 29, 'deprel': 'compound:smixut', 'lemma': 'דירה'}]"
32,-,PUNCT,PUNCT,29.0,punct,"(96, 97)",-,,
33,24,NUM,NUM,34.0,nummod,"(98, 100)",24,,
34,%,NOUN,NOUN,29.0,appos,"(100, 101)",%,"Gender=Masc|Number=Plur,Sing",
35,□,PUNCT,PUNCT,37.0,cc,"(102, 103)",□,,
"(36, 37)",האוכלוסיה,,,,,"(104, 113)",,,"[{'id': 36, 'text': 'ה', 'upos': 'DET', 'xpos': 'DET', 'feats': 'PronType=Art', 'head': 37, 'deprel': 'det:def', 'lemma': 'ה'}, {'id': 37, 'text': 'אוכלוסיה', 'upos': 'NOUN', 'xpos': 'NOUN', 'feats': 'Gender=Fem|Number=Sing', 'head': 22, 'deprel': 'conj', 'lemma': 'אוכלוסיה'}]"
"(38, 40)",במקום,,,,,"(114, 119)",,,"[{'id': 38, 'text': 'ב', 'upos': 'ADP', 'xpos': 'ADP', 'head': 40, 'deprel': 'case', 'lemma': 'ב'}, {'id': 39, 'text': 'ה_', 'upos': 'DET', 'xpos': 'DET', 'feats': 'PronType=Art', 'head': 40, 'deprel': 'det:def', 'lemma': 'ה'}, {'id': 40, 'text': 'מקום', 'upos': 'NOUN', 'xpos': 'NOUN', 'feats': 'Gender=Masc|Number=Sing', 'head': 37, 'deprel': 'nmod', 'lemma': 'מקום'}]"
41,-,PUNCT,PUNCT,43.0,punct,"(120, 121)",-,,
42,17,NUM,NUM,43.0,nummod,"(122, 124)",17,,
43,%,NOUN,NOUN,37.0,appos,"(124, 125)",%,"Gender=Masc|Number=Plur,Sing",
44,□,PUNCT,PUNCT,45.0,dep,"(126, 127)",□,,
45,סיבות,NOUN,NOUN,1.0,dep,"(128, 133)",סיבה,Gender=Fem|Number=Plur,
46,כלכליות,ADJ,ADJ,49.0,amod,"(134, 141)",כלכלי,Gender=Fem|Number=Plur,
47,-,PUNCT,PUNCT,49.0,punct,"(142, 143)",-,,
48,12,NUM,NUM,49.0,nummod,"(144, 146)",12,,
49,%,NOUN,NOUN,45.0,nmod,"(146, 147)",%,"Gender=Masc|Number=Plur,Sing",
"(50, 51)",בהשוואה,,,,,"(148, 155)",,,"[{'id': 50, 'text': 'ב', 'upos': 'ADP', 'xpos': 'ADP', 'head': 53, 'deprel': 'case', 'lemma': 'ב'}, {'id': 51, 'text': 'השוואה', 'upos': 'NOUN', 'xpos': 'NOUN', 'feats': 'Gender=Fem|Number=Sing', 'head': 50, 'deprel': 'fixed', 'lemma': 'השוואה'}]"
"(52, 53)",לסקרי,,,,,"(156, 161)",,,"[{'id': 52, 'text': 'ל', 'upos': 'ADP', 'xpos': 'ADP', 'head': 50, 'deprel': 'fixed', 'lemma': 'ל'}, {'id': 53, 'text': 'סקרי', 'upos': 'NOUN', 'xpos': 'NOUN', 'feats': 'Definite=Cons|Gender=Masc|Number=Plur', 'head': 45, 'deprel': 'nmod', 'lemma': 'סקר'}]"
54,ישוב,NOUN,NOUN,53.0,compound:smixut,"(162, 166)",יישוב,Gender=Masc|Number=Sing,
55,אחרים,ADJ,ADJ,53.0,amod,"(167, 172)",אחר,Gender=Masc|Number=Plur,
56,",",PUNCT,PUNCT,1.0,dep,"(173, 174)",",",,
57,אחוז,NOUN,NOUN,60.0,nsubj,"(175, 179)",אחוז,Definite=Cons|Gender=Masc|Number=Sing,
"(58, 59)",המהססים,,,,,"(180, 187)",,,"[{'id': 58, 'text': 'ה', 'upos': 'DET', 'xpos': 'DET', 'feats': 'PronType=Art', 'head': 59, 'deprel': 'det:def', 'lemma': 'ה'}, {'id': 59, 'text': 'מהססים', 'upos': 'NOUN', 'xpos': 'NOUN', 'feats': 'Gender=Masc|Number=Plur', 'head': 57, 'deprel': 'compound:smixut', 'lemma': 'היסס'}]"
60,נמוך,ADJ,ADJ,1.0,dep,"(188, 192)",נמוך,Gender=Masc|Number=Sing,
"(61, 62)",ודומה,,,,,"(193, 198)",,,"[{'id': 61, 'text': 'ו', 'upos': 'CCONJ', 'xpos': 'CCONJ', 'head': 62, 'deprel': 'cc', 'lemma': 'ו'}, {'id': 62, 'text': 'דומה', 'upos': 'ADJ', 'xpos': 'ADJ', 'feats': 'Gender=Masc|Number=Sing', 'head': 60, 'deprel': 'conj', 'lemma': 'דומה'}]"
"(63, 64)",לאחוז,,,,,"(199, 204)",,,"[{'id': 63, 'text': 'ל', 'upos': 'ADP', 'xpos': 'ADP', 'head': 64, 'deprel': 'case', 'lemma': 'ל'}, {'id': 64, 'text': 'אחוז', 'upos': 'NOUN', 'xpos': 'NOUN', 'feats': 'Definite=Cons|Gender=Masc|Number=Sing', 'head': 60, 'deprel': 'obl', 'lemma': 'אחוז'}]"
"(65, 66)",המהס סים,,,,,"(205, 213)",,,"[{'id': 65, 'text': 'ה', 'upos': 'DET', 'xpos': 'DET', 'feats': 'PronType=Art', 'head': 66, 'deprel': 'det:def', 'lemma': 'ה'}, {'id': 66, 'text': 'מהסטסים', 'upos': 'NOUN', 'xpos': 'NOUN', 'feats': 'Gender=Masc|Number=Plur', 'head': 64, 'deprel': 'compound:smixut', 'lemma': 'מהסטס'}]"
"(67, 68)",באשקלון,,,,,"(214, 221)",,,"[{'id': 67, 'text': 'ב', 'upos': 'ADP', 'xpos': 'ADP', 'head': 68, 'deprel': 'case', 'lemma': 'ב'}, {'id': 68, 'text': 'אשקלון', 'upos': 'PROPN', 'xpos': 'PROPN', 'head': 45, 'deprel': 'nmod', 'lemma': 'אשקלון'}]"
69,",",PUNCT,PUNCT,68.0,punct,"(221, 222)",",",,
"(70, 71)",בשכונת,,,,,"(223, 229)",,,"[{'id': 70, 'text': 'ב', 'upos': 'ADP', 'xpos': 'ADP', 'head': 71, 'deprel': 'case', 'lemma': 'ב'}, {'id': 71, 'text': 'שכונת', 'upos': 'NOUN', 'xpos': 'NOUN', 'feats': 'Definite=Cons|Gender=Fem|Number=Sing', 'head': 68, 'deprel': 'conj', 'lemma': 'שכונה'}]"
72,שחמון,PROPN,PROPN,71.0,compound:smixut,"(230, 235)",שחמון,Gender=Masc|Number=Sing,
"(73, 74)",באילת,,,,,"(236, 241)",,,"[{'id': 73, 'text': 'ב', 'upos': 'ADP', 'xpos': 'ADP', 'head': 74, 'deprel': 'case', 'lemma': 'ב'}, {'id': 74, 'text': 'אילת', 'upos': 'PROPN', 'xpos': 'PROPN', 'head': 71, 'deprel': 'nmod', 'lemma': 'אילת'}]"
"(75, 77)",ובשכונות,,,,,"(242, 250)",,,"[{'id': 75, 'text': 'ו', 'upos': 'CCONJ', 'xpos': 'CCONJ', 'head': 77, 'deprel': 'cc', 'lemma': 'ו'}, {'id': 76, 'text': 'ב', 'upos': 'ADP', 'xpos': 'ADP', 'head': 77, 'deprel': 'case', 'lemma': 'ב'}, {'id': 77, 'text': 'שכונות', 'upos': 'NOUN', 'xpos': 'NOUN', 'feats': 'Definite=Cons|Gender=Fem|Number=Plur', 'head': 68, 'deprel': 'conj', 'lemma': 'שכונה'}]"
78,נווה,NOUN,NOUN,77.0,compound:smixut,"(251, 255)",נווה,Definite=Cons|Gender=Masc|Number=Sing,
79,זאב,NOUN,NOUN,78.0,flat:name,"(256, 259)",זאב,Gender=Masc|Number=Sing,
80,",",PUNCT,PUNCT,78.0,punct,"(260, 261)",",",,
81,רמות,PROPN,PROPN,78.0,conj,"(262, 266)",רמה,,
"(82, 83)",ושכונות,,,,,"(267, 274)",,,"[{'id': 82, 'text': 'ו', 'upos': 'CCONJ', 'xpos': 'CCONJ', 'head': 83, 'deprel': 'cc', 'lemma': 'ו'}, {'id': 83, 'text': 'שכונות', 'upos': 'NOUN', 'xpos': 'NOUN', 'feats': 'Definite=Cons|Gender=Fem|Number=Plur', 'head': 64, 'deprel': 'conj', 'lemma': 'שכונה'}]"
84,ג ',PROPN,PROPN,83.0,flat:name,"(275, 278)",ג ',,
85,ו,CCONJ,CCONJ,84.0,flat:name,"(279, 280)",ו,,
86,-,PUNCT,PUNCT,84.0,flat:name,"(280, 281)",-,,
87,ד',PROPN,PROPN,84.0,flat:name,"(282, 284)",ד',,
"(88, 89)",בבאר,,,,,"(285, 289)",,,"[{'id': 88, 'text': 'ב', 'upos': 'ADP', 'xpos': 'ADP', 'head': 89, 'deprel': 'case', 'lemma': 'ב'}, {'id': 89, 'text': 'באר', 'upos': 'NOUN', 'xpos': 'NOUN', 'feats': 'Definite=Cons|Gender=Fem|Number=Sing', 'head': 83, 'deprel': 'nmod', 'lemma': 'באר'}]"
90,שבע,NUM,NUM,89.0,flat:name,"(290, 293)",שבע,Gender=Fem|Number=Sing,
1,□,PUNCT,PUNCT,2.0,punct,"(1, 2)",□,,
2,מקורות,NOUN,NOUN,0.0,root,"(3, 9)",מקור,Definite=Cons|Gender=Masc|Number=Plur,
3,מידע,NOUN,NOUN,2.0,compound:smixut,"(10, 14)",מידע,Gender=Masc|Number=Sing,
4,לגבי,ADP,ADP,6.0,case,"(15, 19)",לגבי,,
"(5, 6)",הבניה,,,,,"(20, 25)",,,"[{'id': 5, 'text': 'ה', 'upos': 'DET', 'xpos': 'DET', 'feats': 'PronType=Art', 'head': 6, 'deprel': 'det:def', 'lemma': 'ה'}, {'id': 6, 'text': 'בניה', 'upos': 'NOUN', 'xpos': 'NOUN', 'feats': 'Gender=Fem|Number=Sing', 'head': 2, 'deprel': 'nmod', 'lemma': 'בניה'}]"
"(7, 9)",במגדל,,,,,"(26, 31)",,,"[{'id': 7, 'text': 'ב', 'upos': 'ADP', 'xpos': 'ADP', 'head': 9, 'deprel': 'case', 'lemma': 'ב'}, {'id': 8, 'text': 'ה_', 'upos': 'DET', 'xpos': 'DET', 'feats': 'PronType=Art', 'head': 9, 'deprel': 'det:def', 'lemma': 'ה'}, {'id': 9, 'text': 'מגדל', 'upos': 'NOUN', 'xpos': 'NOUN', 'feats': 'Gender=Masc|Number=Sing', 'head': 6, 'deprel': 'nmod', 'lemma': 'מגדל'}]"
"(10, 11)",העמק,,,,,"(32, 36)",,,"[{'id': 10, 'text': 'ה', 'upos': 'DET', 'xpos': 'DET', 'feats': 'PronType=Art', 'head': 11, 'deprel': 'det:def', 'lemma': 'ה'}, {'id': 11, 'text': 'עמק', 'upos': 'NOUN', 'xpos': 'NOUN', 'feats': 'Gender=Masc|Number=Sing', 'head': 9, 'deprel': 'compound:smixut', 'lemma': 'עמק'}]"
12,מקורות,NOUN,NOUN,2.0,nsubj,"(37, 43)",מקור,Definite=Cons|Gender=Masc|Number=Plur,
"(13, 14)",המידע,,,,,"(44, 49)",,,"[{'id': 13, 'text': 'ה', 'upos': 'DET', 'xpos': 'DET', 'feats': 'PronType=Art', 'head': 14, 'deprel': 'det:def', 'lemma': 'ה'}, {'id': 14, 'text': 'מידע', 'upos': 'NOUN', 'xpos': 'NOUN', 'feats': 'Gender=Masc|Number=Sing', 'head': 12, 'deprel': 'compound:smixut', 'lemma': 'מידע'}]"
"(15, 16)",העיקריים,,,,,"(50, 58)",,,"[{'id': 15, 'text': 'ה', 'upos': 'DET', 'xpos': 'DET', 'feats': 'PronType=Art', 'head': 16, 'deprel': 'det:def', 'lemma': 'ה'}, {'id': 16, 'text': 'עיקריים', 'upos': 'ADJ', 'xpos': 'ADJ', 'feats': 'Gender=Masc|Number=Plur', 'head': 12, 'deprel': 'amod', 'lemma': 'עיקרי'}]"
"(17, 18)",שצוינו,,,,,"(59, 65)",,,"[{'id': 17, 'text': 'ש', 'upos': 'SCONJ', 'xpos': 'SCONJ', 'head': 18, 'deprel': 'mark', 'lemma': 'ש'}, {'id': 18, 'text': 'צוינו', 'upos': 'VERB', 'xpos': 'VERB', 'feats': 'Gender=Fem,Masc|HebBinyan=PUAL|Number=Plur|Person=3|Tense=Past|Voice=Pass', 'head': 12, 'deprel': 'acl:relcl', 'lemma': 'צוין'}]"
19,לגבי,ADP,ADP,21.0,case,"(66, 70)",לגבי,,
"(20, 21)",הבניה,,,,,"(71, 76)",,,"[{'id': 20, 'text': 'ה', 'upos': 'DET', 'xpos': 'DET', 'feats': 'PronType=Art', 'head': 21, 'deprel': 'det:def', 'lemma': 'ה'}, {'id': 21, 'text': 'בניה', 'upos': 'NOUN', 'xpos': 'NOUN', 'feats': 'Gender=Fem|Number=Sing', 'head': 18, 'deprel': 'obl', 'lemma': 'בניה'}]"
"(22, 24)",במגדל,,,,,"(77, 82)",,,"[{'id': 22, 'text': 'ב', 'upos': 'ADP', 'xpos': 'ADP', 'head': 24, 'deprel': 'case', 'lemma': 'ב'}, {'id': 23, 'text': 'ה_', 'upos': 'DET', 'xpos': 'DET', 'feats': 'PronType=Art', 'head': 24, 'deprel': 'det:def', 'lemma': 'ה'}, {'id': 24, 'text': 'מגדל', 'upos': 'NOUN', 'xpos': 'NOUN', 'feats': 'Gender=Masc|Number=Sing', 'head': 21, 'deprel': 'nmod', 'lemma': 'מגדל'}]"
"(25, 26)",העמק,,,,,"(83, 87)",,,"[{'id': 25, 'text': 'ה', 'upos': 'DET', 'xpos': 'DET', 'feats': 'PronType=Art', 'head': 26, 'deprel': 'det:def', 'lemma': 'ה'}, {'id': 26, 'text': 'עמק', 'upos': 'NOUN', 'xpos': 'NOUN', 'feats': 'Gender=Masc|Number=Sing', 'head': 24, 'deprel': 'compound:smixut', 'lemma': 'עמק'}]"
27,היו,AUX,AUX,29.0,cop,"(88, 91)",היה,"Gender=Fem,Masc|Number=Plur|Person=3|Polarity=Pos|Tense=Past|VerbType=Cop",
28,:,PUNCT,PUNCT,29.0,punct,"(92, 93)",:,,
29,חברים,NOUN,NOUN,2.0,dep,"(94, 99)",חבר,Gender=Masc|Number=Plur,
"(30, 31)",ומשפחה,,,,,"(100, 106)",,,"[{'id': 30, 'text': 'ו', 'upos': 'CCONJ', 'xpos': 'CCONJ', 'head': 31, 'deprel': 'cc', 'lemma': 'ו'}, {'id': 31, 'text': 'משפחה', 'upos': 'NOUN', 'xpos': 'NOUN', 'feats': 'Gender=Fem|Number=Sing', 'head': 29, 'deprel': 'conj', 'lemma': 'משפחה'}]"
32,–,PUNCT,PUNCT,34.0,punct,"(107, 108)",–,,
33,27,NUM,NUM,34.0,nummod,"(109, 111)",27,,
34,%,NOUN,NOUN,29.0,dep,"(111, 112)",%,"Gender=Masc|Number=Plur,Sing",
35,",",PUNCT,PUNCT,29.0,punct,"(112, 113)",",",,
36,פרסום,NOUN,NOUN,29.0,conj,"(114, 119)",פרסום,Gender=Masc|Number=Sing,
"(37, 39)",בעיתון,,,,,"(120, 126)",,,"[{'id': 37, 'text': 'ב', 'upos': 'ADP', 'xpos': 'ADP', 'head': 39, 'deprel': 'case', 'lemma': 'ב'}, {'id': 38, 'text': 'ה_', 'upos': 'DET', 'xpos': 'DET', 'feats': 'PronType=Art', 'head': 39, 'deprel': 'det:def', 'lemma': 'ה'}, {'id': 39, 'text': 'עיתון', 'upos': 'NOUN', 'xpos': 'NOUN', 'feats': 'Gender=Masc|Number=Sing', 'head': 36, 'deprel': 'nmod', 'lemma': 'עיתון'}]"
40,–,PUNCT,PUNCT,42.0,punct,"(127, 128)",–,,
41,22,NUM,NUM,42.0,nummod,"(129, 131)",22,,
42,%,NOUN,NOUN,36.0,nmod,"(131, 132)",%,"Gender=Masc|Number=Plur,Sing",
43,",",PUNCT,PUNCT,29.0,punct,"(132, 133)",",",,
44,18,NUM,NUM,45.0,nummod,"(134, 136)",18,,
45,%,NOUN,NOUN,29.0,conj,"(136, 137)",%,"Gender=Masc|Number=Plur,Sing",
46,"""",PUNCT,PUNCT,49.0,punct,"(138, 139)","""",,
"(47, 48)",במקרה,,,,,"(139, 144)",,,"[{'id': 47, 'text': 'ב', 'upos': 'ADP', 'xpos': 'ADP', 'head': 48, 'deprel': 'case', 'lemma': 'ב'}, {'id': 48, 'text': 'מקרה', 'upos': 'NOUN', 'xpos': 'NOUN', 'feats': 'Gender=Masc|Number=Sing', 'head': 49, 'deprel': 'obl', 'lemma': 'מקרה'}]"
49,עברו,VERB,VERB,45.0,appos,"(145, 149)",עבר,"Gender=Fem,Masc|Number=Plur|Person=3|Tense=Past",
"(50, 52)",במקום,,,,,"(150, 155)",,,"[{'id': 50, 'text': 'ב', 'upos': 'ADP', 'xpos': 'ADP', 'head': 52, 'deprel': 'case', 'lemma': 'ב'}, {'id': 51, 'text': 'ה_', 'upos': 'DET', 'xpos': 'DET', 'feats': 'PronType=Art', 'head': 52, 'deprel': 'det:def', 'lemma': 'ה'}, {'id': 52, 'text': 'מקום', 'upos': 'NOUN', 'xpos': 'NOUN', 'feats': 'Gender=Masc|Number=Sing', 'head': 49, 'deprel': 'obl', 'lemma': 'מקום'}]"
53,""" ו",PUNCT,PUNCT,56.0,punct,"(156, 159)",""" ו",,
54,-,PUNCT,PUNCT,56.0,punct,"(159, 160)",-,,
55,18,NUM,NUM,56.0,nummod,"(160, 162)",18,,
56,%,NOUN,NOUN,29.0,conj,"(162, 163)",%,"Gender=Masc|Number=Plur,Sing",
57,דרך,ADP,ADP,58.0,case,"(164, 167)",דרך,Definite=Cons|Gender=Fem|Number=Sing,
58,תיווך,NOUN,NOUN,56.0,nmod,"(168, 173)",תיווך,Gender=Masc|Number=Sing,
59,/,PUNCT,PUNCT,60.0,punct,"(174, 175)",/,,
60,משרדי,NOUN,NOUN,58.0,nmod,"(175, 180)",משרד,Definite=Cons|Gender=Masc|Number=Plur,
61,מכירות,NOUN,NOUN,60.0,compound:smixut,"(181, 187)",מכירה,Gender=Fem|Number=Plur,
1,בקרב,ADP,ADP,25.0,case,"(1, 5)",בקרב,,
"(2, 3)",המרואיינים,,,,,"(6, 16)",,,"[{'id': 2, 'text': 'ה', 'upos': 'DET', 'xpos': 'DET', 'feats': 'PronType=Art', 'head': 3, 'deprel': 'det:def', 'lemma': 'ה'}, {'id': 3, 'text': 'מרואיינים', 'upos': 'NOUN', 'xpos': 'NOUN', 'feats': 'Gender=Masc|Number=Plur', 'head': 0, 'deprel': 'obl', 'lemma': 'מרואיין'}]"
"(4, 5)",שלא,,,,,"(17, 20)",,,"[{'id': 4, 'text': 'ש', 'upos': 'SCONJ', 'xpos': 'SCONJ', 'head': 6, 'deprel': 'mark', 'lemma': 'ש'}, {'id': 5, 'text': 'לא', 'upos': 'ADV', 'xpos': 'ADV', 'feats': 'Polarity=Neg', 'head': 6, 'deprel': 'advmod', 'lemma': 'לא'}]"
6,התגוררו,VERB,VERB,3.0,acl:relcl,"(21, 28)",התגורר,"Gender=Fem,Masc|HebBinyan=HITPAEL|Number=Plur|Person=3|Tense=Past",
"(7, 9)",במגדל,,,,,"(29, 34)",,,"[{'id': 7, 'text': 'ב', 'upos': 'ADP', 'xpos': 'ADP', 'head': 6, 'deprel': 'dep', 'lemma': 'ב'}, {'id': 8, 'text': 'ה_', 'upos': 'DET', 'xpos': 'DET', 'feats': 'PronType=Art', 'head': 9, 'deprel': 'det:def', 'lemma': 'ה'}, {'id': 9, 'text': 'מגדל', 'upos': 'NOUN', 'xpos': 'NOUN', 'feats': 'Gender=Masc|Number=Sing', 'head': 6, 'deprel': 'obl', 'lemma': 'מגדל'}]"
"(10, 11)",העמק,,,,,"(35, 39)",,,"[{'id': 10, 'text': 'ה', 'upos': 'DET', 'xpos': 'DET', 'feats': 'PronType=Art', 'head': 11, 'deprel': 'det:def', 'lemma': 'ה'}, {'id': 11, 'text': 'עמק', 'upos': 'NOUN', 'xpos': 'NOUN', 'feats': 'Gender=Masc|Number=Sing', 'head': 9, 'deprel': 'compound:smixut', 'lemma': 'עמק'}]"
"(12, 13)",טרם,,,,,"(40, 43)",,,"[{'id': 12, 'text': 'טרם', 'upos': 'ADP', 'xpos': 'ADP', 'head': 6, 'deprel': 'advmod', 'lemma': 'טרם'}, {'id': 13, 'text': '_הם', 'upos': 'PRON', 'xpos': 'PRON', 'feats': 'Gender=Masc|Number=Plur|Person=3|PronType=Prs', 'head': 6, 'deprel': 'obl', 'lemma': 'הוא'}]"
"(14, 16)",קניית,,,,,"(44, 49)",,,"[{'id': 14, 'text': 'קניית', 'upos': 'NOUN', 'xpos': 'NOUN', 'feats': 'Definite=Cons|Gender=Fem|Number=Sing', 'head': 6, 'deprel': 'obl', 'lemma': 'קנייה'}, {'id': 15, 'text': '_של_', 'upos': 'ADP', 'xpos': 'ADP', 'head': 16, 'deprel': 'case:gen', 'lemma': 'של'}, {'id': 16, 'text': '_היא', 'upos': 'PRON', 'xpos': 'PRON', 'feats': 'Case=Gen|Gender=Fem|Number=Sing|Person=3|PronType=Prs', 'head': 14, 'deprel': 'nmod:poss', 'lemma': 'הוא'}]"
"(17, 18)",הדירה,,,,,"(50, 55)",,,"[{'id': 17, 'text': 'ה', 'upos': 'DET', 'xpos': 'DET', 'feats': 'PronType=Art', 'head': 18, 'deprel': 'det:def', 'lemma': 'ה'}, {'id': 18, 'text': 'דירה', 'upos': 'NOUN', 'xpos': 'NOUN', 'feats': 'Gender=Fem|Number=Sing', 'head': 14, 'deprel': 'compound:smixut', 'lemma': 'דירה'}]"
19,",",PUNCT,PUNCT,25.0,punct,"(56, 57)",",",,
"(20, 21)",מקור המידע,,,,,"(58, 68)",,,"[{'id': 20, 'text': 'מ', 'upos': 'NOUN', 'xpos': 'NOUN', 'head': 25, 'deprel': 'dep', 'lemma': 'מ'}, {'id': 21, 'text': 'קוראלמידע', 'upos': 'NOUN', 'xpos': 'NOUN', 'feats': 'Gender=Masc|Number=Sing', 'head': 25, 'deprel': 'nmod', 'lemma': 'קוראלמידע'}]"
"(22, 23)",העיקרי,,,,,"(69, 75)",,,"[{'id': 22, 'text': 'ה', 'upos': 'DET', 'xpos': 'DET', 'feats': 'PronType=Art', 'head': 25, 'deprel': 'det:def', 'lemma': 'ה'}, {'id': 23, 'text': 'עיקרי', 'upos': 'ADJ', 'xpos': 'ADJ', 'feats': 'Gender=Masc|Number=Sing', 'head': 21, 'deprel': 'amod', 'lemma': 'עיקרי'}]"
24,הינו,ADJ,ADJ,25.0,nsubj,"(76, 80)",הנו,,
25,חברים,NOUN,NOUN,6.0,conj,"(81, 86)",חבר,Gender=Masc|Number=Plur,
"(26, 27)",ומשפחה,,,,,"(87, 93)",,,"[{'id': 26, 'text': 'ו', 'upos': 'CCONJ', 'xpos': 'CCONJ', 'head': 27, 'deprel': 'cc', 'lemma': 'ו'}, {'id': 27, 'text': 'משפחה', 'upos': 'NOUN', 'xpos': 'NOUN', 'feats': 'Gender=Fem|Number=Sing', 'head': 25, 'deprel': 'conj', 'lemma': 'משפחה'}]"
28,-,PUNCT,PUNCT,25.0,punct,"(94, 95)",-,,
29,33,NUM,NUM,25.0,nummod,"(96, 98)",33,,
30,%,NOUN,NOUN,25.0,dep,"(98, 99)",%,"Gender=Masc|Number=Plur,Sing",
31,",",PUNCT,PUNCT,25.0,punct,"(100, 101)",",",,
"(32, 33)",מעבר,,,,,"(102, 106)",,,"[{'id': 32, 'text': 'מ', 'upos': 'ADP', 'xpos': 'ADP', 'head': 25, 'deprel': 'case', 'lemma': 'מ'}, {'id': 33, 'text': 'עבר', 'upos': 'NOUN', 'xpos': 'NOUN', 'feats': 'Gender=Masc|Number=Sing', 'head': 25, 'deprel': 'nmod', 'lemma': 'עבר'}]"
"(34, 35)",מקרי,,,,,"(107, 111)",,,"[{'id': 34, 'text': 'מ', 'upos': 'PROPN', 'xpos': 'PROPN', 'head': 25, 'deprel': 'nmod', 'lemma': 'מ'}, {'id': 35, 'text': 'קרי', 'upos': 'PROPN', 'xpos': 'PROPN', 'head': 25, 'deprel': 'nmod', 'lemma': 'קרי'}]"
"(36, 37)",באתר,,,,,"(112, 116)",,,"[{'id': 36, 'text': 'ב', 'upos': 'ADP', 'xpos': 'ADP', 'head': 37, 'deprel': 'case', 'lemma': 'ב'}, {'id': 37, 'text': 'אתר', 'upos': 'NOUN', 'xpos': 'NOUN', 'feats': 'Definite=Cons|Gender=Masc|Number=Sing', 'head': 25, 'deprel': 'nmod', 'lemma': 'אתר'}]"
"(38, 39)",הבניה,,,,,"(117, 122)",,,"[{'id': 38, 'text': 'ה', 'upos': 'DET', 'xpos': 'DET', 'feats': 'PronType=Art', 'head': 39, 'deprel': 'det:def', 'lemma': 'ה'}, {'id': 39, 'text': 'בניה', 'upos': 'NOUN', 'xpos': 'NOUN', 'feats': 'Gender=Fem|Number=Sing', 'head': 37, 'deprel': 'compound:smixut', 'lemma': 'בניה'}]"
40,–,PUNCT,PUNCT,25.0,punct,"(123, 124)",–,,
41,33,NUM,NUM,25.0,nummod,"(125, 127)",33,,
42,%,NOUN,NOUN,25.0,nmod,"(127, 128)",%,"Gender=Masc|Number=Plur,Sing",
"(43, 44)",ופרסום,,,,,"(129, 135)",,,"[{'id': 43, 'text': 'ו', 'upos': 'CCONJ', 'xpos': 'CCONJ', 'head': 25, 'deprel': 'cc', 'lemma': 'ו'}, {'id': 44, 'text': 'פרסום', 'upos': 'NOUN', 'xpos': 'NOUN', 'feats': 'Gender=Masc|Number=Sing', 'head': 25, 'deprel': 'conj', 'lemma': 'פרסום'}]"
"(45, 47)",בעיתון,,,,,"(136, 142)",,,"[{'id': 45, 'text': 'ב', 'upos': 'ADP', 'xpos': 'ADP', 'head': 44, 'deprel': 'case', 'lemma': 'ב'}, {'id': 46, 'text': 'ה_', 'upos': 'DET', 'xpos': 'DET', 'feats': 'PronType=Art', 'head': 25, 'deprel': 'det:def', 'lemma': 'ה'}, {'id': 47, 'text': 'עיתון', 'upos': 'NOUN', 'xpos': 'NOUN', 'feats': 'Gender=Masc|Number=Sing', 'head': 44, 'deprel': 'nmod', 'lemma': 'עיתון'}]"
48,–,PUNCT,PUNCT,25.0,punct,"(143, 144)",–,,
49,25%,NUM,NUM,44.0,advmod,"(145, 148)",25%,,
"(1, 2)",בקרב,,,,,"(1, 5)",,,"[{'id': 1, 'text': 'ב', 'upos': 'ADP', 'xpos': 'ADP', 'head': 2, 'deprel': 'case', 'lemma': 'ב'}, {'id': 2, 'text': 'קרב', 'upos': 'NOUN', 'xpos': 'NOUN', 'feats': 'Definite=Cons|Gender=Masc|Number=Sing', 'head': 0, 'deprel': 'root', 'lemma': 'קרב'}]"
"(3, 4)",תושב,,,,,"(6, 10)",,,"[{'id': 3, 'text': 'תושב', 'upos': 'NOUN', 'xpos': 'NOUN', 'feats': 'Definite=Cons|Gender=Masc|Number=Sing', 'head': 2, 'deprel': 'compound:smixut', 'lemma': 'תושב'}, {'id': 4, 'text': '_היא', 'upos': 'PRON', 'xpos': 'PRON', 'feats': 'Case=Gen|Gender=Fem|Number=Sing|Person=3|PronType=Prs', 'head': 5, 'deprel': 'nmod:poss', 'lemma': 'הוא'}]"
"(5, 7)",ים,,,,,"(10, 12)",,,"[{'id': 5, 'text': 'ים_', 'upos': 'NOUN', 'xpos': 'NOUN', 'feats': 'Definite=Def|Gender=Masc|Number=Plur', 'head': 2, 'deprel': 'compound:smixut', 'lemma': 'ים'}, {'id': 6, 'text': '_של_', 'upos': 'ADP', 'xpos': 'ADP', 'head': 7, 'deprel': 'case:gen', 'lemma': 'של'}, {'id': 7, 'text': '_הם', 'upos': 'PRON', 'xpos': 'PRON', 'feats': 'Case=Gen|Gender=Masc|Number=Plur|Person=3|PronType=Prs', 'head': 5, 'deprel': 'nmod:poss', 'lemma': 'הוא'}]"
"(8, 9)",שגרו,,,,,"(13, 17)",,,"[{'id': 8, 'text': 'ש', 'upos': 'SCONJ', 'xpos': 'SCONJ', 'head': 9, 'deprel': 'mark', 'lemma': 'ש'}, {'id': 9, 'text': 'גרו', 'upos': 'VERB', 'xpos': 'VERB', 'feats': 'Gender=Fem,Masc|HebBinyan=PAAL|Number=Plur|Person=3|Tense=Past|Voice=Act', 'head': 2, 'deprel': 'acl:relcl', 'lemma': 'גר'}]"
10,ב,ADP,ADP,11.0,case,"(18, 19)",ב,,
"(11, 14)",מגדל העמק קודם לכן,,,,,"(19, 37)",,,"[{'id': 11, 'text': 'מ', 'upos': 'NOUN', 'xpos': 'NOUN', 'head': 9, 'deprel': 'obl', 'lemma': 'מ'}, {'id': 12, 'text': 'גדלטלק', 'upos': 'PROPN', 'xpos': 'PROPN', 'head': 11, 'deprel': 'compound:smixut', 'lemma': 'גדלטלק'}, {'id': 13, 'text': 'מקוד', 'upos': 'NOUN', 'xpos': 'NOUN', 'feats': 'Gender=Masc|Number=Sing', 'head': 9, 'deprel': 'dep', 'lemma': 'מקוד'}, {'id': 14, 'text': 'מפפלכן', 'upos': 'VERB', 'xpos': 'VERB', 'feats': 'Gender=Masc|HebBinyan=PIEL|Number=Sing|Person=1,2,3|VerbForm=Part|Voice=Act', 'head': 13, 'deprel': 'amod', 'lemma': 'פפלכן'}]"
15,",",PUNCT,PUNCT,2.0,punct,"(37, 38)",",",,
"(16, 18)",מקורות המידע,,,,,"(39, 51)",,,"[{'id': 16, 'text': 'מ', 'upos': 'ADP', 'xpos': 'ADP', 'head': 17, 'deprel': 'case', 'lemma': 'מ'}, {'id': 17, 'text': 'קורותט', 'upos': 'NOUN', 'xpos': 'NOUN', 'feats': 'Definite=Cons', 'head': 2, 'deprel': 'nmod', 'lemma': 'קור'}, {'id': 18, 'text': 'מידע', 'upos': 'NOUN', 'xpos': 'NOUN', 'feats': 'Gender=Masc|Number=Sing', 'head': 17, 'deprel': 'compound:smixut', 'lemma': 'מידע'}]"
"(19, 20)",העיקריים,,,,,"(52, 60)",,,"[{'id': 19, 'text': 'ה', 'upos': 'DET', 'xpos': 'DET', 'feats': 'PronType=Art', 'head': 20, 'deprel': 'det:def', 'lemma': 'ה'}, {'id': 20, 'text': 'עיקריים', 'upos': 'ADJ', 'xpos': 'ADJ', 'feats': 'Gender=Masc|Number=Plur', 'head': 17, 'deprel': 'amod', 'lemma': 'עיקרי'}]"
"(21, 22)",היו,,,,,"(61, 64)",,,"[{'id': 21, 'text': 'ה', 'upos': 'DET', 'xpos': 'DET', 'feats': 'PronType=Art', 'head': 22, 'deprel': 'mark', 'lemma': 'ה'}, {'id': 22, 'text': 'יו', 'upos': 'VERB', 'xpos': 'VERB', 'feats': 'VerbForm=Part', 'head': 17, 'deprel': 'acl:relcl', 'lemma': 'יו'}]"
23,:,PUNCT,PUNCT,22.0,punct,"(65, 66)",:,,
"(24, 25)",חברים ומשפחה,,,,,"(67, 79)",,,"[{'id': 24, 'text': 'חבר_', 'upos': 'NOUN', 'xpos': 'NOUN', 'feats': 'Definite=Def|Gender=Masc|Number=Sing', 'head': 22, 'deprel': 'nsubj', 'lemma': 'חבר'}, {'id': 25, 'text': '_שלרלשפחחה', 'upos': 'PROPN', 'xpos': 'PROPN', 'head': 24, 'deprel': 'nmod:poss', 'lemma': '_שלרלשפחחה'}]"
26,(,PUNCT,PUNCT,27.0,punct,"(80, 81)",(,,
27,27,NUM,NUM,24.0,appos,"(81, 83)",27,,
"(28, 28)",%,,,,,"(83, 84)",,,"[{'id': 28, 'text': 'ל', 'upos': 'ADP', 'xpos': 'ADP', 'head': 27, 'deprel': 'case', 'lemma': 'ל'}]"
29,),PUNCT,PUNCT,27.0,punct,"(84, 85)",),,
"(30, 32)",פרסום בעיתון,,,,,"(86, 98)",,,"[{'id': 30, 'text': 'פרסום_', 'upos': 'NOUN', 'xpos': 'NOUN', 'feats': 'Definite=Def|Gender=Masc|Number=Sing', 'head': 24, 'deprel': 'nsubj', 'lemma': 'פרסום'}, {'id': 31, 'text': '_של_', 'upos': 'ADP', 'xpos': 'ADP', 'head': 32, 'deprel': 'case:gen', 'lemma': 'של'}, {'id': 32, 'text': '_אנחת', 'upos': 'PRON', 'xpos': 'PRON', 'feats': 'Case=Gen|Gender=Fem|Number=Sing|Person=3|PronType=Prs', 'head': 30, 'deprel': 'nmod:poss', 'lemma': 'הוא'}]"
33,(,PUNCT,PUNCT,34.0,punct,"(99, 100)",(,,
34,21,NUM,NUM,30.0,appos,"(100, 102)",21,,
"(35, 35)",%,,,,,"(102, 103)",,,"[{'id': 35, 'text': 'ל', 'upos': 'ADP', 'xpos': 'ADP', 'head': 34, 'deprel': 'appos', 'lemma': 'ל'}]"
36,),PUNCT,PUNCT,34.0,punct,"(103, 104)",),,
"(37, 38)",ותו,,,,,"(105, 108)",,,"[{'id': 37, 'text': 'ו', 'upos': 'CCONJ', 'xpos': 'CCONJ', 'feats': 'HebSource=ConvUncertainHead', 'head': 38, 'deprel': 'cc', 'lemma': 'ו'}, {'id': 38, 'text': 'תו', 'upos': 'PROPN', 'xpos': 'PROPN', 'feats': 'HebSource=ConvUncertainHead', 'head': 24, 'deprel': 'dep', 'lemma': 'תו'}]"
"(39, 40)",וך,,,,,"(108, 110)",,,"[{'id': 39, 'text': 'ו', 'upos': 'CCONJ', 'xpos': 'CCONJ', 'feats': 'HebSource=ConvUncertainHead', 'head': 38, 'deprel': 'cc', 'lemma': 'ו'}, {'id': 40, 'text': 'כ', 'upos': 'ADP', 'xpos': 'ADP', 'head': 42, 'deprel': 'case', 'lemma': 'כ'}]"
41,(,PUNCT,PUNCT,42.0,punct,"(111, 112)",(,,
42,20,NUM,NUM,38.0,appos,"(112, 114)",20,,
"(43, 43)",%,,,,,"(114, 115)",,,"[{'id': 43, 'text': 'ל', 'upos': 'ADP', 'xpos': 'ADP', 'head': 42, 'deprel': 'advmod', 'lemma': 'ל'}]"
44,),PUNCT,PUNCT,42.0,punct,"(115, 116)",),,
1,אחוז,ADV,ADV,20.0,dep,"(1, 5)",אחוז,,
"(2, 3)",הקונים,,,,,"(6, 12)",,,"[{'id': 2, 'text': 'ה', 'upos': 'DET', 'xpos': 'DET', 'feats': 'PronType=Art', 'head': 56, 'deprel': 'det:def', 'lemma': 'ה'}, {'id': 3, 'text': 'קונים', 'upos': 'NOUN', 'xpos': 'NOUN', 'feats': 'Gender=Masc|Number=Sing', 'head': 8, 'deprel': 'nmod', 'lemma': 'קונה'}]"
"(4, 5)",שקיבל,,,,,"(13, 18)",,,"[{'id': 4, 'text': 'ש', 'upos': 'SCONJ', 'xpos': 'SCONJ', 'head': 5, 'deprel': 'mark', 'lemma': 'ש'}, {'id': 5, 'text': 'קיבל', 'upos': 'VERB', 'xpos': 'VERB', 'feats': 'Gender=Masc|Number=Sing|Person=3|Tense=Past', 'head': 23, 'deprel': 'advmod', 'lemma': 'קיבל'}]"
6,את,ADP,ADP,56.0,case:acc,"(19, 21)",את,Case=Acc,
"(7, 8)",המידע,,,,,"(22, 27)",,,"[{'id': 7, 'text': 'ה', 'upos': 'DET', 'xpos': 'DET', 'feats': 'PronType=Art', 'head': 8, 'deprel': 'det:def', 'lemma': 'ה'}, {'id': 8, 'text': 'מידע', 'upos': 'NOUN', 'xpos': 'NOUN', 'feats': 'Gender=Masc|Number=Sing', 'head': 5, 'deprel': 'obj', 'lemma': 'מידע'}]"
"(9, 10)",מפרסום,,,,,"(28, 34)",,,"[{'id': 9, 'text': 'מ', 'upos': 'PUNCT', 'xpos': 'PUNCT', 'head': 5, 'deprel': 'dep', 'lemma': 'מ'}, {'id': 10, 'text': 'פרסום', 'upos': 'NOUN', 'xpos': 'NOUN', 'head': 31, 'deprel': 'advmod', 'lemma': 'פרסום'}]"
"(11, 13)",בעיתון,,,,,"(35, 41)",,,"[{'id': 11, 'text': 'ב', 'upos': 'ADP', 'xpos': 'ADP', 'head': 23, 'deprel': 'dep', 'lemma': 'ב'}, {'id': 12, 'text': 'ה_', 'upos': 'DET', 'xpos': 'DET', 'feats': 'PronType=Art', 'head': 8, 'deprel': 'det:def', 'lemma': 'ה'}, {'id': 13, 'text': 'עיתון', 'upos': 'NOUN', 'xpos': 'NOUN', 'feats': 'Gender=Masc|Number=Sing', 'head': 20, 'deprel': 'compound:smixut', 'lemma': 'עיתון'}]"
14,(,PUNCT,PUNCT,23.0,punct,"(42, 43)",(,,
15,22%,NUM,NUM,20.0,dep,"(43, 46)",22%,,
16,),PUNCT,PUNCT,20.0,punct,"(46, 47)",),,
17,קטן,PUNCT,PUNCT,23.0,dep,"(48, 51)",קטן,,
18,משמעותית,ADV,ADV,20.0,det,"(52, 60)",משמעותי,,
"(19, 20)",מקוני דירות,,,,,"(61, 72)",,,"[{'id': 19, 'text': 'מ', 'upos': 'PUNCT', 'xpos': 'PUNCT', 'head': 31, 'deprel': 'punct', 'lemma': 'מ'}, {'id': 20, 'text': 'קוניטדירות', 'upos': 'NOUN', 'xpos': 'NOUN', 'feats': 'Gender=Masc|Number=Sing', 'head': 31, 'deprel': 'obj', 'lemma': 'קוניטדירה'}]"
"(21, 23)",בישוב,,,,,"(73, 78)",,,"[{'id': 21, 'text': 'ב', 'upos': 'ADP', 'xpos': 'ADP', 'head': 20, 'deprel': 'case', 'lemma': 'ב'}, {'id': 22, 'text': 'ה_', 'upos': 'NOUN', 'xpos': 'NOUN', 'feats': 'PronType=Art', 'head': 20, 'deprel': 'dep', 'lemma': 'ה'}, {'id': 23, 'text': 'ישוב', 'upos': 'NOUN', 'xpos': 'NOUN', 'feats': 'Gender=Masc|Number=Sing', 'head': 0, 'deprel': 'root', 'lemma': 'יישוב'}]"
"(24, 26)",ים,,,,,"(78, 80)",,,"[{'id': 24, 'text': 'ים_', 'upos': 'NOUN', 'xpos': 'NOUN', 'head': 20, 'deprel': 'dep', 'lemma': 'ים'}, {'id': 25, 'text': '_של_', 'upos': 'ADV', 'xpos': 'ADV', 'head': 23, 'deprel': 'advmod', 'lemma': 'של'}, {'id': 26, 'text': '_הם', 'upos': 'PRON', 'xpos': 'PRON', 'head': 23, 'deprel': 'advmod', 'lemma': 'הוא'}]"
"(27, 28)",אחרים,,,,,"(81, 86)",,,"[{'id': 27, 'text': 'אחרים', 'upos': 'PUNCT', 'xpos': 'PUNCT', 'head': 23, 'deprel': 'dep', 'lemma': 'אחר'}, {'id': 28, 'text': '_הם', 'upos': 'PRON', 'xpos': 'PRON', 'head': 23, 'deprel': 'advmod', 'lemma': 'הוא'}]"
29,",",PUNCT,PUNCT,23.0,punct,"(87, 88)",",",,
"(30, 31)",שקיבלו,,,,,"(89, 95)",,,"[{'id': 30, 'text': 'ש', 'upos': 'SCONJ', 'xpos': 'SCONJ', 'head': 5, 'deprel': 'mark', 'lemma': 'ש'}, {'id': 31, 'text': 'קיבלו', 'upos': 'VERB', 'xpos': 'VERB', 'head': 5, 'deprel': 'dep', 'lemma': 'קיבל'}]"
32,את,ADP,ADP,20.0,dep,"(96, 98)",את,Case=Acc,
"(33, 34)",המידע,,,,,"(99, 104)",,,"[{'id': 33, 'text': 'ה', 'upos': 'DET', 'xpos': 'DET', 'feats': 'PronType=Art', 'head': 34, 'deprel': 'det:def', 'lemma': 'ה'}, {'id': 34, 'text': 'מידע', 'upos': 'NOUN', 'xpos': 'NOUN', 'feats': 'Gender=Masc|Number=Sing', 'head': 31, 'deprel': 'obj', 'lemma': 'מידע'}]"
"(35, 36)",ממקור,,,,,"(105, 110)",,,"[{'id': 35, 'text': 'מ', 'upos': 'ADP', 'xpos': 'ADP', 'head': 31, 'deprel': 'punct', 'lemma': 'מ'}, {'id': 36, 'text': 'מקור', 'upos': 'NOUN', 'xpos': 'NOUN', 'feats': 'Gender=Masc|Number=Sing', 'head': 20, 'deprel': 'dep', 'lemma': 'מקור'}]"
"(37, 38)",זה,,,,,"(111, 113)",,,"[{'id': 37, 'text': 'זה', 'upos': 'PUNCT', 'xpos': 'PUNCT', 'head': 20, 'deprel': 'dep', 'lemma': 'זה'}, {'id': 38, 'text': '_היא', 'upos': 'NOUN', 'xpos': 'NOUN', 'head': 20, 'deprel': 'dep', 'lemma': 'הוא'}]"
39,:,PUNCT,PUNCT,23.0,punct,"(114, 115)",:,,
40,רמות,PROPN,PROPN,20.0,dep,"(116, 120)",רמה,,
41,–,PUNCT,PUNCT,23.0,punct,"(121, 122)",–,,
42,38,NUM,NUM,23.0,dep,"(123, 125)",38,,
43,%,PUNCT,PUNCT,20.0,dep,"(125, 126)",%,,
44,",",PUNCT,PUNCT,23.0,punct,"(126, 127)",",",,
45,אלעד,PROPN,PROPN,31.0,dep,"(128, 132)",אלעד,,
46,–,PUNCT,PUNCT,23.0,punct,"(133, 134)",–,,
47,53,PUNCT,PUNCT,23.0,dep,"(135, 137)",53,,
48,%,PUNCT,PUNCT,23.0,dep,"(137, 138)",%,,
49,",",PUNCT,PUNCT,23.0,punct,"(138, 139)",",",,
"(50, 51)",שלומי,,,,,"(140, 145)",,,"[{'id': 50, 'text': 'ש', 'upos': 'SCONJ', 'xpos': 'SCONJ', 'head': 23, 'deprel': 'dep', 'lemma': 'ש'}, {'id': 51, 'text': 'לומי', 'upos': 'PROPN', 'xpos': 'PROPN', 'head': 31, 'deprel': 'nsubj', 'lemma': 'לומי'}]"
52,–,PUNCT,PUNCT,23.0,punct,"(146, 147)",–,,
53,48,NUM,NUM,23.0,dep,"(148, 150)",48,,
54,%,PUNCT,PUNCT,20.0,dep,"(150, 151)",%,,
"(55, 56)",והר,,,,,"(152, 155)",,,"[{'id': 55, 'text': 'ו', 'upos': 'CCONJ', 'xpos': 'CCONJ', 'head': 31, 'deprel': 'cc', 'lemma': 'ו'}, {'id': 56, 'text': 'הר', 'upos': 'NOUN', 'xpos': 'NOUN', 'feats': 'Gender=Masc|Number=Sing', 'head': 20, 'deprel': 'conj', 'lemma': 'הר'}]"
"(57, 59)",חומה,,,,,"(156, 160)",,,"[{'id': 57, 'text': 'חום_', 'upos': 'PUNCT', 'xpos': 'PUNCT', 'head': 20, 'deprel': 'dep', 'lemma': 'חום'}, {'id': 58, 'text': '_של_', 'upos': 'ADV', 'xpos': 'ADV', 'head': 20, 'deprel': 'dep', 'lemma': 'של'}, {'id': 59, 'text': '_היא', 'upos': 'NOUN', 'xpos': 'NOUN', 'head': 20, 'deprel': 'dep', 'lemma': 'הוא'}]"
60,–,PUNCT,PUNCT,23.0,punct,"(161, 162)",–,,
61,73%,NUM,NUM,23.0,dep,"(163, 166)",73%,,
1,לעומת,ADP,ADP,2.0,case,"(1, 6)",לעומת,,
2,זאת,PRON,PRON,4.0,obl,"(7, 10)",זאת,Gender=Fem|Number=Sing|Person=3|PronType=Dem,
3,",",PUNCT,PUNCT,4.0,punct,"(10, 11)",",",,
4,גבוה,ADJ,ADJ,0.0,root,"(12, 16)",גבוה,Gender=Masc|Number=Sing,
5,יחסית,ADV,ADV,4.0,advmod,"(17, 22)",יחסית,,
6,אחוז,NOUN,NOUN,4.0,nsubj,"(23, 27)",אחוז,Definite=Cons|Gender=Masc|Number=Sing,
"(7, 8)",הקונים,,,,,"(28, 34)",,,"[{'id': 7, 'text': 'ה', 'upos': 'DET', 'xpos': 'DET', 'feats': 'PronType=Art', 'head': 8, 'deprel': 'det:def', 'lemma': 'ה'}, {'id': 8, 'text': 'קונים', 'upos': 'NOUN', 'xpos': 'NOUN', 'feats': 'Gender=Masc|Number=Plur', 'head': 6, 'deprel': 'compound:smixut', 'lemma': 'קונה'}]"
"(9, 10)",שקבלו,,,,,"(35, 40)",,,"[{'id': 9, 'text': 'ש', 'upos': 'SCONJ', 'xpos': 'SCONJ', 'head': 10, 'deprel': 'mark', 'lemma': 'ש'}, {'id': 10, 'text': 'קבלו', 'upos': 'VERB', 'xpos': 'VERB', 'feats': 'Gender=Fem,Masc|HebBinyan=PAAL|Number=Plur|Person=3|Tense=Past|Voice=Act', 'head': 8, 'deprel': 'acl:relcl', 'lemma': 'קבלו'}]"
11,את,ADP,ADP,13.0,case:acc,"(41, 43)",את,Case=Acc,
"(12, 13)",המידע,,,,,"(44, 49)",,,"[{'id': 12, 'text': 'ה', 'upos': 'DET', 'xpos': 'DET', 'feats': 'PronType=Art', 'head': 13, 'deprel': 'det:def', 'lemma': 'ה'}, {'id': 13, 'text': 'מידע', 'upos': 'NOUN', 'xpos': 'NOUN', 'feats': 'Gender=Masc|Number=Sing', 'head': 10, 'deprel': 'obj', 'lemma': 'מידע'}]"
"(14, 15)",ממשרדי,,,,,"(50, 56)",,,"[{'id': 14, 'text': 'מ', 'upos': 'ADP', 'xpos': 'ADP', 'head': 15, 'deprel': 'case', 'lemma': 'מ'}, {'id': 15, 'text': 'משרדי', 'upos': 'NOUN', 'xpos': 'NOUN', 'feats': 'Definite=Cons|Gender=Masc|Number=Plur', 'head': 10, 'deprel': 'obl', 'lemma': 'משרד'}]"
16,תיווך,NOUN,NOUN,15.0,compound:smixut,"(57, 62)",תיווך,Gender=Masc|Number=Sing,
"(17, 18)",ומכירות,,,,,"(63, 70)",,,"[{'id': 17, 'text': 'ו', 'upos': 'CCONJ', 'xpos': 'CCONJ', 'head': 18, 'deprel': 'cc', 'lemma': 'ו'}, {'id': 18, 'text': 'מכירות', 'upos': 'NOUN', 'xpos': 'NOUN', 'feats': 'Gender=Fem|Number=Plur', 'head': 16, 'deprel': 'conj', 'lemma': 'מכירה'}]"
