id,text,upos,xpos,feats,head,deprel,span,lemma,expanded
1,מכניזם,NOUN,NOUN,Definite=Cons|Gender=Masc|Number=Sing,24.0,nsubj:cop,"(0, 6)",מכניזם,
"(2, 3)",ההידבקות,,,,,,"(7, 15)",,"[{'id': 2, 'text': 'ה', 'upos': 'DET', 'xpos': 'DET', 'feats': 'PronType=Art', 'head': 3, 'deprel': 'det:def', 'lemma': 'ה'}, {'id': 3, 'text': 'הידבקות', 'upos': 'NOUN', 'xpos': 'NOUN', 'feats': 'Gender=Fem|Number=Sing', 'head': 1, 'deprel': 'compound:smixut', 'lemma': 'הידבקות'}]"
"(4, 6)",והעיגון,,,,,,"(16, 23)",,"[{'id': 4, 'text': 'ו', 'upos': 'CCONJ', 'xpos': 'CCONJ', 'head': 6, 'deprel': 'cc', 'lemma': 'ו'}, {'id': 5, 'text': 'ה', 'upos': 'DET', 'xpos': 'DET', 'feats': 'PronType=Art', 'head': 6, 'deprel': 'det:def', 'lemma': 'ה'}, {'id': 6, 'text': 'עיגון', 'upos': 'NOUN', 'xpos': 'NOUN', 'feats': 'Gender=Masc|Number=Sing', 'head': 3, 'deprel': 'conj', 'lemma': 'עיגון'}]"
7,של,ADP,ADP,Case=Gen,8.0,case:gen,"(24, 26)",של,
8,מוט,NOUN,NOUN,Definite=Cons|Gender=Masc|Number=Sing,6.0,nmod:poss,"(27, 30)",מוט,
9,זיון,NOUN,NOUN,Gender=Masc|Number=Sing,8.0,compound:smixut,"(31, 35)",זיון,
"(10, 11)",בבטון,,,,,,"(36, 41)",,"[{'id': 10, 'text': 'ב', 'upos': 'ADP', 'xpos': 'ADP', 'head': 11, 'deprel': 'case', 'lemma': 'ב'}, {'id': 11, 'text': 'בטון', 'upos': 'NOUN', 'xpos': 'NOUN', 'head': 8, 'deprel': 'nmod', 'lemma': 'בטון'}]"
12,עם,ADP,ADP,,13.0,case,"(42, 44)",עם,
13,אגרגטים,NOUN,NOUN,Gender=Masc|Number=Plur,1.0,nmod,"(45, 52)",אגרגט,
14,ממוחזרים,VERB,VERB,"Gender=Masc|HebBinyan=PUAL|Number=Plur|Person=1,2,3|VerbForm=Part|Voice=Pass",13.0,amod,"(53, 61)",מוחזר,
"(15, 16)",מבטון,,,,,,"(62, 67)",,"[{'id': 15, 'text': 'מ', 'upos': 'ADP', 'xpos': 'ADP', 'head': 16, 'deprel': 'case', 'lemma': 'מ'}, {'id': 16, 'text': 'בטון', 'upos': 'NOUN', 'xpos': 'NOUN', 'feats': 'Gender=Masc|Number=Sing', 'head': 14, 'deprel': 'obl', 'lemma': 'בטון'}]"
"(17, 18)",מפסולת,,,,,,"(68, 74)",,"[{'id': 17, 'text': 'מ', 'upos': 'ADP', 'xpos': 'ADP', 'head': 18, 'deprel': 'case', 'lemma': 'מ'}, {'id': 18, 'text': 'פסולת', 'upos': 'NOUN', 'xpos': 'NOUN', 'feats': 'Definite=Cons|Gender=Fem|Number=Sing', 'head': 16, 'deprel': 'nmod', 'lemma': 'פסולת'}]"
19,בנייה,NOUN,NOUN,Gender=Fem|Number=Sing,18.0,compound:smixut,"(75, 80)",בנייה,
20,תקציר,NOUN,NOUN,Definite=Cons|Gender=Masc|Number=Sing,24.0,nsubj:cop,"(81, 86)",תקציר,
21,בטון,NOUN,NOUN,Gender=Masc|Number=Sing,20.0,compound:smixut,"(87, 91)",בטון,
22,מזויין,ADJ,ADJ,"Gender=Masc|HebBinyan=PUAL|Number=Sing|Person=1,2,3|VerbForm=Part|Voice=Pass",21.0,amod,"(92, 98)",מזויין,
23,הוא,AUX,AUX,Gender=Masc|Number=Sing|Person=3|Polarity=Pos|VerbForm=Part|VerbType=Cop,24.0,cop,"(99, 102)",הוא,
24,חומר,NOUN,NOUN,Definite=Cons|Gender=Masc|Number=Sing,0.0,root,"(103, 107)",חומר,
"(25, 26)",הבנייה,,,,,,"(108, 114)",,"[{'id': 25, 'text': 'ה', 'upos': 'DET', 'xpos': 'DET', 'feats': 'PronType=Art', 'head': 26, 'deprel': 'det:def', 'lemma': 'ה'}, {'id': 26, 'text': 'בנייה', 'upos': 'NOUN', 'xpos': 'NOUN', 'feats': 'Gender=Fem|Number=Sing', 'head': 24, 'deprel': 'compound:smixut', 'lemma': 'בנייה'}]"
"(27, 28)",הנפוץ,,,,,,"(115, 120)",,"[{'id': 27, 'text': 'ה', 'upos': 'DET', 'xpos': 'DET', 'feats': 'PronType=Art', 'head': 28, 'deprel': 'det:def', 'lemma': 'ה'}, {'id': 28, 'text': 'נפוץ', 'upos': 'ADJ', 'xpos': 'ADJ', 'feats': 'Gender=Masc|Number=Sing', 'head': 24, 'deprel': 'amod', 'lemma': 'נפוץ'}]"
29,ביותר,ADV,ADV,,28.0,advmod,"(121, 126)",ביותר,
"(30, 32)",בארץ,,,,,,"(127, 131)",,"[{'id': 30, 'text': 'ב', 'upos': 'ADP', 'xpos': 'ADP', 'head': 32, 'deprel': 'case', 'lemma': 'ב'}, {'id': 31, 'text': 'ה_', 'upos': 'DET', 'xpos': 'DET', 'feats': 'PronType=Art', 'head': 32, 'deprel': 'det:def', 'lemma': 'ה'}, {'id': 32, 'text': 'ארץ', 'upos': 'NOUN', 'xpos': 'NOUN', 'feats': 'Gender=Fem|Number=Sing', 'head': 28, 'deprel': 'obl', 'lemma': 'ארץ'}]"
"(1, 3)",בשנים,,,,,,"(1, 6)",,"[{'id': 1, 'text': 'ב', 'upos': 'ADP', 'xpos': 'ADP', 'head': 3, 'deprel': 'case', 'lemma': 'ב'}, {'id': 2, 'text': 'ה_', 'upos': 'DET', 'xpos': 'DET', 'feats': 'PronType=Art', 'head': 3, 'deprel': 'det:def', 'lemma': 'ה'}, {'id': 3, 'text': 'שנים', 'upos': 'NOUN', 'xpos': 'NOUN', 'feats': 'Gender=Fem|Number=Plur', 'head': 6, 'deprel': 'obl', 'lemma': 'שנה'}]"
"(4, 5)",האחרונות,,,,,,"(7, 15)",,"[{'id': 4, 'text': 'ה', 'upos': 'DET', 'xpos': 'DET', 'feats': 'PronType=Art', 'head': 5, 'deprel': 'det:def', 'lemma': 'ה'}, {'id': 5, 'text': 'אחרונות', 'upos': 'ADJ', 'xpos': 'ADJ', 'feats': 'Gender=Fem|Number=Plur', 'head': 3, 'deprel': 'amod', 'lemma': 'אחרון'}]"
6,יש,VERB,VERB,HebExistential=True,0.0,root,"(16, 18)",יש,
7,עניין,NOUN,NOUN,Gender=Masc|Number=Sing,6.0,nsubj,"(19, 24)",עניין,
8,גדול,ADJ,ADJ,Gender=Masc|Number=Sing,7.0,amod,"(25, 29)",גדול,
"(9, 11)",בארץ,,,,,,"(30, 34)",,"[{'id': 9, 'text': 'ב', 'upos': 'ADP', 'xpos': 'ADP', 'head': 11, 'deprel': 'case', 'lemma': 'ב'}, {'id': 10, 'text': 'ה_', 'upos': 'DET', 'xpos': 'DET', 'feats': 'PronType=Art', 'head': 11, 'deprel': 'det:def', 'lemma': 'ה'}, {'id': 11, 'text': 'ארץ', 'upos': 'NOUN', 'xpos': 'NOUN', 'feats': 'Gender=Fem|Number=Sing', 'head': 7, 'deprel': 'nmod', 'lemma': 'ארץ'}]"
"(12, 15)",ובעולם,,,,,,"(35, 41)",,"[{'id': 12, 'text': 'ו', 'upos': 'CCONJ', 'xpos': 'CCONJ', 'head': 15, 'deprel': 'cc', 'lemma': 'ו'}, {'id': 13, 'text': 'ב', 'upos': 'ADP', 'xpos': 'ADP', 'head': 15, 'deprel': 'case', 'lemma': 'ב'}, {'id': 14, 'text': 'ה_', 'upos': 'DET', 'xpos': 'DET', 'feats': 'PronType=Art', 'head': 15, 'deprel': 'det:def', 'lemma': 'ה'}, {'id': 15, 'text': 'עולם', 'upos': 'NOUN', 'xpos': 'NOUN', 'feats': 'Gender=Masc|Number=Sing', 'head': 11, 'deprel': 'conj', 'lemma': 'עולם'}]"
"(16, 18)",בייצור,,,,,,"(42, 48)",,"[{'id': 16, 'text': 'ב', 'upos': 'ADP', 'xpos': 'ADP', 'head': 18, 'deprel': 'case', 'lemma': 'ב'}, {'id': 17, 'text': 'ה_', 'upos': 'DET', 'xpos': 'DET', 'feats': 'PronType=Art', 'head': 18, 'deprel': 'det:def', 'lemma': 'ה'}, {'id': 18, 'text': 'ייצור', 'upos': 'NOUN', 'xpos': 'NOUN', 'feats': 'Gender=Masc|Number=Sing', 'head': 7, 'deprel': 'nmod', 'lemma': 'ייצור'}]"
"(19, 20)",בטון,,,,,,"(49, 53)",,"[{'id': 19, 'text': 'ב', 'upos': 'ADP', 'xpos': 'ADP', 'head': 20, 'deprel': 'case', 'lemma': 'ב'}, {'id': 20, 'text': 'טון', 'upos': 'NOUN', 'xpos': 'NOUN', 'feats': 'Gender=Masc|Number=Sing', 'head': 18, 'deprel': 'nmod', 'lemma': 'טון'}]"
"(21, 23)",שבו,,,,,,"(54, 57)",,"[{'id': 21, 'text': 'ש', 'upos': 'SCONJ', 'xpos': 'SCONJ', 'head': 24, 'deprel': 'mark', 'lemma': 'ש'}, {'id': 22, 'text': 'ב_', 'upos': 'ADP', 'xpos': 'ADP', 'head': 23, 'deprel': 'case', 'lemma': 'ב'}, {'id': 23, 'text': '_הוא', 'upos': 'PRON', 'xpos': 'PRON', 'feats': 'Gender=Masc|Number=Sing|Person=3|PronType=Prs', 'head': 24, 'deprel': 'obl', 'lemma': 'הוא'}]"
24,משולבים,VERB,VERB,"Gender=Masc|HebBinyan=PUAL|Number=Plur|Person=1,2,3|VerbForm=Part|Voice=Pass",18.0,acl:relcl,"(58, 65)",שולב,
25,אגרגטים,NOUN,NOUN,Gender=Masc|Number=Plur,24.0,nsubj,"(66, 73)",אגרגט,
26,ממוחזרים,VERB,VERB,"Gender=Masc|HebBinyan=PUAL|Number=Plur|Person=1,2,3|VerbForm=Part|Voice=Pass",25.0,amod,"(74, 82)",מוחזר,
27,אשר,SCONJ,SCONJ,,28.0,mark,"(83, 86)",אשר,
28,מחליפים,VERB,VERB,"Gender=Masc|HebBinyan=HIFIL|Number=Plur|Person=1,2,3|VerbForm=Part|Voice=Act",25.0,acl:relcl,"(87, 94)",החליף,
29,את,ADP,ADP,Case=Acc,31.0,case:acc,"(95, 97)",את,
"(30, 31)",האגרגטים,,,,,,"(98, 106)",,"[{'id': 30, 'text': 'ה', 'upos': 'DET', 'xpos': 'DET', 'feats': 'PronType=Art', 'head': 31, 'deprel': 'det:def', 'lemma': 'ה'}, {'id': 31, 'text': 'אגרגטים', 'upos': 'NOUN', 'xpos': 'NOUN', 'feats': 'Gender=Masc|Number=Plur', 'head': 28, 'deprel': 'obj', 'lemma': 'אגרגט'}]"
"(32, 33)",הטבעיים,,,,,,"(107, 114)",,"[{'id': 32, 'text': 'ה', 'upos': 'DET', 'xpos': 'DET', 'feats': 'PronType=Art', 'head': 33, 'deprel': 'det:def', 'lemma': 'ה'}, {'id': 33, 'text': 'טבעיים', 'upos': 'ADJ', 'xpos': 'ADJ', 'feats': 'Gender=Masc|Number=Plur', 'head': 31, 'deprel': 'amod', 'lemma': 'טבעי'}]"
"(34, 37)",שמקורם,,,,,,"(115, 121)",,"[{'id': 34, 'text': 'ש', 'upos': 'SCONJ', 'xpos': 'SCONJ', 'head': 39, 'deprel': 'mark', 'lemma': 'ש'}, {'id': 35, 'text': 'מקור_', 'upos': 'NOUN', 'xpos': 'NOUN', 'feats': 'Definite=Def|Gender=Masc|Number=Sing', 'head': 39, 'deprel': 'nsubj', 'lemma': 'מקור'}, {'id': 36, 'text': '_של_', 'upos': 'ADP', 'xpos': 'ADP', 'head': 37, 'deprel': 'case:gen', 'lemma': 'של'}, {'id': 37, 'text': '_הם', 'upos': 'PRON', 'xpos': 'PRON', 'feats': 'Case=Gen|Gender=Masc|Number=Plur|Person=3|PronType=Prs', 'head': 35, 'deprel': 'nmod:poss', 'lemma': 'הוא'}]"
"(38, 39)",במחצבות,,,,,,"(122, 129)",,"[{'id': 38, 'text': 'ב', 'upos': 'ADP', 'xpos': 'ADP', 'head': 39, 'deprel': 'case', 'lemma': 'ב'}, {'id': 39, 'text': 'מחצבות', 'upos': 'NOUN', 'xpos': 'NOUN', 'feats': 'Gender=Fem|Number=Plur', 'head': 31, 'deprel': 'acl:relcl', 'lemma': 'מחצבה'}]"
"(1, 2)",לצורך,,,,,,"(1, 6)",,"[{'id': 1, 'text': 'ל', 'upos': 'ADP', 'xpos': 'ADP', 'head': 2, 'deprel': 'case', 'lemma': 'ל'}, {'id': 2, 'text': 'צורך', 'upos': 'NOUN', 'xpos': 'NOUN', 'feats': 'Gender=Masc|Number=Sing', 'head': 11, 'deprel': 'obl', 'lemma': 'צורך'}]"
"(3, 4)",בחינת,,,,,,"(7, 12)",,"[{'id': 3, 'text': 'ב', 'upos': 'ADP', 'xpos': 'ADP', 'head': 4, 'deprel': 'case', 'lemma': 'ב'}, {'id': 4, 'text': 'חינת', 'upos': 'NOUN', 'xpos': 'NOUN', 'feats': 'Definite=Cons|Gender=Fem|Number=Sing', 'head': 2, 'deprel': 'nmod', 'lemma': 'חינה'}]"
"(5, 6)",האפשרות,,,,,,"(13, 20)",,"[{'id': 5, 'text': 'ה', 'upos': 'DET', 'xpos': 'DET', 'feats': 'PronType=Art', 'head': 6, 'deprel': 'det:def', 'lemma': 'ה'}, {'id': 6, 'text': 'אפשרות', 'upos': 'NOUN', 'xpos': 'NOUN', 'feats': 'Gender=Fem|Number=Sing', 'head': 4, 'deprel': 'compound:smixut', 'lemma': 'אפשרות'}]"
"(7, 8)",ליישום,,,,,,"(21, 27)",,"[{'id': 7, 'text': 'ל', 'upos': 'ADP', 'xpos': 'ADP', 'head': 8, 'deprel': 'case', 'lemma': 'ל'}, {'id': 8, 'text': 'יישום', 'upos': 'NOUN', 'xpos': 'NOUN', 'feats': 'Gender=Masc|Number=Sing', 'head': 6, 'deprel': 'nmod', 'lemma': 'יישום'}]"
9,קונסטרוקטיבי,ADJ,ADJ,,8.0,amod,"(28, 40)",קונסטרוקטיבי,
10,",",PUNCT,PUNCT,,11.0,punct,"(40, 41)",",",
11,יש,VERB,VERB,HebExistential=True,0.0,root,"(42, 44)",יש,
12,צורך,NOUN,NOUN,Gender=Masc|Number=Sing,11.0,nsubj,"(45, 49)",צורך,
13,לבחון,VERB,VERB,HebBinyan=PAAL|VerbForm=Inf|Voice=Act,12.0,acl,"(50, 55)",בחן,
14,את,ADP,ADP,Case=Acc,16.0,case:acc,"(56, 58)",את,
"(15, 16)",ההתנהגות,,,,,,"(59, 67)",,"[{'id': 15, 'text': 'ה', 'upos': 'DET', 'xpos': 'DET', 'feats': 'PronType=Art', 'head': 16, 'deprel': 'det:def', 'lemma': 'ה'}, {'id': 16, 'text': 'התנהגות', 'upos': 'NOUN', 'xpos': 'NOUN', 'feats': 'Gender=Fem|Number=Sing', 'head': 13, 'deprel': 'obj', 'lemma': 'התנהגות'}]"
17,של,ADP,ADP,Case=Gen,18.0,case:gen,"(68, 70)",של,
18,בטון,PROPN,PROPN,,16.0,nmod:poss,"(71, 75)",בטון,
19,עם,ADP,ADP,,20.0,case,"(76, 78)",עם,
20,אגרגט,NOUN,NOUN,Gender=Masc|Number=Sing,16.0,nmod,"(79, 84)",אגרגט,
21,ממוחזר,VERB,VERB,"Gender=Masc|HebBinyan=PUAL|Number=Sing|Person=1,2,3|VerbForm=Part|Voice=Pass",20.0,amod,"(85, 91)",מוחזר,
"(22, 23)",ואת,,,,,,"(92, 95)",,"[{'id': 22, 'text': 'ו', 'upos': 'CCONJ', 'xpos': 'CCONJ', 'head': 25, 'deprel': 'cc', 'lemma': 'ו'}, {'id': 23, 'text': 'את', 'upos': 'ADP', 'xpos': 'ADP', 'feats': 'Case=Acc', 'head': 25, 'deprel': 'case:acc', 'lemma': 'את'}]"
"(24, 25)",ההבדלים,,,,,,"(96, 103)",,"[{'id': 24, 'text': 'ה', 'upos': 'DET', 'xpos': 'DET', 'feats': 'PronType=Art', 'head': 25, 'deprel': 'det:def', 'lemma': 'ה'}, {'id': 25, 'text': 'הבדלים', 'upos': 'NOUN', 'xpos': 'NOUN', 'feats': 'Gender=Masc|Number=Plur', 'head': 16, 'deprel': 'conj', 'lemma': 'הבדל'}]"
"(26, 27)",בינו,,,,,,"(104, 108)",,"[{'id': 26, 'text': 'בין_', 'upos': 'ADP', 'xpos': 'ADP', 'head': 27, 'deprel': 'case', 'lemma': 'בין'}, {'id': 27, 'text': '_הוא', 'upos': 'PRON', 'xpos': 'PRON', 'feats': 'Gender=Masc|Number=Sing|Person=3|PronType=Prs', 'head': 25, 'deprel': 'nmod', 'lemma': 'הוא'}]"
28,לבין,ADP,ADP,,29.0,case,"(109, 113)",לבין,
29,בטון,PROPN,PROPN,,27.0,conj,"(114, 118)",בטון,
30,עם,ADP,ADP,,31.0,case,"(119, 121)",עם,
31,אגרגט,NOUN,NOUN,Gender=Masc|Number=Sing,29.0,nmod,"(122, 127)",אגרגט,
32,טבעי,ADJ,ADJ,Gender=Masc|Number=Sing,31.0,amod,"(128, 132)",טבעי,
1,מחקר,NOUN,NOUN,Gender=Masc|Number=Sing,3.0,nsubj,"(1, 5)",מחקר,
2,זה,PRON,PRON,Gender=Masc|Number=Sing|Person=3|PronType=Dem,1.0,det,"(6, 8)",זה,
3,נועד,VERB,VERB,Gender=Masc|HebBinyan=NIFAL|Number=Sing|Person=3|Tense=Past|Voice=Mid,0.0,root,"(9, 13)",נועד,
"(4, 6)",לבחינה,,,,,,"(14, 20)",,"[{'id': 4, 'text': 'ל', 'upos': 'ADP', 'xpos': 'ADP', 'head': 6, 'deprel': 'case', 'lemma': 'ל'}, {'id': 5, 'text': 'ה_', 'upos': 'DET', 'xpos': 'DET', 'feats': 'PronType=Art', 'head': 6, 'deprel': 'det:def', 'lemma': 'ה'}, {'id': 6, 'text': 'בחינה', 'upos': 'NOUN', 'xpos': 'NOUN', 'feats': 'Gender=Fem|Number=Sing', 'head': 3, 'deprel': 'obl', 'lemma': 'בחינה'}]"
7,ראשונה,ADJ,ADJ,Gender=Fem|Number=Sing,6.0,amod,"(21, 27)",ראשונה,
8,של,ADP,ADP,Case=Gen,9.0,case:gen,"(28, 30)",של,
9,היבט,NOUN,NOUN,Gender=Masc|Number=Sing,6.0,nmod,"(31, 35)",היבט,
10,יסודי,ADJ,ADJ,Gender=Masc|Number=Sing,9.0,amod,"(36, 41)",יסודי,
"(11, 12)",בבטון,,,,,,"(42, 47)",,"[{'id': 11, 'text': 'ב', 'upos': 'ADP', 'xpos': 'ADP', 'head': 12, 'deprel': 'case', 'lemma': 'ב'}, {'id': 12, 'text': 'בטון', 'upos': 'NOUN', 'xpos': 'NOUN', 'feats': 'Gender=Masc|Number=Sing', 'head': 9, 'deprel': 'nmod', 'lemma': 'בטון'}]"
"(13, 14)",המזויין,,,,,,"(48, 55)",,"[{'id': 13, 'text': 'ה', 'upos': 'DET', 'xpos': 'DET', 'feats': 'PronType=Art', 'head': 14, 'deprel': 'det:def', 'lemma': 'ה'}, {'id': 14, 'text': 'מזויין', 'upos': 'VERB', 'xpos': 'VERB', 'feats': 'Gender=Masc|HebBinyan=PUAL|Number=Sing|Person=1,2,3|VerbForm=Part|Voice=Pass', 'head': 12, 'deprel': 'amod', 'lemma': 'זוין'}]"
"(15, 16)",שנוגע,,,,,,"(56, 61)",,"[{'id': 15, 'text': 'ש', 'upos': 'SCONJ', 'xpos': 'SCONJ', 'head': 16, 'deprel': 'mark', 'lemma': 'ש'}, {'id': 16, 'text': 'נוגע', 'upos': 'VERB', 'xpos': 'VERB', 'feats': 'Gender=Masc|HebBinyan=PAAL|Number=Sing|Person=1,2,3|VerbForm=Part|Voice=Act', 'head': 9, 'deprel': 'acl:relcl', 'lemma': 'נגע'}]"
"(17, 18)",להידבקות,,,,,,"(62, 70)",,"[{'id': 17, 'text': 'ל', 'upos': 'ADP', 'xpos': 'ADP', 'head': 18, 'deprel': 'case', 'lemma': 'ל'}, {'id': 18, 'text': 'הידבקות', 'upos': 'NOUN', 'xpos': 'NOUN', 'feats': 'Gender=Fem|Number=Sing', 'head': 16, 'deprel': 'obl', 'lemma': 'הידבקות'}]"
"(19, 20)",ולעיגון,,,,,,"(71, 78)",,"[{'id': 19, 'text': 'ו', 'upos': 'CCONJ', 'xpos': 'CCONJ', 'head': 20, 'deprel': 'cc', 'lemma': 'ו'}, {'id': 20, 'text': 'לעיגון', 'upos': 'NOUN', 'xpos': 'NOUN', 'feats': 'Gender=Masc|Number=Sing', 'head': 18, 'deprel': 'conj', 'lemma': 'לעיגון'}]"
21,של,ADP,ADP,Case=Gen,22.0,case:gen,"(79, 81)",של,
22,מוט,NOUN,NOUN,Definite=Cons|Gender=Masc|Number=Sing,18.0,nmod:poss,"(82, 85)",מוט,
23,פלדה,NOUN,NOUN,Gender=Fem|Number=Sing,22.0,compound:smixut,"(86, 90)",פלדה,
"(24, 25)",בבטון,,,,,,"(91, 96)",,"[{'id': 24, 'text': 'ב', 'upos': 'ADP', 'xpos': 'ADP', 'head': 25, 'deprel': 'case', 'lemma': 'ב'}, {'id': 25, 'text': 'בטון', 'upos': 'NOUN', 'xpos': 'NOUN', 'feats': 'Gender=Masc|Number=Sing', 'head': 22, 'deprel': 'nmod', 'lemma': 'בטון'}]"
1,על,ADP,ADP,,3.0,case,"(1, 3)",על,
2,מנת,ADP,ADP,Definite=Cons|Gender=Fem|Number=Sing,1.0,fixed,"(4, 7)",מנה,
3,לקבל,VERB,VERB,HebBinyan=PIEL|VerbForm=Inf|Voice=Act,17.0,advcl,"(8, 12)",קיבל,
4,את,ADP,ADP,Case=Acc,6.0,case:acc,"(13, 15)",את,
"(5, 6)",האגרגט,,,,,,"(16, 22)",,"[{'id': 5, 'text': 'ה', 'upos': 'DET', 'xpos': 'DET', 'feats': 'PronType=Art', 'head': 6, 'deprel': 'det:def', 'lemma': 'ה'}, {'id': 6, 'text': 'אגרגט', 'upos': 'NOUN', 'xpos': 'NOUN', 'feats': 'Gender=Masc|Number=Sing', 'head': 3, 'deprel': 'obj', 'lemma': 'אגרגט'}]"
"(7, 8)",הממוחזר,,,,,,"(23, 30)",,"[{'id': 7, 'text': 'ה', 'upos': 'DET', 'xpos': 'DET', 'feats': 'PronType=Art', 'head': 8, 'deprel': 'det:def', 'lemma': 'ה'}, {'id': 8, 'text': 'ממוחזר', 'upos': 'VERB', 'xpos': 'VERB', 'feats': 'Gender=Masc|HebBinyan=PUAL|Number=Sing|Person=1,2,3|VerbForm=Part|Voice=Pass', 'head': 6, 'deprel': 'amod', 'lemma': 'מוחזר'}]"
"(9, 10)",באיכות,,,,,,"(31, 37)",,"[{'id': 9, 'text': 'ב', 'upos': 'ADP', 'xpos': 'ADP', 'head': 10, 'deprel': 'case', 'lemma': 'ב'}, {'id': 10, 'text': 'איכות', 'upos': 'NOUN', 'xpos': 'NOUN', 'feats': 'Gender=Fem|Number=Sing', 'head': 6, 'deprel': 'nmod', 'lemma': 'איכות'}]"
"(11, 12)",הגבוהה,,,,,,"(38, 44)",,"[{'id': 11, 'text': 'ה', 'upos': 'DET', 'xpos': 'DET', 'feats': 'PronType=Art', 'head': 12, 'deprel': 'det:def', 'lemma': 'ה'}, {'id': 12, 'text': 'גבוהה', 'upos': 'ADJ', 'xpos': 'ADJ', 'feats': 'Gender=Fem|Number=Sing', 'head': 10, 'deprel': 'amod', 'lemma': 'גבוה'}]"
"(13, 14)",ביותר,,,,,,"(45, 50)",,"[{'id': 13, 'text': 'ב', 'upos': 'ADP', 'xpos': 'ADP', 'head': 14, 'deprel': 'case', 'lemma': 'ב'}, {'id': 14, 'text': 'יותר', 'upos': 'ADV', 'xpos': 'ADV', 'head': 10, 'deprel': 'nmod', 'lemma': 'יותר'}]"
15,מחקר,NOUN,NOUN,Gender=Masc|Number=Sing,17.0,nsubj,"(51, 55)",מחקר,
16,זה,PRON,PRON,Gender=Masc|Number=Sing|Person=3|PronType=Dem,15.0,det,"(56, 58)",זה,
17,יתמקד,VERB,VERB,Gender=Masc|HebBinyan=HITPAEL|Number=Sing|Person=3|Tense=Fut,0.0,root,"(59, 64)",התמקד,
"(18, 19)",באגרגט,,,,,,"(65, 71)",,"[{'id': 18, 'text': 'ב', 'upos': 'ADP', 'xpos': 'ADP', 'head': 19, 'deprel': 'case', 'lemma': 'ב'}, {'id': 19, 'text': 'אגרגט', 'upos': 'NOUN', 'xpos': 'NOUN', 'feats': 'Gender=Masc|Number=Sing', 'head': 17, 'deprel': 'obl', 'lemma': 'אגרגט'}]"
"(20, 21)",המתקבל,,,,,,"(72, 78)",,"[{'id': 20, 'text': 'ה', 'upos': 'SCONJ', 'xpos': 'SCONJ', 'head': 21, 'deprel': 'mark', 'lemma': 'ה'}, {'id': 21, 'text': 'מתקבל', 'upos': 'VERB', 'xpos': 'VERB', 'feats': 'Gender=Masc|HebBinyan=HITPAEL|Number=Sing|Person=1,2,3|VerbForm=Part', 'head': 19, 'deprel': 'acl:relcl', 'lemma': 'התקבל'}]"
"(22, 23)",מחלקי,,,,,,"(79, 84)",,"[{'id': 22, 'text': 'מ', 'upos': 'ADP', 'xpos': 'ADP', 'head': 23, 'deprel': 'case', 'lemma': 'מ'}, {'id': 23, 'text': 'חלקי', 'upos': 'NOUN', 'xpos': 'NOUN', 'feats': 'Definite=Cons|Gender=Masc|Number=Plur', 'head': 21, 'deprel': 'obl', 'lemma': 'חלק'}]"
24,בטון,NOUN,NOUN,Gender=Masc|Number=Sing,23.0,compound:smixut,"(85, 89)",בטון,
"(25, 28)",שמקורם,,,,,,"(90, 96)",,"[{'id': 25, 'text': 'ש', 'upos': 'SCONJ', 'xpos': 'SCONJ', 'head': 30, 'deprel': 'mark', 'lemma': 'ש'}, {'id': 26, 'text': 'מקור_', 'upos': 'NOUN', 'xpos': 'NOUN', 'feats': 'Definite=Def|Gender=Masc|Number=Sing', 'head': 30, 'deprel': 'nsubj', 'lemma': 'מקור'}, {'id': 27, 'text': '_של_', 'upos': 'ADP', 'xpos': 'ADP', 'head': 28, 'deprel': 'case:gen', 'lemma': 'של'}, {'id': 28, 'text': '_הם', 'upos': 'PRON', 'xpos': 'PRON', 'feats': 'Case=Gen|Gender=Masc|Number=Plur|Person=3|PronType=Prs', 'head': 26, 'deprel': 'nmod:poss', 'lemma': 'הוא'}]"
"(29, 30)",בפסולת,,,,,,"(97, 103)",,"[{'id': 29, 'text': 'ב', 'upos': 'ADP', 'xpos': 'ADP', 'head': 30, 'deprel': 'case', 'lemma': 'ב'}, {'id': 30, 'text': 'פסולת', 'upos': 'NOUN', 'xpos': 'NOUN', 'feats': 'Definite=Cons|Gender=Fem|Number=Sing', 'head': 19, 'deprel': 'acl:relcl', 'lemma': 'פסולת'}]"
31,בנייה,NOUN,NOUN,Gender=Fem|Number=Sing,30.0,compound:smixut,"(104, 109)",בנייה,
"(32, 33)",ממבנים,,,,,,"(110, 116)",,"[{'id': 32, 'text': 'מ', 'upos': 'ADP', 'xpos': 'ADP', 'head': 33, 'deprel': 'case', 'lemma': 'מ'}, {'id': 33, 'text': 'מבנים', 'upos': 'NOUN', 'xpos': 'NOUN', 'feats': 'Gender=Masc|Number=Plur', 'head': 30, 'deprel': 'nmod', 'lemma': 'מבנה'}]"
"(34, 35)",שנהרסו,,,,,,"(117, 123)",,"[{'id': 34, 'text': 'ש', 'upos': 'SCONJ', 'xpos': 'SCONJ', 'head': 35, 'deprel': 'mark', 'lemma': 'ש'}, {'id': 35, 'text': 'נהרסו', 'upos': 'VERB', 'xpos': 'VERB', 'feats': 'Gender=Fem,Masc|HebBinyan=NIFAL|Number=Plur|Person=3|Tense=Past|Voice=Mid', 'head': 33, 'deprel': 'acl:relcl', 'lemma': 'נהרס'}]"
1,זאת,PRON,PRON,Gender=Fem|Number=Sing|Person=3|PronType=Dem,0.0,root,"(1, 4)",זאת,
"(2, 3)",להבדיל,,,,,,"(5, 11)",,"[{'id': 2, 'text': 'ל', 'upos': 'ADP', 'xpos': 'ADP', 'head': 3, 'deprel': 'case', 'lemma': 'ל'}, {'id': 3, 'text': 'הבדיל', 'upos': 'VERB', 'xpos': 'VERB', 'feats': 'HebBinyan=HIFIL|VerbForm=Inf|Voice=Act', 'head': 1, 'deprel': 'nmod', 'lemma': 'הבדיל'}]"
4,מאגרגטים,NOUN,NOUN,Gender=Masc|Number=Plur,3.0,compound:smixut,"(12, 20)",מאגרגט,
"(5, 8)",במקורם,,,,,,"(21, 27)",,"[{'id': 5, 'text': 'ב', 'upos': 'ADP', 'xpos': 'ADP', 'head': 6, 'deprel': 'case', 'lemma': 'ב'}, {'id': 6, 'text': 'מקור_', 'upos': 'NOUN', 'xpos': 'NOUN', 'feats': 'Definite=Def|Gender=Masc|Number=Sing', 'head': 4, 'deprel': 'nmod', 'lemma': 'מקור'}, {'id': 7, 'text': '_של_', 'upos': 'ADP', 'xpos': 'ADP', 'head': 8, 'deprel': 'case:gen', 'lemma': 'של'}, {'id': 8, 'text': '_הם', 'upos': 'PRON', 'xpos': 'PRON', 'feats': 'Case=Gen|Gender=Masc|Number=Plur|Person=3|PronType=Prs', 'head': 6, 'deprel': 'nmod:poss', 'lemma': 'הוא'}]"
"(9, 10)",בבלוקי,,,,,,"(28, 34)",,"[{'id': 9, 'text': 'ב', 'upos': 'ADP', 'xpos': 'ADP', 'head': 10, 'deprel': 'case', 'lemma': 'ב'}, {'id': 10, 'text': 'בלוקי', 'upos': 'NOUN', 'xpos': 'NOUN', 'feats': 'Definite=Cons|Gender=Masc|Number=Plur', 'head': 3, 'deprel': 'obl', 'lemma': 'בלוק'}]"
11,בניין,NOUN,NOUN,Gender=Masc|Number=Sing,10.0,compound:smixut,"(35, 40)",בניין,
"(12, 14)",ובפסולת,,,,,,"(41, 48)",,"[{'id': 12, 'text': 'ו', 'upos': 'CCONJ', 'xpos': 'CCONJ', 'head': 14, 'deprel': 'cc', 'lemma': 'ו'}, {'id': 13, 'text': 'ב', 'upos': 'ADP', 'xpos': 'ADP', 'head': 14, 'deprel': 'case', 'lemma': 'ב'}, {'id': 14, 'text': 'פסולת', 'upos': 'NOUN', 'xpos': 'NOUN', 'feats': 'Definite=Cons|Gender=Fem|Number=Sing', 'head': 10, 'deprel': 'conj', 'lemma': 'פסולת'}]"
15,בניין,NOUN,NOUN,Gender=Masc|Number=Sing,14.0,compound:smixut,"(49, 54)",בניין,
16,אחרת,ADJ,ADJ,Gender=Fem|Number=Sing,14.0,amod,"(55, 59)",אחר,
"(1, 3)",בהקשר,,,,,,"(1, 6)",,"[{'id': 1, 'text': 'ב', 'upos': 'ADP', 'xpos': 'ADP', 'head': 3, 'deprel': 'case', 'lemma': 'ב'}, {'id': 2, 'text': 'ה_', 'upos': 'DET', 'xpos': 'DET', 'feats': 'PronType=Art', 'head': 3, 'deprel': 'det:def', 'lemma': 'ה'}, {'id': 3, 'text': 'הקשר', 'upos': 'NOUN', 'xpos': 'NOUN', 'feats': 'Gender=Masc|Number=Sing', 'head': 5, 'deprel': 'obl', 'lemma': 'הקשר'}]"
4,זה,PRON,PRON,Gender=Masc|Number=Sing|Person=3|PronType=Dem,3.0,det,"(7, 9)",זה,
5,חשוב,AUX,AUX,"Gender=Masc|Number=Sing|Person=1,2,3|VerbType=Mod",6.0,aux,"(10, 14)",חשוב,
6,לציין,VERB,VERB,HebBinyan=PIEL|VerbForm=Inf|Voice=Act,0.0,root,"(15, 20)",ציין,
"(7, 8)",שטיב,,,,,,"(21, 25)",,"[{'id': 7, 'text': 'ש', 'upos': 'SCONJ', 'xpos': 'SCONJ', 'head': 21, 'deprel': 'mark', 'lemma': 'ש'}, {'id': 8, 'text': 'טיב', 'upos': 'NOUN', 'xpos': 'NOUN', 'feats': 'Definite=Cons|Gender=Masc|Number=Sing', 'head': 21, 'deprel': 'nsubj', 'lemma': 'טיב'}]"
"(9, 10)",הבטון,,,,,,"(26, 31)",,"[{'id': 9, 'text': 'ה', 'upos': 'DET', 'xpos': 'DET', 'feats': 'PronType=Art', 'head': 10, 'deprel': 'det:def', 'lemma': 'ה'}, {'id': 10, 'text': 'בטון', 'upos': 'NOUN', 'xpos': 'NOUN', 'feats': 'Gender=Masc|Number=Sing', 'head': 8, 'deprel': 'compound:smixut', 'lemma': 'בטון'}]"
"(11, 12)",במבנים,,,,,,"(32, 38)",,"[{'id': 11, 'text': 'ב', 'upos': 'ADP', 'xpos': 'ADP', 'head': 12, 'deprel': 'case', 'lemma': 'ב'}, {'id': 12, 'text': 'מבנים', 'upos': 'NOUN', 'xpos': 'NOUN', 'feats': 'Gender=Masc|Number=Plur', 'head': 8, 'deprel': 'nmod', 'lemma': 'מבנה'}]"
13,ישנים,ADJ,ADJ,Gender=Masc|Number=Plur,12.0,amod,"(39, 44)",ישן,
"(14, 15)",המועדים,,,,,,"(45, 52)",,"[{'id': 14, 'text': 'ה', 'upos': 'SCONJ', 'xpos': 'SCONJ', 'head': 15, 'deprel': 'mark', 'lemma': 'ה'}, {'id': 15, 'text': 'מועדים', 'upos': 'VERB', 'xpos': 'VERB', 'feats': 'Gender=Masc|Number=Plur|Person=1,2,3|VerbForm=Part', 'head': 12, 'deprel': 'acl:relcl', 'lemma': 'מעד'}]"
"(16, 17)",להריסה,,,,,,"(53, 59)",,"[{'id': 16, 'text': 'ל', 'upos': 'ADP', 'xpos': 'ADP', 'head': 17, 'deprel': 'case', 'lemma': 'ל'}, {'id': 17, 'text': 'הריסה', 'upos': 'NOUN', 'xpos': 'NOUN', 'feats': 'Gender=Fem|Number=Sing', 'head': 15, 'deprel': 'obl', 'lemma': 'הריסה'}]"
"(18, 20)",בארץ,,,,,,"(60, 64)",,"[{'id': 18, 'text': 'ב', 'upos': 'ADP', 'xpos': 'ADP', 'head': 20, 'deprel': 'case', 'lemma': 'ב'}, {'id': 19, 'text': 'ה_', 'upos': 'DET', 'xpos': 'DET', 'feats': 'PronType=Art', 'head': 20, 'deprel': 'det:def', 'lemma': 'ה'}, {'id': 20, 'text': 'ארץ', 'upos': 'NOUN', 'xpos': 'NOUN', 'feats': 'Gender=Fem|Number=Sing', 'head': 15, 'deprel': 'obl', 'lemma': 'ארץ'}]"
21,שונה,ADJ,ADJ,Gender=Masc|Number=Sing,6.0,xcomp,"(65, 69)",שונה,
"(22, 23)",וככל,,,,,,"(70, 74)",,"[{'id': 22, 'text': 'ו', 'upos': 'CCONJ', 'xpos': 'CCONJ', 'head': 26, 'deprel': 'cc', 'lemma': 'ו'}, {'id': 23, 'text': 'ככל', 'upos': 'SCONJ', 'xpos': 'SCONJ', 'head': 25, 'deprel': 'case', 'lemma': 'ככל'}]"
"(24, 25)",הנראה,,,,,,"(75, 80)",,"[{'id': 24, 'text': 'ה', 'upos': 'DET', 'xpos': 'DET', 'feats': 'PronType=Art', 'head': 25, 'deprel': 'mark', 'lemma': 'ה'}, {'id': 25, 'text': 'נראה', 'upos': 'VERB', 'xpos': 'VERB', 'feats': 'Gender=Masc|HebBinyan=NIFAL|Number=Sing|Person=1,2,3|VerbForm=Part|Voice=Mid', 'head': 26, 'deprel': 'advmod', 'lemma': 'נראה'}]"
26,נמוך,ADJ,ADJ,Gender=Masc|Number=Sing,21.0,conj,"(81, 85)",נמוך,
"(27, 28)",מטיב,,,,,,"(86, 90)",,"[{'id': 27, 'text': 'מ', 'upos': 'ADP', 'xpos': 'ADP', 'head': 28, 'deprel': 'case', 'lemma': 'מ'}, {'id': 28, 'text': 'טיב', 'upos': 'NOUN', 'xpos': 'NOUN', 'feats': 'Definite=Cons|Gender=Masc|Number=Sing', 'head': 26, 'deprel': 'advmod', 'lemma': 'טיב'}]"
"(29, 30)",הבטון,,,,,,"(91, 96)",,"[{'id': 29, 'text': 'ה', 'upos': 'DET', 'xpos': 'DET', 'feats': 'PronType=Art', 'head': 30, 'deprel': 'det:def', 'lemma': 'ה'}, {'id': 30, 'text': 'בטון', 'upos': 'NOUN', 'xpos': 'NOUN', 'feats': 'Gender=Masc|Number=Sing', 'head': 28, 'deprel': 'compound:smixut', 'lemma': 'בטון'}]"
"(31, 32)",המקובל,,,,,,"(97, 103)",,"[{'id': 31, 'text': 'ה', 'upos': 'DET', 'xpos': 'DET', 'feats': 'PronType=Art', 'head': 32, 'deprel': 'det:def', 'lemma': 'ה'}, {'id': 32, 'text': 'מקובל', 'upos': 'ADJ', 'xpos': 'ADJ', 'feats': 'Gender=Masc|Number=Sing', 'head': 28, 'deprel': 'amod', 'lemma': 'מקובל'}]"
"(33, 34)",באירופה,,,,,,"(104, 111)",,"[{'id': 33, 'text': 'ב', 'upos': 'ADP', 'xpos': 'ADP', 'head': 34, 'deprel': 'case', 'lemma': 'ב'}, {'id': 34, 'text': 'אירופה', 'upos': 'PROPN', 'xpos': 'PROPN', 'head': 32, 'deprel': 'obl', 'lemma': 'אירופה'}]"
35,",",PUNCT,PUNCT,,21.0,punct,"(111, 112)",",",
36,זאת,PRON,PRON,Gender=Fem|Number=Sing|Person=3|PronType=Dem,38.0,nsubj,"(113, 116)",זאת,
37,עקב,CCONJ,CCONJ,,38.0,case,"(117, 120)",עקב,
38,סוג,NOUN,NOUN,Definite=Cons|Gender=Masc|Number=Sing,21.0,conj,"(121, 124)",סוג,
"(39, 40)",הצמנט,,,,,,"(125, 130)",,"[{'id': 39, 'text': 'ה', 'upos': 'DET', 'xpos': 'DET', 'feats': 'PronType=Art', 'head': 40, 'deprel': 'det:def', 'lemma': 'ה'}, {'id': 40, 'text': 'צמנט', 'upos': 'NOUN', 'xpos': 'NOUN', 'feats': 'Gender=Masc|Number=Sing', 'head': 38, 'deprel': 'compound:smixut', 'lemma': 'צמנט'}]"
"(41, 42)",ומרכיבי,,,,,,"(131, 138)",,"[{'id': 41, 'text': 'ו', 'upos': 'CCONJ', 'xpos': 'CCONJ', 'head': 42, 'deprel': 'cc', 'lemma': 'ו'}, {'id': 42, 'text': 'מרכיבי', 'upos': 'NOUN', 'xpos': 'NOUN', 'feats': 'Definite=Cons|Gender=Masc|Number=Plur', 'head': 38, 'deprel': 'conj', 'lemma': 'מרכיב'}]"
"(43, 44)",התערובת,,,,,,"(139, 146)",,"[{'id': 43, 'text': 'ה', 'upos': 'DET', 'xpos': 'DET', 'feats': 'PronType=Art', 'head': 44, 'deprel': 'det:def', 'lemma': 'ה'}, {'id': 44, 'text': 'תערובת', 'upos': 'NOUN', 'xpos': 'NOUN', 'feats': 'Gender=Fem|Number=Sing', 'head': 42, 'deprel': 'compound:smixut', 'lemma': 'תערובת'}]"
45,",",PUNCT,PUNCT,,38.0,punct,"(146, 147)",",",
46,אבטחת,NOUN,NOUN,Definite=Cons|Gender=Fem|Number=Sing,38.0,conj,"(148, 153)",אבטחת,
"(47, 48)",האיכות,,,,,,"(154, 160)",,"[{'id': 47, 'text': 'ה', 'upos': 'DET', 'xpos': 'DET', 'feats': 'PronType=Art', 'head': 48, 'deprel': 'det:def', 'lemma': 'ה'}, {'id': 48, 'text': 'איכות', 'upos': 'NOUN', 'xpos': 'NOUN', 'feats': 'Gender=Fem|Number=Sing', 'head': 46, 'deprel': 'compound:smixut', 'lemma': 'איכות'}]"
"(49, 50)",וטיב,,,,,,"(161, 165)",,"[{'id': 49, 'text': 'ו', 'upos': 'CCONJ', 'xpos': 'CCONJ', 'head': 50, 'deprel': 'cc', 'lemma': 'ו'}, {'id': 50, 'text': 'טיב', 'upos': 'NOUN', 'xpos': 'NOUN', 'feats': 'Definite=Cons|Gender=Masc|Number=Sing', 'head': 38, 'deprel': 'conj', 'lemma': 'טיב'}]"
"(51, 52)",הבנייה,,,,,,"(166, 172)",,"[{'id': 51, 'text': 'ה', 'upos': 'DET', 'xpos': 'DET', 'feats': 'PronType=Art', 'head': 52, 'deprel': 'det:def', 'lemma': 'ה'}, {'id': 52, 'text': 'בנייה', 'upos': 'NOUN', 'xpos': 'NOUN', 'feats': 'Gender=Fem|Number=Sing', 'head': 50, 'deprel': 'compound:smixut', 'lemma': 'בנייה'}]"
"(53, 54)",במהלך,,,,,,"(173, 178)",,"[{'id': 53, 'text': 'ב', 'upos': 'ADP', 'xpos': 'ADP', 'head': 56, 'deprel': 'case', 'lemma': 'ב'}, {'id': 54, 'text': 'מהלך', 'upos': 'NOUN', 'xpos': 'NOUN', 'feats': 'Gender=Masc|Number=Sing', 'head': 53, 'deprel': 'fixed', 'lemma': 'מהלך'}]"
"(55, 56)",המאה,,,,,,"(179, 183)",,"[{'id': 55, 'text': 'ה', 'upos': 'DET', 'xpos': 'DET', 'feats': 'PronType=Art', 'head': 56, 'deprel': 'det:def', 'lemma': 'ה'}, {'id': 56, 'text': 'מאה', 'upos': 'NUM', 'xpos': 'NUM', 'feats': 'Gender=Fem|Number=Sing', 'head': 50, 'deprel': 'nmod', 'lemma': 'מאה'}]"
"(57, 58)",הקודמת,,,,,,"(184, 190)",,"[{'id': 57, 'text': 'ה', 'upos': 'DET', 'xpos': 'DET', 'feats': 'PronType=Art', 'head': 58, 'deprel': 'det:def', 'lemma': 'ה'}, {'id': 58, 'text': 'קודמת', 'upos': 'ADJ', 'xpos': 'ADJ', 'feats': 'Gender=Fem|Number=Sing', 'head': 56, 'deprel': 'amod', 'lemma': 'קודם'}]"
"(59, 61)",בארץ,,,,,,"(191, 195)",,"[{'id': 59, 'text': 'ב', 'upos': 'ADP', 'xpos': 'ADP', 'head': 61, 'deprel': 'case', 'lemma': 'ב'}, {'id': 60, 'text': 'ה_', 'upos': 'DET', 'xpos': 'DET', 'feats': 'PronType=Art', 'head': 61, 'deprel': 'det:def', 'lemma': 'ה'}, {'id': 61, 'text': 'ארץ', 'upos': 'NOUN', 'xpos': 'NOUN', 'feats': 'Gender=Fem|Number=Sing', 'head': 56, 'deprel': 'nmod', 'lemma': 'ארץ'}]"
1,מאחר,CCONJ,CCONJ,,14.0,mark,"(1, 5)",מאחר,
"(2, 4)",שלחוזק,,,,,,"(6, 12)",,"[{'id': 2, 'text': 'ש', 'upos': 'SCONJ', 'xpos': 'SCONJ', 'head': 1, 'deprel': 'fixed', 'lemma': 'ש'}, {'id': 3, 'text': 'ל', 'upos': 'ADP', 'xpos': 'ADP', 'head': 4, 'deprel': 'case', 'lemma': 'ל'}, {'id': 4, 'text': 'חוזק', 'upos': 'PROPN', 'xpos': 'PROPN', 'head': 14, 'deprel': 'obl', 'lemma': 'חוזק'}]"
"(5, 6)",בטון,,,,,,"(13, 17)",,"[{'id': 5, 'text': 'ב', 'upos': 'PROPN', 'xpos': 'PROPN', 'head': 4, 'deprel': 'flat:name', 'lemma': 'ב'}, {'id': 6, 'text': 'טון', 'upos': 'NOUN', 'xpos': 'NOUN', 'head': 4, 'deprel': 'flat:name', 'lemma': 'טון'}]"
"(7, 8)",המקור,,,,,,"(18, 23)",,"[{'id': 7, 'text': 'ה', 'upos': 'DET', 'xpos': 'DET', 'feats': 'PronType=Art', 'head': 8, 'deprel': 'det:def', 'lemma': 'ה'}, {'id': 8, 'text': 'מקור', 'upos': 'NOUN', 'xpos': 'NOUN', 'feats': 'Gender=Masc|Number=Sing', 'head': 4, 'deprel': 'nmod', 'lemma': 'מקור'}]"
9,של,ADP,ADP,Case=Gen,11.0,case:gen,"(24, 26)",של,
"(10, 11)",האגרגט,,,,,,"(27, 33)",,"[{'id': 10, 'text': 'ה', 'upos': 'DET', 'xpos': 'DET', 'feats': 'PronType=Art', 'head': 11, 'deprel': 'det:def', 'lemma': 'ה'}, {'id': 11, 'text': 'אגרגט', 'upos': 'NOUN', 'xpos': 'NOUN', 'feats': 'Gender=Masc|Number=Sing', 'head': 8, 'deprel': 'nmod:poss', 'lemma': 'אגרגט'}]"
"(12, 13)",הממוחזר,,,,,,"(34, 41)",,"[{'id': 12, 'text': 'ה', 'upos': 'DET', 'xpos': 'DET', 'feats': 'PronType=Art', 'head': 13, 'deprel': 'det:def', 'lemma': 'ה'}, {'id': 13, 'text': 'ממוחזר', 'upos': 'VERB', 'xpos': 'VERB', 'feats': 'Gender=Masc|HebBinyan=PUAL|Number=Sing|Person=1,2,3|VerbForm=Part|Voice=Pass', 'head': 11, 'deprel': 'amod', 'lemma': 'מוחזר'}]"
14,יש,VERB,VERB,HebExistential=True,21.0,advcl,"(42, 44)",יש,
15,השפעה,NOUN,NOUN,Gender=Fem|Number=Sing,14.0,nsubj,"(45, 50)",השפעה,
16,על,ADP,ADP,,17.0,case,"(51, 53)",על,
"(17, 19)",תכונותיו,,,,,,"(54, 62)",,"[{'id': 17, 'text': 'תכונה_', 'upos': 'NOUN', 'xpos': 'NOUN', 'feats': 'Definite=Def|Gender=Fem|Number=Plur', 'head': 15, 'deprel': 'nmod', 'lemma': 'תכונה'}, {'id': 18, 'text': '_של_', 'upos': 'ADP', 'xpos': 'ADP', 'head': 19, 'deprel': 'case:gen', 'lemma': 'של'}, {'id': 19, 'text': '_הוא', 'upos': 'PRON', 'xpos': 'PRON', 'feats': 'Case=Gen|Gender=Masc|Number=Sing|Person=3|PronType=Prs', 'head': 17, 'deprel': 'nmod:poss', 'lemma': 'הוא'}]"
20,",",PUNCT,PUNCT,,21.0,punct,"(62, 63)",",",
21,ראוי,AUX,AUX,"Gender=Masc|Number=Sing|Person=1,2,3|VerbType=Mod",22.0,aux,"(64, 68)",ראוי,
22,לחקור,VERB,VERB,HebBinyan=PAAL|VerbForm=Inf|Voice=Act,0.0,root,"(69, 74)",חקר,
"(23, 24)",בנפרד,,,,,,"(75, 80)",,"[{'id': 23, 'text': 'ב', 'upos': 'ADP', 'xpos': 'ADP', 'head': 24, 'deprel': 'case', 'lemma': 'ב'}, {'id': 24, 'text': 'נפרד', 'upos': 'NOUN', 'xpos': 'NOUN', 'feats': 'Gender=Masc|Number=Sing', 'head': 22, 'deprel': 'obl', 'lemma': 'נפרד'}]"
25,את,ADP,ADP,Case=Acc,26.0,case:acc,"(81, 83)",את,
26,חומרי,NOUN,NOUN,Definite=Cons|Gender=Masc|Number=Plur,22.0,obj,"(84, 89)",חומר,
"(27, 28)",הגלם,,,,,,"(90, 94)",,"[{'id': 27, 'text': 'ה', 'upos': 'DET', 'xpos': 'DET', 'feats': 'PronType=Art', 'head': 28, 'deprel': 'det:def', 'lemma': 'ה'}, {'id': 28, 'text': 'גלם', 'upos': 'NOUN', 'xpos': 'NOUN', 'feats': 'Gender=Masc|Number=Sing', 'head': 26, 'deprel': 'compound:smixut', 'lemma': 'גלם'}]"
"(29, 30)",הקיימים,,,,,,"(95, 102)",,"[{'id': 29, 'text': 'ה', 'upos': 'DET', 'xpos': 'DET', 'head': 30, 'deprel': 'mark', 'lemma': 'ה'}, {'id': 30, 'text': 'קיימים', 'upos': 'ADJ', 'xpos': 'ADJ', 'feats': 'Gender=Masc|Number=Plur', 'head': 26, 'deprel': 'acl:relcl', 'lemma': 'קיים'}]"
"(31, 33)",בארץ,,,,,,"(103, 107)",,"[{'id': 31, 'text': 'ב', 'upos': 'ADP', 'xpos': 'ADP', 'head': 33, 'deprel': 'case', 'lemma': 'ב'}, {'id': 32, 'text': 'ה_', 'upos': 'DET', 'xpos': 'DET', 'feats': 'PronType=Art', 'head': 33, 'deprel': 'det:def', 'lemma': 'ה'}, {'id': 33, 'text': 'ארץ', 'upos': 'NOUN', 'xpos': 'NOUN', 'feats': 'Gender=Fem|Number=Sing', 'head': 30, 'deprel': 'obl', 'lemma': 'ארץ'}]"
"(34, 35)",ויש,,,,,,"(108, 111)",,"[{'id': 34, 'text': 'ו', 'upos': 'CCONJ', 'xpos': 'CCONJ', 'head': 35, 'deprel': 'cc', 'lemma': 'ו'}, {'id': 35, 'text': 'יש', 'upos': 'AUX', 'xpos': 'AUX', 'feats': 'VerbType=Mod', 'head': 36, 'deprel': 'aux', 'lemma': 'יש'}]"
36,לנקוט,VERB,VERB,HebBinyan=PAAL|VerbForm=Inf|Voice=Act,21.0,conj,"(112, 117)",נקט,
37,זהירות,NOUN,NOUN,Gender=Fem|Number=Sing,36.0,obl,"(118, 124)",זהירות,
"(38, 39)",בפרשנות,,,,,,"(125, 132)",,"[{'id': 38, 'text': 'ב', 'upos': 'ADP', 'xpos': 'ADP', 'head': 39, 'deprel': 'case', 'lemma': 'ב'}, {'id': 39, 'text': 'פרשנות', 'upos': 'NOUN', 'xpos': 'NOUN', 'feats': 'Gender=Fem|Number=Sing', 'head': 36, 'deprel': 'obl', 'lemma': 'פרשנות'}]"
"(40, 41)",ואימוץ,,,,,,"(133, 139)",,"[{'id': 40, 'text': 'ו', 'upos': 'CCONJ', 'xpos': 'CCONJ', 'head': 41, 'deprel': 'cc', 'lemma': 'ו'}, {'id': 41, 'text': 'אימוץ', 'upos': 'NOUN', 'xpos': 'NOUN', 'feats': 'Gender=Masc|Number=Sing', 'head': 39, 'deprel': 'conj', 'lemma': 'אימוץ'}]"
42,אוטומטי,ADJ,ADJ,Gender=Masc|Number=Sing,41.0,amod,"(140, 147)",אוטומטי,
43,של,ADP,ADP,Case=Gen,44.0,case:gen,"(148, 150)",של,
44,המלצות,NOUN,NOUN,Gender=Fem|Number=Plur,41.0,nmod,"(151, 157)",המלצה,
"(45, 46)",המובאות,,,,,,"(158, 165)",,"[{'id': 45, 'text': 'ה', 'upos': 'SCONJ', 'xpos': 'SCONJ', 'head': 46, 'deprel': 'mark', 'lemma': 'ה'}, {'id': 46, 'text': 'מובאות', 'upos': 'VERB', 'xpos': 'VERB', 'feats': 'Gender=Fem|HebBinyan=HUFAL|Number=Plur|Person=1,2,3|VerbForm=Part|Voice=Pass', 'head': 44, 'deprel': 'acl:relcl', 'lemma': 'הובא'}]"
"(47, 48)",במחקר,,,,,,"(166, 171)",,"[{'id': 47, 'text': 'ב', 'upos': 'ADP', 'xpos': 'ADP', 'head': 48, 'deprel': 'case', 'lemma': 'ב'}, {'id': 48, 'text': 'מחקר', 'upos': 'NOUN', 'xpos': 'NOUN', 'feats': 'Gender=Masc|Number=Sing', 'head': 46, 'deprel': 'obl', 'lemma': 'מחקר'}]"
49,בין,ADV,ADV,Prefix=Yes,50.0,compound:affix,"(172, 175)",בין,
50,לאומי,ADJ,ADJ,Gender=Masc|Number=Sing,48.0,amod,"(176, 181)",לאומי,
"(1, 2)",הבטון,,,,,,"(1, 6)",,"[{'id': 1, 'text': 'ה', 'upos': 'DET', 'xpos': 'DET', 'feats': 'PronType=Art', 'head': 2, 'deprel': 'det:def', 'lemma': 'ה'}, {'id': 2, 'text': 'בטון', 'upos': 'NOUN', 'xpos': 'NOUN', 'feats': 'Gender=Masc|Number=Sing', 'head': 3, 'deprel': 'nsubj', 'lemma': 'בטון'}]"
3,מאופיין,VERB,VERB,"Gender=Masc|HebBinyan=PUAL|Number=Sing|Person=1,2,3|VerbForm=Part|Voice=Pass",0.0,root,"(7, 14)",אופיין,
"(4, 7)",בפריכותו,,,,,,"(15, 23)",,"[{'id': 4, 'text': 'ב', 'upos': 'ADP', 'xpos': 'ADP', 'head': 5, 'deprel': 'case', 'lemma': 'ב'}, {'id': 5, 'text': 'פריכות_', 'upos': 'NOUN', 'xpos': 'NOUN', 'feats': 'Definite=Def|Gender=Fem|Number=Sing', 'head': 3, 'deprel': 'obl', 'lemma': 'פריכות'}, {'id': 6, 'text': '_של_', 'upos': 'ADP', 'xpos': 'ADP', 'head': 7, 'deprel': 'case:gen', 'lemma': 'של'}, {'id': 7, 'text': '_הוא', 'upos': 'PRON', 'xpos': 'PRON', 'feats': 'Case=Gen|Gender=Masc|Number=Sing|Person=3|PronType=Prs', 'head': 5, 'deprel': 'nmod:poss', 'lemma': 'הוא'}]"
"(8, 10)",ובחוזק,,,,,,"(24, 30)",,"[{'id': 8, 'text': 'ו', 'upos': 'CCONJ', 'xpos': 'CCONJ', 'head': 10, 'deprel': 'cc', 'lemma': 'ו'}, {'id': 9, 'text': 'ב', 'upos': 'ADP', 'xpos': 'ADP', 'head': 10, 'deprel': 'case', 'lemma': 'ב'}, {'id': 10, 'text': 'חוזק', 'upos': 'NOUN', 'xpos': 'NOUN', 'feats': 'Definite=Cons|Gender=Masc|Number=Sing', 'head': 5, 'deprel': 'conj', 'lemma': 'חוזק'}]"
"(11, 12)",המתיחה,,,,,,"(31, 37)",,"[{'id': 11, 'text': 'ה', 'upos': 'DET', 'xpos': 'DET', 'feats': 'PronType=Art', 'head': 12, 'deprel': 'det:def', 'lemma': 'ה'}, {'id': 12, 'text': 'מתיחה', 'upos': 'NOUN', 'xpos': 'NOUN', 'feats': 'Gender=Fem|Number=Sing', 'head': 10, 'deprel': 'compound:smixut', 'lemma': 'מתיחה'}]"
"(13, 14)",הנמוך,,,,,,"(38, 43)",,"[{'id': 13, 'text': 'ה', 'upos': 'DET', 'xpos': 'DET', 'feats': 'PronType=Art', 'head': 14, 'deprel': 'det:def', 'lemma': 'ה'}, {'id': 14, 'text': 'נמוך', 'upos': 'ADJ', 'xpos': 'ADJ', 'feats': 'Gender=Masc|Number=Sing', 'head': 10, 'deprel': 'amod', 'lemma': 'נמוך'}]"
"(15, 16)",בסדר,,,,,,"(44, 48)",,"[{'id': 15, 'text': 'ב', 'upos': 'ADP', 'xpos': 'ADP', 'head': 16, 'deprel': 'case', 'lemma': 'ב'}, {'id': 16, 'text': 'סדר', 'upos': 'NOUN', 'xpos': 'NOUN', 'feats': 'Definite=Cons|Gender=Masc|Number=Sing', 'head': 10, 'deprel': 'nmod', 'lemma': 'סדר'}]"
17,גודל,NOUN,NOUN,Gender=Masc|Number=Sing,16.0,compound:smixut,"(49, 53)",גודל,
"(18, 19)",לערך,,,,,,"(54, 58)",,"[{'id': 18, 'text': 'ל', 'upos': 'ADP', 'xpos': 'ADP', 'head': 19, 'deprel': 'case', 'lemma': 'ל'}, {'id': 19, 'text': 'ערך', 'upos': 'NOUN', 'xpos': 'NOUN', 'feats': 'Definite=Cons|Gender=Masc|Number=Sing', 'head': 10, 'deprel': 'nmod', 'lemma': 'ערך'}]"
20,מחוזק,VERB,VERB,Definite=Cons|Gender=Masc|Number=Sing,19.0,compound:smixut,"(59, 64)",חוזק,
"(21, 22)",הלחיצה,,,,,,"(65, 71)",,"[{'id': 21, 'text': 'ה', 'upos': 'DET', 'xpos': 'DET', 'feats': 'PronType=Art', 'head': 22, 'deprel': 'det:def', 'lemma': 'ה'}, {'id': 22, 'text': 'לחיצה', 'upos': 'NOUN', 'xpos': 'NOUN', 'feats': 'Gender=Fem|Number=Sing', 'head': 20, 'deprel': 'compound:smixut', 'lemma': 'לחיצה'}]"
"(23, 24)",שלו,,,,,,"(72, 75)",,"[{'id': 23, 'text': 'של_', 'upos': 'ADP', 'xpos': 'ADP', 'feats': 'Case=Gen', 'head': 24, 'deprel': 'case:gen', 'lemma': 'של'}, {'id': 24, 'text': '_הוא', 'upos': 'PRON', 'xpos': 'PRON', 'feats': 'Gender=Masc|Number=Sing|Person=3|PronType=Prs', 'head': 20, 'deprel': 'nmod:poss', 'lemma': 'הוא'}]"
1,שילוב,NOUN,NOUN,Gender=Masc|Number=Sing,7.0,nsubj,"(1, 6)",שילוב,
2,של,ADP,ADP,Case=Gen,3.0,case:gen,"(7, 9)",של,
3,מוטות,NOUN,NOUN,Definite=Cons|Gender=Masc|Number=Plur,1.0,nmod:poss,"(10, 15)",מוט,
4,פלדה,NOUN,NOUN,Gender=Fem|Number=Sing,3.0,compound:smixut,"(16, 20)",פלדה,
"(5, 6)",בבטון,,,,,,"(21, 26)",,"[{'id': 5, 'text': 'ב', 'upos': 'ADP', 'xpos': 'ADP', 'head': 6, 'deprel': 'case', 'lemma': 'ב'}, {'id': 6, 'text': 'בטון', 'upos': 'NOUN', 'xpos': 'NOUN', 'head': 3, 'deprel': 'nmod', 'lemma': 'בטון'}]"
7,יוצר,VERB,VERB,"Gender=Masc|HebBinyan=PAAL|Number=Sing|Person=1,2,3|VerbForm=Part|Voice=Act",0.0,root,"(27, 31)",יצר,
8,את,ADP,ADP,Case=Acc,10.0,case:acc,"(32, 34)",את,
"(9, 10)",הבטון,,,,,,"(35, 40)",,"[{'id': 9, 'text': 'ה', 'upos': 'DET', 'xpos': 'DET', 'feats': 'PronType=Art', 'head': 10, 'deprel': 'det:def', 'lemma': 'ה'}, {'id': 10, 'text': 'בטון', 'upos': 'NOUN', 'xpos': 'NOUN', 'feats': 'Gender=Masc|Number=Sing', 'head': 7, 'deprel': 'obj', 'lemma': 'בטון'}]"
"(11, 12)",המזוין,,,,,,"(41, 47)",,"[{'id': 11, 'text': 'ה', 'upos': 'DET', 'xpos': 'DET', 'feats': 'PronType=Art', 'head': 12, 'deprel': 'det:def', 'lemma': 'ה'}, {'id': 12, 'text': 'מזוין', 'upos': 'ADJ', 'xpos': 'ADJ', 'feats': 'Gender=Masc|Number=Sing', 'head': 10, 'deprel': 'amod', 'lemma': 'מזוין'}]"
1,מוטות,NOUN,NOUN,Definite=Cons|Gender=Masc|Number=Plur,7.0,nsubj,"(1, 6)",מוט,
"(2, 3)",הזיון,,,,,,"(7, 12)",,"[{'id': 2, 'text': 'ה', 'upos': 'DET', 'xpos': 'DET', 'feats': 'PronType=Art', 'head': 3, 'deprel': 'det:def', 'lemma': 'ה'}, {'id': 3, 'text': 'זיון', 'upos': 'NOUN', 'xpos': 'NOUN', 'feats': 'Gender=Masc|Number=Sing', 'head': 1, 'deprel': 'compound:smixut', 'lemma': 'זיון'}]"
"(4, 6)",מפלדה,,,,,,"(13, 18)",,"[{'id': 4, 'text': 'מפלד_', 'upos': 'NOUN', 'xpos': 'NOUN', 'feats': 'Definite=Def|Gender=Masc|Number=Sing', 'head': 1, 'deprel': 'appos', 'lemma': 'מפלד'}, {'id': 5, 'text': '_של_', 'upos': 'ADP', 'xpos': 'ADP', 'head': 6, 'deprel': 'case:gen', 'lemma': 'של'}, {'id': 6, 'text': '_היא', 'upos': 'PRON', 'xpos': 'PRON', 'feats': 'Case=Gen|Gender=Fem|Number=Sing|Person=3|PronType=Prs', 'head': 4, 'deprel': 'nmod:poss', 'lemma': 'הוא'}]"
7,מקנים,VERB,VERB,"Gender=Masc|HebBinyan=PIEL|Number=Plur|Person=1,2,3|VerbForm=Part|Voice=Act",0.0,root,"(19, 24)",הקנה,
"(8, 9)",לרכיב,,,,,,"(25, 30)",,"[{'id': 8, 'text': 'ל', 'upos': 'ADP', 'xpos': 'ADP', 'head': 9, 'deprel': 'case', 'lemma': 'ל'}, {'id': 9, 'text': 'רכיב', 'upos': 'NOUN', 'xpos': 'NOUN', 'feats': 'Gender=Masc|Number=Sing', 'head': 7, 'deprel': 'obl', 'lemma': 'רכיב'}]"
"(10, 11)",מבטון,,,,,,"(31, 36)",,"[{'id': 10, 'text': 'מ', 'upos': 'ADP', 'xpos': 'ADP', 'head': 11, 'deprel': 'case', 'lemma': 'מ'}, {'id': 11, 'text': 'בטון', 'upos': 'NOUN', 'xpos': 'NOUN', 'feats': 'Gender=Masc|Number=Sing', 'head': 9, 'deprel': 'obl', 'lemma': 'בטון'}]"
12,מזוין,ADJ,ADJ,"Gender=Masc|HebBinyan=PUAL|Number=Sing|Person=1,2,3|VerbForm=Part|Voice=Pass",11.0,amod,"(37, 42)",מזוין,
13,כושר,NOUN,NOUN,Definite=Cons|Gender=Masc|Number=Sing,7.0,obj,"(43, 47)",כושר,
14,נשיאת,NOUN,NOUN,Definite=Cons|Gender=Fem|Number=Sing,13.0,compound:smixut,"(48, 53)",נשיאה,
15,כוחות,NOUN,NOUN,Definite=Cons|Gender=Masc|Number=Plur,14.0,compound:smixut,"(54, 59)",כוח,
16,מתיחה,NOUN,NOUN,Gender=Fem|Number=Sing,15.0,compound:smixut,"(60, 65)",מתיחה,
"(17, 18)",ברמה,,,,,,"(66, 70)",,"[{'id': 17, 'text': 'ב', 'upos': 'ADP', 'xpos': 'ADP', 'head': 18, 'deprel': 'case', 'lemma': 'ב'}, {'id': 18, 'text': 'רמה', 'upos': 'NOUN', 'xpos': 'NOUN', 'feats': 'Gender=Fem|Number=Sing', 'head': 14, 'deprel': 'nmod', 'lemma': 'רמה'}]"
19,גבוהה,ADJ,ADJ,Gender=Fem|Number=Sing,18.0,amod,"(71, 76)",גבוה,
20,יחסית,ADV,ADV,,19.0,advmod,"(77, 82)",יחסית,
21,תוך,ADP,ADP,,22.0,case,"(83, 86)",תוך,
22,התפתחות,NOUN,NOUN,Definite=Cons|Gender=Fem|Number=Sing,13.0,nmod,"(87, 94)",התפתחות,
23,סדיקה,NOUN,NOUN,Gender=Fem|Number=Sing,22.0,compound:smixut,"(95, 100)",סדיקה,
24,מבוקרת,ADJ,ADJ,Gender=Fem|Number=Sing,23.0,amod,"(101, 107)",מבוקר,
"(25, 26)",בבטון,,,,,,"(108, 113)",,"[{'id': 25, 'text': 'ב', 'upos': 'ADP', 'xpos': 'ADP', 'head': 26, 'deprel': 'case', 'lemma': 'ב'}, {'id': 26, 'text': 'בטון', 'upos': 'NOUN', 'xpos': 'NOUN', 'feats': 'Gender=Masc|Number=Sing', 'head': 23, 'deprel': 'nmod', 'lemma': 'בטון'}]"
27,",",PUNCT,PUNCT,,26.0,punct,"(113, 114)",",",
28,משיכות,NOUN,NOUN,Gender=Fem|Number=Plur,26.0,conj,"(115, 121)",משיכה,
"(29, 30)",וכושר,,,,,,"(122, 127)",,"[{'id': 29, 'text': 'ו', 'upos': 'CCONJ', 'xpos': 'CCONJ', 'head': 30, 'deprel': 'cc', 'lemma': 'ו'}, {'id': 30, 'text': 'כושר', 'upos': 'NOUN', 'xpos': 'NOUN', 'feats': 'Definite=Cons|Gender=Masc|Number=Sing', 'head': 26, 'deprel': 'conj', 'lemma': 'כושר'}]"
31,ספיגת,NOUN,NOUN,Definite=Cons|Gender=Fem|Number=Sing,30.0,compound:smixut,"(128, 133)",ספיגה,
32,אנרגיה,NOUN,NOUN,Gender=Fem|Number=Sing,31.0,compound:smixut,"(134, 140)",אנרגיה,
"(1, 2)",היכולת,,,,,,"(1, 7)",,"[{'id': 1, 'text': 'ה', 'upos': 'DET', 'xpos': 'DET', 'feats': 'PronType=Art', 'head': 2, 'deprel': 'det:def', 'lemma': 'ה'}, {'id': 2, 'text': 'יכולת', 'upos': 'NOUN', 'xpos': 'NOUN', 'feats': 'Gender=Fem|Number=Sing', 'head': 12, 'deprel': 'nsubj:cop', 'lemma': 'יכולת'}]"
3,להעביר,VERB,VERB,HebBinyan=HIFIL|VerbForm=Inf|Voice=Act,2.0,acl,"(8, 14)",העביר,
4,כוחות,NOUN,NOUN,Gender=Masc|Number=Plur,3.0,obj,"(15, 20)",כוח,
5,בין,ADP,ADP,,6.0,case,"(21, 24)",בין,
6,מוט,NOUN,NOUN,Definite=Cons|Gender=Masc|Number=Sing,3.0,obl,"(25, 28)",מוט,
"(7, 8)",הזיון,,,,,,"(29, 34)",,"[{'id': 7, 'text': 'ה', 'upos': 'DET', 'xpos': 'DET', 'feats': 'PronType=Art', 'head': 8, 'deprel': 'det:def', 'lemma': 'ה'}, {'id': 8, 'text': 'זיון', 'upos': 'NOUN', 'xpos': 'NOUN', 'feats': 'Gender=Masc|Number=Sing', 'head': 6, 'deprel': 'compound:smixut', 'lemma': 'זיון'}]"
"(9, 10)",לבטון,,,,,,"(35, 40)",,"[{'id': 9, 'text': 'ל', 'upos': 'ADP', 'xpos': 'ADP', 'head': 10, 'deprel': 'case', 'lemma': 'ל'}, {'id': 10, 'text': 'בטון', 'upos': 'NOUN', 'xpos': 'NOUN', 'head': 6, 'deprel': 'conj', 'lemma': 'בטון'}]"
11,היא,AUX,AUX,Gender=Fem|Number=Sing|Person=3|Polarity=Pos|VerbForm=Part|VerbType=Cop,12.0,cop,"(41, 44)",הוא,
12,בסיס,NOUN,NOUN,Definite=Cons|Gender=Masc|Number=Sing,0.0,root,"(45, 49)",בסיס,
"(13, 15)",קיומו,,,,,,"(50, 55)",,"[{'id': 13, 'text': 'קיום_', 'upos': 'NOUN', 'xpos': 'NOUN', 'feats': 'Definite=Def|Gender=Masc|Number=Sing', 'head': 12, 'deprel': 'compound:smixut', 'lemma': 'קיום'}, {'id': 14, 'text': '_של_', 'upos': 'ADP', 'xpos': 'ADP', 'head': 15, 'deprel': 'case:gen', 'lemma': 'של'}, {'id': 15, 'text': '_הוא', 'upos': 'PRON', 'xpos': 'PRON', 'feats': 'Case=Gen|Gender=Masc|Number=Sing|Person=3|PronType=Prs', 'head': 13, 'deprel': 'nmod:poss', 'lemma': 'הוא'}]"
16,של,ADP,ADP,Case=Gen,18.0,case:gen,"(56, 58)",של,
"(17, 18)",הבטון,,,,,,"(59, 64)",,"[{'id': 17, 'text': 'ה', 'upos': 'DET', 'xpos': 'DET', 'feats': 'PronType=Art', 'head': 18, 'deprel': 'det:def', 'lemma': 'ה'}, {'id': 18, 'text': 'בטון', 'upos': 'NOUN', 'xpos': 'NOUN', 'feats': 'Gender=Masc|Number=Sing', 'head': 13, 'deprel': 'nmod:poss', 'lemma': 'בטון'}]"
"(19, 20)",המזויין,,,,,,"(65, 72)",,"[{'id': 19, 'text': 'ה', 'upos': 'DET', 'xpos': 'DET', 'feats': 'PronType=Art', 'head': 20, 'deprel': 'det:def', 'lemma': 'ה'}, {'id': 20, 'text': 'מזויין', 'upos': 'VERB', 'xpos': 'VERB', 'feats': 'Gender=Masc|HebBinyan=PUAL|Number=Sing|Person=1,2,3|VerbForm=Part|Voice=Pass', 'head': 18, 'deprel': 'amod', 'lemma': 'זוין'}]"
1,תמסורת,NOUN,NOUN,Definite=Cons|Gender=Fem|Number=Sing,4.0,nsubj,"(1, 7)",תמסורת,
"(2, 3)",הכוחות,,,,,,"(8, 14)",,"[{'id': 2, 'text': 'ה', 'upos': 'DET', 'xpos': 'DET', 'feats': 'PronType=Art', 'head': 3, 'deprel': 'det:def', 'lemma': 'ה'}, {'id': 3, 'text': 'כוחות', 'upos': 'NOUN', 'xpos': 'NOUN', 'feats': 'Gender=Masc|Number=Plur', 'head': 1, 'deprel': 'compound:smixut', 'lemma': 'כוח'}]"
4,מתאפשרת,VERB,VERB,"Gender=Fem|HebBinyan=HITPAEL|Number=Sing|Person=1,2,3|VerbForm=Part",0.0,root,"(15, 22)",התאפשר,
5,בזכות,ADP,ADP,,7.0,case,"(23, 28)",בזכות,
"(6, 7)",הקשר,,,,,,"(29, 33)",,"[{'id': 6, 'text': 'ה', 'upos': 'DET', 'xpos': 'DET', 'feats': 'PronType=Art', 'head': 7, 'deprel': 'det:def', 'lemma': 'ה'}, {'id': 7, 'text': 'קשר', 'upos': 'NOUN', 'xpos': 'NOUN', 'feats': 'Gender=Masc|Number=Sing', 'head': 4, 'deprel': 'obl', 'lemma': 'קשר'}]"
"(8, 9)",הכימי,,,,,,"(34, 39)",,"[{'id': 8, 'text': 'ה', 'upos': 'DET', 'xpos': 'DET', 'feats': 'PronType=Art', 'head': 9, 'deprel': 'det:def', 'lemma': 'ה'}, {'id': 9, 'text': 'כימי', 'upos': 'ADJ', 'xpos': 'ADJ', 'feats': 'Gender=Masc|Number=Sing', 'head': 7, 'deprel': 'amod', 'lemma': 'כימי'}]"
"(10, 12)",והמכני,,,,,,"(40, 46)",,"[{'id': 10, 'text': 'ו', 'upos': 'CCONJ', 'xpos': 'CCONJ', 'head': 12, 'deprel': 'cc', 'lemma': 'ו'}, {'id': 11, 'text': 'ה', 'upos': 'DET', 'xpos': 'DET', 'feats': 'PronType=Art', 'head': 12, 'deprel': 'det:def', 'lemma': 'ה'}, {'id': 12, 'text': 'מכני', 'upos': 'ADJ', 'xpos': 'ADJ', 'feats': 'Gender=Masc|Number=Sing', 'head': 9, 'deprel': 'conj', 'lemma': 'מכאני'}]"
"(13, 14)",שבין,,,,,,"(47, 51)",,"[{'id': 13, 'text': 'ש', 'upos': 'SCONJ', 'xpos': 'SCONJ', 'head': 16, 'deprel': 'mark', 'lemma': 'ש'}, {'id': 14, 'text': 'בין', 'upos': 'ADP', 'xpos': 'ADP', 'head': 16, 'deprel': 'case', 'lemma': 'בין'}]"
"(15, 16)",המוט,,,,,,"(52, 56)",,"[{'id': 15, 'text': 'ה', 'upos': 'DET', 'xpos': 'DET', 'feats': 'PronType=Art', 'head': 16, 'deprel': 'det:def', 'lemma': 'ה'}, {'id': 16, 'text': 'מוט', 'upos': 'NOUN', 'xpos': 'NOUN', 'feats': 'Gender=Masc|Number=Sing', 'head': 7, 'deprel': 'acl:relcl', 'lemma': 'מוט'}]"
17,לבין,ADP,ADP,,19.0,case,"(57, 61)",לבין,
"(18, 19)",הבטון,,,,,,"(62, 67)",,"[{'id': 18, 'text': 'ה', 'upos': 'DET', 'xpos': 'DET', 'feats': 'PronType=Art', 'head': 19, 'deprel': 'det:def', 'lemma': 'ה'}, {'id': 19, 'text': 'בטון', 'upos': 'NOUN', 'xpos': 'NOUN', 'feats': 'Gender=Masc|Number=Sing', 'head': 16, 'deprel': 'conj', 'lemma': 'בטון'}]"
"(20, 21)",במנגנון,,,,,,"(68, 75)",,"[{'id': 20, 'text': 'ב', 'upos': 'ADP', 'xpos': 'ADP', 'head': 21, 'deprel': 'case', 'lemma': 'ב'}, {'id': 21, 'text': 'מנגנון', 'upos': 'NOUN', 'xpos': 'NOUN', 'feats': 'Definite=Cons|Gender=Masc|Number=Sing', 'head': 7, 'deprel': 'nmod', 'lemma': 'מנגנון'}]"
22,"""",PUNCT,PUNCT,,23.0,punct,"(76, 77)","""",
23,הידבקות,NOUN,NOUN,Gender=Fem|Number=Sing,21.0,compound:smixut,"(77, 84)",הידבקות,
24,"""",PUNCT,PUNCT,,23.0,punct,"(84, 85)","""",
25,(,PUNCT,PUNCT,,26.0,punct,"(86, 87)",(,
26,bond,NOUN,NOUN,,21.0,appos,"(87, 91)",bond,
27,),PUNCT,PUNCT,,26.0,punct,"(91, 92)",),
"(1, 2)",במוט,,,,,,"(1, 5)",,"[{'id': 1, 'text': 'ב', 'upos': 'ADP', 'xpos': 'ADP', 'head': 2, 'deprel': 'case', 'lemma': 'ב'}, {'id': 2, 'text': 'מוט', 'upos': 'NOUN', 'xpos': 'NOUN', 'feats': 'Definite=Cons|Gender=Masc|Number=Sing', 'head': 6, 'deprel': 'obl', 'lemma': 'מוט'}]"
3,מצולע,NOUN,NOUN,Gender=Masc|Number=Sing,2.0,compound:smixut,"(6, 11)",מצולע,
"(4, 5)",התמסורת,,,,,,"(12, 19)",,"[{'id': 4, 'text': 'ה', 'upos': 'DET', 'xpos': 'DET', 'feats': 'PronType=Art', 'head': 5, 'deprel': 'det:def', 'lemma': 'ה'}, {'id': 5, 'text': 'תמסורת', 'upos': 'NOUN', 'xpos': 'NOUN', 'feats': 'Gender=Fem|Number=Sing', 'head': 6, 'deprel': 'nsubj', 'lemma': 'תמסורת'}]"
6,מבוססת,VERB,VERB,"Gender=Fem|Number=Sing|Person=1,2,3|VerbForm=Part",0.0,root,"(20, 26)",מבוססת,
7,בעיקר,ADV,ADV,,6.0,advmod,"(27, 32)",בעיקר,
8,על,ADP,ADP,,9.0,case,"(33, 35)",על,
9,מנגנון,NOUN,NOUN,Gender=Masc|Number=Sing,6.0,obl,"(36, 42)",מנגנון,
10,מכני,ADJ,ADJ,Gender=Masc|Number=Sing,9.0,amod,"(43, 47)",מכאני,
"(11, 12)",בו,,,,,,"(48, 50)",,"[{'id': 11, 'text': 'ב_', 'upos': 'ADP', 'xpos': 'ADP', 'head': 12, 'deprel': 'case', 'lemma': 'ב'}, {'id': 12, 'text': '_הוא', 'upos': 'PRON', 'xpos': 'PRON', 'feats': 'Gender=Masc|Number=Sing|Person=3|PronType=Prs', 'head': 15, 'deprel': 'obl', 'lemma': 'הוא'}]"
"(13, 14)",הצלע,,,,,,"(51, 55)",,"[{'id': 13, 'text': 'ה', 'upos': 'DET', 'xpos': 'DET', 'feats': 'PronType=Art', 'head': 14, 'deprel': 'det:def', 'lemma': 'ה'}, {'id': 14, 'text': 'צלע', 'upos': 'NOUN', 'xpos': 'NOUN', 'feats': 'Gender=Fem|Number=Sing', 'head': 15, 'deprel': 'nsubj', 'lemma': 'צלע'}]"
15,מפעילה,VERB,VERB,"Gender=Fem|HebBinyan=HIFIL|Number=Sing|Person=1,2,3|VerbForm=Part|Voice=Act",9.0,acl,"(56, 62)",הפעיל,
16,כוח,NOUN,NOUN,Definite=Cons|Gender=Masc|Number=Sing,15.0,obj,"(63, 66)",כוח,
17,לחיצה,NOUN,NOUN,Gender=Fem|Number=Sing,16.0,compound:smixut,"(67, 72)",לחיצה,
18,נטוי,ADJ,ADJ,Gender=Masc|Number=Sing,17.0,amod,"(73, 77)",נטוי,
19,על,ADP,ADP,,21.0,case,"(78, 80)",על,
"(20, 21)",הבטון,,,,,,"(81, 86)",,"[{'id': 20, 'text': 'ה', 'upos': 'DET', 'xpos': 'DET', 'feats': 'PronType=Art', 'head': 21, 'deprel': 'det:def', 'lemma': 'ה'}, {'id': 21, 'text': 'בטון', 'upos': 'NOUN', 'xpos': 'NOUN', 'feats': 'Gender=Masc|Number=Sing', 'head': 16, 'deprel': 'nmod', 'lemma': 'בטון'}]"
"(22, 23)",שסביבה,,,,,,"(87, 93)",,"[{'id': 22, 'text': 'ש', 'upos': 'SCONJ', 'xpos': 'SCONJ', 'head': 23, 'deprel': 'mark', 'lemma': 'ש'}, {'id': 23, 'text': 'סביבה', 'upos': 'ADV', 'xpos': 'ADV', 'head': 21, 'deprel': 'acl:relcl', 'lemma': 'סביבה'}]"
24,",",PUNCT,PUNCT,,6.0,punct,"(93, 94)",",",
"(25, 26)",לכוח,,,,,,"(95, 99)",,"[{'id': 25, 'text': 'ל', 'upos': 'ADP', 'xpos': 'ADP', 'head': 26, 'deprel': 'case', 'lemma': 'ל'}, {'id': 26, 'text': 'כוח', 'upos': 'NOUN', 'xpos': 'NOUN', 'feats': 'Definite=Cons|Gender=Masc|Number=Sing', 'head': 29, 'deprel': 'obl', 'lemma': 'כוח'}]"
"(27, 28)",הנטוי,,,,,,"(100, 105)",,"[{'id': 27, 'text': 'ה', 'upos': 'DET', 'xpos': 'DET', 'feats': 'PronType=Art', 'head': 28, 'deprel': 'det:def', 'lemma': 'ה'}, {'id': 28, 'text': 'נטוי', 'upos': 'NOUN', 'xpos': 'NOUN', 'feats': 'Gender=Masc|Number=Sing', 'head': 26, 'deprel': 'compound:smixut', 'lemma': 'נטוי'}]"
29,יש,VERB,VERB,HebExistential=True,6.0,parataxis,"(106, 108)",יש,
30,רכיב,NOUN,NOUN,Definite=Cons|Gender=Masc|Number=Sing,29.0,nsubj,"(109, 113)",רכיב,
31,אורכי,NOUN,NOUN,Gender=Fem|Number=Plur,30.0,compound:smixut,"(114, 119)",אורך,
"(32, 33)",ורכיב,,,,,,"(120, 125)",,"[{'id': 32, 'text': 'ו', 'upos': 'CCONJ', 'xpos': 'CCONJ', 'head': 33, 'deprel': 'cc', 'lemma': 'ו'}, {'id': 33, 'text': 'רכיב', 'upos': 'NOUN', 'xpos': 'NOUN', 'feats': 'Gender=Masc|Number=Sing', 'head': 30, 'deprel': 'conj', 'lemma': 'רכיב'}]"
34,רדיאלי,ADJ,ADJ,Gender=Masc|Number=Sing,33.0,amod,"(126, 132)",רדיאלי,
"(1, 3)",מהמחקרים,,,,,,"(1, 9)",,"[{'id': 1, 'text': 'מ', 'upos': 'ADP', 'xpos': 'ADP', 'head': 3, 'deprel': 'case', 'lemma': 'מ'}, {'id': 2, 'text': 'ה', 'upos': 'DET', 'xpos': 'DET', 'feats': 'PronType=Art', 'head': 3, 'deprel': 'det:def', 'lemma': 'ה'}, {'id': 3, 'text': 'מחקרים', 'upos': 'NOUN', 'xpos': 'NOUN', 'feats': 'Gender=Masc|Number=Plur', 'head': 14, 'deprel': 'obl', 'lemma': 'מחקר'}]"
"(4, 5)",הניסויים,,,,,,"(10, 18)",,"[{'id': 4, 'text': 'ה', 'upos': 'DET', 'xpos': 'DET', 'feats': 'PronType=Art', 'head': 5, 'deprel': 'det:def', 'lemma': 'ה'}, {'id': 5, 'text': 'ניסויים', 'upos': 'ADJ', 'xpos': 'ADJ', 'feats': 'Gender=Masc|Number=Plur', 'head': 3, 'deprel': 'amod', 'lemma': 'ניסוי'}]"
"(6, 7)",והתיאורטיים,,,,,,"(19, 30)",,"[{'id': 6, 'text': 'ו', 'upos': 'CCONJ', 'xpos': 'CCONJ', 'head': 7, 'deprel': 'cc', 'lemma': 'ו'}, {'id': 7, 'text': 'התיאורטיים', 'upos': 'ADJ', 'xpos': 'ADJ', 'feats': 'Gender=Masc|Number=Plur', 'head': 5, 'deprel': 'conj', 'lemma': 'התיאורטי'}]"
"(8, 9)",הרבים,,,,,,"(31, 36)",,"[{'id': 8, 'text': 'ה', 'upos': 'DET', 'xpos': 'DET', 'feats': 'PronType=Art', 'head': 9, 'deprel': 'det:def', 'lemma': 'ה'}, {'id': 9, 'text': 'רבים', 'upos': 'ADJ', 'xpos': 'ADJ', 'feats': 'Gender=Masc|Number=Plur', 'head': 3, 'deprel': 'amod', 'lemma': 'רב'}]"
"(10, 11)",שנעשו,,,,,,"(37, 42)",,"[{'id': 10, 'text': 'ש', 'upos': 'SCONJ', 'xpos': 'SCONJ', 'head': 11, 'deprel': 'mark', 'lemma': 'ש'}, {'id': 11, 'text': 'נעשו', 'upos': 'VERB', 'xpos': 'VERB', 'feats': 'Gender=Fem,Masc|HebBinyan=NIFAL|Number=Plur|Person=3|Tense=Past|Voice=Mid', 'head': 3, 'deprel': 'acl:relcl', 'lemma': 'נעשה'}]"
12,עד,ADP,ADP,,13.0,case,"(43, 45)",עד,
13,היום,ADV,ADV,,11.0,obl,"(46, 50)",היום,
14,קיימת,ADJ,ADJ,Gender=Fem|Number=Sing,0.0,root,"(51, 56)",קיים,
15,תמונה,NOUN,NOUN,Gender=Fem|Number=Sing,14.0,nsubj,"(57, 62)",תמונה,
16,גלובלית,ADJ,ADJ,Gender=Fem|Number=Sing,15.0,amod,"(63, 70)",גלובלי,
17,איכותית,ADJ,ADJ,Gender=Fem|Number=Sing,15.0,amod,"(71, 78)",איכותי,
"(18, 19)",וכמותית,,,,,,"(79, 86)",,"[{'id': 18, 'text': 'ו', 'upos': 'CCONJ', 'xpos': 'CCONJ', 'head': 19, 'deprel': 'cc', 'lemma': 'ו'}, {'id': 19, 'text': 'כמותית', 'upos': 'ADJ', 'xpos': 'ADJ', 'feats': 'Gender=Fem|Number=Sing', 'head': 17, 'deprel': 'conj', 'lemma': 'כמותי'}]"
20,לגבי,ADP,ADP,,22.0,case,"(87, 91)",לגבי,
"(21, 22)",האינטראקציה,,,,,,"(92, 103)",,"[{'id': 21, 'text': 'ה', 'upos': 'DET', 'xpos': 'DET', 'feats': 'PronType=Art', 'head': 22, 'deprel': 'det:def', 'lemma': 'ה'}, {'id': 22, 'text': 'אינטראקציה', 'upos': 'NOUN', 'xpos': 'NOUN', 'feats': 'Gender=Fem|Number=Sing', 'head': 15, 'deprel': 'nmod', 'lemma': 'אינטראקציה'}]"
"(23, 24)",בכיוון,,,,,,"(104, 110)",,"[{'id': 23, 'text': 'ב', 'upos': 'ADP', 'xpos': 'ADP', 'head': 24, 'deprel': 'case', 'lemma': 'ב'}, {'id': 24, 'text': 'כיוון', 'upos': 'NOUN', 'xpos': 'NOUN', 'feats': 'Definite=Cons|Gender=Masc|Number=Sing', 'head': 22, 'deprel': 'nmod', 'lemma': 'כיוון'}]"
"(25, 26)",האורכי,,,,,,"(111, 117)",,"[{'id': 25, 'text': 'ה', 'upos': 'DET', 'xpos': 'DET', 'feats': 'PronType=Art', 'head': 26, 'deprel': 'det:def', 'lemma': 'ה'}, {'id': 26, 'text': 'אורכי', 'upos': 'NOUN', 'xpos': 'NOUN', 'feats': 'Gender=Masc|Number=Sing', 'head': 24, 'deprel': 'compound:smixut', 'lemma': 'אורך'}]"
"(27, 28)",בתערובות,,,,,,"(118, 126)",,"[{'id': 27, 'text': 'ב', 'upos': 'ADP', 'xpos': 'ADP', 'head': 28, 'deprel': 'case', 'lemma': 'ב'}, {'id': 28, 'text': 'תערובות', 'upos': 'NOUN', 'xpos': 'NOUN', 'feats': 'Gender=Fem|Number=Plur', 'head': 22, 'deprel': 'nmod', 'lemma': 'תערובת'}]"
"(29, 30)",בבטון,,,,,,"(127, 132)",,"[{'id': 29, 'text': 'ב', 'upos': 'ADP', 'xpos': 'ADP', 'head': 30, 'deprel': 'case', 'lemma': 'ב'}, {'id': 30, 'text': 'בטון', 'upos': 'NOUN', 'xpos': 'NOUN', 'feats': 'Gender=Masc|Number=Sing', 'head': 28, 'deprel': 'nmod', 'lemma': 'בטון'}]"
31,עם,ADP,ADP,,32.0,case,"(133, 135)",עם,
32,אגרגטים,NOUN,NOUN,Gender=Masc|Number=Plur,28.0,nmod,"(136, 143)",אגרגט,
33,טבעיים,ADJ,ADJ,Gender=Masc|Number=Plur,32.0,amod,"(144, 150)",טבעי,
"(1, 2)",הידע,,,,,,"(1, 5)",,"[{'id': 1, 'text': 'ה', 'upos': 'DET', 'xpos': 'DET', 'feats': 'PronType=Art', 'head': 2, 'deprel': 'det:def', 'lemma': 'ה'}, {'id': 2, 'text': 'ידע', 'upos': 'NOUN', 'xpos': 'NOUN', 'feats': 'Gender=Masc|Number=Sing', 'head': 5, 'deprel': 'nsubj', 'lemma': 'ידע'}]"
"(3, 4)",העדכני,,,,,,"(6, 12)",,"[{'id': 3, 'text': 'ה', 'upos': 'DET', 'xpos': 'DET', 'feats': 'PronType=Art', 'head': 4, 'deprel': 'det:def', 'lemma': 'ה'}, {'id': 4, 'text': 'עדכני', 'upos': 'ADJ', 'xpos': 'ADJ', 'feats': 'Gender=Masc|Number=Sing', 'head': 2, 'deprel': 'amod', 'lemma': 'עדכני'}]"
5,מבוסס,VERB,VERB,"Gender=Masc|Number=Sing|Person=1,2,3|VerbForm=Part",0.0,root,"(13, 18)",מבוסס,
6,על,ADP,ADP,,7.0,case,"(19, 21)",על,
7,ניסויים,NOUN,NOUN,Gender=Masc|Number=Plur,5.0,obl,"(22, 29)",ניסוי,
8,רבים,ADJ,ADJ,Gender=Masc|Number=Plur,7.0,amod,"(30, 34)",רב,
"(9, 12)",שבדקו,,,,,,"(35, 40)",,"[{'id': 9, 'text': 'ש', 'upos': 'SCONJ', 'xpos': 'SCONJ', 'head': 12, 'deprel': 'mark', 'lemma': 'ש'}, {'id': 10, 'text': 'ב', 'upos': 'ADP', 'xpos': 'ADP', 'head': 12, 'deprel': 'case', 'lemma': 'ב'}, {'id': 11, 'text': 'ה_', 'upos': 'DET', 'xpos': 'DET', 'feats': 'PronType=Art', 'head': 12, 'deprel': 'det:def', 'lemma': 'ה'}, {'id': 12, 'text': 'דקו', 'upos': 'NOUN', 'xpos': 'NOUN', 'feats': 'Gender=Fem|Number=Sing', 'head': 7, 'deprel': 'acl:relcl', 'lemma': 'דקו'}]"
13,מוט,NOUN,NOUN,Gender=Masc|Number=Sing,12.0,nsubj,"(41, 44)",מוט,
"(14, 15)",המעוגן,,,,,,"(45, 51)",,"[{'id': 14, 'text': 'ה', 'upos': 'DET', 'xpos': 'DET', 'feats': 'PronType=Art', 'head': 15, 'deprel': 'mark', 'lemma': 'ה'}, {'id': 15, 'text': 'מעוגן', 'upos': 'VERB', 'xpos': 'VERB', 'feats': 'Gender=Masc|HebBinyan=PUAL|Number=Sing|Person=1,2,3|VerbForm=Part|Voice=Pass', 'head': 13, 'deprel': 'acl:relcl', 'lemma': 'עוגן'}]"
"(16, 17)",בבטון,,,,,,"(52, 57)",,"[{'id': 16, 'text': 'ב', 'upos': 'ADP', 'xpos': 'ADP', 'head': 17, 'deprel': 'case', 'lemma': 'ב'}, {'id': 17, 'text': 'בטון', 'upos': 'NOUN', 'xpos': 'NOUN', 'feats': 'Gender=Masc|Number=Sing', 'head': 13, 'deprel': 'nmod', 'lemma': 'בטון'}]"
18,לאורך,ADP,ADP,,19.0,case,"(58, 63)",לאורך,
19,אזור,NOUN,NOUN,Definite=Cons|Gender=Masc|Number=Sing,13.0,nmod,"(64, 68)",אזור,
20,מגע,NOUN,NOUN,Gender=Masc|Number=Sing,19.0,compound:smixut,"(69, 72)",מגע,
21,מוגדר,VERB,VERB,"Gender=Masc|HebBinyan=HUFAL|Number=Sing|Person=1,2,3|VerbForm=Part|Voice=Pass",19.0,amod,"(73, 78)",הוגדר,
22,",",PUNCT,PUNCT,,12.0,punct,"(78, 79)",",",
"(23, 24)",ומדדו,,,,,,"(80, 85)",,"[{'id': 23, 'text': 'ו', 'upos': 'CCONJ', 'xpos': 'CCONJ', 'head': 24, 'deprel': 'cc', 'lemma': 'ו'}, {'id': 24, 'text': 'מדדו', 'upos': 'VERB', 'xpos': 'VERB', 'feats': 'Gender=Fem,Masc|HebBinyan=PAAL|Number=Plur|Person=3|Tense=Past|Voice=Act', 'head': 5, 'deprel': 'conj', 'lemma': 'מדד'}]"
25,את,ADP,ADP,Case=Acc,26.0,case:acc,"(86, 88)",את,
26,כוח,NOUN,NOUN,Definite=Cons|Gender=Masc|Number=Sing,24.0,obj,"(89, 92)",כוח,
"(27, 28)",השליפה,,,,,,"(93, 99)",,"[{'id': 27, 'text': 'ה', 'upos': 'DET', 'xpos': 'DET', 'feats': 'PronType=Art', 'head': 28, 'deprel': 'det:def', 'lemma': 'ה'}, {'id': 28, 'text': 'שליפה', 'upos': 'NOUN', 'xpos': 'NOUN', 'feats': 'Gender=Fem|Number=Sing', 'head': 26, 'deprel': 'compound:smixut', 'lemma': 'שליפה'}]"
"(29, 30)",ואת,,,,,,"(100, 103)",,"[{'id': 29, 'text': 'ו', 'upos': 'CCONJ', 'xpos': 'CCONJ', 'head': 32, 'deprel': 'cc', 'lemma': 'ו'}, {'id': 30, 'text': 'את', 'upos': 'ADP', 'xpos': 'ADP', 'feats': 'Case=Acc', 'head': 32, 'deprel': 'case:acc', 'lemma': 'את'}]"
"(31, 32)",התזוזה,,,,,,"(104, 110)",,"[{'id': 31, 'text': 'ה', 'upos': 'DET', 'xpos': 'DET', 'feats': 'PronType=Art', 'head': 32, 'deprel': 'det:def', 'lemma': 'ה'}, {'id': 32, 'text': 'תזוזה', 'upos': 'NOUN', 'xpos': 'NOUN', 'feats': 'Gender=Fem|Number=Sing', 'head': 26, 'deprel': 'conj', 'lemma': 'תזוזה'}]"
"(33, 34)",היחסית,,,,,,"(111, 117)",,"[{'id': 33, 'text': 'ה', 'upos': 'DET', 'xpos': 'DET', 'feats': 'PronType=Art', 'head': 34, 'deprel': 'det:def', 'lemma': 'ה'}, {'id': 34, 'text': 'יחסית', 'upos': 'ADJ', 'xpos': 'ADJ', 'feats': 'Gender=Fem|Number=Sing', 'head': 32, 'deprel': 'amod', 'lemma': 'יחסית'}]"
35,בין,ADP,ADP,,37.0,case,"(118, 121)",בין,
"(36, 37)",המוט,,,,,,"(122, 126)",,"[{'id': 36, 'text': 'ה', 'upos': 'DET', 'xpos': 'DET', 'feats': 'PronType=Art', 'head': 37, 'deprel': 'det:def', 'lemma': 'ה'}, {'id': 37, 'text': 'מוט', 'upos': 'NOUN', 'xpos': 'NOUN', 'feats': 'Gender=Masc|Number=Sing', 'head': 32, 'deprel': 'nmod', 'lemma': 'מוט'}]"
"(38, 39)",לבטון,,,,,,"(127, 132)",,"[{'id': 38, 'text': 'ל', 'upos': 'ADP', 'xpos': 'ADP', 'head': 39, 'deprel': 'case', 'lemma': 'ל'}, {'id': 39, 'text': 'בטון', 'upos': 'NOUN', 'xpos': 'NOUN', 'feats': 'Gender=Masc|Number=Sing', 'head': 37, 'deprel': 'conj', 'lemma': 'בטון'}]"
1,על,ADP,ADP,,3.0,case,"(1, 3)",על,
2,פי,NOUN,NOUN,Definite=Cons|Gender=Masc|Number=Sing,1.0,fixed,"(4, 6)",פה,
3,תוצאות,NOUN,NOUN,Definite=Cons|Gender=Fem|Number=Plur,6.0,obl,"(7, 13)",תוצאה,
"(4, 5)",הניסויים,,,,,,"(14, 22)",,"[{'id': 4, 'text': 'ה', 'upos': 'DET', 'xpos': 'DET', 'feats': 'PronType=Art', 'head': 5, 'deprel': 'det:def', 'lemma': 'ה'}, {'id': 5, 'text': 'ניסויים', 'upos': 'NOUN', 'xpos': 'NOUN', 'feats': 'Gender=Masc|Number=Plur', 'head': 3, 'deprel': 'compound:smixut', 'lemma': 'ניסוי'}]"
6,מקובל,AUX,AUX,VerbType=Mod,7.0,aux,"(23, 28)",מקובל,
7,לבטא,VERB,VERB,HebBinyan=PIEL|VerbForm=Inf|Voice=Act,0.0,root,"(29, 33)",ביטא,
8,את,ADP,ADP,Case=Acc,10.0,case:acc,"(34, 36)",את,
"(9, 10)",הקשר,,,,,,"(37, 41)",,"[{'id': 9, 'text': 'ה', 'upos': 'DET', 'xpos': 'DET', 'feats': 'PronType=Art', 'head': 10, 'deprel': 'det:def', 'lemma': 'ה'}, {'id': 10, 'text': 'קשר', 'upos': 'NOUN', 'xpos': 'NOUN', 'feats': 'Gender=Masc|Number=Sing', 'head': 7, 'deprel': 'obj', 'lemma': 'קשר'}]"
"(11, 12)",הגלובלי,,,,,,"(42, 49)",,"[{'id': 11, 'text': 'ה', 'upos': 'DET', 'xpos': 'DET', 'feats': 'PronType=Art', 'head': 12, 'deprel': 'det:def', 'lemma': 'ה'}, {'id': 12, 'text': 'גלובלי', 'upos': 'ADJ', 'xpos': 'ADJ', 'feats': 'Gender=Masc|Number=Sing', 'head': 10, 'deprel': 'amod', 'lemma': 'גלובלי'}]"
13,בין,ADP,ADP,,14.0,case,"(50, 53)",בין,
14,מאמץ,NOUN,NOUN,Definite=Cons|Gender=Masc|Number=Sing,10.0,nmod,"(54, 58)",מאמץ,
"(15, 16)",ההידבקות,,,,,,"(59, 67)",,"[{'id': 15, 'text': 'ה', 'upos': 'DET', 'xpos': 'DET', 'feats': 'PronType=Art', 'head': 16, 'deprel': 'det:def', 'lemma': 'ה'}, {'id': 16, 'text': 'הידבקות', 'upos': 'NOUN', 'xpos': 'NOUN', 'feats': 'Gender=Fem|Number=Sing', 'head': 14, 'deprel': 'compound:smixut', 'lemma': 'הידבקות'}]"
"(17, 19)",להחלקה,,,,,,"(68, 74)",,"[{'id': 17, 'text': 'להחלקה', 'upos': 'VERB', 'xpos': 'VERB', 'feats': 'HebBinyan=HIFIL|VerbForm=Inf|Voice=Act', 'head': 14, 'deprel': 'acl', 'lemma': 'נחלק'}, {'id': 18, 'text': 'את', 'upos': 'ADP', 'xpos': 'ADP', 'feats': 'Case=Acc', 'head': 19, 'deprel': 'case', 'lemma': 'את'}, {'id': 19, 'text': '_היא', 'upos': 'PRON', 'xpos': 'PRON', 'feats': 'Case=Acc|Gender=Fem|Number=Sing|Person=3|PronType=Prs', 'head': 17, 'deprel': 'obj', 'lemma': 'הוא'}]"
20,(,PUNCT,PUNCT,,21.0,punct,"(75, 76)",(,
21,bond,NOUN,NOUN,,17.0,parataxis,"(76, 80)",bond,
22,-,PUNCT,PUNCT,,21.0,punct,"(80, 81)",-,
23,slip,PROPN,PROPN,,21.0,dep,"(81, 85)",slip,
24,),PUNCT,PUNCT,,21.0,punct,"(85, 86)",),
1,חישוב,NOUN,NOUN,Definite=Cons|Gender=Masc|Number=Sing,10.0,nsubj,"(1, 6)",חישוב,
2,מאמץ,NOUN,NOUN,Definite=Cons|Gender=Masc|Number=Sing,1.0,compound:smixut,"(7, 11)",מאמץ,
"(3, 4)",ההידבקות,,,,,,"(12, 20)",,"[{'id': 3, 'text': 'ה', 'upos': 'DET', 'xpos': 'DET', 'feats': 'PronType=Art', 'head': 4, 'deprel': 'det:def', 'lemma': 'ה'}, {'id': 4, 'text': 'הידבקות', 'upos': 'NOUN', 'xpos': 'NOUN', 'feats': 'Gender=Fem|Number=Sing', 'head': 2, 'deprel': 'compound:smixut', 'lemma': 'הידבקות'}]"
"(5, 7)",מהכוח,,,,,,"(21, 26)",,"[{'id': 5, 'text': 'מ', 'upos': 'ADP', 'xpos': 'ADP', 'head': 7, 'deprel': 'case', 'lemma': 'מ'}, {'id': 6, 'text': 'ה', 'upos': 'DET', 'xpos': 'DET', 'feats': 'PronType=Art', 'head': 7, 'deprel': 'det:def', 'lemma': 'ה'}, {'id': 7, 'text': 'כוח', 'upos': 'NOUN', 'xpos': 'NOUN', 'feats': 'Gender=Masc|Number=Sing', 'head': 2, 'deprel': 'nmod', 'lemma': 'כוח'}]"
"(8, 9)",המדוד,,,,,,"(27, 32)",,"[{'id': 8, 'text': 'ה', 'upos': 'DET', 'xpos': 'DET', 'feats': 'PronType=Art', 'head': 9, 'deprel': 'det:def', 'lemma': 'ה'}, {'id': 9, 'text': 'מדוד', 'upos': 'ADJ', 'xpos': 'ADJ', 'feats': 'Gender=Masc|Number=Sing', 'head': 7, 'deprel': 'amod', 'lemma': 'מדוד'}]"
10,מבוסס,VERB,VERB,"Gender=Masc|Number=Sing|Person=1,2,3|VerbForm=Part",0.0,root,"(33, 38)",מבוסס,
11,על,ADP,ADP,,13.0,case,"(39, 41)",על,
"(12, 13)",ההנחה,,,,,,"(42, 47)",,"[{'id': 12, 'text': 'ה', 'upos': 'DET', 'xpos': 'DET', 'feats': 'PronType=Art', 'head': 13, 'deprel': 'det:def', 'lemma': 'ה'}, {'id': 13, 'text': 'הנחה', 'upos': 'NOUN', 'xpos': 'NOUN', 'feats': 'Gender=Fem|Number=Sing', 'head': 10, 'deprel': 'obl', 'lemma': 'הנחה'}]"
"(14, 15)",שמאמץ,,,,,,"(48, 53)",,"[{'id': 14, 'text': 'ש', 'upos': 'SCONJ', 'xpos': 'SCONJ', 'head': 18, 'deprel': 'mark', 'lemma': 'ש'}, {'id': 15, 'text': 'מאמץ', 'upos': 'NOUN', 'xpos': 'NOUN', 'feats': 'Definite=Cons|Gender=Masc|Number=Sing', 'head': 18, 'deprel': 'nsubj', 'lemma': 'מאמץ'}]"
"(16, 17)",ההידבקות,,,,,,"(54, 62)",,"[{'id': 16, 'text': 'ה', 'upos': 'DET', 'xpos': 'DET', 'feats': 'PronType=Art', 'head': 17, 'deprel': 'det:def', 'lemma': 'ה'}, {'id': 17, 'text': 'הידבקות', 'upos': 'NOUN', 'xpos': 'NOUN', 'feats': 'Gender=Fem|Number=Sing', 'head': 15, 'deprel': 'compound:smixut', 'lemma': 'הידבקות'}]"
18,מפורס,VERB,VERB,Gender=Masc|HebBinyan=PUAL|Number=Sing|Person=3|Tense=Past|Voice=Pass,13.0,acl:relcl,"(63, 68)",פורס,
"(19, 20)",באופן,,,,,,"(69, 74)",,"[{'id': 19, 'text': 'ב', 'upos': 'ADP', 'xpos': 'ADP', 'head': 20, 'deprel': 'case', 'lemma': 'ב'}, {'id': 20, 'text': 'אופן', 'upos': 'NOUN', 'xpos': 'NOUN', 'feats': 'Gender=Masc|Number=Sing', 'head': 18, 'deprel': 'obl', 'lemma': 'אופן'}]"
21,אחיד,ADJ,ADJ,Gender=Masc|Number=Sing,20.0,amod,"(75, 79)",אחיד,
22,על,ADP,ADP,,24.0,case,"(80, 82)",על,
23,פני,NOUN,NOUN,"Definite=Cons|Gender=Fem,Masc|Number=Plur",22.0,fixed,"(83, 86)",פנים,
24,מעטפת,NOUN,NOUN,Definite=Cons|Gender=Fem|Number=Sing,18.0,obl,"(87, 92)",מעטפה,
"(25, 26)",המוט,,,,,,"(93, 97)",,"[{'id': 25, 'text': 'ה', 'upos': 'DET', 'xpos': 'DET', 'feats': 'PronType=Art', 'head': 26, 'deprel': 'det:def', 'lemma': 'ה'}, {'id': 26, 'text': 'מוט', 'upos': 'NOUN', 'xpos': 'NOUN', 'feats': 'Gender=Masc|Number=Sing', 'head': 24, 'deprel': 'compound:smixut', 'lemma': 'מוט'}]"
"(27, 28)",המודבקת,,,,,,"(98, 105)",,"[{'id': 27, 'text': 'ה', 'upos': 'SCONJ', 'xpos': 'SCONJ', 'head': 28, 'deprel': 'mark', 'lemma': 'ה'}, {'id': 28, 'text': 'מודבקת', 'upos': 'VERB', 'xpos': 'VERB', 'feats': 'Gender=Fem|HebBinyan=HUFAL|Number=Sing|Person=1,2,3|VerbForm=Part|Voice=Pass', 'head': 24, 'deprel': 'acl:relcl', 'lemma': 'הודבק'}]"
"(29, 30)",לבטון,,,,,,"(106, 111)",,"[{'id': 29, 'text': 'ל', 'upos': 'ADP', 'xpos': 'ADP', 'head': 30, 'deprel': 'case', 'lemma': 'ל'}, {'id': 30, 'text': 'בטון', 'upos': 'NOUN', 'xpos': 'NOUN', 'feats': 'Gender=Masc|Number=Sing', 'head': 28, 'deprel': 'obl', 'lemma': 'בטון'}]"
1,מאחר,CCONJ,CCONJ,,10.0,mark,"(1, 5)",מאחר,
"(2, 4)",שהידע,,,,,,"(6, 11)",,"[{'id': 2, 'text': 'ש', 'upos': 'SCONJ', 'xpos': 'SCONJ', 'head': 1, 'deprel': 'fixed', 'lemma': 'ש'}, {'id': 3, 'text': 'ה', 'upos': 'DET', 'xpos': 'DET', 'feats': 'PronType=Art', 'head': 4, 'deprel': 'det:def', 'lemma': 'ה'}, {'id': 4, 'text': 'ידע', 'upos': 'NOUN', 'xpos': 'NOUN', 'feats': 'Gender=Masc|Number=Sing', 'head': 10, 'deprel': 'nsubj:cop', 'lemma': 'ידע'}]"
"(5, 6)",הקיים,,,,,,"(12, 17)",,"[{'id': 5, 'text': 'ה', 'upos': 'SCONJ', 'xpos': 'SCONJ', 'head': 6, 'deprel': 'mark', 'lemma': 'ה'}, {'id': 6, 'text': 'קיים', 'upos': 'ADJ', 'xpos': 'ADJ', 'feats': 'Gender=Masc|Number=Sing', 'head': 4, 'deprel': 'acl:relcl', 'lemma': 'קיים'}]"
"(7, 8)",בנושא,,,,,,"(18, 23)",,"[{'id': 7, 'text': 'ב', 'upos': 'ADP', 'xpos': 'ADP', 'head': 8, 'deprel': 'case', 'lemma': 'ב'}, {'id': 8, 'text': 'נושא', 'upos': 'NOUN', 'xpos': 'NOUN', 'feats': 'Gender=Masc|Number=Sing', 'head': 6, 'deprel': 'obl', 'lemma': 'נושא'}]"
9,הוא,AUX,AUX,Gender=Masc|Number=Sing|Person=3|Polarity=Pos|VerbForm=Part|VerbType=Cop,10.0,cop,"(24, 27)",הוא,
10,אמפירי,ADJ,ADJ,Gender=Masc|Number=Sing,30.0,advcl,"(28, 34)",אמפירי,
"(11, 14)",ביסודו,,,,,,"(35, 41)",,"[{'id': 11, 'text': 'ב', 'upos': 'ADP', 'xpos': 'ADP', 'head': 12, 'deprel': 'case', 'lemma': 'ב'}, {'id': 12, 'text': 'יסוד_', 'upos': 'NOUN', 'xpos': 'NOUN', 'feats': 'Definite=Def|Gender=Masc|Number=Sing', 'head': 10, 'deprel': 'advmod', 'lemma': 'יסוד'}, {'id': 13, 'text': '_של_', 'upos': 'ADP', 'xpos': 'ADP', 'head': 14, 'deprel': 'case:gen', 'lemma': 'של'}, {'id': 14, 'text': '_הוא', 'upos': 'PRON', 'xpos': 'PRON', 'feats': 'Case=Gen|Gender=Masc|Number=Sing|Person=3|PronType=Prs', 'head': 12, 'deprel': 'nmod:poss', 'lemma': 'הוא'}]"
15,",",PUNCT,PUNCT,,30.0,punct,"(41, 42)",",",
16,כל,DET,DET,Definite=Cons,17.0,det,"(43, 45)",כול,
17,שינוי,NOUN,NOUN,Gender=Masc|Number=Sing,30.0,nsubj,"(46, 51)",שינוי,
"(18, 19)",בתכונות,,,,,,"(52, 59)",,"[{'id': 18, 'text': 'ב', 'upos': 'ADP', 'xpos': 'ADP', 'head': 19, 'deprel': 'case', 'lemma': 'ב'}, {'id': 19, 'text': 'תכונות', 'upos': 'NOUN', 'xpos': 'NOUN', 'feats': 'Definite=Cons|Gender=Fem|Number=Plur', 'head': 17, 'deprel': 'nmod', 'lemma': 'תכונה'}]"
"(20, 21)",הבטון,,,,,,"(60, 65)",,"[{'id': 20, 'text': 'ה', 'upos': 'DET', 'xpos': 'DET', 'feats': 'PronType=Art', 'head': 21, 'deprel': 'det:def', 'lemma': 'ה'}, {'id': 21, 'text': 'בטון', 'upos': 'NOUN', 'xpos': 'NOUN', 'feats': 'Gender=Masc|Number=Sing', 'head': 19, 'deprel': 'compound:smixut', 'lemma': 'בטון'}]"
22,ו,CCONJ,CCONJ,,26.0,cc,"(66, 67)",ו,
23,/,PUNCT,PUNCT,,26.0,punct,"(67, 68)",/,
24,או,CCONJ,CCONJ,,26.0,cc,"(68, 70)",או,
"(25, 26)",בתכונות,,,,,,"(71, 78)",,"[{'id': 25, 'text': 'ב', 'upos': 'ADP', 'xpos': 'ADP', 'head': 26, 'deprel': 'case', 'lemma': 'ב'}, {'id': 26, 'text': 'תכונות', 'upos': 'NOUN', 'xpos': 'NOUN', 'feats': 'Definite=Cons|Gender=Fem|Number=Plur', 'head': 19, 'deprel': 'conj', 'lemma': 'תכונה'}]"
27,מוט,NOUN,NOUN,Definite=Cons|Gender=Masc|Number=Sing,26.0,compound:smixut,"(79, 82)",מוט,
"(28, 29)",הפלדה,,,,,,"(83, 88)",,"[{'id': 28, 'text': 'ה', 'upos': 'DET', 'xpos': 'DET', 'feats': 'PronType=Art', 'head': 29, 'deprel': 'det:def', 'lemma': 'ה'}, {'id': 29, 'text': 'פלדה', 'upos': 'NOUN', 'xpos': 'NOUN', 'feats': 'Gender=Fem|Number=Sing', 'head': 27, 'deprel': 'compound:smixut', 'lemma': 'פלדה'}]"
30,מחייב,VERB,VERB,"Gender=Masc|HebBinyan=PIEL|Number=Sing|Person=1,2,3|VerbForm=Part|Voice=Act",0.0,root,"(89, 94)",חייב,
31,חקירה,NOUN,NOUN,Gender=Fem|Number=Sing,30.0,obj,"(95, 100)",חקירה,
32,ניסויית,ADJ,ADJ,Gender=Fem|Number=Sing,31.0,amod,"(101, 108)",ניסויי,
"(33, 34)",למדידת,,,,,,"(109, 115)",,"[{'id': 33, 'text': 'ל', 'upos': 'ADP', 'xpos': 'ADP', 'head': 34, 'deprel': 'case', 'lemma': 'ל'}, {'id': 34, 'text': 'מדידת', 'upos': 'NOUN', 'xpos': 'NOUN', 'feats': 'Definite=Cons|Gender=Fem|Number=Sing', 'head': 31, 'deprel': 'nmod', 'lemma': 'מדידה'}]"
"(35, 36)",ההשפעות,,,,,,"(116, 123)",,"[{'id': 35, 'text': 'ה', 'upos': 'DET', 'xpos': 'DET', 'feats': 'PronType=Art', 'head': 36, 'deprel': 'det:def', 'lemma': 'ה'}, {'id': 36, 'text': 'השפעות', 'upos': 'NOUN', 'xpos': 'NOUN', 'feats': 'Gender=Fem|Number=Plur', 'head': 34, 'deprel': 'compound:smixut', 'lemma': 'השפעה'}]"
37,של,ADP,ADP,Case=Gen,39.0,case:gen,"(124, 126)",של,
"(38, 39)",השינויים,,,,,,"(127, 135)",,"[{'id': 38, 'text': 'ה', 'upos': 'DET', 'xpos': 'DET', 'feats': 'PronType=Art', 'head': 39, 'deprel': 'det:def', 'lemma': 'ה'}, {'id': 39, 'text': 'שינויים', 'upos': 'NOUN', 'xpos': 'NOUN', 'feats': 'Gender=Masc|Number=Plur', 'head': 36, 'deprel': 'nmod:poss', 'lemma': 'שינוי'}]"
40,על,ADP,ADP,,42.0,case,"(136, 138)",על,
"(41, 42)",ההידבקות,,,,,,"(139, 147)",,"[{'id': 41, 'text': 'ה', 'upos': 'DET', 'xpos': 'DET', 'feats': 'PronType=Art', 'head': 42, 'deprel': 'det:def', 'lemma': 'ה'}, {'id': 42, 'text': 'הידבקות', 'upos': 'NOUN', 'xpos': 'NOUN', 'feats': 'Gender=Fem|Number=Sing', 'head': 36, 'deprel': 'nmod', 'lemma': 'הידבקות'}]"
1,מחקר,NOUN,NOUN,Gender=Masc|Number=Sing,3.0,nsubj,"(1, 5)",מחקר,
2,זה,PRON,PRON,Gender=Masc|Number=Sing|Person=3|PronType=Dem,1.0,det,"(6, 8)",זה,
3,מתמקד,VERB,VERB,"Gender=Masc|HebBinyan=HITPAEL|Number=Sing|Person=1,2,3|VerbForm=Part",0.0,root,"(9, 14)",התמקד,
"(4, 6)",בבחינה,,,,,,"(15, 21)",,"[{'id': 4, 'text': 'ב', 'upos': 'ADP', 'xpos': 'ADP', 'head': 6, 'deprel': 'case', 'lemma': 'ב'}, {'id': 5, 'text': 'ה_', 'upos': 'DET', 'xpos': 'DET', 'feats': 'PronType=Art', 'head': 6, 'deprel': 'det:def', 'lemma': 'ה'}, {'id': 6, 'text': 'בחינה', 'upos': 'NOUN', 'xpos': 'NOUN', 'feats': 'Gender=Fem|Number=Sing', 'head': 3, 'deprel': 'obl', 'lemma': 'בחינה'}]"
7,של,ADP,ADP,Case=Gen,9.0,case:gen,"(22, 24)",של,
"(8, 9)",ההידבקות,,,,,,"(25, 33)",,"[{'id': 8, 'text': 'ה', 'upos': 'DET', 'xpos': 'DET', 'feats': 'PronType=Art', 'head': 9, 'deprel': 'det:def', 'lemma': 'ה'}, {'id': 9, 'text': 'הידבקות', 'upos': 'NOUN', 'xpos': 'NOUN', 'feats': 'Gender=Fem|Number=Sing', 'head': 6, 'deprel': 'nmod:poss', 'lemma': 'הידבקות'}]"
10,של,ADP,ADP,Case=Gen,11.0,case:gen,"(34, 36)",של,
11,מוט,NOUN,NOUN,Definite=Cons|Gender=Masc|Number=Sing,9.0,nmod:poss,"(37, 40)",מוט,
12,פלדה,NOUN,NOUN,Gender=Fem|Number=Sing,11.0,compound:smixut,"(41, 45)",פלדה,
"(13, 14)",המעוגן,,,,,,"(46, 52)",,"[{'id': 13, 'text': 'ה', 'upos': 'DET', 'xpos': 'DET', 'feats': 'PronType=Art', 'head': 14, 'deprel': 'mark', 'lemma': 'ה'}, {'id': 14, 'text': 'מעוגן', 'upos': 'VERB', 'xpos': 'VERB', 'feats': 'Gender=Masc|HebBinyan=PUAL|Number=Sing|Person=1,2,3|VerbForm=Part|Voice=Pass', 'head': 11, 'deprel': 'acl:relcl', 'lemma': 'עוגן'}]"
"(15, 16)",בבטון,,,,,,"(53, 58)",,"[{'id': 15, 'text': 'ב', 'upos': 'ADP', 'xpos': 'ADP', 'head': 16, 'deprel': 'case', 'lemma': 'ב'}, {'id': 16, 'text': 'בטון', 'upos': 'NOUN', 'xpos': 'NOUN', 'feats': 'Gender=Masc|Number=Sing', 'head': 14, 'deprel': 'obl', 'lemma': 'בטון'}]"
"(17, 18)",העשוי,,,,,,"(59, 64)",,"[{'id': 17, 'text': 'ה', 'upos': 'SCONJ', 'xpos': 'SCONJ', 'head': 18, 'deprel': 'mark', 'lemma': 'ה'}, {'id': 18, 'text': 'עשוי', 'upos': 'AUX', 'xpos': 'AUX', 'feats': 'Gender=Masc|Number=Sing|Person=1,2,3|VerbType=Mod', 'head': 16, 'deprel': 'acl:relcl', 'lemma': 'עשוי'}]"
19,מתערובת,VERB,VERB,HebBinyan=HITPAEL|VerbForm=Inf,18.0,obj,"(65, 72)",התערוב,
20,עם,ADP,ADP,,21.0,case,"(73, 75)",עם,
21,אגרגט,NOUN,NOUN,Gender=Masc|Number=Sing,19.0,obl,"(76, 81)",אגרגט,
22,ממוחזר,VERB,VERB,"Gender=Masc|HebBinyan=PUAL|Number=Sing|Person=1,2,3|VerbForm=Part|Voice=Pass",21.0,amod,"(82, 88)",מוחזר,
"(23, 24)",מבטון,,,,,,"(89, 94)",,"[{'id': 23, 'text': 'מ', 'upos': 'ADP', 'xpos': 'ADP', 'head': 24, 'deprel': 'case', 'lemma': 'מ'}, {'id': 24, 'text': 'בטון', 'upos': 'NOUN', 'xpos': 'NOUN', 'feats': 'Gender=Masc|Number=Sing', 'head': 22, 'deprel': 'advmod', 'lemma': 'בטון'}]"
"(25, 26)",בהשוואה,,,,,,"(95, 102)",,"[{'id': 25, 'text': 'ב', 'upos': 'ADP', 'xpos': 'ADP', 'head': 28, 'deprel': 'case', 'lemma': 'ב'}, {'id': 26, 'text': 'השוואה', 'upos': 'NOUN', 'xpos': 'NOUN', 'feats': 'Gender=Fem|Number=Sing', 'head': 25, 'deprel': 'fixed', 'lemma': 'השוואה'}]"
"(27, 28)",לעיגון,,,,,,"(103, 109)",,"[{'id': 27, 'text': 'ל', 'upos': 'ADP', 'xpos': 'ADP', 'head': 25, 'deprel': 'fixed', 'lemma': 'ל'}, {'id': 28, 'text': 'עיגון', 'upos': 'NOUN', 'xpos': 'NOUN', 'feats': 'Gender=Masc|Number=Sing', 'head': 9, 'deprel': 'nmod', 'lemma': 'עיגון'}]"
29,של,ADP,ADP,Case=Gen,31.0,case:gen,"(110, 112)",של,
30,אותו,PRON,PRON,Definite=Def|Gender=Masc|Number=Sing|Person=3|PronType=Prs,31.0,det,"(113, 117)",אותו,
31,מוט,NOUN,NOUN,Gender=Masc|Number=Sing,28.0,nmod,"(118, 121)",מוט,
"(32, 33)",בבטון,,,,,,"(122, 127)",,"[{'id': 32, 'text': 'ב', 'upos': 'ADP', 'xpos': 'ADP', 'head': 33, 'deprel': 'case', 'lemma': 'ב'}, {'id': 33, 'text': 'בטון', 'upos': 'NOUN', 'xpos': 'NOUN', 'feats': 'Gender=Masc|Number=Sing', 'head': 31, 'deprel': 'nmod', 'lemma': 'בטון'}]"
"(34, 35)",העשוי,,,,,,"(128, 133)",,"[{'id': 34, 'text': 'ה', 'upos': 'SCONJ', 'xpos': 'SCONJ', 'head': 35, 'deprel': 'mark', 'lemma': 'ה'}, {'id': 35, 'text': 'עשוי', 'upos': 'ADJ', 'xpos': 'ADJ', 'feats': 'Gender=Masc|Number=Sing', 'head': 33, 'deprel': 'acl:relcl', 'lemma': 'עשוי'}]"
36,מתערובת,VERB,VERB,"Gender=Fem|HebBinyan=HITPAEL|Number=Sing|Person=1,2,3|VerbForm=Part",35.0,dep,"(134, 141)",התערוב,
37,עם,ADP,ADP,,38.0,case,"(142, 144)",עם,
38,אגרגט,NOUN,NOUN,Gender=Masc|Number=Sing,36.0,obl,"(145, 150)",אגרגט,
39,טבעי,ADJ,ADJ,Gender=Masc|Number=Sing,38.0,amod,"(151, 155)",טבעי,
1,בחינת,NOUN,NOUN,Definite=Cons|Gender=Fem|Number=Sing,15.0,nsubj,"(1, 6)",בחינה,
"(2, 3)",ההידבקות,,,,,,"(7, 15)",,"[{'id': 2, 'text': 'ה', 'upos': 'DET', 'xpos': 'DET', 'feats': 'PronType=Art', 'head': 3, 'deprel': 'det:def', 'lemma': 'ה'}, {'id': 3, 'text': 'הידבקות', 'upos': 'NOUN', 'xpos': 'NOUN', 'feats': 'Gender=Fem|Number=Sing', 'head': 1, 'deprel': 'compound:smixut', 'lemma': 'הידבקות'}]"
4,בין,ADP,ADP,,5.0,case,"(16, 19)",בין,
5,מוט,NOUN,NOUN,Definite=Cons|Gender=Masc|Number=Sing,3.0,nmod,"(20, 23)",מוט,
"(6, 7)",הזיון,,,,,,"(24, 29)",,"[{'id': 6, 'text': 'ה', 'upos': 'DET', 'xpos': 'DET', 'feats': 'PronType=Art', 'head': 7, 'deprel': 'det:def', 'lemma': 'ה'}, {'id': 7, 'text': 'זיון', 'upos': 'NOUN', 'xpos': 'NOUN', 'feats': 'Gender=Masc|Number=Sing', 'head': 5, 'deprel': 'compound:smixut', 'lemma': 'זיון'}]"
"(8, 9)",לבטון,,,,,,"(30, 35)",,"[{'id': 8, 'text': 'ל', 'upos': 'ADP', 'xpos': 'ADP', 'head': 9, 'deprel': 'case', 'lemma': 'ל'}, {'id': 9, 'text': 'בטון', 'upos': 'NOUN', 'xpos': 'NOUN', 'feats': 'Gender=Masc|Number=Sing', 'head': 5, 'deprel': 'nmod', 'lemma': 'בטון'}]"
"(10, 11)",העשוי,,,,,,"(36, 41)",,"[{'id': 10, 'text': 'ה', 'upos': 'SCONJ', 'xpos': 'SCONJ', 'head': 11, 'deprel': 'mark', 'lemma': 'ה'}, {'id': 11, 'text': 'עשוי', 'upos': 'AUX', 'xpos': 'AUX', 'feats': 'Gender=Masc|Number=Sing|Person=1,2,3|VerbType=Mod', 'head': 9, 'deprel': 'acl:relcl', 'lemma': 'עשוי'}]"
12,מאגרגטים,NOUN,NOUN,Gender=Masc|HebSource=ConvUncertainHead|Number=Plur,11.0,dep,"(42, 50)",מאגרגט,
"(13, 14)",ממוחזרים,,,,,,"(51, 59)",,"[{'id': 13, 'text': 'מ', 'upos': 'ADP', 'xpos': 'ADP', 'head': 14, 'deprel': 'case', 'lemma': 'מ'}, {'id': 14, 'text': 'מוחזרים', 'upos': 'VERB', 'xpos': 'VERB', 'feats': 'Gender=Masc|Number=Plur', 'head': 12, 'deprel': 'obl', 'lemma': 'הוחזר'}]"
15,חשובה,AUX,AUX,"Gender=Fem|Number=Sing|Person=1,2,3|VerbType=Mod",0.0,root,"(60, 65)",חשוב,
"(16, 17)",לצורך,,,,,,"(66, 71)",,"[{'id': 16, 'text': 'ל', 'upos': 'ADP', 'xpos': 'ADP', 'head': 17, 'deprel': 'case', 'lemma': 'ל'}, {'id': 17, 'text': 'צורך', 'upos': 'NOUN', 'xpos': 'NOUN', 'feats': 'Definite=Cons|Gender=Masc|Number=Sing', 'head': 15, 'deprel': 'obl', 'lemma': 'צורך'}]"
18,קביעות,NOUN,NOUN,Gender=Fem|Number=Plur,17.0,compound:smixut,"(72, 78)",קביעות,
19,יסודיות,ADJ,ADJ,Gender=Fem|Number=Plur,18.0,amod,"(79, 86)",יסודי,
20,לגבי,ADP,ADP,,22.0,case,"(87, 91)",לגבי,
"(21, 22)",השימוש,,,,,,"(92, 98)",,"[{'id': 21, 'text': 'ה', 'upos': 'DET', 'xpos': 'DET', 'feats': 'PronType=Art', 'head': 22, 'deprel': 'det:def', 'lemma': 'ה'}, {'id': 22, 'text': 'שימוש', 'upos': 'NOUN', 'xpos': 'NOUN', 'feats': 'Gender=Masc|Number=Sing', 'head': 18, 'deprel': 'nmod', 'lemma': 'שימוש'}]"
"(23, 24)",האפשרי,,,,,,"(99, 105)",,"[{'id': 23, 'text': 'ה', 'upos': 'DET', 'xpos': 'DET', 'feats': 'PronType=Art', 'head': 24, 'deprel': 'det:def', 'lemma': 'ה'}, {'id': 24, 'text': 'אפשרי', 'upos': 'ADJ', 'xpos': 'ADJ', 'feats': 'Gender=Masc|Number=Sing', 'head': 22, 'deprel': 'amod', 'lemma': 'אפשרי'}]"
"(25, 27)",והמגבלות,,,,,,"(106, 114)",,"[{'id': 25, 'text': 'ו', 'upos': 'CCONJ', 'xpos': 'CCONJ', 'head': 27, 'deprel': 'cc', 'lemma': 'ו'}, {'id': 26, 'text': 'ה', 'upos': 'DET', 'xpos': 'DET', 'feats': 'PronType=Art', 'head': 27, 'deprel': 'det:def', 'lemma': 'ה'}, {'id': 27, 'text': 'מגבלות', 'upos': 'NOUN', 'xpos': 'NOUN', 'feats': 'Gender=Fem|Number=Plur', 'head': 18, 'deprel': 'conj', 'lemma': 'מגבלה'}]"
"(28, 29)",הנלוות,,,,,,"(115, 121)",,"[{'id': 28, 'text': 'ה', 'upos': 'SCONJ', 'xpos': 'SCONJ', 'head': 29, 'deprel': 'mark', 'lemma': 'ה'}, {'id': 29, 'text': 'נלוות', 'upos': 'VERB', 'xpos': 'VERB', 'feats': 'Gender=Fem|HebBinyan=NIFAL|Number=Plur|Person=1,2,3|VerbForm=Part|Voice=Mid', 'head': 27, 'deprel': 'acl:relcl', 'lemma': 'נלת'}]"
"(30, 31)",לשימוש,,,,,,"(122, 128)",,"[{'id': 30, 'text': 'ל', 'upos': 'ADP', 'xpos': 'ADP', 'head': 31, 'deprel': 'case', 'lemma': 'ל'}, {'id': 31, 'text': 'שימוש', 'upos': 'NOUN', 'xpos': 'NOUN', 'feats': 'Gender=Masc|Number=Sing', 'head': 29, 'deprel': 'obl', 'lemma': 'שימוש'}]"
"(32, 33)",בבטון,,,,,,"(129, 134)",,"[{'id': 32, 'text': 'ב', 'upos': 'ADP', 'xpos': 'ADP', 'head': 33, 'deprel': 'case', 'lemma': 'ב'}, {'id': 33, 'text': 'בטון', 'upos': 'NOUN', 'xpos': 'NOUN', 'feats': 'Gender=Masc|Number=Sing', 'head': 31, 'deprel': 'nmod', 'lemma': 'בטון'}]"
34,זה,PRON,PRON,Gender=Masc|Number=Sing|Person=3|PronType=Dem,33.0,det,"(135, 137)",זה,
1,מאחר,CCONJ,CCONJ,,11.0,mark,"(1, 5)",מאחר,
"(2, 3)",שדגמי,,,,,,"(6, 11)",,"[{'id': 2, 'text': 'ש', 'upos': 'SCONJ', 'xpos': 'SCONJ', 'head': 1, 'deprel': 'fixed', 'lemma': 'ש'}, {'id': 3, 'text': 'דגמי', 'upos': 'NOUN', 'xpos': 'NOUN', 'feats': 'Definite=Cons|Gender=Masc|Number=Plur', 'head': 11, 'deprel': 'nsubj', 'lemma': 'דגם'}]"
"(4, 5)",הניסוי,,,,,,"(12, 18)",,"[{'id': 4, 'text': 'ה', 'upos': 'DET', 'xpos': 'DET', 'feats': 'PronType=Art', 'head': 5, 'deprel': 'det:def', 'lemma': 'ה'}, {'id': 5, 'text': 'ניסוי', 'upos': 'NOUN', 'xpos': 'NOUN', 'feats': 'Gender=Masc|Number=Sing', 'head': 3, 'deprel': 'compound:smixut', 'lemma': 'ניסוי'}]"
"(6, 7)",לחקירת,,,,,,"(19, 25)",,"[{'id': 6, 'text': 'ל', 'upos': 'ADP', 'xpos': 'ADP', 'head': 7, 'deprel': 'case', 'lemma': 'ל'}, {'id': 7, 'text': 'חקירת', 'upos': 'NOUN', 'xpos': 'NOUN', 'feats': 'Definite=Cons|Gender=Fem|Number=Sing', 'head': 3, 'deprel': 'nmod', 'lemma': 'חקירה'}]"
8,מנגנון,NOUN,NOUN,Definite=Cons|Gender=Masc|Number=Sing,7.0,compound:smixut,"(26, 32)",מנגנון,
"(9, 10)",ההידבקות,,,,,,"(33, 41)",,"[{'id': 9, 'text': 'ה', 'upos': 'DET', 'xpos': 'DET', 'feats': 'PronType=Art', 'head': 10, 'deprel': 'det:def', 'lemma': 'ה'}, {'id': 10, 'text': 'הידבקות', 'upos': 'NOUN', 'xpos': 'NOUN', 'feats': 'Gender=Fem|Number=Sing', 'head': 8, 'deprel': 'compound:smixut', 'lemma': 'הידבקות'}]"
11,מהווים,VERB,VERB,"Gender=Masc|HebBinyan=PIEL|Number=Plur|Person=1,2,3|VerbForm=Part|Voice=Act",42.0,advcl,"(42, 48)",היווה,
12,מעין,ADV,ADV,,14.0,det,"(49, 53)",מעין,
13,"""",PUNCT,PUNCT,,14.0,punct,"(54, 55)","""",
14,קופסה,NOUN,NOUN,Gender=Fem|Number=Sing,11.0,obl,"(55, 60)",קופסה,
15,שחורה,ADJ,ADJ,Gender=Fem|Number=Sing,14.0,amod,"(61, 66)",שחור,
16,"""",PUNCT,PUNCT,,14.0,punct,"(66, 67)","""",
"(17, 18)",שאינה,,,,,,"(68, 73)",,"[{'id': 17, 'text': 'ש', 'upos': 'SCONJ', 'xpos': 'SCONJ', 'head': 19, 'deprel': 'mark', 'lemma': 'ש'}, {'id': 18, 'text': 'אינה', 'upos': 'AUX', 'xpos': 'AUX', 'feats': 'Gender=Fem|Number=Sing|Person=3|Polarity=Neg|VerbForm=Part|VerbType=Cop', 'head': 19, 'deprel': 'advmod', 'lemma': 'אינו'}]"
19,מאפשרת,AUX,AUX,Gender=Fem|Number=Sing|VerbForm=Part|VerbType=Mod,20.0,aux,"(74, 80)",מאפשרת,
20,לחקור,VERB,VERB,HebBinyan=PAAL|VerbForm=Inf|Voice=Act,14.0,acl:relcl,"(81, 86)",חקר,
21,את,ADP,ADP,Case=Acc,23.0,case:acc,"(87, 89)",את,
"(22, 23)",המנגנון,,,,,,"(90, 97)",,"[{'id': 22, 'text': 'ה', 'upos': 'DET', 'xpos': 'DET', 'feats': 'PronType=Art', 'head': 23, 'deprel': 'det:def', 'lemma': 'ה'}, {'id': 23, 'text': 'מנגנון', 'upos': 'NOUN', 'xpos': 'NOUN', 'feats': 'Gender=Masc|Number=Sing', 'head': 20, 'deprel': 'obj', 'lemma': 'מנגנון'}]"
"(24, 25)",הפנימי,,,,,,"(98, 104)",,"[{'id': 24, 'text': 'ה', 'upos': 'DET', 'xpos': 'DET', 'feats': 'PronType=Art', 'head': 25, 'deprel': 'det:def', 'lemma': 'ה'}, {'id': 25, 'text': 'פנימי', 'upos': 'ADJ', 'xpos': 'ADJ', 'feats': 'Gender=Masc|Number=Sing', 'head': 23, 'deprel': 'amod', 'lemma': 'פנימי'}]"
"(26, 27)",המתפתח,,,,,,"(105, 111)",,"[{'id': 26, 'text': 'ה', 'upos': 'SCONJ', 'xpos': 'SCONJ', 'head': 27, 'deprel': 'mark', 'lemma': 'ה'}, {'id': 27, 'text': 'מתפתח', 'upos': 'VERB', 'xpos': 'VERB', 'feats': 'Gender=Masc|HebBinyan=HITPAEL|Number=Sing|Person=1,2,3|VerbForm=Part', 'head': 23, 'deprel': 'acl:relcl', 'lemma': 'התפתח'}]"
"(28, 30)",בפן,,,,,,"(112, 115)",,"[{'id': 28, 'text': 'ב', 'upos': 'ADP', 'xpos': 'ADP', 'head': 30, 'deprel': 'case', 'lemma': 'ב'}, {'id': 29, 'text': 'ה_', 'upos': 'DET', 'xpos': 'DET', 'feats': 'PronType=Art', 'head': 30, 'deprel': 'det:def', 'lemma': 'ה'}, {'id': 30, 'text': 'פן', 'upos': 'NOUN', 'xpos': 'NOUN', 'feats': 'Gender=Masc|Number=Sing', 'head': 27, 'deprel': 'obl', 'lemma': 'פן'}]"
"(31, 32)",הביניים,,,,,,"(116, 123)",,"[{'id': 31, 'text': 'ה', 'upos': 'DET', 'xpos': 'DET', 'feats': 'PronType=Art', 'head': 32, 'deprel': 'det:def', 'lemma': 'ה'}, {'id': 32, 'text': 'ביניים', 'upos': 'ADJ', 'xpos': 'ADJ', 'feats': 'Gender=Masc|Number=Sing', 'head': 30, 'deprel': 'amod', 'lemma': 'ביניים'}]"
"(33, 34)",שבין,,,,,,"(124, 128)",,"[{'id': 33, 'text': 'ש', 'upos': 'SCONJ', 'xpos': 'SCONJ', 'head': 35, 'deprel': 'mark', 'lemma': 'ש'}, {'id': 34, 'text': 'בין', 'upos': 'ADP', 'xpos': 'ADP', 'head': 35, 'deprel': 'case', 'lemma': 'בין'}]"
35,מוט,NOUN,NOUN,Definite=Cons|Gender=Masc|Number=Sing,30.0,acl:relcl,"(129, 132)",מוט,
"(36, 37)",הפלדה,,,,,,"(133, 138)",,"[{'id': 36, 'text': 'ה', 'upos': 'DET', 'xpos': 'DET', 'feats': 'PronType=Art', 'head': 37, 'deprel': 'det:def', 'lemma': 'ה'}, {'id': 37, 'text': 'פלדה', 'upos': 'NOUN', 'xpos': 'NOUN', 'feats': 'Gender=Fem|Number=Sing', 'head': 35, 'deprel': 'compound:smixut', 'lemma': 'פלדה'}]"
38,לבין,ADP,ADP,,40.0,case,"(139, 143)",לבין,
"(39, 40)",הבטון,,,,,,"(144, 149)",,"[{'id': 39, 'text': 'ה', 'upos': 'DET', 'xpos': 'DET', 'feats': 'PronType=Art', 'head': 40, 'deprel': 'det:def', 'lemma': 'ה'}, {'id': 40, 'text': 'בטון', 'upos': 'NOUN', 'xpos': 'NOUN', 'feats': 'Gender=Masc|Number=Sing', 'head': 35, 'deprel': 'conj', 'lemma': 'בטון'}]"
41,",",PUNCT,PUNCT,,42.0,punct,"(149, 150)",",",
42,מקובל,AUX,AUX,VerbType=Mod,43.0,aux,"(151, 156)",מקובל,
43,לבדוק,VERB,VERB,HebBinyan=PAAL|VerbForm=Inf|Voice=Act,0.0,root,"(157, 162)",בדק,
"(44, 45)",בניסויים,,,,,,"(163, 171)",,"[{'id': 44, 'text': 'ב', 'upos': 'ADP', 'xpos': 'ADP', 'head': 45, 'deprel': 'case', 'lemma': 'ב'}, {'id': 45, 'text': 'ניסויים', 'upos': 'NOUN', 'xpos': 'NOUN', 'feats': 'Gender=Masc|Number=Plur', 'head': 43, 'deprel': 'obl', 'lemma': 'ניסוי'}]"
46,רק,ADV,ADV,,49.0,det,"(172, 174)",רק,
47,את,ADP,ADP,Case=Acc,49.0,case:acc,"(175, 177)",את,
"(48, 49)",ההתנהגות,,,,,,"(178, 186)",,"[{'id': 48, 'text': 'ה', 'upos': 'DET', 'xpos': 'DET', 'feats': 'PronType=Art', 'head': 49, 'deprel': 'det:def', 'lemma': 'ה'}, {'id': 49, 'text': 'התנהגות', 'upos': 'NOUN', 'xpos': 'NOUN', 'feats': 'Gender=Fem|Number=Sing', 'head': 43, 'deprel': 'obj', 'lemma': 'התנהגות'}]"
"(50, 51)",הגלובלית,,,,,,"(187, 195)",,"[{'id': 50, 'text': 'ה', 'upos': 'DET', 'xpos': 'DET', 'feats': 'PronType=Art', 'head': 51, 'deprel': 'det:def', 'lemma': 'ה'}, {'id': 51, 'text': 'גלובלית', 'upos': 'ADJ', 'xpos': 'ADJ', 'feats': 'Gender=Fem|Number=Sing', 'head': 49, 'deprel': 'amod', 'lemma': 'גלובלי'}]"
"(52, 53)",בכיוון,,,,,,"(196, 202)",,"[{'id': 52, 'text': 'ב', 'upos': 'ADP', 'xpos': 'ADP', 'head': 53, 'deprel': 'case', 'lemma': 'ב'}, {'id': 53, 'text': 'כיוון', 'upos': 'NOUN', 'xpos': 'NOUN', 'feats': 'Definite=Cons|Gender=Masc|Number=Sing', 'head': 49, 'deprel': 'nmod', 'lemma': 'כיוון'}]"
"(54, 55)",האורכי,,,,,,"(203, 209)",,"[{'id': 54, 'text': 'ה', 'upos': 'DET', 'xpos': 'DET', 'feats': 'PronType=Art', 'head': 55, 'deprel': 'det:def', 'lemma': 'ה'}, {'id': 55, 'text': 'אורכי', 'upos': 'NOUN', 'xpos': 'NOUN', 'feats': 'Gender=Masc|Number=Sing', 'head': 53, 'deprel': 'compound:smixut', 'lemma': 'אורך'}]"
56,",",PUNCT,PUNCT,,49.0,punct,"(209, 210)",",",
57,כלומר,CCONJ,CCONJ,,60.0,det,"(211, 216)",כלומר,
58,את,ADP,ADP,Case=Acc,60.0,case:acc,"(217, 219)",את,
"(59, 60)",הקשר,,,,,,"(220, 224)",,"[{'id': 59, 'text': 'ה', 'upos': 'DET', 'xpos': 'DET', 'feats': 'PronType=Art', 'head': 60, 'deprel': 'det:def', 'lemma': 'ה'}, {'id': 60, 'text': 'קשר', 'upos': 'NOUN', 'xpos': 'NOUN', 'feats': 'Gender=Masc|HebSource=ConvUncertainHead|Number=Sing', 'head': 49, 'deprel': 'conj', 'lemma': 'קשר'}]"
"(61, 62)",שבין,,,,,,"(225, 229)",,"[{'id': 61, 'text': 'ש', 'upos': 'SCONJ', 'xpos': 'SCONJ', 'head': 63, 'deprel': 'mark', 'lemma': 'ש'}, {'id': 62, 'text': 'בין', 'upos': 'ADP', 'xpos': 'ADP', 'head': 63, 'deprel': 'case', 'lemma': 'בין'}]"
63,גודל,NOUN,NOUN,Definite=Cons|Gender=Masc|Number=Sing,60.0,acl:relcl,"(230, 234)",גודל,
64,כוח,NOUN,NOUN,Definite=Cons|Gender=Masc|Number=Sing,63.0,compound:smixut,"(235, 238)",כוח,
"(65, 66)",השליפה,,,,,,"(239, 245)",,"[{'id': 65, 'text': 'ה', 'upos': 'DET', 'xpos': 'DET', 'feats': 'PronType=Art', 'head': 66, 'deprel': 'det:def', 'lemma': 'ה'}, {'id': 66, 'text': 'שליפה', 'upos': 'NOUN', 'xpos': 'NOUN', 'feats': 'Gender=Fem|Number=Sing', 'head': 64, 'deprel': 'compound:smixut', 'lemma': 'שליפה'}]"
67,לבין,ADP,ADP,,68.0,case,"(246, 250)",לבין,
68,מידת,NOUN,NOUN,Definite=Cons|Gender=Fem|Number=Sing,63.0,conj,"(251, 255)",מידה,
"(69, 70)",החלקה,,,,,,"(256, 261)",,"[{'id': 69, 'text': 'ה', 'upos': 'DET', 'xpos': 'DET', 'feats': 'PronType=Art', 'head': 70, 'deprel': 'det:def', 'lemma': 'ה'}, {'id': 70, 'text': 'חלקה', 'upos': 'NOUN', 'xpos': 'NOUN', 'feats': 'Gender=Fem|Number=Sing', 'head': 68, 'deprel': 'compound:smixut', 'lemma': 'חלקה'}]"
"(71, 72)",הנלווית,,,,,,"(262, 269)",,"[{'id': 71, 'text': 'ה', 'upos': 'SCONJ', 'xpos': 'SCONJ', 'head': 72, 'deprel': 'mark', 'lemma': 'ה'}, {'id': 72, 'text': 'נלווית', 'upos': 'VERB', 'xpos': 'VERB', 'feats': 'Gender=Fem|HebBinyan=NIFAL|Number=Sing|Person=1,2,3|VerbForm=Part|Voice=Mid', 'head': 68, 'deprel': 'acl:relcl', 'lemma': 'נלווה'}]"
"(73, 74)",לכך,,,,,,"(270, 273)",,"[{'id': 73, 'text': 'ל', 'upos': 'ADP', 'xpos': 'ADP', 'head': 74, 'deprel': 'case', 'lemma': 'ל'}, {'id': 74, 'text': 'כך', 'upos': 'PRON', 'xpos': 'PRON', 'feats': 'Person=3|PronType=Dem', 'head': 72, 'deprel': 'obl', 'lemma': 'כך'}]"
75,בין,ADP,ADP,,77.0,case,"(274, 277)",בין,
"(76, 77)",המוט,,,,,,"(278, 282)",,"[{'id': 76, 'text': 'ה', 'upos': 'DET', 'xpos': 'DET', 'feats': 'PronType=Art', 'head': 77, 'deprel': 'det:def', 'lemma': 'ה'}, {'id': 77, 'text': 'מוט', 'upos': 'NOUN', 'xpos': 'NOUN', 'feats': 'Gender=Masc|Number=Sing', 'head': 30, 'deprel': 'nmod', 'lemma': 'מוט'}]"
78,לבין,ADP,ADP,,80.0,case,"(283, 287)",לבין,
"(79, 80)",הבטון,,,,,,"(288, 293)",,"[{'id': 79, 'text': 'ה', 'upos': 'DET', 'xpos': 'DET', 'feats': 'PronType=Art', 'head': 80, 'deprel': 'det:def', 'lemma': 'ה'}, {'id': 80, 'text': 'בטון', 'upos': 'NOUN', 'xpos': 'NOUN', 'feats': 'Gender=Masc|Number=Sing', 'head': 77, 'deprel': 'conj', 'lemma': 'בטון'}]"
81,",",PUNCT,PUNCT,,49.0,punct,"(293, 294)",",",
"(82, 84)",ובהתאם,,,,,,"(295, 301)",,"[{'id': 82, 'text': 'ו', 'upos': 'CCONJ', 'xpos': 'CCONJ', 'head': 105, 'deprel': 'cc', 'lemma': 'ו'}, {'id': 83, 'text': 'ב', 'upos': 'ADP', 'xpos': 'ADP', 'head': 86, 'deprel': 'case', 'lemma': 'ב'}, {'id': 84, 'text': 'התאם', 'upos': 'NOUN', 'xpos': 'NOUN', 'feats': 'Gender=Masc|Number=Sing', 'head': 83, 'deprel': 'fixed', 'lemma': 'התאם'}]"
"(85, 86)",לכך,,,,,,"(302, 305)",,"[{'id': 85, 'text': 'ל', 'upos': 'ADP', 'xpos': 'ADP', 'head': 83, 'deprel': 'fixed', 'lemma': 'ל'}, {'id': 86, 'text': 'כך', 'upos': 'PRON', 'xpos': 'PRON', 'feats': 'Person=3|PronType=Dem', 'head': 105, 'deprel': 'obl', 'lemma': 'כך'}]"
87,קשרים,NOUN,NOUN,Gender=Masc|Number=Plur,105.0,nsubj,"(306, 311)",קשר,
"(88, 90)",כאלה,,,,,,"(312, 316)",,"[{'id': 88, 'text': 'כ', 'upos': 'ADP', 'xpos': 'ADP', 'head': 90, 'deprel': 'case', 'lemma': 'כ'}, {'id': 89, 'text': 'ה_', 'upos': 'DET', 'xpos': 'DET', 'feats': 'PronType=Art', 'head': 90, 'deprel': 'det:def', 'lemma': 'ה'}, {'id': 90, 'text': 'אלה', 'upos': 'PRON', 'xpos': 'PRON', 'feats': 'Gender=Masc|Number=Plur|Person=3|PronType=Dem', 'head': 87, 'deprel': 'nmod', 'lemma': 'אלה'}]"
"(91, 92)",המופיעים,,,,,,"(317, 325)",,"[{'id': 91, 'text': 'ה', 'upos': 'SCONJ', 'xpos': 'SCONJ', 'head': 92, 'deprel': 'mark', 'lemma': 'ה'}, {'id': 92, 'text': 'מופיעים', 'upos': 'VERB', 'xpos': 'VERB', 'feats': 'Gender=Masc|HebBinyan=HIFIL|Number=Plur|Person=1,2,3|VerbForm=Part|Voice=Act', 'head': 87, 'deprel': 'acl:relcl', 'lemma': 'הופיע'}]"
"(93, 94)",בתקני,,,,,,"(326, 331)",,"[{'id': 93, 'text': 'ב', 'upos': 'ADP', 'xpos': 'ADP', 'head': 94, 'deprel': 'case', 'lemma': 'ב'}, {'id': 94, 'text': 'תקני', 'upos': 'NOUN', 'xpos': 'NOUN', 'feats': 'Definite=Cons|Gender=Masc|Number=Plur', 'head': 92, 'deprel': 'obl', 'lemma': 'תקן'}]"
"(95, 96)",התכן,,,,,,"(332, 336)",,"[{'id': 95, 'text': 'ה', 'upos': 'DET', 'xpos': 'DET', 'feats': 'PronType=Art', 'head': 96, 'deprel': 'det:def', 'lemma': 'ה'}, {'id': 96, 'text': 'תכן', 'upos': 'NOUN', 'xpos': 'NOUN', 'feats': 'Gender=Masc|Number=Sing', 'head': 94, 'deprel': 'compound:smixut', 'lemma': 'תכן'}]"
"(97, 98)",ומתייחסים,,,,,,"(337, 346)",,"[{'id': 97, 'text': 'ו', 'upos': 'CCONJ', 'xpos': 'CCONJ', 'head': 98, 'deprel': 'cc', 'lemma': 'ו'}, {'id': 98, 'text': 'מתייחסים', 'upos': 'VERB', 'xpos': 'VERB', 'feats': 'Gender=Masc|HebBinyan=HITPAEL|Number=Plur|Person=1,2,3|VerbForm=Part', 'head': 92, 'deprel': 'conj', 'lemma': 'התייחס'}]"
"(99, 100)",לבטון,,,,,,"(347, 352)",,"[{'id': 99, 'text': 'ל', 'upos': 'ADP', 'xpos': 'ADP', 'head': 100, 'deprel': 'case', 'lemma': 'ל'}, {'id': 100, 'text': 'בטון', 'upos': 'NOUN', 'xpos': 'NOUN', 'feats': 'Gender=Masc|Number=Sing', 'head': 98, 'deprel': 'obl', 'lemma': 'בטון'}]"
"(101, 102)",העשוי,,,,,,"(353, 358)",,"[{'id': 101, 'text': 'ה', 'upos': 'SCONJ', 'xpos': 'SCONJ', 'head': 102, 'deprel': 'mark', 'lemma': 'ה'}, {'id': 102, 'text': 'עשוי', 'upos': 'AUX', 'xpos': 'AUX', 'feats': 'Gender=Masc|Number=Sing|Person=1,2,3|VerbType=Mod', 'head': 100, 'deprel': 'acl:relcl', 'lemma': 'עשוי'}]"
103,מאגרגט,NOUN,NOUN,Gender=Masc|Number=Sing,102.0,obj,"(359, 365)",מאגרגט,
104,טבעי,ADJ,ADJ,Gender=Masc|Number=Sing,103.0,amod,"(366, 370)",טבעי,
105,מכוילים,VERB,VERB,"Gender=Masc|HebBinyan=PUAL|Number=Plur|Person=1,2,3|VerbForm=Part|Voice=Pass",43.0,obl,"(371, 378)",כויל,
106,על,ADP,ADP,,107.0,case,"(379, 381)",על,
107,בסיס,NOUN,NOUN,Definite=Cons|Gender=Masc|Number=Sing,105.0,obl,"(382, 386)",בסיס,
108,ניסויים,NOUN,NOUN,Gender=Masc|Number=Plur,107.0,compound:smixut,"(387, 394)",ניסוי,
1,כל,DET,DET,Definite=Cons,2.0,det,"(1, 3)",כול,
2,שינוי,NOUN,NOUN,Gender=Masc|Number=Sing,21.0,nsubj,"(4, 9)",שינוי,
"(3, 4)",במרכיבי,,,,,,"(10, 17)",,"[{'id': 3, 'text': 'ב', 'upos': 'ADP', 'xpos': 'ADP', 'head': 4, 'deprel': 'case', 'lemma': 'ב'}, {'id': 4, 'text': 'מרכיבי', 'upos': 'NOUN', 'xpos': 'NOUN', 'feats': 'Definite=Cons|Gender=Masc|Number=Plur', 'head': 2, 'deprel': 'nmod', 'lemma': 'מרכיב'}]"
"(5, 6)",הבטון,,,,,,"(18, 23)",,"[{'id': 5, 'text': 'ה', 'upos': 'DET', 'xpos': 'DET', 'feats': 'PronType=Art', 'head': 6, 'deprel': 'det:def', 'lemma': 'ה'}, {'id': 6, 'text': 'בטון', 'upos': 'NOUN', 'xpos': 'NOUN', 'feats': 'Gender=Masc|Number=Sing', 'head': 4, 'deprel': 'compound:smixut', 'lemma': 'בטון'}]"
7,כגון,ADP,ADP,,8.0,case,"(24, 28)",כגון,
8,הוספת,NOUN,NOUN,Definite=Cons|Gender=Fem|Number=Sing,2.0,nmod,"(29, 34)",הוספה,
9,מוספים,NOUN,NOUN,Gender=Masc|Number=Plur,8.0,compound:smixut,"(35, 41)",מוסף,
10,או,CCONJ,CCONJ,,11.0,cc,"(42, 44)",או,
11,שינוי,NOUN,NOUN,Gender=Masc|Number=Sing,8.0,conj,"(45, 50)",שינוי,
"(12, 13)",בסוג,,,,,,"(51, 55)",,"[{'id': 12, 'text': 'ב', 'upos': 'ADP', 'xpos': 'ADP', 'head': 13, 'deprel': 'case', 'lemma': 'ב'}, {'id': 13, 'text': 'סוג', 'upos': 'NOUN', 'xpos': 'NOUN', 'feats': 'Definite=Cons|Gender=Masc|Number=Sing', 'head': 11, 'deprel': 'nmod', 'lemma': 'סוג'}]"
"(14, 15)",הצמנט,,,,,,"(56, 61)",,"[{'id': 14, 'text': 'ה', 'upos': 'DET', 'xpos': 'DET', 'feats': 'PronType=Art', 'head': 15, 'deprel': 'det:def', 'lemma': 'ה'}, {'id': 15, 'text': 'צמנט', 'upos': 'NOUN', 'xpos': 'NOUN', 'feats': 'Gender=Masc|Number=Sing', 'head': 13, 'deprel': 'compound:smixut', 'lemma': 'צמנט'}]"
16,או,CCONJ,CCONJ,,18.0,cc,"(62, 64)",או,
"(17, 18)",בנתוני,,,,,,"(65, 71)",,"[{'id': 17, 'text': 'ב', 'upos': 'ADP', 'xpos': 'ADP', 'head': 18, 'deprel': 'case', 'lemma': 'ב'}, {'id': 18, 'text': 'נתוני', 'upos': 'NOUN', 'xpos': 'NOUN', 'feats': 'Definite=Cons|Gender=Masc|Number=Plur', 'head': 8, 'deprel': 'conj', 'lemma': 'נתון'}]"
"(19, 20)",האגרגט,,,,,,"(72, 78)",,"[{'id': 19, 'text': 'ה', 'upos': 'DET', 'xpos': 'DET', 'feats': 'PronType=Art', 'head': 20, 'deprel': 'det:def', 'lemma': 'ה'}, {'id': 20, 'text': 'אגרגט', 'upos': 'NOUN', 'xpos': 'NOUN', 'feats': 'Gender=Masc|Number=Sing', 'head': 18, 'deprel': 'compound:smixut', 'lemma': 'אגרגט'}]"
21,מחייב,VERB,VERB,"Gender=Masc|HebBinyan=PIEL|Number=Sing|Person=1,2,3|VerbForm=Part|Voice=Act",0.0,root,"(79, 84)",חייב,
22,ביצוע,NOUN,NOUN,Gender=Masc|Number=Sing,21.0,obj,"(85, 90)",ביצוע,
23,של,ADP,ADP,Case=Gen,24.0,case:gen,"(91, 93)",של,
24,סדרות,NOUN,NOUN,Definite=Cons|Gender=Fem|Number=Plur,22.0,nmod:poss,"(94, 99)",סדרה,
25,ניסויים,NOUN,NOUN,Gender=Masc|Number=Plur,24.0,compound:smixut,"(100, 107)",ניסוי,
"(26, 27)",שעל,,,,,,"(108, 111)",,"[{'id': 26, 'text': 'ש', 'upos': 'SCONJ', 'xpos': 'SCONJ', 'head': 31, 'deprel': 'mark', 'lemma': 'ש'}, {'id': 27, 'text': 'על', 'upos': 'ADP', 'xpos': 'ADP', 'head': 28, 'deprel': 'case', 'lemma': 'על'}]"
"(28, 30)",פיהם,,,,,,"(112, 116)",,"[{'id': 28, 'text': 'פה_', 'upos': 'NOUN', 'xpos': 'NOUN', 'feats': 'Definite=Def|Gender=Masc|Number=Sing', 'head': 31, 'deprel': 'obl', 'lemma': 'פה'}, {'id': 29, 'text': '_של_', 'upos': 'ADP', 'xpos': 'ADP', 'head': 30, 'deprel': 'case:gen', 'lemma': 'של'}, {'id': 30, 'text': '_הם', 'upos': 'PRON', 'xpos': 'PRON', 'feats': 'Case=Gen|Gender=Masc|Number=Plur|Person=3|PronType=Prs', 'head': 28, 'deprel': 'nmod:poss', 'lemma': 'הוא'}]"
31,נבחנת,VERB,VERB,"Gender=Fem|HebBinyan=NIFAL|Number=Sing|Person=1,2,3|VerbForm=Part|Voice=Mid",24.0,acl:relcl,"(117, 122)",נבחן,
"(32, 33)",התערובת,,,,,,"(123, 130)",,"[{'id': 32, 'text': 'ה', 'upos': 'DET', 'xpos': 'DET', 'feats': 'PronType=Art', 'head': 33, 'deprel': 'det:def', 'lemma': 'ה'}, {'id': 33, 'text': 'תערובת', 'upos': 'NOUN', 'xpos': 'NOUN', 'feats': 'Gender=Fem|Number=Sing', 'head': 31, 'deprel': 'nsubj', 'lemma': 'תערובת'}]"
34,על,ADP,ADP,,35.0,case,"(131, 133)",על,
"(35, 37)",מרכיביה,,,,,,"(134, 141)",,"[{'id': 35, 'text': 'מרכיב_', 'upos': 'NOUN', 'xpos': 'NOUN', 'feats': 'Definite=Def|Gender=Masc|Number=Plur', 'head': 31, 'deprel': 'obl', 'lemma': 'מרכיב'}, {'id': 36, 'text': '_של_', 'upos': 'ADP', 'xpos': 'ADP', 'head': 37, 'deprel': 'case:gen', 'lemma': 'של'}, {'id': 37, 'text': '_היא', 'upos': 'PRON', 'xpos': 'PRON', 'feats': 'Case=Gen|Gender=Fem|Number=Sing|Person=3|PronType=Prs', 'head': 35, 'deprel': 'nmod:poss', 'lemma': 'הוא'}]"
"(38, 39)",ומכוילים,,,,,,"(142, 150)",,"[{'id': 38, 'text': 'ו', 'upos': 'CCONJ', 'xpos': 'CCONJ', 'head': 39, 'deprel': 'cc', 'lemma': 'ו'}, {'id': 39, 'text': 'מכוילים', 'upos': 'VERB', 'xpos': 'VERB', 'feats': 'Gender=Masc|HebBinyan=PIEL|Number=Plur|Person=1,2,3|VerbForm=Part|Voice=Act', 'head': 31, 'deprel': 'conj', 'lemma': 'כויל'}]"
40,ערכי,NOUN,NOUN,Definite=Cons|Gender=Masc|Number=Plur,39.0,obj,"(151, 155)",ערך,
"(41, 42)",התכן,,,,,,"(156, 160)",,"[{'id': 41, 'text': 'ה', 'upos': 'DET', 'xpos': 'DET', 'feats': 'PronType=Art', 'head': 42, 'deprel': 'det:def', 'lemma': 'ה'}, {'id': 42, 'text': 'תכן', 'upos': 'NOUN', 'xpos': 'NOUN', 'feats': 'Gender=Masc|Number=Sing', 'head': 40, 'deprel': 'compound:smixut', 'lemma': 'תכן'}]"
1,שלב,NOUN,NOUN,Gender=Masc|Number=Sing,6.0,nsubj,"(1, 4)",שלב,
2,זה,PRON,PRON,Gender=Masc|Number=Sing|Person=3|PronType=Dem,1.0,det,"(5, 7)",זה,
3,של,ADP,ADP,Case=Gen,5.0,case:gen,"(8, 10)",של,
"(4, 5)",המחקר,,,,,,"(11, 16)",,"[{'id': 4, 'text': 'ה', 'upos': 'DET', 'xpos': 'DET', 'feats': 'PronType=Art', 'head': 5, 'deprel': 'det:def', 'lemma': 'ה'}, {'id': 5, 'text': 'מחקר', 'upos': 'NOUN', 'xpos': 'NOUN', 'feats': 'Gender=Masc|Number=Sing', 'head': 1, 'deprel': 'nmod', 'lemma': 'מחקר'}]"
6,כלל,VERB,VERB,Gender=Masc|HebBinyan=PAAL|Number=Sing|Person=3|Tense=Past|Voice=Act,0.0,root,"(17, 20)",כלל,
7,שני,NUM,NUM,Definite=Cons|Gender=Masc|Number=Plur,8.0,nummod,"(21, 24)",שני,
8,שלבים,NOUN,NOUN,Gender=Masc|Number=Plur,6.0,obj,"(25, 30)",שלב,
9,:,PUNCT,PUNCT,,6.0,punct,"(30, 31)",:,
"(10, 11)",בשלב,,,,,,"(32, 36)",,"[{'id': 10, 'text': 'ב', 'upos': 'ADP', 'xpos': 'ADP', 'head': 11, 'deprel': 'case', 'lemma': 'ב'}, {'id': 11, 'text': 'שלב', 'upos': 'NOUN', 'xpos': 'NOUN', 'feats': 'Gender=Masc|Number=Sing', 'head': 14, 'deprel': 'obl', 'lemma': 'שלב'}]"
"(12, 13)",הראשון,,,,,,"(37, 43)",,"[{'id': 12, 'text': 'ה', 'upos': 'DET', 'xpos': 'DET', 'feats': 'PronType=Art', 'head': 13, 'deprel': 'det:def', 'lemma': 'ה'}, {'id': 13, 'text': 'ראשון', 'upos': 'ADJ', 'xpos': 'ADJ', 'feats': 'Gender=Masc|Number=Sing', 'head': 11, 'deprel': 'amod', 'lemma': 'ראשון'}]"
14,פותחו,VERB,VERB,"Gender=Fem,Masc|HebBinyan=NIFAL|Number=Plur|Person=3|Tense=Past|Voice=Mid",6.0,conj,"(44, 49)",פתח,
15,תערובות,NOUN,NOUN,Definite=Cons|Gender=Fem|Number=Plur,14.0,nsubj,"(50, 57)",תערובת,
16,בטון,NOUN,NOUN,,15.0,compound:smixut,"(58, 62)",בטון,
17,עם,ADP,ADP,,18.0,case,"(63, 65)",עם,
18,אגרגט,NOUN,NOUN,Gender=Masc|Number=Sing,15.0,nmod,"(66, 71)",אגרגט,
19,טבעי,ADJ,ADJ,Gender=Masc|Number=Sing,18.0,amod,"(72, 76)",טבעי,
"(20, 21)",ועם,,,,,,"(77, 80)",,"[{'id': 20, 'text': 'ו', 'upos': 'CCONJ', 'xpos': 'CCONJ', 'head': 22, 'deprel': 'cc', 'lemma': 'ו'}, {'id': 21, 'text': 'עם', 'upos': 'ADP', 'xpos': 'ADP', 'head': 22, 'deprel': 'case', 'lemma': 'עם'}]"
22,אגרגט,NOUN,NOUN,Gender=Masc|Number=Sing,18.0,conj,"(81, 86)",אגרגט,
23,ממוחזר,VERB,VERB,"Gender=Masc|HebBinyan=PUAL|Number=Sing|Person=1,2,3|VerbForm=Part|Voice=Pass",22.0,amod,"(87, 93)",מוחזר,
"(24, 25)",מבטון,,,,,,"(94, 99)",,"[{'id': 24, 'text': 'מ', 'upos': 'ADP', 'xpos': 'ADP', 'head': 25, 'deprel': 'case', 'lemma': 'מ'}, {'id': 25, 'text': 'בטון', 'upos': 'NOUN', 'xpos': 'NOUN', 'feats': 'Gender=Masc|Number=Sing', 'head': 22, 'deprel': 'nmod', 'lemma': 'בטון'}]"
26,בעלי,NOUN,NOUN,Definite=Cons|Gender=Masc|Number=Plur,25.0,acl,"(100, 104)",בעל,
27,חוזק,NOUN,NOUN,Gender=Masc|Number=Sing,26.0,compound:smixut,"(105, 109)",חוזק,
28,דומה,ADJ,ADJ,Gender=Masc|Number=Sing,27.0,amod,"(110, 114)",דומה,
"(29, 30)",בלחיצה,,,,,,"(115, 121)",,"[{'id': 29, 'text': 'ב', 'upos': 'ADP', 'xpos': 'ADP', 'head': 30, 'deprel': 'case', 'lemma': 'ב'}, {'id': 30, 'text': 'לחיצה', 'upos': 'NOUN', 'xpos': 'NOUN', 'feats': 'Gender=Fem|Number=Sing', 'head': 27, 'deprel': 'nmod', 'lemma': 'לחיצה'}]"
31,",",PUNCT,PUNCT,,14.0,punct,"(121, 122)",",",
32,על מנת,ADP,ADP,,33.0,case,"(123, 129)",על מנת,
33,לנטרל,VERB,VERB,HebBinyan=PIEL|VerbForm=Inf|Voice=Act,14.0,advcl,"(130, 135)",נטרל,
34,את,ADP,ADP,Case=Acc,35.0,case:acc,"(136, 138)",את,
35,השפעת,NOUN,NOUN,Definite=Cons|Gender=Fem|Number=Sing,33.0,obj,"(139, 144)",השפעה,
36,הבדל,NOUN,NOUN,Definite=Cons|Gender=Masc|Number=Sing,35.0,compound:smixut,"(145, 149)",הבדל,
37,חוזק,NOUN,NOUN,Gender=Masc|Number=Sing,36.0,compound:smixut,"(150, 154)",חוזק,
38,אפשרי,ADJ,ADJ,Gender=Masc|Number=Sing,37.0,amod,"(155, 160)",אפשרי,
39,על,ADP,ADP,,41.0,case,"(161, 163)",על,
"(40, 41)",התוצאות,,,,,,"(164, 171)",,"[{'id': 40, 'text': 'ה', 'upos': 'DET', 'xpos': 'DET', 'feats': 'PronType=Art', 'head': 41, 'deprel': 'det:def', 'lemma': 'ה'}, {'id': 41, 'text': 'תוצאות', 'upos': 'NOUN', 'xpos': 'NOUN', 'feats': 'Gender=Fem|Number=Plur', 'head': 35, 'deprel': 'nmod', 'lemma': 'תוצאה'}]"
"(1, 2)",בשלב,,,,,,"(1, 5)",,"[{'id': 1, 'text': 'ב', 'upos': 'ADP', 'xpos': 'ADP', 'head': 2, 'deprel': 'case', 'lemma': 'ב'}, {'id': 2, 'text': 'שלב', 'upos': 'NOUN', 'xpos': 'NOUN', 'feats': 'Gender=Masc|Number=Sing', 'head': 5, 'deprel': 'obl', 'lemma': 'שלב'}]"
"(3, 4)",השני,,,,,,"(6, 10)",,"[{'id': 3, 'text': 'ה', 'upos': 'DET', 'xpos': 'DET', 'feats': 'PronType=Art', 'head': 4, 'deprel': 'det:def', 'lemma': 'ה'}, {'id': 4, 'text': 'שני', 'upos': 'NUM', 'xpos': 'NUM', 'feats': 'Gender=Masc|Number=Sing', 'head': 2, 'deprel': 'amod', 'lemma': 'שני'}]"
5,הוכנו,VERB,VERB,"Gender=Fem,Masc|HebBinyan=HUFAL|Number=Plur|Person=3|Tense=Past|Voice=Pass",0.0,root,"(11, 16)",הוכנה,
6,15,NUM,NUM,,7.0,nummod,"(17, 19)",15,
7,דגמים,NOUN,NOUN,Gender=Masc|Number=Plur,5.0,nsubj,"(20, 25)",דגם,
"(8, 9)",לניסויי,,,,,,"(26, 33)",,"[{'id': 8, 'text': 'ל', 'upos': 'ADP', 'xpos': 'ADP', 'head': 9, 'deprel': 'case', 'lemma': 'ל'}, {'id': 9, 'text': 'ניסויי', 'upos': 'NOUN', 'xpos': 'NOUN', 'feats': 'Definite=Cons|Gender=Masc|Number=Plur', 'head': 7, 'deprel': 'nmod', 'lemma': 'ניסוי'}]"
10,שליפה,NOUN,NOUN,Gender=Fem|Number=Sing,9.0,compound:smixut,"(34, 39)",שליפה,
11,;,PUNCT,PUNCT,,14.0,cc,"(39, 40)",;,
"(12, 13)",הדגמים,,,,,,"(41, 47)",,"[{'id': 12, 'text': 'ה', 'upos': 'DET', 'xpos': 'DET', 'feats': 'PronType=Art', 'head': 13, 'deprel': 'det:def', 'lemma': 'ה'}, {'id': 13, 'text': 'דגמים', 'upos': 'NOUN', 'xpos': 'NOUN', 'feats': 'Gender=Masc|Number=Plur', 'head': 14, 'deprel': 'nsubj', 'lemma': 'דגם'}]"
14,עשויים,ADJ,ADJ,Gender=Masc|Number=Plur,5.0,conj,"(48, 54)",עשוי,
"(15, 16)",מגליל,,,,,,"(55, 60)",,"[{'id': 15, 'text': 'מ', 'upos': 'ADP', 'xpos': 'ADP', 'head': 16, 'deprel': 'case', 'lemma': 'מ'}, {'id': 16, 'text': 'גליל', 'upos': 'NOUN', 'xpos': 'NOUN', 'feats': 'Definite=Cons|Gender=Masc|Number=Sing', 'head': 14, 'deprel': 'obl', 'lemma': 'גליל'}]"
17,בטון,NOUN,NOUN,Gender=Masc|Number=Sing,16.0,compound:smixut,"(61, 65)",בטון,
"(18, 20)",בקוטר,,,,,,"(66, 71)",,"[{'id': 18, 'text': 'ב', 'upos': 'ADP', 'xpos': 'ADP', 'head': 20, 'deprel': 'case', 'lemma': 'ב'}, {'id': 19, 'text': 'ה_', 'upos': 'DET', 'xpos': 'DET', 'feats': 'PronType=Art', 'head': 20, 'deprel': 'det:def', 'lemma': 'ה'}, {'id': 20, 'text': 'קוטר', 'upos': 'NOUN', 'xpos': 'NOUN', 'feats': 'Gender=Masc|Number=Sing', 'head': 16, 'deprel': 'nmod', 'lemma': 'קוטר'}]"
"(21, 24)",ובגובה,,,,,,"(72, 78)",,"[{'id': 21, 'text': 'ו', 'upos': 'CCONJ', 'xpos': 'CCONJ', 'head': 24, 'deprel': 'cc', 'lemma': 'ו'}, {'id': 22, 'text': 'ב', 'upos': 'ADP', 'xpos': 'ADP', 'head': 24, 'deprel': 'case', 'lemma': 'ב'}, {'id': 23, 'text': 'ה_', 'upos': 'DET', 'xpos': 'DET', 'feats': 'PronType=Art', 'head': 24, 'deprel': 'det:def', 'lemma': 'ה'}, {'id': 24, 'text': 'גובה', 'upos': 'NOUN', 'xpos': 'NOUN', 'feats': 'Gender=Masc|Number=Sing', 'head': 20, 'deprel': 'conj', 'lemma': 'גובה'}]"
25,של,ADP,ADP,Case=Gen,27.0,case:gen,"(79, 81)",של,
26,200,NUM,NUM,,27.0,nummod,"(82, 85)",200,
27,"מ""מ",NOUN,NOUN,Abbr=Yes|Gender=Masc|Number=Sing,24.0,nmod:poss,"(86, 89)","מ""מ",
"(28, 29)",הכולל,,,,,,"(90, 95)",,"[{'id': 28, 'text': 'ה', 'upos': 'SCONJ', 'xpos': 'SCONJ', 'head': 29, 'deprel': 'mark', 'lemma': 'ה'}, {'id': 29, 'text': 'כולל', 'upos': 'VERB', 'xpos': 'VERB', 'feats': 'Gender=Masc|HebBinyan=PAAL|Number=Sing|Person=1,2,3|VerbForm=Part|Voice=Act', 'head': 16, 'deprel': 'acl:relcl', 'lemma': 'כלל'}]"
30,מוט,NOUN,NOUN,Definite=Cons|Gender=Masc|Number=Sing,29.0,obj,"(96, 99)",מוט,
31,פלדה,NOUN,NOUN,Gender=Fem|Number=Sing,30.0,compound:smixut,"(100, 104)",פלדה,
32,מצולע,VERB,VERB,"Gender=Fem|HebBinyan=PUAL|Number=Sing|Person=1,2,3|VerbForm=Part|Voice=Pass",30.0,amod,"(105, 110)",צולע,
"(33, 34)",שממוקם,,,,,,"(111, 117)",,"[{'id': 33, 'text': 'ש', 'upos': 'SCONJ', 'xpos': 'SCONJ', 'head': 34, 'deprel': 'mark', 'lemma': 'ש'}, {'id': 34, 'text': 'ממוקם', 'upos': 'VERB', 'xpos': 'VERB', 'feats': 'Gender=Masc|HebBinyan=NIFAL|Number=Sing|Person=1,2,3|VerbForm=Part|Voice=Mid', 'head': 30, 'deprel': 'acl:relcl', 'lemma': 'מוקם'}]"
35,לאורך,ADP,ADP,,36.0,case,"(118, 123)",לאורך,
36,ציר,NOUN,NOUN,Definite=Cons|Gender=Masc|Number=Sing,34.0,obl,"(124, 127)",ציר,
37,גליל,NOUN,NOUN,Definite=Cons|Gender=Masc|Number=Sing,36.0,compound:smixut,"(128, 132)",גליל,
"(38, 39)",הבטון,,,,,,"(133, 138)",,"[{'id': 38, 'text': 'ה', 'upos': 'DET', 'xpos': 'DET', 'feats': 'PronType=Art', 'head': 39, 'deprel': 'det:def', 'lemma': 'ה'}, {'id': 39, 'text': 'בטון', 'upos': 'NOUN', 'xpos': 'NOUN', 'feats': 'Gender=Masc|Number=Sing', 'head': 37, 'deprel': 'compound:smixut', 'lemma': 'בטון'}]"
"(1, 2)",בניסויים,,,,,,"(1, 9)",,"[{'id': 1, 'text': 'ב', 'upos': 'ADP', 'xpos': 'ADP', 'head': 2, 'deprel': 'case', 'lemma': 'ב'}, {'id': 2, 'text': 'ניסויים', 'upos': 'NOUN', 'xpos': 'NOUN', 'feats': 'Gender=Masc|Number=Plur', 'head': 3, 'deprel': 'obl', 'lemma': 'ניסוי'}]"
3,נבחנה,VERB,VERB,Gender=Fem|HebBinyan=NIFAL|Number=Sing|Person=3|Tense=Past|Voice=Mid,0.0,root,"(10, 15)",נבחן,
"(4, 5)",ההתנהגות,,,,,,"(16, 24)",,"[{'id': 4, 'text': 'ה', 'upos': 'DET', 'xpos': 'DET', 'feats': 'PronType=Art', 'head': 5, 'deprel': 'det:def', 'lemma': 'ה'}, {'id': 5, 'text': 'התנהגות', 'upos': 'NOUN', 'xpos': 'NOUN', 'feats': 'Gender=Fem|Number=Sing', 'head': 3, 'deprel': 'nsubj', 'lemma': 'התנהגות'}]"
"(6, 7)",הגלובלית,,,,,,"(25, 33)",,"[{'id': 6, 'text': 'ה', 'upos': 'DET', 'xpos': 'DET', 'feats': 'PronType=Art', 'head': 7, 'deprel': 'det:def', 'lemma': 'ה'}, {'id': 7, 'text': 'גלובלית', 'upos': 'ADJ', 'xpos': 'ADJ', 'feats': 'Gender=Fem|Number=Sing', 'head': 5, 'deprel': 'amod', 'lemma': 'גלובלי'}]"
"(8, 9)",בכיוון,,,,,,"(34, 40)",,"[{'id': 8, 'text': 'ב', 'upos': 'ADP', 'xpos': 'ADP', 'head': 9, 'deprel': 'case', 'lemma': 'ב'}, {'id': 9, 'text': 'כיוון', 'upos': 'NOUN', 'xpos': 'NOUN', 'feats': 'Definite=Cons|Gender=Masc|Number=Sing', 'head': 5, 'deprel': 'nmod', 'lemma': 'כיוון'}]"
"(10, 11)",האורכי,,,,,,"(41, 47)",,"[{'id': 10, 'text': 'ה', 'upos': 'DET', 'xpos': 'DET', 'feats': 'PronType=Art', 'head': 11, 'deprel': 'det:def', 'lemma': 'ה'}, {'id': 11, 'text': 'אורכי', 'upos': 'NOUN', 'xpos': 'NOUN', 'feats': 'Gender=Masc|Number=Sing', 'head': 9, 'deprel': 'compound:smixut', 'lemma': 'אורך'}]"
12,באמצעות,ADP,ADP,,13.0,case,"(48, 55)",באמצעות,
13,מדידת,NOUN,NOUN,Definite=Cons|Gender=Fem|Number=Sing,3.0,obl,"(56, 61)",מדידה,
14,כוח,NOUN,NOUN,Definite=Cons|Gender=Masc|Number=Sing,13.0,compound:smixut,"(62, 65)",כוח,
"(15, 16)",השליפה,,,,,,"(66, 72)",,"[{'id': 15, 'text': 'ה', 'upos': 'DET', 'xpos': 'DET', 'feats': 'PronType=Art', 'head': 16, 'deprel': 'det:def', 'lemma': 'ה'}, {'id': 16, 'text': 'שליפה', 'upos': 'NOUN', 'xpos': 'NOUN', 'feats': 'Gender=Fem|Number=Sing', 'head': 14, 'deprel': 'compound:smixut', 'lemma': 'שליפה'}]"
"(17, 19)",וההחלקה,,,,,,"(73, 80)",,"[{'id': 17, 'text': 'ו', 'upos': 'CCONJ', 'xpos': 'CCONJ', 'head': 19, 'deprel': 'cc', 'lemma': 'ו'}, {'id': 18, 'text': 'ה', 'upos': 'DET', 'xpos': 'DET', 'feats': 'PronType=Art', 'head': 19, 'deprel': 'det:def', 'lemma': 'ה'}, {'id': 19, 'text': 'החלקה', 'upos': 'NOUN', 'xpos': 'NOUN', 'feats': 'Gender=Fem|Number=Sing', 'head': 16, 'deprel': 'conj', 'lemma': 'החלקה'}]"
"(20, 21)",וקבלת,,,,,,"(81, 86)",,"[{'id': 20, 'text': 'ו', 'upos': 'CCONJ', 'xpos': 'CCONJ', 'head': 21, 'deprel': 'cc', 'lemma': 'ו'}, {'id': 21, 'text': 'קבלת', 'upos': 'NOUN', 'xpos': 'NOUN', 'feats': 'Definite=Cons|Gender=Fem|Number=Sing', 'head': 13, 'deprel': 'conj', 'lemma': 'קבלה'}]"
22,עקום,NOUN,NOUN,Gender=Masc|Number=Sing,21.0,compound:smixut,"(87, 91)",עקום,
23,מאמץ,NOUN,NOUN,Definite=Cons|Gender=Masc|Number=Sing,21.0,compound:smixut,"(92, 96)",מאמץ,
24,הידבקות,NOUN,NOUN,Definite=Cons|Gender=Fem|Number=Sing,26.0,nmod,"(97, 104)",הידבקות,
25,-,PUNCT,PUNCT,,26.0,punct,"(104, 105)",-,
26,החלקה,NOUN,NOUN,Gender=Fem|Number=Sing,23.0,nmod,"(105, 110)",החלקה,
"(27, 28)",הנובע,,,,,,"(111, 116)",,"[{'id': 27, 'text': 'ה', 'upos': 'SCONJ', 'xpos': 'SCONJ', 'head': 28, 'deprel': 'mark', 'lemma': 'ה'}, {'id': 28, 'text': 'נובע', 'upos': 'VERB', 'xpos': 'VERB', 'feats': 'Gender=Masc|HebBinyan=PAAL|Number=Sing|Person=1,2,3|VerbForm=Part|Voice=Act', 'head': 23, 'deprel': 'acl:relcl', 'lemma': 'נבע'}]"
"(29, 30)",ממדידות,,,,,,"(117, 124)",,"[{'id': 29, 'text': 'מ', 'upos': 'ADP', 'xpos': 'ADP', 'head': 30, 'deprel': 'case', 'lemma': 'מ'}, {'id': 30, 'text': 'מדידות', 'upos': 'NOUN', 'xpos': 'NOUN', 'feats': 'Gender=Fem|Number=Plur', 'head': 28, 'deprel': 'obl', 'lemma': 'מדידה'}]"
31,אלה,PRON,PRON,Gender=Masc|Number=Plur|Person=3|PronType=Dem,30.0,det,"(125, 128)",אלה,
"(1, 2)",בנוסף,,,,,,"(1, 6)",,"[{'id': 1, 'text': 'ב', 'upos': 'ADP', 'xpos': 'ADP', 'head': 4, 'deprel': 'case', 'lemma': 'ב'}, {'id': 2, 'text': 'נוסף', 'upos': 'VERB', 'xpos': 'VERB', 'feats': 'Gender=Masc|HebBinyan=NIFAL|Number=Sing|Person=1,2,3|VerbForm=Part|Voice=Mid', 'head': 1, 'deprel': 'fixed', 'lemma': 'נוסף'}]"
"(3, 4)",לכך,,,,,,"(7, 10)",,"[{'id': 3, 'text': 'ל', 'upos': 'ADP', 'xpos': 'ADP', 'head': 1, 'deprel': 'fixed', 'lemma': 'ל'}, {'id': 4, 'text': 'כך', 'upos': 'PRON', 'xpos': 'PRON', 'feats': 'Person=3|PronType=Dem', 'head': 6, 'deprel': 'obl', 'lemma': 'כך'}]"
5,",",PUNCT,PUNCT,,6.0,punct,"(10, 11)",",",
6,הורחבה,VERB,VERB,Gender=Fem|HebBinyan=HUFAL|Number=Sing|Person=3|Tense=Past|Voice=Pass,0.0,root,"(12, 18)",הורחב,
7,יריעת,NOUN,NOUN,Definite=Cons|Gender=Fem|Number=Sing,6.0,nsubj,"(19, 24)",יריעה,
"(8, 9)",המדידות,,,,,,"(25, 32)",,"[{'id': 8, 'text': 'ה', 'upos': 'DET', 'xpos': 'DET', 'feats': 'PronType=Art', 'head': 9, 'deprel': 'det:def', 'lemma': 'ה'}, {'id': 9, 'text': 'מדידות', 'upos': 'NOUN', 'xpos': 'NOUN', 'feats': 'Gender=Fem|Number=Plur', 'head': 7, 'deprel': 'compound:smixut', 'lemma': 'מדידה'}]"
10,על,ADP,ADP,,12.0,case,"(33, 35)",על,
11,מנת,ADP,ADP,,10.0,fixed,"(36, 39)",מנה,
12,לבחון,VERB,VERB,HebBinyan=PAAL|VerbForm=Inf|Voice=Act,6.0,advcl,"(40, 45)",בחן,
13,את,ADP,ADP,Case=Acc,15.0,case:acc,"(46, 48)",את,
"(14, 15)",ההתנהגות,,,,,,"(49, 57)",,"[{'id': 14, 'text': 'ה', 'upos': 'DET', 'xpos': 'DET', 'feats': 'PronType=Art', 'head': 15, 'deprel': 'det:def', 'lemma': 'ה'}, {'id': 15, 'text': 'התנהגות', 'upos': 'NOUN', 'xpos': 'NOUN', 'feats': 'Gender=Fem|Number=Sing', 'head': 12, 'deprel': 'obj', 'lemma': 'התנהגות'}]"
"(16, 17)",הגלובלית,,,,,,"(58, 66)",,"[{'id': 16, 'text': 'ה', 'upos': 'DET', 'xpos': 'DET', 'feats': 'PronType=Art', 'head': 17, 'deprel': 'det:def', 'lemma': 'ה'}, {'id': 17, 'text': 'גלובלית', 'upos': 'ADJ', 'xpos': 'ADJ', 'feats': 'Gender=Fem|Number=Sing', 'head': 15, 'deprel': 'amod', 'lemma': 'גלובלי'}]"
"(18, 19)",בכיוון,,,,,,"(67, 73)",,"[{'id': 18, 'text': 'ב', 'upos': 'ADP', 'xpos': 'ADP', 'head': 19, 'deprel': 'case', 'lemma': 'ב'}, {'id': 19, 'text': 'כיוון', 'upos': 'NOUN', 'xpos': 'NOUN', 'feats': 'Gender=Masc|Number=Sing', 'head': 15, 'deprel': 'nmod', 'lemma': 'כיוון'}]"
"(20, 21)",הרדיאלי,,,,,,"(74, 81)",,"[{'id': 20, 'text': 'ה', 'upos': 'DET', 'xpos': 'DET', 'feats': 'PronType=Art', 'head': 21, 'deprel': 'det:def', 'lemma': 'ה'}, {'id': 21, 'text': 'רדיאלי', 'upos': 'ADJ', 'xpos': 'ADJ', 'feats': 'Gender=Masc|Number=Sing', 'head': 19, 'deprel': 'amod', 'lemma': 'רדיאלי'}]"
22,באמצעות,ADP,ADP,,23.0,case,"(82, 89)",באמצעות,
23,מדידי,NOUN,NOUN,Definite=Cons|Gender=Masc|Number=Plur,12.0,obl,"(90, 95)",מדיד,
24,עיבור,NOUN,NOUN,Gender=Masc|Number=Sing,23.0,compound:smixut,"(96, 101)",עיבור,
"(25, 26)",המודבקים,,,,,,"(102, 110)",,"[{'id': 25, 'text': 'ה', 'upos': 'SCONJ', 'xpos': 'SCONJ', 'head': 26, 'deprel': 'mark', 'lemma': 'ה'}, {'id': 26, 'text': 'מודבקים', 'upos': 'VERB', 'xpos': 'VERB', 'feats': 'Gender=Masc|HebBinyan=HUFAL|Number=Plur|Person=1,2,3|VerbForm=Part|Voice=Pass', 'head': 23, 'deprel': 'acl:relcl', 'lemma': 'הודבק'}]"
27,על,ADP,ADP,,28.0,case,"(111, 113)",על,
28,היקף,NOUN,NOUN,Definite=Cons|Gender=Masc|Number=Sing,26.0,obl,"(114, 118)",היקף,
"(29, 30)",הגליל,,,,,,"(119, 124)",,"[{'id': 29, 'text': 'ה', 'upos': 'DET', 'xpos': 'DET', 'feats': 'PronType=Art', 'head': 30, 'deprel': 'det:def', 'lemma': 'ה'}, {'id': 30, 'text': 'גליל', 'upos': 'NOUN', 'xpos': 'NOUN', 'feats': 'Gender=Masc|Number=Sing', 'head': 28, 'deprel': 'compound:smixut', 'lemma': 'גליל'}]"
"(31, 32)",למדידת,,,,,,"(125, 131)",,"[{'id': 31, 'text': 'ל', 'upos': 'ADP', 'xpos': 'ADP', 'head': 32, 'deprel': 'case', 'lemma': 'ל'}, {'id': 32, 'text': 'מדידת', 'upos': 'NOUN', 'xpos': 'NOUN', 'feats': 'Definite=Cons|Gender=Fem|Number=Sing', 'head': 23, 'deprel': 'nmod', 'lemma': 'מדידה'}]"
"(33, 34)",העיבור,,,,,,"(132, 138)",,"[{'id': 33, 'text': 'ה', 'upos': 'DET', 'xpos': 'DET', 'feats': 'PronType=Art', 'head': 34, 'deprel': 'det:def', 'lemma': 'ה'}, {'id': 34, 'text': 'עיבור', 'upos': 'NOUN', 'xpos': 'NOUN', 'feats': 'Gender=Masc|Number=Sing', 'head': 32, 'deprel': 'compound:smixut', 'lemma': 'עיבור'}]"
"(35, 36)",ההיקפי,,,,,,"(139, 145)",,"[{'id': 35, 'text': 'ה', 'upos': 'DET', 'xpos': 'DET', 'feats': 'PronType=Art', 'head': 36, 'deprel': 'det:def', 'lemma': 'ה'}, {'id': 36, 'text': 'היקפי', 'upos': 'ADJ', 'xpos': 'ADJ', 'feats': 'Gender=Masc|Number=Sing', 'head': 34, 'deprel': 'amod', 'lemma': 'היקף'}]"
"(37, 38)",ולקבלת,,,,,,"(146, 152)",,"[{'id': 37, 'text': 'ו', 'upos': 'CCONJ', 'xpos': 'CCONJ', 'head': 39, 'deprel': 'cc', 'lemma': 'ו'}, {'id': 38, 'text': 'לקבלת', 'upos': 'ADP', 'xpos': 'ADP', 'feats': 'Definite=Cons|Gender=Fem|Number=Sing', 'head': 39, 'deprel': 'case', 'lemma': 'לקבלת'}]"
39,עקומי,NOUN,NOUN,Definite=Cons|Gender=Masc|Number=Plur,32.0,conj,"(153, 158)",עקום,
40,עיבור,NOUN,NOUN,Gender=Masc|Number=Sing,39.0,compound:smixut,"(159, 164)",עיבור,
41,היקפי,ADJ,ADJ,Gender=Masc|Number=Sing,40.0,amod,"(165, 170)",היקף,
42,-,PUNCT,PUNCT,,41.0,punct,"(170, 171)",-,
43,החלקה,NOUN,NOUN,Gender=Fem|Number=Sing,41.0,dep,"(171, 176)",החלקה,
44,",",PUNCT,PUNCT,,39.0,punct,"(176, 177)",",",
"(45, 46)",שייבחנו,,,,,,"(178, 185)",,"[{'id': 45, 'text': 'ש', 'upos': 'SCONJ', 'xpos': 'SCONJ', 'head': 46, 'deprel': 'mark', 'lemma': 'ש'}, {'id': 46, 'text': 'ייבחנו', 'upos': 'VERB', 'xpos': 'VERB', 'feats': 'Gender=Fem,Masc|HebBinyan=NIFAL|Number=Plur|Person=3|Tense=Fut|Voice=Mid', 'head': 39, 'deprel': 'acl:relcl', 'lemma': 'נבחן'}]"
47,גם,ADV,ADV,,48.0,advmod,"(186, 188)",גם,
"(48, 49)",בהשוואה,,,,,,"(189, 196)",,"[{'id': 48, 'text': 'ב', 'upos': 'ADP', 'xpos': 'ADP', 'head': 51, 'deprel': 'case', 'lemma': 'ב'}, {'id': 49, 'text': 'השוואה', 'upos': 'NOUN', 'xpos': 'NOUN', 'feats': 'Gender=Fem|Number=Sing', 'head': 48, 'deprel': 'fixed', 'lemma': 'השוואה'}]"
"(50, 51)",לעקומים,,,,,,"(197, 204)",,"[{'id': 50, 'text': 'ל', 'upos': 'ADP', 'xpos': 'ADP', 'head': 48, 'deprel': 'fixed', 'lemma': 'ל'}, {'id': 51, 'text': 'עקומים', 'upos': 'NOUN', 'xpos': 'NOUN', 'feats': 'Gender=Masc|Number=Plur', 'head': 46, 'deprel': 'obl', 'lemma': 'עקום'}]"
"(52, 53)",המתקלים,,,,,,"(205, 212)",,"[{'id': 52, 'text': 'ה', 'upos': 'SCONJ', 'xpos': 'SCONJ', 'head': 53, 'deprel': 'mark', 'lemma': 'ה'}, {'id': 53, 'text': 'מתקלים', 'upos': 'VERB', 'xpos': 'VERB', 'feats': 'Gender=Masc|HebBinyan=HITPAEL|Number=Plur|Person=1,2,3|VerbForm=Part', 'head': 51, 'deprel': 'acl:relcl', 'lemma': 'התקלה'}]"
"(54, 56)",מההתנהגות,,,,,,"(213, 222)",,"[{'id': 54, 'text': 'מ', 'upos': 'ADP', 'xpos': 'ADP', 'head': 56, 'deprel': 'case', 'lemma': 'מ'}, {'id': 55, 'text': 'ה', 'upos': 'DET', 'xpos': 'DET', 'feats': 'PronType=Art', 'head': 56, 'deprel': 'det:def', 'lemma': 'ה'}, {'id': 56, 'text': 'התנהגות', 'upos': 'NOUN', 'xpos': 'NOUN', 'feats': 'Gender=Fem|Number=Sing', 'head': 53, 'deprel': 'obl', 'lemma': 'התנהגות'}]"
"(57, 58)",האורכית,,,,,,"(223, 230)",,"[{'id': 57, 'text': 'ה', 'upos': 'DET', 'xpos': 'DET', 'feats': 'PronType=Art', 'head': 58, 'deprel': 'det:def', 'lemma': 'ה'}, {'id': 58, 'text': 'אורכית', 'upos': 'ADJ', 'xpos': 'ADJ', 'feats': 'Gender=Fem|Number=Sing', 'head': 56, 'deprel': 'amod', 'lemma': 'אורכי'}]"
"(1, 2)",בנוסף,,,,,,"(1, 6)",,"[{'id': 1, 'text': 'ב', 'upos': 'ADP', 'xpos': 'ADP', 'head': 4, 'deprel': 'case', 'lemma': 'ב'}, {'id': 2, 'text': 'נוסף', 'upos': 'VERB', 'xpos': 'VERB', 'feats': 'Gender=Masc|HebBinyan=NIFAL|Number=Sing|Person=1,2,3|VerbForm=Part|Voice=Mid', 'head': 1, 'deprel': 'fixed', 'lemma': 'נוסף'}]"
"(3, 4)",לכך,,,,,,"(7, 10)",,"[{'id': 3, 'text': 'ל', 'upos': 'ADP', 'xpos': 'ADP', 'head': 1, 'deprel': 'fixed', 'lemma': 'ל'}, {'id': 4, 'text': 'כך', 'upos': 'PRON', 'xpos': 'PRON', 'feats': 'Person=3|PronType=Dem', 'head': 27, 'deprel': 'obl', 'lemma': 'כך'}]"
5,",",PUNCT,PUNCT,,27.0,punct,"(10, 11)",",",
6,על,ADP,ADP,,8.0,case,"(12, 14)",על,
7,מנת,ADP,ADP,Definite=Cons|Gender=Fem|Number=Sing,1.0,fixed,"(15, 18)",מנה,
8,לבחון,VERB,VERB,HebBinyan=PAAL|VerbForm=Inf|Voice=Act,27.0,advcl,"(19, 24)",בחן,
9,את,ADP,ADP,Case=Acc,11.0,case:acc,"(25, 27)",את,
"(10, 11)",הנזק,,,,,,"(28, 32)",,"[{'id': 10, 'text': 'ה', 'upos': 'DET', 'xpos': 'DET', 'feats': 'PronType=Art', 'head': 11, 'deprel': 'det:def', 'lemma': 'ה'}, {'id': 11, 'text': 'נזק', 'upos': 'NOUN', 'xpos': 'NOUN', 'feats': 'Gender=Masc|Number=Sing', 'head': 8, 'deprel': 'obj', 'lemma': 'נזק'}]"
"(12, 13)",הפנימי,,,,,,"(33, 39)",,"[{'id': 12, 'text': 'ה', 'upos': 'DET', 'xpos': 'DET', 'feats': 'PronType=Art', 'head': 13, 'deprel': 'det:def', 'lemma': 'ה'}, {'id': 13, 'text': 'פנימי', 'upos': 'ADJ', 'xpos': 'ADJ', 'feats': 'Gender=Masc|Number=Sing', 'head': 11, 'deprel': 'amod', 'lemma': 'פנימי'}]"
"(14, 15)",באזור,,,,,,"(40, 45)",,"[{'id': 14, 'text': 'ב', 'upos': 'ADP', 'xpos': 'ADP', 'head': 15, 'deprel': 'case', 'lemma': 'ב'}, {'id': 15, 'text': 'אזור', 'upos': 'NOUN', 'xpos': 'NOUN', 'feats': 'Definite=Cons|Gender=Masc|Number=Sing', 'head': 8, 'deprel': 'obl', 'lemma': 'אזור'}]"
"(16, 17)",האינטראקציה,,,,,,"(46, 57)",,"[{'id': 16, 'text': 'ה', 'upos': 'DET', 'xpos': 'DET', 'feats': 'PronType=Art', 'head': 17, 'deprel': 'det:def', 'lemma': 'ה'}, {'id': 17, 'text': 'אינטראקציה', 'upos': 'NOUN', 'xpos': 'NOUN', 'feats': 'Gender=Fem|Number=Sing', 'head': 15, 'deprel': 'compound:smixut', 'lemma': 'אינטראקציה'}]"
18,בין,ADP,ADP,,20.0,case,"(58, 61)",בין,
"(19, 20)",המוט,,,,,,"(62, 66)",,"[{'id': 19, 'text': 'ה', 'upos': 'DET', 'xpos': 'DET', 'feats': 'PronType=Art', 'head': 20, 'deprel': 'det:def', 'lemma': 'ה'}, {'id': 20, 'text': 'מוט', 'upos': 'NOUN', 'xpos': 'NOUN', 'feats': 'Gender=Masc|Number=Sing', 'head': 17, 'deprel': 'nmod', 'lemma': 'מוט'}]"
"(21, 22)",הנשלף,,,,,,"(67, 72)",,"[{'id': 21, 'text': 'ה', 'upos': 'DET', 'xpos': 'DET', 'feats': 'PronType=Art', 'head': 22, 'deprel': 'det:def', 'lemma': 'ה'}, {'id': 22, 'text': 'נשלף', 'upos': 'VERB', 'xpos': 'VERB', 'feats': 'Gender=Masc|HebBinyan=NIFAL|Number=Sing|Person=1,2,3|VerbForm=Part|Voice=Mid', 'head': 20, 'deprel': 'amod', 'lemma': 'נשלף'}]"
23,לבין,ADP,ADP,,25.0,case,"(73, 77)",לבין,
"(24, 25)",הבטון,,,,,,"(78, 83)",,"[{'id': 24, 'text': 'ה', 'upos': 'DET', 'xpos': 'DET', 'feats': 'PronType=Art', 'head': 25, 'deprel': 'det:def', 'lemma': 'ה'}, {'id': 25, 'text': 'בטון', 'upos': 'NOUN', 'xpos': 'NOUN', 'feats': 'Gender=Masc|Number=Sing', 'head': 20, 'deprel': 'conj', 'lemma': 'בטון'}]"
26,",",PUNCT,PUNCT,,27.0,punct,"(83, 84)",",",
27,בוצע,VERB,VERB,Gender=Masc|HebBinyan=NIFAL|Number=Sing|Person=3|Tense=Past|Voice=Mid,0.0,root,"(85, 89)",בוצע,
28,ביקוע,NOUN,NOUN,Gender=Masc|Number=Sing,27.0,nsubj,"(90, 95)",ביקוע,
29,מבוקר,ADJ,ADJ,Gender=Masc|Number=Sing,28.0,amod,"(96, 101)",מבוקר,
30,של,ADP,ADP,Case=Gen,32.0,case:gen,"(102, 104)",של,
"(31, 32)",הדגמים,,,,,,"(105, 111)",,"[{'id': 31, 'text': 'ה', 'upos': 'DET', 'xpos': 'DET', 'feats': 'PronType=Art', 'head': 32, 'deprel': 'det:def', 'lemma': 'ה'}, {'id': 32, 'text': 'דגמים', 'upos': 'NOUN', 'xpos': 'NOUN', 'feats': 'Gender=Masc|Number=Plur', 'head': 28, 'deprel': 'nmod', 'lemma': 'דגם'}]"
"(33, 35)",במישור,,,,,,"(112, 118)",,"[{'id': 33, 'text': 'ב', 'upos': 'ADP', 'xpos': 'ADP', 'head': 35, 'deprel': 'case', 'lemma': 'ב'}, {'id': 34, 'text': 'ה_', 'upos': 'DET', 'xpos': 'DET', 'feats': 'PronType=Art', 'head': 35, 'deprel': 'det:def', 'lemma': 'ה'}, {'id': 35, 'text': 'מישור', 'upos': 'NOUN', 'xpos': 'NOUN', 'feats': 'Gender=Masc|Number=Sing', 'head': 32, 'deprel': 'nmod', 'lemma': 'מישור'}]"
36,סימטריה,NOUN,NOUN,Gender=Fem|Number=Sing,35.0,nmod,"(119, 126)",סימטריה,
37,אורכי,NOUN,NOUN,Gender=Masc|Number=Sing,36.0,dep,"(127, 132)",אורך,
38,לאורך,ADP,ADP,,40.0,case,"(133, 138)",לאורך,
"(39, 40)",הדגם,,,,,,"(139, 143)",,"[{'id': 39, 'text': 'ה', 'upos': 'DET', 'xpos': 'DET', 'feats': 'PronType=Art', 'head': 40, 'deprel': 'det:def', 'lemma': 'ה'}, {'id': 40, 'text': 'דגם', 'upos': 'NOUN', 'xpos': 'NOUN', 'feats': 'Gender=Masc|Number=Sing', 'head': 28, 'deprel': 'nmod', 'lemma': 'דגם'}]"
"(41, 42)",ונבחנו,,,,,,"(144, 150)",,"[{'id': 41, 'text': 'ו', 'upos': 'CCONJ', 'xpos': 'CCONJ', 'head': 42, 'deprel': 'cc', 'lemma': 'ו'}, {'id': 42, 'text': 'נבחנו', 'upos': 'VERB', 'xpos': 'VERB', 'feats': 'Gender=Fem,Masc|HebBinyan=NIFAL|Number=Plur|Person=3|Tense=Past|Voice=Mid', 'head': 27, 'deprel': 'conj', 'lemma': 'נבחן'}]"
"(43, 44)",הסדיקה,,,,,,"(151, 157)",,"[{'id': 43, 'text': 'ה', 'upos': 'DET', 'xpos': 'DET', 'feats': 'PronType=Art', 'head': 44, 'deprel': 'det:def', 'lemma': 'ה'}, {'id': 44, 'text': 'סדיקה', 'upos': 'NOUN', 'xpos': 'NOUN', 'feats': 'Gender=Fem|Number=Sing', 'head': 42, 'deprel': 'nsubj', 'lemma': 'סדיקה'}]"
"(45, 47)",והנזק,,,,,,"(158, 163)",,"[{'id': 45, 'text': 'ו', 'upos': 'CCONJ', 'xpos': 'CCONJ', 'head': 47, 'deprel': 'cc', 'lemma': 'ו'}, {'id': 46, 'text': 'ה', 'upos': 'DET', 'xpos': 'DET', 'feats': 'PronType=Art', 'head': 47, 'deprel': 'det:def', 'lemma': 'ה'}, {'id': 47, 'text': 'נזק', 'upos': 'NOUN', 'xpos': 'NOUN', 'feats': 'Gender=Masc|Number=Sing', 'head': 44, 'deprel': 'conj', 'lemma': 'נזק'}]"
"(48, 49)",הפנימי,,,,,,"(164, 170)",,"[{'id': 48, 'text': 'ה', 'upos': 'DET', 'xpos': 'DET', 'feats': 'PronType=Art', 'head': 49, 'deprel': 'det:def', 'lemma': 'ה'}, {'id': 49, 'text': 'פנימי', 'upos': 'ADJ', 'xpos': 'ADJ', 'feats': 'Gender=Masc|Number=Sing', 'head': 47, 'deprel': 'amod', 'lemma': 'פנימי'}]"
1,תוצאות,NOUN,NOUN,Definite=Cons|Gender=Fem|Number=Plur,15.0,nsubj,"(1, 7)",תוצאה,
"(2, 3)",החקירה,,,,,,"(8, 14)",,"[{'id': 2, 'text': 'ה', 'upos': 'DET', 'xpos': 'DET', 'feats': 'PronType=Art', 'head': 3, 'deprel': 'det:def', 'lemma': 'ה'}, {'id': 3, 'text': 'חקירה', 'upos': 'NOUN', 'xpos': 'NOUN', 'feats': 'Gender=Fem|Number=Sing', 'head': 1, 'deprel': 'compound:smixut', 'lemma': 'חקירה'}]"
"(4, 5)",הגלובלית,,,,,,"(15, 23)",,"[{'id': 4, 'text': 'ה', 'upos': 'DET', 'xpos': 'DET', 'feats': 'PronType=Art', 'head': 5, 'deprel': 'det:def', 'lemma': 'ה'}, {'id': 5, 'text': 'גלובלית', 'upos': 'ADJ', 'xpos': 'ADJ', 'feats': 'Gender=Fem|Number=Sing', 'head': 3, 'deprel': 'amod', 'lemma': 'גלובלי'}]"
"(6, 7)",בכיוון,,,,,,"(24, 30)",,"[{'id': 6, 'text': 'ב', 'upos': 'ADP', 'xpos': 'ADP', 'head': 7, 'deprel': 'case', 'lemma': 'ב'}, {'id': 7, 'text': 'כיוון', 'upos': 'NOUN', 'xpos': 'NOUN', 'feats': 'Definite=Cons|Gender=Masc|Number=Sing', 'head': 3, 'deprel': 'nmod', 'lemma': 'כיוון'}]"
"(8, 9)",האורכי,,,,,,"(31, 37)",,"[{'id': 8, 'text': 'ה', 'upos': 'DET', 'xpos': 'DET', 'feats': 'PronType=Art', 'head': 9, 'deprel': 'det:def', 'lemma': 'ה'}, {'id': 9, 'text': 'אורכי', 'upos': 'NOUN', 'xpos': 'NOUN', 'feats': 'Gender=Masc|Number=Sing', 'head': 7, 'deprel': 'compound:smixut', 'lemma': 'אורך'}]"
"(10, 12)",ובכיוון,,,,,,"(38, 45)",,"[{'id': 10, 'text': 'ו', 'upos': 'CCONJ', 'xpos': 'CCONJ', 'head': 12, 'deprel': 'cc', 'lemma': 'ו'}, {'id': 11, 'text': 'ב', 'upos': 'ADP', 'xpos': 'ADP', 'head': 12, 'deprel': 'case', 'lemma': 'ב'}, {'id': 12, 'text': 'כיוון', 'upos': 'NOUN', 'xpos': 'NOUN', 'feats': 'Gender=Masc|Number=Sing', 'head': 7, 'deprel': 'conj', 'lemma': 'כיוון'}]"
"(13, 14)",הרדיאלי,,,,,,"(46, 53)",,"[{'id': 13, 'text': 'ה', 'upos': 'DET', 'xpos': 'DET', 'feats': 'PronType=Art', 'head': 14, 'deprel': 'det:def', 'lemma': 'ה'}, {'id': 14, 'text': 'רדיאלי', 'upos': 'ADJ', 'xpos': 'ADJ', 'feats': 'Gender=Masc|Number=Sing', 'head': 12, 'deprel': 'amod', 'lemma': 'רדיאלי'}]"
15,מצביעות,VERB,VERB,"Gender=Fem|HebBinyan=HIFIL|Number=Plur|Person=1,2,3|VerbForm=Part|Voice=Act",0.0,root,"(54, 61)",הצביע,
16,על,ADP,ADP,,17.0,case,"(62, 64)",על,
17,התנהגות,NOUN,NOUN,Gender=Fem|Number=Sing,15.0,obl,"(65, 72)",התנהגות,
18,שונה,ADJ,ADJ,Gender=Fem|Number=Sing,17.0,amod,"(73, 77)",שונה,
19,של,ADP,ADP,Case=Gen,21.0,case:gen,"(78, 80)",של,
20,שני,NUM,NUM,Definite=Cons|Gender=Masc|Number=Plur,21.0,nummod,"(81, 84)",שני,
21,סוגי,NOUN,NOUN,Definite=Cons|Gender=Masc|Number=Plur,17.0,nmod,"(85, 89)",סוג,
"(22, 23)",הבטונים,,,,,,"(90, 97)",,"[{'id': 22, 'text': 'ה', 'upos': 'DET', 'xpos': 'DET', 'feats': 'PronType=Art', 'head': 23, 'deprel': 'det:def', 'lemma': 'ה'}, {'id': 23, 'text': 'בטונים', 'upos': 'NOUN', 'xpos': 'NOUN', 'feats': 'Gender=Masc|Number=Plur', 'head': 21, 'deprel': 'compound:smixut', 'lemma': 'ביטון'}]"
24,(,PUNCT,PUNCT,,27.0,punct,"(98, 99)",(,
25,עם,ADP,ADP,,27.0,case,"(99, 101)",עם,
"(26, 27)",האגרגט,,,,,,"(102, 108)",,"[{'id': 26, 'text': 'ה', 'upos': 'DET', 'xpos': 'DET', 'feats': 'PronType=Art', 'head': 27, 'deprel': 'det:def', 'lemma': 'ה'}, {'id': 27, 'text': 'אגרגט', 'upos': 'NOUN', 'xpos': 'NOUN', 'feats': 'Gender=Masc|Number=Sing', 'head': 17, 'deprel': 'appos', 'lemma': 'אגרגט'}]"
"(28, 29)",הטבעי,,,,,,"(109, 114)",,"[{'id': 28, 'text': 'ה', 'upos': 'DET', 'xpos': 'DET', 'feats': 'PronType=Art', 'head': 29, 'deprel': 'det:def', 'lemma': 'ה'}, {'id': 29, 'text': 'טבעי', 'upos': 'ADJ', 'xpos': 'ADJ', 'feats': 'Gender=Masc|Number=Sing', 'head': 27, 'deprel': 'amod', 'lemma': 'טבעי'}]"
"(30, 31)",ועם,,,,,,"(115, 118)",,"[{'id': 30, 'text': 'ו', 'upos': 'CCONJ', 'xpos': 'CCONJ', 'head': 33, 'deprel': 'cc', 'lemma': 'ו'}, {'id': 31, 'text': 'עם', 'upos': 'ADP', 'xpos': 'ADP', 'head': 33, 'deprel': 'case', 'lemma': 'עם'}]"
"(32, 33)",האגרגט,,,,,,"(119, 125)",,"[{'id': 32, 'text': 'ה', 'upos': 'DET', 'xpos': 'DET', 'feats': 'PronType=Art', 'head': 33, 'deprel': 'det:def', 'lemma': 'ה'}, {'id': 33, 'text': 'אגרגט', 'upos': 'NOUN', 'xpos': 'NOUN', 'feats': 'Gender=Masc|Number=Sing', 'head': 27, 'deprel': 'conj', 'lemma': 'אגרגט'}]"
"(34, 35)",הממוחזר,,,,,,"(126, 133)",,"[{'id': 34, 'text': 'ה', 'upos': 'DET', 'xpos': 'DET', 'feats': 'PronType=Art', 'head': 35, 'deprel': 'det:def', 'lemma': 'ה'}, {'id': 35, 'text': 'ממוחזר', 'upos': 'VERB', 'xpos': 'VERB', 'feats': 'Gender=Masc|HebBinyan=PUAL|Number=Sing|Person=1,2,3|VerbForm=Part|Voice=Pass', 'head': 33, 'deprel': 'amod', 'lemma': 'מוחזר'}]"
36,),PUNCT,PUNCT,,27.0,punct,"(133, 134)",),
"(37, 38)",המתבטאת,,,,,,"(135, 142)",,"[{'id': 37, 'text': 'ה', 'upos': 'SCONJ', 'xpos': 'SCONJ', 'head': 38, 'deprel': 'mark', 'lemma': 'ה'}, {'id': 38, 'text': 'מתבטאת', 'upos': 'VERB', 'xpos': 'VERB', 'feats': 'Gender=Fem|HebBinyan=HITPAEL|Number=Sing|Person=1,2,3|VerbForm=Part', 'head': 17, 'deprel': 'acl:relcl', 'lemma': 'התבטא'}]"
"(39, 40)",בהתפתחות,,,,,,"(143, 151)",,"[{'id': 39, 'text': 'ב', 'upos': 'ADP', 'xpos': 'ADP', 'head': 40, 'deprel': 'case', 'lemma': 'ב'}, {'id': 40, 'text': 'התפתחות', 'upos': 'NOUN', 'xpos': 'NOUN', 'feats': 'Definite=Cons|Gender=Fem|Number=Sing', 'head': 38, 'deprel': 'obl', 'lemma': 'התפתחות'}]"
41,סדיקה,NOUN,NOUN,Gender=Fem|Number=Sing,40.0,compound:smixut,"(152, 157)",סדיקה,
"(42, 44)",ובמנגנון,,,,,,"(158, 166)",,"[{'id': 42, 'text': 'ו', 'upos': 'CCONJ', 'xpos': 'CCONJ', 'head': 44, 'deprel': 'cc', 'lemma': 'ו'}, {'id': 43, 'text': 'ב', 'upos': 'ADP', 'xpos': 'ADP', 'head': 44, 'deprel': 'case', 'lemma': 'ב'}, {'id': 44, 'text': 'מנגנון', 'upos': 'NOUN', 'xpos': 'NOUN', 'feats': 'Definite=Cons|Gender=Masc|Number=Sing', 'head': 40, 'deprel': 'conj', 'lemma': 'מנגנון'}]"
45,כשל,NOUN,NOUN,Gender=Masc|Number=Sing,44.0,compound:smixut,"(167, 170)",כשל,
46,שונה,ADJ,ADJ,Gender=Masc|Number=Sing,45.0,amod,"(171, 175)",שונה,
47,(,PUNCT,PUNCT,,48.0,punct,"(176, 177)",(,
48,הנחה,NOUN,NOUN,Gender=Fem|Number=Sing,44.0,appos,"(177, 181)",הנחה,
"(49, 50)",שאוששה,,,,,,"(182, 188)",,"[{'id': 49, 'text': 'ש', 'upos': 'SCONJ', 'xpos': 'SCONJ', 'head': 50, 'deprel': 'mark', 'lemma': 'ש'}, {'id': 50, 'text': 'אוששה', 'upos': 'VERB', 'xpos': 'VERB', 'feats': 'Gender=Fem|HebBinyan=PUAL|Number=Sing|Person=3|Tense=Past|Voice=Pass', 'head': 48, 'deprel': 'acl:relcl', 'lemma': 'אושש'}]"
51,לאחר,ADP,ADP,,52.0,case,"(189, 193)",לאחר,
52,ביקוע,NOUN,NOUN,Definite=Cons|Gender=Masc|Number=Sing,50.0,obl,"(194, 199)",ביקוע,
"(53, 54)",הדגמים,,,,,,"(200, 206)",,"[{'id': 53, 'text': 'ה', 'upos': 'DET', 'xpos': 'DET', 'feats': 'PronType=Art', 'head': 54, 'deprel': 'det:def', 'lemma': 'ה'}, {'id': 54, 'text': 'דגמים', 'upos': 'NOUN', 'xpos': 'NOUN', 'feats': 'Gender=Masc|Number=Plur', 'head': 52, 'deprel': 'compound:smixut', 'lemma': 'דגם'}]"
55,),PUNCT,PUNCT,,48.0,punct,"(206, 207)",),
"(1, 3)",בדגמים,,,,,,"(1, 7)",,"[{'id': 1, 'text': 'ב', 'upos': 'ADP', 'xpos': 'ADP', 'head': 3, 'deprel': 'case', 'lemma': 'ב'}, {'id': 2, 'text': 'ה_', 'upos': 'DET', 'xpos': 'DET', 'feats': 'PronType=Art', 'head': 3, 'deprel': 'det:def', 'lemma': 'ה'}, {'id': 3, 'text': 'דגמים', 'upos': 'NOUN', 'xpos': 'NOUN', 'feats': 'Gender=Masc|Number=Plur', 'head': 7, 'deprel': 'obl', 'lemma': 'דגם'}]"
"(4, 5)",שנבחנו,,,,,,"(8, 14)",,"[{'id': 4, 'text': 'ש', 'upos': 'SCONJ', 'xpos': 'SCONJ', 'head': 5, 'deprel': 'mark', 'lemma': 'ש'}, {'id': 5, 'text': 'נבחנו', 'upos': 'VERB', 'xpos': 'VERB', 'feats': 'Gender=Fem,Masc|HebBinyan=NIFAL|Number=Plur|Person=3|Tense=Past|Voice=Mid', 'head': 3, 'deprel': 'acl:relcl', 'lemma': 'נבחן'}]"
6,לא,ADV,ADV,Polarity=Neg,7.0,advmod,"(15, 17)",לא,
7,התקבלו,VERB,VERB,"Gender=Fem,Masc|HebBinyan=HITPAEL|Number=Plur|Person=3|Tense=Past",0.0,root,"(18, 24)",התקבל,
8,שינויים,NOUN,NOUN,Gender=Masc|Number=Plur,7.0,nsubj,"(25, 32)",שינוי,
9,משמעותיים,ADJ,ADJ,Gender=Masc|Number=Plur,8.0,amod,"(33, 42)",משמעותי,
"(10, 11)",בערכי,,,,,,"(43, 48)",,"[{'id': 10, 'text': 'ב', 'upos': 'ADP', 'xpos': 'ADP', 'head': 11, 'deprel': 'case', 'lemma': 'ב'}, {'id': 11, 'text': 'ערכי', 'upos': 'NOUN', 'xpos': 'NOUN', 'feats': 'Definite=Cons|Gender=Masc|Number=Plur', 'head': 8, 'deprel': 'nmod', 'lemma': 'ערך'}]"
12,מאמץ,NOUN,NOUN,Definite=Cons|Gender=Masc|Number=Sing,11.0,compound:smixut,"(49, 53)",מאמץ,
"(13, 14)",ההידבקות,,,,,,"(54, 62)",,"[{'id': 13, 'text': 'ה', 'upos': 'DET', 'xpos': 'DET', 'feats': 'PronType=Art', 'head': 14, 'deprel': 'det:def', 'lemma': 'ה'}, {'id': 14, 'text': 'הידבקות', 'upos': 'NOUN', 'xpos': 'NOUN', 'feats': 'Gender=Fem|Number=Sing', 'head': 12, 'deprel': 'compound:smixut', 'lemma': 'הידבקות'}]"
"(15, 16)",הממוצע,,,,,,"(63, 69)",,"[{'id': 15, 'text': 'ה', 'upos': 'DET', 'xpos': 'DET', 'feats': 'PronType=Art', 'head': 16, 'deprel': 'det:def', 'lemma': 'ה'}, {'id': 16, 'text': 'ממוצע', 'upos': 'ADJ', 'xpos': 'ADJ', 'feats': 'Gender=Masc|Number=Sing', 'head': 12, 'deprel': 'amod', 'lemma': 'ממוצע'}]"
"(17, 18)",המרבי,,,,,,"(70, 75)",,"[{'id': 17, 'text': 'ה', 'upos': 'DET', 'xpos': 'DET', 'feats': 'PronType=Art', 'head': 18, 'deprel': 'det:def', 'lemma': 'ה'}, {'id': 18, 'text': 'מרבי', 'upos': 'ADJ', 'xpos': 'ADJ', 'feats': 'Gender=Masc|Number=Sing', 'head': 12, 'deprel': 'amod', 'lemma': 'מרבי'}]"
19,",",PUNCT,PUNCT,,7.0,punct,"(75, 76)",",",
20,אך,CCONJ,CCONJ,,23.0,cc,"(77, 79)",אך,
21,מאמץ,NOUN,NOUN,Gender=Masc|Number=Sing,23.0,nsubj,"(80, 84)",מאמץ,
22,זה,PRON,PRON,Gender=Masc|Number=Sing|Person=3|PronType=Dem,21.0,det,"(85, 87)",זה,
23,התפתח,VERB,VERB,Gender=Masc|HebBinyan=HITPAEL|Number=Sing|Person=3|Tense=Past,7.0,conj,"(88, 93)",התפתח,
"(24, 25)",בערכי,,,,,,"(94, 99)",,"[{'id': 24, 'text': 'ב', 'upos': 'ADP', 'xpos': 'ADP', 'head': 25, 'deprel': 'case', 'lemma': 'ב'}, {'id': 25, 'text': 'ערכי', 'upos': 'NOUN', 'xpos': 'NOUN', 'feats': 'Definite=Cons|Gender=Masc|Number=Plur', 'head': 23, 'deprel': 'obl', 'lemma': 'ערך'}]"
26,החלקה,NOUN,NOUN,Gender=Fem|Number=Sing,25.0,compound:smixut,"(100, 105)",החלקה,
27,שונים,ADJ,ADJ,Gender=Masc|Number=Plur,25.0,amod,"(106, 111)",שונה,
1,בחינה,NOUN,NOUN,Gender=Fem|Number=Sing,9.0,nsubj,"(1, 6)",בחינה,
2,של,ADP,ADP,Case=Gen,3.0,case:gen,"(7, 9)",של,
3,השתנות,NOUN,NOUN,Definite=Cons|Gender=Fem|Number=Plur,1.0,nmod:poss,"(10, 16)",השתנה,
4,עקומי,NOUN,NOUN,Definite=Cons|Gender=Masc|Number=Plur,3.0,compound:smixut,"(17, 22)",עקום,
5,מאמץ,NOUN,NOUN,Definite=Cons|Gender=Masc|Number=Sing,4.0,compound:smixut,"(23, 27)",מאמץ,
6,הידבקות,NOUN,NOUN,Definite=Cons|Gender=Fem|Number=Sing,5.0,compound:smixut,"(28, 35)",הידבקות,
7,-,PUNCT,PUNCT,,6.0,punct,"(35, 36)",-,
8,החלקה,NOUN,NOUN,Gender=Fem|Number=Sing,6.0,nmod,"(36, 41)",החלקה,
9,הצביעו,VERB,VERB,"Gender=Fem,Masc|HebBinyan=HIFIL|Number=Plur|Person=3|Tense=Past|Voice=Act",0.0,root,"(42, 48)",הצביע,
10,על,ADP,ADP,,11.0,case,"(49, 51)",על,
11,התפתחות,NOUN,NOUN,Definite=Cons|Gender=Fem|Number=Sing,9.0,obl,"(52, 59)",התפתחות,
12,סדיקה,NOUN,NOUN,Gender=Fem|Number=Sing,11.0,compound:smixut,"(60, 65)",סדיקה,
13,רדיאלית,ADJ,ADJ,Gender=Fem|Number=Sing,12.0,amod,"(66, 73)",רדיאלי,
"(14, 15)",שאובחנה,,,,,,"(74, 81)",,"[{'id': 14, 'text': 'ש', 'upos': 'SCONJ', 'xpos': 'SCONJ', 'head': 15, 'deprel': 'mark', 'lemma': 'ש'}, {'id': 15, 'text': 'אובחנה', 'upos': 'VERB', 'xpos': 'VERB', 'feats': 'Gender=Fem|HebBinyan=PUAL|Number=Sing|Person=3|Tense=Past|Voice=Pass', 'head': 12, 'deprel': 'acl:relcl', 'lemma': 'אובחן'}]"
16,לאחר,ADP,ADP,,17.0,case,"(82, 86)",לאחר,
17,בקיעת,NOUN,NOUN,Definite=Cons|Gender=Fem|Number=Sing,15.0,obl,"(87, 92)",בקיעה,
"(18, 19)",הדגמים,,,,,,"(93, 99)",,"[{'id': 18, 'text': 'ה', 'upos': 'DET', 'xpos': 'DET', 'feats': 'PronType=Art', 'head': 19, 'deprel': 'det:def', 'lemma': 'ה'}, {'id': 19, 'text': 'דגמים', 'upos': 'NOUN', 'xpos': 'NOUN', 'feats': 'Gender=Masc|Number=Plur', 'head': 17, 'deprel': 'compound:smixut', 'lemma': 'דגם'}]"
1,התפתחות,NOUN,NOUN,Definite=Cons|Gender=Fem|Number=Sing,5.0,nsubj,"(1, 8)",התפתחות,
2,סדיקה,NOUN,NOUN,Gender=Fem|Number=Sing,1.0,compound:smixut,"(9, 14)",סדיקה,
3,זו,PRON,PRON,Gender=Fem|Number=Sing|Person=3|PronType=Dem,2.0,det,"(15, 17)",זו,
"(4, 5)",הקטינה,,,,,,"(18, 24)",,"[{'id': 4, 'text': 'ה', 'upos': 'DET', 'xpos': 'DET', 'feats': 'PronType=Art', 'head': 5, 'deprel': 'mark', 'lemma': 'ה'}, {'id': 5, 'text': 'קטינה', 'upos': 'VERB', 'xpos': 'VERB', 'feats': 'Gender=Fem|Number=Sing|Person=3|Tense=Past', 'head': 0, 'deprel': 'root', 'lemma': 'קטין'}]"
6,את,ADP,ADP,Case=Acc,7.0,case:acc,"(25, 27)",את,
7,קשיחות,NOUN,NOUN,Definite=Cons|Gender=Fem|Number=Plur,5.0,obj,"(28, 34)",קשיחה,
8,טבעת,NOUN,NOUN,Definite=Cons|Gender=Fem|Number=Sing,7.0,compound:smixut,"(35, 39)",טבעת,
"(9, 10)",הבטון,,,,,,"(40, 45)",,"[{'id': 9, 'text': 'ה', 'upos': 'DET', 'xpos': 'DET', 'feats': 'PronType=Art', 'head': 10, 'deprel': 'det:def', 'lemma': 'ה'}, {'id': 10, 'text': 'בטון', 'upos': 'NOUN', 'xpos': 'NOUN', 'feats': 'Gender=Masc|Number=Sing', 'head': 8, 'deprel': 'compound:smixut', 'lemma': 'בטון'}]"
"(11, 12)",העוטפת,,,,,,"(46, 52)",,"[{'id': 11, 'text': 'ה', 'upos': 'SCONJ', 'xpos': 'SCONJ', 'head': 12, 'deprel': 'mark', 'lemma': 'ה'}, {'id': 12, 'text': 'עוטפת', 'upos': 'VERB', 'xpos': 'VERB', 'feats': 'Gender=Fem|HebBinyan=PAAL|Number=Sing|Person=1,2,3|VerbForm=Part|Voice=Act', 'head': 8, 'deprel': 'acl:relcl', 'lemma': 'עטף'}]"
13,את,ADP,ADP,Case=Acc,14.0,case:acc,"(53, 55)",את,
14,מוט,NOUN,NOUN,Definite=Cons|Gender=Masc|Number=Sing,12.0,obj,"(56, 59)",מוט,
"(15, 16)",הפלדה,,,,,,"(60, 65)",,"[{'id': 15, 'text': 'ה', 'upos': 'DET', 'xpos': 'DET', 'feats': 'PronType=Art', 'head': 16, 'deprel': 'det:def', 'lemma': 'ה'}, {'id': 16, 'text': 'פלדה', 'upos': 'NOUN', 'xpos': 'NOUN', 'feats': 'Gender=Fem|Number=Sing', 'head': 14, 'deprel': 'compound:smixut', 'lemma': 'פלדה'}]"
"(17, 18)",וגרמה,,,,,,"(66, 71)",,"[{'id': 17, 'text': 'ו', 'upos': 'CCONJ', 'xpos': 'CCONJ', 'head': 18, 'deprel': 'cc', 'lemma': 'ו'}, {'id': 18, 'text': 'גרמה', 'upos': 'VERB', 'xpos': 'VERB', 'feats': 'Gender=Fem|HebBinyan=PAAL|Number=Sing|Person=3|Tense=Past|Voice=Act', 'head': 5, 'deprel': 'conj', 'lemma': 'גרם'}]"
"(19, 20)",להתפתחות,,,,,,"(72, 80)",,"[{'id': 19, 'text': 'ל', 'upos': 'ADP', 'xpos': 'ADP', 'head': 20, 'deprel': 'case', 'lemma': 'ל'}, {'id': 20, 'text': 'התפתחות', 'upos': 'NOUN', 'xpos': 'NOUN', 'feats': 'Definite=Cons|Gender=Fem|Number=Sing', 'head': 18, 'deprel': 'obl', 'lemma': 'התפתחות'}]"
21,עיבורים,NOUN,NOUN,Gender=Masc|Number=Plur,20.0,compound:smixut,"(81, 88)",עיבור,
"(22, 23)",היקפיים,,,,,,"(89, 96)",,"[{'id': 22, 'text': 'ה', 'upos': 'DET', 'xpos': 'DET', 'feats': 'PronType=Art', 'head': 23, 'deprel': 'det:def', 'lemma': 'ה'}, {'id': 23, 'text': 'יקפיים', 'upos': 'ADJ', 'xpos': 'ADJ', 'feats': 'Gender=Masc|Number=Plur', 'head': 21, 'deprel': 'amod', 'lemma': 'יקפי'}]"
"(24, 25)",הגבוהים,,,,,,"(97, 104)",,"[{'id': 24, 'text': 'ה', 'upos': 'DET', 'xpos': 'DET', 'feats': 'PronType=Art', 'head': 25, 'deprel': 'mark', 'lemma': 'ה'}, {'id': 25, 'text': 'גבוהים', 'upos': 'ADJ', 'xpos': 'ADJ', 'feats': 'Gender=Masc|Number=Plur', 'head': 21, 'deprel': 'acl:relcl', 'lemma': 'גבוה'}]"
"(26, 27)",בכ,,,,,,"(105, 107)",,"[{'id': 26, 'text': 'ב', 'upos': 'ADP', 'xpos': 'ADP', 'head': 30, 'deprel': 'case', 'lemma': 'ב'}, {'id': 27, 'text': 'כ', 'upos': 'ADV', 'xpos': 'ADV', 'head': 30, 'deprel': 'advmod', 'lemma': 'כ'}]"
28,-,PUNCT,PUNCT,,30.0,punct,"(107, 108)",-,
29,200,NUM,NUM,,30.0,nummod,"(108, 111)",200,
30,%,NOUN,NOUN,"Gender=Masc|Number=Plur,Sing",25.0,advmod,"(111, 112)",%,
1,כבר,ADV,ADV,,2.0,advmod,"(1, 4)",כבר,
"(2, 3)",בשלב,,,,,,"(5, 9)",,"[{'id': 2, 'text': 'ב', 'upos': 'ADP', 'xpos': 'ADP', 'head': 3, 'deprel': 'case', 'lemma': 'ב'}, {'id': 3, 'text': 'שלב', 'upos': 'NOUN', 'xpos': 'NOUN', 'feats': 'Gender=Masc|Number=Sing', 'head': 8, 'deprel': 'obl', 'lemma': 'שלב'}]"
4,זה,PRON,PRON,Gender=Masc|Number=Sing|Person=3|PronType=Dem,3.0,det,"(10, 12)",זה,
5,של,ADP,ADP,Case=Gen,7.0,case:gen,"(13, 15)",של,
"(6, 7)",המחקר,,,,,,"(16, 21)",,"[{'id': 6, 'text': 'ה', 'upos': 'DET', 'xpos': 'DET', 'feats': 'PronType=Art', 'head': 7, 'deprel': 'det:def', 'lemma': 'ה'}, {'id': 7, 'text': 'מחקר', 'upos': 'NOUN', 'xpos': 'NOUN', 'feats': 'Gender=Masc|Number=Sing', 'head': 3, 'deprel': 'nmod', 'lemma': 'מחקר'}]"
8,זוהתה,VERB,VERB,Gender=Fem|HebBinyan=PUAL|Number=Sing|Person=3|Tense=Past|Voice=Pass,0.0,root,"(22, 27)",זהה,
9,התנהגות,NOUN,NOUN,Gender=Fem|Number=Sing,8.0,nsubj,"(28, 35)",התנהגות,
10,שונה,ADJ,ADJ,Gender=Fem|Number=Sing,9.0,amod,"(36, 40)",שונה,
"(11, 13)",בפרמטרים,,,,,,"(41, 49)",,"[{'id': 11, 'text': 'ב', 'upos': 'ADP', 'xpos': 'ADP', 'head': 13, 'deprel': 'case', 'lemma': 'ב'}, {'id': 12, 'text': 'ה_', 'upos': 'DET', 'xpos': 'DET', 'feats': 'PronType=Art', 'head': 13, 'deprel': 'det:def', 'lemma': 'ה'}, {'id': 13, 'text': 'פרמטרים', 'upos': 'NOUN', 'xpos': 'NOUN', 'feats': 'Gender=Masc|Number=Plur', 'head': 9, 'deprel': 'nmod', 'lemma': 'פרמטר'}]"
14,מסוימים,ADJ,ADJ,Gender=Masc|Number=Plur,13.0,amod,"(50, 57)",מסוים,
15,",",PUNCT,PUNCT,,9.0,punct,"(57, 58)",",",
16,בין,ADP,ADP,,17.0,case,"(59, 62)",בין,
17,תערובת,NOUN,NOUN,Definite=Cons|Gender=Fem|Number=Sing,9.0,nmod,"(63, 69)",תערובת,
18,בטון,NOUN,NOUN,,17.0,compound:smixut,"(70, 74)",בטון,
19,עם,ADP,ADP,,20.0,case,"(75, 77)",עם,
20,אגרגט,NOUN,NOUN,Gender=Masc|Number=Sing,17.0,nmod,"(78, 83)",אגרגט,
21,טבעי,ADJ,ADJ,Gender=Masc|Number=Sing,20.0,amod,"(84, 88)",טבעי,
22,לבין,ADP,ADP,,23.0,case,"(89, 93)",לבין,
23,תערובת,NOUN,NOUN,Definite=Cons|Gender=Fem|Number=Sing,17.0,conj,"(94, 100)",תערובת,
24,בטון,NOUN,NOUN,Gender=Masc|Number=Sing,23.0,compound:smixut,"(101, 105)",בטון,
25,עם,ADP,ADP,,26.0,case,"(106, 108)",עם,
26,אגרגט,NOUN,NOUN,Gender=Masc|Number=Sing,23.0,nmod,"(109, 114)",אגרגט,
27,ממוחזר,VERB,VERB,"Gender=Masc|HebBinyan=PUAL|Number=Sing|Person=1,2,3|VerbForm=Part|Voice=Pass",26.0,amod,"(115, 121)",מוחזר,
"(28, 29)",מבטון,,,,,,"(122, 127)",,"[{'id': 28, 'text': 'מ', 'upos': 'ADP', 'xpos': 'ADP', 'head': 29, 'deprel': 'case', 'lemma': 'מ'}, {'id': 29, 'text': 'בטון', 'upos': 'NOUN', 'xpos': 'NOUN', 'feats': 'Gender=Masc|Number=Sing', 'head': 26, 'deprel': 'nmod', 'lemma': 'בטון'}]"
"(30, 32)",בהקשר,,,,,,"(128, 133)",,"[{'id': 30, 'text': 'ב', 'upos': 'ADP', 'xpos': 'ADP', 'head': 32, 'deprel': 'case', 'lemma': 'ב'}, {'id': 31, 'text': 'ה_', 'upos': 'DET', 'xpos': 'DET', 'feats': 'PronType=Art', 'head': 32, 'deprel': 'det:def', 'lemma': 'ה'}, {'id': 32, 'text': 'הקשר', 'upos': 'NOUN', 'xpos': 'NOUN', 'feats': 'Gender=Masc|Number=Sing', 'head': 23, 'deprel': 'nmod', 'lemma': 'הקשר'}]"
33,של,ADP,ADP,Case=Gen,35.0,case:gen,"(134, 136)",של,
"(34, 35)",ההידבקות,,,,,,"(137, 145)",,"[{'id': 34, 'text': 'ה', 'upos': 'DET', 'xpos': 'DET', 'feats': 'PronType=Art', 'head': 35, 'deprel': 'det:def', 'lemma': 'ה'}, {'id': 35, 'text': 'הידבקות', 'upos': 'NOUN', 'xpos': 'NOUN', 'feats': 'Gender=Fem|Number=Sing', 'head': 32, 'deprel': 'nmod:poss', 'lemma': 'הידבקות'}]"
36,עם,ADP,ADP,,37.0,case,"(146, 148)",עם,
37,מוט,NOUN,NOUN,Definite=Cons|Gender=Masc|Number=Sing,35.0,nmod,"(149, 152)",מוט,
38,פלדה,NOUN,NOUN,Gender=Fem|Number=Sing,37.0,compound:smixut,"(153, 157)",פלדה,
1,יצוין,VERB,VERB,Gender=Masc|HebBinyan=PUAL|Number=Sing|Person=3|Tense=Fut|Voice=Pass,0.0,root,"(1, 6)",צוין,
2,כי,SCONJ,SCONJ,,6.0,mark,"(7, 9)",כי,
"(3, 4)",בשלב,,,,,,"(10, 14)",,"[{'id': 3, 'text': 'ב', 'upos': 'ADP', 'xpos': 'ADP', 'head': 4, 'deprel': 'case', 'lemma': 'ב'}, {'id': 4, 'text': 'שלב', 'upos': 'NOUN', 'xpos': 'NOUN', 'feats': 'Gender=Masc|Number=Sing', 'head': 6, 'deprel': 'obl', 'lemma': 'שלב'}]"
5,זה,PRON,PRON,Gender=Masc|Number=Sing|Person=3|PronType=Dem,4.0,det,"(15, 17)",זה,
6,נבחנה,VERB,VERB,Gender=Fem|HebBinyan=NIFAL|Number=Sing|Person=3|Tense=Past|Voice=Mid,1.0,ccomp,"(18, 23)",נבחן,
7,החלפה,NOUN,NOUN,Gender=Fem|Number=Sing,6.0,nsubj,"(24, 29)",החלפה,
8,מלאה,ADJ,ADJ,Gender=Fem|Number=Sing,7.0,amod,"(30, 34)",מלא,
9,של,ADP,ADP,Case=Gen,10.0,case:gen,"(35, 37)",של,
10,אגרגט,NOUN,NOUN,Gender=Masc|Number=Sing,7.0,nmod,"(38, 43)",אגרגט,
11,טבעי,ADJ,ADJ,Gender=Masc|Number=Sing,10.0,amod,"(44, 48)",טבעי,
"(12, 13)",באגרגט,,,,,,"(49, 55)",,"[{'id': 12, 'text': 'ב', 'upos': 'ADP', 'xpos': 'ADP', 'head': 13, 'deprel': 'case', 'lemma': 'ב'}, {'id': 13, 'text': 'אגרגט', 'upos': 'NOUN', 'xpos': 'NOUN', 'feats': 'Gender=Masc|Number=Sing', 'head': 7, 'deprel': 'nmod', 'lemma': 'אגרגט'}]"
14,ממוחזר,VERB,VERB,"Gender=Masc|HebBinyan=PUAL|Number=Sing|Person=1,2,3|VerbForm=Part|Voice=Pass",13.0,amod,"(56, 62)",מוחזר,
15,",",PUNCT,PUNCT,,6.0,punct,"(62, 63)",",",
16,על,ADP,ADP,,18.0,case,"(64, 66)",על,
17,מנת,ADP,ADP,Definite=Cons|Gender=Fem|Number=Sing,16.0,fixed,"(67, 70)",מנה,
18,לעמוד,VERB,VERB,HebBinyan=PAAL|VerbForm=Inf|Voice=Act,6.0,advcl,"(71, 76)",עמד,
19,על,ADP,ADP,,21.0,case,"(77, 79)",על,
"(20, 21)",הגבול,,,,,,"(80, 85)",,"[{'id': 20, 'text': 'ה', 'upos': 'DET', 'xpos': 'DET', 'feats': 'PronType=Art', 'head': 21, 'deprel': 'det:def', 'lemma': 'ה'}, {'id': 21, 'text': 'גבול', 'upos': 'NOUN', 'xpos': 'NOUN', 'feats': 'Gender=Masc|Number=Sing', 'head': 18, 'deprel': 'obl', 'lemma': 'גבול'}]"
"(22, 23)",העליון,,,,,,"(86, 92)",,"[{'id': 22, 'text': 'ה', 'upos': 'DET', 'xpos': 'DET', 'feats': 'PronType=Art', 'head': 23, 'deprel': 'det:def', 'lemma': 'ה'}, {'id': 23, 'text': 'עליון', 'upos': 'ADJ', 'xpos': 'ADJ', 'feats': 'Gender=Masc|Number=Sing', 'head': 21, 'deprel': 'amod', 'lemma': 'עליון'}]"
24,של,ADP,ADP,Case=Gen,26.0,case:gen,"(93, 95)",של,
"(25, 26)",ההבדל,,,,,,"(96, 101)",,"[{'id': 25, 'text': 'ה', 'upos': 'DET', 'xpos': 'DET', 'feats': 'PronType=Art', 'head': 26, 'deprel': 'det:def', 'lemma': 'ה'}, {'id': 26, 'text': 'הבדל', 'upos': 'NOUN', 'xpos': 'NOUN', 'feats': 'Gender=Masc|Number=Sing', 'head': 21, 'deprel': 'nmod', 'lemma': 'הבדל'}]"
"(27, 28)",האפשרי,,,,,,"(102, 108)",,"[{'id': 27, 'text': 'ה', 'upos': 'DET', 'xpos': 'DET', 'feats': 'PronType=Art', 'head': 28, 'deprel': 'det:def', 'lemma': 'ה'}, {'id': 28, 'text': 'אפשרי', 'upos': 'ADJ', 'xpos': 'ADJ', 'feats': 'Gender=Masc|Number=Sing', 'head': 26, 'deprel': 'amod', 'lemma': 'אפשרי'}]"
29,בין,ADP,ADP,,31.0,case,"(109, 112)",בין,
"(30, 31)",התערובות,,,,,,"(113, 121)",,"[{'id': 30, 'text': 'ה', 'upos': 'DET', 'xpos': 'DET', 'feats': 'PronType=Art', 'head': 31, 'deprel': 'det:def', 'lemma': 'ה'}, {'id': 31, 'text': 'תערובות', 'upos': 'NOUN', 'xpos': 'NOUN', 'feats': 'Gender=Fem|Number=Plur', 'head': 26, 'deprel': 'nmod', 'lemma': 'תערובת'}]"
1,זאת,PRON,PRON,Gender=Fem|Number=Sing|Person=3|PronType=Dem,0.0,root,"(1, 4)",זאת,
"(2, 3)",בהתייחס,,,,,,"(5, 12)",,"[{'id': 2, 'text': 'ב', 'upos': 'ADP', 'xpos': 'ADP', 'head': 6, 'deprel': 'case', 'lemma': 'ב'}, {'id': 3, 'text': 'התייחס', 'upos': 'NOUN', 'xpos': 'NOUN', 'feats': 'Gender=Fem,Masc|HebBinyan=HITPAEL|Number=Plur|Person=3|Tense=Past', 'head': 2, 'deprel': 'fixed', 'lemma': 'התייחס'}]"
"(4, 6)",לתקנים,,,,,,"(13, 19)",,"[{'id': 4, 'text': 'ל', 'upos': 'ADP', 'xpos': 'ADP', 'head': 2, 'deprel': 'fixed', 'lemma': 'ל'}, {'id': 5, 'text': 'ה_', 'upos': 'DET', 'xpos': 'DET', 'feats': 'PronType=Art', 'head': 6, 'deprel': 'det:def', 'lemma': 'ה'}, {'id': 6, 'text': 'תקנים', 'upos': 'NOUN', 'xpos': 'NOUN', 'feats': 'Gender=Masc|Number=Plur', 'head': 1, 'deprel': 'nmod', 'lemma': 'תקן'}]"
7,זרים,ADJ,ADJ,Gender=Masc|Number=Plur,6.0,amod,"(20, 24)",זר,
"(8, 9)",המגבילים,,,,,,"(25, 33)",,"[{'id': 8, 'text': 'ה', 'upos': 'SCONJ', 'xpos': 'SCONJ', 'head': 9, 'deprel': 'mark', 'lemma': 'ה'}, {'id': 9, 'text': 'מגבילים', 'upos': 'VERB', 'xpos': 'VERB', 'feats': 'Gender=Masc|HebBinyan=HIFIL|Number=Plur|Person=1,2,3|VerbForm=Part|Voice=Act', 'head': 6, 'deprel': 'acl:relcl', 'lemma': 'הגביל'}]"
10,את,ADP,ADP,Case=Acc,11.0,case:acc,"(34, 36)",את,
11,אחוז,NOUN,NOUN,Definite=Cons|Gender=Masc|Number=Sing,9.0,obj,"(37, 41)",אחוז,
"(12, 13)",השילוב,,,,,,"(42, 48)",,"[{'id': 12, 'text': 'ה', 'upos': 'DET', 'xpos': 'DET', 'feats': 'PronType=Art', 'head': 13, 'deprel': 'det:def', 'lemma': 'ה'}, {'id': 13, 'text': 'שילוב', 'upos': 'NOUN', 'xpos': 'NOUN', 'feats': 'Gender=Masc|Number=Sing', 'head': 11, 'deprel': 'compound:smixut', 'lemma': 'שילוב'}]"
14,של,ADP,ADP,Case=Gen,15.0,case:gen,"(49, 51)",של,
15,אגרגט,NOUN,NOUN,Gender=Masc|Number=Sing,11.0,nmod:poss,"(52, 57)",אגרגט,
16,ממוחזר,VERB,VERB,"Gender=Masc|HebBinyan=PUAL|Number=Sing|Person=1,2,3|VerbForm=Part|Voice=Pass",15.0,amod,"(58, 64)",מוחזר,
"(17, 18)",בתערובת,,,,,,"(65, 72)",,"[{'id': 17, 'text': 'ב', 'upos': 'ADP', 'xpos': 'ADP', 'head': 18, 'deprel': 'case', 'lemma': 'ב'}, {'id': 18, 'text': 'תערובת', 'upos': 'NOUN', 'xpos': 'NOUN', 'feats': 'Gender=Fem|Number=Sing', 'head': 15, 'deprel': 'nmod', 'lemma': 'תערובת'}]"
19,לצד,ADP,ADP,,20.0,case,"(73, 76)",לצד,
20,הגבלות,NOUN,NOUN,Gender=Fem|Number=Plur,9.0,obl,"(77, 83)",הגבלה,
21,אחרות,ADJ,ADJ,Gender=Fem|Number=Plur,20.0,amod,"(84, 89)",אחר,
22,נוספות,ADJ,ADJ,Gender=Fem|Number=Plur,20.0,amod,"(90, 96)",נוסף,
1,כמו,ADP,ADP,,2.0,case,"(1, 4)",כמו,
2,כן,PRON,PRON,Person=3|PronType=Dem,3.0,obl,"(5, 7)",כן,
3,נדגיש,VERB,VERB,"Gender=Masc|HebBinyan=NIFAL|Number=Sing|Person=1,2,3|VerbForm=Part|Voice=Mid",0.0,root,"(8, 13)",הדגיש,
4,",",PUNCT,PUNCT,,3.0,punct,"(13, 14)",",",
5,כי,SCONJ,SCONJ,,9.0,mark,"(15, 17)",כי,
"(6, 7)",בשלב,,,,,,"(18, 22)",,"[{'id': 6, 'text': 'ב', 'upos': 'ADP', 'xpos': 'ADP', 'head': 7, 'deprel': 'case', 'lemma': 'ב'}, {'id': 7, 'text': 'שלב', 'upos': 'NOUN', 'xpos': 'NOUN', 'feats': 'Gender=Masc|Number=Sing', 'head': 9, 'deprel': 'obl', 'lemma': 'שלב'}]"
8,זה,PRON,PRON,Gender=Masc|Number=Sing|Person=3|PronType=Dem,7.0,det,"(23, 25)",זה,
9,השתמשנו,VERB,VERB,"Gender=Fem,Masc|HebBinyan=HITPAEL|Number=Plur|Person=3|Tense=Past",3.0,ccomp,"(26, 33)",השתמש,
"(10, 11)",באגרגט,,,,,,"(34, 40)",,"[{'id': 10, 'text': 'ב', 'upos': 'ADP', 'xpos': 'ADP', 'head': 11, 'deprel': 'case', 'lemma': 'ב'}, {'id': 11, 'text': 'אגרגט', 'upos': 'NOUN', 'xpos': 'NOUN', 'feats': 'Definite=Cons|Gender=Masc|Number=Sing', 'head': 9, 'deprel': 'obl', 'lemma': 'אגרגט'}]"
12,גס,NOUN,NOUN,Gender=Masc|Number=Sing,11.0,compound:smixut,"(41, 43)",גס,
13,קטן,ADJ,ADJ,Gender=Masc|Number=Sing,11.0,amod,"(44, 47)",קטן,
14,בלבד,ADV,ADV,,11.0,advmod,"(48, 52)",בלבד,
15,על,ADP,ADP,,17.0,case,"(53, 55)",על,
16,מנת,ADP,ADP,,15.0,fixed,"(56, 59)",מנה,
17,להגיע,VERB,VERB,HebBinyan=HIFIL|VerbForm=Inf|Voice=Act,9.0,advcl,"(60, 65)",הגיע,
"(18, 19)",לאחידות,,,,,,"(66, 73)",,"[{'id': 18, 'text': 'ל', 'upos': 'ADP', 'xpos': 'ADP', 'head': 19, 'deprel': 'case', 'lemma': 'ל'}, {'id': 19, 'text': 'אחידות', 'upos': 'NOUN', 'xpos': 'NOUN', 'feats': 'Gender=Fem|Number=Sing', 'head': 17, 'deprel': 'obl', 'lemma': 'אחידות'}]"
20,גבוהה,ADJ,ADJ,Gender=Fem|Number=Sing,19.0,amod,"(74, 79)",גבוה,
21,ככל,SCONJ,SCONJ,,23.0,case,"(80, 83)",ככל,
"(22, 23)",האפשר,,,,,,"(84, 89)",,"[{'id': 22, 'text': 'ה', 'upos': 'DET', 'xpos': 'DET', 'feats': 'PronType=Art', 'head': 23, 'deprel': 'mark', 'lemma': 'ה'}, {'id': 23, 'text': 'אפשר', 'upos': 'AUX', 'xpos': 'AUX', 'feats': 'VerbType=Mod', 'head': 20, 'deprel': 'advmod', 'lemma': 'אפשר'}]"
24,של,ADP,ADP,Case=Gen,26.0,case:gen,"(90, 92)",של,
"(25, 26)",התערובת,,,,,,"(93, 100)",,"[{'id': 25, 'text': 'ה', 'upos': 'DET', 'xpos': 'DET', 'feats': 'PronType=Art', 'head': 26, 'deprel': 'det:def', 'lemma': 'ה'}, {'id': 26, 'text': 'תערובת', 'upos': 'NOUN', 'xpos': 'NOUN', 'feats': 'Gender=Fem|Number=Sing', 'head': 19, 'deprel': 'nmod', 'lemma': 'תערובת'}]"
"(27, 28)",שתאפשר,,,,,,"(101, 107)",,"[{'id': 27, 'text': 'ש', 'upos': 'SCONJ', 'xpos': 'SCONJ', 'head': 28, 'deprel': 'mark', 'lemma': 'ש'}, {'id': 28, 'text': 'תאפשר', 'upos': 'VERB', 'xpos': 'VERB', 'feats': 'Gender=Fem|HebBinyan=PIEL|Number=Sing|Person=3|Tense=Fut|Voice=Act', 'head': 26, 'deprel': 'acl:relcl', 'lemma': 'אפשר'}]"
29,קבלת,NOUN,NOUN,Definite=Cons|Gender=Fem|Number=Sing,28.0,obj,"(108, 112)",קבלה,
30,תוצאות,NOUN,NOUN,Definite=Cons|Gender=Fem|Number=Plur,29.0,compound:smixut,"(113, 119)",תוצאה,
"(31, 32)",הדירות,,,,,,"(120, 126)",,"[{'id': 31, 'text': 'ה', 'upos': 'DET', 'xpos': 'DET', 'feats': 'PronType=Art', 'head': 32, 'deprel': 'det:def', 'lemma': 'ה'}, {'id': 32, 'text': 'דירות', 'upos': 'NOUN', 'xpos': 'NOUN', 'feats': 'Gender=Fem|Number=Plur', 'head': 30, 'deprel': 'compound:smixut', 'lemma': 'דירה'}]"
33,תוך,ADP,ADP,,34.0,case,"(127, 130)",תוך,
34,שימוש,NOUN,NOUN,Gender=Masc|Number=Sing,28.0,obl,"(131, 136)",שימוש,
"(35, 36)",במספר,,,,,,"(137, 142)",,"[{'id': 35, 'text': 'ב', 'upos': 'ADP', 'xpos': 'ADP', 'head': 36, 'deprel': 'case', 'lemma': 'ב'}, {'id': 36, 'text': 'מספר', 'upos': 'NOUN', 'xpos': 'NOUN', 'feats': 'Gender=Masc|Number=Sing', 'head': 34, 'deprel': 'nmod', 'lemma': 'מספר'}]"
37,קטן,ADJ,ADJ,Gender=Masc|Number=Sing,36.0,amod,"(143, 146)",קטן,
38,של,ADP,ADP,Case=Gen,39.0,case:gen,"(147, 149)",של,
39,דגמים,NOUN,NOUN,Gender=Masc|Number=Plur,36.0,nmod,"(150, 155)",דגם,
"(40, 42)",ובהמשך,,,,,,"(156, 162)",,"[{'id': 40, 'text': 'ו', 'upos': 'CCONJ', 'xpos': 'CCONJ', 'head': 43, 'deprel': 'cc', 'lemma': 'ו'}, {'id': 41, 'text': 'ב', 'upos': 'ADP', 'xpos': 'ADP', 'head': 42, 'deprel': 'case', 'lemma': 'ב'}, {'id': 42, 'text': 'המשך', 'upos': 'NOUN', 'xpos': 'NOUN', 'head': 43, 'deprel': 'obl', 'lemma': 'המשך'}]"
43,יש,VERB,VERB,HebExistential=True,9.0,conj,"(163, 165)",יש,
44,צורך,NOUN,NOUN,Gender=Masc|Number=Sing,43.0,nsubj,"(166, 170)",צורך,
45,לשלב,VERB,VERB,HebBinyan=PIEL|VerbForm=Inf|Voice=Act,44.0,acl,"(171, 175)",שילב,
46,גם,ADV,ADV,,47.0,det,"(176, 178)",גם,
47,אגרגט,NOUN,NOUN,Definite=Cons|Gender=Masc|Number=Sing,45.0,obj,"(179, 184)",אגרגט,
48,גס,ADJ,ADJ,Gender=Masc|Number=Sing,47.0,amod,"(185, 187)",גס,
49,גדול,ADJ,ADJ,Gender=Masc|Number=Sing,47.0,amod,"(188, 192)",גדול,
50,על,ADP,ADP,,52.0,case,"(193, 195)",על,
51,מנת,ADP,ADP,,50.0,fixed,"(196, 199)",מנה,
52,לדמות,VERB,VERB,HebBinyan=PIEL|VerbForm=Inf|Voice=Act,43.0,advcl,"(200, 205)",דמה,
53,תערובת,NOUN,NOUN,Gender=Fem|Number=Sing,52.0,obj,"(206, 212)",תערובת,
54,מקובלת,ADJ,ADJ,Gender=Fem|Number=Sing,53.0,amod,"(213, 219)",מקובל,
1,לאור,ADP,ADP,,2.0,case,"(1, 5)",לאור,
2,זאת,PRON,PRON,Gender=Fem|Number=Sing|Person=3|PronType=Dem,3.0,obl,"(6, 9)",זאת,
3,ניתן,AUX,AUX,"Gender=Masc|Number=Sing|Person=1,2,3|VerbType=Mod",4.0,aux,"(10, 14)",ניתן,
4,לומר,VERB,VERB,HebBinyan=PAAL|VerbForm=Inf|Voice=Act,0.0,root,"(15, 19)",אמר,
5,כי,SCONJ,SCONJ,,25.0,mark,"(20, 22)",כי,
6,תוצאות,NOUN,NOUN,Definite=Cons|Gender=Fem|Number=Plur,25.0,nsubj,"(23, 29)",תוצאה,
7,מחקר,NOUN,NOUN,Gender=Masc|Number=Sing,6.0,compound:smixut,"(30, 34)",מחקר,
"(8, 9)",בשלב,,,,,,"(35, 39)",,"[{'id': 8, 'text': 'ב', 'upos': 'ADP', 'xpos': 'ADP', 'head': 9, 'deprel': 'case', 'lemma': 'ב'}, {'id': 9, 'text': 'שלב', 'upos': 'NOUN', 'xpos': 'NOUN', 'feats': 'Gender=Masc|Number=Sing', 'head': 7, 'deprel': 'nmod', 'lemma': 'שלב'}]"
10,זה,PRON,PRON,Gender=Masc|Number=Sing|Person=3|PronType=Dem,9.0,det,"(40, 42)",זה,
11,",",PUNCT,PUNCT,,13.0,punct,"(42, 43)",",",
12,למרות,ADP,ADP,,13.0,case,"(44, 49)",למרות,
"(13, 15)",חשיבותן,,,,,,"(50, 57)",,"[{'id': 13, 'text': 'חשיבות_', 'upos': 'NOUN', 'xpos': 'NOUN', 'feats': 'Definite=Def|Gender=Fem|Number=Sing', 'head': 6, 'deprel': 'nmod', 'lemma': 'חשיבות'}, {'id': 14, 'text': '_של_', 'upos': 'ADP', 'xpos': 'ADP', 'head': 15, 'deprel': 'case:gen', 'lemma': 'של'}, {'id': 15, 'text': '_הן', 'upos': 'PRON', 'xpos': 'PRON', 'feats': 'Case=Gen|Gender=Fem|Number=Plur|Person=3|PronType=Prs', 'head': 13, 'deprel': 'nmod:poss', 'lemma': 'הוא'}]"
"(16, 18)",והמידע,,,,,,"(58, 64)",,"[{'id': 16, 'text': 'ו', 'upos': 'CCONJ', 'xpos': 'CCONJ', 'head': 18, 'deprel': 'cc', 'lemma': 'ו'}, {'id': 17, 'text': 'ה', 'upos': 'DET', 'xpos': 'DET', 'feats': 'PronType=Art', 'head': 18, 'deprel': 'det:def', 'lemma': 'ה'}, {'id': 18, 'text': 'מידע', 'upos': 'NOUN', 'xpos': 'NOUN', 'feats': 'Gender=Masc|Number=Sing', 'head': 13, 'deprel': 'conj', 'lemma': 'מידע'}]"
"(19, 20)",החדש,,,,,,"(65, 69)",,"[{'id': 19, 'text': 'ה', 'upos': 'DET', 'xpos': 'DET', 'feats': 'PronType=Art', 'head': 20, 'deprel': 'det:def', 'lemma': 'ה'}, {'id': 20, 'text': 'חדש', 'upos': 'ADJ', 'xpos': 'ADJ', 'feats': 'Gender=Masc|Number=Sing', 'head': 18, 'deprel': 'amod', 'lemma': 'חדש'}]"
"(21, 22)",שהן,,,,,,"(70, 73)",,"[{'id': 21, 'text': 'ש', 'upos': 'SCONJ', 'xpos': 'SCONJ', 'head': 23, 'deprel': 'mark', 'lemma': 'ש'}, {'id': 22, 'text': 'הן', 'upos': 'PRON', 'xpos': 'PRON', 'feats': 'Gender=Fem|Number=Plur|Person=3|PronType=Prs', 'head': 23, 'deprel': 'nsubj', 'lemma': 'הוא'}]"
23,מספקות,VERB,VERB,"Gender=Fem|HebBinyan=PIEL|Number=Plur|Person=1,2,3|VerbForm=Part|Voice=Act",18.0,acl:relcl,"(74, 80)",סיפק,
24,",",PUNCT,PUNCT,,25.0,punct,"(80, 81)",",",
25,מהוות,VERB,VERB,"Gender=Fem|HebBinyan=PAAL|Number=Plur|Person=1,2,3|VerbForm=Part|Voice=Act",3.0,advcl,"(82, 87)",היוות,
26,אינדיקציות,NOUN,NOUN,Gender=Fem|Number=Plur,25.0,dep,"(88, 98)",אינדיקציה,
27,ראשוניות,ADJ,ADJ,Gender=Fem|Number=Plur,26.0,amod,"(99, 107)",ראשוני,
"(28, 30)",ובכדי,,,,,,"(108, 113)",,"[{'id': 28, 'text': 'ו', 'upos': 'CCONJ', 'xpos': 'CCONJ', 'head': 47, 'deprel': 'cc', 'lemma': 'ו'}, {'id': 29, 'text': 'ב', 'upos': 'ADP', 'xpos': 'ADP', 'head': 47, 'deprel': 'mark', 'lemma': 'ב'}, {'id': 30, 'text': 'כדי', 'upos': 'ADP', 'xpos': 'ADP', 'head': 31, 'deprel': 'case', 'lemma': 'כדי'}]"
31,להגיע,VERB,VERB,HebBinyan=HIFIL|VerbForm=Inf|Voice=Act,47.0,advcl,"(114, 119)",הגיע,
"(32, 33)",להמלצות,,,,,,"(120, 127)",,"[{'id': 32, 'text': 'ל', 'upos': 'ADP', 'xpos': 'ADP', 'head': 33, 'deprel': 'case', 'lemma': 'ל'}, {'id': 33, 'text': 'המלצות', 'upos': 'NOUN', 'xpos': 'NOUN', 'feats': 'Gender=Fem|Number=Plur', 'head': 31, 'deprel': 'obl', 'lemma': 'המלצה'}]"
"(34, 35)",להיתכנות,,,,,,"(128, 136)",,"[{'id': 34, 'text': 'ל', 'upos': 'ADP', 'xpos': 'ADP', 'head': 35, 'deprel': 'case', 'lemma': 'ל'}, {'id': 35, 'text': 'היתכנות', 'upos': 'NOUN', 'xpos': 'NOUN', 'feats': 'Definite=Cons|Gender=Fem|Number=Sing', 'head': 33, 'deprel': 'nmod', 'lemma': 'היתכנות'}]"
36,שימוש,NOUN,NOUN,Gender=Masc|Number=Sing,35.0,compound:smixut,"(137, 142)",שימוש,
"(37, 38)",באגרגט,,,,,,"(143, 149)",,"[{'id': 37, 'text': 'ב', 'upos': 'ADP', 'xpos': 'ADP', 'head': 38, 'deprel': 'case', 'lemma': 'ב'}, {'id': 38, 'text': 'אגרגט', 'upos': 'NOUN', 'xpos': 'NOUN', 'feats': 'Gender=Masc|Number=Sing', 'head': 36, 'deprel': 'nmod', 'lemma': 'אגרגט'}]"
39,ממוחזר,VERB,VERB,"Gender=Masc|HebBinyan=PUAL|Number=Sing|Person=1,2,3|VerbForm=Part|Voice=Pass",38.0,amod,"(150, 156)",מוחזר,
"(40, 41)",מבטון,,,,,,"(157, 162)",,"[{'id': 40, 'text': 'מ', 'upos': 'ADP', 'xpos': 'ADP', 'head': 41, 'deprel': 'case', 'lemma': 'מ'}, {'id': 41, 'text': 'בטון', 'upos': 'NOUN', 'xpos': 'NOUN', 'feats': 'Gender=Masc|Number=Sing', 'head': 38, 'deprel': 'nmod', 'lemma': 'בטון'}]"
"(42, 43)",בבטון,,,,,,"(163, 168)",,"[{'id': 42, 'text': 'ב', 'upos': 'ADP', 'xpos': 'ADP', 'head': 43, 'deprel': 'case', 'lemma': 'ב'}, {'id': 43, 'text': 'בטון', 'upos': 'NOUN', 'xpos': 'NOUN', 'feats': 'HebSource=ConvUncertainHead', 'head': 41, 'deprel': 'nmod', 'lemma': 'בטון'}]"
44,של,ADP,ADP,Case=Gen,45.0,case:gen,"(169, 171)",של,
45,אלמנטים,NOUN,NOUN,Gender=Masc|Number=Plur,59.0,nmod:poss,"(172, 179)",אלמנט,
46,קונסטרוקטיביים,ADJ,ADJ,Gender=Masc|Number=Plur,45.0,amod,"(180, 194)",קונסטרוקטי,
47,נדרשת,VERB,VERB,"Gender=Fem|HebBinyan=NIFAL|Number=Sing|Person=1,2,3|VerbForm=Part|Voice=Mid",25.0,conj,"(195, 200)",נדרש,
48,חקירת,NOUN,NOUN,Definite=Cons|Gender=Fem|Number=Sing,47.0,nsubj,"(201, 206)",חקירה,
49,המשך,NOUN,NOUN,Gender=Masc|Number=Sing,48.0,compound:smixut,"(207, 211)",המשך,
"(50, 51)",בנושא,,,,,,"(212, 217)",,"[{'id': 50, 'text': 'ב', 'upos': 'ADP', 'xpos': 'ADP', 'head': 51, 'deprel': 'case', 'lemma': 'ב'}, {'id': 51, 'text': 'נושא', 'upos': 'NOUN', 'xpos': 'NOUN', 'feats': 'Definite=Cons|Gender=Masc|Number=Sing', 'head': 48, 'deprel': 'nmod', 'lemma': 'נושא'}]"
"(52, 53)",ההידבקות,,,,,,"(218, 226)",,"[{'id': 52, 'text': 'ה', 'upos': 'DET', 'xpos': 'DET', 'feats': 'PronType=Art', 'head': 53, 'deprel': 'det:def', 'lemma': 'ה'}, {'id': 53, 'text': 'הידבקות', 'upos': 'NOUN', 'xpos': 'NOUN', 'feats': 'Gender=Fem|Number=Sing', 'head': 51, 'deprel': 'compound:smixut', 'lemma': 'הידבקות'}]"
"(54, 55)",שתכלול,,,,,,"(227, 233)",,"[{'id': 54, 'text': 'ש', 'upos': 'SCONJ', 'xpos': 'SCONJ', 'head': 55, 'deprel': 'mark', 'lemma': 'ש'}, {'id': 55, 'text': 'תכלול', 'upos': 'VERB', 'xpos': 'VERB', 'feats': 'Gender=Fem|HebBinyan=PIEL|Number=Sing|Person=3|Tense=Fut|Voice=Act', 'head': 48, 'deprel': 'acl:relcl', 'lemma': 'כלל'}]"
56,בחינה,NOUN,NOUN,Gender=Fem|Number=Sing,55.0,obj,"(234, 239)",בחינה,
"(57, 58)",במספר,,,,,,"(240, 245)",,"[{'id': 57, 'text': 'ב', 'upos': 'ADP', 'xpos': 'ADP', 'head': 59, 'deprel': 'case', 'lemma': 'ב'}, {'id': 58, 'text': 'מספר', 'upos': 'DET', 'xpos': 'DET', 'feats': 'Definite=Cons', 'head': 59, 'deprel': 'det', 'lemma': 'מספר'}]"
59,רמות,NOUN,NOUN,Definite=Cons|Gender=Fem|Number=Plur,56.0,nmod,"(246, 250)",רמה,
60,חוזק,NOUN,NOUN,Gender=Masc|Number=Sing,59.0,compound:smixut,"(251, 255)",חוזק,
61,של,ADP,ADP,Case=Gen,62.0,case:gen,"(256, 258)",של,
62,בטון,NOUN,NOUN,Gender=Masc|Number=Sing,59.0,nmod:poss,"(259, 263)",בטון,
"(63, 64)",בלחיצה,,,,,,"(264, 270)",,"[{'id': 63, 'text': 'ב', 'upos': 'ADP', 'xpos': 'ADP', 'head': 64, 'deprel': 'case', 'lemma': 'ב'}, {'id': 64, 'text': 'לחיצה', 'upos': 'NOUN', 'xpos': 'NOUN', 'feats': 'Gender=Fem|Number=Sing', 'head': 59, 'deprel': 'nmod', 'lemma': 'לחיצה'}]"
"(65, 68)",ובמתיחה,,,,,,"(271, 278)",,"[{'id': 65, 'text': 'ו', 'upos': 'CCONJ', 'xpos': 'CCONJ', 'head': 68, 'deprel': 'cc', 'lemma': 'ו'}, {'id': 66, 'text': 'ב', 'upos': 'ADP', 'xpos': 'ADP', 'head': 68, 'deprel': 'case', 'lemma': 'ב'}, {'id': 67, 'text': 'ה_', 'upos': 'DET', 'xpos': 'DET', 'feats': 'PronType=Art', 'head': 68, 'deprel': 'det:def', 'lemma': 'ה'}, {'id': 68, 'text': 'מתיחה', 'upos': 'NOUN', 'xpos': 'NOUN', 'feats': 'Gender=Fem|Number=Sing', 'head': 64, 'deprel': 'conj', 'lemma': 'מתיחה'}]"
69,",",PUNCT,PUNCT,,48.0,punct,"(278, 279)",",",
70,שימוש,NOUN,NOUN,Gender=Masc|Number=Sing,48.0,conj,"(280, 285)",שימוש,
"(71, 72)",באגרגט,,,,,,"(286, 292)",,"[{'id': 71, 'text': 'ב', 'upos': 'ADP', 'xpos': 'ADP', 'head': 72, 'deprel': 'case', 'lemma': 'ב'}, {'id': 72, 'text': 'אגרגט', 'upos': 'NOUN', 'xpos': 'NOUN', 'feats': 'Gender=Masc|Number=Sing', 'head': 70, 'deprel': 'nmod', 'lemma': 'אגרגט'}]"
73,ממוחזר,VERB,VERB,"Gender=Masc|HebBinyan=PUAL|Number=Sing|Person=1,2,3|VerbForm=Part|Voice=Pass",72.0,amod,"(293, 299)",מוחזר,
"(74, 75)",מבטון,,,,,,"(300, 305)",,"[{'id': 74, 'text': 'מ', 'upos': 'ADP', 'xpos': 'ADP', 'head': 75, 'deprel': 'case', 'lemma': 'מ'}, {'id': 75, 'text': 'בטון', 'upos': 'NOUN', 'xpos': 'NOUN', 'feats': 'Gender=Masc|Number=Sing', 'head': 73, 'deprel': 'obl', 'lemma': 'בטון'}]"
"(76, 77)",ממקורות,,,,,,"(306, 313)",,"[{'id': 76, 'text': 'מ', 'upos': 'ADP', 'xpos': 'ADP', 'head': 77, 'deprel': 'case', 'lemma': 'מ'}, {'id': 77, 'text': 'מקורות', 'upos': 'NOUN', 'xpos': 'NOUN', 'feats': 'Gender=Masc|Number=Plur', 'head': 72, 'deprel': 'nmod', 'lemma': 'מקור'}]"
78,שונים,ADJ,ADJ,Gender=Masc|Number=Plur,77.0,amod,"(314, 319)",שונה,
"(79, 81)",ובגדלים,,,,,,"(320, 327)",,"[{'id': 79, 'text': 'ו', 'upos': 'CCONJ', 'xpos': 'CCONJ', 'head': 81, 'deprel': 'cc', 'lemma': 'ו'}, {'id': 80, 'text': 'ב', 'upos': 'ADP', 'xpos': 'ADP', 'head': 81, 'deprel': 'case', 'lemma': 'ב'}, {'id': 81, 'text': 'גדלים', 'upos': 'NOUN', 'xpos': 'NOUN', 'feats': 'Gender=Masc|Number=Plur', 'head': 77, 'deprel': 'conj', 'lemma': 'גודל'}]"
82,שונים,ADJ,ADJ,Gender=Masc|Number=Plur,81.0,amod,"(328, 333)",שונה,
"(83, 85)",ובאחוזי,,,,,,"(334, 341)",,"[{'id': 83, 'text': 'ו', 'upos': 'CCONJ', 'xpos': 'CCONJ', 'head': 85, 'deprel': 'cc', 'lemma': 'ו'}, {'id': 84, 'text': 'ב', 'upos': 'ADP', 'xpos': 'ADP', 'head': 85, 'deprel': 'case', 'lemma': 'ב'}, {'id': 85, 'text': 'אחוזי', 'upos': 'NOUN', 'xpos': 'NOUN', 'feats': 'Definite=Cons|Gender=Masc|Number=Plur', 'head': 64, 'deprel': 'conj', 'lemma': 'אחוז'}]"
86,החלפה,NOUN,NOUN,Gender=Fem|Number=Sing,85.0,compound:smixut,"(342, 347)",החלפה,
87,שונים,ADJ,ADJ,Gender=Masc|Number=Plur,85.0,amod,"(348, 353)",שונה,
"(1, 2)",המדובר,,,,,,"(1, 7)",,"[{'id': 1, 'text': 'ה', 'upos': 'DET', 'xpos': 'DET', 'feats': 'PronType=Art', 'head': 2, 'deprel': 'det:def', 'lemma': 'ה'}, {'id': 2, 'text': 'מדובר', 'upos': 'VERB', 'xpos': 'VERB', 'feats': 'Gender=Masc|HebBinyan=PUAL|Number=Sing|Person=1,2,3|VerbForm=Part|Voice=Pass', 'head': 0, 'deprel': 'root', 'lemma': 'דובר'}]"
"(3, 4)",בהיקף,,,,,,"(8, 13)",,"[{'id': 3, 'text': 'ב', 'upos': 'ADP', 'xpos': 'ADP', 'head': 4, 'deprel': 'case', 'lemma': 'ב'}, {'id': 4, 'text': 'היקף', 'upos': 'NOUN', 'xpos': 'NOUN', 'feats': 'Definite=Cons|Gender=Masc|Number=Sing', 'head': 2, 'deprel': 'obl', 'lemma': 'היקף'}]"
5,חקירה,NOUN,NOUN,Gender=Fem|Number=Sing,4.0,compound:smixut,"(14, 19)",חקירה,
6,ניסויית,ADJ,ADJ,Gender=Fem|Number=Sing,5.0,amod,"(20, 27)",ניסויי,
7,גדול,ADJ,ADJ,Gender=Masc|Number=Sing,4.0,amod,"(28, 32)",גדול,
"(8, 9)",המצריך,,,,,,"(33, 39)",,"[{'id': 8, 'text': 'ה', 'upos': 'SCONJ', 'xpos': 'SCONJ', 'head': 9, 'deprel': 'mark', 'lemma': 'ה'}, {'id': 9, 'text': 'מצריך', 'upos': 'VERB', 'xpos': 'VERB', 'feats': 'Gender=Masc|HebBinyan=HIFIL|Number=Sing|Person=1,2,3|VerbForm=Part|Voice=Act', 'head': 4, 'deprel': 'acl:relcl', 'lemma': 'הצריך'}]"
10,מספר,DET,DET,Definite=Cons,11.0,det,"(40, 44)",מספר,
11,שלבי,NOUN,NOUN,Definite=Cons|Gender=Masc|Number=Plur,9.0,obj,"(45, 49)",שלב,
12,מחקר,NOUN,NOUN,Gender=Masc|Number=Sing,11.0,compound:smixut,"(50, 54)",מחקר,
"(1, 2)",בהמשך,,,,,,"(1, 6)",,"[{'id': 1, 'text': 'ב', 'upos': 'ADP', 'xpos': 'ADP', 'head': 2, 'deprel': 'case', 'lemma': 'ב'}, {'id': 2, 'text': 'המשך', 'upos': 'NOUN', 'xpos': 'NOUN', 'feats': 'Gender=Masc|Number=Sing', 'head': 30, 'deprel': 'obl', 'lemma': 'המשך'}]"
"(3, 4)",לחקירת,,,,,,"(7, 13)",,"[{'id': 3, 'text': 'ל', 'upos': 'ADP', 'xpos': 'ADP', 'head': 4, 'deprel': 'case', 'lemma': 'ל'}, {'id': 4, 'text': 'חקירת', 'upos': 'NOUN', 'xpos': 'NOUN', 'feats': 'Definite=Cons|Gender=Fem|Number=Sing', 'head': 2, 'deprel': 'nmod', 'lemma': 'חקירה'}]"
"(5, 6)",ההידבקות,,,,,,"(14, 22)",,"[{'id': 5, 'text': 'ה', 'upos': 'DET', 'xpos': 'DET', 'feats': 'PronType=Art', 'head': 6, 'deprel': 'det:def', 'lemma': 'ה'}, {'id': 6, 'text': 'הידבקות', 'upos': 'NOUN', 'xpos': 'NOUN', 'feats': 'Gender=Fem|Number=Sing', 'head': 4, 'deprel': 'compound:smixut', 'lemma': 'הידבקות'}]"
7,",",PUNCT,PUNCT,,2.0,punct,"(22, 23)",",",
"(8, 9)",וככל,,,,,,"(24, 28)",,"[{'id': 8, 'text': 'ו', 'upos': 'CCONJ', 'xpos': 'CCONJ', 'head': 13, 'deprel': 'cc', 'lemma': 'ו'}, {'id': 9, 'text': 'ככל', 'upos': 'SCONJ', 'xpos': 'SCONJ', 'head': 13, 'deprel': 'case', 'lemma': 'ככל'}]"
"(10, 12)",שהממצאים,,,,,,"(29, 37)",,"[{'id': 10, 'text': 'ש', 'upos': 'SCONJ', 'xpos': 'SCONJ', 'head': 13, 'deprel': 'mark', 'lemma': 'ש'}, {'id': 11, 'text': 'ה', 'upos': 'DET', 'xpos': 'DET', 'feats': 'PronType=Art', 'head': 12, 'deprel': 'det:def', 'lemma': 'ה'}, {'id': 12, 'text': 'ממצאים', 'upos': 'NOUN', 'xpos': 'NOUN', 'feats': 'Gender=Masc|Number=Plur', 'head': 13, 'deprel': 'nsubj', 'lemma': 'ממצא'}]"
13,יוכיחו,VERB,VERB,"Gender=Fem,Masc|HebBinyan=HIFIL|Number=Plur|Person=3|Tense=Fut|Voice=Act",30.0,obl,"(38, 44)",הוכיח,
14,היתכנות,NOUN,NOUN,Gender=Fem|Number=Sing,13.0,obj,"(45, 52)",היתכנות,
"(15, 16)",ליישום,,,,,,"(53, 59)",,"[{'id': 15, 'text': 'ל', 'upos': 'ADP', 'xpos': 'ADP', 'head': 16, 'deprel': 'case', 'lemma': 'ל'}, {'id': 16, 'text': 'יישום', 'upos': 'NOUN', 'xpos': 'NOUN', 'feats': 'Gender=Masc|Number=Sing', 'head': 14, 'deprel': 'nmod', 'lemma': 'יישום'}]"
"(17, 19)",בתנאים,,,,,,"(60, 66)",,"[{'id': 17, 'text': 'ב', 'upos': 'ADP', 'xpos': 'ADP', 'head': 19, 'deprel': 'case', 'lemma': 'ב'}, {'id': 18, 'text': 'ה_', 'upos': 'DET', 'xpos': 'DET', 'feats': 'PronType=Art', 'head': 19, 'deprel': 'det:def', 'lemma': 'ה'}, {'id': 19, 'text': 'תנאים', 'upos': 'NOUN', 'xpos': 'NOUN', 'feats': 'Gender=Masc|Number=Plur', 'head': 16, 'deprel': 'nmod', 'lemma': 'תנאי'}]"
20,מתאימים,ADJ,ADJ,Gender=Masc|Number=Plur,19.0,amod,"(67, 74)",מתאים,
21,",",PUNCT,PUNCT,,30.0,punct,"(74, 75)",",",
"(22, 23)",בכל,,,,,,"(76, 79)",,"[{'id': 22, 'text': 'ב', 'upos': 'ADP', 'xpos': 'ADP', 'head': 25, 'deprel': 'case', 'lemma': 'ב'}, {'id': 23, 'text': 'כל', 'upos': 'DET', 'xpos': 'DET', 'feats': 'Definite=Cons', 'head': 25, 'deprel': 'det', 'lemma': 'כול'}]"
"(24, 25)",הנוגע,,,,,,"(80, 85)",,"[{'id': 24, 'text': 'ה', 'upos': 'SCONJ', 'xpos': 'SCONJ', 'head': 25, 'deprel': 'mark', 'lemma': 'ה'}, {'id': 25, 'text': 'נוגע', 'upos': 'VERB', 'xpos': 'VERB', 'feats': 'Gender=Masc|HebBinyan=PAAL|Number=Sing|Person=1,2,3|VerbForm=Part|Voice=Act', 'head': 30, 'deprel': 'obl', 'lemma': 'נגע'}]"
"(26, 27)",ליישום,,,,,,"(86, 92)",,"[{'id': 26, 'text': 'ל', 'upos': 'ADP', 'xpos': 'ADP', 'head': 27, 'deprel': 'case', 'lemma': 'ל'}, {'id': 27, 'text': 'יישום', 'upos': 'NOUN', 'xpos': 'NOUN', 'feats': 'Gender=Masc|Number=Sing', 'head': 25, 'deprel': 'obl', 'lemma': 'יישום'}]"
28,קונסטרוקטיבי,ADJ,ADJ,Gender=Masc|Number=Sing,27.0,amod,"(93, 105)",קונסטרוקטיבי,
29,כלשהו,PRON,PRON,Gender=Masc|Number=Sing|Person=3|PronType=Ind,27.0,det,"(106, 111)",כלשהו,
30,תידרש,VERB,VERB,Gender=Fem|HebBinyan=NIFAL|Number=Sing|Person=3|Tense=Fut|Voice=Mid,0.0,root,"(112, 117)",נדרש,
31,הרחבת,NOUN,NOUN,Definite=Cons|Gender=Fem|Number=Sing,30.0,nsubj,"(118, 123)",הרחבה,
"(32, 33)",המחקר,,,,,,"(124, 129)",,"[{'id': 32, 'text': 'ה', 'upos': 'DET', 'xpos': 'DET', 'feats': 'PronType=Art', 'head': 33, 'deprel': 'det:def', 'lemma': 'ה'}, {'id': 33, 'text': 'מחקר', 'upos': 'NOUN', 'xpos': 'NOUN', 'feats': 'Gender=Masc|Number=Sing', 'head': 31, 'deprel': 'compound:smixut', 'lemma': 'מחקר'}]"
"(34, 35)",לבחינת,,,,,,"(130, 136)",,"[{'id': 34, 'text': 'ל', 'upos': 'ADP', 'xpos': 'ADP', 'head': 35, 'deprel': 'case', 'lemma': 'ל'}, {'id': 35, 'text': 'בחינת', 'upos': 'NOUN', 'xpos': 'NOUN', 'feats': 'Definite=Cons|Gender=Fem|Number=Sing', 'head': 31, 'deprel': 'nmod', 'lemma': 'בחינה'}]"
"(36, 37)",ההתנהגות,,,,,,"(137, 145)",,"[{'id': 36, 'text': 'ה', 'upos': 'DET', 'xpos': 'DET', 'feats': 'PronType=Art', 'head': 37, 'deprel': 'det:def', 'lemma': 'ה'}, {'id': 37, 'text': 'התנהגות', 'upos': 'NOUN', 'xpos': 'NOUN', 'feats': 'Gender=Fem|Number=Sing', 'head': 35, 'deprel': 'compound:smixut', 'lemma': 'התנהגות'}]"
38,של,ADP,ADP,Case=Gen,39.0,case:gen,"(146, 148)",של,
39,רכיבי,NOUN,NOUN,Definite=Cons|Gender=Masc|Number=Plur,37.0,nmod:poss,"(149, 154)",רכיב,
40,בטון,NOUN,NOUN,Gender=Masc|Number=Sing,39.0,compound:smixut,"(155, 159)",בטון,
41,מזויין,VERB,VERB,"Gender=Masc|HebBinyan=PUAL|Number=Sing|Person=1,2,3|VerbForm=Part|Voice=Pass",39.0,amod,"(160, 166)",זוין,
42,עם,ADP,ADP,,43.0,case,"(167, 169)",עם,
43,אגרגט,NOUN,NOUN,Gender=Masc|Number=Sing,41.0,obl,"(170, 175)",אגרגט,
44,ממוחזר,VERB,VERB,"Gender=Masc|HebBinyan=PUAL|Number=Sing|Person=1,2,3|VerbForm=Part|Voice=Pass",43.0,amod,"(176, 182)",מוחזר,
"(45, 46)",מבטון,,,,,,"(183, 188)",,"[{'id': 45, 'text': 'מ', 'upos': 'ADP', 'xpos': 'ADP', 'head': 46, 'deprel': 'case', 'lemma': 'מ'}, {'id': 46, 'text': 'בטון', 'upos': 'NOUN', 'xpos': 'NOUN', 'feats': 'Gender=Masc|Number=Sing', 'head': 44, 'deprel': 'obl', 'lemma': 'בטון'}]"
"(47, 48)",בכפיפה,,,,,,"(189, 195)",,"[{'id': 47, 'text': 'ב', 'upos': 'ADP', 'xpos': 'ADP', 'head': 48, 'deprel': 'case', 'lemma': 'ב'}, {'id': 48, 'text': 'כפיפה', 'upos': 'NOUN', 'xpos': 'NOUN', 'feats': 'Gender=Fem|Number=Sing', 'head': 43, 'deprel': 'nmod', 'lemma': 'כפיפה'}]"
"(49, 51)",ובגזירה,,,,,,"(196, 203)",,"[{'id': 49, 'text': 'ו', 'upos': 'CCONJ', 'xpos': 'CCONJ', 'head': 51, 'deprel': 'cc', 'lemma': 'ו'}, {'id': 50, 'text': 'ב', 'upos': 'ADP', 'xpos': 'ADP', 'head': 51, 'deprel': 'case', 'lemma': 'ב'}, {'id': 51, 'text': 'גזירה', 'upos': 'NOUN', 'xpos': 'NOUN', 'feats': 'Gender=Fem|Number=Sing', 'head': 48, 'deprel': 'conj', 'lemma': 'גזירה'}]"
"(52, 54)",ובהטרחות,,,,,,"(204, 212)",,"[{'id': 52, 'text': 'ו', 'upos': 'CCONJ', 'xpos': 'CCONJ', 'head': 54, 'deprel': 'cc', 'lemma': 'ו'}, {'id': 53, 'text': 'ב', 'upos': 'ADP', 'xpos': 'ADP', 'head': 54, 'deprel': 'case', 'lemma': 'ב'}, {'id': 54, 'text': 'הטרחות', 'upos': 'NOUN', 'xpos': 'NOUN', 'feats': 'Gender=Fem|Number=Plur', 'head': 48, 'deprel': 'conj', 'lemma': 'הטרחה'}]"
"(55, 58)",ובתנאים,,,,,,"(213, 220)",,"[{'id': 55, 'text': 'ו', 'upos': 'CCONJ', 'xpos': 'CCONJ', 'head': 59, 'deprel': 'cc', 'lemma': 'ו'}, {'id': 56, 'text': 'ב', 'upos': 'ADP', 'xpos': 'ADP', 'head': 58, 'deprel': 'case', 'lemma': 'ב'}, {'id': 57, 'text': 'ה_', 'upos': 'DET', 'xpos': 'DET', 'feats': 'PronType=Art', 'head': 58, 'deprel': 'det:def', 'lemma': 'ה'}, {'id': 58, 'text': 'תנאים', 'upos': 'NOUN', 'xpos': 'NOUN', 'feats': 'Gender=Masc|Number=Plur', 'head': 59, 'deprel': 'nsubj', 'lemma': 'תנאי'}]"
59,ישימים,VERB,VERB,Gender=Masc|HebSource=ConvUncertainHead|Number=Plur,30.0,conj,"(221, 227)",השים,
