id,text,upos,xpos,feats,head,deprel,span,lemma,expanded
1,"﻿דו""ח",NOUN,NOUN,Abbr=Yes|Gender=Masc|Number=Sing,0.0,root,"(0, 5)","﻿דו""ח",
2,מדעי,ADJ,ADJ,Gender=Masc|Number=Sing,1.0,amod,"(6, 10)",מדעי,
3,מטכס,NOUN,NOUN,Definite=Cons|Gender=Masc|Number=Sing,1.0,nmod,"(11, 15)",מטכס,
4,תקופת,NOUN,NOUN,Definite=Cons|Gender=Fem|Number=Sing,1.0,acl,"(16, 21)",תקופה,
"(5, 6)",הדו״ח,,,,,,"(22, 27)",,"[{'id': 5, 'text': 'ה', 'upos': 'DET', 'xpos': 'DET', 'feats': 'PronType=Art', 'head': 6, 'deprel': 'det:def', 'lemma': 'ה'}, {'id': 6, 'text': 'דוחח', 'upos': 'NOUN', 'xpos': 'NOUN', 'feats': 'Gender=Masc|Number=Sing', 'head': 4, 'deprel': 'compound:smixut', 'lemma': 'דוחח'}]"
7,:,PUNCT,PUNCT,,4.0,punct,"(27, 28)",:,
8,ייני,PROPN,PROPN,HebSource=ConvUncertainHead,4.0,appos,"(29, 33)",ייני,
9,1996,NUM,NUM,,4.0,nummod,"(34, 38)",1996,
10,-,PUNCT,PUNCT,,9.0,punct,"(39, 40)",-,
11,דצמבר,PROPN,PROPN,HebSource=ConvUncertainHead,9.0,dep,"(41, 46)",דצמבר,
12,1999,NUM,NUM,,9.0,nummod,"(47, 51)",1999,
13,שם,NOUN,NOUN,Definite=Cons|Gender=Masc|Number=Sing,18.0,dep,"(52, 54)",שם,
"(14, 15)",הקרן,,,,,,"(55, 59)",,"[{'id': 14, 'text': 'ה', 'upos': 'DET', 'xpos': 'DET', 'feats': 'PronType=Art', 'head': 15, 'deprel': 'det:def', 'lemma': 'ה'}, {'id': 15, 'text': 'קרן', 'upos': 'NOUN', 'xpos': 'NOUN', 'feats': 'Gender=Fem|Number=Sing', 'head': 13, 'deprel': 'compound:smixut', 'lemma': 'קרן'}]"
16,:,PUNCT,PUNCT,,18.0,punct,"(59, 60)",:,
"(17, 18)",המשרד,,,,,,"(61, 66)",,"[{'id': 17, 'text': 'ה', 'upos': 'DET', 'xpos': 'DET', 'feats': 'PronType=Art', 'head': 18, 'deprel': 'det:def', 'lemma': 'ה'}, {'id': 18, 'text': 'משרד', 'upos': 'NOUN', 'xpos': 'NOUN', 'feats': 'Gender=Masc|Number=Sing', 'head': 1, 'deprel': 'appos', 'lemma': 'משרד'}]"
"(19, 20)",לאיכות,,,,,,"(67, 73)",,"[{'id': 19, 'text': 'ל', 'upos': 'ADP', 'xpos': 'ADP', 'head': 20, 'deprel': 'case', 'lemma': 'ל'}, {'id': 20, 'text': 'איכות', 'upos': 'NOUN', 'xpos': 'NOUN', 'feats': 'Definite=Cons|Gender=Fem|Number=Sing', 'head': 18, 'deprel': 'nmod', 'lemma': 'איכות'}]"
"(21, 22)",הסביבה,,,,,,"(74, 80)",,"[{'id': 21, 'text': 'ה', 'upos': 'DET', 'xpos': 'DET', 'feats': 'PronType=Art', 'head': 22, 'deprel': 'det:def', 'lemma': 'ה'}, {'id': 22, 'text': 'סביבה', 'upos': 'NOUN', 'xpos': 'NOUN', 'feats': 'Gender=Fem|Number=Sing', 'head': 20, 'deprel': 'compound:smixut', 'lemma': 'סביבה'}]"
23,נושא,NOUN,NOUN,Definite=Cons|Gender=Masc|Number=Sing,27.0,dep,"(81, 85)",נושא,
"(24, 25)",המחקר,,,,,,"(86, 91)",,"[{'id': 24, 'text': 'ה', 'upos': 'DET', 'xpos': 'DET', 'feats': 'PronType=Art', 'head': 25, 'deprel': 'det:def', 'lemma': 'ה'}, {'id': 25, 'text': 'מחקר', 'upos': 'NOUN', 'xpos': 'NOUN', 'feats': 'Gender=Masc|Number=Sing', 'head': 23, 'deprel': 'compound:smixut', 'lemma': 'מחקר'}]"
26,:,PUNCT,PUNCT,,27.0,punct,"(91, 92)",:,
27,הפחתת,NOUN,NOUN,Definite=Cons|Gender=Fem|Number=Sing,18.0,dep,"(93, 98)",הפחתה,
28,רעש,NOUN,NOUN,Definite=Cons|Gender=Masc|Number=Sing,27.0,compound:smixut,"(99, 102)",רעש,
29,מזגן,NOUN,NOUN,Gender=Masc|Number=Sing,28.0,compound:smixut,"(103, 107)",מזגן,
30,דירתי,ADJ,ADJ,Gender=Masc|Number=Sing,29.0,amod,"(108, 113)",דירתי,
31,מפוצל,VERB,VERB,"Gender=Masc|HebBinyan=PUAL|Number=Sing|Person=1,2,3|VerbForm=Part|Voice=Pass",29.0,amod,"(114, 119)",פוצל,
32,באמצעות,ADP,ADP,,33.0,case,"(120, 127)",באמצעות,
33,בקרת,NOUN,NOUN,Definite=Cons|Gender=Fem|Number=Sing,27.0,nmod,"(128, 132)",בקרה,
34,רעש,NOUN,NOUN,Gender=Masc|Number=Sing,33.0,compound:smixut,"(133, 136)",רעש,
35,אקטיבית,ADJ,ADJ,Gender=Fem|Number=Sing,33.0,amod,"(137, 144)",אקטיבי,
36,שם,NOUN,NOUN,Definite=Cons|Gender=Masc|Number=Sing,27.0,dep,"(145, 147)",שם,
"(37, 38)",החוקרים,,,,,,"(148, 155)",,"[{'id': 37, 'text': 'ה', 'upos': 'DET', 'xpos': 'DET', 'feats': 'PronType=Art', 'head': 38, 'deprel': 'det:def', 'lemma': 'ה'}, {'id': 38, 'text': 'חוקרים', 'upos': 'NOUN', 'xpos': 'NOUN', 'feats': 'Gender=Masc|Number=Plur', 'head': 36, 'deprel': 'compound:smixut', 'lemma': 'חוקר'}]"
39,:,PUNCT,PUNCT,,36.0,punct,"(155, 156)",:,
40,פרופ׳,NOUN,NOUN,Abbr=Yes|Gender=Masc|Number=Sing,27.0,appos,"(157, 162)",פרופ׳,
41,דוד,PROPN,PROPN,,40.0,flat:name,"(163, 166)",דוד,
42,אלעד,PROPN,PROPN,,40.0,flat:name,"(167, 171)",אלעד,
43,",",PUNCT,PUNCT,,40.0,punct,"(171, 172)",",",
"(44, 45)",המחלקה,,,,,,"(173, 179)",,"[{'id': 44, 'text': 'ה', 'upos': 'DET', 'xpos': 'DET', 'feats': 'PronType=Art', 'head': 45, 'deprel': 'det:def', 'lemma': 'ה'}, {'id': 45, 'text': 'מחלקה', 'upos': 'NOUN', 'xpos': 'NOUN', 'feats': 'Gender=Fem|Number=Sing', 'head': 40, 'deprel': 'nmod', 'lemma': 'מחלקה'}]"
"(46, 47)",להנדסה,,,,,,"(180, 186)",,"[{'id': 46, 'text': 'ל', 'upos': 'ADP', 'xpos': 'ADP', 'head': 47, 'deprel': 'case', 'lemma': 'ל'}, {'id': 47, 'text': 'הנדסה', 'upos': 'NOUN', 'xpos': 'NOUN', 'feats': 'Gender=Fem|Number=Sing', 'head': 45, 'deprel': 'nmod', 'lemma': 'הנדסה'}]"
48,ביו,ADV,ADV,,47.0,amod,"(187, 190)",ביו,
49,-,PUNCT,PUNCT,,50.0,punct,"(190, 191)",-,
50,רפואית,ADJ,ADJ,Gender=Fem|Number=Sing,47.0,amod,"(191, 197)",רפואי,
1,דר,PROPN,PROPN,,0.0,root,"(1, 3)",דר,
2,",",PUNCT,PUNCT,,1.0,punct,"(3, 4)",",",
3,יצהק,PROPN,PROPN,,1.0,appos,"(5, 9)",יצהק,
4,הררי,PROPN,PROPN,,3.0,flat:name,"(10, 14)",הררי,
5,",",PUNCT,PUNCT,,1.0,punct,"(14, 15)",",",
"(6, 7)",המחלקה,,,,,,"(16, 22)",,"[{'id': 6, 'text': 'ה', 'upos': 'DET', 'xpos': 'DET', 'feats': 'PronType=Art', 'head': 7, 'deprel': 'det:def', 'lemma': 'ה'}, {'id': 7, 'text': 'מחלקה', 'upos': 'NOUN', 'xpos': 'NOUN', 'feats': 'Gender=Fem|HebSource=ConvUncertainHead|Number=Sing', 'head': 1, 'deprel': 'dep', 'lemma': 'מחלקה'}]"
"(8, 9)",למכניקה,,,,,,"(23, 30)",,"[{'id': 8, 'text': 'ל', 'upos': 'ADP', 'xpos': 'ADP', 'head': 9, 'deprel': 'case', 'lemma': 'ל'}, {'id': 9, 'text': 'מכניקה', 'upos': 'NOUN', 'xpos': 'NOUN', 'feats': 'Gender=Fem|Number=Sing', 'head': 7, 'deprel': 'nmod', 'lemma': 'מכניקה'}]"
10,",",PUNCT,PUNCT,,9.0,punct,"(30, 31)",",",
11,חומרים,NOUN,NOUN,Gender=Masc|Number=Plur,9.0,conj,"(32, 38)",חומר,
"(12, 13)",ומבנים,,,,,,"(39, 45)",,"[{'id': 12, 'text': 'ו', 'upos': 'CCONJ', 'xpos': 'CCONJ', 'head': 13, 'deprel': 'cc', 'lemma': 'ו'}, {'id': 13, 'text': 'מבנים', 'upos': 'NOUN', 'xpos': 'NOUN', 'feats': 'Gender=Masc|Number=Plur', 'head': 9, 'deprel': 'conj', 'lemma': 'מבנה'}]"
1,שם,NOUN,NOUN,Definite=Cons|Gender=Masc|Number=Sing,5.0,nsubj,"(1, 3)",שם,
"(2, 3)",המוסד,,,,,,"(4, 9)",,"[{'id': 2, 'text': 'ה', 'upos': 'DET', 'xpos': 'DET', 'feats': 'PronType=Art', 'head': 3, 'deprel': 'det:def', 'lemma': 'ה'}, {'id': 3, 'text': 'מוסד', 'upos': 'NOUN', 'xpos': 'NOUN', 'feats': 'Gender=Masc|Number=Sing', 'head': 1, 'deprel': 'compound:smixut', 'lemma': 'מוסד'}]"
4,:,PUNCT,PUNCT,,5.0,punct,"(9, 10)",:,
5,פקולטה,NOUN,NOUN,Gender=Fem|Number=Sing,0.0,root,"(11, 17)",פקולטה,
"(6, 7)",להנדסה,,,,,,"(18, 24)",,"[{'id': 6, 'text': 'ל', 'upos': 'ADP', 'xpos': 'ADP', 'head': 7, 'deprel': 'case', 'lemma': 'ל'}, {'id': 7, 'text': 'הנדסה', 'upos': 'NOUN', 'xpos': 'NOUN', 'feats': 'Gender=Fem|Number=Sing', 'head': 5, 'deprel': 'nmod', 'lemma': 'הנדסה'}]"
8,",",PUNCT,PUNCT,,5.0,punct,"(24, 25)",",",
9,אוניברסיטת,NOUN,NOUN,Definite=Cons|Gender=Fem|Number=Sing,5.0,appos,"(26, 36)",אוניברסיטה,
10,תל,NOUN,NOUN,Definite=Cons|Gender=Masc|Number=Sing,9.0,flat:name,"(37, 39)",תל,
11,אביב,NOUN,NOUN,Gender=Masc|Number=Sing,10.0,compound:smixut,"(40, 44)",אביב,
12,",",PUNCT,PUNCT,,5.0,punct,"(44, 45)",",",
13,תל,NOUN,NOUN,Definite=Cons|Gender=Masc|HebSource=ConvUncertainHead|Number=Sing,5.0,appos,"(46, 48)",תל,
14,אביב,NOUN,NOUN,Gender=Masc|Number=Sing,13.0,compound:smixut,"(49, 53)",אביב,
15,69978,NUM,NUM,HebSource=ConvUncertainHead,13.0,nummod,"(54, 59)",69978,
16,",",PUNCT,PUNCT,,5.0,punct,"(59, 60)",",",
17,טל,PROPN,PROPN,,5.0,dep,"(61, 63)",טל,
1,8476,NUM,NUM,,2.0,nummod,"(1, 5)",8476,
"(2, 3)",־640,,,,,,"(5, 9)",,"[{'id': 2, 'text': 'ק', 'upos': 'NOUN', 'xpos': 'NOUN', 'head': 0, 'deprel': 'root', 'lemma': 'ק'}, {'id': 3, 'text': '640', 'upos': 'NUM', 'xpos': 'NUM', 'head': 4, 'deprel': 'nummod', 'lemma': '640'}]"
"(4, 5)",־03,,,,,,"(9, 12)",,"[{'id': 4, 'text': 'פ', 'upos': 'NOUN', 'xpos': 'NOUN', 'head': 2, 'deprel': 'nmod', 'lemma': 'פ'}, {'id': 5, 'text': '03', 'upos': 'NUM', 'xpos': 'NUM', 'head': 4, 'deprel': 'nummod', 'lemma': '03'}]"
6,",",PUNCT,PUNCT,,2.0,punct,"(12, 13)",",",
7,פקס,PROPN,PROPN,,2.0,appos,"(14, 17)",פקס,
1,7939,NUM,NUM,,11.0,dep,"(1, 5)",7939,
"(2, 3)",־640,,,,,,"(5, 9)",,"[{'id': 2, 'text': 'ק', 'upos': 'X', 'xpos': 'X', 'feats': 'Xtra=Junk', 'head': 1, 'deprel': 'dep', 'lemma': 'ק'}, {'id': 3, 'text': '640', 'upos': 'NUM', 'xpos': 'NUM', 'head': 1, 'deprel': 'nummod', 'lemma': '640'}]"
"(4, 5)",־03,,,,,,"(9, 12)",,"[{'id': 4, 'text': 'פ', 'upos': 'NOUN', 'xpos': 'NOUN', 'feats': 'Xtra=Junk', 'head': 1, 'deprel': 'dep', 'lemma': 'פ'}, {'id': 5, 'text': '03', 'upos': 'NUM', 'xpos': 'NUM', 'head': 4, 'deprel': 'nummod', 'lemma': '03'}]"
6,תקציר,NOUN,NOUN,Gender=Masc|Number=Sing,11.0,dep,"(13, 18)",תקציר,
"(7, 8)",בבתי,,,,,,"(19, 23)",,"[{'id': 7, 'text': 'ב', 'upos': 'ADP', 'xpos': 'ADP', 'head': 8, 'deprel': 'case', 'lemma': 'ב'}, {'id': 8, 'text': 'בתי', 'upos': 'NOUN', 'xpos': 'NOUN', 'feats': 'Definite=Cons|Gender=Masc|Number=Plur', 'head': 6, 'deprel': 'nmod', 'lemma': 'בית'}]"
9,מגורים,NOUN,NOUN,Gender=Masc|Number=Plur,8.0,compound:smixut,"(24, 30)",מגורים,
10,חדשים,ADJ,ADJ,Gender=Masc|Number=Plur,8.0,amod,"(31, 36)",חדש,
11,גוברת,VERB,VERB,"Gender=Fem|HebBinyan=PAAL|Number=Sing|Person=1,2,3|VerbForm=Part|Voice=Act",0.0,root,"(37, 42)",גבר,
"(12, 13)",הנטייה,,,,,,"(43, 49)",,"[{'id': 12, 'text': 'ה', 'upos': 'DET', 'xpos': 'DET', 'feats': 'PronType=Art', 'head': 13, 'deprel': 'det:def', 'lemma': 'ה'}, {'id': 13, 'text': 'נטייה', 'upos': 'NOUN', 'xpos': 'NOUN', 'feats': 'Gender=Fem|Number=Sing', 'head': 11, 'deprel': 'nsubj', 'lemma': 'נטייה'}]"
14,של,ADP,ADP,Case=Gen,15.0,case:gen,"(50, 52)",של,
15,אדריכלים,NOUN,NOUN,Gender=Masc|Number=Plur,13.0,nmod,"(53, 61)",אדריכל,
"(16, 17)",וקבלנים,,,,,,"(62, 69)",,"[{'id': 16, 'text': 'ו', 'upos': 'CCONJ', 'xpos': 'CCONJ', 'head': 17, 'deprel': 'cc', 'lemma': 'ו'}, {'id': 17, 'text': 'קבלנים', 'upos': 'NOUN', 'xpos': 'NOUN', 'feats': 'Gender=Masc|Number=Plur', 'head': 15, 'deprel': 'conj', 'lemma': 'קבלן'}]"
18,לתכנן,VERB,VERB,HebBinyan=PIEL|VerbForm=Inf|Voice=Act,13.0,acl,"(70, 75)",לתכנן,
"(19, 20)",ולהכין,,,,,,"(76, 82)",,"[{'id': 19, 'text': 'ו', 'upos': 'CCONJ', 'xpos': 'CCONJ', 'head': 20, 'deprel': 'cc', 'lemma': 'ו'}, {'id': 20, 'text': 'להכין', 'upos': 'VERB', 'xpos': 'VERB', 'feats': 'HebBinyan=HIFIL|VerbForm=Inf|Voice=Act', 'head': 18, 'deprel': 'conj', 'lemma': 'הכין'}]"
21,מקום,NOUN,NOUN,Gender=Masc|Number=Sing,18.0,obj,"(83, 87)",מקום,
"(22, 23)",וצנרת,,,,,,"(88, 93)",,"[{'id': 22, 'text': 'ו', 'upos': 'CCONJ', 'xpos': 'CCONJ', 'head': 23, 'deprel': 'cc', 'lemma': 'ו'}, {'id': 23, 'text': 'צנרת', 'upos': 'NOUN', 'xpos': 'NOUN', 'feats': 'Gender=Fem|Number=Sing', 'head': 21, 'deprel': 'conj', 'lemma': 'צנרת'}]"
"(24, 25)",למערכת,,,,,,"(94, 100)",,"[{'id': 24, 'text': 'ל', 'upos': 'ADP', 'xpos': 'ADP', 'head': 25, 'deprel': 'case', 'lemma': 'ל'}, {'id': 25, 'text': 'מערכת', 'upos': 'NOUN', 'xpos': 'NOUN', 'feats': 'Definite=Cons|Gender=Fem|Number=Sing', 'head': 21, 'deprel': 'nmod', 'lemma': 'מערכת'}]"
26,מיזוג,NOUN,NOUN,Definite=Cons|Gender=Masc|Number=Sing,25.0,compound:smixut,"(101, 106)",מיזוג,
27,אויר,NOUN,NOUN,Gender=Masc|Number=Sing,26.0,compound:smixut,"(107, 111)",אויר,
28,מרכזית,ADJ,ADJ,Gender=Fem|Number=Sing,25.0,appos,"(112, 118)",מרכזי,
"(29, 30)",לכל,,,,,,"(119, 122)",,"[{'id': 29, 'text': 'ל', 'upos': 'ADP', 'xpos': 'ADP', 'head': 31, 'deprel': 'case', 'lemma': 'ל'}, {'id': 30, 'text': 'כל', 'upos': 'DET', 'xpos': 'DET', 'feats': 'Definite=Cons', 'head': 31, 'deprel': 'det', 'lemma': 'כול'}]"
31,דירה,NOUN,NOUN,Gender=Fem|Number=Sing,28.0,advmod,"(123, 127)",דירה,
"(32, 33)",בנפרד,,,,,,"(128, 133)",,"[{'id': 32, 'text': 'ב', 'upos': 'ADP', 'xpos': 'ADP', 'head': 33, 'deprel': 'case', 'lemma': 'ב'}, {'id': 33, 'text': 'נפרד', 'upos': 'ADJ', 'xpos': 'ADJ', 'feats': 'Gender=Masc|Number=Sing', 'head': 28, 'deprel': 'advmod', 'lemma': 'נפרד'}]"
"(1, 2)",בארכיטקטורות,,,,,,"(1, 13)",,"[{'id': 1, 'text': 'ב', 'upos': 'ADP', 'xpos': 'ADP', 'head': 2, 'deprel': 'case', 'lemma': 'ב'}, {'id': 2, 'text': 'ארכיטקטורות', 'upos': 'NOUN', 'xpos': 'NOUN', 'feats': 'Gender=Fem|Number=Plur', 'head': 4, 'deprel': 'obl', 'lemma': 'ארכיטקטור'}]"
3,מסוימות,ADJ,ADJ,Gender=Fem|Number=Plur,2.0,amod,"(14, 21)",מסוים,
4,ממקמים,VERB,VERB,"Gender=Masc|HebBinyan=PIEL|Number=Plur|Person=1,2,3|VerbForm=Part|Voice=Act",0.0,root,"(22, 28)",מיקם,
5,את,ADP,ADP,Case=Acc,6.0,case:acc,"(29, 31)",את,
6,יחידות,NOUN,NOUN,Definite=Cons|Gender=Fem|Number=Plur,4.0,obj,"(32, 38)",יחידה,
"(7, 8)",העיבוי,,,,,,"(39, 45)",,"[{'id': 7, 'text': 'ה', 'upos': 'DET', 'xpos': 'DET', 'feats': 'PronType=Art', 'head': 8, 'deprel': 'det:def', 'lemma': 'ה'}, {'id': 8, 'text': 'עיבוי', 'upos': 'NOUN', 'xpos': 'NOUN', 'feats': 'Gender=Masc|Number=Sing', 'head': 6, 'deprel': 'compound:smixut', 'lemma': 'עיבוי'}]"
"(9, 10)",בקרבת,,,,,,"(46, 51)",,"[{'id': 9, 'text': 'ב', 'upos': 'ADP', 'xpos': 'ADP', 'head': 10, 'deprel': 'case', 'lemma': 'ב'}, {'id': 10, 'text': 'קרבת', 'upos': 'NOUN', 'xpos': 'NOUN', 'feats': 'Definite=Cons|Gender=Fem|Number=Sing', 'head': 4, 'deprel': 'obl', 'lemma': 'קרבה'}]"
11,חלונות,NOUN,NOUN,Gender=Masc|Number=Plur,10.0,compound:smixut,"(52, 58)",חלון,
12,של,ADP,ADP,Case=Gen,13.0,case:gen,"(59, 61)",של,
13,חדרי,NOUN,NOUN,Definite=Cons|Gender=Masc|Number=Plur,11.0,nmod:poss,"(62, 66)",חדר,
14,שינה,NOUN,NOUN,Gender=Fem|Number=Sing,13.0,compound:smixut,"(67, 71)",שינה,
15,של,ADP,ADP,Case=Gen,16.0,case:gen,"(72, 74)",של,
16,דירות,NOUN,NOUN,Definite=Cons|Gender=Fem|Number=Plur,13.0,nmod:poss,"(75, 80)",דירה,
17,שכנות,NOUN,NOUN,Gender=Fem|Number=Plur,16.0,amod,"(81, 86)",שכנות,
"(18, 19)",והן,,,,,,"(87, 90)",,"[{'id': 18, 'text': 'ו', 'upos': 'CCONJ', 'xpos': 'CCONJ', 'head': 20, 'deprel': 'cc', 'lemma': 'ו'}, {'id': 19, 'text': 'הן', 'upos': 'PRON', 'xpos': 'PRON', 'feats': 'Gender=Fem|Number=Plur|Person=3|PronType=Prs', 'head': 20, 'deprel': 'nsubj', 'lemma': 'הוא'}]"
20,גורמות,VERB,VERB,"Gender=Fem|HebBinyan=PAAL|Number=Plur|Person=1,2,3|VerbForm=Part|Voice=Act",4.0,conj,"(91, 97)",גרם,
"(21, 22)",לרעש,,,,,,"(98, 102)",,"[{'id': 21, 'text': 'ל', 'upos': 'ADP', 'xpos': 'ADP', 'head': 22, 'deprel': 'case', 'lemma': 'ל'}, {'id': 22, 'text': 'רעש', 'upos': 'NOUN', 'xpos': 'NOUN', 'feats': 'Gender=Masc|Number=Sing', 'head': 20, 'deprel': 'obl', 'lemma': 'רעש'}]"
23,בלתי,ADV,ADV,Prefix=Yes,24.0,compound:affix,"(103, 107)",בלתי,
24,נסבל,ADJ,ADJ,Gender=Masc|Number=Sing,22.0,amod,"(108, 112)",נסבל,
"(25, 26)",שנובע,,,,,,"(113, 118)",,"[{'id': 25, 'text': 'ש', 'upos': 'SCONJ', 'xpos': 'SCONJ', 'head': 26, 'deprel': 'mark', 'lemma': 'ש'}, {'id': 26, 'text': 'נובע', 'upos': 'VERB', 'xpos': 'VERB', 'feats': 'Gender=Masc|HebBinyan=PAAL|Number=Sing|Person=1,2,3|VerbForm=Part|Voice=Act', 'head': 22, 'deprel': 'acl:relcl', 'lemma': 'נבע'}]"
27,בעיקר,ADV,ADV,,28.0,advmod,"(119, 124)",בעיקר,
"(28, 29)",מפעולת,,,,,,"(125, 131)",,"[{'id': 28, 'text': 'מ', 'upos': 'ADP', 'xpos': 'ADP', 'head': 29, 'deprel': 'case', 'lemma': 'מ'}, {'id': 29, 'text': 'פעולת', 'upos': 'NOUN', 'xpos': 'NOUN', 'feats': 'Definite=Cons|Gender=Fem|Number=Sing', 'head': 26, 'deprel': 'obl', 'lemma': 'פעולה'}]"
"(30, 31)",המפוח,,,,,,"(132, 137)",,"[{'id': 30, 'text': 'ה', 'upos': 'DET', 'xpos': 'DET', 'feats': 'PronType=Art', 'head': 31, 'deprel': 'det:def', 'lemma': 'ה'}, {'id': 31, 'text': 'מפוח', 'upos': 'NOUN', 'xpos': 'NOUN', 'feats': 'Gender=Masc|Number=Sing', 'head': 29, 'deprel': 'compound:smixut', 'lemma': 'מפוח'}]"
1,מטרת,NOUN,NOUN,Definite=Cons|Gender=Fem|Number=Sing,4.0,nsubj,"(1, 5)",מטרה,
"(2, 3)",המחקר,,,,,,"(6, 11)",,"[{'id': 2, 'text': 'ה', 'upos': 'DET', 'xpos': 'DET', 'feats': 'PronType=Art', 'head': 3, 'deprel': 'det:def', 'lemma': 'ה'}, {'id': 3, 'text': 'מחקר', 'upos': 'NOUN', 'xpos': 'NOUN', 'feats': 'Gender=Masc|Number=Sing', 'head': 1, 'deprel': 'compound:smixut', 'lemma': 'מחקר'}]"
4,לתכנן,VERB,VERB,HebBinyan=PIEL|VerbForm=Inf|Voice=Act,0.0,root,"(12, 17)",לתכנן,
"(5, 6)",ולפתח,,,,,,"(18, 23)",,"[{'id': 5, 'text': 'ו', 'upos': 'CCONJ', 'xpos': 'CCONJ', 'head': 6, 'deprel': 'cc', 'lemma': 'ו'}, {'id': 6, 'text': 'לפתח', 'upos': 'VERB', 'xpos': 'VERB', 'feats': 'HebBinyan=PIEL|VerbForm=Inf|Voice=Act', 'head': 4, 'deprel': 'conj', 'lemma': 'פיתח'}]"
7,שיטות,NOUN,NOUN,Gender=Fem|Number=Plur,6.0,obj,"(24, 29)",שיטה,
8,חדשניות,ADJ,ADJ,Gender=Fem|Number=Plur,7.0,amod,"(30, 37)",חדשי,
9,להשתקת,VERB,VERB,Definite=Cons|Gender=Fem|Number=Sing,7.0,acl,"(38, 44)",השתק,
10,רעשים,NOUN,NOUN,Gender=Masc|Number=Plur,9.0,compound:smixut,"(45, 50)",רעש,
"(11, 12)",בחדרי,,,,,,"(51, 56)",,"[{'id': 11, 'text': 'ב', 'upos': 'ADP', 'xpos': 'ADP', 'head': 12, 'deprel': 'case', 'lemma': 'ב'}, {'id': 12, 'text': 'חדרי', 'upos': 'NOUN', 'xpos': 'NOUN', 'feats': 'Definite=Cons|Gender=Masc|Number=Plur', 'head': 10, 'deprel': 'nmod', 'lemma': 'חדר'}]"
13,מגורים,NOUN,NOUN,Gender=Masc|Number=Plur,12.0,compound:smixut,"(57, 63)",מגורים,
"(14, 15)",הנגרמים,,,,,,"(64, 71)",,"[{'id': 14, 'text': 'ה', 'upos': 'SCONJ', 'xpos': 'SCONJ', 'head': 15, 'deprel': 'mark', 'lemma': 'ה'}, {'id': 15, 'text': 'נגרמים', 'upos': 'VERB', 'xpos': 'VERB', 'feats': 'Gender=Masc|HebBinyan=NIFAL|Number=Plur|Person=1,2,3|VerbForm=Part|Voice=Mid', 'head': 10, 'deprel': 'acl:relcl', 'lemma': 'נגרם'}]"
"(16, 17)",מיחידות,,,,,,"(72, 79)",,"[{'id': 16, 'text': 'מ', 'upos': 'ADP', 'xpos': 'ADP', 'head': 17, 'deprel': 'case', 'lemma': 'מ'}, {'id': 17, 'text': 'יחידות', 'upos': 'NOUN', 'xpos': 'NOUN', 'feats': 'Definite=Cons|Gender=Fem|Number=Plur', 'head': 15, 'deprel': 'obl', 'lemma': 'יחידה'}]"
18,עיבוי,NOUN,NOUN,Gender=Masc|Number=Sing,17.0,compound:smixut,"(80, 85)",עיבוי,
19,של,ADP,ADP,Case=Gen,20.0,case:gen,"(86, 88)",של,
20,מזגן,NOUN,NOUN,Gender=Masc|Number=Sing,17.0,nmod:poss,"(89, 93)",מזגן,
21,דירתי,ADJ,ADJ,Gender=Masc|Number=Sing,20.0,amod,"(94, 99)",דירתי,
22,מרכזי,ADJ,ADJ,Gender=Masc|Number=Sing,20.0,amod,"(100, 105)",מרכזי,
1,תכנית,NOUN,NOUN,Definite=Cons|Gender=Fem|Number=Sing,4.0,nsubj,"(1, 6)",תוכנית,
"(2, 3)",המחקר,,,,,,"(7, 12)",,"[{'id': 2, 'text': 'ה', 'upos': 'DET', 'xpos': 'DET', 'feats': 'PronType=Art', 'head': 3, 'deprel': 'det:def', 'lemma': 'ה'}, {'id': 3, 'text': 'מחקר', 'upos': 'NOUN', 'xpos': 'NOUN', 'feats': 'Gender=Masc|Number=Sing', 'head': 1, 'deprel': 'compound:smixut', 'lemma': 'מחקר'}]"
4,מכילה,VERB,VERB,"Gender=Fem|HebBinyan=HIFIL|Number=Sing|Person=1,2,3|VerbForm=Part|Voice=Act",0.0,root,"(13, 18)",הכיל,
5,אלמנטים,NOUN,NOUN,Gender=Masc|Number=Plur,4.0,obj,"(19, 26)",אלמנט,
6,בסיסים,ADJ,ADJ,Gender=Masc|Number=Plur,5.0,amod,"(27, 33)",בסיס,
"(7, 8)",ויישומיים,,,,,,"(34, 43)",,"[{'id': 7, 'text': 'ו', 'upos': 'CCONJ', 'xpos': 'CCONJ', 'head': 8, 'deprel': 'cc', 'lemma': 'ו'}, {'id': 8, 'text': 'יישומיים', 'upos': 'ADJ', 'xpos': 'ADJ', 'feats': 'Gender=Masc|Number=Plur', 'head': 6, 'deprel': 'conj', 'lemma': 'יישומי'}]"
"(9, 10)",ולכן,,,,,,"(44, 48)",,"[{'id': 9, 'text': 'ו', 'upos': 'CCONJ', 'xpos': 'CCONJ', 'head': 10, 'deprel': 'cc', 'lemma': 'ו'}, {'id': 10, 'text': 'לכן', 'upos': 'ADV', 'xpos': 'ADV', 'head': 11, 'deprel': 'advmod', 'lemma': 'לכן'}]"
11,מקיפה,ADJ,ADJ,Gender=Fem|Number=Sing,4.0,conj,"(49, 54)",מקיף,
12,מאוד,ADV,ADV,,11.0,advmod,"(55, 59)",מאוד,
"(1, 2)",בשנת,,,,,,"(1, 5)",,"[{'id': 1, 'text': 'ב', 'upos': 'ADP', 'xpos': 'ADP', 'head': 2, 'deprel': 'case', 'lemma': 'ב'}, {'id': 2, 'text': 'שנת', 'upos': 'NOUN', 'xpos': 'NOUN', 'feats': 'Definite=Cons|Gender=Fem|Number=Sing', 'head': 7, 'deprel': 'obl', 'lemma': 'שנה'}]"
"(3, 4)",המחקר,,,,,,"(6, 11)",,"[{'id': 3, 'text': 'ה', 'upos': 'DET', 'xpos': 'DET', 'feats': 'PronType=Art', 'head': 4, 'deprel': 'det:def', 'lemma': 'ה'}, {'id': 4, 'text': 'מחקר', 'upos': 'NOUN', 'xpos': 'NOUN', 'feats': 'Gender=Masc|Number=Sing', 'head': 2, 'deprel': 'compound:smixut', 'lemma': 'מחקר'}]"
"(5, 6)",הראשונה,,,,,,"(12, 19)",,"[{'id': 5, 'text': 'ה', 'upos': 'DET', 'xpos': 'DET', 'feats': 'PronType=Art', 'head': 6, 'deprel': 'det:def', 'lemma': 'ה'}, {'id': 6, 'text': 'ראשונה', 'upos': 'ADJ', 'xpos': 'ADJ', 'feats': 'Gender=Fem|Number=Sing', 'head': 2, 'deprel': 'amod', 'lemma': 'ראשונה'}]"
7,בצענו,VERB,VERB,"Gender=Fem,Masc|HebBinyan=PAAL|Number=Plur|Person=3|Tense=Past|Voice=Act",0.0,root,"(20, 25)",בצע,
8,מדידות,NOUN,NOUN,Gender=Fem|Number=Plur,7.0,obj,"(26, 32)",מדידה,
"(9, 10)",להערכת,,,,,,"(33, 39)",,"[{'id': 9, 'text': 'ל', 'upos': 'ADP', 'xpos': 'ADP', 'head': 10, 'deprel': 'case', 'lemma': 'ל'}, {'id': 10, 'text': 'הערכת', 'upos': 'NOUN', 'xpos': 'NOUN', 'feats': 'Definite=Cons|Gender=Fem|Number=Sing', 'head': 8, 'deprel': 'nmod', 'lemma': 'הערכה'}]"
11,רמות,NOUN,NOUN,Definite=Cons|Gender=Fem|Number=Plur,10.0,compound:smixut,"(40, 44)",רמה,
"(12, 13)",הרעש,,,,,,"(45, 49)",,"[{'id': 12, 'text': 'ה', 'upos': 'DET', 'xpos': 'DET', 'feats': 'PronType=Art', 'head': 13, 'deprel': 'det:def', 'lemma': 'ה'}, {'id': 13, 'text': 'רעש', 'upos': 'NOUN', 'xpos': 'NOUN', 'feats': 'Gender=Masc|Number=Sing', 'head': 11, 'deprel': 'compound:smixut', 'lemma': 'רעש'}]"
"(14, 15)",ותכולת,,,,,,"(50, 56)",,"[{'id': 14, 'text': 'ו', 'upos': 'CCONJ', 'xpos': 'CCONJ', 'head': 15, 'deprel': 'cc', 'lemma': 'ו'}, {'id': 15, 'text': 'תכולת', 'upos': 'NOUN', 'xpos': 'NOUN', 'feats': 'Definite=Cons|Gender=Fem|Number=Sing', 'head': 10, 'deprel': 'conj', 'lemma': 'תכולת'}]"
"(16, 17)",התדרים,,,,,,"(57, 63)",,"[{'id': 16, 'text': 'ה', 'upos': 'DET', 'xpos': 'DET', 'feats': 'PronType=Art', 'head': 17, 'deprel': 'det:def', 'lemma': 'ה'}, {'id': 17, 'text': 'תדרים', 'upos': 'NOUN', 'xpos': 'NOUN', 'feats': 'Gender=Masc|Number=Plur', 'head': 15, 'deprel': 'compound:smixut', 'lemma': 'תדר'}]"
"(18, 19)",בחדרי,,,,,,"(64, 69)",,"[{'id': 18, 'text': 'ב', 'upos': 'ADP', 'xpos': 'ADP', 'head': 19, 'deprel': 'case', 'lemma': 'ב'}, {'id': 19, 'text': 'חדרי', 'upos': 'NOUN', 'xpos': 'NOUN', 'feats': 'Definite=Cons|Gender=Masc|Number=Plur', 'head': 15, 'deprel': 'nmod', 'lemma': 'חדר'}]"
20,שינה,NOUN,NOUN,Gender=Fem|Number=Sing,19.0,compound:smixut,"(70, 74)",שינה,
21,שסמוכים,VERB,VERB,Gender=Masc|Number=Plur,19.0,acl:relcl,"(75, 82)",שסם,
"(22, 25)",למיקומם,,,,,,"(83, 90)",,"[{'id': 22, 'text': 'ל', 'upos': 'ADP', 'xpos': 'ADP', 'head': 23, 'deprel': 'case', 'lemma': 'ל'}, {'id': 23, 'text': 'מיקום_', 'upos': 'NOUN', 'xpos': 'NOUN', 'feats': 'Definite=Def|Gender=Masc|Number=Sing', 'head': 21, 'deprel': 'obl', 'lemma': 'מיקום'}, {'id': 24, 'text': '_של_', 'upos': 'ADP', 'xpos': 'ADP', 'head': 25, 'deprel': 'case:gen', 'lemma': 'של'}, {'id': 25, 'text': '_הם', 'upos': 'PRON', 'xpos': 'PRON', 'feats': 'Case=Gen|Gender=Masc|Number=Plur|Person=3|PronType=Prs', 'head': 23, 'deprel': 'nmod:poss', 'lemma': 'הוא'}]"
26,של,ADP,ADP,Case=Gen,27.0,case:gen,"(91, 93)",של,
27,יחידות,NOUN,NOUN,Definite=Cons|Gender=Fem|Number=Plur,23.0,nmod:poss,"(94, 100)",יחידה,
"(28, 29)",העיבוי,,,,,,"(101, 107)",,"[{'id': 28, 'text': 'ה', 'upos': 'DET', 'xpos': 'DET', 'feats': 'PronType=Art', 'head': 29, 'deprel': 'det:def', 'lemma': 'ה'}, {'id': 29, 'text': 'עיבוי', 'upos': 'NOUN', 'xpos': 'NOUN', 'feats': 'Gender=Masc|Number=Sing', 'head': 27, 'deprel': 'compound:smixut', 'lemma': 'עיבוי'}]"
"(30, 33)",ופתחנו,,,,,,"(108, 114)",,"[{'id': 30, 'text': 'ו', 'upos': 'CCONJ', 'xpos': 'CCONJ', 'head': 31, 'deprel': 'cc', 'lemma': 'ו'}, {'id': 31, 'text': 'פתחן_', 'upos': 'NOUN', 'xpos': 'NOUN', 'feats': 'Definite=Def|Gender=Masc|Number=Sing', 'head': 7, 'deprel': 'conj', 'lemma': 'פתחן'}, {'id': 32, 'text': '_של_', 'upos': 'ADP', 'xpos': 'ADP', 'head': 33, 'deprel': 'case:gen', 'lemma': 'של'}, {'id': 33, 'text': '_הוא', 'upos': 'PRON', 'xpos': 'PRON', 'feats': 'Case=Gen|Gender=Masc|Number=Sing|Person=3|PronType=Prs', 'head': 31, 'deprel': 'nmod:poss', 'lemma': 'הוא'}]"
34,מודל,NOUN,NOUN,Gender=Masc|Number=Sing,31.0,obj,"(115, 119)",מודל,
35,חישובי,ADJ,ADJ,Gender=Masc|Number=Sing,34.0,amod,"(120, 126)",חישוב,
"(36, 37)",לפתרון,,,,,,"(127, 133)",,"[{'id': 36, 'text': 'ל', 'upos': 'ADP', 'xpos': 'ADP', 'head': 37, 'deprel': 'case', 'lemma': 'ל'}, {'id': 37, 'text': 'פתרון', 'upos': 'NOUN', 'xpos': 'NOUN', 'feats': 'Gender=Masc|Number=Sing', 'head': 34, 'deprel': 'nmod', 'lemma': 'פתרון'}]"
38,אקוסטי,ADJ,ADJ,Gender=Masc|Number=Sing,37.0,amod,"(134, 140)",אקוסטי,
39,דו,ADV,ADV,Prefix=Yes,40.0,compound:affix,"(141, 143)",דו,
40,־ממדי,ADJ,ADJ,,37.0,amod,"(143, 148)",־ממדי,
"(41, 42)",להדגמת,,,,,,"(149, 155)",,"[{'id': 41, 'text': 'ל', 'upos': 'ADP', 'xpos': 'ADP', 'head': 42, 'deprel': 'case', 'lemma': 'ל'}, {'id': 42, 'text': 'הדגמת', 'upos': 'NOUN', 'xpos': 'NOUN', 'feats': 'Definite=Cons|Gender=Fem|Number=Sing', 'head': 37, 'deprel': 'nmod', 'lemma': 'הדגמה'}]"
43,התפשטות,NOUN,NOUN,Definite=Cons|Gender=Fem|Number=Sing,42.0,compound:smixut,"(156, 163)",התפשטות,
44,גלי,NOUN,NOUN,Definite=Cons|Gender=Masc|Number=Plur,43.0,compound:smixut,"(164, 167)",גל,
45,קול,NOUN,NOUN,Gender=Masc|Number=Sing,44.0,compound:smixut,"(168, 171)",קול,
"(46, 47)",בחדר,,,,,,"(172, 176)",,"[{'id': 46, 'text': 'ב', 'upos': 'ADP', 'xpos': 'ADP', 'head': 47, 'deprel': 'case', 'lemma': 'ב'}, {'id': 47, 'text': 'חדר', 'upos': 'NOUN', 'xpos': 'NOUN', 'feats': 'Gender=Masc|Number=Sing', 'head': 43, 'deprel': 'nmod', 'lemma': 'חדר'}]"
48,סמוך,ADJ,ADJ,Gender=Masc|Number=Sing,47.0,amod,"(177, 181)",סמוך,
"(49, 50)",למקור,,,,,,"(182, 187)",,"[{'id': 49, 'text': 'ל', 'upos': 'ADP', 'xpos': 'ADP', 'head': 50, 'deprel': 'case', 'lemma': 'ל'}, {'id': 50, 'text': 'מקור', 'upos': 'NOUN', 'xpos': 'NOUN', 'feats': 'Definite=Cons|Gender=Masc|Number=Sing', 'head': 48, 'deprel': 'advmod', 'lemma': 'מקור'}]"
51,רעש,NOUN,NOUN,Gender=Masc|Number=Sing,50.0,compound:smixut,"(188, 191)",רעש,
"(52, 53)",ממזגנים,,,,,,"(192, 199)",,"[{'id': 52, 'text': 'מ', 'upos': 'ADP', 'xpos': 'ADP', 'head': 53, 'deprel': 'case', 'lemma': 'מ'}, {'id': 53, 'text': 'מזגנים', 'upos': 'NOUN', 'xpos': 'NOUN', 'feats': 'Gender=Masc|Number=Plur', 'head': 51, 'deprel': 'nmod', 'lemma': 'מזגן'}]"
"(1, 2)",בשנה,,,,,,"(1, 5)",,"[{'id': 1, 'text': 'ב', 'upos': 'ADP', 'xpos': 'ADP', 'head': 2, 'deprel': 'case', 'lemma': 'ב'}, {'id': 2, 'text': 'שנה', 'upos': 'NOUN', 'xpos': 'NOUN', 'feats': 'Gender=Fem|Number=Sing', 'head': 5, 'deprel': 'obl', 'lemma': 'שנה'}]"
"(3, 4)",השניה,,,,,,"(6, 11)",,"[{'id': 3, 'text': 'ה', 'upos': 'DET', 'xpos': 'DET', 'feats': 'PronType=Art', 'head': 4, 'deprel': 'det:def', 'lemma': 'ה'}, {'id': 4, 'text': 'שניה', 'upos': 'NUM', 'xpos': 'NUM', 'feats': 'Gender=Fem|Number=Sing', 'head': 2, 'deprel': 'amod', 'lemma': 'שניה'}]"
5,הרחבנו,VERB,VERB,"Gender=Fem,Masc|HebBinyan=HIFIL|Number=Plur|Person=1|Tense=Past|Voice=Act",0.0,root,"(12, 18)",הרחיב,
6,את,ADP,ADP,Case=Acc,8.0,case:acc,"(19, 21)",את,
"(7, 8)",המודלים,,,,,,"(22, 29)",,"[{'id': 7, 'text': 'ה', 'upos': 'DET', 'xpos': 'DET', 'feats': 'PronType=Art', 'head': 8, 'deprel': 'det:def', 'lemma': 'ה'}, {'id': 8, 'text': 'מודלים', 'upos': 'NOUN', 'xpos': 'NOUN', 'feats': 'Gender=Masc|Number=Plur', 'head': 5, 'deprel': 'obj', 'lemma': 'מודל'}]"
"(9, 10)",החישוביים,,,,,,"(30, 39)",,"[{'id': 9, 'text': 'ה', 'upos': 'DET', 'xpos': 'DET', 'feats': 'PronType=Art', 'head': 10, 'deprel': 'det:def', 'lemma': 'ה'}, {'id': 10, 'text': 'חישוביים', 'upos': 'ADJ', 'xpos': 'ADJ', 'feats': 'Gender=Masc|Number=Plur', 'head': 8, 'deprel': 'amod', 'lemma': 'חישובי'}]"
"(11, 14)",ופתחנו,,,,,,"(40, 46)",,"[{'id': 11, 'text': 'ו', 'upos': 'CCONJ', 'xpos': 'CCONJ', 'head': 12, 'deprel': 'cc', 'lemma': 'ו'}, {'id': 12, 'text': 'פתחן_', 'upos': 'NOUN', 'xpos': 'NOUN', 'feats': 'Definite=Def|Gender=Masc|Number=Sing', 'head': 5, 'deprel': 'conj', 'lemma': 'פתחן'}, {'id': 13, 'text': '_של_', 'upos': 'ADP', 'xpos': 'ADP', 'head': 14, 'deprel': 'case:gen', 'lemma': 'של'}, {'id': 14, 'text': '_הוא', 'upos': 'PRON', 'xpos': 'PRON', 'feats': 'Case=Gen|Gender=Masc|Number=Sing|Person=3|PronType=Prs', 'head': 12, 'deprel': 'nmod:poss', 'lemma': 'הוא'}]"
15,מודל,NOUN,NOUN,Gender=Masc|Number=Sing,5.0,obj,"(47, 51)",מודל,
16,תלת,ADV,ADV,Prefix=Yes,17.0,compound:affix,"(52, 55)",תלת,
17,־ממדי,ADJ,ADJ,Gender=Masc|Number=Sing,15.0,amod,"(55, 60)",־ממדי,
"(18, 19)",לאנליזה,,,,,,"(61, 68)",,"[{'id': 18, 'text': 'ל', 'upos': 'ADP', 'xpos': 'ADP', 'head': 19, 'deprel': 'case', 'lemma': 'ל'}, {'id': 19, 'text': 'אנליזה', 'upos': 'NOUN', 'xpos': 'NOUN', 'feats': 'Gender=Fem|Number=Sing', 'head': 15, 'deprel': 'nmod', 'lemma': 'אנליזה'}]"
20,של,ADP,ADP,Case=Gen,21.0,case:gen,"(69, 71)",של,
21,התפשטות,NOUN,NOUN,Definite=Cons|Gender=Fem|Number=Sing,19.0,nmod:poss,"(72, 79)",התפשטות,
22,רעש,NOUN,NOUN,Gender=Masc|Number=Sing,21.0,compound:smixut,"(80, 83)",רעש,
"(23, 24)",ממקור,,,,,,"(84, 89)",,"[{'id': 23, 'text': 'מ', 'upos': 'ADP', 'xpos': 'ADP', 'head': 24, 'deprel': 'case', 'lemma': 'מ'}, {'id': 24, 'text': 'מקור', 'upos': 'NOUN', 'xpos': 'NOUN', 'feats': 'Gender=Masc|Number=Sing', 'head': 21, 'deprel': 'nmod', 'lemma': 'מקור'}]"
25,חיצוני,ADJ,ADJ,Gender=Masc|Number=Sing,24.0,amod,"(90, 96)",חיצוני,
26,בתוך,ADP,ADP,,27.0,case,"(97, 101)",בתוך,
27,חדר,NOUN,NOUN,Definite=Cons|Gender=Masc|Number=Sing,21.0,nmod,"(102, 105)",חדר,
28,שינה,NOUN,NOUN,Gender=Fem|Number=Sing,27.0,compound:smixut,"(106, 110)",שינה,
29,טיפוסי,ADJ,ADJ,Gender=Masc|Number=Sing,27.0,amod,"(111, 117)",טיפוסי,
1,השוואת,NOUN,NOUN,Definite=Cons|Gender=Fem|Number=Sing,14.0,nsubj,"(1, 7)",השוואה,
"(2, 3)",העוצמות,,,,,,"(8, 15)",,"[{'id': 2, 'text': 'ה', 'upos': 'DET', 'xpos': 'DET', 'feats': 'PronType=Art', 'head': 3, 'deprel': 'det:def', 'lemma': 'ה'}, {'id': 3, 'text': 'עוצמות', 'upos': 'NOUN', 'xpos': 'NOUN', 'feats': 'Gender=Fem|Number=Plur', 'head': 1, 'deprel': 'compound:smixut', 'lemma': 'עוצמה'}]"
"(4, 5)",החישוביות,,,,,,"(16, 25)",,"[{'id': 4, 'text': 'ה', 'upos': 'DET', 'xpos': 'DET', 'feats': 'PronType=Art', 'head': 5, 'deprel': 'det:def', 'lemma': 'ה'}, {'id': 5, 'text': 'חישוביות', 'upos': 'ADJ', 'xpos': 'ADJ', 'feats': 'Gender=Fem|Number=Plur', 'head': 3, 'deprel': 'amod', 'lemma': 'חישובי'}]"
6,עם,ADP,ADP,,8.0,case,"(26, 28)",עם,
"(7, 8)",המדידות,,,,,,"(29, 36)",,"[{'id': 7, 'text': 'ה', 'upos': 'DET', 'xpos': 'DET', 'feats': 'PronType=Art', 'head': 8, 'deprel': 'det:def', 'lemma': 'ה'}, {'id': 8, 'text': 'מדידות', 'upos': 'NOUN', 'xpos': 'NOUN', 'feats': 'Gender=Fem|Number=Plur', 'head': 1, 'deprel': 'nmod', 'lemma': 'מדידה'}]"
"(9, 10)",שבוצעו,,,,,,"(37, 43)",,"[{'id': 9, 'text': 'ש', 'upos': 'SCONJ', 'xpos': 'SCONJ', 'head': 10, 'deprel': 'mark', 'lemma': 'ש'}, {'id': 10, 'text': 'בוצעו', 'upos': 'VERB', 'xpos': 'VERB', 'feats': 'Gender=Fem,Masc|HebBinyan=PUAL|Number=Plur|Person=3|Tense=Past|Voice=Pass', 'head': 8, 'deprel': 'acl:relcl', 'lemma': 'בוצע'}]"
"(11, 13)",בשטח,,,,,,"(44, 48)",,"[{'id': 11, 'text': 'ב', 'upos': 'ADP', 'xpos': 'ADP', 'head': 13, 'deprel': 'case', 'lemma': 'ב'}, {'id': 12, 'text': 'ה_', 'upos': 'DET', 'xpos': 'DET', 'feats': 'PronType=Art', 'head': 13, 'deprel': 'det:def', 'lemma': 'ה'}, {'id': 13, 'text': 'שטח', 'upos': 'NOUN', 'xpos': 'NOUN', 'feats': 'Gender=Masc|Number=Sing', 'head': 10, 'deprel': 'obl', 'lemma': 'שטח'}]"
14,הראתה,VERB,VERB,Gender=Fem|HebBinyan=HIFIL|Number=Sing|Person=3|Tense=Past|Voice=Act,0.0,root,"(49, 54)",הראה,
15,התאמה,NOUN,NOUN,Gender=Fem|Number=Sing,14.0,obj,"(55, 60)",התאמה,
16,טובה,ADJ,ADJ,Gender=Fem|Number=Sing,15.0,amod,"(61, 65)",טוב,
1,חקירה,NOUN,NOUN,Gender=Fem|Number=Sing,12.0,nsubj,"(1, 6)",חקירה,
2,של,ADP,ADP,Case=Gen,3.0,case:gen,"(7, 9)",של,
3,הנחתה,NOUN,NOUN,Gender=Fem|Number=Sing,1.0,nmod:poss,"(10, 15)",הנחתה,
4,אקטיבית,ADJ,ADJ,Gender=Fem|Number=Sing,3.0,amod,"(16, 23)",אקטיבי,
5,באמצעות,ADP,ADP,,6.0,case,"(24, 31)",באמצעות,
6,מקורות,NOUN,NOUN,Definite=Cons|Gender=Masc|Number=Plur,3.0,nmod,"(32, 38)",מקור,
7,רעש,NOUN,NOUN,Gender=Masc|Number=Sing,6.0,compound:smixut,"(39, 42)",רעש,
8,משניים,ADJ,ADJ,Gender=Masc|Number=Plur,6.0,amod,"(43, 49)",משני,
9,(,PUNCT,PUNCT,,10.0,punct,"(50, 51)",(,
10,רמקולים,NOUN,NOUN,Gender=Masc|Number=Plur,6.0,appos,"(51, 58)",רמקול,
11,),PUNCT,PUNCT,,10.0,punct,"(58, 59)",),
12,נעשתה,VERB,VERB,Gender=Fem|HebBinyan=NIFAL|Number=Sing|Person=3|Tense=Past|Voice=Mid,0.0,root,"(60, 65)",נעשה,
13,באמצעות,ADP,ADP,,15.0,case,"(66, 73)",באמצעות,
"(14, 15)",המודל,,,,,,"(74, 79)",,"[{'id': 14, 'text': 'ה', 'upos': 'DET', 'xpos': 'DET', 'feats': 'PronType=Art', 'head': 15, 'deprel': 'det:def', 'lemma': 'ה'}, {'id': 15, 'text': 'מודל', 'upos': 'NOUN', 'xpos': 'NOUN', 'feats': 'Gender=Masc|Number=Sing', 'head': 12, 'deprel': 'obl', 'lemma': 'מודל'}]"
"(16, 17)",הדו־ממדי,,,,,,"(80, 88)",,"[{'id': 16, 'text': 'ה', 'upos': 'DET', 'xpos': 'DET', 'feats': 'PronType=Art', 'head': 17, 'deprel': 'det:def', 'lemma': 'ה'}, {'id': 17, 'text': 'דוקממדי', 'upos': 'ADJ', 'xpos': 'ADJ', 'head': 15, 'deprel': 'amod', 'lemma': 'דוקממדי'}]"
"(18, 19)",והראתה,,,,,,"(89, 95)",,"[{'id': 18, 'text': 'ו', 'upos': 'CCONJ', 'xpos': 'CCONJ', 'head': 19, 'deprel': 'cc', 'lemma': 'ו'}, {'id': 19, 'text': 'הראתה', 'upos': 'VERB', 'xpos': 'VERB', 'feats': 'Gender=Fem|HebBinyan=HIFIL|Number=Sing|Person=3|Tense=Past|Voice=Act', 'head': 12, 'deprel': 'conj', 'lemma': 'הראה'}]"
20,התכנות,NOUN,NOUN,Gender=Fem|Number=Sing,19.0,obj,"(96, 102)",התכנה,
21,של,ADP,ADP,Case=Gen,22.0,case:gen,"(103, 105)",של,
22,הנחתה,NOUN,NOUN,Gender=Fem|Number=Sing,20.0,nmod:poss,"(106, 111)",הנחתה,
23,משמעותית,ADJ,ADJ,Gender=Fem|Number=Sing,22.0,amod,"(112, 120)",משמעותי,
24,(,PUNCT,PUNCT,,26.0,punct,"(121, 122)",(,
25,10,NUM,NUM,,26.0,nummod,"(122, 124)",10,
26,dB,NOUN,NOUN,,22.0,appos,"(125, 127)",dB,
"(27, 29)",־5,,,,,,"(127, 129)",,"[{'id': 27, 'text': 'פף_', 'upos': 'NOUN', 'xpos': 'NOUN', 'feats': 'Definite=Def|Gender=Masc|Number=Sing', 'head': 26, 'deprel': 'nmod', 'lemma': 'פף'}, {'id': 28, 'text': '_של_', 'upos': 'ADP', 'xpos': 'ADP', 'head': 29, 'deprel': 'case:gen', 'lemma': 'של'}, {'id': 29, 'text': '_היא', 'upos': 'PRON', 'xpos': 'PRON', 'feats': 'Case=Gen|Gender=Fem|Number=Sing|Person=3|PronType=Prs', 'head': 27, 'deprel': 'nmod:poss', 'lemma': 'הוא'}]"
30,),PUNCT,PUNCT,,26.0,punct,"(129, 130)",),
"(31, 32)",בעזרת,,,,,,"(131, 136)",,"[{'id': 31, 'text': 'ב', 'upos': 'ADP', 'xpos': 'ADP', 'head': 32, 'deprel': 'case', 'lemma': 'ב'}, {'id': 32, 'text': 'עזרת', 'upos': 'NOUN', 'xpos': 'NOUN', 'feats': 'Definite=Cons|Gender=Fem|Number=Sing', 'head': 20, 'deprel': 'nmod', 'lemma': 'עזרה'}]"
33,שני,NUM,NUM,Definite=Cons|Gender=Masc|Number=Plur,34.0,nummod,"(137, 140)",שני,
34,רמקולים,NOUN,NOUN,Gender=Masc|Number=Plur,32.0,compound:smixut,"(141, 148)",רמקול,
35,בלבד,ADV,ADV,,34.0,advmod,"(149, 153)",בלבד,
"(1, 2)",בשנת,,,,,,"(1, 5)",,"[{'id': 1, 'text': 'ב', 'upos': 'ADP', 'xpos': 'ADP', 'head': 2, 'deprel': 'case', 'lemma': 'ב'}, {'id': 2, 'text': 'שנת', 'upos': 'NOUN', 'xpos': 'NOUN', 'feats': 'Definite=Cons|Gender=Fem|Number=Sing', 'head': 7, 'deprel': 'obl', 'lemma': 'שנה'}]"
"(3, 4)",המחקר,,,,,,"(6, 11)",,"[{'id': 3, 'text': 'ה', 'upos': 'DET', 'xpos': 'DET', 'feats': 'PronType=Art', 'head': 4, 'deprel': 'det:def', 'lemma': 'ה'}, {'id': 4, 'text': 'מחקר', 'upos': 'NOUN', 'xpos': 'NOUN', 'feats': 'Gender=Masc|Number=Sing', 'head': 2, 'deprel': 'compound:smixut', 'lemma': 'מחקר'}]"
"(5, 6)",השלישית,,,,,,"(12, 19)",,"[{'id': 5, 'text': 'ה', 'upos': 'DET', 'xpos': 'DET', 'feats': 'PronType=Art', 'head': 6, 'deprel': 'det:def', 'lemma': 'ה'}, {'id': 6, 'text': 'שלישית', 'upos': 'NUM', 'xpos': 'NUM', 'feats': 'Gender=Fem|Number=Sing', 'head': 2, 'deprel': 'amod', 'lemma': 'שלישית'}]"
7,הרחבנו,VERB,VERB,"Gender=Fem,Masc|HebBinyan=HIFIL|Number=Plur|Person=1|Tense=Past|Voice=Act",0.0,root,"(20, 26)",הרחיב,
8,את,ADP,ADP,Case=Acc,10.0,case:acc,"(27, 29)",את,
"(9, 10)",המודל,,,,,,"(30, 35)",,"[{'id': 9, 'text': 'ה', 'upos': 'DET', 'xpos': 'DET', 'feats': 'PronType=Art', 'head': 10, 'deprel': 'det:def', 'lemma': 'ה'}, {'id': 10, 'text': 'מודל', 'upos': 'NOUN', 'xpos': 'NOUN', 'feats': 'Gender=Masc|Number=Sing', 'head': 7, 'deprel': 'obj', 'lemma': 'מודל'}]"
"(11, 12)",התלת,,,,,,"(36, 40)",,"[{'id': 11, 'text': 'ה', 'upos': 'DET', 'xpos': 'DET', 'feats': 'PronType=Art', 'head': 14, 'deprel': 'det:def', 'lemma': 'ה'}, {'id': 12, 'text': 'תלת', 'upos': 'ADV', 'xpos': 'ADV', 'head': 14, 'deprel': 'compound:affix', 'lemma': 'תלת'}]"
"(13, 14)",־ממדי,,,,,,"(40, 45)",,"[{'id': 13, 'text': 'ל', 'upos': 'ADP', 'xpos': 'ADP', 'head': 14, 'deprel': 'case', 'lemma': 'ל'}, {'id': 14, 'text': 'ממדי', 'upos': 'ADJ', 'xpos': 'ADJ', 'feats': 'Gender=Masc|Number=Sing', 'head': 10, 'deprel': 'amod', 'lemma': 'ממדי'}]"
15,כדי,ADP,ADP,,16.0,case,"(46, 49)",כדי,
16,לאפשר,VERB,VERB,HebBinyan=PIEL|VerbForm=Inf|Voice=Act,7.0,advcl,"(50, 55)",אפשר,
17,חקירה,NOUN,NOUN,Gender=Fem|Number=Sing,16.0,obj,"(56, 61)",חקירה,
18,של,ADP,ADP,Case=Gen,19.0,case:gen,"(62, 64)",של,
19,הנחתה,NOUN,NOUN,Gender=Fem|Number=Sing,17.0,nmod:poss,"(65, 70)",הנחתה,
20,אקטיבית,ADJ,ADJ,Gender=Fem|Number=Sing,19.0,amod,"(71, 78)",אקטיבי,
"(21, 22)",במרחב,,,,,,"(79, 84)",,"[{'id': 21, 'text': 'ב', 'upos': 'ADP', 'xpos': 'ADP', 'head': 22, 'deprel': 'case', 'lemma': 'ב'}, {'id': 22, 'text': 'מרחב', 'upos': 'NOUN', 'xpos': 'NOUN', 'feats': 'Definite=Cons|Gender=Masc|Number=Sing', 'head': 19, 'deprel': 'nmod', 'lemma': 'מרחב'}]"
"(23, 24)",החדר,,,,,,"(85, 89)",,"[{'id': 23, 'text': 'ה', 'upos': 'DET', 'xpos': 'DET', 'feats': 'PronType=Art', 'head': 24, 'deprel': 'det:def', 'lemma': 'ה'}, {'id': 24, 'text': 'חדר', 'upos': 'NOUN', 'xpos': 'NOUN', 'feats': 'Gender=Masc|Number=Sing', 'head': 22, 'deprel': 'compound:smixut', 'lemma': 'חדר'}]"
25,באמצעות,ADP,ADP,,27.0,case,"(90, 97)",באמצעות,
26,שני,NUM,NUM,Definite=Cons|Gender=Masc|Number=Plur,27.0,nummod,"(98, 101)",שני,
27,מקורות,NOUN,NOUN,Definite=Cons|Gender=Masc|Number=Plur,17.0,nmod,"(102, 108)",מקור,
28,רעש,NOUN,NOUN,Gender=Masc|Number=Sing,27.0,compound:smixut,"(109, 112)",רעש,
29,משניים,ADJ,ADJ,Gender=Masc|Number=Plur,27.0,amod,"(113, 119)",משני,
30,(,PUNCT,PUNCT,,31.0,punct,"(120, 121)",(,
31,רמקולים,NOUN,NOUN,Gender=Masc|Number=Plur,27.0,appos,"(121, 128)",רמקול,
32,),PUNCT,PUNCT,,31.0,punct,"(128, 129)",),
1,במקביל,ADV,ADV,,3.0,advmod,"(1, 7)",במקביל,
"(2, 3)",בנינו,,,,,,"(8, 13)",,"[{'id': 2, 'text': 'ב', 'upos': 'ADP', 'xpos': 'ADP', 'head': 3, 'deprel': 'case', 'lemma': 'ב'}, {'id': 3, 'text': 'נינו', 'upos': 'PROPN', 'xpos': 'PROPN', 'head': 0, 'deprel': 'root', 'lemma': 'נין'}]"
4,מערכת,NOUN,NOUN,Gender=Fem|Number=Sing,3.0,nsubj,"(14, 19)",מערכת,
5,מעבדתית,ADJ,ADJ,Gender=Fem|Number=Sing,4.0,amod,"(20, 27)",מעבדתי,
6,פשוטה,ADJ,ADJ,Gender=Fem|Number=Sing,4.0,amod,"(28, 33)",פשוט,
"(7, 8)",לביצוע,,,,,,"(34, 40)",,"[{'id': 7, 'text': 'ל', 'upos': 'ADP', 'xpos': 'ADP', 'head': 8, 'deprel': 'case', 'lemma': 'ל'}, {'id': 8, 'text': 'ביצוע', 'upos': 'NOUN', 'xpos': 'NOUN', 'feats': 'Definite=Cons|Gender=Masc|Number=Sing', 'head': 4, 'deprel': 'nmod', 'lemma': 'ביצוע'}]"
9,ניסויי,NOUN,NOUN,Definite=Cons|Gender=Masc|Number=Plur,8.0,compound:smixut,"(41, 47)",ניסוי,
10,היתכנות,NOUN,NOUN,Gender=Fem|Number=Sing,9.0,compound:smixut,"(48, 55)",היתכנות,
11,של,ADP,ADP,Case=Gen,12.0,case:gen,"(56, 58)",של,
12,הנחתה,NOUN,NOUN,Gender=Fem|Number=Sing,9.0,nmod:poss,"(59, 64)",הנחתה,
13,אקטיבית,ADJ,ADJ,Gender=Fem|Number=Sing,12.0,amod,"(65, 72)",אקטיבי,
"(14, 15)",בתנאי,,,,,,"(73, 78)",,"[{'id': 14, 'text': 'ב', 'upos': 'ADP', 'xpos': 'ADP', 'head': 15, 'deprel': 'case', 'lemma': 'ב'}, {'id': 15, 'text': 'תנאי', 'upos': 'NOUN', 'xpos': 'NOUN', 'feats': 'Definite=Cons|Gender=Masc|Number=Plur', 'head': 12, 'deprel': 'nmod', 'lemma': 'תנאי'}]"
16,אמת,NOUN,NOUN,Gender=Fem|Number=Sing,15.0,compound:smixut,"(79, 82)",אמת,
17,באמצעות,ADP,ADP,,18.0,case,"(83, 90)",באמצעות,
18,מגבר,NOUN,NOUN,Gender=Masc|Number=Sing,4.0,nmod,"(91, 95)",מגבר,
"(19, 20)",ושני,,,,,,"(96, 100)",,"[{'id': 19, 'text': 'ו', 'upos': 'CCONJ', 'xpos': 'CCONJ', 'head': 21, 'deprel': 'cc', 'lemma': 'ו'}, {'id': 20, 'text': 'שני', 'upos': 'NUM', 'xpos': 'NUM', 'feats': 'Definite=Cons|Gender=Masc|Number=Plur', 'head': 21, 'deprel': 'nummod', 'lemma': 'שני'}]"
21,רמקולים,NOUN,NOUN,Gender=Masc|Number=Plur,18.0,conj,"(101, 108)",רמקול,
"(22, 25)",של ״15,,,,,,"(109, 115)",,"[{'id': 22, 'text': 'ש', 'upos': 'SCONJ', 'xpos': 'SCONJ', 'head': 25, 'deprel': 'mark', 'lemma': 'ש'}, {'id': 23, 'text': 'ל', 'upos': 'ADP', 'xpos': 'ADP', 'head': 25, 'deprel': 'case', 'lemma': 'ל'}, {'id': 24, 'text': 'ה_', 'upos': 'DET', 'xpos': 'DET', 'feats': 'PronType=Art', 'head': 25, 'deprel': 'det:def', 'lemma': 'ה'}, {'id': 25, 'text': 'אפ15', 'upos': 'X', 'xpos': 'X', 'head': 21, 'deprel': 'acl:relcl', 'lemma': 'אפ15'}]"
1,תוצאות,NOUN,NOUN,Definite=Cons|Gender=Fem|Number=Plur,6.0,nsubj,"(1, 7)",תוצאה,
"(2, 3)",המחקר,,,,,,"(8, 13)",,"[{'id': 2, 'text': 'ה', 'upos': 'DET', 'xpos': 'DET', 'feats': 'PronType=Art', 'head': 3, 'deprel': 'det:def', 'lemma': 'ה'}, {'id': 3, 'text': 'מחקר', 'upos': 'NOUN', 'xpos': 'NOUN', 'feats': 'Gender=Masc|Number=Sing', 'head': 1, 'deprel': 'compound:smixut', 'lemma': 'מחקר'}]"
"(4, 5)",החישובי,,,,,,"(14, 21)",,"[{'id': 4, 'text': 'ה', 'upos': 'DET', 'xpos': 'DET', 'feats': 'PronType=Art', 'head': 5, 'deprel': 'det:def', 'lemma': 'ה'}, {'id': 5, 'text': 'חישובי', 'upos': 'ADJ', 'xpos': 'ADJ', 'feats': 'Gender=Masc|Number=Sing', 'head': 3, 'deprel': 'amod', 'lemma': 'חישוב'}]"
6,הראו,VERB,VERB,"Gender=Fem,Masc|HebBinyan=HIFIL|Number=Plur|Person=3|Tense=Past|Voice=Act",0.0,root,"(22, 26)",הראה,
"(7, 8)",בברור,,,,,,"(27, 32)",,"[{'id': 7, 'text': 'ב', 'upos': 'ADP', 'xpos': 'ADP', 'head': 8, 'deprel': 'case', 'lemma': 'ב'}, {'id': 8, 'text': 'ברור', 'upos': 'NOUN', 'xpos': 'NOUN', 'feats': 'Gender=Masc|Number=Sing', 'head': 6, 'deprel': 'obl', 'lemma': 'ברור'}]"
"(9, 10)",שניתן,,,,,,"(33, 38)",,"[{'id': 9, 'text': 'ש', 'upos': 'SCONJ', 'xpos': 'SCONJ', 'head': 10, 'deprel': 'mark', 'lemma': 'ש'}, {'id': 10, 'text': 'ניתן', 'upos': 'AUX', 'xpos': 'AUX', 'feats': 'Gender=Masc|Number=Sing|Person=1,2,3|VerbType=Mod', 'head': 11, 'deprel': 'aux', 'lemma': 'ניתן'}]"
11,להקטין,VERB,VERB,HebBinyan=HIFIL|VerbForm=Inf|Voice=Act,6.0,ccomp,"(39, 45)",הקטין,
12,את,ADP,ADP,Case=Acc,13.0,case:acc,"(46, 48)",את,
13,מטרדי,NOUN,NOUN,Definite=Cons|Gender=Masc|Number=Plur,11.0,obj,"(49, 54)",מטרד,
"(14, 15)",הרעש,,,,,,"(55, 59)",,"[{'id': 14, 'text': 'ה', 'upos': 'DET', 'xpos': 'DET', 'feats': 'PronType=Art', 'head': 15, 'deprel': 'det:def', 'lemma': 'ה'}, {'id': 15, 'text': 'רעש', 'upos': 'NOUN', 'xpos': 'NOUN', 'feats': 'Gender=Masc|Number=Sing', 'head': 13, 'deprel': 'compound:smixut', 'lemma': 'רעש'}]"
"(16, 17)",בחדרי,,,,,,"(60, 65)",,"[{'id': 16, 'text': 'ב', 'upos': 'ADP', 'xpos': 'ADP', 'head': 17, 'deprel': 'case', 'lemma': 'ב'}, {'id': 17, 'text': 'חדרי', 'upos': 'NOUN', 'xpos': 'NOUN', 'feats': 'Definite=Cons|Gender=Masc|Number=Plur', 'head': 13, 'deprel': 'nmod', 'lemma': 'חדר'}]"
18,מגורים,NOUN,NOUN,Gender=Masc|Number=Plur,17.0,compound:smixut,"(66, 72)",מגורים,
19,באמצעות,ADP,ADP,,20.0,case,"(73, 80)",באמצעות,
20,הנחתה,NOUN,NOUN,Gender=Fem|Number=Sing,11.0,obl,"(81, 86)",הנחתה,
21,אקטיבית,ADJ,ADJ,Gender=Fem|Number=Sing,20.0,amod,"(87, 94)",אקטיבי,
"(22, 23)",ממקור,,,,,,"(95, 100)",,"[{'id': 22, 'text': 'מ', 'upos': 'ADP', 'xpos': 'ADP', 'head': 23, 'deprel': 'case', 'lemma': 'מ'}, {'id': 23, 'text': 'מקור', 'upos': 'NOUN', 'xpos': 'NOUN', 'feats': 'Gender=Masc|Number=Sing', 'head': 20, 'deprel': 'nmod', 'lemma': 'מקור'}]"
24,משני,ADJ,ADJ,Gender=Masc|Number=Sing,23.0,amod,"(101, 105)",משני,
25,בתוך,ADP,ADP,,27.0,case,"(106, 110)",בתוך,
"(26, 27)",החדר,,,,,,"(111, 115)",,"[{'id': 26, 'text': 'ה', 'upos': 'DET', 'xpos': 'DET', 'feats': 'PronType=Art', 'head': 27, 'deprel': 'det:def', 'lemma': 'ה'}, {'id': 27, 'text': 'חדר', 'upos': 'NOUN', 'xpos': 'NOUN', 'feats': 'Gender=Masc|Number=Sing', 'head': 23, 'deprel': 'nmod', 'lemma': 'חדר'}]"
1,כדי,ADP,ADP,,2.0,case,"(1, 4)",כדי,
2,ליישם,VERB,VERB,HebBinyan=PIEL|VerbForm=Inf|Voice=Act,9.0,advcl,"(5, 10)",יישם,
3,את,ADP,ADP,Case=Acc,5.0,case:acc,"(11, 13)",את,
"(4, 5)",הפתרון,,,,,,"(14, 20)",,"[{'id': 4, 'text': 'ה', 'upos': 'DET', 'xpos': 'DET', 'feats': 'PronType=Art', 'head': 5, 'deprel': 'det:def', 'lemma': 'ה'}, {'id': 5, 'text': 'פתרון', 'upos': 'NOUN', 'xpos': 'NOUN', 'feats': 'Gender=Masc|Number=Sing', 'head': 2, 'deprel': 'obj', 'lemma': 'פתרון'}]"
"(6, 8)",בפועל,,,,,,"(21, 26)",,"[{'id': 6, 'text': 'ב', 'upos': 'ADP', 'xpos': 'ADP', 'head': 8, 'deprel': 'case', 'lemma': 'ב'}, {'id': 7, 'text': 'ה_', 'upos': 'DET', 'xpos': 'DET', 'feats': 'PronType=Art', 'head': 8, 'deprel': 'det:def', 'lemma': 'ה'}, {'id': 8, 'text': 'פועל', 'upos': 'NOUN', 'xpos': 'NOUN', 'feats': 'Gender=Masc|Number=Sing', 'head': 2, 'deprel': 'obl', 'lemma': 'פועל'}]"
9,צריך,AUX,AUX,"Gender=Masc|Number=Sing|Person=1,2,3|VerbType=Mod",0.0,root,"(27, 31)",צריך,
10,מערכת,NOUN,NOUN,Definite=Cons|Gender=Fem|Number=Sing,9.0,obj,"(32, 37)",מערכת,
11,ניסוי,NOUN,NOUN,Gender=Masc|Number=Sing,10.0,compound:smixut,"(38, 43)",ניסוי,
"(12, 13)",שכוללת,,,,,,"(44, 50)",,"[{'id': 12, 'text': 'ש', 'upos': 'SCONJ', 'xpos': 'SCONJ', 'head': 13, 'deprel': 'mark', 'lemma': 'ש'}, {'id': 13, 'text': 'כוללת', 'upos': 'VERB', 'xpos': 'VERB', 'feats': 'Gender=Fem|HebBinyan=PAAL|Number=Sing|Person=1,2,3|VerbForm=Part|Voice=Act', 'head': 10, 'deprel': 'acl:relcl', 'lemma': 'כלל'}]"
14,בין,ADP,ADP,,16.0,case,"(51, 54)",בין,
"(15, 16)",השאר,,,,,,"(55, 59)",,"[{'id': 15, 'text': 'ה', 'upos': 'DET', 'xpos': 'DET', 'feats': 'PronType=Art', 'head': 16, 'deprel': 'det:def', 'lemma': 'ה'}, {'id': 16, 'text': 'שאר', 'upos': 'NOUN', 'xpos': 'NOUN', 'feats': 'Gender=Masc|Number=Sing', 'head': 13, 'deprel': 'obl', 'lemma': 'שאר'}]"
17,גם,ADV,ADV,,18.0,det,"(60, 62)",גם,
18,מערכת,NOUN,NOUN,Definite=Cons|Gender=Fem|Number=Sing,13.0,obj,"(63, 68)",מערכת,
19,בקרה,NOUN,NOUN,Gender=Fem|Number=Sing,18.0,compound:smixut,"(69, 73)",בקרה,
"(20, 21)",ואלגוריתמים,,,,,,"(74, 85)",,"[{'id': 20, 'text': 'ו', 'upos': 'CCONJ', 'xpos': 'CCONJ', 'head': 21, 'deprel': 'cc', 'lemma': 'ו'}, {'id': 21, 'text': 'אלגוריתמים', 'upos': 'NOUN', 'xpos': 'NOUN', 'feats': 'Gender=Masc|Number=Plur', 'head': 18, 'deprel': 'conj', 'lemma': 'אלגורית'}]"
22,כדי,ADP,ADP,,23.0,case,"(86, 89)",כדי,
23,לממש,VERB,VERB,HebBinyan=PIEL|VerbForm=Inf|Voice=Act,9.0,advcl,"(90, 94)",מימש,
24,את,ADP,ADP,Case=Acc,25.0,case:acc,"(95, 97)",את,
25,תוצאות,NOUN,NOUN,Definite=Cons|Gender=Fem|Number=Plur,23.0,obj,"(98, 104)",תוצאה,
"(26, 27)",החישובים,,,,,,"(105, 113)",,"[{'id': 26, 'text': 'ה', 'upos': 'DET', 'xpos': 'DET', 'feats': 'PronType=Art', 'head': 27, 'deprel': 'det:def', 'lemma': 'ה'}, {'id': 27, 'text': 'חישובים', 'upos': 'NOUN', 'xpos': 'NOUN', 'feats': 'Gender=Masc|Number=Plur', 'head': 25, 'deprel': 'compound:smixut', 'lemma': 'חישוב'}]"
28,על־ידי,ADP,ADP,,29.0,case,"(114, 120)",על־ידי,
29,טיפול,NOUN,NOUN,Gender=Masc|Number=Sing,23.0,obl,"(121, 126)",טיפול,
"(30, 32)",במדידות,,,,,,"(127, 134)",,"[{'id': 30, 'text': 'ב', 'upos': 'ADP', 'xpos': 'ADP', 'head': 32, 'deprel': 'case', 'lemma': 'ב'}, {'id': 31, 'text': 'ה_', 'upos': 'DET', 'xpos': 'DET', 'feats': 'PronType=Art', 'head': 32, 'deprel': 'det:def', 'lemma': 'ה'}, {'id': 32, 'text': 'מדידות', 'upos': 'NOUN', 'xpos': 'NOUN', 'feats': 'Gender=Fem|Number=Plur', 'head': 29, 'deprel': 'nmod', 'lemma': 'מדידה'}]"
"(33, 34)",באופן,,,,,,"(135, 140)",,"[{'id': 33, 'text': 'ב', 'upos': 'ADP', 'xpos': 'ADP', 'head': 34, 'deprel': 'case', 'lemma': 'ב'}, {'id': 34, 'text': 'אופן', 'upos': 'NOUN', 'xpos': 'NOUN', 'feats': 'Gender=Masc|Number=Sing', 'head': 29, 'deprel': 'nmod', 'lemma': 'אופן'}]"
35,מקוון,ADJ,ADJ,Gender=Masc|Number=Sing,34.0,amod,"(141, 146)",מקוון,
36,(,PUNCT,PUNCT,,39.0,punct,"(147, 148)",(,
37,on,ADP,ADP,,39.0,case,"(148, 150)",on,
38,-,PUNCT,PUNCT,,39.0,punct,"(150, 151)",-,
39,line,NOUN,NOUN,,34.0,appos,"(151, 155)",line,
40,),PUNCT,PUNCT,,39.0,punct,"(155, 156)",),
1,1,NUM,NUM,,0.0,root,"(1, 2)",1,
1,רקע,NOUN,NOUN,Gender=Masc|Number=Sing,0.0,root,"(1, 4)",רקע,
2,מדעי,ADJ,ADJ,Gender=Masc|Number=Sing,1.0,amod,"(5, 9)",מדעי,
3,טכנולוגי,ADJ,ADJ,Gender=Masc|Number=Sing,1.0,amod,"(10, 18)",טכנולוגי,
4,1,NUM,NUM,,1.0,nummod,"(19, 20)",1,
1,1,NUM,NUM,,0.0,root,"(0, 1)",1,
1,רעש,NOUN,NOUN,Gender=Masc|Number=Sing,8.0,nsubj,"(1, 4)",רעש,
"(2, 3)",ממזגנים,,,,,,"(5, 12)",,"[{'id': 2, 'text': 'מ', 'upos': 'ADP', 'xpos': 'ADP', 'head': 3, 'deprel': 'case', 'lemma': 'מ'}, {'id': 3, 'text': 'מזגנים', 'upos': 'NOUN', 'xpos': 'NOUN', 'feats': 'Gender=Masc|Number=Plur', 'head': 1, 'deprel': 'nmod', 'lemma': 'מזגן'}]"
"(4, 5)",בבתי,,,,,,"(13, 17)",,"[{'id': 4, 'text': 'ב', 'upos': 'ADP', 'xpos': 'ADP', 'head': 5, 'deprel': 'case', 'lemma': 'ב'}, {'id': 5, 'text': 'בתי', 'upos': 'NOUN', 'xpos': 'NOUN', 'feats': 'Definite=Cons|Gender=Masc|Number=Plur', 'head': 1, 'deprel': 'nmod', 'lemma': 'בית'}]"
6,מגורים,NOUN,NOUN,Gender=Masc|Number=Plur,5.0,compound:smixut,"(18, 24)",מגורים,
7,חדשים,ADJ,ADJ,Gender=Masc|Number=Plur,5.0,amod,"(25, 30)",חדש,
8,גוברת,VERB,VERB,"Gender=Fem|HebBinyan=PAAL|Number=Sing|Person=1,2,3|VerbForm=Part|Voice=Act",0.0,root,"(31, 36)",גבר,
"(9, 10)",הנטייה,,,,,,"(37, 43)",,"[{'id': 9, 'text': 'ה', 'upos': 'DET', 'xpos': 'DET', 'feats': 'PronType=Art', 'head': 10, 'deprel': 'det:def', 'lemma': 'ה'}, {'id': 10, 'text': 'נטייה', 'upos': 'NOUN', 'xpos': 'NOUN', 'feats': 'Gender=Fem|Number=Sing', 'head': 8, 'deprel': 'nsubj', 'lemma': 'נטייה'}]"
11,של,ADP,ADP,Case=Gen,12.0,case:gen,"(44, 46)",של,
12,אדריכלים,NOUN,NOUN,Gender=Masc|Number=Plur,10.0,nmod,"(47, 55)",אדריכל,
"(13, 14)",וקבלנים,,,,,,"(56, 63)",,"[{'id': 13, 'text': 'ו', 'upos': 'CCONJ', 'xpos': 'CCONJ', 'head': 14, 'deprel': 'cc', 'lemma': 'ו'}, {'id': 14, 'text': 'קבלנים', 'upos': 'NOUN', 'xpos': 'NOUN', 'feats': 'Gender=Masc|Number=Plur', 'head': 12, 'deprel': 'conj', 'lemma': 'קבלן'}]"
15,לתכנן,VERB,VERB,HebBinyan=PIEL|VerbForm=Inf|Voice=Act,10.0,acl,"(64, 69)",לתכנן,
"(16, 17)",ולהכין,,,,,,"(70, 76)",,"[{'id': 16, 'text': 'ו', 'upos': 'CCONJ', 'xpos': 'CCONJ', 'head': 17, 'deprel': 'cc', 'lemma': 'ו'}, {'id': 17, 'text': 'להכין', 'upos': 'VERB', 'xpos': 'VERB', 'feats': 'HebBinyan=HIFIL|VerbForm=Inf|Voice=Act', 'head': 15, 'deprel': 'conj', 'lemma': 'הכין'}]"
18,מקום,NOUN,NOUN,Gender=Masc|Number=Sing,15.0,obj,"(77, 81)",מקום,
"(19, 20)",וצנרת,,,,,,"(82, 87)",,"[{'id': 19, 'text': 'ו', 'upos': 'CCONJ', 'xpos': 'CCONJ', 'head': 20, 'deprel': 'cc', 'lemma': 'ו'}, {'id': 20, 'text': 'צנרת', 'upos': 'NOUN', 'xpos': 'NOUN', 'feats': 'Gender=Fem|Number=Sing', 'head': 18, 'deprel': 'conj', 'lemma': 'צנרת'}]"
"(21, 22)",למערכת,,,,,,"(88, 94)",,"[{'id': 21, 'text': 'ל', 'upos': 'ADP', 'xpos': 'ADP', 'head': 22, 'deprel': 'case', 'lemma': 'ל'}, {'id': 22, 'text': 'מערכת', 'upos': 'NOUN', 'xpos': 'NOUN', 'feats': 'Definite=Cons|Gender=Fem|Number=Sing', 'head': 18, 'deprel': 'nmod', 'lemma': 'מערכת'}]"
23,מיזוג,NOUN,NOUN,Definite=Cons|Gender=Masc|Number=Sing,22.0,compound:smixut,"(95, 100)",מיזוג,
24,אויר,NOUN,NOUN,Gender=Masc|Number=Sing,23.0,compound:smixut,"(101, 105)",אויר,
25,מרכזית,ADJ,ADJ,Gender=Fem|Number=Sing,22.0,nmod,"(106, 112)",מרכזי,
"(26, 27)",לכל,,,,,,"(113, 116)",,"[{'id': 26, 'text': 'ל', 'upos': 'ADP', 'xpos': 'ADP', 'head': 28, 'deprel': 'case', 'lemma': 'ל'}, {'id': 27, 'text': 'כל', 'upos': 'DET', 'xpos': 'DET', 'feats': 'Definite=Cons', 'head': 28, 'deprel': 'det', 'lemma': 'כול'}]"
28,דירה,NOUN,NOUN,Gender=Fem|Number=Sing,25.0,advmod,"(117, 121)",דירה,
"(29, 30)",בנפרד,,,,,,"(122, 127)",,"[{'id': 29, 'text': 'ב', 'upos': 'ADP', 'xpos': 'ADP', 'head': 30, 'deprel': 'case', 'lemma': 'ב'}, {'id': 30, 'text': 'נפרד', 'upos': 'ADJ', 'xpos': 'ADJ', 'feats': 'Gender=Masc|Number=Sing', 'head': 25, 'deprel': 'advmod', 'lemma': 'נפרד'}]"
"(1, 2)",המערכת,,,,,,"(1, 7)",,"[{'id': 1, 'text': 'ה', 'upos': 'DET', 'xpos': 'DET', 'feats': 'PronType=Art', 'head': 2, 'deprel': 'det:def', 'lemma': 'ה'}, {'id': 2, 'text': 'מערכת', 'upos': 'NOUN', 'xpos': 'NOUN', 'feats': 'Gender=Fem|Number=Sing', 'head': 3, 'deprel': 'nsubj', 'lemma': 'מערכת'}]"
3,מורכבת,VERB,VERB,"Gender=Fem|HebBinyan=HUFAL|Number=Sing|Person=1,2,3|VerbForm=Part|Voice=Pass",0.0,root,"(8, 14)",הורכב,
"(4, 5)",משתי,,,,,,"(15, 19)",,"[{'id': 4, 'text': 'מ', 'upos': 'ADP', 'xpos': 'ADP', 'head': 6, 'deprel': 'case', 'lemma': 'מ'}, {'id': 5, 'text': 'שתי', 'upos': 'NUM', 'xpos': 'NUM', 'feats': 'Definite=Cons|Gender=Fem|Number=Plur', 'head': 6, 'deprel': 'nummod', 'lemma': 'שתי'}]"
6,יחידות,NOUN,NOUN,Gender=Fem|Number=Plur,3.0,obl,"(20, 26)",יחידה,
7,:,PUNCT,PUNCT,,6.0,punct,"(26, 27)",:,
8,יחידת,NOUN,NOUN,Definite=Cons|Gender=Fem|Number=Sing,6.0,appos,"(28, 33)",יחידה,
"(9, 10)",המאייד,,,,,,"(34, 40)",,"[{'id': 9, 'text': 'ה', 'upos': 'DET', 'xpos': 'DET', 'feats': 'PronType=Art', 'head': 10, 'deprel': 'det:def', 'lemma': 'ה'}, {'id': 10, 'text': 'מאייד', 'upos': 'NOUN', 'xpos': 'NOUN', 'feats': 'Gender=Masc|Number=Sing', 'head': 8, 'deprel': 'compound:smixut', 'lemma': 'מאייד'}]"
"(11, 12)",שמותקנת,,,,,,"(41, 48)",,"[{'id': 11, 'text': 'ש', 'upos': 'SCONJ', 'xpos': 'SCONJ', 'head': 12, 'deprel': 'mark', 'lemma': 'ש'}, {'id': 12, 'text': 'מותקנת', 'upos': 'VERB', 'xpos': 'VERB', 'feats': 'Gender=Fem|HebBinyan=HUFAL|Number=Sing|Person=1,2,3|VerbForm=Part|Voice=Pass', 'head': 8, 'deprel': 'acl:relcl', 'lemma': 'הותקן'}]"
13,בתוך,ADP,ADP,,15.0,case,"(49, 53)",בתוך,
"(14, 15)",הדירה,,,,,,"(54, 59)",,"[{'id': 14, 'text': 'ה', 'upos': 'DET', 'xpos': 'DET', 'feats': 'PronType=Art', 'head': 15, 'deprel': 'det:def', 'lemma': 'ה'}, {'id': 15, 'text': 'דירה', 'upos': 'NOUN', 'xpos': 'NOUN', 'feats': 'Gender=Fem|Number=Sing', 'head': 12, 'deprel': 'obl', 'lemma': 'דירה'}]"
"(16, 17)",ויחידת,,,,,,"(60, 66)",,"[{'id': 16, 'text': 'ו', 'upos': 'CCONJ', 'xpos': 'CCONJ', 'head': 17, 'deprel': 'cc', 'lemma': 'ו'}, {'id': 17, 'text': 'יחידת', 'upos': 'NOUN', 'xpos': 'NOUN', 'feats': 'Definite=Cons|Gender=Fem|Number=Sing', 'head': 8, 'deprel': 'conj', 'lemma': 'יחידה'}]"
"(18, 19)",המעבה,,,,,,"(67, 72)",,"[{'id': 18, 'text': 'ה', 'upos': 'DET', 'xpos': 'DET', 'feats': 'PronType=Art', 'head': 19, 'deprel': 'det:def', 'lemma': 'ה'}, {'id': 19, 'text': 'מעבה', 'upos': 'NOUN', 'xpos': 'NOUN', 'feats': 'Gender=Masc|Number=Sing', 'head': 17, 'deprel': 'compound:smixut', 'lemma': 'מעבה'}]"
"(20, 21)",שמותקנת,,,,,,"(73, 80)",,"[{'id': 20, 'text': 'ש', 'upos': 'SCONJ', 'xpos': 'SCONJ', 'head': 21, 'deprel': 'mark', 'lemma': 'ש'}, {'id': 21, 'text': 'מותקנת', 'upos': 'VERB', 'xpos': 'VERB', 'feats': 'Gender=Fem|HebBinyan=HUFAL|Number=Sing|Person=1,2,3|VerbForm=Part|Voice=Pass', 'head': 17, 'deprel': 'acl:relcl', 'lemma': 'הותקן'}]"
"(22, 23)",מחוץ,,,,,,"(81, 85)",,"[{'id': 22, 'text': 'מ', 'upos': 'ADP', 'xpos': 'ADP', 'head': 26, 'deprel': 'case', 'lemma': 'מ'}, {'id': 23, 'text': 'חוץ', 'upos': 'NOUN', 'xpos': 'NOUN', 'feats': 'Gender=Masc|Number=Sing', 'head': 22, 'deprel': 'fixed', 'lemma': 'חוץ'}]"
"(24, 26)",לדירה,,,,,,"(86, 91)",,"[{'id': 24, 'text': 'ל', 'upos': 'ADP', 'xpos': 'ADP', 'head': 22, 'deprel': 'fixed', 'lemma': 'ל'}, {'id': 25, 'text': 'ה_', 'upos': 'DET', 'xpos': 'DET', 'feats': 'PronType=Art', 'head': 26, 'deprel': 'det:def', 'lemma': 'ה'}, {'id': 26, 'text': 'דירה', 'upos': 'NOUN', 'xpos': 'NOUN', 'feats': 'Gender=Fem|Number=Sing', 'head': 21, 'deprel': 'obl', 'lemma': 'דירה'}]"
"(27, 29)",והקשר,,,,,,"(92, 97)",,"[{'id': 27, 'text': 'ו', 'upos': 'CCONJ', 'xpos': 'CCONJ', 'head': 35, 'deprel': 'cc', 'lemma': 'ו'}, {'id': 28, 'text': 'ה', 'upos': 'DET', 'xpos': 'DET', 'feats': 'PronType=Art', 'head': 29, 'deprel': 'det:def', 'lemma': 'ה'}, {'id': 29, 'text': 'קשר', 'upos': 'NOUN', 'xpos': 'NOUN', 'feats': 'Gender=Masc|Number=Sing', 'head': 35, 'deprel': 'nsubj', 'lemma': 'קשר'}]"
"(30, 31)",ביניהם,,,,,,"(98, 104)",,"[{'id': 30, 'text': 'בין_', 'upos': 'ADP', 'xpos': 'ADP', 'head': 31, 'deprel': 'case', 'lemma': 'בין'}, {'id': 31, 'text': '_הם', 'upos': 'PRON', 'xpos': 'PRON', 'feats': 'Gender=Masc|Number=Plur|Person=3|PronType=Prs', 'head': 29, 'deprel': 'nmod', 'lemma': 'הוא'}]"
32,על,ADP,ADP,,35.0,case,"(105, 107)",על,
33,-,PUNCT,PUNCT,,32.0,fixed,"(107, 108)",-,
34,ידי,NOUN,NOUN,Definite=Cons|Gender=Fem|Number=Plur,32.0,fixed,"(108, 111)",יד,
35,צינורות,NOUN,NOUN,Definite=Cons|Gender=Masc|Number=Plur,17.0,acl:relcl,"(112, 119)",צינור,
36,קירור,NOUN,NOUN,Gender=Masc|Number=Sing,35.0,compound:smixut,"(120, 125)",קירור,
"(37, 38)",וכבל,,,,,,"(126, 130)",,"[{'id': 37, 'text': 'ו', 'upos': 'CCONJ', 'xpos': 'CCONJ', 'head': 38, 'deprel': 'cc', 'lemma': 'ו'}, {'id': 38, 'text': 'כבל', 'upos': 'NOUN', 'xpos': 'NOUN', 'feats': 'Definite=Cons|Gender=Masc|Number=Sing', 'head': 35, 'deprel': 'conj', 'lemma': 'כבל'}]"
39,חשמל,NOUN,NOUN,Gender=Masc|Number=Sing,38.0,compound:smixut,"(131, 135)",חשמל,
1,יחידת,NOUN,NOUN,Definite=Cons|Gender=Fem|Number=Sing,8.0,nsubj,"(1, 6)",יחידה,
"(2, 3)",המאייד,,,,,,"(7, 13)",,"[{'id': 2, 'text': 'ה', 'upos': 'DET', 'xpos': 'DET', 'feats': 'PronType=Art', 'head': 3, 'deprel': 'det:def', 'lemma': 'ה'}, {'id': 3, 'text': 'מאייד', 'upos': 'NOUN', 'xpos': 'NOUN', 'feats': 'Gender=Masc|Number=Sing', 'head': 1, 'deprel': 'compound:smixut', 'lemma': 'מאייד'}]"
"(4, 5)",בדרך,,,,,,"(14, 18)",,"[{'id': 4, 'text': 'ב', 'upos': 'ADP', 'xpos': 'ADP', 'head': 5, 'deprel': 'case', 'lemma': 'ב'}, {'id': 5, 'text': 'דרך', 'upos': 'NOUN', 'xpos': 'NOUN', 'feats': 'Gender=Fem|Number=Sing', 'head': 1, 'deprel': 'nmod', 'lemma': 'דרך'}]"
"(6, 7)",־כלל,,,,,,"(18, 22)",,"[{'id': 6, 'text': 'ל', 'upos': 'ADP', 'xpos': 'ADP', 'head': 7, 'deprel': 'case', 'lemma': 'ל'}, {'id': 7, 'text': 'כלל', 'upos': 'NOUN', 'xpos': 'NOUN', 'feats': 'Gender=Masc|Number=Sing', 'head': 5, 'deprel': 'nmod', 'lemma': 'כלל'}]"
8,שקטה,ADJ,ADJ,Gender=Fem|Number=Sing,0.0,root,"(23, 27)",שקט,
9,",",PUNCT,PUNCT,,8.0,punct,"(27, 28)",",",
10,אולם,CCONJ,CCONJ,,19.0,cc,"(29, 33)",אולם,
11,יחידת,NOUN,NOUN,Definite=Cons|Gender=Fem|Number=Sing,15.0,nsubj,"(34, 39)",יחידה,
"(12, 13)",המעבה,,,,,,"(40, 45)",,"[{'id': 12, 'text': 'ה', 'upos': 'DET', 'xpos': 'DET', 'feats': 'PronType=Art', 'head': 13, 'deprel': 'det:def', 'lemma': 'ה'}, {'id': 13, 'text': 'מעבה', 'upos': 'NOUN', 'xpos': 'NOUN', 'feats': 'Gender=Masc|Number=Sing', 'head': 11, 'deprel': 'compound:smixut', 'lemma': 'מעבה'}]"
14,מאוד,ADV,ADV,,15.0,advmod,"(46, 50)",מאוד,
15,רועשת,ADJ,ADJ,Gender=Fem|HebSource=ConvUncertainHead|Number=Sing,8.0,conj,"(51, 56)",רועש,
16,כיון,NOUN,NOUN,HebSource=ConvUncertainHead,15.0,dep,"(57, 61)",כיון,
"(17, 18)",שהיא,,,,,,"(62, 66)",,"[{'id': 17, 'text': 'ש', 'upos': 'SCONJ', 'xpos': 'SCONJ', 'head': 19, 'deprel': 'mark', 'lemma': 'ש'}, {'id': 18, 'text': 'היא', 'upos': 'PRON', 'xpos': 'PRON', 'feats': 'Gender=Fem|Number=Sing|Person=3|PronType=Prs', 'head': 19, 'deprel': 'nsubj', 'lemma': 'הוא'}]"
19,משנעת,VERB,VERB,"Gender=Fem|HebBinyan=PIEL|Number=Sing|Person=1,2,3|VerbForm=Part|Voice=Act",8.0,advcl,"(67, 72)",שינע,
20,כמויות,NOUN,NOUN,Gender=Fem|Number=Plur,19.0,obj,"(73, 79)",כמות,
21,אויר,NOUN,NOUN,Gender=Masc|Number=Sing,20.0,compound:smixut,"(80, 84)",אויר,
22,עצומות,ADJ,ADJ,Gender=Fem|Number=Plur,20.0,amod,"(85, 91)",עצום,
23,(,PUNCT,PUNCT,,25.0,punct,"(92, 93)",(,
24,"כ־ 60,000",ADP,ADP,,25.0,nummod,"(93, 102)","כ־ 60,000",
25,ליטר,NOUN,NOUN,Gender=Masc|Number=Sing,20.0,appos,"(103, 107)",ליטר,
"(26, 28)",לדקה,,,,,,"(108, 112)",,"[{'id': 26, 'text': 'ל', 'upos': 'ADP', 'xpos': 'ADP', 'head': 28, 'deprel': 'case', 'lemma': 'ל'}, {'id': 27, 'text': 'ה_', 'upos': 'DET', 'xpos': 'DET', 'feats': 'PronType=Art', 'head': 28, 'deprel': 'det:def', 'lemma': 'ה'}, {'id': 28, 'text': 'דקה', 'upos': 'NOUN', 'xpos': 'NOUN', 'feats': 'Gender=Fem|Number=Sing', 'head': 25, 'deprel': 'nmod', 'lemma': 'דקה'}]"
"(29, 30)",למזגן,,,,,,"(113, 118)",,"[{'id': 29, 'text': 'ל', 'upos': 'ADP', 'xpos': 'ADP', 'head': 30, 'deprel': 'case', 'lemma': 'ל'}, {'id': 30, 'text': 'מזגן', 'upos': 'NOUN', 'xpos': 'NOUN', 'feats': 'Gender=Masc|Number=Sing', 'head': 25, 'deprel': 'nmod', 'lemma': 'מזגן'}]"
31,עם,ADP,ADP,,32.0,case,"(119, 121)",עם,
32,תפוקה,NOUN,NOUN,Gender=Fem|Number=Sing,30.0,nmod,"(122, 127)",תפוקה,
33,של,ADP,ADP,Case=Gen,35.0,case:gen,"(128, 130)",של,
34,"36,000",NUM,NUM,,35.0,nummod,"(131, 137)","36,000",
35,BTU,NOUN,NOUN,,32.0,nmod:poss,"(138, 141)",BTU,
36,/,PUNCT,PUNCT,,37.0,punct,"(141, 142)",/,
37,hr,PROPN,PROPN,,35.0,nmod,"(142, 144)",hr,
38,),PUNCT,PUNCT,,25.0,punct,"(144, 145)",),
"(39, 40)",לצורך,,,,,,"(146, 151)",,"[{'id': 39, 'text': 'ל', 'upos': 'ADP', 'xpos': 'ADP', 'head': 40, 'deprel': 'case', 'lemma': 'ל'}, {'id': 40, 'text': 'צורך', 'upos': 'NOUN', 'xpos': 'NOUN', 'feats': 'Definite=Cons|Gender=Masc|Number=Sing', 'head': 19, 'deprel': 'obl', 'lemma': 'צורך'}]"
41,קירור,NOUN,NOUN,Definite=Cons|Gender=Masc|Number=Sing,40.0,compound:smixut,"(152, 157)",קירור,
"(42, 43)",הגזים,,,,,,"(158, 163)",,"[{'id': 42, 'text': 'ה', 'upos': 'DET', 'xpos': 'DET', 'feats': 'PronType=Art', 'head': 43, 'deprel': 'det:def', 'lemma': 'ה'}, {'id': 43, 'text': 'גזים', 'upos': 'NOUN', 'xpos': 'NOUN', 'feats': 'Gender=Masc|Number=Plur', 'head': 41, 'deprel': 'compound:smixut', 'lemma': 'גז'}]"
"(44, 46)",במעבה,,,,,,"(164, 169)",,"[{'id': 44, 'text': 'ב', 'upos': 'ADP', 'xpos': 'ADP', 'head': 46, 'deprel': 'case', 'lemma': 'ב'}, {'id': 45, 'text': 'ה_', 'upos': 'DET', 'xpos': 'DET', 'feats': 'PronType=Art', 'head': 46, 'deprel': 'det:def', 'lemma': 'ה'}, {'id': 46, 'text': 'מעבה', 'upos': 'NOUN', 'xpos': 'NOUN', 'feats': 'Gender=Masc|Number=Sing', 'head': 41, 'deprel': 'nmod', 'lemma': 'מעבה'}]"
"(1, 2)",הרעש,,,,,,"(1, 5)",,"[{'id': 1, 'text': 'ה', 'upos': 'DET', 'xpos': 'DET', 'feats': 'PronType=Art', 'head': 2, 'deprel': 'det:def', 'lemma': 'ה'}, {'id': 2, 'text': 'רעש', 'upos': 'NOUN', 'xpos': 'NOUN', 'feats': 'Gender=Masc|Number=Sing', 'head': 13, 'deprel': 'nsubj', 'lemma': 'רעש'}]"
"(3, 4)",הנגרם,,,,,,"(6, 11)",,"[{'id': 3, 'text': 'ה', 'upos': 'SCONJ', 'xpos': 'SCONJ', 'head': 4, 'deprel': 'mark', 'lemma': 'ה'}, {'id': 4, 'text': 'נגרם', 'upos': 'VERB', 'xpos': 'VERB', 'feats': 'Gender=Masc|HebBinyan=NIFAL|Number=Sing|Person=1,2,3|VerbForm=Part|Voice=Mid', 'head': 2, 'deprel': 'acl:relcl', 'lemma': 'נגרם'}]"
5,עקב,CCONJ,CCONJ,,6.0,case,"(12, 15)",עקב,
6,פעולת,NOUN,NOUN,Definite=Cons|Gender=Fem|Number=Sing,4.0,obl,"(16, 21)",פעולה,
7,יחידות,NOUN,NOUN,Definite=Cons|Gender=Fem|Number=Plur,6.0,compound:smixut,"(22, 28)",יחידה,
"(8, 9)",העיבוי,,,,,,"(29, 35)",,"[{'id': 8, 'text': 'ה', 'upos': 'DET', 'xpos': 'DET', 'feats': 'PronType=Art', 'head': 9, 'deprel': 'det:def', 'lemma': 'ה'}, {'id': 9, 'text': 'עיבוי', 'upos': 'NOUN', 'xpos': 'NOUN', 'feats': 'Gender=Masc|Number=Sing', 'head': 7, 'deprel': 'compound:smixut', 'lemma': 'עיבוי'}]"
10,של,ADP,ADP,Case=Gen,11.0,case:gen,"(36, 38)",של,
11,מזגנים,NOUN,NOUN,Gender=Masc|Number=Plur,7.0,nmod:poss,"(39, 45)",מזגן,
12,דירתיים,ADJ,ADJ,Gender=Masc|Number=Plur,11.0,amod,"(46, 53)",דירתי,
13,נובע,VERB,VERB,"Gender=Masc|HebBinyan=PAAL|Number=Sing|Person=1,2,3|VerbForm=Part|Voice=Act",0.0,root,"(54, 58)",נבע,
"(14, 17)",בעיקרו,,,,,,"(59, 65)",,"[{'id': 14, 'text': 'ב', 'upos': 'ADP', 'xpos': 'ADP', 'head': 15, 'deprel': 'case', 'lemma': 'ב'}, {'id': 15, 'text': 'עיקר_', 'upos': 'NOUN', 'xpos': 'NOUN', 'feats': 'Definite=Def|Gender=Masc|Number=Sing', 'head': 13, 'deprel': 'obl', 'lemma': 'עיקר'}, {'id': 16, 'text': '_של_', 'upos': 'ADP', 'xpos': 'ADP', 'head': 17, 'deprel': 'case:gen', 'lemma': 'של'}, {'id': 17, 'text': '_הוא', 'upos': 'PRON', 'xpos': 'PRON', 'feats': 'Case=Gen|Gender=Masc|Number=Sing|Person=3|PronType=Prs', 'head': 15, 'deprel': 'nmod:poss', 'lemma': 'הוא'}]"
"(18, 19)",מסיבובי,,,,,,"(66, 73)",,"[{'id': 18, 'text': 'מ', 'upos': 'ADP', 'xpos': 'ADP', 'head': 19, 'deprel': 'case', 'lemma': 'מ'}, {'id': 19, 'text': 'סיבובי', 'upos': 'NOUN', 'xpos': 'NOUN', 'feats': 'Definite=Cons|Gender=Masc|Number=Plur', 'head': 13, 'deprel': 'obl', 'lemma': 'סיבוב'}]"
"(20, 21)",המפוח,,,,,,"(74, 79)",,"[{'id': 20, 'text': 'ה', 'upos': 'DET', 'xpos': 'DET', 'feats': 'PronType=Art', 'head': 21, 'deprel': 'det:def', 'lemma': 'ה'}, {'id': 21, 'text': 'מפוח', 'upos': 'NOUN', 'xpos': 'NOUN', 'feats': 'Gender=Masc|Number=Sing', 'head': 19, 'deprel': 'compound:smixut', 'lemma': 'מפוח'}]"
"(22, 23)",שמניע,,,,,,"(80, 85)",,"[{'id': 22, 'text': 'ש', 'upos': 'SCONJ', 'xpos': 'SCONJ', 'head': 23, 'deprel': 'mark', 'lemma': 'ש'}, {'id': 23, 'text': 'מניע', 'upos': 'VERB', 'xpos': 'VERB', 'feats': 'Gender=Masc|HebBinyan=HIFIL|Number=Sing|Person=1,2,3|VerbForm=Part|Voice=Act', 'head': 19, 'deprel': 'acl:relcl', 'lemma': 'מניע'}]"
24,כמויות,NOUN,NOUN,Definite=Cons|Gender=Fem|Number=Plur,23.0,obj,"(86, 92)",כמות,
25,אויר,NOUN,NOUN,Gender=Masc|Number=Sing,24.0,compound:smixut,"(93, 97)",אויר,
26,גדולות,ADJ,ADJ,Gender=Fem|Number=Plur,24.0,amod,"(98, 104)",גדול,
27,דרך,ADP,ADP,,29.0,case,"(105, 108)",דרך,
"(28, 29)",המעבה,,,,,,"(109, 114)",,"[{'id': 28, 'text': 'ה', 'upos': 'DET', 'xpos': 'DET', 'feats': 'PronType=Art', 'head': 29, 'deprel': 'det:def', 'lemma': 'ה'}, {'id': 29, 'text': 'מעבה', 'upos': 'NOUN', 'xpos': 'NOUN', 'feats': 'Gender=Masc|Number=Sing', 'head': 23, 'deprel': 'obl', 'lemma': 'מעבה'}]"
30,(,PUNCT,PUNCT,,35.0,punct,"(115, 116)",(,
"(31, 32)",המפוח,,,,,,"(116, 121)",,"[{'id': 31, 'text': 'ה', 'upos': 'DET', 'xpos': 'DET', 'feats': 'PronType=Art', 'head': 32, 'deprel': 'det:def', 'lemma': 'ה'}, {'id': 32, 'text': 'מפוח', 'upos': 'NOUN', 'xpos': 'NOUN', 'feats': 'Gender=Masc|Number=Sing', 'head': 35, 'deprel': 'nsubj', 'lemma': 'מפוח'}]"
"(33, 34)",לבד,,,,,,"(122, 125)",,"[{'id': 33, 'text': 'ל', 'upos': 'ADP', 'xpos': 'ADP', 'head': 34, 'deprel': 'case', 'lemma': 'ל'}, {'id': 34, 'text': 'בד', 'upos': 'NOUN', 'xpos': 'NOUN', 'feats': 'Gender=Masc|Number=Sing', 'head': 32, 'deprel': 'nmod', 'lemma': 'בד'}]"
35,גורם,VERB,VERB,"Gender=Masc|HebBinyan=PAAL|Number=Sing|Person=1,2,3|VerbForm=Part|Voice=Act",23.0,parataxis,"(126, 130)",גרם,
"(36, 37)",לרעש,,,,,,"(131, 135)",,"[{'id': 36, 'text': 'ל', 'upos': 'ADP', 'xpos': 'ADP', 'head': 37, 'deprel': 'case', 'lemma': 'ל'}, {'id': 37, 'text': 'רעש', 'upos': 'NOUN', 'xpos': 'NOUN', 'feats': 'Gender=Masc|Number=Sing', 'head': 35, 'deprel': 'obl', 'lemma': 'רעש'}]"
"(38, 39)",בעוצמה,,,,,,"(136, 142)",,"[{'id': 38, 'text': 'ב', 'upos': 'ADP', 'xpos': 'ADP', 'head': 39, 'deprel': 'case', 'lemma': 'ב'}, {'id': 39, 'text': 'עוצמה', 'upos': 'NOUN', 'xpos': 'NOUN', 'feats': 'Gender=Fem|Number=Sing', 'head': 37, 'deprel': 'nmod', 'lemma': 'עוצמה'}]"
40,של,ADP,ADP,Case=Gen,45.0,case:gen,"(143, 145)",של,
41,כ,ADP,ADP,,45.0,advmod,"(146, 147)",כ,
42,-,PUNCT,PUNCT,,45.0,punct,"(147, 148)",-,
43,(,PUNCT,PUNCT,,45.0,punct,"(149, 150)",(,
44,50,NUM,NUM,,45.0,nummod,"(150, 152)",50,
45,dB,PROPN,PROPN,,39.0,nmod:poss,"(153, 155)",dB,
46,(,PUNCT,PUNCT,,47.0,punct,"(155, 156)",(,
47,A,PROPN,PROPN,,45.0,appos,"(156, 157)",A,
48,),PUNCT,PUNCT,,47.0,punct,"(157, 158)",),
1,רמות,NOUN,NOUN,Definite=Cons|Gender=Fem|Number=Plur,4.0,nsubj,"(1, 5)",רמה,
"(2, 3)",הרעש,,,,,,"(6, 10)",,"[{'id': 2, 'text': 'ה', 'upos': 'DET', 'xpos': 'DET', 'feats': 'PronType=Art', 'head': 3, 'deprel': 'det:def', 'lemma': 'ה'}, {'id': 3, 'text': 'רעש', 'upos': 'NOUN', 'xpos': 'NOUN', 'feats': 'Gender=Masc|Number=Sing', 'head': 1, 'deprel': 'compound:smixut', 'lemma': 'רעש'}]"
4,גבוהות,ADJ,ADJ,Gender=Fem|Number=Plur,0.0,root,"(11, 17)",גבוה,
5,מאוד,ADV,ADV,,4.0,advmod,"(18, 22)",מאוד,
"(6, 8)",ובארכיטקטורות,,,,,,"(23, 36)",,"[{'id': 6, 'text': 'ו', 'upos': 'CCONJ', 'xpos': 'CCONJ', 'head': 14, 'deprel': 'cc', 'lemma': 'ו'}, {'id': 7, 'text': 'ב', 'upos': 'ADP', 'xpos': 'ADP', 'head': 8, 'deprel': 'case', 'lemma': 'ב'}, {'id': 8, 'text': 'ארכיטקטורות', 'upos': 'NOUN', 'xpos': 'NOUN', 'feats': 'Gender=Fem|Number=Plur', 'head': 14, 'deprel': 'obl', 'lemma': 'ארכיטקטור'}]"
9,שכיחות,ADJ,ADJ,Gender=Fem|Number=Plur,8.0,amod,"(37, 43)",שכיח,
"(10, 12)",בבניינים,,,,,,"(44, 52)",,"[{'id': 10, 'text': 'ב', 'upos': 'ADP', 'xpos': 'ADP', 'head': 12, 'deprel': 'case', 'lemma': 'ב'}, {'id': 11, 'text': 'ה_', 'upos': 'DET', 'xpos': 'DET', 'feats': 'PronType=Art', 'head': 12, 'deprel': 'det:def', 'lemma': 'ה'}, {'id': 12, 'text': 'בניינים', 'upos': 'NOUN', 'xpos': 'NOUN', 'feats': 'Gender=Masc|Number=Plur', 'head': 8, 'deprel': 'nmod', 'lemma': 'בניין'}]"
13,מודרניים,ADJ,ADJ,Gender=Masc|Number=Plur,12.0,amod,"(53, 61)",מודרני,
14,נגרם,VERB,VERB,Gender=Masc|HebBinyan=NIFAL|Number=Sing|Person=3|Tense=Past|Voice=Mid,4.0,conj,"(62, 66)",נגרם,
15,סבל,NOUN,NOUN,Gender=Masc|Number=Sing,14.0,nsubj,"(67, 70)",סבל,
"(16, 18)",לחלק,,,,,,"(71, 75)",,"[{'id': 16, 'text': 'ל', 'upos': 'ADP', 'xpos': 'ADP', 'head': 18, 'deprel': 'case', 'lemma': 'ל'}, {'id': 17, 'text': 'ה_', 'upos': 'DET', 'xpos': 'DET', 'feats': 'PronType=Art', 'head': 18, 'deprel': 'det:def', 'lemma': 'ה'}, {'id': 18, 'text': 'חלק', 'upos': 'NOUN', 'xpos': 'NOUN', 'feats': 'Gender=Masc|Number=Sing', 'head': 15, 'deprel': 'nmod', 'lemma': 'חלק'}]"
"(19, 21)",מהדיירים,,,,,,"(76, 84)",,"[{'id': 19, 'text': 'מ', 'upos': 'ADP', 'xpos': 'ADP', 'head': 21, 'deprel': 'case', 'lemma': 'מ'}, {'id': 20, 'text': 'ה', 'upos': 'DET', 'xpos': 'DET', 'feats': 'PronType=Art', 'head': 21, 'deprel': 'det:def', 'lemma': 'ה'}, {'id': 21, 'text': 'דיירים', 'upos': 'NOUN', 'xpos': 'NOUN', 'feats': 'Gender=Masc|Number=Plur', 'head': 18, 'deprel': 'nmod', 'lemma': 'דייר'}]"
"(22, 23)",ולעתים,,,,,,"(85, 91)",,"[{'id': 22, 'text': 'ו', 'upos': 'CCONJ', 'xpos': 'CCONJ', 'head': 25, 'deprel': 'cc', 'lemma': 'ו'}, {'id': 23, 'text': 'לעתים', 'upos': 'ADV', 'xpos': 'ADV', 'head': 25, 'deprel': 'advmod', 'lemma': 'לעתים'}]"
24,גם,ADV,ADV,,25.0,det,"(92, 94)",גם,
25,סכסוכי,NOUN,NOUN,Definite=Cons,21.0,conj,"(95, 101)",סכסוך,
26,שכנים,NOUN,NOUN,Gender=Masc|Number=Plur,25.0,compound:smixut,"(102, 107)",שכן,
1,שגיאות,NOUN,NOUN,Definite=Cons|Gender=Fem|Number=Plur,4.0,nsubj,"(1, 7)",שגיאה,
"(2, 3)",האדריכלים,,,,,,"(8, 17)",,"[{'id': 2, 'text': 'ה', 'upos': 'DET', 'xpos': 'DET', 'feats': 'PronType=Art', 'head': 3, 'deprel': 'det:def', 'lemma': 'ה'}, {'id': 3, 'text': 'אדריכלים', 'upos': 'NOUN', 'xpos': 'NOUN', 'feats': 'Gender=Masc|Number=Plur', 'head': 1, 'deprel': 'compound:smixut', 'lemma': 'אדריכל'}]"
4,שכיחות,ADJ,ADJ,Gender=Fem|Number=Plur,0.0,root,"(18, 24)",שכיח,
5,במיוחד,ADV,ADV,,4.0,advmod,"(25, 31)",במיוחד,
"(6, 7)",בבנייני,,,,,,"(32, 39)",,"[{'id': 6, 'text': 'ב', 'upos': 'ADP', 'xpos': 'ADP', 'head': 7, 'deprel': 'case', 'lemma': 'ב'}, {'id': 7, 'text': 'בנייני', 'upos': 'NOUN', 'xpos': 'NOUN', 'feats': 'Definite=Cons|Gender=Masc|Number=Plur', 'head': 4, 'deprel': 'obl', 'lemma': 'בניין'}]"
8,דירות,NOUN,NOUN,Gender=Fem|Number=Plur,7.0,compound:smixut,"(40, 45)",דירה,
"(9, 10)",בצורת,,,,,,"(46, 51)",,"[{'id': 9, 'text': 'ב', 'upos': 'ADP', 'xpos': 'ADP', 'head': 10, 'deprel': 'case', 'lemma': 'ב'}, {'id': 10, 'text': 'צורת', 'upos': 'NOUN', 'xpos': 'NOUN', 'feats': 'Definite=Cons|Gender=Fem|Number=Sing', 'head': 8, 'deprel': 'nmod', 'lemma': 'צורה'}]"
"(11, 12)",האות,,,,,,"(52, 56)",,"[{'id': 11, 'text': 'ה', 'upos': 'DET', 'xpos': 'DET', 'feats': 'PronType=Art', 'head': 12, 'deprel': 'det:def', 'lemma': 'ה'}, {'id': 12, 'text': 'אות', 'upos': 'NOUN', 'xpos': 'NOUN', 'feats': 'Gender=Masc|Number=Sing', 'head': 10, 'deprel': 'compound:smixut', 'lemma': 'אות'}]"
13,h,PROPN,PROPN,,12.0,flat:name,"(57, 58)",h,
14,או,CCONJ,CCONJ,,15.0,cc,"(59, 61)",או,
15,שרשרת,NOUN,NOUN,,7.0,conj,"(62, 67)",שרשרת,
16,של,ADP,ADP,Case=Gen,17.0,case:gen,"(68, 70)",של,
17,בניינים,NOUN,NOUN,Gender=Masc|Number=Plur,15.0,nmod:poss,"(71, 78)",בניין,
"(18, 19)",בצורת,,,,,,"(79, 84)",,"[{'id': 18, 'text': 'ב', 'upos': 'ADP', 'xpos': 'ADP', 'head': 19, 'deprel': 'case', 'lemma': 'ב'}, {'id': 19, 'text': 'צורת', 'upos': 'NOUN', 'xpos': 'NOUN', 'feats': 'Definite=Cons|Gender=Fem|Number=Sing', 'head': 17, 'deprel': 'nmod', 'lemma': 'צורה'}]"
"(20, 21)",האות,,,,,,"(85, 89)",,"[{'id': 20, 'text': 'ה', 'upos': 'DET', 'xpos': 'DET', 'feats': 'PronType=Art', 'head': 21, 'deprel': 'det:def', 'lemma': 'ה'}, {'id': 21, 'text': 'אות', 'upos': 'NOUN', 'xpos': 'NOUN', 'feats': 'Gender=Masc|Number=Sing', 'head': 19, 'deprel': 'compound:smixut', 'lemma': 'אות'}]"
22,h,PROPN,PROPN,,21.0,flat:name,"(90, 91)",h,
"(23, 24)",שמחוברים,,,,,,"(92, 100)",,"[{'id': 23, 'text': 'ש', 'upos': 'SCONJ', 'xpos': 'SCONJ', 'head': 24, 'deprel': 'mark', 'lemma': 'ש'}, {'id': 24, 'text': 'מחוברים', 'upos': 'VERB', 'xpos': 'VERB', 'feats': 'Gender=Masc|HebBinyan=PUAL|Number=Plur|Person=1,2,3|VerbForm=Part|Voice=Pass', 'head': 17, 'deprel': 'acl:relcl', 'lemma': 'חובר'}]"
"(25, 26)",ביניהם,,,,,,"(101, 107)",,"[{'id': 25, 'text': 'בין_', 'upos': 'ADP', 'xpos': 'ADP', 'head': 26, 'deprel': 'case', 'lemma': 'בין'}, {'id': 26, 'text': '_הם', 'upos': 'PRON', 'xpos': 'PRON', 'feats': 'Gender=Masc|Number=Plur|Person=3|PronType=Prs', 'head': 24, 'deprel': 'obl', 'lemma': 'הוא'}]"
27,",",PUNCT,PUNCT,,4.0,punct,"(107, 108)",",",
28,כאשר,SCONJ,SCONJ,,33.0,mark,"(109, 113)",כאשר,
"(29, 30)",בצדי,,,,,,"(114, 118)",,"[{'id': 29, 'text': 'ב', 'upos': 'ADP', 'xpos': 'ADP', 'head': 30, 'deprel': 'case', 'lemma': 'ב'}, {'id': 30, 'text': 'צדי', 'upos': 'NOUN', 'xpos': 'NOUN', 'feats': 'Definite=Cons|Gender=Masc|Number=Plur', 'head': 33, 'deprel': 'obl', 'lemma': 'צד'}]"
"(31, 32)",הבניינים,,,,,,"(119, 127)",,"[{'id': 31, 'text': 'ה', 'upos': 'DET', 'xpos': 'DET', 'feats': 'PronType=Art', 'head': 32, 'deprel': 'det:def', 'lemma': 'ה'}, {'id': 32, 'text': 'בניינים', 'upos': 'NOUN', 'xpos': 'NOUN', 'feats': 'Gender=Masc|Number=Plur', 'head': 30, 'deprel': 'compound:smixut', 'lemma': 'בניין'}]"
33,מצויות,VERB,VERB,"Gender=Fem|HebBinyan=PAAL|Number=Plur|Person=1,2,3|VerbForm=Part|Voice=Act",4.0,advcl,"(128, 134)",מצות,
34,מרפסות,NOUN,NOUN,Definite=Cons|Gender=Fem|Number=Plur,33.0,nsubj,"(135, 141)",מרפסה,
"(35, 36)",השרות,,,,,,"(142, 147)",,"[{'id': 35, 'text': 'ה', 'upos': 'DET', 'xpos': 'DET', 'feats': 'PronType=Art', 'head': 36, 'deprel': 'det:def', 'lemma': 'ה'}, {'id': 36, 'text': 'שרות', 'upos': 'NOUN', 'xpos': 'NOUN', 'feats': 'Gender=Fem|Number=Sing', 'head': 34, 'deprel': 'compound:smixut', 'lemma': 'שרות'}]"
"(37, 39)",ובצמוד,,,,,,"(148, 154)",,"[{'id': 37, 'text': 'ו', 'upos': 'CCONJ', 'xpos': 'CCONJ', 'head': 42, 'deprel': 'cc', 'lemma': 'ו'}, {'id': 38, 'text': 'ב', 'upos': 'ADP', 'xpos': 'ADP', 'head': 41, 'deprel': 'case', 'lemma': 'ב'}, {'id': 39, 'text': 'צמוד', 'upos': 'ADJ', 'xpos': 'ADJ', 'feats': 'Gender=Masc|Number=Sing', 'head': 38, 'deprel': 'fixed', 'lemma': 'צמוד'}]"
"(40, 41)",להן,,,,,,"(155, 158)",,"[{'id': 40, 'text': 'ל_', 'upos': 'ADP', 'xpos': 'ADP', 'head': 41, 'deprel': 'case', 'lemma': 'ל'}, {'id': 41, 'text': '_הן', 'upos': 'PRON', 'xpos': 'PRON', 'feats': 'Gender=Fem|Number=Plur|Person=3|PronType=Prs', 'head': 42, 'deprel': 'obl', 'lemma': 'הוא'}]"
42,מוצבות,VERB,VERB,"Gender=Fem|HebBinyan=HUFAL|Number=Plur|Person=1,2,3|VerbForm=Part|Voice=Pass",33.0,conj,"(159, 165)",הוצב,
43,יחידות,NOUN,NOUN,Definite=Cons|Gender=Fem|Number=Plur,42.0,nsubj,"(166, 172)",יחידה,
"(44, 45)",העיבוי,,,,,,"(173, 179)",,"[{'id': 44, 'text': 'ה', 'upos': 'DET', 'xpos': 'DET', 'feats': 'PronType=Art', 'head': 45, 'deprel': 'det:def', 'lemma': 'ה'}, {'id': 45, 'text': 'עיבוי', 'upos': 'NOUN', 'xpos': 'NOUN', 'feats': 'Gender=Masc|Number=Sing', 'head': 43, 'deprel': 'compound:smixut', 'lemma': 'עיבוי'}]"
"(46, 47)",וגורמות,,,,,,"(180, 187)",,"[{'id': 46, 'text': 'ו', 'upos': 'CCONJ', 'xpos': 'CCONJ', 'head': 47, 'deprel': 'cc', 'lemma': 'ו'}, {'id': 47, 'text': 'גורמות', 'upos': 'VERB', 'xpos': 'VERB', 'feats': 'Gender=Fem|HebBinyan=PAAL|Number=Plur|Person=1,2,3|VerbForm=Part|Voice=Act', 'head': 42, 'deprel': 'conj', 'lemma': 'גרם'}]"
48,רעש,NOUN,NOUN,Gender=Masc|Number=Sing,47.0,obj,"(188, 191)",רעש,
49,בלתי,ADV,ADV,Prefix=Yes,50.0,compound:affix,"(192, 196)",בלתי,
50,נסבל,ADJ,ADJ,Gender=Masc|Number=Sing,48.0,amod,"(197, 201)",נסבל,
"(51, 52)",בחדרי,,,,,,"(202, 207)",,"[{'id': 51, 'text': 'ב', 'upos': 'ADP', 'xpos': 'ADP', 'head': 52, 'deprel': 'case', 'lemma': 'ב'}, {'id': 52, 'text': 'חדרי', 'upos': 'NOUN', 'xpos': 'NOUN', 'feats': 'Definite=Cons|Gender=Masc|Number=Plur', 'head': 47, 'deprel': 'obl', 'lemma': 'חדר'}]"
53,שינה,NOUN,NOUN,Gender=Fem|Number=Sing,52.0,compound:smixut,"(208, 212)",שינה,
"(54, 57)",שחלונותיהם,,,,,,"(213, 223)",,"[{'id': 54, 'text': 'ש', 'upos': 'SCONJ', 'xpos': 'SCONJ', 'head': 58, 'deprel': 'mark', 'lemma': 'ש'}, {'id': 55, 'text': 'חלון_', 'upos': 'NOUN', 'xpos': 'NOUN', 'feats': 'Definite=Def|Gender=Masc|Number=Plur', 'head': 58, 'deprel': 'nsubj', 'lemma': 'חלון'}, {'id': 56, 'text': '_של_', 'upos': 'ADP', 'xpos': 'ADP', 'head': 57, 'deprel': 'case:gen', 'lemma': 'של'}, {'id': 57, 'text': '_הם', 'upos': 'PRON', 'xpos': 'PRON', 'feats': 'Case=Gen|Gender=Masc|Number=Plur|Person=3|PronType=Prs', 'head': 55, 'deprel': 'nmod:poss', 'lemma': 'הוא'}]"
58,פתוחים,ADJ,ADJ,Gender=Masc|Number=Plur,52.0,acl:relcl,"(224, 230)",פתוח,
"(59, 60)",לכוון,,,,,,"(231, 236)",,"[{'id': 59, 'text': 'ל', 'upos': 'ADP', 'xpos': 'ADP', 'head': 60, 'deprel': 'case', 'lemma': 'ל'}, {'id': 60, 'text': 'כוון', 'upos': 'NOUN', 'xpos': 'NOUN', 'feats': 'Definite=Cons|Gender=Masc|Number=Sing', 'head': 58, 'deprel': 'obl', 'lemma': 'כוון'}]"
61,מוקדי,NOUN,NOUN,Definite=Cons|Gender=Masc|Number=Plur,60.0,compound:smixut,"(237, 242)",מוקד,
"(62, 63)",הרעש,,,,,,"(243, 247)",,"[{'id': 62, 'text': 'ה', 'upos': 'DET', 'xpos': 'DET', 'feats': 'PronType=Art', 'head': 63, 'deprel': 'det:def', 'lemma': 'ה'}, {'id': 63, 'text': 'רעש', 'upos': 'NOUN', 'xpos': 'NOUN', 'feats': 'Gender=Masc|Number=Sing', 'head': 61, 'deprel': 'compound:smixut', 'lemma': 'רעש'}]"
1,תופעות,NOUN,NOUN,Gender=Fem|Number=Plur,3.0,nsubj,"(1, 7)",תופעה,
2,דומות,ADJ,ADJ,Gender=Fem|Number=Plur,1.0,amod,"(8, 13)",דומה,
3,קיימות,VERB,VERB,Gender=Fem|Number=Plur,0.0,root,"(14, 20)",קיים,
4,גם,ADV,ADV,,5.0,advmod,"(21, 23)",גם,
"(5, 6)",בדירות,,,,,,"(24, 30)",,"[{'id': 5, 'text': 'ב', 'upos': 'ADP', 'xpos': 'ADP', 'head': 6, 'deprel': 'case', 'lemma': 'ב'}, {'id': 6, 'text': 'דירות', 'upos': 'NOUN', 'xpos': 'NOUN', 'feats': 'Gender=Fem|Number=Plur', 'head': 3, 'deprel': 'obl', 'lemma': 'דירה'}]"
"(7, 8)",שהותקנו,,,,,,"(31, 38)",,"[{'id': 7, 'text': 'ש', 'upos': 'SCONJ', 'xpos': 'SCONJ', 'head': 8, 'deprel': 'mark', 'lemma': 'ש'}, {'id': 8, 'text': 'הותקנו', 'upos': 'VERB', 'xpos': 'VERB', 'feats': 'Gender=Fem,Masc|HebBinyan=HUFAL|Number=Plur|Person=3|Tense=Past|Voice=Pass', 'head': 6, 'deprel': 'acl:relcl', 'lemma': 'הותקן'}]"
"(9, 10)",בהן,,,,,,"(39, 42)",,"[{'id': 9, 'text': 'ב_', 'upos': 'ADP', 'xpos': 'ADP', 'head': 10, 'deprel': 'case', 'lemma': 'ב'}, {'id': 10, 'text': '_הן', 'upos': 'PRON', 'xpos': 'PRON', 'feats': 'Gender=Fem|Number=Plur|Person=3|PronType=Prs', 'head': 8, 'deprel': 'obl', 'lemma': 'הוא'}]"
11,מזגני,NOUN,NOUN,Definite=Cons|Gender=Masc|Number=Plur,8.0,nsubj,"(43, 48)",מזגן,
12,חלון,NOUN,NOUN,Gender=Masc|Number=Sing,11.0,compound:smixut,"(49, 53)",חלון,
13,ו,CCONJ,CCONJ,,16.0,cc,"(54, 55)",ו,
14,/,PUNCT,PUNCT,,16.0,punct,"(55, 56)",/,
15,או,CCONJ,CCONJ,,16.0,cc,"(56, 58)",או,
16,מזגנים,NOUN,NOUN,Gender=Masc|Number=Plur,11.0,conj,"(59, 65)",מזגן,
17,מפוצלים,VERB,VERB,"Gender=Masc|HebBinyan=PUAL|Number=Plur|Person=1,2,3|VerbForm=Part|Voice=Pass",16.0,amod,"(66, 73)",פוצל,
18,רגילים,ADJ,ADJ,Gender=Masc|Number=Plur,16.0,amod,"(74, 80)",רגיל,
"(19, 20)",ויש,,,,,,"(81, 84)",,"[{'id': 19, 'text': 'ו', 'upos': 'CCONJ', 'xpos': 'CCONJ', 'head': 20, 'deprel': 'cc', 'lemma': 'ו'}, {'id': 20, 'text': 'יש', 'upos': 'VERB', 'xpos': 'VERB', 'feats': 'HebExistential=True', 'head': 3, 'deprel': 'conj', 'lemma': 'יש'}]"
21,תקדימים,NOUN,NOUN,Gender=Masc|Number=Plur,20.0,nsubj,"(85, 92)",תקדים,
22,משפטיים,ADJ,ADJ,Gender=Masc|Number=Plur,21.0,amod,"(93, 100)",משפטי,
"(23, 24)",ופסקי,,,,,,"(101, 106)",,"[{'id': 23, 'text': 'ו', 'upos': 'CCONJ', 'xpos': 'CCONJ', 'head': 24, 'deprel': 'cc', 'lemma': 'ו'}, {'id': 24, 'text': 'פסקי', 'upos': 'NOUN', 'xpos': 'NOUN', 'feats': 'Definite=Cons|Gender=Masc|Number=Plur', 'head': 21, 'deprel': 'conj', 'lemma': 'פסק'}]"
25,דין,NOUN,NOUN,Gender=Masc|Number=Sing,24.0,compound:smixut,"(107, 110)",דין,
26,לגבי,ADP,ADP,,27.0,case,"(111, 115)",לגבי,
27,סכסוכי,NOUN,NOUN,Definite=Cons|Gender=Masc|Number=Plur,21.0,nmod,"(116, 122)",סכסוך,
28,שכנים,NOUN,NOUN,Gender=Masc|Number=Plur,27.0,compound:smixut,"(123, 128)",שכן,
"(29, 30)",בנושא,,,,,,"(129, 134)",,"[{'id': 29, 'text': 'ב', 'upos': 'ADP', 'xpos': 'ADP', 'head': 30, 'deprel': 'case', 'lemma': 'ב'}, {'id': 30, 'text': 'נושא', 'upos': 'NOUN', 'xpos': 'NOUN', 'feats': 'Definite=Cons|Gender=Masc|Number=Sing', 'head': 27, 'deprel': 'nmod', 'lemma': 'נושא'}]"
"(31, 32)",הנידון,,,,,,"(135, 141)",,"[{'id': 31, 'text': 'ה', 'upos': 'DET', 'xpos': 'DET', 'feats': 'PronType=Art', 'head': 32, 'deprel': 'det:def', 'lemma': 'ה'}, {'id': 32, 'text': 'נידון', 'upos': 'NOUN', 'xpos': 'NOUN', 'feats': 'Gender=Masc|Number=Sing', 'head': 30, 'deprel': 'compound:smixut', 'lemma': 'נידון'}]"
"(1, 2)",הטכניקות,,,,,,"(1, 9)",,"[{'id': 1, 'text': 'ה', 'upos': 'DET', 'xpos': 'DET', 'feats': 'PronType=Art', 'head': 2, 'deprel': 'det:def', 'lemma': 'ה'}, {'id': 2, 'text': 'טכניקות', 'upos': 'NOUN', 'xpos': 'NOUN', 'feats': 'Gender=Fem|Number=Plur', 'head': 20, 'deprel': 'nsubj', 'lemma': 'טכניקה'}]"
"(3, 4)",הקלסיות,,,,,,"(10, 17)",,"[{'id': 3, 'text': 'ה', 'upos': 'DET', 'xpos': 'DET', 'feats': 'PronType=Art', 'head': 4, 'deprel': 'det:def', 'lemma': 'ה'}, {'id': 4, 'text': 'קלסיות', 'upos': 'ADJ', 'xpos': 'ADJ', 'feats': 'Gender=Fem|Number=Plur', 'head': 2, 'deprel': 'amod', 'lemma': 'קלסי'}]"
"(5, 6)",להנחתת,,,,,,"(18, 24)",,"[{'id': 5, 'text': 'ל', 'upos': 'ADP', 'xpos': 'ADP', 'head': 6, 'deprel': 'case', 'lemma': 'ל'}, {'id': 6, 'text': 'הנחתת', 'upos': 'NOUN', 'xpos': 'NOUN', 'feats': 'Definite=Cons|Gender=Fem|Number=Sing', 'head': 2, 'deprel': 'nmod', 'lemma': 'הנחתה'}]"
7,רעש,NOUN,NOUN,Gender=Masc|Number=Sing,6.0,compound:smixut,"(25, 28)",רעש,
"(8, 9)",באופן,,,,,,"(29, 34)",,"[{'id': 8, 'text': 'ב', 'upos': 'ADP', 'xpos': 'ADP', 'head': 9, 'deprel': 'case', 'lemma': 'ב'}, {'id': 9, 'text': 'אופן', 'upos': 'NOUN', 'xpos': 'NOUN', 'feats': 'Gender=Masc|Number=Sing', 'head': 6, 'deprel': 'nmod', 'lemma': 'אופן'}]"
10,פסיבי,ADJ,ADJ,Gender=Masc|Number=Sing,9.0,amod,"(35, 40)",פסיבי,
11,באמצעות,ADP,ADP,,12.0,case,"(41, 48)",באמצעות,
12,חומרי,NOUN,NOUN,Definite=Cons|Gender=Masc|Number=Plur,6.0,nmod,"(49, 54)",חומר,
13,בידוד,NOUN,NOUN,Gender=Masc|Number=Sing,12.0,compound:smixut,"(55, 60)",בידוד,
14,בולעי,VERB,VERB,"Definite=Cons|Gender=Masc|HebBinyan=PAAL|Number=Plur|Person=1,2,3|VerbForm=Part|Voice=Act",12.0,amod,"(61, 66)",בלע,
15,קול,NOUN,NOUN,Gender=Masc|Number=Sing,14.0,compound:smixut,"(67, 70)",קול,
"(16, 17)",ומשתיקי,,,,,,"(71, 78)",,"[{'id': 16, 'text': 'ו', 'upos': 'CCONJ', 'xpos': 'CCONJ', 'head': 17, 'deprel': 'cc', 'lemma': 'ו'}, {'id': 17, 'text': 'משתיקי', 'upos': 'VERB', 'xpos': 'VERB', 'feats': 'Definite=Cons|Gender=Masc|Number=Plur', 'head': 14, 'deprel': 'conj', 'lemma': 'השתיק'}]"
18,קול,NOUN,NOUN,Gender=Masc|Number=Sing,17.0,compound:smixut,"(79, 82)",קול,
19,לא,ADV,ADV,Polarity=Neg,20.0,advmod,"(83, 85)",לא,
20,מתאימות,VERB,VERB,"Gender=Fem|HebBinyan=HIFIL|Number=Plur|Person=1,2,3|VerbForm=Part|Voice=Act",0.0,root,"(86, 93)",התאים,
"(21, 22)",למקרה,,,,,,"(94, 99)",,"[{'id': 21, 'text': 'ל', 'upos': 'ADP', 'xpos': 'ADP', 'head': 22, 'deprel': 'case', 'lemma': 'ל'}, {'id': 22, 'text': 'מקרה', 'upos': 'NOUN', 'xpos': 'NOUN', 'feats': 'Gender=Masc|Number=Sing', 'head': 20, 'deprel': 'obl', 'lemma': 'מקרה'}]"
23,של,ADP,ADP,Case=Gen,24.0,case:gen,"(100, 102)",של,
24,יחידות,NOUN,NOUN,Definite=Cons|Gender=Fem|Number=Plur,22.0,nmod:poss,"(103, 109)",יחידה,
"(25, 26)",העיבוי,,,,,,"(110, 116)",,"[{'id': 25, 'text': 'ה', 'upos': 'DET', 'xpos': 'DET', 'feats': 'PronType=Art', 'head': 26, 'deprel': 'det:def', 'lemma': 'ה'}, {'id': 26, 'text': 'עיבוי', 'upos': 'NOUN', 'xpos': 'NOUN', 'feats': 'Gender=Masc|Number=Sing', 'head': 24, 'deprel': 'compound:smixut', 'lemma': 'עיבוי'}]"
"(27, 28)",משתי,,,,,,"(117, 121)",,"[{'id': 27, 'text': 'מ', 'upos': 'ADP', 'xpos': 'ADP', 'head': 29, 'deprel': 'case', 'lemma': 'מ'}, {'id': 28, 'text': 'שתי', 'upos': 'NUM', 'xpos': 'NUM', 'feats': 'Definite=Cons|Gender=Fem|Number=Plur', 'head': 29, 'deprel': 'nummod', 'lemma': 'שתי'}]"
29,סיבות,NOUN,NOUN,Gender=Fem|Number=Plur,20.0,obl,"(122, 127)",סיבה,
30,:,PUNCT,PUNCT,,29.0,punct,"(127, 128)",:,
31,א,PROPN,PROPN,,29.0,appos,"(129, 130)",א,
32,),PUNCT,PUNCT,,41.0,punct,"(130, 131)",),
"(33, 34)",הרעש,,,,,,"(132, 136)",,"[{'id': 33, 'text': 'ה', 'upos': 'DET', 'xpos': 'DET', 'feats': 'PronType=Art', 'head': 34, 'deprel': 'det:def', 'lemma': 'ה'}, {'id': 34, 'text': 'רעש', 'upos': 'NOUN', 'xpos': 'NOUN', 'feats': 'Gender=Masc|Number=Sing', 'head': 41, 'deprel': 'nsubj', 'lemma': 'רעש'}]"
"(35, 36)",שנובע,,,,,,"(137, 142)",,"[{'id': 35, 'text': 'ש', 'upos': 'SCONJ', 'xpos': 'SCONJ', 'head': 36, 'deprel': 'mark', 'lemma': 'ש'}, {'id': 36, 'text': 'נובע', 'upos': 'VERB', 'xpos': 'VERB', 'feats': 'Gender=Masc|HebBinyan=PAAL|Number=Sing|Person=1,2,3|VerbForm=Part|Voice=Act', 'head': 34, 'deprel': 'acl:relcl', 'lemma': 'נבע'}]"
"(37, 38)",ממאווררים,,,,,,"(143, 152)",,"[{'id': 37, 'text': 'מ', 'upos': 'ADP', 'xpos': 'ADP', 'head': 38, 'deprel': 'case', 'lemma': 'מ'}, {'id': 38, 'text': 'מאווררים', 'upos': 'NOUN', 'xpos': 'NOUN', 'feats': 'Gender=Masc|Number=Plur', 'head': 36, 'deprel': 'obl', 'lemma': 'מאוורר'}]"
39,או,CCONJ,CCONJ,,40.0,cc,"(153, 155)",או,
40,מפוחים,NOUN,NOUN,Gender=Masc|Number=Plur,38.0,conj,"(156, 162)",מפוח,
41,נובע,VERB,VERB,"Gender=Masc|HebBinyan=PAAL|Number=Sing|Person=1,2,3|VerbForm=Part|Voice=Act",29.0,acl:relcl,"(163, 167)",נבע,
"(42, 43)",מגלי,,,,,,"(168, 172)",,"[{'id': 42, 'text': 'מ', 'upos': 'ADP', 'xpos': 'ADP', 'head': 43, 'deprel': 'case', 'lemma': 'מ'}, {'id': 43, 'text': 'גלי', 'upos': 'NOUN', 'xpos': 'NOUN', 'feats': 'Definite=Cons|Gender=Masc|Number=Plur', 'head': 41, 'deprel': 'obl', 'lemma': 'גל'}]"
44,קול,NOUN,NOUN,Gender=Masc|Number=Sing,43.0,compound:smixut,"(173, 176)",קול,
"(45, 46)",בתדירות,,,,,,"(177, 184)",,"[{'id': 45, 'text': 'ב', 'upos': 'ADP', 'xpos': 'ADP', 'head': 46, 'deprel': 'case', 'lemma': 'ב'}, {'id': 46, 'text': 'תדירות', 'upos': 'NOUN', 'xpos': 'NOUN', 'feats': 'Gender=Fem|Number=Sing', 'head': 43, 'deprel': 'nmod', 'lemma': 'תדירות'}]"
47,נמוכה,ADJ,ADJ,Gender=Fem|Number=Sing,46.0,amod,"(185, 190)",נמוך,
"(48, 49)",וכדי,,,,,,"(191, 195)",,"[{'id': 48, 'text': 'ו', 'upos': 'CCONJ', 'xpos': 'CCONJ', 'head': 55, 'deprel': 'cc', 'lemma': 'ו'}, {'id': 49, 'text': 'כדי', 'upos': 'ADP', 'xpos': 'ADP', 'head': 50, 'deprel': 'case', 'lemma': 'כדי'}]"
50,להנחית,VERB,VERB,HebBinyan=HIFIL|VerbForm=Inf|Voice=Act,55.0,advcl,"(196, 202)",הנחית,
51,את,ADP,ADP,Case=Acc,52.0,case:acc,"(203, 205)",את,
"(52, 54)",עוצמתו,,,,,,"(206, 212)",,"[{'id': 52, 'text': 'עוצמה_', 'upos': 'NOUN', 'xpos': 'NOUN', 'feats': 'Definite=Def|Gender=Fem|Number=Sing', 'head': 50, 'deprel': 'obj', 'lemma': 'עוצמה'}, {'id': 53, 'text': '_של_', 'upos': 'ADP', 'xpos': 'ADP', 'head': 54, 'deprel': 'case:gen', 'lemma': 'של'}, {'id': 54, 'text': '_הוא', 'upos': 'PRON', 'xpos': 'PRON', 'feats': 'Case=Gen|Gender=Masc|Number=Sing|Person=3|PronType=Prs', 'head': 52, 'deprel': 'nmod:poss', 'lemma': 'הוא'}]"
55,יש,VERB,VERB,HebExistential=True,41.0,conj,"(213, 215)",יש,
56,צורך,NOUN,NOUN,Gender=Masc|Number=Sing,55.0,nsubj,"(216, 220)",צורך,
"(57, 58)",בלוחות,,,,,,"(221, 227)",,"[{'id': 57, 'text': 'ב', 'upos': 'ADP', 'xpos': 'ADP', 'head': 58, 'deprel': 'case', 'lemma': 'ב'}, {'id': 58, 'text': 'לוחות', 'upos': 'NOUN', 'xpos': 'NOUN', 'feats': 'Definite=Cons|Gender=Masc|Number=Plur', 'head': 56, 'deprel': 'nmod', 'lemma': 'לוח'}]"
59,בידוד,NOUN,NOUN,Gender=Masc|Number=Sing,58.0,compound:smixut,"(228, 233)",בידוד,
60,עבים,ADJ,ADJ,Gender=Masc|Number=Plur,58.0,amod,"(234, 238)",עב,
"(61, 62)",ומערכות,,,,,,"(239, 246)",,"[{'id': 61, 'text': 'ו', 'upos': 'CCONJ', 'xpos': 'CCONJ', 'head': 62, 'deprel': 'cc', 'lemma': 'ו'}, {'id': 62, 'text': 'מערכות', 'upos': 'NOUN', 'xpos': 'NOUN', 'feats': 'Definite=Cons|Gender=Fem|Number=Plur', 'head': 58, 'deprel': 'conj', 'lemma': 'מערכת'}]"
"(63, 64)",ההשתקה,,,,,,"(247, 253)",,"[{'id': 63, 'text': 'ה', 'upos': 'DET', 'xpos': 'DET', 'feats': 'PronType=Art', 'head': 64, 'deprel': 'det:def', 'lemma': 'ה'}, {'id': 64, 'text': 'השתקה', 'upos': 'NOUN', 'xpos': 'NOUN', 'feats': 'Gender=Fem|Number=Sing', 'head': 62, 'deprel': 'compound:smixut', 'lemma': 'השתקה'}]"
65,כבדות,ADJ,ADJ,Gender=Fem|Number=Plur,62.0,amod,"(254, 259)",כבד,
"(66, 67)",ומגושמות,,,,,,"(260, 268)",,"[{'id': 66, 'text': 'ו', 'upos': 'CCONJ', 'xpos': 'CCONJ', 'head': 67, 'deprel': 'cc', 'lemma': 'ו'}, {'id': 67, 'text': 'מגושמות', 'upos': 'VERB', 'xpos': 'VERB', 'feats': 'Gender=Fem|HebBinyan=PUAL|Number=Plur|Person=1,2,3|VerbForm=Part|Voice=Pass', 'head': 65, 'deprel': 'conj', 'lemma': 'גושם'}]"
68,",",PUNCT,PUNCT,,41.0,punct,"(268, 269)",",",
69,ב,PROPN,PROPN,HebSource=ConvUncertainHead,41.0,dep,"(270, 271)",ב,
70,),PUNCT,PUNCT,,71.0,punct,"(271, 272)",),
71,אין,VERB,VERB,HebExistential=True,41.0,conj,"(273, 276)",אין,
72,אפשרות,NOUN,NOUN,Gender=Fem|Number=Sing,71.0,nsubj,"(277, 283)",אפשרות,
73,להתקין,VERB,VERB,HebBinyan=HIFIL|VerbForm=Inf|Voice=Act,72.0,acl,"(284, 290)",התקין,
74,קופסאות,NOUN,NOUN,Gender=Fem|Number=Plur,73.0,obj,"(291, 298)",קופסאות,
75,אטומות,ADJ,ADJ,Gender=Fem|Number=Plur,74.0,amod,"(299, 305)",אטום,
"(76, 77)",ליחידות,,,,,,"(306, 313)",,"[{'id': 76, 'text': 'ל', 'upos': 'ADP', 'xpos': 'ADP', 'head': 77, 'deprel': 'case', 'lemma': 'ל'}, {'id': 77, 'text': 'יחידות', 'upos': 'NOUN', 'xpos': 'NOUN', 'feats': 'Definite=Cons|Gender=Fem|Number=Plur', 'head': 74, 'deprel': 'nmod', 'lemma': 'יחידה'}]"
78,עיבוי,NOUN,NOUN,Gender=Masc|Number=Sing,77.0,compound:smixut,"(314, 319)",עיבוי,
"(79, 80)",שחייבות,,,,,,"(320, 327)",,"[{'id': 79, 'text': 'ש', 'upos': 'SCONJ', 'xpos': 'SCONJ', 'head': 80, 'deprel': 'mark', 'lemma': 'ש'}, {'id': 80, 'text': 'חייבות', 'upos': 'AUX', 'xpos': 'AUX', 'feats': 'Gender=Fem|Number=Plur|Person=1,2,3|VerbType=Mod', 'head': 77, 'deprel': 'acl:relcl', 'lemma': 'חייב'}]"
"(81, 82)",לשנע,,,,,,"(328, 332)",,"[{'id': 81, 'text': 'ל', 'upos': 'ADP', 'xpos': 'ADP', 'head': 82, 'deprel': 'case', 'lemma': 'ל'}, {'id': 82, 'text': 'שנע', 'upos': 'NOUN', 'xpos': 'NOUN', 'feats': 'Definite=Cons|Gender=Masc|Number=Sing', 'head': 80, 'deprel': 'obl', 'lemma': 'שנע'}]"
83,נפחים,NOUN,NOUN,Gender=Masc|Number=Plur,82.0,compound:smixut,"(333, 338)",נפח,
84,גדולים,ADJ,ADJ,Gender=Masc|Number=Plur,83.0,amod,"(339, 345)",גדול,
85,של,ADP,ADP,Case=Gen,86.0,case:gen,"(346, 348)",של,
86,אויר,NOUN,NOUN,Gender=Masc|Number=Sing,83.0,nmod,"(349, 353)",אויר,
"(87, 88)",לצורך,,,,,,"(354, 359)",,"[{'id': 87, 'text': 'ל', 'upos': 'ADP', 'xpos': 'ADP', 'head': 88, 'deprel': 'case', 'lemma': 'ל'}, {'id': 88, 'text': 'צורך', 'upos': 'NOUN', 'xpos': 'NOUN', 'feats': 'Definite=Cons|Gender=Masc|Number=Sing', 'head': 50, 'deprel': 'obl', 'lemma': 'צורך'}]"
89,קירור,NOUN,NOUN,Definite=Cons|Gender=Masc|Number=Sing,88.0,compound:smixut,"(360, 365)",קירור,
"(90, 91)",הגזים,,,,,,"(366, 371)",,"[{'id': 90, 'text': 'ה', 'upos': 'DET', 'xpos': 'DET', 'feats': 'PronType=Art', 'head': 91, 'deprel': 'det:def', 'lemma': 'ה'}, {'id': 91, 'text': 'גזים', 'upos': 'NOUN', 'xpos': 'NOUN', 'feats': 'Gender=Masc|Number=Plur', 'head': 89, 'deprel': 'compound:smixut', 'lemma': 'גז'}]"
1,לאחרונה,ADV,ADV,,2.0,advmod,"(1, 8)",לאחרונה,
2,פותחו,VERB,VERB,"Gender=Fem,Masc|HebBinyan=NIFAL|Number=Plur|Person=3|Tense=Past|Voice=Mid",0.0,root,"(9, 14)",פתח,
3,טכניקות,NOUN,NOUN,Gender=Fem|Number=Plur,2.0,nsubj,"(15, 22)",טכניקה,
4,אקטיביות,ADJ,ADJ,Gender=Fem|Number=Plur,3.0,amod,"(23, 31)",אקטיבי,
"(5, 6)",להנחתת,,,,,,"(32, 38)",,"[{'id': 5, 'text': 'ל', 'upos': 'ADP', 'xpos': 'ADP', 'head': 6, 'deprel': 'case', 'lemma': 'ל'}, {'id': 6, 'text': 'הנחתת', 'upos': 'NOUN', 'xpos': 'NOUN', 'feats': 'Definite=Cons|Gender=Fem|Number=Sing', 'head': 3, 'deprel': 'nmod', 'lemma': 'הנחתה'}]"
7,רעש,NOUN,NOUN,Gender=Masc|Number=Sing,6.0,compound:smixut,"(39, 42)",רעש,
8,בלתי,ADV,ADV,Prefix=Yes,9.0,compound:affix,"(43, 47)",בלתי,
9,רצוי,ADJ,ADJ,Gender=Masc|Number=Sing,7.0,amod,"(48, 52)",רצוי,
10,(,PUNCT,PUNCT,,11.0,punct,"(53, 54)",(,
11,Active,NOUN,NOUN,,7.0,nmod,"(54, 60)",Active,
12,Noise,NOUN,NOUN,,11.0,dep,"(61, 66)",Noise,
13,Control,NOUN,NOUN,Gender=Masc|Number=Sing,11.0,nmod,"(67, 74)",Control,
14,),PUNCT,PUNCT,,11.0,punct,"(74, 75)",),
"(15, 16)",שמזהות,,,,,,"(76, 82)",,"[{'id': 15, 'text': 'ש', 'upos': 'SCONJ', 'xpos': 'SCONJ', 'head': 16, 'deprel': 'mark', 'lemma': 'ש'}, {'id': 16, 'text': 'מזהות', 'upos': 'VERB', 'xpos': 'VERB', 'feats': 'Gender=Fem|HebBinyan=PIEL|Number=Plur|Person=1,2,3|VerbForm=Part|Voice=Act', 'head': 3, 'deprel': 'acl:relcl', 'lemma': 'זיהה'}]"
17,באמצעות,ADP,ADP,,18.0,case,"(83, 90)",באמצעות,
18,מיקרופונים,NOUN,NOUN,Gender=Masc|Number=Plur,16.0,obl,"(91, 101)",מיקרופון,
19,את,ADP,ADP,Case=Acc,20.0,case:acc,"(102, 104)",את,
20,אופייני,NOUN,NOUN,Definite=Cons|Gender=Masc|Number=Plur,16.0,obj,"(105, 112)",אופייני,
"(21, 22)",הרעש,,,,,,"(113, 117)",,"[{'id': 21, 'text': 'ה', 'upos': 'DET', 'xpos': 'DET', 'feats': 'PronType=Art', 'head': 22, 'deprel': 'det:def', 'lemma': 'ה'}, {'id': 22, 'text': 'רעש', 'upos': 'NOUN', 'xpos': 'NOUN', 'feats': 'Gender=Masc|Number=Sing', 'head': 20, 'deprel': 'compound:smixut', 'lemma': 'רעש'}]"
"(23, 24)",הראשוני,,,,,,"(118, 125)",,"[{'id': 23, 'text': 'ה', 'upos': 'DET', 'xpos': 'DET', 'feats': 'PronType=Art', 'head': 24, 'deprel': 'det:def', 'lemma': 'ה'}, {'id': 24, 'text': 'ראשוני', 'upos': 'ADJ', 'xpos': 'ADJ', 'feats': 'Gender=Masc|Number=Sing', 'head': 22, 'deprel': 'amod', 'lemma': 'ראשוני'}]"
25,(,PUNCT,PUNCT,,27.0,punct,"(126, 127)",(,
"(26, 27)",ההפרעה,,,,,,"(127, 133)",,"[{'id': 26, 'text': 'ה', 'upos': 'DET', 'xpos': 'DET', 'feats': 'PronType=Art', 'head': 27, 'deprel': 'det:def', 'lemma': 'ה'}, {'id': 27, 'text': 'הפרעה', 'upos': 'NOUN', 'xpos': 'NOUN', 'feats': 'Gender=Fem|Number=Sing', 'head': 20, 'deprel': 'appos', 'lemma': 'הפרעה'}]"
28,),PUNCT,PUNCT,,27.0,punct,"(133, 134)",),
"(29, 31)",ובאמצעות,,,,,,"(135, 143)",,"[{'id': 29, 'text': 'ו', 'upos': 'CCONJ', 'xpos': 'CCONJ', 'head': 38, 'deprel': 'cc', 'lemma': 'ו'}, {'id': 30, 'text': 'ב', 'upos': 'ADP', 'xpos': 'ADP', 'head': 31, 'deprel': 'case', 'lemma': 'ב'}, {'id': 31, 'text': 'אמצעות', 'upos': 'NOUN', 'xpos': 'NOUN', 'feats': 'Definite=Cons|Gender=Fem|Number=Sing', 'head': 38, 'deprel': 'obl', 'lemma': 'אמצעה'}]"
32,מערכת,NOUN,NOUN,Definite=Cons|Gender=Fem|Number=Sing,38.0,nsubj,"(144, 149)",מערכת,
33,בקרה,NOUN,NOUN,Gender=Fem|Number=Sing,32.0,compound:smixut,"(150, 154)",בקרה,
34,אדפטיבית,ADJ,ADJ,Gender=Fem|Number=Sing,32.0,amod,"(155, 163)",אדפטיבי,
"(35, 37)",וממוחשבת,,,,,,"(164, 172)",,"[{'id': 35, 'text': 'ו', 'upos': 'CCONJ', 'xpos': 'CCONJ', 'head': 37, 'deprel': 'cc', 'lemma': 'ו'}, {'id': 36, 'text': 'מ', 'upos': 'ADP', 'xpos': 'ADP', 'head': 37, 'deprel': 'case', 'lemma': 'מ'}, {'id': 37, 'text': 'מוחשבת', 'upos': 'VERB', 'xpos': 'VERB', 'feats': 'Gender=Fem|Number=Sing', 'head': 34, 'deprel': 'conj', 'lemma': 'הוחשב'}]"
38,מייצרות,VERB,VERB,"Gender=Fem|HebBinyan=PIEL|Number=Plur|Person=1,2,3|VerbForm=Part|Voice=Act",16.0,conj,"(173, 180)",ייצר,
39,גלי,NOUN,NOUN,Definite=Cons|Gender=Masc|Number=Plur,38.0,obj,"(181, 184)",גל,
40,קול,NOUN,NOUN,Gender=Masc|Number=Sing,39.0,compound:smixut,"(185, 188)",קול,
"(41, 42)",בתמונת,,,,,,"(189, 195)",,"[{'id': 41, 'text': 'ב', 'upos': 'ADP', 'xpos': 'ADP', 'head': 42, 'deprel': 'case', 'lemma': 'ב'}, {'id': 42, 'text': 'תמונת', 'upos': 'NOUN', 'xpos': 'NOUN', 'feats': 'Definite=Cons|Gender=Fem|Number=Sing', 'head': 39, 'deprel': 'nmod', 'lemma': 'תמונה'}]"
43,ראי,NOUN,NOUN,Gender=Masc|Number=Sing,42.0,compound:smixut,"(196, 199)",ראי,
"(44, 45)",לשדה,,,,,,"(200, 204)",,"[{'id': 44, 'text': 'ל', 'upos': 'ADP', 'xpos': 'ADP', 'head': 45, 'deprel': 'case', 'lemma': 'ל'}, {'id': 45, 'text': 'שדה', 'upos': 'NOUN', 'xpos': 'NOUN', 'feats': 'Gender=Masc|Number=Sing', 'head': 43, 'deprel': 'nmod', 'lemma': 'שדה'}]"
"(46, 47)",המקורי,,,,,,"(205, 211)",,"[{'id': 46, 'text': 'ה', 'upos': 'DET', 'xpos': 'DET', 'feats': 'PronType=Art', 'head': 47, 'deprel': 'det:def', 'lemma': 'ה'}, {'id': 47, 'text': 'מקורי', 'upos': 'ADJ', 'xpos': 'ADJ', 'feats': 'Gender=Masc|Number=Sing', 'head': 45, 'deprel': 'amod', 'lemma': 'מקורי'}]"
"(48, 49)",ה״מרעיש,,,,,,"(212, 219)",,"[{'id': 48, 'text': 'ה', 'upos': 'DET', 'xpos': 'DET', 'feats': 'PronType=Art', 'head': 49, 'deprel': 'det:def', 'lemma': 'ה'}, {'id': 49, 'text': 'קמרעיש', 'upos': 'ADJ', 'xpos': 'ADJ', 'feats': 'Gender=Masc|Number=Sing', 'head': 45, 'deprel': 'amod', 'lemma': 'קמרעיש'}]"
50,"""",PUNCT,PUNCT,,39.0,punct,"(219, 220)","""",
51,",",PUNCT,PUNCT,,39.0,punct,"(220, 221)",",",
"(52, 53)",שעוברים,,,,,,"(222, 229)",,"[{'id': 52, 'text': 'ש', 'upos': 'SCONJ', 'xpos': 'SCONJ', 'head': 53, 'deprel': 'mark', 'lemma': 'ש'}, {'id': 53, 'text': 'עוברים', 'upos': 'VERB', 'xpos': 'VERB', 'feats': 'Gender=Masc|HebBinyan=PAAL|Number=Plur|Person=1,2,3|VerbForm=Part|Voice=Act', 'head': 39, 'deprel': 'acl:relcl', 'lemma': 'עבר'}]"
54,התאבכות,NOUN,NOUN,Gender=Fem|Number=Sing,53.0,obj,"(230, 237)",התאבכות,
55,הורסת,VERB,VERB,"Gender=Fem|HebBinyan=PAAL|Number=Sing|Person=1,2,3|VerbForm=Part|Voice=Act",54.0,amod,"(238, 243)",הורס,
56,עם,ADP,ADP,,58.0,case,"(244, 246)",עם,
"(57, 58)",הגלים,,,,,,"(247, 252)",,"[{'id': 57, 'text': 'ה', 'upos': 'DET', 'xpos': 'DET', 'feats': 'PronType=Art', 'head': 58, 'deprel': 'det:def', 'lemma': 'ה'}, {'id': 58, 'text': 'גלים', 'upos': 'NOUN', 'xpos': 'NOUN', 'feats': 'Gender=Masc|Number=Plur', 'head': 54, 'deprel': 'nmod', 'lemma': 'גל'}]"
"(59, 60)",המקוריים,,,,,,"(253, 261)",,"[{'id': 59, 'text': 'ה', 'upos': 'DET', 'xpos': 'DET', 'feats': 'PronType=Art', 'head': 60, 'deprel': 'det:def', 'lemma': 'ה'}, {'id': 60, 'text': 'מקוריים', 'upos': 'ADJ', 'xpos': 'ADJ', 'feats': 'Gender=Masc|Number=Plur', 'head': 58, 'deprel': 'amod', 'lemma': 'מקורי'}]"
"(61, 62)",ויוצרים,,,,,,"(262, 269)",,"[{'id': 61, 'text': 'ו', 'upos': 'CCONJ', 'xpos': 'CCONJ', 'head': 62, 'deprel': 'cc', 'lemma': 'ו'}, {'id': 62, 'text': 'יוצרים', 'upos': 'VERB', 'xpos': 'VERB', 'feats': 'Gender=Masc|HebBinyan=PAAL|Number=Plur|Person=1,2,3|VerbForm=Part|Voice=Act', 'head': 53, 'deprel': 'conj', 'lemma': 'יצר'}]"
63,"""",PUNCT,PUNCT,,64.0,punct,"(270, 271)","""",
64,שקט,NOUN,NOUN,Gender=Masc|Number=Sing,62.0,obj,"(271, 274)",שקט,
65,"""",PUNCT,PUNCT,,64.0,punct,"(274, 275)","""",
"(66, 68)",בשטח,,,,,,"(276, 280)",,"[{'id': 66, 'text': 'ב', 'upos': 'ADP', 'xpos': 'ADP', 'head': 68, 'deprel': 'case', 'lemma': 'ב'}, {'id': 67, 'text': 'ה_', 'upos': 'DET', 'xpos': 'DET', 'feats': 'PronType=Art', 'head': 68, 'deprel': 'det:def', 'lemma': 'ה'}, {'id': 68, 'text': 'שטח', 'upos': 'NOUN', 'xpos': 'NOUN', 'feats': 'Gender=Masc|Number=Sing', 'head': 62, 'deprel': 'obl', 'lemma': 'שטח'}]"
69,מוגדר,VERB,VERB,"Gender=Masc|HebBinyan=HUFAL|Number=Sing|Person=1,2,3|VerbForm=Part|Voice=Pass",68.0,amod,"(281, 286)",הוגדר,
1,טכניקות,NOUN,NOUN,Gender=Fem|Number=Plur,3.0,nsubj,"(1, 8)",טכניקה,
2,אלו,PRON,PRON,"Gender=Fem,Masc|Number=Plur|Person=3|PronType=Dem",1.0,det,"(9, 12)",אלו,
3,הוכחו,VERB,VERB,"Gender=Fem,Masc|HebBinyan=HUFAL|Number=Plur|Person=3|Tense=Past|Voice=Pass",0.0,root,"(13, 18)",הוכח,
"(4, 5)",כיעילות,,,,,,"(19, 26)",,"[{'id': 4, 'text': 'כ', 'upos': 'ADP', 'xpos': 'ADP', 'head': 5, 'deprel': 'case', 'lemma': 'כ'}, {'id': 5, 'text': 'יעילות', 'upos': 'NOUN', 'xpos': 'NOUN', 'feats': 'Gender=Fem|Number=Sing', 'head': 3, 'deprel': 'obl', 'lemma': 'יעילות'}]"
"(6, 7)",ואינן,,,,,,"(27, 32)",,"[{'id': 6, 'text': 'ו', 'upos': 'CCONJ', 'xpos': 'CCONJ', 'head': 8, 'deprel': 'cc', 'lemma': 'ו'}, {'id': 7, 'text': 'אינן', 'upos': 'AUX', 'xpos': 'AUX', 'feats': 'Gender=Fem|Number=Plur|Person=3|Polarity=Neg|VerbForm=Part|VerbType=Cop', 'head': 8, 'deprel': 'advmod', 'lemma': 'אינו'}]"
8,פוגעות,VERB,VERB,"Gender=Fem|HebBinyan=PAAL|Number=Plur|Person=1,2,3|VerbForm=Part|Voice=Act",3.0,conj,"(33, 39)",פגע,
"(9, 10)",ביעילות,,,,,,"(40, 47)",,"[{'id': 9, 'text': 'ב', 'upos': 'ADP', 'xpos': 'ADP', 'head': 10, 'deprel': 'case', 'lemma': 'ב'}, {'id': 10, 'text': 'יעילות', 'upos': 'NOUN', 'xpos': 'NOUN', 'feats': 'Gender=Fem|Number=Sing', 'head': 8, 'deprel': 'obl', 'lemma': 'יעילות'}]"
11,של,ADP,ADP,Case=Gen,12.0,case:gen,"(48, 50)",של,
12,מערכות,NOUN,NOUN,Gender=Fem|Number=Plur,10.0,nmod:poss,"(51, 57)",מערכת,
13,דינמיות,ADJ,ADJ,Gender=Fem|Number=Plur,12.0,amod,"(58, 65)",דינמי,
"(14, 15)",ונושמות,,,,,,"(66, 73)",,"[{'id': 14, 'text': 'ו', 'upos': 'CCONJ', 'xpos': 'CCONJ', 'head': 15, 'deprel': 'cc', 'lemma': 'ו'}, {'id': 15, 'text': 'נושמות', 'upos': 'VERB', 'xpos': 'VERB', 'feats': 'Gender=Fem|HebBinyan=PAAL|Number=Plur|Person=1,2,3|VerbForm=Part|Voice=Act', 'head': 3, 'deprel': 'conj', 'lemma': 'נשם'}]"
"(16, 17)",בדוגמת,,,,,,"(74, 80)",,"[{'id': 16, 'text': 'ב', 'upos': 'ADP', 'xpos': 'ADP', 'head': 17, 'deprel': 'case', 'lemma': 'ב'}, {'id': 17, 'text': 'דוגמת', 'upos': 'NOUN', 'xpos': 'NOUN', 'feats': 'Definite=Cons|Gender=Fem|Number=Sing', 'head': 15, 'deprel': 'obl', 'lemma': 'דוגמה'}]"
18,יחידות,NOUN,NOUN,Definite=Cons|Gender=Fem|Number=Plur,17.0,compound:smixut,"(81, 87)",יחידה,
"(19, 20)",העיבוי,,,,,,"(88, 94)",,"[{'id': 19, 'text': 'ה', 'upos': 'DET', 'xpos': 'DET', 'feats': 'PronType=Art', 'head': 20, 'deprel': 'det:def', 'lemma': 'ה'}, {'id': 20, 'text': 'עיבוי', 'upos': 'NOUN', 'xpos': 'NOUN', 'feats': 'Gender=Masc|Number=Sing', 'head': 18, 'deprel': 'compound:smixut', 'lemma': 'עיבוי'}]"
21,של,ADP,ADP,Case=Gen,22.0,case:gen,"(95, 97)",של,
22,מזגנים,NOUN,NOUN,Gender=Masc|Number=Plur,18.0,nmod:poss,"(98, 104)",מזגן,
23,מפוצלים,VERB,VERB,"Gender=Masc|HebBinyan=PUAL|Number=Plur|Person=1,2,3|VerbForm=Part|Voice=Pass",22.0,amod,"(105, 112)",פוצל,
1,1,NUM,NUM,,0.0,root,"(1, 2)",1,
1,2,NUM,NUM,,0.0,root,"(0, 1)",2,
1,רעש,NOUN,NOUN,Gender=Masc|Number=Sing,8.0,nsubj:cop,"(1, 4)",רעש,
2,אקוסטי,ADJ,ADJ,Gender=Masc|Number=Sing,1.0,amod,"(5, 11)",אקוסטי,
"(3, 4)",הבעיה,,,,,,"(12, 17)",,"[{'id': 3, 'text': 'ה', 'upos': 'DET', 'xpos': 'DET', 'feats': 'PronType=Art', 'head': 4, 'deprel': 'det:def', 'lemma': 'ה'}, {'id': 4, 'text': 'בעיה', 'upos': 'NOUN', 'xpos': 'NOUN', 'feats': 'Gender=Fem|Number=Sing', 'head': 8, 'deprel': 'nsubj:cop', 'lemma': 'בעיה'}]"
"(5, 6)",הפיסיקלית,,,,,,"(18, 27)",,"[{'id': 5, 'text': 'ה', 'upos': 'DET', 'xpos': 'DET', 'feats': 'PronType=Art', 'head': 6, 'deprel': 'det:def', 'lemma': 'ה'}, {'id': 6, 'text': 'פיסיקלית', 'upos': 'ADJ', 'xpos': 'ADJ', 'feats': 'Gender=Fem|Number=Sing', 'head': 4, 'deprel': 'amod', 'lemma': 'פיסיקלי'}]"
7,היא,AUX,AUX,Gender=Fem|Number=Sing|Person=3|Polarity=Pos|VerbForm=Part|VerbType=Cop,8.0,cop,"(28, 31)",הוא,
8,ניתוח,NOUN,NOUN,Definite=Cons|Gender=Masc|Number=Sing,0.0,root,"(32, 37)",ניתוח,
9,התפשטות,NOUN,NOUN,Definite=Cons|Gender=Fem|Number=Sing,8.0,compound:smixut,"(38, 45)",התפשטות,
10,גלי,NOUN,NOUN,Definite=Cons|Gender=Masc|Number=Plur,9.0,compound:smixut,"(46, 49)",גל,
11,קול,NOUN,NOUN,Gender=Masc|Number=Sing,10.0,compound:smixut,"(50, 53)",קול,
12,(,PUNCT,PUNCT,,14.0,punct,"(54, 55)",(,
13,או,CCONJ,CCONJ,,14.0,cc,"(55, 57)",או,
14,הפרעה,NOUN,NOUN,Gender=Fem|Number=Sing,10.0,conj,"(58, 63)",הפרעה,
15,אקוסטית,ADJ,ADJ,Gender=Fem|Number=Sing,14.0,amod,"(64, 71)",אקוסטי,
16,),PUNCT,PUNCT,,14.0,punct,"(71, 72)",),
"(17, 20)",בזורם,,,,,,"(73, 78)",,"[{'id': 17, 'text': 'ב', 'upos': 'ADP', 'xpos': 'ADP', 'head': 18, 'deprel': 'case', 'lemma': 'ב'}, {'id': 18, 'text': 'זור_', 'upos': 'NOUN', 'xpos': 'NOUN', 'feats': 'Definite=Def|Gender=Masc|Number=Sing', 'head': 9, 'deprel': 'nmod', 'lemma': 'זור'}, {'id': 19, 'text': '_של_', 'upos': 'ADP', 'xpos': 'ADP', 'head': 20, 'deprel': 'case:gen', 'lemma': 'של'}, {'id': 20, 'text': '_הם', 'upos': 'PRON', 'xpos': 'PRON', 'feats': 'Case=Gen|Gender=Masc|Number=Plur|Person=3|PronType=Prs', 'head': 18, 'deprel': 'nmod:poss', 'lemma': 'הוא'}]"
21,דחיס,ADJ,ADJ,Gender=Masc|Number=Sing,18.0,amod,"(79, 83)",דחיס,
22,(,PUNCT,PUNCT,,24.0,punct,"(84, 85)",(,
23,כגון,ADP,ADP,,24.0,case,"(85, 89)",כגון,
24,אויר,NOUN,NOUN,Gender=Masc|Number=Sing,21.0,appos,"(90, 94)",אויר,
25,),PUNCT,PUNCT,,24.0,punct,"(94, 95)",),
"(26, 27)",שמצוי,,,,,,"(96, 101)",,"[{'id': 26, 'text': 'ש', 'upos': 'SCONJ', 'xpos': 'SCONJ', 'head': 27, 'deprel': 'mark', 'lemma': 'ש'}, {'id': 27, 'text': 'מצוי', 'upos': 'VERB', 'xpos': 'VERB', 'feats': 'Gender=Masc|HebBinyan=PAAL|Number=Sing|Person=1,2,3|VerbForm=Part|Voice=Act', 'head': 18, 'deprel': 'acl:relcl', 'lemma': 'מצא'}]"
"(28, 29)",בחלל,,,,,,"(102, 106)",,"[{'id': 28, 'text': 'ב', 'upos': 'ADP', 'xpos': 'ADP', 'head': 29, 'deprel': 'case', 'lemma': 'ב'}, {'id': 29, 'text': 'חלל', 'upos': 'NOUN', 'xpos': 'NOUN', 'feats': 'Gender=Masc|Number=Sing', 'head': 27, 'deprel': 'obl', 'lemma': 'חלל'}]"
30,סגור,ADJ,ADJ,Gender=Masc|Number=Sing,29.0,amod,"(107, 111)",סגור,
"(31, 32)",כדוגמת,,,,,,"(112, 118)",,"[{'id': 31, 'text': 'כ', 'upos': 'ADP', 'xpos': 'ADP', 'head': 32, 'deprel': 'case', 'lemma': 'כ'}, {'id': 32, 'text': 'דוגמת', 'upos': 'NOUN', 'xpos': 'NOUN', 'feats': 'Definite=Cons|Gender=Fem|Number=Sing', 'head': 27, 'deprel': 'obl', 'lemma': 'דוגמה'}]"
33,חדר,NOUN,NOUN,Definite=Cons|Gender=Masc|Number=Sing,32.0,compound:smixut,"(119, 122)",חדר,
34,מגורים,NOUN,NOUN,Gender=Masc|Number=Plur,33.0,compound:smixut,"(123, 129)",מגורים,
1,הגדרת,NOUN,NOUN,Definite=Cons|Gender=Fem|Number=Sing,5.0,nsubj:cop,"(1, 6)",הגדרה,
"(2, 3)",הקול,,,,,,"(7, 11)",,"[{'id': 2, 'text': 'ה', 'upos': 'DET', 'xpos': 'DET', 'feats': 'PronType=Art', 'head': 3, 'deprel': 'det:def', 'lemma': 'ה'}, {'id': 3, 'text': 'קול', 'upos': 'NOUN', 'xpos': 'NOUN', 'feats': 'Gender=Masc|Number=Sing', 'head': 1, 'deprel': 'compound:smixut', 'lemma': 'קול'}]"
4,היא,AUX,AUX,Gender=Fem|Number=Sing|Person=3|Polarity=Pos|VerbForm=Part|VerbType=Cop,5.0,cop,"(12, 15)",הוא,
5,שינויים,NOUN,NOUN,Gender=Masc|Number=Plur,0.0,root,"(16, 23)",שינוי,
6,קטנים,ADJ,ADJ,Gender=Masc|Number=Plur,5.0,amod,"(24, 29)",קטן,
"(7, 8)",בלחץ,,,,,,"(30, 34)",,"[{'id': 7, 'text': 'ב', 'upos': 'ADP', 'xpos': 'ADP', 'head': 8, 'deprel': 'case', 'lemma': 'ב'}, {'id': 8, 'text': 'לחץ', 'upos': 'NOUN', 'xpos': 'NOUN', 'feats': 'Definite=Cons|Gender=Masc|Number=Sing', 'head': 5, 'deprel': 'nmod', 'lemma': 'לחץ'}]"
"(9, 10)",התווך,,,,,,"(35, 40)",,"[{'id': 9, 'text': 'ה', 'upos': 'DET', 'xpos': 'DET', 'feats': 'PronType=Art', 'head': 10, 'deprel': 'det:def', 'lemma': 'ה'}, {'id': 10, 'text': 'תווך', 'upos': 'NOUN', 'xpos': 'NOUN', 'feats': 'Gender=Masc|Number=Sing', 'head': 8, 'deprel': 'compound:smixut', 'lemma': 'תווך'}]"
11,(,PUNCT,PUNCT,,12.0,punct,"(41, 42)",(,
12,משרעת,NOUN,NOUN,Gender=Fem|Number=Sing,8.0,appos,"(42, 47)",משרעת,
13,),PUNCT,PUNCT,,12.0,punct,"(47, 48)",),
"(14, 15)",ומספר,,,,,,"(49, 54)",,"[{'id': 14, 'text': 'ו', 'upos': 'CCONJ', 'xpos': 'CCONJ', 'head': 17, 'deprel': 'cc', 'lemma': 'ו'}, {'id': 15, 'text': 'מספר', 'upos': 'DET', 'xpos': 'DET', 'feats': 'Definite=Cons', 'head': 17, 'deprel': 'det', 'lemma': 'מספר'}]"
"(16, 17)",השינויים,,,,,,"(55, 63)",,"[{'id': 16, 'text': 'ה', 'upos': 'DET', 'xpos': 'DET', 'feats': 'PronType=Art', 'head': 17, 'deprel': 'det:def', 'lemma': 'ה'}, {'id': 17, 'text': 'שינויים', 'upos': 'NOUN', 'xpos': 'NOUN', 'feats': 'Gender=Masc|Number=Plur', 'head': 5, 'deprel': 'conj', 'lemma': 'שינוי'}]"
"(18, 19)",בלחץ,,,,,,"(64, 68)",,"[{'id': 18, 'text': 'ב', 'upos': 'ADP', 'xpos': 'ADP', 'head': 19, 'deprel': 'case', 'lemma': 'ב'}, {'id': 19, 'text': 'לחץ', 'upos': 'NOUN', 'xpos': 'NOUN', 'feats': 'Gender=Masc|Number=Sing', 'head': 17, 'deprel': 'nmod', 'lemma': 'לחץ'}]"
"(20, 21)",ליחידת,,,,,,"(69, 75)",,"[{'id': 20, 'text': 'ל', 'upos': 'ADP', 'xpos': 'ADP', 'head': 21, 'deprel': 'case', 'lemma': 'ל'}, {'id': 21, 'text': 'יחידת', 'upos': 'NOUN', 'xpos': 'NOUN', 'feats': 'Definite=Cons|Gender=Fem|Number=Sing', 'head': 19, 'deprel': 'nmod', 'lemma': 'יחידה'}]"
22,זמן,NOUN,NOUN,Gender=Masc|Number=Sing,21.0,compound:smixut,"(76, 79)",זמן,
23,(,PUNCT,PUNCT,,24.0,punct,"(80, 81)",(,
24,תדירות,NOUN,NOUN,Gender=Fem|Number=Plur,19.0,appos,"(81, 87)",תדירות,
25,),PUNCT,PUNCT,,24.0,punct,"(87, 88)",),
"(1, 2)",המשוואה,,,,,,"(1, 8)",,"[{'id': 1, 'text': 'ה', 'upos': 'DET', 'xpos': 'DET', 'feats': 'PronType=Art', 'head': 2, 'deprel': 'det:def', 'lemma': 'ה'}, {'id': 2, 'text': 'משוואה', 'upos': 'NOUN', 'xpos': 'NOUN', 'feats': 'Gender=Fem|Number=Sing', 'head': 14, 'deprel': 'nsubj:cop', 'lemma': 'משוואה'}]"
"(3, 4)",הבסיסית,,,,,,"(9, 16)",,"[{'id': 3, 'text': 'ה', 'upos': 'DET', 'xpos': 'DET', 'feats': 'PronType=Art', 'head': 4, 'deprel': 'det:def', 'lemma': 'ה'}, {'id': 4, 'text': 'בסיסית', 'upos': 'ADJ', 'xpos': 'ADJ', 'feats': 'Gender=Fem|Number=Sing', 'head': 2, 'deprel': 'amod', 'lemma': 'בסיסי'}]"
"(5, 6)",המתארת,,,,,,"(17, 23)",,"[{'id': 5, 'text': 'ה', 'upos': 'SCONJ', 'xpos': 'SCONJ', 'head': 6, 'deprel': 'mark', 'lemma': 'ה'}, {'id': 6, 'text': 'מתארת', 'upos': 'VERB', 'xpos': 'VERB', 'feats': 'Gender=Fem|HebBinyan=PIEL|Number=Sing|Person=1,2,3|VerbForm=Part|Voice=Act', 'head': 2, 'deprel': 'acl:relcl', 'lemma': 'תיאר'}]"
7,את,ADP,ADP,Case=Acc,8.0,case:acc,"(24, 26)",את,
8,שינויי,NOUN,NOUN,Definite=Cons|Gender=Masc|Number=Plur,6.0,obj,"(27, 33)",שינוי,
"(9, 10)",הלחץ,,,,,,"(34, 38)",,"[{'id': 9, 'text': 'ה', 'upos': 'DET', 'xpos': 'DET', 'feats': 'PronType=Art', 'head': 10, 'deprel': 'det:def', 'lemma': 'ה'}, {'id': 10, 'text': 'לחץ', 'upos': 'NOUN', 'xpos': 'NOUN', 'feats': 'Gender=Masc|Number=Sing', 'head': 8, 'deprel': 'compound:smixut', 'lemma': 'לחץ'}]"
"(11, 12)",המרחב,,,,,,"(39, 44)",,"[{'id': 11, 'text': 'ה', 'upos': 'DET', 'xpos': 'DET', 'feats': 'PronType=Art', 'head': 12, 'deprel': 'det:def', 'lemma': 'ה'}, {'id': 12, 'text': 'מרחב', 'upos': 'NOUN', 'xpos': 'NOUN', 'feats': 'Gender=Masc|Number=Sing', 'head': 10, 'deprel': 'nmod', 'lemma': 'מרחב'}]"
13,היא,AUX,AUX,Gender=Fem|Number=Sing|Person=3|Polarity=Pos|VerbForm=Part|VerbType=Cop,14.0,cop,"(45, 48)",הוא,
14,משואת,NOUN,NOUN,Definite=Cons|Gender=Fem|Number=Sing,0.0,root,"(49, 54)",משואה,
"(15, 16)",הגלים,,,,,,"(55, 60)",,"[{'id': 15, 'text': 'ה', 'upos': 'DET', 'xpos': 'DET', 'feats': 'PronType=Art', 'head': 16, 'deprel': 'det:def', 'lemma': 'ה'}, {'id': 16, 'text': 'גלים', 'upos': 'NOUN', 'xpos': 'NOUN', 'feats': 'Gender=Masc|Number=Plur', 'head': 14, 'deprel': 'compound:smixut', 'lemma': 'גל'}]"
17,:,PUNCT,PUNCT,,14.0,punct,"(60, 61)",:,
18,חלק,NOUN,NOUN,Gender=Masc|Number=Sing,21.0,det,"(62, 65)",חלק,
"(19, 21)",מהרעש,,,,,,"(66, 71)",,"[{'id': 19, 'text': 'מ', 'upos': 'ADP', 'xpos': 'ADP', 'feats': 'HebSource=ConvUncertainLabel', 'head': 21, 'deprel': 'case', 'lemma': 'מ'}, {'id': 20, 'text': 'ה', 'upos': 'DET', 'xpos': 'DET', 'feats': 'PronType=Art', 'head': 21, 'deprel': 'det:def', 'lemma': 'ה'}, {'id': 21, 'text': 'רעש', 'upos': 'NOUN', 'xpos': 'NOUN', 'feats': 'Gender=Masc|Number=Sing', 'head': 22, 'deprel': 'nsubj', 'lemma': 'רעש'}]"
22,נובע,VERB,VERB,"Gender=Masc|HebBinyan=PAAL|Number=Sing|Person=1,2,3|VerbForm=Part|Voice=Act",14.0,conj,"(72, 76)",נבע,
"(23, 25)",מהפרעה,,,,,,"(77, 83)",,"[{'id': 23, 'text': 'מ', 'upos': 'ADP', 'xpos': 'ADP', 'head': 25, 'deprel': 'case', 'lemma': 'מ'}, {'id': 24, 'text': 'ה', 'upos': 'DET', 'xpos': 'DET', 'feats': 'PronType=Art', 'head': 25, 'deprel': 'det:def', 'lemma': 'ה'}, {'id': 25, 'text': 'פרעה', 'upos': 'NOUN', 'xpos': 'NOUN', 'feats': 'Gender=Fem|Number=Sing', 'head': 22, 'deprel': 'obl', 'lemma': 'פרעה'}]"
26,אקוסטית,ADJ,ADJ,Gender=Fem|Number=Sing,25.0,amod,"(84, 91)",אקוסטי,
27,הרמונית,ADJ,ADJ,Gender=Fem|Number=Sing,25.0,amod,"(92, 99)",הרמוני,
"(28, 29)",ולכן,,,,,,"(100, 104)",,"[{'id': 28, 'text': 'ו', 'upos': 'CCONJ', 'xpos': 'CCONJ', 'head': 29, 'deprel': 'cc', 'lemma': 'ו'}, {'id': 29, 'text': 'לכן', 'upos': 'ADV', 'xpos': 'ADV', 'head': 30, 'deprel': 'advmod', 'lemma': 'לכן'}]"
30,מניחים,VERB,VERB,"Gender=Masc|HebBinyan=HIFIL|Number=Plur|Person=1,2,3|VerbForm=Part|Voice=Act",14.0,conj,"(105, 111)",הניח,
"(31, 32)",שניתן,,,,,,"(112, 117)",,"[{'id': 31, 'text': 'ש', 'upos': 'SCONJ', 'xpos': 'SCONJ', 'head': 32, 'deprel': 'mark', 'lemma': 'ש'}, {'id': 32, 'text': 'ניתן', 'upos': 'AUX', 'xpos': 'AUX', 'feats': 'Gender=Masc|Number=Sing|Person=1,2,3|VerbType=Mod', 'head': 33, 'deprel': 'aux', 'lemma': 'ניתן'}]"
33,לפרק,VERB,VERB,HebBinyan=PIEL|VerbForm=Inf|Voice=Act,30.0,ccomp,"(118, 122)",פירק,
34,את,ADP,ADP,Case=Acc,35.0,case:acc,"(123, 125)",את,
35,משתנה,NOUN,NOUN,Definite=Cons|Gender=Fem|Number=Sing,33.0,obj,"(126, 131)",השתנה,
"(36, 37)",הלחץ,,,,,,"(132, 136)",,"[{'id': 36, 'text': 'ה', 'upos': 'DET', 'xpos': 'DET', 'feats': 'PronType=Art', 'head': 37, 'deprel': 'det:def', 'lemma': 'ה'}, {'id': 37, 'text': 'לחץ', 'upos': 'NOUN', 'xpos': 'NOUN', 'feats': 'Gender=Masc|Number=Sing', 'head': 35, 'deprel': 'compound:smixut', 'lemma': 'לחץ'}]"
"(38, 39)",לשני,,,,,,"(137, 141)",,"[{'id': 38, 'text': 'ל', 'upos': 'ADP', 'xpos': 'ADP', 'head': 40, 'deprel': 'case', 'lemma': 'ל'}, {'id': 39, 'text': 'שני', 'upos': 'NUM', 'xpos': 'NUM', 'feats': 'Definite=Cons|Gender=Masc|Number=Plur', 'head': 40, 'deprel': 'nummod', 'lemma': 'שני'}]"
40,מרכיבים,NOUN,NOUN,Gender=Masc|Number=Plur,33.0,obl,"(142, 149)",מרכיב,
41,בלתי,ADV,ADV,Prefix=Yes,42.0,compound:affix,"(150, 154)",בלתי,
42,תלויים,ADJ,ADJ,Gender=Masc|Number=Plur,40.0,amod,"(155, 161)",תלוי,
43,:,PUNCT,PUNCT,,46.0,punct,"(161, 162)",:,
"(44, 45)",האחד,,,,,,"(163, 167)",,"[{'id': 44, 'text': 'ה', 'upos': 'DET', 'xpos': 'DET', 'feats': 'PronType=Art', 'head': 45, 'deprel': 'det:def', 'lemma': 'ה'}, {'id': 45, 'text': 'אחד', 'upos': 'NUM', 'xpos': 'NUM', 'feats': 'Gender=Masc|Number=Sing', 'head': 46, 'deprel': 'nsubj', 'lemma': 'אחד'}]"
46,תלוי,ADJ,ADJ,Gender=Masc|Number=Sing,40.0,appos,"(168, 172)",תלוי,
"(47, 48)",במרחב,,,,,,"(173, 178)",,"[{'id': 47, 'text': 'ב', 'upos': 'ADP', 'xpos': 'ADP', 'head': 48, 'deprel': 'case', 'lemma': 'ב'}, {'id': 48, 'text': 'מרחב', 'upos': 'NOUN', 'xpos': 'NOUN', 'feats': 'Gender=Masc|Number=Sing', 'head': 46, 'deprel': 'obl', 'lemma': 'מרחב'}]"
"(49, 51)",והשני,,,,,,"(179, 184)",,"[{'id': 49, 'text': 'ו', 'upos': 'CCONJ', 'xpos': 'CCONJ', 'head': 53, 'deprel': 'cc', 'lemma': 'ו'}, {'id': 50, 'text': 'ה', 'upos': 'DET', 'xpos': 'DET', 'feats': 'PronType=Art', 'head': 51, 'deprel': 'det:def', 'lemma': 'ה'}, {'id': 51, 'text': 'שני', 'upos': 'NUM', 'xpos': 'NUM', 'feats': 'Gender=Masc|Number=Sing', 'head': 53, 'deprel': 'nsubj', 'lemma': 'שני'}]"
"(52, 53)",בזמן,,,,,,"(185, 189)",,"[{'id': 52, 'text': 'ב', 'upos': 'ADP', 'xpos': 'ADP', 'head': 53, 'deprel': 'case', 'lemma': 'ב'}, {'id': 53, 'text': 'זמן', 'upos': 'NOUN', 'xpos': 'NOUN', 'feats': 'Gender=Masc|Number=Sing', 'head': 46, 'deprel': 'conj', 'lemma': 'זמן'}]"
1,כלומר,ADV,ADV,,10.0,advmod,"(1, 6)",כלומר,
2,",",PUNCT,PUNCT,,10.0,punct,"(6, 7)",",",
3,לאחר,ADP,ADP,,5.0,case,"(8, 12)",לאחר,
"(4, 5)",הצבה,,,,,,"(13, 17)",,"[{'id': 4, 'text': 'ה', 'upos': 'DET', 'xpos': 'DET', 'feats': 'PronType=Art', 'head': 5, 'deprel': 'det:def', 'lemma': 'ה'}, {'id': 5, 'text': 'צבה', 'upos': 'NOUN', 'xpos': 'NOUN', 'feats': 'Gender=Fem|Number=Sing', 'head': 10, 'deprel': 'obl', 'lemma': 'צבה'}]"
"(6, 7)",במשואת,,,,,,"(18, 24)",,"[{'id': 6, 'text': 'ב', 'upos': 'ADP', 'xpos': 'ADP', 'head': 7, 'deprel': 'case', 'lemma': 'ב'}, {'id': 7, 'text': 'משואת', 'upos': 'NOUN', 'xpos': 'NOUN', 'feats': 'Definite=Cons|Gender=Fem|Number=Sing', 'head': 5, 'deprel': 'nmod', 'lemma': 'משואה'}]"
"(8, 9)",הגלים,,,,,,"(25, 30)",,"[{'id': 8, 'text': 'ה', 'upos': 'DET', 'xpos': 'DET', 'feats': 'PronType=Art', 'head': 9, 'deprel': 'det:def', 'lemma': 'ה'}, {'id': 9, 'text': 'גלים', 'upos': 'NOUN', 'xpos': 'NOUN', 'feats': 'Gender=Masc|Number=Plur', 'head': 7, 'deprel': 'compound:smixut', 'lemma': 'גל'}]"
10,מתקבלת,VERB,VERB,"Gender=Fem|HebBinyan=HITPAEL|Number=Sing|Person=1,2,3|VerbForm=Part",0.0,root,"(31, 37)",התקבל,
11,משואת,NOUN,NOUN,Definite=Cons|Gender=Fem|Number=Sing,10.0,nsubj,"(38, 43)",משואה,
"(12, 13)",הלמהולץ,,,,,,"(44, 51)",,"[{'id': 12, 'text': 'ה', 'upos': 'DET', 'xpos': 'DET', 'feats': 'PronType=Art', 'head': 13, 'deprel': 'dep', 'lemma': 'ה'}, {'id': 13, 'text': 'למהולץ', 'upos': 'VERB', 'xpos': 'VERB', 'feats': 'HebBinyan=PIEL|VerbForm=Inf|Voice=Act', 'head': 11, 'deprel': 'acl', 'lemma': '_'}]"
14,כאשר,SCONJ,SCONJ,,18.0,mark,"(52, 56)",כאשר,
15,",",PUNCT,PUNCT,,18.0,punct,"(56, 57)",",",
16,co,PROPN,PROPN,,18.0,nsubj,"(58, 60)",co,
17,־,PUNCT,PUNCT,,18.0,punct,"(61, 62)",־,
18,תדירות,NOUN,NOUN,Definite=Cons|Gender=Fem|Number=Plur,11.0,nmod,"(63, 69)",תדירות,
"(19, 20)",הגל,,,,,,"(70, 73)",,"[{'id': 19, 'text': 'ה', 'upos': 'DET', 'xpos': 'DET', 'feats': 'PronType=Art', 'head': 20, 'deprel': 'det:def', 'lemma': 'ה'}, {'id': 20, 'text': 'גל', 'upos': 'NOUN', 'xpos': 'NOUN', 'feats': 'Gender=Masc|Number=Sing', 'head': 18, 'deprel': 'compound:smixut', 'lemma': 'גל'}]"
21,",",PUNCT,PUNCT,,18.0,punct,"(73, 74)",",",
22,C,PROPN,PROPN,,24.0,appos,"(75, 76)",C,
23,־,PUNCT,PUNCT,,24.0,punct,"(77, 78)",־,
24,מהירות,NOUN,NOUN,Definite=Cons|Gender=Fem|Number=Sing,18.0,dep,"(79, 85)",מהירות,
"(25, 26)",הקול,,,,,,"(86, 90)",,"[{'id': 25, 'text': 'ה', 'upos': 'DET', 'xpos': 'DET', 'feats': 'PronType=Art', 'head': 26, 'deprel': 'det:def', 'lemma': 'ה'}, {'id': 26, 'text': 'קול', 'upos': 'NOUN', 'xpos': 'NOUN', 'feats': 'Gender=Masc|Number=Sing', 'head': 24, 'deprel': 'compound:smixut', 'lemma': 'קול'}]"
27,(,PUNCT,PUNCT,,28.0,punct,"(91, 92)",(,
28,התקדמות,NOUN,NOUN,Definite=Cons|Gender=Fem|Number=Sing,24.0,appos,"(92, 99)",התקדמות,
29,הפרעה,NOUN,NOUN,Gender=Fem|Number=Sing,28.0,compound:smixut,"(100, 105)",הפרעה,
30,אקוסטית,ADJ,ADJ,Gender=Fem|Number=Sing,29.0,amod,"(106, 113)",אקוסטי,
"(31, 32)",בתווך,,,,,,"(114, 119)",,"[{'id': 31, 'text': 'ב', 'upos': 'ADP', 'xpos': 'ADP', 'head': 32, 'deprel': 'case', 'lemma': 'ב'}, {'id': 32, 'text': 'תווך', 'upos': 'NOUN', 'xpos': 'NOUN', 'feats': 'Gender=Masc|Number=Sing', 'head': 29, 'deprel': 'nmod', 'lemma': 'תווך'}]"
33,),PUNCT,PUNCT,,28.0,punct,"(119, 120)",),
34,ו,CCONJ,CCONJ,,39.0,cc,"(121, 122)",ו,
35,-,PUNCT,PUNCT,,18.0,punct,"(122, 123)",-,
36,P,PROPN,PROPN,,39.0,nmod,"(124, 125)",P,
37,־,PUNCT,PUNCT,,39.0,det:def,"(126, 127)",־,
"(38, 39)",הלחץ,,,,,,"(128, 132)",,"[{'id': 38, 'text': 'ה', 'upos': 'DET', 'xpos': 'DET', 'feats': 'PronType=Art', 'head': 39, 'deprel': 'det:def', 'lemma': 'ה'}, {'id': 39, 'text': 'לחץ', 'upos': 'NOUN', 'xpos': 'NOUN', 'feats': 'Gender=Masc|Number=Sing', 'head': 18, 'deprel': 'conj', 'lemma': 'לחץ'}]"
"(40, 41)",כתלות,,,,,,"(133, 138)",,"[{'id': 40, 'text': 'כ', 'upos': 'ADP', 'xpos': 'ADP', 'head': 41, 'deprel': 'case', 'lemma': 'כ'}, {'id': 41, 'text': 'תלות', 'upos': 'NOUN', 'xpos': 'NOUN', 'feats': 'Gender=Fem|Number=Sing', 'head': 39, 'deprel': 'nmod', 'lemma': 'תלות'}]"
"(42, 43)",במרחב,,,,,,"(139, 144)",,"[{'id': 42, 'text': 'ב', 'upos': 'ADP', 'xpos': 'ADP', 'head': 43, 'deprel': 'case', 'lemma': 'ב'}, {'id': 43, 'text': 'מרחב', 'upos': 'NOUN', 'xpos': 'NOUN', 'feats': 'Gender=Masc|Number=Sing', 'head': 41, 'deprel': 'nmod', 'lemma': 'מרחב'}]"
44,בלבד,ADV,ADV,,43.0,advmod,"(145, 149)",בלבד,
1,כדי,ADP,ADP,,2.0,case,"(1, 4)",כדי,
2,לפתור,VERB,VERB,HebBinyan=PAAL|VerbForm=Inf|Voice=Act,10.0,advcl,"(5, 10)",פתר,
3,את,ADP,ADP,Case=Acc,4.0,case:acc,"(11, 13)",את,
4,משואת,NOUN,NOUN,Definite=Cons|Gender=Fem|Number=Sing,2.0,obj,"(14, 19)",משואה,
"(5, 6)",הלמהולץ,,,,,,"(20, 27)",,"[{'id': 5, 'text': 'ה', 'upos': 'SCONJ', 'xpos': 'SCONJ', 'head': 6, 'deprel': 'mark', 'lemma': 'ה'}, {'id': 6, 'text': 'למהולץ', 'upos': 'VERB', 'xpos': 'VERB', 'feats': 'Gender=Masc|HebBinyan=PAAL|Number=Sing|Person=1,2,3|VerbForm=Part|Voice=Act', 'head': 4, 'deprel': 'acl', 'lemma': '_'}]"
"(7, 8)",בתחום,,,,,,"(28, 33)",,"[{'id': 7, 'text': 'ב', 'upos': 'ADP', 'xpos': 'ADP', 'head': 8, 'deprel': 'case', 'lemma': 'ב'}, {'id': 8, 'text': 'תחום', 'upos': 'NOUN', 'xpos': 'NOUN', 'feats': 'Gender=Masc|Number=Sing', 'head': 6, 'deprel': 'obl', 'lemma': 'תחום'}]"
9,סגור,ADJ,ADJ,Gender=Masc|Number=Sing,8.0,amod,"(34, 38)",סגור,
10,יש,AUX,AUX,VerbType=Mod,11.0,aux,"(39, 41)",יש,
11,להגדיר,VERB,VERB,HebBinyan=HIFIL|VerbForm=Inf|Voice=Act,0.0,root,"(42, 48)",הגדיר,
12,תנאי,NOUN,NOUN,Definite=Cons|Gender=Masc|Number=Plur,11.0,obj,"(49, 53)",תנאי,
13,שפה,NOUN,NOUN,Gender=Fem|Number=Sing,12.0,compound:smixut,"(54, 57)",שפה,
14,מתוך,ADP,ADP,,16.0,case,"(58, 62)",מתוך,
"(15, 16)",האפשרויות,,,,,,"(63, 72)",,"[{'id': 15, 'text': 'ה', 'upos': 'DET', 'xpos': 'DET', 'feats': 'PronType=Art', 'head': 16, 'deprel': 'det:def', 'lemma': 'ה'}, {'id': 16, 'text': 'אפשרויות', 'upos': 'NOUN', 'xpos': 'NOUN', 'feats': 'Gender=Fem|Number=Plur', 'head': 11, 'deprel': 'obl', 'lemma': 'אפשרות'}]"
"(17, 18)",הבאות,,,,,,"(73, 78)",,"[{'id': 17, 'text': 'ה', 'upos': 'DET', 'xpos': 'DET', 'feats': 'PronType=Art', 'head': 18, 'deprel': 'det:def', 'lemma': 'ה'}, {'id': 18, 'text': 'באות', 'upos': 'ADJ', 'xpos': 'ADJ', 'feats': 'Gender=Fem|Number=Plur', 'head': 16, 'deprel': 'amod', 'lemma': 'בא'}]"
19,:,PUNCT,PUNCT,,10.0,punct,"(78, 79)",:,
20,1,NUM,NUM,,10.0,parataxis,"(80, 81)",1,
1,תנאי,NOUN,NOUN,Definite=Cons|Gender=Masc|Number=Plur,0.0,root,"(1, 5)",תנאי,
2,שפה,NOUN,NOUN,Gender=Fem|Number=Sing,1.0,compound:smixut,"(6, 9)",שפה,
"(3, 4)",מסוג,,,,,,"(10, 14)",,"[{'id': 3, 'text': 'מ', 'upos': 'ADP', 'xpos': 'ADP', 'head': 4, 'deprel': 'case', 'lemma': 'מ'}, {'id': 4, 'text': 'סוג', 'upos': 'NOUN', 'xpos': 'NOUN', 'feats': 'Definite=Cons|Gender=Masc|Number=Sing', 'head': 1, 'deprel': 'nmod', 'lemma': 'סוג'}]"
5,דירכלה,PROPN,PROPN,,4.0,compound:smixut,"(15, 21)",דירכלה,
6,־,PUNCT,PUNCT,,7.0,punct,"(22, 23)",־,
7,נתון,NOUN,NOUN,Gender=Masc|Number=Sing,1.0,nmod,"(24, 28)",נתון,
8,ערך,NOUN,NOUN,Definite=Cons|Gender=Masc|Number=Sing,1.0,compound:smixut,"(29, 32)",ערך,
"(9, 10)",הפונקציה,,,,,,"(33, 41)",,"[{'id': 9, 'text': 'ה', 'upos': 'DET', 'xpos': 'DET', 'feats': 'PronType=Art', 'head': 10, 'deprel': 'det:def', 'lemma': 'ה'}, {'id': 10, 'text': 'פונקציה', 'upos': 'NOUN', 'xpos': 'NOUN', 'feats': 'Gender=Fem|Number=Sing', 'head': 8, 'deprel': 'compound:smixut', 'lemma': 'פונקציה'}]"
11,על,ADP,ADP,,13.0,case,"(42, 44)",על,
"(12, 13)",השפה,,,,,,"(45, 49)",,"[{'id': 12, 'text': 'ה', 'upos': 'DET', 'xpos': 'DET', 'feats': 'PronType=Art', 'head': 13, 'deprel': 'det:def', 'lemma': 'ה'}, {'id': 13, 'text': 'שפה', 'upos': 'NOUN', 'xpos': 'NOUN', 'feats': 'Gender=Fem|Number=Sing', 'head': 10, 'deprel': 'nmod', 'lemma': 'שפה'}]"
14,",",PUNCT,PUNCT,,1.0,punct,"(49, 50)",",",
15,2,NUM,NUM,,1.0,dep,"(51, 52)",2,
1,תנאי,NOUN,NOUN,Definite=Cons|Gender=Masc|Number=Plur,0.0,root,"(1, 5)",תנאי,
2,שפה,NOUN,NOUN,Gender=Fem|Number=Sing,1.0,compound:smixut,"(6, 9)",שפה,
"(3, 4)",מסוג,,,,,,"(10, 14)",,"[{'id': 3, 'text': 'מ', 'upos': 'ADP', 'xpos': 'ADP', 'head': 4, 'deprel': 'case', 'lemma': 'מ'}, {'id': 4, 'text': 'סוג', 'upos': 'NOUN', 'xpos': 'NOUN', 'feats': 'Definite=Cons|Gender=Masc|Number=Sing', 'head': 1, 'deprel': 'nmod', 'lemma': 'סוג'}]"
5,נוימן,PROPN,PROPN,,4.0,compound:smixut,"(15, 20)",נוימן,
6,־,PUNCT,PUNCT,HebSource=ConvUncertainHead,7.0,punct,"(21, 22)",־,
"(7, 9)",נתונה,,,,,,"(23, 28)",,"[{'id': 7, 'text': 'נתון_', 'upos': 'NOUN', 'xpos': 'NOUN', 'feats': 'Definite=Def|Gender=Masc|HebSource=ConvUncertainHead|Number=Sing', 'head': 1, 'deprel': 'dep', 'lemma': 'נתון'}, {'id': 8, 'text': '_של_', 'upos': 'ADP', 'xpos': 'ADP', 'head': 9, 'deprel': 'case:gen', 'lemma': 'של'}, {'id': 9, 'text': '_היא', 'upos': 'PRON', 'xpos': 'PRON', 'feats': 'Case=Gen|Gender=Fem|Number=Sing|Person=3|PronType=Prs', 'head': 7, 'deprel': 'nmod:poss', 'lemma': 'הוא'}]"
"(10, 11)",הנגזרת,,,,,,"(29, 35)",,"[{'id': 10, 'text': 'ה', 'upos': 'DET', 'xpos': 'DET', 'feats': 'PronType=Art', 'head': 11, 'deprel': 'det:def', 'lemma': 'ה'}, {'id': 11, 'text': 'נגזרת', 'upos': 'VERB', 'xpos': 'VERB', 'feats': 'Gender=Fem|HebBinyan=NIFAL|Number=Sing|Person=1,2,3|VerbForm=Part|Voice=Mid', 'head': 7, 'deprel': 'amod', 'lemma': 'נגזר'}]"
"(12, 13)",הניצבת,,,,,,"(36, 42)",,"[{'id': 12, 'text': 'ה', 'upos': 'DET', 'xpos': 'DET', 'feats': 'PronType=Art', 'head': 13, 'deprel': 'det:def', 'lemma': 'ה'}, {'id': 13, 'text': 'ניצבת', 'upos': 'VERB', 'xpos': 'VERB', 'feats': 'Gender=Fem|HebBinyan=PAAL|Number=Sing|Person=1,2,3|VerbForm=Part|Voice=Act', 'head': 7, 'deprel': 'acl', 'lemma': 'ניצב'}]"
14,של,ADP,ADP,Case=Gen,16.0,case:gen,"(43, 45)",של,
"(15, 16)",הפונקציה,,,,,,"(46, 54)",,"[{'id': 15, 'text': 'ה', 'upos': 'DET', 'xpos': 'DET', 'feats': 'PronType=Art', 'head': 16, 'deprel': 'det:def', 'lemma': 'ה'}, {'id': 16, 'text': 'פונקציה', 'upos': 'NOUN', 'xpos': 'NOUN', 'feats': 'Gender=Fem|Number=Sing', 'head': 7, 'deprel': 'nmod:poss', 'lemma': 'פונקציה'}]"
17,על,ADP,ADP,,19.0,case,"(55, 57)",על,
"(18, 19)",השפה,,,,,,"(58, 62)",,"[{'id': 18, 'text': 'ה', 'upos': 'DET', 'xpos': 'DET', 'feats': 'PronType=Art', 'head': 19, 'deprel': 'det:def', 'lemma': 'ה'}, {'id': 19, 'text': 'שפה', 'upos': 'NOUN', 'xpos': 'NOUN', 'feats': 'Gender=Fem|Number=Sing', 'head': 16, 'deprel': 'nmod', 'lemma': 'שפה'}]"
20,",",PUNCT,PUNCT,,1.0,punct,"(62, 63)",",",
21,3,NUM,NUM,,1.0,dep,"(64, 65)",3,
1,תנאי,NOUN,NOUN,Definite=Cons|Gender=Masc|Number=Plur,34.0,dep,"(1, 5)",תנאי,
2,שפה,NOUN,NOUN,Gender=Fem|Number=Sing,1.0,compound:smixut,"(6, 9)",שפה,
"(3, 4)",מסוג,,,,,,"(10, 14)",,"[{'id': 3, 'text': 'מ', 'upos': 'ADP', 'xpos': 'ADP', 'head': 4, 'deprel': 'case', 'lemma': 'מ'}, {'id': 4, 'text': 'סוג', 'upos': 'NOUN', 'xpos': 'NOUN', 'feats': 'Definite=Cons|Gender=Masc|Number=Sing', 'head': 1, 'deprel': 'nmod', 'lemma': 'סוג'}]"
5,ספיגה,NOUN,NOUN,Gender=Fem|Number=Sing,4.0,compound:smixut,"(15, 20)",ספיגה,
6,(,PUNCT,PUNCT,,7.0,punct,"(21, 22)",(,
7,impedance,PROPN,PROPN,,4.0,appos,"(22, 31)",impedance,
8,),PUNCT,PUNCT,,7.0,punct,"(31, 32)",),
9,נתון,VERB,VERB,Definite=Cons|Gender=Masc|Number=Sing,1.0,dep,"(33, 37)",נתן,
"(10, 11)",הקשר,,,,,,"(38, 42)",,"[{'id': 10, 'text': 'ה', 'upos': 'DET', 'xpos': 'DET', 'feats': 'PronType=Art', 'head': 11, 'deprel': 'det:def', 'lemma': 'ה'}, {'id': 11, 'text': 'קשר', 'upos': 'NOUN', 'xpos': 'NOUN', 'feats': 'Gender=Masc|Number=Sing', 'head': 9, 'deprel': 'obj', 'lemma': 'קשר'}]"
12,בין,ADP,ADP,,14.0,case,"(43, 46)",בין,
"(13, 14)",הפונקציה,,,,,,"(47, 55)",,"[{'id': 13, 'text': 'ה', 'upos': 'DET', 'xpos': 'DET', 'feats': 'PronType=Art', 'head': 14, 'deprel': 'det:def', 'lemma': 'ה'}, {'id': 14, 'text': 'פונקציה', 'upos': 'NOUN', 'xpos': 'NOUN', 'feats': 'Gender=Fem|Number=Sing', 'head': 11, 'deprel': 'nmod', 'lemma': 'פונקציה'}]"
"(15, 17)",והנגזרת,,,,,,"(56, 63)",,"[{'id': 15, 'text': 'ו', 'upos': 'CCONJ', 'xpos': 'CCONJ', 'head': 17, 'deprel': 'cc', 'lemma': 'ו'}, {'id': 16, 'text': 'ה', 'upos': 'DET', 'xpos': 'DET', 'feats': 'PronType=Art', 'head': 17, 'deprel': 'det:def', 'lemma': 'ה'}, {'id': 17, 'text': 'נגזרת', 'upos': 'NOUN', 'xpos': 'NOUN', 'feats': 'Gender=Fem|Number=Sing', 'head': 14, 'deprel': 'conj', 'lemma': 'נגזרת'}]"
"(18, 19)",הניצבת,,,,,,"(64, 70)",,"[{'id': 18, 'text': 'ה', 'upos': 'SCONJ', 'xpos': 'SCONJ', 'head': 19, 'deprel': 'mark', 'lemma': 'ה'}, {'id': 19, 'text': 'ניצבת', 'upos': 'VERB', 'xpos': 'VERB', 'feats': 'Gender=Fem|HebBinyan=PAAL|Number=Sing|Person=1,2,3|VerbForm=Part|Voice=Act', 'head': 17, 'deprel': 'acl:relcl', 'lemma': 'ניצב'}]"
"(20, 21)",שלה,,,,,,"(71, 74)",,"[{'id': 20, 'text': 'של_', 'upos': 'ADP', 'xpos': 'ADP', 'feats': 'Case=Gen', 'head': 21, 'deprel': 'case:gen', 'lemma': 'של'}, {'id': 21, 'text': '_היא', 'upos': 'PRON', 'xpos': 'PRON', 'feats': 'Gender=Fem|Number=Sing|Person=3|PronType=Prs', 'head': 19, 'deprel': 'obl', 'lemma': 'הוא'}]"
22,על,ADP,ADP,,24.0,case,"(75, 77)",על,
"(23, 24)",השפה,,,,,,"(78, 82)",,"[{'id': 23, 'text': 'ה', 'upos': 'DET', 'xpos': 'DET', 'feats': 'PronType=Art', 'head': 24, 'deprel': 'det:def', 'lemma': 'ה'}, {'id': 24, 'text': 'שפה', 'upos': 'NOUN', 'xpos': 'NOUN', 'feats': 'Gender=Fem|Number=Sing', 'head': 19, 'deprel': 'obl', 'lemma': 'שפה'}]"
25,",",PUNCT,PUNCT,,34.0,punct,"(82, 83)",",",
"(26, 27)",התנאי,,,,,,"(84, 89)",,"[{'id': 26, 'text': 'ה', 'upos': 'DET', 'xpos': 'DET', 'feats': 'PronType=Art', 'head': 27, 'deprel': 'det:def', 'lemma': 'ה'}, {'id': 27, 'text': 'תנאי', 'upos': 'NOUN', 'xpos': 'NOUN', 'feats': 'Gender=Masc|Number=Sing', 'head': 34, 'deprel': 'nsubj', 'lemma': 'תנאי'}]"
"(28, 29)",האחרון,,,,,,"(90, 96)",,"[{'id': 28, 'text': 'ה', 'upos': 'DET', 'xpos': 'DET', 'feats': 'PronType=Art', 'head': 29, 'deprel': 'det:def', 'lemma': 'ה'}, {'id': 29, 'text': 'אחרון', 'upos': 'ADJ', 'xpos': 'ADJ', 'feats': 'Gender=Masc|Number=Sing', 'head': 27, 'deprel': 'amod', 'lemma': 'אחרון'}]"
30,של,ADP,ADP,Case=Gen,31.0,case:gen,"(97, 99)",של,
"(31, 32)",׳ספיגה,,,,,,"(100, 106)",,"[{'id': 31, 'text': 'ק', 'upos': 'PROPN', 'xpos': 'PROPN', 'head': 27, 'deprel': 'nmod', 'lemma': 'ק'}, {'id': 32, 'text': 'ספיגה', 'upos': 'NOUN', 'xpos': 'NOUN', 'feats': 'Gender=Fem|Number=Sing', 'head': 31, 'deprel': 'flat:name', 'lemma': 'ספיגה'}]"
33,׳,PROPN,PROPN,,31.0,flat:name,"(106, 107)",׳,
34,מתאים,VERB,VERB,"Gender=Masc|HebBinyan=HIFIL|Number=Sing|Person=1,2,3|VerbForm=Part|Voice=Act",0.0,root,"(108, 113)",התאים,
"(35, 36)",לחישובים,,,,,,"(114, 122)",,"[{'id': 35, 'text': 'ל', 'upos': 'ADP', 'xpos': 'ADP', 'head': 36, 'deprel': 'case', 'lemma': 'ל'}, {'id': 36, 'text': 'חישובים', 'upos': 'NOUN', 'xpos': 'NOUN', 'feats': 'Gender=Masc|Number=Plur', 'head': 34, 'deprel': 'obl', 'lemma': 'חישוב'}]"
37,של,ADP,ADP,Case=Gen,38.0,case:gen,"(123, 125)",של,
38,גלים,NOUN,NOUN,Gender=Masc|Number=Plur,36.0,nmod:poss,"(126, 130)",גל,
39,אקוסטיים,ADJ,ADJ,Gender=Masc|Number=Plur,38.0,amod,"(131, 139)",אקוסטי,
"(40, 41)",בחדרים,,,,,,"(140, 146)",,"[{'id': 40, 'text': 'ב', 'upos': 'ADP', 'xpos': 'ADP', 'head': 41, 'deprel': 'case', 'lemma': 'ב'}, {'id': 41, 'text': 'חדרים', 'upos': 'NOUN', 'xpos': 'NOUN', 'feats': 'Gender=Masc|Number=Plur', 'head': 38, 'deprel': 'nmod', 'lemma': 'חדר'}]"
42,",",PUNCT,PUNCT,,34.0,punct,"(146, 147)",",",
43,כאשר,SCONJ,SCONJ,,50.0,mark,"(148, 152)",כאשר,
44,חלק,NOUN,NOUN,Gender=Masc|Number=Sing,47.0,det,"(153, 156)",חלק,
"(45, 47)",מהגלים,,,,,,"(157, 163)",,"[{'id': 45, 'text': 'מ', 'upos': 'ADP', 'xpos': 'ADP', 'feats': 'HebSource=ConvUncertainLabel', 'head': 47, 'deprel': 'case', 'lemma': 'מ'}, {'id': 46, 'text': 'ה', 'upos': 'DET', 'xpos': 'DET', 'feats': 'PronType=Art', 'head': 47, 'deprel': 'det:def', 'lemma': 'ה'}, {'id': 47, 'text': 'גלים', 'upos': 'NOUN', 'xpos': 'NOUN', 'feats': 'Gender=Masc|Number=Plur', 'head': 50, 'deprel': 'nsubj', 'lemma': 'גל'}]"
"(48, 49)",האקוסטיים,,,,,,"(164, 173)",,"[{'id': 48, 'text': 'ה', 'upos': 'DET', 'xpos': 'DET', 'feats': 'PronType=Art', 'head': 49, 'deprel': 'det:def', 'lemma': 'ה'}, {'id': 49, 'text': 'אקוסטיים', 'upos': 'ADJ', 'xpos': 'ADJ', 'feats': 'Gender=Masc|Number=Plur', 'head': 47, 'deprel': 'amod', 'lemma': 'אקוסטי'}]"
50,מוחזרים,VERB,VERB,"Gender=Masc|HebBinyan=HUFAL|Number=Plur|Person=1,2,3|VerbForm=Part|Voice=Pass",34.0,advcl,"(174, 181)",הוחזר,
"(51, 53)",מהקירות,,,,,,"(182, 189)",,"[{'id': 51, 'text': 'מ', 'upos': 'ADP', 'xpos': 'ADP', 'head': 53, 'deprel': 'case', 'lemma': 'מ'}, {'id': 52, 'text': 'ה', 'upos': 'DET', 'xpos': 'DET', 'feats': 'PronType=Art', 'head': 53, 'deprel': 'det:def', 'lemma': 'ה'}, {'id': 53, 'text': 'קירות', 'upos': 'NOUN', 'xpos': 'NOUN', 'feats': 'Gender=Masc|Number=Plur', 'head': 50, 'deprel': 'obl', 'lemma': 'קיר'}]"
"(54, 55)",וחלק,,,,,,"(190, 194)",,"[{'id': 54, 'text': 'ו', 'upos': 'CCONJ', 'xpos': 'CCONJ', 'head': 56, 'deprel': 'cc', 'lemma': 'ו'}, {'id': 55, 'text': 'חלק', 'upos': 'NOUN', 'xpos': 'NOUN', 'feats': 'Gender=Masc|Number=Sing', 'head': 56, 'deprel': 'nsubj', 'lemma': 'חלק'}]"
56,נספגים,VERB,VERB,"Gender=Masc|HebBinyan=NIFAL|Number=Plur|Person=1,2,3|VerbForm=Part|Voice=Mid",50.0,conj,"(195, 201)",נספג,
"(57, 59)",בקירות,,,,,,"(202, 208)",,"[{'id': 57, 'text': 'ב', 'upos': 'ADP', 'xpos': 'ADP', 'head': 59, 'deprel': 'case', 'lemma': 'ב'}, {'id': 58, 'text': 'ה_', 'upos': 'DET', 'xpos': 'DET', 'feats': 'PronType=Art', 'head': 59, 'deprel': 'det:def', 'lemma': 'ה'}, {'id': 59, 'text': 'קירות', 'upos': 'NOUN', 'xpos': 'NOUN', 'feats': 'Gender=Masc|Number=Plur', 'head': 56, 'deprel': 'obl', 'lemma': 'קיר'}]"
1,1,NUM,NUM,,0.0,root,"(1, 2)",1,
1,3,NUM,NUM,,0.0,root,"(0, 1)",3,
1,הנחת,NOUN,NOUN,Definite=Cons|Gender=Fem|Number=Sing,11.0,nsubj,"(1, 5)",הנחה,
2,רעש,NOUN,NOUN,Gender=Masc|Number=Sing,1.0,compound:smixut,"(6, 9)",רעש,
3,אקטיבית,ADJ,ADJ,Definite=Cons|Gender=Fem|Number=Sing,1.0,amod,"(10, 17)",אקטיבי,
"(4, 5)",הרעש,,,,,,"(18, 22)",,"[{'id': 4, 'text': 'ה', 'upos': 'DET', 'xpos': 'DET', 'feats': 'PronType=Art', 'head': 5, 'deprel': 'det:def', 'lemma': 'ה'}, {'id': 5, 'text': 'רעש', 'upos': 'NOUN', 'xpos': 'NOUN', 'feats': 'Gender=Masc|Number=Sing', 'head': 3, 'deprel': 'compound:smixut', 'lemma': 'רעש'}]"
"(6, 7)",האקוסטי,,,,,,"(23, 30)",,"[{'id': 6, 'text': 'ה', 'upos': 'DET', 'xpos': 'DET', 'feats': 'PronType=Art', 'head': 7, 'deprel': 'det:def', 'lemma': 'ה'}, {'id': 7, 'text': 'אקוסטי', 'upos': 'ADJ', 'xpos': 'ADJ', 'feats': 'Gender=Masc|Number=Sing', 'head': 5, 'deprel': 'amod', 'lemma': 'אקוסטי'}]"
"(8, 9)",במרחב,,,,,,"(31, 36)",,"[{'id': 8, 'text': 'ב', 'upos': 'ADP', 'xpos': 'ADP', 'head': 9, 'deprel': 'case', 'lemma': 'ב'}, {'id': 9, 'text': 'מרחב', 'upos': 'NOUN', 'xpos': 'NOUN', 'feats': 'Gender=Masc|Number=Sing', 'head': 5, 'deprel': 'nmod', 'lemma': 'מרחב'}]"
10,נתון,ADJ,ADJ,Gender=Masc|Number=Sing,9.0,amod,"(37, 41)",נתן,
11,עשוי,AUX,AUX,"Gender=Masc|Number=Sing|Person=1,2,3|VerbType=Mod",12.0,aux,"(42, 46)",עשוי,
12,להיגרם,VERB,VERB,HebBinyan=NIFAL|VerbForm=Inf|Voice=Mid,0.0,root,"(47, 53)",נגרם,
"(13, 14)",כתוצאה,,,,,,"(54, 60)",,"[{'id': 13, 'text': 'כ', 'upos': 'ADP', 'xpos': 'ADP', 'head': 14, 'deprel': 'case', 'lemma': 'כ'}, {'id': 14, 'text': 'תוצאה', 'upos': 'NOUN', 'xpos': 'NOUN', 'feats': 'Gender=Fem|Number=Sing', 'head': 12, 'deprel': 'obl', 'lemma': 'תוצאה'}]"
"(15, 16)",ממקורות,,,,,,"(61, 68)",,"[{'id': 15, 'text': 'מ', 'upos': 'ADP', 'xpos': 'ADP', 'head': 16, 'deprel': 'case', 'lemma': 'מ'}, {'id': 16, 'text': 'מקורות', 'upos': 'NOUN', 'xpos': 'NOUN', 'feats': 'Definite=Cons|Gender=Masc|Number=Plur', 'head': 14, 'deprel': 'nmod', 'lemma': 'מקור'}]"
17,רעש,NOUN,NOUN,Gender=Masc|Number=Sing,16.0,compound:smixut,"(69, 72)",רעש,
18,שונים,ADJ,ADJ,Gender=Masc|Number=Plur,16.0,amod,"(73, 78)",שונה,
"(19, 20)",ולכן,,,,,,"(79, 83)",,"[{'id': 19, 'text': 'ו', 'upos': 'CCONJ', 'xpos': 'CCONJ', 'head': 20, 'deprel': 'cc', 'lemma': 'ו'}, {'id': 20, 'text': 'לכן', 'upos': 'ADV', 'xpos': 'ADV', 'head': 28, 'deprel': 'advmod', 'lemma': 'לכן'}]"
"(21, 22)",בפתרון,,,,,,"(84, 90)",,"[{'id': 21, 'text': 'ב', 'upos': 'ADP', 'xpos': 'ADP', 'head': 22, 'deprel': 'case', 'lemma': 'ב'}, {'id': 22, 'text': 'פתרון', 'upos': 'NOUN', 'xpos': 'NOUN', 'feats': 'Definite=Cons|Gender=Masc|Number=Sing', 'head': 28, 'deprel': 'obl', 'lemma': 'פתרון'}]"
23,בעיה,NOUN,NOUN,Gender=Fem|Number=Sing,22.0,compound:smixut,"(91, 95)",בעיה,
24,אקוסטית,ADJ,ADJ,Gender=Fem|Number=Sing,23.0,amod,"(96, 103)",אקוסטי,
"(25, 26)",במרחב,,,,,,"(104, 109)",,"[{'id': 25, 'text': 'ב', 'upos': 'ADP', 'xpos': 'ADP', 'head': 26, 'deprel': 'case', 'lemma': 'ב'}, {'id': 26, 'text': 'מרחב', 'upos': 'NOUN', 'xpos': 'NOUN', 'feats': 'Definite=Cons|Gender=Masc|Number=Sing', 'head': 23, 'deprel': 'nmod', 'lemma': 'מרחב'}]"
27,נתון,ADJ,ADJ,Gender=Masc|Number=Sing,26.0,amod,"(110, 114)",נתן,
28,ייתכנו,VERB,VERB,"Gender=Fem,Masc|HebBinyan=NIFAL|Number=Plur|Person=3|Tense=Fut|Voice=Mid",11.0,conj,"(115, 121)",נתכן,
29,מספר,DET,DET,Definite=Cons,30.0,det,"(122, 126)",מספר,
30,מקורות,NOUN,NOUN,Gender=Masc|Number=Plur,28.0,nsubj,"(127, 133)",מקור,
31,של,ADP,ADP,Case=Gen,32.0,case:gen,"(134, 136)",של,
32,רעש,NOUN,NOUN,Gender=Masc|Number=Sing,30.0,nmod:poss,"(137, 140)",רעש,
"(1, 2)",להערכת,,,,,,"(1, 7)",,"[{'id': 1, 'text': 'ל', 'upos': 'ADP', 'xpos': 'ADP', 'head': 2, 'deprel': 'case', 'lemma': 'ל'}, {'id': 2, 'text': 'הערכת', 'upos': 'NOUN', 'xpos': 'NOUN', 'feats': 'Definite=Cons|Gender=Fem|Number=Sing', 'head': 12, 'deprel': 'obl', 'lemma': 'הערכה'}]"
"(3, 4)",הפתרון,,,,,,"(8, 14)",,"[{'id': 3, 'text': 'ה', 'upos': 'DET', 'xpos': 'DET', 'feats': 'PronType=Art', 'head': 4, 'deprel': 'det:def', 'lemma': 'ה'}, {'id': 4, 'text': 'פתרון', 'upos': 'NOUN', 'xpos': 'NOUN', 'feats': 'Gender=Masc|Number=Sing', 'head': 2, 'deprel': 'compound:smixut', 'lemma': 'פתרון'}]"
"(5, 6)",הכולל,,,,,,"(15, 20)",,"[{'id': 5, 'text': 'ה', 'upos': 'DET', 'xpos': 'DET', 'feats': 'PronType=Art', 'head': 6, 'deprel': 'det:def', 'lemma': 'ה'}, {'id': 6, 'text': 'כולל', 'upos': 'VERB', 'xpos': 'VERB', 'feats': 'Gender=Masc|HebBinyan=PAAL|Number=Sing|Person=1,2,3|VerbForm=Part|Voice=Act', 'head': 4, 'deprel': 'amod', 'lemma': 'כלל'}]"
"(7, 8)",בנקודה,,,,,,"(21, 27)",,"[{'id': 7, 'text': 'ב', 'upos': 'ADP', 'xpos': 'ADP', 'head': 8, 'deprel': 'case', 'lemma': 'ב'}, {'id': 8, 'text': 'נקודה', 'upos': 'NOUN', 'xpos': 'NOUN', 'feats': 'Gender=Fem|Number=Sing', 'head': 6, 'deprel': 'obl', 'lemma': 'נקודה'}]"
9,אקראית,ADJ,ADJ,Gender=Fem|Number=Sing,8.0,amod,"(28, 34)",אקראי,
"(10, 11)",במרחב,,,,,,"(35, 40)",,"[{'id': 10, 'text': 'ב', 'upos': 'ADP', 'xpos': 'ADP', 'head': 11, 'deprel': 'case', 'lemma': 'ב'}, {'id': 11, 'text': 'מרחב', 'upos': 'NOUN', 'xpos': 'NOUN', 'feats': 'Gender=Masc|Number=Sing', 'head': 4, 'deprel': 'nmod', 'lemma': 'מרחב'}]"
12,מקובל,AUX,AUX,Gender=Masc|Number=Sing|Tense=Past|VerbType=Mod,13.0,aux,"(41, 46)",מקובל,
13,לבצע,VERB,VERB,HebBinyan=PIEL|VerbForm=Inf|Voice=Act,0.0,root,"(47, 51)",ביצע,
14,סופרפוזיציה,NOUN,NOUN,Gender=Fem|Number=Sing,13.0,obj,"(52, 63)",סופרפוזיציה,
15,של,ADP,ADP,Case=Gen,17.0,case:gen,"(64, 66)",של,
"(16, 17)",התרומות,,,,,,"(67, 74)",,"[{'id': 16, 'text': 'ה', 'upos': 'DET', 'xpos': 'DET', 'feats': 'PronType=Art', 'head': 17, 'deprel': 'det:def', 'lemma': 'ה'}, {'id': 17, 'text': 'תרומות', 'upos': 'NOUN', 'xpos': 'NOUN', 'feats': 'Gender=Fem|Number=Plur', 'head': 14, 'deprel': 'nmod:poss', 'lemma': 'תרומה'}]"
"(18, 19)",מכל,,,,,,"(75, 78)",,"[{'id': 18, 'text': 'מ', 'upos': 'ADP', 'xpos': 'ADP', 'head': 20, 'deprel': 'case', 'lemma': 'מ'}, {'id': 19, 'text': 'כל', 'upos': 'DET', 'xpos': 'DET', 'feats': 'Definite=Cons', 'head': 20, 'deprel': 'det', 'lemma': 'כול'}]"
20,מקורות,NOUN,NOUN,Definite=Cons|Gender=Masc|Number=Plur,14.0,nmod,"(79, 85)",מקור,
"(21, 22)",הרעש,,,,,,"(86, 90)",,"[{'id': 21, 'text': 'ה', 'upos': 'DET', 'xpos': 'DET', 'feats': 'PronType=Art', 'head': 22, 'deprel': 'det:def', 'lemma': 'ה'}, {'id': 22, 'text': 'רעש', 'upos': 'NOUN', 'xpos': 'NOUN', 'feats': 'Gender=Masc|Number=Sing', 'head': 20, 'deprel': 'compound:smixut', 'lemma': 'רעש'}]"
23,",",PUNCT,PUNCT,,12.0,punct,"(90, 91)",",",
24,כאשר,SCONJ,SCONJ,,27.0,mark,"(92, 96)",כאשר,
25,כל,DET,DET,Definite=Cons,26.0,det,"(97, 99)",כול,
26,תרומה,NOUN,NOUN,Gender=Fem|Number=Sing,27.0,nsubj,"(100, 105)",תרומה,
27,מתקבלת,VERB,VERB,"Gender=Fem|HebBinyan=HITPAEL|Number=Sing|Person=1,2,3|VerbForm=Part",12.0,advcl,"(106, 112)",התקבל,
"(28, 29)",מפתרון,,,,,,"(113, 119)",,"[{'id': 28, 'text': 'מ', 'upos': 'ADP', 'xpos': 'ADP', 'head': 29, 'deprel': 'case', 'lemma': 'מ'}, {'id': 29, 'text': 'פתרון', 'upos': 'NOUN', 'xpos': 'NOUN', 'feats': 'Definite=Cons|Gender=Masc|Number=Sing', 'head': 27, 'deprel': 'obl', 'lemma': 'פתרון'}]"
"(30, 31)",השדה,,,,,,"(120, 124)",,"[{'id': 30, 'text': 'ה', 'upos': 'DET', 'xpos': 'DET', 'feats': 'PronType=Art', 'head': 31, 'deprel': 'det:def', 'lemma': 'ה'}, {'id': 31, 'text': 'שדה', 'upos': 'NOUN', 'xpos': 'NOUN', 'feats': 'Gender=Masc|Number=Sing', 'head': 29, 'deprel': 'compound:smixut', 'lemma': 'שדה'}]"
"(32, 33)",האקוסטי,,,,,,"(125, 132)",,"[{'id': 32, 'text': 'ה', 'upos': 'DET', 'xpos': 'DET', 'feats': 'PronType=Art', 'head': 33, 'deprel': 'det:def', 'lemma': 'ה'}, {'id': 33, 'text': 'אקוסטי', 'upos': 'ADJ', 'xpos': 'ADJ', 'feats': 'Gender=Masc|Number=Sing', 'head': 31, 'deprel': 'amod', 'lemma': 'אקוסטי'}]"
"(34, 35)",כתוצאה,,,,,,"(133, 139)",,"[{'id': 34, 'text': 'כ', 'upos': 'ADP', 'xpos': 'ADP', 'head': 35, 'deprel': 'case', 'lemma': 'כ'}, {'id': 35, 'text': 'תוצאה', 'upos': 'NOUN', 'xpos': 'NOUN', 'feats': 'Gender=Fem|Number=Sing', 'head': 27, 'deprel': 'obl', 'lemma': 'תוצאה'}]"
"(36, 37)",ממקור,,,,,,"(140, 145)",,"[{'id': 36, 'text': 'מ', 'upos': 'ADP', 'xpos': 'ADP', 'head': 37, 'deprel': 'case', 'lemma': 'מ'}, {'id': 37, 'text': 'מקור', 'upos': 'NOUN', 'xpos': 'NOUN', 'feats': 'Definite=Cons|Gender=Masc|Number=Sing', 'head': 35, 'deprel': 'nmod', 'lemma': 'מקור'}]"
38,רעש,NOUN,NOUN,Gender=Masc|Number=Sing,37.0,compound:smixut,"(146, 149)",רעש,
39,בודד,ADJ,ADJ,Gender=Masc|Number=Sing,37.0,amod,"(150, 154)",בודד,
1,גישה,NOUN,NOUN,Gender=Fem|Number=Sing,4.0,nsubj,"(1, 5)",גישה,
2,דומה,ADJ,ADJ,Gender=Fem|Number=Sing,1.0,amod,"(6, 10)",דומה,
3,גם,ADV,ADV,,4.0,advmod,"(11, 13)",גם,
4,מקובלת,VERB,VERB,Gender=Fem|Number=Sing,0.0,root,"(14, 20)",מקובל,
"(5, 6)",באנליזה,,,,,,"(21, 28)",,"[{'id': 5, 'text': 'ב', 'upos': 'ADP', 'xpos': 'ADP', 'head': 6, 'deprel': 'case', 'lemma': 'ב'}, {'id': 6, 'text': 'אנליזה', 'upos': 'NOUN', 'xpos': 'NOUN', 'feats': 'Gender=Fem|Number=Sing', 'head': 4, 'deprel': 'obl', 'lemma': 'אנליזה'}]"
7,של,ADP,ADP,Case=Gen,8.0,case:gen,"(29, 31)",של,
8,הנחתת,NOUN,NOUN,Definite=Cons|Gender=Fem|Number=Sing,6.0,nmod:poss,"(32, 37)",הנחתה,
9,רעש,NOUN,NOUN,Gender=Masc|Number=Sing,8.0,compound:smixut,"(38, 41)",רעש,
"(10, 11)",באופן,,,,,,"(42, 47)",,"[{'id': 10, 'text': 'ב', 'upos': 'ADP', 'xpos': 'ADP', 'head': 11, 'deprel': 'case', 'lemma': 'ב'}, {'id': 11, 'text': 'אופן', 'upos': 'NOUN', 'xpos': 'NOUN', 'feats': 'Gender=Masc|Number=Sing', 'head': 8, 'deprel': 'nmod', 'lemma': 'אופן'}]"
12,אקטיבי,ADJ,ADJ,Gender=Masc|Number=Sing,11.0,amod,"(48, 54)",אקטיבי,
"(1, 2)",הדבר,,,,,,"(1, 5)",,"[{'id': 1, 'text': 'ה', 'upos': 'DET', 'xpos': 'DET', 'feats': 'PronType=Art', 'head': 2, 'deprel': 'det:def', 'lemma': 'ה'}, {'id': 2, 'text': 'דבר', 'upos': 'NOUN', 'xpos': 'NOUN', 'feats': 'Gender=Masc|Number=Sing', 'head': 3, 'deprel': 'nsubj', 'lemma': 'דבר'}]"
3,מתבצע,VERB,VERB,"Gender=Masc|HebBinyan=HITPAEL|Number=Sing|Person=1,2,3|VerbForm=Part",0.0,root,"(6, 11)",התבצע,
4,ע״י,ADP,ADP,Abbr=Yes,5.0,case,"(12, 15)",ע״י,
5,הכנסת,NOUN,NOUN,Definite=Cons|Gender=Fem|Number=Sing,3.0,obl,"(16, 21)",הכנסה,
6,מקורות,NOUN,NOUN,Definite=Cons|Gender=Masc|Number=Plur,5.0,compound:smixut,"(22, 28)",מקור,
7,רעש,NOUN,NOUN,Gender=Masc|Number=Sing,6.0,compound:smixut,"(29, 32)",רעש,
8,יזומים,ADJ,ADJ,Gender=Masc|Number=Plur,6.0,amod,"(33, 39)",יזום,
9,לתוך,ADP,ADP,,11.0,case,"(40, 44)",לתוך,
"(10, 11)",התחום,,,,,,"(45, 50)",,"[{'id': 10, 'text': 'ה', 'upos': 'DET', 'xpos': 'DET', 'feats': 'PronType=Art', 'head': 11, 'deprel': 'det:def', 'lemma': 'ה'}, {'id': 11, 'text': 'תחום', 'upos': 'NOUN', 'xpos': 'NOUN', 'feats': 'Gender=Masc|Number=Sing', 'head': 5, 'deprel': 'nmod', 'lemma': 'תחום'}]"
"(12, 13)",באופן,,,,,,"(51, 56)",,"[{'id': 12, 'text': 'ב', 'upos': 'ADP', 'xpos': 'ADP', 'head': 13, 'deprel': 'case', 'lemma': 'ב'}, {'id': 13, 'text': 'אופן', 'upos': 'NOUN', 'xpos': 'NOUN', 'feats': 'Gender=Masc|Number=Sing', 'head': 3, 'deprel': 'obl', 'lemma': 'אופן'}]"
"(14, 15)",שעוצמת,,,,,,"(57, 63)",,"[{'id': 14, 'text': 'ש', 'upos': 'SCONJ', 'xpos': 'SCONJ', 'head': 40, 'deprel': 'mark', 'lemma': 'ש'}, {'id': 15, 'text': 'עוצמת', 'upos': 'NOUN', 'xpos': 'NOUN', 'feats': 'Definite=Cons|Gender=Fem|Number=Sing', 'head': 40, 'deprel': 'nsubj', 'lemma': 'עוצמה'}]"
"(16, 17)",הרעש,,,,,,"(64, 68)",,"[{'id': 16, 'text': 'ה', 'upos': 'DET', 'xpos': 'DET', 'feats': 'PronType=Art', 'head': 17, 'deprel': 'det:def', 'lemma': 'ה'}, {'id': 17, 'text': 'רעש', 'upos': 'NOUN', 'xpos': 'NOUN', 'feats': 'Gender=Masc|Number=Sing', 'head': 15, 'deprel': 'compound:smixut', 'lemma': 'רעש'}]"
"(18, 19)",במרחב,,,,,,"(69, 74)",,"[{'id': 18, 'text': 'ב', 'upos': 'ADP', 'xpos': 'ADP', 'head': 19, 'deprel': 'case', 'lemma': 'ב'}, {'id': 19, 'text': 'מרחב', 'upos': 'NOUN', 'xpos': 'NOUN', 'feats': 'Gender=Masc|Number=Sing', 'head': 17, 'deprel': 'nmod', 'lemma': 'מרחב'}]"
20,עקב,CCONJ,CCONJ,,23.0,case,"(75, 78)",עקב,
21,כל,DET,DET,Definite=Cons,23.0,det,"(79, 81)",כול,
"(22, 23)",המקורות,,,,,,"(82, 89)",,"[{'id': 22, 'text': 'ה', 'upos': 'DET', 'xpos': 'DET', 'feats': 'PronType=Art', 'head': 23, 'deprel': 'det:def', 'lemma': 'ה'}, {'id': 23, 'text': 'מקורות', 'upos': 'NOUN', 'xpos': 'NOUN', 'feats': 'Gender=Masc|Number=Plur', 'head': 15, 'deprel': 'nmod', 'lemma': 'מקור'}]"
24,",",PUNCT,PUNCT,,23.0,punct,"(89, 90)",",",
"(25, 26)",הראשוניים,,,,,,"(91, 100)",,"[{'id': 25, 'text': 'ה', 'upos': 'DET', 'xpos': 'DET', 'feats': 'PronType=Art', 'head': 26, 'deprel': 'det:def', 'lemma': 'ה'}, {'id': 26, 'text': 'ראשוניים', 'upos': 'ADJ', 'xpos': 'ADJ', 'feats': 'Gender=Masc|Number=Plur', 'head': 23, 'deprel': 'amod', 'lemma': '_'}]"
27,(,PUNCT,PUNCT,,28.0,punct,"(101, 102)",(,
28,רעש,NOUN,NOUN,Gender=Masc|Number=Sing,23.0,appos,"(102, 105)",רעש,
"(29, 30)",המקורי,,,,,,"(106, 112)",,"[{'id': 29, 'text': 'ה', 'upos': 'DET', 'xpos': 'DET', 'feats': 'PronType=Art', 'head': 30, 'deprel': 'det:def', 'lemma': 'ה'}, {'id': 30, 'text': 'מקורי', 'upos': 'ADJ', 'xpos': 'ADJ', 'feats': 'Gender=Masc|Number=Sing', 'head': 28, 'deprel': 'amod', 'lemma': 'מקורי'}]"
31,),PUNCT,PUNCT,,28.0,punct,"(112, 113)",),
"(32, 34)",והמשניים,,,,,,"(114, 122)",,"[{'id': 32, 'text': 'ו', 'upos': 'CCONJ', 'xpos': 'CCONJ', 'head': 34, 'deprel': 'cc', 'lemma': 'ו'}, {'id': 33, 'text': 'ה', 'upos': 'DET', 'xpos': 'DET', 'feats': 'PronType=Art', 'head': 34, 'deprel': 'det:def', 'lemma': 'ה'}, {'id': 34, 'text': 'משניים', 'upos': 'ADJ', 'xpos': 'ADJ', 'feats': 'Gender=Masc|Number=Plur', 'head': 26, 'deprel': 'conj', 'lemma': 'משני'}]"
35,(,PUNCT,PUNCT,,36.0,punct,"(123, 124)",(,
36,רעש,NOUN,NOUN,Gender=Masc|Number=Sing,23.0,appos,"(124, 127)",רעש,
37,יזום,ADJ,ADJ,Gender=Masc|Number=Sing,36.0,amod,"(128, 132)",יזום,
38,),PUNCT,PUNCT,,36.0,punct,"(132, 133)",),
39,",",PUNCT,PUNCT,,40.0,punct,"(133, 134)",",",
40,תרד,VERB,VERB,Gender=Fem|Number=Sing|Person=3|Tense=Fut,13.0,acl:relcl,"(135, 138)",ירד,
"(41, 43)",לתחום,,,,,,"(139, 144)",,"[{'id': 41, 'text': 'ל', 'upos': 'ADP', 'xpos': 'ADP', 'head': 43, 'deprel': 'case', 'lemma': 'ל'}, {'id': 42, 'text': 'ה_', 'upos': 'DET', 'xpos': 'DET', 'feats': 'PronType=Art', 'head': 43, 'deprel': 'det:def', 'lemma': 'ה'}, {'id': 43, 'text': 'תחום', 'upos': 'NOUN', 'xpos': 'NOUN', 'feats': 'Gender=Masc|Number=Sing', 'head': 40, 'deprel': 'obl', 'lemma': 'תחום'}]"
44,נסבל,ADJ,ADJ,"Gender=Masc|HebBinyan=NIFAL|Number=Sing|Person=1,2,3|VerbForm=Part|Voice=Mid",43.0,amod,"(145, 149)",נסבל,
"(1, 2)",הטיפול,,,,,,"(1, 7)",,"[{'id': 1, 'text': 'ה', 'upos': 'DET', 'xpos': 'DET', 'feats': 'PronType=Art', 'head': 2, 'deprel': 'det:def', 'lemma': 'ה'}, {'id': 2, 'text': 'טיפול', 'upos': 'NOUN', 'xpos': 'NOUN', 'feats': 'Gender=Masc|Number=Sing', 'head': 13, 'deprel': 'nsubj', 'lemma': 'טיפול'}]"
"(3, 4)",בנושא,,,,,,"(8, 13)",,"[{'id': 3, 'text': 'ב', 'upos': 'ADP', 'xpos': 'ADP', 'head': 4, 'deprel': 'case', 'lemma': 'ב'}, {'id': 4, 'text': 'נושא', 'upos': 'NOUN', 'xpos': 'NOUN', 'feats': 'Definite=Cons|Gender=Masc|Number=Sing', 'head': 2, 'deprel': 'nmod', 'lemma': 'נושא'}]"
"(5, 6)",ההנחתה,,,,,,"(14, 20)",,"[{'id': 5, 'text': 'ה', 'upos': 'DET', 'xpos': 'DET', 'feats': 'PronType=Art', 'head': 6, 'deprel': 'det:def', 'lemma': 'ה'}, {'id': 6, 'text': 'הנחתה', 'upos': 'NOUN', 'xpos': 'NOUN', 'feats': 'Gender=Fem|Number=Sing', 'head': 4, 'deprel': 'compound:smixut', 'lemma': 'הנחתה'}]"
"(7, 8)",האקטיבית,,,,,,"(21, 29)",,"[{'id': 7, 'text': 'ה', 'upos': 'DET', 'xpos': 'DET', 'feats': 'PronType=Art', 'head': 8, 'deprel': 'det:def', 'lemma': 'ה'}, {'id': 8, 'text': 'אקטיבית', 'upos': 'ADJ', 'xpos': 'ADJ', 'feats': 'Gender=Fem|Number=Sing', 'head': 6, 'deprel': 'amod', 'lemma': 'אקטיבי'}]"
"(9, 10)",שמתואר,,,,,,"(30, 36)",,"[{'id': 9, 'text': 'ש', 'upos': 'SCONJ', 'xpos': 'SCONJ', 'head': 10, 'deprel': 'mark', 'lemma': 'ש'}, {'id': 10, 'text': 'מתואר', 'upos': 'VERB', 'xpos': 'VERB', 'feats': 'Gender=Masc|HebBinyan=PUAL|Number=Sing|Person=1,2,3|VerbForm=Part|Voice=Pass', 'head': 4, 'deprel': 'acl:relcl', 'lemma': 'תואר'}]"
"(11, 12)",בספרות,,,,,,"(37, 43)",,"[{'id': 11, 'text': 'ב', 'upos': 'ADP', 'xpos': 'ADP', 'head': 12, 'deprel': 'case', 'lemma': 'ב'}, {'id': 12, 'text': 'ספרות', 'upos': 'NOUN', 'xpos': 'NOUN', 'feats': 'Gender=Fem|Number=Sing', 'head': 10, 'deprel': 'obl', 'lemma': 'ספרות'}]"
13,מתבסס,VERB,VERB,"Gender=Masc|HebBinyan=HITPAEL|Number=Sing|Person=1,2,3|VerbForm=Part",0.0,root,"(44, 49)",התבסס,
14,על,ADP,ADP,,15.0,case,"(50, 52)",על,
15,אנליזה,NOUN,NOUN,Gender=Fem|Number=Sing,13.0,obl,"(53, 59)",אנליזה,
16,מודאלית,ADJ,ADJ,Gender=Fem|Number=Sing,15.0,amod,"(60, 67)",מודאלי,
"(17, 18)",לפיה,,,,,,"(68, 72)",,"[{'id': 17, 'text': 'לפי_', 'upos': 'ADP', 'xpos': 'ADP', 'head': 18, 'deprel': 'case', 'lemma': 'לפי'}, {'id': 18, 'text': '_היא', 'upos': 'PRON', 'xpos': 'PRON', 'feats': 'Gender=Fem|Number=Sing|Person=3|PronType=Prs', 'head': 19, 'deprel': 'obl', 'lemma': 'הוא'}]"
19,מחשבים,VERB,VERB,"Gender=Masc|HebBinyan=PIEL|Number=Plur|Person=1,2,3|VerbForm=Part|Voice=Act",15.0,acl:relcl,"(73, 79)",מחשב,
20,את,ADP,ADP,Case=Acc,22.0,case:acc,"(80, 82)",את,
"(21, 22)",התדרים,,,,,,"(83, 89)",,"[{'id': 21, 'text': 'ה', 'upos': 'DET', 'xpos': 'DET', 'feats': 'PronType=Art', 'head': 22, 'deprel': 'det:def', 'lemma': 'ה'}, {'id': 22, 'text': 'תדרים', 'upos': 'NOUN', 'xpos': 'NOUN', 'feats': 'Gender=Masc|Number=Plur', 'head': 19, 'deprel': 'obj', 'lemma': 'תדר'}]"
"(23, 24)",העצמיים,,,,,,"(90, 97)",,"[{'id': 23, 'text': 'ה', 'upos': 'DET', 'xpos': 'DET', 'feats': 'PronType=Art', 'head': 24, 'deprel': 'det:def', 'lemma': 'ה'}, {'id': 24, 'text': 'עצמיים', 'upos': 'ADJ', 'xpos': 'ADJ', 'feats': 'Gender=Masc|Number=Plur', 'head': 22, 'deprel': 'amod', 'lemma': 'עצמי'}]"
25,של,ADP,ADP,Case=Gen,27.0,case:gen,"(98, 100)",של,
"(26, 27)",המרחב,,,,,,"(101, 106)",,"[{'id': 26, 'text': 'ה', 'upos': 'DET', 'xpos': 'DET', 'feats': 'PronType=Art', 'head': 27, 'deprel': 'det:def', 'lemma': 'ה'}, {'id': 27, 'text': 'מרחב', 'upos': 'NOUN', 'xpos': 'NOUN', 'feats': 'Gender=Masc|Number=Sing', 'head': 22, 'deprel': 'nmod', 'lemma': 'מרחב'}]"
28,עם,ADP,ADP,,29.0,case,"(107, 109)",עם,
29,תנאי,NOUN,NOUN,Definite=Cons|Gender=Masc|Number=Plur,19.0,obl,"(110, 114)",תנאי,
"(30, 31)",השפה,,,,,,"(115, 119)",,"[{'id': 30, 'text': 'ה', 'upos': 'DET', 'xpos': 'DET', 'feats': 'PronType=Art', 'head': 31, 'deprel': 'det:def', 'lemma': 'ה'}, {'id': 31, 'text': 'שפה', 'upos': 'NOUN', 'xpos': 'NOUN', 'feats': 'Gender=Fem|Number=Sing', 'head': 29, 'deprel': 'compound:smixut', 'lemma': 'שפה'}]"
"(32, 33)",המתאימים,,,,,,"(120, 128)",,"[{'id': 32, 'text': 'ה', 'upos': 'DET', 'xpos': 'DET', 'feats': 'PronType=Art', 'head': 33, 'deprel': 'det:def', 'lemma': 'ה'}, {'id': 33, 'text': 'מתאימים', 'upos': 'ADJ', 'xpos': 'ADJ', 'feats': 'Gender=Masc|Number=Plur', 'head': 29, 'deprel': 'amod', 'lemma': 'מתאים'}]"
"(34, 35)",ומכניסים,,,,,,"(129, 137)",,"[{'id': 34, 'text': 'ו', 'upos': 'CCONJ', 'xpos': 'CCONJ', 'head': 35, 'deprel': 'cc', 'lemma': 'ו'}, {'id': 35, 'text': 'מכניסים', 'upos': 'VERB', 'xpos': 'VERB', 'feats': 'Gender=Masc|HebBinyan=HIFIL|Number=Plur|Person=1,2,3|VerbForm=Part|Voice=Act', 'head': 19, 'deprel': 'conj', 'lemma': 'הכניס'}]"
36,רעש,NOUN,NOUN,Gender=Masc|Number=Sing,35.0,obj,"(138, 141)",רעש,
37,יזום,NOUN,NOUN,Gender=Masc|Number=Sing,36.0,compound:smixut,"(142, 146)",יזום,
"(38, 39)",בתדרים,,,,,,"(147, 153)",,"[{'id': 38, 'text': 'ב', 'upos': 'ADP', 'xpos': 'ADP', 'head': 39, 'deprel': 'case', 'lemma': 'ב'}, {'id': 39, 'text': 'תדרים', 'upos': 'NOUN', 'xpos': 'NOUN', 'feats': 'Gender=Masc|Number=Plur', 'head': 35, 'deprel': 'obl', 'lemma': 'תדר'}]"
40,אלו,PRON,PRON,"Gender=Fem,Masc|Number=Plur|Person=3|PronType=Dem",39.0,det,"(154, 157)",אלו,
"(1, 2)",להדגמת,,,,,,"(1, 7)",,"[{'id': 1, 'text': 'ל', 'upos': 'ADP', 'xpos': 'ADP', 'head': 2, 'deprel': 'case', 'lemma': 'ל'}, {'id': 2, 'text': 'הדגמת', 'upos': 'NOUN', 'xpos': 'NOUN', 'feats': 'Definite=Cons|Gender=Fem|Number=Sing', 'head': 8, 'deprel': 'obl', 'lemma': 'הדגמה'}]"
"(3, 4)",הרעיון,,,,,,"(8, 14)",,"[{'id': 3, 'text': 'ה', 'upos': 'DET', 'xpos': 'DET', 'feats': 'PronType=Art', 'head': 4, 'deprel': 'det:def', 'lemma': 'ה'}, {'id': 4, 'text': 'רעיון', 'upos': 'NOUN', 'xpos': 'NOUN', 'feats': 'Gender=Masc|Number=Sing', 'head': 2, 'deprel': 'compound:smixut', 'lemma': 'רעיון'}]"
5,של,ADP,ADP,Case=Gen,6.0,case:gen,"(15, 17)",של,
6,הנחתה,NOUN,NOUN,Gender=Fem|Number=Sing,4.0,nmod:poss,"(18, 23)",הנחתה,
7,אקטיבית,ADJ,ADJ,Gender=Fem|Number=Sing,6.0,amod,"(24, 31)",אקטיבי,
8,נעזר,VERB,VERB,Gender=Masc|HebBinyan=NIFAL|Number=Sing|Person=3|Tense=Past|Voice=Mid,0.0,root,"(32, 36)",נעזר,
"(9, 10)",בתחום,,,,,,"(37, 42)",,"[{'id': 9, 'text': 'ב', 'upos': 'ADP', 'xpos': 'ADP', 'head': 10, 'deprel': 'case', 'lemma': 'ב'}, {'id': 10, 'text': 'תחום', 'upos': 'NOUN', 'xpos': 'NOUN', 'feats': 'Gender=Masc|Number=Sing', 'head': 8, 'deprel': 'obl', 'lemma': 'תחום'}]"
11,חד,ADV,ADV,Prefix=Yes,13.0,compound:affix,"(43, 45)",חד,
12,-,PUNCT,PUNCT,,13.0,punct,"(45, 46)",-,
13,ממדי,ADJ,ADJ,Gender=Masc|Number=Sing,10.0,amod,"(46, 50)",ממדי,
"(14, 15)",בגודל,,,,,,"(51, 56)",,"[{'id': 14, 'text': 'ב', 'upos': 'ADP', 'xpos': 'ADP', 'head': 15, 'deprel': 'case', 'lemma': 'ב'}, {'id': 15, 'text': 'גודל', 'upos': 'NOUN', 'xpos': 'NOUN', 'feats': 'Definite=Cons|Gender=Masc|Number=Sing', 'head': 10, 'deprel': 'nmod', 'lemma': 'גודל'}]"
16,2,NUM,NUM,,15.0,compound:smixut,"(57, 58)",2,
17,-,PUNCT,PUNCT,,16.0,punct,"(59, 60)",-,
18,4,NUM,NUM,HebSource=ConvUncertainHead,16.0,dep,"(60, 61)",4,
19,0,NUM,NUM,,16.0,nummod,"(62, 63)",0,
20,=,PUNCT,PUNCT,,21.0,punct,"(64, 65)",=,
21,x,PROPN,PROPN,,16.0,obl,"(66, 67)",x,
22,",",PUNCT,PUNCT,,8.0,punct,"(68, 69)",",",
23,כאשר,SCONJ,SCONJ,,28.0,mark,"(70, 74)",כאשר,
"(24, 25)",המקור,,,,,,"(75, 80)",,"[{'id': 24, 'text': 'ה', 'upos': 'DET', 'xpos': 'DET', 'feats': 'PronType=Art', 'head': 25, 'deprel': 'det:def', 'lemma': 'ה'}, {'id': 25, 'text': 'מקור', 'upos': 'NOUN', 'xpos': 'NOUN', 'feats': 'Gender=Masc|Number=Sing', 'head': 28, 'deprel': 'nsubj', 'lemma': 'מקור'}]"
"(26, 27)",הראשוני,,,,,,"(81, 88)",,"[{'id': 26, 'text': 'ה', 'upos': 'DET', 'xpos': 'DET', 'feats': 'PronType=Art', 'head': 27, 'deprel': 'det:def', 'lemma': 'ה'}, {'id': 27, 'text': 'ראשוני', 'upos': 'ADJ', 'xpos': 'ADJ', 'feats': 'Gender=Masc|Number=Sing', 'head': 25, 'deprel': 'amod', 'lemma': 'ראשוני'}]"
28,נמצא,VERB,VERB,"Gender=Masc|HebBinyan=NIFAL|Number=Sing|Person=1,2,3|VerbForm=Part|Voice=Mid",8.0,advcl,"(89, 93)",נמצא,
29,ב,ADP,ADP,,31.0,case,"(94, 95)",ב,
30,-,PUNCT,PUNCT,,31.0,punct,"(95, 96)",-,
31,0,NUM,NUM,,28.0,advmod,"(97, 98)",0,
32,=x,PROPN,PROPN,,31.0,nummod,"(98, 100)",=x,
"(33, 36)",ועוצמתו,,,,,,"(101, 108)",,"[{'id': 33, 'text': 'ו', 'upos': 'CCONJ', 'xpos': 'CCONJ', 'head': 45, 'deprel': 'cc', 'lemma': 'ו'}, {'id': 34, 'text': 'עוצמה_', 'upos': 'NOUN', 'xpos': 'NOUN', 'feats': 'Definite=Def|Gender=Fem|Number=Sing', 'head': 45, 'deprel': 'nsubj', 'lemma': 'עוצמה'}, {'id': 35, 'text': '_של_', 'upos': 'ADP', 'xpos': 'ADP', 'head': 36, 'deprel': 'case:gen', 'lemma': 'של'}, {'id': 36, 'text': '_הוא', 'upos': 'PRON', 'xpos': 'PRON', 'feats': 'Case=Gen|Gender=Masc|Number=Sing|Person=3|PronType=Prs', 'head': 34, 'deprel': 'nmod:poss', 'lemma': 'הוא'}]"
"(37, 39)",והנגזרת,,,,,,"(109, 116)",,"[{'id': 37, 'text': 'ו', 'upos': 'CCONJ', 'xpos': 'CCONJ', 'head': 39, 'deprel': 'cc', 'lemma': 'ו'}, {'id': 38, 'text': 'ה', 'upos': 'DET', 'xpos': 'DET', 'feats': 'PronType=Art', 'head': 39, 'deprel': 'det:def', 'lemma': 'ה'}, {'id': 39, 'text': 'נגזרת', 'upos': 'VERB', 'xpos': 'VERB', 'feats': 'Gender=Fem|HebBinyan=NIFAL|Number=Sing|Person=1,2,3|VerbForm=Part|Voice=Mid', 'head': 34, 'deprel': 'conj', 'lemma': 'נגזר'}]"
40,ב,ADP,ADP,,42.0,case,"(117, 118)",ב,
41,-,PUNCT,PUNCT,,42.0,punct,"(118, 119)",-,
42,2,NUM,NUM,,39.0,advmod,"(120, 121)",2,
43,=,PUNCT,PUNCT,,42.0,punct,"(121, 122)",=,
44,x,PROPN,PROPN,,42.0,obl,"(122, 123)",x,
45,שווה,AUX,AUX,"Gender=Masc|Number=Sing|Person=1,2,3|VerbType=Mod",28.0,conj,"(124, 128)",שווה,
46,לאפס,ADV,ADV,,45.0,advmod,"(129, 133)",לאפס,
1,פתרון,NOUN,NOUN,Definite=Cons|Gender=Masc|Number=Sing,5.0,nsubj,"(1, 6)",פתרון,
"(2, 3)",הבעיה,,,,,,"(7, 12)",,"[{'id': 2, 'text': 'ה', 'upos': 'DET', 'xpos': 'DET', 'feats': 'PronType=Art', 'head': 3, 'deprel': 'det:def', 'lemma': 'ה'}, {'id': 3, 'text': 'בעיה', 'upos': 'NOUN', 'xpos': 'NOUN', 'feats': 'Gender=Fem|Number=Sing', 'head': 1, 'deprel': 'compound:smixut', 'lemma': 'בעיה'}]"
4,הוא,AUX,AUX,Gender=Masc|Number=Sing|Person=3|Polarity=Pos|VerbForm=Part|VerbType=Cop,5.0,cop,"(13, 16)",הוא,
5,נוסיף,VERB,VERB,"Gender=Fem,Masc|HebBinyan=HIFIL|Number=Plur|Person=1|Tense=Fut|Voice=Act",0.0,root,"(17, 22)",נוסיף,
"(6, 7)",לכך,,,,,,"(23, 26)",,"[{'id': 6, 'text': 'ל', 'upos': 'ADP', 'xpos': 'ADP', 'head': 7, 'deprel': 'case', 'lemma': 'ל'}, {'id': 7, 'text': 'כך', 'upos': 'PRON', 'xpos': 'PRON', 'feats': 'Person=3|PronType=Dem', 'head': 5, 'deprel': 'obl', 'lemma': 'כך'}]"
8,מקור,NOUN,NOUN,Gender=Masc|Number=Sing,5.0,obj,"(27, 31)",מקור,
9,משני,ADJ,ADJ,Gender=Masc|Number=Sing,8.0,amod,"(32, 36)",משני,
10,(,PUNCT,PUNCT,,11.0,punct,"(37, 38)",(,
11,יזום,ADJ,ADJ,Gender=Masc|Number=Sing,8.0,appos,"(38, 42)",יזום,
12,),PUNCT,PUNCT,,11.0,punct,"(42, 43)",),
"(13, 14)",באותה,,,,,,"(44, 49)",,"[{'id': 13, 'text': 'ב', 'upos': 'ADP', 'xpos': 'ADP', 'head': 15, 'deprel': 'case', 'lemma': 'ב'}, {'id': 14, 'text': 'אותה', 'upos': 'PRON', 'xpos': 'PRON', 'feats': 'Definite=Def|Gender=Fem|Number=Sing|Person=3|PronType=Prs', 'head': 15, 'deprel': 'det', 'lemma': 'אותו'}]"
15,נקודה,NOUN,NOUN,Gender=Fem|Number=Sing,5.0,obl,"(50, 55)",נקודה,
"(16, 19)",שעוצמתו,,,,,,"(56, 63)",,"[{'id': 16, 'text': 'ש', 'upos': 'SCONJ', 'xpos': 'SCONJ', 'head': 26, 'deprel': 'mark', 'lemma': 'ש'}, {'id': 17, 'text': 'עוצמה_', 'upos': 'NOUN', 'xpos': 'NOUN', 'feats': 'Definite=Def|Gender=Fem|Number=Sing', 'head': 26, 'deprel': 'nsubj', 'lemma': 'עוצמה'}, {'id': 18, 'text': '_של_', 'upos': 'ADP', 'xpos': 'ADP', 'head': 19, 'deprel': 'case:gen', 'lemma': 'של'}, {'id': 19, 'text': '_הוא', 'upos': 'PRON', 'xpos': 'PRON', 'feats': 'Case=Gen|Gender=Masc|Number=Sing|Person=3|PronType=Prs', 'head': 17, 'deprel': 'nmod:poss', 'lemma': 'הוא'}]"
"(20, 22)",והפתרון,,,,,,"(64, 71)",,"[{'id': 20, 'text': 'ו', 'upos': 'CCONJ', 'xpos': 'CCONJ', 'head': 22, 'deprel': 'cc', 'lemma': 'ו'}, {'id': 21, 'text': 'ה', 'upos': 'DET', 'xpos': 'DET', 'feats': 'PronType=Art', 'head': 22, 'deprel': 'det:def', 'lemma': 'ה'}, {'id': 22, 'text': 'פתרון', 'upos': 'NOUN', 'xpos': 'NOUN', 'feats': 'Gender=Masc|Number=Sing', 'head': 17, 'deprel': 'conj', 'lemma': 'פתרון'}]"
"(23, 24)",עבורו,,,,,,"(72, 77)",,"[{'id': 23, 'text': 'עבור_', 'upos': 'ADP', 'xpos': 'ADP', 'head': 24, 'deprel': 'case', 'lemma': 'עבור'}, {'id': 24, 'text': '_הוא', 'upos': 'PRON', 'xpos': 'PRON', 'feats': 'Gender=Masc|Number=Sing|Person=3|PronType=Prs', 'head': 22, 'deprel': 'nmod', 'lemma': 'הוא'}]"
25,יהיה,AUX,AUX,Gender=Masc|Number=Sing|Person=3|Polarity=Pos|Tense=Fut|VerbType=Cop,26.0,cop,"(78, 82)",היה,
26,2,NUM,NUM,,15.0,acl:relcl,"(83, 84)",2,
1,תכנית,NOUN,NOUN,Definite=Cons|Gender=Fem|Number=Sing,0.0,root,"(1, 6)",תוכנית,
"(2, 3)",המחקר,,,,,,"(7, 12)",,"[{'id': 2, 'text': 'ה', 'upos': 'DET', 'xpos': 'DET', 'feats': 'PronType=Art', 'head': 3, 'deprel': 'det:def', 'lemma': 'ה'}, {'id': 3, 'text': 'מחקר', 'upos': 'NOUN', 'xpos': 'NOUN', 'feats': 'Gender=Masc|Number=Sing', 'head': 1, 'deprel': 'compound:smixut', 'lemma': 'מחקר'}]"
4,מטרת,NOUN,NOUN,Definite=Cons|Gender=Fem|Number=Sing,1.0,nsubj,"(13, 17)",מטרה,
"(5, 6)",המחקר,,,,,,"(18, 23)",,"[{'id': 5, 'text': 'ה', 'upos': 'DET', 'xpos': 'DET', 'feats': 'PronType=Art', 'head': 6, 'deprel': 'det:def', 'lemma': 'ה'}, {'id': 6, 'text': 'מחקר', 'upos': 'NOUN', 'xpos': 'NOUN', 'feats': 'Gender=Masc|Number=Sing', 'head': 4, 'deprel': 'compound:smixut', 'lemma': 'מחקר'}]"
7,לתכנן,VERB,VERB,HebBinyan=PIEL|VerbForm=Inf|Voice=Act,1.0,xcomp,"(24, 29)",לתכנן,
"(8, 9)",ולפתח,,,,,,"(30, 35)",,"[{'id': 8, 'text': 'ו', 'upos': 'CCONJ', 'xpos': 'CCONJ', 'head': 9, 'deprel': 'cc', 'lemma': 'ו'}, {'id': 9, 'text': 'לפתח', 'upos': 'VERB', 'xpos': 'VERB', 'feats': 'HebBinyan=PIEL|VerbForm=Inf|Voice=Act', 'head': 7, 'deprel': 'conj', 'lemma': 'פיתח'}]"
10,שיטות,NOUN,NOUN,Gender=Fem|Number=Plur,7.0,obj,"(36, 41)",שיטה,
11,חדשניות,ADJ,ADJ,Gender=Fem|Number=Plur,10.0,amod,"(42, 49)",חדשי,
12,להשתקת,NOUN,NOUN,Definite=Cons|Gender=Fem|Number=Sing,10.0,acl,"(50, 56)",להשתקה,
13,רעשים,NOUN,NOUN,Gender=Masc|Number=Plur,12.0,compound:smixut,"(57, 62)",רעש,
"(14, 15)",בחדרי,,,,,,"(63, 68)",,"[{'id': 14, 'text': 'ב', 'upos': 'ADP', 'xpos': 'ADP', 'head': 15, 'deprel': 'case', 'lemma': 'ב'}, {'id': 15, 'text': 'חדרי', 'upos': 'NOUN', 'xpos': 'NOUN', 'feats': 'Definite=Cons|Gender=Masc|Number=Plur', 'head': 12, 'deprel': 'nmod', 'lemma': 'חדר'}]"
16,מגורים,NOUN,NOUN,Gender=Masc|Number=Plur,15.0,compound:smixut,"(69, 75)",מגורים,
"(17, 18)",הנגרמים,,,,,,"(76, 83)",,"[{'id': 17, 'text': 'ה', 'upos': 'SCONJ', 'xpos': 'SCONJ', 'head': 18, 'deprel': 'mark', 'lemma': 'ה'}, {'id': 18, 'text': 'נגרמים', 'upos': 'VERB', 'xpos': 'VERB', 'feats': 'Gender=Masc|HebBinyan=NIFAL|Number=Plur|Person=1,2,3|VerbForm=Part|Voice=Mid', 'head': 15, 'deprel': 'acl:relcl', 'lemma': 'נגרם'}]"
"(19, 20)",מיחידות,,,,,,"(84, 91)",,"[{'id': 19, 'text': 'מ', 'upos': 'ADP', 'xpos': 'ADP', 'head': 20, 'deprel': 'case', 'lemma': 'מ'}, {'id': 20, 'text': 'יחידות', 'upos': 'NOUN', 'xpos': 'NOUN', 'feats': 'Definite=Cons|Gender=Fem|Number=Plur', 'head': 18, 'deprel': 'obl', 'lemma': 'יחידה'}]"
21,עיבוי,NOUN,NOUN,Gender=Masc|Number=Sing,20.0,compound:smixut,"(92, 97)",עיבוי,
22,של,ADP,ADP,Case=Gen,23.0,case:gen,"(98, 100)",של,
23,מזגן,NOUN,NOUN,Gender=Masc|Number=Sing,20.0,nmod:poss,"(101, 105)",מזגן,
24,דירתי,ADJ,ADJ,Gender=Masc|Number=Sing,23.0,amod,"(106, 111)",דירתי,
25,מרכזי,ADJ,ADJ,Gender=Masc|Number=Sing,23.0,amod,"(112, 117)",מרכזי,
1,תכנית,NOUN,NOUN,Definite=Cons|Gender=Fem|Number=Sing,4.0,nsubj,"(1, 6)",תוכנית,
"(2, 3)",המחקר,,,,,,"(7, 12)",,"[{'id': 2, 'text': 'ה', 'upos': 'DET', 'xpos': 'DET', 'feats': 'PronType=Art', 'head': 3, 'deprel': 'det:def', 'lemma': 'ה'}, {'id': 3, 'text': 'מחקר', 'upos': 'NOUN', 'xpos': 'NOUN', 'feats': 'Gender=Masc|Number=Sing', 'head': 1, 'deprel': 'compound:smixut', 'lemma': 'מחקר'}]"
4,מכילה,VERB,VERB,"Gender=Fem|HebBinyan=HIFIL|Number=Sing|Person=1,2,3|VerbForm=Part|Voice=Act",0.0,root,"(13, 18)",הכיל,
5,אלמנטים,NOUN,NOUN,Gender=Masc|Number=Plur,4.0,obj,"(19, 26)",אלמנט,
6,בסיסים,ADJ,ADJ,Gender=Masc|Number=Plur,5.0,amod,"(27, 33)",בסיס,
"(7, 8)",ויישומיים,,,,,,"(34, 43)",,"[{'id': 7, 'text': 'ו', 'upos': 'CCONJ', 'xpos': 'CCONJ', 'head': 8, 'deprel': 'cc', 'lemma': 'ו'}, {'id': 8, 'text': 'יישומיים', 'upos': 'ADJ', 'xpos': 'ADJ', 'feats': 'Gender=Masc|Number=Plur', 'head': 6, 'deprel': 'conj', 'lemma': 'יישומי'}]"
"(9, 10)",ולכן,,,,,,"(44, 48)",,"[{'id': 9, 'text': 'ו', 'upos': 'CCONJ', 'xpos': 'CCONJ', 'head': 10, 'deprel': 'cc', 'lemma': 'ו'}, {'id': 10, 'text': 'לכן', 'upos': 'ADV', 'xpos': 'ADV', 'head': 11, 'deprel': 'advmod', 'lemma': 'לכן'}]"
11,מקיפה,ADJ,ADJ,Gender=Fem|Number=Sing,4.0,conj,"(49, 54)",מקיף,
12,מאוד,ADV,ADV,,11.0,advmod,"(55, 59)",מאוד,
1,מסגרת,NOUN,NOUN,Definite=Cons|Gender=Fem|Number=Sing,4.0,nsubj,"(1, 6)",מסגרת,
"(2, 3)",המחקר,,,,,,"(7, 12)",,"[{'id': 2, 'text': 'ה', 'upos': 'DET', 'xpos': 'DET', 'feats': 'PronType=Art', 'head': 3, 'deprel': 'det:def', 'lemma': 'ה'}, {'id': 3, 'text': 'מחקר', 'upos': 'NOUN', 'xpos': 'NOUN', 'feats': 'Gender=Masc|Number=Sing', 'head': 1, 'deprel': 'compound:smixut', 'lemma': 'מחקר'}]"
4,תוכננה,VERB,VERB,Gender=Fem|HebBinyan=PUAL|Number=Sing|Person=3|Tense=Past|Voice=Pass,0.0,root,"(13, 19)",תוכנן,
5,מראש,ADV,ADV,,4.0,advmod,"(20, 24)",מראש,
"(6, 7)",לשלוש,,,,,,"(25, 30)",,"[{'id': 6, 'text': 'ל', 'upos': 'ADP', 'xpos': 'ADP', 'head': 8, 'deprel': 'case', 'lemma': 'ל'}, {'id': 7, 'text': 'שלוש', 'upos': 'NUM', 'xpos': 'NUM', 'feats': 'Gender=Fem|Number=Sing', 'head': 8, 'deprel': 'nummod', 'lemma': 'שלוש'}]"
8,שנים,NOUN,NOUN,Gender=Fem|Number=Plur,4.0,obl,"(31, 35)",שנה,
"(9, 10)",וכוללת,,,,,,"(36, 42)",,"[{'id': 9, 'text': 'ו', 'upos': 'CCONJ', 'xpos': 'CCONJ', 'head': 10, 'deprel': 'cc', 'lemma': 'ו'}, {'id': 10, 'text': 'כוללת', 'upos': 'VERB', 'xpos': 'VERB', 'feats': 'Gender=Fem|HebBinyan=PAAL|Number=Sing|Person=1,2,3|VerbForm=Part|Voice=Act', 'head': 4, 'deprel': 'conj', 'lemma': 'כלל'}]"
11,את,ADP,ADP,Case=Acc,13.0,case:acc,"(43, 45)",את,
"(12, 13)",הפרויקטים,,,,,,"(46, 55)",,"[{'id': 12, 'text': 'ה', 'upos': 'DET', 'xpos': 'DET', 'feats': 'PronType=Art', 'head': 13, 'deprel': 'det:def', 'lemma': 'ה'}, {'id': 13, 'text': 'פרויקטים', 'upos': 'NOUN', 'xpos': 'NOUN', 'feats': 'Gender=Masc|Number=Plur', 'head': 10, 'deprel': 'obj', 'lemma': 'פרויקט'}]"
"(14, 15)",הבאים,,,,,,"(56, 61)",,"[{'id': 14, 'text': 'ה', 'upos': 'DET', 'xpos': 'DET', 'feats': 'PronType=Art', 'head': 15, 'deprel': 'det:def', 'lemma': 'ה'}, {'id': 15, 'text': 'באים', 'upos': 'VERB', 'xpos': 'VERB', 'feats': 'Gender=Masc|HebBinyan=PAAL|Number=Plur|Person=1,2,3|VerbForm=Part|Voice=Act', 'head': 13, 'deprel': 'amod', 'lemma': 'בא'}]"
16,:,PUNCT,PUNCT,,13.0,punct,"(61, 62)",:,
17,מדידה,NOUN,NOUN,Gender=Fem|Number=Sing,13.0,appos,"(63, 68)",מדידה,
18,מדויקת,ADJ,ADJ,Gender=Fem|Number=Sing,17.0,amod,"(69, 75)",מדויק,
19,של,ADP,ADP,Case=Gen,20.0,case:gen,"(76, 78)",של,
20,אופייני,NOUN,NOUN,Definite=Cons|Gender=Masc|Number=Plur,17.0,nmod,"(79, 86)",אופייני,
"(21, 22)",הרעש,,,,,,"(87, 91)",,"[{'id': 21, 'text': 'ה', 'upos': 'DET', 'xpos': 'DET', 'feats': 'PronType=Art', 'head': 22, 'deprel': 'det:def', 'lemma': 'ה'}, {'id': 22, 'text': 'רעש', 'upos': 'NOUN', 'xpos': 'NOUN', 'feats': 'Gender=Masc|Number=Sing', 'head': 20, 'deprel': 'compound:smixut', 'lemma': 'רעש'}]"
23,עקב,CCONJ,CCONJ,,24.0,case,"(92, 95)",עקב,
24,פעולת,NOUN,NOUN,Definite=Cons|Gender=Fem|Number=Sing,17.0,nmod,"(96, 101)",פעולה,
"(25, 26)",המזגנים,,,,,,"(102, 109)",,"[{'id': 25, 'text': 'ה', 'upos': 'DET', 'xpos': 'DET', 'feats': 'PronType=Art', 'head': 26, 'deprel': 'det:def', 'lemma': 'ה'}, {'id': 26, 'text': 'מזגנים', 'upos': 'NOUN', 'xpos': 'NOUN', 'feats': 'Gender=Masc|Number=Plur', 'head': 24, 'deprel': 'compound:smixut', 'lemma': 'מזגן'}]"
"(27, 28)",בחדרים,,,,,,"(110, 116)",,"[{'id': 27, 'text': 'ב', 'upos': 'ADP', 'xpos': 'ADP', 'head': 28, 'deprel': 'case', 'lemma': 'ב'}, {'id': 28, 'text': 'חדרים', 'upos': 'NOUN', 'xpos': 'NOUN', 'feats': 'Gender=Masc|Number=Plur', 'head': 24, 'deprel': 'nmod', 'lemma': 'חדר'}]"
"(29, 30)",שישמשו,,,,,,"(117, 123)",,"[{'id': 29, 'text': 'ש', 'upos': 'SCONJ', 'xpos': 'SCONJ', 'head': 30, 'deprel': 'mark', 'lemma': 'ש'}, {'id': 30, 'text': 'ישמשו', 'upos': 'VERB', 'xpos': 'VERB', 'feats': 'Gender=Fem,Masc|HebBinyan=PIEL|Number=Plur|Person=3|Tense=Fut|Voice=Act', 'head': 28, 'deprel': 'acl:relcl', 'lemma': 'שימש'}]"
31,מודל,NOUN,NOUN,Gender=Masc|Number=Sing,30.0,obj,"(124, 128)",מודל,
"(32, 33)",למחקר,,,,,,"(129, 134)",,"[{'id': 32, 'text': 'ל', 'upos': 'ADP', 'xpos': 'ADP', 'head': 33, 'deprel': 'case', 'lemma': 'ל'}, {'id': 33, 'text': 'מחקר', 'upos': 'NOUN', 'xpos': 'NOUN', 'feats': 'Gender=Masc|Number=Sing', 'head': 31, 'deprel': 'nmod', 'lemma': 'מחקר'}]"
"(34, 35)",הנוכחי,,,,,,"(135, 141)",,"[{'id': 34, 'text': 'ה', 'upos': 'DET', 'xpos': 'DET', 'feats': 'PronType=Art', 'head': 35, 'deprel': 'det:def', 'lemma': 'ה'}, {'id': 35, 'text': 'נוכחי', 'upos': 'ADJ', 'xpos': 'ADJ', 'feats': 'Gender=Masc|Number=Sing', 'head': 33, 'deprel': 'amod', 'lemma': 'נוכחי'}]"
36,באמצעות,ADP,ADP,,37.0,case,"(142, 149)",באמצעות,
37,מד,NOUN,NOUN,Definite=Cons|Gender=Masc|Number=Sing,31.0,nmod,"(150, 152)",מד,
38,רעש,NOUN,NOUN,Gender=Masc|Number=Sing,37.0,compound:smixut,"(153, 156)",רעש,
"(39, 40)",תקני וטייפ,,,,,,"(157, 167)",,"[{'id': 39, 'text': 'ת', 'upos': 'ADP', 'xpos': 'ADP', 'head': 37, 'deprel': 'flat:name', 'lemma': 'ת'}, {'id': 40, 'text': 'קניצוטייפ', 'upos': 'PROPN', 'xpos': 'PROPN', 'head': 37, 'deprel': 'flat:name', 'lemma': 'קניצוטייפ'}]"
1,ניתוח,NOUN,NOUN,Gender=Masc|Number=Sing,0.0,root,"(1, 6)",ניתוח,
2,אופייני,ADJ,ADJ,Definite=Cons|Gender=Masc|Number=Plur,1.0,amod,"(7, 14)",אופייני,
"(3, 4)",הרעש,,,,,,"(15, 19)",,"[{'id': 3, 'text': 'ה', 'upos': 'DET', 'xpos': 'DET', 'feats': 'PronType=Art', 'head': 4, 'deprel': 'det:def', 'lemma': 'ה'}, {'id': 4, 'text': 'רעש', 'upos': 'NOUN', 'xpos': 'NOUN', 'feats': 'Gender=Masc|Number=Sing', 'head': 1, 'deprel': 'compound:smixut', 'lemma': 'רעש'}]"
"(5, 7)",במישור,,,,,,"(20, 26)",,"[{'id': 5, 'text': 'ב', 'upos': 'ADP', 'xpos': 'ADP', 'head': 7, 'deprel': 'case', 'lemma': 'ב'}, {'id': 6, 'text': 'ה_', 'upos': 'DET', 'xpos': 'DET', 'feats': 'PronType=Art', 'head': 7, 'deprel': 'det:def', 'lemma': 'ה'}, {'id': 7, 'text': 'מישור', 'upos': 'NOUN', 'xpos': 'NOUN', 'feats': 'Gender=Masc|Number=Sing', 'head': 1, 'deprel': 'nmod', 'lemma': 'מישור'}]"
"(8, 9)",העוצמה,,,,,,"(27, 33)",,"[{'id': 8, 'text': 'ה', 'upos': 'DET', 'xpos': 'DET', 'feats': 'PronType=Art', 'head': 9, 'deprel': 'det:def', 'lemma': 'ה'}, {'id': 9, 'text': 'עוצמה', 'upos': 'NOUN', 'xpos': 'NOUN', 'feats': 'Gender=Fem|Number=Sing', 'head': 7, 'deprel': 'compound:smixut', 'lemma': 'עוצמה'}]"
"(10, 13)",ובמישור,,,,,,"(34, 41)",,"[{'id': 10, 'text': 'ו', 'upos': 'CCONJ', 'xpos': 'CCONJ', 'head': 13, 'deprel': 'cc', 'lemma': 'ו'}, {'id': 11, 'text': 'ב', 'upos': 'ADP', 'xpos': 'ADP', 'head': 13, 'deprel': 'case', 'lemma': 'ב'}, {'id': 12, 'text': 'ה_', 'upos': 'DET', 'xpos': 'DET', 'feats': 'PronType=Art', 'head': 13, 'deprel': 'det:def', 'lemma': 'ה'}, {'id': 13, 'text': 'מישור', 'upos': 'NOUN', 'xpos': 'NOUN', 'feats': 'Gender=Masc|Number=Sing', 'head': 7, 'deprel': 'conj', 'lemma': 'מישור'}]"
"(14, 15)",התדר,,,,,,"(42, 46)",,"[{'id': 14, 'text': 'ה', 'upos': 'DET', 'xpos': 'DET', 'feats': 'PronType=Art', 'head': 15, 'deprel': 'det:def', 'lemma': 'ה'}, {'id': 15, 'text': 'תדר', 'upos': 'ADJ', 'xpos': 'ADJ', 'feats': 'Gender=Masc|Number=Sing', 'head': 13, 'deprel': 'amod', 'lemma': 'תדר'}]"
1,מודלים,NOUN,NOUN,Gender=Masc|Number=Plur,0.0,root,"(1, 7)",מודל,
2,חישוביים,ADJ,ADJ,Gender=Masc|Number=Plur,1.0,amod,"(8, 16)",חישובי,
"(3, 5)",לסימולציה,,,,,,"(17, 26)",,"[{'id': 3, 'text': 'ל', 'upos': 'ADP', 'xpos': 'ADP', 'head': 5, 'deprel': 'case', 'lemma': 'ל'}, {'id': 4, 'text': 'ה_', 'upos': 'DET', 'xpos': 'DET', 'feats': 'PronType=Art', 'head': 5, 'deprel': 'det:def', 'lemma': 'ה'}, {'id': 5, 'text': 'סימולציה', 'upos': 'NOUN', 'xpos': 'NOUN', 'feats': 'Gender=Fem|Number=Sing', 'head': 1, 'deprel': 'nmod', 'lemma': 'סימולציה'}]"
6,של,ADP,ADP,Case=Gen,7.0,case:gen,"(27, 29)",של,
7,פילוג,NOUN,NOUN,Definite=Cons|Gender=Masc|Number=Sing,5.0,nmod:poss,"(30, 35)",פילוג,
"(8, 9)",הרעשים,,,,,,"(36, 42)",,"[{'id': 8, 'text': 'ה', 'upos': 'DET', 'xpos': 'DET', 'feats': 'PronType=Art', 'head': 9, 'deprel': 'det:def', 'lemma': 'ה'}, {'id': 9, 'text': 'רעשים', 'upos': 'NOUN', 'xpos': 'NOUN', 'feats': 'Gender=Masc|Number=Plur', 'head': 7, 'deprel': 'compound:smixut', 'lemma': 'רעש'}]"
"(10, 11)",בחדרים,,,,,,"(43, 49)",,"[{'id': 10, 'text': 'ב', 'upos': 'ADP', 'xpos': 'ADP', 'head': 11, 'deprel': 'case', 'lemma': 'ב'}, {'id': 11, 'text': 'חדרים', 'upos': 'NOUN', 'xpos': 'NOUN', 'feats': 'Gender=Masc|Number=Plur', 'head': 7, 'deprel': 'nmod', 'lemma': 'חדר'}]"
12,עקב,CCONJ,CCONJ,,13.0,case,"(50, 53)",עקב,
13,מקורות,NOUN,NOUN,Definite=Cons|Gender=Masc|Number=Plur,7.0,nmod,"(54, 60)",מקור,
14,רעש,NOUN,NOUN,Gender=Masc|Number=Sing,13.0,compound:smixut,"(61, 64)",רעש,
15,דמויי,ADJ,ADJ,Definite=Cons|Gender=Masc|Number=Plur,13.0,amod,"(65, 70)",דמויי,
16,יחידות,NOUN,NOUN,Definite=Cons|Gender=Fem|Number=Plur,13.0,compound:smixut,"(71, 77)",יחידה,
17,עיבוי,NOUN,NOUN,Gender=Masc|Number=Sing,16.0,compound:smixut,"(78, 83)",עיבוי,
1,מודלים,NOUN,NOUN,Gender=Masc|Number=Plur,0.0,root,"(1, 7)",מודל,
2,חישוביים,ADJ,ADJ,Gender=Masc|Number=Plur,1.0,amod,"(8, 16)",חישובי,
"(3, 5)",לסימולציה,,,,,,"(17, 26)",,"[{'id': 3, 'text': 'ל', 'upos': 'ADP', 'xpos': 'ADP', 'head': 5, 'deprel': 'case', 'lemma': 'ל'}, {'id': 4, 'text': 'ה_', 'upos': 'DET', 'xpos': 'DET', 'feats': 'PronType=Art', 'head': 5, 'deprel': 'det:def', 'lemma': 'ה'}, {'id': 5, 'text': 'סימולציה', 'upos': 'NOUN', 'xpos': 'NOUN', 'feats': 'Gender=Fem|Number=Sing', 'head': 1, 'deprel': 'nmod', 'lemma': 'סימולציה'}]"
6,של,ADP,ADP,Case=Gen,7.0,case:gen,"(27, 29)",של,
7,הנחתת,NOUN,NOUN,Definite=Cons|Gender=Fem|Number=Sing,5.0,nmod:poss,"(30, 35)",הנחתה,
8,רעש,NOUN,NOUN,Gender=Masc|Number=Sing,7.0,compound:smixut,"(36, 39)",רעש,
9,אקטיבית,ADJ,ADJ,Gender=Fem|Number=Sing,7.0,amod,"(40, 47)",אקטיבי,
"(10, 11)",בחדרים,,,,,,"(48, 54)",,"[{'id': 10, 'text': 'ב', 'upos': 'ADP', 'xpos': 'ADP', 'head': 11, 'deprel': 'case', 'lemma': 'ב'}, {'id': 11, 'text': 'חדרים', 'upos': 'NOUN', 'xpos': 'NOUN', 'feats': 'Gender=Masc|Number=Plur', 'head': 7, 'deprel': 'nmod', 'lemma': 'חדר'}]"
12,באמצעות,ADP,ADP,,13.0,case,"(55, 62)",באמצעות,
13,מקורות,NOUN,NOUN,Definite=Cons|Gender=Masc|Number=Plur,7.0,nmod,"(63, 69)",מקור,
14,רעש,NOUN,NOUN,Gender=Masc|Number=Sing,13.0,compound:smixut,"(70, 73)",רעש,
15,משניים,ADJ,ADJ,Gender=Masc|Number=Plur,13.0,amod,"(74, 80)",משני,
1,בניית,NOUN,NOUN,Definite=Cons|Gender=Fem|Number=Sing,0.0,root,"(1, 6)",בנייה,
2,מודל,NOUN,NOUN,Gender=Masc|Number=Sing,1.0,compound:smixut,"(7, 11)",מודל,
3,מעבדתי,ADJ,ADJ,,2.0,amod,"(12, 18)",מעבדתי,
"(4, 5)",לחקירת,,,,,,"(19, 25)",,"[{'id': 4, 'text': 'ל', 'upos': 'ADP', 'xpos': 'ADP', 'head': 5, 'deprel': 'case', 'lemma': 'ל'}, {'id': 5, 'text': 'חקירת', 'upos': 'NOUN', 'xpos': 'NOUN', 'feats': 'Definite=Cons|Gender=Fem|Number=Sing', 'head': 2, 'deprel': 'nmod', 'lemma': 'חקירה'}]"
6,אפשרויות,NOUN,NOUN,Gender=Fem|Number=Plur,5.0,compound:smixut,"(26, 34)",אפשרות,
"(7, 8)",ליישום,,,,,,"(35, 41)",,"[{'id': 7, 'text': 'ל', 'upos': 'ADP', 'xpos': 'ADP', 'head': 8, 'deprel': 'case', 'lemma': 'ל'}, {'id': 8, 'text': 'יישום', 'upos': 'NOUN', 'xpos': 'NOUN', 'feats': 'Definite=Cons|Gender=Masc|Number=Sing', 'head': 5, 'deprel': 'nmod', 'lemma': 'יישום'}]"
"(9, 10)",המודלים,,,,,,"(42, 49)",,"[{'id': 9, 'text': 'ה', 'upos': 'DET', 'xpos': 'DET', 'feats': 'PronType=Art', 'head': 10, 'deprel': 'det:def', 'lemma': 'ה'}, {'id': 10, 'text': 'מודלים', 'upos': 'NOUN', 'xpos': 'NOUN', 'feats': 'Gender=Masc|Number=Plur', 'head': 8, 'deprel': 'compound:smixut', 'lemma': 'מודל'}]"
"(11, 12)",החישוביים,,,,,,"(50, 59)",,"[{'id': 11, 'text': 'ה', 'upos': 'DET', 'xpos': 'DET', 'feats': 'PronType=Art', 'head': 12, 'deprel': 'det:def', 'lemma': 'ה'}, {'id': 12, 'text': 'חישוביים', 'upos': 'ADJ', 'xpos': 'ADJ', 'feats': 'Gender=Masc|Number=Plur', 'head': 10, 'deprel': 'amod', 'lemma': 'חישובי'}]"
13,באמצעות,ADP,ADP,,14.0,case,"(60, 67)",באמצעות,
14,מערכות,NOUN,NOUN,Definite=Cons|Gender=Fem|Number=Plur,8.0,nmod,"(68, 74)",מערכת,
15,בקרה,NOUN,NOUN,Gender=Fem|Number=Sing,14.0,compound:smixut,"(75, 79)",בקרה,
16,קיימות,ADJ,ADJ,Gender=Fem|Number=Plur,14.0,amod,"(80, 86)",קיים,
1,3,NUM,NUM,,0.0,root,"(1, 2)",3,
1,תוצאות,NOUN,NOUN,Definite=Cons|Gender=Fem|Number=Plur,0.0,root,"(1, 7)",תוצאה,
"(2, 3)",המחקר,,,,,,"(8, 13)",,"[{'id': 2, 'text': 'ה', 'upos': 'DET', 'xpos': 'DET', 'feats': 'PronType=Art', 'head': 3, 'deprel': 'det:def', 'lemma': 'ה'}, {'id': 3, 'text': 'מחקר', 'upos': 'NOUN', 'xpos': 'NOUN', 'feats': 'Gender=Masc|Number=Sing', 'head': 1, 'deprel': 'compound:smixut', 'lemma': 'מחקר'}]"
4,3,NUM,NUM,,1.0,nummod,"(14, 15)",3,
1,1,NUM,NUM,,0.0,root,"(0, 1)",1,
1,כללי,ADJ,ADJ,Gender=Masc|Number=Sing,0.0,root,"(1, 5)",כללי,
"(2, 3)",במסגרת,,,,,,"(6, 12)",,"[{'id': 2, 'text': 'ב', 'upos': 'ADP', 'xpos': 'ADP', 'head': 5, 'deprel': 'case', 'lemma': 'ב'}, {'id': 3, 'text': 'מסגרת', 'upos': 'NOUN', 'xpos': 'NOUN', 'feats': 'Gender=Fem|Number=Sing', 'head': 2, 'deprel': 'fixed', 'lemma': 'מסגרת'}]"
"(4, 5)",המחקר,,,,,,"(13, 18)",,"[{'id': 4, 'text': 'ה', 'upos': 'DET', 'xpos': 'DET', 'feats': 'PronType=Art', 'head': 5, 'deprel': 'det:def', 'lemma': 'ה'}, {'id': 5, 'text': 'מחקר', 'upos': 'NOUN', 'xpos': 'NOUN', 'feats': 'Gender=Masc|Number=Sing', 'head': 1, 'deprel': 'obl', 'lemma': 'מחקר'}]"
"(6, 9)",במצענו,,,,,,"(19, 25)",,"[{'id': 6, 'text': 'ב', 'upos': 'ADP', 'xpos': 'ADP', 'head': 7, 'deprel': 'case', 'lemma': 'ב'}, {'id': 7, 'text': 'מצע_', 'upos': 'NOUN', 'xpos': 'NOUN', 'feats': 'Definite=Def|Gender=Masc|Number=Sing', 'head': 1, 'deprel': 'obl', 'lemma': 'מצע'}, {'id': 8, 'text': '_של_', 'upos': 'ADP', 'xpos': 'ADP', 'head': 9, 'deprel': 'case:gen', 'lemma': 'של'}, {'id': 9, 'text': '_אנחנו', 'upos': 'PRON', 'xpos': 'PRON', 'feats': 'Case=Gen|Gender=Fem,Masc|Number=Plur|Person=1|PronType=Prs', 'head': 7, 'deprel': 'nmod:poss', 'lemma': 'הוא'}]"
10,סקר,NOUN,NOUN,Definite=Cons|Gender=Masc|Number=Sing,7.0,nsubj,"(26, 29)",סקר,
11,ספרות,NOUN,NOUN,Gender=Fem|Number=Sing,10.0,compound:smixut,"(30, 35)",ספרות,
12,מקיף,ADJ,ADJ,Gender=Masc|Number=Sing,10.0,amod,"(36, 40)",מקיף,
13,על,ADP,ADP,,14.0,case,"(41, 43)",על,
14,מדידות,NOUN,NOUN,Gender=Fem|Number=Plur,10.0,nmod,"(44, 50)",מדידה,
"(15, 16)",ואנליזה,,,,,,"(51, 58)",,"[{'id': 15, 'text': 'ו', 'upos': 'CCONJ', 'xpos': 'CCONJ', 'head': 16, 'deprel': 'cc', 'lemma': 'ו'}, {'id': 16, 'text': 'אנליזה', 'upos': 'NOUN', 'xpos': 'NOUN', 'feats': 'Gender=Fem|Number=Sing', 'head': 14, 'deprel': 'conj', 'lemma': 'אנליזה'}]"
17,של,ADP,ADP,Case=Gen,18.0,case:gen,"(59, 61)",של,
18,רעש,NOUN,NOUN,Gender=Masc|Number=Sing,14.0,nmod:poss,"(62, 65)",רעש,
19,אקוסטי,ADJ,ADJ,Gender=Masc|Number=Sing,18.0,amod,"(66, 72)",אקוסטי,
20,",",PUNCT,PUNCT,,1.0,punct,"(72, 73)",",",
21,מדדנו,VERB,VERB,"Gender=Fem,Masc|HebBinyan=PAAL|Number=Plur|Person=1|Tense=Past|Voice=Act",1.0,conj,"(74, 79)",דדן,
"(22, 23)",וניתחנו,,,,,,"(80, 87)",,"[{'id': 22, 'text': 'ו', 'upos': 'CCONJ', 'xpos': 'CCONJ', 'head': 23, 'deprel': 'cc', 'lemma': 'ו'}, {'id': 23, 'text': 'ניתחנו', 'upos': 'VERB', 'xpos': 'VERB', 'feats': 'Gender=Fem,Masc|HebBinyan=NIFAL|Number=Plur|Person=1|Tense=Past|Voice=Mid', 'head': 21, 'deprel': 'conj', 'lemma': 'ניתח'}]"
24,את,ADP,ADP,Case=Acc,25.0,case:acc,"(88, 90)",את,
25,רמות,NOUN,NOUN,Definite=Cons|Gender=Fem|Number=Plur,21.0,obj,"(91, 95)",רמה,
"(26, 27)",הרעש,,,,,,"(96, 100)",,"[{'id': 26, 'text': 'ה', 'upos': 'DET', 'xpos': 'DET', 'feats': 'PronType=Art', 'head': 27, 'deprel': 'det:def', 'lemma': 'ה'}, {'id': 27, 'text': 'רעש', 'upos': 'NOUN', 'xpos': 'NOUN', 'feats': 'Gender=Masc|Number=Sing', 'head': 25, 'deprel': 'compound:smixut', 'lemma': 'רעש'}]"
28,עקב,CCONJ,CCONJ,,29.0,case,"(101, 104)",עקב,
29,פעולת,NOUN,NOUN,Definite=Cons|Gender=Fem|Number=Sing,21.0,obl,"(105, 110)",פעולה,
30,יחידות,NOUN,NOUN,Definite=Cons|Gender=Fem|Number=Plur,29.0,compound:smixut,"(111, 117)",יחידה,
"(31, 32)",העיבוי,,,,,,"(118, 124)",,"[{'id': 31, 'text': 'ה', 'upos': 'DET', 'xpos': 'DET', 'feats': 'PronType=Art', 'head': 32, 'deprel': 'det:def', 'lemma': 'ה'}, {'id': 32, 'text': 'עיבוי', 'upos': 'NOUN', 'xpos': 'NOUN', 'feats': 'Gender=Masc|Number=Sing', 'head': 30, 'deprel': 'compound:smixut', 'lemma': 'עיבוי'}]"
"(33, 34)",בדירה,,,,,,"(125, 130)",,"[{'id': 33, 'text': 'ב', 'upos': 'ADP', 'xpos': 'ADP', 'head': 34, 'deprel': 'case', 'lemma': 'ב'}, {'id': 34, 'text': 'דירה', 'upos': 'NOUN', 'xpos': 'NOUN', 'feats': 'Gender=Fem|Number=Sing', 'head': 29, 'deprel': 'nmod', 'lemma': 'דירה'}]"
"(35, 36)",שנבחרה,,,,,,"(131, 137)",,"[{'id': 35, 'text': 'ש', 'upos': 'SCONJ', 'xpos': 'SCONJ', 'head': 36, 'deprel': 'mark', 'lemma': 'ש'}, {'id': 36, 'text': 'נבחרה', 'upos': 'VERB', 'xpos': 'VERB', 'feats': 'Gender=Fem|HebBinyan=NIFAL|Number=Sing|Person=3|Tense=Past|Voice=Mid', 'head': 34, 'deprel': 'acl:relcl', 'lemma': 'נבחר'}]"
"(37, 39)",כמודל,,,,,,"(138, 143)",,"[{'id': 37, 'text': 'כ', 'upos': 'ADP', 'xpos': 'ADP', 'head': 39, 'deprel': 'case', 'lemma': 'כ'}, {'id': 38, 'text': 'ה_', 'upos': 'DET', 'xpos': 'DET', 'feats': 'PronType=Art', 'head': 39, 'deprel': 'det:def', 'lemma': 'ה'}, {'id': 39, 'text': 'מודל', 'upos': 'NOUN', 'xpos': 'NOUN', 'feats': 'Gender=Masc|Number=Sing', 'head': 36, 'deprel': 'obl', 'lemma': 'מודל'}]"
40,",",PUNCT,PUNCT,,21.0,punct,"(143, 144)",",",
41,פתחנו,VERB,VERB,"Gender=Fem,Masc|Number=Plur|Person=3|Tense=Past",21.0,conj,"(145, 150)",פתח,
42,מודל,NOUN,NOUN,Gender=Masc|Number=Sing,41.0,obj,"(151, 155)",מודל,
43,חישובי,ADJ,ADJ,Gender=Masc|Number=Sing,42.0,amod,"(156, 162)",חישוב,
"(44, 45)",לפתרון,,,,,,"(163, 169)",,"[{'id': 44, 'text': 'ל', 'upos': 'ADP', 'xpos': 'ADP', 'head': 45, 'deprel': 'case', 'lemma': 'ל'}, {'id': 45, 'text': 'פתרון', 'upos': 'NOUN', 'xpos': 'NOUN', 'feats': 'Definite=Cons|Gender=Masc|Number=Sing', 'head': 42, 'deprel': 'nmod', 'lemma': 'פתרון'}]"
46,בעיה,NOUN,NOUN,Gender=Fem|Number=Sing,45.0,compound:smixut,"(170, 174)",בעיה,
47,אקוסטית,ADJ,ADJ,Gender=Fem|Number=Sing,46.0,amod,"(175, 182)",אקוסטי,
"(48, 49)",בחלל,,,,,,"(183, 187)",,"[{'id': 48, 'text': 'ב', 'upos': 'ADP', 'xpos': 'ADP', 'head': 49, 'deprel': 'case', 'lemma': 'ב'}, {'id': 49, 'text': 'חלל', 'upos': 'NOUN', 'xpos': 'NOUN', 'feats': 'Gender=Masc|Number=Sing', 'head': 46, 'deprel': 'nmod', 'lemma': 'חלל'}]"
50,סגור,ADJ,ADJ,Gender=Masc|Number=Sing,49.0,amod,"(188, 192)",סגור,
"(51, 55)",ובצענו,,,,,,"(193, 199)",,"[{'id': 51, 'text': 'ו', 'upos': 'CCONJ', 'xpos': 'CCONJ', 'head': 53, 'deprel': 'cc', 'lemma': 'ו'}, {'id': 52, 'text': 'ב', 'upos': 'ADP', 'xpos': 'ADP', 'head': 53, 'deprel': 'case', 'lemma': 'ב'}, {'id': 53, 'text': 'צען_', 'upos': 'NOUN', 'xpos': 'NOUN', 'feats': 'Definite=Def|Gender=Masc|Number=Sing', 'head': 21, 'deprel': 'conj', 'lemma': 'צען'}, {'id': 54, 'text': '_של_', 'upos': 'ADP', 'xpos': 'ADP', 'head': 55, 'deprel': 'case:gen', 'lemma': 'של'}, {'id': 55, 'text': '_הוא', 'upos': 'PRON', 'xpos': 'PRON', 'feats': 'Case=Gen|Gender=Masc|Number=Sing|Person=3|PronType=Prs', 'head': 53, 'deprel': 'nmod:poss', 'lemma': 'הוא'}]"
56,סימולציות,NOUN,NOUN,Gender=Fem|Number=Plur,53.0,nsubj,"(200, 209)",סימולציה,
57,של,ADP,ADP,Case=Gen,58.0,case:gen,"(210, 212)",של,
58,התפשטות,NOUN,NOUN,Definite=Cons|Gender=Fem|Number=Sing,56.0,nmod:poss,"(213, 220)",התפשטות,
59,רעש,NOUN,NOUN,Gender=Masc|Number=Sing,58.0,compound:smixut,"(221, 224)",רעש,
60,כולל,VERB,VERB,"Gender=Masc|HebBinyan=PAAL|Number=Sing|Person=1,2,3|VerbForm=Part|Voice=Act",62.0,case,"(225, 229)",כלל,
"(61, 62)",התרומה,,,,,,"(230, 236)",,"[{'id': 61, 'text': 'ה', 'upos': 'DET', 'xpos': 'DET', 'feats': 'PronType=Art', 'head': 62, 'deprel': 'det:def', 'lemma': 'ה'}, {'id': 62, 'text': 'תרומה', 'upos': 'NOUN', 'xpos': 'NOUN', 'feats': 'Gender=Fem|Number=Sing', 'head': 58, 'deprel': 'nmod', 'lemma': 'תרומה'}]"
63,של,ADP,ADP,Case=Gen,64.0,case:gen,"(237, 239)",של,
64,הנחתה,NOUN,NOUN,Gender=Fem|Number=Sing,62.0,nmod:poss,"(240, 245)",הנחתה,
65,אקטיבית,ADJ,ADJ,Gender=Fem|Number=Sing,64.0,amod,"(246, 253)",אקטיבי,
"(66, 70)",ובצענו,,,,,,"(254, 260)",,"[{'id': 66, 'text': 'ו', 'upos': 'CCONJ', 'xpos': 'CCONJ', 'head': 68, 'deprel': 'cc', 'lemma': 'ו'}, {'id': 67, 'text': 'ב', 'upos': 'ADP', 'xpos': 'ADP', 'head': 68, 'deprel': 'case', 'lemma': 'ב'}, {'id': 68, 'text': 'צען_', 'upos': 'NOUN', 'xpos': 'NOUN', 'feats': 'Definite=Def|Gender=Masc|Number=Sing', 'head': 53, 'deprel': 'conj', 'lemma': 'צען'}, {'id': 69, 'text': '_של_', 'upos': 'ADP', 'xpos': 'ADP', 'head': 70, 'deprel': 'case:gen', 'lemma': 'של'}, {'id': 70, 'text': '_הוא', 'upos': 'PRON', 'xpos': 'PRON', 'feats': 'Case=Gen|Gender=Masc|Number=Sing|Person=3|PronType=Prs', 'head': 68, 'deprel': 'nmod:poss', 'lemma': 'הוא'}]"
71,ניסויי,NOUN,NOUN,Definite=Cons|Gender=Masc|Number=Plur,68.0,nsubj,"(261, 267)",ניסוי,
72,היתכנות,NOUN,NOUN,Gender=Fem|Number=Sing,71.0,compound:smixut,"(268, 275)",היתכנות,
73,ראשוניים,ADJ,ADJ,Gender=Masc|Number=Plur,71.0,amod,"(276, 284)",_,
"(1, 2)",המשימות,,,,,,"(1, 8)",,"[{'id': 1, 'text': 'ה', 'upos': 'DET', 'xpos': 'DET', 'feats': 'PronType=Art', 'head': 2, 'deprel': 'det:def', 'lemma': 'ה'}, {'id': 2, 'text': 'משימות', 'upos': 'NOUN', 'xpos': 'NOUN', 'feats': 'Gender=Fem|Number=Plur', 'head': 0, 'deprel': 'root', 'lemma': 'משימה'}]"
"(3, 4)",שבוצעו,,,,,,"(9, 15)",,"[{'id': 3, 'text': 'ש', 'upos': 'SCONJ', 'xpos': 'SCONJ', 'head': 4, 'deprel': 'mark', 'lemma': 'ש'}, {'id': 4, 'text': 'בוצעו', 'upos': 'VERB', 'xpos': 'VERB', 'feats': 'Gender=Fem,Masc|HebBinyan=PUAL|Number=Plur|Person=3|Tense=Past|Voice=Pass', 'head': 2, 'deprel': 'acl:relcl', 'lemma': 'בוצע'}]"
"(5, 6)",בשנה,,,,,,"(16, 20)",,"[{'id': 5, 'text': 'ב', 'upos': 'ADP', 'xpos': 'ADP', 'head': 6, 'deprel': 'case', 'lemma': 'ב'}, {'id': 6, 'text': 'שנה', 'upos': 'NOUN', 'xpos': 'NOUN', 'feats': 'Gender=Fem|Number=Sing', 'head': 4, 'deprel': 'obl', 'lemma': 'שנה'}]"
"(7, 8)",הראשונה,,,,,,"(21, 28)",,"[{'id': 7, 'text': 'ה', 'upos': 'DET', 'xpos': 'DET', 'feats': 'PronType=Art', 'head': 8, 'deprel': 'det:def', 'lemma': 'ה'}, {'id': 8, 'text': 'ראשונה', 'upos': 'ADJ', 'xpos': 'ADJ', 'feats': 'Gender=Fem|Number=Sing', 'head': 6, 'deprel': 'amod', 'lemma': 'ראשונה'}]"
9,:,PUNCT,PUNCT,,2.0,punct,"(28, 29)",:,
10,1,NUM,NUM,,2.0,appos,"(30, 31)",1,
1,מדידה,NOUN,NOUN,Gender=Fem|Number=Sing,7.0,nsubj,"(1, 6)",מדידה,
2,של,ADP,ADP,Case=Gen,3.0,case:gen,"(7, 9)",של,
3,רמות,NOUN,NOUN,Definite=Cons|Gender=Fem|Number=Plur,1.0,nmod:poss,"(10, 14)",רמה,
"(4, 5)",הרעש,,,,,,"(15, 19)",,"[{'id': 4, 'text': 'ה', 'upos': 'DET', 'xpos': 'DET', 'feats': 'PronType=Art', 'head': 5, 'deprel': 'det:def', 'lemma': 'ה'}, {'id': 5, 'text': 'רעש', 'upos': 'NOUN', 'xpos': 'NOUN', 'feats': 'Gender=Masc|Number=Sing', 'head': 3, 'deprel': 'compound:smixut', 'lemma': 'רעש'}]"
6,עקב,CCONJ,CCONJ,,7.0,case,"(20, 23)",עקב,
7,פעולת,NOUN,NOUN,Definite=Cons|Gender=Fem|Number=Sing,0.0,root,"(24, 29)",פעולה,
8,יחידות,NOUN,NOUN,Definite=Cons|Gender=Fem|Number=Plur,7.0,compound:smixut,"(30, 36)",יחידה,
"(9, 10)",העיבוי,,,,,,"(37, 43)",,"[{'id': 9, 'text': 'ה', 'upos': 'DET', 'xpos': 'DET', 'feats': 'PronType=Art', 'head': 10, 'deprel': 'det:def', 'lemma': 'ה'}, {'id': 10, 'text': 'עיבוי', 'upos': 'NOUN', 'xpos': 'NOUN', 'feats': 'Gender=Masc|Number=Sing', 'head': 8, 'deprel': 'compound:smixut', 'lemma': 'עיבוי'}]"
"(11, 12)",בדירה,,,,,,"(44, 49)",,"[{'id': 11, 'text': 'ב', 'upos': 'ADP', 'xpos': 'ADP', 'head': 12, 'deprel': 'case', 'lemma': 'ב'}, {'id': 12, 'text': 'דירה', 'upos': 'NOUN', 'xpos': 'NOUN', 'feats': 'Gender=Fem|Number=Sing', 'head': 7, 'deprel': 'nmod', 'lemma': 'דירה'}]"
"(13, 14)",שתשמש,,,,,,"(50, 55)",,"[{'id': 13, 'text': 'ש', 'upos': 'SCONJ', 'xpos': 'SCONJ', 'head': 14, 'deprel': 'mark', 'lemma': 'ש'}, {'id': 14, 'text': 'תשמש', 'upos': 'VERB', 'xpos': 'VERB', 'feats': 'Gender=Fem|HebBinyan=HITPAEL|Number=Sing|Person=3|Tense=Fut', 'head': 12, 'deprel': 'acl:relcl', 'lemma': 'שימש'}]"
"(15, 17)",כמודל,,,,,,"(56, 61)",,"[{'id': 15, 'text': 'כ', 'upos': 'ADP', 'xpos': 'ADP', 'head': 17, 'deprel': 'case', 'lemma': 'כ'}, {'id': 16, 'text': 'ה_', 'upos': 'DET', 'xpos': 'DET', 'feats': 'PronType=Art', 'head': 17, 'deprel': 'det:def', 'lemma': 'ה'}, {'id': 17, 'text': 'מודל', 'upos': 'NOUN', 'xpos': 'NOUN', 'feats': 'Gender=Masc|Number=Sing', 'head': 14, 'deprel': 'obl', 'lemma': 'מודל'}]"
"(18, 19)",למחקר,,,,,,"(62, 67)",,"[{'id': 18, 'text': 'ל', 'upos': 'ADP', 'xpos': 'ADP', 'head': 19, 'deprel': 'case', 'lemma': 'ל'}, {'id': 19, 'text': 'מחקר', 'upos': 'NOUN', 'xpos': 'NOUN', 'feats': 'Gender=Masc|Number=Sing', 'head': 17, 'deprel': 'nmod', 'lemma': 'מחקר'}]"
20,2,NUM,NUM,,19.0,nummod,"(68, 69)",2,
1,עיבוד,NOUN,NOUN,Definite=Cons|Gender=Masc|Number=Sing,0.0,root,"(1, 6)",עיבוד,
2,תוצאות,NOUN,NOUN,Definite=Cons|Gender=Fem|Number=Plur,1.0,compound:smixut,"(7, 13)",תוצאה,
"(3, 4)",המדידה,,,,,,"(14, 20)",,"[{'id': 3, 'text': 'ה', 'upos': 'DET', 'xpos': 'DET', 'feats': 'PronType=Art', 'head': 4, 'deprel': 'det:def', 'lemma': 'ה'}, {'id': 4, 'text': 'מדידה', 'upos': 'NOUN', 'xpos': 'NOUN', 'feats': 'Gender=Fem|Number=Sing', 'head': 2, 'deprel': 'compound:smixut', 'lemma': 'מדידה'}]"
"(5, 7)",במישור,,,,,,"(21, 27)",,"[{'id': 5, 'text': 'ב', 'upos': 'ADP', 'xpos': 'ADP', 'head': 7, 'deprel': 'case', 'lemma': 'ב'}, {'id': 6, 'text': 'ה_', 'upos': 'DET', 'xpos': 'DET', 'feats': 'PronType=Art', 'head': 7, 'deprel': 'det:def', 'lemma': 'ה'}, {'id': 7, 'text': 'מישור', 'upos': 'NOUN', 'xpos': 'NOUN', 'feats': 'Gender=Masc|Number=Sing', 'head': 2, 'deprel': 'nmod', 'lemma': 'מישור'}]"
"(8, 9)",התדר,,,,,,"(28, 32)",,"[{'id': 8, 'text': 'ה', 'upos': 'DET', 'xpos': 'DET', 'feats': 'PronType=Art', 'head': 9, 'deprel': 'det:def', 'lemma': 'ה'}, {'id': 9, 'text': 'תדר', 'upos': 'ADJ', 'xpos': 'ADJ', 'feats': 'Gender=Masc|Number=Sing', 'head': 7, 'deprel': 'amod', 'lemma': 'תדר'}]"
"(10, 12)",והעוצמה,,,,,,"(33, 40)",,"[{'id': 10, 'text': 'ו', 'upos': 'CCONJ', 'xpos': 'CCONJ', 'head': 12, 'deprel': 'cc', 'lemma': 'ו'}, {'id': 11, 'text': 'ה', 'upos': 'DET', 'xpos': 'DET', 'feats': 'PronType=Art', 'head': 12, 'deprel': 'det:def', 'lemma': 'ה'}, {'id': 12, 'text': 'עוצמה', 'upos': 'NOUN', 'xpos': 'NOUN', 'feats': 'Gender=Fem|Number=Sing', 'head': 7, 'deprel': 'conj', 'lemma': 'עוצמה'}]"
13,3,NUM,NUM,,1.0,nummod,"(41, 42)",3,
1,הפעלה,NOUN,NOUN,Gender=Fem|Number=Sing,0.0,root,"(1, 6)",הפעלה,
"(2, 5)",ובדיקה,,,,,,"(7, 13)",,"[{'id': 2, 'text': 'ו', 'upos': 'CCONJ', 'xpos': 'CCONJ', 'head': 5, 'deprel': 'cc', 'lemma': 'ו'}, {'id': 3, 'text': 'ב', 'upos': 'ADP', 'xpos': 'ADP', 'head': 5, 'deprel': 'case', 'lemma': 'ב'}, {'id': 4, 'text': 'ה_', 'upos': 'DET', 'xpos': 'DET', 'feats': 'PronType=Art', 'head': 5, 'deprel': 'det:def', 'lemma': 'ה'}, {'id': 5, 'text': 'דיקה', 'upos': 'NOUN', 'xpos': 'NOUN', 'feats': 'Gender=Fem|Number=Sing', 'head': 1, 'deprel': 'conj', 'lemma': 'דיקה'}]"
6,של,ADP,ADP,Case=Gen,7.0,case:gen,"(14, 16)",של,
7,מודל,NOUN,NOUN,Gender=Masc|Number=Sing,1.0,nmod:poss,"(17, 21)",מודל,
8,חישובי,ADJ,ADJ,Gender=Masc|Number=Sing,7.0,amod,"(22, 28)",חישוב,
"(9, 10)",לפתרון,,,,,,"(29, 35)",,"[{'id': 9, 'text': 'ל', 'upos': 'ADP', 'xpos': 'ADP', 'head': 10, 'deprel': 'case', 'lemma': 'ל'}, {'id': 10, 'text': 'פתרון', 'upos': 'NOUN', 'xpos': 'NOUN', 'feats': 'Gender=Masc|Number=Sing', 'head': 7, 'deprel': 'nmod', 'lemma': 'פתרון'}]"
11,אקוסטי,ADJ,ADJ,Gender=Masc|Number=Sing,10.0,amod,"(36, 42)",אקוסטי,
12,דו־ממדי,ADV,ADV,,10.0,amod,"(43, 50)",דו־ממדי,
13,4,NUM,NUM,,1.0,nummod,"(51, 52)",4,
1,סימולציה,NOUN,NOUN,Gender=Fem|Number=Sing,0.0,root,"(1, 9)",סימולציה,
2,דו,ADV,ADV,Prefix=Yes,4.0,compound:affix,"(10, 12)",דו,
3,-,PUNCT,PUNCT,,4.0,punct,"(12, 13)",-,
4,ממדית,ADJ,ADJ,Gender=Fem|Number=Sing,1.0,amod,"(13, 18)",ממדי,
5,של,ADP,ADP,Case=Gen,6.0,case:gen,"(19, 21)",של,
6,התפשטות,NOUN,NOUN,Definite=Cons|Gender=Fem|Number=Sing,1.0,nmod,"(22, 29)",התפשטות,
7,רעש,NOUN,NOUN,Gender=Masc|Number=Sing,6.0,compound:smixut,"(30, 33)",רעש,
"(8, 9)",בחדר,,,,,,"(34, 38)",,"[{'id': 8, 'text': 'ב', 'upos': 'ADP', 'xpos': 'ADP', 'head': 9, 'deprel': 'case', 'lemma': 'ב'}, {'id': 9, 'text': 'חדר', 'upos': 'NOUN', 'xpos': 'NOUN', 'feats': 'Gender=Masc|Number=Sing', 'head': 6, 'deprel': 'nmod', 'lemma': 'חדר'}]"
10,סמוך,ADJ,ADJ,Gender=Masc|Number=Sing,9.0,amod,"(39, 43)",סמוך,
"(11, 12)",למקור,,,,,,"(44, 49)",,"[{'id': 11, 'text': 'ל', 'upos': 'ADP', 'xpos': 'ADP', 'head': 12, 'deprel': 'case', 'lemma': 'ל'}, {'id': 12, 'text': 'מקור', 'upos': 'NOUN', 'xpos': 'NOUN', 'feats': 'Definite=Cons|Gender=Masc|Number=Sing', 'head': 9, 'deprel': 'nmod', 'lemma': 'מקור'}]"
13,רעש,NOUN,NOUN,Gender=Masc|Number=Sing,12.0,compound:smixut,"(50, 53)",רעש,
"(14, 16)",והשוואה,,,,,,"(54, 61)",,"[{'id': 14, 'text': 'ו', 'upos': 'CCONJ', 'xpos': 'CCONJ', 'head': 16, 'deprel': 'cc', 'lemma': 'ו'}, {'id': 15, 'text': 'ה', 'upos': 'DET', 'xpos': 'DET', 'feats': 'PronType=Art', 'head': 16, 'deprel': 'mark', 'lemma': 'ה'}, {'id': 16, 'text': 'שוואה', 'upos': 'VERB', 'xpos': 'VERB', 'feats': 'VerbForm=Part', 'head': 6, 'deprel': 'conj', 'lemma': 'שוואה'}]"
17,עם,ADP,ADP,,18.0,case,"(62, 64)",עם,
18,תוצאות,NOUN,NOUN,Definite=Cons|Gender=Fem|Number=Plur,16.0,obl,"(65, 71)",תוצאה,
"(19, 20)",המדידה,,,,,,"(72, 78)",,"[{'id': 19, 'text': 'ה', 'upos': 'DET', 'xpos': 'DET', 'feats': 'PronType=Art', 'head': 20, 'deprel': 'det:def', 'lemma': 'ה'}, {'id': 20, 'text': 'מדידה', 'upos': 'NOUN', 'xpos': 'NOUN', 'feats': 'Gender=Fem|Number=Sing', 'head': 18, 'deprel': 'compound:smixut', 'lemma': 'מדידה'}]"
"(21, 23)",בשטח,,,,,,"(79, 83)",,"[{'id': 21, 'text': 'ב', 'upos': 'ADP', 'xpos': 'ADP', 'head': 23, 'deprel': 'case', 'lemma': 'ב'}, {'id': 22, 'text': 'ה_', 'upos': 'DET', 'xpos': 'DET', 'feats': 'PronType=Art', 'head': 23, 'deprel': 'det:def', 'lemma': 'ה'}, {'id': 23, 'text': 'שטח', 'upos': 'NOUN', 'xpos': 'NOUN', 'feats': 'Gender=Masc|Number=Sing', 'head': 20, 'deprel': 'nmod', 'lemma': 'שטח'}]"
"(1, 2)",המשימות,,,,,,"(1, 8)",,"[{'id': 1, 'text': 'ה', 'upos': 'DET', 'xpos': 'DET', 'feats': 'PronType=Art', 'head': 2, 'deprel': 'det:def', 'lemma': 'ה'}, {'id': 2, 'text': 'משימות', 'upos': 'NOUN', 'xpos': 'NOUN', 'feats': 'Gender=Fem|Number=Plur', 'head': 0, 'deprel': 'root', 'lemma': 'משימה'}]"
"(3, 4)",שבוצעו,,,,,,"(9, 15)",,"[{'id': 3, 'text': 'ש', 'upos': 'SCONJ', 'xpos': 'SCONJ', 'head': 4, 'deprel': 'mark', 'lemma': 'ש'}, {'id': 4, 'text': 'בוצעו', 'upos': 'VERB', 'xpos': 'VERB', 'feats': 'Gender=Fem,Masc|HebBinyan=PUAL|Number=Plur|Person=3|Tense=Past|Voice=Pass', 'head': 2, 'deprel': 'acl:relcl', 'lemma': 'בוצע'}]"
"(5, 6)",בשנה,,,,,,"(16, 20)",,"[{'id': 5, 'text': 'ב', 'upos': 'ADP', 'xpos': 'ADP', 'head': 6, 'deprel': 'case', 'lemma': 'ב'}, {'id': 6, 'text': 'שנה', 'upos': 'NOUN', 'xpos': 'NOUN', 'feats': 'Gender=Fem|Number=Sing', 'head': 4, 'deprel': 'obl', 'lemma': 'שנה'}]"
"(7, 8)",השניה,,,,,,"(21, 26)",,"[{'id': 7, 'text': 'ה', 'upos': 'DET', 'xpos': 'DET', 'feats': 'PronType=Art', 'head': 8, 'deprel': 'det:def', 'lemma': 'ה'}, {'id': 8, 'text': 'שניה', 'upos': 'NUM', 'xpos': 'NUM', 'feats': 'Gender=Fem|Number=Sing', 'head': 6, 'deprel': 'amod', 'lemma': 'שניה'}]"
9,:,PUNCT,PUNCT,,2.0,punct,"(26, 27)",:,
10,1,NUM,NUM,,2.0,appos,"(28, 29)",1,
1,אימות,NOUN,NOUN,Definite=Cons|Gender=Fem|Number=Sing,0.0,root,"(1, 6)",אימות,
"(2, 3)",הדיוק,,,,,,"(7, 12)",,"[{'id': 2, 'text': 'ה', 'upos': 'DET', 'xpos': 'DET', 'feats': 'PronType=Art', 'head': 3, 'deprel': 'det:def', 'lemma': 'ה'}, {'id': 3, 'text': 'דיוק', 'upos': 'NOUN', 'xpos': 'NOUN', 'feats': 'Gender=Masc|Number=Sing', 'head': 1, 'deprel': 'compound:smixut', 'lemma': 'דיוק'}]"
4,של,ADP,ADP,Case=Gen,6.0,case:gen,"(13, 15)",של,
"(5, 6)",המודל,,,,,,"(16, 21)",,"[{'id': 5, 'text': 'ה', 'upos': 'DET', 'xpos': 'DET', 'feats': 'PronType=Art', 'head': 6, 'deprel': 'det:def', 'lemma': 'ה'}, {'id': 6, 'text': 'מודל', 'upos': 'NOUN', 'xpos': 'NOUN', 'feats': 'Gender=Masc|Number=Sing', 'head': 1, 'deprel': 'nmod:poss', 'lemma': 'מודל'}]"
"(7, 8)",החישובי,,,,,,"(22, 29)",,"[{'id': 7, 'text': 'ה', 'upos': 'DET', 'xpos': 'DET', 'feats': 'PronType=Art', 'head': 8, 'deprel': 'det:def', 'lemma': 'ה'}, {'id': 8, 'text': 'חישובי', 'upos': 'ADJ', 'xpos': 'ADJ', 'feats': 'Gender=Masc|Number=Sing', 'head': 6, 'deprel': 'amod', 'lemma': 'חישוב'}]"
"(9, 10)",לפתרון,,,,,,"(30, 36)",,"[{'id': 9, 'text': 'ל', 'upos': 'ADP', 'xpos': 'ADP', 'head': 10, 'deprel': 'case', 'lemma': 'ל'}, {'id': 10, 'text': 'פתרון', 'upos': 'NOUN', 'xpos': 'NOUN', 'feats': 'Gender=Masc|Number=Sing', 'head': 6, 'deprel': 'nmod', 'lemma': 'פתרון'}]"
11,אקוסטי,ADJ,ADJ,Gender=Masc|Number=Sing,10.0,amod,"(37, 43)",אקוסטי,
12,דו־ממדי,ADV,ADV,,10.0,amod,"(44, 51)",דו־ממדי,
13,",",PUNCT,PUNCT,,1.0,punct,"(51, 52)",",",
14,2,NUM,NUM,,1.0,appos,"(53, 54)",2,
1,הפעלה,NOUN,NOUN,Gender=Fem|Number=Sing,0.0,root,"(1, 6)",הפעלה,
"(2, 5)",ובדיקה,,,,,,"(7, 13)",,"[{'id': 2, 'text': 'ו', 'upos': 'CCONJ', 'xpos': 'CCONJ', 'head': 5, 'deprel': 'cc', 'lemma': 'ו'}, {'id': 3, 'text': 'ב', 'upos': 'ADP', 'xpos': 'ADP', 'head': 5, 'deprel': 'case', 'lemma': 'ב'}, {'id': 4, 'text': 'ה_', 'upos': 'DET', 'xpos': 'DET', 'feats': 'PronType=Art', 'head': 5, 'deprel': 'det:def', 'lemma': 'ה'}, {'id': 5, 'text': 'דיקה', 'upos': 'NOUN', 'xpos': 'NOUN', 'feats': 'Gender=Fem|Number=Sing', 'head': 1, 'deprel': 'conj', 'lemma': 'דיקה'}]"
6,של,ADP,ADP,Case=Gen,7.0,case:gen,"(14, 16)",של,
7,מודל,NOUN,NOUN,Gender=Masc|Number=Sing,1.0,nmod:poss,"(17, 21)",מודל,
8,חישובי,ADJ,ADJ,Gender=Masc|Number=Sing,7.0,amod,"(22, 28)",חישוב,
"(9, 10)",לפתרון,,,,,,"(29, 35)",,"[{'id': 9, 'text': 'ל', 'upos': 'ADP', 'xpos': 'ADP', 'head': 10, 'deprel': 'case', 'lemma': 'ל'}, {'id': 10, 'text': 'פתרון', 'upos': 'NOUN', 'xpos': 'NOUN', 'feats': 'Gender=Masc|Number=Sing', 'head': 7, 'deprel': 'nmod', 'lemma': 'פתרון'}]"
11,אקוסטי,ADJ,ADJ,Gender=Masc|Number=Sing,10.0,amod,"(36, 42)",אקוסטי,
12,תלת,ADV,ADV,Prefix=Yes,14.0,compound:affix,"(43, 46)",תלת,
13,-,PUNCT,PUNCT,,14.0,punct,"(46, 47)",-,
14,ממדי,ADJ,ADJ,Gender=Masc|Number=Sing,10.0,amod,"(47, 51)",ממדי,
15,",",PUNCT,PUNCT,,1.0,punct,"(51, 52)",",",
16,3,NUM,NUM,,1.0,nummod,"(53, 54)",3,
1,סימולציה,NOUN,NOUN,Gender=Fem|Number=Sing,0.0,root,"(1, 9)",סימולציה,
2,תלת,ADV,ADV,Prefix=Yes,3.0,compound:affix,"(10, 13)",תלת,
3,־ממדית,ADJ,ADJ,Gender=Fem|Number=Sing,1.0,amod,"(13, 19)",_,
4,של,ADP,ADP,Case=Gen,5.0,case:gen,"(20, 22)",של,
5,התפשטות,NOUN,NOUN,Definite=Cons|Gender=Fem|Number=Sing,1.0,nmod,"(23, 30)",התפשטות,
6,רעש,NOUN,NOUN,Gender=Masc|Number=Sing,5.0,compound:smixut,"(31, 34)",רעש,
"(7, 8)",בחדר,,,,,,"(35, 39)",,"[{'id': 7, 'text': 'ב', 'upos': 'ADP', 'xpos': 'ADP', 'head': 8, 'deprel': 'case', 'lemma': 'ב'}, {'id': 8, 'text': 'חדר', 'upos': 'NOUN', 'xpos': 'NOUN', 'feats': 'Gender=Masc|Number=Sing', 'head': 5, 'deprel': 'nmod', 'lemma': 'חדר'}]"
9,סמוך,ADJ,ADJ,Gender=Masc|Number=Sing,8.0,amod,"(40, 44)",סמוך,
"(10, 11)",למקור,,,,,,"(45, 50)",,"[{'id': 10, 'text': 'ל', 'upos': 'ADP', 'xpos': 'ADP', 'head': 11, 'deprel': 'case', 'lemma': 'ל'}, {'id': 11, 'text': 'מקור', 'upos': 'NOUN', 'xpos': 'NOUN', 'feats': 'Definite=Cons|Gender=Masc|Number=Sing', 'head': 8, 'deprel': 'nmod', 'lemma': 'מקור'}]"
12,רעש,NOUN,NOUN,Gender=Masc|Number=Sing,11.0,compound:smixut,"(51, 54)",רעש,
"(13, 15)",והשוואה,,,,,,"(55, 62)",,"[{'id': 13, 'text': 'ו', 'upos': 'CCONJ', 'xpos': 'CCONJ', 'head': 15, 'deprel': 'cc', 'lemma': 'ו'}, {'id': 14, 'text': 'ה', 'upos': 'DET', 'xpos': 'DET', 'feats': 'PronType=Art', 'head': 15, 'deprel': 'mark', 'lemma': 'ה'}, {'id': 15, 'text': 'שוואה', 'upos': 'VERB', 'xpos': 'VERB', 'feats': 'VerbForm=Part', 'head': 5, 'deprel': 'conj', 'lemma': 'שוואה'}]"
16,עם,ADP,ADP,,17.0,case,"(63, 65)",עם,
17,תוצאות,NOUN,NOUN,Definite=Cons|Gender=Fem|Number=Plur,15.0,obl,"(66, 72)",תוצאה,
"(18, 19)",המדידה,,,,,,"(73, 79)",,"[{'id': 18, 'text': 'ה', 'upos': 'DET', 'xpos': 'DET', 'feats': 'PronType=Art', 'head': 19, 'deprel': 'det:def', 'lemma': 'ה'}, {'id': 19, 'text': 'מדידה', 'upos': 'NOUN', 'xpos': 'NOUN', 'feats': 'Gender=Fem|Number=Sing', 'head': 17, 'deprel': 'compound:smixut', 'lemma': 'מדידה'}]"
"(20, 22)",בשטח,,,,,,"(80, 84)",,"[{'id': 20, 'text': 'ב', 'upos': 'ADP', 'xpos': 'ADP', 'head': 22, 'deprel': 'case', 'lemma': 'ב'}, {'id': 21, 'text': 'ה_', 'upos': 'DET', 'xpos': 'DET', 'feats': 'PronType=Art', 'head': 22, 'deprel': 'det:def', 'lemma': 'ה'}, {'id': 22, 'text': 'שטח', 'upos': 'NOUN', 'xpos': 'NOUN', 'feats': 'Gender=Masc|Number=Sing', 'head': 19, 'deprel': 'nmod', 'lemma': 'שטח'}]"
23,",",PUNCT,PUNCT,,1.0,punct,"(84, 85)",",",
24,4,NUM,NUM,,1.0,appos,"(86, 87)",4,
1,אנליזה,NOUN,NOUN,Gender=Fem|Number=Sing,0.0,root,"(1, 7)",אנליזה,
2,דו,ADV,ADV,Prefix=Yes,4.0,compound:affix,"(8, 10)",דו,
3,-,PUNCT,PUNCT,,4.0,punct,"(10, 11)",-,
4,ממדית,ADJ,ADJ,Gender=Fem|Number=Sing,1.0,amod,"(11, 16)",ממדי,
5,של,ADP,ADP,Case=Gen,6.0,case:gen,"(17, 19)",של,
6,מידת,NOUN,NOUN,Definite=Cons|Gender=Fem|Number=Sing,1.0,nmod,"(20, 24)",מידה,
"(7, 8)",ההנחתה,,,,,,"(25, 31)",,"[{'id': 7, 'text': 'ה', 'upos': 'DET', 'xpos': 'DET', 'feats': 'PronType=Art', 'head': 8, 'deprel': 'det:def', 'lemma': 'ה'}, {'id': 8, 'text': 'הנחתה', 'upos': 'NOUN', 'xpos': 'NOUN', 'feats': 'Gender=Fem|Number=Sing', 'head': 6, 'deprel': 'compound:smixut', 'lemma': 'הנחתה'}]"
"(9, 10)",האקטיבית,,,,,,"(32, 40)",,"[{'id': 9, 'text': 'ה', 'upos': 'DET', 'xpos': 'DET', 'feats': 'PronType=Art', 'head': 10, 'deprel': 'det:def', 'lemma': 'ה'}, {'id': 10, 'text': 'אקטיבית', 'upos': 'ADJ', 'xpos': 'ADJ', 'feats': 'Gender=Fem|Number=Sing', 'head': 8, 'deprel': 'amod', 'lemma': 'אקטיבי'}]"
11,של,ADP,ADP,Case=Gen,12.0,case:gen,"(41, 43)",של,
12,רעש,NOUN,NOUN,Definite=Cons|Gender=Masc|Number=Sing,8.0,nmod,"(44, 47)",רעש,
"(13, 14)",המקור,,,,,,"(48, 53)",,"[{'id': 13, 'text': 'ה', 'upos': 'DET', 'xpos': 'DET', 'feats': 'PronType=Art', 'head': 14, 'deprel': 'det:def', 'lemma': 'ה'}, {'id': 14, 'text': 'מקור', 'upos': 'NOUN', 'xpos': 'NOUN', 'feats': 'Gender=Masc|Number=Sing', 'head': 12, 'deprel': 'compound:smixut', 'lemma': 'מקור'}]"
"(15, 16)",בעזרת,,,,,,"(54, 59)",,"[{'id': 15, 'text': 'ב', 'upos': 'ADP', 'xpos': 'ADP', 'head': 16, 'deprel': 'case', 'lemma': 'ב'}, {'id': 16, 'text': 'עזרת', 'upos': 'NOUN', 'xpos': 'NOUN', 'feats': 'Definite=Cons|Gender=Fem|Number=Sing', 'head': 1, 'deprel': 'nmod', 'lemma': 'עזרה'}]"
17,מקורות,NOUN,NOUN,Definite=Cons|Gender=Masc|Number=Plur,16.0,compound:smixut,"(60, 66)",מקור,
18,רעש,NOUN,NOUN,Gender=Masc|Number=Sing,17.0,compound:smixut,"(67, 70)",רעש,
19,משניים,ADJ,ADJ,Gender=Masc|Number=Plur,17.0,amod,"(71, 77)",משני,
"(1, 2)",המשימות,,,,,,"(1, 8)",,"[{'id': 1, 'text': 'ה', 'upos': 'DET', 'xpos': 'DET', 'feats': 'PronType=Art', 'head': 2, 'deprel': 'det:def', 'lemma': 'ה'}, {'id': 2, 'text': 'משימות', 'upos': 'NOUN', 'xpos': 'NOUN', 'feats': 'Gender=Fem|Number=Plur', 'head': 0, 'deprel': 'root', 'lemma': 'משימה'}]"
"(3, 4)",שבוצעו,,,,,,"(9, 15)",,"[{'id': 3, 'text': 'ש', 'upos': 'SCONJ', 'xpos': 'SCONJ', 'head': 4, 'deprel': 'mark', 'lemma': 'ש'}, {'id': 4, 'text': 'בוצעו', 'upos': 'VERB', 'xpos': 'VERB', 'feats': 'Gender=Fem,Masc|HebBinyan=PUAL|Number=Plur|Person=3|Tense=Past|Voice=Pass', 'head': 2, 'deprel': 'acl:relcl', 'lemma': 'בוצע'}]"
"(5, 6)",בשנה,,,,,,"(16, 20)",,"[{'id': 5, 'text': 'ב', 'upos': 'ADP', 'xpos': 'ADP', 'head': 6, 'deprel': 'case', 'lemma': 'ב'}, {'id': 6, 'text': 'שנה', 'upos': 'NOUN', 'xpos': 'NOUN', 'feats': 'Gender=Fem|Number=Sing', 'head': 4, 'deprel': 'obl', 'lemma': 'שנה'}]"
"(7, 8)",השלישית,,,,,,"(21, 28)",,"[{'id': 7, 'text': 'ה', 'upos': 'DET', 'xpos': 'DET', 'feats': 'PronType=Art', 'head': 8, 'deprel': 'det:def', 'lemma': 'ה'}, {'id': 8, 'text': 'שלישית', 'upos': 'NUM', 'xpos': 'NUM', 'feats': 'Gender=Fem|Number=Sing', 'head': 6, 'deprel': 'amod', 'lemma': 'שלישית'}]"
9,:,PUNCT,PUNCT,,2.0,punct,"(28, 29)",:,
10,1,NUM,NUM,,2.0,appos,"(30, 31)",1,
1,אנליזה,NOUN,NOUN,Gender=Fem|Number=Sing,0.0,root,"(1, 7)",אנליזה,
2,תלת,ADV,ADV,Prefix=Yes,4.0,compound:affix,"(8, 11)",תלת,
3,-,PUNCT,PUNCT,,4.0,punct,"(11, 12)",-,
4,ממדית,ADJ,ADJ,Gender=Fem|Number=Sing,1.0,amod,"(12, 17)",ממדי,
5,של,ADP,ADP,Case=Gen,6.0,case:gen,"(18, 20)",של,
6,הנחתה,NOUN,NOUN,Gender=Fem|Number=Sing,1.0,nmod,"(21, 26)",הנחתה,
7,אקטיבית,ADJ,ADJ,Gender=Fem|Number=Sing,6.0,amod,"(27, 34)",אקטיבי,
"(8, 9)",במרחב,,,,,,"(35, 40)",,"[{'id': 8, 'text': 'ב', 'upos': 'ADP', 'xpos': 'ADP', 'head': 9, 'deprel': 'case', 'lemma': 'ב'}, {'id': 9, 'text': 'מרחב', 'upos': 'NOUN', 'xpos': 'NOUN', 'feats': 'Definite=Cons|Gender=Masc|Number=Sing', 'head': 6, 'deprel': 'nmod', 'lemma': 'מרחב'}]"
"(10, 11)",החדר,,,,,,"(41, 45)",,"[{'id': 10, 'text': 'ה', 'upos': 'DET', 'xpos': 'DET', 'feats': 'PronType=Art', 'head': 11, 'deprel': 'det:def', 'lemma': 'ה'}, {'id': 11, 'text': 'חדר', 'upos': 'NOUN', 'xpos': 'NOUN', 'feats': 'Gender=Masc|Number=Sing', 'head': 9, 'deprel': 'compound:smixut', 'lemma': 'חדר'}]"
12,באמצעות,ADP,ADP,,14.0,case,"(46, 53)",באמצעות,
13,שני,NUM,NUM,Definite=Cons|Gender=Masc|Number=Plur,14.0,nummod,"(54, 57)",שני,
14,מקורות,NOUN,NOUN,Definite=Cons|Gender=Masc|Number=Plur,1.0,nmod,"(58, 64)",מקור,
15,רעש,NOUN,NOUN,Gender=Masc|Number=Sing,14.0,compound:smixut,"(65, 68)",רעש,
16,משניים,ADJ,ADJ,Gender=Masc|Number=Plur,14.0,amod,"(69, 75)",משני,
17,(,PUNCT,PUNCT,,18.0,punct,"(76, 77)",(,
18,רמקולים,NOUN,NOUN,Gender=Masc|Number=Plur,14.0,appos,"(77, 84)",רמקול,
19,),PUNCT,PUNCT,,18.0,punct,"(84, 85)",),
1,2,NUM,NUM,,0.0,root,"(1, 2)",2,
1,ביצוע,NOUN,NOUN,Definite=Cons|Gender=Masc|Number=Sing,0.0,root,"(1, 6)",ביצוע,
2,ניסויי,NOUN,NOUN,Definite=Cons|Gender=Masc|Number=Plur,1.0,compound:smixut,"(7, 13)",ניסוי,
3,היתכנות,NOUN,NOUN,Gender=Fem|Number=Sing,2.0,compound:smixut,"(14, 21)",היתכנות,
4,של,ADP,ADP,Case=Gen,5.0,case:gen,"(22, 24)",של,
5,הנחתה,NOUN,NOUN,Gender=Fem|Number=Sing,2.0,nmod:poss,"(25, 30)",הנחתה,
6,אקטיבית,ADJ,ADJ,Gender=Fem|Number=Sing,5.0,amod,"(31, 38)",אקטיבי,
"(7, 8)",בתנאי,,,,,,"(39, 44)",,"[{'id': 7, 'text': 'ב', 'upos': 'ADP', 'xpos': 'ADP', 'head': 8, 'deprel': 'case', 'lemma': 'ב'}, {'id': 8, 'text': 'תנאי', 'upos': 'NOUN', 'xpos': 'NOUN', 'feats': 'Definite=Cons|Gender=Masc|Number=Plur', 'head': 5, 'deprel': 'nmod', 'lemma': 'תנאי'}]"
9,אמת,NOUN,NOUN,Gender=Fem|Number=Sing,8.0,compound:smixut,"(45, 48)",אמת,
10,באמצעות,ADP,ADP,,11.0,case,"(49, 56)",באמצעות,
11,מערכת,NOUN,NOUN,Gender=Fem|Number=Sing,1.0,nmod,"(56, 61)",מערכת,
12,מעבדתית,ADJ,ADJ,Gender=Fem|Number=Sing,11.0,amod,"(62, 69)",מעבדתי,
13,פשוטה,ADJ,ADJ,Gender=Fem|Number=Sing,11.0,amod,"(70, 75)",פשוט,
"(14, 15)",שמורכבת,,,,,,"(76, 83)",,"[{'id': 14, 'text': 'ש', 'upos': 'SCONJ', 'xpos': 'SCONJ', 'head': 15, 'deprel': 'mark', 'lemma': 'ש'}, {'id': 15, 'text': 'מורכבת', 'upos': 'VERB', 'xpos': 'VERB', 'feats': 'Gender=Fem|HebBinyan=HUFAL|Number=Sing|Person=1,2,3|VerbForm=Part|Voice=Pass', 'head': 11, 'deprel': 'acl:relcl', 'lemma': 'הורכב'}]"
"(16, 17)",ממגבר,,,,,,"(84, 89)",,"[{'id': 16, 'text': 'מ', 'upos': 'ADP', 'xpos': 'ADP', 'head': 17, 'deprel': 'case', 'lemma': 'מ'}, {'id': 17, 'text': 'מגבר', 'upos': 'NOUN', 'xpos': 'NOUN', 'feats': 'Gender=Masc|Number=Sing', 'head': 15, 'deprel': 'obl', 'lemma': 'מגבר'}]"
"(18, 19)",ושני,,,,,,"(90, 94)",,"[{'id': 18, 'text': 'ו', 'upos': 'CCONJ', 'xpos': 'CCONJ', 'head': 20, 'deprel': 'cc', 'lemma': 'ו'}, {'id': 19, 'text': 'שני', 'upos': 'NUM', 'xpos': 'NUM', 'feats': 'Definite=Cons|Gender=Masc|Number=Plur', 'head': 20, 'deprel': 'nummod', 'lemma': 'שני'}]"
20,רמקולים,NOUN,NOUN,Gender=Masc|Number=Plur,17.0,conj,"(95, 102)",רמקול,
"(21, 24)",של ״15,,,,,,"(103, 109)",,"[{'id': 21, 'text': 'ש', 'upos': 'SCONJ', 'xpos': 'SCONJ', 'head': 24, 'deprel': 'mark', 'lemma': 'ש'}, {'id': 22, 'text': 'ל', 'upos': 'ADP', 'xpos': 'ADP', 'head': 24, 'deprel': 'case', 'lemma': 'ל'}, {'id': 23, 'text': 'ה_', 'upos': 'DET', 'xpos': 'DET', 'feats': 'PronType=Art', 'head': 24, 'deprel': 'det:def', 'lemma': 'ה'}, {'id': 24, 'text': 'אפ15', 'upos': 'PROPN', 'xpos': 'PROPN', 'head': 20, 'deprel': 'acl:relcl', 'lemma': 'אפ15'}]"
1,3,NUM,NUM,,0.0,root,"(1, 2)",3,
1,2,NUM,NUM,,0.0,root,"(0, 1)",2,
1,מדידת,NOUN,NOUN,Definite=Cons|Gender=Fem|Number=Sing,0.0,root,"(1, 6)",מדידה,
2,רעש,NOUN,NOUN,Gender=Masc|Number=Sing,1.0,compound:smixut,"(7, 10)",רעש,
3,עקב,CCONJ,CCONJ,,4.0,case,"(11, 14)",עקב,
4,פעולת,NOUN,NOUN,Definite=Cons|Gender=Fem|Number=Sing,1.0,nmod,"(15, 20)",פעולה,
5,מזגנים,NOUN,NOUN,Gender=Masc|Number=Plur,4.0,compound:smixut,"(21, 27)",מזגן,
6,3,NUM,NUM,,1.0,nummod,"(28, 29)",3,
1,2,NUM,NUM,,0.0,root,"(0, 1)",2,
1,1,NUM,NUM,,0.0,root,"(0, 1)",1,
1,אתר,NOUN,NOUN,Definite=Cons|Gender=Masc|Number=Sing,6.0,nsubj,"(1, 4)",אתר,
"(2, 3)",המדידות,,,,,,"(5, 12)",,"[{'id': 2, 'text': 'ה', 'upos': 'DET', 'xpos': 'DET', 'feats': 'PronType=Art', 'head': 3, 'deprel': 'det:def', 'lemma': 'ה'}, {'id': 3, 'text': 'מדידות', 'upos': 'NOUN', 'xpos': 'NOUN', 'feats': 'Gender=Fem|Number=Plur', 'head': 1, 'deprel': 'compound:smixut', 'lemma': 'מדידה'}]"
"(4, 5)",המדידות,,,,,,"(13, 20)",,"[{'id': 4, 'text': 'ה', 'upos': 'DET', 'xpos': 'DET', 'feats': 'PronType=Art', 'head': 5, 'deprel': 'det:def', 'lemma': 'ה'}, {'id': 5, 'text': 'מדידות', 'upos': 'NOUN', 'xpos': 'NOUN', 'feats': 'Gender=Fem|Number=Plur', 'head': 1, 'deprel': 'conj', 'lemma': 'מדידה'}]"
6,נעשו,VERB,VERB,"Gender=Fem,Masc|HebBinyan=NIFAL|Number=Plur|Person=3|Tense=Past|Voice=Mid",0.0,root,"(21, 25)",נעשה,
"(7, 8)",בדירה,,,,,,"(26, 31)",,"[{'id': 7, 'text': 'ב', 'upos': 'ADP', 'xpos': 'ADP', 'head': 8, 'deprel': 'case', 'lemma': 'ב'}, {'id': 8, 'text': 'דירה', 'upos': 'NOUN', 'xpos': 'NOUN', 'feats': 'Gender=Fem|Number=Sing', 'head': 6, 'deprel': 'obl', 'lemma': 'דירה'}]"
"(9, 10)",בבית,,,,,,"(32, 36)",,"[{'id': 9, 'text': 'ב', 'upos': 'ADP', 'xpos': 'ADP', 'head': 10, 'deprel': 'case', 'lemma': 'ב'}, {'id': 10, 'text': 'בית', 'upos': 'NOUN', 'xpos': 'NOUN', 'feats': 'Definite=Cons|Gender=Masc|Number=Sing', 'head': 8, 'deprel': 'nmod', 'lemma': 'בית'}]"
11,דירות,NOUN,NOUN,Gender=Fem|Number=Plur,10.0,compound:smixut,"(37, 42)",דירה,
"(12, 13)",בתל,,,,,,"(43, 46)",,"[{'id': 12, 'text': 'ב', 'upos': 'ADP', 'xpos': 'ADP', 'head': 13, 'deprel': 'case', 'lemma': 'ב'}, {'id': 13, 'text': 'תל', 'upos': 'NOUN', 'xpos': 'NOUN', 'feats': 'Definite=Cons|Gender=Masc|Number=Sing', 'head': 10, 'deprel': 'nmod', 'lemma': 'תל'}]"
"(14, 15)",־אביב,,,,,,"(46, 51)",,"[{'id': 14, 'text': 'ק', 'upos': 'NOUN', 'xpos': 'NOUN', 'feats': 'Gender=Masc|Number=Sing', 'head': 13, 'deprel': 'flat:name', 'lemma': 'ק'}, {'id': 15, 'text': 'אביב', 'upos': 'NOUN', 'xpos': 'NOUN', 'feats': 'Gender=Masc|Number=Sing', 'head': 14, 'deprel': 'flat:name', 'lemma': 'אביב'}]"
16,לאחר,ADP,ADP,,18.0,case,"(52, 56)",לאחר,
"(17, 18)",השעה,,,,,,"(57, 61)",,"[{'id': 17, 'text': 'ה', 'upos': 'DET', 'xpos': 'DET', 'feats': 'PronType=Art', 'head': 18, 'deprel': 'det:def', 'lemma': 'ה'}, {'id': 18, 'text': 'שעה', 'upos': 'NOUN', 'xpos': 'NOUN', 'feats': 'Gender=Fem|Number=Sing', 'head': 6, 'deprel': 'obl', 'lemma': 'שעה'}]"
19,10,NUM,NUM,,18.0,nummod,"(62, 64)",10,
"(20, 22)",בערב,,,,,,"(65, 69)",,"[{'id': 20, 'text': 'ב', 'upos': 'ADP', 'xpos': 'ADP', 'head': 22, 'deprel': 'case', 'lemma': 'ב'}, {'id': 21, 'text': 'ה_', 'upos': 'DET', 'xpos': 'DET', 'feats': 'PronType=Art', 'head': 22, 'deprel': 'det:def', 'lemma': 'ה'}, {'id': 22, 'text': 'ערב', 'upos': 'NOUN', 'xpos': 'NOUN', 'feats': 'Gender=Masc|Number=Sing', 'head': 18, 'deprel': 'nmod', 'lemma': 'ערב'}]"
23,כאשר,SCONJ,SCONJ,,34.0,mark,"(70, 74)",כאשר,
24,לפי,ADP,ADP,,26.0,case,"(75, 78)",לפי,
"(25, 26)",התקנות,,,,,,"(79, 85)",,"[{'id': 25, 'text': 'ה', 'upos': 'DET', 'xpos': 'DET', 'feats': 'PronType=Art', 'head': 26, 'deprel': 'det:def', 'lemma': 'ה'}, {'id': 26, 'text': 'תקנות', 'upos': 'NOUN', 'xpos': 'NOUN', 'feats': 'Gender=Fem|Number=Plur', 'head': 34, 'deprel': 'nmod', 'lemma': 'תקנה'}]"
27,רעש,NOUN,NOUN,Gender=Masc|Number=Sing,34.0,nsubj:cop,"(86, 89)",רעש,
28,בלתי,ADV,ADV,Prefix=Yes,29.0,compound:affix,"(90, 94)",בלתי,
29,סביר,ADJ,ADJ,Gender=Masc|Number=Sing,27.0,amod,"(95, 99)",סביר,
"(30, 31)",באזור,,,,,,"(100, 105)",,"[{'id': 30, 'text': 'ב', 'upos': 'ADP', 'xpos': 'ADP', 'head': 31, 'deprel': 'case', 'lemma': 'ב'}, {'id': 31, 'text': 'אזור', 'upos': 'NOUN', 'xpos': 'NOUN', 'feats': 'Definite=Cons|Gender=Masc|Number=Sing', 'head': 27, 'deprel': 'nmod', 'lemma': 'אזור'}]"
32,מגורים,NOUN,NOUN,Gender=Masc|Number=Plur,31.0,compound:smixut,"(106, 112)",מגורים,
33,הוא,AUX,AUX,Gender=Masc|Number=Sing|Person=3|Polarity=Pos|VerbForm=Part|VerbType=Cop,34.0,cop,"(113, 116)",הוא,
34,רעש,NOUN,NOUN,Gender=Masc|Number=Sing,6.0,advcl,"(117, 120)",רעש,
"(35, 36)",העולה,,,,,,"(121, 126)",,"[{'id': 35, 'text': 'ה', 'upos': 'SCONJ', 'xpos': 'SCONJ', 'head': 36, 'deprel': 'mark', 'lemma': 'ה'}, {'id': 36, 'text': 'עולה', 'upos': 'VERB', 'xpos': 'VERB', 'feats': 'Gender=Masc|HebBinyan=PAAL|Number=Sing|Person=1,2,3|VerbForm=Part|Voice=Act', 'head': 34, 'deprel': 'acl:relcl', 'lemma': 'עלה'}]"
37,על,ADP,ADP,,39.0,case,"(127, 129)",על,
38,40,NUM,NUM,,39.0,nummod,"(130, 132)",40,
39,דציבלים,NOUN,NOUN,Gender=Masc|Number=Plur,36.0,obl,"(133, 140)",דציבל,
"(40, 41)",בשעות,,,,,,"(141, 146)",,"[{'id': 40, 'text': 'ב', 'upos': 'ADP', 'xpos': 'ADP', 'head': 41, 'deprel': 'case', 'lemma': 'ב'}, {'id': 41, 'text': 'שעות', 'upos': 'NOUN', 'xpos': 'NOUN', 'feats': 'Definite=Cons|Gender=Fem|Number=Plur', 'head': 36, 'deprel': 'obl', 'lemma': 'שעה'}]"
"(42, 43)",הלילה,,,,,,"(147, 152)",,"[{'id': 42, 'text': 'ה', 'upos': 'DET', 'xpos': 'DET', 'feats': 'PronType=Art', 'head': 43, 'deprel': 'det:def', 'lemma': 'ה'}, {'id': 43, 'text': 'לילה', 'upos': 'NOUN', 'xpos': 'NOUN', 'feats': 'Gender=Masc|Number=Sing', 'head': 41, 'deprel': 'compound:smixut', 'lemma': 'לילה'}]"
44,(,PUNCT,PUNCT,,45.0,punct,"(153, 154)",(,
45,10,NUM,NUM,,36.0,parataxis,"(154, 156)",10,
"(46, 48)",בערב,,,,,,"(157, 161)",,"[{'id': 46, 'text': 'ב', 'upos': 'ADP', 'xpos': 'ADP', 'head': 48, 'deprel': 'case', 'lemma': 'ב'}, {'id': 47, 'text': 'ה_', 'upos': 'DET', 'xpos': 'DET', 'feats': 'PronType=Art', 'head': 48, 'deprel': 'det:def', 'lemma': 'ה'}, {'id': 48, 'text': 'ערב', 'upos': 'NOUN', 'xpos': 'NOUN', 'feats': 'Gender=Masc|Number=Sing', 'head': 45, 'deprel': 'obl', 'lemma': 'ערב'}]"
49,עד,ADP,ADP,,50.0,case,"(162, 164)",עד,
50,6,NUM,NUM,,45.0,obl,"(165, 166)",6,
"(51, 52)",בבקר,,,,,,"(167, 171)",,"[{'id': 51, 'text': 'ב', 'upos': 'ADP', 'xpos': 'ADP', 'head': 52, 'deprel': 'case', 'lemma': 'ב'}, {'id': 52, 'text': 'בקר', 'upos': 'PROPN', 'xpos': 'PROPN', 'head': 50, 'deprel': 'obl', 'lemma': 'בקר'}]"
53,),PUNCT,PUNCT,,45.0,punct,"(171, 172)",),
1,סכימה,NOUN,NOUN,Gender=Fem|Number=Sing,10.0,nsubj,"(1, 6)",סכימה,
2,של,ADP,ADP,Case=Gen,4.0,case:gen,"(7, 9)",של,
"(3, 4)",הדירה,,,,,,"(10, 15)",,"[{'id': 3, 'text': 'ה', 'upos': 'DET', 'xpos': 'DET', 'feats': 'PronType=Art', 'head': 4, 'deprel': 'det:def', 'lemma': 'ה'}, {'id': 4, 'text': 'דירה', 'upos': 'NOUN', 'xpos': 'NOUN', 'feats': 'Gender=Fem|Number=Sing', 'head': 1, 'deprel': 'nmod', 'lemma': 'דירה'}]"
"(5, 6)",ששמשה,,,,,,"(16, 21)",,"[{'id': 5, 'text': 'ש', 'upos': 'SCONJ', 'xpos': 'SCONJ', 'head': 6, 'deprel': 'mark', 'lemma': 'ש'}, {'id': 6, 'text': 'שמשה', 'upos': 'VERB', 'xpos': 'VERB', 'feats': 'Gender=Fem|Number=Sing|Person=3|Tense=Past', 'head': 4, 'deprel': 'acl:relcl', 'lemma': 'שמש'}]"
7,מודל,NOUN,NOUN,Gender=Masc|Number=Sing,6.0,obj,"(22, 26)",מודל,
"(8, 9)",למדידות,,,,,,"(27, 34)",,"[{'id': 8, 'text': 'ל', 'upos': 'ADP', 'xpos': 'ADP', 'head': 9, 'deprel': 'case', 'lemma': 'ל'}, {'id': 9, 'text': 'מדידות', 'upos': 'NOUN', 'xpos': 'NOUN', 'feats': 'Gender=Fem|Number=Sing', 'head': 7, 'deprel': 'nmod', 'lemma': 'מדידה'}]"
10,מתוארת,VERB,VERB,"Gender=Fem|HebBinyan=PUAL|Number=Sing|Person=1,2,3|VerbForm=Part|Voice=Pass",0.0,root,"(35, 41)",תואר,
"(11, 12)",בציור,,,,,,"(42, 47)",,"[{'id': 11, 'text': 'ב', 'upos': 'ADP', 'xpos': 'ADP', 'head': 12, 'deprel': 'case', 'lemma': 'ב'}, {'id': 12, 'text': 'ציור', 'upos': 'NOUN', 'xpos': 'NOUN', 'feats': 'Gender=Masc|Number=Sing', 'head': 10, 'deprel': 'obl', 'lemma': 'ציור'}]"
13,1,NUM,NUM,,12.0,nummod,"(48, 49)",1,
1,ביצוע,NOUN,NOUN,Definite=Cons|Gender=Masc|Number=Sing,4.0,nsubj,"(1, 6)",ביצוע,
"(2, 3)",המדידות,,,,,,"(7, 14)",,"[{'id': 2, 'text': 'ה', 'upos': 'DET', 'xpos': 'DET', 'feats': 'PronType=Art', 'head': 3, 'deprel': 'det:def', 'lemma': 'ה'}, {'id': 3, 'text': 'מדידות', 'upos': 'NOUN', 'xpos': 'NOUN', 'feats': 'Gender=Fem|Number=Plur', 'head': 1, 'deprel': 'compound:smixut', 'lemma': 'מדידה'}]"
4,דרש,VERB,VERB,Gender=Masc|HebBinyan=PAAL|Number=Sing|Person=3|Tense=Past|Voice=Act,0.0,root,"(15, 18)",דרש,
5,את,ADP,ADP,Case=Acc,6.0,case:acc,"(19, 21)",את,
"(6, 8)",הסכמתם,,,,,,"(22, 28)",,"[{'id': 6, 'text': 'הסכמה_', 'upos': 'NOUN', 'xpos': 'NOUN', 'feats': 'Definite=Def|Gender=Fem|Number=Sing', 'head': 4, 'deprel': 'obj', 'lemma': 'הסכמה'}, {'id': 7, 'text': '_של_', 'upos': 'ADP', 'xpos': 'ADP', 'head': 8, 'deprel': 'case:gen', 'lemma': 'של'}, {'id': 8, 'text': '_הם', 'upos': 'PRON', 'xpos': 'PRON', 'feats': 'Case=Gen|Gender=Masc|Number=Plur|Person=3|PronType=Prs', 'head': 6, 'deprel': 'nmod:poss', 'lemma': 'הוא'}]"
"(9, 10)",והבנתם,,,,,,"(29, 35)",,"[{'id': 9, 'text': 'ו', 'upos': 'CCONJ', 'xpos': 'CCONJ', 'head': 10, 'deprel': 'cc', 'lemma': 'ו'}, {'id': 10, 'text': 'הבנתם', 'upos': 'NOUN', 'xpos': 'NOUN', 'feats': 'Gender=Fem|Number=Sing', 'head': 6, 'deprel': 'conj', 'lemma': 'הבנתם'}]"
11,של,ADP,ADP,Case=Gen,12.0,case:gen,"(36, 38)",של,
12,דיירי,NOUN,NOUN,Definite=Cons|Gender=Masc|Number=Plur,10.0,nmod:poss,"(39, 44)",דייר,
"(13, 14)",הדירה,,,,,,"(45, 50)",,"[{'id': 13, 'text': 'ה', 'upos': 'DET', 'xpos': 'DET', 'feats': 'PronType=Art', 'head': 14, 'deprel': 'det:def', 'lemma': 'ה'}, {'id': 14, 'text': 'דירה', 'upos': 'NOUN', 'xpos': 'NOUN', 'feats': 'Gender=Fem|Number=Sing', 'head': 12, 'deprel': 'compound:smixut', 'lemma': 'דירה'}]"
"(15, 16)",וכן,,,,,,"(51, 54)",,"[{'id': 15, 'text': 'ו', 'upos': 'CCONJ', 'xpos': 'CCONJ', 'head': 19, 'deprel': 'cc', 'lemma': 'ו'}, {'id': 16, 'text': 'כן', 'upos': 'ADV', 'xpos': 'ADV', 'head': 19, 'deprel': 'det', 'lemma': 'כן'}]"
17,של,ADP,ADP,Case=Gen,19.0,case:gen,"(55, 57)",של,
"(18, 19)",השכנים,,,,,,"(58, 64)",,"[{'id': 18, 'text': 'ה', 'upos': 'DET', 'xpos': 'DET', 'feats': 'PronType=Art', 'head': 19, 'deprel': 'det:def', 'lemma': 'ה'}, {'id': 19, 'text': 'שכנים', 'upos': 'NOUN', 'xpos': 'NOUN', 'feats': 'Gender=Masc|Number=Plur', 'head': 12, 'deprel': 'conj', 'lemma': 'שכן'}]"
"(20, 21)",להפעלת,,,,,,"(65, 71)",,"[{'id': 20, 'text': 'ל', 'upos': 'ADP', 'xpos': 'ADP', 'head': 21, 'deprel': 'case', 'lemma': 'ל'}, {'id': 21, 'text': 'הפעלת', 'upos': 'NOUN', 'xpos': 'NOUN', 'feats': 'Definite=Cons|Gender=Fem|Number=Sing', 'head': 10, 'deprel': 'nmod', 'lemma': 'הפעלה'}]"
"(22, 23)",המזגנים,,,,,,"(72, 79)",,"[{'id': 22, 'text': 'ה', 'upos': 'DET', 'xpos': 'DET', 'feats': 'PronType=Art', 'head': 23, 'deprel': 'det:def', 'lemma': 'ה'}, {'id': 23, 'text': 'מזגנים', 'upos': 'NOUN', 'xpos': 'NOUN', 'feats': 'Gender=Masc|Number=Plur', 'head': 21, 'deprel': 'compound:smixut', 'lemma': 'מזגן'}]"
"(24, 25)",בשעות,,,,,,"(80, 85)",,"[{'id': 24, 'text': 'ב', 'upos': 'ADP', 'xpos': 'ADP', 'head': 25, 'deprel': 'case', 'lemma': 'ב'}, {'id': 25, 'text': 'שעות', 'upos': 'NOUN', 'xpos': 'NOUN', 'feats': 'Gender=Fem|Number=Plur', 'head': 21, 'deprel': 'nmod', 'lemma': 'שעה'}]"
26,מאוחרות,ADJ,ADJ,Gender=Fem|Number=Plur,25.0,amod,"(86, 93)",מאוחר,
"(27, 28)",ולא,,,,,,"(94, 97)",,"[{'id': 27, 'text': 'ו', 'upos': 'CCONJ', 'xpos': 'CCONJ', 'head': 29, 'deprel': 'cc', 'lemma': 'ו'}, {'id': 28, 'text': 'לא', 'upos': 'ADV', 'xpos': 'ADV', 'feats': 'Polarity=Neg', 'head': 29, 'deprel': 'advmod', 'lemma': 'לא'}]"
29,נוחות,ADJ,ADJ,Gender=Fem|Number=Plur,26.0,conj,"(98, 103)",נוח,
"(1, 2)",המדידות,,,,,,"(1, 8)",,"[{'id': 1, 'text': 'ה', 'upos': 'DET', 'xpos': 'DET', 'feats': 'PronType=Art', 'head': 2, 'deprel': 'det:def', 'lemma': 'ה'}, {'id': 2, 'text': 'מדידות', 'upos': 'NOUN', 'xpos': 'NOUN', 'feats': 'Gender=Fem|Number=Plur', 'head': 3, 'deprel': 'nsubj', 'lemma': 'מדידה'}]"
3,נעשו,VERB,VERB,"Gender=Fem,Masc|HebBinyan=NIFAL|Number=Plur|Person=3|Tense=Past|Voice=Mid",0.0,root,"(9, 13)",נעשה,
"(4, 5)",בחדרים,,,,,,"(14, 20)",,"[{'id': 4, 'text': 'ב', 'upos': 'ADP', 'xpos': 'ADP', 'head': 5, 'deprel': 'case', 'lemma': 'ב'}, {'id': 5, 'text': 'חדרים', 'upos': 'NOUN', 'xpos': 'NOUN', 'feats': 'Gender=Masc|Number=Plur', 'head': 3, 'deprel': 'obl', 'lemma': 'חדר'}]"
"(6, 7)",המסומנים,,,,,,"(21, 29)",,"[{'id': 6, 'text': 'ה', 'upos': 'SCONJ', 'xpos': 'SCONJ', 'head': 7, 'deprel': 'mark', 'lemma': 'ה'}, {'id': 7, 'text': 'מסומנים', 'upos': 'VERB', 'xpos': 'VERB', 'feats': 'Gender=Masc|HebBinyan=PUAL|Number=Plur|Person=1,2,3|VerbForm=Part|Voice=Pass', 'head': 5, 'deprel': 'acl:relcl', 'lemma': 'סומן'}]"
8,1,NUM,NUM,,7.0,dep,"(30, 31)",1,
9,",",PUNCT,PUNCT,,8.0,punct,"(31, 32)",",",
10,III,NUM,NUM,HebSource=ConvUncertainHead,8.0,dep,"(33, 36)",III,
11,",",PUNCT,PUNCT,,8.0,punct,"(37, 38)",",",
12,II,NUM,NUM,HebSource=ConvUncertainHead,8.0,dep,"(38, 40)",II,
13,כאשר,SCONJ,SCONJ,,16.0,mark,"(41, 45)",כאשר,
14,חדר,NOUN,NOUN,Gender=Masc|Number=Sing,16.0,nsubj,"(46, 49)",חדר,
15,III,NUM,NUM,,14.0,compound:smixut,"(50, 53)",III,
16,קרוב,ADJ,ADJ,Gender=Masc|Number=Sing,3.0,advcl,"(54, 58)",קרוב,
17,ביותר,ADV,ADV,,16.0,advmod,"(59, 64)",ביותר,
"(18, 19)",למקורות,,,,,,"(65, 72)",,"[{'id': 18, 'text': 'ל', 'upos': 'ADP', 'xpos': 'ADP', 'head': 19, 'deprel': 'case', 'lemma': 'ל'}, {'id': 19, 'text': 'מקורות', 'upos': 'NOUN', 'xpos': 'NOUN', 'feats': 'Definite=Cons|Gender=Masc|Number=Plur', 'head': 16, 'deprel': 'advmod', 'lemma': 'מקור'}]"
"(20, 21)",הרעש,,,,,,"(73, 77)",,"[{'id': 20, 'text': 'ה', 'upos': 'DET', 'xpos': 'DET', 'feats': 'PronType=Art', 'head': 21, 'deprel': 'det:def', 'lemma': 'ה'}, {'id': 21, 'text': 'רעש', 'upos': 'NOUN', 'xpos': 'NOUN', 'feats': 'Gender=Masc|Number=Sing', 'head': 19, 'deprel': 'compound:smixut', 'lemma': 'רעש'}]"
22,(,PUNCT,PUNCT,,23.0,punct,"(78, 79)",(,
23,יחידות,NOUN,NOUN,Definite=Cons|Gender=Fem|Number=Plur,19.0,appos,"(79, 85)",יחידה,
"(24, 25)",העיבוי,,,,,,"(86, 92)",,"[{'id': 24, 'text': 'ה', 'upos': 'DET', 'xpos': 'DET', 'feats': 'PronType=Art', 'head': 25, 'deprel': 'det:def', 'lemma': 'ה'}, {'id': 25, 'text': 'עיבוי', 'upos': 'NOUN', 'xpos': 'NOUN', 'feats': 'Gender=Masc|Number=Sing', 'head': 23, 'deprel': 'compound:smixut', 'lemma': 'עיבוי'}]"
26,),PUNCT,PUNCT,,23.0,punct,"(92, 93)",),
"(1, 2)",בכל,,,,,,"(1, 4)",,"[{'id': 1, 'text': 'ב', 'upos': 'ADP', 'xpos': 'ADP', 'head': 3, 'deprel': 'case', 'lemma': 'ב'}, {'id': 2, 'text': 'כל', 'upos': 'DET', 'xpos': 'DET', 'feats': 'Definite=Cons', 'head': 3, 'deprel': 'det', 'lemma': 'כול'}]"
3,חדר,NOUN,NOUN,Gender=Masc|Number=Sing,4.0,obl,"(5, 8)",חדר,
4,בוצעו,VERB,VERB,"Gender=Fem,Masc|HebBinyan=PUAL|Number=Plur|Person=3|Tense=Past|Voice=Pass",0.0,root,"(9, 14)",בוצע,
5,מדידות,NOUN,NOUN,Gender=Fem|Number=Plur,4.0,nsubj,"(15, 21)",מדידה,
6,ב,ADP,ADP,,9.0,case,"(22, 23)",ב,
7,-,PUNCT,PUNCT,,9.0,punct,"(23, 24)",-,
8,7,NUM,NUM,,9.0,nummod,"(25, 26)",7,
9,נקודות,NOUN,NOUN,Gender=Fem|Number=Plur,4.0,advmod,"(27, 33)",נקודה,
10,:,PUNCT,PUNCT,,5.0,punct,"(33, 34)",:,
"(11, 12)",במרכז,,,,,,"(35, 40)",,"[{'id': 11, 'text': 'ב', 'upos': 'ADP', 'xpos': 'ADP', 'head': 12, 'deprel': 'case', 'lemma': 'ב'}, {'id': 12, 'text': 'מרכז', 'upos': 'NOUN', 'xpos': 'NOUN', 'feats': 'Definite=Cons|Gender=Masc|Number=Sing', 'head': 4, 'deprel': 'obl', 'lemma': 'מרכז'}]"
"(13, 14)",החדר,,,,,,"(41, 45)",,"[{'id': 13, 'text': 'ה', 'upos': 'DET', 'xpos': 'DET', 'feats': 'PronType=Art', 'head': 14, 'deprel': 'det:def', 'lemma': 'ה'}, {'id': 14, 'text': 'חדר', 'upos': 'NOUN', 'xpos': 'NOUN', 'feats': 'Gender=Masc|Number=Sing', 'head': 12, 'deprel': 'compound:smixut', 'lemma': 'חדר'}]"
15,",",PUNCT,PUNCT,,12.0,punct,"(45, 46)",",",
"(16, 17)",בארבע,,,,,,"(47, 52)",,"[{'id': 16, 'text': 'ב', 'upos': 'ADP', 'xpos': 'ADP', 'head': 18, 'deprel': 'case', 'lemma': 'ב'}, {'id': 17, 'text': 'ארבע', 'upos': 'NUM', 'xpos': 'NUM', 'feats': 'Gender=Fem|Number=Sing', 'head': 18, 'deprel': 'nummod', 'lemma': 'ארבע'}]"
18,פינות,NOUN,NOUN,Gender=Fem|Number=Plur,12.0,dep,"(53, 58)",פינות,
"(19, 20)",בנקודה,,,,,,"(59, 65)",,"[{'id': 19, 'text': 'ב', 'upos': 'ADP', 'xpos': 'ADP', 'head': 20, 'deprel': 'case', 'lemma': 'ב'}, {'id': 20, 'text': 'נקודה', 'upos': 'NOUN', 'xpos': 'NOUN', 'feats': 'Gender=Fem|Number=Sing', 'head': 12, 'deprel': 'nmod', 'lemma': 'נקודה'}]"
"(21, 22)",שמרוחקת,,,,,,"(66, 73)",,"[{'id': 21, 'text': 'ש', 'upos': 'SCONJ', 'xpos': 'SCONJ', 'head': 22, 'deprel': 'mark', 'lemma': 'ש'}, {'id': 22, 'text': 'מרוחקת', 'upos': 'ADJ', 'xpos': 'ADJ', 'feats': 'Gender=Fem|HebBinyan=PUAL|Number=Sing|Person=1,2,3|VerbForm=Part|Voice=Pass', 'head': 20, 'deprel': 'acl:relcl', 'lemma': 'מרוחק'}]"
23,50,NUM,NUM,,24.0,nummod,"(74, 76)",50,
24,ס״מ,NOUN,NOUN,Abbr=Yes|Gender=Masc|Number=Sing,22.0,dep,"(77, 80)",ס״מ,
"(25, 27)",מהקירות,,,,,,"(81, 88)",,"[{'id': 25, 'text': 'מ', 'upos': 'ADP', 'xpos': 'ADP', 'head': 27, 'deprel': 'case', 'lemma': 'מ'}, {'id': 26, 'text': 'ה', 'upos': 'DET', 'xpos': 'DET', 'feats': 'PronType=Art', 'head': 27, 'deprel': 'det:def', 'lemma': 'ה'}, {'id': 27, 'text': 'קירות', 'upos': 'NOUN', 'xpos': 'NOUN', 'feats': 'Gender=Masc|Number=Plur', 'head': 22, 'deprel': 'obl', 'lemma': 'קיר'}]"
28,",",PUNCT,PUNCT,,12.0,punct,"(88, 89)",",",
29,בקרבת,ADP,ADP,,12.0,conj,"(90, 95)",בקרבת,
"(30, 31)",החלון,,,,,,"(96, 101)",,"[{'id': 30, 'text': 'ה', 'upos': 'DET', 'xpos': 'DET', 'feats': 'PronType=Art', 'head': 31, 'deprel': 'det:def', 'lemma': 'ה'}, {'id': 31, 'text': 'חלון', 'upos': 'NOUN', 'xpos': 'NOUN', 'feats': 'Gender=Masc|Number=Sing', 'head': 12, 'deprel': 'conj', 'lemma': 'חלון'}]"
"(32, 33)",וכן,,,,,,"(102, 105)",,"[{'id': 32, 'text': 'ו', 'upos': 'CCONJ', 'xpos': 'CCONJ', 'head': 35, 'deprel': 'cc', 'lemma': 'ו'}, {'id': 33, 'text': 'כן', 'upos': 'ADV', 'xpos': 'ADV', 'head': 34, 'deprel': 'advmod', 'lemma': 'כן'}]"
"(34, 35)",בנקודה,,,,,,"(106, 112)",,"[{'id': 34, 'text': 'ב', 'upos': 'ADP', 'xpos': 'ADP', 'head': 35, 'deprel': 'case', 'lemma': 'ב'}, {'id': 35, 'text': 'נקודה', 'upos': 'NOUN', 'xpos': 'NOUN', 'feats': 'Gender=Fem|Number=Sing', 'head': 12, 'deprel': 'conj', 'lemma': 'נקודה'}]"
"(36, 37)",מחוץ,,,,,,"(113, 117)",,"[{'id': 36, 'text': 'מ', 'upos': 'ADP', 'xpos': 'ADP', 'head': 39, 'deprel': 'case', 'lemma': 'מ'}, {'id': 37, 'text': 'חוץ', 'upos': 'NOUN', 'xpos': 'NOUN', 'feats': 'Gender=Masc|Number=Sing', 'head': 36, 'deprel': 'fixed', 'lemma': 'חוץ'}]"
"(38, 39)",לחלון,,,,,,"(118, 123)",,"[{'id': 38, 'text': 'ל', 'upos': 'ADP', 'xpos': 'ADP', 'head': 36, 'deprel': 'fixed', 'lemma': 'ל'}, {'id': 39, 'text': 'חלון', 'upos': 'NOUN', 'xpos': 'NOUN', 'feats': 'Gender=Masc|Number=Sing', 'head': 35, 'deprel': 'nmod', 'lemma': 'חלון'}]"
"(1, 2)",בסה״כ,,,,,,"(1, 6)",,"[{'id': 1, 'text': 'ב', 'upos': 'ADP', 'xpos': 'ADP', 'head': 2, 'deprel': 'case', 'lemma': 'ב'}, {'id': 2, 'text': 'סהחכ', 'upos': 'PROPN', 'xpos': 'PROPN', 'head': 3, 'deprel': 'obl', 'lemma': 'סהחכ'}]"
3,בוצעו,VERB,VERB,"Gender=Fem,Masc|HebBinyan=PUAL|Number=Plur|Person=3|Tense=Past|Voice=Pass",0.0,root,"(7, 12)",בוצע,
4,מדידות,NOUN,NOUN,Gender=Fem|Number=Plur,3.0,nsubj,"(13, 19)",מדידה,
5,ב־,ADP,ADP,,7.0,case,"(20, 22)",ב־,
6,21,NUM,NUM,,7.0,nummod,"(23, 25)",21,
7,נקודות,NOUN,NOUN,Gender=Fem|Number=Plur,4.0,advmod,"(26, 32)",נקודה,
"(8, 9)",כמצוין,,,,,,"(33, 39)",,"[{'id': 8, 'text': 'כ', 'upos': 'ADP', 'xpos': 'ADP', 'head': 9, 'deprel': 'case', 'lemma': 'כ'}, {'id': 9, 'text': 'מצוין', 'upos': 'VERB', 'xpos': 'VERB', 'feats': 'Gender=Masc|HebBinyan=PUAL|Number=Sing|Person=1,2,3|VerbForm=Part|Voice=Pass', 'head': 4, 'deprel': 'nmod', 'lemma': 'מצוין'}]"
"(10, 11)",בציור,,,,,,"(40, 45)",,"[{'id': 10, 'text': 'ב', 'upos': 'ADP', 'xpos': 'ADP', 'head': 11, 'deprel': 'case', 'lemma': 'ב'}, {'id': 11, 'text': 'ציור', 'upos': 'NOUN', 'xpos': 'NOUN', 'feats': 'Gender=Masc|Number=Sing', 'head': 9, 'deprel': 'obl', 'lemma': 'ציור'}]"
12,1,NUM,NUM,,11.0,nummod,"(46, 47)",1,
1,3,NUM,NUM,,0.0,root,"(1, 2)",3,
1,2,NUM,NUM,,0.0,root,"(0, 1)",2,
1,2,NUM,NUM,,0.0,root,"(0, 1)",2,
1,טכניקת,NOUN,NOUN,Definite=Cons|Gender=Fem|Number=Sing,20.0,nsubj,"(1, 7)",טכניקה,
"(2, 3)",המדידה,,,,,,"(8, 14)",,"[{'id': 2, 'text': 'ה', 'upos': 'DET', 'xpos': 'DET', 'feats': 'PronType=Art', 'head': 3, 'deprel': 'det:def', 'lemma': 'ה'}, {'id': 3, 'text': 'מדידה', 'upos': 'NOUN', 'xpos': 'NOUN', 'feats': 'Gender=Fem|Number=Sing', 'head': 1, 'deprel': 'compound:smixut', 'lemma': 'מדידה'}]"
4,(,PUNCT,PUNCT,,5.0,punct,"(15, 16)",(,
5,Bruel,PROPN,PROPN,,1.0,appos,"(16, 21)",Bruel,
6,&,CCONJ,CCONJ,,5.0,flat:name,"(22, 23)",&,
7,Kjaer,PROPN,PROPN,,5.0,flat:name,"(24, 29)",Kjaer,
8,",",PUNCT,PUNCT,,5.0,punct,"(29, 30)",",",
9,Model,NOUN,NOUN,Gender=Masc|Number=Sing,5.0,appos,"(31, 36)",Model,
10,2232,NUM,NUM,,9.0,nummod,"(37, 41)",2232,
11,),PUNCT,PUNCT,,5.0,punct,"(41, 42)",),
12,מדידת,NOUN,NOUN,Definite=Cons|Gender=Fem|Number=Sing,20.0,nsubj,"(43, 48)",מדידה,
13,רמת,NOUN,NOUN,Definite=Cons|Gender=Fem|Number=Sing,12.0,compound:smixut,"(49, 52)",רמה,
"(14, 15)",הרעש,,,,,,"(53, 57)",,"[{'id': 14, 'text': 'ה', 'upos': 'DET', 'xpos': 'DET', 'feats': 'PronType=Art', 'head': 15, 'deprel': 'det:def', 'lemma': 'ה'}, {'id': 15, 'text': 'רעש', 'upos': 'NOUN', 'xpos': 'NOUN', 'feats': 'Gender=Masc|Number=Sing', 'head': 13, 'deprel': 'compound:smixut', 'lemma': 'רעש'}]"
16,עקב,CCONJ,CCONJ,,17.0,case,"(58, 61)",עקב,
17,פעולת,NOUN,NOUN,Definite=Cons|Gender=Fem|Number=Sing,12.0,nmod,"(62, 67)",פעולה,
"(18, 19)",המזגנים,,,,,,"(68, 75)",,"[{'id': 18, 'text': 'ה', 'upos': 'DET', 'xpos': 'DET', 'feats': 'PronType=Art', 'head': 19, 'deprel': 'det:def', 'lemma': 'ה'}, {'id': 19, 'text': 'מזגנים', 'upos': 'NOUN', 'xpos': 'NOUN', 'feats': 'Gender=Masc|Number=Plur', 'head': 17, 'deprel': 'compound:smixut', 'lemma': 'מזגן'}]"
20,בוצעה,VERB,VERB,Gender=Fem|HebBinyan=NIFAL|Number=Sing|Person=3|Tense=Past|Voice=Mid,0.0,root,"(76, 81)",בוצע,
21,באמצעות,ADP,ADP,,22.0,case,"(82, 89)",באמצעות,
22,מד,NOUN,NOUN,Definite=Cons|Gender=Masc|Number=Sing,20.0,obl,"(90, 92)",מד,
23,רעש,NOUN,NOUN,Gender=Masc|Number=Sing,22.0,compound:smixut,"(93, 96)",רעש,
24,תקני,ADJ,ADJ,Gender=Masc|Number=Sing,22.0,amod,"(97, 101)",תקן,
"(25, 26)",שמודד,,,,,,"(102, 107)",,"[{'id': 25, 'text': 'ש', 'upos': 'SCONJ', 'xpos': 'SCONJ', 'head': 26, 'deprel': 'mark', 'lemma': 'ש'}, {'id': 26, 'text': 'מודד', 'upos': 'VERB', 'xpos': 'VERB', 'feats': 'Gender=Masc|HebBinyan=HUFAL|Number=Sing|Person=1,2,3|VerbForm=Part|Voice=Pass', 'head': 22, 'deprel': 'acl:relcl', 'lemma': 'מדד'}]"
"(27, 29)",בסקלה,,,,,,"(108, 113)",,"[{'id': 27, 'text': 'ב', 'upos': 'ADP', 'xpos': 'ADP', 'head': 29, 'deprel': 'case', 'lemma': 'ב'}, {'id': 28, 'text': 'ה_', 'upos': 'DET', 'xpos': 'DET', 'feats': 'PronType=Art', 'head': 29, 'deprel': 'det:def', 'lemma': 'ה'}, {'id': 29, 'text': 'סקלה', 'upos': 'NOUN', 'xpos': 'NOUN', 'feats': 'Gender=Fem|Number=Sing', 'head': 26, 'deprel': 'obl', 'lemma': 'סקלה'}]"
30,A,PROPN,PROPN,,29.0,flat:name,"(114, 115)",A,
"(1, 2)",המכשיר,,,,,,"(1, 7)",,"[{'id': 1, 'text': 'ה', 'upos': 'DET', 'xpos': 'DET', 'feats': 'PronType=Art', 'head': 2, 'deprel': 'det:def', 'lemma': 'ה'}, {'id': 2, 'text': 'מכשיר', 'upos': 'NOUN', 'xpos': 'NOUN', 'feats': 'Gender=Masc|Number=Sing', 'head': 3, 'deprel': 'nsubj', 'lemma': 'מכשיר'}]"
3,כויל,VERB,VERB,"Gender=Masc|HebBinyan=PAAL|Number=Sing|Person=1,2,3|VerbForm=Part|Voice=Act",0.0,root,"(8, 12)",כל,
4,לפני,ADP,ADP,,6.0,case,"(13, 17)",לפני,
"(5, 6)",המדידות,,,,,,"(18, 25)",,"[{'id': 5, 'text': 'ה', 'upos': 'DET', 'xpos': 'DET', 'feats': 'PronType=Art', 'head': 6, 'deprel': 'det:def', 'lemma': 'ה'}, {'id': 6, 'text': 'מדידות', 'upos': 'NOUN', 'xpos': 'NOUN', 'feats': 'Gender=Fem|Number=Plur', 'head': 3, 'deprel': 'obl', 'lemma': 'מדידה'}]"
7,באמצעות,ADP,ADP,,8.0,case,"(26, 33)",באמצעות,
8,יחידת,NOUN,NOUN,Definite=Cons|Gender=Fem|Number=Sing,3.0,obl,"(34, 39)",יחידה,
"(9, 10)",הכיול,,,,,,"(40, 45)",,"[{'id': 9, 'text': 'ה', 'upos': 'DET', 'xpos': 'DET', 'feats': 'PronType=Art', 'head': 10, 'deprel': 'det:def', 'lemma': 'ה'}, {'id': 10, 'text': 'כיול', 'upos': 'NOUN', 'xpos': 'NOUN', 'feats': 'Gender=Masc|Number=Sing', 'head': 8, 'deprel': 'compound:smixut', 'lemma': 'כיול'}]"
"(11, 12)",התקנית,,,,,,"(46, 52)",,"[{'id': 11, 'text': 'ה', 'upos': 'DET', 'xpos': 'DET', 'feats': 'PronType=Art', 'head': 12, 'deprel': 'det:def', 'lemma': 'ה'}, {'id': 12, 'text': 'תקנית', 'upos': 'ADJ', 'xpos': 'ADJ', 'feats': 'Gender=Fem|Number=Sing', 'head': 8, 'deprel': 'amod', 'lemma': 'תקני'}]"
13,של,ADP,ADP,Case=Gen,15.0,case:gen,"(53, 55)",של,
"(14, 15)",המכשיר,,,,,,"(56, 62)",,"[{'id': 14, 'text': 'ה', 'upos': 'DET', 'xpos': 'DET', 'feats': 'PronType=Art', 'head': 15, 'deprel': 'det:def', 'lemma': 'ה'}, {'id': 15, 'text': 'מכשיר', 'upos': 'NOUN', 'xpos': 'NOUN', 'feats': 'Gender=Masc|Number=Sing', 'head': 8, 'deprel': 'nmod', 'lemma': 'מכשיר'}]"
"(1, 2)",המדידה,,,,,,"(1, 7)",,"[{'id': 1, 'text': 'ה', 'upos': 'DET', 'xpos': 'DET', 'feats': 'PronType=Art', 'head': 2, 'deprel': 'det:def', 'lemma': 'ה'}, {'id': 2, 'text': 'מדידה', 'upos': 'NOUN', 'xpos': 'NOUN', 'feats': 'Gender=Fem|Number=Sing', 'head': 3, 'deprel': 'nsubj', 'lemma': 'מדידה'}]"
3,נעשתה,VERB,VERB,Gender=Fem|HebBinyan=NIFAL|Number=Sing|Person=3|Tense=Past|Voice=Mid,0.0,root,"(8, 13)",נעשה,
"(4, 5)",בגובה,,,,,,"(14, 19)",,"[{'id': 4, 'text': 'ב', 'upos': 'ADP', 'xpos': 'ADP', 'head': 5, 'deprel': 'case', 'lemma': 'ב'}, {'id': 5, 'text': 'גובה', 'upos': 'NOUN', 'xpos': 'NOUN', 'feats': 'Gender=Masc|Number=Sing', 'head': 3, 'deprel': 'obl', 'lemma': 'גובה'}]"
6,1,NUM,NUM,,5.0,compound:smixut,"(20, 21)",1,
1,5־1,NUM,NUM,,0.0,root,"(0, 3)",5־1,
1,1,NUM,NUM,,2.0,nummod,"(0, 1)",1,
2,מטר,NOUN,NOUN,Gender=Masc|Number=Sing,7.0,nsubj,"(2, 5)",מטר,
3,מעל,ADP,ADP,,5.0,case,"(6, 9)",מעל,
"(4, 5)",הרצפה,,,,,,"(10, 15)",,"[{'id': 4, 'text': 'ה', 'upos': 'DET', 'xpos': 'DET', 'feats': 'PronType=Art', 'head': 5, 'deprel': 'det:def', 'lemma': 'ה'}, {'id': 5, 'text': 'רצפה', 'upos': 'NOUN', 'xpos': 'NOUN', 'feats': 'Gender=Fem|Number=Sing', 'head': 2, 'deprel': 'nmod', 'lemma': 'רצפה'}]"
"(6, 7)",כנדרש,,,,,,"(16, 21)",,"[{'id': 6, 'text': 'כ', 'upos': 'ADP', 'xpos': 'ADP', 'head': 7, 'deprel': 'advmod', 'lemma': 'כ'}, {'id': 7, 'text': 'נדרש', 'upos': 'VERB', 'xpos': 'VERB', 'feats': 'Gender=Masc|HebBinyan=NIFAL|Number=Sing|Person=1,2,3|VerbForm=Part|Voice=Mid', 'head': 0, 'deprel': 'root', 'lemma': 'נדרש'}]"
"(8, 9)",בתקנות,,,,,,"(22, 28)",,"[{'id': 8, 'text': 'ב', 'upos': 'ADP', 'xpos': 'ADP', 'head': 9, 'deprel': 'case', 'lemma': 'ב'}, {'id': 9, 'text': 'תקנות', 'upos': 'NOUN', 'xpos': 'NOUN', 'feats': 'Gender=Fem|Number=Plur', 'head': 7, 'deprel': 'obl', 'lemma': 'תקנה'}]"
"(10, 11)",למניעת,,,,,,"(29, 35)",,"[{'id': 10, 'text': 'ל', 'upos': 'ADP', 'xpos': 'ADP', 'head': 11, 'deprel': 'case', 'lemma': 'ל'}, {'id': 11, 'text': 'מניעת', 'upos': 'NOUN', 'xpos': 'NOUN', 'feats': 'Definite=Cons|Gender=Fem|Number=Sing', 'head': 9, 'deprel': 'nmod', 'lemma': 'מניעה'}]"
12,מפגעים,NOUN,NOUN,Gender=Masc|Number=Plur,11.0,compound:smixut,"(36, 42)",מפגע,
13,(,PUNCT,PUNCT,,14.0,punct,"(43, 44)",(,
14,רעש,NOUN,NOUN,Gender=Masc|Number=Sing,12.0,appos,"(44, 47)",רעש,
15,בלתי,ADV,ADV,Prefix=Yes,16.0,compound:affix,"(48, 52)",בלתי,
16,סביר,ADJ,ADJ,Gender=Masc|Number=Sing,14.0,amod,"(53, 57)",סביר,
17,),PUNCT,PUNCT,,14.0,punct,"(57, 58)",),
"(18, 19)",התש״ן,,,,,,"(59, 64)",,"[{'id': 18, 'text': 'ה', 'upos': 'DET', 'xpos': 'DET', 'feats': 'PronType=Art', 'head': 19, 'deprel': 'det:def', 'lemma': 'ה'}, {'id': 19, 'text': 'תשקן', 'upos': 'NOUN', 'xpos': 'NOUN', 'feats': 'Gender=Masc|Number=Sing', 'head': 12, 'deprel': 'acl', 'lemma': 'תשקן'}]"
20,־,PUNCT,PUNCT,,21.0,det:def,"(65, 66)",־,
21,1990,NUM,NUM,,19.0,amod,"(67, 71)",1990,
22,[,PUNCT,PUNCT,,23.0,punct,"(72, 73)",[,
23,1,NUM,NUM,,19.0,appos,"(73, 74)",1,
24,],PUNCT,PUNCT,,23.0,punct,"(74, 75)",],
"(1, 2)",הרעש,,,,,,"(1, 5)",,"[{'id': 1, 'text': 'ה', 'upos': 'DET', 'xpos': 'DET', 'feats': 'PronType=Art', 'head': 2, 'deprel': 'det:def', 'lemma': 'ה'}, {'id': 2, 'text': 'רעש', 'upos': 'NOUN', 'xpos': 'NOUN', 'feats': 'Gender=Masc|Number=Sing', 'head': 11, 'deprel': 'nsubj:cop', 'lemma': 'רעש'}]"
"(3, 4)",שנובע,,,,,,"(6, 11)",,"[{'id': 3, 'text': 'ש', 'upos': 'SCONJ', 'xpos': 'SCONJ', 'head': 4, 'deprel': 'mark', 'lemma': 'ש'}, {'id': 4, 'text': 'נובע', 'upos': 'VERB', 'xpos': 'VERB', 'feats': 'Gender=Masc|HebBinyan=PAAL|Number=Sing|Person=1,2,3|VerbForm=Part|Voice=Act', 'head': 2, 'deprel': 'acl:relcl', 'lemma': 'נבע'}]"
"(5, 6)",מפעולת,,,,,,"(12, 18)",,"[{'id': 5, 'text': 'מ', 'upos': 'ADP', 'xpos': 'ADP', 'head': 6, 'deprel': 'case', 'lemma': 'מ'}, {'id': 6, 'text': 'פעולת', 'upos': 'NOUN', 'xpos': 'NOUN', 'feats': 'Definite=Cons|Gender=Fem|Number=Sing', 'head': 4, 'deprel': 'obl', 'lemma': 'פעולה'}]"
7,יחידות,NOUN,NOUN,Definite=Cons|Gender=Fem|Number=Plur,6.0,compound:smixut,"(19, 25)",יחידה,
"(8, 9)",העיבוי,,,,,,"(26, 32)",,"[{'id': 8, 'text': 'ה', 'upos': 'DET', 'xpos': 'DET', 'feats': 'PronType=Art', 'head': 9, 'deprel': 'det:def', 'lemma': 'ה'}, {'id': 9, 'text': 'עיבוי', 'upos': 'NOUN', 'xpos': 'NOUN', 'feats': 'Gender=Masc|Number=Sing', 'head': 7, 'deprel': 'compound:smixut', 'lemma': 'עיבוי'}]"
10,הוא,AUX,AUX,Gender=Masc|Number=Sing|Person=3|Polarity=Pos|VerbForm=Part|VerbType=Cop,11.0,cop,"(33, 36)",הוא,
11,רעש,NOUN,NOUN,Gender=Masc|Number=Sing,0.0,root,"(37, 40)",רעש,
"(12, 13)",בתדירות,,,,,,"(41, 48)",,"[{'id': 12, 'text': 'ב', 'upos': 'ADP', 'xpos': 'ADP', 'head': 13, 'deprel': 'case', 'lemma': 'ב'}, {'id': 13, 'text': 'תדירות', 'upos': 'NOUN', 'xpos': 'NOUN', 'feats': 'Gender=Fem|Number=Sing', 'head': 11, 'deprel': 'nmod', 'lemma': 'תדירות'}]"
14,נמוכה,ADJ,ADJ,Gender=Fem|Number=Sing,13.0,amod,"(49, 54)",נמוך,
15,יחסית,ADV,ADV,,14.0,advmod,"(55, 60)",יחסית,
16,(,PUNCT,PUNCT,,18.0,punct,"(61, 62)",(,
17,250,NUM,NUM,,18.0,nummod,"(62, 65)",250,
18,Hz,NOUN,NOUN,"Gender=Masc|HebSource=ConvUncertainHead|Number=Plur,Sing",14.0,dep,"(66, 68)",Hz,
19,>,PUNCT,PUNCT,,18.0,punct,"(68, 69)",>,
20,),PUNCT,PUNCT,,18.0,punct,"(69, 70)",),
21,כיון,SCONJ,SCONJ,,28.0,case,"(71, 75)",כיון,
"(22, 23)",שמקורות,,,,,,"(76, 83)",,"[{'id': 22, 'text': 'ש', 'upos': 'SCONJ', 'xpos': 'SCONJ', 'head': 21, 'deprel': 'fixed', 'lemma': 'ש'}, {'id': 23, 'text': 'מקורות', 'upos': 'NOUN', 'xpos': 'NOUN', 'feats': 'Definite=Cons|Gender=Masc|Number=Plur', 'head': 28, 'deprel': 'nsubj', 'lemma': 'מקור'}]"
"(24, 25)",הרעש,,,,,,"(84, 88)",,"[{'id': 24, 'text': 'ה', 'upos': 'DET', 'xpos': 'DET', 'feats': 'PronType=Art', 'head': 25, 'deprel': 'det:def', 'lemma': 'ה'}, {'id': 25, 'text': 'רעש', 'upos': 'NOUN', 'xpos': 'NOUN', 'feats': 'Gender=Masc|Number=Sing', 'head': 23, 'deprel': 'compound:smixut', 'lemma': 'רעש'}]"
"(26, 27)",העיקריים,,,,,,"(89, 97)",,"[{'id': 26, 'text': 'ה', 'upos': 'DET', 'xpos': 'DET', 'feats': 'PronType=Art', 'head': 27, 'deprel': 'det:def', 'lemma': 'ה'}, {'id': 27, 'text': 'עיקריים', 'upos': 'ADJ', 'xpos': 'ADJ', 'feats': 'Gender=Masc|Number=Plur', 'head': 23, 'deprel': 'amod', 'lemma': 'עיקרי'}]"
28,נובעים,VERB,VERB,"Gender=Masc|HebBinyan=PAAL|Number=Plur|Person=1,2,3|VerbForm=Part|Voice=Act",11.0,advcl,"(98, 104)",נבע,
"(29, 30)",מסיבובי,,,,,,"(105, 112)",,"[{'id': 29, 'text': 'מ', 'upos': 'ADP', 'xpos': 'ADP', 'head': 30, 'deprel': 'case', 'lemma': 'מ'}, {'id': 30, 'text': 'סיבובי', 'upos': 'NOUN', 'xpos': 'NOUN', 'feats': 'Definite=Cons|Gender=Masc|Number=Plur', 'head': 28, 'deprel': 'obl', 'lemma': 'סיבוב'}]"
"(31, 32)",המפוח,,,,,,"(113, 118)",,"[{'id': 31, 'text': 'ה', 'upos': 'DET', 'xpos': 'DET', 'feats': 'PronType=Art', 'head': 32, 'deprel': 'det:def', 'lemma': 'ה'}, {'id': 32, 'text': 'מפוח', 'upos': 'NOUN', 'xpos': 'NOUN', 'feats': 'Gender=Masc|Number=Sing', 'head': 30, 'deprel': 'compound:smixut', 'lemma': 'מפוח'}]"
33,[,PUNCT,PUNCT,,32.0,punct,"(119, 120)",[,
34,6,NUM,NUM,,30.0,appos,"(120, 121)",6,
35,],PUNCT,PUNCT,,34.0,punct,"(121, 122)",],
1,לכן,ADV,ADV,,3.0,advmod,"(1, 4)",לכן,
2,",",PUNCT,PUNCT,,3.0,punct,"(4, 5)",",",
3,בצענו,VERB,VERB,"Gender=Fem,Masc|HebBinyan=PAAL|Number=Plur|Person=1|Tense=Past|Voice=Act",0.0,root,"(6, 11)",בצע,
"(4, 5)",המדידות,,,,,,"(12, 19)",,"[{'id': 4, 'text': 'ה', 'upos': 'DET', 'xpos': 'DET', 'feats': 'PronType=Art', 'head': 5, 'deprel': 'det:def', 'lemma': 'ה'}, {'id': 5, 'text': 'מדידות', 'upos': 'NOUN', 'xpos': 'NOUN', 'feats': 'Gender=Fem|Number=Plur', 'head': 3, 'deprel': 'obj', 'lemma': 'מדידה'}]"
6,כאשר,SCONJ,SCONJ,,9.0,mark,"(20, 24)",כאשר,
"(7, 8)",המכשיר,,,,,,"(25, 31)",,"[{'id': 7, 'text': 'ה', 'upos': 'DET', 'xpos': 'DET', 'feats': 'PronType=Art', 'head': 8, 'deprel': 'det:def', 'lemma': 'ה'}, {'id': 8, 'text': 'מכשיר', 'upos': 'NOUN', 'xpos': 'NOUN', 'feats': 'Gender=Masc|Number=Sing', 'head': 9, 'deprel': 'nsubj', 'lemma': 'מכשיר'}]"
9,מכוון,VERB,VERB,"Gender=Masc|HebBinyan=PUAL|Number=Sing|Person=1,2,3|VerbForm=Part|Voice=Pass",3.0,advcl,"(32, 37)",כיוון,
10,ל־ ’slow mode,PUNCT,PUNCT,,9.0,punct,"(38, 51)",ל־ ’slow mode,
11,',PUNCT,PUNCT,,9.0,punct,"(51, 52)",',
1,מדידת,NOUN,NOUN,Definite=Cons|Gender=Fem|Number=Sing,9.0,nsubj,"(1, 6)",מדידה,
"(2, 3)",התדירות,,,,,,"(7, 14)",,"[{'id': 2, 'text': 'ה', 'upos': 'DET', 'xpos': 'DET', 'feats': 'PronType=Art', 'head': 3, 'deprel': 'det:def', 'lemma': 'ה'}, {'id': 3, 'text': 'תדירות', 'upos': 'NOUN', 'xpos': 'NOUN', 'feats': 'Gender=Fem|Number=Plur', 'head': 1, 'deprel': 'compound:smixut', 'lemma': 'תדירות'}]"
4,של,ADP,ADP,Case=Gen,5.0,case:gen,"(15, 17)",של,
5,מקורות,NOUN,NOUN,Definite=Cons|Gender=Masc|Number=Plur,1.0,nmod:poss,"(18, 24)",מקור,
"(6, 7)",הרעש,,,,,,"(25, 29)",,"[{'id': 6, 'text': 'ה', 'upos': 'DET', 'xpos': 'DET', 'feats': 'PronType=Art', 'head': 7, 'deprel': 'det:def', 'lemma': 'ה'}, {'id': 7, 'text': 'רעש', 'upos': 'NOUN', 'xpos': 'NOUN', 'feats': 'Gender=Masc|Number=Sing', 'head': 5, 'deprel': 'compound:smixut', 'lemma': 'רעש'}]"
8,לא,ADV,ADV,Polarity=Neg,9.0,advmod,"(30, 32)",לא,
9,יכולה,AUX,AUX,"Gender=Fem|Number=Sing|Person=1,2,3|VerbForm=Part|VerbType=Mod",10.0,aux,"(33, 38)",יכול,
10,להיעשות,VERB,VERB,HebBinyan=NIFAL|VerbForm=Inf|Voice=Mid,0.0,root,"(39, 46)",נעשה,
"(11, 12)",באופן,,,,,,"(47, 52)",,"[{'id': 11, 'text': 'ב', 'upos': 'ADP', 'xpos': 'ADP', 'head': 12, 'deprel': 'case', 'lemma': 'ב'}, {'id': 12, 'text': 'אופן', 'upos': 'NOUN', 'xpos': 'NOUN', 'feats': 'Gender=Masc|Number=Sing', 'head': 10, 'deprel': 'obl', 'lemma': 'אופן'}]"
13,ישיר,ADJ,ADJ,Gender=Masc|Number=Sing,12.0,amod,"(53, 57)",ישיר,
1,לכן,ADV,ADV,,3.0,advmod,"(1, 4)",לכן,
2,",",PUNCT,PUNCT,,3.0,punct,"(4, 5)",",",
3,הקלטנו,VERB,VERB,"Gender=Fem,Masc|HebBinyan=HIFIL|Number=Plur|Person=1|Tense=Past|Voice=Act",0.0,root,"(6, 12)",הקליט,
4,את,ADP,ADP,Case=Acc,6.0,case:acc,"(13, 15)",את,
"(5, 6)",הרעשים,,,,,,"(16, 22)",,"[{'id': 5, 'text': 'ה', 'upos': 'DET', 'xpos': 'DET', 'feats': 'PronType=Art', 'head': 6, 'deprel': 'det:def', 'lemma': 'ה'}, {'id': 6, 'text': 'רעשים', 'upos': 'NOUN', 'xpos': 'NOUN', 'feats': 'Gender=Masc|Number=Plur', 'head': 3, 'deprel': 'obj', 'lemma': 'רעש'}]"
7,באמצעות,ADP,ADP,,8.0,case,"(23, 30)",באמצעות,
8,רשמקול,NOUN,NOUN,Gender=Masc|Number=Sing,3.0,obl,"(31, 37)",רשמקול,
9,נייד,ADJ,ADJ,Gender=Masc|Number=Sing,8.0,amod,"(38, 42)",נייד,
"(10, 11)",ואיכותי,,,,,,"(43, 50)",,"[{'id': 10, 'text': 'ו', 'upos': 'CCONJ', 'xpos': 'CCONJ', 'head': 11, 'deprel': 'cc', 'lemma': 'ו'}, {'id': 11, 'text': 'איכותי', 'upos': 'ADJ', 'xpos': 'ADJ', 'feats': 'Gender=Masc|Number=Sing', 'head': 9, 'deprel': 'conj', 'lemma': 'איכותי'}]"
12,(,PUNCT,PUNCT,,13.0,punct,"(51, 52)",(,
13,68,NUM,NUM,,9.0,parataxis,"(52, 54)",68,
14,-,PUNCT,PUNCT,,13.0,punct,"(54, 55)",-,
15,Sony,PROPN,PROPN,,13.0,dep,"(55, 59)",Sony,
16,CFD,PROPN,PROPN,,13.0,dep,"(60, 63)",CFD,
17,),PUNCT,PUNCT,,13.0,punct,"(63, 64)",),
"(18, 19)",וקלטת,,,,,,"(65, 70)",,"[{'id': 18, 'text': 'ו', 'upos': 'CCONJ', 'xpos': 'CCONJ', 'head': 19, 'deprel': 'cc', 'lemma': 'ו'}, {'id': 19, 'text': 'קלטת', 'upos': 'NOUN', 'xpos': 'NOUN', 'feats': 'Gender=Fem|Number=Sing', 'head': 8, 'deprel': 'conj', 'lemma': 'קלטה'}]"
20,איכותית,ADJ,ADJ,Gender=Fem|Number=Sing,19.0,amod,"(71, 78)",איכותי,
21,(,PUNCT,PUNCT,,22.0,punct,"(79, 80)",(,
22,TDK,PROPN,PROPN,,19.0,appos,"(80, 83)",TDK,
23,D90,NUM,NUM,,22.0,nummod,"(84, 87)",D90,
24,),PUNCT,PUNCT,,22.0,punct,"(87, 88)",),
"(25, 26)",למניעת,,,,,,"(89, 95)",,"[{'id': 25, 'text': 'ל', 'upos': 'ADP', 'xpos': 'ADP', 'head': 26, 'deprel': 'case', 'lemma': 'ל'}, {'id': 26, 'text': 'מניעת', 'upos': 'NOUN', 'xpos': 'NOUN', 'feats': 'Definite=Cons|Gender=Fem|Number=Sing', 'head': 19, 'deprel': 'nmod', 'lemma': 'מניעה'}]"
27,עיוותים,NOUN,NOUN,Gender=Fem|Number=Plur,26.0,compound:smixut,"(96, 103)",עיוות,
"(28, 29)",וצמצום,,,,,,"(104, 110)",,"[{'id': 28, 'text': 'ו', 'upos': 'CCONJ', 'xpos': 'CCONJ', 'head': 29, 'deprel': 'cc', 'lemma': 'ו'}, {'id': 29, 'text': 'צמצום', 'upos': 'NOUN', 'xpos': 'NOUN', 'feats': 'Definite=Cons|Gender=Masc|Number=Sing', 'head': 26, 'deprel': 'conj', 'lemma': 'צמצום'}]"
"(30, 31)",ההפרעות,,,,,,"(111, 118)",,"[{'id': 30, 'text': 'ה', 'upos': 'DET', 'xpos': 'DET', 'feats': 'PronType=Art', 'head': 31, 'deprel': 'det:def', 'lemma': 'ה'}, {'id': 31, 'text': 'הפרעות', 'upos': 'NOUN', 'xpos': 'NOUN', 'feats': 'Gender=Fem|Number=Plur', 'head': 29, 'deprel': 'compound:smixut', 'lemma': 'הפרעה'}]"
"(32, 33)",מראש,,,,,,"(119, 123)",,"[{'id': 32, 'text': 'מ', 'upos': 'ADP', 'xpos': 'ADP', 'head': 33, 'deprel': 'case', 'lemma': 'מ'}, {'id': 33, 'text': 'ראש', 'upos': 'NOUN', 'xpos': 'NOUN', 'feats': 'Definite=Cons|Gender=Masc|Number=Sing', 'head': 29, 'deprel': 'nmod', 'lemma': 'ראש'}]"
"(34, 35)",ההקלטה,,,,,,"(124, 130)",,"[{'id': 34, 'text': 'ה', 'upos': 'DET', 'xpos': 'DET', 'feats': 'PronType=Art', 'head': 35, 'deprel': 'det:def', 'lemma': 'ה'}, {'id': 35, 'text': 'הקלטה', 'upos': 'NOUN', 'xpos': 'NOUN', 'feats': 'Gender=Fem|Number=Sing', 'head': 33, 'deprel': 'compound:smixut', 'lemma': 'הקלטה'}]"
"(1, 2)",המיקרופון,,,,,,"(1, 10)",,"[{'id': 1, 'text': 'ה', 'upos': 'DET', 'xpos': 'DET', 'feats': 'PronType=Art', 'head': 2, 'deprel': 'det:def', 'lemma': 'ה'}, {'id': 2, 'text': 'מיקרופון', 'upos': 'NOUN', 'xpos': 'NOUN', 'feats': 'Gender=Masc|Number=Sing', 'head': 9, 'deprel': 'nsubj', 'lemma': 'מיקרופון'}]"
3,(,PUNCT,PUNCT,,4.0,punct,"(11, 12)",(,
4,SHURE,PROPN,PROPN,,2.0,appos,"(12, 17)",SHURE,
5,Prologue,NOUN,NOUN,,4.0,nmod,"(18, 26)",Prologue,
6,-,PUNCT,PUNCT,,4.0,punct,"(26, 27)",-,
7,8L,NUM,NUM,,4.0,appos,"(27, 29)",8L,
8,),PUNCT,PUNCT,,4.0,punct,"(29, 30)",),
9,הוחזק,VERB,VERB,Gender=Masc|HebBinyan=HUFAL|Number=Sing|Person=3|Tense=Past|Voice=Pass,0.0,root,"(31, 36)",הוחזק,
"(10, 12)",בזוית,,,,,,"(37, 42)",,"[{'id': 10, 'text': 'ב', 'upos': 'ADP', 'xpos': 'ADP', 'head': 12, 'deprel': 'case', 'lemma': 'ב'}, {'id': 11, 'text': 'ה_', 'upos': 'DET', 'xpos': 'DET', 'feats': 'PronType=Art', 'head': 12, 'deprel': 'det:def', 'lemma': 'ה'}, {'id': 12, 'text': 'זוית', 'upos': 'NOUN', 'xpos': 'NOUN', 'feats': 'Gender=Fem|Number=Sing', 'head': 9, 'deprel': 'obl', 'lemma': 'זוית'}]"
13,לכוון,ADP,ADP,,12.0,case,"(43, 48)",לכוון,
14,מקורות,NOUN,NOUN,Definite=Cons|Gender=Masc|Number=Plur,13.0,compound:smixut,"(49, 55)",מקור,
"(15, 16)",הרעש,,,,,,"(56, 60)",,"[{'id': 15, 'text': 'ה', 'upos': 'DET', 'xpos': 'DET', 'feats': 'PronType=Art', 'head': 16, 'deprel': 'det:def', 'lemma': 'ה'}, {'id': 16, 'text': 'רעש', 'upos': 'NOUN', 'xpos': 'NOUN', 'feats': 'Gender=Masc|Number=Sing', 'head': 14, 'deprel': 'compound:smixut', 'lemma': 'רעש'}]"
"(17, 19)",ובמרחק,,,,,,"(61, 67)",,"[{'id': 17, 'text': 'ו', 'upos': 'CCONJ', 'xpos': 'CCONJ', 'feats': 'HebSource=ConvUncertainHead', 'head': 19, 'deprel': 'cc', 'lemma': 'ו'}, {'id': 18, 'text': 'ב', 'upos': 'ADP', 'xpos': 'ADP', 'head': 19, 'deprel': 'case', 'lemma': 'ב'}, {'id': 19, 'text': 'מרחק', 'upos': 'NOUN', 'xpos': 'NOUN', 'feats': 'Definite=Cons|Gender=Masc|Number=Sing', 'head': 9, 'deprel': 'obl', 'lemma': 'מרחק'}]"
20,50,NUM,NUM,,21.0,nummod,"(68, 70)",50,
21,ס״מ,NOUN,NOUN,Abbr=Yes|Gender=Masc|Number=Sing,19.0,nmod,"(71, 74)",ס״מ,
"(22, 24)",מהגוף,,,,,,"(75, 80)",,"[{'id': 22, 'text': 'מ', 'upos': 'ADP', 'xpos': 'ADP', 'head': 24, 'deprel': 'case', 'lemma': 'מ'}, {'id': 23, 'text': 'ה', 'upos': 'DET', 'xpos': 'DET', 'feats': 'PronType=Art', 'head': 24, 'deprel': 'det:def', 'lemma': 'ה'}, {'id': 24, 'text': 'גוף', 'upos': 'NOUN', 'xpos': 'NOUN', 'feats': 'Gender=Masc|HebSource=ConvUncertainHead|Number=Sing', 'head': 19, 'deprel': 'nmod', 'lemma': 'גוף'}]"
"(25, 26)",למניעת,,,,,,"(81, 87)",,"[{'id': 25, 'text': 'ל', 'upos': 'ADP', 'xpos': 'ADP', 'head': 26, 'deprel': 'case', 'lemma': 'ל'}, {'id': 26, 'text': 'מניעת', 'upos': 'NOUN', 'xpos': 'NOUN', 'feats': 'Definite=Cons|Gender=Fem|Number=Sing', 'head': 9, 'deprel': 'obl', 'lemma': 'מניעה'}]"
27,החזרות,NOUN,NOUN,Definite=Cons|Gender=Fem|Number=Plur,26.0,compound:smixut,"(88, 94)",החזרה,
28,גלים,NOUN,NOUN,Gender=Masc|Number=Plur,27.0,compound:smixut,"(95, 99)",גל,
"(29, 30)",מגוף,,,,,,"(100, 104)",,"[{'id': 29, 'text': 'מ', 'upos': 'ADP', 'xpos': 'ADP', 'head': 30, 'deprel': 'case', 'lemma': 'מ'}, {'id': 30, 'text': 'גוף', 'upos': 'NOUN', 'xpos': 'NOUN', 'feats': 'Definite=Cons|Gender=Masc|Number=Sing', 'head': 27, 'deprel': 'nmod', 'lemma': 'גוף'}]"
"(31, 32)",המודד,,,,,,"(105, 110)",,"[{'id': 31, 'text': 'ה', 'upos': 'DET', 'xpos': 'DET', 'feats': 'PronType=Art', 'head': 32, 'deprel': 'det:def', 'lemma': 'ה'}, {'id': 32, 'text': 'מודד', 'upos': 'VERB', 'xpos': 'VERB', 'feats': 'Gender=Masc|HebBinyan=HUFAL|Number=Sing|Person=1,2,3|VerbForm=Part|Voice=Pass', 'head': 30, 'deprel': 'compound:smixut', 'lemma': 'מדד'}]"
"(1, 2)",המדידות,,,,,,"(1, 8)",,"[{'id': 1, 'text': 'ה', 'upos': 'DET', 'xpos': 'DET', 'feats': 'PronType=Art', 'head': 2, 'deprel': 'det:def', 'lemma': 'ה'}, {'id': 2, 'text': 'מדידות', 'upos': 'NOUN', 'xpos': 'NOUN', 'feats': 'Gender=Fem|Number=Plur', 'head': 3, 'deprel': 'nsubj', 'lemma': 'מדידה'}]"
3,נעשו,VERB,VERB,"Gender=Fem,Masc|HebBinyan=NIFAL|Number=Plur|Person=3|Tense=Past|Voice=Mid",0.0,root,"(9, 13)",נעשה,
"(4, 6)",ב־ 21,,,,,,"(14, 19)",,"[{'id': 4, 'text': 'ב', 'upos': 'ADP', 'xpos': 'ADP', 'head': 6, 'deprel': 'case', 'lemma': 'ב'}, {'id': 5, 'text': 'ה_', 'upos': 'DET', 'xpos': 'DET', 'feats': 'PronType=Art', 'head': 6, 'deprel': 'det:def', 'lemma': 'ה'}, {'id': 6, 'text': 'אצ11', 'upos': 'X', 'xpos': 'X', 'feats': 'Xtra=Junk', 'head': 7, 'deprel': 'nummod', 'lemma': '_'}]"
7,מקומות,NOUN,NOUN,Gender=Masc|Number=Plur,3.0,dep,"(20, 26)",מקום,
"(8, 9)",במרחבי,,,,,,"(27, 33)",,"[{'id': 8, 'text': 'ב', 'upos': 'ADP', 'xpos': 'ADP', 'head': 9, 'deprel': 'case', 'lemma': 'ב'}, {'id': 9, 'text': 'מרחבי', 'upos': 'NOUN', 'xpos': 'NOUN', 'feats': 'Definite=Cons|Gender=Masc|Number=Plur', 'head': 7, 'deprel': 'nmod', 'lemma': 'מרחב'}]"
"(10, 11)",החדרים,,,,,,"(34, 40)",,"[{'id': 10, 'text': 'ה', 'upos': 'DET', 'xpos': 'DET', 'feats': 'PronType=Art', 'head': 11, 'deprel': 'det:def', 'lemma': 'ה'}, {'id': 11, 'text': 'חדרים', 'upos': 'NOUN', 'xpos': 'NOUN', 'feats': 'Gender=Masc|Number=Plur', 'head': 9, 'deprel': 'compound:smixut', 'lemma': 'חדר'}]"
"(12, 13)",שמצויים,,,,,,"(41, 48)",,"[{'id': 12, 'text': 'ש', 'upos': 'SCONJ', 'xpos': 'SCONJ', 'head': 13, 'deprel': 'mark', 'lemma': 'ש'}, {'id': 13, 'text': 'מצויים', 'upos': 'VERB', 'xpos': 'VERB', 'feats': 'Gender=Masc|HebBinyan=PAAL|Number=Plur|Person=1,2,3|VerbForm=Part|Voice=Act', 'head': 9, 'deprel': 'acl:relcl', 'lemma': 'מצוי'}]"
"(14, 15)",באותה,,,,,,"(49, 54)",,"[{'id': 14, 'text': 'ב', 'upos': 'ADP', 'xpos': 'ADP', 'head': 16, 'deprel': 'case', 'lemma': 'ב'}, {'id': 15, 'text': 'אותה', 'upos': 'PRON', 'xpos': 'PRON', 'feats': 'Definite=Def|Gender=Fem|Number=Sing|Person=3|PronType=Prs', 'head': 16, 'deprel': 'det', 'lemma': 'אותו'}]"
16,קומה,NOUN,NOUN,Gender=Fem|Number=Sing,13.0,obl,"(55, 59)",קומה,
17,(,PUNCT,PUNCT,,18.0,punct,"(60, 61)",(,
18,מישור,NOUN,NOUN,Gender=Masc|Number=Sing,16.0,appos,"(61, 66)",מישור,
19,),PUNCT,PUNCT,,18.0,punct,"(66, 67)",),
"(20, 21)",וסובלים,,,,,,"(68, 75)",,"[{'id': 20, 'text': 'ו', 'upos': 'CCONJ', 'xpos': 'CCONJ', 'head': 21, 'deprel': 'cc', 'lemma': 'ו'}, {'id': 21, 'text': 'סובלים', 'upos': 'VERB', 'xpos': 'VERB', 'feats': 'Gender=Masc|HebBinyan=PAAL|Number=Plur|Person=1,2,3|VerbForm=Part|Voice=Act', 'head': 13, 'deprel': 'conj', 'lemma': 'סבל'}]"
"(22, 24)",מהמזגנים,,,,,,"(76, 84)",,"[{'id': 22, 'text': 'מ', 'upos': 'ADP', 'xpos': 'ADP', 'head': 24, 'deprel': 'case', 'lemma': 'מ'}, {'id': 23, 'text': 'ה', 'upos': 'DET', 'xpos': 'DET', 'feats': 'PronType=Art', 'head': 24, 'deprel': 'det:def', 'lemma': 'ה'}, {'id': 24, 'text': 'מזגנים', 'upos': 'NOUN', 'xpos': 'NOUN', 'feats': 'Gender=Masc|Number=Plur', 'head': 21, 'deprel': 'obl', 'lemma': 'מזגן'}]"
"(25, 26)",הרועשים,,,,,,"(85, 92)",,"[{'id': 25, 'text': 'ה', 'upos': 'DET', 'xpos': 'DET', 'feats': 'PronType=Art', 'head': 26, 'deprel': 'det:def', 'lemma': 'ה'}, {'id': 26, 'text': 'רועשים', 'upos': 'ADJ', 'xpos': 'ADJ', 'feats': 'Gender=Masc|Number=Plur', 'head': 24, 'deprel': 'amod', 'lemma': 'רועש'}]"
27,(,PUNCT,PUNCT,,29.0,punct,"(93, 94)",(,
"(28, 29)",כמצויין,,,,,,"(94, 101)",,"[{'id': 28, 'text': 'כ', 'upos': 'ADP', 'xpos': 'ADP', 'head': 29, 'deprel': 'mark', 'lemma': 'כ'}, {'id': 29, 'text': 'מצויין', 'upos': 'VERB', 'xpos': 'VERB', 'feats': 'Gender=Masc|HebBinyan=PUAL|Number=Sing|Person=1,2,3|VerbForm=Part|Voice=Pass', 'head': 24, 'deprel': 'appos', 'lemma': 'צוין'}]"
"(30, 31)",בציור,,,,,,"(102, 107)",,"[{'id': 30, 'text': 'ב', 'upos': 'ADP', 'xpos': 'ADP', 'head': 31, 'deprel': 'case', 'lemma': 'ב'}, {'id': 31, 'text': 'ציור', 'upos': 'NOUN', 'xpos': 'NOUN', 'feats': 'Gender=Masc|Number=Sing', 'head': 29, 'deprel': 'obl', 'lemma': 'ציור'}]"
32,1,NUM,NUM,,31.0,nummod,"(108, 109)",1,
33,),PUNCT,PUNCT,,29.0,punct,"(109, 110)",),
"(1, 2)",בכל,,,,,,"(1, 4)",,"[{'id': 1, 'text': 'ב', 'upos': 'ADP', 'xpos': 'ADP', 'head': 3, 'deprel': 'case', 'lemma': 'ב'}, {'id': 2, 'text': 'כל', 'upos': 'DET', 'xpos': 'DET', 'feats': 'Definite=Cons', 'head': 3, 'deprel': 'det', 'lemma': 'כול'}]"
3,נקודת,NOUN,NOUN,Definite=Cons|Gender=Fem|Number=Sing,5.0,obl,"(5, 10)",נקודה,
4,מדידה,NOUN,NOUN,Gender=Fem|Number=Sing,3.0,compound:smixut,"(11, 16)",מדידה,
5,הקלטנו,VERB,VERB,"Gender=Fem,Masc|HebBinyan=HIFIL|Number=Plur|Person=1|Tense=Past|Voice=Act",0.0,root,"(17, 23)",הקליט,
6,את,ADP,ADP,Case=Acc,8.0,case:acc,"(24, 26)",את,
"(7, 8)",הרעש,,,,,,"(27, 31)",,"[{'id': 7, 'text': 'ה', 'upos': 'DET', 'xpos': 'DET', 'feats': 'PronType=Art', 'head': 8, 'deprel': 'det:def', 'lemma': 'ה'}, {'id': 8, 'text': 'רעש', 'upos': 'NOUN', 'xpos': 'NOUN', 'feats': 'Gender=Masc|Number=Sing', 'head': 5, 'deprel': 'obj', 'lemma': 'רעש'}]"
9,במשך,ADP,ADP,,10.0,case,"(32, 36)",במשך,
"(10, 12)",5־3,,,,,,"(37, 40)",,"[{'id': 10, 'text': 'ח', 'upos': 'NOUN', 'xpos': 'NOUN', 'feats': 'Xtra=Junk', 'head': 5, 'deprel': 'obl', 'lemma': 'ח'}, {'id': 11, 'text': 'ה_', 'upos': 'DET', 'xpos': 'DET', 'feats': 'PronType=Art', 'head': 12, 'deprel': 'det:def', 'lemma': 'ה'}, {'id': 12, 'text': 'ח3', 'upos': 'NUM', 'xpos': 'NUM', 'head': 13, 'deprel': 'nummod', 'lemma': 'ח3'}]"
13,דקות,NOUN,NOUN,Gender=Fem|Number=Plur,10.0,nmod,"(41, 45)",דקה,
"(14, 15)",לצורך,,,,,,"(46, 51)",,"[{'id': 14, 'text': 'ל', 'upos': 'ADP', 'xpos': 'ADP', 'head': 15, 'deprel': 'case', 'lemma': 'ל'}, {'id': 15, 'text': 'צורך', 'upos': 'NOUN', 'xpos': 'NOUN', 'feats': 'Definite=Cons|Gender=Masc|Number=Sing', 'head': 5, 'deprel': 'obl', 'lemma': 'צורך'}]"
16,ניתוח,NOUN,NOUN,Definite=Cons|Gender=Masc|Number=Sing,15.0,compound:smixut,"(52, 57)",ניתוח,
17,תדירות,NOUN,NOUN,Definite=Cons|Gender=Fem|Number=Sing,16.0,compound:smixut,"(58, 64)",תדירות,
18,מקורות,NOUN,NOUN,Definite=Cons|Gender=Masc|Number=Plur,17.0,compound:smixut,"(65, 71)",מקור,
"(19, 20)",הרעשים,,,,,,"(72, 78)",,"[{'id': 19, 'text': 'ה', 'upos': 'DET', 'xpos': 'DET', 'feats': 'PronType=Art', 'head': 20, 'deprel': 'det:def', 'lemma': 'ה'}, {'id': 20, 'text': 'רעשים', 'upos': 'NOUN', 'xpos': 'NOUN', 'feats': 'Gender=Masc|Number=Plur', 'head': 18, 'deprel': 'compound:smixut', 'lemma': 'רעש'}]"
"(21, 22)",במעבד,,,,,,"(79, 84)",,"[{'id': 21, 'text': 'ב', 'upos': 'ADP', 'xpos': 'ADP', 'head': 22, 'deprel': 'case', 'lemma': 'ב'}, {'id': 22, 'text': 'מעבד', 'upos': 'NOUN', 'xpos': 'NOUN', 'feats': 'Definite=Cons|Gender=Masc|Number=Sing', 'head': 16, 'deprel': 'nmod', 'lemma': 'מעבד'}]"
23,ספקטרום,NOUN,NOUN,Gender=Masc|Number=Sing,22.0,compound:smixut,"(85, 92)",ספקטרום,
24,ממוחשב,ADJ,ADJ,"Gender=Masc|HebBinyan=PUAL|Number=Sing|Person=1,2,3|VerbForm=Part|Voice=Pass",22.0,amod,"(93, 99)",ממוחשב,
"(1, 2)",המדידות,,,,,,"(1, 8)",,"[{'id': 1, 'text': 'ה', 'upos': 'DET', 'xpos': 'DET', 'feats': 'PronType=Art', 'head': 2, 'deprel': 'det:def', 'lemma': 'ה'}, {'id': 2, 'text': 'מדידות', 'upos': 'NOUN', 'xpos': 'NOUN', 'feats': 'Gender=Fem|Number=Plur', 'head': 6, 'deprel': 'nsubj', 'lemma': 'מדידה'}]"
"(3, 4)",בכל,,,,,,"(9, 12)",,"[{'id': 3, 'text': 'ב', 'upos': 'ADP', 'xpos': 'ADP', 'head': 5, 'deprel': 'case', 'lemma': 'ב'}, {'id': 4, 'text': 'כל', 'upos': 'DET', 'xpos': 'DET', 'feats': 'Definite=Cons', 'head': 5, 'deprel': 'det', 'lemma': 'כול'}]"
5,נקודה,NOUN,NOUN,Gender=Fem|Number=Sing,2.0,nmod,"(13, 18)",נקודה,
6,בוצעו,VERB,VERB,"Gender=Fem,Masc|HebBinyan=PUAL|Number=Plur|Person=3|Tense=Past|Voice=Pass",0.0,root,"(19, 24)",בוצע,
7,שלוש,NUM,NUM,Gender=Fem|Number=Sing,8.0,nummod,"(25, 29)",שלוש,
8,פעמים,NOUN,NOUN,Gender=Fem|Number=Plur,6.0,dep,"(30, 35)",פעם,
9,:,PUNCT,PUNCT,,8.0,punct,"(35, 36)",:,
10,1,NUM,NUM,,6.0,parataxis,"(37, 38)",1,
11,),PUNCT,PUNCT,,10.0,punct,"(38, 39)",),
12,כאשר,SCONJ,SCONJ,,16.0,mark,"(40, 44)",כאשר,
"(13, 14)",המזגן,,,,,,"(45, 50)",,"[{'id': 13, 'text': 'ה', 'upos': 'DET', 'xpos': 'DET', 'feats': 'PronType=Art', 'head': 14, 'deprel': 'det:def', 'lemma': 'ה'}, {'id': 14, 'text': 'מזגן', 'upos': 'NOUN', 'xpos': 'NOUN', 'feats': 'Gender=Masc|Number=Sing', 'head': 16, 'deprel': 'nsubj', 'lemma': 'מזגן'}]"
15,A,PROPN,PROPN,,14.0,flat:name,"(51, 52)",A,
16,הופעל,VERB,VERB,Gender=Masc|HebBinyan=HUFAL|Number=Sing|Person=3|Tense=Past|Voice=Pass,10.0,dep,"(53, 58)",הופעל,
17,",",PUNCT,PUNCT,,10.0,punct,"(58, 59)",",",
18,2,NUM,NUM,,10.0,dep,"(60, 61)",2,
19,),PUNCT,PUNCT,,18.0,punct,"(61, 62)",),
20,כאשר,SCONJ,SCONJ,,24.0,mark,"(63, 67)",כאשר,
"(21, 22)",המזגן,,,,,,"(68, 73)",,"[{'id': 21, 'text': 'ה', 'upos': 'DET', 'xpos': 'DET', 'feats': 'PronType=Art', 'head': 22, 'deprel': 'det:def', 'lemma': 'ה'}, {'id': 22, 'text': 'מזגן', 'upos': 'NOUN', 'xpos': 'NOUN', 'feats': 'Gender=Masc|Number=Sing', 'head': 24, 'deprel': 'nsubj', 'lemma': 'מזגן'}]"
23,B,PROPN,PROPN,,22.0,flat:name,"(74, 75)",B,
24,הופעל,VERB,VERB,Gender=Masc|HebBinyan=HUFAL|Number=Sing|Person=3|Tense=Past|Voice=Pass,18.0,dep,"(76, 81)",הופעל,
25,",",PUNCT,PUNCT,,10.0,punct,"(81, 82)",",",
26,3,NUM,NUM,HebSource=ConvUncertainHead,10.0,dep,"(83, 84)",3,
27,),PUNCT,PUNCT,,10.0,punct,"(84, 85)",),
28,כאשר,SCONJ,SCONJ,,35.0,mark,"(86, 90)",כאשר,
"(29, 30)",המזגנים,,,,,,"(91, 98)",,"[{'id': 29, 'text': 'ה', 'upos': 'DET', 'xpos': 'DET', 'feats': 'PronType=Art', 'head': 30, 'deprel': 'det:def', 'lemma': 'ה'}, {'id': 30, 'text': 'מזגנים', 'upos': 'NOUN', 'xpos': 'NOUN', 'feats': 'Gender=Masc|Number=Plur', 'head': 35, 'deprel': 'nsubj', 'lemma': 'מזגן'}]"
31,A,PROPN,PROPN,,30.0,flat:name,"(99, 100)",A,
"(32, 34)",+B,,,,,,"(100, 102)",,"[{'id': 32, 'text': 'ל', 'upos': 'ADP', 'xpos': 'ADP', 'head': 34, 'deprel': 'case', 'lemma': 'ל'}, {'id': 33, 'text': 'ה_', 'upos': 'DET', 'xpos': 'DET', 'feats': 'PronType=Art', 'head': 34, 'deprel': 'det:def', 'lemma': 'ה'}, {'id': 34, 'text': 'ח', 'upos': 'NOUN', 'xpos': 'NOUN', 'feats': 'Gender=Masc|Number=Sing', 'head': 30, 'deprel': 'nmod', 'lemma': 'ח'}]"
35,הופעלו,VERB,VERB,"Gender=Fem,Masc|HebBinyan=HUFAL|Number=Plur|Person=3|Tense=Past|Voice=Pass",26.0,advcl,"(103, 109)",הופעל,
36,ביחד,ADV,ADV,,35.0,advmod,"(110, 114)",ביחד,
1,3,NUM,NUM,,0.0,root,"(1, 2)",3,
1,2,NUM,NUM,,0.0,root,"(0, 1)",2,
1,3,NUM,NUM,,0.0,root,"(0, 1)",3,
1,תוצאות,NOUN,NOUN,Definite=Cons|Gender=Fem|Number=Plur,0.0,root,"(1, 7)",תוצאה,
"(2, 3)",המדידה,,,,,,"(8, 14)",,"[{'id': 2, 'text': 'ה', 'upos': 'DET', 'xpos': 'DET', 'feats': 'PronType=Art', 'head': 3, 'deprel': 'det:def', 'lemma': 'ה'}, {'id': 3, 'text': 'מדידה', 'upos': 'NOUN', 'xpos': 'NOUN', 'feats': 'Gender=Fem|Number=Sing', 'head': 1, 'deprel': 'compound:smixut', 'lemma': 'מדידה'}]"
4,3,NUM,NUM,,1.0,nummod,"(15, 16)",3,
1,2,NUM,NUM,,0.0,root,"(0, 1)",2,
1,3,NUM,NUM,,0.0,root,"(0, 1)",3,
1,1,NUM,NUM,,0.0,root,"(0, 1)",1,
1,עוצמת,NOUN,NOUN,Definite=Cons|Gender=Fem|Number=Sing,8.0,nsubj,"(1, 6)",עוצמה,
"(2, 3)",הרעש,,,,,,"(7, 11)",,"[{'id': 2, 'text': 'ה', 'upos': 'DET', 'xpos': 'DET', 'feats': 'PronType=Art', 'head': 3, 'deprel': 'det:def', 'lemma': 'ה'}, {'id': 3, 'text': 'רעש', 'upos': 'NOUN', 'xpos': 'NOUN', 'feats': 'Gender=Masc|Number=Sing', 'head': 1, 'deprel': 'compound:smixut', 'lemma': 'רעש'}]"
"(4, 5)",בתחילת,,,,,,"(12, 18)",,"[{'id': 4, 'text': 'ב', 'upos': 'ADP', 'xpos': 'ADP', 'head': 5, 'deprel': 'case', 'lemma': 'ב'}, {'id': 5, 'text': 'תחילת', 'upos': 'NOUN', 'xpos': 'NOUN', 'feats': 'Definite=Cons|Gender=Fem|Number=Sing', 'head': 1, 'deprel': 'nmod', 'lemma': 'תחילה'}]"
"(6, 7)",הניסוי,,,,,,"(19, 25)",,"[{'id': 6, 'text': 'ה', 'upos': 'DET', 'xpos': 'DET', 'feats': 'PronType=Art', 'head': 7, 'deprel': 'det:def', 'lemma': 'ה'}, {'id': 7, 'text': 'ניסוי', 'upos': 'NOUN', 'xpos': 'NOUN', 'feats': 'Gender=Masc|Number=Sing', 'head': 5, 'deprel': 'compound:smixut', 'lemma': 'ניסוי'}]"
8,מדדנו,VERB,VERB,"Gender=Fem,Masc|HebBinyan=PAAL|Number=Plur|Person=3|Tense=Past|Voice=Act",0.0,root,"(26, 31)",דדן,
9,את,ADP,ADP,Case=Acc,10.0,case:acc,"(32, 34)",את,
10,רעש,NOUN,NOUN,Definite=Cons|Gender=Masc|Number=Sing,8.0,obj,"(35, 38)",רעש,
"(11, 12)",הסביבה,,,,,,"(39, 45)",,"[{'id': 11, 'text': 'ה', 'upos': 'DET', 'xpos': 'DET', 'feats': 'PronType=Art', 'head': 12, 'deprel': 'det:def', 'lemma': 'ה'}, {'id': 12, 'text': 'סביבה', 'upos': 'NOUN', 'xpos': 'NOUN', 'feats': 'Gender=Fem|Number=Sing', 'head': 10, 'deprel': 'compound:smixut', 'lemma': 'סביבה'}]"
13,(,PUNCT,PUNCT,,14.0,punct,"(46, 47)",(,
14,רעש,NOUN,NOUN,Definite=Cons|Gender=Masc|Number=Sing,10.0,appos,"(47, 50)",רעש,
15,רקע,NOUN,NOUN,Gender=Masc|Number=Sing,14.0,compound:smixut,"(51, 54)",רקע,
16,),PUNCT,PUNCT,,14.0,punct,"(54, 55)",),
"(17, 20)",שעוצמתו,,,,,,"(56, 63)",,"[{'id': 17, 'text': 'ש', 'upos': 'SCONJ', 'xpos': 'SCONJ', 'head': 21, 'deprel': 'mark', 'lemma': 'ש'}, {'id': 18, 'text': 'עוצמה_', 'upos': 'NOUN', 'xpos': 'NOUN', 'feats': 'Definite=Def|Gender=Fem|Number=Sing', 'head': 21, 'deprel': 'nsubj', 'lemma': 'עוצמה'}, {'id': 19, 'text': '_של_', 'upos': 'ADP', 'xpos': 'ADP', 'head': 20, 'deprel': 'case:gen', 'lemma': 'של'}, {'id': 20, 'text': '_הוא', 'upos': 'PRON', 'xpos': 'PRON', 'feats': 'Case=Gen|Gender=Masc|Number=Sing|Person=3|PronType=Prs', 'head': 18, 'deprel': 'nmod:poss', 'lemma': 'הוא'}]"
21,עמדה,VERB,VERB,Gender=Fem|HebBinyan=PAAL|Number=Sing|Person=3|Tense=Past|Voice=Act,10.0,acl:relcl,"(64, 68)",עמד,
22,על,ADP,ADP,,25.0,case,"(69, 71)",על,
23,(,PUNCT,PUNCT,,25.0,punct,"(72, 73)",(,
24,36,NUM,NUM,,25.0,nummod,"(73, 75)",36,
25,dB,NOUN,NOUN,,21.0,parataxis,"(76, 78)",dB,
26,(,PUNCT,PUNCT,,25.0,punct,"(78, 79)",(,
27,A,PROPN,PROPN,,8.0,dep,"(79, 80)",A,
1,תוצאות,NOUN,NOUN,Definite=Cons|Gender=Fem|Number=Plur,21.0,nsubj,"(1, 7)",תוצאה,
"(2, 3)",המדידה,,,,,,"(8, 14)",,"[{'id': 2, 'text': 'ה', 'upos': 'DET', 'xpos': 'DET', 'feats': 'PronType=Art', 'head': 3, 'deprel': 'det:def', 'lemma': 'ה'}, {'id': 3, 'text': 'מדידה', 'upos': 'NOUN', 'xpos': 'NOUN', 'feats': 'Gender=Fem|Number=Sing', 'head': 1, 'deprel': 'compound:smixut', 'lemma': 'מדידה'}]"
4,של,ADP,ADP,Case=Gen,5.0,case:gen,"(15, 17)",של,
5,עוצמות,NOUN,NOUN,Definite=Cons|Gender=Fem|Number=Plur,1.0,nmod:poss,"(18, 24)",עוצמה,
"(6, 7)",הרעש,,,,,,"(25, 29)",,"[{'id': 6, 'text': 'ה', 'upos': 'DET', 'xpos': 'DET', 'feats': 'PronType=Art', 'head': 7, 'deprel': 'det:def', 'lemma': 'ה'}, {'id': 7, 'text': 'רעש', 'upos': 'NOUN', 'xpos': 'NOUN', 'feats': 'Gender=Masc|Number=Sing', 'head': 5, 'deprel': 'compound:smixut', 'lemma': 'רעש'}]"
"(8, 9)",בכל,,,,,,"(30, 33)",,"[{'id': 8, 'text': 'ב', 'upos': 'ADP', 'xpos': 'ADP', 'head': 10, 'deprel': 'case', 'lemma': 'ב'}, {'id': 9, 'text': 'כל', 'upos': 'DET', 'xpos': 'DET', 'feats': 'Definite=Cons', 'head': 10, 'deprel': 'det', 'lemma': 'כול'}]"
10,נקודות,NOUN,NOUN,Definite=Cons|Gender=Fem|Number=Plur,5.0,nmod,"(34, 40)",נקודה,
"(11, 12)",המדידה,,,,,,"(41, 47)",,"[{'id': 11, 'text': 'ה', 'upos': 'DET', 'xpos': 'DET', 'feats': 'PronType=Art', 'head': 12, 'deprel': 'det:def', 'lemma': 'ה'}, {'id': 12, 'text': 'מדידה', 'upos': 'NOUN', 'xpos': 'NOUN', 'feats': 'Gender=Fem|Number=Sing', 'head': 10, 'deprel': 'compound:smixut', 'lemma': 'מדידה'}]"
13,(,PUNCT,PUNCT,,14.0,punct,"(48, 49)",(,
14,ערכים,NOUN,NOUN,Gender=Masc|Number=Plur,5.0,appos,"(49, 54)",ערך,
15,ממוצעים,ADJ,ADJ,Gender=Masc|Number=Plur,14.0,amod,"(55, 62)",ממוצע,
"(16, 17)",שנצפו,,,,,,"(63, 68)",,"[{'id': 16, 'text': 'ש', 'upos': 'SCONJ', 'xpos': 'SCONJ', 'head': 17, 'deprel': 'mark', 'lemma': 'ש'}, {'id': 17, 'text': 'נצפו', 'upos': 'VERB', 'xpos': 'VERB', 'feats': 'Gender=Fem,Masc|HebBinyan=NIFAL|Number=Plur|Person=3|Tense=Past|Voice=Mid', 'head': 14, 'deprel': 'acl:relcl', 'lemma': 'נצפה'}]"
18,במשך,ADP,ADP,,19.0,case,"(69, 73)",במשך,
19,דקה,NOUN,NOUN,Gender=Fem|Number=Sing,17.0,obl,"(74, 77)",דקה,
20,),PUNCT,PUNCT,,14.0,punct,"(77, 78)",),
21,מסוכמות,VERB,VERB,"Gender=Fem|HebBinyan=PUAL|Number=Plur|Person=1,2,3|VerbForm=Part|Voice=Pass",0.0,root,"(79, 86)",סוכם,
"(22, 24)",בטבלה,,,,,,"(87, 92)",,"[{'id': 22, 'text': 'ב', 'upos': 'ADP', 'xpos': 'ADP', 'head': 24, 'deprel': 'case', 'lemma': 'ב'}, {'id': 23, 'text': 'ה_', 'upos': 'DET', 'xpos': 'DET', 'feats': 'PronType=Art', 'head': 24, 'deprel': 'det:def', 'lemma': 'ה'}, {'id': 24, 'text': 'טבלה', 'upos': 'NOUN', 'xpos': 'NOUN', 'feats': 'Gender=Fem|Number=Sing', 'head': 21, 'deprel': 'obl', 'lemma': 'טבלה'}]"
25,1,NUM,NUM,,24.0,nummod,"(93, 94)",1,
1,עוצמות,NOUN,NOUN,Definite=Cons|Gender=Fem|Number=Plur,11.0,nsubj,"(1, 7)",עוצמה,
"(2, 3)",הרעש,,,,,,"(8, 12)",,"[{'id': 2, 'text': 'ה', 'upos': 'DET', 'xpos': 'DET', 'feats': 'PronType=Art', 'head': 3, 'deprel': 'det:def', 'lemma': 'ה'}, {'id': 3, 'text': 'רעש', 'upos': 'NOUN', 'xpos': 'NOUN', 'feats': 'Gender=Masc|Number=Sing', 'head': 1, 'deprel': 'compound:smixut', 'lemma': 'רעש'}]"
"(4, 5)",בכל,,,,,,"(13, 16)",,"[{'id': 4, 'text': 'ב', 'upos': 'ADP', 'xpos': 'ADP', 'head': 6, 'deprel': 'case', 'lemma': 'ב'}, {'id': 5, 'text': 'כל', 'upos': 'DET', 'xpos': 'DET', 'feats': 'Definite=Cons', 'head': 6, 'deprel': 'det', 'lemma': 'כול'}]"
6,אחת,NUM,NUM,Gender=Fem|Number=Sing,1.0,nmod,"(17, 20)",אחת,
"(7, 8)",מנקודות,,,,,,"(21, 28)",,"[{'id': 7, 'text': 'מ', 'upos': 'ADP', 'xpos': 'ADP', 'head': 8, 'deprel': 'case', 'lemma': 'מ'}, {'id': 8, 'text': 'נקודות', 'upos': 'NOUN', 'xpos': 'NOUN', 'feats': 'Definite=Cons|Gender=Fem|Number=Plur', 'head': 6, 'deprel': 'obl', 'lemma': 'נקודה'}]"
"(9, 10)",המדידה,,,,,,"(29, 35)",,"[{'id': 9, 'text': 'ה', 'upos': 'DET', 'xpos': 'DET', 'feats': 'PronType=Art', 'head': 10, 'deprel': 'det:def', 'lemma': 'ה'}, {'id': 10, 'text': 'מדידה', 'upos': 'NOUN', 'xpos': 'NOUN', 'feats': 'Gender=Fem|Number=Sing', 'head': 8, 'deprel': 'compound:smixut', 'lemma': 'מדידה'}]"
11,נמצאו,VERB,VERB,"Gender=Fem,Masc|HebBinyan=NIFAL|Number=Plur|Person=3|Tense=Past|Voice=Mid",0.0,root,"(36, 41)",נמצא,
12,גבוהות,ADJ,ADJ,Gender=Fem|Number=Plur,11.0,xcomp,"(42, 48)",גבוה,
13,מ־,ADP,ADP,,15.0,case,"(49, 51)",מ־,
14,(,PUNCT,PUNCT,,15.0,punct,"(52, 53)",(,
15,40,NUM,NUM,,12.0,advmod,"(53, 55)",40,
16,B,X,X,,15.0,nummod,"(56, 57)",B,
17,(,PUNCT,PUNCT,,18.0,punct,"(57, 58)",(,
18,A,PROPN,PROPN,,15.0,appos,"(58, 59)",A,
19,",",PUNCT,PUNCT,,15.0,punct,"(60, 61)",",",
"(20, 21)",שהיא,,,,,,"(62, 66)",,"[{'id': 20, 'text': 'ש', 'upos': 'SCONJ', 'xpos': 'SCONJ', 'head': 22, 'deprel': 'mark', 'lemma': 'ש'}, {'id': 21, 'text': 'היא', 'upos': 'PRON', 'xpos': 'PRON', 'feats': 'Gender=Fem|Number=Sing|Person=3|PronType=Prs', 'head': 22, 'deprel': 'nsubj', 'lemma': 'הוא'}]"
22,עוצמת,NOUN,NOUN,Definite=Cons|Gender=Fem|Number=Sing,15.0,acl:relcl,"(67, 72)",עוצמה,
"(23, 24)",הרעש,,,,,,"(73, 77)",,"[{'id': 23, 'text': 'ה', 'upos': 'DET', 'xpos': 'DET', 'feats': 'PronType=Art', 'head': 24, 'deprel': 'det:def', 'lemma': 'ה'}, {'id': 24, 'text': 'רעש', 'upos': 'NOUN', 'xpos': 'NOUN', 'feats': 'Gender=Masc|Number=Sing', 'head': 22, 'deprel': 'compound:smixut', 'lemma': 'רעש'}]"
"(25, 26)",המותרת,,,,,,"(78, 84)",,"[{'id': 25, 'text': 'ה', 'upos': 'SCONJ', 'xpos': 'SCONJ', 'head': 26, 'deprel': 'mark', 'lemma': 'ה'}, {'id': 26, 'text': 'מותרת', 'upos': 'VERB', 'xpos': 'VERB', 'feats': 'Gender=Fem|HebBinyan=NIFAL|Number=Sing|Person=1,2,3|VerbForm=Part|Voice=Mid', 'head': 22, 'deprel': 'acl:relcl', 'lemma': 'הותר'}]"
"(27, 28)",בשעות,,,,,,"(85, 90)",,"[{'id': 27, 'text': 'ב', 'upos': 'ADP', 'xpos': 'ADP', 'head': 28, 'deprel': 'case', 'lemma': 'ב'}, {'id': 28, 'text': 'שעות', 'upos': 'NOUN', 'xpos': 'NOUN', 'feats': 'Definite=Cons|Gender=Fem|Number=Plur', 'head': 26, 'deprel': 'obl', 'lemma': 'שעה'}]"
"(29, 30)",הלילה,,,,,,"(91, 96)",,"[{'id': 29, 'text': 'ה', 'upos': 'DET', 'xpos': 'DET', 'feats': 'PronType=Art', 'head': 30, 'deprel': 'det:def', 'lemma': 'ה'}, {'id': 30, 'text': 'לילה', 'upos': 'NOUN', 'xpos': 'NOUN', 'feats': 'Gender=Masc|Number=Sing', 'head': 28, 'deprel': 'compound:smixut', 'lemma': 'לילה'}]"
31,לפי,ADP,ADP,,32.0,case,"(97, 100)",לפי,
32,תקנות,NOUN,NOUN,Gender=Fem|Number=Plur,12.0,advmod,"(101, 106)",תקנה,
"(33, 34)",למניעת,,,,,,"(107, 113)",,"[{'id': 33, 'text': 'ל', 'upos': 'ADP', 'xpos': 'ADP', 'head': 34, 'deprel': 'case', 'lemma': 'ל'}, {'id': 34, 'text': 'מניעת', 'upos': 'NOUN', 'xpos': 'NOUN', 'feats': 'Definite=Cons|Gender=Fem|Number=Sing', 'head': 32, 'deprel': 'nmod', 'lemma': 'מניעה'}]"
35,מפגעים,NOUN,NOUN,Gender=Masc|Number=Plur,34.0,compound:smixut,"(114, 120)",מפגע,
36,(,PUNCT,PUNCT,,37.0,punct,"(121, 122)",(,
37,רעש,NOUN,NOUN,Gender=Masc|Number=Sing,34.0,appos,"(122, 125)",רעש,
38,בלתי,ADV,ADV,Prefix=Yes,39.0,compound:affix,"(126, 130)",בלתי,
39,סביר,ADJ,ADJ,Gender=Masc|Number=Sing,37.0,amod,"(131, 135)",סביר,
40,),PUNCT,PUNCT,,37.0,punct,"(135, 136)",),
"(41, 42)",התש״ן,,,,,,"(137, 142)",,"[{'id': 41, 'text': 'ה', 'upos': 'DET', 'xpos': 'DET', 'feats': 'PronType=Art', 'head': 42, 'deprel': 'det:def', 'lemma': 'ה'}, {'id': 42, 'text': 'תשקן', 'upos': 'NOUN', 'xpos': 'NOUN', 'feats': 'Definite=Cons|Gender=Fem|Number=Sing', 'head': 37, 'deprel': 'nmod', 'lemma': 'תשקן'}]"
43,־,PUNCT,PUNCT,,44.0,det:def,"(143, 144)",־,
44,1990,NUM,NUM,,42.0,amod,"(145, 149)",1990,
"(45, 46)",והתקנות,,,,,,"(150, 157)",,"[{'id': 45, 'text': 'ו', 'upos': 'CCONJ', 'xpos': 'CCONJ', 'head': 46, 'deprel': 'cc', 'lemma': 'ו'}, {'id': 46, 'text': 'התקנות', 'upos': 'NOUN', 'xpos': 'NOUN', 'feats': 'Gender=Fem|Number=Plur', 'head': 32, 'deprel': 'conj', 'lemma': 'התקנה'}]"
"(47, 48)",למניעת,,,,,,"(158, 164)",,"[{'id': 47, 'text': 'ל', 'upos': 'ADP', 'xpos': 'ADP', 'head': 48, 'deprel': 'case', 'lemma': 'ל'}, {'id': 48, 'text': 'מניעת', 'upos': 'NOUN', 'xpos': 'NOUN', 'feats': 'Definite=Cons|Gender=Fem|Number=Sing', 'head': 46, 'deprel': 'nmod', 'lemma': 'מניעה'}]"
49,מפגעים,NOUN,NOUN,Gender=Masc|Number=Plur,48.0,compound:smixut,"(165, 171)",מפגע,
50,(,PUNCT,PUNCT,,51.0,punct,"(172, 173)",(,
51,מניעת,NOUN,NOUN,Definite=Cons|Gender=Fem|Number=Sing,48.0,appos,"(173, 178)",מניעה,
52,רעש,NOUN,NOUN,Gender=Masc|Number=Sing,51.0,compound:smixut,"(179, 182)",רעש,
53,),PUNCT,PUNCT,,51.0,punct,"(182, 183)",),
"(54, 55)",התשנ״ג,,,,,,"(184, 190)",,"[{'id': 54, 'text': 'ה', 'upos': 'DET', 'xpos': 'DET', 'feats': 'PronType=Art', 'head': 55, 'deprel': 'det:def', 'lemma': 'ה'}, {'id': 55, 'text': 'תשנקג', 'upos': 'NOUN', 'xpos': 'NOUN', 'head': 46, 'deprel': 'nmod', 'lemma': 'תשנקג'}]"
56,־,PUNCT,PUNCT,,55.0,punct,"(191, 192)",־,
57,1992,NUM,NUM,,55.0,amod,"(193, 197)",1992,
58,[,PUNCT,PUNCT,,59.0,punct,"(198, 199)",[,
59,1,NUM,NUM,,46.0,appos,"(199, 200)",1,
60,",",PUNCT,PUNCT,,59.0,punct,"(200, 201)",",",
61,2,NUM,NUM,,59.0,dep,"(201, 202)",2,
62,],PUNCT,PUNCT,,59.0,punct,"(202, 203)",],
"(1, 2)",הסכימה,,,,,,"(1, 7)",,"[{'id': 1, 'text': 'ה', 'upos': 'DET', 'xpos': 'DET', 'feats': 'PronType=Art', 'head': 2, 'deprel': 'det:def', 'lemma': 'ה'}, {'id': 2, 'text': 'סכימה', 'upos': 'NOUN', 'xpos': 'NOUN', 'feats': 'Gender=Fem|Number=Sing', 'head': 3, 'deprel': 'nsubj', 'lemma': 'סכימה'}]"
3,מציגה,VERB,VERB,"Gender=Fem|HebBinyan=HIFIL|Number=Sing|Person=1,2,3|VerbForm=Part|Voice=Act",0.0,root,"(8, 13)",הציג,
"(4, 5)",באופן,,,,,,"(14, 19)",,"[{'id': 4, 'text': 'ב', 'upos': 'ADP', 'xpos': 'ADP', 'head': 5, 'deprel': 'case', 'lemma': 'ב'}, {'id': 5, 'text': 'אופן', 'upos': 'NOUN', 'xpos': 'NOUN', 'feats': 'Gender=Masc|Number=Sing', 'head': 3, 'deprel': 'obl', 'lemma': 'אופן'}]"
6,גרפי,ADJ,ADJ,Gender=Masc|Number=Sing,5.0,amod,"(20, 24)",גרפי,
7,את,ADP,ADP,Case=Acc,8.0,case:acc,"(25, 27)",את,
8,יחסי,NOUN,NOUN,Definite=Cons|Gender=Masc|Number=Plur,3.0,obj,"(28, 32)",יחסים,
9,עצמת,NOUN,NOUN,Definite=Cons|Gender=Fem|Number=Sing,8.0,compound:smixut,"(33, 37)",עצמה,
"(10, 11)",הרעש,,,,,,"(38, 42)",,"[{'id': 10, 'text': 'ה', 'upos': 'DET', 'xpos': 'DET', 'feats': 'PronType=Art', 'head': 11, 'deprel': 'det:def', 'lemma': 'ה'}, {'id': 11, 'text': 'רעש', 'upos': 'NOUN', 'xpos': 'NOUN', 'feats': 'Gender=Masc|Number=Sing', 'head': 9, 'deprel': 'compound:smixut', 'lemma': 'רעש'}]"
"(12, 13)",במיקומים,,,,,,"(43, 51)",,"[{'id': 12, 'text': 'ב', 'upos': 'ADP', 'xpos': 'ADP', 'head': 13, 'deprel': 'case', 'lemma': 'ב'}, {'id': 13, 'text': 'מיקומים', 'upos': 'NOUN', 'xpos': 'NOUN', 'feats': 'Gender=Masc|Number=Plur', 'head': 8, 'deprel': 'nmod', 'lemma': 'מיקום'}]"
"(14, 15)",השונים,,,,,,"(52, 58)",,"[{'id': 14, 'text': 'ה', 'upos': 'DET', 'xpos': 'DET', 'feats': 'PronType=Art', 'head': 15, 'deprel': 'det:def', 'lemma': 'ה'}, {'id': 15, 'text': 'שונים', 'upos': 'ADJ', 'xpos': 'ADJ', 'feats': 'Gender=Masc|Number=Plur', 'head': 13, 'deprel': 'amod', 'lemma': 'שונה'}]"
"(16, 17)",בכל,,,,,,"(59, 62)",,"[{'id': 16, 'text': 'ב', 'upos': 'ADP', 'xpos': 'ADP', 'head': 18, 'deprel': 'case', 'lemma': 'ב'}, {'id': 17, 'text': 'כל', 'upos': 'DET', 'xpos': 'DET', 'feats': 'Definite=Cons', 'head': 18, 'deprel': 'det', 'lemma': 'כול'}]"
18,חדר,NOUN,NOUN,Gender=Masc|Number=Sing,13.0,nmod,"(63, 66)",חדר,
19,עבור,ADP,ADP,,20.0,case,"(67, 71)",עבור,
20,מצבי,NOUN,NOUN,Definite=Cons|Gender=Masc|Number=Plur,8.0,nmod,"(72, 76)",מצב,
21,פעולה,NOUN,NOUN,Gender=Fem|Number=Sing,20.0,compound:smixut,"(77, 82)",פעולה,
22,שונים,ADJ,ADJ,Gender=Masc|Number=Plur,20.0,amod,"(83, 88)",שונה,
23,של,ADP,ADP,Case=Gen,24.0,case:gen,"(89, 91)",של,
24,יחידות,NOUN,NOUN,Definite=Cons|Gender=Fem|Number=Plur,20.0,nmod,"(92, 98)",יחידה,
"(25, 26)",העיבוי,,,,,,"(99, 105)",,"[{'id': 25, 'text': 'ה', 'upos': 'DET', 'xpos': 'DET', 'feats': 'PronType=Art', 'head': 26, 'deprel': 'det:def', 'lemma': 'ה'}, {'id': 26, 'text': 'עיבוי', 'upos': 'NOUN', 'xpos': 'NOUN', 'feats': 'Gender=Masc|Number=Sing', 'head': 24, 'deprel': 'compound:smixut', 'lemma': 'עיבוי'}]"
"(27, 28)",הרועשות,,,,,,"(106, 113)",,"[{'id': 27, 'text': 'ה', 'upos': 'DET', 'xpos': 'DET', 'feats': 'PronType=Art', 'head': 28, 'deprel': 'det:def', 'lemma': 'ה'}, {'id': 28, 'text': 'רועשות', 'upos': 'ADJ', 'xpos': 'ADJ', 'feats': 'Gender=Fem|Number=Plur', 'head': 24, 'deprel': 'amod', 'lemma': 'רועש'}]"
1,עצמת,NOUN,NOUN,Definite=Cons|Gender=Fem|Number=Sing,6.0,nsubj,"(1, 5)",עצמה,
"(2, 3)",הרעש,,,,,,"(6, 10)",,"[{'id': 2, 'text': 'ה', 'upos': 'DET', 'xpos': 'DET', 'feats': 'PronType=Art', 'head': 3, 'deprel': 'det:def', 'lemma': 'ה'}, {'id': 3, 'text': 'רעש', 'upos': 'NOUN', 'xpos': 'NOUN', 'feats': 'Gender=Masc|Number=Sing', 'head': 1, 'deprel': 'compound:smixut', 'lemma': 'רעש'}]"
"(4, 5)",שנמדדה,,,,,,"(11, 17)",,"[{'id': 4, 'text': 'ש', 'upos': 'SCONJ', 'xpos': 'SCONJ', 'head': 5, 'deprel': 'mark', 'lemma': 'ש'}, {'id': 5, 'text': 'נמדדה', 'upos': 'VERB', 'xpos': 'VERB', 'feats': 'Gender=Fem|HebBinyan=NIFAL|Number=Sing|Person=3|Tense=Past|Voice=Mid', 'head': 1, 'deprel': 'acl:relcl', 'lemma': 'נמדד'}]"
6,מראה,VERB,VERB,"Gender=Fem|HebBinyan=HIFIL|Number=Sing|Person=1,2,3|VerbForm=Part|Voice=Act",0.0,root,"(18, 22)",הראה,
7,מגמת,NOUN,NOUN,Definite=Cons|Gender=Fem|Number=Sing,6.0,obj,"(23, 27)",מגמה,
8,עליה,NOUN,NOUN,Gender=Fem|Number=Sing,7.0,compound:smixut,"(28, 32)",עלייה,
9,ככל,SCONJ,SCONJ,,11.0,case,"(33, 36)",ככל,
"(10, 11)",שמתקרבים,,,,,,"(37, 45)",,"[{'id': 10, 'text': 'ש', 'upos': 'SCONJ', 'xpos': 'SCONJ', 'head': 11, 'deprel': 'mark', 'lemma': 'ש'}, {'id': 11, 'text': 'מתקרבים', 'upos': 'VERB', 'xpos': 'VERB', 'feats': 'Gender=Masc|HebBinyan=HITPAEL|Number=Plur|Person=1,2,3|VerbForm=Part', 'head': 6, 'deprel': 'obl', 'lemma': 'התקרב'}]"
12,אל,ADP,ADP,,13.0,case,"(46, 48)",אל,
13,מקור,NOUN,NOUN,Definite=Cons|Gender=Masc|Number=Sing,11.0,obl,"(49, 53)",מקור,
"(14, 15)",הרעש,,,,,,"(54, 58)",,"[{'id': 14, 'text': 'ה', 'upos': 'DET', 'xpos': 'DET', 'feats': 'PronType=Art', 'head': 15, 'deprel': 'det:def', 'lemma': 'ה'}, {'id': 15, 'text': 'רעש', 'upos': 'NOUN', 'xpos': 'NOUN', 'feats': 'Gender=Masc|Number=Sing', 'head': 13, 'deprel': 'compound:smixut', 'lemma': 'רעש'}]"
16,(,PUNCT,PUNCT,,17.0,punct,"(59, 60)",(,
17,יחידות,NOUN,NOUN,Definite=Cons|Gender=Fem|Number=Plur,11.0,appos,"(60, 66)",יחידה,
"(18, 19)",העיבוי,,,,,,"(67, 73)",,"[{'id': 18, 'text': 'ה', 'upos': 'DET', 'xpos': 'DET', 'feats': 'PronType=Art', 'head': 19, 'deprel': 'det:def', 'lemma': 'ה'}, {'id': 19, 'text': 'עיבוי', 'upos': 'NOUN', 'xpos': 'NOUN', 'feats': 'Gender=Masc|Number=Sing', 'head': 17, 'deprel': 'compound:smixut', 'lemma': 'עיבוי'}]"
20,),PUNCT,PUNCT,,17.0,punct,"(73, 74)",),
"(1, 3)",כצפוי,,,,,,"(1, 6)",,"[{'id': 1, 'text': 'כ', 'upos': 'ADP', 'xpos': 'ADP', 'head': 3, 'deprel': 'case', 'lemma': 'כ'}, {'id': 2, 'text': 'ה_', 'upos': 'DET', 'xpos': 'DET', 'feats': 'PronType=Art', 'head': 3, 'deprel': 'det:def', 'lemma': 'ה'}, {'id': 3, 'text': 'צפוי', 'upos': 'VERB', 'xpos': 'VERB', 'feats': 'Gender=Masc|HebBinyan=PAAL|Number=Sing|Person=1,2,3|VerbForm=Part|Voice=Act', 'head': 5, 'deprel': 'obl', 'lemma': 'צפה'}]"
4,",",PUNCT,PUNCT,,5.0,punct,"(6, 7)",",",
5,נמדדו,VERB,VERB,"Gender=Fem,Masc|HebBinyan=NIFAL|Number=Plur|Person=3|Tense=Past|Voice=Mid",0.0,root,"(8, 13)",נמדד,
6,רעשים,NOUN,NOUN,Gender=Masc|Number=Plur,5.0,nsubj,"(14, 19)",רעש,
7,חזקים,ADJ,ADJ,Gender=Masc|Number=Plur,6.0,amod,"(20, 25)",חזק,
8,יותר,ADV,ADV,,7.0,advmod,"(26, 30)",יותר,
9,קרוב,ADP,ADP,,12.0,case,"(31, 35)",קרוב,
"(10, 11)",לכל,,,,,,"(36, 39)",,"[{'id': 10, 'text': 'ל', 'upos': 'ADP', 'xpos': 'ADP', 'head': 9, 'deprel': 'fixed', 'lemma': 'ל'}, {'id': 11, 'text': 'כל', 'upos': 'DET', 'xpos': 'DET', 'feats': 'Definite=Cons', 'head': 12, 'deprel': 'det', 'lemma': 'כול'}]"
12,חלון,NOUN,NOUN,Gender=Masc|Number=Sing,7.0,advmod,"(40, 44)",חלון,
"(13, 14)",ומחוץ,,,,,,"(45, 50)",,"[{'id': 13, 'text': 'ו', 'upos': 'CCONJ', 'xpos': 'CCONJ', 'head': 16, 'deprel': 'cc', 'lemma': 'ו'}, {'id': 14, 'text': 'מחוץ', 'upos': 'ADP', 'xpos': 'ADP', 'head': 16, 'deprel': 'case', 'lemma': 'מחוץ'}]"
"(15, 16)",לו,,,,,,"(51, 53)",,"[{'id': 15, 'text': 'ל_', 'upos': 'ADP', 'xpos': 'ADP', 'head': 14, 'deprel': 'fixed', 'lemma': 'ל'}, {'id': 16, 'text': '_הוא', 'upos': 'PRON', 'xpos': 'PRON', 'feats': 'Gender=Masc|Number=Sing|Person=3|PronType=Prs', 'head': 12, 'deprel': 'conj', 'lemma': 'הוא'}]"
1,כאשר,SCONJ,SCONJ,,5.0,mark,"(1, 5)",כאשר,
2,שני,NUM,NUM,Definite=Cons|Gender=Masc|Number=Plur,4.0,nummod,"(6, 9)",שני,
"(3, 4)",המזגנים,,,,,,"(10, 17)",,"[{'id': 3, 'text': 'ה', 'upos': 'DET', 'xpos': 'DET', 'feats': 'PronType=Art', 'head': 4, 'deprel': 'det:def', 'lemma': 'ה'}, {'id': 4, 'text': 'מזגנים', 'upos': 'NOUN', 'xpos': 'NOUN', 'feats': 'Gender=Masc|Number=Plur', 'head': 5, 'deprel': 'nsubj', 'lemma': 'מזגן'}]"
5,פועלים,VERB,VERB,"Gender=Masc|HebBinyan=PAAL|Number=Plur|Person=1,2,3|VerbForm=Part|Voice=Act",11.0,advcl,"(18, 24)",פעל,
6,יחד,ADV,ADV,,5.0,advmod,"(25, 28)",יחד,
7,",",PUNCT,PUNCT,,11.0,punct,"(28, 29)",",",
8,עוצמת,NOUN,NOUN,Definite=Cons|Gender=Fem|Number=Sing,11.0,nsubj,"(30, 35)",עוצמה,
"(9, 10)",הרעש,,,,,,"(36, 40)",,"[{'id': 9, 'text': 'ה', 'upos': 'DET', 'xpos': 'DET', 'feats': 'PronType=Art', 'head': 10, 'deprel': 'det:def', 'lemma': 'ה'}, {'id': 10, 'text': 'רעש', 'upos': 'NOUN', 'xpos': 'NOUN', 'feats': 'Gender=Masc|Number=Sing', 'head': 8, 'deprel': 'compound:smixut', 'lemma': 'רעש'}]"
11,גדולה,ADJ,ADJ,Gender=Fem|Number=Sing,0.0,root,"(41, 46)",גדול,
"(12, 13)",מזו,,,,,,"(47, 50)",,"[{'id': 12, 'text': 'מ', 'upos': 'ADP', 'xpos': 'ADP', 'head': 13, 'deprel': 'case', 'lemma': 'מ'}, {'id': 13, 'text': 'זו', 'upos': 'PRON', 'xpos': 'PRON', 'feats': 'Gender=Fem|Number=Sing|Person=3|PronType=Dem', 'head': 11, 'deprel': 'obl', 'lemma': 'זו'}]"
14,של,ADP,ADP,Case=Gen,15.0,case:gen,"(51, 53)",של,
15,מזגן,NOUN,NOUN,Gender=Masc|Number=Sing,13.0,nmod:poss,"(54, 58)",מזגן,
16,בודד,ADJ,ADJ,Gender=Masc|Number=Sing,15.0,amod,"(59, 63)",בודד,
1,יש,AUX,AUX,VerbType=Mod,2.0,aux,"(1, 3)",יש,
2,לזכור,VERB,VERB,HebBinyan=PAAL|VerbForm=Inf|Voice=Act,0.0,root,"(4, 9)",זכר,
"(3, 4)",שעוצמות,,,,,,"(10, 17)",,"[{'id': 3, 'text': 'ש', 'upos': 'SCONJ', 'xpos': 'SCONJ', 'head': 7, 'deprel': 'mark', 'lemma': 'ש'}, {'id': 4, 'text': 'עוצמות', 'upos': 'NOUN', 'xpos': 'NOUN', 'feats': 'Definite=Cons|Gender=Fem|Number=Plur', 'head': 7, 'deprel': 'nsubj', 'lemma': 'עוצמה'}]"
"(5, 6)",הרעש,,,,,,"(18, 22)",,"[{'id': 5, 'text': 'ה', 'upos': 'DET', 'xpos': 'DET', 'feats': 'PronType=Art', 'head': 6, 'deprel': 'det:def', 'lemma': 'ה'}, {'id': 6, 'text': 'רעש', 'upos': 'NOUN', 'xpos': 'NOUN', 'feats': 'Gender=Masc|Number=Sing', 'head': 4, 'deprel': 'compound:smixut', 'lemma': 'רעש'}]"
7,נמדדות,VERB,VERB,"Gender=Fem|HebBinyan=NIFAL|Number=Plur|Person=1,2,3|VerbForm=Part|Voice=Mid",2.0,advcl,"(23, 29)",נמדד,
"(8, 10)",בסקלה,,,,,,"(30, 35)",,"[{'id': 8, 'text': 'ב', 'upos': 'ADP', 'xpos': 'ADP', 'head': 10, 'deprel': 'case', 'lemma': 'ב'}, {'id': 9, 'text': 'ה_', 'upos': 'DET', 'xpos': 'DET', 'feats': 'PronType=Art', 'head': 10, 'deprel': 'det:def', 'lemma': 'ה'}, {'id': 10, 'text': 'סקלה', 'upos': 'NOUN', 'xpos': 'NOUN', 'feats': 'Gender=Fem|Number=Sing', 'head': 7, 'deprel': 'obl', 'lemma': 'סקלה'}]"
"(11, 12)",לוגריתמית,,,,,,"(36, 45)",,"[{'id': 11, 'text': 'ל', 'upos': 'ADJ', 'xpos': 'ADJ', 'head': 10, 'deprel': 'amod', 'lemma': 'ל'}, {'id': 12, 'text': 'וגריתמית', 'upos': 'ADJ', 'xpos': 'ADJ', 'feats': 'Gender=Fem|Number=Sing', 'head': 10, 'deprel': 'amod', 'lemma': 'וגריתמי'}]"
"(13, 14)",ולכן,,,,,,"(46, 50)",,"[{'id': 13, 'text': 'ו', 'upos': 'CCONJ', 'xpos': 'CCONJ', 'head': 14, 'deprel': 'cc', 'lemma': 'ו'}, {'id': 14, 'text': 'לכן', 'upos': 'ADV', 'xpos': 'ADV', 'head': 25, 'deprel': 'advmod', 'lemma': 'לכן'}]"
15,חיבור,NOUN,NOUN,Definite=Cons|Gender=Masc|Number=Sing,25.0,nsubj,"(51, 56)",חיבור,
"(16, 17)",העוצמות,,,,,,"(57, 64)",,"[{'id': 16, 'text': 'ה', 'upos': 'DET', 'xpos': 'DET', 'feats': 'PronType=Art', 'head': 17, 'deprel': 'det:def', 'lemma': 'ה'}, {'id': 17, 'text': 'עוצמות', 'upos': 'NOUN', 'xpos': 'NOUN', 'feats': 'Gender=Fem|Number=Plur', 'head': 15, 'deprel': 'compound:smixut', 'lemma': 'עוצמה'}]"
18,של,ADP,ADP,Case=Gen,20.0,case:gen,"(65, 67)",של,
19,שני,NUM,NUM,Definite=Cons|Gender=Masc|Number=Plur,20.0,nummod,"(68, 71)",שני,
20,מקורות,NOUN,NOUN,Definite=Cons|Gender=Masc|Number=Plur,15.0,nmod:poss,"(72, 78)",מקור,
21,רעש,NOUN,NOUN,Gender=Masc|Number=Sing,20.0,compound:smixut,"(79, 82)",רעש,
22,בעלי,NOUN,NOUN,Definite=Cons|Gender=Masc|Number=Plur,20.0,acl,"(83, 87)",בעל,
23,עוצמה,NOUN,NOUN,Gender=Fem|Number=Sing,22.0,compound:smixut,"(88, 93)",עוצמה,
24,זהה,ADJ,ADJ,Gender=Fem|Number=Sing,23.0,amod,"(94, 97)",זהה,
25,מגדילים,VERB,VERB,"Gender=Masc|HebBinyan=PIEL|Number=Plur|Person=1,2,3|VerbForm=Part|Voice=Act",1.0,conj,"(98, 105)",הגדיל,
26,את,ADP,ADP,Case=Acc,27.0,case:acc,"(106, 108)",את,
27,עוצמת,NOUN,NOUN,Definite=Cons|Gender=Fem|Number=Sing,25.0,obj,"(109, 114)",עוצמה,
"(28, 29)",הרעש,,,,,,"(115, 119)",,"[{'id': 28, 'text': 'ה', 'upos': 'DET', 'xpos': 'DET', 'feats': 'PronType=Art', 'head': 29, 'deprel': 'det:def', 'lemma': 'ה'}, {'id': 29, 'text': 'רעש', 'upos': 'NOUN', 'xpos': 'NOUN', 'feats': 'Gender=Masc|Number=Sing', 'head': 27, 'deprel': 'compound:smixut', 'lemma': 'רעש'}]"
"(30, 31)",הכוללת,,,,,,"(120, 126)",,"[{'id': 30, 'text': 'ה', 'upos': 'SCONJ', 'xpos': 'SCONJ', 'head': 31, 'deprel': 'mark', 'lemma': 'ה'}, {'id': 31, 'text': 'כוללת', 'upos': 'VERB', 'xpos': 'VERB', 'feats': 'Gender=Fem|HebBinyan=PAAL|Number=Sing|Person=1,2,3|VerbForm=Part|Voice=Act', 'head': 27, 'deprel': 'acl:relcl', 'lemma': 'כלל'}]"
32,רק,ADV,ADV,,33.0,advmod,"(127, 129)",רק,
"(33, 35)",ב־,,,,,,"(130, 132)",,"[{'id': 33, 'text': 'ב', 'upos': 'ADP', 'xpos': 'ADP', 'head': 35, 'deprel': 'case', 'lemma': 'ב'}, {'id': 34, 'text': 'ה_', 'upos': 'DET', 'xpos': 'DET', 'feats': 'PronType=Art', 'head': 35, 'deprel': 'det:def', 'lemma': 'ה'}, {'id': 35, 'text': 'ח', 'upos': 'NOUN', 'xpos': 'NOUN', 'head': 31, 'deprel': 'obl', 'lemma': 'ח'}]"
36,(,PUNCT,PUNCT,,35.0,punct,"(133, 134)",(,
37,3,NUM,NUM,,38.0,nummod,"(134, 135)",3,
38,dB,X,X,,35.0,appos,"(136, 138)",dB,
39,(,PUNCT,PUNCT,,38.0,punct,"(138, 139)",(,
40,A,PROPN,PROPN,,25.0,parataxis,"(139, 140)",A,
1,כדי,ADP,ADP,,2.0,case,"(1, 4)",כדי,
2,לאמת,VERB,VERB,HebBinyan=PIEL|VerbForm=Inf|Voice=Act,7.0,advcl,"(5, 9)",אימת,
3,את,ADP,ADP,Case=Acc,4.0,case:acc,"(10, 12)",את,
4,דיוק,NOUN,NOUN,Definite=Cons|Gender=Masc|Number=Sing,2.0,obj,"(13, 17)",דיוק,
"(5, 6)",המדידות,,,,,,"(18, 25)",,"[{'id': 5, 'text': 'ה', 'upos': 'DET', 'xpos': 'DET', 'feats': 'PronType=Art', 'head': 6, 'deprel': 'det:def', 'lemma': 'ה'}, {'id': 6, 'text': 'מדידות', 'upos': 'NOUN', 'xpos': 'NOUN', 'feats': 'Gender=Fem|Number=Plur', 'head': 4, 'deprel': 'compound:smixut', 'lemma': 'מדידה'}]"
7,חשבנו,VERB,VERB,"Gender=Fem,Masc|HebBinyan=PAAL|Number=Plur|Person=1|Tense=Past|Voice=Act",0.0,root,"(26, 31)",חשב,
8,את,ADP,ADP,Case=Acc,10.0,case:acc,"(32, 34)",את,
"(9, 10)",הרעש,,,,,,"(35, 39)",,"[{'id': 9, 'text': 'ה', 'upos': 'DET', 'xpos': 'DET', 'feats': 'PronType=Art', 'head': 10, 'deprel': 'det:def', 'lemma': 'ה'}, {'id': 10, 'text': 'רעש', 'upos': 'NOUN', 'xpos': 'NOUN', 'feats': 'Gender=Masc|Number=Sing', 'head': 7, 'deprel': 'obj', 'lemma': 'רעש'}]"
"(11, 12)",הצפוי,,,,,,"(40, 45)",,"[{'id': 11, 'text': 'ה', 'upos': 'DET', 'xpos': 'DET', 'feats': 'PronType=Art', 'head': 12, 'deprel': 'det:def', 'lemma': 'ה'}, {'id': 12, 'text': 'צפוי', 'upos': 'ADJ', 'xpos': 'ADJ', 'feats': 'Gender=Masc|Number=Sing', 'head': 10, 'deprel': 'amod', 'lemma': 'צפוי'}]"
"(13, 14)",מפעולת,,,,,,"(46, 52)",,"[{'id': 13, 'text': 'מ', 'upos': 'ADP', 'xpos': 'ADP', 'head': 14, 'deprel': 'case', 'lemma': 'מ'}, {'id': 14, 'text': 'פעולת', 'upos': 'NOUN', 'xpos': 'NOUN', 'feats': 'Definite=Cons|Gender=Fem|Number=Sing', 'head': 10, 'deprel': 'nmod', 'lemma': 'פעולה'}]"
15,שני,NUM,NUM,Definite=Cons|Gender=Masc|Number=Plur,17.0,nummod,"(53, 56)",שני,
"(16, 17)",המזגנים,,,,,,"(57, 64)",,"[{'id': 16, 'text': 'ה', 'upos': 'DET', 'xpos': 'DET', 'feats': 'PronType=Art', 'head': 17, 'deprel': 'det:def', 'lemma': 'ה'}, {'id': 17, 'text': 'מזגנים', 'upos': 'NOUN', 'xpos': 'NOUN', 'feats': 'Gender=Masc|Number=Plur', 'head': 14, 'deprel': 'compound:smixut', 'lemma': 'מזגן'}]"
18,a,PROPN,PROPN,,17.0,nmod,"(65, 66)",a,
19,ו,CCONJ,CCONJ,,21.0,cc,"(67, 68)",ו,
20,-,PUNCT,PUNCT,,18.0,punct,"(68, 69)",-,
21,b,PROPN,PROPN,,18.0,conj,"(70, 71)",b,
22,מתוך,ADP,ADP,,24.0,case,"(72, 76)",מתוך,
"(23, 24)",המדידות,,,,,,"(77, 84)",,"[{'id': 23, 'text': 'ה', 'upos': 'DET', 'xpos': 'DET', 'feats': 'PronType=Art', 'head': 24, 'deprel': 'det:def', 'lemma': 'ה'}, {'id': 24, 'text': 'מדידות', 'upos': 'NOUN', 'xpos': 'NOUN', 'feats': 'Gender=Fem|Number=Plur', 'head': 10, 'deprel': 'nmod', 'lemma': 'מדידה'}]"
"(25, 26)",שבוצעו,,,,,,"(85, 91)",,"[{'id': 25, 'text': 'ש', 'upos': 'SCONJ', 'xpos': 'SCONJ', 'head': 26, 'deprel': 'mark', 'lemma': 'ש'}, {'id': 26, 'text': 'בוצעו', 'upos': 'VERB', 'xpos': 'VERB', 'feats': 'Gender=Fem,Masc|HebBinyan=PUAL|Number=Plur|Person=3|Tense=Past|Voice=Pass', 'head': 24, 'deprel': 'acl:relcl', 'lemma': 'בוצע'}]"
27,עבור,ADP,ADP,,29.0,case,"(92, 96)",עבור,
28,כל,DET,DET,Definite=Cons,29.0,det,"(97, 99)",כול,
29,אחד,NUM,NUM,Gender=Masc|Number=Sing,26.0,obl,"(100, 103)",אחד,
"(30, 31)",מהם,,,,,,"(104, 107)",,"[{'id': 30, 'text': 'מן_', 'upos': 'ADP', 'xpos': 'ADP', 'head': 31, 'deprel': 'case', 'lemma': 'מן'}, {'id': 31, 'text': '_הם', 'upos': 'PRON', 'xpos': 'PRON', 'feats': 'Gender=Masc|Number=Plur|Person=3|PronType=Prs', 'head': 29, 'deprel': 'obl', 'lemma': 'הוא'}]"
"(32, 33)",בנפרד,,,,,,"(108, 113)",,"[{'id': 32, 'text': 'ב', 'upos': 'ADP', 'xpos': 'ADP', 'head': 33, 'deprel': 'case', 'lemma': 'ב'}, {'id': 33, 'text': 'נפרד', 'upos': 'ADJ', 'xpos': 'ADJ', 'feats': 'Gender=Masc|Number=Sing', 'head': 26, 'deprel': 'obl', 'lemma': 'נפרד'}]"
"(1, 2)",בחישוב,,,,,,"(1, 7)",,"[{'id': 1, 'text': 'ב', 'upos': 'ADP', 'xpos': 'ADP', 'head': 2, 'deprel': 'case', 'lemma': 'ב'}, {'id': 2, 'text': 'חישוב', 'upos': 'NOUN', 'xpos': 'NOUN', 'feats': 'Gender=Masc|Number=Sing', 'head': 4, 'deprel': 'obl', 'lemma': 'חישוב'}]"
3,זה,PRON,PRON,Gender=Masc|Number=Sing|Person=3|PronType=Dem,2.0,det,"(8, 10)",זה,
4,יש,AUX,AUX,VerbType=Mod,5.0,aux,"(11, 13)",יש,
5,להתחשב,VERB,VERB,HebBinyan=HITPAEL|VerbForm=Inf,0.0,root,"(14, 20)",התחשב,
"(6, 7)",בעוצמת,,,,,,"(21, 27)",,"[{'id': 6, 'text': 'ב', 'upos': 'ADP', 'xpos': 'ADP', 'head': 7, 'deprel': 'case', 'lemma': 'ב'}, {'id': 7, 'text': 'עוצמת', 'upos': 'NOUN', 'xpos': 'NOUN', 'feats': 'Definite=Cons|Gender=Fem|Number=Sing', 'head': 5, 'deprel': 'obl', 'lemma': 'עוצמה'}]"
8,רעש,NOUN,NOUN,Definite=Cons|Gender=Masc|Number=Sing,7.0,compound:smixut,"(28, 31)",רעש,
"(9, 10)",הרקע,,,,,,"(32, 36)",,"[{'id': 9, 'text': 'ה', 'upos': 'DET', 'xpos': 'DET', 'feats': 'PronType=Art', 'head': 10, 'deprel': 'det:def', 'lemma': 'ה'}, {'id': 10, 'text': 'רקע', 'upos': 'NOUN', 'xpos': 'NOUN', 'feats': 'Gender=Masc|Number=Sing', 'head': 8, 'deprel': 'compound:smixut', 'lemma': 'רקע'}]"
1,סיכום,NOUN,NOUN,Gender=Masc|Number=Sing,13.0,nsubj,"(1, 6)",סיכום,
2,השוואתי,ADJ,ADJ,Gender=Masc|Number=Sing,1.0,amod,"(7, 14)",השוואתי,
3,בין,ADP,ADP,,5.0,case,"(15, 18)",בין,
"(4, 5)",החישובים,,,,,,"(19, 27)",,"[{'id': 4, 'text': 'ה', 'upos': 'DET', 'xpos': 'DET', 'feats': 'PronType=Art', 'head': 5, 'deprel': 'det:def', 'lemma': 'ה'}, {'id': 5, 'text': 'חישובים', 'upos': 'NOUN', 'xpos': 'NOUN', 'feats': 'Gender=Masc|Number=Plur', 'head': 1, 'deprel': 'nmod', 'lemma': 'חישוב'}]"
"(6, 8)",והמדידות,,,,,,"(28, 36)",,"[{'id': 6, 'text': 'ו', 'upos': 'CCONJ', 'xpos': 'CCONJ', 'head': 8, 'deprel': 'cc', 'lemma': 'ו'}, {'id': 7, 'text': 'ה', 'upos': 'DET', 'xpos': 'DET', 'feats': 'PronType=Art', 'head': 8, 'deprel': 'det:def', 'lemma': 'ה'}, {'id': 8, 'text': 'מדידות', 'upos': 'NOUN', 'xpos': 'NOUN', 'feats': 'Gender=Fem|Number=Plur', 'head': 5, 'deprel': 'conj', 'lemma': 'מדידה'}]"
"(9, 11)",בטבלה,,,,,,"(37, 42)",,"[{'id': 9, 'text': 'ב', 'upos': 'ADP', 'xpos': 'ADP', 'head': 11, 'deprel': 'case', 'lemma': 'ב'}, {'id': 10, 'text': 'ה_', 'upos': 'DET', 'xpos': 'DET', 'feats': 'PronType=Art', 'head': 11, 'deprel': 'det:def', 'lemma': 'ה'}, {'id': 11, 'text': 'טבלה', 'upos': 'NOUN', 'xpos': 'NOUN', 'feats': 'Gender=Fem|Number=Sing', 'head': 1, 'deprel': 'nmod', 'lemma': 'טבלה'}]"
12,1,NUM,NUM,,11.0,nummod,"(43, 44)",1,
"(13, 14)",ומאפשר,,,,,,"(45, 51)",,"[{'id': 13, 'text': 'ו', 'upos': 'CCONJ', 'xpos': 'CCONJ', 'head': 14, 'deprel': 'cc', 'lemma': 'ו'}, {'id': 14, 'text': 'מאפשר', 'upos': 'AUX', 'xpos': 'AUX', 'feats': 'Gender=Fem,Masc|Number=Sing|VerbForm=Part|VerbType=Mod', 'head': 15, 'deprel': 'aux', 'lemma': 'מאפשר'}]"
15,לאמוד,VERB,VERB,HebBinyan=PAAL|VerbForm=Inf|Voice=Act,0.0,root,"(52, 57)",אמד,
16,את,ADP,ADP,Case=Acc,17.0,case:acc,"(58, 60)",את,
17,אמינות,NOUN,NOUN,Definite=Cons|Gender=Fem|Number=Sing,15.0,obj,"(61, 67)",אמינות,
"(18, 19)",המדידות,,,,,,"(68, 75)",,"[{'id': 18, 'text': 'ה', 'upos': 'DET', 'xpos': 'DET', 'feats': 'PronType=Art', 'head': 19, 'deprel': 'det:def', 'lemma': 'ה'}, {'id': 19, 'text': 'מדידות', 'upos': 'NOUN', 'xpos': 'NOUN', 'feats': 'Gender=Fem|Number=Plur', 'head': 17, 'deprel': 'compound:smixut', 'lemma': 'מדידה'}]"
"(20, 21)",שבוצעו,,,,,,"(76, 82)",,"[{'id': 20, 'text': 'ש', 'upos': 'SCONJ', 'xpos': 'SCONJ', 'head': 21, 'deprel': 'mark', 'lemma': 'ש'}, {'id': 21, 'text': 'בוצעו', 'upos': 'VERB', 'xpos': 'VERB', 'feats': 'Gender=Fem,Masc|HebBinyan=PUAL|Number=Plur|Person=3|Tense=Past|Voice=Pass', 'head': 19, 'deprel': 'acl:relcl', 'lemma': 'בוצע'}]"
"(1, 2)",ברוב,,,,,,"(1, 5)",,"[{'id': 1, 'text': 'ב', 'upos': 'ADP', 'xpos': 'ADP', 'head': 3, 'deprel': 'case', 'lemma': 'ב'}, {'id': 2, 'text': 'רוב', 'upos': 'DET', 'xpos': 'DET', 'feats': 'Definite=Cons', 'head': 3, 'deprel': 'det', 'lemma': 'רוב'}]"
"(3, 5)",נקודות,,,,,,"(6, 12)",,"[{'id': 3, 'text': 'נקודות', 'upos': 'NOUN', 'xpos': 'NOUN', 'feats': 'Gender=Fem|Number=Plur', 'head': 12, 'deprel': 'nmod', 'lemma': 'נקודה'}, {'id': 4, 'text': 'את', 'upos': 'ADP', 'xpos': 'ADP', 'feats': 'Case=Acc', 'head': 5, 'deprel': 'case', 'lemma': 'את'}, {'id': 5, 'text': '_היא', 'upos': 'PRON', 'xpos': 'PRON', 'feats': 'Case=Acc|Gender=Fem|Number=Sing|Person=3|PronType=Prs', 'head': 3, 'deprel': 'obj', 'lemma': 'הוא'}]"
"(6, 7)",המדידה,,,,,,"(13, 19)",,"[{'id': 6, 'text': 'ה', 'upos': 'DET', 'xpos': 'DET', 'feats': 'PronType=Art', 'head': 7, 'deprel': 'det:def', 'lemma': 'ה'}, {'id': 7, 'text': 'מדידה', 'upos': 'NOUN', 'xpos': 'NOUN', 'feats': 'Gender=Fem|Number=Sing', 'head': 12, 'deprel': 'nsubj:cop', 'lemma': 'מדידה'}]"
"(8, 9)",השגיאה,,,,,,"(20, 26)",,"[{'id': 8, 'text': 'ה', 'upos': 'DET', 'xpos': 'DET', 'feats': 'PronType=Art', 'head': 9, 'deprel': 'det:def', 'lemma': 'ה'}, {'id': 9, 'text': 'שגיאה', 'upos': 'ADJ', 'xpos': 'ADJ', 'feats': 'Gender=Fem|Number=Sing', 'head': 7, 'deprel': 'amod', 'lemma': 'שגיאה'}]"
10,היא,AUX,AUX,Gender=Fem|Number=Sing|Person=3|Polarity=Pos|VerbForm=Part|VerbType=Cop,12.0,cop,"(27, 30)",הוא,
"(11, 12)",בסדר,,,,,,"(31, 35)",,"[{'id': 11, 'text': 'ב', 'upos': 'ADP', 'xpos': 'ADP', 'head': 12, 'deprel': 'case', 'lemma': 'ב'}, {'id': 12, 'text': 'סדר', 'upos': 'NOUN', 'xpos': 'NOUN', 'feats': 'Definite=Cons|Gender=Masc|Number=Sing', 'head': 0, 'deprel': 'root', 'lemma': 'סדר'}]"
13,גודל,NOUN,NOUN,Gender=Masc|Number=Sing,12.0,compound:smixut,"(36, 40)",גודל,
14,של,ADP,ADP,Case=Gen,15.0,case:gen,"(41, 43)",של,
15,אחוזים,NOUN,NOUN,Gender=Masc|Number=Plur,13.0,nmod:poss,"(44, 50)",אחוז,
16,בודדים,ADJ,ADJ,Gender=Masc|Number=Plur,15.0,amod,"(51, 57)",בודד,
17,בלבד,ADV,ADV,,15.0,advmod,"(58, 62)",בלבד,
18,(,PUNCT,PUNCT,,20.0,punct,"(63, 64)",(,
19,7,NUM,NUM,,20.0,nummod,"(64, 65)",7,
20,%,NOUN,NOUN,"Gender=Masc|Number=Plur,Sing",15.0,appos,"(65, 66)",%,
21,>,PUNCT,PUNCT,,20.0,punct,"(66, 67)",>,
22,),PUNCT,PUNCT,,20.0,punct,"(67, 68)",),
"(23, 24)",ורק,,,,,,"(69, 72)",,"[{'id': 23, 'text': 'ו', 'upos': 'CCONJ', 'xpos': 'CCONJ', 'head': 30, 'deprel': 'cc', 'lemma': 'ו'}, {'id': 24, 'text': 'רק', 'upos': 'ADV', 'xpos': 'ADV', 'head': 25, 'deprel': 'advmod', 'lemma': 'רק'}]"
"(25, 26)",בשתי,,,,,,"(73, 77)",,"[{'id': 25, 'text': 'ב', 'upos': 'ADP', 'xpos': 'ADP', 'head': 27, 'deprel': 'case', 'lemma': 'ב'}, {'id': 26, 'text': 'שתי', 'upos': 'NUM', 'xpos': 'NUM', 'feats': 'Definite=Cons|Gender=Fem|Number=Plur', 'head': 27, 'deprel': 'nummod', 'lemma': 'שתי'}]"
27,נקודות,NOUN,NOUN,Gender=Fem|Number=Plur,30.0,obl,"(78, 84)",נקודה,
"(28, 29)",השגיאה,,,,,,"(85, 91)",,"[{'id': 28, 'text': 'ה', 'upos': 'DET', 'xpos': 'DET', 'feats': 'PronType=Art', 'head': 29, 'deprel': 'det:def', 'lemma': 'ה'}, {'id': 29, 'text': 'שגיאה', 'upos': 'NOUN', 'xpos': 'NOUN', 'feats': 'Gender=Fem|Number=Sing', 'head': 30, 'deprel': 'nsubj', 'lemma': 'שגיאה'}]"
30,הגיעה,VERB,VERB,Gender=Fem|HebBinyan=HIFIL|Number=Sing|Person=3|Tense=Past|Voice=Act,12.0,conj,"(92, 97)",הגיע,
31,לכדי,ADP,ADP,,33.0,case,"(98, 102)",לכדי,
32,13,NUM,NUM,,33.0,nummod,"(103, 105)",13,
33,%,NOUN,NOUN,"Gender=Masc|Number=Plur,Sing",30.0,obl,"(105, 106)",%,
1,3,NUM,NUM,,0.0,root,"(1, 2)",3,
1,2,NUM,NUM,,0.0,root,"(0, 1)",2,
1,3,NUM,NUM,,0.0,root,"(0, 1)",3,
1,2,NUM,NUM,,0.0,root,"(0, 1)",2,
1,תדירות,NOUN,NOUN,Definite=Cons|Gender=Fem|Number=Plur,19.0,nsubj,"(1, 7)",תדירות,
"(2, 3)",הרעש,,,,,,"(8, 12)",,"[{'id': 2, 'text': 'ה', 'upos': 'DET', 'xpos': 'DET', 'feats': 'PronType=Art', 'head': 3, 'deprel': 'det:def', 'lemma': 'ה'}, {'id': 3, 'text': 'רעש', 'upos': 'NOUN', 'xpos': 'NOUN', 'feats': 'Gender=Masc|Number=Sing', 'head': 1, 'deprel': 'compound:smixut', 'lemma': 'רעש'}]"
"(4, 5)",לצורך,,,,,,"(13, 18)",,"[{'id': 4, 'text': 'ל', 'upos': 'ADP', 'xpos': 'ADP', 'head': 5, 'deprel': 'case', 'lemma': 'ל'}, {'id': 5, 'text': 'צורך', 'upos': 'NOUN', 'xpos': 'NOUN', 'feats': 'Definite=Cons|Gender=Masc|Number=Sing', 'head': 1, 'deprel': 'nmod', 'lemma': 'צורך'}]"
6,חישוב,NOUN,NOUN,Definite=Cons|Gender=Masc|Number=Sing,5.0,compound:smixut,"(19, 24)",חישוב,
"(7, 8)",התדירויות,,,,,,"(25, 34)",,"[{'id': 7, 'text': 'ה', 'upos': 'DET', 'xpos': 'DET', 'feats': 'PronType=Art', 'head': 8, 'deprel': 'det:def', 'lemma': 'ה'}, {'id': 8, 'text': 'תדירויות', 'upos': 'NOUN', 'xpos': 'NOUN', 'feats': 'Gender=Fem|Number=Plur', 'head': 6, 'deprel': 'compound:smixut', 'lemma': 'תדירות'}]"
"(9, 10)",האופייניות,,,,,,"(35, 45)",,"[{'id': 9, 'text': 'ה', 'upos': 'DET', 'xpos': 'DET', 'feats': 'PronType=Art', 'head': 10, 'deprel': 'det:def', 'lemma': 'ה'}, {'id': 10, 'text': 'אופייניות', 'upos': 'ADJ', 'xpos': 'ADJ', 'feats': 'Gender=Fem|Number=Plur', 'head': 8, 'deprel': 'amod', 'lemma': 'אופייני'}]"
"(11, 12)",ברעשים,,,,,,"(46, 52)",,"[{'id': 11, 'text': 'ב', 'upos': 'ADP', 'xpos': 'ADP', 'head': 12, 'deprel': 'case', 'lemma': 'ב'}, {'id': 12, 'text': 'רעשים', 'upos': 'NOUN', 'xpos': 'NOUN', 'feats': 'Gender=Masc|Number=Plur', 'head': 8, 'deprel': 'nmod', 'lemma': 'רעש'}]"
"(13, 14)",הנובעים,,,,,,"(53, 60)",,"[{'id': 13, 'text': 'ה', 'upos': 'SCONJ', 'xpos': 'SCONJ', 'head': 14, 'deprel': 'mark', 'lemma': 'ה'}, {'id': 14, 'text': 'נובעים', 'upos': 'VERB', 'xpos': 'VERB', 'feats': 'Gender=Masc|HebBinyan=PAAL|Number=Plur|Person=1,2,3|VerbForm=Part|Voice=Act', 'head': 12, 'deprel': 'acl:relcl', 'lemma': 'נבע'}]"
"(15, 16)",מיחידות,,,,,,"(61, 68)",,"[{'id': 15, 'text': 'מ', 'upos': 'ADP', 'xpos': 'ADP', 'head': 16, 'deprel': 'case', 'lemma': 'מ'}, {'id': 16, 'text': 'יחידות', 'upos': 'NOUN', 'xpos': 'NOUN', 'feats': 'Definite=Cons|Gender=Fem|Number=Plur', 'head': 14, 'deprel': 'obl', 'lemma': 'יחידה'}]"
"(17, 18)",העיבוי,,,,,,"(69, 75)",,"[{'id': 17, 'text': 'ה', 'upos': 'DET', 'xpos': 'DET', 'feats': 'PronType=Art', 'head': 18, 'deprel': 'det:def', 'lemma': 'ה'}, {'id': 18, 'text': 'עיבוי', 'upos': 'NOUN', 'xpos': 'NOUN', 'feats': 'Gender=Masc|Number=Sing', 'head': 16, 'deprel': 'compound:smixut', 'lemma': 'עיבוי'}]"
19,הקלטנו,VERB,VERB,"Gender=Fem,Masc|HebBinyan=HIFIL|Number=Plur|Person=3|Tense=Past|Voice=Act",0.0,root,"(76, 82)",הקליט,
20,את,ADP,ADP,Case=Acc,22.0,case:acc,"(83, 85)",את,
"(21, 22)",הרעשים,,,,,,"(86, 92)",,"[{'id': 21, 'text': 'ה', 'upos': 'DET', 'xpos': 'DET', 'feats': 'PronType=Art', 'head': 22, 'deprel': 'det:def', 'lemma': 'ה'}, {'id': 22, 'text': 'רעשים', 'upos': 'NOUN', 'xpos': 'NOUN', 'feats': 'Gender=Masc|Number=Plur', 'head': 19, 'deprel': 'obj', 'lemma': 'רעש'}]"
23,באמצעות,ADP,ADP,,24.0,case,"(93, 100)",באמצעות,
24,מיקרופון,NOUN,NOUN,Gender=Masc|Number=Sing,19.0,obl,"(101, 109)",מיקרופון,
"(25, 26)",ורשמקול,,,,,,"(110, 117)",,"[{'id': 25, 'text': 'ו', 'upos': 'CCONJ', 'xpos': 'CCONJ', 'head': 26, 'deprel': 'cc', 'lemma': 'ו'}, {'id': 26, 'text': 'רשמקול', 'upos': 'NOUN', 'xpos': 'NOUN', 'feats': 'Gender=Masc|Number=Sing', 'head': 24, 'deprel': 'conj', 'lemma': 'רשמקול'}]"
"(27, 28)",בכל,,,,,,"(118, 121)",,"[{'id': 27, 'text': 'ב', 'upos': 'ADP', 'xpos': 'ADP', 'head': 32, 'deprel': 'case', 'lemma': 'ב'}, {'id': 28, 'text': 'כל', 'upos': 'DET', 'xpos': 'DET', 'feats': 'Definite=Cons', 'head': 32, 'deprel': 'det', 'lemma': 'כול'}]"
29,אחת,NUM,NUM,Gender=Fem|Number=Sing,32.0,det,"(122, 125)",אחת,
"(30, 32)",מהנקודות,,,,,,"(126, 134)",,"[{'id': 30, 'text': 'מ', 'upos': 'ADP', 'xpos': 'ADP', 'head': 32, 'deprel': 'case', 'lemma': 'מ'}, {'id': 31, 'text': 'ה', 'upos': 'DET', 'xpos': 'DET', 'feats': 'PronType=Art', 'head': 32, 'deprel': 'det:def', 'lemma': 'ה'}, {'id': 32, 'text': 'נקודות', 'upos': 'NOUN', 'xpos': 'NOUN', 'feats': 'Gender=Fem|Number=Plur', 'head': 24, 'deprel': 'nmod', 'lemma': 'נקודה'}]"
"(33, 34)",שמצוינות,,,,,,"(135, 143)",,"[{'id': 33, 'text': 'ש', 'upos': 'SCONJ', 'xpos': 'SCONJ', 'head': 34, 'deprel': 'mark', 'lemma': 'ש'}, {'id': 34, 'text': 'מצוינות', 'upos': 'VERB', 'xpos': 'VERB', 'feats': 'Gender=Fem|HebBinyan=PAAL|Number=Plur|Person=1,2,3|VerbForm=Part|Voice=Act', 'head': 32, 'deprel': 'acl:relcl', 'lemma': 'צוין'}]"
"(35, 36)",בציור,,,,,,"(144, 149)",,"[{'id': 35, 'text': 'ב', 'upos': 'ADP', 'xpos': 'ADP', 'head': 36, 'deprel': 'case', 'lemma': 'ב'}, {'id': 36, 'text': 'ציור', 'upos': 'NOUN', 'xpos': 'NOUN', 'feats': 'Gender=Masc|Number=Sing', 'head': 34, 'deprel': 'obl', 'lemma': 'ציור'}]"
37,1,NUM,NUM,,36.0,nummod,"(150, 151)",1,
"(38, 39)",ועבור,,,,,,"(152, 157)",,"[{'id': 38, 'text': 'ו', 'upos': 'CCONJ', 'xpos': 'CCONJ', 'head': 42, 'deprel': 'cc', 'lemma': 'ו'}, {'id': 39, 'text': 'עבור', 'upos': 'ADP', 'xpos': 'ADP', 'head': 42, 'deprel': 'case', 'lemma': 'עבור'}]"
40,כל,DET,DET,Definite=Cons,42.0,det,"(158, 160)",כול,
41,שלושת,NUM,NUM,Definite=Cons|Gender=Masc|Number=Sing,42.0,nummod,"(161, 166)",שלושת,
42,מצבי,NOUN,NOUN,Definite=Cons|Gender=Masc|Number=Plur,32.0,conj,"(167, 171)",מצב,
"(43, 44)",הפעולה,,,,,,"(172, 178)",,"[{'id': 43, 'text': 'ה', 'upos': 'DET', 'xpos': 'DET', 'feats': 'PronType=Art', 'head': 44, 'deprel': 'det:def', 'lemma': 'ה'}, {'id': 44, 'text': 'פעולה', 'upos': 'NOUN', 'xpos': 'NOUN', 'feats': 'Gender=Fem|Number=Sing', 'head': 42, 'deprel': 'compound:smixut', 'lemma': 'פעולה'}]"
45,של,ADP,ADP,Case=Gen,47.0,case:gen,"(179, 181)",של,
"(46, 47)",המזגנים,,,,,,"(182, 189)",,"[{'id': 46, 'text': 'ה', 'upos': 'DET', 'xpos': 'DET', 'feats': 'PronType=Art', 'head': 47, 'deprel': 'det:def', 'lemma': 'ה'}, {'id': 47, 'text': 'מזגנים', 'upos': 'NOUN', 'xpos': 'NOUN', 'feats': 'Gender=Masc|Number=Plur', 'head': 42, 'deprel': 'nmod:poss', 'lemma': 'מזגן'}]"
48,A,PROPN,PROPN,,47.0,nmod,"(190, 191)",A,
49,ו,CCONJ,CCONJ,,48.0,dep,"(192, 193)",ו,
50,-,PUNCT,PUNCT,,48.0,punct,"(193, 194)",-,
51,B,PROPN,PROPN,,48.0,flat:name,"(195, 196)",B,
"(1, 2)",התוצאות,,,,,,"(1, 8)",,"[{'id': 1, 'text': 'ה', 'upos': 'DET', 'xpos': 'DET', 'feats': 'PronType=Art', 'head': 2, 'deprel': 'det:def', 'lemma': 'ה'}, {'id': 2, 'text': 'תוצאות', 'upos': 'NOUN', 'xpos': 'NOUN', 'feats': 'Gender=Fem|Number=Plur', 'head': 21, 'deprel': 'nsubj', 'lemma': 'תוצאה'}]"
"(3, 4)",שהוקלטו,,,,,,"(9, 16)",,"[{'id': 3, 'text': 'ש', 'upos': 'SCONJ', 'xpos': 'SCONJ', 'head': 4, 'deprel': 'mark', 'lemma': 'ש'}, {'id': 4, 'text': 'הוקלטו', 'upos': 'VERB', 'xpos': 'VERB', 'feats': 'Gender=Fem,Masc|HebBinyan=HUFAL|Number=Plur|Person=3|Tense=Past|Voice=Pass', 'head': 2, 'deprel': 'acl:relcl', 'lemma': 'הוקלט'}]"
"(5, 6)",ברשמקול,,,,,,"(17, 24)",,"[{'id': 5, 'text': 'ב', 'upos': 'ADP', 'xpos': 'ADP', 'head': 6, 'deprel': 'case', 'lemma': 'ב'}, {'id': 6, 'text': 'רשמקול', 'upos': 'PROPN', 'xpos': 'PROPN', 'head': 4, 'deprel': 'obl', 'lemma': 'רשמקול'}]"
7,על,ADP,ADP,,8.0,case,"(25, 27)",על,
8,קלטת,NOUN,NOUN,Definite=Cons|Gender=Fem|Number=Sing,4.0,obl,"(28, 32)",קלטה,
"(9, 11)",נדגמו,,,,,,"(33, 38)",,"[{'id': 9, 'text': 'נדגם_', 'upos': 'NOUN', 'xpos': 'NOUN', 'feats': 'Definite=Def|Gender=Masc|Number=Plur', 'head': 8, 'deprel': 'compound:smixut', 'lemma': 'נדגם'}, {'id': 10, 'text': '_של_', 'upos': 'ADP', 'xpos': 'ADP', 'head': 11, 'deprel': 'case:gen', 'lemma': 'של'}, {'id': 11, 'text': '_הוא', 'upos': 'PRON', 'xpos': 'PRON', 'feats': 'Case=Gen|Gender=Masc|Number=Sing|Person=3|PronType=Prs', 'head': 9, 'deprel': 'nmod:poss', 'lemma': 'הוא'}]"
12,באמצעות,ADP,ADP,,13.0,case,"(39, 46)",באמצעות,
13,מערכת,NOUN,NOUN,Definite=Cons|Gender=Fem|Number=Sing,8.0,nmod,"(47, 52)",מערכת,
14,דגימה,NOUN,NOUN,Gender=Fem|Number=Sing,13.0,compound:smixut,"(53, 58)",דגימה,
"(15, 16)",בקצב,,,,,,"(59, 63)",,"[{'id': 15, 'text': 'ב', 'upos': 'ADP', 'xpos': 'ADP', 'head': 16, 'deprel': 'case', 'lemma': 'ב'}, {'id': 16, 'text': 'קצב', 'upos': 'NOUN', 'xpos': 'NOUN', 'feats': 'Gender=Masc|Number=Sing', 'head': 8, 'deprel': 'nmod', 'lemma': 'קצב'}]"
17,של,ADP,ADP,Case=Gen,19.0,case:gen,"(64, 66)",של,
18,"4,096",NUM,NUM,,19.0,nummod,"(67, 72)","4,096",
19,Hz,NOUN,NOUN,Gender=Masc|Number=Plur,16.0,nmod:poss,"(73, 75)",Hz,
"(20, 21)",והועברו,,,,,,"(76, 83)",,"[{'id': 20, 'text': 'ו', 'upos': 'CCONJ', 'xpos': 'CCONJ', 'head': 21, 'deprel': 'cc', 'lemma': 'ו'}, {'id': 21, 'text': 'הועברו', 'upos': 'VERB', 'xpos': 'VERB', 'feats': 'Gender=Fem,Masc|HebBinyan=HUFAL|Number=Plur|Person=3|Tense=Past|Voice=Pass', 'head': 0, 'deprel': 'root', 'lemma': 'הועבר'}]"
22,אל,ADP,ADP,,24.0,case,"(84, 86)",אל,
"(23, 24)",המחשב,,,,,,"(87, 92)",,"[{'id': 23, 'text': 'ה', 'upos': 'DET', 'xpos': 'DET', 'feats': 'PronType=Art', 'head': 24, 'deprel': 'det:def', 'lemma': 'ה'}, {'id': 24, 'text': 'מחשב', 'upos': 'NOUN', 'xpos': 'NOUN', 'feats': 'Gender=Masc|Number=Sing', 'head': 21, 'deprel': 'obl', 'lemma': 'מחשב'}]"
"(1, 2)",בזמן,,,,,,"(1, 5)",,"[{'id': 1, 'text': 'ב', 'upos': 'ADP', 'xpos': 'ADP', 'head': 2, 'deprel': 'case', 'lemma': 'ב'}, {'id': 2, 'text': 'זמן', 'upos': 'NOUN', 'xpos': 'NOUN', 'feats': 'Definite=Cons|Gender=Masc|Number=Sing', 'head': 5, 'deprel': 'obl', 'lemma': 'זמן'}]"
"(3, 4)",הדגימה,,,,,,"(6, 12)",,"[{'id': 3, 'text': 'ה', 'upos': 'DET', 'xpos': 'DET', 'feats': 'PronType=Art', 'head': 4, 'deprel': 'det:def', 'lemma': 'ה'}, {'id': 4, 'text': 'דגימה', 'upos': 'NOUN', 'xpos': 'NOUN', 'feats': 'Gender=Fem|Number=Sing', 'head': 2, 'deprel': 'compound:smixut', 'lemma': 'דגימה'}]"
5,הועברו,VERB,VERB,"Gender=Fem,Masc|HebBinyan=HUFAL|Number=Plur|Person=3|Tense=Past|Voice=Pass",0.0,root,"(13, 19)",הועבר,
"(6, 7)",האותות,,,,,,"(20, 26)",,"[{'id': 6, 'text': 'ה', 'upos': 'DET', 'xpos': 'DET', 'feats': 'PronType=Art', 'head': 7, 'deprel': 'det:def', 'lemma': 'ה'}, {'id': 7, 'text': 'אותות', 'upos': 'NOUN', 'xpos': 'NOUN', 'feats': 'Gender=Masc|Number=Plur', 'head': 5, 'deprel': 'nsubj', 'lemma': 'אות'}]"
"(8, 9)",המוקלטים,,,,,,"(27, 35)",,"[{'id': 8, 'text': 'ה', 'upos': 'DET', 'xpos': 'DET', 'feats': 'PronType=Art', 'head': 9, 'deprel': 'det:def', 'lemma': 'ה'}, {'id': 9, 'text': 'מוקלטים', 'upos': 'VERB', 'xpos': 'VERB', 'feats': 'Gender=Masc|HebBinyan=HUFAL|Number=Plur|Person=1,2,3|VerbForm=Part|Voice=Pass', 'head': 7, 'deprel': 'amod', 'lemma': 'הוקלט'}]"
10,דרך,ADP,ADP,,11.0,case,"(36, 39)",דרך,
11,מגבר,NOUN,NOUN,Definite=Cons|Gender=Masc|Number=Sing,5.0,obl,"(40, 44)",מגבר,
12,אותות,NOUN,NOUN,Gender=Fem|Number=Sing,11.0,compound:smixut,"(45, 50)",אות,
"(13, 14)",ומסנן,,,,,,"(51, 56)",,"[{'id': 13, 'text': 'ו', 'upos': 'CCONJ', 'xpos': 'CCONJ', 'head': 14, 'deprel': 'cc', 'lemma': 'ו'}, {'id': 14, 'text': 'מסנן', 'upos': 'VERB', 'xpos': 'VERB', 'feats': 'Definite=Cons|Gender=Masc|Number=Sing', 'head': 11, 'deprel': 'conj', 'lemma': 'סינן'}]"
15,low,ADV,ADV,,17.0,nmod,"(57, 60)",low,
16,-,PUNCT,PUNCT,,17.0,punct,"(60, 61)",-,
17,pass,NOUN,NOUN,Gender=Masc|Number=Sing,14.0,compound:smixut,"(61, 65)",pass,
18,של,ADP,ADP,Case=Gen,20.0,case:gen,"(66, 68)",של,
19,"1,000",NUM,NUM,,20.0,nummod,"(69, 74)","1,000",
20,Hz,NOUN,NOUN,,14.0,nmod,"(75, 77)",Hz,
21,כדי,ADP,ADP,,22.0,case,"(78, 81)",כדי,
22,למנוע,VERB,VERB,HebBinyan=PAAL|VerbForm=Inf|Voice=Act,5.0,advcl,"(82, 87)",מנע,
23,תופעה,NOUN,NOUN,Gender=Fem|Number=Sing,22.0,obj,"(88, 93)",תופעה,
24,של,ADP,ADP,Case=Gen,25.0,case:gen,"(94, 96)",של,
25,Aliasing,NOUN,NOUN,,23.0,nmod:poss,"(97, 105)",Aliasing,
1,סינון,NOUN,NOUN,Definite=Cons|Gender=Masc|Number=Sing,6.0,nsubj,"(1, 6)",סינון,
"(2, 3)",התדירויות,,,,,,"(7, 16)",,"[{'id': 2, 'text': 'ה', 'upos': 'DET', 'xpos': 'DET', 'feats': 'PronType=Art', 'head': 3, 'deprel': 'det:def', 'lemma': 'ה'}, {'id': 3, 'text': 'תדירויות', 'upos': 'NOUN', 'xpos': 'NOUN', 'feats': 'Gender=Fem|Number=Plur', 'head': 1, 'deprel': 'compound:smixut', 'lemma': 'תדירות'}]"
"(4, 5)",הגבוהות,,,,,,"(17, 24)",,"[{'id': 4, 'text': 'ה', 'upos': 'DET', 'xpos': 'DET', 'feats': 'PronType=Art', 'head': 5, 'deprel': 'det:def', 'lemma': 'ה'}, {'id': 5, 'text': 'גבוהות', 'upos': 'ADJ', 'xpos': 'ADJ', 'feats': 'Gender=Fem|Number=Plur', 'head': 3, 'deprel': 'amod', 'lemma': 'גבוה'}]"
6,מוצדק,VERB,VERB,"Gender=Masc|HebBinyan=HUFAL|Number=Sing|Person=1,2,3|VerbForm=Part|Voice=Pass",0.0,root,"(25, 30)",הוצדק,
7,גם,ADV,ADV,,8.0,advmod,"(31, 33)",גם,
"(8, 10)",מהסיבה,,,,,,"(34, 40)",,"[{'id': 8, 'text': 'מ', 'upos': 'ADP', 'xpos': 'ADP', 'head': 10, 'deprel': 'case', 'lemma': 'מ'}, {'id': 9, 'text': 'ה', 'upos': 'DET', 'xpos': 'DET', 'feats': 'PronType=Art', 'head': 10, 'deprel': 'det:def', 'lemma': 'ה'}, {'id': 10, 'text': 'סיבה', 'upos': 'NOUN', 'xpos': 'NOUN', 'feats': 'Gender=Fem|Number=Sing', 'head': 6, 'deprel': 'obl', 'lemma': 'סיבה'}]"
"(11, 12)",שרעש,,,,,,"(41, 45)",,"[{'id': 11, 'text': 'ש', 'upos': 'SCONJ', 'xpos': 'SCONJ', 'head': 21, 'deprel': 'mark', 'lemma': 'ש'}, {'id': 12, 'text': 'רעש', 'upos': 'NOUN', 'xpos': 'NOUN', 'feats': 'Gender=Masc|Number=Sing', 'head': 21, 'deprel': 'nsubj:cop', 'lemma': 'רעש'}]"
"(13, 14)",שנובע,,,,,,"(46, 51)",,"[{'id': 13, 'text': 'ש', 'upos': 'SCONJ', 'xpos': 'SCONJ', 'head': 14, 'deprel': 'mark', 'lemma': 'ש'}, {'id': 14, 'text': 'נובע', 'upos': 'VERB', 'xpos': 'VERB', 'feats': 'Gender=Masc|HebBinyan=PAAL|Number=Sing|Person=1,2,3|VerbForm=Part|Voice=Act', 'head': 12, 'deprel': 'acl:relcl', 'lemma': 'נבע'}]"
"(15, 16)",מפעולת,,,,,,"(52, 58)",,"[{'id': 15, 'text': 'מ', 'upos': 'ADP', 'xpos': 'ADP', 'head': 16, 'deprel': 'case', 'lemma': 'מ'}, {'id': 16, 'text': 'פעולת', 'upos': 'NOUN', 'xpos': 'NOUN', 'feats': 'Definite=Cons|Gender=Fem|Number=Sing', 'head': 14, 'deprel': 'obl', 'lemma': 'פעולה'}]"
17,יחידות,NOUN,NOUN,Definite=Cons|Gender=Fem|Number=Plur,16.0,compound:smixut,"(59, 65)",יחידה,
"(18, 19)",העיבוי,,,,,,"(66, 72)",,"[{'id': 18, 'text': 'ה', 'upos': 'DET', 'xpos': 'DET', 'feats': 'PronType=Art', 'head': 19, 'deprel': 'det:def', 'lemma': 'ה'}, {'id': 19, 'text': 'עיבוי', 'upos': 'NOUN', 'xpos': 'NOUN', 'feats': 'Gender=Masc|Number=Sing', 'head': 17, 'deprel': 'compound:smixut', 'lemma': 'עיבוי'}]"
20,הוא,AUX,AUX,Gender=Masc|Number=Sing|Person=3|Polarity=Pos|VerbForm=Part|VerbType=Cop,21.0,cop,"(73, 76)",הוא,
21,רעש,NOUN,NOUN,Gender=Masc|Number=Sing,10.0,acl:relcl,"(77, 80)",רעש,
"(22, 23)",בתדירות,,,,,,"(81, 88)",,"[{'id': 22, 'text': 'ב', 'upos': 'ADP', 'xpos': 'ADP', 'head': 23, 'deprel': 'case', 'lemma': 'ב'}, {'id': 23, 'text': 'תדירות', 'upos': 'NOUN', 'xpos': 'NOUN', 'feats': 'Gender=Fem|Number=Plur', 'head': 21, 'deprel': 'nmod', 'lemma': 'תדירות'}]"
24,נמוכה,ADJ,ADJ,Gender=Fem|Number=Sing,23.0,amod,"(89, 94)",נמוך,
25,יחסית,ADV,ADV,,24.0,advmod,"(95, 100)",יחסית,
26,(,PUNCT,PUNCT,,28.0,punct,"(101, 102)",(,
27,250,NUM,NUM,,28.0,nummod,"(102, 105)",250,
28,Hz,NOUN,NOUN,"Gender=Masc|HebSource=ConvUncertainHead|Number=Plur,Sing",21.0,appos,"(106, 108)",Hz,
29,>,PUNCT,PUNCT,,28.0,punct,"(108, 109)",>,
30,),PUNCT,PUNCT,,28.0,punct,"(109, 110)",),
"(31, 32)",בדומה,,,,,,"(111, 116)",,"[{'id': 31, 'text': 'ב', 'upos': 'ADP', 'xpos': 'ADP', 'head': 34, 'deprel': 'case', 'lemma': 'ב'}, {'id': 32, 'text': 'דומה', 'upos': 'ADJ', 'xpos': 'ADJ', 'feats': 'Gender=Masc|Number=Sing', 'head': 31, 'deprel': 'fixed', 'lemma': 'דומה'}]"
"(33, 34)",לרעש,,,,,,"(117, 121)",,"[{'id': 33, 'text': 'ל', 'upos': 'ADP', 'xpos': 'ADP', 'head': 31, 'deprel': 'fixed', 'lemma': 'ל'}, {'id': 34, 'text': 'רעש', 'upos': 'NOUN', 'xpos': 'NOUN', 'feats': 'Gender=Masc|Number=Sing', 'head': 21, 'deprel': 'nmod', 'lemma': 'רעש'}]"
"(35, 36)",שנובע,,,,,,"(122, 127)",,"[{'id': 35, 'text': 'ש', 'upos': 'SCONJ', 'xpos': 'SCONJ', 'head': 36, 'deprel': 'mark', 'lemma': 'ש'}, {'id': 36, 'text': 'נובע', 'upos': 'VERB', 'xpos': 'VERB', 'feats': 'Gender=Masc|HebBinyan=PAAL|Number=Sing|Person=1,2,3|VerbForm=Part|Voice=Act', 'head': 34, 'deprel': 'acl:relcl', 'lemma': 'נבע'}]"
"(37, 38)",מסיבובי,,,,,,"(128, 135)",,"[{'id': 37, 'text': 'מ', 'upos': 'ADP', 'xpos': 'ADP', 'head': 38, 'deprel': 'case', 'lemma': 'מ'}, {'id': 38, 'text': 'סיבובי', 'upos': 'NOUN', 'xpos': 'NOUN', 'feats': 'Definite=Cons|Gender=Masc|Number=Plur', 'head': 36, 'deprel': 'obl', 'lemma': 'סיבוב'}]"
39,מפוח,NOUN,NOUN,Gender=Masc|Number=Sing,38.0,compound:smixut,"(136, 140)",מפוח,
40,[,PUNCT,PUNCT,,41.0,punct,"(141, 142)",[,
41,6,NUM,NUM,,38.0,appos,"(142, 143)",6,
42,],PUNCT,PUNCT,,41.0,punct,"(143, 144)",],
"(1, 2)",הנתונים,,,,,,"(1, 8)",,"[{'id': 1, 'text': 'ה', 'upos': 'DET', 'xpos': 'DET', 'feats': 'PronType=Art', 'head': 2, 'deprel': 'det:def', 'lemma': 'ה'}, {'id': 2, 'text': 'נתונים', 'upos': 'NOUN', 'xpos': 'NOUN', 'feats': 'Gender=Masc|Number=Plur', 'head': 5, 'deprel': 'nsubj', 'lemma': 'נתון'}]"
"(3, 4)",הדגומים,,,,,,"(9, 16)",,"[{'id': 3, 'text': 'ה', 'upos': 'DET', 'xpos': 'DET', 'feats': 'PronType=Art', 'head': 4, 'deprel': 'det:def', 'lemma': 'ה'}, {'id': 4, 'text': 'דגומים', 'upos': 'ADJ', 'xpos': 'ADJ', 'feats': 'Gender=Masc|Number=Plur', 'head': 2, 'deprel': 'amod', 'lemma': 'דגום'}]"
5,הומרו,VERB,VERB,"Gender=Fem,Masc|HebBinyan=HUFAL|Number=Plur|Person=3|Tense=Past|Voice=Pass",0.0,root,"(17, 22)",הומר,
"(6, 7)",לקבצי,,,,,,"(23, 28)",,"[{'id': 6, 'text': 'ל', 'upos': 'ADP', 'xpos': 'ADP', 'head': 7, 'deprel': 'case', 'lemma': 'ל'}, {'id': 7, 'text': 'קבצי', 'upos': 'NOUN', 'xpos': 'NOUN', 'feats': 'Definite=Cons|Gender=Masc|Number=Plur', 'head': 5, 'deprel': 'obl', 'lemma': 'קבץ'}]"
8,ASCII,PROPN,PROPN,,7.0,compound:smixut,"(29, 34)",ASCII,
"(9, 10)",ועיבוד,,,,,,"(35, 41)",,"[{'id': 9, 'text': 'ו', 'upos': 'CCONJ', 'xpos': 'CCONJ', 'head': 13, 'deprel': 'cc', 'lemma': 'ו'}, {'id': 10, 'text': 'עיבוד', 'upos': 'NOUN', 'xpos': 'NOUN', 'feats': 'Definite=Cons|Gender=Masc|Number=Sing', 'head': 13, 'deprel': 'nsubj', 'lemma': 'עיבוד'}]"
"(11, 12)",הנתונים,,,,,,"(42, 49)",,"[{'id': 11, 'text': 'ה', 'upos': 'DET', 'xpos': 'DET', 'feats': 'PronType=Art', 'head': 12, 'deprel': 'det:def', 'lemma': 'ה'}, {'id': 12, 'text': 'נתונים', 'upos': 'NOUN', 'xpos': 'NOUN', 'feats': 'Gender=Masc|Number=Plur', 'head': 10, 'deprel': 'compound:smixut', 'lemma': 'נתון'}]"
13,נעשה,VERB,VERB,Gender=Masc|HebBinyan=NIFAL|Number=Sing|Person=3|Tense=Past|Voice=Mid,5.0,conj,"(50, 54)",נעשה,
"(14, 15)",בעזרת,,,,,,"(55, 60)",,"[{'id': 14, 'text': 'ב', 'upos': 'ADP', 'xpos': 'ADP', 'head': 15, 'deprel': 'case', 'lemma': 'ב'}, {'id': 15, 'text': 'עזרת', 'upos': 'NOUN', 'xpos': 'NOUN', 'feats': 'Definite=Cons|Gender=Fem|Number=Sing', 'head': 13, 'deprel': 'obl', 'lemma': 'עזרה'}]"
16,תוכנת,NOUN,NOUN,Definite=Cons|Gender=Fem|Number=Sing,15.0,compound:smixut,"(61, 66)",תוכנה,
17,MATLAB,PROPN,PROPN,,16.0,compound:smixut,"(67, 73)",MATLAB,
1,עיבוד,NOUN,NOUN,Definite=Cons|Gender=Masc|Number=Sing,4.0,nsubj,"(1, 6)",עיבוד,
"(2, 3)",האותות,,,,,,"(7, 13)",,"[{'id': 2, 'text': 'ה', 'upos': 'DET', 'xpos': 'DET', 'feats': 'PronType=Art', 'head': 3, 'deprel': 'det:def', 'lemma': 'ה'}, {'id': 3, 'text': 'אותות', 'upos': 'NOUN', 'xpos': 'NOUN', 'feats': 'Gender=Fem|Number=Sing', 'head': 1, 'deprel': 'compound:smixut', 'lemma': 'אות'}]"
4,נעשה,VERB,VERB,Gender=Masc|HebBinyan=NIFAL|Number=Sing|Person=3|Tense=Past|Voice=Mid,0.0,root,"(14, 18)",נעשה,
"(5, 6)",במספר,,,,,,"(19, 24)",,"[{'id': 5, 'text': 'ב', 'upos': 'ADP', 'xpos': 'ADP', 'head': 7, 'deprel': 'case', 'lemma': 'ב'}, {'id': 6, 'text': 'מספר', 'upos': 'DET', 'xpos': 'DET', 'feats': 'Definite=Cons', 'head': 7, 'deprel': 'det', 'lemma': 'מספר'}]"
7,שלבים,NOUN,NOUN,Gender=Masc|Number=Plur,4.0,obl,"(25, 30)",שלב,
8,כדי,ADP,ADP,,9.0,case,"(31, 34)",כדי,
9,להעריך,VERB,VERB,HebBinyan=HIFIL|VerbForm=Inf|Voice=Act,4.0,advcl,"(35, 41)",העריך,
10,את,ADP,ADP,Case=Acc,12.0,case:acc,"(42, 44)",את,
"(11, 12)",התדרים,,,,,,"(45, 51)",,"[{'id': 11, 'text': 'ה', 'upos': 'DET', 'xpos': 'DET', 'feats': 'PronType=Art', 'head': 12, 'deprel': 'det:def', 'lemma': 'ה'}, {'id': 12, 'text': 'תדרים', 'upos': 'NOUN', 'xpos': 'NOUN', 'feats': 'Gender=Masc|Number=Plur', 'head': 9, 'deprel': 'obj', 'lemma': 'תדר'}]"
"(13, 14)",האופייניים,,,,,,"(52, 62)",,"[{'id': 13, 'text': 'ה', 'upos': 'DET', 'xpos': 'DET', 'feats': 'PronType=Art', 'head': 14, 'deprel': 'det:def', 'lemma': 'ה'}, {'id': 14, 'text': 'אופייניים', 'upos': 'ADJ', 'xpos': 'ADJ', 'feats': 'Gender=Masc|Number=Plur', 'head': 12, 'deprel': 'amod', 'lemma': 'אופייני'}]"
15,של,ADP,ADP,Case=Gen,16.0,case:gen,"(63, 65)",של,
16,רכש,NOUN,NOUN,Definite=Cons|Gender=Masc|Number=Sing,12.0,nmod,"(66, 69)",רכש,
"(17, 18)",המזגנים,,,,,,"(70, 77)",,"[{'id': 17, 'text': 'ה', 'upos': 'DET', 'xpos': 'DET', 'feats': 'PronType=Art', 'head': 18, 'deprel': 'det:def', 'lemma': 'ה'}, {'id': 18, 'text': 'מזגנים', 'upos': 'NOUN', 'xpos': 'NOUN', 'feats': 'Gender=Masc|Number=Plur', 'head': 16, 'deprel': 'compound:smixut', 'lemma': 'מזגן'}]"
"(19, 20)",ואת,,,,,,"(78, 81)",,"[{'id': 19, 'text': 'ו', 'upos': 'CCONJ', 'xpos': 'CCONJ', 'head': 21, 'deprel': 'cc', 'lemma': 'ו'}, {'id': 20, 'text': 'את', 'upos': 'ADP', 'xpos': 'ADP', 'feats': 'Case=Acc', 'head': 21, 'deprel': 'case:acc', 'lemma': 'את'}]"
21,פילוג,NOUN,NOUN,Definite=Cons|Gender=Masc|Number=Sing,12.0,conj,"(82, 87)",פילוג,
"(22, 23)",האנרגיה,,,,,,"(88, 95)",,"[{'id': 22, 'text': 'ה', 'upos': 'DET', 'xpos': 'DET', 'feats': 'PronType=Art', 'head': 23, 'deprel': 'det:def', 'lemma': 'ה'}, {'id': 23, 'text': 'אנרגיה', 'upos': 'NOUN', 'xpos': 'NOUN', 'feats': 'Gender=Fem|Number=Sing', 'head': 21, 'deprel': 'compound:smixut', 'lemma': 'אנרגיה'}]"
24,בין,ADP,ADP,,25.0,case,"(96, 99)",בין,
25,תדרים,NOUN,NOUN,Gender=Masc|Number=Plur,21.0,nmod,"(100, 105)",תדר,
26,אלו,PRON,PRON,"Gender=Fem,Masc|Number=Plur|Person=3|PronType=Dem",25.0,det,"(106, 109)",אלו,
1,תחילה,ADV,ADV,,2.0,advmod,"(1, 6)",תחילה,
2,בצענו,VERB,VERB,"Gender=Fem,Masc|HebBinyan=PAAL|Number=Plur|Person=1|Tense=Past|Voice=Act",0.0,root,"(7, 12)",בצע,
3,אנליזת,NOUN,NOUN,Definite=Cons|Gender=Fem|Number=Sing,2.0,obj,"(13, 19)",אנליזה,
4,תדר,NOUN,NOUN,Gender=Masc|Number=Sing,3.0,compound:smixut,"(20, 23)",תדר,
5,באמצעות,ADP,ADP,,6.0,case,"(24, 31)",באמצעות,
6,FFT,PROPN,PROPN,,3.0,nmod,"(32, 35)",FFT,
"(7, 8)",לכל,,,,,,"(36, 39)",,"[{'id': 7, 'text': 'ל', 'upos': 'ADP', 'xpos': 'ADP', 'head': 9, 'deprel': 'case', 'lemma': 'ל'}, {'id': 8, 'text': 'כל', 'upos': 'DET', 'xpos': 'DET', 'feats': 'Definite=Cons', 'head': 9, 'deprel': 'det', 'lemma': 'כול'}]"
9,תחום,NOUN,NOUN,Definite=Cons|Gender=Masc|Number=Sing,3.0,nmod,"(40, 44)",תחום,
"(10, 11)",התדרים,,,,,,"(45, 51)",,"[{'id': 10, 'text': 'ה', 'upos': 'DET', 'xpos': 'DET', 'feats': 'PronType=Art', 'head': 11, 'deprel': 'det:def', 'lemma': 'ה'}, {'id': 11, 'text': 'תדרים', 'upos': 'NOUN', 'xpos': 'NOUN', 'feats': 'Gender=Masc|Number=Plur', 'head': 9, 'deprel': 'compound:smixut', 'lemma': 'תדר'}]"
"(12, 15)",שדגמנו,,,,,,"(52, 58)",,"[{'id': 12, 'text': 'ש', 'upos': 'SCONJ', 'xpos': 'SCONJ', 'head': 18, 'deprel': 'mark', 'lemma': 'ש'}, {'id': 13, 'text': 'דגמן_', 'upos': 'NOUN', 'xpos': 'NOUN', 'feats': 'Definite=Def|Gender=Masc|Number=Sing', 'head': 18, 'deprel': 'nsubj', 'lemma': 'דגמן'}, {'id': 14, 'text': '_של_', 'upos': 'ADP', 'xpos': 'ADP', 'head': 15, 'deprel': 'case:gen', 'lemma': 'של'}, {'id': 15, 'text': '_הוא', 'upos': 'PRON', 'xpos': 'PRON', 'feats': 'Case=Gen|Gender=Masc|Number=Sing|Person=3|PronType=Prs', 'head': 13, 'deprel': 'nmod:poss', 'lemma': 'הוא'}]"
16,לאחר,ADP,ADP,,18.0,case,"(59, 63)",לאחר,
"(17, 18)",הסינון,,,,,,"(64, 70)",,"[{'id': 17, 'text': 'ה', 'upos': 'DET', 'xpos': 'DET', 'feats': 'PronType=Art', 'head': 18, 'deprel': 'det:def', 'lemma': 'ה'}, {'id': 18, 'text': 'סינון', 'upos': 'NOUN', 'xpos': 'NOUN', 'feats': 'Gender=Masc|Number=Sing', 'head': 9, 'deprel': 'acl:relcl', 'lemma': 'סינון'}]"
19,",",PUNCT,PUNCT,,9.0,punct,"(70, 71)",",",
20,כלומר,CCONJ,CCONJ,,18.0,dep,"(72, 77)",כלומר,
21,0,NUM,NUM,,20.0,dep,"(78, 79)",0,
22,-,PUNCT,PUNCT,,21.0,punct,"(79, 80)",-,
23,"1,000",NUM,NUM,,21.0,nummod,"(80, 85)","1,000",
24,Hz,NOUN,NOUN,"Gender=Masc|HebSource=ConvUncertainHead|Number=Plur,Sing",21.0,dep,"(86, 88)",Hz,
25,",",PUNCT,PUNCT,,2.0,punct,"(89, 90)",",",
26,כדי,ADP,ADP,,27.0,case,"(91, 94)",כדי,
27,לקבל,VERB,VERB,HebBinyan=PIEL|VerbForm=Inf|Voice=Act,2.0,advcl,"(95, 99)",קיבל,
28,תמונה,NOUN,NOUN,Gender=Fem|Number=Sing,27.0,obj,"(100, 105)",תמונה,
29,כללית,ADJ,ADJ,Gender=Fem|Number=Sing,28.0,amod,"(106, 111)",כללי,
"(30, 31)",ומורחבת,,,,,,"(112, 119)",,"[{'id': 30, 'text': 'ו', 'upos': 'CCONJ', 'xpos': 'CCONJ', 'head': 31, 'deprel': 'cc', 'lemma': 'ו'}, {'id': 31, 'text': 'מורחבת', 'upos': 'VERB', 'xpos': 'VERB', 'feats': 'Gender=Fem|Number=Sing', 'head': 29, 'deprel': 'conj', 'lemma': 'הורחב'}]"
32,ככל,SCONJ,SCONJ,,34.0,case,"(120, 123)",ככל,
"(33, 34)",האפשר,,,,,,"(124, 129)",,"[{'id': 33, 'text': 'ה', 'upos': 'DET', 'xpos': 'DET', 'feats': 'PronType=Art', 'head': 34, 'deprel': 'det:def', 'lemma': 'ה'}, {'id': 34, 'text': 'אפשר', 'upos': 'AUX', 'xpos': 'AUX', 'feats': 'VerbType=Mod', 'head': 29, 'deprel': 'advmod', 'lemma': 'אפשר'}]"
35,של,ADP,ADP,Case=Gen,36.0,case:gen,"(130, 132)",של,
36,תחום,NOUN,NOUN,Definite=Cons|Gender=Masc|Number=Sing,28.0,nmod,"(133, 137)",תחום,
"(37, 38)",התדרים,,,,,,"(138, 144)",,"[{'id': 37, 'text': 'ה', 'upos': 'DET', 'xpos': 'DET', 'feats': 'PronType=Art', 'head': 38, 'deprel': 'det:def', 'lemma': 'ה'}, {'id': 38, 'text': 'תדרים', 'upos': 'NOUN', 'xpos': 'NOUN', 'feats': 'Gender=Masc|Number=Plur', 'head': 36, 'deprel': 'compound:smixut', 'lemma': 'תדר'}]"
1,דוגמאות,NOUN,NOUN,Gender=Fem|Number=Plur,3.0,nsubj,"(1, 8)",דוגמה,
2,אופייניות,ADJ,ADJ,Gender=Fem|Number=Plur,1.0,amod,"(9, 18)",אופייני,
3,מוצגות,VERB,VERB,"Gender=Fem|HebBinyan=HUFAL|Number=Plur|Person=1,2,3|VerbForm=Part|Voice=Pass",0.0,root,"(19, 25)",הוצג,
"(4, 5)",בציור,,,,,,"(26, 31)",,"[{'id': 4, 'text': 'ב', 'upos': 'ADP', 'xpos': 'ADP', 'head': 5, 'deprel': 'case', 'lemma': 'ב'}, {'id': 5, 'text': 'ציור', 'upos': 'NOUN', 'xpos': 'NOUN', 'feats': 'Gender=Masc|Number=Sing', 'head': 3, 'deprel': 'obl', 'lemma': 'ציור'}]"
6,2,NUM,NUM,,5.0,nummod,"(32, 33)",2,
7,עבור,ADP,ADP,,9.0,case,"(34, 38)",עבור,
8,כל,DET,DET,Definite=Cons,9.0,det,"(39, 41)",כול,
9,נקודות,NOUN,NOUN,Definite=Cons|Gender=Fem|Number=Plur,3.0,obl,"(42, 48)",נקודה,
"(10, 11)",המדידה,,,,,,"(49, 55)",,"[{'id': 10, 'text': 'ה', 'upos': 'DET', 'xpos': 'DET', 'feats': 'PronType=Art', 'head': 11, 'deprel': 'det:def', 'lemma': 'ה'}, {'id': 11, 'text': 'מדידה', 'upos': 'NOUN', 'xpos': 'NOUN', 'feats': 'Gender=Fem|Number=Sing', 'head': 9, 'deprel': 'compound:smixut', 'lemma': 'מדידה'}]"
"(12, 13)",בחדר,,,,,,"(56, 60)",,"[{'id': 12, 'text': 'ב', 'upos': 'ADP', 'xpos': 'ADP', 'head': 13, 'deprel': 'case', 'lemma': 'ב'}, {'id': 13, 'text': 'חדר', 'upos': 'NOUN', 'xpos': 'NOUN', 'feats': 'Gender=Masc|Number=Sing', 'head': 9, 'deprel': 'nmod', 'lemma': 'חדר'}]"
14,111,NUM,NUM,,13.0,nummod,"(61, 64)",111,
"(15, 16)",שקרוב,,,,,,"(65, 70)",,"[{'id': 15, 'text': 'ש', 'upos': 'SCONJ', 'xpos': 'SCONJ', 'head': 16, 'deprel': 'mark', 'lemma': 'ש'}, {'id': 16, 'text': 'קרוב', 'upos': 'ADJ', 'xpos': 'ADJ', 'feats': 'Gender=Masc|Number=Sing', 'head': 13, 'deprel': 'acl:relcl', 'lemma': 'קרוב'}]"
"(17, 18)",למקור,,,,,,"(71, 76)",,"[{'id': 17, 'text': 'ל', 'upos': 'ADP', 'xpos': 'ADP', 'head': 18, 'deprel': 'case', 'lemma': 'ל'}, {'id': 18, 'text': 'מקור', 'upos': 'NOUN', 'xpos': 'NOUN', 'feats': 'Definite=Cons|Gender=Masc|Number=Sing', 'head': 16, 'deprel': 'advmod', 'lemma': 'מקור'}]"
"(19, 20)",הרעש,,,,,,"(77, 81)",,"[{'id': 19, 'text': 'ה', 'upos': 'DET', 'xpos': 'DET', 'feats': 'PronType=Art', 'head': 20, 'deprel': 'det:def', 'lemma': 'ה'}, {'id': 20, 'text': 'רעש', 'upos': 'NOUN', 'xpos': 'NOUN', 'feats': 'Gender=Masc|Number=Sing', 'head': 18, 'deprel': 'compound:smixut', 'lemma': 'רעש'}]"
21,(,PUNCT,PUNCT,,23.0,punct,"(82, 83)",(,
"(22, 23)",המזגנים,,,,,,"(83, 90)",,"[{'id': 22, 'text': 'ה', 'upos': 'DET', 'xpos': 'DET', 'feats': 'PronType=Art', 'head': 23, 'deprel': 'det:def', 'lemma': 'ה'}, {'id': 23, 'text': 'מזגנים', 'upos': 'NOUN', 'xpos': 'NOUN', 'feats': 'Gender=Masc|Number=Plur', 'head': 18, 'deprel': 'appos', 'lemma': 'מזגן'}]"
24,),PUNCT,PUNCT,,23.0,punct,"(90, 91)",),
1,בדיקת,NOUN,NOUN,Definite=Cons|Gender=Fem|Number=Sing,29.0,nsubj,"(1, 6)",בדיקה,
"(2, 3)",התוצאות,,,,,,"(7, 14)",,"[{'id': 2, 'text': 'ה', 'upos': 'DET', 'xpos': 'DET', 'feats': 'PronType=Art', 'head': 3, 'deprel': 'det:def', 'lemma': 'ה'}, {'id': 3, 'text': 'תוצאות', 'upos': 'NOUN', 'xpos': 'NOUN', 'feats': 'Gender=Fem|Number=Plur', 'head': 1, 'deprel': 'compound:smixut', 'lemma': 'תוצאה'}]"
4,של,ADP,ADP,Case=Gen,5.0,case:gen,"(15, 17)",של,
5,אנליזת,NOUN,NOUN,Definite=Cons|Gender=Fem|Number=Sing,3.0,nmod:poss,"(18, 24)",אנליזה,
6,ה,DET,DET,PronType=Art,5.0,compound:smixut,"(25, 26)",ה,
7,-,PUNCT,PUNCT,,5.0,flat:name,"(26, 27)",-,
8,fft,PROPN,PROPN,,5.0,compound:smixut,"(28, 31)",fft,
"(9, 10)",למדידות,,,,,,"(32, 39)",,"[{'id': 9, 'text': 'ל', 'upos': 'ADP', 'xpos': 'ADP', 'head': 10, 'deprel': 'case', 'lemma': 'ל'}, {'id': 10, 'text': 'מדידות', 'upos': 'NOUN', 'xpos': 'NOUN', 'feats': 'Gender=Fem|Number=Plur', 'head': 1, 'deprel': 'nmod', 'lemma': 'מדידה'}]"
"(11, 12)",שנעשו,,,,,,"(40, 45)",,"[{'id': 11, 'text': 'ש', 'upos': 'SCONJ', 'xpos': 'SCONJ', 'head': 12, 'deprel': 'mark', 'lemma': 'ש'}, {'id': 12, 'text': 'נעשו', 'upos': 'VERB', 'xpos': 'VERB', 'feats': 'Gender=Fem,Masc|HebBinyan=NIFAL|Number=Plur|Person=3|Tense=Past|Voice=Mid', 'head': 10, 'deprel': 'acl:relcl', 'lemma': 'נעשה'}]"
"(13, 14)",בהדרים,,,,,,"(46, 52)",,"[{'id': 13, 'text': 'ב', 'upos': 'ADP', 'xpos': 'ADP', 'head': 14, 'deprel': 'case', 'lemma': 'ב'}, {'id': 14, 'text': 'הדרים', 'upos': 'NOUN', 'xpos': 'NOUN', 'feats': 'Gender=Masc|Number=Plur', 'head': 12, 'deprel': 'obl', 'lemma': 'הדר'}]"
"(15, 16)",השונים,,,,,,"(53, 59)",,"[{'id': 15, 'text': 'ה', 'upos': 'DET', 'xpos': 'DET', 'feats': 'PronType=Art', 'head': 16, 'deprel': 'det:def', 'lemma': 'ה'}, {'id': 16, 'text': 'שונים', 'upos': 'ADJ', 'xpos': 'ADJ', 'feats': 'Gender=Masc|Number=Plur', 'head': 14, 'deprel': 'amod', 'lemma': 'שונה'}]"
"(17, 19)",בשילובים,,,,,,"(60, 68)",,"[{'id': 17, 'text': 'ב', 'upos': 'ADP', 'xpos': 'ADP', 'head': 19, 'deprel': 'case', 'lemma': 'ב'}, {'id': 18, 'text': 'ה_', 'upos': 'DET', 'xpos': 'DET', 'feats': 'PronType=Art', 'head': 19, 'deprel': 'det:def', 'lemma': 'ה'}, {'id': 19, 'text': 'שילובים', 'upos': 'NOUN', 'xpos': 'NOUN', 'feats': 'Gender=Masc|Number=Plur', 'head': 12, 'deprel': 'obl', 'lemma': 'שילוב'}]"
20,שונים,ADJ,ADJ,Gender=Masc|Number=Plur,19.0,amod,"(69, 74)",שונה,
21,של,ADP,ADP,Case=Gen,22.0,case:gen,"(75, 77)",של,
22,עבודת,NOUN,NOUN,Definite=Cons|Gender=Fem|Number=Sing,19.0,nmod,"(78, 83)",עבודה,
"(23, 24)",המזגנים,,,,,,"(84, 91)",,"[{'id': 23, 'text': 'ה', 'upos': 'DET', 'xpos': 'DET', 'feats': 'PronType=Art', 'head': 24, 'deprel': 'det:def', 'lemma': 'ה'}, {'id': 24, 'text': 'מזגנים', 'upos': 'NOUN', 'xpos': 'NOUN', 'feats': 'Gender=Masc|Number=Plur', 'head': 22, 'deprel': 'compound:smixut', 'lemma': 'מזגן'}]"
25,a,PROPN,PROPN,,22.0,appos,"(92, 93)",a,
"(26, 27)",ו־,,,,,,"(94, 96)",,"[{'id': 26, 'text': 'ו', 'upos': 'CCONJ', 'xpos': 'CCONJ', 'head': 27, 'deprel': 'cc', 'lemma': 'ו'}, {'id': 27, 'text': 'ק', 'upos': 'PROPN', 'xpos': 'PROPN', 'head': 25, 'deprel': 'conj', 'lemma': 'ק'}]"
28,b,PROPN,PROPN,,25.0,flat:name,"(97, 98)",b,
29,הראתה,VERB,VERB,Gender=Fem|HebBinyan=HIFIL|Number=Sing|Person=3|Tense=Past|Voice=Act,0.0,root,"(99, 104)",הראה,
"(30, 31)",שרוב,,,,,,"(105, 109)",,"[{'id': 30, 'text': 'ש', 'upos': 'SCONJ', 'xpos': 'SCONJ', 'head': 37, 'deprel': 'mark', 'lemma': 'ש'}, {'id': 31, 'text': 'רוב', 'upos': 'DET', 'xpos': 'DET', 'feats': 'Definite=Cons', 'head': 33, 'deprel': 'det', 'lemma': 'רוב'}]"
"(32, 33)",האנרגיה,,,,,,"(110, 117)",,"[{'id': 32, 'text': 'ה', 'upos': 'DET', 'xpos': 'DET', 'feats': 'PronType=Art', 'head': 33, 'deprel': 'det:def', 'lemma': 'ה'}, {'id': 33, 'text': 'אנרגיה', 'upos': 'NOUN', 'xpos': 'NOUN', 'feats': 'Gender=Fem|Number=Sing', 'head': 37, 'deprel': 'nsubj', 'lemma': 'אנרגיה'}]"
34,של,ADP,ADP,Case=Gen,36.0,case:gen,"(118, 120)",של,
"(35, 36)",הרעש,,,,,,"(121, 125)",,"[{'id': 35, 'text': 'ה', 'upos': 'DET', 'xpos': 'DET', 'feats': 'PronType=Art', 'head': 36, 'deprel': 'det:def', 'lemma': 'ה'}, {'id': 36, 'text': 'רעש', 'upos': 'NOUN', 'xpos': 'NOUN', 'feats': 'Gender=Masc|Number=Sing', 'head': 33, 'deprel': 'nmod:poss', 'lemma': 'רעש'}]"
37,נמצאת,VERB,VERB,"Gender=Fem|HebBinyan=NIFAL|Number=Sing|Person=1,2,3|VerbForm=Part|Voice=Mid",29.0,ccomp,"(126, 131)",נמצא,
"(38, 39)",בתחום,,,,,,"(132, 137)",,"[{'id': 38, 'text': 'ב', 'upos': 'ADP', 'xpos': 'ADP', 'head': 39, 'deprel': 'case', 'lemma': 'ב'}, {'id': 39, 'text': 'תחום', 'upos': 'NOUN', 'xpos': 'NOUN', 'feats': 'Definite=Cons|Gender=Masc|Number=Sing', 'head': 37, 'deprel': 'obl', 'lemma': 'תחום'}]"
40,0,NUM,NUM,,39.0,compound:smixut,"(138, 139)",0,
41,-,PUNCT,PUNCT,,40.0,punct,"(139, 140)",-,
42,200,NUM,NUM,,40.0,nummod,"(140, 143)",200,
43,Hz,NOUN,NOUN,HebSource=ConvUncertainHead,40.0,dep,"(144, 146)",Hz,
"(44, 46)",כצפוי,,,,,,"(147, 152)",,"[{'id': 44, 'text': 'כ', 'upos': 'ADP', 'xpos': 'ADP', 'head': 46, 'deprel': 'case', 'lemma': 'כ'}, {'id': 45, 'text': 'ה_', 'upos': 'DET', 'xpos': 'DET', 'feats': 'PronType=Art', 'head': 46, 'deprel': 'det:def', 'lemma': 'ה'}, {'id': 46, 'text': 'צפוי', 'upos': 'VERB', 'xpos': 'VERB', 'feats': 'Gender=Masc|HebBinyan=PAAL|Number=Sing|Person=1,2,3|VerbForm=Part|Voice=Act', 'head': 37, 'deprel': 'obl', 'lemma': 'צפה'}]"
"(47, 48)",במקרה,,,,,,"(153, 158)",,"[{'id': 47, 'text': 'ב', 'upos': 'ADP', 'xpos': 'ADP', 'head': 48, 'deprel': 'case', 'lemma': 'ב'}, {'id': 48, 'text': 'מקרה', 'upos': 'NOUN', 'xpos': 'NOUN', 'feats': 'Gender=Masc|Number=Sing', 'head': 46, 'deprel': 'obl', 'lemma': 'מקרה'}]"
49,של,ADP,ADP,Case=Gen,50.0,case:gen,"(159, 161)",של,
50,רעשים,NOUN,NOUN,Gender=Masc|Number=Plur,48.0,nmod:poss,"(162, 167)",רעש,
"(51, 52)",שנובעים,,,,,,"(168, 175)",,"[{'id': 51, 'text': 'ש', 'upos': 'SCONJ', 'xpos': 'SCONJ', 'head': 52, 'deprel': 'mark', 'lemma': 'ש'}, {'id': 52, 'text': 'נובעים', 'upos': 'VERB', 'xpos': 'VERB', 'feats': 'Gender=Masc|HebBinyan=PAAL|Number=Plur|Person=1,2,3|VerbForm=Part|Voice=Act', 'head': 50, 'deprel': 'acl:relcl', 'lemma': 'נבע'}]"
"(53, 54)",מפעולת,,,,,,"(176, 182)",,"[{'id': 53, 'text': 'מ', 'upos': 'ADP', 'xpos': 'ADP', 'head': 54, 'deprel': 'case', 'lemma': 'מ'}, {'id': 54, 'text': 'פעולת', 'upos': 'NOUN', 'xpos': 'NOUN', 'feats': 'Definite=Cons|Gender=Fem|Number=Sing', 'head': 52, 'deprel': 'obl', 'lemma': 'פעולה'}]"
55,מאוורר,VERB,VERB,Gender=Masc|Number=Sing,54.0,compound:smixut,"(183, 189)",אוורר,
56,או,CCONJ,CCONJ,,57.0,cc,"(190, 192)",או,
57,מפוח,NOUN,NOUN,Gender=Masc|Number=Sing,55.0,conj,"(193, 197)",מפוח,
"(1, 2)",לצורך,,,,,,"(1, 6)",,"[{'id': 1, 'text': 'ל', 'upos': 'ADP', 'xpos': 'ADP', 'head': 2, 'deprel': 'case', 'lemma': 'ל'}, {'id': 2, 'text': 'צורך', 'upos': 'NOUN', 'xpos': 'NOUN', 'feats': 'Definite=Cons|Gender=Masc|Number=Sing', 'head': 11, 'deprel': 'obl', 'lemma': 'צורך'}]"
3,הערכה,NOUN,NOUN,Gender=Fem|Number=Sing,2.0,compound:smixut,"(7, 12)",הערכה,
4,מדויקת,ADJ,ADJ,Gender=Fem|Number=Sing,3.0,amod,"(13, 19)",מדויק,
5,יותר,ADV,ADV,,4.0,advmod,"(20, 24)",יותר,
6,של,ADP,ADP,Case=Gen,8.0,case:gen,"(25, 27)",של,
"(7, 8)",התדרים,,,,,,"(28, 34)",,"[{'id': 7, 'text': 'ה', 'upos': 'DET', 'xpos': 'DET', 'feats': 'PronType=Art', 'head': 8, 'deprel': 'det:def', 'lemma': 'ה'}, {'id': 8, 'text': 'תדרים', 'upos': 'NOUN', 'xpos': 'NOUN', 'feats': 'Gender=Masc|Number=Plur', 'head': 3, 'deprel': 'nmod', 'lemma': 'תדר'}]"
"(9, 10)",האופייניים,,,,,,"(35, 45)",,"[{'id': 9, 'text': 'ה', 'upos': 'DET', 'xpos': 'DET', 'feats': 'PronType=Art', 'head': 10, 'deprel': 'det:def', 'lemma': 'ה'}, {'id': 10, 'text': 'אופייניים', 'upos': 'ADJ', 'xpos': 'ADJ', 'feats': 'Gender=Masc|Number=Plur', 'head': 8, 'deprel': 'amod', 'lemma': 'אופייני'}]"
11,בצענו,VERB,VERB,"Gender=Fem,Masc|HebBinyan=PAAL|Number=Plur|Person=1|Tense=Past|Voice=Act",0.0,root,"(46, 51)",בצע,
12,אנליזת,NOUN,NOUN,Definite=Cons|Gender=Fem|Number=Sing,11.0,obj,"(52, 58)",אנליזה,
13,תדר,NOUN,NOUN,Gender=Masc|Number=Sing,12.0,compound:smixut,"(59, 62)",תדר,
14,נוספת,ADJ,ADJ,Gender=Fem|Number=Sing,12.0,amod,"(63, 68)",נוסף,
15,באמצעות,ADP,ADP,,16.0,case,"(69, 76)",באמצעות,
16,תוכנה,NOUN,NOUN,Gender=Fem|Number=Sing,11.0,obl,"(77, 82)",תוכנה,
"(17, 18)",שמבצעת,,,,,,"(83, 89)",,"[{'id': 17, 'text': 'ש', 'upos': 'SCONJ', 'xpos': 'SCONJ', 'head': 18, 'deprel': 'mark', 'lemma': 'ש'}, {'id': 18, 'text': 'מבצעת', 'upos': 'VERB', 'xpos': 'VERB', 'feats': 'Gender=Fem|HebBinyan=PIEL|Number=Sing|Person=1,2,3|VerbForm=Part|Voice=Act', 'head': 16, 'deprel': 'acl:relcl', 'lemma': 'ביצע'}]"
19,fft,PROPN,PROPN,,18.0,obj,"(90, 93)",fft,
"(20, 21)",לתחומים,,,,,,"(94, 101)",,"[{'id': 20, 'text': 'ל', 'upos': 'ADP', 'xpos': 'ADP', 'head': 21, 'deprel': 'case', 'lemma': 'ל'}, {'id': 21, 'text': 'תחומים', 'upos': 'NOUN', 'xpos': 'NOUN', 'feats': 'Gender=Masc|Number=Plur', 'head': 18, 'deprel': 'obl', 'lemma': 'תחום'}]"
22,מצומצמים,ADJ,ADJ,Gender=Masc|Number=Plur,21.0,amod,"(102, 110)",מצומצם,
23,של,ADP,ADP,Case=Gen,25.0,case:gen,"(111, 113)",של,
"(24, 25)",האות,,,,,,"(114, 118)",,"[{'id': 24, 'text': 'ה', 'upos': 'DET', 'xpos': 'DET', 'feats': 'PronType=Art', 'head': 25, 'deprel': 'det:def', 'lemma': 'ה'}, {'id': 25, 'text': 'אות', 'upos': 'NOUN', 'xpos': 'NOUN', 'feats': 'Gender=Masc|Number=Sing', 'head': 21, 'deprel': 'nmod', 'lemma': 'אות'}]"
"(26, 27)",הדגום,,,,,,"(119, 124)",,"[{'id': 26, 'text': 'ה', 'upos': 'DET', 'xpos': 'DET', 'feats': 'PronType=Art', 'head': 27, 'deprel': 'det:def', 'lemma': 'ה'}, {'id': 27, 'text': 'דגום', 'upos': 'ADJ', 'xpos': 'ADJ', 'feats': 'Gender=Masc|Number=Sing', 'head': 25, 'deprel': 'amod', 'lemma': 'דגום'}]"
28,(,PUNCT,PUNCT,,29.0,punct,"(125, 126)",(,
29,Windowed,PROPN,PROPN,,21.0,appos,"(126, 134)",Windowed,
30,fft,PROPN,PROPN,,29.0,dep,"(135, 138)",fft,
31,),PUNCT,PUNCT,,29.0,punct,"(138, 139)",),
"(32, 33)",ומאפשרת,,,,,,"(140, 147)",,"[{'id': 32, 'text': 'ו', 'upos': 'CCONJ', 'xpos': 'CCONJ', 'head': 33, 'deprel': 'cc', 'lemma': 'ו'}, {'id': 33, 'text': 'מאפשרת', 'upos': 'AUX', 'xpos': 'AUX', 'feats': 'Gender=Fem|Number=Sing|VerbForm=Part|VerbType=Mod', 'head': 18, 'deprel': 'conj', 'lemma': 'מאפשרת'}]"
34,תצוגה,NOUN,NOUN,Gender=Fem|Number=Sing,33.0,obj,"(148, 153)",תצוגה,
35,של,ADP,ADP,Case=Gen,36.0,case:gen,"(154, 156)",של,
36,פילוג,NOUN,NOUN,Definite=Cons|Gender=Masc|Number=Sing,34.0,nmod:poss,"(157, 162)",פילוג,
"(37, 38)",התדרים,,,,,,"(163, 169)",,"[{'id': 37, 'text': 'ה', 'upos': 'DET', 'xpos': 'DET', 'feats': 'PronType=Art', 'head': 38, 'deprel': 'det:def', 'lemma': 'ה'}, {'id': 38, 'text': 'תדרים', 'upos': 'NOUN', 'xpos': 'NOUN', 'feats': 'Gender=Masc|Number=Plur', 'head': 36, 'deprel': 'compound:smixut', 'lemma': 'תדר'}]"
"(39, 40)",הרגעי,,,,,,"(170, 175)",,"[{'id': 39, 'text': 'ה', 'upos': 'DET', 'xpos': 'DET', 'feats': 'PronType=Art', 'head': 40, 'deprel': 'det:def', 'lemma': 'ה'}, {'id': 40, 'text': 'רגעי', 'upos': 'ADJ', 'xpos': 'ADJ', 'feats': 'Gender=Masc|Number=Sing', 'head': 36, 'deprel': 'amod', 'lemma': 'רגע'}]"
41,של,ADP,ADP,Case=Gen,43.0,case:gen,"(176, 178)",של,
"(42, 43)",האות,,,,,,"(179, 183)",,"[{'id': 42, 'text': 'ה', 'upos': 'DET', 'xpos': 'DET', 'feats': 'PronType=Art', 'head': 43, 'deprel': 'det:def', 'lemma': 'ה'}, {'id': 43, 'text': 'אות', 'upos': 'NOUN', 'xpos': 'NOUN', 'feats': 'Gender=Masc|Number=Sing', 'head': 36, 'deprel': 'nmod', 'lemma': 'אות'}]"
44,(,PUNCT,PUNCT,,45.0,punct,"(184, 185)",(,
45,Time,NOUN,NOUN,Definite=Cons|Gender=Masc|HebSource=ConvUncertainHead|Number=Sing,36.0,nmod,"(185, 189)",Time,
46,-,PUNCT,PUNCT,,45.0,punct,"(189, 190)",-,
47,Frequency,NOUN,NOUN,HebSource=ConvUncertainHead,45.0,nmod,"(190, 199)",Frequency,
48,-,PUNCT,PUNCT,,45.0,punct,"(199, 200)",-,
49,Distribution,NOUN,NOUN,HebSource=ConvUncertainHead,45.0,nmod,"(200, 212)",Distribution,
50,),PUNCT,PUNCT,,45.0,punct,"(212, 213)",),
"(1, 2)",התוצאות,,,,,,"(1, 8)",,"[{'id': 1, 'text': 'ה', 'upos': 'DET', 'xpos': 'DET', 'feats': 'PronType=Art', 'head': 2, 'deprel': 'det:def', 'lemma': 'ה'}, {'id': 2, 'text': 'תוצאות', 'upos': 'NOUN', 'xpos': 'NOUN', 'feats': 'Gender=Fem|Number=Plur', 'head': 6, 'deprel': 'nsubj', 'lemma': 'תוצאה'}]"
"(3, 4)",מחישובים,,,,,,"(9, 17)",,"[{'id': 3, 'text': 'מ', 'upos': 'ADP', 'xpos': 'ADP', 'head': 4, 'deprel': 'case', 'lemma': 'מ'}, {'id': 4, 'text': 'חישובים', 'upos': 'NOUN', 'xpos': 'NOUN', 'feats': 'Gender=Masc|Number=Plur', 'head': 2, 'deprel': 'nmod', 'lemma': 'חישוב'}]"
5,אלו,PRON,PRON,"Gender=Fem,Masc|Number=Plur|Person=3|PronType=Dem",4.0,det,"(18, 21)",אלו,
6,מאפשרות,AUX,AUX,Gender=Fem|Number=Plur|VerbForm=Part|VerbType=Mod,0.0,root,"(22, 29)",מאפשרות,
7,תצוגה,NOUN,NOUN,Gender=Fem|Number=Sing,6.0,obj,"(30, 35)",תצוגה,
8,תלת,ADV,ADV,Prefix=Yes,9.0,compound:affix,"(36, 39)",תלת,
9,־ממדית,ADJ,ADJ,Gender=Fem|Number=Sing,7.0,amod,"(39, 45)",_,
10,של,ADP,ADP,Case=Gen,11.0,case:gen,"(46, 48)",של,
11,פילוג,NOUN,NOUN,Definite=Cons|Gender=Masc|Number=Sing,7.0,nmod,"(49, 54)",פילוג,
"(12, 13)",התדרים,,,,,,"(55, 61)",,"[{'id': 12, 'text': 'ה', 'upos': 'DET', 'xpos': 'DET', 'feats': 'PronType=Art', 'head': 13, 'deprel': 'det:def', 'lemma': 'ה'}, {'id': 13, 'text': 'תדרים', 'upos': 'NOUN', 'xpos': 'NOUN', 'feats': 'Gender=Masc|Number=Plur', 'head': 11, 'deprel': 'compound:smixut', 'lemma': 'תדר'}]"
"(14, 15)",כפונקציה,,,,,,"(62, 70)",,"[{'id': 14, 'text': 'כ', 'upos': 'ADP', 'xpos': 'ADP', 'head': 15, 'deprel': 'case', 'lemma': 'כ'}, {'id': 15, 'text': 'פונקציה', 'upos': 'NOUN', 'xpos': 'NOUN', 'feats': 'Gender=Fem|Number=Sing', 'head': 11, 'deprel': 'nmod', 'lemma': 'פונקציה'}]"
16,של,ADP,ADP,Case=Gen,18.0,case:gen,"(71, 73)",של,
"(17, 18)",הזמן,,,,,,"(74, 78)",,"[{'id': 17, 'text': 'ה', 'upos': 'DET', 'xpos': 'DET', 'feats': 'PronType=Art', 'head': 18, 'deprel': 'det:def', 'lemma': 'ה'}, {'id': 18, 'text': 'זמן', 'upos': 'NOUN', 'xpos': 'NOUN', 'feats': 'Gender=Masc|Number=Sing', 'head': 15, 'deprel': 'nmod:poss', 'lemma': 'זמן'}]"
19,או,CCONJ,CCONJ,,20.0,cc,"(79, 81)",או,
20,פריסה,NOUN,NOUN,Gender=Fem|Number=Sing,7.0,conj,"(82, 87)",פריסה,
21,דו־ממדית,ADV,ADV,,20.0,amod,"(88, 96)",דו־ממדית,
22,של,ADP,ADP,Case=Gen,23.0,case:gen,"(97, 99)",של,
23,קווי,NOUN,NOUN,Definite=Cons|Gender=Masc|Number=Plur,20.0,nmod,"(100, 104)",קו,
"(24, 25)",־גובה,,,,,,"(104, 109)",,"[{'id': 24, 'text': 'ה', 'upos': 'DET', 'xpos': 'DET', 'feats': 'PronType=Art', 'head': 25, 'deprel': 'det:def', 'lemma': 'ה'}, {'id': 25, 'text': 'גובה', 'upos': 'NOUN', 'xpos': 'NOUN', 'feats': 'Gender=Masc|Number=Sing', 'head': 23, 'deprel': 'compound:smixut', 'lemma': 'גובה'}]"
26,(,PUNCT,PUNCT,,27.0,punct,"(110, 111)",(,
27,Contours,NOUN,NOUN,,23.0,appos,"(111, 119)",Contours,
28,),PUNCT,PUNCT,,27.0,punct,"(119, 120)",),
29,כפי,SCONJ,SCONJ,,31.0,mark,"(121, 124)",כפי,
"(30, 31)",שמוצג,,,,,,"(125, 130)",,"[{'id': 30, 'text': 'ש', 'upos': 'SCONJ', 'xpos': 'SCONJ', 'head': 29, 'deprel': 'fixed', 'lemma': 'ש'}, {'id': 31, 'text': 'מוצג', 'upos': 'VERB', 'xpos': 'VERB', 'feats': 'Gender=Masc|HebBinyan=HUFAL|Number=Sing|Person=1,2,3|VerbForm=Part|Voice=Pass', 'head': 7, 'deprel': 'advcl', 'lemma': 'הוצג'}]"
"(32, 33)",לדוגמה,,,,,,"(131, 137)",,"[{'id': 32, 'text': 'ל', 'upos': 'ADP', 'xpos': 'ADP', 'head': 33, 'deprel': 'case', 'lemma': 'ל'}, {'id': 33, 'text': 'דוגמה', 'upos': 'NOUN', 'xpos': 'NOUN', 'feats': 'Gender=Fem|Number=Sing', 'head': 31, 'deprel': 'obl', 'lemma': 'דוגמה'}]"
"(34, 35)",בציור,,,,,,"(138, 143)",,"[{'id': 34, 'text': 'ב', 'upos': 'ADP', 'xpos': 'ADP', 'head': 35, 'deprel': 'case', 'lemma': 'ב'}, {'id': 35, 'text': 'ציור', 'upos': 'NOUN', 'xpos': 'NOUN', 'feats': 'Gender=Masc|Number=Sing', 'head': 33, 'deprel': 'nmod', 'lemma': 'ציור'}]"
36,3,NUM,NUM,,35.0,nummod,"(144, 145)",3,
37,עבור,ADP,ADP,,38.0,case,"(146, 150)",עבור,
38,מדידות,NOUN,NOUN,Gender=Fem|Number=Plur,33.0,nmod,"(151, 157)",מדידה,
"(39, 40)",בחדר,,,,,,"(158, 162)",,"[{'id': 39, 'text': 'ב', 'upos': 'ADP', 'xpos': 'ADP', 'head': 40, 'deprel': 'case', 'lemma': 'ב'}, {'id': 40, 'text': 'חדר', 'upos': 'NOUN', 'xpos': 'NOUN', 'feats': 'Gender=Masc|Number=Sing', 'head': 38, 'deprel': 'nmod', 'lemma': 'חדר'}]"
41,ni,PROPN,PROPN,,40.0,compound:smixut,"(163, 165)",ni,
1,מתוך,ADP,ADP,,3.0,case,"(1, 5)",מתוך,
"(2, 3)",התרשימים,,,,,,"(6, 14)",,"[{'id': 2, 'text': 'ה', 'upos': 'DET', 'xpos': 'DET', 'feats': 'PronType=Art', 'head': 3, 'deprel': 'det:def', 'lemma': 'ה'}, {'id': 3, 'text': 'תרשימים', 'upos': 'NOUN', 'xpos': 'NOUN', 'feats': 'Gender=Masc|Number=Plur', 'head': 0, 'deprel': 'root', 'lemma': 'תרשים'}]"
4,של,ADP,ADP,Case=Gen,5.0,case:gen,"(15, 17)",של,
5,קווים,NOUN,NOUN,Gender=Masc|Number=Plur,3.0,nmod,"(18, 23)",קווה,
6,שווי,NOUN,NOUN,Definite=Cons|Gender=Masc|Number=Sing,5.0,acl,"(24, 28)",שווי,
"(7, 8)",־גובה,,,,,,"(28, 33)",,"[{'id': 7, 'text': 'ה', 'upos': 'DET', 'xpos': 'DET', 'feats': 'PronType=Art', 'head': 8, 'deprel': 'det:def', 'lemma': 'ה'}, {'id': 8, 'text': 'גובה', 'upos': 'NOUN', 'xpos': 'NOUN', 'feats': 'Gender=Masc|Number=Sing', 'head': 6, 'deprel': 'compound:smixut', 'lemma': 'גובה'}]"
9,(,PUNCT,PUNCT,,10.0,punct,"(34, 35)",(,
10,Contours,NOUN,NOUN,,5.0,appos,"(35, 43)",Contours,
11,),PUNCT,PUNCT,,10.0,punct,"(43, 44)",),
"(12, 14)",שהרעש,,,,,,"(45, 50)",,"[{'id': 12, 'text': 'ש', 'upos': 'SCONJ', 'xpos': 'SCONJ', 'head': 16, 'deprel': 'mark', 'lemma': 'ש'}, {'id': 13, 'text': 'ה', 'upos': 'DET', 'xpos': 'DET', 'feats': 'PronType=Art', 'head': 14, 'deprel': 'det:def', 'lemma': 'ה'}, {'id': 14, 'text': 'רעש', 'upos': 'NOUN', 'xpos': 'NOUN', 'feats': 'Gender=Masc|Number=Sing', 'head': 16, 'deprel': 'nsubj:cop', 'lemma': 'רעש'}]"
15,הוא,AUX,AUX,Gender=Masc|Number=Sing|Person=3|Polarity=Pos|VerbForm=Part|VerbType=Cop,16.0,cop,"(51, 54)",הוא,
16,סטציונרי,ADJ,ADJ,Gender=Masc|Number=Sing,3.0,acl:relcl,"(55, 63)",סטציונרי,
17,כיון,NOUN,NOUN,Gender=Masc|Number=Sing,16.0,dep,"(64, 68)",כיון,
"(18, 19)",שתבנית,,,,,,"(69, 75)",,"[{'id': 18, 'text': 'ש', 'upos': 'SCONJ', 'xpos': 'SCONJ', 'head': 22, 'deprel': 'mark', 'lemma': 'ש'}, {'id': 19, 'text': 'תבנית', 'upos': 'NOUN', 'xpos': 'NOUN', 'feats': 'Definite=Cons|Gender=Fem|Number=Sing', 'head': 22, 'deprel': 'nsubj', 'lemma': 'תבנית'}]"
"(20, 21)",הקווים,,,,,,"(76, 82)",,"[{'id': 20, 'text': 'ה', 'upos': 'DET', 'xpos': 'DET', 'feats': 'PronType=Art', 'head': 21, 'deprel': 'det:def', 'lemma': 'ה'}, {'id': 21, 'text': 'קווים', 'upos': 'NOUN', 'xpos': 'NOUN', 'feats': 'Gender=Masc|Number=Plur', 'head': 19, 'deprel': 'compound:smixut', 'lemma': 'קווה'}]"
22,ניצבת,VERB,VERB,"Gender=Fem|HebBinyan=NIFAL|Number=Sing|Person=1,2,3|VerbForm=Part|Voice=Mid",17.0,acl:relcl,"(83, 88)",ניצב,
"(23, 24)",לציר,,,,,,"(89, 93)",,"[{'id': 23, 'text': 'ל', 'upos': 'ADP', 'xpos': 'ADP', 'head': 24, 'deprel': 'case', 'lemma': 'ל'}, {'id': 24, 'text': 'ציר', 'upos': 'NOUN', 'xpos': 'NOUN', 'feats': 'Definite=Cons|Gender=Masc|Number=Sing', 'head': 22, 'deprel': 'obl', 'lemma': 'ציר'}]"
"(25, 26)",התדר,,,,,,"(94, 98)",,"[{'id': 25, 'text': 'ה', 'upos': 'DET', 'xpos': 'DET', 'feats': 'PronType=Art', 'head': 26, 'deprel': 'det:def', 'lemma': 'ה'}, {'id': 26, 'text': 'תדר', 'upos': 'NOUN', 'xpos': 'NOUN', 'feats': 'Gender=Masc|Number=Sing', 'head': 24, 'deprel': 'compound:smixut', 'lemma': 'תדר'}]"
"(27, 28)",ולא,,,,,,"(99, 102)",,"[{'id': 27, 'text': 'ו', 'upos': 'CCONJ', 'xpos': 'CCONJ', 'head': 29, 'deprel': 'cc', 'lemma': 'ו'}, {'id': 28, 'text': 'לא', 'upos': 'ADV', 'xpos': 'ADV', 'feats': 'Polarity=Neg', 'head': 29, 'deprel': 'advmod', 'lemma': 'לא'}]"
29,משתנה,VERB,VERB,"Gender=Masc|HebBinyan=HITPAEL|Number=Sing|Person=1,2,3|VerbForm=Part",22.0,conj,"(103, 108)",השתנה,
"(30, 31)",בזמן,,,,,,"(109, 113)",,"[{'id': 30, 'text': 'ב', 'upos': 'ADP', 'xpos': 'ADP', 'head': 31, 'deprel': 'case', 'lemma': 'ב'}, {'id': 31, 'text': 'זמן', 'upos': 'NOUN', 'xpos': 'NOUN', 'feats': 'Gender=Masc|Number=Sing', 'head': 29, 'deprel': 'obl', 'lemma': 'זמן'}]"
1,סכימות,NOUN,NOUN,Gender=Fem|Number=Plur,4.0,nsubj,"(1, 7)",סכימה,
2,אילו,CCONJ,CCONJ,,1.0,det,"(8, 12)",אילו,
3,גם,ADV,ADV,,4.0,advmod,"(13, 15)",גם,
4,מאפשרות,AUX,AUX,Gender=Fem|Number=Sing|VerbForm=Part|VerbType=Mod,5.0,aux,"(16, 23)",מאפשרות,
5,להעריך,VERB,VERB,HebBinyan=HIFIL|VerbForm=Inf|Voice=Act,0.0,root,"(24, 30)",העריך,
6,בדיוק,ADV,ADV,,5.0,advmod,"(31, 36)",בדיוק,
7,טוב,ADV,ADV,,5.0,advmod,"(37, 40)",טוב,
8,את,ADP,ADP,Case=Acc,9.0,case:acc,"(41, 43)",את,
"(9, 11)",ערכם,,,,,,"(44, 48)",,"[{'id': 9, 'text': 'ערך_', 'upos': 'NOUN', 'xpos': 'NOUN', 'feats': 'Definite=Def|Gender=Masc|Number=Sing', 'head': 5, 'deprel': 'obj', 'lemma': 'ערך'}, {'id': 10, 'text': '_של_', 'upos': 'ADP', 'xpos': 'ADP', 'head': 11, 'deprel': 'case:gen', 'lemma': 'של'}, {'id': 11, 'text': '_הם', 'upos': 'PRON', 'xpos': 'PRON', 'feats': 'Case=Gen|Gender=Masc|Number=Plur|Person=3|PronType=Prs', 'head': 9, 'deprel': 'nmod:poss', 'lemma': 'הוא'}]"
12,של,ADP,ADP,Case=Gen,14.0,case:gen,"(49, 51)",של,
"(13, 14)",התדרים,,,,,,"(52, 58)",,"[{'id': 13, 'text': 'ה', 'upos': 'DET', 'xpos': 'DET', 'feats': 'PronType=Art', 'head': 14, 'deprel': 'det:def', 'lemma': 'ה'}, {'id': 14, 'text': 'תדרים', 'upos': 'NOUN', 'xpos': 'NOUN', 'feats': 'Gender=Masc|Number=Plur', 'head': 9, 'deprel': 'nmod:poss', 'lemma': 'תדר'}]"
"(15, 16)",האופייניים,,,,,,"(59, 69)",,"[{'id': 15, 'text': 'ה', 'upos': 'DET', 'xpos': 'DET', 'feats': 'PronType=Art', 'head': 16, 'deprel': 'det:def', 'lemma': 'ה'}, {'id': 16, 'text': 'אופייניים', 'upos': 'ADJ', 'xpos': 'ADJ', 'feats': 'Gender=Masc|Number=Plur', 'head': 14, 'deprel': 'amod', 'lemma': 'אופייני'}]"
17,של,ADP,ADP,Case=Gen,18.0,case:gen,"(70, 72)",של,
18,אות,NOUN,NOUN,Definite=Cons|Gender=Masc|Number=Sing,14.0,nmod,"(73, 76)",אות,
"(19, 20)",הרעש,,,,,,"(77, 81)",,"[{'id': 19, 'text': 'ה', 'upos': 'DET', 'xpos': 'DET', 'feats': 'PronType=Art', 'head': 20, 'deprel': 'det:def', 'lemma': 'ה'}, {'id': 20, 'text': 'רעש', 'upos': 'NOUN', 'xpos': 'NOUN', 'feats': 'Gender=Masc|Number=Sing', 'head': 18, 'deprel': 'compound:smixut', 'lemma': 'רעש'}]"
1,מתברר,VERB,VERB,"Gender=Masc|HebBinyan=HITPAEL|Number=Sing|Person=1,2,3|VerbForm=Part",0.0,root,"(1, 6)",התברר,
"(2, 3)",שרוב,,,,,,"(7, 11)",,"[{'id': 2, 'text': 'ש', 'upos': 'SCONJ', 'xpos': 'SCONJ', 'head': 10, 'deprel': 'mark', 'lemma': 'ש'}, {'id': 3, 'text': 'רוב', 'upos': 'DET', 'xpos': 'DET', 'feats': 'Definite=Cons', 'head': 5, 'deprel': 'det', 'lemma': 'רוב'}]"
"(4, 5)",האנרגיה,,,,,,"(12, 19)",,"[{'id': 4, 'text': 'ה', 'upos': 'DET', 'xpos': 'DET', 'feats': 'PronType=Art', 'head': 5, 'deprel': 'det:def', 'lemma': 'ה'}, {'id': 5, 'text': 'אנרגיה', 'upos': 'NOUN', 'xpos': 'NOUN', 'feats': 'Gender=Fem|Number=Sing', 'head': 10, 'deprel': 'nsubj', 'lemma': 'אנרגיה'}]"
6,של,ADP,ADP,Case=Gen,7.0,case:gen,"(20, 22)",של,
7,אותות,NOUN,NOUN,Definite=Cons|Gender=Fem|Number=Sing,5.0,nmod:poss,"(23, 28)",אות,
"(8, 9)",הרעש,,,,,,"(29, 33)",,"[{'id': 8, 'text': 'ה', 'upos': 'DET', 'xpos': 'DET', 'feats': 'PronType=Art', 'head': 9, 'deprel': 'det:def', 'lemma': 'ה'}, {'id': 9, 'text': 'רעש', 'upos': 'NOUN', 'xpos': 'NOUN', 'feats': 'Gender=Masc|Number=Sing', 'head': 7, 'deprel': 'compound:smixut', 'lemma': 'רעש'}]"
10,מצוייה,VERB,VERB,"Gender=Fem|HebBinyan=PAAL|Number=Sing|Person=1,2,3|VerbForm=Part|Voice=Act",1.0,ccomp,"(34, 40)",צויה,
"(11, 12)",בתדרים,,,,,,"(41, 47)",,"[{'id': 11, 'text': 'ב', 'upos': 'ADP', 'xpos': 'ADP', 'head': 12, 'deprel': 'case', 'lemma': 'ב'}, {'id': 12, 'text': 'תדרים', 'upos': 'NOUN', 'xpos': 'NOUN', 'feats': 'Gender=Masc|Number=Plur', 'head': 10, 'deprel': 'obl', 'lemma': 'תדר'}]"
13,Hz,NOUN,NOUN,HebSource=ConvUncertainHead,12.0,compound:smixut,"(48, 50)",Hz,
14,24,NUM,NUM,,13.0,nummod,"(51, 53)",24,
15,",",PUNCT,PUNCT,,13.0,punct,"(53, 54)",",",
16,40,NUM,NUM,,17.0,nummod,"(55, 57)",40,
17,Hz,NOUN,NOUN,Gender=Masc|HebSource=ConvUncertainHead|Number=Sing,13.0,conj,"(58, 60)",Hz,
"(18, 19)",־36,,,,,,"(60, 63)",,"[{'id': 18, 'text': 'ח', 'upos': 'NOUN', 'xpos': 'NOUN', 'feats': 'Xtra=Junk', 'head': 17, 'deprel': 'nmod', 'lemma': 'ח'}, {'id': 19, 'text': '36', 'upos': 'NUM', 'xpos': 'NUM', 'head': 18, 'deprel': 'nummod', 'lemma': '36'}]"
20,ו,CCONJ,CCONJ,,23.0,cc,"(64, 65)",ו,
21,-,PUNCT,PUNCT,,23.0,punct,"(65, 66)",-,
22,72,NUM,NUM,,23.0,nummod,"(67, 69)",72,
23,Hz,NOUN,NOUN,HebSource=ConvUncertainHead,13.0,conj,"(70, 72)",Hz,
"(24, 25)",שהן,,,,,,"(73, 76)",,"[{'id': 24, 'text': 'ש', 'upos': 'SCONJ', 'xpos': 'SCONJ', 'head': 26, 'deprel': 'mark', 'lemma': 'ש'}, {'id': 25, 'text': 'הן', 'upos': 'PRON', 'xpos': 'PRON', 'feats': 'Gender=Fem|Number=Plur|Person=3|PronType=Prs', 'head': 26, 'deprel': 'nsubj', 'lemma': 'הוא'}]"
26,כפולות,ADJ,ADJ,Gender=Fem|Number=Plur,12.0,acl:relcl,"(77, 83)",כפול,
27,של,ADP,ADP,Case=Gen,29.0,case:gen,"(84, 86)",של,
28,12,NUM,NUM,,29.0,nummod,"(87, 89)",12,
29,Hz,NOUN,NOUN,,26.0,nmod:poss,"(90, 92)",Hz,
30,(,PUNCT,PUNCT,,31.0,punct,"(93, 94)",(,
31,טבלה,NOUN,NOUN,Gender=Fem|Number=Sing,26.0,parataxis,"(94, 98)",טבלה,
32,2,NUM,NUM,,31.0,nummod,"(99, 100)",2,
33,),PUNCT,PUNCT,,31.0,punct,"(100, 101)",),
"(1, 2)",בניתוח,,,,,,"(1, 7)",,"[{'id': 1, 'text': 'ב', 'upos': 'ADP', 'xpos': 'ADP', 'head': 2, 'deprel': 'case', 'lemma': 'ב'}, {'id': 2, 'text': 'ניתוח', 'upos': 'NOUN', 'xpos': 'NOUN', 'feats': 'Definite=Cons|Gender=Masc|Number=Sing', 'head': 6, 'deprel': 'obl', 'lemma': 'ניתוח'}]"
"(3, 4)",התוצאות,,,,,,"(8, 15)",,"[{'id': 3, 'text': 'ה', 'upos': 'DET', 'xpos': 'DET', 'feats': 'PronType=Art', 'head': 4, 'deprel': 'det:def', 'lemma': 'ה'}, {'id': 4, 'text': 'תוצאות', 'upos': 'NOUN', 'xpos': 'NOUN', 'feats': 'Gender=Fem|Number=Plur', 'head': 2, 'deprel': 'compound:smixut', 'lemma': 'תוצאה'}]"
5,לא,ADV,ADV,Polarity=Neg,6.0,advmod,"(16, 18)",לא,
6,התייחסנו,VERB,VERB,"Gender=Fem,Masc|HebBinyan=HITPAEL|Number=Plur|Person=1|Tense=Past",0.0,root,"(19, 27)",התייחס,
"(7, 8)",לתדרים,,,,,,"(28, 34)",,"[{'id': 7, 'text': 'ל', 'upos': 'ADP', 'xpos': 'ADP', 'head': 8, 'deprel': 'case', 'lemma': 'ל'}, {'id': 8, 'text': 'תדרים', 'upos': 'NOUN', 'xpos': 'NOUN', 'feats': 'Gender=Masc|Number=Plur', 'head': 6, 'deprel': 'obl', 'lemma': 'תדר'}]"
9,קטנים,ADJ,ADJ,Gender=Masc|Number=Plur,8.0,amod,"(35, 40)",קטן,
10,מ,ADP,ADP,,13.0,case,"(41, 42)",מ,
11,-,PUNCT,PUNCT,,13.0,punct,"(42, 43)",-,
12,20,NUM,NUM,,13.0,nummod,"(43, 45)",20,
13,Hz,NOUN,NOUN,HebSource=ConvUncertainHead,9.0,advmod,"(46, 48)",Hz,
"(14, 15)",שהוא,,,,,,"(49, 53)",,"[{'id': 14, 'text': 'ש', 'upos': 'SCONJ', 'xpos': 'SCONJ', 'head': 16, 'deprel': 'mark', 'lemma': 'ש'}, {'id': 15, 'text': 'הוא', 'upos': 'PRON', 'xpos': 'PRON', 'feats': 'Gender=Masc|Number=Sing|Person=3|PronType=Prs', 'head': 16, 'deprel': 'nsubj', 'lemma': 'הוא'}]"
16,תחום,NOUN,NOUN,Definite=Cons|Gender=Masc|Number=Sing,8.0,acl:relcl,"(54, 58)",תחום,
17,סף,NOUN,NOUN,Definite=Cons|Gender=Masc|Number=Sing,16.0,compound:smixut,"(59, 61)",סף,
"(18, 19)",השמע,,,,,,"(62, 66)",,"[{'id': 18, 'text': 'ה', 'upos': 'DET', 'xpos': 'DET', 'feats': 'PronType=Art', 'head': 19, 'deprel': 'det:def', 'lemma': 'ה'}, {'id': 19, 'text': 'שמע', 'upos': 'NOUN', 'xpos': 'NOUN', 'feats': 'Gender=Masc|Number=Sing', 'head': 17, 'deprel': 'compound:smixut', 'lemma': 'שמע'}]"
20,של,ADP,ADP,Case=Gen,21.0,case:gen,"(67, 69)",של,
21,אוזן,NOUN,NOUN,Definite=Cons|Gender=Fem|Number=Sing,17.0,nmod:poss,"(70, 74)",אוזן,
"(22, 23)",האדם,,,,,,"(75, 79)",,"[{'id': 22, 'text': 'ה', 'upos': 'DET', 'xpos': 'DET', 'feats': 'PronType=Art', 'head': 23, 'deprel': 'det:def', 'lemma': 'ה'}, {'id': 23, 'text': 'אדם', 'upos': 'NOUN', 'xpos': 'NOUN', 'feats': 'Gender=Masc|Number=Sing', 'head': 21, 'deprel': 'compound:smixut', 'lemma': 'אדם'}]"
"(1, 2)",בנוסף,,,,,,"(1, 6)",,"[{'id': 1, 'text': 'ב', 'upos': 'ADP', 'xpos': 'ADP', 'head': 4, 'deprel': 'case', 'lemma': 'ב'}, {'id': 2, 'text': 'נוסף', 'upos': 'VERB', 'xpos': 'VERB', 'feats': 'Gender=Masc|HebBinyan=NIFAL|Number=Sing|Person=1,2,3|VerbForm=Part|Voice=Mid', 'head': 1, 'deprel': 'fixed', 'lemma': 'נוסף'}]"
"(3, 4)",לניתוח,,,,,,"(7, 13)",,"[{'id': 3, 'text': 'ל', 'upos': 'ADP', 'xpos': 'ADP', 'head': 1, 'deprel': 'fixed', 'lemma': 'ל'}, {'id': 4, 'text': 'ניתוח', 'upos': 'NOUN', 'xpos': 'NOUN', 'feats': 'Definite=Cons|Gender=Masc|Number=Sing', 'head': 10, 'deprel': 'obl', 'lemma': 'ניתוח'}]"
"(5, 6)",התדרים,,,,,,"(14, 20)",,"[{'id': 5, 'text': 'ה', 'upos': 'DET', 'xpos': 'DET', 'feats': 'PronType=Art', 'head': 6, 'deprel': 'det:def', 'lemma': 'ה'}, {'id': 6, 'text': 'תדרים', 'upos': 'NOUN', 'xpos': 'NOUN', 'feats': 'Gender=Masc|Number=Plur', 'head': 4, 'deprel': 'compound:smixut', 'lemma': 'תדר'}]"
"(7, 8)",האופייניים,,,,,,"(21, 31)",,"[{'id': 7, 'text': 'ה', 'upos': 'DET', 'xpos': 'DET', 'feats': 'PronType=Art', 'head': 8, 'deprel': 'det:def', 'lemma': 'ה'}, {'id': 8, 'text': 'אופייניים', 'upos': 'ADJ', 'xpos': 'ADJ', 'feats': 'Gender=Masc|Number=Plur', 'head': 6, 'deprel': 'amod', 'lemma': 'אופייני'}]"
9,גם,ADV,ADV,,10.0,advmod,"(32, 34)",גם,
10,נעשתה,VERB,VERB,Gender=Fem|HebBinyan=NIFAL|Number=Sing|Person=3|Tense=Past|Voice=Mid,0.0,root,"(35, 40)",נעשה,
11,הערכה,NOUN,NOUN,Gender=Fem|Number=Sing,10.0,nsubj,"(41, 46)",הערכה,
12,של,ADP,ADP,Case=Gen,14.0,case:gen,"(47, 49)",של,
"(13, 14)",האנרגיה,,,,,,"(50, 57)",,"[{'id': 13, 'text': 'ה', 'upos': 'DET', 'xpos': 'DET', 'feats': 'PronType=Art', 'head': 14, 'deprel': 'det:def', 'lemma': 'ה'}, {'id': 14, 'text': 'אנרגיה', 'upos': 'NOUN', 'xpos': 'NOUN', 'feats': 'Gender=Fem|Number=Sing', 'head': 11, 'deprel': 'nmod:poss', 'lemma': 'אנרגיה'}]"
"(15, 16)",היחסית,,,,,,"(58, 64)",,"[{'id': 15, 'text': 'ה', 'upos': 'DET', 'xpos': 'DET', 'feats': 'PronType=Art', 'head': 16, 'deprel': 'det:def', 'lemma': 'ה'}, {'id': 16, 'text': 'יחסית', 'upos': 'ADV', 'xpos': 'ADV', 'feats': 'HebSource=ConvUncertainHead', 'head': 14, 'deprel': 'amod', 'lemma': 'יחסית'}]"
17,(,PUNCT,PUNCT,,19.0,punct,"(65, 66)",(,
"(18, 19)",באחוזים,,,,,,"(66, 73)",,"[{'id': 18, 'text': 'ב', 'upos': 'ADP', 'xpos': 'ADP', 'head': 19, 'deprel': 'case', 'lemma': 'ב'}, {'id': 19, 'text': 'אחוזים', 'upos': 'NOUN', 'xpos': 'NOUN', 'feats': 'Gender=Masc|Number=Plur', 'head': 14, 'deprel': 'appos', 'lemma': 'אחוז'}]"
20,),PUNCT,PUNCT,,19.0,punct,"(73, 74)",),
21,של,ADP,ADP,Case=Gen,23.0,case:gen,"(75, 77)",של,
22,כל,DET,DET,Definite=Cons,23.0,det,"(78, 80)",כול,
23,אחד,NUM,NUM,Gender=Masc|Number=Sing,11.0,nmod,"(81, 84)",אחד,
"(24, 26)",מהתדרים,,,,,,"(85, 92)",,"[{'id': 24, 'text': 'מ', 'upos': 'ADP', 'xpos': 'ADP', 'head': 26, 'deprel': 'case', 'lemma': 'מ'}, {'id': 25, 'text': 'ה', 'upos': 'DET', 'xpos': 'DET', 'feats': 'PronType=Art', 'head': 26, 'deprel': 'det:def', 'lemma': 'ה'}, {'id': 26, 'text': 'תדרים', 'upos': 'NOUN', 'xpos': 'NOUN', 'feats': 'Gender=Masc|Number=Plur', 'head': 23, 'deprel': 'obl', 'lemma': 'תדר'}]"
"(27, 28)",האופייניים,,,,,,"(93, 103)",,"[{'id': 27, 'text': 'ה', 'upos': 'DET', 'xpos': 'DET', 'feats': 'PronType=Art', 'head': 28, 'deprel': 'det:def', 'lemma': 'ה'}, {'id': 28, 'text': 'אופייניים', 'upos': 'ADJ', 'xpos': 'ADJ', 'feats': 'Gender=Masc|Number=Plur', 'head': 26, 'deprel': 'amod', 'lemma': 'אופייני'}]"
29,יחסית,ADV,ADV,,28.0,advmod,"(104, 109)",יחסית,
"(30, 31)",לכלל,,,,,,"(110, 114)",,"[{'id': 30, 'text': 'ל', 'upos': 'ADP', 'xpos': 'ADP', 'head': 31, 'deprel': 'case', 'lemma': 'ל'}, {'id': 31, 'text': 'כלל', 'upos': 'NOUN', 'xpos': 'NOUN', 'feats': 'Definite=Cons|Gender=Masc|Number=Sing', 'head': 29, 'deprel': 'fixed', 'lemma': 'כלל'}]"
"(32, 33)",האנרגיה,,,,,,"(115, 122)",,"[{'id': 32, 'text': 'ה', 'upos': 'DET', 'xpos': 'DET', 'feats': 'PronType=Art', 'head': 33, 'deprel': 'det:def', 'lemma': 'ה'}, {'id': 33, 'text': 'אנרגיה', 'upos': 'NOUN', 'xpos': 'NOUN', 'feats': 'Gender=Fem|Number=Sing', 'head': 31, 'deprel': 'compound:smixut', 'lemma': 'אנרגיה'}]"
"(34, 36)",באות,,,,,,"(123, 127)",,"[{'id': 34, 'text': 'ב', 'upos': 'ADP', 'xpos': 'ADP', 'head': 36, 'deprel': 'case', 'lemma': 'ב'}, {'id': 35, 'text': 'ה_', 'upos': 'DET', 'xpos': 'DET', 'feats': 'PronType=Art', 'head': 36, 'deprel': 'det:def', 'lemma': 'ה'}, {'id': 36, 'text': 'אות', 'upos': 'NOUN', 'xpos': 'NOUN', 'feats': 'Gender=Masc|Number=Sing', 'head': 31, 'deprel': 'nmod', 'lemma': 'אות'}]"
"(37, 38)",הרעש,,,,,,"(128, 132)",,"[{'id': 37, 'text': 'ה', 'upos': 'DET', 'xpos': 'DET', 'feats': 'PronType=Art', 'head': 38, 'deprel': 'det:def', 'lemma': 'ה'}, {'id': 38, 'text': 'רעש', 'upos': 'NOUN', 'xpos': 'NOUN', 'feats': 'Gender=Masc|Number=Sing', 'head': 36, 'deprel': 'amod', 'lemma': 'רעש'}]"
"(1, 2)",התוצאות,,,,,,"(1, 8)",,"[{'id': 1, 'text': 'ה', 'upos': 'DET', 'xpos': 'DET', 'feats': 'PronType=Art', 'head': 2, 'deprel': 'det:def', 'lemma': 'ה'}, {'id': 2, 'text': 'תוצאות', 'upos': 'NOUN', 'xpos': 'NOUN', 'feats': 'Gender=Fem|Number=Plur', 'head': 20, 'deprel': 'nsubj', 'lemma': 'תוצאה'}]"
3,של,ADP,ADP,Case=Gen,5.0,case:gen,"(9, 11)",של,
"(4, 5)",התדירויות,,,,,,"(12, 21)",,"[{'id': 4, 'text': 'ה', 'upos': 'DET', 'xpos': 'DET', 'feats': 'PronType=Art', 'head': 5, 'deprel': 'det:def', 'lemma': 'ה'}, {'id': 5, 'text': 'תדירויות', 'upos': 'NOUN', 'xpos': 'NOUN', 'feats': 'Gender=Fem|Number=Plur', 'head': 2, 'deprel': 'nmod:poss', 'lemma': 'תדירות'}]"
"(6, 7)",האופייניות,,,,,,"(22, 32)",,"[{'id': 6, 'text': 'ה', 'upos': 'DET', 'xpos': 'DET', 'feats': 'PronType=Art', 'head': 7, 'deprel': 'det:def', 'lemma': 'ה'}, {'id': 7, 'text': 'אופייניות', 'upos': 'ADJ', 'xpos': 'ADJ', 'feats': 'Gender=Fem|Number=Plur', 'head': 5, 'deprel': 'amod', 'lemma': 'אופייני'}]"
"(8, 9)",ומשקלן,,,,,,"(33, 39)",,"[{'id': 8, 'text': 'ו', 'upos': 'CCONJ', 'xpos': 'CCONJ', 'head': 9, 'deprel': 'cc', 'lemma': 'ו'}, {'id': 9, 'text': 'משקלן', 'upos': 'NOUN', 'xpos': 'NOUN', 'feats': 'Gender=Masc|Number=Sing', 'head': 5, 'deprel': 'conj', 'lemma': 'משקלן'}]"
"(10, 11)",היחסי,,,,,,"(40, 45)",,"[{'id': 10, 'text': 'ה', 'upos': 'DET', 'xpos': 'DET', 'feats': 'PronType=Art', 'head': 11, 'deprel': 'det:def', 'lemma': 'ה'}, {'id': 11, 'text': 'יחסי', 'upos': 'ADJ', 'xpos': 'ADJ', 'feats': 'Gender=Masc|Number=Sing', 'head': 9, 'deprel': 'amod', 'lemma': 'יחסים'}]"
12,עבור,ADP,ADP,,13.0,case,"(46, 50)",עבור,
13,חדר,NOUN,NOUN,Definite=Cons|Gender=Masc|Number=Sing,9.0,nmod,"(51, 54)",חדר,
14,111,NUM,NUM,,13.0,nummod,"(55, 58)",111,
15,כאשר,SCONJ,SCONJ,,17.0,mark,"(59, 63)",כאשר,
"(16, 17)",מעבה,,,,,,"(64, 68)",,"[{'id': 16, 'text': 'מ', 'upos': 'ADP', 'xpos': 'ADP', 'head': 17, 'deprel': 'case', 'lemma': 'מ'}, {'id': 17, 'text': 'עבה', 'upos': 'NOUN', 'xpos': 'NOUN', 'feats': 'Gender=Fem|Number=Sing', 'head': 20, 'deprel': 'advcl', 'lemma': 'עבה'}]"
18,b,PROPN,PROPN,,19.0,dep,"(69, 70)",b,
19,פועל,VERB,VERB,"Gender=Masc|HebBinyan=PAAL|Number=Sing|Person=1,2,3|VerbForm=Part|Voice=Act",17.0,dep,"(71, 75)",פעל,
20,מוצגות,VERB,VERB,"Gender=Fem|HebBinyan=HUFAL|Number=Plur|Person=1,2,3|VerbForm=Part|Voice=Pass",0.0,root,"(76, 82)",הוצג,
"(21, 23)",בטבלה,,,,,,"(83, 88)",,"[{'id': 21, 'text': 'ב', 'upos': 'ADP', 'xpos': 'ADP', 'head': 23, 'deprel': 'case', 'lemma': 'ב'}, {'id': 22, 'text': 'ה_', 'upos': 'DET', 'xpos': 'DET', 'feats': 'PronType=Art', 'head': 23, 'deprel': 'det:def', 'lemma': 'ה'}, {'id': 23, 'text': 'טבלה', 'upos': 'NOUN', 'xpos': 'NOUN', 'feats': 'Gender=Fem|Number=Sing', 'head': 20, 'deprel': 'obl', 'lemma': 'טבלה'}]"
24,3,NUM,NUM,,23.0,nummod,"(89, 90)",3,
1,3,NUM,NUM,,0.0,root,"(1, 2)",3,
1,3,NUM,NUM,,0.0,root,"(0, 1)",3,
1,מודל,NOUN,NOUN,Gender=Masc|Number=Sing,0.0,root,"(1, 5)",מודל,
2,אלמנט סופי,ADJ,ADJ,Gender=Masc|Number=Sing,1.0,amod,"(6, 16)",אלמנט סופי,
"(3, 4)",לחישוב,,,,,,"(17, 23)",,"[{'id': 3, 'text': 'ל', 'upos': 'ADP', 'xpos': 'ADP', 'head': 4, 'deprel': 'case', 'lemma': 'ל'}, {'id': 4, 'text': 'חישוב', 'upos': 'NOUN', 'xpos': 'NOUN', 'feats': 'Definite=Cons|Gender=Masc|Number=Sing', 'head': 1, 'deprel': 'nmod', 'lemma': 'חישוב'}]"
5,פילוג,NOUN,NOUN,Definite=Cons|Gender=Masc|Number=Sing,4.0,compound:smixut,"(24, 29)",פילוג,
"(6, 7)",הרעש,,,,,,"(30, 34)",,"[{'id': 6, 'text': 'ה', 'upos': 'DET', 'xpos': 'DET', 'feats': 'PronType=Art', 'head': 7, 'deprel': 'det:def', 'lemma': 'ה'}, {'id': 7, 'text': 'רעש', 'upos': 'NOUN', 'xpos': 'NOUN', 'feats': 'Gender=Masc|Number=Sing', 'head': 5, 'deprel': 'compound:smixut', 'lemma': 'רעש'}]"
"(8, 9)",בחדר,,,,,,"(35, 39)",,"[{'id': 8, 'text': 'ב', 'upos': 'ADP', 'xpos': 'ADP', 'head': 9, 'deprel': 'case', 'lemma': 'ב'}, {'id': 9, 'text': 'חדר', 'upos': 'NOUN', 'xpos': 'NOUN', 'feats': 'Gender=Masc|Number=Sing', 'head': 5, 'deprel': 'nmod', 'lemma': 'חדר'}]"
10,עקב,CCONJ,CCONJ,,11.0,case,"(40, 43)",עקב,
11,מקור,NOUN,NOUN,Definite=Cons|Gender=Masc|Number=Sing,1.0,nmod,"(44, 48)",מקור,
12,רעש,NOUN,NOUN,Gender=Masc|Number=Sing,11.0,compound:smixut,"(49, 52)",רעש,
13,חיצוני,ADJ,ADJ,Gender=Masc|Number=Sing,12.0,amod,"(53, 59)",חיצוני,
14,3,NUM,NUM,,1.0,nummod,"(60, 61)",3,
1,3,NUM,NUM,,0.0,root,"(0, 1)",3,
1,1,NUM,NUM,,0.0,root,"(0, 1)",1,
1,תאור,NOUN,NOUN,Definite=Cons|Gender=Masc|Number=Sing,0.0,root,"(1, 5)",תיאור,
"(2, 3)",המודל,,,,,,"(6, 11)",,"[{'id': 2, 'text': 'ה', 'upos': 'DET', 'xpos': 'DET', 'feats': 'PronType=Art', 'head': 3, 'deprel': 'det:def', 'lemma': 'ה'}, {'id': 3, 'text': 'מודל', 'upos': 'NOUN', 'xpos': 'NOUN', 'feats': 'Gender=Masc|Number=Sing', 'head': 1, 'deprel': 'compound:smixut', 'lemma': 'מודל'}]"
4,פיתוח,NOUN,NOUN,Definite=Cons|Gender=Masc|Number=Sing,1.0,dep,"(12, 17)",פיתוח,
5,טכנולוגיות,NOUN,NOUN,Gender=Fem|Number=Plur,4.0,compound:smixut,"(18, 28)",טכנולוגיה,
6,של,ADP,ADP,Case=Gen,7.0,case:gen,"(29, 31)",של,
7,השתקה,NOUN,NOUN,Gender=Fem|Number=Sing,5.0,nmod:poss,"(32, 37)",השתקה,
8,אקטיבית,ADJ,ADJ,Gender=Fem|Number=Sing,7.0,amod,"(38, 45)",אקטיבי,
9,מחייבת,VERB,VERB,"Gender=Fem|HebBinyan=PIEL|Number=Sing|Person=1,2,3|VerbForm=Part|Voice=Act",7.0,amod,"(46, 52)",חייב,
"(10, 12)",בניה,,,,,,"(53, 57)",,"[{'id': 10, 'text': 'בן_', 'upos': 'NOUN', 'xpos': 'NOUN', 'feats': 'Definite=Def|Gender=Masc|Number=Sing', 'head': 9, 'deprel': 'dep', 'lemma': 'בן'}, {'id': 11, 'text': '_של_', 'upos': 'ADP', 'xpos': 'ADP', 'head': 12, 'deprel': 'case:gen', 'lemma': 'של'}, {'id': 12, 'text': '_היא', 'upos': 'PRON', 'xpos': 'PRON', 'feats': 'Case=Gen|Gender=Fem|Number=Sing|Person=3|PronType=Prs', 'head': 10, 'deprel': 'nmod:poss', 'lemma': 'הוא'}]"
13,של,ADP,ADP,Case=Gen,14.0,case:gen,"(58, 60)",של,
14,מודל,NOUN,NOUN,Gender=Masc|Number=Sing,10.0,nmod:poss,"(61, 65)",מודל,
15,חישובי,ADJ,ADJ,Gender=Masc|Number=Sing,14.0,amod,"(66, 72)",חישוב,
"(16, 17)",שמאפשר,,,,,,"(73, 79)",,"[{'id': 16, 'text': 'ש', 'upos': 'SCONJ', 'xpos': 'SCONJ', 'head': 17, 'deprel': 'mark', 'lemma': 'ש'}, {'id': 17, 'text': 'מאפשר', 'upos': 'AUX', 'xpos': 'AUX', 'feats': 'Gender=Fem,Masc|Number=Sing|VerbForm=Part|VerbType=Mod', 'head': 14, 'deprel': 'acl:relcl', 'lemma': 'מאפשר'}]"
18,סימולציות,NOUN,NOUN,Gender=Fem|Number=Plur,17.0,obj,"(80, 89)",סימולציה,
19,רבות,ADJ,ADJ,Gender=Fem|Number=Plur,18.0,amod,"(90, 94)",רב,
20,כדי,ADP,ADP,,21.0,case,"(95, 98)",כדי,
21,להתכנס,VERB,VERB,HebBinyan=HITPAEL|VerbForm=Inf,17.0,advcl,"(99, 105)",התכנס,
"(22, 23)",למספר,,,,,,"(106, 111)",,"[{'id': 22, 'text': 'ל', 'upos': 'ADP', 'xpos': 'ADP', 'head': 23, 'deprel': 'case', 'lemma': 'ל'}, {'id': 23, 'text': 'מספר', 'upos': 'NOUN', 'xpos': 'NOUN', 'feats': 'Gender=Masc|Number=Sing', 'head': 21, 'deprel': 'obl', 'lemma': 'מספר'}]"
24,קטן,ADJ,ADJ,Gender=Masc|Number=Sing,23.0,amod,"(112, 115)",קטן,
25,מאוד,ADV,ADV,,24.0,advmod,"(116, 120)",מאוד,
26,של,ADP,ADP,Case=Gen,27.0,case:gen,"(121, 123)",של,
27,אופציות,NOUN,NOUN,Gender=Fem|Number=Plur,23.0,nmod,"(124, 131)",אופציה,
"(28, 30)",לבדיקה,,,,,,"(132, 138)",,"[{'id': 28, 'text': 'ל', 'upos': 'ADP', 'xpos': 'ADP', 'head': 30, 'deprel': 'case', 'lemma': 'ל'}, {'id': 29, 'text': 'ה_', 'upos': 'DET', 'xpos': 'DET', 'feats': 'PronType=Art', 'head': 30, 'deprel': 'det:def', 'lemma': 'ה'}, {'id': 30, 'text': 'בדיקה', 'upos': 'NOUN', 'xpos': 'NOUN', 'feats': 'Gender=Fem|Number=Sing', 'head': 27, 'deprel': 'nmod', 'lemma': 'בדיקה'}]"
31,פיסית,ADJ,ADJ,Gender=Fem|Number=Sing,30.0,amod,"(139, 144)",פיסי,
"(32, 34)",בשטח,,,,,,"(145, 149)",,"[{'id': 32, 'text': 'ב', 'upos': 'ADP', 'xpos': 'ADP', 'head': 34, 'deprel': 'case', 'lemma': 'ב'}, {'id': 33, 'text': 'ה_', 'upos': 'DET', 'xpos': 'DET', 'feats': 'PronType=Art', 'head': 34, 'deprel': 'det:def', 'lemma': 'ה'}, {'id': 34, 'text': 'שטח', 'upos': 'NOUN', 'xpos': 'NOUN', 'feats': 'Gender=Masc|Number=Sing', 'head': 30, 'deprel': 'nmod', 'lemma': 'שטח'}]"
1,פתרון,NOUN,NOUN,Gender=Masc|Number=Sing,25.0,nsubj,"(1, 6)",פתרון,
2,מלא,ADJ,ADJ,Gender=Masc|Number=Sing,1.0,amod,"(7, 10)",מלא,
3,של,ADP,ADP,Case=Gen,4.0,case:gen,"(11, 13)",של,
4,משוואת,NOUN,NOUN,Definite=Cons|Gender=Fem|Number=Sing,1.0,nmod,"(14, 20)",משוואת,
"(5, 6)",הגלים,,,,,,"(21, 26)",,"[{'id': 5, 'text': 'ה', 'upos': 'DET', 'xpos': 'DET', 'feats': 'PronType=Art', 'head': 6, 'deprel': 'det:def', 'lemma': 'ה'}, {'id': 6, 'text': 'גלים', 'upos': 'NOUN', 'xpos': 'NOUN', 'feats': 'Gender=Masc|Number=Plur', 'head': 4, 'deprel': 'compound:smixut', 'lemma': 'גל'}]"
7,(,PUNCT,PUNCT,,8.0,punct,"(27, 28)",(,
8,מש׳,NOUN,NOUN,,4.0,appos,"(28, 31)",מש׳,
9,1,NUM,NUM,,8.0,nummod,"(32, 33)",1,
10,),PUNCT,PUNCT,,8.0,punct,"(33, 34)",),
"(11, 12)",במרחב,,,,,,"(35, 40)",,"[{'id': 11, 'text': 'ב', 'upos': 'ADP', 'xpos': 'ADP', 'head': 12, 'deprel': 'case', 'lemma': 'ב'}, {'id': 12, 'text': 'מרחב', 'upos': 'NOUN', 'xpos': 'NOUN', 'feats': 'Definite=Cons|Gender=Masc|Number=Sing', 'head': 1, 'deprel': 'nmod', 'lemma': 'מרחב'}]"
"(13, 14)",החדר,,,,,,"(41, 45)",,"[{'id': 13, 'text': 'ה', 'upos': 'DET', 'xpos': 'DET', 'feats': 'PronType=Art', 'head': 14, 'deprel': 'det:def', 'lemma': 'ה'}, {'id': 14, 'text': 'חדר', 'upos': 'NOUN', 'xpos': 'NOUN', 'feats': 'Gender=Masc|Number=Sing', 'head': 12, 'deprel': 'compound:smixut', 'lemma': 'חדר'}]"
15,עבור,ADP,ADP,,16.0,case,"(46, 50)",עבור,
16,תנאי,NOUN,NOUN,Definite=Cons|Gender=Masc|Number=Plur,1.0,nmod,"(51, 55)",תנאי,
17,שפה,NOUN,NOUN,Gender=Fem|Number=Sing,16.0,compound:smixut,"(56, 59)",שפה,
18,מוכתבים,VERB,VERB,"Gender=Masc|HebBinyan=HUFAL|Number=Plur|Person=1,2,3|VerbForm=Part|Voice=Pass",16.0,amod,"(60, 67)",הוכתב,
19,",",PUNCT,PUNCT,,16.0,punct,"(67, 68)",",",
"(20, 21)",שמייצגים,,,,,,"(69, 77)",,"[{'id': 20, 'text': 'ש', 'upos': 'SCONJ', 'xpos': 'SCONJ', 'head': 21, 'deprel': 'mark', 'lemma': 'ש'}, {'id': 21, 'text': 'מייצגים', 'upos': 'VERB', 'xpos': 'VERB', 'feats': 'Gender=Masc|HebBinyan=PIEL|Number=Plur|Person=1,2,3|VerbForm=Part|Voice=Act', 'head': 16, 'deprel': 'acl:relcl', 'lemma': 'ייצג'}]"
22,בעיות,NOUN,NOUN,Definite=Cons|Gender=Fem|Number=Plur,21.0,obj,"(78, 83)",בעיה,
23,אמת,NOUN,NOUN,Gender=Fem|Number=Sing,22.0,compound:smixut,"(84, 87)",אמת,
24,",",PUNCT,PUNCT,,25.0,punct,"(87, 88)",",",
25,קשה,ADJ,ADJ,Gender=Masc|Number=Sing,0.0,root,"(89, 92)",קשה,
26,מאוד,ADV,ADV,,25.0,advmod,"(93, 97)",מאוד,
"(27, 28)",וכמעט,,,,,,"(98, 103)",,"[{'id': 27, 'text': 'ו', 'upos': 'CCONJ', 'xpos': 'CCONJ', 'head': 30, 'deprel': 'cc', 'lemma': 'ו'}, {'id': 28, 'text': 'כמעט', 'upos': 'ADV', 'xpos': 'ADV', 'head': 30, 'deprel': 'advmod', 'lemma': 'כמעט'}]"
29,בלתי,ADV,ADV,Prefix=Yes,30.0,compound:affix,"(104, 108)",בלתי,
30,אפשרי,ADJ,ADJ,Gender=Masc|Number=Sing,25.0,conj,"(109, 114)",אפשרי,
1,לעומת,ADP,ADP,,2.0,case,"(1, 6)",לעומת,
2,זאת,PRON,PRON,Gender=Fem|Number=Sing|Person=3|PronType=Dem,3.0,obl,"(7, 10)",זאת,
3,מקובל,AUX,AUX,Gender=Masc|Number=Sing|Tense=Past|VerbType=Mod,7.0,aux,"(11, 16)",מקובל,
"(4, 5)",בעבודות,,,,,,"(17, 24)",,"[{'id': 4, 'text': 'ב', 'upos': 'ADP', 'xpos': 'ADP', 'head': 5, 'deprel': 'case', 'lemma': 'ב'}, {'id': 5, 'text': 'עבודות', 'upos': 'NOUN', 'xpos': 'NOUN', 'feats': 'Gender=Fem|Number=Plur', 'head': 3, 'deprel': 'obl', 'lemma': 'עבודה'}]"
6,מחקריות,ADJ,ADJ,Gender=Fem|Number=Plur,5.0,amod,"(25, 32)",מחקרי,
7,לבצע,VERB,VERB,HebBinyan=PIEL|VerbForm=Inf|Voice=Act,0.0,root,"(33, 37)",ביצע,
8,הנחות,NOUN,NOUN,Gender=Fem|Number=Plur,7.0,obj,"(38, 43)",הנחה,
9,מפשטות,VERB,VERB,"Gender=Fem|HebBinyan=PIEL|Number=Plur|Person=1,2,3|VerbForm=Part|Voice=Act",8.0,amod,"(44, 50)",פישט,
"(10, 11)",שמאפשרות,,,,,,"(51, 59)",,"[{'id': 10, 'text': 'ש', 'upos': 'SCONJ', 'xpos': 'SCONJ', 'head': 11, 'deprel': 'mark', 'lemma': 'ש'}, {'id': 11, 'text': 'מאפשרות', 'upos': 'AUX', 'xpos': 'AUX', 'feats': 'Gender=Fem|Number=Plur|VerbForm=Part|VerbType=Mod', 'head': 8, 'deprel': 'acl:relcl', 'lemma': 'מאפשרות'}]"
12,פתרון,NOUN,NOUN,Gender=Masc|Number=Sing,11.0,obj,"(60, 65)",פתרון,
13,אנליטי,ADJ,ADJ,Gender=Masc|Number=Sing,12.0,amod,"(66, 72)",אנליטי,
14,או,CCONJ,CCONJ,,15.0,cc,"(73, 75)",או,
15,נומרי,ADJ,ADJ,Gender=Masc|Number=Sing,13.0,conj,"(76, 81)",נומרי,
"(16, 17)",באמצעים,,,,,,"(82, 89)",,"[{'id': 16, 'text': 'ב', 'upos': 'ADP', 'xpos': 'ADP', 'head': 17, 'deprel': 'case', 'lemma': 'ב'}, {'id': 17, 'text': 'אמצעים', 'upos': 'NOUN', 'xpos': 'NOUN', 'feats': 'Gender=Masc|Number=Plur', 'head': 12, 'deprel': 'nmod', 'lemma': 'אמצעי'}]"
18,סבירים,ADJ,ADJ,Gender=Masc|Number=Plur,17.0,amod,"(90, 96)",סביר,
"(19, 21)",ובסטיות,,,,,,"(97, 104)",,"[{'id': 19, 'text': 'ו', 'upos': 'CCONJ', 'xpos': 'CCONJ', 'head': 21, 'deprel': 'cc', 'lemma': 'ו'}, {'id': 20, 'text': 'ב', 'upos': 'ADP', 'xpos': 'ADP', 'head': 21, 'deprel': 'case', 'lemma': 'ב'}, {'id': 21, 'text': 'סטיות', 'upos': 'NOUN', 'xpos': 'NOUN', 'feats': 'Gender=Fem|Number=Plur', 'head': 17, 'deprel': 'conj', 'lemma': 'סטייה'}]"
22,מבוקרות,ADJ,ADJ,Gender=Fem|Number=Plur,21.0,amod,"(105, 112)",מבוקר,
"(23, 24)",ויחסית,,,,,,"(113, 119)",,"[{'id': 23, 'text': 'ו', 'upos': 'CCONJ', 'xpos': 'CCONJ', 'head': 25, 'deprel': 'cc', 'lemma': 'ו'}, {'id': 24, 'text': 'יחסית', 'upos': 'ADV', 'xpos': 'ADV', 'head': 25, 'deprel': 'advmod', 'lemma': 'יחסית'}]"
25,קטנות,ADJ,ADJ,Gender=Fem|Number=Plur,22.0,conj,"(120, 125)",קטן,
"(26, 28)",מהערכים,,,,,,"(126, 133)",,"[{'id': 26, 'text': 'מ', 'upos': 'ADP', 'xpos': 'ADP', 'head': 28, 'deprel': 'case', 'lemma': 'מ'}, {'id': 27, 'text': 'ה', 'upos': 'DET', 'xpos': 'DET', 'feats': 'PronType=Art', 'head': 28, 'deprel': 'det:def', 'lemma': 'ה'}, {'id': 28, 'text': 'ערכים', 'upos': 'NOUN', 'xpos': 'NOUN', 'feats': 'Gender=Masc|Number=Plur', 'head': 21, 'deprel': 'nmod', 'lemma': 'ערך'}]"
"(29, 30)",האמיתיים,,,,,,"(134, 142)",,"[{'id': 29, 'text': 'ה', 'upos': 'DET', 'xpos': 'DET', 'feats': 'PronType=Art', 'head': 30, 'deprel': 'det:def', 'lemma': 'ה'}, {'id': 30, 'text': 'אמיתיים', 'upos': 'ADJ', 'xpos': 'ADJ', 'feats': 'Gender=Masc|Number=Plur', 'head': 28, 'deprel': 'amod', 'lemma': 'אמיתי'}]"
"(31, 32)",שניתן,,,,,,"(143, 148)",,"[{'id': 31, 'text': 'ש', 'upos': 'SCONJ', 'xpos': 'SCONJ', 'head': 32, 'deprel': 'mark', 'lemma': 'ש'}, {'id': 32, 'text': 'ניתן', 'upos': 'AUX', 'xpos': 'AUX', 'feats': 'Gender=Masc|Number=Sing|Person=1,2,3|VerbType=Mod', 'head': 33, 'deprel': 'aux', 'lemma': 'ניתן'}]"
33,למדוד,VERB,VERB,HebBinyan=PAAL|VerbForm=Inf|Voice=Act,28.0,acl:relcl,"(149, 154)",מדד,
"(34, 36)",בשטח,,,,,,"(155, 159)",,"[{'id': 34, 'text': 'ב', 'upos': 'ADP', 'xpos': 'ADP', 'head': 36, 'deprel': 'case', 'lemma': 'ב'}, {'id': 35, 'text': 'ה_', 'upos': 'DET', 'xpos': 'DET', 'feats': 'PronType=Art', 'head': 36, 'deprel': 'det:def', 'lemma': 'ה'}, {'id': 36, 'text': 'שטח', 'upos': 'NOUN', 'xpos': 'NOUN', 'feats': 'Gender=Masc|Number=Sing', 'head': 33, 'deprel': 'obl', 'lemma': 'שטח'}]"
"(37, 38)",במקרים,,,,,,"(160, 166)",,"[{'id': 37, 'text': 'ב', 'upos': 'ADP', 'xpos': 'ADP', 'head': 38, 'deprel': 'case', 'lemma': 'ב'}, {'id': 38, 'text': 'מקרים', 'upos': 'NOUN', 'xpos': 'NOUN', 'feats': 'Gender=Masc|Number=Plur', 'head': 33, 'deprel': 'obl', 'lemma': 'מקרה'}]"
39,מוגדרים,VERB,VERB,"Gender=Masc|HebBinyan=HUFAL|Number=Plur|Person=1,2,3|VerbForm=Part|Voice=Pass",38.0,amod,"(167, 174)",הוגדר,
"(40, 41)",וידועים,,,,,,"(175, 182)",,"[{'id': 40, 'text': 'ו', 'upos': 'CCONJ', 'xpos': 'CCONJ', 'head': 41, 'deprel': 'cc', 'lemma': 'ו'}, {'id': 41, 'text': 'ידועים', 'upos': 'VERB', 'xpos': 'VERB', 'feats': 'Gender=Masc|Number=Plur', 'head': 39, 'deprel': 'conj', 'lemma': 'ידע'}]"
"(1, 2)",בעבודה,,,,,,"(1, 7)",,"[{'id': 1, 'text': 'ב', 'upos': 'ADP', 'xpos': 'ADP', 'head': 2, 'deprel': 'case', 'lemma': 'ב'}, {'id': 2, 'text': 'עבודה', 'upos': 'NOUN', 'xpos': 'NOUN', 'feats': 'Gender=Fem|Number=Sing', 'head': 5, 'deprel': 'obl', 'lemma': 'עבודה'}]"
"(3, 4)",הנוכחית,,,,,,"(8, 15)",,"[{'id': 3, 'text': 'ה', 'upos': 'DET', 'xpos': 'DET', 'feats': 'PronType=Art', 'head': 4, 'deprel': 'det:def', 'lemma': 'ה'}, {'id': 4, 'text': 'נוכחית', 'upos': 'ADJ', 'xpos': 'ADJ', 'feats': 'Gender=Fem|Number=Sing', 'head': 2, 'deprel': 'amod', 'lemma': 'נוכחי'}]"
5,החלטנו,VERB,VERB,"Gender=Fem,Masc|HebBinyan=HIFIL|Number=Plur|Person=1|Tense=Past|Voice=Act",0.0,root,"(16, 22)",החליט,
6,לפתור,VERB,VERB,HebBinyan=PAAL|VerbForm=Inf|Voice=Act,5.0,xcomp,"(23, 28)",פתר,
7,את,ADP,ADP,Case=Acc,8.0,case:acc,"(29, 31)",את,
8,פילוג,NOUN,NOUN,Definite=Cons|Gender=Masc|Number=Sing,6.0,obj,"(32, 37)",פילוג,
"(9, 10)",הלחצים,,,,,,"(38, 44)",,"[{'id': 9, 'text': 'ה', 'upos': 'DET', 'xpos': 'DET', 'feats': 'PronType=Art', 'head': 10, 'deprel': 'det:def', 'lemma': 'ה'}, {'id': 10, 'text': 'לחצים', 'upos': 'NOUN', 'xpos': 'NOUN', 'feats': 'Gender=Masc|Number=Plur', 'head': 8, 'deprel': 'compound:smixut', 'lemma': 'לחץ'}]"
11,עבור,ADP,ADP,,12.0,case,"(45, 49)",עבור,
12,גלי,NOUN,NOUN,Definite=Cons|Gender=Masc|Number=Plur,6.0,obl,"(50, 53)",גל,
13,קול,NOUN,NOUN,Gender=Masc|Number=Sing,12.0,compound:smixut,"(54, 57)",קול,
14,בעלי,NOUN,NOUN,Definite=Cons|Gender=Masc|Number=Plur,12.0,acl,"(58, 62)",בעל,
15,תדרים,NOUN,NOUN,Gender=Masc|Number=Plur,14.0,compound:smixut,"(63, 68)",תדר,
16,בודדים,ADJ,ADJ,Gender=Masc|Number=Plur,15.0,amod,"(69, 75)",בודד,
"(17, 18)",וקבועים,,,,,,"(76, 83)",,"[{'id': 17, 'text': 'ו', 'upos': 'CCONJ', 'xpos': 'CCONJ', 'head': 18, 'deprel': 'cc', 'lemma': 'ו'}, {'id': 18, 'text': 'קבועים', 'upos': 'ADJ', 'xpos': 'ADJ', 'feats': 'Gender=Masc|Number=Plur', 'head': 16, 'deprel': 'conj', 'lemma': 'קבוע'}]"
"(19, 20)",ולכן,,,,,,"(84, 88)",,"[{'id': 19, 'text': 'ו', 'upos': 'CCONJ', 'xpos': 'CCONJ', 'head': 20, 'deprel': 'cc', 'lemma': 'ו'}, {'id': 20, 'text': 'לכן', 'upos': 'ADV', 'xpos': 'ADV', 'head': 21, 'deprel': 'advmod', 'lemma': 'לכן'}]"
21,אפשר,AUX,AUX,VerbType=Mod,22.0,aux,"(89, 93)",אפשר,
22,לבצע,VERB,VERB,HebBinyan=PIEL|VerbForm=Inf|Voice=Act,5.0,conj,"(94, 98)",ביצע,
23,אנליזה,NOUN,NOUN,Gender=Fem|Number=Sing,22.0,obj,"(99, 105)",אנליזה,
24,הרמונית,ADJ,ADJ,Gender=Fem|Number=Sing,23.0,amod,"(106, 113)",הרמוני,
"(25, 26)",במרחב,,,,,,"(114, 119)",,"[{'id': 25, 'text': 'ב', 'upos': 'ADP', 'xpos': 'ADP', 'head': 26, 'deprel': 'case', 'lemma': 'ב'}, {'id': 26, 'text': 'מרחב', 'upos': 'NOUN', 'xpos': 'NOUN', 'feats': 'Definite=Cons|Gender=Masc|Number=Sing', 'head': 23, 'deprel': 'nmod', 'lemma': 'מרחב'}]"
"(27, 28)",החדר,,,,,,"(120, 124)",,"[{'id': 27, 'text': 'ה', 'upos': 'DET', 'xpos': 'DET', 'feats': 'PronType=Art', 'head': 28, 'deprel': 'det:def', 'lemma': 'ה'}, {'id': 28, 'text': 'חדר', 'upos': 'NOUN', 'xpos': 'NOUN', 'feats': 'Gender=Masc|Number=Sing', 'head': 26, 'deprel': 'compound:smixut', 'lemma': 'חדר'}]"
29,(,PUNCT,PUNCT,,31.0,punct,"(125, 126)",(,
30,ללא,ADP,ADP,,31.0,case,"(126, 129)",ללא,
31,תלות,NOUN,NOUN,Gender=Fem|Number=Sing,22.0,obl,"(130, 134)",תלות,
"(32, 33)",בזמן,,,,,,"(135, 139)",,"[{'id': 32, 'text': 'ב', 'upos': 'ADP', 'xpos': 'ADP', 'head': 33, 'deprel': 'case', 'lemma': 'ב'}, {'id': 33, 'text': 'זמן', 'upos': 'NOUN', 'xpos': 'NOUN', 'feats': 'Gender=Masc|Number=Sing', 'head': 31, 'deprel': 'nmod', 'lemma': 'זמן'}]"
34,),PUNCT,PUNCT,,31.0,punct,"(139, 140)",),
35,באמצעות,ADP,ADP,,36.0,case,"(141, 148)",באמצעות,
36,משוואת,NOUN,NOUN,Definite=Cons|Gender=Fem|Number=Sing,22.0,obl,"(149, 155)",משוואת,
37,Helmholtz,PROPN,PROPN,,36.0,compound:smixut,"(156, 165)",Helmholtz,
38,(,PUNCT,PUNCT,,39.0,punct,"(166, 167)",(,
39,מש׳,NOUN,NOUN,Case=Tem,36.0,appos,"(167, 170)",מש׳,
40,3,NUM,NUM,,39.0,nummod,"(171, 172)",3,
41,),PUNCT,PUNCT,,39.0,punct,"(172, 173)",),
1,החלטה,NOUN,NOUN,Gender=Fem|Number=Sing,3.0,nsubj,"(1, 6)",החלטה,
2,זו,PRON,PRON,Gender=Fem|Number=Sing|Person=3|PronType=Dem,1.0,det,"(7, 9)",זו,
3,נעשתה,VERB,VERB,Gender=Fem|HebBinyan=NIFAL|Number=Sing|Person=3|Tense=Past|Voice=Mid,0.0,root,"(10, 15)",נעשה,
4,על,ADP,ADP,,5.0,case,"(16, 18)",על,
5,סמך,NOUN,NOUN,Definite=Cons|Gender=Masc|Number=Plur,3.0,obl,"(19, 22)",סמך,
6,ניתוח,NOUN,NOUN,Definite=Cons|Gender=Masc|Number=Sing,5.0,compound:smixut,"(23, 28)",ניתוח,
7,תוצאות,NOUN,NOUN,Definite=Cons|Gender=Fem|Number=Plur,6.0,compound:smixut,"(29, 35)",תוצאה,
"(8, 9)",המדידה,,,,,,"(36, 42)",,"[{'id': 8, 'text': 'ה', 'upos': 'DET', 'xpos': 'DET', 'feats': 'PronType=Art', 'head': 9, 'deprel': 'det:def', 'lemma': 'ה'}, {'id': 9, 'text': 'מדידה', 'upos': 'NOUN', 'xpos': 'NOUN', 'feats': 'Gender=Fem|Number=Sing', 'head': 7, 'deprel': 'compound:smixut', 'lemma': 'מדידה'}]"
"(10, 12)",במישור,,,,,,"(43, 49)",,"[{'id': 10, 'text': 'ב', 'upos': 'ADP', 'xpos': 'ADP', 'head': 12, 'deprel': 'case', 'lemma': 'ב'}, {'id': 11, 'text': 'ה_', 'upos': 'DET', 'xpos': 'DET', 'feats': 'PronType=Art', 'head': 12, 'deprel': 'det:def', 'lemma': 'ה'}, {'id': 12, 'text': 'מישור', 'upos': 'NOUN', 'xpos': 'NOUN', 'feats': 'Gender=Masc|Number=Sing', 'head': 7, 'deprel': 'nmod', 'lemma': 'מישור'}]"
"(13, 14)",התדר,,,,,,"(50, 54)",,"[{'id': 13, 'text': 'ה', 'upos': 'DET', 'xpos': 'DET', 'feats': 'PronType=Art', 'head': 14, 'deprel': 'det:def', 'lemma': 'ה'}, {'id': 14, 'text': 'תדר', 'upos': 'NOUN', 'xpos': 'NOUN', 'feats': 'Gender=Masc|Number=Sing', 'head': 12, 'deprel': 'amod', 'lemma': 'תדר'}]"
"(15, 16)",שהראו,,,,,,"(55, 60)",,"[{'id': 15, 'text': 'ש', 'upos': 'SCONJ', 'xpos': 'SCONJ', 'head': 16, 'deprel': 'mark', 'lemma': 'ש'}, {'id': 16, 'text': 'הראו', 'upos': 'VERB', 'xpos': 'VERB', 'feats': 'Gender=Fem,Masc|HebBinyan=HIFIL|Number=Plur|Person=3|Tense=Past|Voice=Act', 'head': 5, 'deprel': 'acl:relcl', 'lemma': 'הראה'}]"
17,שאותות,NOUN,NOUN,Definite=Cons|Gender=Masc|Number=Plur,16.0,nsubj,"(61, 67)",שאותה,
"(18, 19)",הרעש,,,,,,"(68, 72)",,"[{'id': 18, 'text': 'ה', 'upos': 'DET', 'xpos': 'DET', 'feats': 'PronType=Art', 'head': 19, 'deprel': 'det:def', 'lemma': 'ה'}, {'id': 19, 'text': 'רעש', 'upos': 'NOUN', 'xpos': 'NOUN', 'feats': 'Gender=Masc|Number=Sing', 'head': 17, 'deprel': 'compound:smixut', 'lemma': 'רעש'}]"
20,עקב,CCONJ,CCONJ,,21.0,case,"(73, 76)",עקב,
21,פעולת,NOUN,NOUN,Definite=Cons|Gender=Fem|Number=Sing,17.0,nmod,"(77, 82)",פעולה,
"(22, 23)",המזגנים,,,,,,"(83, 90)",,"[{'id': 22, 'text': 'ה', 'upos': 'DET', 'xpos': 'DET', 'feats': 'PronType=Art', 'head': 23, 'deprel': 'det:def', 'lemma': 'ה'}, {'id': 23, 'text': 'מזגנים', 'upos': 'NOUN', 'xpos': 'NOUN', 'feats': 'Gender=Masc|Number=Plur', 'head': 21, 'deprel': 'compound:smixut', 'lemma': 'מזגן'}]"
24,מורכבים,VERB,VERB,Gender=Masc|Number=Plur,17.0,amod,"(91, 98)",מורכב,
"(25, 26)",משנים,,,,,,"(99, 104)",,"[{'id': 25, 'text': 'מ', 'upos': 'ADP', 'xpos': 'ADP', 'head': 26, 'deprel': 'case', 'lemma': 'מ'}, {'id': 26, 'text': 'שנים', 'upos': 'NOUN', 'xpos': 'NOUN', 'feats': 'Gender=Fem|Number=Plur', 'head': 24, 'deprel': 'obl', 'lemma': 'שנה'}]"
"(27, 28)",־שלושה,,,,,,"(104, 110)",,"[{'id': 27, 'text': 'ל', 'upos': 'ADP', 'xpos': 'ADP', 'head': 29, 'deprel': 'case', 'lemma': 'ל'}, {'id': 28, 'text': 'שלושה', 'upos': 'NUM', 'xpos': 'NUM', 'feats': 'Gender=Masc|Number=Sing', 'head': 29, 'deprel': 'nummod', 'lemma': 'שלושה'}]"
29,תדרים,NOUN,NOUN,Gender=Masc|Number=Plur,24.0,obl,"(111, 116)",תדר,
30,אופייניים,ADJ,ADJ,Gender=Masc|Number=Plur,29.0,amod,"(117, 126)",אופייני,
"(31, 32)",ונמוכים,,,,,,"(127, 134)",,"[{'id': 31, 'text': 'ו', 'upos': 'CCONJ', 'xpos': 'CCONJ', 'head': 32, 'deprel': 'cc', 'lemma': 'ו'}, {'id': 32, 'text': 'נמוכים', 'upos': 'ADJ', 'xpos': 'ADJ', 'feats': 'Gender=Masc|Number=Plur', 'head': 30, 'deprel': 'conj', 'lemma': 'נמוך'}]"
"(33, 34)",כמפורט,,,,,,"(135, 141)",,"[{'id': 33, 'text': 'כ', 'upos': 'ADP', 'xpos': 'ADP', 'head': 34, 'deprel': 'mark', 'lemma': 'כ'}, {'id': 34, 'text': 'מפורט', 'upos': 'VERB', 'xpos': 'VERB', 'feats': 'Gender=Masc|HebBinyan=PUAL|Number=Sing|Person=1,2,3|VerbForm=Part|Voice=Pass', 'head': 29, 'deprel': 'advcl', 'lemma': 'פורט'}]"
"(35, 37)",בטבלה,,,,,,"(142, 147)",,"[{'id': 35, 'text': 'ב', 'upos': 'ADP', 'xpos': 'ADP', 'head': 37, 'deprel': 'case', 'lemma': 'ב'}, {'id': 36, 'text': 'ה_', 'upos': 'DET', 'xpos': 'DET', 'feats': 'PronType=Art', 'head': 37, 'deprel': 'det:def', 'lemma': 'ה'}, {'id': 37, 'text': 'טבלה', 'upos': 'NOUN', 'xpos': 'NOUN', 'feats': 'Gender=Fem|Number=Sing', 'head': 34, 'deprel': 'obl', 'lemma': 'טבלה'}]"
38,3,NUM,NUM,,37.0,nummod,"(148, 149)",3,
1,לאחר,ADP,ADP,,2.0,case,"(1, 5)",לאחר,
2,התאמת,NOUN,NOUN,Definite=Cons|Gender=Fem|Number=Sing,7.0,obl,"(6, 11)",התאמה,
"(3, 4)",הפרמטרים,,,,,,"(12, 20)",,"[{'id': 3, 'text': 'ה', 'upos': 'DET', 'xpos': 'DET', 'feats': 'PronType=Art', 'head': 4, 'deprel': 'det:def', 'lemma': 'ה'}, {'id': 4, 'text': 'פרמטרים', 'upos': 'NOUN', 'xpos': 'NOUN', 'feats': 'Gender=Masc|Number=Plur', 'head': 2, 'deprel': 'compound:smixut', 'lemma': 'פרמטר'}]"
"(5, 6)",החישוביים,,,,,,"(21, 30)",,"[{'id': 5, 'text': 'ה', 'upos': 'DET', 'xpos': 'DET', 'feats': 'PronType=Art', 'head': 6, 'deprel': 'det:def', 'lemma': 'ה'}, {'id': 6, 'text': 'חישוביים', 'upos': 'ADJ', 'xpos': 'ADJ', 'feats': 'Gender=Masc|Number=Plur', 'head': 4, 'deprel': 'amod', 'lemma': 'חישובי'}]"
7,ניתן,AUX,AUX,"Gender=Masc|Number=Sing|Person=1,2,3|VerbType=Mod",8.0,aux,"(31, 35)",ניתן,
8,לבצע,VERB,VERB,HebBinyan=PIEL|VerbForm=Inf|Voice=Act,0.0,root,"(36, 40)",ביצע,
9,אנליזות,NOUN,NOUN,Gender=Fem|Number=Plur,8.0,obj,"(41, 48)",אנליזות,
10,חישוביות,ADJ,ADJ,Gender=Fem|Number=Plur,9.0,amod,"(49, 57)",חישובי,
"(11, 12)",לכל,,,,,,"(58, 61)",,"[{'id': 11, 'text': 'ל', 'upos': 'ADP', 'xpos': 'ADP', 'head': 13, 'deprel': 'case', 'lemma': 'ל'}, {'id': 12, 'text': 'כל', 'upos': 'DET', 'xpos': 'DET', 'feats': 'Definite=Cons', 'head': 13, 'deprel': 'det', 'lemma': 'כול'}]"
13,תדר,NOUN,NOUN,Gender=Masc|Number=Sing,9.0,nmod,"(62, 65)",תדר,
14,אופייני,ADJ,ADJ,Gender=Masc|Number=Sing,13.0,amod,"(66, 73)",אופייני,
15,בנפרד,ADV,ADV,,13.0,advmod,"(74, 79)",בנפרד,
"(16, 17)",ולהרכיב,,,,,,"(80, 87)",,"[{'id': 16, 'text': 'ו', 'upos': 'CCONJ', 'xpos': 'CCONJ', 'head': 17, 'deprel': 'cc', 'lemma': 'ו'}, {'id': 17, 'text': 'להרכיב', 'upos': 'VERB', 'xpos': 'VERB', 'feats': 'HebBinyan=HIFIL|VerbForm=Inf|Voice=Act', 'head': 8, 'deprel': 'conj', 'lemma': 'הרכיב'}]"
18,את,ADP,ADP,Case=Acc,20.0,case:acc,"(88, 90)",את,
"(19, 20)",האות,,,,,,"(91, 95)",,"[{'id': 19, 'text': 'ה', 'upos': 'DET', 'xpos': 'DET', 'feats': 'PronType=Art', 'head': 20, 'deprel': 'det:def', 'lemma': 'ה'}, {'id': 20, 'text': 'אות', 'upos': 'NOUN', 'xpos': 'NOUN', 'feats': 'Gender=Masc|Number=Sing', 'head': 17, 'deprel': 'obj', 'lemma': 'אות'}]"
"(21, 22)",הכולל,,,,,,"(96, 101)",,"[{'id': 21, 'text': 'ה', 'upos': 'DET', 'xpos': 'DET', 'feats': 'PronType=Art', 'head': 22, 'deprel': 'det:def', 'lemma': 'ה'}, {'id': 22, 'text': 'כולל', 'upos': 'ADJ', 'xpos': 'ADJ', 'feats': 'Gender=Masc|Number=Sing', 'head': 20, 'deprel': 'amod', 'lemma': 'כולל'}]"
"(23, 24)",בהתאם,,,,,,"(102, 107)",,"[{'id': 23, 'text': 'ב', 'upos': 'ADP', 'xpos': 'ADP', 'head': 26, 'deprel': 'case', 'lemma': 'ב'}, {'id': 24, 'text': 'התאם', 'upos': 'NOUN', 'xpos': 'NOUN', 'feats': 'Gender=Masc|Number=Sing', 'head': 23, 'deprel': 'fixed', 'lemma': 'התאם'}]"
"(25, 26)",לפילוג,,,,,,"(108, 114)",,"[{'id': 25, 'text': 'ל', 'upos': 'ADP', 'xpos': 'ADP', 'head': 23, 'deprel': 'fixed', 'lemma': 'ל'}, {'id': 26, 'text': 'פילוג', 'upos': 'NOUN', 'xpos': 'NOUN', 'feats': 'Gender=Masc|Number=Sing', 'head': 17, 'deprel': 'obl', 'lemma': 'פילוג'}]"
"(27, 28)",האנרגטי,,,,,,"(115, 122)",,"[{'id': 27, 'text': 'ה', 'upos': 'DET', 'xpos': 'DET', 'feats': 'PronType=Art', 'head': 28, 'deprel': 'det:def', 'lemma': 'ה'}, {'id': 28, 'text': 'אנרגטי', 'upos': 'ADJ', 'xpos': 'ADJ', 'feats': 'Gender=Masc|Number=Sing', 'head': 26, 'deprel': 'amod', 'lemma': 'אנרגטי'}]"
"(29, 30)",שנצפה,,,,,,"(123, 128)",,"[{'id': 29, 'text': 'ש', 'upos': 'SCONJ', 'xpos': 'SCONJ', 'head': 30, 'deprel': 'mark', 'lemma': 'ש'}, {'id': 30, 'text': 'נצפה', 'upos': 'VERB', 'xpos': 'VERB', 'feats': 'Gender=Masc|HebBinyan=NIFAL|Number=Sing|Person=3|Tense=Past|Voice=Mid', 'head': 26, 'deprel': 'acl:relcl', 'lemma': 'צפה'}]"
"(31, 33)",במדידות,,,,,,"(129, 136)",,"[{'id': 31, 'text': 'ב', 'upos': 'ADP', 'xpos': 'ADP', 'head': 33, 'deprel': 'case', 'lemma': 'ב'}, {'id': 32, 'text': 'ה_', 'upos': 'DET', 'xpos': 'DET', 'feats': 'PronType=Art', 'head': 33, 'deprel': 'det:def', 'lemma': 'ה'}, {'id': 33, 'text': 'מדידות', 'upos': 'NOUN', 'xpos': 'NOUN', 'feats': 'Gender=Fem|Number=Plur', 'head': 30, 'deprel': 'obl', 'lemma': 'מדידה'}]"
1,להלן,ADV,ADV,,0.0,root,"(1, 5)",להלן,
"(2, 3)",ההנחות,,,,,,"(6, 12)",,"[{'id': 2, 'text': 'ה', 'upos': 'DET', 'xpos': 'DET', 'feats': 'PronType=Art', 'head': 3, 'deprel': 'det:def', 'lemma': 'ה'}, {'id': 3, 'text': 'הנחות', 'upos': 'NOUN', 'xpos': 'NOUN', 'feats': 'Gender=Fem|Number=Plur', 'head': 1, 'deprel': 'dep', 'lemma': 'הנחה'}]"
"(4, 5)",הבסיסיות,,,,,,"(13, 21)",,"[{'id': 4, 'text': 'ה', 'upos': 'DET', 'xpos': 'DET', 'feats': 'PronType=Art', 'head': 5, 'deprel': 'det:def', 'lemma': 'ה'}, {'id': 5, 'text': 'בסיסיות', 'upos': 'ADJ', 'xpos': 'ADJ', 'feats': 'Gender=Fem|Number=Plur', 'head': 3, 'deprel': 'amod', 'lemma': 'בסיסי'}]"
6,של,ADP,ADP,Case=Gen,8.0,case:gen,"(22, 24)",של,
"(7, 8)",המודל,,,,,,"(25, 30)",,"[{'id': 7, 'text': 'ה', 'upos': 'DET', 'xpos': 'DET', 'feats': 'PronType=Art', 'head': 8, 'deprel': 'det:def', 'lemma': 'ה'}, {'id': 8, 'text': 'מודל', 'upos': 'NOUN', 'xpos': 'NOUN', 'feats': 'Gender=Masc|Number=Sing', 'head': 3, 'deprel': 'nmod', 'lemma': 'מודל'}]"
9,:,PUNCT,PUNCT,,1.0,punct,"(30, 31)",:,
10,1,NUM,NUM,,1.0,dep,"(32, 33)",1,
"(1, 2)",האויר,,,,,,"(1, 6)",,"[{'id': 1, 'text': 'ה', 'upos': 'DET', 'xpos': 'DET', 'feats': 'PronType=Art', 'head': 2, 'deprel': 'det:def', 'lemma': 'ה'}, {'id': 2, 'text': 'אויר', 'upos': 'NOUN', 'xpos': 'NOUN', 'feats': 'Gender=Masc|Number=Sing', 'head': 5, 'deprel': 'nsubj', 'lemma': 'אויר'}]"
"(3, 4)",בחדר,,,,,,"(7, 11)",,"[{'id': 3, 'text': 'ב', 'upos': 'ADP', 'xpos': 'ADP', 'head': 4, 'deprel': 'case', 'lemma': 'ב'}, {'id': 4, 'text': 'חדר', 'upos': 'NOUN', 'xpos': 'NOUN', 'feats': 'Gender=Masc|Number=Sing', 'head': 2, 'deprel': 'nmod', 'lemma': 'חדר'}]"
5,דחיס,VERB,VERB,Gender=Masc|Number=Sing,0.0,root,"(12, 16)",דחיס,
"(6, 7)",ומאפשר,,,,,,"(17, 23)",,"[{'id': 6, 'text': 'ו', 'upos': 'CCONJ', 'xpos': 'CCONJ', 'head': 7, 'deprel': 'cc', 'lemma': 'ו'}, {'id': 7, 'text': 'מאפשר', 'upos': 'AUX', 'xpos': 'AUX', 'feats': 'Gender=Fem,Masc|Number=Sing|VerbForm=Part|VerbType=Mod', 'head': 5, 'deprel': 'conj', 'lemma': 'מאפשר'}]"
8,התפשטות,NOUN,NOUN,Definite=Cons|Gender=Fem|Number=Sing,5.0,dep,"(24, 31)",התפשטות,
9,גלי,NOUN,NOUN,Definite=Cons|Gender=Masc|Number=Plur,8.0,compound:smixut,"(32, 35)",גל,
10,קול,NOUN,NOUN,Gender=Masc|Number=Sing,9.0,compound:smixut,"(36, 39)",קול,
11,",",PUNCT,PUNCT,,5.0,punct,"(39, 40)",",",
12,אולם,CCONJ,CCONJ,,21.0,cc,"(41, 45)",אולם,
"(13, 14)",השינויים,,,,,,"(46, 54)",,"[{'id': 13, 'text': 'ה', 'upos': 'DET', 'xpos': 'DET', 'feats': 'PronType=Art', 'head': 14, 'deprel': 'det:def', 'lemma': 'ה'}, {'id': 14, 'text': 'שינויים', 'upos': 'NOUN', 'xpos': 'NOUN', 'feats': 'Gender=Masc|Number=Plur', 'head': 21, 'deprel': 'nsubj', 'lemma': 'שינוי'}]"
"(15, 16)",בעצמת,,,,,,"(55, 60)",,"[{'id': 15, 'text': 'ב', 'upos': 'ADP', 'xpos': 'ADP', 'head': 16, 'deprel': 'case', 'lemma': 'ב'}, {'id': 16, 'text': 'עצמת', 'upos': 'NOUN', 'xpos': 'NOUN', 'feats': 'Definite=Cons|Gender=Fem|Number=Sing', 'head': 14, 'deprel': 'nmod', 'lemma': 'עצמה'}]"
"(17, 18)",הלחצים,,,,,,"(61, 67)",,"[{'id': 17, 'text': 'ה', 'upos': 'DET', 'xpos': 'DET', 'feats': 'PronType=Art', 'head': 18, 'deprel': 'det:def', 'lemma': 'ה'}, {'id': 18, 'text': 'לחצים', 'upos': 'NOUN', 'xpos': 'NOUN', 'feats': 'Gender=Masc|Number=Plur', 'head': 16, 'deprel': 'compound:smixut', 'lemma': 'לחץ'}]"
"(19, 20)",הנקודתיים,,,,,,"(68, 77)",,"[{'id': 19, 'text': 'ה', 'upos': 'DET', 'xpos': 'DET', 'feats': 'PronType=Art', 'head': 20, 'deprel': 'det:def', 'lemma': 'ה'}, {'id': 20, 'text': 'נקודתיים', 'upos': 'ADJ', 'xpos': 'ADJ', 'feats': 'Gender=Masc|Number=Plur', 'head': 18, 'deprel': 'amod', 'lemma': 'נקודתי'}]"
21,קטנים,ADJ,ADJ,Gender=Masc|Number=Plur,5.0,conj,"(78, 83)",קטן,
22,מאוד,ADV,ADV,,21.0,advmod,"(84, 88)",מאוד,
"(23, 24)",ולכן,,,,,,"(89, 93)",,"[{'id': 23, 'text': 'ו', 'upos': 'CCONJ', 'xpos': 'CCONJ', 'head': 24, 'deprel': 'cc', 'lemma': 'ו'}, {'id': 24, 'text': 'לכן', 'upos': 'ADV', 'xpos': 'ADV', 'head': 25, 'deprel': 'advmod', 'lemma': 'לכן'}]"
25,ניתן,AUX,AUX,"Gender=Masc|Number=Sing|Person=1,2,3|VerbType=Mod",26.0,aux,"(94, 98)",ניתן,
26,להניח,VERB,VERB,HebBinyan=HIFIL|VerbForm=Inf|Voice=Act,21.0,conj,"(99, 104)",הניח,
"(27, 28)",שצפיפות,,,,,,"(105, 112)",,"[{'id': 27, 'text': 'ש', 'upos': 'SCONJ', 'xpos': 'SCONJ', 'head': 34, 'deprel': 'mark', 'lemma': 'ש'}, {'id': 28, 'text': 'צפיפות', 'upos': 'NOUN', 'xpos': 'NOUN', 'feats': 'Gender=Fem|Number=Sing', 'head': 34, 'deprel': 'nsubj', 'lemma': 'צפיפות'}]"
"(29, 30)",הממוצעת,,,,,,"(113, 120)",,"[{'id': 29, 'text': 'ה', 'upos': 'DET', 'xpos': 'DET', 'feats': 'PronType=Art', 'head': 30, 'deprel': 'det:def', 'lemma': 'ה'}, {'id': 30, 'text': 'ממוצעת', 'upos': 'ADJ', 'xpos': 'ADJ', 'feats': 'Gender=Fem|Number=Sing', 'head': 28, 'deprel': 'amod', 'lemma': 'ממוצע'}]"
31,של,ADP,ADP,Case=Gen,33.0,case:gen,"(121, 123)",של,
"(32, 33)",האויר,,,,,,"(124, 129)",,"[{'id': 32, 'text': 'ה', 'upos': 'DET', 'xpos': 'DET', 'feats': 'PronType=Art', 'head': 33, 'deprel': 'det:def', 'lemma': 'ה'}, {'id': 33, 'text': 'אויר', 'upos': 'NOUN', 'xpos': 'NOUN', 'feats': 'Gender=Masc|Number=Sing', 'head': 28, 'deprel': 'nmod', 'lemma': 'אויר'}]"
34,קבועה,ADJ,ADJ,Gender=Fem|Number=Sing,26.0,xcomp,"(130, 135)",קבוע,
1,2,NUM,NUM,,0.0,root,"(1, 2)",2,
"(1, 2)",האויר,,,,,,"(1, 6)",,"[{'id': 1, 'text': 'ה', 'upos': 'DET', 'xpos': 'DET', 'feats': 'PronType=Art', 'head': 2, 'deprel': 'det:def', 'lemma': 'ה'}, {'id': 2, 'text': 'אויר', 'upos': 'NOUN', 'xpos': 'NOUN', 'feats': 'Gender=Masc|Number=Sing', 'head': 6, 'deprel': 'nsubj', 'lemma': 'אויר'}]"
"(3, 4)",בחדר,,,,,,"(7, 11)",,"[{'id': 3, 'text': 'ב', 'upos': 'ADP', 'xpos': 'ADP', 'head': 4, 'deprel': 'case', 'lemma': 'ב'}, {'id': 4, 'text': 'חדר', 'upos': 'NOUN', 'xpos': 'NOUN', 'feats': 'Gender=Masc|Number=Sing', 'head': 2, 'deprel': 'nmod', 'lemma': 'חדר'}]"
5,לא,ADV,ADV,Polarity=Neg,6.0,advmod,"(12, 14)",לא,
6,צמיג,VERB,VERB,Gender=Masc|HebBinyan=PIEL|Number=Sing|Person=3|Tense=Past|Voice=Act,0.0,root,"(15, 19)",המיג,
"(7, 8)",ולכן,,,,,,"(20, 24)",,"[{'id': 7, 'text': 'ו', 'upos': 'CCONJ', 'xpos': 'CCONJ', 'head': 8, 'deprel': 'cc', 'lemma': 'ו'}, {'id': 8, 'text': 'לכן', 'upos': 'ADV', 'xpos': 'ADV', 'head': 9, 'deprel': 'advmod', 'lemma': 'לכן'}]"
9,אין,VERB,VERB,HebExistential=True,6.0,conj,"(25, 28)",אין,
10,דיסיפציה,NOUN,NOUN,Gender=Fem|Number=Sing,9.0,nsubj,"(29, 37)",דיסיפציה,
11,של,ADP,ADP,Case=Gen,12.0,case:gen,"(38, 40)",של,
12,גלי,NOUN,NOUN,Definite=Cons|Gender=Masc|Number=Plur,10.0,nmod:poss,"(41, 44)",גל,
"(13, 14)",הקול,,,,,,"(45, 49)",,"[{'id': 13, 'text': 'ה', 'upos': 'DET', 'xpos': 'DET', 'feats': 'PronType=Art', 'head': 14, 'deprel': 'det:def', 'lemma': 'ה'}, {'id': 14, 'text': 'קול', 'upos': 'NOUN', 'xpos': 'NOUN', 'feats': 'Gender=Masc|Number=Sing', 'head': 12, 'deprel': 'compound:smixut', 'lemma': 'קול'}]"
"(15, 16)",שמתפשטים,,,,,,"(50, 58)",,"[{'id': 15, 'text': 'ש', 'upos': 'SCONJ', 'xpos': 'SCONJ', 'head': 16, 'deprel': 'mark', 'lemma': 'ש'}, {'id': 16, 'text': 'מתפשטים', 'upos': 'VERB', 'xpos': 'VERB', 'feats': 'Gender=Masc|HebBinyan=HITPAEL|Number=Plur|Person=1,2,3|VerbForm=Part', 'head': 12, 'deprel': 'acl:relcl', 'lemma': 'התפשט'}]"
"(17, 18)",בחדר,,,,,,"(59, 63)",,"[{'id': 17, 'text': 'ב', 'upos': 'ADP', 'xpos': 'ADP', 'head': 18, 'deprel': 'case', 'lemma': 'ב'}, {'id': 18, 'text': 'חדר', 'upos': 'NOUN', 'xpos': 'NOUN', 'feats': 'Gender=Masc|Number=Sing', 'head': 16, 'deprel': 'obl', 'lemma': 'חדר'}]"
1,3,NUM,NUM,,0.0,root,"(1, 2)",3,
"(1, 2)",המהירות,,,,,,"(1, 8)",,"[{'id': 1, 'text': 'ה', 'upos': 'DET', 'xpos': 'DET', 'feats': 'PronType=Art', 'head': 2, 'deprel': 'det:def', 'lemma': 'ה'}, {'id': 2, 'text': 'מהירות', 'upos': 'NOUN', 'xpos': 'NOUN', 'feats': 'Gender=Fem|Number=Sing', 'head': 10, 'deprel': 'nsubj', 'lemma': 'מהירות'}]"
"(3, 4)",הממוצעת,,,,,,"(9, 16)",,"[{'id': 3, 'text': 'ה', 'upos': 'DET', 'xpos': 'DET', 'feats': 'PronType=Art', 'head': 4, 'deprel': 'det:def', 'lemma': 'ה'}, {'id': 4, 'text': 'ממוצעת', 'upos': 'ADJ', 'xpos': 'ADJ', 'feats': 'Gender=Fem|Number=Sing', 'head': 2, 'deprel': 'amod', 'lemma': 'ממוצע'}]"
5,של,ADP,ADP,Case=Gen,7.0,case:gen,"(17, 19)",של,
"(6, 7)",האויר,,,,,,"(20, 25)",,"[{'id': 6, 'text': 'ה', 'upos': 'DET', 'xpos': 'DET', 'feats': 'PronType=Art', 'head': 7, 'deprel': 'det:def', 'lemma': 'ה'}, {'id': 7, 'text': 'אויר', 'upos': 'NOUN', 'xpos': 'NOUN', 'feats': 'Gender=Masc|Number=Sing', 'head': 2, 'deprel': 'nmod', 'lemma': 'אויר'}]"
"(8, 9)",בחדר,,,,,,"(26, 30)",,"[{'id': 8, 'text': 'ב', 'upos': 'ADP', 'xpos': 'ADP', 'head': 9, 'deprel': 'case', 'lemma': 'ב'}, {'id': 9, 'text': 'חדר', 'upos': 'NOUN', 'xpos': 'NOUN', 'feats': 'Gender=Masc|Number=Sing', 'head': 2, 'deprel': 'nmod', 'lemma': 'חדר'}]"
10,שווה,ADJ,ADJ,Gender=Fem|Number=Sing,0.0,root,"(31, 35)",שווה,
11,לאפס,ADV,ADV,HebBinyan=PIEL|VerbForm=Inf|Voice=Act,10.0,advmod,"(36, 40)",לאפס,
12,עקב,CCONJ,CCONJ,,13.0,case,"(41, 44)",עקב,
13,שינויי,NOUN,NOUN,Definite=Cons|Gender=Masc|Number=Plur,10.0,obl,"(45, 51)",שינוי,
"(14, 15)",הלחץ,,,,,,"(52, 56)",,"[{'id': 14, 'text': 'ה', 'upos': 'DET', 'xpos': 'DET', 'feats': 'PronType=Art', 'head': 15, 'deprel': 'det:def', 'lemma': 'ה'}, {'id': 15, 'text': 'לחץ', 'upos': 'NOUN', 'xpos': 'NOUN', 'feats': 'Gender=Masc|Number=Sing', 'head': 13, 'deprel': 'compound:smixut', 'lemma': 'לחץ'}]"
"(16, 17)",הקטנים,,,,,,"(57, 63)",,"[{'id': 16, 'text': 'ה', 'upos': 'DET', 'xpos': 'DET', 'feats': 'PronType=Art', 'head': 17, 'deprel': 'det:def', 'lemma': 'ה'}, {'id': 17, 'text': 'קטנים', 'upos': 'ADJ', 'xpos': 'ADJ', 'feats': 'Gender=Masc|Number=Plur', 'head': 13, 'deprel': 'amod', 'lemma': 'קטן'}]"
1,4,NUM,NUM,,0.0,root,"(1, 2)",4,
"(1, 2)",הלחץ,,,,,,"(1, 5)",,"[{'id': 1, 'text': 'ה', 'upos': 'DET', 'xpos': 'DET', 'feats': 'PronType=Art', 'head': 2, 'deprel': 'det:def', 'lemma': 'ה'}, {'id': 2, 'text': 'לחץ', 'upos': 'NOUN', 'xpos': 'NOUN', 'feats': 'Gender=Masc|Number=Sing', 'head': 10, 'deprel': 'nsubj', 'lemma': 'לחץ'}]"
"(3, 4)",הממוצע,,,,,,"(6, 12)",,"[{'id': 3, 'text': 'ה', 'upos': 'DET', 'xpos': 'DET', 'feats': 'PronType=Art', 'head': 4, 'deprel': 'det:def', 'lemma': 'ה'}, {'id': 4, 'text': 'ממוצע', 'upos': 'ADJ', 'xpos': 'ADJ', 'feats': 'Gender=Masc|Number=Sing', 'head': 2, 'deprel': 'amod', 'lemma': 'ממוצע'}]"
5,של,ADP,ADP,Case=Gen,7.0,case:gen,"(13, 15)",של,
"(6, 7)",האויר,,,,,,"(16, 21)",,"[{'id': 6, 'text': 'ה', 'upos': 'DET', 'xpos': 'DET', 'feats': 'PronType=Art', 'head': 7, 'deprel': 'det:def', 'lemma': 'ה'}, {'id': 7, 'text': 'אויר', 'upos': 'NOUN', 'xpos': 'NOUN', 'feats': 'Gender=Masc|Number=Sing', 'head': 2, 'deprel': 'nmod', 'lemma': 'אויר'}]"
"(8, 9)",בחדר,,,,,,"(22, 26)",,"[{'id': 8, 'text': 'ב', 'upos': 'ADP', 'xpos': 'ADP', 'head': 9, 'deprel': 'case', 'lemma': 'ב'}, {'id': 9, 'text': 'חדר', 'upos': 'NOUN', 'xpos': 'NOUN', 'feats': 'Gender=Masc|Number=Sing', 'head': 2, 'deprel': 'nmod', 'lemma': 'חדר'}]"
10,קבוע,ADJ,ADJ,Gender=Masc|Number=Sing,0.0,root,"(27, 31)",קבוע,
11,עקב,CCONJ,CCONJ,,12.0,case,"(32, 35)",עקב,
12,שינויי,NOUN,NOUN,Definite=Cons|Gender=Masc|Number=Plur,10.0,obl,"(36, 42)",שינוי,
"(13, 14)",הלחץ,,,,,,"(43, 47)",,"[{'id': 13, 'text': 'ה', 'upos': 'DET', 'xpos': 'DET', 'feats': 'PronType=Art', 'head': 14, 'deprel': 'det:def', 'lemma': 'ה'}, {'id': 14, 'text': 'לחץ', 'upos': 'NOUN', 'xpos': 'NOUN', 'feats': 'Gender=Masc|Number=Sing', 'head': 12, 'deprel': 'compound:smixut', 'lemma': 'לחץ'}]"
"(15, 16)",הקטנים,,,,,,"(48, 54)",,"[{'id': 15, 'text': 'ה', 'upos': 'DET', 'xpos': 'DET', 'feats': 'PronType=Art', 'head': 16, 'deprel': 'det:def', 'lemma': 'ה'}, {'id': 16, 'text': 'קטנים', 'upos': 'ADJ', 'xpos': 'ADJ', 'feats': 'Gender=Masc|Number=Plur', 'head': 12, 'deprel': 'amod', 'lemma': 'קטן'}]"
1,5,NUM,NUM,,0.0,root,"(1, 2)",5,
1,רמת,NOUN,NOUN,Definite=Cons|Gender=Fem|Number=Sing,17.0,nsubj,"(1, 4)",רמה,
"(2, 3)",הבליעה,,,,,,"(5, 11)",,"[{'id': 2, 'text': 'ה', 'upos': 'DET', 'xpos': 'DET', 'feats': 'PronType=Art', 'head': 3, 'deprel': 'det:def', 'lemma': 'ה'}, {'id': 3, 'text': 'בליעה', 'upos': 'NOUN', 'xpos': 'NOUN', 'feats': 'Gender=Fem|Number=Sing', 'head': 1, 'deprel': 'compound:smixut', 'lemma': 'בליעה'}]"
4,של,ADP,ADP,Case=Gen,5.0,case:gen,"(12, 14)",של,
5,גלי,NOUN,NOUN,Definite=Cons|Gender=Masc|Number=Plur,1.0,nmod:poss,"(15, 18)",גל,
"(6, 7)",הלחץ,,,,,,"(19, 23)",,"[{'id': 6, 'text': 'ה', 'upos': 'DET', 'xpos': 'DET', 'feats': 'PronType=Art', 'head': 7, 'deprel': 'det:def', 'lemma': 'ה'}, {'id': 7, 'text': 'לחץ', 'upos': 'NOUN', 'xpos': 'NOUN', 'feats': 'Gender=Masc|Number=Sing', 'head': 5, 'deprel': 'compound:smixut', 'lemma': 'לחץ'}]"
"(8, 10)",בקירות,,,,,,"(24, 30)",,"[{'id': 8, 'text': 'ב', 'upos': 'ADP', 'xpos': 'ADP', 'head': 10, 'deprel': 'case', 'lemma': 'ב'}, {'id': 9, 'text': 'ה_', 'upos': 'DET', 'xpos': 'DET', 'feats': 'PronType=Art', 'head': 10, 'deprel': 'det:def', 'lemma': 'ה'}, {'id': 10, 'text': 'קירות', 'upos': 'NOUN', 'xpos': 'NOUN', 'feats': 'Gender=Masc|Number=Plur', 'head': 5, 'deprel': 'nmod', 'lemma': 'קיר'}]"
"(11, 12)",הפנימיים,,,,,,"(31, 39)",,"[{'id': 11, 'text': 'ה', 'upos': 'DET', 'xpos': 'DET', 'feats': 'PronType=Art', 'head': 12, 'deprel': 'det:def', 'lemma': 'ה'}, {'id': 12, 'text': 'פנימיים', 'upos': 'ADJ', 'xpos': 'ADJ', 'feats': 'Gender=Masc|Number=Plur', 'head': 10, 'deprel': 'amod', 'lemma': 'פנימי'}]"
13,של,ADP,ADP,Case=Gen,15.0,case:gen,"(40, 42)",של,
"(14, 15)",החדר,,,,,,"(43, 47)",,"[{'id': 14, 'text': 'ה', 'upos': 'DET', 'xpos': 'DET', 'feats': 'PronType=Art', 'head': 15, 'deprel': 'det:def', 'lemma': 'ה'}, {'id': 15, 'text': 'חדר', 'upos': 'NOUN', 'xpos': 'NOUN', 'feats': 'Gender=Masc|Number=Sing', 'head': 10, 'deprel': 'nmod', 'lemma': 'חדר'}]"
16,לא,ADV,ADV,Polarity=Neg,17.0,advmod,"(48, 50)",לא,
17,ידועה,VERB,VERB,Gender=Fem|Number=Sing,0.0,root,"(51, 56)",ידע,
"(18, 19)",ולכן,,,,,,"(57, 61)",,"[{'id': 18, 'text': 'ו', 'upos': 'CCONJ', 'xpos': 'CCONJ', 'head': 19, 'deprel': 'cc', 'lemma': 'ו'}, {'id': 19, 'text': 'לכן', 'upos': 'ADV', 'xpos': 'ADV', 'head': 20, 'deprel': 'advmod', 'lemma': 'לכן'}]"
20,נבדקה,VERB,VERB,Gender=Fem|HebBinyan=NIFAL|Number=Sing|Person=3|Tense=Past|Voice=Mid,17.0,conj,"(62, 67)",נבדק,
"(21, 22)",בתחום,,,,,,"(68, 73)",,"[{'id': 21, 'text': 'ב', 'upos': 'ADP', 'xpos': 'ADP', 'head': 22, 'deprel': 'case', 'lemma': 'ב'}, {'id': 22, 'text': 'תחום', 'upos': 'NOUN', 'xpos': 'NOUN', 'feats': 'Gender=Masc|Number=Sing', 'head': 20, 'deprel': 'obl', 'lemma': 'תחום'}]"
"(23, 24)",שבין,,,,,,"(74, 78)",,"[{'id': 23, 'text': 'ש', 'upos': 'SCONJ', 'xpos': 'SCONJ', 'head': 25, 'deprel': 'mark', 'lemma': 'ש'}, {'id': 24, 'text': 'בין', 'upos': 'ADP', 'xpos': 'ADP', 'head': 25, 'deprel': 'case', 'lemma': 'בין'}]"
25,בליעה,NOUN,NOUN,Gender=Fem|Number=Sing,22.0,acl:relcl,"(79, 84)",בליעה,
26,מליאה,ADJ,ADJ,Gender=Fem|Number=Sing,25.0,amod,"(85, 90)",מליאה,
"(27, 28)",והחזרה,,,,,,"(91, 97)",,"[{'id': 27, 'text': 'ו', 'upos': 'CCONJ', 'xpos': 'CCONJ', 'head': 28, 'deprel': 'cc', 'lemma': 'ו'}, {'id': 28, 'text': 'החזרה', 'upos': 'NOUN', 'xpos': 'NOUN', 'feats': 'Gender=Fem|Number=Sing', 'head': 25, 'deprel': 'conj', 'lemma': 'החזרה'}]"
29,מליאה,ADJ,ADJ,Gender=Fem|Number=Sing,28.0,amod,"(98, 103)",מליאה,
1,3,NUM,NUM,,0.0,root,"(1, 2)",3,
1,3,NUM,NUM,,0.0,root,"(0, 1)",3,
1,2,NUM,NUM,,0.0,root,"(0, 1)",2,
1,חישובים,NOUN,NOUN,Gender=Masc|Number=Plur,8.0,nsubj,"(1, 8)",חישוב,
2,דו,ADV,ADV,Prefix=Yes,3.0,compound:affix,"(9, 11)",דו,
3,־ממדיים,ADJ,ADJ,Gender=Masc|Number=Plur,1.0,amod,"(11, 18)",_,
"(4, 5)",באנליזות,,,,,,"(19, 27)",,"[{'id': 4, 'text': 'ב', 'upos': 'ADP', 'xpos': 'ADP', 'head': 5, 'deprel': 'case', 'lemma': 'ב'}, {'id': 5, 'text': 'אנליזות', 'upos': 'NOUN', 'xpos': 'NOUN', 'feats': 'Gender=Fem|Number=Plur', 'head': 1, 'deprel': 'nmod', 'lemma': 'אנליזות'}]"
"(6, 7)",הראשוניות,,,,,,"(28, 37)",,"[{'id': 6, 'text': 'ה', 'upos': 'DET', 'xpos': 'DET', 'feats': 'PronType=Art', 'head': 7, 'deprel': 'det:def', 'lemma': 'ה'}, {'id': 7, 'text': 'ראשוניות', 'upos': 'ADJ', 'xpos': 'ADJ', 'feats': 'Gender=Fem|Number=Plur', 'head': 5, 'deprel': 'amod', 'lemma': 'ראשוני'}]"
8,הנחנו,VERB,VERB,"Gender=Fem,Masc|HebBinyan=HIFIL|Number=Plur|Person=3|Tense=Past|Voice=Act",0.0,root,"(38, 43)",הניח,
9,פתרון,NOUN,NOUN,Gender=Masc|Number=Sing,8.0,obj,"(44, 49)",פתרון,
10,דו,ADV,ADV,Prefix=Yes,12.0,compound:affix,"(50, 52)",דו,
11,-,PUNCT,PUNCT,,12.0,punct,"(52, 53)",-,
12,ממדי,ADJ,ADJ,Gender=Masc|Number=Sing,9.0,amod,"(53, 57)",ממדי,
"(13, 14)",שיאפשר,,,,,,"(58, 64)",,"[{'id': 13, 'text': 'ש', 'upos': 'SCONJ', 'xpos': 'SCONJ', 'head': 14, 'deprel': 'mark', 'lemma': 'ש'}, {'id': 14, 'text': 'יאפשר', 'upos': 'VERB', 'xpos': 'VERB', 'feats': 'Gender=Masc|HebBinyan=PIEL|Number=Sing|Person=3|Tense=Fut|Voice=Act', 'head': 9, 'deprel': 'acl:relcl', 'lemma': 'אפשר'}]"
15,התאמת,NOUN,NOUN,Definite=Cons|Gender=Fem|Number=Sing,14.0,obj,"(65, 70)",התאמה,
16,פרמטרים,NOUN,NOUN,Gender=Masc|Number=Plur,15.0,compound:smixut,"(71, 78)",פרמטר,
17,חומריים,ADJ,ADJ,Gender=Masc|Number=Plur,16.0,amod,"(79, 86)",חומרי,
"(18, 19)",ומבניים,,,,,,"(87, 94)",,"[{'id': 18, 'text': 'ו', 'upos': 'CCONJ', 'xpos': 'CCONJ', 'head': 19, 'deprel': 'cc', 'lemma': 'ו'}, {'id': 19, 'text': 'מבניים', 'upos': 'ADJ', 'xpos': 'ADJ', 'feats': 'Gender=Masc|Number=Plur', 'head': 17, 'deprel': 'conj', 'lemma': 'מבני'}]"
20,(,PUNCT,PUNCT,,22.0,punct,"(95, 96)",(,
21,למשל,CCONJ,CCONJ,,22.0,det,"(96, 100)",למשל,
22,מקדמי,NOUN,NOUN,Definite=Cons|Gender=Masc|Number=Plur,16.0,appos,"(101, 106)",מקדם,
23,בליעה,NOUN,NOUN,Gender=Fem|Number=Sing,22.0,compound:smixut,"(107, 112)",בליעה,
"(24, 26)",בקירות,,,,,,"(113, 119)",,"[{'id': 24, 'text': 'ב', 'upos': 'ADP', 'xpos': 'ADP', 'head': 26, 'deprel': 'case', 'lemma': 'ב'}, {'id': 25, 'text': 'ה_', 'upos': 'DET', 'xpos': 'DET', 'feats': 'PronType=Art', 'head': 26, 'deprel': 'det:def', 'lemma': 'ה'}, {'id': 26, 'text': 'קירות', 'upos': 'NOUN', 'xpos': 'NOUN', 'feats': 'Gender=Masc|Number=Plur', 'head': 22, 'deprel': 'nmod', 'lemma': 'קיר'}]"
27,),PUNCT,PUNCT,,22.0,punct,"(119, 120)",),
28,כדי,ADP,ADP,,29.0,case,"(121, 124)",כדי,
29,לקבל,VERB,VERB,HebBinyan=PIEL|VerbForm=Inf|Voice=Act,14.0,advcl,"(125, 129)",קיבל,
30,סימולציה,NOUN,NOUN,Gender=Fem|Number=Sing,29.0,obj,"(130, 138)",סימולציה,
31,ריאליסטית,ADJ,ADJ,Gender=Fem|Number=Sing,30.0,amod,"(139, 148)",ריאליסטי,
1,ניתן,AUX,AUX,"Gender=Masc|Number=Sing|Person=1,2,3|VerbType=Mod",2.0,aux,"(1, 5)",ניתן,
2,להצדיק,VERB,VERB,HebBinyan=HIFIL|VerbForm=Inf|Voice=Act,0.0,root,"(6, 12)",הצדיק,
3,קירוב,NOUN,NOUN,Gender=Masc|Number=Sing,2.0,obj,"(13, 18)",קירוב,
4,של,ADP,ADP,Case=Gen,5.0,case:gen,"(19, 21)",של,
5,פתרון,NOUN,NOUN,Gender=Masc|Number=Sing,3.0,nmod:poss,"(22, 27)",פתרון,
6,דו־ממדי,ADV,ADV,,5.0,amod,"(28, 35)",דו־ממדי,
"(7, 9)",בעובדה,,,,,,"(36, 42)",,"[{'id': 7, 'text': 'ב', 'upos': 'ADP', 'xpos': 'ADP', 'head': 9, 'deprel': 'case', 'lemma': 'ב'}, {'id': 8, 'text': 'ה_', 'upos': 'DET', 'xpos': 'DET', 'feats': 'PronType=Art', 'head': 9, 'deprel': 'det:def', 'lemma': 'ה'}, {'id': 9, 'text': 'עובדה', 'upos': 'NOUN', 'xpos': 'NOUN', 'feats': 'Gender=Fem|Number=Sing', 'head': 2, 'deprel': 'obl', 'lemma': 'עובדה'}]"
"(10, 11)",שמפגע,,,,,,"(43, 48)",,"[{'id': 10, 'text': 'ש', 'upos': 'SCONJ', 'xpos': 'SCONJ', 'head': 18, 'deprel': 'mark', 'lemma': 'ש'}, {'id': 11, 'text': 'מפגע', 'upos': 'NOUN', 'xpos': 'NOUN', 'feats': 'Definite=Cons|Gender=Masc|Number=Sing', 'head': 18, 'deprel': 'nsubj:cop', 'lemma': 'מפגע'}]"
"(12, 13)",הרעש,,,,,,"(49, 53)",,"[{'id': 12, 'text': 'ה', 'upos': 'DET', 'xpos': 'DET', 'feats': 'PronType=Art', 'head': 13, 'deprel': 'det:def', 'lemma': 'ה'}, {'id': 13, 'text': 'רעש', 'upos': 'NOUN', 'xpos': 'NOUN', 'feats': 'Gender=Masc|Number=Sing', 'head': 11, 'deprel': 'compound:smixut', 'lemma': 'רעש'}]"
14,הוא,AUX,AUX,Gender=Masc|Number=Sing|Person=3|Polarity=Pos|VerbForm=Part|VerbType=Cop,18.0,cop,"(54, 57)",הוא,
"(15, 16)",בדרך,,,,,,"(58, 62)",,"[{'id': 15, 'text': 'ב', 'upos': 'ADP', 'xpos': 'ADP', 'head': 18, 'deprel': 'advmod', 'lemma': 'ב'}, {'id': 16, 'text': 'דרך', 'upos': 'NOUN', 'xpos': 'NOUN', 'feats': 'Definite=Cons|Gender=Fem|Number=Sing', 'head': 15, 'deprel': 'fixed', 'lemma': 'דרך'}]"
17,־כלל,NOUN,NOUN,,15.0,fixed,"(62, 66)",־כלל,
18,מכסימלי,ADJ,ADJ,Gender=Masc|Number=Sing,9.0,acl:relcl,"(67, 74)",מכסימלי,
"(19, 20)",בגובה,,,,,,"(75, 80)",,"[{'id': 19, 'text': 'ב', 'upos': 'ADP', 'xpos': 'ADP', 'head': 20, 'deprel': 'case', 'lemma': 'ב'}, {'id': 20, 'text': 'גובה', 'upos': 'NOUN', 'xpos': 'NOUN', 'feats': 'Definite=Cons|Gender=Masc|Number=Sing', 'head': 18, 'deprel': 'advmod', 'lemma': 'גובה'}]"
"(21, 22)",החלונות,,,,,,"(81, 88)",,"[{'id': 21, 'text': 'ה', 'upos': 'DET', 'xpos': 'DET', 'feats': 'PronType=Art', 'head': 22, 'deprel': 'det:def', 'lemma': 'ה'}, {'id': 22, 'text': 'חלונות', 'upos': 'NOUN', 'xpos': 'NOUN', 'feats': 'Gender=Masc|Number=Plur', 'head': 20, 'deprel': 'compound:smixut', 'lemma': 'חלון'}]"
"(23, 24)",ומכיון,,,,,,"(89, 95)",,"[{'id': 23, 'text': 'ו', 'upos': 'CCONJ', 'xpos': 'CCONJ', 'head': 41, 'deprel': 'cc', 'lemma': 'ו'}, {'id': 24, 'text': 'מכיון', 'upos': 'ADP', 'xpos': 'ADP', 'head': 41, 'deprel': 'case', 'lemma': 'מכיון'}]"
"(25, 26)",שמקור,,,,,,"(96, 101)",,"[{'id': 25, 'text': 'ש', 'upos': 'SCONJ', 'xpos': 'SCONJ', 'head': 34, 'deprel': 'mark', 'lemma': 'ש'}, {'id': 26, 'text': 'מקור', 'upos': 'NOUN', 'xpos': 'NOUN', 'feats': 'Definite=Cons|Gender=Masc|Number=Sing', 'head': 34, 'deprel': 'nsubj', 'lemma': 'מקור'}]"
"(27, 28)",הרעש,,,,,,"(102, 106)",,"[{'id': 27, 'text': 'ה', 'upos': 'DET', 'xpos': 'DET', 'feats': 'PronType=Art', 'head': 28, 'deprel': 'det:def', 'lemma': 'ה'}, {'id': 28, 'text': 'רעש', 'upos': 'NOUN', 'xpos': 'NOUN', 'feats': 'Gender=Masc|Number=Sing', 'head': 26, 'deprel': 'compound:smixut', 'lemma': 'רעש'}]"
29,(,PUNCT,PUNCT,,31.0,punct,"(107, 108)",(,
"(30, 31)",המזגנים,,,,,,"(108, 115)",,"[{'id': 30, 'text': 'ה', 'upos': 'DET', 'xpos': 'DET', 'feats': 'PronType=Art', 'head': 31, 'deprel': 'det:def', 'lemma': 'ה'}, {'id': 31, 'text': 'מזגנים', 'upos': 'NOUN', 'xpos': 'NOUN', 'feats': 'Gender=Masc|Number=Plur', 'head': 26, 'deprel': 'appos', 'lemma': 'מזגן'}]"
32,),PUNCT,PUNCT,,31.0,punct,"(115, 116)",),
33,לא,ADV,ADV,Polarity=Neg,34.0,advmod,"(117, 119)",לא,
34,נקודתי,ADJ,ADJ,Gender=Masc|Number=Sing,18.0,dep,"(120, 126)",נקודתי,
"(35, 36)",ומרוחק,,,,,,"(127, 133)",,"[{'id': 35, 'text': 'ו', 'upos': 'CCONJ', 'xpos': 'CCONJ', 'head': 36, 'deprel': 'cc', 'lemma': 'ו'}, {'id': 36, 'text': 'מרוחק', 'upos': 'ADJ', 'xpos': 'ADJ', 'feats': 'Gender=Masc|Number=Sing', 'head': 34, 'deprel': 'conj', 'lemma': 'מרוחק'}]"
"(37, 38)",מחלונות,,,,,,"(134, 141)",,"[{'id': 37, 'text': 'מ', 'upos': 'ADP', 'xpos': 'ADP', 'head': 38, 'deprel': 'case', 'lemma': 'מ'}, {'id': 38, 'text': 'חלונות', 'upos': 'NOUN', 'xpos': 'NOUN', 'feats': 'Definite=Cons|Gender=Masc|Number=Plur', 'head': 34, 'deprel': 'advmod', 'lemma': 'חלון'}]"
"(39, 40)",החדר,,,,,,"(142, 146)",,"[{'id': 39, 'text': 'ה', 'upos': 'DET', 'xpos': 'DET', 'feats': 'PronType=Art', 'head': 40, 'deprel': 'det:def', 'lemma': 'ה'}, {'id': 40, 'text': 'חדר', 'upos': 'NOUN', 'xpos': 'NOUN', 'feats': 'Gender=Masc|Number=Sing', 'head': 38, 'deprel': 'compound:smixut', 'lemma': 'חדר'}]"
41,ניתן,AUX,AUX,"Gender=Masc|Number=Sing|Person=1,2,3|VerbType=Mod",2.0,aux,"(147, 151)",ניתן,
42,להניח,VERB,VERB,HebBinyan=HIFIL|VerbForm=Inf|Voice=Act,1.0,conj,"(152, 157)",הניח,
"(43, 44)",שתנאי,,,,,,"(158, 163)",,"[{'id': 43, 'text': 'ש', 'upos': 'SCONJ', 'xpos': 'SCONJ', 'head': 51, 'deprel': 'mark', 'lemma': 'ש'}, {'id': 44, 'text': 'תנאי', 'upos': 'NOUN', 'xpos': 'NOUN', 'feats': 'Definite=Cons|Gender=Masc|Number=Plur', 'head': 51, 'deprel': 'nsubj', 'lemma': 'תנאי'}]"
"(45, 46)",השפה,,,,,,"(164, 168)",,"[{'id': 45, 'text': 'ה', 'upos': 'DET', 'xpos': 'DET', 'feats': 'PronType=Art', 'head': 46, 'deprel': 'det:def', 'lemma': 'ה'}, {'id': 46, 'text': 'שפה', 'upos': 'NOUN', 'xpos': 'NOUN', 'feats': 'Gender=Fem|Number=Sing', 'head': 44, 'deprel': 'compound:smixut', 'lemma': 'שפה'}]"
47,על,ADP,ADP,,48.0,case,"(169, 171)",על,
48,פני,NOUN,NOUN,"Definite=Cons|Gender=Fem,Masc|Number=Plur",44.0,nmod,"(172, 175)",פנים,
"(49, 50)",החלון,,,,,,"(176, 181)",,"[{'id': 49, 'text': 'ה', 'upos': 'DET', 'xpos': 'DET', 'feats': 'PronType=Art', 'head': 50, 'deprel': 'det:def', 'lemma': 'ה'}, {'id': 50, 'text': 'חלון', 'upos': 'NOUN', 'xpos': 'NOUN', 'feats': 'Gender=Masc|Number=Sing', 'head': 48, 'deprel': 'compound:smixut', 'lemma': 'חלון'}]"
51,אחידים,ADJ,ADJ,Gender=Masc|Number=Plur,42.0,xcomp,"(182, 188)",אחיד,
"(52, 54)",והשינויים,,,,,,"(189, 198)",,"[{'id': 52, 'text': 'ו', 'upos': 'CCONJ', 'xpos': 'CCONJ', 'head': 61, 'deprel': 'cc', 'lemma': 'ו'}, {'id': 53, 'text': 'ה', 'upos': 'DET', 'xpos': 'DET', 'feats': 'PronType=Art', 'head': 54, 'deprel': 'det:def', 'lemma': 'ה'}, {'id': 54, 'text': 'שינויים', 'upos': 'NOUN', 'xpos': 'NOUN', 'feats': 'Gender=Masc|Number=Plur', 'head': 61, 'deprel': 'nsubj', 'lemma': 'שינוי'}]"
"(55, 56)",האנכיים,,,,,,"(199, 206)",,"[{'id': 55, 'text': 'ה', 'upos': 'DET', 'xpos': 'DET', 'feats': 'PronType=Art', 'head': 56, 'deprel': 'det:def', 'lemma': 'ה'}, {'id': 56, 'text': 'אנכיים', 'upos': 'ADJ', 'xpos': 'ADJ', 'feats': 'Gender=Masc|Number=Plur', 'head': 54, 'deprel': 'amod', 'lemma': 'אנכי'}]"
57,לאורך,ADP,ADP,,58.0,case,"(207, 212)",לאורך,
58,גובה,NOUN,NOUN,Definite=Cons|Gender=Masc|Number=Sing,54.0,nmod,"(213, 217)",גובה,
"(59, 60)",החלון,,,,,,"(218, 223)",,"[{'id': 59, 'text': 'ה', 'upos': 'DET', 'xpos': 'DET', 'feats': 'PronType=Art', 'head': 60, 'deprel': 'det:def', 'lemma': 'ה'}, {'id': 60, 'text': 'חלון', 'upos': 'NOUN', 'xpos': 'NOUN', 'feats': 'Gender=Masc|Number=Sing', 'head': 58, 'deprel': 'compound:smixut', 'lemma': 'חלון'}]"
61,זניחים,VERB,VERB,Gender=Masc|Number=Plur,51.0,conj,"(224, 230)",זנח,
1,3,NUM,NUM,,0.0,root,"(1, 2)",3,
1,3,NUM,NUM,,0.0,root,"(0, 1)",3,
1,2,NUM,NUM,,0.0,root,"(0, 1)",2,
1,1,NUM,NUM,,0.0,root,"(0, 1)",1,
1,שיטת,NOUN,NOUN,Definite=Cons|Gender=Fem|Number=Sing,8.0,nsubj,"(1, 5)",שיטה,
"(2, 3)",הפתרון,,,,,,"(6, 12)",,"[{'id': 2, 'text': 'ה', 'upos': 'DET', 'xpos': 'DET', 'feats': 'PronType=Art', 'head': 3, 'deprel': 'det:def', 'lemma': 'ה'}, {'id': 3, 'text': 'פתרון', 'upos': 'NOUN', 'xpos': 'NOUN', 'feats': 'Gender=Masc|Number=Sing', 'head': 1, 'deprel': 'compound:smixut', 'lemma': 'פתרון'}]"
"(4, 5)",הפתרון,,,,,,"(13, 19)",,"[{'id': 4, 'text': 'ה', 'upos': 'DET', 'xpos': 'DET', 'feats': 'PronType=Art', 'head': 5, 'deprel': 'det:def', 'lemma': 'ה'}, {'id': 5, 'text': 'פתרון', 'upos': 'NOUN', 'xpos': 'NOUN', 'feats': 'Gender=Masc|Number=Sing', 'head': 8, 'deprel': 'nsubj', 'lemma': 'פתרון'}]"
"(6, 7)",החישובי,,,,,,"(20, 27)",,"[{'id': 6, 'text': 'ה', 'upos': 'DET', 'xpos': 'DET', 'feats': 'PronType=Art', 'head': 7, 'deprel': 'det:def', 'lemma': 'ה'}, {'id': 7, 'text': 'חישובי', 'upos': 'ADJ', 'xpos': 'ADJ', 'feats': 'Gender=Masc|Number=Sing', 'head': 5, 'deprel': 'amod', 'lemma': 'חישוב'}]"
8,נעשה,VERB,VERB,Gender=Masc|HebBinyan=NIFAL|Number=Sing|Person=3|Tense=Past|Voice=Mid,0.0,root,"(28, 32)",נעשה,
"(9, 10)",בשיטת,,,,,,"(33, 38)",,"[{'id': 9, 'text': 'ב', 'upos': 'ADP', 'xpos': 'ADP', 'head': 10, 'deprel': 'case', 'lemma': 'ב'}, {'id': 10, 'text': 'שיטת', 'upos': 'NOUN', 'xpos': 'NOUN', 'feats': 'Definite=Cons|Gender=Fem|Number=Sing', 'head': 8, 'deprel': 'obl', 'lemma': 'שיטה'}]"
"(11, 12)",האלמנטים,,,,,,"(39, 47)",,"[{'id': 11, 'text': 'ה', 'upos': 'DET', 'xpos': 'DET', 'feats': 'PronType=Art', 'head': 12, 'deprel': 'det:def', 'lemma': 'ה'}, {'id': 12, 'text': 'אלמנטים', 'upos': 'NOUN', 'xpos': 'NOUN', 'feats': 'Gender=Masc|Number=Plur', 'head': 10, 'deprel': 'compound:smixut', 'lemma': 'אלמנט'}]"
"(13, 14)",הסופיים,,,,,,"(48, 55)",,"[{'id': 13, 'text': 'ה', 'upos': 'DET', 'xpos': 'DET', 'feats': 'PronType=Art', 'head': 14, 'deprel': 'det:def', 'lemma': 'ה'}, {'id': 14, 'text': 'סופיים', 'upos': 'ADJ', 'xpos': 'ADJ', 'feats': 'Gender=Masc|Number=Plur', 'head': 12, 'deprel': 'amod', 'lemma': 'סופי'}]"
15,באמצעות,ADP,ADP,,17.0,case,"(56, 63)",באמצעות,
"(16, 17)",התוכנה,,,,,,"(64, 70)",,"[{'id': 16, 'text': 'ה', 'upos': 'DET', 'xpos': 'DET', 'feats': 'PronType=Art', 'head': 17, 'deprel': 'det:def', 'lemma': 'ה'}, {'id': 17, 'text': 'תוכנה', 'upos': 'NOUN', 'xpos': 'NOUN', 'feats': 'Gender=Fem|Number=Sing', 'head': 8, 'deprel': 'obl', 'lemma': 'תוכנה'}]"
"(18, 19)",המסחרית,,,,,,"(71, 78)",,"[{'id': 18, 'text': 'ה', 'upos': 'DET', 'xpos': 'DET', 'feats': 'PronType=Art', 'head': 19, 'deprel': 'det:def', 'lemma': 'ה'}, {'id': 19, 'text': 'מסחרית', 'upos': 'ADJ', 'xpos': 'ADJ', 'feats': 'Gender=Fem|Number=Sing', 'head': 17, 'deprel': 'amod', 'lemma': 'מסחרי'}]"
20,ansys,PROPN,PROPN,,17.0,appos,"(79, 84)",ansys,
"(21, 22)",הפתרון,,,,,,"(85, 91)",,"[{'id': 21, 'text': 'ה', 'upos': 'DET', 'xpos': 'DET', 'feats': 'PronType=Art', 'head': 22, 'deprel': 'det:def', 'lemma': 'ה'}, {'id': 22, 'text': 'פתרון', 'upos': 'NOUN', 'xpos': 'NOUN', 'feats': 'Gender=Masc|Number=Sing', 'head': 24, 'deprel': 'nsubj:cop', 'lemma': 'פתרון'}]"
23,הוא,AUX,AUX,Gender=Masc|Number=Sing|Person=3|Polarity=Pos|VerbForm=Part|VerbType=Cop,24.0,cop,"(92, 95)",הוא,
24,הרמוני,ADJ,ADJ,Gender=Masc|Number=Sing,8.0,conj,"(96, 102)",הרמוני,
"(25, 26)",וליניארי,,,,,,"(103, 111)",,"[{'id': 25, 'text': 'ו', 'upos': 'CCONJ', 'xpos': 'CCONJ', 'head': 26, 'deprel': 'cc', 'lemma': 'ו'}, {'id': 26, 'text': 'ליניארי', 'upos': 'ADJ', 'xpos': 'ADJ', 'feats': 'Gender=Masc|Number=Sing', 'head': 24, 'deprel': 'conj', 'lemma': 'ליניארי'}]"
27,(,PUNCT,PUNCT,,28.0,punct,"(112, 113)",(,
28,מש׳,NOUN,NOUN,Case=Tem,24.0,parataxis,"(113, 116)",מש׳,
29,3,NUM,NUM,,28.0,nummod,"(117, 118)",3,
30,),PUNCT,PUNCT,,28.0,punct,"(118, 119)",),
"(31, 32)",ומתאר,,,,,,"(120, 125)",,"[{'id': 31, 'text': 'ו', 'upos': 'CCONJ', 'xpos': 'CCONJ', 'head': 32, 'deprel': 'cc', 'lemma': 'ו'}, {'id': 32, 'text': 'מתאר', 'upos': 'VERB', 'xpos': 'VERB', 'feats': 'Gender=Masc|HebBinyan=PIEL|Number=Sing|Person=1,2,3|VerbForm=Part|Voice=Act', 'head': 24, 'deprel': 'conj', 'lemma': 'תיאר'}]"
33,מצב,NOUN,NOUN,Gender=Masc|Number=Sing,32.0,obj,"(126, 129)",מצב,
34,תמידי,ADJ,ADJ,Gender=Masc|Number=Sing,33.0,amod,"(130, 135)",תמידי,
35,עבור,ADP,ADP,,36.0,case,"(136, 140)",עבור,
36,תדר,NOUN,NOUN,Gender=Masc|Number=Sing,33.0,nmod,"(141, 144)",תדר,
37,יחיד,ADJ,ADJ,Gender=Masc|Number=Sing,36.0,amod,"(145, 149)",יחיד,
1,מרחב,NOUN,NOUN,Definite=Cons|Gender=Masc|Number=Sing,4.0,nsubj,"(1, 5)",מרחב,
"(2, 3)",הפתרון,,,,,,"(6, 12)",,"[{'id': 2, 'text': 'ה', 'upos': 'DET', 'xpos': 'DET', 'feats': 'PronType=Art', 'head': 3, 'deprel': 'det:def', 'lemma': 'ה'}, {'id': 3, 'text': 'פתרון', 'upos': 'NOUN', 'xpos': 'NOUN', 'feats': 'Gender=Masc|Number=Sing', 'head': 1, 'deprel': 'compound:smixut', 'lemma': 'פתרון'}]"
4,הוגדר,VERB,VERB,Gender=Masc|HebBinyan=HUFAL|Number=Sing|Person=3|Tense=Past|Voice=Pass,0.0,root,"(13, 18)",הוגדר,
5,באמצעות,ADP,ADP,,6.0,case,"(19, 26)",באמצעות,
6,אלמנט,NOUN,NOUN,Gender=Masc|Number=Sing,4.0,obl,"(27, 32)",אלמנט,
7,אקוסטי,ADJ,ADJ,Gender=Masc|Number=Sing,6.0,amod,"(33, 39)",אקוסטי,
8,דו,ADV,ADV,Prefix=Yes,10.0,compound:affix,"(40, 42)",דו,
9,-,PUNCT,PUNCT,,10.0,punct,"(42, 43)",-,
10,ממדי,ADJ,ADJ,Gender=Masc|Number=Sing,6.0,amod,"(43, 47)",ממדי,
11,(,PUNCT,PUNCT,,12.0,punct,"(48, 49)",(,
12,FLU1D29,PROPN,PROPN,,6.0,appos,"(49, 56)",FLU1D29,
13,),PUNCT,PUNCT,,12.0,punct,"(56, 57)",),
1,לאחר,ADP,ADP,,2.0,case,"(1, 5)",לאחר,
2,הגדרת,NOUN,NOUN,Definite=Cons|Gender=Fem|Number=Sing,8.0,obl,"(6, 11)",הגדרה,
3,גודל,NOUN,NOUN,Definite=Cons|Gender=Masc|Number=Sing,2.0,compound:smixut,"(12, 16)",גודל,
"(4, 5)",האלמנט,,,,,,"(17, 23)",,"[{'id': 4, 'text': 'ה', 'upos': 'DET', 'xpos': 'DET', 'feats': 'PronType=Art', 'head': 5, 'deprel': 'det:def', 'lemma': 'ה'}, {'id': 5, 'text': 'אלמנט', 'upos': 'NOUN', 'xpos': 'NOUN', 'feats': 'Gender=Masc|Number=Sing', 'head': 3, 'deprel': 'compound:smixut', 'lemma': 'אלמנט'}]"
"(6, 7)",הסופי,,,,,,"(24, 29)",,"[{'id': 6, 'text': 'ה', 'upos': 'DET', 'xpos': 'DET', 'feats': 'PronType=Art', 'head': 7, 'deprel': 'det:def', 'lemma': 'ה'}, {'id': 7, 'text': 'סופי', 'upos': 'ADJ', 'xpos': 'ADJ', 'feats': 'Gender=Masc|Number=Sing', 'head': 5, 'deprel': 'amod', 'lemma': 'סופי'}]"
8,יש,AUX,AUX,VerbType=Mod,9.0,aux,"(30, 32)",יש,
9,להגדיר,VERB,VERB,HebBinyan=HIFIL|VerbForm=Inf|Voice=Act,0.0,root,"(33, 39)",הגדיר,
10,את,ADP,ADP,Case=Acc,11.0,case:acc,"(40, 42)",את,
11,תכונות,NOUN,NOUN,Definite=Cons|Gender=Fem|Number=Plur,9.0,obj,"(43, 49)",תכונה,
"(12, 13)",התווך,,,,,,"(50, 55)",,"[{'id': 12, 'text': 'ה', 'upos': 'DET', 'xpos': 'DET', 'feats': 'PronType=Art', 'head': 13, 'deprel': 'det:def', 'lemma': 'ה'}, {'id': 13, 'text': 'תווך', 'upos': 'NOUN', 'xpos': 'NOUN', 'feats': 'Gender=Masc|Number=Sing', 'head': 11, 'deprel': 'compound:smixut', 'lemma': 'תווך'}]"
14,באמצעות,ADP,ADP,,15.0,case,"(56, 63)",באמצעות,
15,צפיפות,NOUN,NOUN,Gender=Fem|Number=Sing,9.0,obl,"(64, 70)",צפיפות,
16,ממוצעת,ADJ,ADJ,Gender=Fem|Number=Sing,15.0,amod,"(71, 77)",ממוצע,
"(17, 18)",ומהירות,,,,,,"(78, 85)",,"[{'id': 17, 'text': 'ו', 'upos': 'CCONJ', 'xpos': 'CCONJ', 'head': 18, 'deprel': 'cc', 'lemma': 'ו'}, {'id': 18, 'text': 'מהירות', 'upos': 'NOUN', 'xpos': 'NOUN', 'feats': 'Definite=Cons|Gender=Fem|Number=Sing', 'head': 15, 'deprel': 'conj', 'lemma': 'מהירות'}]"
19,גל,NOUN,NOUN,Definite=Cons|Gender=Masc|Number=Sing,18.0,compound:smixut,"(86, 88)",גל,
"(20, 21)",הקול,,,,,,"(89, 93)",,"[{'id': 20, 'text': 'ה', 'upos': 'DET', 'xpos': 'DET', 'feats': 'PronType=Art', 'head': 21, 'deprel': 'det:def', 'lemma': 'ה'}, {'id': 21, 'text': 'קול', 'upos': 'NOUN', 'xpos': 'NOUN', 'feats': 'Gender=Masc|Number=Sing', 'head': 19, 'deprel': 'compound:smixut', 'lemma': 'קול'}]"
"(22, 23)",בתווך,,,,,,"(94, 99)",,"[{'id': 22, 'text': 'ב', 'upos': 'ADP', 'xpos': 'ADP', 'head': 23, 'deprel': 'case', 'lemma': 'ב'}, {'id': 23, 'text': 'תווך', 'upos': 'NOUN', 'xpos': 'NOUN', 'feats': 'Gender=Masc|Number=Sing', 'head': 18, 'deprel': 'nmod', 'lemma': 'תווך'}]"
"(1, 2)",בטמפרטורת,,,,,,"(1, 10)",,"[{'id': 1, 'text': 'ב', 'upos': 'ADP', 'xpos': 'ADP', 'head': 2, 'deprel': 'case', 'lemma': 'ב'}, {'id': 2, 'text': 'טמפרטורת', 'upos': 'NOUN', 'xpos': 'NOUN', 'feats': 'Definite=Cons|Gender=Fem|Number=Sing', 'head': 12, 'deprel': 'obl', 'lemma': 'טמפרטורת'}]"
"(3, 4)",הסביבה,,,,,,"(11, 17)",,"[{'id': 3, 'text': 'ה', 'upos': 'DET', 'xpos': 'DET', 'feats': 'PronType=Art', 'head': 4, 'deprel': 'det:def', 'lemma': 'ה'}, {'id': 4, 'text': 'סביבה', 'upos': 'NOUN', 'xpos': 'NOUN', 'feats': 'Gender=Fem|Number=Sing', 'head': 2, 'deprel': 'compound:smixut', 'lemma': 'סביבה'}]"
5,(,PUNCT,PUNCT,,6.0,punct,"(18, 19)",(,
6,25 °C,NUM,NUM,,2.0,appos,"(19, 24)",25 °C,
7,),PUNCT,PUNCT,,6.0,punct,"(24, 25)",),
8,צפיפות,NOUN,NOUN,Definite=Cons|Gender=Fem|Number=Sing,12.0,nsubj:cop,"(26, 32)",צפיפות,
"(9, 10)",האויר,,,,,,"(33, 38)",,"[{'id': 9, 'text': 'ה', 'upos': 'DET', 'xpos': 'DET', 'feats': 'PronType=Art', 'head': 10, 'deprel': 'det:def', 'lemma': 'ה'}, {'id': 10, 'text': 'אויר', 'upos': 'NOUN', 'xpos': 'NOUN', 'feats': 'Gender=Masc|Number=Sing', 'head': 8, 'deprel': 'compound:smixut', 'lemma': 'אויר'}]"
11,היא,AUX,AUX,Gender=Fem|Number=Sing|Person=3|Polarity=Pos|VerbForm=Part|VerbType=Cop,12.0,cop,"(39, 42)",הוא,
12,p=1,NUM,NUM,,0.0,root,"(43, 46)",p=1,
1,2,NUM,NUM,,2.0,nummod,"(0, 1)",2,
2,Kg,NOUN,NOUN,Gender=Masc|Number=Plur,0.0,root,"(2, 4)",Kg,
3,/,PUNCT,PUNCT,,4.0,punct,"(4, 5)",/,
4,mm3,NUM,NUM,,2.0,nmod,"(5, 8)",mm3,
"(5, 6)",ומהירות,,,,,,"(9, 16)",,"[{'id': 5, 'text': 'ו', 'upos': 'CCONJ', 'xpos': 'CCONJ', 'head': 6, 'deprel': 'cc', 'lemma': 'ו'}, {'id': 6, 'text': 'מהירות', 'upos': 'NOUN', 'xpos': 'NOUN', 'feats': 'Definite=Cons|Gender=Fem|Number=Sing', 'head': 2, 'deprel': 'conj', 'lemma': 'מהירות'}]"
7,גלי,NOUN,NOUN,Definite=Cons|Gender=Masc|Number=Plur,6.0,compound:smixut,"(17, 20)",גל,
"(8, 9)",הקול,,,,,,"(21, 25)",,"[{'id': 8, 'text': 'ה', 'upos': 'DET', 'xpos': 'DET', 'feats': 'PronType=Art', 'head': 9, 'deprel': 'det:def', 'lemma': 'ה'}, {'id': 9, 'text': 'קול', 'upos': 'NOUN', 'xpos': 'NOUN', 'feats': 'Gender=Masc|Number=Sing', 'head': 7, 'deprel': 'compound:smixut', 'lemma': 'קול'}]"
10,c=340,NUM,NUM,,11.0,nummod,"(26, 31)",c=340,
11,m/,NOUN,NOUN,,6.0,nmod,"(32, 34)",m/,
12,s,PROPN,PROPN,,11.0,nummod,"(34, 35)",s,
1,מקדם,NOUN,NOUN,,7.0,nsubj,"(1, 5)",מקדם,
"(2, 3)",הבליעה,,,,,,"(6, 12)",,"[{'id': 2, 'text': 'ה', 'upos': 'DET', 'xpos': 'DET', 'feats': 'PronType=Art', 'head': 3, 'deprel': 'det:def', 'lemma': 'ה'}, {'id': 3, 'text': 'בליעה', 'upos': 'NOUN', 'xpos': 'NOUN', 'feats': 'Gender=Fem|Number=Sing', 'head': 1, 'deprel': 'compound:smixut', 'lemma': 'בליעה'}]"
"(4, 6)",בקירות,,,,,,"(13, 19)",,"[{'id': 4, 'text': 'ב', 'upos': 'ADP', 'xpos': 'ADP', 'head': 6, 'deprel': 'case', 'lemma': 'ב'}, {'id': 5, 'text': 'ה_', 'upos': 'DET', 'xpos': 'DET', 'feats': 'PronType=Art', 'head': 6, 'deprel': 'det:def', 'lemma': 'ה'}, {'id': 6, 'text': 'קירות', 'upos': 'NOUN', 'xpos': 'NOUN', 'feats': 'Gender=Masc|Number=Plur', 'head': 3, 'deprel': 'nmod', 'lemma': 'קיר'}]"
7,מיוצג,VERB,VERB,"Gender=Masc|HebBinyan=PUAL|Number=Sing|Person=1,2,3|VerbForm=Part|Voice=Pass",0.0,root,"(20, 25)",יוצג,
8,על,ADP,ADP,,11.0,case,"(26, 28)",על,
9,-,PUNCT,PUNCT,,8.0,fixed,"(28, 29)",-,
10,ידי,NOUN,NOUN,Definite=Cons|Gender=Fem|Number=Plur,8.0,fixed,"(29, 32)",יד,
11,1,NUM,NUM,,7.0,obl,"(33, 34)",1,
1,0,NUM,NUM,,0.0,root,"(0, 1)",0,
2,־0,NUM,NUM,,1.0,dep,"(1, 3)",־0,
1,0=p,PROPN,PROPN,,0.0,root,"(0, 3)",0=p,
2,כאשר,SCONJ,SCONJ,,3.0,mark,"(4, 8)",כאשר,
3,0,NUM,NUM,,1.0,advcl,"(9, 10)",0,
1,0=n,PROPN,PROPN,,2.0,nsubj,"(0, 3)",0=n,
2,מתאר,VERB,VERB,"Gender=Masc|HebBinyan=PIEL|Number=Sing|Person=1,2,3|VerbForm=Part|Voice=Act",0.0,root,"(4, 8)",תיאר,
3,בליעה,NOUN,NOUN,Gender=Fem|Number=Sing,2.0,obj,"(9, 14)",בליעה,
4,מליאה,ADJ,ADJ,Gender=Fem|Number=Sing,3.0,amod,"(15, 20)",מליאה,
5,של,ADP,ADP,Case=Gen,6.0,case:gen,"(21, 23)",של,
6,גל,NOUN,NOUN,Definite=Cons|Gender=Masc|Number=Sing,3.0,nmod,"(24, 26)",גל,
"(7, 8)",הקול,,,,,,"(27, 31)",,"[{'id': 7, 'text': 'ה', 'upos': 'DET', 'xpos': 'DET', 'feats': 'PronType=Art', 'head': 8, 'deprel': 'det:def', 'lemma': 'ה'}, {'id': 8, 'text': 'קול', 'upos': 'NOUN', 'xpos': 'NOUN', 'feats': 'Gender=Masc|Number=Sing', 'head': 6, 'deprel': 'compound:smixut', 'lemma': 'קול'}]"
"(9, 10)",בקיר,,,,,,"(32, 36)",,"[{'id': 9, 'text': 'ב', 'upos': 'ADP', 'xpos': 'ADP', 'head': 10, 'deprel': 'case', 'lemma': 'ב'}, {'id': 10, 'text': 'קיר', 'upos': 'NOUN', 'xpos': 'NOUN', 'feats': 'Gender=Masc|Number=Sing', 'head': 6, 'deprel': 'nmod', 'lemma': 'קיר'}]"
"(11, 12)",ו־,,,,,,"(37, 39)",,"[{'id': 11, 'text': 'ו', 'upos': 'CCONJ', 'xpos': 'CCONJ', 'head': 12, 'deprel': 'cc', 'lemma': 'ו'}, {'id': 12, 'text': 'ק', 'upos': 'PROPN', 'xpos': 'PROPN', 'feats': 'HebSource=ConvUncertainHead', 'head': 2, 'deprel': 'conj', 'lemma': 'ק'}]"
13,1,NUM,NUM,,12.0,nummod,"(40, 41)",1,
1,0=1,NUM,NUM,,3.0,dep,"(0, 3)",0=1,
2,!,PUNCT,PUNCT,,3.0,punct,"(3, 4)",!,
3,מתאר,VERB,VERB,"Gender=Masc|HebBinyan=PIEL|Number=Sing|Person=1,2,3|VerbForm=Part|Voice=Act",0.0,root,"(5, 9)",תיאר,
4,החזרה,NOUN,NOUN,Gender=Fem|Number=Sing,3.0,obj,"(10, 15)",החזרה,
5,מליאה,NOUN,NOUN,Gender=Fem|Number=Sing,4.0,compound:smixut,"(16, 21)",מליאה,
"(1, 2)",בספרות,,,,,,"(1, 7)",,"[{'id': 1, 'text': 'ב', 'upos': 'ADP', 'xpos': 'ADP', 'head': 2, 'deprel': 'case', 'lemma': 'ב'}, {'id': 2, 'text': 'ספרות', 'upos': 'NOUN', 'xpos': 'NOUN', 'feats': 'Gender=Fem|Number=Sing', 'head': 3, 'deprel': 'obl', 'lemma': 'ספרות'}]"
3,ממליצים,VERB,VERB,"Gender=Masc|HebBinyan=HIFIL|Number=Plur|Person=1,2,3|VerbForm=Part|Voice=Act",0.0,root,"(8, 15)",המליץ,
4,לבחור,VERB,VERB,HebBinyan=PAAL|VerbForm=Inf|Voice=Act,3.0,xcomp,"(16, 21)",בחר,
5,0,NUM,NUM,,3.0,dep,"(22, 23)",0,
1,01,NUM,NUM,,0.0,root,"(0, 2)",01,
2,-,PUNCT,PUNCT,,1.0,punct,"(2, 3)",-,
3,0,NUM,NUM,,1.0,nummod,"(3, 4)",0,
1,1,NUM,NUM,,0.0,root,"(0, 1)",1,
2,=1,NUM,NUM,,1.0,dep,"(1, 3)",=1,
3,!,PUNCT,PUNCT,,1.0,punct,"(3, 4)",!,
"(4, 5)",לקירות,,,,,,"(5, 11)",,"[{'id': 4, 'text': 'ל', 'upos': 'ADP', 'xpos': 'ADP', 'head': 5, 'deprel': 'case', 'lemma': 'ל'}, {'id': 5, 'text': 'קירות', 'upos': 'NOUN', 'xpos': 'NOUN', 'feats': 'Gender=Masc|Number=Plur', 'head': 1, 'deprel': 'obl', 'lemma': 'קיר'}]"
6,[,PUNCT,PUNCT,,7.0,punct,"(12, 13)",[,
7,1,NUM,NUM,,5.0,appos,"(13, 14)",1,
8,",",PUNCT,PUNCT,,7.0,punct,"(14, 15)",",",
9,4,NUM,NUM,HebSource=ConvUncertainHead,7.0,dep,"(15, 16)",4,
10,],PUNCT,PUNCT,,7.0,punct,"(16, 17)",],
"(1, 2)",הפלט,,,,,,"(1, 5)",,"[{'id': 1, 'text': 'ה', 'upos': 'DET', 'xpos': 'DET', 'feats': 'PronType=Art', 'head': 2, 'deprel': 'det:def', 'lemma': 'ה'}, {'id': 2, 'text': 'פלט', 'upos': 'NOUN', 'xpos': 'NOUN', 'feats': 'Gender=Masc|Number=Sing', 'head': 6, 'deprel': 'nsubj', 'lemma': 'פלט'}]"
3,של,ADP,ADP,Case=Gen,5.0,case:gen,"(6, 8)",של,
"(4, 5)",התוכנה,,,,,,"(9, 15)",,"[{'id': 4, 'text': 'ה', 'upos': 'DET', 'xpos': 'DET', 'feats': 'PronType=Art', 'head': 5, 'deprel': 'det:def', 'lemma': 'ה'}, {'id': 5, 'text': 'תוכנה', 'upos': 'NOUN', 'xpos': 'NOUN', 'feats': 'Gender=Fem|Number=Sing', 'head': 2, 'deprel': 'nmod:poss', 'lemma': 'תוכנה'}]"
6,מכיל,VERB,VERB,"Gender=Masc|Number=Sing|Person=1,2,3|VerbForm=Part",0.0,root,"(16, 20)",הכיל,
7,את,ADP,ADP,Case=Acc,8.0,case:acc,"(21, 23)",את,
8,פילוג,NOUN,NOUN,Definite=Cons|Gender=Masc|Number=Sing,6.0,obj,"(24, 29)",פילוג,
"(9, 10)",הלחצים,,,,,,"(30, 36)",,"[{'id': 9, 'text': 'ה', 'upos': 'DET', 'xpos': 'DET', 'feats': 'PronType=Art', 'head': 10, 'deprel': 'det:def', 'lemma': 'ה'}, {'id': 10, 'text': 'לחצים', 'upos': 'NOUN', 'xpos': 'NOUN', 'feats': 'Gender=Masc|Number=Plur', 'head': 8, 'deprel': 'compound:smixut', 'lemma': 'לחץ'}]"
"(11, 12)",בצמתי,,,,,,"(37, 42)",,"[{'id': 11, 'text': 'ב', 'upos': 'ADP', 'xpos': 'ADP', 'head': 12, 'deprel': 'case', 'lemma': 'ב'}, {'id': 12, 'text': 'צמתי', 'upos': 'NOUN', 'xpos': 'NOUN', 'feats': 'Definite=Cons|Gender=Masc|Number=Plur', 'head': 8, 'deprel': 'nmod', 'lemma': 'צמת'}]"
"(13, 14)",האלמנטים,,,,,,"(43, 51)",,"[{'id': 13, 'text': 'ה', 'upos': 'DET', 'xpos': 'DET', 'feats': 'PronType=Art', 'head': 14, 'deprel': 'det:def', 'lemma': 'ה'}, {'id': 14, 'text': 'אלמנטים', 'upos': 'NOUN', 'xpos': 'NOUN', 'feats': 'Gender=Masc|Number=Plur', 'head': 12, 'deprel': 'compound:smixut', 'lemma': 'אלמנט'}]"
"(15, 16)",וניתן,,,,,,"(52, 57)",,"[{'id': 15, 'text': 'ו', 'upos': 'CCONJ', 'xpos': 'CCONJ', 'head': 16, 'deprel': 'cc', 'lemma': 'ו'}, {'id': 16, 'text': 'ניתן', 'upos': 'AUX', 'xpos': 'AUX', 'feats': 'Gender=Masc|Number=Sing|Person=1,2,3|VerbType=Mod', 'head': 6, 'deprel': 'conj', 'lemma': 'ניתן'}]"
"(17, 18)",לקבלו,,,,,,"(58, 63)",,"[{'id': 17, 'text': 'ל', 'upos': 'ADP', 'xpos': 'ADP', 'head': 18, 'deprel': 'case', 'lemma': 'ל'}, {'id': 18, 'text': 'קבלו', 'upos': 'VERB', 'xpos': 'VERB', 'head': 16, 'deprel': 'obl', 'lemma': 'קבלו'}]"
"(19, 20)",כמספר,,,,,,"(64, 69)",,"[{'id': 19, 'text': 'כ', 'upos': 'ADP', 'xpos': 'ADP', 'head': 20, 'deprel': 'case', 'lemma': 'כ'}, {'id': 20, 'text': 'מספר', 'upos': 'NOUN', 'xpos': 'NOUN', 'feats': 'Definite=Cons', 'head': 16, 'deprel': 'obl', 'lemma': 'מספר'}]"
21,קומפלקסי,ADJ,ADJ,Gender=Masc|Number=Plur,20.0,amod,"(70, 78)",קומפלקסי,
22,(,PUNCT,PUNCT,,23.0,punct,"(79, 80)",(,
23,ממשי,ADJ,ADJ,Gender=Masc|Number=Sing,20.0,appos,"(80, 84)",ממשי,
"(24, 25)",ומדומה,,,,,,"(85, 91)",,"[{'id': 24, 'text': 'ו', 'upos': 'CCONJ', 'xpos': 'CCONJ', 'head': 25, 'deprel': 'cc', 'lemma': 'ו'}, {'id': 25, 'text': 'מדומה', 'upos': 'ADJ', 'xpos': 'ADJ', 'feats': 'Gender=Masc|Number=Sing', 'head': 23, 'deprel': 'conj', 'lemma': 'מדומה'}]"
26,),PUNCT,PUNCT,,23.0,punct,"(91, 92)",),
27,",",PUNCT,PUNCT,,20.0,punct,"(92, 93)",",",
28,או,CCONJ,CCONJ,,30.0,cc,"(94, 96)",או,
"(29, 30)",כגודל,,,,,,"(97, 102)",,"[{'id': 29, 'text': 'כ', 'upos': 'ADP', 'xpos': 'ADP', 'head': 30, 'deprel': 'case', 'lemma': 'כ'}, {'id': 30, 'text': 'גודל', 'upos': 'NOUN', 'xpos': 'NOUN', 'feats': 'Gender=Masc|Number=Sing', 'head': 20, 'deprel': 'conj', 'lemma': 'גודל'}]"
"(31, 32)",ופאזה,,,,,,"(103, 108)",,"[{'id': 31, 'text': 'ו', 'upos': 'CCONJ', 'xpos': 'CCONJ', 'head': 32, 'deprel': 'cc', 'lemma': 'ו'}, {'id': 32, 'text': 'פאזה', 'upos': 'NOUN', 'xpos': 'NOUN', 'feats': 'Gender=Fem|Number=Sing', 'head': 30, 'deprel': 'conj', 'lemma': 'פאזה'}]"
33,או,CCONJ,CCONJ,,35.0,cc,"(109, 111)",או,
"(34, 35)",כערכי,,,,,,"(112, 117)",,"[{'id': 34, 'text': 'כ', 'upos': 'ADP', 'xpos': 'ADP', 'head': 35, 'deprel': 'case', 'lemma': 'כ'}, {'id': 35, 'text': 'ערכי', 'upos': 'NOUN', 'xpos': 'NOUN', 'feats': 'Definite=Cons|Gender=Masc|Number=Plur', 'head': 20, 'deprel': 'conj', 'lemma': 'ערך'}]"
"(36, 37)",השטף,,,,,,"(118, 122)",,"[{'id': 36, 'text': 'ה', 'upos': 'DET', 'xpos': 'DET', 'feats': 'PronType=Art', 'head': 37, 'deprel': 'det:def', 'lemma': 'ה'}, {'id': 37, 'text': 'שטף', 'upos': 'NOUN', 'xpos': 'NOUN', 'feats': 'Gender=Masc|Number=Sing', 'head': 35, 'deprel': 'compound:smixut', 'lemma': 'שטף'}]"
"(38, 39)",ועוצמת,,,,,,"(123, 129)",,"[{'id': 38, 'text': 'ו', 'upos': 'CCONJ', 'xpos': 'CCONJ', 'head': 39, 'deprel': 'cc', 'lemma': 'ו'}, {'id': 39, 'text': 'עוצמת', 'upos': 'NOUN', 'xpos': 'NOUN', 'feats': 'Definite=Cons|Gender=Fem|Number=Sing', 'head': 35, 'deprel': 'conj', 'lemma': 'עוצמה'}]"
"(40, 41)",הקול,,,,,,"(130, 134)",,"[{'id': 40, 'text': 'ה', 'upos': 'DET', 'xpos': 'DET', 'feats': 'PronType=Art', 'head': 41, 'deprel': 'det:def', 'lemma': 'ה'}, {'id': 41, 'text': 'קול', 'upos': 'NOUN', 'xpos': 'NOUN', 'feats': 'Gender=Masc|Number=Sing', 'head': 39, 'deprel': 'compound:smixut', 'lemma': 'קול'}]"
"(42, 43)",ביחידות,,,,,,"(135, 142)",,"[{'id': 42, 'text': 'ב', 'upos': 'ADP', 'xpos': 'ADP', 'head': 43, 'deprel': 'case', 'lemma': 'ב'}, {'id': 43, 'text': 'יחידות', 'upos': 'NOUN', 'xpos': 'NOUN', 'feats': 'Gender=Fem|Number=Plur', 'head': 35, 'deprel': 'nmod', 'lemma': 'יחידה'}]"
44,של,ADP,ADP,Case=Gen,45.0,case:gen,"(143, 145)",של,
45,dB,PROPN,PROPN,,43.0,nmod:poss,"(146, 148)",dB,
"(46, 47)",לכל,,,,,,"(149, 152)",,"[{'id': 46, 'text': 'ל', 'upos': 'ADP', 'xpos': 'ADP', 'head': 48, 'deprel': 'case', 'lemma': 'ל'}, {'id': 47, 'text': 'כל', 'upos': 'DET', 'xpos': 'DET', 'feats': 'Definite=Cons', 'head': 48, 'deprel': 'det', 'lemma': 'כול'}]"
48,אלמנט,NOUN,NOUN,Gender=Masc|Number=Sing,43.0,nmod,"(153, 158)",אלמנט,
"(1, 2)",המודל,,,,,,"(1, 6)",,"[{'id': 1, 'text': 'ה', 'upos': 'DET', 'xpos': 'DET', 'feats': 'PronType=Art', 'head': 2, 'deprel': 'det:def', 'lemma': 'ה'}, {'id': 2, 'text': 'מודל', 'upos': 'NOUN', 'xpos': 'NOUN', 'feats': 'Gender=Masc|Number=Sing', 'head': 19, 'deprel': 'nsubj', 'lemma': 'מודל'}]"
3,של,ADP,ADP,Case=Gen,4.0,case:gen,"(7, 9)",של,
4,אלמנטים,NOUN,NOUN,Gender=Masc|Number=Plur,2.0,nmod,"(10, 17)",אלמנט,
5,סופיים,ADJ,ADJ,Gender=Masc|Number=Plur,4.0,amod,"(18, 24)",סופי,
"(6, 7)",לחישוב,,,,,,"(25, 31)",,"[{'id': 6, 'text': 'ל', 'upos': 'ADP', 'xpos': 'ADP', 'head': 7, 'deprel': 'case', 'lemma': 'ל'}, {'id': 7, 'text': 'חישוב', 'upos': 'NOUN', 'xpos': 'NOUN', 'feats': 'Definite=Cons|Gender=Masc|Number=Sing', 'head': 2, 'deprel': 'nmod', 'lemma': 'חישוב'}]"
8,משוואת,NOUN,NOUN,Definite=Cons|Gender=Fem|Number=Sing,7.0,compound:smixut,"(32, 38)",משוואת,
9,Helmholtz,PROPN,PROPN,,8.0,compound:smixut,"(39, 48)",Helmholtz,
10,(,PUNCT,PUNCT,,11.0,punct,"(49, 50)",(,
11,מש׳,PROPN,PROPN,Case=Tem,8.0,appos,"(50, 53)",מש׳,
12,3,NUM,NUM,,11.0,nummod,"(54, 55)",3,
13,),PUNCT,PUNCT,,11.0,punct,"(55, 56)",),
"(14, 15)",במרחב,,,,,,"(57, 62)",,"[{'id': 14, 'text': 'ב', 'upos': 'ADP', 'xpos': 'ADP', 'head': 15, 'deprel': 'case', 'lemma': 'ב'}, {'id': 15, 'text': 'מרחב', 'upos': 'NOUN', 'xpos': 'NOUN', 'feats': 'Gender=Masc|Number=Sing', 'head': 7, 'deprel': 'nmod', 'lemma': 'מרחב'}]"
16,דו,ADV,ADV,Prefix=Yes,18.0,compound:affix,"(63, 65)",דו,
17,-,PUNCT,PUNCT,,18.0,punct,"(65, 66)",-,
18,ממדי,ADJ,ADJ,Gender=Masc|Number=Sing,15.0,amod,"(66, 70)",ממדי,
19,נבדק,VERB,VERB,Gender=Masc|HebBinyan=NIFAL|Number=Sing|Person=3|Tense=Past|Voice=Mid,0.0,root,"(71, 75)",נבדק,
20,כדי,ADP,ADP,,21.0,case,"(76, 79)",כדי,
21,להעריך,VERB,VERB,HebBinyan=HIFIL|VerbForm=Inf|Voice=Act,19.0,advcl,"(80, 86)",העריך,
22,את,ADP,ADP,Case=Acc,23.0,case:acc,"(87, 89)",את,
23,התכנסות,NOUN,NOUN,Definite=Cons|Gender=Fem|Number=Sing,21.0,obj,"(90, 97)",התכנסות,
"(24, 25)",הפתרון,,,,,,"(98, 104)",,"[{'id': 24, 'text': 'ה', 'upos': 'DET', 'xpos': 'DET', 'feats': 'PronType=Art', 'head': 25, 'deprel': 'det:def', 'lemma': 'ה'}, {'id': 25, 'text': 'פתרון', 'upos': 'NOUN', 'xpos': 'NOUN', 'feats': 'Gender=Masc|Number=Sing', 'head': 23, 'deprel': 'compound:smixut', 'lemma': 'פתרון'}]"
"(26, 27)",כתלות,,,,,,"(105, 110)",,"[{'id': 26, 'text': 'כ', 'upos': 'ADP', 'xpos': 'ADP', 'head': 27, 'deprel': 'case', 'lemma': 'כ'}, {'id': 27, 'text': 'תלות', 'upos': 'NOUN', 'xpos': 'NOUN', 'feats': 'Gender=Fem|Number=Sing', 'head': 23, 'deprel': 'nmod', 'lemma': 'תלות'}]"
"(28, 30)",ברזולוציה,,,,,,"(111, 120)",,"[{'id': 28, 'text': 'ב', 'upos': 'ADP', 'xpos': 'ADP', 'head': 30, 'deprel': 'case', 'lemma': 'ב'}, {'id': 29, 'text': 'ה_', 'upos': 'DET', 'xpos': 'DET', 'feats': 'PronType=Art', 'head': 30, 'deprel': 'det:def', 'lemma': 'ה'}, {'id': 30, 'text': 'רזולוציה', 'upos': 'NOUN', 'xpos': 'NOUN', 'feats': 'Gender=Fem|Number=Sing', 'head': 27, 'deprel': 'nmod', 'lemma': 'רזולוציה'}]"
31,(,PUNCT,PUNCT,,33.0,punct,"(121, 122)",(,
32,מספר,DET,DET,Definite=Cons,33.0,det,"(122, 126)",מספר,
33,אלמנטים,NOUN,NOUN,Gender=Masc|Number=Plur,27.0,appos,"(127, 134)",אלמנט,
34,לאורך,ADP,ADP,,35.0,case,"(135, 140)",לאורך,
35,גל,NOUN,NOUN,Gender=Masc|Number=Sing,33.0,nmod,"(141, 143)",גל,
36,),PUNCT,PUNCT,,33.0,punct,"(143, 144)",),
1,מידת,NOUN,NOUN,Definite=Cons|Gender=Fem|Number=Sing,7.0,nsubj,"(1, 5)",מידה,
"(2, 3)",הדיוק,,,,,,"(6, 11)",,"[{'id': 2, 'text': 'ה', 'upos': 'DET', 'xpos': 'DET', 'feats': 'PronType=Art', 'head': 3, 'deprel': 'det:def', 'lemma': 'ה'}, {'id': 3, 'text': 'דיוק', 'upos': 'NOUN', 'xpos': 'NOUN', 'feats': 'Gender=Masc|Number=Sing', 'head': 1, 'deprel': 'compound:smixut', 'lemma': 'דיוק'}]"
4,של,ADP,ADP,Case=Gen,6.0,case:gen,"(12, 14)",של,
"(5, 6)",הפתרון,,,,,,"(15, 21)",,"[{'id': 5, 'text': 'ה', 'upos': 'DET', 'xpos': 'DET', 'feats': 'PronType=Art', 'head': 6, 'deprel': 'det:def', 'lemma': 'ה'}, {'id': 6, 'text': 'פתרון', 'upos': 'NOUN', 'xpos': 'NOUN', 'feats': 'Gender=Masc|Number=Sing', 'head': 1, 'deprel': 'nmod:poss', 'lemma': 'פתרון'}]"
7,נבדקה,VERB,VERB,Gender=Fem|HebBinyan=NIFAL|Number=Sing|Person=3|Tense=Past|Voice=Mid,0.0,root,"(22, 27)",נבדק,
"(8, 10)",על־ידי,,,,,,"(28, 34)",,"[{'id': 8, 'text': 'על', 'upos': 'ADP', 'xpos': 'ADP', 'head': 10, 'deprel': 'case', 'lemma': 'על'}, {'id': 9, 'text': 'ה_', 'upos': 'DET', 'xpos': 'DET', 'feats': 'PronType=Art', 'head': 10, 'deprel': 'det:def', 'lemma': 'ה'}, {'id': 10, 'text': 'לידי', 'upos': 'NOUN', 'xpos': 'NOUN', 'head': 7, 'deprel': 'obl', 'lemma': 'לידי'}]"
11,פתרון,NOUN,NOUN,Definite=Cons|Gender=Masc|Number=Sing,7.0,obl,"(35, 40)",פתרון,
12,בעיות,NOUN,NOUN,Gender=Fem|Number=Plur,11.0,compound:smixut,"(41, 46)",בעיה,
"(13, 14)",שיש,,,,,,"(47, 50)",,"[{'id': 13, 'text': 'ש', 'upos': 'SCONJ', 'xpos': 'SCONJ', 'head': 14, 'deprel': 'mark', 'lemma': 'ש'}, {'id': 14, 'text': 'יש', 'upos': 'VERB', 'xpos': 'VERB', 'feats': 'HebExistential=True', 'head': 12, 'deprel': 'acl:relcl', 'lemma': 'יש'}]"
"(15, 16)",להן,,,,,,"(51, 54)",,"[{'id': 15, 'text': 'ל_', 'upos': 'ADP', 'xpos': 'ADP', 'head': 16, 'deprel': 'case', 'lemma': 'ל'}, {'id': 16, 'text': '_הן', 'upos': 'PRON', 'xpos': 'PRON', 'feats': 'Gender=Fem|Number=Plur|Person=3|PronType=Prs', 'head': 14, 'deprel': 'obl', 'lemma': 'הוא'}]"
17,פתרון,NOUN,NOUN,Gender=Masc|Number=Sing,14.0,nsubj,"(55, 60)",פתרון,
18,אנליטי,ADJ,ADJ,Gender=Masc|Number=Sing,17.0,amod,"(61, 67)",אנליטי,
19,סגור,ADJ,ADJ,Gender=Masc|Number=Sing,17.0,amod,"(68, 72)",סגור,
1,לשם,ADP,ADP,,2.0,case,"(1, 4)",לשם,
2,כך,PRON,PRON,Person=3|PronType=Dem,3.0,obl,"(5, 7)",כך,
3,חשבנו,VERB,VERB,"Gender=Fem,Masc|Number=Plur|Person=1|Tense=Past",0.0,root,"(8, 13)",חשב,
4,את,ADP,ADP,Case=Acc,5.0,case:acc,"(14, 16)",את,
5,התפשטות,NOUN,NOUN,Definite=Cons|Gender=Fem|Number=Sing,3.0,obj,"(17, 24)",התפשטות,
6,גלי,NOUN,NOUN,Definite=Cons|Gender=Masc|Number=Plur,5.0,compound:smixut,"(25, 28)",גל,
"(7, 8)",הקול,,,,,,"(29, 33)",,"[{'id': 7, 'text': 'ה', 'upos': 'DET', 'xpos': 'DET', 'feats': 'PronType=Art', 'head': 8, 'deprel': 'det:def', 'lemma': 'ה'}, {'id': 8, 'text': 'קול', 'upos': 'NOUN', 'xpos': 'NOUN', 'feats': 'Gender=Masc|Number=Sing', 'head': 6, 'deprel': 'compound:smixut', 'lemma': 'קול'}]"
9,לאורך,ADP,ADP,,10.0,case,"(34, 39)",לאורך,
10,תעלה,NOUN,NOUN,Gender=Fem|Number=Sing,5.0,nmod,"(40, 44)",עלה,
11,דו,ADV,ADV,Prefix=Yes,13.0,compound:affix,"(45, 47)",דו,
12,-,PUNCT,PUNCT,,13.0,punct,"(47, 48)",-,
13,ממדית,ADJ,ADJ,Gender=Fem|Number=Sing,10.0,amod,"(48, 53)",ממדי,
14,עבור,ADP,ADP,,15.0,case,"(54, 58)",עבור,
15,בעיית,NOUN,NOUN,Definite=Cons|Gender=Fem|Number=Sing,10.0,nmod,"(59, 64)",בעיה,
16,דיריכלה,NOUN,NOUN,Gender=Fem|Number=Sing,15.0,compound:smixut,"(65, 72)",דיריכלה,
17,(,PUNCT,PUNCT,,19.0,punct,"(73, 74)",(,
"(18, 19)",שמגדירה,,,,,,"(74, 81)",,"[{'id': 18, 'text': 'ש', 'upos': 'SCONJ', 'xpos': 'SCONJ', 'head': 19, 'deprel': 'mark', 'lemma': 'ש'}, {'id': 19, 'text': 'מגדירה', 'upos': 'VERB', 'xpos': 'VERB', 'feats': 'Gender=Fem|HebBinyan=HIFIL|Number=Sing|Person=1,2,3|VerbForm=Part|Voice=Act', 'head': 15, 'deprel': 'appos', 'lemma': 'הגדיר'}]"
20,תנאי,NOUN,NOUN,Definite=Cons|Gender=Masc|Number=Plur,19.0,obj,"(82, 86)",תנאי,
21,שפה,NOUN,NOUN,Gender=Fem|Number=Sing,20.0,compound:smixut,"(87, 90)",שפה,
22,חיוניים,ADJ,ADJ,Gender=Masc|Number=Plur,20.0,amod,"(91, 98)",חיוני,
23,),PUNCT,PUNCT,,19.0,punct,"(98, 99)",),
24,",",PUNCT,PUNCT,,15.0,punct,"(99, 100)",",",
25,בעיית,NOUN,NOUN,Definite=Cons|Gender=Fem|Number=Sing,15.0,conj,"(101, 106)",בעיה,
26,נוימן,NOUN,NOUN,,25.0,compound:smixut,"(107, 112)",נוימן,
27,(,PUNCT,PUNCT,,29.0,punct,"(113, 114)",(,
"(28, 29)",שמגדירה,,,,,,"(114, 121)",,"[{'id': 28, 'text': 'ש', 'upos': 'SCONJ', 'xpos': 'SCONJ', 'head': 29, 'deprel': 'mark', 'lemma': 'ש'}, {'id': 29, 'text': 'מגדירה', 'upos': 'VERB', 'xpos': 'VERB', 'feats': 'Gender=Fem|HebBinyan=HIFIL|Number=Sing|Person=1,2,3|VerbForm=Part|Voice=Act', 'head': 25, 'deprel': 'appos', 'lemma': 'הגדיר'}]"
30,תנאי,NOUN,NOUN,Definite=Cons|Gender=Masc|Number=Plur,29.0,obj,"(122, 126)",תנאי,
31,שפה,NOUN,NOUN,Gender=Fem|Number=Sing,30.0,compound:smixut,"(127, 130)",שפה,
32,טבעיים,ADJ,ADJ,Gender=Masc|Number=Plur,30.0,amod,"(131, 137)",טבעי,
33,),PUNCT,PUNCT,,29.0,punct,"(137, 138)",),
"(34, 35)",ובעיית,,,,,,"(139, 145)",,"[{'id': 34, 'text': 'ו', 'upos': 'CCONJ', 'xpos': 'CCONJ', 'head': 35, 'deprel': 'cc', 'lemma': 'ו'}, {'id': 35, 'text': 'בעיית', 'upos': 'NOUN', 'xpos': 'NOUN', 'feats': 'Definite=Cons|Gender=Fem|Number=Sing', 'head': 15, 'deprel': 'conj', 'lemma': 'בעיה'}]"
"(36, 37)",האימפדנס,,,,,,"(146, 154)",,"[{'id': 36, 'text': 'ה', 'upos': 'DET', 'xpos': 'DET', 'feats': 'PronType=Art', 'head': 37, 'deprel': 'det:def', 'lemma': 'ה'}, {'id': 37, 'text': 'אימפדנס', 'upos': 'NOUN', 'xpos': 'NOUN', 'feats': 'Gender=Masc|Number=Sing', 'head': 35, 'deprel': 'compound:smixut', 'lemma': 'אימפדנס'}]"
"(38, 39)",שפותרת,,,,,,"(155, 161)",,"[{'id': 38, 'text': 'ש', 'upos': 'SCONJ', 'xpos': 'SCONJ', 'head': 39, 'deprel': 'mark', 'lemma': 'ש'}, {'id': 39, 'text': 'פותרת', 'upos': 'VERB', 'xpos': 'VERB', 'feats': 'Gender=Fem|HebBinyan=PAAL|Number=Sing|Person=1,2,3|VerbForm=Part|Voice=Act', 'head': 35, 'deprel': 'acl:relcl', 'lemma': 'פתר'}]"
40,את,ADP,ADP,Case=Acc,42.0,case:acc,"(162, 164)",את,
"(41, 42)",הבעיה,,,,,,"(165, 170)",,"[{'id': 41, 'text': 'ה', 'upos': 'DET', 'xpos': 'DET', 'feats': 'PronType=Art', 'head': 42, 'deprel': 'det:def', 'lemma': 'ה'}, {'id': 42, 'text': 'בעיה', 'upos': 'NOUN', 'xpos': 'NOUN', 'feats': 'Gender=Fem|Number=Sing', 'head': 39, 'deprel': 'obj', 'lemma': 'בעיה'}]"
43,תוך,ADP,ADP,,44.0,case,"(171, 174)",תוך,
44,התייחסות,NOUN,NOUN,Gender=Fem|Number=Sing,39.0,obl,"(175, 183)",התייחסות,
"(45, 46)",לאימפדנס,,,,,,"(184, 192)",,"[{'id': 45, 'text': 'ל', 'upos': 'ADP', 'xpos': 'ADP', 'head': 46, 'deprel': 'case', 'lemma': 'ל'}, {'id': 46, 'text': 'אימפדנס', 'upos': 'NOUN', 'xpos': 'NOUN', 'feats': 'Gender=Masc|Number=Sing', 'head': 44, 'deprel': 'nmod', 'lemma': 'אימפדנס'}]"
"(47, 49)",בקצוות,,,,,,"(193, 199)",,"[{'id': 47, 'text': 'ב', 'upos': 'ADP', 'xpos': 'ADP', 'head': 49, 'deprel': 'case', 'lemma': 'ב'}, {'id': 48, 'text': 'ה_', 'upos': 'DET', 'xpos': 'DET', 'feats': 'PronType=Art', 'head': 49, 'deprel': 'det:def', 'lemma': 'ה'}, {'id': 49, 'text': 'קצוות', 'upos': 'NOUN', 'xpos': 'NOUN', 'feats': 'Gender=Masc|Number=Plur', 'head': 46, 'deprel': 'nmod', 'lemma': 'קצה'}]"
"(1, 2)",לכל,,,,,,"(1, 4)",,"[{'id': 1, 'text': 'ל', 'upos': 'ADP', 'xpos': 'ADP', 'head': 3, 'deprel': 'case', 'lemma': 'ל'}, {'id': 2, 'text': 'כל', 'upos': 'DET', 'xpos': 'DET', 'feats': 'Definite=Cons', 'head': 3, 'deprel': 'det', 'lemma': 'כול'}]"
3,אחד,NUM,NUM,Gender=Masc|Number=Sing,7.0,obl,"(5, 8)",אחד,
"(4, 6)",מהבעיות,,,,,,"(9, 16)",,"[{'id': 4, 'text': 'מ', 'upos': 'ADP', 'xpos': 'ADP', 'head': 6, 'deprel': 'case', 'lemma': 'מ'}, {'id': 5, 'text': 'ה', 'upos': 'DET', 'xpos': 'DET', 'feats': 'PronType=Art', 'head': 6, 'deprel': 'det:def', 'lemma': 'ה'}, {'id': 6, 'text': 'בעיות', 'upos': 'NOUN', 'xpos': 'NOUN', 'feats': 'Gender=Fem|Number=Plur', 'head': 3, 'deprel': 'obl', 'lemma': 'בעיה'}]"
7,חישבנו,VERB,VERB,"Gender=Fem,Masc|HebBinyan=HIFIL|Number=Plur|Person=1|Tense=Past|Voice=Act",0.0,root,"(17, 23)",חישב,
8,את,ADP,ADP,Case=Acc,9.0,case:acc,"(24, 26)",את,
"(9, 11)",ערכו,,,,,,"(27, 31)",,"[{'id': 9, 'text': 'ערך_', 'upos': 'NOUN', 'xpos': 'NOUN', 'feats': 'Definite=Def|Gender=Masc|Number=Sing', 'head': 7, 'deprel': 'obj', 'lemma': 'ערך'}, {'id': 10, 'text': '_של_', 'upos': 'ADP', 'xpos': 'ADP', 'head': 11, 'deprel': 'case:gen', 'lemma': 'של'}, {'id': 11, 'text': '_הוא', 'upos': 'PRON', 'xpos': 'PRON', 'feats': 'Case=Gen|Gender=Masc|Number=Sing|Person=3|PronType=Prs', 'head': 9, 'deprel': 'nmod:poss', 'lemma': 'הוא'}]"
12,של,ADP,ADP,Case=Gen,14.0,case:gen,"(32, 34)",של,
"(13, 14)",הלחץ,,,,,,"(35, 39)",,"[{'id': 13, 'text': 'ה', 'upos': 'DET', 'xpos': 'DET', 'feats': 'PronType=Art', 'head': 14, 'deprel': 'det:def', 'lemma': 'ה'}, {'id': 14, 'text': 'לחץ', 'upos': 'NOUN', 'xpos': 'NOUN', 'feats': 'Gender=Masc|Number=Sing', 'head': 9, 'deprel': 'nmod:poss', 'lemma': 'לחץ'}]"
"(15, 16)",בנקודות,,,,,,"(40, 47)",,"[{'id': 15, 'text': 'ב', 'upos': 'ADP', 'xpos': 'ADP', 'head': 16, 'deprel': 'case', 'lemma': 'ב'}, {'id': 16, 'text': 'נקודות', 'upos': 'NOUN', 'xpos': 'NOUN', 'feats': 'Gender=Fem|Number=Plur', 'head': 9, 'deprel': 'nmod', 'lemma': 'נקודה'}]"
"(17, 18)",הדיסקרטיות,,,,,,"(48, 58)",,"[{'id': 17, 'text': 'ה', 'upos': 'DET', 'xpos': 'DET', 'feats': 'PronType=Art', 'head': 18, 'deprel': 'det:def', 'lemma': 'ה'}, {'id': 18, 'text': 'דיסקרטיות', 'upos': 'ADJ', 'xpos': 'ADJ', 'feats': 'Gender=Fem|Number=Plur', 'head': 16, 'deprel': 'compound:smixut', 'lemma': 'דיסקרטי'}]"
19,של,ADP,ADP,Case=Gen,20.0,case:gen,"(59, 61)",של,
20,צמתי,NOUN,NOUN,Definite=Cons|Gender=Masc|Number=Plur,16.0,nmod,"(62, 66)",צמת,
"(21, 22)",האלמנטים,,,,,,"(67, 75)",,"[{'id': 21, 'text': 'ה', 'upos': 'DET', 'xpos': 'DET', 'feats': 'PronType=Art', 'head': 22, 'deprel': 'det:def', 'lemma': 'ה'}, {'id': 22, 'text': 'אלמנטים', 'upos': 'NOUN', 'xpos': 'NOUN', 'feats': 'Gender=Masc|Number=Plur', 'head': 20, 'deprel': 'compound:smixut', 'lemma': 'אלמנט'}]"
"(23, 24)",הסופיים,,,,,,"(76, 83)",,"[{'id': 23, 'text': 'ה', 'upos': 'DET', 'xpos': 'DET', 'feats': 'PronType=Art', 'head': 24, 'deprel': 'det:def', 'lemma': 'ה'}, {'id': 24, 'text': 'סופיים', 'upos': 'ADJ', 'xpos': 'ADJ', 'feats': 'Gender=Masc|Number=Plur', 'head': 22, 'deprel': 'amod', 'lemma': 'סופי'}]"
25,כדי,ADP,ADP,,27.0,mark,"(84, 87)",כדי,
"(26, 27)",שנוכל,,,,,,"(88, 93)",,"[{'id': 26, 'text': 'ש', 'upos': 'SCONJ', 'xpos': 'SCONJ', 'head': 25, 'deprel': 'fixed', 'lemma': 'ש'}, {'id': 27, 'text': 'נוכל', 'upos': 'AUX', 'xpos': 'AUX', 'feats': 'VerbType=Mod', 'head': 28, 'deprel': 'advcl', 'lemma': 'יכול'}]"
28,להשוות,VERB,VERB,HebBinyan=HIFIL|VerbForm=Inf|Voice=Act,7.0,advcl,"(94, 100)",השווה,
29,בין,ADP,ADP,,31.0,case,"(101, 104)",בין,
"(30, 31)",הפתרון,,,,,,"(105, 111)",,"[{'id': 30, 'text': 'ה', 'upos': 'DET', 'xpos': 'DET', 'feats': 'PronType=Art', 'head': 31, 'deprel': 'det:def', 'lemma': 'ה'}, {'id': 31, 'text': 'פתרון', 'upos': 'NOUN', 'xpos': 'NOUN', 'feats': 'Gender=Masc|Number=Sing', 'head': 28, 'deprel': 'obl', 'lemma': 'פתרון'}]"
"(32, 33)",הנומרי,,,,,,"(112, 118)",,"[{'id': 32, 'text': 'ה', 'upos': 'DET', 'xpos': 'DET', 'feats': 'PronType=Art', 'head': 33, 'deprel': 'det:def', 'lemma': 'ה'}, {'id': 33, 'text': 'נומרי', 'upos': 'ADJ', 'xpos': 'ADJ', 'feats': 'Gender=Masc|Number=Sing', 'head': 31, 'deprel': 'amod', 'lemma': 'נומרי'}]"
"(34, 36)",והפתרון,,,,,,"(119, 126)",,"[{'id': 34, 'text': 'ו', 'upos': 'CCONJ', 'xpos': 'CCONJ', 'head': 36, 'deprel': 'cc', 'lemma': 'ו'}, {'id': 35, 'text': 'ה', 'upos': 'DET', 'xpos': 'DET', 'feats': 'PronType=Art', 'head': 36, 'deprel': 'det:def', 'lemma': 'ה'}, {'id': 36, 'text': 'פתרון', 'upos': 'NOUN', 'xpos': 'NOUN', 'feats': 'Gender=Masc|Number=Sing', 'head': 31, 'deprel': 'conj', 'lemma': 'פתרון'}]"
"(37, 38)",המדויק,,,,,,"(127, 133)",,"[{'id': 37, 'text': 'ה', 'upos': 'DET', 'xpos': 'DET', 'feats': 'PronType=Art', 'head': 38, 'deprel': 'det:def', 'lemma': 'ה'}, {'id': 38, 'text': 'מדויק', 'upos': 'ADJ', 'xpos': 'ADJ', 'feats': 'Gender=Masc|Number=Sing', 'head': 36, 'deprel': 'amod', 'lemma': 'מדויק'}]"
"(1, 2)",החישובים,,,,,,"(1, 9)",,"[{'id': 1, 'text': 'ה', 'upos': 'DET', 'xpos': 'DET', 'feats': 'PronType=Art', 'head': 2, 'deprel': 'det:def', 'lemma': 'ה'}, {'id': 2, 'text': 'חישובים', 'upos': 'NOUN', 'xpos': 'NOUN', 'feats': 'Gender=Masc|Number=Plur', 'head': 3, 'deprel': 'nsubj', 'lemma': 'חישוב'}]"
3,בוצעו,VERB,VERB,"Gender=Fem,Masc|HebBinyan=PUAL|Number=Plur|Person=3|Tense=Past|Voice=Pass",0.0,root,"(10, 15)",בוצע,
4,עבור,ADP,ADP,,6.0,case,"(16, 20)",עבור,
5,שלוש,NUM,NUM,Gender=Fem|Number=Sing,6.0,nummod,"(21, 25)",שלוש,
6,רזולוציות,NOUN,NOUN,Gender=Fem|Number=Plur,3.0,obl,"(26, 35)",רזולוציות,
7,שונות,ADJ,ADJ,Gender=Fem|Number=Plur,6.0,amod,"(36, 41)",שונה,
8,6,NUM,NUM,,6.0,nmod,"(42, 43)",6,
9,",",PUNCT,PUNCT,,8.0,punct,"(43, 44)",",",
10,8,NUM,NUM,,8.0,conj,"(44, 45)",8,
11,",",PUNCT,PUNCT,,8.0,punct,"(45, 46)",",",
12,15,NUM,NUM,HebSource=ConvUncertainHead,8.0,dep,"(46, 48)",15,
13,=,PUNCT,PUNCT,,8.0,dep,"(49, 50)",=,
14,Res,PROPN,PROPN,HebSource=ConvUncertainHead,6.0,dep,"(51, 54)",Res,
15,=c,PROPN,PROPN,,14.0,nmod,"(55, 57)",=c,
16,/,PUNCT,PUNCT,,14.0,punct,"(57, 58)",/,
17,f«h,PROPN,PROPN,Abbr=Yes,14.0,nmod,"(58, 61)",f«h,
"(18, 19)",ועבור,,,,,,"(62, 67)",,"[{'id': 18, 'text': 'ו', 'upos': 'CCONJ', 'xpos': 'CCONJ', 'head': 20, 'deprel': 'cc', 'lemma': 'ו'}, {'id': 19, 'text': 'עבור', 'upos': 'ADP', 'xpos': 'ADP', 'head': 20, 'deprel': 'case', 'lemma': 'עבור'}]"
20,גדלים,NOUN,NOUN,Gender=Masc|Number=Plur,6.0,conj,"(68, 73)",גודל,
21,שונים,ADJ,ADJ,Gender=Masc|Number=Plur,20.0,amod,"(74, 79)",שונה,
22,של,ADP,ADP,Case=Gen,24.0,case:gen,"(80, 82)",של,
"(23, 24)",האלמנטים,,,,,,"(83, 91)",,"[{'id': 23, 'text': 'ה', 'upos': 'DET', 'xpos': 'DET', 'feats': 'PronType=Art', 'head': 24, 'deprel': 'det:def', 'lemma': 'ה'}, {'id': 24, 'text': 'אלמנטים', 'upos': 'NOUN', 'xpos': 'NOUN', 'feats': 'Gender=Masc|Number=Plur', 'head': 20, 'deprel': 'nmod', 'lemma': 'אלמנט'}]"
25,h,PROPN,PROPN,,24.0,appos,"(92, 93)",h,
26,=0,NUM,NUM,HebSource=ConvUncertainHead,20.0,amod,"(93, 95)",=0,
1,2,NUM,NUM,,0.0,root,"(0, 1)",2,
2,",",PUNCT,PUNCT,,1.0,punct,"(1, 2)",",",
3,0,NUM,NUM,,1.0,dep,"(2, 3)",0,
1,"4,",PUNCT,PUNCT,,0.0,root,"(0, 2)","4,",
2,0,NUM,NUM,,1.0,dep,"(2, 3)",0,
1,5,NUM,NUM,,2.0,nummod,"(0, 1)",5,
2,m,NOUN,NOUN,,0.0,root,"(2, 3)",m,
3,כדי,ADP,ADP,,4.0,case,"(4, 7)",כדי,
4,למצוא,VERB,VERB,HebBinyan=PAAL|VerbForm=Inf|Voice=Act,2.0,advcl,"(8, 13)",מצא,
5,ערכים,NOUN,NOUN,Gender=Masc|Number=Plur,4.0,obj,"(14, 19)",ערך,
6,אופייניים,ADJ,ADJ,Gender=Masc|Number=Plur,5.0,amod,"(20, 29)",אופייני,
7,עם,ADP,ADP,,8.0,case,"(30, 32)",עם,
8,שגיאה,NOUN,NOUN,Gender=Fem|Number=Sing,5.0,nmod,"(33, 38)",שגיאה,
9,קטנה,ADJ,ADJ,Gender=Fem|Number=Sing,8.0,amod,"(39, 43)",קטן,
10,יחסית,ADV,ADV,,9.0,advmod,"(44, 49)",יחסית,
"(1, 2)",בכל,,,,,,"(1, 4)",,"[{'id': 1, 'text': 'ב', 'upos': 'ADP', 'xpos': 'ADP', 'head': 5, 'deprel': 'case', 'lemma': 'ב'}, {'id': 2, 'text': 'כל', 'upos': 'DET', 'xpos': 'DET', 'feats': 'Definite=Cons', 'head': 5, 'deprel': 'det', 'lemma': 'כול'}]"
3,שלושת,NUM,NUM,Definite=Cons|Gender=Masc|Number=Sing,5.0,nummod,"(5, 10)",שלושת,
"(4, 5)",הבעיות,,,,,,"(11, 17)",,"[{'id': 4, 'text': 'ה', 'upos': 'DET', 'xpos': 'DET', 'feats': 'PronType=Art', 'head': 5, 'deprel': 'det:def', 'lemma': 'ה'}, {'id': 5, 'text': 'בעיות', 'upos': 'NOUN', 'xpos': 'NOUN', 'feats': 'Gender=Fem|Number=Plur', 'head': 12, 'deprel': 'obl', 'lemma': 'בעיה'}]"
6,שגיאת,NOUN,NOUN,Definite=Cons|Gender=Fem|Number=Sing,12.0,nsubj,"(18, 23)",שגיאה,
"(7, 8)",הפתרון,,,,,,"(24, 30)",,"[{'id': 7, 'text': 'ה', 'upos': 'DET', 'xpos': 'DET', 'feats': 'PronType=Art', 'head': 8, 'deprel': 'det:def', 'lemma': 'ה'}, {'id': 8, 'text': 'פתרון', 'upos': 'NOUN', 'xpos': 'NOUN', 'feats': 'Gender=Masc|Number=Sing', 'head': 6, 'deprel': 'compound:smixut', 'lemma': 'פתרון'}]"
"(9, 10)",הנומרי,,,,,,"(31, 37)",,"[{'id': 9, 'text': 'ה', 'upos': 'DET', 'xpos': 'DET', 'feats': 'PronType=Art', 'head': 10, 'deprel': 'det:def', 'lemma': 'ה'}, {'id': 10, 'text': 'נומרי', 'upos': 'ADJ', 'xpos': 'ADJ', 'feats': 'Gender=Masc|Number=Sing', 'head': 8, 'deprel': 'amod', 'lemma': 'נומרי'}]"
11,היתה,AUX,AUX,Gender=Fem|Number=Sing|Person=3|Polarity=Pos|Tense=Past|VerbType=Cop,12.0,cop,"(38, 42)",היה,
12,קטנה,ADJ,ADJ,Gender=Fem|Number=Sing,0.0,root,"(43, 47)",קטן,
13,מאוד,ADV,ADV,,12.0,advmod,"(48, 52)",מאוד,
14,(,PUNCT,PUNCT,,16.0,punct,"(53, 54)",(,
15,4,NUM,NUM,,16.0,nummod,"(54, 55)",4,
16,%,NOUN,NOUN,"Gender=Masc|Number=Plur,Sing",12.0,parataxis,"(55, 56)",%,
17,>,PUNCT,PUNCT,,16.0,punct,"(56, 57)",>,
18,),PUNCT,PUNCT,,16.0,punct,"(57, 58)",),
"(19, 21)",מהפתרון,,,,,,"(59, 66)",,"[{'id': 19, 'text': 'מ', 'upos': 'ADP', 'xpos': 'ADP', 'head': 21, 'deprel': 'case', 'lemma': 'מ'}, {'id': 20, 'text': 'ה', 'upos': 'DET', 'xpos': 'DET', 'feats': 'PronType=Art', 'head': 21, 'deprel': 'det:def', 'lemma': 'ה'}, {'id': 21, 'text': 'פתרון', 'upos': 'NOUN', 'xpos': 'NOUN', 'feats': 'Gender=Masc|Number=Sing', 'head': 12, 'deprel': 'obl', 'lemma': 'פתרון'}]"
"(22, 23)",האנליטי,,,,,,"(67, 74)",,"[{'id': 22, 'text': 'ה', 'upos': 'DET', 'xpos': 'DET', 'feats': 'PronType=Art', 'head': 23, 'deprel': 'det:def', 'lemma': 'ה'}, {'id': 23, 'text': 'אנליטי', 'upos': 'ADJ', 'xpos': 'ADJ', 'feats': 'Gender=Masc|Number=Sing', 'head': 21, 'deprel': 'amod', 'lemma': 'אנליטי'}]"
1,3,NUM,NUM,,0.0,root,"(1, 2)",3,
1,3,NUM,NUM,,0.0,root,"(0, 1)",3,
1,2,NUM,NUM,,0.0,root,"(0, 1)",2,
1,2,NUM,NUM,,0.0,root,"(0, 1)",2,
1,פילוג,NOUN,NOUN,Definite=Cons|Gender=Masc|Number=Sing,12.0,nsubj,"(1, 6)",פילוג,
2,עוצמת,NOUN,NOUN,Definite=Cons|Gender=Fem|Number=Sing,1.0,compound:smixut,"(7, 12)",עוצמה,
3,גלי,NOUN,NOUN,Definite=Cons|Gender=Masc|Number=Plur,2.0,compound:smixut,"(13, 16)",גל,
"(4, 5)",הקול,,,,,,"(17, 21)",,"[{'id': 4, 'text': 'ה', 'upos': 'DET', 'xpos': 'DET', 'feats': 'PronType=Art', 'head': 5, 'deprel': 'det:def', 'lemma': 'ה'}, {'id': 5, 'text': 'קול', 'upos': 'NOUN', 'xpos': 'NOUN', 'feats': 'Gender=Masc|Number=Sing', 'head': 3, 'deprel': 'compound:smixut', 'lemma': 'קול'}]"
"(6, 7)",בחדר,,,,,,"(22, 26)",,"[{'id': 6, 'text': 'ב', 'upos': 'ADP', 'xpos': 'ADP', 'head': 7, 'deprel': 'case', 'lemma': 'ב'}, {'id': 7, 'text': 'חדר', 'upos': 'NOUN', 'xpos': 'NOUN', 'feats': 'Gender=Masc|Number=Sing', 'head': 1, 'deprel': 'nmod', 'lemma': 'חדר'}]"
"(8, 9)",מרחב,,,,,,"(27, 31)",,"[{'id': 8, 'text': 'מ', 'upos': 'ADP', 'xpos': 'ADP', 'head': 9, 'deprel': 'case', 'lemma': 'מ'}, {'id': 9, 'text': 'רחב', 'upos': 'NOUN', 'xpos': 'NOUN', 'feats': 'Definite=Cons|Gender=Masc|Number=Sing', 'head': 1, 'deprel': 'nmod', 'lemma': 'רחב'}]"
"(10, 11)",הפתרון,,,,,,"(32, 38)",,"[{'id': 10, 'text': 'ה', 'upos': 'DET', 'xpos': 'DET', 'feats': 'PronType=Art', 'head': 11, 'deprel': 'det:def', 'lemma': 'ה'}, {'id': 11, 'text': 'פתרון', 'upos': 'NOUN', 'xpos': 'NOUN', 'feats': 'Gender=Masc|Number=Sing', 'head': 9, 'deprel': 'compound:smixut', 'lemma': 'פתרון'}]"
12,מוגבל,VERB,VERB,"Gender=Masc|HebBinyan=PUAL|Number=Sing|Person=1,2,3|VerbForm=Part|Voice=Pass",0.0,root,"(39, 44)",מוגבל,
"(13, 14)",לשטח,,,,,,"(45, 49)",,"[{'id': 13, 'text': 'ל', 'upos': 'ADP', 'xpos': 'ADP', 'head': 14, 'deprel': 'case', 'lemma': 'ל'}, {'id': 14, 'text': 'שטח', 'upos': 'NOUN', 'xpos': 'NOUN', 'feats': 'Definite=Cons|Gender=Masc|Number=Sing', 'head': 12, 'deprel': 'obl', 'lemma': 'שטח'}]"
"(15, 16)",החדר,,,,,,"(50, 54)",,"[{'id': 15, 'text': 'ה', 'upos': 'DET', 'xpos': 'DET', 'feats': 'PronType=Art', 'head': 16, 'deprel': 'det:def', 'lemma': 'ה'}, {'id': 16, 'text': 'חדר', 'upos': 'NOUN', 'xpos': 'NOUN', 'feats': 'Gender=Masc|Number=Sing', 'head': 14, 'deprel': 'compound:smixut', 'lemma': 'חדר'}]"
"(17, 18)",3x3,,,,,,"(55, 58)",,"[{'id': 17, 'text': '3', 'upos': 'NUM', 'xpos': 'NUM', 'head': 19, 'deprel': 'nummod', 'lemma': '3'}, {'id': 18, 'text': 'ח3', 'upos': 'NUM', 'xpos': 'NUM', 'head': 19, 'deprel': 'nummod', 'lemma': 'ח3'}]"
19,מטר,NOUN,NOUN,Gender=Masc|Number=Sing,14.0,nmod,"(59, 62)",מטר,
"(1, 2)",בהתבסס,,,,,,"(1, 7)",,"[{'id': 1, 'text': 'ב', 'upos': 'ADP', 'xpos': 'ADP', 'head': 4, 'deprel': 'case', 'lemma': 'ב'}, {'id': 2, 'text': 'התבסס', 'upos': 'NOUN', 'xpos': 'NOUN', 'feats': 'Gender=Masc|Number=Sing', 'head': 26, 'deprel': 'obl', 'lemma': 'התבסס'}]"
3,על,ADP,ADP,,1.0,fixed,"(8, 10)",על,
4,תוצאות,NOUN,NOUN,Definite=Cons|Gender=Fem|Number=Plur,2.0,nmod,"(11, 17)",תוצאה,
"(5, 6)",הבדיקה,,,,,,"(18, 24)",,"[{'id': 5, 'text': 'ה', 'upos': 'DET', 'xpos': 'DET', 'feats': 'PronType=Art', 'head': 6, 'deprel': 'det:def', 'lemma': 'ה'}, {'id': 6, 'text': 'בדיקה', 'upos': 'NOUN', 'xpos': 'NOUN', 'feats': 'Gender=Fem|Number=Sing', 'head': 4, 'deprel': 'compound:smixut', 'lemma': 'בדיקה'}]"
7,של,ADP,ADP,Case=Gen,9.0,case:gen,"(25, 27)",של,
"(8, 9)",הפתרון,,,,,,"(28, 34)",,"[{'id': 8, 'text': 'ה', 'upos': 'DET', 'xpos': 'DET', 'feats': 'PronType=Art', 'head': 9, 'deprel': 'det:def', 'lemma': 'ה'}, {'id': 9, 'text': 'פתרון', 'upos': 'NOUN', 'xpos': 'NOUN', 'feats': 'Gender=Masc|Number=Sing', 'head': 6, 'deprel': 'nmod:poss', 'lemma': 'פתרון'}]"
"(10, 11)",הנומרי,,,,,,"(35, 41)",,"[{'id': 10, 'text': 'ה', 'upos': 'DET', 'xpos': 'DET', 'feats': 'PronType=Art', 'head': 11, 'deprel': 'det:def', 'lemma': 'ה'}, {'id': 11, 'text': 'נומרי', 'upos': 'ADJ', 'xpos': 'ADJ', 'feats': 'Gender=Masc|Number=Sing', 'head': 9, 'deprel': 'amod', 'lemma': 'נומרי'}]"
"(12, 13)",ובהתחשב,,,,,,"(42, 49)",,"[{'id': 12, 'text': 'ו', 'upos': 'CCONJ', 'xpos': 'CCONJ', 'head': 15, 'deprel': 'cc', 'lemma': 'ו'}, {'id': 13, 'text': 'בהתחשב', 'upos': 'ADP', 'xpos': 'ADP', 'head': 15, 'deprel': 'case', 'lemma': 'התחשב'}]"
"(14, 15)",בנתוני,,,,,,"(50, 56)",,"[{'id': 14, 'text': 'ב', 'upos': 'ADP', 'xpos': 'ADP', 'head': 13, 'deprel': 'fixed', 'lemma': 'ב'}, {'id': 15, 'text': 'נתוני', 'upos': 'NOUN', 'xpos': 'NOUN', 'feats': 'Definite=Cons|Gender=Masc|Number=Plur', 'head': 26, 'deprel': 'obl', 'lemma': 'נתון'}]"
"(16, 17)",הסימולציה,,,,,,"(57, 66)",,"[{'id': 16, 'text': 'ה', 'upos': 'DET', 'xpos': 'DET', 'feats': 'PronType=Art', 'head': 17, 'deprel': 'det:def', 'lemma': 'ה'}, {'id': 17, 'text': 'סימולציה', 'upos': 'NOUN', 'xpos': 'NOUN', 'feats': 'Gender=Fem|Number=Sing', 'head': 15, 'deprel': 'compound:smixut', 'lemma': 'סימולציה'}]"
18,(,PUNCT,PUNCT,,19.0,punct,"(67, 68)",(,
19,תדירויות,NOUN,NOUN,Gender=Fem|Number=Plur,15.0,appos,"(68, 76)",תדירות,
20,נמוכות,ADJ,ADJ,Gender=Fem|Number=Plur,19.0,amod,"(77, 83)",נמוך,
21,מ,ADP,ADP,,24.0,case,"(84, 85)",מ,
22,-,PUNCT,PUNCT,,24.0,punct,"(85, 86)",-,
23,100,NUM,NUM,,24.0,nummod,"(87, 90)",100,
24,Hz,NOUN,NOUN,,20.0,advmod,"(91, 93)",Hz,
25,),PUNCT,PUNCT,,19.0,punct,"(93, 94)",),
26,בחרנו,VERB,VERB,"Gender=Fem,Masc|HebBinyan=HIFIL|Number=Plur|Person=1|Tense=Past|Voice=Act",0.0,root,"(95, 100)",בחר,
27,אלמנט סופי,NOUN,NOUN,Gender=Masc|Number=Sing,26.0,obj,"(101, 111)",אלמנטוס,
28,רבועי,ADJ,ADJ,Gender=Masc|Number=Sing,27.0,amod,"(112, 117)",רבועי,
"(29, 30)",בגודל,,,,,,"(118, 123)",,"[{'id': 29, 'text': 'ב', 'upos': 'ADP', 'xpos': 'ADP', 'head': 30, 'deprel': 'case', 'lemma': 'ב'}, {'id': 30, 'text': 'גודל', 'upos': 'NOUN', 'xpos': 'NOUN', 'feats': 'Definite=Cons|Gender=Masc|Number=Sing', 'head': 27, 'deprel': 'nmod', 'lemma': 'גודל'}]"
"(31, 32)",10x10,,,,,,"(124, 129)",,"[{'id': 31, 'text': '1', 'upos': 'NUM', 'xpos': 'NUM', 'head': 30, 'deprel': 'compound:smixut', 'lemma': '1'}, {'id': 32, 'text': '0פ10', 'upos': 'NUM', 'xpos': 'NUM', 'head': 33, 'deprel': 'nummod', 'lemma': '0פ10'}]"
33,ס״מ,NOUN,NOUN,Abbr=Yes|Gender=Masc|Number=Sing,31.0,obl,"(130, 133)",ס״מ,
34,כדי,ADP,ADP,,35.0,case,"(134, 137)",כדי,
35,להגדיל,VERB,VERB,HebBinyan=HIFIL|VerbForm=Inf|Voice=Act,26.0,advcl,"(138, 144)",הגדיל,
36,את,ADP,ADP,Case=Acc,37.0,case:acc,"(145, 147)",את,
37,רמת,NOUN,NOUN,Definite=Cons|Gender=Fem|Number=Sing,35.0,obj,"(148, 151)",רמה,
"(38, 39)",הדיוק,,,,,,"(152, 157)",,"[{'id': 38, 'text': 'ה', 'upos': 'DET', 'xpos': 'DET', 'feats': 'PronType=Art', 'head': 39, 'deprel': 'det:def', 'lemma': 'ה'}, {'id': 39, 'text': 'דיוק', 'upos': 'NOUN', 'xpos': 'NOUN', 'feats': 'Gender=Masc|Number=Sing', 'head': 37, 'deprel': 'compound:smixut', 'lemma': 'דיוק'}]"
40,של,ADP,ADP,Case=Gen,42.0,case:gen,"(158, 160)",של,
"(41, 42)",החישובים,,,,,,"(161, 169)",,"[{'id': 41, 'text': 'ה', 'upos': 'DET', 'xpos': 'DET', 'feats': 'PronType=Art', 'head': 42, 'deprel': 'det:def', 'lemma': 'ה'}, {'id': 42, 'text': 'חישובים', 'upos': 'NOUN', 'xpos': 'NOUN', 'feats': 'Gender=Masc|Number=Plur', 'head': 37, 'deprel': 'nmod:poss', 'lemma': 'חישוב'}]"
1,תנאי,NOUN,NOUN,Definite=Cons|Gender=Masc|Number=Plur,10.0,nsubj,"(1, 5)",תנאי,
"(2, 3)",השפה,,,,,,"(6, 10)",,"[{'id': 2, 'text': 'ה', 'upos': 'DET', 'xpos': 'DET', 'feats': 'PronType=Art', 'head': 3, 'deprel': 'det:def', 'lemma': 'ה'}, {'id': 3, 'text': 'שפה', 'upos': 'NOUN', 'xpos': 'NOUN', 'feats': 'Gender=Fem|Number=Sing', 'head': 1, 'deprel': 'compound:smixut', 'lemma': 'שפה'}]"
"(4, 5)",שמייצג,,,,,,"(11, 17)",,"[{'id': 4, 'text': 'ש', 'upos': 'SCONJ', 'xpos': 'SCONJ', 'head': 5, 'deprel': 'mark', 'lemma': 'ש'}, {'id': 5, 'text': 'מייצג', 'upos': 'VERB', 'xpos': 'VERB', 'feats': 'Gender=Masc|HebBinyan=PIEL|Number=Sing|Person=1,2,3|VerbForm=Part|Voice=Act', 'head': 1, 'deprel': 'acl:relcl', 'lemma': 'ייצג'}]"
6,את,ADP,ADP,Case=Acc,7.0,case:acc,"(18, 20)",את,
7,רעש,NOUN,NOUN,Definite=Cons|Gender=Masc|Number=Sing,5.0,obj,"(21, 24)",רעש,
"(8, 9)",המזגן,,,,,,"(25, 30)",,"[{'id': 8, 'text': 'ה', 'upos': 'DET', 'xpos': 'DET', 'feats': 'PronType=Art', 'head': 9, 'deprel': 'det:def', 'lemma': 'ה'}, {'id': 9, 'text': 'מזגן', 'upos': 'NOUN', 'xpos': 'NOUN', 'feats': 'Gender=Masc|Number=Sing', 'head': 7, 'deprel': 'compound:smixut', 'lemma': 'מזגן'}]"
10,הוצב,VERB,VERB,Gender=Masc|HebBinyan=HUFAL|Number=Sing|Person=3|Tense=Past|Voice=Pass,0.0,root,"(31, 35)",הוצב,
"(11, 12)",כעומס,,,,,,"(36, 41)",,"[{'id': 11, 'text': 'כ', 'upos': 'ADP', 'xpos': 'ADP', 'head': 12, 'deprel': 'case', 'lemma': 'כ'}, {'id': 12, 'text': 'עומס', 'upos': 'NOUN', 'xpos': 'NOUN', 'feats': 'Gender=Masc|Number=Sing', 'head': 10, 'deprel': 'obl', 'lemma': 'עומס'}]"
13,אחיד,ADJ,ADJ,Gender=Masc|Number=Sing,12.0,amod,"(42, 46)",אחיד,
14,לאורך,ADP,ADP,,15.0,case,"(47, 52)",לאורך,
15,חתך,NOUN,NOUN,Definite=Cons|Gender=Masc|Number=Sing,12.0,nmod,"(53, 56)",חתך,
"(16, 17)",החלון,,,,,,"(57, 62)",,"[{'id': 16, 'text': 'ה', 'upos': 'DET', 'xpos': 'DET', 'feats': 'PronType=Art', 'head': 17, 'deprel': 'det:def', 'lemma': 'ה'}, {'id': 17, 'text': 'חלון', 'upos': 'NOUN', 'xpos': 'NOUN', 'feats': 'Gender=Masc|Number=Sing', 'head': 15, 'deprel': 'compound:smixut', 'lemma': 'חלון'}]"
"(18, 19)",בקיר,,,,,,"(63, 67)",,"[{'id': 18, 'text': 'ב', 'upos': 'ADP', 'xpos': 'ADP', 'head': 19, 'deprel': 'case', 'lemma': 'ב'}, {'id': 19, 'text': 'קיר', 'upos': 'NOUN', 'xpos': 'NOUN', 'feats': 'Gender=Masc|Number=Sing', 'head': 15, 'deprel': 'nmod', 'lemma': 'קיר'}]"
"(20, 21)",החיצוני,,,,,,"(68, 75)",,"[{'id': 20, 'text': 'ה', 'upos': 'DET', 'xpos': 'DET', 'feats': 'PronType=Art', 'head': 21, 'deprel': 'det:def', 'lemma': 'ה'}, {'id': 21, 'text': 'חיצוני', 'upos': 'ADJ', 'xpos': 'ADJ', 'feats': 'Gender=Masc|Number=Sing', 'head': 19, 'deprel': 'amod', 'lemma': 'חיצוני'}]"
22,(,PUNCT,PUNCT,,23.0,punct,"(76, 77)",(,
23,ציור,NOUN,NOUN,Gender=Masc|Number=Sing,15.0,appos,"(77, 81)",ציור,
24,4,NUM,NUM,,23.0,nummod,"(82, 83)",4,
25,),PUNCT,PUNCT,,23.0,punct,"(83, 84)",),
1,לפי,ADP,ADP,,2.0,case,"(1, 4)",לפי,
2,תוצאות,NOUN,NOUN,Definite=Cons|Gender=Fem|Number=Plur,9.0,obl,"(5, 11)",תוצאה,
"(3, 4)",המדידה,,,,,,"(12, 18)",,"[{'id': 3, 'text': 'ה', 'upos': 'DET', 'xpos': 'DET', 'feats': 'PronType=Art', 'head': 4, 'deprel': 'det:def', 'lemma': 'ה'}, {'id': 4, 'text': 'מדידה', 'upos': 'NOUN', 'xpos': 'NOUN', 'feats': 'Gender=Fem|Number=Sing', 'head': 2, 'deprel': 'compound:smixut', 'lemma': 'מדידה'}]"
5,(,PUNCT,PUNCT,,6.0,punct,"(19, 20)",(,
6,טבלה,NOUN,NOUN,Gender=Fem|Number=Sing,2.0,appos,"(20, 24)",טבלה,
7,1,NUM,NUM,,6.0,nummod,"(25, 26)",1,
8,),PUNCT,PUNCT,,6.0,punct,"(26, 27)",),
9,בחרנו,VERB,VERB,"Gender=Fem,Masc|HebBinyan=PAAL|Number=Plur|Person=1|Tense=Past|Voice=Act",0.0,root,"(28, 33)",בחר,
10,את,ADP,ADP,Case=Acc,12.0,case:acc,"(34, 36)",את,
"(11, 12)",הלחץ,,,,,,"(37, 41)",,"[{'id': 11, 'text': 'ה', 'upos': 'DET', 'xpos': 'DET', 'feats': 'PronType=Art', 'head': 12, 'deprel': 'det:def', 'lemma': 'ה'}, {'id': 12, 'text': 'לחץ', 'upos': 'NOUN', 'xpos': 'NOUN', 'feats': 'Gender=Masc|Number=Sing', 'head': 9, 'deprel': 'obj', 'lemma': 'לחץ'}]"
13,על,ADP,ADP,,16.0,case,"(42, 44)",על,
14,פני,NOUN,NOUN,"Definite=Cons|Gender=Fem,Masc|Number=Plur",13.0,fixed,"(45, 48)",פנים,
"(15, 16)",החלון,,,,,,"(49, 54)",,"[{'id': 15, 'text': 'ה', 'upos': 'DET', 'xpos': 'DET', 'feats': 'PronType=Art', 'head': 16, 'deprel': 'det:def', 'lemma': 'ה'}, {'id': 16, 'text': 'חלון', 'upos': 'NOUN', 'xpos': 'NOUN', 'feats': 'Gender=Masc|Number=Sing', 'head': 12, 'deprel': 'nmod', 'lemma': 'חלון'}]"
17,להיות,AUX,AUX,Polarity=Pos|VerbForm=Inf|VerbType=Cop,12.0,acl,"(55, 60)",היה,
18,0,NUM,NUM,,17.0,obj,"(61, 62)",0,
1,0205,NUM,NUM,,0.0,root,"(0, 4)",0205,
2,Pa,X,X,,1.0,nummod,"(5, 7)",Pa,
"(3, 4)",שהוא,,,,,,"(8, 12)",,"[{'id': 3, 'text': 'ש', 'upos': 'SCONJ', 'xpos': 'SCONJ', 'head': 6, 'deprel': 'mark', 'lemma': 'ש'}, {'id': 4, 'text': 'הוא', 'upos': 'PRON', 'xpos': 'PRON', 'feats': 'Gender=Masc|Number=Sing|Person=3|PronType=Prs', 'head': 6, 'deprel': 'nsubj', 'lemma': 'הוא'}]"
"(5, 6)",הממוצע,,,,,,"(13, 19)",,"[{'id': 5, 'text': 'ה', 'upos': 'DET', 'xpos': 'DET', 'feats': 'PronType=Art', 'head': 6, 'deprel': 'det:def', 'lemma': 'ה'}, {'id': 6, 'text': 'ממוצע', 'upos': 'NOUN', 'xpos': 'NOUN', 'feats': 'Gender=Masc|Number=Sing', 'head': 1, 'deprel': 'acl:relcl', 'lemma': 'ממוצע'}]"
7,בין,ADP,ADP,,9.0,case,"(20, 23)",בין,
"(8, 9)",הערכים,,,,,,"(24, 30)",,"[{'id': 8, 'text': 'ה', 'upos': 'DET', 'xpos': 'DET', 'feats': 'PronType=Art', 'head': 9, 'deprel': 'det:def', 'lemma': 'ה'}, {'id': 9, 'text': 'ערכים', 'upos': 'NOUN', 'xpos': 'NOUN', 'feats': 'Gender=Masc|Number=Plur', 'head': 6, 'deprel': 'nmod', 'lemma': 'ערך'}]"
"(10, 11)",שנמדדו,,,,,,"(31, 37)",,"[{'id': 10, 'text': 'ש', 'upos': 'SCONJ', 'xpos': 'SCONJ', 'head': 11, 'deprel': 'mark', 'lemma': 'ש'}, {'id': 11, 'text': 'נמדדו', 'upos': 'VERB', 'xpos': 'VERB', 'feats': 'Gender=Fem,Masc|HebBinyan=NIFAL|Number=Plur|Person=3|Tense=Past|Voice=Mid', 'head': 9, 'deprel': 'acl:relcl', 'lemma': 'נמדד'}]"
"(12, 13)",משני,,,,,,"(38, 42)",,"[{'id': 12, 'text': 'מ', 'upos': 'ADP', 'xpos': 'ADP', 'head': 14, 'deprel': 'case', 'lemma': 'מ'}, {'id': 13, 'text': 'שני', 'upos': 'NUM', 'xpos': 'NUM', 'feats': 'Definite=Cons|Gender=Masc|Number=Plur', 'head': 14, 'deprel': 'nummod', 'lemma': 'שני'}]"
14,צידי,NOUN,NOUN,Definite=Cons|Gender=Masc|Number=Plur,11.0,obl,"(43, 47)",ציד,
"(15, 16)",החלון,,,,,,"(48, 53)",,"[{'id': 15, 'text': 'ה', 'upos': 'DET', 'xpos': 'DET', 'feats': 'PronType=Art', 'head': 16, 'deprel': 'det:def', 'lemma': 'ה'}, {'id': 16, 'text': 'חלון', 'upos': 'NOUN', 'xpos': 'NOUN', 'feats': 'Gender=Masc|Number=Sing', 'head': 14, 'deprel': 'compound:smixut', 'lemma': 'חלון'}]"
"(17, 18)",בנקודות,,,,,,"(54, 61)",,"[{'id': 17, 'text': 'ב', 'upos': 'ADP', 'xpos': 'ADP', 'head': 18, 'deprel': 'case', 'lemma': 'ב'}, {'id': 18, 'text': 'נקודות', 'upos': 'NOUN', 'xpos': 'NOUN', 'feats': 'Gender=Fem|Number=Plur', 'head': 11, 'deprel': 'obl', 'lemma': 'נקודה'}]"
19,6,NUM,NUM,,18.0,compound:smixut,"(62, 63)",6,
"(20, 21)",ו־,,,,,,"(64, 66)",,"[{'id': 20, 'text': 'ו', 'upos': 'CCONJ', 'xpos': 'CCONJ', 'head': 21, 'deprel': 'cc', 'lemma': 'ו'}, {'id': 21, 'text': 'ק', 'upos': 'PROPN', 'xpos': 'PROPN', 'head': 18, 'deprel': 'conj', 'lemma': 'ק'}]"
22,7,NUM,NUM,,21.0,nummod,"(67, 68)",7,
1,לחץ,NOUN,NOUN,Definite=Cons|Gender=Masc|Number=Sing,7.0,nsubj,"(1, 4)",לחץ,
"(2, 3)",הייחוס,,,,,,"(5, 11)",,"[{'id': 2, 'text': 'ה', 'upos': 'DET', 'xpos': 'DET', 'feats': 'PronType=Art', 'head': 3, 'deprel': 'det:def', 'lemma': 'ה'}, {'id': 3, 'text': 'ייחוס', 'upos': 'NOUN', 'xpos': 'NOUN', 'feats': 'Gender=Masc|Number=Sing', 'head': 1, 'deprel': 'compound:smixut', 'lemma': 'ייחוס'}]"
"(4, 5)",בכל,,,,,,"(12, 15)",,"[{'id': 4, 'text': 'ב', 'upos': 'ADP', 'xpos': 'ADP', 'head': 6, 'deprel': 'case', 'lemma': 'ב'}, {'id': 5, 'text': 'כל', 'upos': 'DET', 'xpos': 'DET', 'feats': 'Definite=Cons', 'head': 6, 'deprel': 'det', 'lemma': 'כול'}]"
6,אלמנט,NOUN,NOUN,Gender=Masc|Number=Sing,1.0,nmod,"(16, 21)",אלמנט,
7,נקבע,VERB,VERB,Gender=Masc|HebBinyan=NIFAL|Number=Sing|Person=3|Tense=Past|Voice=Mid,0.0,root,"(22, 26)",נקבע,
"(8, 9)",לסף,,,,,,"(27, 30)",,"[{'id': 8, 'text': 'ל', 'upos': 'ADP', 'xpos': 'ADP', 'head': 9, 'deprel': 'case', 'lemma': 'ל'}, {'id': 9, 'text': 'סף', 'upos': 'NOUN', 'xpos': 'NOUN', 'feats': 'Definite=Cons|Gender=Masc|Number=Sing', 'head': 7, 'deprel': 'obl', 'lemma': 'סף'}]"
"(10, 11)",השמע,,,,,,"(31, 35)",,"[{'id': 10, 'text': 'ה', 'upos': 'DET', 'xpos': 'DET', 'feats': 'PronType=Art', 'head': 11, 'deprel': 'det:def', 'lemma': 'ה'}, {'id': 11, 'text': 'שמע', 'upos': 'NOUN', 'xpos': 'NOUN', 'feats': 'Gender=Masc|Number=Sing', 'head': 9, 'deprel': 'compound:smixut', 'lemma': 'שמע'}]"
12,pref=0,NUM,NUM,HebSource=ConvUncertainHead,9.0,appos,"(36, 42)",pref=0,
1,00002,NUM,NUM,,2.0,nummod,"(0, 5)",00002,
2,Pa,NOUN,NOUN,,6.0,nsubj,"(6, 8)",Pa,
"(3, 5)",ולפיו,,,,,,"(9, 14)",,"[{'id': 3, 'text': 'ו', 'upos': 'CCONJ', 'xpos': 'CCONJ', 'head': 6, 'deprel': 'cc', 'lemma': 'ו'}, {'id': 4, 'text': 'לפי_', 'upos': 'ADP', 'xpos': 'ADP', 'head': 5, 'deprel': 'case', 'lemma': 'לפי'}, {'id': 5, 'text': '_הוא', 'upos': 'PRON', 'xpos': 'PRON', 'feats': 'Gender=Masc|Number=Sing|Person=3|PronType=Prs', 'head': 6, 'deprel': 'obl', 'lemma': 'הוא'}]"
6,חושבה,VERB,VERB,"Gender=Fem|HebBinyan=PAAL|Number=Sing|Person=1,2,3|VerbForm=Part|Voice=Act",0.0,root,"(15, 20)",חושב,
"(7, 8)",העוצמה,,,,,,"(21, 27)",,"[{'id': 7, 'text': 'ה', 'upos': 'DET', 'xpos': 'DET', 'feats': 'PronType=Art', 'head': 8, 'deprel': 'det:def', 'lemma': 'ה'}, {'id': 8, 'text': 'עוצמה', 'upos': 'NOUN', 'xpos': 'NOUN', 'feats': 'Gender=Fem|Number=Sing', 'head': 6, 'deprel': 'nsubj', 'lemma': 'עוצמה'}]"
9,ב־,ADP,ADP,,10.0,case,"(28, 30)",ב־,
10,dB,PROPN,PROPN,,8.0,nmod,"(31, 33)",dB,
"(11, 12)",בכל,,,,,,"(34, 37)",,"[{'id': 11, 'text': 'ב', 'upos': 'ADP', 'xpos': 'ADP', 'head': 13, 'deprel': 'case', 'lemma': 'ב'}, {'id': 12, 'text': 'כל', 'upos': 'DET', 'xpos': 'DET', 'feats': 'Definite=Cons', 'head': 13, 'deprel': 'det', 'lemma': 'כול'}]"
13,נקודה,NOUN,NOUN,Gender=Fem|Number=Sing,6.0,obl,"(38, 43)",נקודה,
1,פילוג,NOUN,NOUN,Definite=Cons|Gender=Masc|Number=Sing,6.0,nsubj,"(1, 6)",פילוג,
"(2, 3)",הלחצים,,,,,,"(7, 13)",,"[{'id': 2, 'text': 'ה', 'upos': 'DET', 'xpos': 'DET', 'feats': 'PronType=Art', 'head': 3, 'deprel': 'det:def', 'lemma': 'ה'}, {'id': 3, 'text': 'לחצים', 'upos': 'NOUN', 'xpos': 'NOUN', 'feats': 'Gender=Masc|Number=Plur', 'head': 1, 'deprel': 'compound:smixut', 'lemma': 'לחץ'}]"
"(4, 5)",בחדר,,,,,,"(14, 18)",,"[{'id': 4, 'text': 'ב', 'upos': 'ADP', 'xpos': 'ADP', 'head': 5, 'deprel': 'case', 'lemma': 'ב'}, {'id': 5, 'text': 'חדר', 'upos': 'NOUN', 'xpos': 'NOUN', 'feats': 'Gender=Masc|Number=Sing', 'head': 1, 'deprel': 'nmod', 'lemma': 'חדר'}]"
6,חושב,VERB,VERB,"Gender=Masc|HebBinyan=PAAL|Number=Sing|Person=1,2,3|VerbForm=Part|Voice=Act",0.0,root,"(19, 23)",חשב,
7,עבור,ADP,ADP,,9.0,case,"(24, 28)",עבור,
8,כל,DET,DET,Definite=Cons,9.0,det,"(29, 31)",כול,
9,אחת,NUM,NUM,Gender=Fem|Number=Sing,6.0,obl,"(32, 35)",אחת,
"(10, 11)",משלושת,,,,,,"(36, 42)",,"[{'id': 10, 'text': 'מ', 'upos': 'ADP', 'xpos': 'ADP', 'head': 13, 'deprel': 'case', 'lemma': 'מ'}, {'id': 11, 'text': 'שלושת', 'upos': 'NUM', 'xpos': 'NUM', 'feats': 'Definite=Cons|Gender=Masc|Number=Sing', 'head': 13, 'deprel': 'nummod', 'lemma': 'שלושת'}]"
"(12, 13)",התדירויות,,,,,,"(43, 52)",,"[{'id': 12, 'text': 'ה', 'upos': 'DET', 'xpos': 'DET', 'feats': 'PronType=Art', 'head': 13, 'deprel': 'det:def', 'lemma': 'ה'}, {'id': 13, 'text': 'תדירויות', 'upos': 'NOUN', 'xpos': 'NOUN', 'feats': 'Gender=Fem|Number=Plur', 'head': 6, 'deprel': 'obl', 'lemma': 'תדירות'}]"
"(14, 15)",האופייניות,,,,,,"(53, 63)",,"[{'id': 14, 'text': 'ה', 'upos': 'DET', 'xpos': 'DET', 'feats': 'PronType=Art', 'head': 15, 'deprel': 'det:def', 'lemma': 'ה'}, {'id': 15, 'text': 'אופייניות', 'upos': 'ADJ', 'xpos': 'ADJ', 'feats': 'Gender=Fem|Number=Plur', 'head': 13, 'deprel': 'amod', 'lemma': 'אופייני'}]"
16,24,NUM,NUM,,13.0,appos,"(64, 66)",24,
17,",",PUNCT,PUNCT,,16.0,punct,"(66, 67)",",",
18,36,NUM,NUM,HebSource=ConvUncertainHead,16.0,dep,"(67, 69)",36,
19,",",PUNCT,PUNCT,,16.0,punct,"(69, 70)",",",
20,72,NUM,NUM,,21.0,nummod,"(70, 72)",72,
21,Hz,NOUN,NOUN,HebSource=ConvUncertainHead,16.0,dep,"(73, 75)",Hz,
"(1, 2)",בהצגת,,,,,,"(1, 6)",,"[{'id': 1, 'text': 'ב', 'upos': 'ADP', 'xpos': 'ADP', 'head': 2, 'deprel': 'case', 'lemma': 'ב'}, {'id': 2, 'text': 'הצגת', 'upos': 'NOUN', 'xpos': 'NOUN', 'feats': 'Definite=Cons|Gender=Fem|Number=Sing', 'head': 5, 'deprel': 'obl', 'lemma': 'הצגה'}]"
"(3, 4)",התוצאות,,,,,,"(7, 14)",,"[{'id': 3, 'text': 'ה', 'upos': 'DET', 'xpos': 'DET', 'feats': 'PronType=Art', 'head': 4, 'deprel': 'det:def', 'lemma': 'ה'}, {'id': 4, 'text': 'תוצאות', 'upos': 'NOUN', 'xpos': 'NOUN', 'feats': 'Gender=Fem|Number=Plur', 'head': 2, 'deprel': 'compound:smixut', 'lemma': 'תוצאה'}]"
5,בחרנו,VERB,VERB,"Gender=Fem,Masc|HebBinyan=HIFIL|Number=Plur|Person=1|Tense=Past|Voice=Act",0.0,root,"(15, 20)",בחר,
6,להציג,VERB,VERB,HebBinyan=HIFIL|VerbForm=Inf|Voice=Act,5.0,xcomp,"(21, 26)",הציג,
7,את,ADP,ADP,Case=Acc,8.0,case:acc,"(27, 29)",את,
8,עוצמת,NOUN,NOUN,Definite=Cons|Gender=Fem|Number=Sing,6.0,obj,"(30, 35)",עוצמה,
"(9, 10)",הרעש,,,,,,"(36, 40)",,"[{'id': 9, 'text': 'ה', 'upos': 'DET', 'xpos': 'DET', 'feats': 'PronType=Art', 'head': 10, 'deprel': 'det:def', 'lemma': 'ה'}, {'id': 10, 'text': 'רעש', 'upos': 'NOUN', 'xpos': 'NOUN', 'feats': 'Gender=Masc|Number=Sing', 'head': 8, 'deprel': 'compound:smixut', 'lemma': 'רעש'}]"
11,ב־,ADP,ADP,,13.0,case,"(41, 43)",ב־,
12,[,PUNCT,PUNCT,,13.0,punct,"(44, 45)",[,
13,Lp,PROPN,PROPN,,8.0,nmod,"(45, 47)",Lp,
14,[,PUNCT,PUNCT,,13.0,punct,"(47, 48)",[,
15,dB,PROPN,PROPN,,13.0,nmod,"(48, 50)",dB,
"(16, 18)",כמקובל,,,,,,"(51, 57)",,"[{'id': 16, 'text': 'כ', 'upos': 'ADP', 'xpos': 'ADP', 'head': 18, 'deprel': 'case', 'lemma': 'כ'}, {'id': 17, 'text': 'ה_', 'upos': 'DET', 'xpos': 'DET', 'feats': 'PronType=Art', 'head': 18, 'deprel': 'det:def', 'lemma': 'ה'}, {'id': 18, 'text': 'מקובל', 'upos': 'NOUN', 'xpos': 'NOUN', 'feats': 'Gender=Masc|Number=Sing', 'head': 6, 'deprel': 'obl', 'lemma': 'מקובל'}]"
"(19, 20)",בשימושים,,,,,,"(58, 66)",,"[{'id': 19, 'text': 'ב', 'upos': 'ADP', 'xpos': 'ADP', 'head': 20, 'deprel': 'case', 'lemma': 'ב'}, {'id': 20, 'text': 'שימושים', 'upos': 'NOUN', 'xpos': 'NOUN', 'feats': 'Gender=Masc|Number=Plur', 'head': 18, 'deprel': 'nmod', 'lemma': 'שימוש'}]"
21,טכניים,ADJ,ADJ,Gender=Masc|Number=Plur,20.0,amod,"(67, 73)",טכני,
1,רגישות,NOUN,NOUN,Definite=Cons|Gender=Fem|Number=Sing,8.0,nsubj,"(1, 7)",רגישות,
"(2, 3)",הפתרון,,,,,,"(8, 14)",,"[{'id': 2, 'text': 'ה', 'upos': 'DET', 'xpos': 'DET', 'feats': 'PronType=Art', 'head': 3, 'deprel': 'det:def', 'lemma': 'ה'}, {'id': 3, 'text': 'פתרון', 'upos': 'NOUN', 'xpos': 'NOUN', 'feats': 'Gender=Masc|Number=Sing', 'head': 1, 'deprel': 'compound:smixut', 'lemma': 'פתרון'}]"
"(4, 5)",למשתנים,,,,,,"(15, 22)",,"[{'id': 4, 'text': 'ל', 'upos': 'ADP', 'xpos': 'ADP', 'head': 5, 'deprel': 'case', 'lemma': 'ל'}, {'id': 5, 'text': 'משתנים', 'upos': 'NOUN', 'xpos': 'NOUN', 'feats': 'Gender=Masc|Number=Plur', 'head': 1, 'deprel': 'nmod', 'lemma': 'משתנה'}]"
"(6, 7)",השונים,,,,,,"(23, 29)",,"[{'id': 6, 'text': 'ה', 'upos': 'DET', 'xpos': 'DET', 'feats': 'PronType=Art', 'head': 7, 'deprel': 'det:def', 'lemma': 'ה'}, {'id': 7, 'text': 'שונים', 'upos': 'ADJ', 'xpos': 'ADJ', 'feats': 'Gender=Masc|Number=Plur', 'head': 5, 'deprel': 'amod', 'lemma': 'שונה'}]"
8,נעשתה,VERB,VERB,Gender=Fem|HebBinyan=NIFAL|Number=Sing|Person=3|Tense=Past|Voice=Mid,0.0,root,"(30, 35)",נעשה,
9,ע״י,ADP,ADP,Abbr=Yes,10.0,case,"(36, 39)",ע״י,
10,ביצוע,NOUN,NOUN,Definite=Cons|Gender=Masc|Number=Sing,8.0,obl,"(40, 45)",ביצוע,
11,חישובים,NOUN,NOUN,Gender=Masc|Number=Plur,10.0,compound:smixut,"(46, 53)",חישוב,
12,עבור,ADP,ADP,,13.0,case,"(54, 58)",עבור,
13,מקדמי,NOUN,NOUN,Definite=Cons|Gender=Masc|Number=Plur,10.0,nmod,"(59, 64)",מקדם,
14,ספיגה,NOUN,NOUN,Gender=Fem|Number=Sing,13.0,compound:smixut,"(65, 70)",ספיגה,
15,שונים,ADJ,ADJ,Gender=Masc|Number=Plur,13.0,amod,"(71, 76)",שונה,
"(16, 17)",וגם,,,,,,"(77, 80)",,"[{'id': 16, 'text': 'ו', 'upos': 'CCONJ', 'xpos': 'CCONJ', 'head': 19, 'deprel': 'cc', 'lemma': 'ו'}, {'id': 17, 'text': 'גם', 'upos': 'ADV', 'xpos': 'ADV', 'head': 18, 'deprel': 'advmod', 'lemma': 'גם'}]"
18,עבור,ADP,ADP,,19.0,case,"(81, 85)",עבור,
19,פאזות,NOUN,NOUN,Gender=Fem|Number=Plur,13.0,conj,"(86, 91)",פאזות,
20,שונות,ADJ,ADJ,Gender=Fem|Number=Plur,19.0,amod,"(92, 97)",שונה,
21,של,ADP,ADP,Case=Gen,23.0,case:gen,"(98, 100)",של,
"(22, 23)",העומס,,,,,,"(101, 106)",,"[{'id': 22, 'text': 'ה', 'upos': 'DET', 'xpos': 'DET', 'feats': 'PronType=Art', 'head': 23, 'deprel': 'det:def', 'lemma': 'ה'}, {'id': 23, 'text': 'עומס', 'upos': 'NOUN', 'xpos': 'NOUN', 'feats': 'Gender=Masc|Number=Sing', 'head': 19, 'deprel': 'nmod', 'lemma': 'עומס'}]"
24,(,PUNCT,PUNCT,,26.0,punct,"(107, 108)",(,
"(25, 26)",הרעש,,,,,,"(108, 112)",,"[{'id': 25, 'text': 'ה', 'upos': 'DET', 'xpos': 'DET', 'feats': 'PronType=Art', 'head': 26, 'deprel': 'det:def', 'lemma': 'ה'}, {'id': 26, 'text': 'רעש', 'upos': 'NOUN', 'xpos': 'NOUN', 'feats': 'Gender=Masc|Number=Sing', 'head': 23, 'deprel': 'appos', 'lemma': 'רעש'}]"
27,),PUNCT,PUNCT,,26.0,punct,"(112, 113)",),
"(28, 29)",בחלון,,,,,,"(114, 119)",,"[{'id': 28, 'text': 'ב', 'upos': 'ADP', 'xpos': 'ADP', 'head': 29, 'deprel': 'case', 'lemma': 'ב'}, {'id': 29, 'text': 'חלון', 'upos': 'NOUN', 'xpos': 'NOUN', 'feats': 'Gender=Masc|Number=Sing', 'head': 23, 'deprel': 'nmod', 'lemma': 'חלון'}]"
1,ניתוח,NOUN,NOUN,Definite=Cons|Gender=Masc|Number=Sing,4.0,nsubj,"(1, 6)",ניתוח,
"(2, 3)",התוצאות,,,,,,"(7, 14)",,"[{'id': 2, 'text': 'ה', 'upos': 'DET', 'xpos': 'DET', 'feats': 'PronType=Art', 'head': 3, 'deprel': 'det:def', 'lemma': 'ה'}, {'id': 3, 'text': 'תוצאות', 'upos': 'NOUN', 'xpos': 'NOUN', 'feats': 'Gender=Fem|Number=Plur', 'head': 1, 'deprel': 'compound:smixut', 'lemma': 'תוצאה'}]"
4,הראה,VERB,VERB,Gender=Masc|HebBinyan=HIFIL|Number=Sing|Person=3|Tense=Past|Voice=Act,0.0,root,"(15, 19)",הראה,
5,כי,SCONJ,SCONJ,,10.0,mark,"(20, 22)",כי,
6,שינוי,NOUN,NOUN,Definite=Cons|Gender=Masc|Number=Sing,10.0,nsubj,"(23, 28)",שינוי,
"(7, 8)",הפאזה,,,,,,"(29, 34)",,"[{'id': 7, 'text': 'ה', 'upos': 'DET', 'xpos': 'DET', 'feats': 'PronType=Art', 'head': 8, 'deprel': 'det:def', 'lemma': 'ה'}, {'id': 8, 'text': 'פאזה', 'upos': 'NOUN', 'xpos': 'NOUN', 'feats': 'Gender=Fem|Number=Sing', 'head': 6, 'deprel': 'compound:smixut', 'lemma': 'פאזה'}]"
9,אינו,AUX,AUX,Gender=Masc|Number=Sing|Person=3|Polarity=Neg|VerbForm=Part|VerbType=Cop,10.0,advmod,"(35, 39)",אינו,
10,משפיע,VERB,VERB,"Gender=Masc|HebBinyan=HIFIL|Number=Sing|Person=1,2,3|VerbForm=Part|Voice=Act",4.0,ccomp,"(40, 45)",השפיע,
11,",",PUNCT,PUNCT,,10.0,punct,"(45, 46)",",",
12,אולם,CCONJ,CCONJ,,20.0,cc,"(47, 51)",אולם,
13,שינוי,NOUN,NOUN,Gender=Masc|Number=Sing,20.0,nsubj,"(52, 57)",שינוי,
"(14, 17)",במקדם,,,,,,"(58, 63)",,"[{'id': 14, 'text': 'ב', 'upos': 'ADP', 'xpos': 'ADP', 'head': 15, 'deprel': 'case', 'lemma': 'ב'}, {'id': 15, 'text': 'מקד_', 'upos': 'NOUN', 'xpos': 'NOUN', 'feats': 'Definite=Def|Gender=Masc|Number=Plur', 'head': 13, 'deprel': 'nmod', 'lemma': 'מקד'}, {'id': 16, 'text': '_של_', 'upos': 'ADP', 'xpos': 'ADP', 'head': 17, 'deprel': 'case:gen', 'lemma': 'של'}, {'id': 17, 'text': '_הם', 'upos': 'PRON', 'xpos': 'PRON', 'feats': 'Case=Gen|Gender=Masc|Number=Plur|Person=3|PronType=Prs', 'head': 15, 'deprel': 'nmod:poss', 'lemma': 'הוא'}]"
"(18, 19)",הספיגה,,,,,,"(64, 70)",,"[{'id': 18, 'text': 'ה', 'upos': 'DET', 'xpos': 'DET', 'feats': 'PronType=Art', 'head': 19, 'deprel': 'det:def', 'lemma': 'ה'}, {'id': 19, 'text': 'ספיגה', 'upos': 'NOUN', 'xpos': 'NOUN', 'feats': 'Gender=Fem|Number=Sing', 'head': 15, 'deprel': 'nmod', 'lemma': 'ספיגה'}]"
20,נותן,VERB,VERB,"Gender=Masc|HebBinyan=PAAL|Number=Sing|Person=1,2,3|VerbForm=Part|Voice=Act",10.0,conj,"(71, 75)",נתן,
21,תוצאות,NOUN,NOUN,Gender=Fem|Number=Plur,20.0,obj,"(76, 82)",תוצאה,
22,שונות,ADJ,ADJ,Gender=Fem|Number=Plur,21.0,amod,"(83, 88)",שונה,
"(1, 2)",בציור,,,,,,"(1, 6)",,"[{'id': 1, 'text': 'ב', 'upos': 'ADP', 'xpos': 'ADP', 'head': 2, 'deprel': 'case', 'lemma': 'ב'}, {'id': 2, 'text': 'ציור', 'upos': 'NOUN', 'xpos': 'NOUN', 'feats': 'Gender=Masc|Number=Sing', 'head': 4, 'deprel': 'obl', 'lemma': 'ציור'}]"
3,5,NUM,NUM,,2.0,nummod,"(7, 8)",5,
4,מוצגות,VERB,VERB,"Gender=Fem|HebBinyan=HUFAL|Number=Plur|Person=1,2,3|VerbForm=Part|Voice=Pass",0.0,root,"(9, 15)",הוצג,
"(5, 6)",התוצאות,,,,,,"(16, 23)",,"[{'id': 5, 'text': 'ה', 'upos': 'DET', 'xpos': 'DET', 'feats': 'PronType=Art', 'head': 6, 'deprel': 'det:def', 'lemma': 'ה'}, {'id': 6, 'text': 'תוצאות', 'upos': 'NOUN', 'xpos': 'NOUN', 'feats': 'Gender=Fem|Number=Plur', 'head': 4, 'deprel': 'nsubj', 'lemma': 'תוצאה'}]"
7,עבור,ADP,ADP,,10.0,case,"(24, 28)",עבור,
8,שלושת,NUM,NUM,Definite=Cons|Gender=Masc|Number=Sing,10.0,nummod,"(29, 34)",שלושת,
"(9, 10)",התדירויות,,,,,,"(35, 44)",,"[{'id': 9, 'text': 'ה', 'upos': 'DET', 'xpos': 'DET', 'feats': 'PronType=Art', 'head': 10, 'deprel': 'det:def', 'lemma': 'ה'}, {'id': 10, 'text': 'תדירויות', 'upos': 'NOUN', 'xpos': 'NOUN', 'feats': 'Gender=Fem|Number=Plur', 'head': 4, 'deprel': 'obl', 'lemma': 'תדירות'}]"
"(11, 12)",ועבור,,,,,,"(45, 50)",,"[{'id': 11, 'text': 'ו', 'upos': 'CCONJ', 'xpos': 'CCONJ', 'head': 13, 'deprel': 'cc', 'lemma': 'ו'}, {'id': 12, 'text': 'עבור', 'upos': 'ADP', 'xpos': 'ADP', 'head': 13, 'deprel': 'case', 'lemma': 'עבור'}]"
13,מקדמי,NOUN,NOUN,Definite=Cons|Gender=Masc|Number=Plur,10.0,conj,"(51, 56)",מקדם,
14,הספיקה,NOUN,NOUN,Gender=Fem|Number=Sing,13.0,compound:smixut,"(57, 63)",הספיק,
15,p,PROPN,PROPN,,13.0,dep,"(64, 65)",p,
16,0,NUM,NUM,,15.0,nummod,"(66, 67)",0,
1,"9 ,",PUNCT,PUNCT,,0.0,root,"(0, 3)","9 ,",
2,0,NUM,NUM,,1.0,dep,"(3, 4)",0,
1,"6 ,",PUNCT,PUNCT,,0.0,root,"(0, 3)","6 ,",
2,0,NUM,NUM,,1.0,dep,"(3, 4)",0,
1,1,NUM,NUM,,0.0,root,"(0, 1)",1,
2,=,PUNCT,PUNCT,,1.0,punct,"(2, 3)",=,
"(1, 2)",לצורך,,,,,,"(1, 6)",,"[{'id': 1, 'text': 'ל', 'upos': 'ADP', 'xpos': 'ADP', 'head': 2, 'deprel': 'case', 'lemma': 'ל'}, {'id': 2, 'text': 'צורך', 'upos': 'NOUN', 'xpos': 'NOUN', 'feats': 'Definite=Cons|Gender=Masc|Number=Sing', 'head': 25, 'deprel': 'obl', 'lemma': 'צורך'}]"
"(3, 4)",ההשוואה,,,,,,"(7, 14)",,"[{'id': 3, 'text': 'ה', 'upos': 'DET', 'xpos': 'DET', 'feats': 'PronType=Art', 'head': 4, 'deprel': 'det:def', 'lemma': 'ה'}, {'id': 4, 'text': 'השוואה', 'upos': 'NOUN', 'xpos': 'NOUN', 'feats': 'Gender=Fem|Number=Sing', 'head': 2, 'deprel': 'compound:smixut', 'lemma': 'השוואה'}]"
5,בין,ADP,ADP,,6.0,case,"(15, 18)",בין,
6,עוצמת,NOUN,NOUN,Definite=Cons|Gender=Fem|Number=Sing,4.0,nmod,"(19, 24)",עוצמה,
"(7, 8)",הרעש,,,,,,"(25, 29)",,"[{'id': 7, 'text': 'ה', 'upos': 'DET', 'xpos': 'DET', 'feats': 'PronType=Art', 'head': 8, 'deprel': 'det:def', 'lemma': 'ה'}, {'id': 8, 'text': 'רעש', 'upos': 'NOUN', 'xpos': 'NOUN', 'feats': 'Gender=Masc|Number=Sing', 'head': 6, 'deprel': 'compound:smixut', 'lemma': 'רעש'}]"
"(9, 10)",המחושבת,,,,,,"(30, 37)",,"[{'id': 9, 'text': 'ה', 'upos': 'DET', 'xpos': 'DET', 'feats': 'PronType=Art', 'head': 10, 'deprel': 'det:def', 'lemma': 'ה'}, {'id': 10, 'text': 'מחושבת', 'upos': 'ADJ', 'xpos': 'ADJ', 'feats': 'Gender=Fem|Number=Sing', 'head': 6, 'deprel': 'amod', 'lemma': 'מחושב'}]"
"(11, 12)",ובין,,,,,,"(38, 42)",,"[{'id': 11, 'text': 'ו', 'upos': 'CCONJ', 'xpos': 'CCONJ', 'head': 14, 'deprel': 'cc', 'lemma': 'ו'}, {'id': 12, 'text': 'בין', 'upos': 'ADP', 'xpos': 'ADP', 'head': 14, 'deprel': 'case', 'lemma': 'בין'}]"
"(13, 14)",המדידות,,,,,,"(43, 50)",,"[{'id': 13, 'text': 'ה', 'upos': 'DET', 'xpos': 'DET', 'feats': 'PronType=Art', 'head': 14, 'deprel': 'det:def', 'lemma': 'ה'}, {'id': 14, 'text': 'מדידות', 'upos': 'NOUN', 'xpos': 'NOUN', 'feats': 'Gender=Fem|Number=Plur', 'head': 6, 'deprel': 'conj', 'lemma': 'מדידה'}]"
"(15, 16)",שנעשו,,,,,,"(51, 56)",,"[{'id': 15, 'text': 'ש', 'upos': 'SCONJ', 'xpos': 'SCONJ', 'head': 16, 'deprel': 'mark', 'lemma': 'ש'}, {'id': 16, 'text': 'נעשו', 'upos': 'VERB', 'xpos': 'VERB', 'feats': 'Gender=Fem,Masc|HebBinyan=NIFAL|Number=Plur|Person=3|Tense=Past|Voice=Mid', 'head': 14, 'deprel': 'acl:relcl', 'lemma': 'נעשה'}]"
"(17, 18)",בשש,,,,,,"(57, 60)",,"[{'id': 17, 'text': 'ב', 'upos': 'ADP', 'xpos': 'ADP', 'head': 19, 'deprel': 'case', 'lemma': 'ב'}, {'id': 18, 'text': 'שש', 'upos': 'NUM', 'xpos': 'NUM', 'feats': 'Gender=Fem|Number=Sing', 'head': 19, 'deprel': 'nummod', 'lemma': 'שש'}]"
19,נקודות,NOUN,NOUN,Gender=Fem|Number=Plur,16.0,obl,"(61, 67)",נקודה,
20,(,PUNCT,PUNCT,,21.0,punct,"(68, 69)",(,
21,1,NUM,NUM,,16.0,parataxis,"(69, 70)",1,
22,-,PUNCT,PUNCT,,21.0,punct,"(70, 71)",-,
23,6,NUM,NUM,,21.0,dep,"(71, 72)",6,
24,),PUNCT,PUNCT,,21.0,punct,"(72, 73)",),
25,שיקללנו,VERB,VERB,"Gender=Fem,Masc|HebBinyan=PIEL|Number=Plur|Person=1|Tense=Past|Voice=Act",0.0,root,"(74, 81)",שיקלל,
26,את,ADP,ADP,Case=Acc,28.0,case:acc,"(82, 84)",את,
"(27, 28)",הערכים,,,,,,"(85, 91)",,"[{'id': 27, 'text': 'ה', 'upos': 'DET', 'xpos': 'DET', 'feats': 'PronType=Art', 'head': 28, 'deprel': 'det:def', 'lemma': 'ה'}, {'id': 28, 'text': 'ערכים', 'upos': 'NOUN', 'xpos': 'NOUN', 'feats': 'Gender=Masc|Number=Plur', 'head': 25, 'deprel': 'obj', 'lemma': 'ערך'}]"
"(29, 30)",בנקודות,,,,,,"(92, 99)",,"[{'id': 29, 'text': 'ב', 'upos': 'ADP', 'xpos': 'ADP', 'head': 30, 'deprel': 'case', 'lemma': 'ב'}, {'id': 30, 'text': 'נקודות', 'upos': 'NOUN', 'xpos': 'NOUN', 'feats': 'Gender=Fem|Number=Plur', 'head': 25, 'deprel': 'obl', 'lemma': 'נקודה'}]"
31,הללו,PRON,PRON,Gender=Masc|Number=Plur|Person=3|PronType=Dem,30.0,det,"(100, 104)",הללו,
"(32, 33)",שהתקבלו,,,,,,"(105, 112)",,"[{'id': 32, 'text': 'ש', 'upos': 'SCONJ', 'xpos': 'SCONJ', 'head': 33, 'deprel': 'mark', 'lemma': 'ש'}, {'id': 33, 'text': 'התקבלו', 'upos': 'VERB', 'xpos': 'VERB', 'feats': 'Gender=Fem,Masc|HebBinyan=HITPAEL|Number=Plur|Person=3|Tense=Past', 'head': 30, 'deprel': 'acl:relcl', 'lemma': 'התקבל'}]"
34,עבור,ADP,ADP,,36.0,case,"(113, 117)",עבור,
35,כל,DET,DET,Definite=Cons,36.0,det,"(118, 120)",כול,
36,אחד,NUM,NUM,Gender=Masc|Number=Sing,33.0,obl,"(121, 124)",אחד,
"(37, 38)",משלושת,,,,,,"(125, 131)",,"[{'id': 37, 'text': 'מ', 'upos': 'ADP', 'xpos': 'ADP', 'head': 40, 'deprel': 'case', 'lemma': 'מ'}, {'id': 38, 'text': 'שלושת', 'upos': 'NUM', 'xpos': 'NUM', 'feats': 'Definite=Cons|Gender=Masc|Number=Sing', 'head': 40, 'deprel': 'nummod', 'lemma': 'שלושת'}]"
"(39, 40)",התדרים,,,,,,"(132, 138)",,"[{'id': 39, 'text': 'ה', 'upos': 'DET', 'xpos': 'DET', 'feats': 'PronType=Art', 'head': 40, 'deprel': 'det:def', 'lemma': 'ה'}, {'id': 40, 'text': 'תדרים', 'upos': 'NOUN', 'xpos': 'NOUN', 'feats': 'Gender=Masc|Number=Plur', 'head': 36, 'deprel': 'obl', 'lemma': 'תדר'}]"
"(41, 42)",האופייניים,,,,,,"(139, 149)",,"[{'id': 41, 'text': 'ה', 'upos': 'DET', 'xpos': 'DET', 'feats': 'PronType=Art', 'head': 42, 'deprel': 'det:def', 'lemma': 'ה'}, {'id': 42, 'text': 'אופייניים', 'upos': 'ADJ', 'xpos': 'ADJ', 'feats': 'Gender=Masc|Number=Plur', 'head': 40, 'deprel': 'amod', 'lemma': 'אופייני'}]"
"(43, 44)",בהתאם,,,,,,"(150, 155)",,"[{'id': 43, 'text': 'ב', 'upos': 'ADP', 'xpos': 'ADP', 'head': 46, 'deprel': 'case', 'lemma': 'ב'}, {'id': 44, 'text': 'התאם', 'upos': 'NOUN', 'xpos': 'NOUN', 'feats': 'Gender=Masc|Number=Sing', 'head': 43, 'deprel': 'fixed', 'lemma': 'התאם'}]"
"(45, 46)",למשקלים,,,,,,"(156, 163)",,"[{'id': 45, 'text': 'ל', 'upos': 'ADP', 'xpos': 'ADP', 'head': 43, 'deprel': 'fixed', 'lemma': 'ל'}, {'id': 46, 'text': 'משקלים', 'upos': 'NOUN', 'xpos': 'NOUN', 'feats': 'Gender=Masc|Number=Plur', 'head': 33, 'deprel': 'obl', 'lemma': 'משקל'}]"
"(47, 48)",שנמצאו,,,,,,"(164, 170)",,"[{'id': 47, 'text': 'ש', 'upos': 'SCONJ', 'xpos': 'SCONJ', 'head': 48, 'deprel': 'mark', 'lemma': 'ש'}, {'id': 48, 'text': 'נמצאו', 'upos': 'VERB', 'xpos': 'VERB', 'feats': 'Gender=Fem,Masc|HebBinyan=NIFAL|Number=Plur|Person=3|Tense=Past|Voice=Mid', 'head': 46, 'deprel': 'acl:relcl', 'lemma': 'נמצא'}]"
"(49, 50)",באנליזת,,,,,,"(171, 178)",,"[{'id': 49, 'text': 'ב', 'upos': 'ADP', 'xpos': 'ADP', 'head': 50, 'deprel': 'case', 'lemma': 'ב'}, {'id': 50, 'text': 'אנליזת', 'upos': 'NOUN', 'xpos': 'NOUN', 'feats': 'Definite=Cons|Gender=Fem|Number=Sing', 'head': 48, 'deprel': 'obl', 'lemma': 'אנליזה'}]"
"(51, 52)",המדידות,,,,,,"(179, 186)",,"[{'id': 51, 'text': 'ה', 'upos': 'DET', 'xpos': 'DET', 'feats': 'PronType=Art', 'head': 52, 'deprel': 'det:def', 'lemma': 'ה'}, {'id': 52, 'text': 'מדידות', 'upos': 'NOUN', 'xpos': 'NOUN', 'feats': 'Gender=Fem|Number=Plur', 'head': 50, 'deprel': 'compound:smixut', 'lemma': 'מדידה'}]"
53,(,PUNCT,PUNCT,,54.0,punct,"(187, 188)",(,
54,טבלה,NOUN,NOUN,Gender=Fem|Number=Sing,46.0,appos,"(188, 192)",טבלה,
55,3,NUM,NUM,,54.0,nummod,"(193, 194)",3,
56,),PUNCT,PUNCT,,54.0,punct,"(194, 195)",),
"(1, 2)",האופטימיזציה,,,,,,"(1, 13)",,"[{'id': 1, 'text': 'ה', 'upos': 'DET', 'xpos': 'DET', 'feats': 'PronType=Art', 'head': 2, 'deprel': 'det:def', 'lemma': 'ה'}, {'id': 2, 'text': 'אופטימיזציה', 'upos': 'NOUN', 'xpos': 'NOUN', 'feats': 'Gender=Fem|Number=Sing', 'head': 3, 'deprel': 'nsubj', 'lemma': 'אופטימיזציה'}]"
3,נעשתה,VERB,VERB,Gender=Fem|HebBinyan=NIFAL|Number=Sing|Person=3|Tense=Past|Voice=Mid,0.0,root,"(14, 19)",נעשה,
4,עבור,ADP,ADP,,5.0,case,"(20, 24)",עבור,
5,מקדם,NOUN,NOUN,Definite=Cons|Gender=Masc|Number=Sing,3.0,obl,"(25, 29)",מקדם,
"(6, 7)",הספיגה,,,,,,"(30, 36)",,"[{'id': 6, 'text': 'ה', 'upos': 'DET', 'xpos': 'DET', 'feats': 'PronType=Art', 'head': 7, 'deprel': 'det:def', 'lemma': 'ה'}, {'id': 7, 'text': 'ספיגה', 'upos': 'NOUN', 'xpos': 'NOUN', 'feats': 'Gender=Fem|Number=Sing', 'head': 5, 'deprel': 'compound:smixut', 'lemma': 'ספיגה'}]"
8,/,PUNCT,PUNCT,,9.0,cc,"(36, 37)",/,
9,החזרה,NOUN,NOUN,Gender=Fem|Number=Sing,7.0,conj,"(37, 42)",החזרה,
"(10, 12)",בקירות,,,,,,"(43, 49)",,"[{'id': 10, 'text': 'ב', 'upos': 'ADP', 'xpos': 'ADP', 'head': 12, 'deprel': 'case', 'lemma': 'ב'}, {'id': 11, 'text': 'ה_', 'upos': 'DET', 'xpos': 'DET', 'feats': 'PronType=Art', 'head': 12, 'deprel': 'det:def', 'lemma': 'ה'}, {'id': 12, 'text': 'קירות', 'upos': 'NOUN', 'xpos': 'NOUN', 'feats': 'Gender=Masc|Number=Plur', 'head': 7, 'deprel': 'nmod', 'lemma': 'קיר'}]"
13,p,PROPN,PROPN,,7.0,punct,"(50, 51)",p,
"(14, 17)",וחזרנו,,,,,,"(52, 58)",,"[{'id': 14, 'text': 'ו', 'upos': 'CCONJ', 'xpos': 'CCONJ', 'head': 15, 'deprel': 'cc', 'lemma': 'ו'}, {'id': 15, 'text': 'חזרן_', 'upos': 'NOUN', 'xpos': 'NOUN', 'feats': 'Definite=Def|Gender=Masc|Number=Sing', 'head': 7, 'deprel': 'conj', 'lemma': 'חזרן'}, {'id': 16, 'text': '_של_', 'upos': 'ADP', 'xpos': 'ADP', 'head': 17, 'deprel': 'case:gen', 'lemma': 'של'}, {'id': 17, 'text': '_הוא', 'upos': 'PRON', 'xpos': 'PRON', 'feats': 'Case=Gen|Gender=Masc|Number=Sing|Person=3|PronType=Prs', 'head': 15, 'deprel': 'nmod:poss', 'lemma': 'הוא'}]"
18,על,ADP,ADP,,20.0,case,"(59, 61)",על,
"(19, 20)",החישובים,,,,,,"(62, 70)",,"[{'id': 19, 'text': 'ה', 'upos': 'DET', 'xpos': 'DET', 'feats': 'PronType=Art', 'head': 20, 'deprel': 'det:def', 'lemma': 'ה'}, {'id': 20, 'text': 'חישובים', 'upos': 'NOUN', 'xpos': 'NOUN', 'feats': 'Gender=Masc|Number=Plur', 'head': 15, 'deprel': 'nmod', 'lemma': 'חישוב'}]"
21,עבור,ADP,ADP,,22.0,case,"(71, 75)",עבור,
22,0,NUM,NUM,,20.0,nmod,"(76, 77)",0,
1,1,NUM,NUM,,0.0,root,"(0, 1)",1,
2,",",PUNCT,PUNCT,,1.0,punct,"(1, 2)",",",
3,0,NUM,NUM,,1.0,dep,"(2, 3)",0,
1,"6,",PUNCT,PUNCT,,0.0,root,"(0, 2)","6,",
2,0,NUM,NUM,,1.0,dep,"(2, 3)",0,
1,9,NUM,NUM,,0.0,root,"(0, 1)",9,
2,=,PUNCT,PUNCT,,1.0,punct,"(2, 3)",=,
3,p,PROPN,PROPN,,1.0,appos,"(4, 5)",p,
"(1, 3)",בטבלה,,,,,,"(1, 6)",,"[{'id': 1, 'text': 'ב', 'upos': 'ADP', 'xpos': 'ADP', 'head': 3, 'deprel': 'case', 'lemma': 'ב'}, {'id': 2, 'text': 'ה_', 'upos': 'DET', 'xpos': 'DET', 'feats': 'PronType=Art', 'head': 3, 'deprel': 'det:def', 'lemma': 'ה'}, {'id': 3, 'text': 'טבלה', 'upos': 'NOUN', 'xpos': 'NOUN', 'feats': 'Gender=Fem|Number=Sing', 'head': 5, 'deprel': 'obl', 'lemma': 'טבלה'}]"
4,3,NUM,NUM,,3.0,nummod,"(7, 8)",3,
5,מוצגות,VERB,VERB,"Gender=Fem|HebBinyan=HUFAL|Number=Plur|Person=1,2,3|VerbForm=Part|Voice=Pass",0.0,root,"(9, 15)",הוצג,
"(6, 7)",התוצאות,,,,,,"(16, 23)",,"[{'id': 6, 'text': 'ה', 'upos': 'DET', 'xpos': 'DET', 'feats': 'PronType=Art', 'head': 7, 'deprel': 'det:def', 'lemma': 'ה'}, {'id': 7, 'text': 'תוצאות', 'upos': 'NOUN', 'xpos': 'NOUN', 'feats': 'Gender=Fem|Number=Plur', 'head': 5, 'deprel': 'nsubj', 'lemma': 'תוצאה'}]"
"(8, 9)",שהתקבלו,,,,,,"(24, 31)",,"[{'id': 8, 'text': 'ש', 'upos': 'SCONJ', 'xpos': 'SCONJ', 'head': 9, 'deprel': 'mark', 'lemma': 'ש'}, {'id': 9, 'text': 'התקבלו', 'upos': 'VERB', 'xpos': 'VERB', 'feats': 'Gender=Fem,Masc|HebBinyan=HITPAEL|Number=Plur|Person=3|Tense=Past', 'head': 7, 'deprel': 'acl:relcl', 'lemma': 'התקבל'}]"
10,עבור,ADP,ADP,,11.0,case,"(32, 36)",עבור,
11,0,NUM,NUM,,9.0,obl,"(37, 38)",0,
1,6=,NUM,NUM,,0.0,root,"(0, 2)",6=,
2,n,PROPN,PROPN,,1.0,dep,"(3, 4)",n,
"(3, 4)",בהשוואה,,,,,,"(5, 12)",,"[{'id': 3, 'text': 'ב', 'upos': 'ADP', 'xpos': 'ADP', 'head': 6, 'deprel': 'case', 'lemma': 'ב'}, {'id': 4, 'text': 'השוואה', 'upos': 'NOUN', 'xpos': 'NOUN', 'feats': 'Gender=Fem|Number=Sing', 'head': 3, 'deprel': 'fixed', 'lemma': 'השוואה'}]"
5,אל,ADP,ADP,,3.0,fixed,"(13, 15)",אל,
6,מדידות,NOUN,NOUN,Gender=Fem|Number=Plur,1.0,obl,"(16, 22)",מדידה,
7,של,ADP,ADP,Case=Gen,8.0,case:gen,"(23, 25)",של,
8,עוצמת,NOUN,NOUN,Definite=Cons|Gender=Fem|Number=Sing,6.0,nmod:poss,"(26, 31)",עוצמה,
"(9, 10)",הקול,,,,,,"(32, 36)",,"[{'id': 9, 'text': 'ה', 'upos': 'DET', 'xpos': 'DET', 'feats': 'PronType=Art', 'head': 10, 'deprel': 'det:def', 'lemma': 'ה'}, {'id': 10, 'text': 'קול', 'upos': 'NOUN', 'xpos': 'NOUN', 'feats': 'Gender=Masc|Number=Sing', 'head': 8, 'deprel': 'compound:smixut', 'lemma': 'קול'}]"
"(11, 12)",שהתקבלו,,,,,,"(37, 44)",,"[{'id': 11, 'text': 'ש', 'upos': 'SCONJ', 'xpos': 'SCONJ', 'head': 12, 'deprel': 'mark', 'lemma': 'ש'}, {'id': 12, 'text': 'התקבלו', 'upos': 'VERB', 'xpos': 'VERB', 'feats': 'Gender=Fem,Masc|HebBinyan=HITPAEL|Number=Plur|Person=3|Tense=Past', 'head': 6, 'deprel': 'acl:relcl', 'lemma': 'התקבל'}]"
"(13, 14)",בניסויים,,,,,,"(45, 53)",,"[{'id': 13, 'text': 'ב', 'upos': 'ADP', 'xpos': 'ADP', 'head': 14, 'deprel': 'case', 'lemma': 'ב'}, {'id': 14, 'text': 'ניסויים', 'upos': 'NOUN', 'xpos': 'NOUN', 'feats': 'Gender=Masc|Number=Plur', 'head': 12, 'deprel': 'obl', 'lemma': 'ניסוי'}]"
"(1, 2)",התוצאות,,,,,,"(1, 8)",,"[{'id': 1, 'text': 'ה', 'upos': 'DET', 'xpos': 'DET', 'feats': 'PronType=Art', 'head': 2, 'deprel': 'det:def', 'lemma': 'ה'}, {'id': 2, 'text': 'תוצאות', 'upos': 'NOUN', 'xpos': 'NOUN', 'feats': 'Gender=Fem|Number=Plur', 'head': 0, 'deprel': 'root', 'lemma': 'תוצאה'}]"
"(3, 4)",שחושבו,,,,,,"(9, 15)",,"[{'id': 3, 'text': 'ש', 'upos': 'SCONJ', 'xpos': 'SCONJ', 'head': 4, 'deprel': 'mark', 'lemma': 'ש'}, {'id': 4, 'text': 'חושבו', 'upos': 'VERB', 'xpos': 'VERB', 'feats': 'Gender=Masc|HebBinyan=PAAL|Number=Plur|Person=1,2,3|VerbForm=Part|Voice=Act', 'head': 2, 'deprel': 'acl:relcl', 'lemma': 'חושב'}]"
5,עבור,ADP,ADP,,6.0,case,"(16, 20)",עבור,
6,0,NUM,NUM,,4.0,obl,"(21, 22)",0,
1,6=,NUM,NUM,,3.0,nsubj,"(0, 2)",6=,
2,p,PROPN,PROPN,,1.0,flat:name,"(3, 4)",p,
3,הראו,VERB,VERB,"Gender=Fem,Masc|HebBinyan=HIFIL|Number=Plur|Person=3|Tense=Past|Voice=Act",0.0,root,"(5, 9)",הראה,
4,התאמה,NOUN,NOUN,Gender=Fem|Number=Sing,3.0,obj,"(10, 15)",התאמה,
5,טובה,ADJ,ADJ,Gender=Fem|Number=Sing,4.0,amod,"(16, 20)",טוב,
6,הרבה,ADV,ADV,,5.0,advmod,"(21, 25)",הרבה,
7,יותר,ADV,ADV,,5.0,advmod,"(26, 30)",יותר,
8,מאשר,CCONJ,CCONJ,,10.0,case,"(31, 35)",מאשר,
9,עבור,ADP,ADP,,10.0,case,"(36, 40)",עבור,
10,0,NUM,NUM,,4.0,nmod,"(41, 42)",0,
1,1,NUM,NUM,,0.0,root,"(0, 1)",1,
2,=,PUNCT,PUNCT,,1.0,punct,"(1, 2)",=,
3,p,PROPN,PROPN,,1.0,obl,"(3, 4)",p,
4,למרות,ADP,ADP,,6.0,mark,"(5, 10)",למרות,
"(5, 6)",שמקדם,,,,,,"(11, 16)",,"[{'id': 5, 'text': 'ש', 'upos': 'SCONJ', 'xpos': 'SCONJ', 'head': 4, 'deprel': 'fixed', 'lemma': 'ש'}, {'id': 6, 'text': 'מקדם', 'upos': 'ADV', 'xpos': 'ADV', 'head': 1, 'deprel': 'advcl', 'lemma': 'מקדם'}]"
7,ספיגה,NOUN,NOUN,Gender=Fem|Number=Sing,6.0,dep,"(17, 22)",ספיגה,
8,של,ADP,ADP,Case=Gen,9.0,case:gen,"(23, 25)",של,
9,0,NUM,NUM,,7.0,nmod:poss,"(26, 27)",0,
1,1,NUM,NUM,,2.0,nsubj,"(0, 1)",1,
2,מומלץ,VERB,VERB,Gender=Masc|Number=Sing|Tense=Past|VerbType=Mod,0.0,root,"(2, 7)",מומלץ,
"(3, 4)",בספרות,,,,,,"(8, 14)",,"[{'id': 3, 'text': 'ב', 'upos': 'ADP', 'xpos': 'ADP', 'head': 4, 'deprel': 'case', 'lemma': 'ב'}, {'id': 4, 'text': 'ספרות', 'upos': 'NOUN', 'xpos': 'NOUN', 'feats': 'Gender=Fem|Number=Sing', 'head': 2, 'deprel': 'obl', 'lemma': 'ספרות'}]"
"(5, 6)",לחדרי,,,,,,"(15, 20)",,"[{'id': 5, 'text': 'ל', 'upos': 'ADP', 'xpos': 'ADP', 'head': 6, 'deprel': 'case', 'lemma': 'ל'}, {'id': 6, 'text': 'חדרי', 'upos': 'NOUN', 'xpos': 'NOUN', 'feats': 'Definite=Cons|Gender=Masc|Number=Plur', 'head': 4, 'deprel': 'nmod', 'lemma': 'חדר'}]"
7,מגורים,NOUN,NOUN,Gender=Masc|Number=Plur,6.0,compound:smixut,"(21, 27)",מגורים,
8,3,NUM,NUM,,2.0,dep,"(27, 28)",3,
1,בצענו,VERB,VERB,"Gender=Fem,Masc|HebBinyan=PAAL|Number=Plur|Person=1|Tense=Past|Voice=Act",0.0,root,"(1, 6)",בצע,
2,גם,ADV,ADV,,3.0,det,"(7, 9)",גם,
3,חישובים,NOUN,NOUN,Gender=Masc|Number=Plur,1.0,obj,"(10, 17)",חישוב,
4,כאשר,SCONJ,SCONJ,,14.0,mark,"(18, 22)",כאשר,
5,משקל,NOUN,NOUN,Definite=Cons|Gender=Masc|Number=Sing,14.0,nsubj,"(23, 27)",משקל,
"(6, 7)",התדירויות,,,,,,"(28, 37)",,"[{'id': 6, 'text': 'ה', 'upos': 'DET', 'xpos': 'DET', 'feats': 'PronType=Art', 'head': 7, 'deprel': 'det:def', 'lemma': 'ה'}, {'id': 7, 'text': 'תדירויות', 'upos': 'NOUN', 'xpos': 'NOUN', 'feats': 'Gender=Fem|Number=Plur', 'head': 5, 'deprel': 'compound:smixut', 'lemma': 'תדירות'}]"
"(8, 9)",האופייניות,,,,,,"(38, 48)",,"[{'id': 8, 'text': 'ה', 'upos': 'DET', 'xpos': 'DET', 'feats': 'PronType=Art', 'head': 9, 'deprel': 'det:def', 'lemma': 'ה'}, {'id': 9, 'text': 'אופייניות', 'upos': 'ADJ', 'xpos': 'ADJ', 'feats': 'Gender=Fem|Number=Plur', 'head': 7, 'deprel': 'amod', 'lemma': 'אופייני'}]"
"(10, 11)",בכל,,,,,,"(49, 52)",,"[{'id': 10, 'text': 'ב', 'upos': 'ADP', 'xpos': 'ADP', 'head': 13, 'deprel': 'case', 'lemma': 'ב'}, {'id': 11, 'text': 'כל', 'upos': 'DET', 'xpos': 'DET', 'feats': 'Definite=Cons', 'head': 13, 'deprel': 'det', 'lemma': 'כול'}]"
"(12, 13)",הנקודות,,,,,,"(53, 60)",,"[{'id': 12, 'text': 'ה', 'upos': 'DET', 'xpos': 'DET', 'feats': 'PronType=Art', 'head': 13, 'deprel': 'det:def', 'lemma': 'ה'}, {'id': 13, 'text': 'נקודות', 'upos': 'NOUN', 'xpos': 'NOUN', 'feats': 'Gender=Fem|Number=Plur', 'head': 7, 'deprel': 'nmod', 'lemma': 'נקודה'}]"
14,זהה,ADJ,ADJ,Gender=Masc|Number=Sing,1.0,advcl,"(61, 64)",זהה,
"(15, 16)",ושווה,,,,,,"(65, 70)",,"[{'id': 15, 'text': 'ו', 'upos': 'CCONJ', 'xpos': 'CCONJ', 'head': 16, 'deprel': 'cc', 'lemma': 'ו'}, {'id': 16, 'text': 'שווה', 'upos': 'ADJ', 'xpos': 'ADJ', 'feats': 'Gender=Fem|Number=Sing', 'head': 14, 'deprel': 'conj', 'lemma': 'שווה'}]"
"(17, 18)",לממוצע,,,,,,"(71, 77)",,"[{'id': 17, 'text': 'ל', 'upos': 'ADP', 'xpos': 'ADP', 'head': 18, 'deprel': 'case', 'lemma': 'ל'}, {'id': 18, 'text': 'ממוצע', 'upos': 'NOUN', 'xpos': 'NOUN', 'feats': 'Definite=Cons|Gender=Masc|Number=Sing', 'head': 14, 'deprel': 'advmod', 'lemma': 'ממוצע'}]"
"(19, 20)",המדידות,,,,,,"(78, 85)",,"[{'id': 19, 'text': 'ה', 'upos': 'DET', 'xpos': 'DET', 'feats': 'PronType=Art', 'head': 20, 'deprel': 'det:def', 'lemma': 'ה'}, {'id': 20, 'text': 'מדידות', 'upos': 'NOUN', 'xpos': 'NOUN', 'feats': 'Gender=Fem|Number=Plur', 'head': 18, 'deprel': 'compound:smixut', 'lemma': 'מדידה'}]"
21,",",PUNCT,PUNCT,,14.0,punct,"(85, 86)",",",
22,כלומר,CCONJ,CCONJ,,24.0,dep,"(87, 92)",כלומר,
23,",",PUNCT,PUNCT,,24.0,punct,"(92, 93)",",",
24,32,NUM,NUM,,14.0,dep,"(94, 96)",32,
25,",",PUNCT,PUNCT,,24.0,punct,"(96, 97)",",",
26,19,NUM,NUM,HebSource=ConvUncertainHead,24.0,dep,"(97, 99)",19,
27,",",PUNCT,PUNCT,,24.0,punct,"(99, 100)",",",
28,49,NUM,NUM,,29.0,nummod,"(100, 102)",49,
29,%,NOUN,NOUN,"Gender=Masc|Number=Plur,Sing",24.0,dep,"(102, 103)",%,
30,עבור,ADP,ADP,,31.0,case,"(104, 108)",עבור,
31,24,NUM,NUM,,24.0,dep,"(109, 111)",24,
32,",",PUNCT,PUNCT,,31.0,punct,"(111, 112)",",",
33,36,NUM,NUM,HebSource=ConvUncertainHead,31.0,dep,"(112, 114)",36,
34,",",PUNCT,PUNCT,,31.0,punct,"(114, 115)",",",
35,72,NUM,NUM,,36.0,nummod,"(115, 117)",72,
36,Hz,NOUN,NOUN,HebSource=ConvUncertainHead,31.0,dep,"(118, 120)",Hz,
"(37, 38)",בהתאמה,,,,,,"(121, 127)",,"[{'id': 37, 'text': 'ב', 'upos': 'ADP', 'xpos': 'ADP', 'head': 38, 'deprel': 'case', 'lemma': 'ב'}, {'id': 38, 'text': 'התאמה', 'upos': 'NOUN', 'xpos': 'NOUN', 'feats': 'Gender=Fem|Number=Sing', 'head': 31, 'deprel': 'dep', 'lemma': 'התאמה'}]"
"(1, 2)",התוצאות,,,,,,"(1, 8)",,"[{'id': 1, 'text': 'ה', 'upos': 'DET', 'xpos': 'DET', 'feats': 'PronType=Art', 'head': 2, 'deprel': 'det:def', 'lemma': 'ה'}, {'id': 2, 'text': 'תוצאות', 'upos': 'NOUN', 'xpos': 'NOUN', 'feats': 'Gender=Fem|Number=Plur', 'head': 5, 'deprel': 'nsubj', 'lemma': 'תוצאה'}]"
3,היו,AUX,AUX,"Gender=Fem,Masc|Number=Plur|Person=3|Polarity=Pos|Tense=Past|VerbType=Cop",5.0,cop,"(9, 12)",היה,
4,כמעט,ADV,ADV,,5.0,advmod,"(13, 17)",כמעט,
5,זהות,ADJ,ADJ,Gender=Fem|Number=Plur,0.0,root,"(18, 22)",זהה,
6,כיון,SCONJ,SCONJ,,10.0,case,"(23, 27)",כיון,
"(7, 9)",שההתנהגות,,,,,,"(28, 37)",,"[{'id': 7, 'text': 'ש', 'upos': 'SCONJ', 'xpos': 'SCONJ', 'head': 6, 'deprel': 'fixed', 'lemma': 'ש'}, {'id': 8, 'text': 'ה', 'upos': 'DET', 'xpos': 'DET', 'feats': 'PronType=Art', 'head': 9, 'deprel': 'det:def', 'lemma': 'ה'}, {'id': 9, 'text': 'התנהגות', 'upos': 'NOUN', 'xpos': 'NOUN', 'feats': 'Gender=Fem|Number=Sing', 'head': 10, 'deprel': 'nsubj', 'lemma': 'התנהגות'}]"
10,נקבעת,VERB,VERB,"Gender=Fem|HebBinyan=NIFAL|Number=Sing|Person=1,2,3|VerbForm=Part|Voice=Mid",5.0,advcl,"(38, 43)",נקבע,
11,לפי,ADP,ADP,,12.0,case,"(44, 47)",לפי,
12,תכונות,NOUN,NOUN,Definite=Cons|Gender=Fem|Number=Plur,10.0,obl,"(48, 54)",תכונה,
13,רעש,NOUN,NOUN,Definite=Cons|Gender=Masc|Number=Sing,12.0,compound:smixut,"(55, 58)",רעש,
"(14, 15)",המקור,,,,,,"(59, 64)",,"[{'id': 14, 'text': 'ה', 'upos': 'DET', 'xpos': 'DET', 'feats': 'PronType=Art', 'head': 15, 'deprel': 'det:def', 'lemma': 'ה'}, {'id': 15, 'text': 'מקור', 'upos': 'NOUN', 'xpos': 'NOUN', 'feats': 'Gender=Masc|Number=Sing', 'head': 13, 'deprel': 'compound:smixut', 'lemma': 'מקור'}]"
"(16, 17)",ולכן,,,,,,"(65, 69)",,"[{'id': 16, 'text': 'ו', 'upos': 'CCONJ', 'xpos': 'CCONJ', 'head': 17, 'deprel': 'cc', 'lemma': 'ו'}, {'id': 17, 'text': 'לכן', 'upos': 'ADV', 'xpos': 'ADV', 'head': 18, 'deprel': 'advmod', 'lemma': 'לכן'}]"
18,אין,VERB,VERB,HebExistential=True,5.0,conj,"(70, 73)",אין,
19,צורך,NOUN,NOUN,Gender=Masc|Number=Sing,18.0,nsubj,"(74, 78)",צורך,
20,לבצע,VERB,VERB,HebBinyan=PIEL|VerbForm=Inf|Voice=Act,19.0,acl,"(79, 83)",ביצע,
21,שקלול,NOUN,NOUN,Gender=Masc|Number=Sing,20.0,obj,"(84, 89)",שקלול,
22,שונה,ADJ,ADJ,Gender=Masc|Number=Sing,21.0,amod,"(90, 94)",שונה,
23,עבור,ADP,ADP,,25.0,case,"(95, 99)",עבור,
24,כל,DET,DET,Definite=Cons,25.0,det,"(100, 102)",כול,
25,נקודה,NOUN,NOUN,Gender=Fem|Number=Sing,20.0,obl,"(103, 108)",נקודה,
"(26, 27)",במרחב,,,,,,"(109, 114)",,"[{'id': 26, 'text': 'ב', 'upos': 'ADP', 'xpos': 'ADP', 'head': 27, 'deprel': 'case', 'lemma': 'ב'}, {'id': 27, 'text': 'מרחב', 'upos': 'NOUN', 'xpos': 'NOUN', 'feats': 'Gender=Masc|Number=Sing', 'head': 25, 'deprel': 'nmod', 'lemma': 'מרחב'}]"
1,3,NUM,NUM,,0.0,root,"(1, 2)",3,
1,3,NUM,NUM,,0.0,root,"(0, 1)",3,
1,3,NUM,NUM,,0.0,root,"(0, 1)",3,
1,חישובים,NOUN,NOUN,Gender=Masc|Number=Plur,8.0,nsubj,"(1, 8)",חישוב,
2,תלת,ADV,ADV,Prefix=Yes,4.0,compound:affix,"(9, 12)",תלת,
3,־,PUNCT,PUNCT,,4.0,punct,"(12, 13)",־,
4,ממדיים,ADJ,ADJ,Gender=Masc|Number=Plur,1.0,amod,"(14, 20)",ממדיים,
5,מודל,NOUN,NOUN,Gender=Masc|Number=Sing,8.0,nsubj,"(21, 25)",מודל,
6,תלת,ADV,ADV,Prefix=Yes,7.0,compound:affix,"(26, 29)",תלת,
7,־ממדי,ADJ,ADJ,Gender=Masc|Number=Sing,5.0,amod,"(29, 34)",־ממדי,
8,מאפשר,AUX,AUX,"Gender=Fem,Masc|Number=Sing|VerbForm=Part|VerbType=Mod",0.0,root,"(35, 40)",מאפשר,
9,סימולציה,NOUN,NOUN,Gender=Fem|Number=Sing,8.0,obj,"(41, 49)",סימולציה,
10,קרובה,ADJ,ADJ,Gender=Fem|Number=Sing,9.0,amod,"(50, 55)",קרוב,
11,יותר,ADV,ADV,,10.0,advmod,"(56, 60)",יותר,
"(12, 13)",לצורה,,,,,,"(61, 66)",,"[{'id': 12, 'text': 'ל', 'upos': 'ADP', 'xpos': 'ADP', 'head': 13, 'deprel': 'case', 'lemma': 'ל'}, {'id': 13, 'text': 'צורה', 'upos': 'NOUN', 'xpos': 'NOUN', 'feats': 'Gender=Fem|Number=Sing', 'head': 9, 'deprel': 'nmod', 'lemma': 'צורה'}]"
"(14, 15)",הגיאומטרית,,,,,,"(67, 77)",,"[{'id': 14, 'text': 'ה', 'upos': 'DET', 'xpos': 'DET', 'feats': 'PronType=Art', 'head': 15, 'deprel': 'det:def', 'lemma': 'ה'}, {'id': 15, 'text': 'גיאומטרית', 'upos': 'ADJ', 'xpos': 'ADJ', 'feats': 'Gender=Fem|Number=Sing', 'head': 13, 'deprel': 'amod', 'lemma': 'גיאומטרי'}]"
16,של,ADP,ADP,Case=Gen,18.0,case:gen,"(78, 80)",של,
"(17, 18)",החדר,,,,,,"(81, 85)",,"[{'id': 17, 'text': 'ה', 'upos': 'DET', 'xpos': 'DET', 'feats': 'PronType=Art', 'head': 18, 'deprel': 'det:def', 'lemma': 'ה'}, {'id': 18, 'text': 'חדר', 'upos': 'NOUN', 'xpos': 'NOUN', 'feats': 'Gender=Masc|Number=Sing', 'head': 13, 'deprel': 'nmod', 'lemma': 'חדר'}]"
"(19, 20)",ומרחיב,,,,,,"(86, 92)",,"[{'id': 19, 'text': 'ו', 'upos': 'CCONJ', 'xpos': 'CCONJ', 'head': 20, 'deprel': 'cc', 'lemma': 'ו'}, {'id': 20, 'text': 'מרחיב', 'upos': 'VERB', 'xpos': 'VERB', 'feats': 'Gender=Masc|HebBinyan=HIFIL|Number=Sing|Person=1,2,3|VerbForm=Part|Voice=Act', 'head': 8, 'deprel': 'conj', 'lemma': 'הרחיב'}]"
21,את,ADP,ADP,Case=Acc,22.0,case:acc,"(93, 95)",את,
22,מגוון,NOUN,NOUN,Definite=Cons|Gender=Masc|Number=Sing,20.0,obj,"(96, 101)",מגוון,
"(23, 24)",האפשרויות,,,,,,"(102, 111)",,"[{'id': 23, 'text': 'ה', 'upos': 'DET', 'xpos': 'DET', 'feats': 'PronType=Art', 'head': 24, 'deprel': 'det:def', 'lemma': 'ה'}, {'id': 24, 'text': 'אפשרויות', 'upos': 'NOUN', 'xpos': 'NOUN', 'feats': 'Gender=Fem|Number=Plur', 'head': 22, 'deprel': 'compound:smixut', 'lemma': 'אפשרות'}]"
"(25, 26)",לשינוי,,,,,,"(112, 118)",,"[{'id': 25, 'text': 'ל', 'upos': 'ADP', 'xpos': 'ADP', 'head': 26, 'deprel': 'case', 'lemma': 'ל'}, {'id': 26, 'text': 'שינוי', 'upos': 'NOUN', 'xpos': 'NOUN', 'feats': 'Definite=Cons|Gender=Masc|Number=Sing', 'head': 22, 'deprel': 'nmod', 'lemma': 'שינוי'}]"
"(27, 28)",הפרמטרים,,,,,,"(119, 127)",,"[{'id': 27, 'text': 'ה', 'upos': 'DET', 'xpos': 'DET', 'feats': 'PronType=Art', 'head': 28, 'deprel': 'det:def', 'lemma': 'ה'}, {'id': 28, 'text': 'פרמטרים', 'upos': 'NOUN', 'xpos': 'NOUN', 'feats': 'Gender=Masc|Number=Plur', 'head': 26, 'deprel': 'compound:smixut', 'lemma': 'פרמטר'}]"
"(29, 30)",המוכנסים,,,,,,"(128, 136)",,"[{'id': 29, 'text': 'ה', 'upos': 'SCONJ', 'xpos': 'SCONJ', 'head': 30, 'deprel': 'mark', 'lemma': 'ה'}, {'id': 30, 'text': 'מוכנסים', 'upos': 'VERB', 'xpos': 'VERB', 'feats': 'Gender=Masc|HebBinyan=HUFAL|Number=Plur|Person=1,2,3|VerbForm=Part|Voice=Pass', 'head': 28, 'deprel': 'acl:relcl', 'lemma': 'הוכנס'}]"
"(31, 33)",לתוכנה,,,,,,"(137, 143)",,"[{'id': 31, 'text': 'ל', 'upos': 'ADP', 'xpos': 'ADP', 'head': 33, 'deprel': 'case', 'lemma': 'ל'}, {'id': 32, 'text': 'ה_', 'upos': 'DET', 'xpos': 'DET', 'feats': 'PronType=Art', 'head': 33, 'deprel': 'det:def', 'lemma': 'ה'}, {'id': 33, 'text': 'תוכנה', 'upos': 'NOUN', 'xpos': 'NOUN', 'feats': 'Gender=Fem|Number=Sing', 'head': 30, 'deprel': 'obl', 'lemma': 'תוכנה'}]"
34,על,ADP,ADP,,37.0,case,"(144, 146)",על,
"(35, 36)",־מנת,,,,,,"(146, 150)",,"[{'id': 35, 'text': 'ל', 'upos': 'ADP', 'xpos': 'ADP', 'head': 34, 'deprel': 'fixed', 'lemma': 'ל'}, {'id': 36, 'text': 'מנת', 'upos': 'NOUN', 'xpos': 'NOUN', 'feats': 'Definite=Cons|Gender=Fem|Number=Sing', 'head': 34, 'deprel': 'fixed', 'lemma': 'מנה'}]"
37,לקבל,VERB,VERB,HebBinyan=PIEL|VerbForm=Inf|Voice=Act,20.0,advcl,"(151, 155)",קיבל,
38,התאמה,NOUN,NOUN,Gender=Fem|Number=Sing,37.0,obj,"(156, 161)",התאמה,
39,מיטבית,ADJ,ADJ,Gender=Fem|Number=Sing,38.0,amod,"(162, 168)",מיטבי,
"(40, 41)",לתוצאות,,,,,,"(169, 176)",,"[{'id': 40, 'text': 'ל', 'upos': 'ADP', 'xpos': 'ADP', 'head': 41, 'deprel': 'case', 'lemma': 'ל'}, {'id': 41, 'text': 'תוצאות', 'upos': 'NOUN', 'xpos': 'NOUN', 'feats': 'Definite=Cons|Gender=Fem|Number=Plur', 'head': 38, 'deprel': 'nmod', 'lemma': 'תוצאה'}]"
"(42, 43)",המדידות,,,,,,"(177, 184)",,"[{'id': 42, 'text': 'ה', 'upos': 'DET', 'xpos': 'DET', 'feats': 'PronType=Art', 'head': 43, 'deprel': 'det:def', 'lemma': 'ה'}, {'id': 43, 'text': 'מדידות', 'upos': 'NOUN', 'xpos': 'NOUN', 'feats': 'Gender=Fem|Number=Plur', 'head': 41, 'deprel': 'compound:smixut', 'lemma': 'מדידה'}]"
1,יתרונות,NOUN,NOUN,Gender=Masc|Number=Plur,3.0,nsubj,"(1, 8)",יתרון,
2,אלו,PRON,PRON,"Gender=Fem,Masc|Number=Plur|Person=3|PronType=Dem",1.0,det,"(9, 12)",אלו,
3,ניתנים,VERB,VERB,"Gender=Masc|HebBinyan=NIFAL|Number=Plur|Person=1,2,3|VerbForm=Part|Voice=Mid",0.0,root,"(13, 19)",ניתן,
"(4, 5)",למימוש,,,,,,"(20, 26)",,"[{'id': 4, 'text': 'ל', 'upos': 'ADP', 'xpos': 'ADP', 'head': 5, 'deprel': 'case', 'lemma': 'ל'}, {'id': 5, 'text': 'מימוש', 'upos': 'NOUN', 'xpos': 'NOUN', 'feats': 'Gender=Masc|Number=Sing', 'head': 3, 'deprel': 'obl', 'lemma': 'מימוש'}]"
6,כאשר,SCONJ,SCONJ,,8.0,mark,"(27, 31)",כאשר,
7,הם,PRON,PRON,Gender=Masc|Number=Plur|Person=3|PronType=Prs,8.0,nsubj,"(32, 34)",הוא,
8,מיושמים,VERB,VERB,"Gender=Masc|HebBinyan=PUAL|Number=Plur|Person=1,2,3|VerbForm=Part|Voice=Pass",3.0,advcl,"(35, 42)",יושם,
"(9, 11)",במודל,,,,,,"(43, 48)",,"[{'id': 9, 'text': 'ב', 'upos': 'ADP', 'xpos': 'ADP', 'head': 11, 'deprel': 'case', 'lemma': 'ב'}, {'id': 10, 'text': 'ה_', 'upos': 'DET', 'xpos': 'DET', 'feats': 'PronType=Art', 'head': 11, 'deprel': 'det:def', 'lemma': 'ה'}, {'id': 11, 'text': 'מודל', 'upos': 'NOUN', 'xpos': 'NOUN', 'feats': 'Gender=Masc|Number=Sing', 'head': 8, 'deprel': 'obl', 'lemma': 'מודל'}]"
12,חישובי,ADJ,ADJ,Gender=Masc|Number=Sing,11.0,amod,"(49, 55)",חישוב,
13,תלת,ADV,ADV,Prefix=Yes,15.0,compound:affix,"(56, 59)",תלת,
14,-,PUNCT,PUNCT,,15.0,punct,"(59, 60)",-,
15,ממדי,ADJ,ADJ,Gender=Masc|Number=Sing,11.0,amod,"(60, 64)",ממדי,
"(16, 17)",שמנצל,,,,,,"(65, 70)",,"[{'id': 16, 'text': 'ש', 'upos': 'SCONJ', 'xpos': 'SCONJ', 'head': 17, 'deprel': 'mark', 'lemma': 'ש'}, {'id': 17, 'text': 'מנצל', 'upos': 'VERB', 'xpos': 'VERB', 'feats': 'Gender=Masc|HebBinyan=PIEL|Number=Sing|Person=1,2,3|VerbForm=Part|Voice=Act', 'head': 11, 'deprel': 'acl:relcl', 'lemma': 'ניצל'}]"
18,את,ADP,ADP,Case=Acc,20.0,case:acc,"(71, 73)",את,
"(19, 20)",היתרונות,,,,,,"(74, 82)",,"[{'id': 19, 'text': 'ה', 'upos': 'DET', 'xpos': 'DET', 'feats': 'PronType=Art', 'head': 20, 'deprel': 'det:def', 'lemma': 'ה'}, {'id': 20, 'text': 'יתרונות', 'upos': 'NOUN', 'xpos': 'NOUN', 'feats': 'Gender=Masc|Number=Plur', 'head': 17, 'deprel': 'obj', 'lemma': 'יתרון'}]"
21,של,ADP,ADP,Case=Gen,22.0,case:gen,"(83, 85)",של,
22,שיטת,NOUN,NOUN,Definite=Cons|Gender=Fem|Number=Sing,20.0,nmod:poss,"(86, 90)",שיטה,
"(23, 24)",האלמנטים,,,,,,"(91, 99)",,"[{'id': 23, 'text': 'ה', 'upos': 'DET', 'xpos': 'DET', 'feats': 'PronType=Art', 'head': 24, 'deprel': 'det:def', 'lemma': 'ה'}, {'id': 24, 'text': 'אלמנטים', 'upos': 'NOUN', 'xpos': 'NOUN', 'feats': 'Gender=Masc|Number=Plur', 'head': 22, 'deprel': 'compound:smixut', 'lemma': 'אלמנט'}]"
"(25, 26)",הסופיים,,,,,,"(100, 107)",,"[{'id': 25, 'text': 'ה', 'upos': 'DET', 'xpos': 'DET', 'feats': 'PronType=Art', 'head': 26, 'deprel': 'det:def', 'lemma': 'ה'}, {'id': 26, 'text': 'סופיים', 'upos': 'ADJ', 'xpos': 'ADJ', 'feats': 'Gender=Masc|Number=Plur', 'head': 24, 'deprel': 'amod', 'lemma': 'סופי'}]"
1,3,NUM,NUM,,0.0,root,"(1, 2)",3,
1,3,NUM,NUM,,0.0,root,"(0, 1)",3,
1,3,NUM,NUM,,0.0,root,"(0, 1)",3,
1,1,NUM,NUM,,9.0,dep,"(0, 1)",1,
2,פילוג,NOUN,NOUN,Definite=Cons|Gender=Masc|Number=Sing,9.0,nsubj,"(2, 7)",פילוג,
3,רעש,NOUN,NOUN,Gender=Masc|Number=Sing,2.0,compound:smixut,"(8, 11)",רעש,
"(4, 5)",בחדר,,,,,,"(12, 16)",,"[{'id': 4, 'text': 'ב', 'upos': 'ADP', 'xpos': 'ADP', 'head': 5, 'deprel': 'case', 'lemma': 'ב'}, {'id': 5, 'text': 'חדר', 'upos': 'NOUN', 'xpos': 'NOUN', 'feats': 'Definite=Cons|Gender=Masc|Number=Sing', 'head': 2, 'deprel': 'nmod', 'lemma': 'חדר'}]"
6,חישובים,NOUN,NOUN,Gender=Masc|Number=Plur,5.0,compound:smixut,"(17, 24)",חישוב,
7,תלת,ADV,ADV,Prefix=Yes,8.0,compound:affix,"(25, 28)",תלת,
8,־ממדיים,ADJ,ADJ,Gender=Masc|Number=Plur,6.0,amod,"(28, 35)",_,
9,נעשו,VERB,VERB,"Gender=Fem,Masc|HebBinyan=NIFAL|Number=Plur|Person=3|Tense=Past|Voice=Mid",0.0,root,"(36, 40)",נעשה,
"(10, 12)",לגיאומטריה,,,,,,"(41, 51)",,"[{'id': 10, 'text': 'ל', 'upos': 'ADP', 'xpos': 'ADP', 'head': 12, 'deprel': 'case', 'lemma': 'ל'}, {'id': 11, 'text': 'ה_', 'upos': 'DET', 'xpos': 'DET', 'feats': 'PronType=Art', 'head': 12, 'deprel': 'det:def', 'lemma': 'ה'}, {'id': 12, 'text': 'גיאומטריה', 'upos': 'NOUN', 'xpos': 'NOUN', 'feats': 'Gender=Fem|Number=Sing', 'head': 9, 'deprel': 'obl', 'lemma': 'גיאומטריה'}]"
"(13, 14)",שמתוארת,,,,,,"(52, 59)",,"[{'id': 13, 'text': 'ש', 'upos': 'SCONJ', 'xpos': 'SCONJ', 'head': 14, 'deprel': 'mark', 'lemma': 'ש'}, {'id': 14, 'text': 'מתוארת', 'upos': 'VERB', 'xpos': 'VERB', 'feats': 'Gender=Fem|HebBinyan=PUAL|Number=Sing|Person=1,2,3|VerbForm=Part|Voice=Pass', 'head': 12, 'deprel': 'acl:relcl', 'lemma': 'תואר'}]"
"(15, 16)",בציור,,,,,,"(60, 65)",,"[{'id': 15, 'text': 'ב', 'upos': 'ADP', 'xpos': 'ADP', 'head': 16, 'deprel': 'case', 'lemma': 'ב'}, {'id': 16, 'text': 'ציור', 'upos': 'NOUN', 'xpos': 'NOUN', 'feats': 'Gender=Masc|Number=Sing', 'head': 14, 'deprel': 'obl', 'lemma': 'ציור'}]"
17,6a,NUM,NUM,,16.0,nummod,"(66, 68)",6a,
"(18, 19)",ורישות,,,,,,"(69, 75)",,"[{'id': 18, 'text': 'ו', 'upos': 'CCONJ', 'xpos': 'CCONJ', 'head': 22, 'deprel': 'cc', 'lemma': 'ו'}, {'id': 19, 'text': 'רישות', 'upos': 'NOUN', 'xpos': 'NOUN', 'feats': 'Definite=Cons|Gender=Masc|Number=Plur', 'head': 22, 'deprel': 'nsubj', 'lemma': 'רישות'}]"
"(20, 21)",הבעיה,,,,,,"(76, 81)",,"[{'id': 20, 'text': 'ה', 'upos': 'DET', 'xpos': 'DET', 'feats': 'PronType=Art', 'head': 21, 'deprel': 'det:def', 'lemma': 'ה'}, {'id': 21, 'text': 'בעיה', 'upos': 'NOUN', 'xpos': 'NOUN', 'feats': 'Gender=Fem|Number=Sing', 'head': 19, 'deprel': 'compound:smixut', 'lemma': 'בעיה'}]"
22,מוצג,VERB,VERB,"Gender=Masc|HebBinyan=HUFAL|Number=Sing|Person=1,2,3|VerbForm=Part|Voice=Pass",9.0,conj,"(82, 86)",הוצג,
"(23, 24)",בציור,,,,,,"(87, 92)",,"[{'id': 23, 'text': 'ב', 'upos': 'ADP', 'xpos': 'ADP', 'head': 24, 'deprel': 'case', 'lemma': 'ב'}, {'id': 24, 'text': 'ציור', 'upos': 'NOUN', 'xpos': 'NOUN', 'feats': 'Gender=Masc|Number=Sing', 'head': 22, 'deprel': 'obl', 'lemma': 'ציור'}]"
25,6b,NUM,NUM,,24.0,nummod,"(93, 95)",6b,
"(1, 2)",העומס,,,,,,"(1, 6)",,"[{'id': 1, 'text': 'ה', 'upos': 'DET', 'xpos': 'DET', 'feats': 'PronType=Art', 'head': 2, 'deprel': 'det:def', 'lemma': 'ה'}, {'id': 2, 'text': 'עומס', 'upos': 'NOUN', 'xpos': 'NOUN', 'feats': 'Gender=Masc|Number=Sing', 'head': 15, 'deprel': 'nsubj', 'lemma': 'עומס'}]"
3,(,PUNCT,PUNCT,,4.0,punct,"(7, 8)",(,
4,רעש,NOUN,NOUN,Definite=Cons|Gender=Masc|Number=Sing,2.0,appos,"(8, 11)",רעש,
5,מנוע,NOUN,NOUN,Definite=Cons|Gender=Masc|Number=Sing,4.0,compound:smixut,"(12, 16)",מנוע,
6,מזגן,NOUN,NOUN,Gender=Masc|Number=Sing,5.0,compound:smixut,"(17, 21)",מזגן,
7,a,PROPN,PROPN,,4.0,flat:name,"(22, 23)",a,
8,כפי,SCONJ,SCONJ,,10.0,mark,"(24, 27)",כפי,
"(9, 10)",שהתקבל,,,,,,"(28, 34)",,"[{'id': 9, 'text': 'ש', 'upos': 'SCONJ', 'xpos': 'SCONJ', 'head': 8, 'deprel': 'fixed', 'lemma': 'ש'}, {'id': 10, 'text': 'התקבל', 'upos': 'VERB', 'xpos': 'VERB', 'feats': 'Gender=Masc|HebBinyan=HITPAEL|Number=Sing|Person=3|Tense=Past', 'head': 4, 'deprel': 'advcl', 'lemma': 'התקבל'}]"
"(11, 13)",מהמדידות,,,,,,"(35, 43)",,"[{'id': 11, 'text': 'מ', 'upos': 'ADP', 'xpos': 'ADP', 'head': 13, 'deprel': 'case', 'lemma': 'מ'}, {'id': 12, 'text': 'ה', 'upos': 'DET', 'xpos': 'DET', 'feats': 'PronType=Art', 'head': 13, 'deprel': 'det:def', 'lemma': 'ה'}, {'id': 13, 'text': 'מדידות', 'upos': 'NOUN', 'xpos': 'NOUN', 'feats': 'Gender=Fem|Number=Plur', 'head': 10, 'deprel': 'obl', 'lemma': 'מדידה'}]"
14,),PUNCT,PUNCT,,4.0,punct,"(43, 44)",),
15,הוכנס,VERB,VERB,Gender=Masc|HebBinyan=HUFAL|Number=Sing|Person=3|Tense=Past|Voice=Pass,0.0,root,"(45, 50)",הוכנס,
"(16, 17)",בצורה,,,,,,"(51, 56)",,"[{'id': 16, 'text': 'ב', 'upos': 'ADP', 'xpos': 'ADP', 'head': 17, 'deprel': 'case', 'lemma': 'ב'}, {'id': 17, 'text': 'צורה', 'upos': 'NOUN', 'xpos': 'NOUN', 'feats': 'Gender=Fem|Number=Sing', 'head': 15, 'deprel': 'obl', 'lemma': 'צורה'}]"
18,ישירה,ADJ,ADJ,Gender=Fem|Number=Sing,17.0,amod,"(57, 62)",ישיר,
"(19, 20)",לנקודות,,,,,,"(63, 70)",,"[{'id': 19, 'text': 'ל', 'upos': 'ADP', 'xpos': 'ADP', 'head': 20, 'deprel': 'case', 'lemma': 'ל'}, {'id': 20, 'text': 'נקודות', 'upos': 'NOUN', 'xpos': 'NOUN', 'feats': 'Definite=Cons|Gender=Fem|Number=Plur', 'head': 15, 'deprel': 'obl', 'lemma': 'נקודה'}]"
"(21, 22)",הצומת,,,,,,"(71, 76)",,"[{'id': 21, 'text': 'ה', 'upos': 'DET', 'xpos': 'DET', 'feats': 'PronType=Art', 'head': 22, 'deprel': 'det:def', 'lemma': 'ה'}, {'id': 22, 'text': 'צומת', 'upos': 'NOUN', 'xpos': 'NOUN', 'feats': 'Gender=Fem|Number=Sing', 'head': 20, 'deprel': 'compound:smixut', 'lemma': 'צומת'}]"
"(23, 24)",המתארות,,,,,,"(77, 84)",,"[{'id': 23, 'text': 'ה', 'upos': 'SCONJ', 'xpos': 'SCONJ', 'head': 24, 'deprel': 'mark', 'lemma': 'ה'}, {'id': 24, 'text': 'מתארות', 'upos': 'VERB', 'xpos': 'VERB', 'feats': 'Gender=Fem|HebBinyan=PIEL|Number=Plur|Person=1,2,3|VerbForm=Part|Voice=Act', 'head': 20, 'deprel': 'acl:relcl', 'lemma': 'תיאר'}]"
25,את,ADP,ADP,Case=Acc,27.0,case:acc,"(85, 87)",את,
"(26, 27)",החלון,,,,,,"(88, 93)",,"[{'id': 26, 'text': 'ה', 'upos': 'DET', 'xpos': 'DET', 'feats': 'PronType=Art', 'head': 27, 'deprel': 'det:def', 'lemma': 'ה'}, {'id': 27, 'text': 'חלון', 'upos': 'NOUN', 'xpos': 'NOUN', 'feats': 'Gender=Masc|Number=Sing', 'head': 24, 'deprel': 'obj', 'lemma': 'חלון'}]"
1,להלן,ADV,ADV,,0.0,root,"(1, 5)",להלן,
"(2, 3)",הפרמטרים,,,,,,"(6, 14)",,"[{'id': 2, 'text': 'ה', 'upos': 'DET', 'xpos': 'DET', 'feats': 'PronType=Art', 'head': 3, 'deprel': 'det:def', 'lemma': 'ה'}, {'id': 3, 'text': 'פרמטרים', 'upos': 'NOUN', 'xpos': 'NOUN', 'feats': 'Gender=Masc|Number=Plur', 'head': 1, 'deprel': 'dep', 'lemma': 'פרמטר'}]"
"(4, 5)",שהוכנסו,,,,,,"(15, 22)",,"[{'id': 4, 'text': 'ש', 'upos': 'SCONJ', 'xpos': 'SCONJ', 'head': 5, 'deprel': 'mark', 'lemma': 'ש'}, {'id': 5, 'text': 'הוכנסו', 'upos': 'VERB', 'xpos': 'VERB', 'feats': 'Gender=Fem,Masc|HebBinyan=HUFAL|Number=Plur|Person=3|Tense=Past|Voice=Pass', 'head': 3, 'deprel': 'acl:relcl', 'lemma': 'הוכנס'}]"
"(6, 8)",בתוכנה,,,,,,"(23, 29)",,"[{'id': 6, 'text': 'ב', 'upos': 'ADP', 'xpos': 'ADP', 'head': 8, 'deprel': 'case', 'lemma': 'ב'}, {'id': 7, 'text': 'ה_', 'upos': 'DET', 'xpos': 'DET', 'feats': 'PronType=Art', 'head': 8, 'deprel': 'det:def', 'lemma': 'ה'}, {'id': 8, 'text': 'תוכנה', 'upos': 'NOUN', 'xpos': 'NOUN', 'feats': 'Gender=Fem|Number=Sing', 'head': 5, 'deprel': 'obl', 'lemma': 'תוכנה'}]"
"(9, 11)",למודל,,,,,,"(30, 35)",,"[{'id': 9, 'text': 'ל', 'upos': 'ADP', 'xpos': 'ADP', 'head': 11, 'deprel': 'case', 'lemma': 'ל'}, {'id': 10, 'text': 'ה_', 'upos': 'DET', 'xpos': 'DET', 'feats': 'PronType=Art', 'head': 11, 'deprel': 'det:def', 'lemma': 'ה'}, {'id': 11, 'text': 'מודל', 'upos': 'NOUN', 'xpos': 'NOUN', 'feats': 'Gender=Masc|Number=Sing', 'head': 5, 'deprel': 'obl', 'lemma': 'מודל'}]"
"(12, 13)",התלת,,,,,,"(36, 40)",,"[{'id': 12, 'text': 'ה', 'upos': 'DET', 'xpos': 'DET', 'feats': 'PronType=Art', 'head': 15, 'deprel': 'det:def', 'lemma': 'ה'}, {'id': 13, 'text': 'תלת', 'upos': 'ADV', 'xpos': 'ADV', 'feats': 'Prefix=Yes', 'head': 15, 'deprel': 'compound:affix', 'lemma': 'תלת'}]"
14,-,PUNCT,PUNCT,,15.0,punct,"(40, 41)",-,
15,ממדי,ADJ,ADJ,Gender=Masc|Number=Sing,11.0,amod,"(41, 45)",ממדי,
16,של,ADP,ADP,Case=Gen,18.0,case:gen,"(46, 48)",של,
"(17, 18)",החדר,,,,,,"(49, 53)",,"[{'id': 17, 'text': 'ה', 'upos': 'DET', 'xpos': 'DET', 'feats': 'PronType=Art', 'head': 18, 'deprel': 'det:def', 'lemma': 'ה'}, {'id': 18, 'text': 'חדר', 'upos': 'NOUN', 'xpos': 'NOUN', 'feats': 'Gender=Masc|Number=Sing', 'head': 11, 'deprel': 'nmod', 'lemma': 'חדר'}]"
19,:,PUNCT,PUNCT,,1.0,dep,"(53, 54)",:,
20,סוג,NOUN,NOUN,Definite=Cons|Gender=Masc|Number=Sing,3.0,appos,"(55, 58)",סוג,
"(21, 22)",האלמנט,,,,,,"(59, 65)",,"[{'id': 21, 'text': 'ה', 'upos': 'DET', 'xpos': 'DET', 'feats': 'PronType=Art', 'head': 22, 'deprel': 'det:def', 'lemma': 'ה'}, {'id': 22, 'text': 'אלמנט', 'upos': 'NOUN', 'xpos': 'NOUN', 'feats': 'Gender=Masc|Number=Sing', 'head': 20, 'deprel': 'compound:smixut', 'lemma': 'אלמנט'}]"
23,-,PUNCT,PUNCT,,20.0,punct,"(66, 67)",-,
24,30,NUM,NUM,,20.0,nummod,"(68, 70)",30,
25,Fluid,X,X,HebSource=ConvUncertainHead,3.0,dep,"(71, 76)",_,
26,:,PUNCT,PUNCT,,1.0,dep,"(77, 78)",:,
27,בעיה,NOUN,NOUN,Gender=Fem|HebSource=ConvUncertainHead|Number=Sing,20.0,appos,"(79, 83)",בעיה,
28,אקוסטית,ADJ,ADJ,Gender=Fem|Number=Sing,27.0,amod,"(84, 91)",אקוסטי,
29,תלת,ADV,ADV,Prefix=Yes,30.0,compound:affix,"(92, 95)",תלת,
30,־ממדית,ADJ,ADJ,Gender=Fem|Number=Sing,27.0,amod,"(95, 101)",_,
"(1, 3)",hx=0,,,,,,"(1, 5)",,"[{'id': 1, 'text': 'פ', 'upos': 'PROPN', 'xpos': 'PROPN', 'head': 0, 'deprel': 'root', 'lemma': 'פ'}, {'id': 2, 'text': 'ה_', 'upos': 'DET', 'xpos': 'DET', 'feats': 'PronType=Art', 'head': 3, 'deprel': 'det:def', 'lemma': 'ה'}, {'id': 3, 'text': 'חפ0', 'upos': 'X', 'xpos': 'X', 'feats': 'Xtra=Junk', 'head': 1, 'deprel': 'dep', 'lemma': '_'}]"
1,25,NUM,NUM,,2.0,nummod,"(0, 2)",25,
2,m,NOUN,NOUN,,0.0,root,"(3, 4)",m,
3,",",PUNCT,PUNCT,,2.0,punct,"(4, 5)",",",
4,hy,NOUN,NOUN,HebSource=ConvUncertainHead,2.0,appos,"(6, 8)",hy,
5,=0,NUM,NUM,HebSource=ConvUncertainHead,4.0,nummod,"(8, 10)",=0,
1,30,NUM,NUM,,2.0,nummod,"(0, 2)",30,
2,m,NOUN,NOUN,,0.0,root,"(3, 4)",m,
3,",",PUNCT,PUNCT,,2.0,punct,"(4, 5)",",",
4,hz,PROPN,PROPN,,2.0,appos,"(6, 8)",hz,
5,=0,NUM,NUM,HebSource=ConvUncertainHead,4.0,nummod,"(8, 10)",=0,
1,5,NUM,NUM,,2.0,nummod,"(0, 1)",5,
2,m,NOUN,NOUN,,4.0,nmod,"(2, 3)",m,
3,:,PUNCT,PUNCT,,4.0,punct,"(4, 5)",:,
4,גודל,NOUN,NOUN,Definite=Cons|Gender=Masc|HebSource=ConvUncertainHead|Number=Sing,0.0,root,"(5, 9)",גודל,
5,אלמנט,NOUN,NOUN,Definite=Cons|Gender=Masc|Number=Sing,7.0,nmod,"(10, 15)",אלמנט,
6,-,PUNCT,PUNCT,,7.0,punct,"(16, 17)",-,
7,ערכים,NOUN,NOUN,Gender=Masc|Number=Plur,4.0,compound:smixut,"(18, 23)",ערך,
8,מכסימליים,ADJ,ADJ,Gender=Masc|Number=Plur,7.0,amod,"(24, 33)",מכסימלי,
9,לחץ,NOUN,NOUN,Definite=Cons|Gender=Masc|Number=Sing,4.0,acl,"(34, 37)",לחץ,
10,יחוס,NOUN,NOUN,Definite=Cons|Gender=Masc|Number=Sing,9.0,nmod,"(38, 42)",יחוס,
11,־,NOUN,NOUN,Definite=Def|Gender=Masc|HebSource=ConvUncertainHead|Number=Sing,9.0,acl,"(43, 44)",־,
12,ברירת,NOUN,NOUN,Definite=Cons|Gender=Fem|Number=Sing,10.0,compound:smixut,"(45, 50)",ברירה,
"(13, 14)",המחדל,,,,,,"(51, 56)",,"[{'id': 13, 'text': 'ה', 'upos': 'DET', 'xpos': 'DET', 'feats': 'PronType=Art', 'head': 14, 'deprel': 'det:def', 'lemma': 'ה'}, {'id': 14, 'text': 'מחדל', 'upos': 'NOUN', 'xpos': 'NOUN', 'feats': 'Gender=Masc|Number=Sing', 'head': 12, 'deprel': 'compound:smixut', 'lemma': 'מחדל'}]"
15,של,ADP,ADP,Case=Gen,16.0,case:gen,"(57, 59)",של,
16,תוכנה,NOUN,NOUN,Gender=Fem|Number=Sing,10.0,nmod:poss,"(60, 65)",תוכנה,
17,5,NUM,NUM,HebSource=ConvUncertainHead,4.0,nummod,"(66, 67)",5,
18,Pa,NOUN,NOUN,"Gender=Masc|Number=Plur,Sing",4.0,nmod,"(68, 70)",Pa,
"(19, 20)",־10,,,,,,"(70, 73)",,"[{'id': 19, 'text': 'פ', 'upos': 'NOUN', 'xpos': 'NOUN', 'feats': 'HebSource=ConvUncertainHead', 'head': 18, 'deprel': 'dep', 'lemma': 'פ'}, {'id': 20, 'text': '10', 'upos': 'NUM', 'xpos': 'NUM', 'feats': 'HebSource=ConvUncertainHead', 'head': 18, 'deprel': 'nummod', 'lemma': '10'}]"
21,*,PUNCT,PUNCT,,20.0,nummod,"(74, 75)",*,
22,2,NUM,NUM,,20.0,nummod,"(76, 77)",2,
23,(,PUNCT,PUNCT,,24.0,punct,"(78, 79)",(,
24,סף,NOUN,NOUN,Definite=Cons|Gender=Masc|Number=Sing,20.0,appos,"(79, 81)",סף,
"(25, 26)",השמע,,,,,,"(82, 86)",,"[{'id': 25, 'text': 'ה', 'upos': 'DET', 'xpos': 'DET', 'feats': 'PronType=Art', 'head': 26, 'deprel': 'det:def', 'lemma': 'ה'}, {'id': 26, 'text': 'שמע', 'upos': 'NOUN', 'xpos': 'NOUN', 'feats': 'Gender=Masc|Number=Sing', 'head': 24, 'deprel': 'compound:smixut', 'lemma': 'שמע'}]"
27,),PUNCT,PUNCT,,24.0,punct,"(86, 87)",),
1,תכונות,NOUN,NOUN,Definite=Cons|Gender=Fem|HebSource=ConvUncertainHead|Number=Plur,0.0,root,"(1, 7)",תכונה,
"(2, 3)",החומר,,,,,,"(8, 13)",,"[{'id': 2, 'text': 'ה', 'upos': 'DET', 'xpos': 'DET', 'feats': 'PronType=Art', 'head': 3, 'deprel': 'det:def', 'lemma': 'ה'}, {'id': 3, 'text': 'חומר', 'upos': 'NOUN', 'xpos': 'NOUN', 'feats': 'Gender=Masc|Number=Sing', 'head': 1, 'deprel': 'compound:smixut', 'lemma': 'חומר'}]"
4,־,PUNCT,PUNCT,,3.0,punct,"(14, 15)",־,
5,(,PUNCT,PUNCT,,6.0,punct,"(16, 17)",(,
6,יחידות,ADJ,ADJ,Gender=Fem|Number=Plur,1.0,appos,"(17, 23)",יחיד,
1,s,PROPN,PROPN,,0.0,root,"(0, 1)",s,
1,i,PROPN,PROPN,,0.0,root,"(0, 1)",i,
2,),PUNCT,PUNCT,,1.0,punct,"(1, 2)",),
3,צפיפות,NOUN,NOUN,Gender=Fem|Number=Plur,1.0,dep,"(3, 9)",צפיפות,
4,(,PUNCT,PUNCT,,5.0,punct,"(9, 10)",(,
5,1,NUM,NUM,,1.0,appos,"(10, 11)",1,
1,2kg,NUM,NUM,,0.0,root,"(0, 3)",2kg,
2,/,PUNCT,PUNCT,,1.0,punct,"(3, 4)",/,
3,m3,NUM,NUM,HebSource=ConvUncertainHead,1.0,obl,"(4, 6)",m3,
4,-,PUNCT,PUNCT,,6.0,punct,"(6, 7)",-,
5,(,PUNCT,PUNCT,,6.0,punct,"(8, 9)",(,
6,dens,PROPN,PROPN,,1.0,appos,"(9, 13)",dens,
1,מקדם,NOUN,NOUN,Definite=Cons|Gender=Masc|Number=Sing,12.0,nsubj,"(1, 5)",מקדם,
"(2, 3)",הספיגה,,,,,,"(6, 12)",,"[{'id': 2, 'text': 'ה', 'upos': 'DET', 'xpos': 'DET', 'feats': 'PronType=Art', 'head': 3, 'deprel': 'det:def', 'lemma': 'ה'}, {'id': 3, 'text': 'ספיגה', 'upos': 'NOUN', 'xpos': 'NOUN', 'feats': 'Gender=Fem|Number=Sing', 'head': 1, 'deprel': 'compound:smixut', 'lemma': 'ספיגה'}]"
"(4, 5)",בשפות,,,,,,"(13, 18)",,"[{'id': 4, 'text': 'ב', 'upos': 'ADP', 'xpos': 'ADP', 'head': 5, 'deprel': 'case', 'lemma': 'ב'}, {'id': 5, 'text': 'שפות', 'upos': 'NOUN', 'xpos': 'NOUN', 'feats': 'Gender=Fem|Number=Plur', 'head': 3, 'deprel': 'nmod', 'lemma': 'שפה'}]"
6,(,PUNCT,PUNCT,,7.0,punct,"(19, 20)",(,
7,mu,PROPN,PROPN,,5.0,appos,"(20, 22)",mu,
8,),PUNCT,PUNCT,,7.0,punct,"(22, 23)",),
9,־,PUNCT,PUNCT,,11.0,punct,"(24, 25)",־,
"(10, 11)",המקדם,,,,,,"(26, 31)",,"[{'id': 10, 'text': 'ה', 'upos': 'DET', 'xpos': 'DET', 'feats': 'PronType=Art', 'head': 11, 'deprel': 'det:def', 'lemma': 'ה'}, {'id': 11, 'text': 'מקדם', 'upos': 'NOUN', 'xpos': 'NOUN', 'feats': 'Gender=Masc|Number=Sing', 'head': 12, 'deprel': 'nsubj', 'lemma': 'מקדם'}]"
12,מקבל,VERB,VERB,"Gender=Masc|HebBinyan=PIEL|Number=Sing|Person=1,2,3|VerbForm=Part|Voice=Act",0.0,root,"(32, 36)",קיבל,
13,ערכים,NOUN,NOUN,Gender=Masc|Number=Plur,12.0,obj,"(37, 42)",ערך,
14,בין,ADP,ADP,,15.0,case,"(43, 46)",בין,
15,0,NUM,NUM,,13.0,nmod,"(47, 48)",0,
1,0,NUM,NUM,,0.0,root,"(0, 1)",0,
2,ל־,ADP,ADP,,3.0,case,"(2, 4)",ל־,
3,1,NUM,NUM,,1.0,obl,"(5, 6)",1,
1,0,NUM,NUM,,0.0,root,"(0, 1)",0,
1,מופעל,VERB,VERB,"Gender=Masc|HebBinyan=HUFAL|Number=Sing|Person=1,2,3|VerbForm=Part|Voice=Pass",0.0,root,"(1, 6)",הופעל,
"(2, 4)",על־ידי,,,,,,"(7, 13)",,"[{'id': 2, 'text': 'על', 'upos': 'ADP', 'xpos': 'ADP', 'head': 4, 'deprel': 'case', 'lemma': 'על'}, {'id': 3, 'text': 'ה_', 'upos': 'DET', 'xpos': 'DET', 'feats': 'PronType=Art', 'head': 4, 'deprel': 'dep', 'lemma': 'ה'}, {'id': 4, 'text': 'לידי', 'upos': 'NOUN', 'xpos': 'NOUN', 'head': 1, 'deprel': 'obl', 'lemma': 'לידי'}]"
5,דגל,NOUN,NOUN,Gender=Masc|Number=Sing,1.0,nsubj,"(14, 17)",דגל,
6,מיוחד,ADJ,ADJ,Gender=Masc|Number=Sing,5.0,amod,"(18, 23)",מיוחד,
1,מהירות,NOUN,NOUN,Definite=Cons|Gender=Fem|Number=Sing,0.0,root,"(1, 7)",מהירות,
"(2, 3)",הקול,,,,,,"(8, 12)",,"[{'id': 2, 'text': 'ה', 'upos': 'DET', 'xpos': 'DET', 'feats': 'PronType=Art', 'head': 3, 'deprel': 'det:def', 'lemma': 'ה'}, {'id': 3, 'text': 'קול', 'upos': 'NOUN', 'xpos': 'NOUN', 'feats': 'Gender=Masc|Number=Sing', 'head': 1, 'deprel': 'compound:smixut', 'lemma': 'קול'}]"
4,(,PUNCT,PUNCT,,5.0,punct,"(12, 13)",(,
5,sonc,PROPN,PROPN,,1.0,appos,"(14, 18)",sonc,
6,),PUNCT,PUNCT,,5.0,punct,"(19, 20)",),
7,־,PUNCT,PUNCT,HebSource=ConvUncertainHead,8.0,punct,"(21, 22)",־,
8,c,PROPN,PROPN,,1.0,appos,"(23, 24)",c,
9,=,PUNCT,PUNCT,,11.0,punct,"(25, 26)",=,
10,340,NUM,NUM,,11.0,nummod,"(27, 30)",340,
11,m/s,NOUN,NOUN,Abbr=Yes|Gender=Masc|HebSource=ConvUncertainLabel|Number=Sing,8.0,nmod,"(31, 34)",m/s,
1,סוג,NOUN,NOUN,Definite=Cons|Gender=Masc|Number=Sing,0.0,root,"(1, 4)",סוג,
"(2, 3)",האנליזה,,,,,,"(5, 12)",,"[{'id': 2, 'text': 'ה', 'upos': 'DET', 'xpos': 'DET', 'feats': 'PronType=Art', 'head': 3, 'deprel': 'det:def', 'lemma': 'ה'}, {'id': 3, 'text': 'אנליזה', 'upos': 'NOUN', 'xpos': 'NOUN', 'feats': 'Gender=Fem|Number=Sing', 'head': 1, 'deprel': 'compound:smixut', 'lemma': 'אנליזה'}]"
4,-,PUNCT,PUNCT,,3.0,punct,"(13, 14)",-,
5,אנליזה,NOUN,NOUN,Gender=Fem|Number=Sing,3.0,nmod,"(15, 21)",אנליזה,
6,הרמונית,ADJ,ADJ,Gender=Fem|Number=Sing,3.0,amod,"(22, 29)",הרמוני,
1,תדירות,NOUN,NOUN,Definite=Cons|Gender=Fem|Number=Sing,0.0,root,"(1, 7)",תדירות,
"(2, 3)",הגל,,,,,,"(8, 11)",,"[{'id': 2, 'text': 'ה', 'upos': 'DET', 'xpos': 'DET', 'feats': 'PronType=Art', 'head': 3, 'deprel': 'det:def', 'lemma': 'ה'}, {'id': 3, 'text': 'גל', 'upos': 'NOUN', 'xpos': 'NOUN', 'feats': 'Gender=Masc|Number=Sing', 'head': 1, 'deprel': 'compound:smixut', 'lemma': 'גל'}]"
4,־,PUNCT,PUNCT,,5.0,punct,"(12, 13)",־,
5,f,PROPN,PROPN,,1.0,compound:smixut,"(14, 15)",f,
"(1, 2)",באנליזה,,,,,,"(1, 8)",,"[{'id': 1, 'text': 'ב', 'upos': 'ADP', 'xpos': 'ADP', 'head': 2, 'deprel': 'case', 'lemma': 'ב'}, {'id': 2, 'text': 'אנליזה', 'upos': 'NOUN', 'xpos': 'NOUN', 'feats': 'Gender=Fem|Number=Sing', 'head': 6, 'deprel': 'obl', 'lemma': 'אנליזה'}]"
3,תלת,ADV,ADV,Prefix=Yes,5.0,compound:affix,"(9, 12)",תלת,
"(4, 5)",־ממדית,,,,,,"(12, 18)",,"[{'id': 4, 'text': 'ל', 'upos': 'ADP', 'xpos': 'ADP', 'head': 5, 'deprel': 'case', 'lemma': 'ל'}, {'id': 5, 'text': 'ממדית', 'upos': 'ADJ', 'xpos': 'ADJ', 'feats': 'Gender=Fem|Number=Sing', 'head': 2, 'deprel': 'nmod', 'lemma': 'ממדי'}]"
6,קיימות,ADJ,ADJ,Gender=Fem|Number=Plur,0.0,root,"(19, 25)",קיים,
7,אפשרויות,NOUN,NOUN,Gender=Fem|Number=Plur,6.0,nsubj,"(26, 34)",אפשרות,
8,מגוונות,ADJ,ADJ,Gender=Fem|Number=Plur,7.0,amod,"(35, 42)",מגוון,
"(9, 10)",להפעלת,,,,,,"(43, 49)",,"[{'id': 9, 'text': 'ל', 'upos': 'ADP', 'xpos': 'ADP', 'head': 10, 'deprel': 'case', 'lemma': 'ל'}, {'id': 10, 'text': 'הפעלת', 'upos': 'NOUN', 'xpos': 'NOUN', 'feats': 'Definite=Cons|Gender=Fem|Number=Sing', 'head': 7, 'deprel': 'nmod', 'lemma': 'הפעלה'}]"
11,מקדם,ADV,ADV,HebSource=ConvUncertainHead|Prefix=Yes,13.0,compound:affix,"(50, 54)",מקדם,
"(12, 13)",הספיגה,,,,,,"(55, 61)",,"[{'id': 12, 'text': 'ה', 'upos': 'DET', 'xpos': 'DET', 'feats': 'PronType=Art', 'head': 13, 'deprel': 'det:def', 'lemma': 'ה'}, {'id': 13, 'text': 'ספיגה', 'upos': 'NOUN', 'xpos': 'NOUN', 'feats': 'Gender=Fem|Number=Sing', 'head': 10, 'deprel': 'compound:smixut', 'lemma': 'ספיגה'}]"
"(14, 15)",וזאת,,,,,,"(62, 66)",,"[{'id': 14, 'text': 'ו', 'upos': 'CCONJ', 'xpos': 'CCONJ', 'head': 15, 'deprel': 'cc', 'lemma': 'ו'}, {'id': 15, 'text': 'זאת', 'upos': 'PRON', 'xpos': 'PRON', 'feats': 'Gender=Fem|Number=Sing|Person=3|PronType=Dem', 'head': 17, 'deprel': 'nsubj', 'lemma': 'זאת'}]"
16,בגלל,ADP,ADP,,17.0,case,"(67, 71)",בגלל,
17,הוספת,NOUN,NOUN,Definite=Cons|Gender=Fem|Number=Sing,6.0,obl,"(72, 77)",הוספה,
18,רצפה,NOUN,NOUN,Gender=Fem|Number=Sing,17.0,compound:smixut,"(78, 82)",רצפה,
19,",",PUNCT,PUNCT,,18.0,punct,"(82, 83)",",",
20,קירות,NOUN,NOUN,Gender=Masc|Number=Plur,18.0,conj,"(84, 89)",קיר,
"(21, 22)",ותקרה,,,,,,"(90, 95)",,"[{'id': 21, 'text': 'ו', 'upos': 'CCONJ', 'xpos': 'CCONJ', 'head': 22, 'deprel': 'cc', 'lemma': 'ו'}, {'id': 22, 'text': 'תקרה', 'upos': 'NOUN', 'xpos': 'NOUN', 'feats': 'Gender=Fem|Number=Sing', 'head': 18, 'deprel': 'conj', 'lemma': 'תקרה'}]"
1,תחילה,ADV,ADV,,2.0,advmod,"(1, 6)",תחילה,
2,הרצנו,VERB,VERB,"Gender=Fem,Masc|HebBinyan=HIFIL|Number=Plur|Person=1|Tense=Past|Voice=Act",0.0,root,"(7, 12)",הרצן,
3,את,ADP,ADP,Case=Acc,5.0,case:acc,"(13, 15)",את,
"(4, 5)",הבעיה,,,,,,"(16, 21)",,"[{'id': 4, 'text': 'ה', 'upos': 'DET', 'xpos': 'DET', 'feats': 'PronType=Art', 'head': 5, 'deprel': 'det:def', 'lemma': 'ה'}, {'id': 5, 'text': 'בעיה', 'upos': 'NOUN', 'xpos': 'NOUN', 'feats': 'Gender=Fem|Number=Sing', 'head': 2, 'deprel': 'obj', 'lemma': 'בעיה'}]"
6,עם,ADP,ADP,,7.0,case,"(22, 24)",עם,
7,מקדם,NOUN,NOUN,Definite=Cons|Gender=Masc|Number=Sing,5.0,nmod,"(25, 29)",מקדם,
8,ספיגה,NOUN,NOUN,Gender=Fem|Number=Sing,7.0,compound:smixut,"(30, 35)",ספיגה,
9,אחיד,ADJ,ADJ,Gender=Masc|Number=Sing,7.0,amod,"(36, 40)",אחיד,
10,0,NUM,NUM,,2.0,dep,"(41, 42)",0,
1,6=p,PROPN,PROPN,,0.0,root,"(0, 3)",6=p,
2,על,ADP,ADP,,5.0,case,"(4, 6)",על,
3,כל,DET,DET,Definite=Cons,5.0,det,"(7, 9)",כול,
"(4, 5)",השפות,,,,,,"(10, 15)",,"[{'id': 4, 'text': 'ה', 'upos': 'DET', 'xpos': 'DET', 'feats': 'PronType=Art', 'head': 5, 'deprel': 'det:def', 'lemma': 'ה'}, {'id': 5, 'text': 'שפות', 'upos': 'NOUN', 'xpos': 'NOUN', 'feats': 'Gender=Fem|Number=Plur', 'head': 1, 'deprel': 'nmod', 'lemma': 'שפה'}]"
6,",",PUNCT,PUNCT,,1.0,punct,"(15, 16)",",",
7,אולם,CCONJ,CCONJ,,24.0,cc,"(17, 21)",אולם,
"(8, 9)",בהשוואה,,,,,,"(22, 29)",,"[{'id': 8, 'text': 'ב', 'upos': 'ADP', 'xpos': 'ADP', 'head': 9, 'deprel': 'case', 'lemma': 'ב'}, {'id': 9, 'text': 'השוואה', 'upos': 'NOUN', 'xpos': 'NOUN', 'feats': 'Gender=Fem|Number=Sing', 'head': 24, 'deprel': 'obl', 'lemma': 'השוואה'}]"
"(10, 11)",לחישוב,,,,,,"(30, 36)",,"[{'id': 10, 'text': 'ל', 'upos': 'ADP', 'xpos': 'ADP', 'head': 11, 'deprel': 'case', 'lemma': 'ל'}, {'id': 11, 'text': 'חישוב', 'upos': 'NOUN', 'xpos': 'NOUN', 'feats': 'Gender=Masc|Number=Sing', 'head': 9, 'deprel': 'nmod', 'lemma': 'חישוב'}]"
"(12, 13)",הדו,,,,,,"(37, 40)",,"[{'id': 12, 'text': 'ה', 'upos': 'DET', 'xpos': 'DET', 'feats': 'PronType=Art', 'head': 15, 'deprel': 'det:def', 'lemma': 'ה'}, {'id': 13, 'text': 'דו', 'upos': 'ADV', 'xpos': 'ADV', 'feats': 'Prefix=Yes', 'head': 15, 'deprel': 'compound:affix', 'lemma': 'דו'}]"
14,-,PUNCT,PUNCT,,15.0,punct,"(40, 41)",-,
15,ממדי,ADJ,ADJ,Gender=Masc|Number=Sing,11.0,amod,"(41, 45)",ממדי,
"(16, 17)",וכן,,,,,,"(46, 49)",,"[{'id': 16, 'text': 'ו', 'upos': 'CCONJ', 'xpos': 'CCONJ', 'head': 19, 'deprel': 'cc', 'lemma': 'ו'}, {'id': 17, 'text': 'כן', 'upos': 'ADV', 'xpos': 'ADV', 'head': 18, 'deprel': 'advmod', 'lemma': 'כן'}]"
"(18, 19)",בהשוואה,,,,,,"(50, 57)",,"[{'id': 18, 'text': 'ב', 'upos': 'ADP', 'xpos': 'ADP', 'head': 19, 'deprel': 'case', 'lemma': 'ב'}, {'id': 19, 'text': 'השוואה', 'upos': 'NOUN', 'xpos': 'NOUN', 'feats': 'Gender=Fem|Number=Sing', 'head': 9, 'deprel': 'dep', 'lemma': 'השוואה'}]"
"(20, 21)",לתוצאות,,,,,,"(58, 65)",,"[{'id': 20, 'text': 'ל', 'upos': 'ADP', 'xpos': 'ADP', 'head': 21, 'deprel': 'case', 'lemma': 'ל'}, {'id': 21, 'text': 'תוצאות', 'upos': 'NOUN', 'xpos': 'NOUN', 'feats': 'Definite=Cons|Gender=Fem|Number=Plur', 'head': 19, 'deprel': 'nmod', 'lemma': 'תוצאה'}]"
"(22, 23)",המדידות,,,,,,"(66, 73)",,"[{'id': 22, 'text': 'ה', 'upos': 'DET', 'xpos': 'DET', 'feats': 'PronType=Art', 'head': 23, 'deprel': 'det:def', 'lemma': 'ה'}, {'id': 23, 'text': 'מדידות', 'upos': 'NOUN', 'xpos': 'NOUN', 'feats': 'Gender=Fem|Number=Plur', 'head': 21, 'deprel': 'compound:smixut', 'lemma': 'מדידה'}]"
24,התקבלו,VERB,VERB,"Gender=Fem,Masc|HebBinyan=HITPAEL|Number=Plur|Person=3|Tense=Past",1.0,conj,"(74, 80)",התקבל,
25,שגיאות,NOUN,NOUN,Gender=Fem|Number=Plur,24.0,nsubj,"(81, 87)",שגיאה,
26,יחסיות,ADJ,ADJ,Gender=Fem|Number=Plur,25.0,amod,"(88, 94)",יחסי,
27,גדולות,ADJ,ADJ,Gender=Fem|Number=Plur,25.0,amod,"(95, 101)",גדול,
1,לכן,ADV,ADV,,3.0,advmod,"(1, 4)",לכן,
2,",",PUNCT,PUNCT,,3.0,punct,"(4, 5)",",",
3,הוחלט,VERB,VERB,Gender=Masc|HebBinyan=HUFAL|Number=Sing|Person=3|Tense=Past|Voice=Pass,0.0,root,"(6, 11)",הוחלט,
4,להריץ,VERB,VERB,HebBinyan=HIFIL|VerbForm=Inf|Voice=Act,3.0,xcomp,"(12, 17)",הריץ,
5,את,ADP,ADP,Case=Acc,7.0,case:acc,"(18, 20)",את,
"(6, 7)",הבעיה,,,,,,"(21, 26)",,"[{'id': 6, 'text': 'ה', 'upos': 'DET', 'xpos': 'DET', 'feats': 'PronType=Art', 'head': 7, 'deprel': 'det:def', 'lemma': 'ה'}, {'id': 7, 'text': 'בעיה', 'upos': 'NOUN', 'xpos': 'NOUN', 'feats': 'Gender=Fem|Number=Sing', 'head': 4, 'deprel': 'obj', 'lemma': 'בעיה'}]"
8,עם,ADP,ADP,,9.0,case,"(27, 29)",עם,
9,מקדמי,NOUN,NOUN,Definite=Cons|Gender=Masc|Number=Plur,4.0,obl,"(30, 35)",מקדם,
10,ספיגה,NOUN,NOUN,Gender=Fem|Number=Sing,9.0,compound:smixut,"(36, 41)",ספיגה,
11,שונים,ADJ,ADJ,Gender=Masc|Number=Plur,9.0,amod,"(42, 47)",שונה,
12,על,ADP,ADP,,14.0,case,"(48, 50)",על,
"(13, 14)",השפות,,,,,,"(51, 56)",,"[{'id': 13, 'text': 'ה', 'upos': 'DET', 'xpos': 'DET', 'feats': 'PronType=Art', 'head': 14, 'deprel': 'det:def', 'lemma': 'ה'}, {'id': 14, 'text': 'שפות', 'upos': 'NOUN', 'xpos': 'NOUN', 'feats': 'Gender=Fem|Number=Plur', 'head': 9, 'deprel': 'nmod', 'lemma': 'שפה'}]"
1,כיון,SCONJ,SCONJ,,5.0,mark,"(1, 5)",כיון,
"(2, 4)",שבספרות,,,,,,"(6, 13)",,"[{'id': 2, 'text': 'ש', 'upos': 'SCONJ', 'xpos': 'SCONJ', 'head': 1, 'deprel': 'fixed', 'lemma': 'ש'}, {'id': 3, 'text': 'ב', 'upos': 'ADP', 'xpos': 'ADP', 'head': 4, 'deprel': 'case', 'lemma': 'ב'}, {'id': 4, 'text': 'ספרות', 'upos': 'NOUN', 'xpos': 'NOUN', 'feats': 'Gender=Fem|Number=Sing', 'head': 5, 'deprel': 'obl', 'lemma': 'ספרות'}]"
5,מומלץ,AUX,AUX,Gender=Masc|Number=Sing|Tense=Past|VerbType=Mod,6.0,aux,"(14, 19)",מומלץ,
6,לבחור,VERB,VERB,HebBinyan=PAAL|VerbForm=Inf|Voice=Act,0.0,root,"(20, 25)",בחר,
7,מקדמי,NOUN,NOUN,Definite=Cons|Gender=Masc|Number=Plur,6.0,obj,"(26, 31)",מקדם,
8,ספיגה,NOUN,NOUN,Gender=Fem|Number=Sing,7.0,compound:smixut,"(32, 37)",ספיגה,
"(9, 10)",בסביבות,,,,,,"(38, 45)",,"[{'id': 9, 'text': 'ב', 'upos': 'ADP', 'xpos': 'ADP', 'head': 10, 'deprel': 'case', 'lemma': 'ב'}, {'id': 10, 'text': 'סביבות', 'upos': 'NOUN', 'xpos': 'NOUN', 'feats': 'Gender=Fem|Number=Plur', 'head': 7, 'deprel': 'nmod', 'lemma': 'סביבה'}]"
11,0,NUM,NUM,,10.0,compound:smixut,"(46, 47)",0,
1,1,NUM,NUM,,5.0,dep,"(0, 1)",1,
2,עבור,ADP,ADP,,3.0,case,"(2, 6)",עבור,
3,חדרי,NOUN,NOUN,Definite=Cons|Gender=Masc|Number=Plur,5.0,obl,"(7, 11)",חדר,
4,מגורים,NOUN,NOUN,Gender=Masc|Number=Plur,3.0,compound:smixut,"(12, 18)",מגורים,
5,החלטנו,VERB,VERB,"Gender=Fem,Masc|HebBinyan=HIFIL|Number=Plur|Person=1|Tense=Past|Voice=Act",0.0,root,"(19, 25)",החליט,
6,לבצע,VERB,VERB,HebBinyan=PIEL|VerbForm=Inf|Voice=Act,5.0,xcomp,"(26, 30)",ביצע,
7,ניסויים,NOUN,NOUN,Gender=Masc|Number=Plur,6.0,obj,"(31, 38)",ניסוי,
8,חישוביים,ADJ,ADJ,Gender=Masc|Number=Plur,7.0,amod,"(39, 47)",חישובי,
9,עבור,ADP,ADP,,10.0,case,"(48, 52)",עבור,
10,0,NUM,NUM,,6.0,obl,"(53, 54)",0,
1,6,NUM,NUM,,0.0,root,"(0, 1)",6,
2,>^,PUNCT,PUNCT,,1.0,punct,"(1, 3)",>^,
"(1, 2)",בנוסף,,,,,,"(1, 6)",,"[{'id': 1, 'text': 'ב', 'upos': 'ADP', 'xpos': 'ADP', 'head': 4, 'deprel': 'case', 'lemma': 'ב'}, {'id': 2, 'text': 'נוסף', 'upos': 'VERB', 'xpos': 'VERB', 'feats': 'Gender=Masc|HebBinyan=NIFAL|Number=Sing|Person=1,2,3|VerbForm=Part|Voice=Mid', 'head': 1, 'deprel': 'fixed', 'lemma': 'נוסף'}]"
"(3, 4)",לכך,,,,,,"(7, 10)",,"[{'id': 3, 'text': 'ל', 'upos': 'ADP', 'xpos': 'ADP', 'head': 1, 'deprel': 'fixed', 'lemma': 'ל'}, {'id': 4, 'text': 'כך', 'upos': 'PRON', 'xpos': 'PRON', 'feats': 'Person=3|PronType=Dem', 'head': 5, 'deprel': 'obl', 'lemma': 'כך'}]"
5,הנחנו,VERB,VERB,"Gender=Fem,Masc|Number=Plur|Person=1|Tense=Past",0.0,root,"(11, 16)",הניח,
"(6, 7)",שמקדם,,,,,,"(17, 22)",,"[{'id': 6, 'text': 'ש', 'upos': 'SCONJ', 'xpos': 'SCONJ', 'head': 13, 'deprel': 'mark', 'lemma': 'ש'}, {'id': 7, 'text': 'מקדם', 'upos': 'NOUN', 'xpos': 'NOUN', 'feats': 'Definite=Cons|Gender=Masc|Number=Sing', 'head': 13, 'deprel': 'nsubj', 'lemma': 'מקדם'}]"
"(8, 9)",הספיגה,,,,,,"(23, 29)",,"[{'id': 8, 'text': 'ה', 'upos': 'DET', 'xpos': 'DET', 'feats': 'PronType=Art', 'head': 9, 'deprel': 'det:def', 'lemma': 'ה'}, {'id': 9, 'text': 'ספיגה', 'upos': 'NOUN', 'xpos': 'NOUN', 'feats': 'Gender=Fem|Number=Sing', 'head': 7, 'deprel': 'compound:smixut', 'lemma': 'ספיגה'}]"
10,של,ADP,ADP,Case=Gen,12.0,case:gen,"(30, 32)",של,
"(11, 12)",התקרה,,,,,,"(33, 38)",,"[{'id': 11, 'text': 'ה', 'upos': 'DET', 'xpos': 'DET', 'feats': 'PronType=Art', 'head': 12, 'deprel': 'det:def', 'lemma': 'ה'}, {'id': 12, 'text': 'תקרה', 'upos': 'NOUN', 'xpos': 'NOUN', 'feats': 'Gender=Fem|Number=Sing', 'head': 7, 'deprel': 'nmod:poss', 'lemma': 'תקרה'}]"
13,נמוך,ADJ,ADJ,Gender=Masc|Number=Sing,5.0,ccomp,"(39, 43)",נמוך,
"(14, 15)",מאילו,,,,,,"(44, 49)",,"[{'id': 14, 'text': 'מ', 'upos': 'ADP', 'xpos': 'ADP', 'head': 15, 'deprel': 'case', 'lemma': 'מ'}, {'id': 15, 'text': 'אילו', 'upos': 'CCONJ', 'xpos': 'CCONJ', 'head': 13, 'deprel': 'advmod', 'lemma': 'אילו'}]"
"(16, 17)",שמייצגים,,,,,,"(50, 58)",,"[{'id': 16, 'text': 'ש', 'upos': 'SCONJ', 'xpos': 'SCONJ', 'head': 17, 'deprel': 'mark', 'lemma': 'ש'}, {'id': 17, 'text': 'מייצגים', 'upos': 'VERB', 'xpos': 'VERB', 'feats': 'Gender=Masc|HebBinyan=PIEL|Number=Plur|Person=1,2,3|VerbForm=Part|Voice=Act', 'head': 15, 'deprel': 'acl:relcl', 'lemma': 'ייצג'}]"
18,את,ADP,ADP,Case=Acc,20.0,case:acc,"(59, 61)",את,
"(19, 20)",הקירות,,,,,,"(62, 68)",,"[{'id': 19, 'text': 'ה', 'upos': 'DET', 'xpos': 'DET', 'feats': 'PronType=Art', 'head': 20, 'deprel': 'det:def', 'lemma': 'ה'}, {'id': 20, 'text': 'קירות', 'upos': 'NOUN', 'xpos': 'NOUN', 'feats': 'Gender=Masc|Number=Plur', 'head': 17, 'deprel': 'obj', 'lemma': 'קיר'}]"
"(21, 22)",והרצפה,,,,,,"(69, 75)",,"[{'id': 21, 'text': 'ו', 'upos': 'CCONJ', 'xpos': 'CCONJ', 'head': 22, 'deprel': 'cc', 'lemma': 'ו'}, {'id': 22, 'text': 'הרצפה', 'upos': 'VERB', 'xpos': 'VERB', 'feats': 'Definite=Cons|Gender=Fem|Number=Sing', 'head': 17, 'deprel': 'conj', 'lemma': 'הרצף'}]"
23,מאחר,CCONJ,CCONJ,,25.0,case,"(76, 80)",מאחר,
"(24, 25)",והתקרה,,,,,,"(81, 87)",,"[{'id': 24, 'text': 'ו', 'upos': 'CCONJ', 'xpos': 'CCONJ', 'head': 25, 'deprel': 'dep', 'lemma': 'ו'}, {'id': 25, 'text': 'התקרה', 'upos': 'NOUN', 'xpos': 'NOUN', 'feats': 'Gender=Fem|Number=Sing', 'head': 13, 'deprel': 'conj', 'lemma': 'התקרה'}]"
26,לחלוטין,ADV,ADV,,25.0,advmod,"(88, 95)",לחלוטין,
"(27, 28)",בעוד,,,,,,"(96, 100)",,"[{'id': 27, 'text': 'ב', 'upos': 'ADP', 'xpos': 'ADP', 'head': 30, 'deprel': 'case', 'lemma': 'ב'}, {'id': 28, 'text': 'עוד', 'upos': 'ADV', 'xpos': 'ADV', 'head': 30, 'deprel': 'det', 'lemma': 'עוד'}]"
"(29, 30)",הרצפה,,,,,,"(101, 106)",,"[{'id': 29, 'text': 'ה', 'upos': 'DET', 'xpos': 'DET', 'feats': 'PronType=Art', 'head': 30, 'deprel': 'det:def', 'lemma': 'ה'}, {'id': 30, 'text': 'רצפה', 'upos': 'NOUN', 'xpos': 'NOUN', 'feats': 'Gender=Fem|Number=Sing', 'head': 25, 'deprel': 'obl', 'lemma': 'רצפה'}]"
"(31, 33)",והקירות,,,,,,"(107, 114)",,"[{'id': 31, 'text': 'ו', 'upos': 'CCONJ', 'xpos': 'CCONJ', 'head': 34, 'deprel': 'cc', 'lemma': 'ו'}, {'id': 32, 'text': 'ה', 'upos': 'DET', 'xpos': 'DET', 'feats': 'PronType=Art', 'head': 33, 'deprel': 'det:def', 'lemma': 'ה'}, {'id': 33, 'text': 'קירות', 'upos': 'NOUN', 'xpos': 'NOUN', 'feats': 'Gender=Masc|Number=Plur', 'head': 34, 'deprel': 'nsubj', 'lemma': 'קיר'}]"
34,מוסתרים,VERB,VERB,"Gender=Masc|HebBinyan=HUFAL|Number=Plur|Person=1,2,3|VerbForm=Part|Voice=Pass",13.0,conj,"(115, 122)",הוסתר,
35,ע״י,ADP,ADP,Abbr=Yes,36.0,case,"(123, 126)",ע״י,
36,רהיטים,NOUN,NOUN,Gender=Masc|Number=Plur,34.0,obl,"(127, 133)",רהיט,
"(37, 38)",ואביזרי,,,,,,"(134, 141)",,"[{'id': 37, 'text': 'ו', 'upos': 'CCONJ', 'xpos': 'CCONJ', 'head': 38, 'deprel': 'cc', 'lemma': 'ו'}, {'id': 38, 'text': 'אביזרי', 'upos': 'NOUN', 'xpos': 'NOUN', 'feats': 'Definite=Cons|Gender=Masc|Number=Plur', 'head': 36, 'deprel': 'conj', 'lemma': 'אביזר'}]"
39,קישוט,NOUN,NOUN,Gender=Masc|Number=Sing,38.0,compound:smixut,"(142, 147)",קישוט,
1,בצענו,VERB,VERB,"Gender=Fem,Masc|HebBinyan=PAAL|Number=Plur|Person=1|Tense=Past|Voice=Act",0.0,root,"(1, 6)",בצע,
2,חישובים,NOUN,NOUN,Gender=Masc|Number=Plur,1.0,obj,"(7, 14)",חישוב,
"(3, 4)",לערכים,,,,,,"(15, 21)",,"[{'id': 3, 'text': 'ל', 'upos': 'ADP', 'xpos': 'ADP', 'head': 4, 'deprel': 'case', 'lemma': 'ל'}, {'id': 4, 'text': 'ערכים', 'upos': 'NOUN', 'xpos': 'NOUN', 'feats': 'Gender=Masc|Number=Plur', 'head': 2, 'deprel': 'nmod', 'lemma': 'ערך'}]"
5,שונים,ADJ,ADJ,Gender=Masc|Number=Plur,4.0,amod,"(22, 27)",שונה,
6,של,ADP,ADP,Case=Gen,7.0,case:gen,"(28, 30)",של,
7,מקדמי,NOUN,NOUN,Definite=Cons|Gender=Masc|Number=Plur,4.0,nmod,"(31, 36)",מקדם,
8,ספיגה,NOUN,NOUN,Gender=Fem|Number=Sing,7.0,compound:smixut,"(37, 42)",ספיגה,
"(9, 10)",ולהלן,,,,,,"(43, 48)",,"[{'id': 9, 'text': 'ו', 'upos': 'CCONJ', 'xpos': 'CCONJ', 'head': 11, 'deprel': 'cc', 'lemma': 'ו'}, {'id': 10, 'text': 'להלן', 'upos': 'ADV', 'xpos': 'ADV', 'head': 11, 'deprel': 'advmod', 'lemma': 'להלן'}]"
11,נציג,VERB,VERB,"Gender=Masc|HebBinyan=PIEL|Number=Sing|Person=1,2,3|VerbForm=Part|Voice=Act",1.0,conj,"(49, 53)",נציג,
12,את,ADP,ADP,Case=Acc,14.0,case:acc,"(54, 56)",את,
"(13, 14)",התוצאות,,,,,,"(57, 64)",,"[{'id': 13, 'text': 'ה', 'upos': 'DET', 'xpos': 'DET', 'feats': 'PronType=Art', 'head': 14, 'deprel': 'det:def', 'lemma': 'ה'}, {'id': 14, 'text': 'תוצאות', 'upos': 'NOUN', 'xpos': 'NOUN', 'feats': 'Gender=Fem|Number=Plur', 'head': 11, 'deprel': 'obj', 'lemma': 'תוצאה'}]"
15,עבור,ADP,ADP,,17.0,case,"(65, 69)",עבור,
"(16, 17)",המקרים,,,,,,"(70, 76)",,"[{'id': 16, 'text': 'ה', 'upos': 'DET', 'xpos': 'DET', 'feats': 'PronType=Art', 'head': 17, 'deprel': 'det:def', 'lemma': 'ה'}, {'id': 17, 'text': 'מקרים', 'upos': 'NOUN', 'xpos': 'NOUN', 'feats': 'Gender=Masc|Number=Plur', 'head': 11, 'deprel': 'obl', 'lemma': 'מקרה'}]"
"(18, 19)",הבאים,,,,,,"(77, 82)",,"[{'id': 18, 'text': 'ה', 'upos': 'DET', 'xpos': 'DET', 'feats': 'PronType=Art', 'head': 19, 'deprel': 'det:def', 'lemma': 'ה'}, {'id': 19, 'text': 'באים', 'upos': 'ADJ', 'xpos': 'ADJ', 'feats': 'Gender=Masc|Number=Plur', 'head': 17, 'deprel': 'amod', 'lemma': 'בא'}]"
20,:,PUNCT,PUNCT,,11.0,punct,"(82, 83)",:,
21,1,NUM,NUM,,11.0,parataxis,"(84, 85)",1,
22,),PUNCT,PUNCT,,21.0,punct,"(85, 86)",),
23,מקדם,NOUN,NOUN,Definite=Cons|Gender=Masc|Number=Sing,21.0,obl,"(87, 91)",מקדם,
24,ספיגה,NOUN,NOUN,Gender=Fem|Number=Sing,23.0,compound:smixut,"(92, 97)",ספיגה,
25,אחיד,ADJ,ADJ,Gender=Masc|Number=Sing,23.0,amod,"(98, 102)",אחיד,
26,0,NUM,NUM,,21.0,nummod,"(103, 104)",0,
1,6=4,NUM,NUM,,0.0,root,"(0, 3)",6=4,
2,!,PUNCT,PUNCT,,1.0,punct,"(3, 4)",!,
"(3, 4)",בכל,,,,,,"(5, 8)",,"[{'id': 3, 'text': 'ב', 'upos': 'ADP', 'xpos': 'ADP', 'head': 6, 'deprel': 'case', 'lemma': 'ב'}, {'id': 4, 'text': 'כל', 'upos': 'DET', 'xpos': 'DET', 'feats': 'Definite=Cons', 'head': 6, 'deprel': 'det', 'lemma': 'כול'}]"
"(5, 6)",השפות,,,,,,"(9, 14)",,"[{'id': 5, 'text': 'ה', 'upos': 'DET', 'xpos': 'DET', 'feats': 'PronType=Art', 'head': 6, 'deprel': 'det:def', 'lemma': 'ה'}, {'id': 6, 'text': 'שפות', 'upos': 'NOUN', 'xpos': 'NOUN', 'feats': 'Gender=Fem|Number=Plur', 'head': 1, 'deprel': 'obl', 'lemma': 'שפה'}]"
7,כדי,ADP,ADP,,8.0,case,"(15, 18)",כדי,
8,להשוות,VERB,VERB,HebBinyan=HIFIL|VerbForm=Inf|Voice=Act,1.0,advcl,"(19, 25)",השווה,
9,עם,ADP,ADP,,11.0,case,"(26, 28)",עם,
"(10, 11)",החישובים,,,,,,"(29, 37)",,"[{'id': 10, 'text': 'ה', 'upos': 'DET', 'xpos': 'DET', 'feats': 'PronType=Art', 'head': 11, 'deprel': 'det:def', 'lemma': 'ה'}, {'id': 11, 'text': 'חישובים', 'upos': 'NOUN', 'xpos': 'NOUN', 'feats': 'Gender=Masc|Number=Plur', 'head': 8, 'deprel': 'obl', 'lemma': 'חישוב'}]"
"(12, 13)",הדו־ממדיים,,,,,,"(38, 48)",,"[{'id': 12, 'text': 'ה', 'upos': 'DET', 'xpos': 'DET', 'feats': 'PronType=Art', 'head': 13, 'deprel': 'det:def', 'lemma': 'ה'}, {'id': 13, 'text': 'דוקממדיים', 'upos': 'ADJ', 'xpos': 'ADJ', 'head': 11, 'deprel': 'amod', 'lemma': 'דוקממדי'}]"
14,",",PUNCT,PUNCT,,15.0,punct,"(48, 49)",",",
15,2,NUM,NUM,HebSource=ConvUncertainHead,1.0,appos,"(50, 51)",2,
16,),PUNCT,PUNCT,,15.0,punct,"(51, 52)",),
17,מקדם,ADV,ADV,Prefix=Yes,18.0,compound:affix,"(53, 57)",מקדם,
18,ספיגה,NOUN,NOUN,Gender=Fem|HebSource=ConvUncertainHead|Number=Sing,15.0,dep,"(58, 63)",ספיגה,
19,0,NUM,NUM,,18.0,nummod,"(64, 65)",0,
1,25=4,NUM,NUM,,0.0,root,"(0, 4)",25=4,
2,!,PUNCT,PUNCT,,1.0,punct,"(4, 5)",!,
3,על,ADP,ADP,,5.0,case,"(6, 8)",על,
"(4, 5)",הקירות,,,,,,"(9, 15)",,"[{'id': 4, 'text': 'ה', 'upos': 'DET', 'xpos': 'DET', 'feats': 'PronType=Art', 'head': 5, 'deprel': 'det:def', 'lemma': 'ה'}, {'id': 5, 'text': 'קירות', 'upos': 'NOUN', 'xpos': 'NOUN', 'feats': 'Gender=Masc|Number=Plur', 'head': 1, 'deprel': 'obl', 'lemma': 'קיר'}]"
"(6, 7)",והרצפה,,,,,,"(16, 22)",,"[{'id': 6, 'text': 'ו', 'upos': 'CCONJ', 'xpos': 'CCONJ', 'head': 7, 'deprel': 'cc', 'lemma': 'ו'}, {'id': 7, 'text': 'הרצפה', 'upos': 'NOUN', 'xpos': 'NOUN', 'feats': 'Definite=Cons|Gender=Fem|Number=Sing', 'head': 5, 'deprel': 'conj', 'lemma': 'הרצפה'}]"
"(8, 9)",ו,,,,,,"(23, 24)",,"[{'id': 8, 'text': 'ו', 'upos': 'CCONJ', 'xpos': 'CCONJ', 'feats': 'HebSource=ConvUncertainHead', 'head': 9, 'deprel': 'cc', 'lemma': 'ו'}, {'id': 9, 'text': '_הוא', 'upos': 'PRON', 'xpos': 'PRON', 'feats': 'Gender=Masc|Number=Sing|Person=3|PronType=Prs', 'head': 5, 'deprel': 'conj', 'lemma': 'הוא'}]"
10,-,PUNCT,PUNCT,,9.0,punct,"(24, 25)",-,
11,0,NUM,NUM,HebSource=ConvUncertainHead,9.0,dep,"(26, 27)",0,
1,05=n,NUM,NUM,,4.0,appos,"(0, 4)",05=n,
2,על,ADP,ADP,,4.0,case,"(5, 7)",על,
"(3, 4)",התקרה,,,,,,"(8, 13)",,"[{'id': 3, 'text': 'ה', 'upos': 'DET', 'xpos': 'DET', 'feats': 'PronType=Art', 'head': 4, 'deprel': 'det:def', 'lemma': 'ה'}, {'id': 4, 'text': 'תקרה', 'upos': 'NOUN', 'xpos': 'NOUN', 'feats': 'Gender=Fem|Number=Sing', 'head': 0, 'deprel': 'root', 'lemma': 'תקרה'}]"
"(5, 6)",שנתנו,,,,,,"(14, 19)",,"[{'id': 5, 'text': 'ש', 'upos': 'SCONJ', 'xpos': 'SCONJ', 'head': 6, 'deprel': 'mark', 'lemma': 'ש'}, {'id': 6, 'text': 'נתנו', 'upos': 'VERB', 'xpos': 'VERB', 'feats': 'Gender=Fem,Masc|Number=Plur|Person=3|Tense=Past', 'head': 4, 'deprel': 'acl:relcl', 'lemma': 'נתן'}]"
7,התאמה,NOUN,NOUN,Gender=Fem|Number=Sing,6.0,obj,"(20, 25)",התאמה,
8,מרבית,ADJ,ADJ,Gender=Fem|Number=Sing,7.0,amod,"(26, 31)",מרבית,
"(9, 10)",למדידות,,,,,,"(32, 39)",,"[{'id': 9, 'text': 'ל', 'upos': 'ADP', 'xpos': 'ADP', 'head': 10, 'deprel': 'case', 'lemma': 'ל'}, {'id': 10, 'text': 'מדידות', 'upos': 'NOUN', 'xpos': 'NOUN', 'feats': 'Gender=Fem|Number=Plur', 'head': 7, 'deprel': 'nmod', 'lemma': 'מדידה'}]"
1,תוצאות,NOUN,NOUN,Definite=Cons|Gender=Fem|Number=Plur,4.0,nsubj,"(1, 7)",תוצאה,
"(2, 3)",החישובים,,,,,,"(8, 16)",,"[{'id': 2, 'text': 'ה', 'upos': 'DET', 'xpos': 'DET', 'feats': 'PronType=Art', 'head': 3, 'deprel': 'det:def', 'lemma': 'ה'}, {'id': 3, 'text': 'חישובים', 'upos': 'NOUN', 'xpos': 'NOUN', 'feats': 'Gender=Masc|Number=Plur', 'head': 1, 'deprel': 'compound:smixut', 'lemma': 'חישוב'}]"
4,מוצגות,VERB,VERB,"Gender=Fem|HebBinyan=HUFAL|Number=Plur|Person=1,2,3|VerbForm=Part|Voice=Pass",0.0,root,"(17, 23)",הוצג,
"(5, 6)",בצורה,,,,,,"(24, 29)",,"[{'id': 5, 'text': 'ב', 'upos': 'ADP', 'xpos': 'ADP', 'head': 6, 'deprel': 'case', 'lemma': 'ב'}, {'id': 6, 'text': 'צורה', 'upos': 'NOUN', 'xpos': 'NOUN', 'feats': 'Gender=Fem|Number=Sing', 'head': 4, 'deprel': 'obl', 'lemma': 'צורה'}]"
7,דומה,ADJ,ADJ,Gender=Fem|Number=Sing,6.0,amod,"(30, 34)",דומה,
"(8, 9)",לזו,,,,,,"(35, 38)",,"[{'id': 8, 'text': 'ל', 'upos': 'ADP', 'xpos': 'ADP', 'head': 9, 'deprel': 'case', 'lemma': 'ל'}, {'id': 9, 'text': 'זו', 'upos': 'PRON', 'xpos': 'PRON', 'feats': 'Gender=Fem|Number=Sing|Person=3|PronType=Dem', 'head': 7, 'deprel': 'advmod', 'lemma': 'זו'}]"
10,של,ADP,ADP,Case=Gen,12.0,case:gen,"(39, 41)",של,
"(11, 12)",החישובים,,,,,,"(42, 50)",,"[{'id': 11, 'text': 'ה', 'upos': 'DET', 'xpos': 'DET', 'feats': 'PronType=Art', 'head': 12, 'deprel': 'det:def', 'lemma': 'ה'}, {'id': 12, 'text': 'חישובים', 'upos': 'NOUN', 'xpos': 'NOUN', 'feats': 'Gender=Masc|Number=Plur', 'head': 9, 'deprel': 'nmod:poss', 'lemma': 'חישוב'}]"
"(13, 14)",דו־ממדיים,,,,,,"(51, 60)",,"[{'id': 13, 'text': 'דו', 'upos': 'ADV', 'xpos': 'ADV', 'feats': 'Prefix=Yes', 'head': 14, 'deprel': 'compound:affix', 'lemma': 'דו'}, {'id': 14, 'text': 'קממדיים', 'upos': 'ADJ', 'xpos': 'ADJ', 'feats': 'Gender=Masc|Number=Plur', 'head': 12, 'deprel': 'amod', 'lemma': 'קממדי'}]"
1,כמו,ADP,ADP,,3.0,case,"(1, 4)",כמו,
"(2, 3)",במקרה,,,,,,"(5, 10)",,"[{'id': 2, 'text': 'ב', 'upos': 'ADP', 'xpos': 'ADP', 'head': 3, 'deprel': 'case', 'lemma': 'ב'}, {'id': 3, 'text': 'מקרה', 'upos': 'NOUN', 'xpos': 'NOUN', 'feats': 'Gender=Masc|Number=Sing', 'head': 8, 'deprel': 'obl', 'lemma': 'מקרה'}]"
"(4, 5)",הדו,,,,,,"(11, 14)",,"[{'id': 4, 'text': 'ה', 'upos': 'DET', 'xpos': 'DET', 'feats': 'PronType=Art', 'head': 7, 'deprel': 'det:def', 'lemma': 'ה'}, {'id': 5, 'text': 'דו', 'upos': 'ADV', 'xpos': 'ADV', 'feats': 'Prefix=Yes', 'head': 7, 'deprel': 'compound:affix', 'lemma': 'דו'}]"
6,-,PUNCT,PUNCT,,7.0,punct,"(14, 15)",-,
7,ממדי,ADJ,ADJ,Gender=Masc|Number=Sing,3.0,amod,"(15, 19)",ממדי,
8,בוצעו,VERB,VERB,"Gender=Fem,Masc|HebBinyan=PUAL|Number=Plur|Person=3|Tense=Past|Voice=Pass",0.0,root,"(20, 25)",בוצע,
9,אנליזות,NOUN,NOUN,Gender=Fem|Number=Plur,8.0,nsubj,"(26, 33)",אנליזות,
10,הרמוניות,ADJ,ADJ,Gender=Fem|Number=Plur,9.0,amod,"(34, 42)",הרמוני,
11,עבור,ADP,ADP,,13.0,case,"(43, 47)",עבור,
"(12, 13)",התדרים,,,,,,"(48, 54)",,"[{'id': 12, 'text': 'ה', 'upos': 'DET', 'xpos': 'DET', 'feats': 'PronType=Art', 'head': 13, 'deprel': 'det:def', 'lemma': 'ה'}, {'id': 13, 'text': 'תדרים', 'upos': 'NOUN', 'xpos': 'NOUN', 'feats': 'Gender=Masc|Number=Plur', 'head': 9, 'deprel': 'nmod', 'lemma': 'תדר'}]"
"(14, 15)",האופייניים,,,,,,"(55, 65)",,"[{'id': 14, 'text': 'ה', 'upos': 'DET', 'xpos': 'DET', 'feats': 'PronType=Art', 'head': 15, 'deprel': 'det:def', 'lemma': 'ה'}, {'id': 15, 'text': 'אופייניים', 'upos': 'ADJ', 'xpos': 'ADJ', 'feats': 'Gender=Masc|Number=Plur', 'head': 13, 'deprel': 'amod', 'lemma': 'אופייני'}]"
16,24,NUM,NUM,,13.0,nmod,"(66, 68)",24,
17,",",PUNCT,PUNCT,,16.0,punct,"(68, 69)",",",
18,36,NUM,NUM,HebSource=ConvUncertainHead,16.0,dep,"(69, 71)",36,
19,",",PUNCT,PUNCT,,16.0,punct,"(71, 72)",",",
20,72,NUM,NUM,,21.0,nummod,"(72, 74)",72,
21,Hz,NOUN,NOUN,"Gender=Masc|HebSource=ConvUncertainHead|Number=Plur,Sing",16.0,dep,"(75, 77)",Hz,
1,עבור,ADP,ADP,,4.0,case,"(1, 5)",עבור,
2,כל,DET,DET,Definite=Cons,4.0,det,"(6, 8)",כול,
"(3, 4)",הרצה,,,,,,"(9, 13)",,"[{'id': 3, 'text': 'ה', 'upos': 'DET', 'xpos': 'DET', 'feats': 'PronType=Art', 'head': 4, 'deprel': 'det:def', 'lemma': 'ה'}, {'id': 4, 'text': 'רצה', 'upos': 'VERB', 'xpos': 'VERB', 'feats': 'Gender=Masc|HebBinyan=PAAL|Number=Sing|Person=1,2,3|VerbForm=Part|Voice=Act', 'head': 5, 'deprel': 'obl', 'lemma': 'רצה'}]"
5,קיבלנו,VERB,VERB,"Gender=Fem,Masc|HebBinyan=PIEL|Number=Plur|Person=1|Tense=Past|Voice=Act",0.0,root,"(14, 20)",קיבל,
6,פתרון,NOUN,NOUN,Gender=Masc|Number=Sing,5.0,obj,"(21, 26)",פתרון,
7,עבור,ADP,ADP,,9.0,case,"(27, 31)",עבור,
"(8, 9)",השדה,,,,,,"(32, 36)",,"[{'id': 8, 'text': 'ה', 'upos': 'DET', 'xpos': 'DET', 'feats': 'PronType=Art', 'head': 9, 'deprel': 'det:def', 'lemma': 'ה'}, {'id': 9, 'text': 'שדה', 'upos': 'NOUN', 'xpos': 'NOUN', 'feats': 'Gender=Masc|Number=Sing', 'head': 6, 'deprel': 'nmod', 'lemma': 'שדה'}]"
"(10, 11)",האקוסטי,,,,,,"(37, 44)",,"[{'id': 10, 'text': 'ה', 'upos': 'DET', 'xpos': 'DET', 'feats': 'PronType=Art', 'head': 11, 'deprel': 'det:def', 'lemma': 'ה'}, {'id': 11, 'text': 'אקוסטי', 'upos': 'ADJ', 'xpos': 'ADJ', 'feats': 'Gender=Masc|Number=Sing', 'head': 9, 'deprel': 'amod', 'lemma': 'אקוסטי'}]"
"(12, 13)",בכל,,,,,,"(45, 48)",,"[{'id': 12, 'text': 'ב', 'upos': 'ADP', 'xpos': 'ADP', 'head': 14, 'deprel': 'case', 'lemma': 'ב'}, {'id': 13, 'text': 'כל', 'upos': 'DET', 'xpos': 'DET', 'feats': 'Definite=Cons', 'head': 14, 'deprel': 'det', 'lemma': 'כול'}]"
14,חלל,NOUN,NOUN,Definite=Cons|Gender=Masc|Number=Sing,9.0,nmod,"(49, 52)",חלל,
"(15, 16)",החדר,,,,,,"(53, 57)",,"[{'id': 15, 'text': 'ה', 'upos': 'DET', 'xpos': 'DET', 'feats': 'PronType=Art', 'head': 16, 'deprel': 'det:def', 'lemma': 'ה'}, {'id': 16, 'text': 'חדר', 'upos': 'NOUN', 'xpos': 'NOUN', 'feats': 'Gender=Masc|Number=Sing', 'head': 14, 'deprel': 'compound:smixut', 'lemma': 'חדר'}]"
1,כדי,ADP,ADP,,2.0,case,"(1, 4)",כדי,
2,להדגים,VERB,VERB,HebBinyan=HIFIL|VerbForm=Inf|Voice=Act,6.0,advcl,"(5, 11)",הדגים,
3,את,ADP,ADP,Case=Acc,5.0,case:acc,"(12, 14)",את,
"(4, 5)",התוצאות,,,,,,"(15, 22)",,"[{'id': 4, 'text': 'ה', 'upos': 'DET', 'xpos': 'DET', 'feats': 'PronType=Art', 'head': 5, 'deprel': 'det:def', 'lemma': 'ה'}, {'id': 5, 'text': 'תוצאות', 'upos': 'NOUN', 'xpos': 'NOUN', 'feats': 'Gender=Fem|Number=Plur', 'head': 2, 'deprel': 'obj', 'lemma': 'תוצאה'}]"
6,חלקנו,VERB,VERB,"Gender=Fem,Masc|HebBinyan=PAAL|Number=Plur|Person=1|Tense=Past|Voice=Act",0.0,root,"(23, 28)",חלק,
7,את,ADP,ADP,Case=Acc,8.0,case:acc,"(29, 31)",את,
8,מרחב,NOUN,NOUN,Definite=Cons|Gender=Masc|Number=Sing,6.0,obj,"(32, 36)",מרחב,
"(9, 10)",החדר,,,,,,"(37, 41)",,"[{'id': 9, 'text': 'ה', 'upos': 'DET', 'xpos': 'DET', 'feats': 'PronType=Art', 'head': 10, 'deprel': 'det:def', 'lemma': 'ה'}, {'id': 10, 'text': 'חדר', 'upos': 'NOUN', 'xpos': 'NOUN', 'feats': 'Gender=Masc|Number=Sing', 'head': 8, 'deprel': 'compound:smixut', 'lemma': 'חדר'}]"
"(11, 12)",למשטחים,,,,,,"(42, 49)",,"[{'id': 11, 'text': 'ל', 'upos': 'ADP', 'xpos': 'ADP', 'head': 12, 'deprel': 'case', 'lemma': 'ל'}, {'id': 12, 'text': 'משטחים', 'upos': 'NOUN', 'xpos': 'NOUN', 'feats': 'Gender=Masc|Number=Plur', 'head': 6, 'deprel': 'obl', 'lemma': 'משטח'}]"
"(13, 14)",בגבהים,,,,,,"(50, 56)",,"[{'id': 13, 'text': 'ב', 'upos': 'ADP', 'xpos': 'ADP', 'head': 14, 'deprel': 'case', 'lemma': 'ב'}, {'id': 14, 'text': 'גבהים', 'upos': 'NOUN', 'xpos': 'NOUN', 'feats': 'Gender=Masc|Number=Plur', 'head': 12, 'deprel': 'nmod', 'lemma': 'גבה'}]"
15,שונים,ADJ,ADJ,Gender=Masc|Number=Plur,14.0,amod,"(57, 62)",שונה,
1,פילוג,NOUN,NOUN,Definite=Cons|Gender=Masc|Number=Sing,12.0,nsubj,"(1, 6)",פילוג,
2,עוצמות,NOUN,NOUN,Definite=Cons|Gender=Masc|Number=Plur,1.0,compound:smixut,"(7, 13)",עוצמה,
"(3, 4)",הרעש,,,,,,"(14, 18)",,"[{'id': 3, 'text': 'ה', 'upos': 'DET', 'xpos': 'DET', 'feats': 'PronType=Art', 'head': 4, 'deprel': 'det:def', 'lemma': 'ה'}, {'id': 4, 'text': 'רעש', 'upos': 'NOUN', 'xpos': 'NOUN', 'feats': 'Gender=Masc|Number=Sing', 'head': 2, 'deprel': 'compound:smixut', 'lemma': 'רעש'}]"
"(5, 6)",בגבהים,,,,,,"(19, 25)",,"[{'id': 5, 'text': 'ב', 'upos': 'ADP', 'xpos': 'ADP', 'head': 6, 'deprel': 'case', 'lemma': 'ב'}, {'id': 6, 'text': 'גבהים', 'upos': 'NOUN', 'xpos': 'NOUN', 'feats': 'Gender=Masc|Number=Plur', 'head': 2, 'deprel': 'nmod', 'lemma': 'גבה'}]"
7,שונים,ADJ,ADJ,Gender=Masc|Number=Plur,6.0,amod,"(26, 31)",שונה,
8,מעל,ADP,ADP,,11.0,case,"(32, 35)",מעל,
9,פני,NOUN,NOUN,"Definite=Cons|Gender=Fem,Masc|Number=Plur",8.0,fixed,"(36, 39)",פנים,
"(10, 11)",הרצפה,,,,,,"(40, 45)",,"[{'id': 10, 'text': 'ה', 'upos': 'DET', 'xpos': 'DET', 'feats': 'PronType=Art', 'head': 11, 'deprel': 'det:def', 'lemma': 'ה'}, {'id': 11, 'text': 'רצפה', 'upos': 'NOUN', 'xpos': 'NOUN', 'feats': 'Gender=Fem|Number=Sing', 'head': 6, 'deprel': 'nmod', 'lemma': 'רצפה'}]"
12,מתוארים,VERB,VERB,"Gender=Masc|HebBinyan=PUAL|Number=Plur|Person=1,2,3|VerbForm=Part|Voice=Pass",0.0,root,"(46, 53)",תואר,
"(13, 14)",בציור,,,,,,"(54, 59)",,"[{'id': 13, 'text': 'ב', 'upos': 'ADP', 'xpos': 'ADP', 'head': 14, 'deprel': 'case', 'lemma': 'ב'}, {'id': 14, 'text': 'ציור', 'upos': 'NOUN', 'xpos': 'NOUN', 'feats': 'Definite=Cons|Gender=Masc|Number=Sing', 'head': 12, 'deprel': 'obl', 'lemma': 'ציור'}]"
15,7,NUM,NUM,,14.0,compound:smixut,"(60, 61)",7,
16,עבור,ADP,ADP,,17.0,case,"(62, 66)",עבור,
17,מקדם,NOUN,NOUN,Definite=Cons|Gender=Masc|Number=Sing,14.0,nmod,"(67, 71)",מקדם,
18,ספיגה,NOUN,NOUN,Gender=Fem|Number=Sing,17.0,compound:smixut,"(72, 77)",ספיגה,
19,אחיד,ADJ,ADJ,Gender=Masc|Number=Sing,17.0,amod,"(78, 82)",אחיד,
20,(,PUNCT,PUNCT,,21.0,punct,"(83, 84)",(,
21,0,NUM,NUM,,17.0,appos,"(84, 85)",0,
1,6=4,NUM,NUM,,0.0,root,"(0, 3)",6=4,
2,!,PUNCT,PUNCT,,1.0,punct,"(3, 4)",!,
3,),PUNCT,PUNCT,,1.0,punct,"(4, 5)",),
"(4, 5)",ובציור,,,,,,"(6, 12)",,"[{'id': 4, 'text': 'ו', 'upos': 'CCONJ', 'xpos': 'CCONJ', 'head': 5, 'deprel': 'cc', 'lemma': 'ו'}, {'id': 5, 'text': 'בציור', 'upos': 'NOUN', 'xpos': 'NOUN', 'head': 1, 'deprel': 'dep', 'lemma': 'בציור'}]"
6,8,NUM,NUM,,5.0,nummod,"(13, 14)",8,
7,עבור,ADP,ADP,,8.0,case,"(15, 19)",עבור,
8,מקדמי,NOUN,NOUN,Definite=Cons|Gender=Masc|Number=Plur,5.0,nmod,"(20, 25)",מקדם,
9,ספיגה,NOUN,NOUN,Gender=Fem|Number=Sing,8.0,compound:smixut,"(26, 31)",ספיגה,
10,שונים,ADJ,ADJ,Gender=Masc|Number=Plur,8.0,amod,"(32, 37)",שונה,
"(11, 13)",בקירות,,,,,,"(38, 44)",,"[{'id': 11, 'text': 'ב', 'upos': 'ADP', 'xpos': 'ADP', 'head': 13, 'deprel': 'case', 'lemma': 'ב'}, {'id': 12, 'text': 'ה_', 'upos': 'DET', 'xpos': 'DET', 'feats': 'PronType=Art', 'head': 13, 'deprel': 'det:def', 'lemma': 'ה'}, {'id': 13, 'text': 'קירות', 'upos': 'NOUN', 'xpos': 'NOUN', 'feats': 'Gender=Masc|Number=Plur', 'head': 8, 'deprel': 'nmod', 'lemma': 'קיר'}]"
14,(,PUNCT,PUNCT,,15.0,punct,"(45, 46)",(,
15,0,NUM,NUM,,1.0,appos,"(46, 47)",0,
1,25=4,NUM,NUM,,0.0,root,"(0, 4)",25=4,
2,!,PUNCT,PUNCT,,1.0,punct,"(4, 5)",!,
3,),PUNCT,PUNCT,,1.0,punct,"(5, 6)",),
"(4, 7)",ובתקרה,,,,,,"(7, 13)",,"[{'id': 4, 'text': 'ו', 'upos': 'CCONJ', 'xpos': 'CCONJ', 'head': 7, 'deprel': 'cc', 'lemma': 'ו'}, {'id': 5, 'text': 'ב', 'upos': 'ADP', 'xpos': 'ADP', 'head': 7, 'deprel': 'case', 'lemma': 'ב'}, {'id': 6, 'text': 'ה_', 'upos': 'DET', 'xpos': 'DET', 'feats': 'PronType=Art', 'head': 7, 'deprel': 'det:def', 'lemma': 'ה'}, {'id': 7, 'text': 'תקרה', 'upos': 'NOUN', 'xpos': 'NOUN', 'feats': 'Gender=Fem|Number=Sing', 'head': 1, 'deprel': 'obl', 'lemma': 'תקרה'}]"
8,(,PUNCT,PUNCT,,9.0,punct,"(14, 15)",(,
9,0,NUM,NUM,,7.0,appos,"(15, 16)",0,
1,05=1,NUM,NUM,,0.0,root,"(0, 4)",05=1,
2,!),PUNCT,PUNCT,,1.0,punct,"(4, 6)",!),
"(1, 2)",בציורים,,,,,,"(1, 8)",,"[{'id': 1, 'text': 'ב', 'upos': 'ADP', 'xpos': 'ADP', 'head': 2, 'deprel': 'case', 'lemma': 'ב'}, {'id': 2, 'text': 'ציורים', 'upos': 'NOUN', 'xpos': 'NOUN', 'feats': 'Gender=Masc|Number=Plur', 'head': 8, 'deprel': 'obl', 'lemma': 'ציור'}]"
3,9,NUM,NUM,,2.0,nummod,"(9, 10)",9,
"(4, 5)",ו־,,,,,,"(11, 13)",,"[{'id': 4, 'text': 'ו', 'upos': 'CCONJ', 'xpos': 'CCONJ', 'head': 5, 'deprel': 'cc', 'lemma': 'ו'}, {'id': 5, 'text': 'ק', 'upos': 'PROPN', 'xpos': 'PROPN', 'head': 2, 'deprel': 'conj', 'lemma': 'ק'}]"
"(6, 7)",10,,,,,,"(14, 16)",,"[{'id': 6, 'text': '1', 'upos': 'NUM', 'xpos': 'NUM', 'head': 5, 'deprel': 'nummod', 'lemma': '1'}, {'id': 7, 'text': '0', 'upos': 'NUM', 'xpos': 'NUM', 'head': 5, 'deprel': 'nummod', 'lemma': '0'}]"
8,מוצגים,VERB,VERB,"Gender=Masc|HebBinyan=HUFAL|Number=Plur|Person=1,2,3|VerbForm=Part|Voice=Pass",0.0,root,"(17, 23)",הוצג,
9,פילוגי,NOUN,NOUN,Definite=Cons|Gender=Masc|Number=Plur,8.0,nsubj,"(24, 30)",פילוג,
10,עוצמות,NOUN,NOUN,Definite=Cons|Gender=Fem|Number=Plur,9.0,compound:smixut,"(31, 37)",עוצמה,
"(11, 12)",הרעש,,,,,,"(38, 42)",,"[{'id': 11, 'text': 'ה', 'upos': 'DET', 'xpos': 'DET', 'feats': 'PronType=Art', 'head': 12, 'deprel': 'det:def', 'lemma': 'ה'}, {'id': 12, 'text': 'רעש', 'upos': 'NOUN', 'xpos': 'NOUN', 'feats': 'Gender=Masc|Number=Sing', 'head': 10, 'deprel': 'compound:smixut', 'lemma': 'רעש'}]"
13,של,ADP,ADP,Case=Gen,15.0,case:gen,"(43, 45)",של,
"(14, 15)",התדירויות,,,,,,"(46, 55)",,"[{'id': 14, 'text': 'ה', 'upos': 'DET', 'xpos': 'DET', 'feats': 'PronType=Art', 'head': 15, 'deprel': 'det:def', 'lemma': 'ה'}, {'id': 15, 'text': 'תדירויות', 'upos': 'NOUN', 'xpos': 'NOUN', 'feats': 'Gender=Fem|Number=Plur', 'head': 10, 'deprel': 'nmod:poss', 'lemma': 'תדירות'}]"
"(16, 17)",האופייניות,,,,,,"(56, 66)",,"[{'id': 16, 'text': 'ה', 'upos': 'DET', 'xpos': 'DET', 'feats': 'PronType=Art', 'head': 17, 'deprel': 'det:def', 'lemma': 'ה'}, {'id': 17, 'text': 'אופייניות', 'upos': 'ADJ', 'xpos': 'ADJ', 'feats': 'Gender=Fem|Number=Plur', 'head': 15, 'deprel': 'amod', 'lemma': 'אופייני'}]"
"(18, 19)",בגובה,,,,,,"(67, 72)",,"[{'id': 18, 'text': 'ב', 'upos': 'ADP', 'xpos': 'ADP', 'head': 19, 'deprel': 'case', 'lemma': 'ב'}, {'id': 19, 'text': 'גובה', 'upos': 'NOUN', 'xpos': 'NOUN', 'feats': 'Gender=Masc|Number=Sing', 'head': 15, 'deprel': 'nmod', 'lemma': 'גובה'}]"
20,1,NUM,NUM,,19.0,nummod,"(73, 74)",1,
1,0 m,NUM,NUM,,0.0,root,"(0, 3)",0 m,
2,לשם,ADP,ADP,,3.0,case,"(4, 7)",לשם,
3,השוואה,NOUN,NOUN,Gender=Fem|Number=Sing,1.0,obl,"(8, 14)",השוואה,
4,עם,ADP,ADP,,6.0,case,"(15, 17)",עם,
"(5, 6)",החישובים,,,,,,"(18, 26)",,"[{'id': 5, 'text': 'ה', 'upos': 'DET', 'xpos': 'DET', 'feats': 'PronType=Art', 'head': 6, 'deprel': 'det:def', 'lemma': 'ה'}, {'id': 6, 'text': 'חישובים', 'upos': 'NOUN', 'xpos': 'NOUN', 'feats': 'Gender=Masc|Number=Plur', 'head': 3, 'deprel': 'nmod', 'lemma': 'חישוב'}]"
"(7, 8)",הדו,,,,,,"(27, 30)",,"[{'id': 7, 'text': 'ה', 'upos': 'DET', 'xpos': 'DET', 'feats': 'PronType=Art', 'head': 11, 'deprel': 'det:def', 'lemma': 'ה'}, {'id': 8, 'text': 'דו', 'upos': 'ADV', 'xpos': 'ADV', 'feats': 'Prefix=Yes', 'head': 11, 'deprel': 'compound:affix', 'lemma': 'דו'}]"
9,-,PUNCT,PUNCT,,11.0,punct,"(30, 31)",-,
"(10, 11)",ממדיים,,,,,,"(31, 37)",,"[{'id': 10, 'text': 'מ', 'upos': 'ADP', 'xpos': 'ADP', 'head': 11, 'deprel': 'case', 'lemma': 'מ'}, {'id': 11, 'text': 'מדיים', 'upos': 'ADJ', 'xpos': 'ADJ', 'feats': 'Gender=Masc|Number=Plur', 'head': 6, 'deprel': 'amod', 'lemma': 'מדיים'}]"
12,(,PUNCT,PUNCT,,13.0,punct,"(38, 39)",(,
13,ציור,NOUN,NOUN,Gender=Masc|Number=Sing,6.0,appos,"(39, 43)",ציור,
14,5,NUM,NUM,,13.0,nummod,"(44, 45)",5,
15,),PUNCT,PUNCT,,13.0,punct,"(45, 46)",),
"(1, 2)",בציור,,,,,,"(1, 6)",,"[{'id': 1, 'text': 'ב', 'upos': 'ADP', 'xpos': 'ADP', 'head': 2, 'deprel': 'case', 'lemma': 'ב'}, {'id': 2, 'text': 'ציור', 'upos': 'NOUN', 'xpos': 'NOUN', 'feats': 'Gender=Masc|Number=Sing', 'head': 4, 'deprel': 'obl', 'lemma': 'ציור'}]"
3,11,NUM,NUM,,2.0,nummod,"(7, 9)",11,
4,מובא,VERB,VERB,"Gender=Masc|HebBinyan=HUFAL|Number=Sing|Person=1,2,3|VerbForm=Part|Voice=Pass",0.0,root,"(10, 14)",הובא,
5,פילוג,NOUN,NOUN,Definite=Cons|Gender=Masc|Number=Sing,4.0,nsubj,"(15, 20)",פילוג,
6,עוצמות,NOUN,NOUN,Definite=Cons|Gender=Fem|Number=Plur,5.0,compound:smixut,"(21, 27)",עוצמה,
"(7, 8)",הרעש,,,,,,"(28, 32)",,"[{'id': 7, 'text': 'ה', 'upos': 'DET', 'xpos': 'DET', 'feats': 'PronType=Art', 'head': 8, 'deprel': 'det:def', 'lemma': 'ה'}, {'id': 8, 'text': 'רעש', 'upos': 'NOUN', 'xpos': 'NOUN', 'feats': 'Gender=Masc|Number=Sing', 'head': 6, 'deprel': 'compound:smixut', 'lemma': 'רעש'}]"
"(9, 10)",במישורים,,,,,,"(33, 41)",,"[{'id': 9, 'text': 'ב', 'upos': 'ADP', 'xpos': 'ADP', 'head': 10, 'deprel': 'case', 'lemma': 'ב'}, {'id': 10, 'text': 'מישורים', 'upos': 'NOUN', 'xpos': 'NOUN', 'feats': 'Gender=Masc|Number=Plur', 'head': 6, 'deprel': 'nmod', 'lemma': 'מישור'}]"
11,ניצבים,VERB,VERB,"Gender=Masc|HebBinyan=NIFAL|Number=Plur|Person=1,2,3|VerbForm=Part|Voice=Mid",10.0,acl,"(42, 48)",ניצב,
"(12, 14)",לקיר,,,,,,"(49, 53)",,"[{'id': 12, 'text': 'ל', 'upos': 'ADP', 'xpos': 'ADP', 'head': 14, 'deprel': 'case', 'lemma': 'ל'}, {'id': 13, 'text': 'ה_', 'upos': 'DET', 'xpos': 'DET', 'feats': 'PronType=Art', 'head': 14, 'deprel': 'det:def', 'lemma': 'ה'}, {'id': 14, 'text': 'קיר', 'upos': 'NOUN', 'xpos': 'NOUN', 'feats': 'Gender=Masc|Number=Sing', 'head': 11, 'deprel': 'obl', 'lemma': 'קיר'}]"
15,עם,ADP,ADP,,17.0,case,"(54, 56)",עם,
"(16, 17)",החלון,,,,,,"(57, 62)",,"[{'id': 16, 'text': 'ה', 'upos': 'DET', 'xpos': 'DET', 'feats': 'PronType=Art', 'head': 17, 'deprel': 'det:def', 'lemma': 'ה'}, {'id': 17, 'text': 'חלון', 'upos': 'NOUN', 'xpos': 'NOUN', 'feats': 'Gender=Masc|Number=Sing', 'head': 11, 'deprel': 'obl', 'lemma': 'חלון'}]"
"(18, 19)",שמדגימים,,,,,,"(63, 71)",,"[{'id': 18, 'text': 'ש', 'upos': 'SCONJ', 'xpos': 'SCONJ', 'head': 19, 'deprel': 'mark', 'lemma': 'ש'}, {'id': 19, 'text': 'מדגימים', 'upos': 'VERB', 'xpos': 'VERB', 'feats': 'Gender=Masc|HebBinyan=PIEL|Number=Plur|Person=1,2,3|VerbForm=Part|Voice=Act', 'head': 10, 'deprel': 'acl:relcl', 'lemma': 'הדגים'}]"
20,את,ADP,ADP,Case=Acc,21.0,case:acc,"(72, 74)",את,
21,השתנות,NOUN,NOUN,Definite=Cons|Gender=Fem|Number=Sing,19.0,obj,"(75, 81)",השתנה,
"(22, 23)",הרעש,,,,,,"(82, 86)",,"[{'id': 22, 'text': 'ה', 'upos': 'DET', 'xpos': 'DET', 'feats': 'PronType=Art', 'head': 23, 'deprel': 'det:def', 'lemma': 'ה'}, {'id': 23, 'text': 'רעש', 'upos': 'NOUN', 'xpos': 'NOUN', 'feats': 'Gender=Masc|Number=Sing', 'head': 21, 'deprel': 'compound:smixut', 'lemma': 'רעש'}]"
24,עם,ADP,ADP,,26.0,case,"(87, 89)",עם,
"(25, 26)",הגובה,,,,,,"(90, 95)",,"[{'id': 25, 'text': 'ה', 'upos': 'DET', 'xpos': 'DET', 'feats': 'PronType=Art', 'head': 26, 'deprel': 'det:def', 'lemma': 'ה'}, {'id': 26, 'text': 'גובה', 'upos': 'NOUN', 'xpos': 'NOUN', 'feats': 'Gender=Masc|Number=Sing', 'head': 21, 'deprel': 'nmod', 'lemma': 'גובה'}]"
"(27, 29)",מהרצפה,,,,,,"(96, 102)",,"[{'id': 27, 'text': 'מ', 'upos': 'ADP', 'xpos': 'ADP', 'head': 29, 'deprel': 'case', 'lemma': 'מ'}, {'id': 28, 'text': 'ה', 'upos': 'DET', 'xpos': 'DET', 'feats': 'PronType=Art', 'head': 29, 'deprel': 'det:def', 'lemma': 'ה'}, {'id': 29, 'text': 'רצפה', 'upos': 'NOUN', 'xpos': 'NOUN', 'feats': 'Gender=Fem|Number=Sing', 'head': 26, 'deprel': 'nmod', 'lemma': 'רצפה'}]"
"(1, 2)",התוצאות,,,,,,"(1, 8)",,"[{'id': 1, 'text': 'ה', 'upos': 'DET', 'xpos': 'DET', 'feats': 'PronType=Art', 'head': 2, 'deprel': 'det:def', 'lemma': 'ה'}, {'id': 2, 'text': 'תוצאות', 'upos': 'NOUN', 'xpos': 'NOUN', 'feats': 'Gender=Fem|Number=Plur', 'head': 0, 'deprel': 'root', 'lemma': 'תוצאה'}]"
"(3, 4)",שחושבו,,,,,,"(9, 15)",,"[{'id': 3, 'text': 'ש', 'upos': 'SCONJ', 'xpos': 'SCONJ', 'head': 4, 'deprel': 'mark', 'lemma': 'ש'}, {'id': 4, 'text': 'חושבו', 'upos': 'VERB', 'xpos': 'VERB', 'feats': 'Gender=Masc|HebBinyan=PAAL|Number=Plur|Person=1,2,3|VerbForm=Part|Voice=Act', 'head': 2, 'deprel': 'acl:relcl', 'lemma': 'חושב'}]"
"(5, 6)",בגובה,,,,,,"(16, 21)",,"[{'id': 5, 'text': 'ב', 'upos': 'ADP', 'xpos': 'ADP', 'head': 6, 'deprel': 'case', 'lemma': 'ב'}, {'id': 6, 'text': 'גובה', 'upos': 'NOUN', 'xpos': 'NOUN', 'feats': 'Gender=Masc|Number=Sing', 'head': 4, 'deprel': 'obl', 'lemma': 'גובה'}]"
7,1,NUM,NUM,,6.0,compound:smixut,"(22, 23)",1,
1,0 m,NUM,NUM,,3.0,nsubj,"(0, 3)",0 m,
2,גם,ADV,ADV,,3.0,advmod,"(4, 6)",גם,
3,שימשו,VERB,VERB,"Gender=Fem,Masc|HebBinyan=PIEL|Number=Plur|Person=3|Tense=Past|Voice=Act",0.0,root,"(7, 12)",שימש,
"(4, 5)",להשוואה,,,,,,"(13, 20)",,"[{'id': 4, 'text': 'ל', 'upos': 'ADP', 'xpos': 'ADP', 'head': 5, 'deprel': 'case', 'lemma': 'ל'}, {'id': 5, 'text': 'השוואה', 'upos': 'NOUN', 'xpos': 'NOUN', 'feats': 'Gender=Fem|Number=Sing', 'head': 3, 'deprel': 'obl', 'lemma': 'השוואה'}]"
6,בין,ADP,ADP,,7.0,case,"(21, 24)",בין,
7,תוצאות,NOUN,NOUN,Definite=Cons|Gender=Fem|Number=Plur,5.0,nmod,"(25, 31)",תוצאה,
"(8, 9)",החישובים,,,,,,"(32, 40)",,"[{'id': 8, 'text': 'ה', 'upos': 'DET', 'xpos': 'DET', 'feats': 'PronType=Art', 'head': 9, 'deprel': 'det:def', 'lemma': 'ה'}, {'id': 9, 'text': 'חישובים', 'upos': 'NOUN', 'xpos': 'NOUN', 'feats': 'Gender=Masc|Number=Plur', 'head': 7, 'deprel': 'compound:smixut', 'lemma': 'חישוב'}]"
"(10, 11)",התלת,,,,,,"(41, 45)",,"[{'id': 10, 'text': 'ה', 'upos': 'DET', 'xpos': 'DET', 'feats': 'PronType=Art', 'head': 14, 'deprel': 'det:def', 'lemma': 'ה'}, {'id': 11, 'text': 'תלת', 'upos': 'ADV', 'xpos': 'ADV', 'feats': 'Prefix=Yes', 'head': 14, 'deprel': 'compound:affix', 'lemma': 'תלת'}]"
12,־,PUNCT,PUNCT,,14.0,punct,"(45, 46)",־,
"(13, 14)",ממדיים,,,,,,"(47, 53)",,"[{'id': 13, 'text': 'מ', 'upos': 'ADP', 'xpos': 'ADP', 'head': 14, 'deprel': 'case', 'lemma': 'מ'}, {'id': 14, 'text': 'מדיים', 'upos': 'ADJ', 'xpos': 'ADJ', 'feats': 'Gender=Masc|Number=Plur', 'head': 9, 'deprel': 'amod', 'lemma': 'מדיים'}]"
"(15, 17)",והמדידות,,,,,,"(54, 62)",,"[{'id': 15, 'text': 'ו', 'upos': 'CCONJ', 'xpos': 'CCONJ', 'head': 17, 'deprel': 'cc', 'lemma': 'ו'}, {'id': 16, 'text': 'ה', 'upos': 'DET', 'xpos': 'DET', 'feats': 'PronType=Art', 'head': 17, 'deprel': 'det:def', 'lemma': 'ה'}, {'id': 17, 'text': 'מדידות', 'upos': 'NOUN', 'xpos': 'NOUN', 'feats': 'Gender=Fem|Number=Plur', 'head': 7, 'deprel': 'conj', 'lemma': 'מדידה'}]"
"(1, 2)",במקרה,,,,,,"(1, 6)",,"[{'id': 1, 'text': 'ב', 'upos': 'ADP', 'xpos': 'ADP', 'head': 2, 'deprel': 'case', 'lemma': 'ב'}, {'id': 2, 'text': 'מקרה', 'upos': 'NOUN', 'xpos': 'NOUN', 'feats': 'Gender=Masc|Number=Sing', 'head': 4, 'deprel': 'obl', 'lemma': 'מקרה'}]"
3,זה,PRON,PRON,Gender=Masc|Number=Sing|Person=3|PronType=Dem,2.0,det,"(7, 9)",זה,
4,בצענו,VERB,VERB,"Gender=Fem,Masc|HebBinyan=PAAL|Number=Plur|Person=1|Tense=Past|Voice=Act",0.0,root,"(10, 15)",בצע,
5,שקלול,NOUN,NOUN,Gender=Masc|Number=Sing,4.0,obj,"(16, 21)",שקלול,
6,של,ADP,ADP,Case=Gen,8.0,case:gen,"(22, 24)",של,
"(7, 8)",החישובים,,,,,,"(25, 33)",,"[{'id': 7, 'text': 'ה', 'upos': 'DET', 'xpos': 'DET', 'feats': 'PronType=Art', 'head': 8, 'deprel': 'det:def', 'lemma': 'ה'}, {'id': 8, 'text': 'חישובים', 'upos': 'NOUN', 'xpos': 'NOUN', 'feats': 'Gender=Masc|Number=Plur', 'head': 5, 'deprel': 'nmod:poss', 'lemma': 'חישוב'}]"
"(9, 10)",ההרמוניים,,,,,,"(34, 43)",,"[{'id': 9, 'text': 'ה', 'upos': 'DET', 'xpos': 'DET', 'feats': 'PronType=Art', 'head': 10, 'deprel': 'det:def', 'lemma': 'ה'}, {'id': 10, 'text': 'הרמוניים', 'upos': 'ADJ', 'xpos': 'ADJ', 'feats': 'Gender=Masc|Number=Plur', 'head': 8, 'deprel': 'amod', 'lemma': 'הרמוני'}]"
11,לפי,ADP,ADP,,13.0,case,"(44, 47)",לפי,
"(12, 13)",המשקלים,,,,,,"(48, 55)",,"[{'id': 12, 'text': 'ה', 'upos': 'DET', 'xpos': 'DET', 'feats': 'PronType=Art', 'head': 13, 'deprel': 'det:def', 'lemma': 'ה'}, {'id': 13, 'text': 'משקלים', 'upos': 'NOUN', 'xpos': 'NOUN', 'feats': 'Gender=Masc|Number=Plur', 'head': 5, 'deprel': 'nmod', 'lemma': 'משקל'}]"
"(14, 15)",הממוצעים,,,,,,"(56, 64)",,"[{'id': 14, 'text': 'ה', 'upos': 'DET', 'xpos': 'DET', 'feats': 'PronType=Art', 'head': 15, 'deprel': 'det:def', 'lemma': 'ה'}, {'id': 15, 'text': 'ממוצעים', 'upos': 'ADJ', 'xpos': 'ADJ', 'feats': 'Gender=Masc|Number=Plur', 'head': 13, 'deprel': 'amod', 'lemma': 'ממוצע'}]"
"(16, 18)",מהמדידות,,,,,,"(65, 73)",,"[{'id': 16, 'text': 'מ', 'upos': 'ADP', 'xpos': 'ADP', 'head': 18, 'deprel': 'case', 'lemma': 'מ'}, {'id': 17, 'text': 'ה', 'upos': 'DET', 'xpos': 'DET', 'feats': 'PronType=Art', 'head': 18, 'deprel': 'det:def', 'lemma': 'ה'}, {'id': 18, 'text': 'מדידות', 'upos': 'NOUN', 'xpos': 'NOUN', 'feats': 'Gender=Fem|Number=Plur', 'head': 13, 'deprel': 'nmod', 'lemma': 'מדידה'}]"
19,",",PUNCT,PUNCT,,4.0,punct,"(73, 74)",",",
20,כלומר,CCONJ,CCONJ,,13.0,dep,"(75, 80)",כלומר,
21,",",PUNCT,PUNCT,,22.0,punct,"(80, 81)",",",
22,32,NUM,NUM,,20.0,dep,"(82, 84)",32,
23,",",PUNCT,PUNCT,HebSource=ConvUncertainHead,22.0,punct,"(84, 85)",",",
24,19,NUM,NUM,HebSource=ConvUncertainHead,22.0,dep,"(85, 87)",19,
25,",",PUNCT,PUNCT,,22.0,punct,"(87, 88)",",",
26,49,NUM,NUM,,27.0,nummod,"(88, 90)",49,
27,%,NOUN,NOUN,"Gender=Masc|Number=Plur,Sing",22.0,dep,"(90, 91)",%,
28,עבור,ADP,ADP,,29.0,case,"(92, 96)",עבור,
29,24,NUM,NUM,,22.0,dep,"(97, 99)",24,
30,",",PUNCT,PUNCT,,29.0,punct,"(99, 100)",",",
31,36,NUM,NUM,HebSource=ConvUncertainHead,29.0,dep,"(100, 102)",36,
32,",",PUNCT,PUNCT,,29.0,punct,"(102, 103)",",",
33,72,NUM,NUM,,34.0,nummod,"(103, 105)",72,
34,Hz,NOUN,NOUN,HebSource=ConvUncertainHead,29.0,dep,"(106, 108)",Hz,
"(35, 36)",בהתאמה,,,,,,"(109, 115)",,"[{'id': 35, 'text': 'ב', 'upos': 'ADP', 'xpos': 'ADP', 'head': 36, 'deprel': 'case', 'lemma': 'ב'}, {'id': 36, 'text': 'התאמה', 'upos': 'NOUN', 'xpos': 'NOUN', 'feats': 'Gender=Fem|Number=Sing', 'head': 29, 'deprel': 'dep', 'lemma': 'התאמה'}]"
"(1, 2)",התוצאות,,,,,,"(1, 8)",,"[{'id': 1, 'text': 'ה', 'upos': 'DET', 'xpos': 'DET', 'feats': 'PronType=Art', 'head': 2, 'deprel': 'det:def', 'lemma': 'ה'}, {'id': 2, 'text': 'תוצאות', 'upos': 'NOUN', 'xpos': 'NOUN', 'feats': 'Gender=Fem|Number=Plur', 'head': 7, 'deprel': 'nsubj', 'lemma': 'תוצאה'}]"
3,עבור,ADP,ADP,,6.0,case,"(9, 13)",עבור,
4,שני,NUM,NUM,Definite=Cons|Gender=Masc|Number=Plur,6.0,nummod,"(14, 17)",שני,
"(5, 6)",המקרים,,,,,,"(18, 24)",,"[{'id': 5, 'text': 'ה', 'upos': 'DET', 'xpos': 'DET', 'feats': 'PronType=Art', 'head': 6, 'deprel': 'det:def', 'lemma': 'ה'}, {'id': 6, 'text': 'מקרים', 'upos': 'NOUN', 'xpos': 'NOUN', 'feats': 'Gender=Masc|Number=Plur', 'head': 2, 'deprel': 'nmod', 'lemma': 'מקרה'}]"
7,מסוכמות,VERB,VERB,"Gender=Fem|HebBinyan=PUAL|Number=Plur|Person=1,2,3|VerbForm=Part|Voice=Pass",0.0,root,"(25, 32)",סוכם,
"(8, 10)",בטבלה,,,,,,"(33, 38)",,"[{'id': 8, 'text': 'ב', 'upos': 'ADP', 'xpos': 'ADP', 'head': 10, 'deprel': 'case', 'lemma': 'ב'}, {'id': 9, 'text': 'ה_', 'upos': 'DET', 'xpos': 'DET', 'feats': 'PronType=Art', 'head': 10, 'deprel': 'det:def', 'lemma': 'ה'}, {'id': 10, 'text': 'טבלה', 'upos': 'NOUN', 'xpos': 'NOUN', 'feats': 'Gender=Fem|Number=Sing', 'head': 7, 'deprel': 'obl', 'lemma': 'טבלה'}]"
11,4,NUM,NUM,,10.0,nummod,"(39, 40)",4,
"(12, 14)",ומבליטות,,,,,,"(41, 49)",,"[{'id': 12, 'text': 'ו', 'upos': 'CCONJ', 'xpos': 'CCONJ', 'head': 14, 'deprel': 'cc', 'lemma': 'ו'}, {'id': 13, 'text': 'מ', 'upos': 'ADP', 'xpos': 'ADP', 'head': 14, 'deprel': 'case', 'lemma': 'מ'}, {'id': 14, 'text': 'בליטות', 'upos': 'VERB', 'xpos': 'VERB', 'feats': 'Gender=Fem|HebBinyan=PAAL|Number=Plur|Person=1,2,3|VerbForm=Part|Voice=Act', 'head': 7, 'deprel': 'conj', 'lemma': 'בליט'}]"
15,את,ADP,ADP,Case=Acc,17.0,case:acc,"(50, 52)",את,
"(16, 17)",השיפור,,,,,,"(53, 59)",,"[{'id': 16, 'text': 'ה', 'upos': 'DET', 'xpos': 'DET', 'feats': 'PronType=Art', 'head': 17, 'deprel': 'det:def', 'lemma': 'ה'}, {'id': 17, 'text': 'שיפור', 'upos': 'NOUN', 'xpos': 'NOUN', 'feats': 'Gender=Masc|Number=Sing', 'head': 14, 'deprel': 'obj', 'lemma': 'שיפור'}]"
"(18, 19)",הרב,,,,,,"(60, 63)",,"[{'id': 18, 'text': 'ה', 'upos': 'DET', 'xpos': 'DET', 'feats': 'PronType=Art', 'head': 19, 'deprel': 'det:def', 'lemma': 'ה'}, {'id': 19, 'text': 'רב', 'upos': 'ADJ', 'xpos': 'ADJ', 'feats': 'Gender=Masc|Number=Sing', 'head': 17, 'deprel': 'amod', 'lemma': 'רב'}]"
"(20, 21)",שמושג,,,,,,"(64, 69)",,"[{'id': 20, 'text': 'ש', 'upos': 'SCONJ', 'xpos': 'SCONJ', 'head': 21, 'deprel': 'mark', 'lemma': 'ש'}, {'id': 21, 'text': 'מושג', 'upos': 'VERB', 'xpos': 'VERB', 'feats': 'Gender=Masc|HebBinyan=PUAL|Number=Sing|Person=3|Tense=Past|Voice=Pass', 'head': 17, 'deprel': 'acl:relcl', 'lemma': 'מושג'}]"
22,ע״י,ADP,ADP,Abbr=Yes,23.0,case,"(70, 73)",ע״י,
23,מקדמי,NOUN,NOUN,Definite=Cons|Gender=Masc|Number=Plur,21.0,obl,"(74, 79)",מקדם,
24,ספיגה,NOUN,NOUN,Gender=Fem|Number=Sing,23.0,compound:smixut,"(80, 85)",ספיגה,
25,ריאליסטיים,ADJ,ADJ,Gender=Masc|Number=Plur,23.0,amod,"(86, 96)",ריאליסטי,
26,יותר,ADV,ADV,,25.0,advmod,"(97, 101)",יותר,
"(27, 29)",כמומלץ,,,,,,"(102, 108)",,"[{'id': 27, 'text': 'כ', 'upos': 'ADP', 'xpos': 'ADP', 'head': 29, 'deprel': 'case', 'lemma': 'כ'}, {'id': 28, 'text': 'ה_', 'upos': 'DET', 'xpos': 'DET', 'feats': 'PronType=Art', 'head': 29, 'deprel': 'det:def', 'lemma': 'ה'}, {'id': 29, 'text': 'מומלץ', 'upos': 'VERB', 'xpos': 'VERB', 'head': 25, 'deprel': 'advmod', 'lemma': 'מומלץ'}]"
"(30, 31)",בספרות,,,,,,"(109, 115)",,"[{'id': 30, 'text': 'ב', 'upos': 'ADP', 'xpos': 'ADP', 'head': 31, 'deprel': 'case', 'lemma': 'ב'}, {'id': 31, 'text': 'ספרות', 'upos': 'NOUN', 'xpos': 'NOUN', 'feats': 'Gender=Fem|Number=Sing', 'head': 29, 'deprel': 'obl', 'lemma': 'ספרות'}]"
1,3,NUM,NUM,,0.0,root,"(1, 2)",3,
1,3,NUM,NUM,,0.0,root,"(0, 1)",3,
1,3,NUM,NUM,,0.0,root,"(0, 1)",3,
1,2,NUM,NUM,,0.0,root,"(0, 1)",2,
1,תדר,NOUN,NOUN,Definite=Cons|Gender=Masc|Number=Sing,10.0,dep,"(1, 4)",תדר,
2,תהודה,NOUN,NOUN,Gender=Fem|Number=Sing,1.0,compound:smixut,"(5, 10)",תהודה,
"(3, 5)",בחישובים,,,,,,"(11, 19)",,"[{'id': 3, 'text': 'ב', 'upos': 'ADP', 'xpos': 'ADP', 'head': 5, 'deprel': 'case', 'lemma': 'ב'}, {'id': 4, 'text': 'ה_', 'upos': 'DET', 'xpos': 'DET', 'feats': 'PronType=Art', 'head': 5, 'deprel': 'det:def', 'lemma': 'ה'}, {'id': 5, 'text': 'חישובים', 'upos': 'NOUN', 'xpos': 'NOUN', 'feats': 'Gender=Masc|Number=Plur', 'head': 1, 'deprel': 'nmod', 'lemma': 'חישוב'}]"
6,אקוסטיים,ADJ,ADJ,Gender=Masc|Number=Plur,5.0,amod,"(20, 28)",אקוסטי,
"(7, 8)",בתחומים,,,,,,"(29, 36)",,"[{'id': 7, 'text': 'ב', 'upos': 'ADP', 'xpos': 'ADP', 'head': 8, 'deprel': 'case', 'lemma': 'ב'}, {'id': 8, 'text': 'תחומים', 'upos': 'NOUN', 'xpos': 'NOUN', 'feats': 'Gender=Masc|Number=Plur', 'head': 5, 'deprel': 'nmod', 'lemma': 'תחום'}]"
9,חסומים,ADJ,ADJ,Gender=Masc|Number=Plur,8.0,amod,"(37, 43)",חסום,
10,חשוב,AUX,AUX,"Gender=Masc|Number=Sing|Person=1,2,3|VerbType=Mod",11.0,aux,"(44, 48)",חשוב,
11,לבדוק,VERB,VERB,HebBinyan=PAAL|VerbForm=Inf|Voice=Act,0.0,root,"(49, 54)",בדק,
12,את,ADP,ADP,Case=Acc,13.0,case:acc,"(55, 57)",את,
13,מידת,NOUN,NOUN,Definite=Cons|Gender=Fem|Number=Sing,11.0,obj,"(58, 62)",מידה,
"(14, 16)",קירבתם,,,,,,"(63, 69)",,"[{'id': 14, 'text': 'קירבה_', 'upos': 'NOUN', 'xpos': 'NOUN', 'feats': 'Definite=Def|Gender=Fem|Number=Sing', 'head': 13, 'deprel': 'compound:smixut', 'lemma': 'קירבה'}, {'id': 15, 'text': '_של_', 'upos': 'ADP', 'xpos': 'ADP', 'head': 16, 'deprel': 'case:gen', 'lemma': 'של'}, {'id': 16, 'text': '_הם', 'upos': 'PRON', 'xpos': 'PRON', 'feats': 'Case=Gen|Gender=Masc|Number=Plur|Person=3|PronType=Prs', 'head': 14, 'deprel': 'nmod:poss', 'lemma': 'הוא'}]"
17,של,ADP,ADP,Case=Gen,19.0,case:gen,"(70, 72)",של,
"(18, 19)",התדרים,,,,,,"(73, 79)",,"[{'id': 18, 'text': 'ה', 'upos': 'DET', 'xpos': 'DET', 'feats': 'PronType=Art', 'head': 19, 'deprel': 'det:def', 'lemma': 'ה'}, {'id': 19, 'text': 'תדרים', 'upos': 'NOUN', 'xpos': 'NOUN', 'feats': 'Gender=Masc|Number=Plur', 'head': 14, 'deprel': 'nmod:poss', 'lemma': 'תדר'}]"
"(20, 21)",האופייניים,,,,,,"(80, 90)",,"[{'id': 20, 'text': 'ה', 'upos': 'DET', 'xpos': 'DET', 'feats': 'PronType=Art', 'head': 21, 'deprel': 'det:def', 'lemma': 'ה'}, {'id': 21, 'text': 'אופייניים', 'upos': 'ADJ', 'xpos': 'ADJ', 'feats': 'Gender=Masc|Number=Plur', 'head': 19, 'deprel': 'amod', 'lemma': 'אופייני'}]"
"(22, 23)",לתדרי,,,,,,"(91, 96)",,"[{'id': 22, 'text': 'ל', 'upos': 'ADP', 'xpos': 'ADP', 'head': 23, 'deprel': 'case', 'lemma': 'ל'}, {'id': 23, 'text': 'תדרי', 'upos': 'NOUN', 'xpos': 'NOUN', 'feats': 'Definite=Cons|Gender=Masc|Number=Plur', 'head': 21, 'deprel': 'advmod', 'lemma': 'תדר'}]"
24,תהודה,NOUN,NOUN,Gender=Fem|Number=Sing,23.0,compound:smixut,"(97, 102)",תהודה,
1,תדרי,NOUN,NOUN,Definite=Cons|Gender=Masc|Number=Plur,11.0,nsubj,"(1, 5)",תדר,
"(2, 3)",התהודה,,,,,,"(6, 12)",,"[{'id': 2, 'text': 'ה', 'upos': 'DET', 'xpos': 'DET', 'feats': 'PronType=Art', 'head': 3, 'deprel': 'det:def', 'lemma': 'ה'}, {'id': 3, 'text': 'תהודה', 'upos': 'NOUN', 'xpos': 'NOUN', 'feats': 'Gender=Fem|Number=Sing', 'head': 1, 'deprel': 'compound:smixut', 'lemma': 'תהודה'}]"
4,(,PUNCT,PUNCT,,5.0,punct,"(13, 14)",(,
5,או,CCONJ,CCONJ,,1.0,appos,"(14, 16)",או,
"(6, 7)",התדרים,,,,,,"(17, 23)",,"[{'id': 6, 'text': 'ה', 'upos': 'DET', 'xpos': 'DET', 'feats': 'PronType=Art', 'head': 7, 'deprel': 'det:def', 'lemma': 'ה'}, {'id': 7, 'text': 'תדרים', 'upos': 'NOUN', 'xpos': 'NOUN', 'feats': 'Gender=Masc|Number=Plur', 'head': 5, 'deprel': 'dep', 'lemma': 'תדר'}]"
"(8, 9)",העצמיים,,,,,,"(24, 31)",,"[{'id': 8, 'text': 'ה', 'upos': 'DET', 'xpos': 'DET', 'feats': 'PronType=Art', 'head': 9, 'deprel': 'det:def', 'lemma': 'ה'}, {'id': 9, 'text': 'עצמיים', 'upos': 'ADJ', 'xpos': 'ADJ', 'feats': 'Gender=Masc|Number=Plur', 'head': 7, 'deprel': 'amod', 'lemma': 'עצמי'}]"
10,),PUNCT,PUNCT,,5.0,punct,"(31, 32)",),
11,נקבעים,VERB,VERB,"Gender=Masc|HebBinyan=NIFAL|Number=Plur|Person=1,2,3|VerbForm=Part|Voice=Mid",0.0,root,"(33, 39)",נקבע,
12,על,ADP,ADP,,14.0,case,"(40, 42)",על,
13,ידי,NOUN,NOUN,Definite=Cons|Gender=Fem|Number=Plur,12.0,fixed,"(43, 46)",יד,
14,ממדי,NOUN,NOUN,Definite=Cons|Gender=Masc|Number=Plur,11.0,obl,"(47, 51)",ממד,
"(15, 16)",המרחב,,,,,,"(52, 57)",,"[{'id': 15, 'text': 'ה', 'upos': 'DET', 'xpos': 'DET', 'feats': 'PronType=Art', 'head': 16, 'deprel': 'det:def', 'lemma': 'ה'}, {'id': 16, 'text': 'מרחב', 'upos': 'NOUN', 'xpos': 'NOUN', 'feats': 'Gender=Masc|Number=Sing', 'head': 14, 'deprel': 'compound:smixut', 'lemma': 'מרחב'}]"
"(1, 3)",הימצאותו,,,,,,"(1, 9)",,"[{'id': 1, 'text': 'הימצאות_', 'upos': 'NOUN', 'xpos': 'NOUN', 'feats': 'Definite=Def|Gender=Fem|Number=Sing', 'head': 12, 'deprel': 'nsubj', 'lemma': 'הימצאות'}, {'id': 2, 'text': '_של_', 'upos': 'ADP', 'xpos': 'ADP', 'head': 3, 'deprel': 'case:gen', 'lemma': 'של'}, {'id': 3, 'text': '_הוא', 'upos': 'PRON', 'xpos': 'PRON', 'feats': 'Case=Gen|Gender=Masc|Number=Sing|Person=3|PronType=Prs', 'head': 1, 'deprel': 'nmod:poss', 'lemma': 'הוא'}]"
4,של,ADP,ADP,Case=Gen,5.0,case:gen,"(10, 12)",של,
5,תדר,NOUN,NOUN,Gender=Masc|Number=Sing,1.0,nmod:poss,"(13, 16)",תדר,
6,מסוים,ADJ,ADJ,Gender=Masc|Number=Sing,5.0,amod,"(17, 22)",מסוים,
"(7, 8)",בקרבת,,,,,,"(23, 28)",,"[{'id': 7, 'text': 'ב', 'upos': 'ADP', 'xpos': 'ADP', 'head': 8, 'deprel': 'case', 'lemma': 'ב'}, {'id': 8, 'text': 'קרבת', 'upos': 'NOUN', 'xpos': 'NOUN', 'feats': 'Definite=Cons|Gender=Fem|Number=Sing', 'head': 1, 'deprel': 'nmod', 'lemma': 'קרבה'}]"
9,תדר,NOUN,NOUN,Definite=Cons|Gender=Masc|Number=Sing,8.0,compound:smixut,"(29, 32)",תדר,
"(10, 11)",התהודה,,,,,,"(33, 39)",,"[{'id': 10, 'text': 'ה', 'upos': 'DET', 'xpos': 'DET', 'feats': 'PronType=Art', 'head': 11, 'deprel': 'det:def', 'lemma': 'ה'}, {'id': 11, 'text': 'תהודה', 'upos': 'NOUN', 'xpos': 'NOUN', 'feats': 'Gender=Fem|Number=Sing', 'head': 9, 'deprel': 'compound:smixut', 'lemma': 'תהודה'}]"
12,עלול,AUX,AUX,"Gender=Masc|Number=Sing|Person=1,2,3|VerbType=Mod",13.0,aux,"(40, 44)",עלול,
13,לגרום,VERB,VERB,HebBinyan=PAAL|VerbForm=Inf|Voice=Act,0.0,root,"(45, 50)",גרם,
"(14, 15)",להגבר,,,,,,"(51, 56)",,"[{'id': 14, 'text': 'ל', 'upos': 'ADP', 'xpos': 'ADP', 'head': 15, 'deprel': 'case', 'lemma': 'ל'}, {'id': 15, 'text': 'הגבר', 'upos': 'NOUN', 'xpos': 'NOUN', 'feats': 'Gender=Masc|Number=Sing', 'head': 13, 'deprel': 'obl', 'lemma': 'הגבר'}]"
16,עוצמת,NOUN,NOUN,Definite=Cons|Gender=Fem|Number=Sing,13.0,obj,"(57, 62)",עוצמה,
"(17, 18)",הקול,,,,,,"(63, 67)",,"[{'id': 17, 'text': 'ה', 'upos': 'DET', 'xpos': 'DET', 'feats': 'PronType=Art', 'head': 18, 'deprel': 'det:def', 'lemma': 'ה'}, {'id': 18, 'text': 'קול', 'upos': 'NOUN', 'xpos': 'NOUN', 'feats': 'Gender=Masc|Number=Sing', 'head': 16, 'deprel': 'compound:smixut', 'lemma': 'קול'}]"
"(1, 2)",במקרה,,,,,,"(1, 6)",,"[{'id': 1, 'text': 'ב', 'upos': 'ADP', 'xpos': 'ADP', 'head': 2, 'deprel': 'case', 'lemma': 'ב'}, {'id': 2, 'text': 'מקרה', 'upos': 'NOUN', 'xpos': 'NOUN', 'feats': 'Gender=Masc|Number=Sing', 'head': 6, 'deprel': 'obl', 'lemma': 'מקרה'}]"
"(3, 5)",כזה,,,,,,"(7, 10)",,"[{'id': 3, 'text': 'כ', 'upos': 'ADP', 'xpos': 'ADP', 'head': 5, 'deprel': 'case', 'lemma': 'כ'}, {'id': 4, 'text': 'ה_', 'upos': 'DET', 'xpos': 'DET', 'feats': 'PronType=Art', 'head': 5, 'deprel': 'det:def', 'lemma': 'ה'}, {'id': 5, 'text': 'זה', 'upos': 'PRON', 'xpos': 'PRON', 'feats': 'Gender=Masc|Number=Sing|Person=3', 'head': 2, 'deprel': 'nmod', 'lemma': 'זה'}]"
6,יש,AUX,AUX,VerbType=Mod,7.0,aux,"(11, 13)",יש,
7,להיזהר,VERB,VERB,HebBinyan=NIFAL|VerbForm=Inf|Voice=Mid,0.0,root,"(14, 20)",נזהר,
"(8, 9)",בהערכת,,,,,,"(21, 27)",,"[{'id': 8, 'text': 'ב', 'upos': 'ADP', 'xpos': 'ADP', 'head': 9, 'deprel': 'case', 'lemma': 'ב'}, {'id': 9, 'text': 'הערכת', 'upos': 'NOUN', 'xpos': 'NOUN', 'feats': 'Definite=Cons|Gender=Fem|Number=Sing', 'head': 7, 'deprel': 'obl', 'lemma': 'הערכה'}]"
"(10, 11)",החישובים,,,,,,"(28, 36)",,"[{'id': 10, 'text': 'ה', 'upos': 'DET', 'xpos': 'DET', 'feats': 'PronType=Art', 'head': 11, 'deprel': 'det:def', 'lemma': 'ה'}, {'id': 11, 'text': 'חישובים', 'upos': 'NOUN', 'xpos': 'NOUN', 'feats': 'Gender=Masc|Number=Plur', 'head': 9, 'deprel': 'compound:smixut', 'lemma': 'חישוב'}]"
"(12, 13)",בשיטת,,,,,,"(37, 42)",,"[{'id': 12, 'text': 'ב', 'upos': 'ADP', 'xpos': 'ADP', 'head': 13, 'deprel': 'case', 'lemma': 'ב'}, {'id': 13, 'text': 'שיטת', 'upos': 'NOUN', 'xpos': 'NOUN', 'feats': 'Definite=Cons|Gender=Fem|Number=Sing', 'head': 9, 'deprel': 'nmod', 'lemma': 'שיטה'}]"
"(14, 15)",האלמנטים,,,,,,"(43, 51)",,"[{'id': 14, 'text': 'ה', 'upos': 'DET', 'xpos': 'DET', 'feats': 'PronType=Art', 'head': 15, 'deprel': 'det:def', 'lemma': 'ה'}, {'id': 15, 'text': 'אלמנטים', 'upos': 'NOUN', 'xpos': 'NOUN', 'feats': 'Gender=Masc|Number=Plur', 'head': 13, 'deprel': 'compound:smixut', 'lemma': 'אלמנט'}]"
"(16, 17)",הסופיים,,,,,,"(52, 59)",,"[{'id': 16, 'text': 'ה', 'upos': 'DET', 'xpos': 'DET', 'feats': 'PronType=Art', 'head': 17, 'deprel': 'det:def', 'lemma': 'ה'}, {'id': 17, 'text': 'סופיים', 'upos': 'ADJ', 'xpos': 'ADJ', 'feats': 'Gender=Masc|Number=Plur', 'head': 15, 'deprel': 'amod', 'lemma': 'סופי'}]"
18,כיון,SCONJ,SCONJ,,21.0,mark,"(60, 64)",כיון,
"(19, 20)",שהתוצאות,,,,,,"(65, 73)",,"[{'id': 19, 'text': 'ש', 'upos': 'SCONJ', 'xpos': 'SCONJ', 'head': 18, 'deprel': 'fixed', 'lemma': 'ש'}, {'id': 20, 'text': 'התוצאות', 'upos': 'DET', 'xpos': 'DET', 'feats': 'Gender=Fem|Number=Plur', 'head': 21, 'deprel': 'nsubj', 'lemma': 'התוצאות'}]"
21,עלולות,AUX,AUX,"Gender=Fem|Number=Plur|Person=1,2,3|VerbType=Mod",22.0,aux,"(74, 80)",עלול,
22,להכיל,VERB,VERB,HebBinyan=HIFIL|VerbForm=Inf|Voice=Act,6.0,obl,"(81, 86)",הכיל,
23,שגיאות,NOUN,NOUN,Gender=Fem|Number=Plur,22.0,obj,"(87, 93)",שגיאה,
24,גדולות,ADJ,ADJ,Gender=Fem|Number=Plur,23.0,amod,"(94, 100)",גדול,
1,תדרי,NOUN,NOUN,Definite=Cons|Gender=Masc|Number=Plur,0.0,root,"(1, 5)",תדר,
"(2, 3)",התהודה,,,,,,"(6, 12)",,"[{'id': 2, 'text': 'ה', 'upos': 'DET', 'xpos': 'DET', 'feats': 'PronType=Art', 'head': 3, 'deprel': 'det:def', 'lemma': 'ה'}, {'id': 3, 'text': 'תהודה', 'upos': 'NOUN', 'xpos': 'NOUN', 'feats': 'Gender=Fem|Number=Sing', 'head': 1, 'deprel': 'compound:smixut', 'lemma': 'תהודה'}]"
"(4, 5)",בחדר,,,,,,"(13, 17)",,"[{'id': 4, 'text': 'ב', 'upos': 'ADP', 'xpos': 'ADP', 'head': 5, 'deprel': 'case', 'lemma': 'ב'}, {'id': 5, 'text': 'חדר', 'upos': 'NOUN', 'xpos': 'NOUN', 'feats': 'Gender=Masc|Number=Sing', 'head': 1, 'deprel': 'nmod', 'lemma': 'חדר'}]"
6,סגור,ADJ,ADJ,Gender=Masc|Number=Sing,5.0,amod,"(18, 22)",סגור,
7,(,PUNCT,PUNCT,,8.0,punct,"(23, 24)",(,
8,תיבה,NOUN,NOUN,Gender=Fem|Number=Sing,5.0,appos,"(24, 28)",תיבה,
9,אידיאלית,ADJ,ADJ,Gender=Fem|Number=Sing,8.0,amod,"(29, 37)",אידיאלי,
10,),PUNCT,PUNCT,,8.0,punct,"(37, 38)",),
"(11, 14)",שממדיו,,,,,,"(39, 45)",,"[{'id': 11, 'text': 'ש', 'upos': 'SCONJ', 'xpos': 'SCONJ', 'head': 15, 'deprel': 'mark', 'lemma': 'ש'}, {'id': 12, 'text': 'ממד_', 'upos': 'NOUN', 'xpos': 'NOUN', 'feats': 'Definite=Def|Gender=Masc|Number=Sing', 'head': 15, 'deprel': 'nsubj', 'lemma': 'ממד'}, {'id': 13, 'text': '_של_', 'upos': 'ADP', 'xpos': 'ADP', 'head': 14, 'deprel': 'case:gen', 'lemma': 'של'}, {'id': 14, 'text': '_הוא', 'upos': 'PRON', 'xpos': 'PRON', 'feats': 'Case=Gen|Gender=Masc|Number=Sing|Person=3|PronType=Prs', 'head': 12, 'deprel': 'nmod:poss', 'lemma': 'הוא'}]"
15,3m,NUM,NUM,,5.0,acl:relcl,"(46, 48)",3m,
16,x,PUNCT,PUNCT,,15.0,dep,"(49, 50)",x,
17,3m,NUM,NUM,,15.0,nummod,"(51, 53)",3m,
18,x,PUNCT,PUNCT,,15.0,dep,"(54, 55)",x,
19,2,NUM,NUM,,15.0,nummod,"(56, 57)",2,
1,5m,NUM,NUM,,7.0,dep,"(0, 2)",5m,
"(2, 3)",ועבור,,,,,,"(3, 8)",,"[{'id': 2, 'text': 'ו', 'upos': 'CCONJ', 'xpos': 'CCONJ', 'head': 4, 'deprel': 'cc', 'lemma': 'ו'}, {'id': 3, 'text': 'עבור', 'upos': 'ADP', 'xpos': 'ADP', 'head': 4, 'deprel': 'case', 'lemma': 'עבור'}]"
4,c,PROPN,PROPN,,1.0,obl,"(9, 10)",c,
5,=340,NUM,NUM,,6.0,nummod,"(10, 14)",=340,
6,m/s,PROPN,PROPN,Abbr=Yes|HebSource=ConvUncertainHead,4.0,nmod,"(15, 18)",m/s,
7,יחושבו,VERB,VERB,"Gender=Fem,Masc|Number=Plur|Person=3|Tense=Fut",0.0,root,"(19, 25)",חושב,
8,לפי,ADP,ADP,,10.0,case,"(26, 29)",לפי,
"(9, 10)",הנוסחה,,,,,,"(30, 36)",,"[{'id': 9, 'text': 'ה', 'upos': 'DET', 'xpos': 'DET', 'feats': 'PronType=Art', 'head': 10, 'deprel': 'det:def', 'lemma': 'ה'}, {'id': 10, 'text': 'נוסחה', 'upos': 'NOUN', 'xpos': 'NOUN', 'feats': 'Gender=Fem|Number=Sing', 'head': 7, 'deprel': 'obl', 'lemma': 'נוסחה'}]"
11,:,PUNCT,PUNCT,,15.0,punct,"(36, 37)",:,
12,תוצאות,NOUN,NOUN,Definite=Cons|Gender=Fem|Number=Plur,15.0,nsubj,"(38, 44)",תוצאה,
"(13, 14)",החישוב,,,,,,"(45, 51)",,"[{'id': 13, 'text': 'ה', 'upos': 'DET', 'xpos': 'DET', 'feats': 'PronType=Art', 'head': 14, 'deprel': 'det:def', 'lemma': 'ה'}, {'id': 14, 'text': 'חישוב', 'upos': 'NOUN', 'xpos': 'NOUN', 'feats': 'Gender=Masc|Number=Sing', 'head': 12, 'deprel': 'compound:smixut', 'lemma': 'חישוב'}]"
15,מראות,VERB,VERB,"Gender=Fem|HebBinyan=HIFIL|Number=Plur|Person=1,2,3|VerbForm=Part|Voice=Act",10.0,acl:relcl,"(52, 57)",הראה,
16,את,ADP,ADP,Case=Acc,17.0,case:acc,"(58, 60)",את,
17,תדרי,NOUN,NOUN,Definite=Cons|Gender=Masc|Number=Plur,15.0,obj,"(61, 65)",תדר,
"(18, 19)",התהודה,,,,,,"(66, 72)",,"[{'id': 18, 'text': 'ה', 'upos': 'DET', 'xpos': 'DET', 'feats': 'PronType=Art', 'head': 19, 'deprel': 'det:def', 'lemma': 'ה'}, {'id': 19, 'text': 'תהודה', 'upos': 'NOUN', 'xpos': 'NOUN', 'feats': 'Gender=Fem|Number=Sing', 'head': 17, 'deprel': 'compound:smixut', 'lemma': 'תהודה'}]"
"(20, 21)",הבאים,,,,,,"(73, 78)",,"[{'id': 20, 'text': 'ה', 'upos': 'DET', 'xpos': 'DET', 'feats': 'PronType=Art', 'head': 21, 'deprel': 'det:def', 'lemma': 'ה'}, {'id': 21, 'text': 'באים', 'upos': 'ADJ', 'xpos': 'ADJ', 'feats': 'Gender=Masc|Number=Plur', 'head': 17, 'deprel': 'amod', 'lemma': 'בא'}]"
22,:,PUNCT,PUNCT,,7.0,punct,"(78, 79)",:,
23,56,NUM,NUM,,7.0,dep,"(80, 82)",56,
1,"7, 68",NUM,NUM,,0.0,root,"(0, 5)","7, 68",
1,0,NUM,NUM,,0.0,root,"(0, 1)",0,
2,",",PUNCT,PUNCT,,1.0,punct,"(1, 2)",",",
3,80,NUM,NUM,HebSource=ConvUncertainHead,1.0,dep,"(3, 5)",80,
1,"1, 88",NUM,NUM,,0.0,root,"(0, 5)","1, 88",
1,5,NUM,NUM,,2.0,nummod,"(0, 1)",5,
2,Hz,NOUN,NOUN,,4.0,nsubj,"(2, 4)",Hz,
"(3, 6)",בסביבתם,,,,,,"(5, 12)",,"[{'id': 3, 'text': 'ב', 'upos': 'ADP', 'xpos': 'ADP', 'head': 4, 'deprel': 'case', 'lemma': 'ב'}, {'id': 4, 'text': 'סביבה_', 'upos': 'NOUN', 'xpos': 'NOUN', 'feats': 'Definite=Def|Gender=Fem|Number=Sing', 'head': 0, 'deprel': 'root', 'lemma': 'סביבה'}, {'id': 5, 'text': '_של_', 'upos': 'ADP', 'xpos': 'ADP', 'head': 6, 'deprel': 'case:gen', 'lemma': 'של'}, {'id': 6, 'text': '_הם', 'upos': 'PRON', 'xpos': 'PRON', 'feats': 'Case=Gen|Gender=Masc|Number=Plur|Person=3|PronType=Prs', 'head': 4, 'deprel': 'nmod:poss', 'lemma': 'הוא'}]"
7,של,ADP,ADP,Case=Gen,9.0,case:gen,"(13, 15)",של,
"(8, 9)",התדרים,,,,,,"(16, 22)",,"[{'id': 8, 'text': 'ה', 'upos': 'DET', 'xpos': 'DET', 'feats': 'PronType=Art', 'head': 9, 'deprel': 'det:def', 'lemma': 'ה'}, {'id': 9, 'text': 'תדרים', 'upos': 'NOUN', 'xpos': 'NOUN', 'feats': 'Gender=Masc|Number=Plur', 'head': 4, 'deprel': 'nmod:poss', 'lemma': 'תדר'}]"
"(10, 11)",האופייניים,,,,,,"(23, 33)",,"[{'id': 10, 'text': 'ה', 'upos': 'DET', 'xpos': 'DET', 'feats': 'PronType=Art', 'head': 11, 'deprel': 'det:def', 'lemma': 'ה'}, {'id': 11, 'text': 'אופייניים', 'upos': 'ADJ', 'xpos': 'ADJ', 'feats': 'Gender=Masc|Number=Plur', 'head': 9, 'deprel': 'amod', 'lemma': 'אופייני'}]"
12,של,ADP,ADP,Case=Gen,13.0,case:gen,"(34, 36)",של,
13,רעש,NOUN,NOUN,Gender=Masc|Number=Sing,9.0,nmod,"(37, 40)",רעש,
"(14, 15)",מעבי,,,,,,"(41, 45)",,"[{'id': 14, 'text': 'מ', 'upos': 'ADP', 'xpos': 'ADP', 'head': 15, 'deprel': 'case', 'lemma': 'מ'}, {'id': 15, 'text': 'עבי', 'upos': 'NOUN', 'xpos': 'NOUN', 'feats': 'Definite=Cons|Gender=Masc|Number=Sing', 'head': 13, 'deprel': 'nmod', 'lemma': 'עב'}]"
"(16, 17)",המזגנים,,,,,,"(46, 53)",,"[{'id': 16, 'text': 'ה', 'upos': 'DET', 'xpos': 'DET', 'feats': 'PronType=Art', 'head': 17, 'deprel': 'det:def', 'lemma': 'ה'}, {'id': 17, 'text': 'מזגנים', 'upos': 'NOUN', 'xpos': 'NOUN', 'feats': 'Gender=Masc|Number=Plur', 'head': 15, 'deprel': 'compound:smixut', 'lemma': 'מזגן'}]"
1,אחד,NUM,NUM,Definite=Cons|Gender=Masc|Number=Sing,3.0,nummod,"(1, 4)",אחד,
"(2, 3)",התדרים,,,,,,"(5, 11)",,"[{'id': 2, 'text': 'ה', 'upos': 'DET', 'xpos': 'DET', 'feats': 'PronType=Art', 'head': 3, 'deprel': 'det:def', 'lemma': 'ה'}, {'id': 3, 'text': 'תדרים', 'upos': 'NOUN', 'xpos': 'NOUN', 'feats': 'Gender=Masc|Number=Plur', 'head': 15, 'deprel': 'nsubj:cop', 'lemma': 'תדר'}]"
"(4, 5)",העיקריים,,,,,,"(12, 20)",,"[{'id': 4, 'text': 'ה', 'upos': 'DET', 'xpos': 'DET', 'feats': 'PronType=Art', 'head': 5, 'deprel': 'det:def', 'lemma': 'ה'}, {'id': 5, 'text': 'עיקריים', 'upos': 'ADJ', 'xpos': 'ADJ', 'feats': 'Gender=Masc|Number=Plur', 'head': 3, 'deprel': 'amod', 'lemma': 'עיקרי'}]"
"(6, 7)",ברעש,,,,,,"(21, 25)",,"[{'id': 6, 'text': 'ב', 'upos': 'ADP', 'xpos': 'ADP', 'head': 7, 'deprel': 'case', 'lemma': 'ב'}, {'id': 7, 'text': 'רעש', 'upos': 'NOUN', 'xpos': 'NOUN', 'feats': 'Gender=Masc|Number=Sing', 'head': 3, 'deprel': 'nmod', 'lemma': 'רעש'}]"
"(8, 9)",המתקבל,,,,,,"(26, 32)",,"[{'id': 8, 'text': 'ה', 'upos': 'SCONJ', 'xpos': 'SCONJ', 'head': 9, 'deprel': 'mark', 'lemma': 'ה'}, {'id': 9, 'text': 'מתקבל', 'upos': 'VERB', 'xpos': 'VERB', 'feats': 'Gender=Masc|HebBinyan=HITPAEL|Number=Sing|Person=1,2,3|VerbForm=Part', 'head': 7, 'deprel': 'acl:relcl', 'lemma': 'התקבל'}]"
"(10, 12)",מהמזגן,,,,,,"(33, 39)",,"[{'id': 10, 'text': 'מ', 'upos': 'ADP', 'xpos': 'ADP', 'head': 12, 'deprel': 'case', 'lemma': 'מ'}, {'id': 11, 'text': 'ה', 'upos': 'DET', 'xpos': 'DET', 'feats': 'PronType=Art', 'head': 12, 'deprel': 'det:def', 'lemma': 'ה'}, {'id': 12, 'text': 'מזגן', 'upos': 'NOUN', 'xpos': 'NOUN', 'feats': 'Gender=Masc|Number=Sing', 'head': 9, 'deprel': 'obl', 'lemma': 'מזגן'}]"
13,הוא,AUX,AUX,Gender=Masc|Number=Sing|Person=3|Polarity=Pos|VerbForm=Part|VerbType=Cop,15.0,cop,"(40, 43)",הוא,
14,72,NUM,NUM,,15.0,nummod,"(44, 46)",72,
15,Hz,NOUN,NOUN,Gender=Masc|Number=Sing,0.0,root,"(47, 49)",Hz,
16,מצוי,VERB,VERB,"Gender=Masc|HebBinyan=PAAL|Number=Sing|Person=1,2,3|VerbForm=Part|Voice=Act",15.0,acl,"(50, 54)",מצא,
17,קרוב,ADJ,ADJ,Gender=Masc|Number=Sing,16.0,advmod,"(55, 59)",קרוב,
"(18, 19)",לתדר,,,,,,"(60, 64)",,"[{'id': 18, 'text': 'ל', 'upos': 'ADP', 'xpos': 'ADP', 'head': 19, 'deprel': 'case', 'lemma': 'ל'}, {'id': 19, 'text': 'תדר', 'upos': 'NOUN', 'xpos': 'NOUN', 'feats': 'Definite=Cons|Gender=Masc|Number=Sing', 'head': 17, 'deprel': 'fixed', 'lemma': 'תדר'}]"
"(20, 21)",התהודה,,,,,,"(65, 71)",,"[{'id': 20, 'text': 'ה', 'upos': 'DET', 'xpos': 'DET', 'feats': 'PronType=Art', 'head': 21, 'deprel': 'det:def', 'lemma': 'ה'}, {'id': 21, 'text': 'תהודה', 'upos': 'NOUN', 'xpos': 'NOUN', 'feats': 'Gender=Fem|Number=Sing', 'head': 19, 'deprel': 'compound:smixut', 'lemma': 'תהודה'}]"
22,68,NUM,NUM,,19.0,nummod,"(72, 74)",68,
1,0,NUM,NUM,,2.0,nummod,"(0, 1)",0,
2,Hz,NOUN,NOUN,Gender=Masc|Number=Sing,7.0,nsubj,"(2, 4)",Hz,
"(3, 4)",ותוצאות,,,,,,"(5, 12)",,"[{'id': 3, 'text': 'ו', 'upos': 'CCONJ', 'xpos': 'CCONJ', 'head': 7, 'deprel': 'cc', 'lemma': 'ו'}, {'id': 4, 'text': 'תוצאות', 'upos': 'NOUN', 'xpos': 'NOUN', 'feats': 'Definite=Cons|Gender=Fem|Number=Plur', 'head': 7, 'deprel': 'nsubj', 'lemma': 'תוצאה'}]"
"(5, 6)",החישובים,,,,,,"(13, 21)",,"[{'id': 5, 'text': 'ה', 'upos': 'DET', 'xpos': 'DET', 'feats': 'PronType=Art', 'head': 6, 'deprel': 'det:def', 'lemma': 'ה'}, {'id': 6, 'text': 'חישובים', 'upos': 'NOUN', 'xpos': 'NOUN', 'feats': 'Gender=Masc|Number=Plur', 'head': 4, 'deprel': 'compound:smixut', 'lemma': 'חישוב'}]"
7,עלולות,AUX,AUX,"Gender=Fem|Number=Plur|Person=1,2,3|VerbType=Mod",8.0,aux,"(22, 28)",עלול,
8,לכלול,VERB,VERB,HebBinyan=PAAL|VerbForm=Inf|Voice=Act,0.0,root,"(29, 34)",כלל,
9,שגיאה,NOUN,NOUN,Gender=Fem|Number=Sing,8.0,obj,"(35, 40)",שגיאה,
10,משמעותית,ADJ,ADJ,Gender=Fem|Number=Sing,9.0,amod,"(41, 49)",משמעותי,
1,בחינה,NOUN,NOUN,Gender=Fem|Number=Sing,15.0,nsubj,"(1, 6)",בחינה,
2,של,ADP,ADP,Case=Gen,5.0,case:gen,"(7, 9)",של,
3,אחד,NUM,NUM,Definite=Cons|Gender=Masc|Number=Sing,5.0,nummod,"(10, 13)",אחד,
"(4, 5)",המקרים,,,,,,"(14, 20)",,"[{'id': 4, 'text': 'ה', 'upos': 'DET', 'xpos': 'DET', 'feats': 'PronType=Art', 'head': 5, 'deprel': 'det:def', 'lemma': 'ה'}, {'id': 5, 'text': 'מקרים', 'upos': 'NOUN', 'xpos': 'NOUN', 'feats': 'Gender=Masc|Number=Plur', 'head': 1, 'deprel': 'nmod:poss', 'lemma': 'מקרה'}]"
"(6, 7)",שחושבו,,,,,,"(21, 27)",,"[{'id': 6, 'text': 'ש', 'upos': 'SCONJ', 'xpos': 'SCONJ', 'head': 7, 'deprel': 'mark', 'lemma': 'ש'}, {'id': 7, 'text': 'חושבו', 'upos': 'VERB', 'xpos': 'VERB', 'feats': 'Gender=Masc|HebBinyan=PAAL|Number=Plur|Person=1,2,3|VerbForm=Part|Voice=Act', 'head': 5, 'deprel': 'acl:relcl', 'lemma': 'חושב'}]"
"(8, 9)",לתדר,,,,,,"(28, 32)",,"[{'id': 8, 'text': 'ל', 'upos': 'ADP', 'xpos': 'ADP', 'head': 9, 'deprel': 'case', 'lemma': 'ל'}, {'id': 9, 'text': 'תדר', 'upos': 'NOUN', 'xpos': 'NOUN', 'feats': 'Gender=Masc|Number=Sing', 'head': 7, 'deprel': 'obl', 'lemma': 'תדר'}]"
10,זה,PRON,PRON,Gender=Masc|Number=Sing|Person=3|PronType=Dem,9.0,det,"(33, 35)",זה,
11,(,PUNCT,PUNCT,,12.0,punct,"(36, 37)",(,
12,ציור,NOUN,NOUN,Gender=Masc|Number=Sing,5.0,appos,"(37, 41)",ציור,
13,12,NUM,NUM,,12.0,nummod,"(42, 44)",12,
14,),PUNCT,PUNCT,,12.0,punct,"(44, 45)",),
15,מראה,VERB,VERB,"Gender=Fem|HebBinyan=HIFIL|Number=Sing|Person=1,2,3|VerbForm=Part|Voice=Act",0.0,root,"(46, 50)",הראה,
16,שינויים,NOUN,NOUN,Gender=Masc|Number=Plur,15.0,obj,"(51, 58)",שינוי,
17,(,PUNCT,PUNCT,,18.0,punct,"(59, 60)",(,
18,גרדיאנטים,NOUN,NOUN,Gender=Masc|Number=Plur,16.0,appos,"(60, 69)",גרדיאנט,
19,),PUNCT,PUNCT,,18.0,punct,"(69, 70)",),
20,מאד,ADV,ADV,,21.0,advmod,"(71, 74)",מאוד,
21,גדולים,ADJ,ADJ,Gender=Masc|Number=Plur,16.0,amod,"(75, 81)",גדול,
"(22, 23)",בלחץ,,,,,,"(82, 86)",,"[{'id': 22, 'text': 'ב', 'upos': 'ADP', 'xpos': 'ADP', 'head': 23, 'deprel': 'case', 'lemma': 'ב'}, {'id': 23, 'text': 'לחץ', 'upos': 'NOUN', 'xpos': 'NOUN', 'feats': 'Gender=Masc|Number=Sing', 'head': 16, 'deprel': 'nmod', 'lemma': 'לחץ'}]"
"(24, 25)",שניתן,,,,,,"(87, 92)",,"[{'id': 24, 'text': 'ש', 'upos': 'SCONJ', 'xpos': 'SCONJ', 'head': 25, 'deprel': 'mark', 'lemma': 'ש'}, {'id': 25, 'text': 'ניתן', 'upos': 'AUX', 'xpos': 'AUX', 'feats': 'Gender=Masc|Number=Sing|Person=1,2,3|VerbType=Mod', 'head': 26, 'deprel': 'aux', 'lemma': 'ניתן'}]"
"(26, 27)",לקבלם,,,,,,"(93, 98)",,"[{'id': 26, 'text': 'ל', 'upos': 'VERB', 'xpos': 'VERB', 'feats': 'HebBinyan=PIEL|VerbForm=Inf|Voice=Act', 'head': 23, 'deprel': 'acl:relcl', 'lemma': 'ל'}, {'id': 27, 'text': 'קבלם', 'upos': 'VERB', 'xpos': 'VERB', 'feats': 'HebBinyan=PIEL|VerbForm=Inf|Voice=Act', 'head': 26, 'deprel': 'obj', 'lemma': 'קבלם'}]"
"(28, 29)",בקלות,,,,,,"(99, 104)",,"[{'id': 28, 'text': 'ב', 'upos': 'ADP', 'xpos': 'ADP', 'head': 29, 'deprel': 'case', 'lemma': 'ב'}, {'id': 29, 'text': 'קלות', 'upos': 'NOUN', 'xpos': 'NOUN', 'feats': 'Gender=Fem|Number=Sing', 'head': 26, 'deprel': 'obl', 'lemma': 'קלות'}]"
"(30, 32)",בחישובים,,,,,,"(105, 113)",,"[{'id': 30, 'text': 'ב', 'upos': 'ADP', 'xpos': 'ADP', 'head': 32, 'deprel': 'case', 'lemma': 'ב'}, {'id': 31, 'text': 'ה_', 'upos': 'DET', 'xpos': 'DET', 'feats': 'PronType=Art', 'head': 32, 'deprel': 'det:def', 'lemma': 'ה'}, {'id': 32, 'text': 'חישובים', 'upos': 'NOUN', 'xpos': 'NOUN', 'feats': 'Gender=Masc|Number=Plur', 'head': 26, 'deprel': 'obl', 'lemma': 'חישוב'}]"
33,עבור,ADP,ADP,,34.0,case,"(114, 118)",עבור,
34,פילוג,NOUN,NOUN,Gender=Masc|Number=Sing,32.0,nmod,"(119, 124)",פילוג,
"(35, 36)",לחצים,,,,,,"(125, 130)",,"[{'id': 35, 'text': 'ל', 'upos': 'ADP', 'xpos': 'ADP', 'head': 36, 'deprel': 'case', 'lemma': 'ל'}, {'id': 36, 'text': 'חצים', 'upos': 'NOUN', 'xpos': 'NOUN', 'feats': 'Xtra=Junk', 'head': 34, 'deprel': 'nmod', 'lemma': 'חץ'}]"
37,של,ADP,ADP,Case=Gen,38.0,case:gen,"(131, 133)",של,
38,בעיה,NOUN,NOUN,Gender=Fem|Number=Sing,36.0,nmod:poss,"(134, 138)",בעיה,
39,הרמונית,ADJ,ADJ,Gender=Fem|Number=Sing,38.0,amod,"(139, 146)",הרמוני,
40,דו,ADV,ADV,Prefix=Yes,42.0,compound:affix,"(147, 149)",דו,
41,-,PUNCT,PUNCT,,42.0,punct,"(149, 150)",-,
42,ממדית,ADJ,ADJ,Gender=Fem|Number=Sing,38.0,amod,"(150, 155)",ממדי,
43,עם,ADP,ADP,,44.0,case,"(156, 158)",עם,
44,תדר,NOUN,NOUN,Definite=Cons|Gender=Masc|Number=Sing,38.0,nmod,"(159, 162)",תדר,
45,תהודה,NOUN,NOUN,Gender=Fem|Number=Sing,44.0,compound:smixut,"(163, 168)",תהודה,
46,",",PUNCT,PUNCT,,38.0,punct,"(168, 169)",",",
47,למשל,CCONJ,CCONJ,,38.0,appos,"(170, 174)",למשל,
48,",",PUNCT,PUNCT,,38.0,punct,"(174, 175)",",",
49,f=56,NUM,NUM,,45.0,dep,"(176, 180)",f=56,
1,7 Hz,NUM,NUM,,0.0,root,"(0, 4)",7 Hz,
1,3,NUM,NUM,,0.0,root,"(1, 2)",3,
1,4,NUM,NUM,,0.0,root,"(0, 1)",4,
1,מודל,NOUN,NOUN,Gender=Masc|Number=Sing,15.0,nsubj,"(1, 5)",מודל,
2,אלמנט סופי,ADJ,ADJ,Gender=Masc|Number=Sing,1.0,amod,"(6, 16)",אלמנט סופי,
"(3, 4)",לחישוב,,,,,,"(17, 23)",,"[{'id': 3, 'text': 'ל', 'upos': 'ADP', 'xpos': 'ADP', 'head': 4, 'deprel': 'case', 'lemma': 'ל'}, {'id': 4, 'text': 'חישוב', 'upos': 'NOUN', 'xpos': 'NOUN', 'feats': 'Definite=Cons|Gender=Masc|Number=Sing', 'head': 1, 'deprel': 'nmod', 'lemma': 'חישוב'}]"
5,הנחתה,NOUN,NOUN,Gender=Fem|Number=Sing,4.0,compound:smixut,"(24, 29)",הנחתה,
6,אקטיבית,ADJ,ADJ,Gender=Fem|Number=Sing,5.0,amod,"(30, 37)",אקטיבי,
"(7, 8)",בחדר,,,,,,"(38, 42)",,"[{'id': 7, 'text': 'ב', 'upos': 'ADP', 'xpos': 'ADP', 'head': 8, 'deprel': 'case', 'lemma': 'ב'}, {'id': 8, 'text': 'חדר', 'upos': 'NOUN', 'xpos': 'NOUN', 'feats': 'Definite=Cons|Gender=Masc|Number=Sing', 'head': 4, 'deprel': 'nmod', 'lemma': 'חדר'}]"
"(9, 10)",המודלים,,,,,,"(43, 50)",,"[{'id': 9, 'text': 'ה', 'upos': 'DET', 'xpos': 'DET', 'feats': 'PronType=Art', 'head': 10, 'deprel': 'det:def', 'lemma': 'ה'}, {'id': 10, 'text': 'מודלים', 'upos': 'NOUN', 'xpos': 'NOUN', 'feats': 'Gender=Masc|Number=Plur', 'head': 8, 'deprel': 'compound:smixut', 'lemma': 'מודל'}]"
"(11, 12)",החישוביים,,,,,,"(51, 60)",,"[{'id': 11, 'text': 'ה', 'upos': 'DET', 'xpos': 'DET', 'feats': 'PronType=Art', 'head': 12, 'deprel': 'det:def', 'lemma': 'ה'}, {'id': 12, 'text': 'חישוביים', 'upos': 'ADJ', 'xpos': 'ADJ', 'feats': 'Gender=Masc|Number=Plur', 'head': 10, 'deprel': 'amod', 'lemma': 'חישובי'}]"
"(13, 14)",שפתחנו,,,,,,"(61, 67)",,"[{'id': 13, 'text': 'ש', 'upos': 'SCONJ', 'xpos': 'SCONJ', 'head': 14, 'deprel': 'mark', 'lemma': 'ש'}, {'id': 14, 'text': 'פתחנו', 'upos': 'VERB', 'xpos': 'VERB', 'feats': 'Gender=Fem,Masc|HebBinyan=HIFIL|Number=Plur|Person=1|Tense=Past|Voice=Act', 'head': 10, 'deprel': 'acl:relcl', 'lemma': 'פתח'}]"
15,הראו,VERB,VERB,"Gender=Fem,Masc|HebBinyan=HIFIL|Number=Plur|Person=3|Tense=Past|Voice=Act",0.0,root,"(68, 72)",הראה,
"(16, 17)",שניתן,,,,,,"(73, 78)",,"[{'id': 16, 'text': 'ש', 'upos': 'SCONJ', 'xpos': 'SCONJ', 'head': 17, 'deprel': 'mark', 'lemma': 'ש'}, {'id': 17, 'text': 'ניתן', 'upos': 'AUX', 'xpos': 'AUX', 'feats': 'Gender=Masc|Number=Sing|Person=1,2,3|VerbType=Mod', 'head': 18, 'deprel': 'aux', 'lemma': 'ניתן'}]"
18,לקבל,VERB,VERB,HebBinyan=PIEL|VerbForm=Inf|Voice=Act,15.0,ccomp,"(79, 83)",קיבל,
19,את,ADP,ADP,Case=Acc,20.0,case:acc,"(84, 86)",את,
20,פילוג,NOUN,NOUN,Definite=Cons|Gender=Masc|Number=Sing,18.0,obj,"(87, 92)",פילוג,
"(21, 22)",הרעש,,,,,,"(93, 97)",,"[{'id': 21, 'text': 'ה', 'upos': 'DET', 'xpos': 'DET', 'feats': 'PronType=Art', 'head': 22, 'deprel': 'det:def', 'lemma': 'ה'}, {'id': 22, 'text': 'רעש', 'upos': 'NOUN', 'xpos': 'NOUN', 'feats': 'Gender=Masc|Number=Sing', 'head': 20, 'deprel': 'compound:smixut', 'lemma': 'רעש'}]"
"(23, 24)",בחדר,,,,,,"(98, 102)",,"[{'id': 23, 'text': 'ב', 'upos': 'ADP', 'xpos': 'ADP', 'head': 24, 'deprel': 'case', 'lemma': 'ב'}, {'id': 24, 'text': 'חדר', 'upos': 'NOUN', 'xpos': 'NOUN', 'feats': 'Gender=Masc|Number=Sing', 'head': 20, 'deprel': 'nmod', 'lemma': 'חדר'}]"
"(25, 27)",בקירוב,,,,,,"(103, 109)",,"[{'id': 25, 'text': 'ב', 'upos': 'ADP', 'xpos': 'ADP', 'head': 27, 'deprel': 'case', 'lemma': 'ב'}, {'id': 26, 'text': 'ה_', 'upos': 'DET', 'xpos': 'DET', 'feats': 'PronType=Art', 'head': 27, 'deprel': 'det:def', 'lemma': 'ה'}, {'id': 27, 'text': 'קירוב', 'upos': 'NOUN', 'xpos': 'NOUN', 'feats': 'Gender=Masc|Number=Sing', 'head': 20, 'deprel': 'nmod', 'lemma': 'קירוב'}]"
28,טוב,ADJ,ADJ,Gender=Masc|Number=Sing,15.0,ccomp,"(110, 113)",טוב,
29,מאוד,ADV,ADV,,28.0,advmod,"(114, 118)",מאוד,
"(30, 31)",למדידות,,,,,,"(119, 126)",,"[{'id': 30, 'text': 'ל', 'upos': 'ADP', 'xpos': 'ADP', 'head': 31, 'deprel': 'case', 'lemma': 'ל'}, {'id': 31, 'text': 'מדידות', 'upos': 'NOUN', 'xpos': 'NOUN', 'feats': 'Gender=Fem|Number=Plur', 'head': 28, 'deprel': 'obl', 'lemma': 'מדידה'}]"
"(32, 34)",בשטח,,,,,,"(127, 131)",,"[{'id': 32, 'text': 'ב', 'upos': 'ADP', 'xpos': 'ADP', 'head': 34, 'deprel': 'case', 'lemma': 'ב'}, {'id': 33, 'text': 'ה_', 'upos': 'DET', 'xpos': 'DET', 'feats': 'PronType=Art', 'head': 34, 'deprel': 'det:def', 'lemma': 'ה'}, {'id': 34, 'text': 'שטח', 'upos': 'NOUN', 'xpos': 'NOUN', 'feats': 'Gender=Masc|Number=Sing', 'head': 31, 'deprel': 'nmod', 'lemma': 'שטח'}]"
1,תוצאות,NOUN,NOUN,Gender=Fem|Number=Plur,3.0,nsubj,"(1, 7)",תוצאה,
2,אלו,PRON,PRON,"Gender=Fem,Masc|Number=Plur|Person=3|PronType=Dem",1.0,det,"(8, 11)",אלו,
3,עודדו,VERB,VERB,"Gender=Fem,Masc|HebBinyan=PIEL|Number=Plur|Person=3|Tense=Past|Voice=Act",0.0,root,"(12, 17)",עדד,
"(4, 5)",אותנו,,,,,,"(18, 23)",,"[{'id': 4, 'text': 'את_', 'upos': 'ADP', 'xpos': 'ADP', 'feats': 'Case=Acc', 'head': 5, 'deprel': 'case:acc', 'lemma': 'את'}, {'id': 5, 'text': '_אנחנו', 'upos': 'PRON', 'xpos': 'PRON', 'feats': 'Gender=Fem,Masc|Number=Plur|Person=1|PronType=Prs', 'head': 3, 'deprel': 'obj', 'lemma': 'הוא'}]"
6,להתחיל,VERB,VERB,VerbForm=Inf,3.0,xcomp,"(24, 30)",להתחיל,
"(7, 8)",בביצוע,,,,,,"(31, 37)",,"[{'id': 7, 'text': 'ב', 'upos': 'ADP', 'xpos': 'ADP', 'head': 8, 'deprel': 'case', 'lemma': 'ב'}, {'id': 8, 'text': 'ביצוע', 'upos': 'NOUN', 'xpos': 'NOUN', 'feats': 'Definite=Cons|Gender=Masc|Number=Sing', 'head': 6, 'deprel': 'obl', 'lemma': 'ביצוע'}]"
9,מודלים,NOUN,NOUN,Gender=Masc|Number=Plur,8.0,compound:smixut,"(38, 44)",מודל,
10,ממוחשבים,ADJ,ADJ,"Gender=Masc|HebBinyan=PUAL|Number=Plur|Person=1,2,3|VerbForm=Part|Voice=Pass",9.0,amod,"(45, 53)",ממוחשב,
"(11, 12)",לבדיקת,,,,,,"(54, 60)",,"[{'id': 11, 'text': 'ל', 'upos': 'ADP', 'xpos': 'ADP', 'head': 12, 'deprel': 'case', 'lemma': 'ל'}, {'id': 12, 'text': 'בדיקת', 'upos': 'NOUN', 'xpos': 'NOUN', 'feats': 'Definite=Cons|Gender=Fem|Number=Sing', 'head': 8, 'deprel': 'nmod', 'lemma': 'בדיקה'}]"
13,אפשרויות,NOUN,NOUN,Gender=Fem|Number=Plur,12.0,compound:smixut,"(61, 69)",אפשרות,
14,של,ADP,ADP,Case=Gen,15.0,case:gen,"(70, 72)",של,
15,הקטנת,NOUN,NOUN,Definite=Cons|Gender=Fem|Number=Sing,12.0,nmod:poss,"(73, 78)",הקטנה,
16,מטרדי,NOUN,NOUN,Definite=Cons|Gender=Masc|Number=Plur,15.0,compound:smixut,"(79, 84)",מטרד,
"(17, 18)",הרעש,,,,,,"(85, 89)",,"[{'id': 17, 'text': 'ה', 'upos': 'DET', 'xpos': 'DET', 'feats': 'PronType=Art', 'head': 18, 'deprel': 'det:def', 'lemma': 'ה'}, {'id': 18, 'text': 'רעש', 'upos': 'NOUN', 'xpos': 'NOUN', 'feats': 'Gender=Masc|Number=Sing', 'head': 16, 'deprel': 'compound:smixut', 'lemma': 'רעש'}]"
"(19, 20)",ממעבי,,,,,,"(90, 95)",,"[{'id': 19, 'text': 'מ', 'upos': 'ADP', 'xpos': 'ADP', 'head': 20, 'deprel': 'case', 'lemma': 'מ'}, {'id': 20, 'text': 'מעבי', 'upos': 'NOUN', 'xpos': 'NOUN', 'feats': 'Definite=Cons|Gender=Masc|Number=Sing', 'head': 15, 'deprel': 'nmod', 'lemma': 'מעבה'}]"
"(21, 22)",המזגנים,,,,,,"(96, 103)",,"[{'id': 21, 'text': 'ה', 'upos': 'DET', 'xpos': 'DET', 'feats': 'PronType=Art', 'head': 22, 'deprel': 'det:def', 'lemma': 'ה'}, {'id': 22, 'text': 'מזגנים', 'upos': 'NOUN', 'xpos': 'NOUN', 'feats': 'Gender=Masc|Number=Plur', 'head': 20, 'deprel': 'compound:smixut', 'lemma': 'מזגן'}]"
23,באמצעות,ADP,ADP,,24.0,case,"(104, 111)",באמצעות,
24,מקורות,NOUN,NOUN,Definite=Cons|Gender=Masc|Number=Plur,12.0,nmod,"(112, 118)",מקור,
25,רעש,NOUN,NOUN,Gender=Masc|Number=Sing,24.0,compound:smixut,"(119, 122)",רעש,
26,משניים,ADJ,ADJ,Gender=Masc|Number=Plur,24.0,amod,"(123, 129)",משני,
27,(,PUNCT,PUNCT,,28.0,punct,"(130, 131)",(,
28,יזומים,ADJ,ADJ,Gender=Masc|Number=Plur,24.0,appos,"(131, 137)",יזום,
29,),PUNCT,PUNCT,,28.0,punct,"(137, 138)",),
30,בתוך,ADP,ADP,,32.0,case,"(139, 143)",בתוך,
"(31, 32)",החדר,,,,,,"(144, 148)",,"[{'id': 31, 'text': 'ה', 'upos': 'DET', 'xpos': 'DET', 'feats': 'PronType=Art', 'head': 32, 'deprel': 'det:def', 'lemma': 'ה'}, {'id': 32, 'text': 'חדר', 'upos': 'NOUN', 'xpos': 'NOUN', 'feats': 'Gender=Masc|Number=Sing', 'head': 24, 'deprel': 'nmod', 'lemma': 'חדר'}]"
"(33, 34)",שיגרמו,,,,,,"(149, 155)",,"[{'id': 33, 'text': 'ש', 'upos': 'SCONJ', 'xpos': 'SCONJ', 'head': 34, 'deprel': 'mark', 'lemma': 'ש'}, {'id': 34, 'text': 'יגרמו', 'upos': 'VERB', 'xpos': 'VERB', 'feats': 'Gender=Fem,Masc|HebBinyan=PIEL|Number=Plur|Person=3|Tense=Fut|Voice=Act', 'head': 24, 'deprel': 'acl:relcl', 'lemma': 'גרם'}]"
"(35, 36)",להנחתה,,,,,,"(156, 162)",,"[{'id': 35, 'text': 'ל', 'upos': 'ADP', 'xpos': 'ADP', 'head': 36, 'deprel': 'case', 'lemma': 'ל'}, {'id': 36, 'text': 'הנחתה', 'upos': 'NOUN', 'xpos': 'NOUN', 'feats': 'Gender=Fem|Number=Sing', 'head': 34, 'deprel': 'obl', 'lemma': 'הנחתה'}]"
37,אקטיבית,ADJ,ADJ,Gender=Fem|Number=Sing,36.0,amod,"(163, 170)",אקטיבי,
1,כיון,SCONJ,SCONJ,,6.0,mark,"(1, 5)",כיון,
"(2, 3)",שנושא,,,,,,"(6, 11)",,"[{'id': 2, 'text': 'ש', 'upos': 'SCONJ', 'xpos': 'SCONJ', 'head': 1, 'deprel': 'fixed', 'lemma': 'ש'}, {'id': 3, 'text': 'נושא', 'upos': 'NOUN', 'xpos': 'NOUN', 'feats': 'Definite=Cons|Gender=Masc|Number=Sing', 'head': 6, 'deprel': 'nsubj', 'lemma': 'נושא'}]"
"(4, 5)",ההנחתה,,,,,,"(12, 18)",,"[{'id': 4, 'text': 'ה', 'upos': 'DET', 'xpos': 'DET', 'feats': 'PronType=Art', 'head': 5, 'deprel': 'det:def', 'lemma': 'ה'}, {'id': 5, 'text': 'הנחתה', 'upos': 'NOUN', 'xpos': 'NOUN', 'feats': 'Gender=Fem|Number=Sing', 'head': 3, 'deprel': 'compound:smixut', 'lemma': 'הנחתה'}]"
6,מכיל,VERB,VERB,"Gender=Masc|Number=Sing|Person=1,2,3|VerbForm=Part",11.0,advcl,"(19, 23)",הכיל,
"(7, 8)",בתוכו,,,,,,"(24, 29)",,"[{'id': 7, 'text': 'ב', 'upos': 'ADP', 'xpos': 'ADP', 'head': 8, 'deprel': 'case', 'lemma': 'ב'}, {'id': 8, 'text': 'תוכו', 'upos': 'NOUN', 'xpos': 'NOUN', 'feats': 'Gender=Masc|Number=Sing', 'head': 6, 'deprel': 'obl', 'lemma': 'תוכו'}]"
9,משתנים,NOUN,NOUN,Gender=Masc|Number=Plur,6.0,obj,"(30, 36)",משתנה,
10,רבים,ADJ,ADJ,Gender=Masc|Number=Plur,9.0,amod,"(37, 41)",רב,
11,בחרנו,VERB,VERB,"Gender=Fem,Masc|HebBinyan=HIFIL|Number=Plur|Person=1|Tense=Past|Voice=Act",0.0,root,"(42, 47)",בחר,
12,להתחיל,VERB,VERB,VerbForm=Inf,11.0,xcomp,"(48, 54)",להתחיל,
"(13, 14)",בחקירה,,,,,,"(55, 61)",,"[{'id': 13, 'text': 'ב', 'upos': 'ADP', 'xpos': 'ADP', 'head': 14, 'deprel': 'case', 'lemma': 'ב'}, {'id': 14, 'text': 'חקירה', 'upos': 'NOUN', 'xpos': 'NOUN', 'feats': 'Gender=Fem|Number=Sing', 'head': 12, 'deprel': 'obl', 'lemma': 'חקירה'}]"
"(15, 16)",בעזרת,,,,,,"(62, 67)",,"[{'id': 15, 'text': 'ב', 'upos': 'ADP', 'xpos': 'ADP', 'head': 16, 'deprel': 'case', 'lemma': 'ב'}, {'id': 16, 'text': 'עזרת', 'upos': 'NOUN', 'xpos': 'NOUN', 'feats': 'Definite=Cons|Gender=Fem|Number=Sing', 'head': 12, 'deprel': 'obl', 'lemma': 'עזרה'}]"
17,מודל,NOUN,NOUN,Gender=Masc|Number=Sing,16.0,compound:smixut,"(68, 72)",מודל,
18,חישובי,ADJ,ADJ,Gender=Masc|Number=Sing,17.0,amod,"(73, 79)",חישוב,
19,דו,ADV,ADV,Prefix=Yes,21.0,compound:affix,"(80, 82)",דו,
20,-,PUNCT,PUNCT,,21.0,punct,"(82, 83)",-,
21,ממדי,ADJ,ADJ,Gender=Masc|Number=Sing,17.0,amod,"(83, 87)",ממדי,
"(22, 23)",שהוכיח,,,,,,"(88, 94)",,"[{'id': 22, 'text': 'ש', 'upos': 'SCONJ', 'xpos': 'SCONJ', 'head': 23, 'deprel': 'mark', 'lemma': 'ש'}, {'id': 23, 'text': 'הוכיח', 'upos': 'VERB', 'xpos': 'VERB', 'feats': 'Gender=Masc|HebBinyan=HIFIL|Number=Sing|Person=3|Tense=Past|Voice=Act', 'head': 17, 'deprel': 'acl:relcl', 'lemma': 'הוכיח'}]"
24,את,ADP,ADP,Case=Acc,25.0,case:acc,"(95, 97)",את,
"(25, 27)",יעילותו,,,,,,"(98, 105)",,"[{'id': 25, 'text': 'יעילות_', 'upos': 'NOUN', 'xpos': 'NOUN', 'feats': 'Definite=Def|Gender=Fem|Number=Sing', 'head': 23, 'deprel': 'obj', 'lemma': 'יעילות'}, {'id': 26, 'text': '_של_', 'upos': 'ADP', 'xpos': 'ADP', 'head': 27, 'deprel': 'case:gen', 'lemma': 'של'}, {'id': 27, 'text': '_הוא', 'upos': 'PRON', 'xpos': 'PRON', 'feats': 'Case=Gen|Gender=Masc|Number=Sing|Person=3|PronType=Prs', 'head': 25, 'deprel': 'nmod:poss', 'lemma': 'הוא'}]"
28,(,PUNCT,PUNCT,,32.0,punct,"(106, 107)",(,
29,לפחות,ADV,ADV,,30.0,advmod,"(107, 112)",לפחות,
"(30, 32)",במישור,,,,,,"(113, 119)",,"[{'id': 30, 'text': 'ב', 'upos': 'ADP', 'xpos': 'ADP', 'head': 32, 'deprel': 'case', 'lemma': 'ב'}, {'id': 31, 'text': 'ה_', 'upos': 'DET', 'xpos': 'DET', 'feats': 'PronType=Art', 'head': 32, 'deprel': 'det:def', 'lemma': 'ה'}, {'id': 32, 'text': 'מישור', 'upos': 'NOUN', 'xpos': 'NOUN', 'feats': 'Gender=Masc|Number=Sing', 'head': 25, 'deprel': 'appos', 'lemma': 'מישור'}]"
"(33, 34)",הרעיוני,,,,,,"(120, 127)",,"[{'id': 33, 'text': 'ה', 'upos': 'DET', 'xpos': 'DET', 'feats': 'PronType=Art', 'head': 34, 'deprel': 'det:def', 'lemma': 'ה'}, {'id': 34, 'text': 'רעיוני', 'upos': 'ADJ', 'xpos': 'ADJ', 'feats': 'Gender=Masc|Number=Sing', 'head': 32, 'deprel': 'amod', 'lemma': 'רעיוני'}]"
35,),PUNCT,PUNCT,,32.0,punct,"(127, 128)",),
36,ללא,ADP,ADP,,37.0,case,"(129, 132)",ללא,
37,צורך,NOUN,NOUN,Gender=Masc|Number=Sing,23.0,obl,"(133, 137)",צורך,
"(38, 39)",במשאבי,,,,,,"(138, 144)",,"[{'id': 38, 'text': 'ב', 'upos': 'ADP', 'xpos': 'ADP', 'head': 39, 'deprel': 'case', 'lemma': 'ב'}, {'id': 39, 'text': 'משאבי', 'upos': 'NOUN', 'xpos': 'NOUN', 'feats': 'Definite=Cons|Gender=Masc|Number=Plur', 'head': 37, 'deprel': 'nmod', 'lemma': 'משאב'}]"
40,חישוב,NOUN,NOUN,Gender=Masc|Number=Sing,39.0,compound:smixut,"(145, 150)",חישוב,
41,כבדים,ADJ,ADJ,Gender=Masc|Number=Plur,39.0,amod,"(151, 156)",כבד,
"(42, 43)",וממושכים,,,,,,"(157, 165)",,"[{'id': 42, 'text': 'ו', 'upos': 'CCONJ', 'xpos': 'CCONJ', 'head': 43, 'deprel': 'cc', 'lemma': 'ו'}, {'id': 43, 'text': 'ממושכים', 'upos': 'ADJ', 'xpos': 'ADJ', 'feats': 'Gender=Masc|Number=Plur', 'head': 41, 'deprel': 'conj', 'lemma': 'ממושך'}]"
1,לאחר,ADP,ADP,,3.0,case,"(1, 5)",לאחר,
"(2, 3)",מכן,,,,,,"(6, 9)",,"[{'id': 2, 'text': 'מ', 'upos': 'ADP', 'xpos': 'ADP', 'head': 3, 'deprel': 'case', 'lemma': 'מ'}, {'id': 3, 'text': 'כן', 'upos': 'ADV', 'xpos': 'ADV', 'head': 4, 'deprel': 'advmod', 'lemma': 'כן'}]"
4,הרחבנו,VERB,VERB,"Gender=Fem,Masc|HebBinyan=HIFIL|Number=Plur|Person=1|Tense=Past|Voice=Act",0.0,root,"(10, 16)",הרחיב,
5,את,ADP,ADP,Case=Acc,7.0,case:acc,"(17, 19)",את,
"(6, 7)",הסימולציות,,,,,,"(20, 30)",,"[{'id': 6, 'text': 'ה', 'upos': 'DET', 'xpos': 'DET', 'feats': 'PronType=Art', 'head': 7, 'deprel': 'det:def', 'lemma': 'ה'}, {'id': 7, 'text': 'סימולציות', 'upos': 'NOUN', 'xpos': 'NOUN', 'feats': 'Gender=Fem|Number=Plur', 'head': 4, 'deprel': 'obj', 'lemma': 'סימולציה'}]"
"(8, 10)",למודל,,,,,,"(31, 36)",,"[{'id': 8, 'text': 'ל', 'upos': 'ADP', 'xpos': 'ADP', 'head': 10, 'deprel': 'case', 'lemma': 'ל'}, {'id': 9, 'text': 'ה_', 'upos': 'DET', 'xpos': 'DET', 'feats': 'PronType=Art', 'head': 10, 'deprel': 'det:def', 'lemma': 'ה'}, {'id': 10, 'text': 'מודל', 'upos': 'NOUN', 'xpos': 'NOUN', 'feats': 'Gender=Masc|Number=Sing', 'head': 4, 'deprel': 'obl', 'lemma': 'מודל'}]"
11,תלת,ADV,ADV,Prefix=Yes,13.0,compound:affix,"(37, 40)",תלת,
12,-,PUNCT,PUNCT,,13.0,punct,"(40, 41)",-,
13,ממדי,ADJ,ADJ,Gender=Masc|Number=Sing,10.0,amod,"(41, 45)",ממדי,
1,3,NUM,NUM,,0.0,root,"(1, 2)",3,
1,4,NUM,NUM,,0.0,root,"(0, 1)",4,
1,1,NUM,NUM,,0.0,root,"(0, 1)",1,
1,מודל,NOUN,NOUN,Gender=Masc|Number=Sing,11.0,obj,"(1, 5)",מודל,
2,דו,ADV,ADV,Prefix=Yes,3.0,compound:affix,"(6, 8)",דו,
3,־ממדי,ADJ,ADJ,Gender=Masc|Number=Sing,1.0,amod,"(8, 13)",־ממדי,
"(4, 5)",להנחתת,,,,,,"(14, 20)",,"[{'id': 4, 'text': 'ל', 'upos': 'ADP', 'xpos': 'ADP', 'head': 5, 'deprel': 'case', 'lemma': 'ל'}, {'id': 5, 'text': 'הנחתת', 'upos': 'NOUN', 'xpos': 'NOUN', 'feats': 'Definite=Cons|Gender=Fem|Number=Sing', 'head': 1, 'deprel': 'nmod', 'lemma': 'הנחתה'}]"
6,רעש,NOUN,NOUN,Gender=Masc|Number=Sing,5.0,compound:smixut,"(21, 24)",רעש,
7,אקטיבית,ADJ,ADJ,Gender=Fem|Number=Sing,5.0,amod,"(25, 32)",אקטיבי,
"(8, 9)",בחקירה,,,,,,"(33, 39)",,"[{'id': 8, 'text': 'ב', 'upos': 'ADP', 'xpos': 'ADP', 'head': 9, 'deprel': 'case', 'lemma': 'ב'}, {'id': 9, 'text': 'חקירה', 'upos': 'NOUN', 'xpos': 'NOUN', 'feats': 'Gender=Fem|Number=Sing', 'head': 1, 'deprel': 'nmod', 'lemma': 'חקירה'}]"
10,זו,PRON,PRON,Gender=Fem|Number=Sing|Person=3|PronType=Dem,9.0,det,"(40, 42)",זו,
11,בחרנו,VERB,VERB,"Gender=Fem,Masc|HebBinyan=HIFIL|Number=Plur|Person=1|Tense=Past|Voice=Act",0.0,root,"(43, 48)",בחר,
"(12, 14)",במודל,,,,,,"(49, 54)",,"[{'id': 12, 'text': 'ב', 'upos': 'ADP', 'xpos': 'ADP', 'head': 14, 'deprel': 'case', 'lemma': 'ב'}, {'id': 13, 'text': 'ה_', 'upos': 'DET', 'xpos': 'DET', 'feats': 'PronType=Art', 'head': 14, 'deprel': 'det:def', 'lemma': 'ה'}, {'id': 14, 'text': 'מודל', 'upos': 'NOUN', 'xpos': 'NOUN', 'feats': 'Gender=Masc|Number=Sing', 'head': 11, 'deprel': 'obl', 'lemma': 'מודל'}]"
"(15, 16)",הדו,,,,,,"(55, 58)",,"[{'id': 15, 'text': 'ה', 'upos': 'DET', 'xpos': 'DET', 'feats': 'PronType=Art', 'head': 18, 'deprel': 'det:def', 'lemma': 'ה'}, {'id': 16, 'text': 'דו', 'upos': 'ADV', 'xpos': 'ADV', 'feats': 'Prefix=Yes', 'head': 18, 'deprel': 'compound:affix', 'lemma': 'דו'}]"
17,-,PUNCT,PUNCT,,18.0,punct,"(58, 59)",-,
18,ממדי,ADJ,ADJ,Gender=Masc|Number=Sing,14.0,amod,"(59, 63)",ממדי,
"(19, 20)",שתואר,,,,,,"(64, 69)",,"[{'id': 19, 'text': 'ש', 'upos': 'SCONJ', 'xpos': 'SCONJ', 'head': 20, 'deprel': 'mark', 'lemma': 'ש'}, {'id': 20, 'text': 'תואר', 'upos': 'VERB', 'xpos': 'VERB', 'feats': 'Gender=Masc|HebBinyan=PUAL|Number=Sing|Person=3|Tense=Past|Voice=Pass', 'head': 14, 'deprel': 'acl:relcl', 'lemma': 'תואר'}]"
21,לעיל,ADV,ADV,,20.0,advmod,"(70, 74)",לעיל,
22,",",PUNCT,PUNCT,,11.0,punct,"(74, 75)",",",
23,כלומר,CCONJ,CCONJ,,25.0,dep,"(76, 81)",כלומר,
24,",",PUNCT,PUNCT,,25.0,punct,"(81, 82)",",",
25,חדר,NOUN,NOUN,Gender=Masc|Number=Sing,14.0,appos,"(83, 86)",חדר,
"(26, 27)",בגודל,,,,,,"(87, 92)",,"[{'id': 26, 'text': 'ב', 'upos': 'ADP', 'xpos': 'ADP', 'head': 27, 'deprel': 'case', 'lemma': 'ב'}, {'id': 27, 'text': 'גודל', 'upos': 'NOUN', 'xpos': 'NOUN', 'feats': 'Definite=Cons|Gender=Masc|Number=Sing', 'head': 25, 'deprel': 'nmod', 'lemma': 'גודל'}]"
"(28, 29)",3x3,,,,,,"(93, 96)",,"[{'id': 28, 'text': '3', 'upos': 'NUM', 'xpos': 'NUM', 'head': 27, 'deprel': 'compound:smixut', 'lemma': '3'}, {'id': 29, 'text': 'ח3', 'upos': 'NUM', 'xpos': 'NUM', 'head': 30, 'deprel': 'nummod', 'lemma': 'ח3'}]"
30,m,NOUN,NOUN,,27.0,nmod,"(97, 98)",m,
"(31, 32)",ומקדם,,,,,,"(99, 104)",,"[{'id': 31, 'text': 'ו', 'upos': 'CCONJ', 'xpos': 'CCONJ', 'head': 32, 'deprel': 'cc', 'lemma': 'ו'}, {'id': 32, 'text': 'מקדם', 'upos': 'NOUN', 'xpos': 'NOUN', 'feats': 'Definite=Cons|Gender=Masc|Number=Sing', 'head': 25, 'deprel': 'conj', 'lemma': 'מקדם'}]"
33,ספיגה,NOUN,NOUN,Gender=Fem|Number=Sing,32.0,compound:smixut,"(105, 110)",ספיגה,
34,של,ADP,ADP,Case=Gen,35.0,case:gen,"(111, 113)",של,
35,0,NUM,NUM,,33.0,nmod:poss,"(114, 115)",0,
1,6=H,NUM,NUM,,0.0,root,"(0, 3)",6=H,
"(2, 3)",בשפות,,,,,,"(4, 9)",,"[{'id': 2, 'text': 'ב', 'upos': 'ADP', 'xpos': 'ADP', 'head': 3, 'deprel': 'case', 'lemma': 'ב'}, {'id': 3, 'text': 'שפות', 'upos': 'NOUN', 'xpos': 'NOUN', 'feats': 'Gender=Fem|Number=Plur', 'head': 1, 'deprel': 'obl', 'lemma': 'שפה'}]"
"(1, 2)",החלון,,,,,,"(1, 6)",,"[{'id': 1, 'text': 'ה', 'upos': 'DET', 'xpos': 'DET', 'feats': 'PronType=Art', 'head': 2, 'deprel': 'det:def', 'lemma': 'ה'}, {'id': 2, 'text': 'חלון', 'upos': 'NOUN', 'xpos': 'NOUN', 'feats': 'Gender=Masc|Number=Sing', 'head': 3, 'deprel': 'nsubj', 'lemma': 'חלון'}]"
3,מוקם,VERB,VERB,"Gender=Masc|HebBinyan=HUFAL|Number=Sing|Person=1,2,3|VerbForm=Part|Voice=Pass",0.0,root,"(7, 11)",הוקם,
4,ב־,ADP,ADP,,5.0,case,"(12, 14)",ב־,
5,x,PROPN,PROPN,,3.0,obl,"(15, 16)",x,
6,=,PUNCT,PUNCT,,5.0,punct,"(16, 17)",=,
7,0,NUM,NUM,,8.0,nummod,"(18, 19)",0,
8,m,NOUN,NOUN,,5.0,nummod,"(20, 21)",m,
9,ו,CCONJ,CCONJ,,11.0,cc,"(22, 23)",ו,
10,-,PUNCT,PUNCT,,5.0,punct,"(23, 24)",-,
11,y,PROPN,PROPN,HebSource=ConvUncertainHead,5.0,dep,"(25, 26)",y,
12,=,PUNCT,PUNCT,,11.0,punct,"(26, 27)",=,
13,1,NUM,NUM,,11.0,nummod,"(28, 29)",1,
1,54,NUM,NUM,,0.0,root,"(0, 2)",54,
2,-,PUNCT,PUNCT,,1.0,punct,"(2, 3)",-,
3,2,NUM,NUM,,1.0,nummod,"(3, 4)",2,
1,25 m,NUM,NUM,,0.0,root,"(0, 4)",25 m,
1,נבחרה,VERB,VERB,Gender=Fem|HebBinyan=NIFAL|Number=Sing|Person=3|Tense=Past|Voice=Mid,0.0,root,"(1, 6)",נבחר,
2,רשת,NOUN,NOUN,Gender=Fem|Number=Sing,1.0,nsubj,"(7, 10)",רשת,
3,אחידה,ADJ,ADJ,Gender=Fem|Number=Sing,2.0,amod,"(11, 16)",אחיד,
4,עם,ADP,ADP,,5.0,case,"(17, 19)",עם,
5,אלמנטים,NOUN,NOUN,Gender=Masc|Number=Plur,2.0,nmod,"(20, 27)",אלמנט,
"(6, 7)",בגודל,,,,,,"(28, 33)",,"[{'id': 6, 'text': 'ב', 'upos': 'ADP', 'xpos': 'ADP', 'head': 7, 'deprel': 'case', 'lemma': 'ב'}, {'id': 7, 'text': 'גודל', 'upos': 'NOUN', 'xpos': 'NOUN', 'feats': 'Gender=Masc|Number=Sing', 'head': 2, 'deprel': 'nmod', 'lemma': 'גודל'}]"
8,של,ADP,ADP,Case=Gen,9.0,case:gen,"(34, 36)",של,
9,0,NUM,NUM,,7.0,nmod:poss,"(37, 38)",0,
1,25x0,NUM,NUM,,0.0,root,"(0, 4)",25x0,
1,25 m,NUM,NUM,,0.0,root,"(0, 4)",25 m,
1,תחילה,ADV,ADV,,2.0,advmod,"(1, 6)",תחילה,
2,הרצנו,VERB,VERB,"Gender=Fem,Masc|HebBinyan=HIFIL|Number=Plur|Person=1|Tense=Past|Voice=Act",0.0,root,"(7, 12)",הרצן,
3,את,ADP,ADP,Case=Acc,5.0,case:acc,"(13, 15)",את,
"(4, 5)",המודל,,,,,,"(16, 21)",,"[{'id': 4, 'text': 'ה', 'upos': 'DET', 'xpos': 'DET', 'feats': 'PronType=Art', 'head': 5, 'deprel': 'det:def', 'lemma': 'ה'}, {'id': 5, 'text': 'מודל', 'upos': 'NOUN', 'xpos': 'NOUN', 'feats': 'Gender=Masc|Number=Sing', 'head': 2, 'deprel': 'obj', 'lemma': 'מודל'}]"
6,עם,ADP,ADP,,7.0,case,"(22, 24)",עם,
7,רעש,NOUN,NOUN,Definite=Cons|Gender=Masc|Number=Sing,2.0,obl,"(25, 28)",רעש,
"(8, 9)",המקור,,,,,,"(29, 34)",,"[{'id': 8, 'text': 'ה', 'upos': 'DET', 'xpos': 'DET', 'feats': 'PronType=Art', 'head': 9, 'deprel': 'det:def', 'lemma': 'ה'}, {'id': 9, 'text': 'מקור', 'upos': 'NOUN', 'xpos': 'NOUN', 'feats': 'Gender=Masc|Number=Sing', 'head': 7, 'deprel': 'compound:smixut', 'lemma': 'מקור'}]"
"(10, 11)",הראשוני,,,,,,"(35, 42)",,"[{'id': 10, 'text': 'ה', 'upos': 'DET', 'xpos': 'DET', 'feats': 'PronType=Art', 'head': 11, 'deprel': 'det:def', 'lemma': 'ה'}, {'id': 11, 'text': 'ראשוני', 'upos': 'ADJ', 'xpos': 'ADJ', 'feats': 'Gender=Masc|Number=Sing', 'head': 7, 'deprel': 'amod', 'lemma': 'ראשוני'}]"
12,בלבד,ADV,ADV,,7.0,advmod,"(43, 47)",בלבד,
13,(,PUNCT,PUNCT,,15.0,punct,"(48, 49)",(,
"(14, 15)",בעוצמה,,,,,,"(49, 55)",,"[{'id': 14, 'text': 'ב', 'upos': 'ADP', 'xpos': 'ADP', 'head': 15, 'deprel': 'case', 'lemma': 'ב'}, {'id': 15, 'text': 'עוצמה', 'upos': 'NOUN', 'xpos': 'NOUN', 'feats': 'Gender=Fem|Number=Sing', 'head': 7, 'deprel': 'appos', 'lemma': 'עוצמה'}]"
16,של,ADP,ADP,Case=Gen,17.0,case:gen,"(56, 58)",של,
17,0,NUM,NUM,,15.0,nmod:poss,"(59, 60)",0,
1,0205,NUM,NUM,,2.0,nummod,"(0, 4)",0205,
2,Pa,NOUN,NOUN,,0.0,root,"(5, 7)",Pa,
3,),PUNCT,PUNCT,,2.0,punct,"(7, 8)",),
1,לאחר,ADP,ADP,,3.0,case,"(1, 5)",לאחר,
"(2, 3)",מכן,,,,,,"(6, 9)",,"[{'id': 2, 'text': 'מ', 'upos': 'ADP', 'xpos': 'ADP', 'head': 3, 'deprel': 'case', 'lemma': 'מ'}, {'id': 3, 'text': 'כן', 'upos': 'ADV', 'xpos': 'ADV', 'head': 4, 'deprel': 'advmod', 'lemma': 'כן'}]"
4,הרצנו,VERB,VERB,"Gender=Fem,Masc|HebBinyan=PAAL|Number=Plur|Person=1|Tense=Past|Voice=Act",0.0,root,"(10, 15)",הרצן,
5,את,ADP,ADP,Case=Acc,7.0,case:acc,"(16, 18)",את,
"(6, 7)",המודל,,,,,,"(19, 24)",,"[{'id': 6, 'text': 'ה', 'upos': 'DET', 'xpos': 'DET', 'feats': 'PronType=Art', 'head': 7, 'deprel': 'det:def', 'lemma': 'ה'}, {'id': 7, 'text': 'מודל', 'upos': 'NOUN', 'xpos': 'NOUN', 'feats': 'Gender=Masc|Number=Sing', 'head': 4, 'deprel': 'obj', 'lemma': 'מודל'}]"
8,עם,ADP,ADP,,9.0,case,"(25, 27)",עם,
9,מקור,NOUN,NOUN,Definite=Cons|Gender=Masc|Number=Sing,7.0,nmod,"(28, 32)",מקור,
"(10, 11)",הרעש,,,,,,"(33, 37)",,"[{'id': 10, 'text': 'ה', 'upos': 'DET', 'xpos': 'DET', 'feats': 'PronType=Art', 'head': 11, 'deprel': 'det:def', 'lemma': 'ה'}, {'id': 11, 'text': 'רעש', 'upos': 'NOUN', 'xpos': 'NOUN', 'feats': 'Gender=Masc|Number=Sing', 'head': 9, 'deprel': 'compound:smixut', 'lemma': 'רעש'}]"
"(12, 13)",הראשוני,,,,,,"(38, 45)",,"[{'id': 12, 'text': 'ה', 'upos': 'DET', 'xpos': 'DET', 'feats': 'PronType=Art', 'head': 13, 'deprel': 'det:def', 'lemma': 'ה'}, {'id': 13, 'text': 'ראשוני', 'upos': 'ADJ', 'xpos': 'ADJ', 'feats': 'Gender=Masc|Number=Sing', 'head': 11, 'deprel': 'amod', 'lemma': 'ראשוני'}]"
"(14, 16)",והמשני,,,,,,"(46, 52)",,"[{'id': 14, 'text': 'ו', 'upos': 'CCONJ', 'xpos': 'CCONJ', 'head': 16, 'deprel': 'cc', 'lemma': 'ו'}, {'id': 15, 'text': 'ה', 'upos': 'DET', 'xpos': 'DET', 'feats': 'PronType=Art', 'head': 16, 'deprel': 'det:def', 'lemma': 'ה'}, {'id': 16, 'text': 'משני', 'upos': 'ADJ', 'xpos': 'ADJ', 'feats': 'Gender=Masc|Number=Sing', 'head': 13, 'deprel': 'conj', 'lemma': 'משני'}]"
17,גם,ADV,ADV,,9.0,advmod,"(53, 55)",גם,
18,יחד,ADV,ADV,,17.0,advmod,"(56, 59)",יחד,
1,מידת,NOUN,NOUN,Definite=Cons|Gender=Fem|Number=Sing,4.0,nsubj,"(1, 5)",מידה,
"(2, 3)",ההנחתה,,,,,,"(6, 12)",,"[{'id': 2, 'text': 'ה', 'upos': 'DET', 'xpos': 'DET', 'feats': 'PronType=Art', 'head': 3, 'deprel': 'det:def', 'lemma': 'ה'}, {'id': 3, 'text': 'הנחתה', 'upos': 'NOUN', 'xpos': 'NOUN', 'feats': 'Gender=Fem|Number=Sing', 'head': 1, 'deprel': 'compound:smixut', 'lemma': 'הנחתה'}]"
4,נבדקה,VERB,VERB,Gender=Fem|HebBinyan=NIFAL|Number=Sing|Person=3|Tense=Past|Voice=Mid,0.0,root,"(13, 18)",נבדק,
5,ע״י,ADP,ADP,Abbr=Yes,7.0,case,"(19, 22)",ע״י,
"(6, 7)",החסרת,,,,,,"(23, 28)",,"[{'id': 6, 'text': 'ה', 'upos': 'DET', 'xpos': 'DET', 'feats': 'PronType=Art', 'head': 7, 'deprel': 'det:def', 'lemma': 'ה'}, {'id': 7, 'text': 'חסרת', 'upos': 'NOUN', 'xpos': 'NOUN', 'feats': 'Definite=Cons|Gender=Fem|Number=Sing', 'head': 4, 'deprel': 'obl', 'lemma': 'חסר'}]"
8,עוצמת,NOUN,NOUN,Definite=Cons|Gender=Fem|Number=Sing,7.0,compound:smixut,"(29, 34)",עוצמה,
"(9, 10)",הרעש,,,,,,"(35, 39)",,"[{'id': 9, 'text': 'ה', 'upos': 'DET', 'xpos': 'DET', 'feats': 'PronType=Art', 'head': 10, 'deprel': 'det:def', 'lemma': 'ה'}, {'id': 10, 'text': 'רעש', 'upos': 'NOUN', 'xpos': 'NOUN', 'feats': 'Gender=Masc|Number=Sing', 'head': 8, 'deprel': 'compound:smixut', 'lemma': 'רעש'}]"
"(11, 13)",בדציבלים,,,,,,"(40, 48)",,"[{'id': 11, 'text': 'ב', 'upos': 'ADP', 'xpos': 'ADP', 'head': 13, 'deprel': 'case', 'lemma': 'ב'}, {'id': 12, 'text': 'ה_', 'upos': 'DET', 'xpos': 'DET', 'feats': 'PronType=Art', 'head': 13, 'deprel': 'det:def', 'lemma': 'ה'}, {'id': 13, 'text': 'דציבלים', 'upos': 'NOUN', 'xpos': 'NOUN', 'feats': 'Xtra=Junk', 'head': 8, 'deprel': 'nmod', 'lemma': 'דציבל'}]"
"(14, 15)",למקרה,,,,,,"(49, 54)",,"[{'id': 14, 'text': 'ל', 'upos': 'ADP', 'xpos': 'ADP', 'head': 15, 'deprel': 'case', 'lemma': 'ל'}, {'id': 15, 'text': 'מקרה', 'upos': 'NOUN', 'xpos': 'NOUN', 'feats': 'Gender=Masc|Number=Sing', 'head': 7, 'deprel': 'dep', 'lemma': 'מקרה'}]"
16,עם,ADP,ADP,,17.0,case,"(55, 57)",עם,
17,רעש,NOUN,NOUN,Gender=Masc|Number=Sing,15.0,nmod,"(58, 61)",רעש,
18,משני,ADJ,ADJ,,17.0,amod,"(62, 66)",משני,
"(19, 20)",מזו,,,,,,"(67, 70)",,"[{'id': 19, 'text': 'מ', 'upos': 'ADP', 'xpos': 'ADP', 'head': 20, 'deprel': 'case', 'lemma': 'מ'}, {'id': 20, 'text': 'זו', 'upos': 'PRON', 'xpos': 'PRON', 'feats': 'Gender=Fem|Number=Sing|Person=3|PronType=Dem', 'head': 17, 'deprel': 'nmod', 'lemma': 'זו'}]"
21,ללא,ADP,ADP,,23.0,case,"(71, 74)",ללא,
22,כל,DET,DET,Definite=Cons,23.0,det,"(75, 77)",כול,
23,רעש,NOUN,NOUN,Gender=Masc|Number=Sing,17.0,nmod,"(78, 81)",רעש,
24,יזום,ADJ,ADJ,Gender=Masc|Number=Sing,23.0,amod,"(82, 86)",יזום,
25,פרט,VERB,VERB,HebSource=ConvUncertainHead,27.0,case,"(87, 90)",פרט,
"(26, 27)",למקור,,,,,,"(91, 96)",,"[{'id': 26, 'text': 'ל', 'upos': 'ADP', 'xpos': 'ADP', 'head': 25, 'deprel': 'fixed', 'lemma': 'ל'}, {'id': 27, 'text': 'מקור', 'upos': 'NOUN', 'xpos': 'NOUN', 'feats': 'Gender=Masc|Number=Sing', 'head': 23, 'deprel': 'nmod', 'lemma': 'מקור'}]"
"(28, 29)",הראשוני,,,,,,"(97, 104)",,"[{'id': 28, 'text': 'ה', 'upos': 'DET', 'xpos': 'DET', 'feats': 'PronType=Art', 'head': 29, 'deprel': 'det:def', 'lemma': 'ה'}, {'id': 29, 'text': 'ראשוני', 'upos': 'ADJ', 'xpos': 'ADJ', 'feats': 'Gender=Masc|Number=Sing', 'head': 27, 'deprel': 'amod', 'lemma': 'ראשוני'}]"
1,כימות,NOUN,NOUN,Definite=Cons|Gender=Masc|Number=Sing,4.0,nsubj,"(1, 6)",כימות,
"(2, 3)",ההנחתה,,,,,,"(7, 13)",,"[{'id': 2, 'text': 'ה', 'upos': 'DET', 'xpos': 'DET', 'feats': 'PronType=Art', 'head': 3, 'deprel': 'det:def', 'lemma': 'ה'}, {'id': 3, 'text': 'הנחתה', 'upos': 'NOUN', 'xpos': 'NOUN', 'feats': 'Gender=Fem|Number=Sing', 'head': 1, 'deprel': 'compound:smixut', 'lemma': 'הנחתה'}]"
4,נעשה,VERB,VERB,Gender=Masc|HebBinyan=NIFAL|Number=Sing|Person=3|Tense=Past|Voice=Mid,0.0,root,"(14, 18)",נעשה,
5,ע״י,ADP,ADP,Abbr=Yes,6.0,case,"(19, 22)",ע״י,
6,בדיקת,NOUN,NOUN,Definite=Cons|Gender=Fem|Number=Sing,4.0,obl,"(23, 28)",בדיקה,
"(7, 8)",הערכים,,,,,,"(29, 35)",,"[{'id': 7, 'text': 'ה', 'upos': 'DET', 'xpos': 'DET', 'feats': 'PronType=Art', 'head': 8, 'deprel': 'det:def', 'lemma': 'ה'}, {'id': 8, 'text': 'ערכים', 'upos': 'NOUN', 'xpos': 'NOUN', 'feats': 'Gender=Masc|Number=Plur', 'head': 6, 'deprel': 'compound:smixut', 'lemma': 'ערך'}]"
"(9, 10)",השליליים,,,,,,"(36, 44)",,"[{'id': 9, 'text': 'ה', 'upos': 'DET', 'xpos': 'DET', 'feats': 'PronType=Art', 'head': 10, 'deprel': 'det:def', 'lemma': 'ה'}, {'id': 10, 'text': 'שליליים', 'upos': 'ADJ', 'xpos': 'ADJ', 'feats': 'Gender=Masc|Number=Plur', 'head': 8, 'deprel': 'amod', 'lemma': 'שלילי'}]"
"(11, 12)",שמתקבלים,,,,,,"(45, 53)",,"[{'id': 11, 'text': 'ש', 'upos': 'SCONJ', 'xpos': 'SCONJ', 'head': 12, 'deprel': 'mark', 'lemma': 'ש'}, {'id': 12, 'text': 'מתקבלים', 'upos': 'VERB', 'xpos': 'VERB', 'feats': 'Gender=Masc|HebBinyan=HITPAEL|Number=Plur|Person=1,2,3|VerbForm=Part', 'head': 8, 'deprel': 'acl:relcl', 'lemma': 'התקבל'}]"
1,הפעלת,NOUN,NOUN,Definite=Cons|Gender=Fem|Number=Sing,6.0,nsubj,"(1, 6)",הפעלה,
2,מקור,NOUN,NOUN,Definite=Cons|Gender=Masc|Number=Sing,1.0,compound:smixut,"(7, 11)",מקור,
3,רעש,NOUN,NOUN,Gender=Masc|Number=Sing,2.0,compound:smixut,"(12, 15)",רעש,
"(4, 5)",משני,,,,,,"(16, 20)",,"[{'id': 4, 'text': 'מ', 'upos': 'ADP', 'xpos': 'ADP', 'head': 5, 'deprel': 'case', 'lemma': 'מ'}, {'id': 5, 'text': 'שני', 'upos': 'NUM', 'xpos': 'NUM', 'feats': 'Gender=Masc|Number=Sing', 'head': 1, 'deprel': 'nmod', 'lemma': 'שני'}]"
6,תלויה,VERB,VERB,"Gender=Fem|HebBinyan=PAAL|Number=Sing|Person=1,2,3|VerbForm=Part|Voice=Act",0.0,root,"(21, 26)",תלה,
"(7, 8)",במספר,,,,,,"(27, 32)",,"[{'id': 7, 'text': 'ב', 'upos': 'ADP', 'xpos': 'ADP', 'head': 8, 'deprel': 'case', 'lemma': 'ב'}, {'id': 8, 'text': 'מספר', 'upos': 'NOUN', 'xpos': 'NOUN', 'feats': 'Gender=Masc|Number=Sing', 'head': 6, 'deprel': 'obl', 'lemma': 'מספר'}]"
9,לא מבוטל,VERB,VERB,Gender=Masc|Number=Sing,8.0,amod,"(33, 41)",אקמבוטל,
10,של,ADP,ADP,Case=Gen,11.0,case:gen,"(42, 44)",של,
11,משתנים,NOUN,NOUN,Gender=Masc|Number=Plur,8.0,nmod,"(45, 51)",משתנה,
"(12, 13)",שקובעים,,,,,,"(52, 59)",,"[{'id': 12, 'text': 'ש', 'upos': 'SCONJ', 'xpos': 'SCONJ', 'head': 13, 'deprel': 'mark', 'lemma': 'ש'}, {'id': 13, 'text': 'קובעים', 'upos': 'VERB', 'xpos': 'VERB', 'feats': 'Gender=Masc|HebBinyan=PAAL|Number=Plur|Person=1,2,3|VerbForm=Part|Voice=Act', 'head': 11, 'deprel': 'acl:relcl', 'lemma': 'קבע'}]"
14,את,ADP,ADP,Case=Acc,15.0,case:acc,"(60, 62)",את,
15,מידת,NOUN,NOUN,Definite=Cons|Gender=Fem|Number=Sing,13.0,obj,"(63, 67)",מידה,
"(16, 17)",ההנחתה,,,,,,"(68, 74)",,"[{'id': 16, 'text': 'ה', 'upos': 'DET', 'xpos': 'DET', 'feats': 'PronType=Art', 'head': 17, 'deprel': 'det:def', 'lemma': 'ה'}, {'id': 17, 'text': 'הנחתה', 'upos': 'NOUN', 'xpos': 'NOUN', 'feats': 'Gender=Fem|Number=Sing', 'head': 15, 'deprel': 'compound:smixut', 'lemma': 'הנחתה'}]"
18,(,PUNCT,PUNCT,,20.0,punct,"(75, 76)",(,
"(19, 20)",לטוב,,,,,,"(76, 80)",,"[{'id': 19, 'text': 'ל', 'upos': 'ADP', 'xpos': 'ADP', 'head': 20, 'deprel': 'case', 'lemma': 'ל'}, {'id': 20, 'text': 'טוב', 'upos': 'NOUN', 'xpos': 'NOUN', 'feats': 'Gender=Masc|Number=Sing', 'head': 15, 'deprel': 'appos', 'lemma': 'טוב'}]"
"(21, 22)",ולרע,,,,,,"(81, 85)",,"[{'id': 21, 'text': 'ו', 'upos': 'CCONJ', 'xpos': 'CCONJ', 'head': 22, 'deprel': 'cc', 'lemma': 'ו'}, {'id': 22, 'text': 'לרע', 'upos': 'VERB', 'xpos': 'VERB', 'head': 20, 'deprel': 'conj', 'lemma': 'לרע'}]"
23,),PUNCT,PUNCT,,20.0,punct,"(85, 86)",),
"(24, 25)",במרחב,,,,,,"(87, 92)",,"[{'id': 24, 'text': 'ב', 'upos': 'ADP', 'xpos': 'ADP', 'head': 25, 'deprel': 'case', 'lemma': 'ב'}, {'id': 25, 'text': 'מרחב', 'upos': 'NOUN', 'xpos': 'NOUN', 'feats': 'Gender=Masc|Number=Sing', 'head': 13, 'deprel': 'obl', 'lemma': 'מרחב'}]"
"(26, 27)",שדרוש,,,,,,"(93, 98)",,"[{'id': 26, 'text': 'ש', 'upos': 'SCONJ', 'xpos': 'SCONJ', 'head': 27, 'deprel': 'mark', 'lemma': 'ש'}, {'id': 27, 'text': 'דרוש', 'upos': 'VERB', 'xpos': 'VERB', 'feats': 'Gender=Masc|HebBinyan=PAAL|Number=Sing|Person=1,2,3|VerbForm=Part|Voice=Act', 'head': 25, 'deprel': 'acl:relcl', 'lemma': 'דרש'}]"
28,ליצור,VERB,VERB,HebBinyan=PAAL|VerbForm=Inf|Voice=Act,27.0,xcomp,"(99, 104)",יצר,
"(29, 30)",בו,,,,,,"(105, 107)",,"[{'id': 29, 'text': 'ב_', 'upos': 'ADP', 'xpos': 'ADP', 'head': 30, 'deprel': 'case', 'lemma': 'ב'}, {'id': 30, 'text': '_הוא', 'upos': 'PRON', 'xpos': 'PRON', 'feats': 'Gender=Masc|Number=Sing|Person=3|PronType=Prs', 'head': 28, 'deprel': 'obl', 'lemma': 'הוא'}]"
31,"""",PUNCT,PUNCT,,32.0,punct,"(108, 109)","""",
32,שקט,NOUN,NOUN,Gender=Masc|Number=Sing,28.0,obj,"(109, 112)",שקט,
33,יחסי,ADJ,ADJ,Gender=Masc|Number=Sing,32.0,amod,"(113, 117)",יחסים,
34,"""",PUNCT,PUNCT,,32.0,punct,"(117, 118)","""",
1,להלן,ADV,ADV,,0.0,root,"(1, 5)",להלן,
2,חלק,NOUN,NOUN,Gender=Masc|Number=Sing,5.0,det,"(6, 9)",חלק,
"(3, 5)",מהמשתנים,,,,,,"(10, 18)",,"[{'id': 3, 'text': 'מ', 'upos': 'ADP', 'xpos': 'ADP', 'feats': 'HebSource=ConvUncertainLabel', 'head': 5, 'deprel': 'case', 'lemma': 'מ'}, {'id': 4, 'text': 'ה', 'upos': 'DET', 'xpos': 'DET', 'feats': 'PronType=Art', 'head': 5, 'deprel': 'det:def', 'lemma': 'ה'}, {'id': 5, 'text': 'משתנים', 'upos': 'NOUN', 'xpos': 'NOUN', 'feats': 'Gender=Masc|Number=Plur', 'head': 1, 'deprel': 'dep', 'lemma': 'משתנה'}]"
6,:,PUNCT,PUNCT,,5.0,punct,"(18, 19)",:,
7,מספר,DET,DET,Definite=Cons,8.0,det,"(20, 24)",מספר,
8,מקורות,NOUN,NOUN,Definite=Cons|Gender=Masc|Number=Plur,5.0,appos,"(25, 31)",מקור,
"(9, 10)",הרעש,,,,,,"(32, 36)",,"[{'id': 9, 'text': 'ה', 'upos': 'DET', 'xpos': 'DET', 'feats': 'PronType=Art', 'head': 10, 'deprel': 'det:def', 'lemma': 'ה'}, {'id': 10, 'text': 'רעש', 'upos': 'NOUN', 'xpos': 'NOUN', 'feats': 'Gender=Masc|Number=Sing', 'head': 8, 'deprel': 'compound:smixut', 'lemma': 'רעש'}]"
"(11, 12)",המשני,,,,,,"(37, 42)",,"[{'id': 11, 'text': 'ה', 'upos': 'DET', 'xpos': 'DET', 'feats': 'PronType=Art', 'head': 12, 'deprel': 'det:def', 'lemma': 'ה'}, {'id': 12, 'text': 'משני', 'upos': 'ADJ', 'xpos': 'ADJ', 'feats': 'Gender=Masc|Number=Sing', 'head': 10, 'deprel': 'amod', 'lemma': 'משני'}]"
13,(,PUNCT,PUNCT,,14.0,punct,"(43, 44)",(,
14,רמקולים,NOUN,NOUN,Gender=Masc|Number=Plur,8.0,appos,"(44, 51)",רמקול,
15,),PUNCT,PUNCT,,14.0,punct,"(51, 52)",),
16,",",PUNCT,PUNCT,,8.0,punct,"(52, 53)",",",
17,מיקום,NOUN,NOUN,Definite=Cons|Gender=Masc|Number=Sing,8.0,conj,"(54, 59)",מיקום,
"(18, 19)",הרמקולים,,,,,,"(60, 68)",,"[{'id': 18, 'text': 'ה', 'upos': 'DET', 'xpos': 'DET', 'feats': 'PronType=Art', 'head': 19, 'deprel': 'det:def', 'lemma': 'ה'}, {'id': 19, 'text': 'רמקולים', 'upos': 'NOUN', 'xpos': 'NOUN', 'feats': 'Gender=Masc|Number=Plur', 'head': 17, 'deprel': 'compound:smixut', 'lemma': 'רמקול'}]"
20,",",PUNCT,PUNCT,,8.0,punct,"(68, 69)",",",
21,גודל,NOUN,NOUN,Definite=Cons|Gender=Masc|Number=Sing,8.0,conj,"(70, 74)",גודל,
"(22, 23)",הרמקולים,,,,,,"(75, 83)",,"[{'id': 22, 'text': 'ה', 'upos': 'DET', 'xpos': 'DET', 'feats': 'PronType=Art', 'head': 23, 'deprel': 'det:def', 'lemma': 'ה'}, {'id': 23, 'text': 'רמקולים', 'upos': 'NOUN', 'xpos': 'NOUN', 'feats': 'Gender=Masc|Number=Plur', 'head': 21, 'deprel': 'compound:smixut', 'lemma': 'רמקול'}]"
24,",",PUNCT,PUNCT,,8.0,punct,"(83, 84)",",",
25,עוצמת,NOUN,NOUN,Definite=Cons|Gender=Fem|Number=Sing,8.0,conj,"(85, 90)",עוצמה,
"(26, 27)",הרעש,,,,,,"(91, 95)",,"[{'id': 26, 'text': 'ה', 'upos': 'DET', 'xpos': 'DET', 'feats': 'PronType=Art', 'head': 27, 'deprel': 'det:def', 'lemma': 'ה'}, {'id': 27, 'text': 'רעש', 'upos': 'NOUN', 'xpos': 'NOUN', 'feats': 'Gender=Masc|Number=Sing', 'head': 25, 'deprel': 'compound:smixut', 'lemma': 'רעש'}]"
"(28, 29)",בכל,,,,,,"(96, 99)",,"[{'id': 28, 'text': 'ב', 'upos': 'ADP', 'xpos': 'ADP', 'head': 30, 'deprel': 'case', 'lemma': 'ב'}, {'id': 29, 'text': 'כל', 'upos': 'DET', 'xpos': 'DET', 'feats': 'Definite=Cons', 'head': 30, 'deprel': 'det', 'lemma': 'כול'}]"
30,רמקול,NOUN,NOUN,Gender=Masc|Number=Sing,25.0,nmod,"(100, 105)",רמקול,
31,",",PUNCT,PUNCT,,8.0,punct,"(105, 106)",",",
32,תדירות,NOUN,NOUN,Definite=Cons|Gender=Fem|Number=Sing,8.0,conj,"(107, 113)",תדירות,
"(33, 34)",הרעש,,,,,,"(114, 118)",,"[{'id': 33, 'text': 'ה', 'upos': 'DET', 'xpos': 'DET', 'feats': 'PronType=Art', 'head': 34, 'deprel': 'det:def', 'lemma': 'ה'}, {'id': 34, 'text': 'רעש', 'upos': 'NOUN', 'xpos': 'NOUN', 'feats': 'Gender=Masc|Number=Sing', 'head': 32, 'deprel': 'compound:smixut', 'lemma': 'רעש'}]"
"(35, 36)",בכל,,,,,,"(119, 122)",,"[{'id': 35, 'text': 'ב', 'upos': 'ADP', 'xpos': 'ADP', 'head': 37, 'deprel': 'case', 'lemma': 'ב'}, {'id': 36, 'text': 'כל', 'upos': 'DET', 'xpos': 'DET', 'feats': 'Definite=Cons', 'head': 37, 'deprel': 'det', 'lemma': 'כול'}]"
37,רמקול,NOUN,NOUN,Gender=Masc|Number=Sing,32.0,nmod,"(123, 128)",רמקול,
"(38, 39)",ופאזת,,,,,,"(129, 134)",,"[{'id': 38, 'text': 'ו', 'upos': 'CCONJ', 'xpos': 'CCONJ', 'head': 39, 'deprel': 'cc', 'lemma': 'ו'}, {'id': 39, 'text': 'פאזת', 'upos': 'NOUN', 'xpos': 'NOUN', 'feats': 'Definite=Cons|Gender=Fem|Number=Sing', 'head': 8, 'deprel': 'conj', 'lemma': 'פאזה'}]"
"(40, 41)",הרעש,,,,,,"(135, 139)",,"[{'id': 40, 'text': 'ה', 'upos': 'DET', 'xpos': 'DET', 'feats': 'PronType=Art', 'head': 41, 'deprel': 'det:def', 'lemma': 'ה'}, {'id': 41, 'text': 'רעש', 'upos': 'NOUN', 'xpos': 'NOUN', 'feats': 'Gender=Masc|Number=Sing', 'head': 39, 'deprel': 'compound:smixut', 'lemma': 'רעש'}]"
"(42, 43)",בכל,,,,,,"(140, 143)",,"[{'id': 42, 'text': 'ב', 'upos': 'ADP', 'xpos': 'ADP', 'head': 44, 'deprel': 'case', 'lemma': 'ב'}, {'id': 43, 'text': 'כל', 'upos': 'DET', 'xpos': 'DET', 'feats': 'Definite=Cons', 'head': 44, 'deprel': 'det', 'lemma': 'כול'}]"
44,רמקול,NOUN,NOUN,Gender=Masc|Number=Sing,39.0,nmod,"(144, 149)",רמקול,
1,סכמה,NOUN,NOUN,Gender=Fem|Number=Sing,20.0,nsubj,"(1, 5)",סכמה,
2,כללית,ADJ,ADJ,Gender=Fem|Number=Sing,1.0,amod,"(6, 11)",כללי,
3,של,ADP,ADP,Case=Gen,4.0,case:gen,"(12, 14)",של,
4,צורות,NOUN,NOUN,Definite=Cons|Gender=Fem|Number=Plur,1.0,nmod,"(15, 20)",צורה,
5,מיקום,NOUN,NOUN,Definite=Cons|Gender=Masc|Number=Sing,4.0,compound:smixut,"(21, 26)",מיקום,
6,מקורות,NOUN,NOUN,Definite=Cons|Gender=Masc|Number=Plur,5.0,compound:smixut,"(27, 33)",מקור,
"(7, 8)",הרעש,,,,,,"(34, 38)",,"[{'id': 7, 'text': 'ה', 'upos': 'DET', 'xpos': 'DET', 'feats': 'PronType=Art', 'head': 8, 'deprel': 'det:def', 'lemma': 'ה'}, {'id': 8, 'text': 'רעש', 'upos': 'NOUN', 'xpos': 'NOUN', 'feats': 'Gender=Masc|Number=Sing', 'head': 6, 'deprel': 'compound:smixut', 'lemma': 'רעש'}]"
"(9, 10)",המשניים,,,,,,"(39, 46)",,"[{'id': 9, 'text': 'ה', 'upos': 'DET', 'xpos': 'DET', 'feats': 'PronType=Art', 'head': 10, 'deprel': 'det:def', 'lemma': 'ה'}, {'id': 10, 'text': 'משניים', 'upos': 'ADJ', 'xpos': 'ADJ', 'feats': 'Gender=Masc|Number=Plur', 'head': 6, 'deprel': 'amod', 'lemma': 'משני'}]"
11,(,PUNCT,PUNCT,,12.0,punct,"(47, 48)",(,
12,רמקולים,NOUN,NOUN,Gender=Masc|Number=Plur,6.0,appos,"(48, 55)",רמקול,
13,),PUNCT,PUNCT,,12.0,punct,"(55, 56)",),
"(14, 15)",במרחב,,,,,,"(57, 62)",,"[{'id': 14, 'text': 'ב', 'upos': 'ADP', 'xpos': 'ADP', 'head': 15, 'deprel': 'case', 'lemma': 'ב'}, {'id': 15, 'text': 'מרחב', 'upos': 'NOUN', 'xpos': 'NOUN', 'feats': 'Definite=Cons|Gender=Masc|Number=Sing', 'head': 4, 'deprel': 'nmod', 'lemma': 'מרחב'}]"
"(16, 17)",החדר,,,,,,"(63, 67)",,"[{'id': 16, 'text': 'ה', 'upos': 'DET', 'xpos': 'DET', 'feats': 'PronType=Art', 'head': 17, 'deprel': 'det:def', 'lemma': 'ה'}, {'id': 17, 'text': 'חדר', 'upos': 'NOUN', 'xpos': 'NOUN', 'feats': 'Gender=Masc|Number=Sing', 'head': 15, 'deprel': 'compound:smixut', 'lemma': 'חדר'}]"
"(18, 19)",שנבחנו,,,,,,"(68, 74)",,"[{'id': 18, 'text': 'ש', 'upos': 'SCONJ', 'xpos': 'SCONJ', 'head': 19, 'deprel': 'mark', 'lemma': 'ש'}, {'id': 19, 'text': 'נבחנו', 'upos': 'VERB', 'xpos': 'VERB', 'feats': 'Gender=Fem,Masc|HebBinyan=NIFAL|Number=Plur|Person=3|Tense=Past|Voice=Mid', 'head': 15, 'deprel': 'acl:relcl', 'lemma': 'נבחן'}]"
20,מוצגת,VERB,VERB,"Gender=Fem|HebBinyan=HUFAL|Number=Sing|Person=1,2,3|VerbForm=Part|Voice=Pass",0.0,root,"(75, 80)",הוצג,
"(21, 22)",בציור,,,,,,"(81, 86)",,"[{'id': 21, 'text': 'ב', 'upos': 'ADP', 'xpos': 'ADP', 'head': 22, 'deprel': 'case', 'lemma': 'ב'}, {'id': 22, 'text': 'ציור', 'upos': 'NOUN', 'xpos': 'NOUN', 'feats': 'Gender=Masc|Number=Sing', 'head': 20, 'deprel': 'obl', 'lemma': 'ציור'}]"
23,13,NUM,NUM,,22.0,nummod,"(87, 89)",13,
1,ניתוח,NOUN,NOUN,Definite=Cons|Gender=Masc|Number=Sing,10.0,nsubj,"(1, 6)",ניתוח,
"(2, 4)",השפעתם,,,,,,"(7, 13)",,"[{'id': 2, 'text': 'השפעה_', 'upos': 'NOUN', 'xpos': 'NOUN', 'feats': 'Definite=Def|Gender=Fem|Number=Sing', 'head': 1, 'deprel': 'compound:smixut', 'lemma': 'השפעה'}, {'id': 3, 'text': '_של_', 'upos': 'ADP', 'xpos': 'ADP', 'head': 4, 'deprel': 'case:gen', 'lemma': 'של'}, {'id': 4, 'text': '_הם', 'upos': 'PRON', 'xpos': 'PRON', 'feats': 'Case=Gen|Gender=Masc|Number=Plur|Person=3|PronType=Prs', 'head': 2, 'deprel': 'nmod:poss', 'lemma': 'הוא'}]"
5,של,ADP,ADP,Case=Gen,7.0,case:gen,"(14, 16)",של,
"(6, 7)",המשתנים,,,,,,"(17, 24)",,"[{'id': 6, 'text': 'ה', 'upos': 'DET', 'xpos': 'DET', 'feats': 'PronType=Art', 'head': 7, 'deprel': 'det:def', 'lemma': 'ה'}, {'id': 7, 'text': 'משתנים', 'upos': 'NOUN', 'xpos': 'NOUN', 'feats': 'Gender=Masc|Number=Plur', 'head': 2, 'deprel': 'nmod:poss', 'lemma': 'משתנה'}]"
"(8, 9)",השונים,,,,,,"(25, 31)",,"[{'id': 8, 'text': 'ה', 'upos': 'DET', 'xpos': 'DET', 'feats': 'PronType=Art', 'head': 9, 'deprel': 'det:def', 'lemma': 'ה'}, {'id': 9, 'text': 'שונים', 'upos': 'ADJ', 'xpos': 'ADJ', 'feats': 'Gender=Masc|Number=Plur', 'head': 7, 'deprel': 'amod', 'lemma': 'שונה'}]"
10,נעשה,VERB,VERB,Gender=Masc|HebBinyan=NIFAL|Number=Sing|Person=3|Tense=Past|Voice=Mid,0.0,root,"(32, 36)",נעשה,
11,ע״י,ADP,ADP,Abbr=Yes,12.0,case,"(37, 40)",ע״י,
12,הרצות,NOUN,NOUN,Gender=Fem|Number=Plur,10.0,obl,"(41, 46)",הרצה,
13,שונות,ADJ,ADJ,Gender=Fem|Number=Plur,12.0,amod,"(47, 52)",שונה,
"(14, 16)",שבהן,,,,,,"(53, 57)",,"[{'id': 14, 'text': 'ש', 'upos': 'SCONJ', 'xpos': 'SCONJ', 'head': 17, 'deprel': 'mark', 'lemma': 'ש'}, {'id': 15, 'text': 'ב_', 'upos': 'ADP', 'xpos': 'ADP', 'head': 16, 'deprel': 'case', 'lemma': 'ב'}, {'id': 16, 'text': '_הן', 'upos': 'PRON', 'xpos': 'PRON', 'feats': 'Gender=Fem|Number=Plur|Person=3|PronType=Prs', 'head': 17, 'deprel': 'obl', 'lemma': 'הוא'}]"
17,שינינו,VERB,VERB,"Gender=Fem,Masc|HebBinyan=PIEL|Number=Plur|Person=3|Tense=Past|Voice=Act",12.0,acl:relcl,"(58, 64)",שינה,
18,כל,DET,DET,Definite=Cons,19.0,det,"(65, 67)",כול,
19,פעם,NOUN,NOUN,Gender=Fem|Number=Sing,17.0,dep,"(68, 71)",פעם,
20,פרמטר,NOUN,NOUN,Gender=Masc|Number=Sing,17.0,obj,"(72, 77)",פרמטר,
21,אחד,NUM,NUM,Gender=Masc|Number=Sing,20.0,nummod,"(78, 81)",אחד,
22,בלבד,ADV,ADV,,20.0,advmod,"(82, 86)",בלבד,
23,",",PUNCT,PUNCT,,10.0,punct,"(86, 87)",",",
24,כדי,ADP,ADP,,25.0,case,"(88, 91)",כדי,
25,להסיק,VERB,VERB,HebBinyan=HIFIL|VerbForm=Inf|Voice=Act,17.0,advcl,"(92, 97)",הסיק,
26,מסקנות,NOUN,NOUN,Gender=Fem|Number=Plur,25.0,obj,"(98, 104)",מסקנה,
"(27, 28)",בנושא,,,,,,"(105, 110)",,"[{'id': 27, 'text': 'ב', 'upos': 'ADP', 'xpos': 'ADP', 'head': 28, 'deprel': 'case', 'lemma': 'ב'}, {'id': 28, 'text': 'נושא', 'upos': 'NOUN', 'xpos': 'NOUN', 'feats': 'Definite=Cons|Gender=Masc|Number=Sing', 'head': 26, 'deprel': 'nmod', 'lemma': 'נושא'}]"
"(29, 31)",השפעתו,,,,,,"(111, 117)",,"[{'id': 29, 'text': 'השפעה_', 'upos': 'NOUN', 'xpos': 'NOUN', 'feats': 'Definite=Def|Gender=Fem|Number=Sing', 'head': 28, 'deprel': 'compound:smixut', 'lemma': 'השפעה'}, {'id': 30, 'text': '_של_', 'upos': 'ADP', 'xpos': 'ADP', 'head': 31, 'deprel': 'case:gen', 'lemma': 'של'}, {'id': 31, 'text': '_הוא', 'upos': 'PRON', 'xpos': 'PRON', 'feats': 'Case=Gen|Gender=Masc|Number=Sing|Person=3|PronType=Prs', 'head': 29, 'deprel': 'nmod:poss', 'lemma': 'הוא'}]"
32,על,ADP,ADP,,34.0,case,"(118, 120)",על,
"(33, 34)",ההנחתה,,,,,,"(121, 127)",,"[{'id': 33, 'text': 'ה', 'upos': 'DET', 'xpos': 'DET', 'feats': 'PronType=Art', 'head': 34, 'deprel': 'det:def', 'lemma': 'ה'}, {'id': 34, 'text': 'הנחתה', 'upos': 'NOUN', 'xpos': 'NOUN', 'feats': 'Gender=Fem|Number=Sing', 'head': 29, 'deprel': 'nmod', 'lemma': 'הנחתה'}]"
"(35, 36)",המתקבלת,,,,,,"(128, 135)",,"[{'id': 35, 'text': 'ה', 'upos': 'SCONJ', 'xpos': 'SCONJ', 'head': 36, 'deprel': 'mark', 'lemma': 'ה'}, {'id': 36, 'text': 'מתקבלת', 'upos': 'VERB', 'xpos': 'VERB', 'feats': 'Gender=Fem|HebBinyan=HITPAEL|Number=Sing|Person=1,2,3|VerbForm=Part', 'head': 34, 'deprel': 'acl:relcl', 'lemma': 'התקבל'}]"
"(37, 38)",במרחב,,,,,,"(136, 141)",,"[{'id': 37, 'text': 'ב', 'upos': 'ADP', 'xpos': 'ADP', 'head': 38, 'deprel': 'case', 'lemma': 'ב'}, {'id': 38, 'text': 'מרחב', 'upos': 'NOUN', 'xpos': 'NOUN', 'feats': 'Definite=Cons|Gender=Masc|Number=Sing', 'head': 36, 'deprel': 'obl', 'lemma': 'מרחב'}]"
"(39, 40)",החדר,,,,,,"(142, 146)",,"[{'id': 39, 'text': 'ה', 'upos': 'DET', 'xpos': 'DET', 'feats': 'PronType=Art', 'head': 40, 'deprel': 'det:def', 'lemma': 'ה'}, {'id': 40, 'text': 'חדר', 'upos': 'NOUN', 'xpos': 'NOUN', 'feats': 'Gender=Masc|Number=Sing', 'head': 38, 'deprel': 'compound:smixut', 'lemma': 'חדר'}]"
"(1, 2)",בבדיקת,,,,,,"(1, 7)",,"[{'id': 1, 'text': 'ב', 'upos': 'ADP', 'xpos': 'ADP', 'head': 2, 'deprel': 'case', 'lemma': 'ב'}, {'id': 2, 'text': 'בדיקת', 'upos': 'NOUN', 'xpos': 'NOUN', 'feats': 'Definite=Cons|Gender=Fem|Number=Sing', 'head': 36, 'deprel': 'obl', 'lemma': 'בדיקה'}]"
"(3, 5)",השפעתם,,,,,,"(8, 14)",,"[{'id': 3, 'text': 'השפעה_', 'upos': 'NOUN', 'xpos': 'NOUN', 'feats': 'Definite=Def|Gender=Fem|Number=Sing', 'head': 2, 'deprel': 'compound:smixut', 'lemma': 'השפעה'}, {'id': 4, 'text': '_של_', 'upos': 'ADP', 'xpos': 'ADP', 'head': 5, 'deprel': 'case:gen', 'lemma': 'של'}, {'id': 5, 'text': '_הם', 'upos': 'PRON', 'xpos': 'PRON', 'feats': 'Case=Gen|Gender=Masc|Number=Plur|Person=3|PronType=Prs', 'head': 3, 'deprel': 'nmod:poss', 'lemma': 'הוא'}]"
6,של,ADP,ADP,Case=Gen,7.0,case:gen,"(15, 17)",של,
7,עוצמות,NOUN,NOUN,Definite=Cons|Gender=Fem|Number=Plur,3.0,nmod:poss,"(18, 24)",עוצמה,
8,רעש,NOUN,NOUN,Gender=Masc|Number=Sing,7.0,compound:smixut,"(25, 28)",רעש,
9,שונות,ADJ,ADJ,Gender=Fem|Number=Plur,7.0,amod,"(29, 34)",שונה,
10,או,CCONJ,CCONJ,,11.0,cc,"(35, 37)",או,
11,רמקולים,NOUN,NOUN,Gender=Masc|Number=Plur,7.0,conj,"(38, 45)",רמקול,
"(12, 13)",בגדלים,,,,,,"(46, 52)",,"[{'id': 12, 'text': 'ב', 'upos': 'ADP', 'xpos': 'ADP', 'head': 13, 'deprel': 'case', 'lemma': 'ב'}, {'id': 13, 'text': 'גדלים', 'upos': 'NOUN', 'xpos': 'NOUN', 'feats': 'Gender=Masc|Number=Plur', 'head': 11, 'deprel': 'nmod', 'lemma': 'גודל'}]"
14,שונים,ADJ,ADJ,Gender=Masc|Number=Plur,13.0,amod,"(53, 58)",שונה,
15,(,PUNCT,PUNCT,,18.0,punct,"(59, 60)",(,
16,למשל,CCONJ,CCONJ,,18.0,appos,"(60, 64)",למשל,
17,",",PUNCT,PUNCT,,18.0,punct,"(64, 65)",",",
18,הפעלת,NOUN,NOUN,Definite=Cons|Gender=Fem|Number=Sing,11.0,appos,"(66, 71)",הפעלה,
"(19, 20)",המקור,,,,,,"(72, 77)",,"[{'id': 19, 'text': 'ה', 'upos': 'DET', 'xpos': 'DET', 'feats': 'PronType=Art', 'head': 20, 'deprel': 'det:def', 'lemma': 'ה'}, {'id': 20, 'text': 'מקור', 'upos': 'NOUN', 'xpos': 'NOUN', 'feats': 'Gender=Masc|Number=Sing', 'head': 18, 'deprel': 'compound:smixut', 'lemma': 'מקור'}]"
"(21, 22)",המשני,,,,,,"(78, 83)",,"[{'id': 21, 'text': 'ה', 'upos': 'DET', 'xpos': 'DET', 'feats': 'PronType=Art', 'head': 22, 'deprel': 'det:def', 'lemma': 'ה'}, {'id': 22, 'text': 'משני', 'upos': 'ADJ', 'xpos': 'ADJ', 'feats': 'Gender=Masc|Number=Sing', 'head': 20, 'deprel': 'amod', 'lemma': 'משני'}]"
"(23, 24)",בשלושה,,,,,,"(84, 90)",,"[{'id': 23, 'text': 'ב', 'upos': 'ADP', 'xpos': 'ADP', 'head': 25, 'deprel': 'case', 'lemma': 'ב'}, {'id': 24, 'text': 'שלושה', 'upos': 'NUM', 'xpos': 'NUM', 'feats': 'Gender=Masc|Number=Sing', 'head': 25, 'deprel': 'nummod', 'lemma': 'שלושה'}]"
25,צמתים,NOUN,NOUN,Gender=Masc|Number=Plur,18.0,nmod,"(91, 96)",צמת,
26,לעומת,ADP,ADP,,27.0,case,"(97, 102)",לעומת,
27,מקור,NOUN,NOUN,Gender=Masc|Number=Sing,18.0,nmod,"(103, 107)",מקור,
28,משני,ADJ,ADJ,Gender=Masc|Number=Sing,27.0,amod,"(108, 112)",משני,
"(29, 30)",שמופעל,,,,,,"(113, 119)",,"[{'id': 29, 'text': 'ש', 'upos': 'SCONJ', 'xpos': 'SCONJ', 'head': 30, 'deprel': 'mark', 'lemma': 'ש'}, {'id': 30, 'text': 'מופעל', 'upos': 'VERB', 'xpos': 'VERB', 'feats': 'Gender=Masc|HebBinyan=HUFAL|Number=Sing|Person=1,2,3|VerbForm=Part|Voice=Pass', 'head': 27, 'deprel': 'acl:relcl', 'lemma': 'הופעל'}]"
"(31, 32)",בצומת,,,,,,"(120, 125)",,"[{'id': 31, 'text': 'ב', 'upos': 'ADP', 'xpos': 'ADP', 'head': 32, 'deprel': 'case', 'lemma': 'ב'}, {'id': 32, 'text': 'צומת', 'upos': 'NOUN', 'xpos': 'NOUN', 'feats': 'Gender=Fem|Number=Sing', 'head': 30, 'deprel': 'obl', 'lemma': 'צומת'}]"
33,אחד,NUM,NUM,Gender=Masc|Number=Sing,32.0,nummod,"(126, 129)",אחד,
34,בלבד,ADV,ADV,,32.0,advmod,"(130, 134)",בלבד,
35,),PUNCT,PUNCT,,18.0,punct,"(134, 135)",),
36,התברר,VERB,VERB,Gender=Masc|HebBinyan=HITPAEL|Number=Sing|Person=3|Tense=Past,0.0,root,"(136, 141)",התברר,
37,כי,SCONJ,SCONJ,,41.0,mark,"(142, 144)",כי,
38,שינוי,NOUN,NOUN,Definite=Cons|Gender=Masc|Number=Sing,41.0,nsubj,"(145, 150)",שינוי,
"(39, 40)",הפרמטרים,,,,,,"(151, 159)",,"[{'id': 39, 'text': 'ה', 'upos': 'DET', 'xpos': 'DET', 'feats': 'PronType=Art', 'head': 40, 'deprel': 'det:def', 'lemma': 'ה'}, {'id': 40, 'text': 'פרמטרים', 'upos': 'NOUN', 'xpos': 'NOUN', 'feats': 'Gender=Masc|Number=Plur', 'head': 38, 'deprel': 'compound:smixut', 'lemma': 'פרמטר'}]"
41,משפיע,VERB,VERB,"Gender=Masc|HebBinyan=HIFIL|Number=Sing|Person=1,2,3|VerbForm=Part|Voice=Act",36.0,ccomp,"(160, 165)",השפיע,
42,על,ADP,ADP,,43.0,case,"(166, 168)",על,
43,עוצמת,NOUN,NOUN,Definite=Cons|Gender=Fem|Number=Sing,41.0,obl,"(169, 174)",עוצמה,
"(44, 45)",הרעש,,,,,,"(175, 179)",,"[{'id': 44, 'text': 'ה', 'upos': 'DET', 'xpos': 'DET', 'feats': 'PronType=Art', 'head': 45, 'deprel': 'det:def', 'lemma': 'ה'}, {'id': 45, 'text': 'רעש', 'upos': 'NOUN', 'xpos': 'NOUN', 'feats': 'Gender=Masc|Number=Sing', 'head': 43, 'deprel': 'compound:smixut', 'lemma': 'רעש'}]"
"(46, 47)",הכללית,,,,,,"(180, 186)",,"[{'id': 46, 'text': 'ה', 'upos': 'DET', 'xpos': 'DET', 'feats': 'PronType=Art', 'head': 47, 'deprel': 'det:def', 'lemma': 'ה'}, {'id': 47, 'text': 'כללית', 'upos': 'ADJ', 'xpos': 'ADJ', 'feats': 'Gender=Fem|Number=Sing', 'head': 43, 'deprel': 'amod', 'lemma': 'כללי'}]"
48,אולם,CCONJ,CCONJ,,50.0,cc,"(187, 191)",אולם,
49,אינו,AUX,AUX,Gender=Masc|Number=Sing|Person=3|Polarity=Neg|VerbForm=Part|VerbType=Cop,50.0,advmod,"(192, 196)",אינו,
50,משפיע,VERB,VERB,"Gender=Masc|HebBinyan=HIFIL|Number=Sing|Person=1,2,3|VerbForm=Part|Voice=Act",41.0,conj,"(197, 202)",השפיע,
51,על,ADP,ADP,,52.0,case,"(203, 205)",על,
52,אופי,NOUN,NOUN,Definite=Cons|Gender=Masc|Number=Sing,50.0,obl,"(206, 210)",אופי,
"(53, 54)",הפתרון,,,,,,"(211, 217)",,"[{'id': 53, 'text': 'ה', 'upos': 'DET', 'xpos': 'DET', 'feats': 'PronType=Art', 'head': 54, 'deprel': 'det:def', 'lemma': 'ה'}, {'id': 54, 'text': 'פתרון', 'upos': 'NOUN', 'xpos': 'NOUN', 'feats': 'Gender=Masc|Number=Sing', 'head': 52, 'deprel': 'compound:smixut', 'lemma': 'פתרון'}]"
"(55, 56)",הכללי,,,,,,"(218, 223)",,"[{'id': 55, 'text': 'ה', 'upos': 'DET', 'xpos': 'DET', 'feats': 'PronType=Art', 'head': 56, 'deprel': 'det:def', 'lemma': 'ה'}, {'id': 56, 'text': 'כללי', 'upos': 'ADJ', 'xpos': 'ADJ', 'feats': 'Gender=Masc|Number=Sing', 'head': 54, 'deprel': 'amod', 'lemma': 'כללי'}]"
57,(,PUNCT,PUNCT,,58.0,punct,"(224, 225)",(,
58,פילוג,NOUN,NOUN,Definite=Cons|Gender=Masc|Number=Sing,52.0,appos,"(225, 230)",פילוג,
"(59, 60)",הרעש,,,,,,"(231, 235)",,"[{'id': 59, 'text': 'ה', 'upos': 'DET', 'xpos': 'DET', 'feats': 'PronType=Art', 'head': 60, 'deprel': 'det:def', 'lemma': 'ה'}, {'id': 60, 'text': 'רעש', 'upos': 'NOUN', 'xpos': 'NOUN', 'feats': 'Gender=Masc|Number=Sing', 'head': 58, 'deprel': 'compound:smixut', 'lemma': 'רעש'}]"
"(61, 62)",בחדר,,,,,,"(236, 240)",,"[{'id': 61, 'text': 'ב', 'upos': 'ADP', 'xpos': 'ADP', 'head': 62, 'deprel': 'case', 'lemma': 'ב'}, {'id': 62, 'text': 'חדר', 'upos': 'NOUN', 'xpos': 'NOUN', 'feats': 'Gender=Masc|Number=Sing', 'head': 58, 'deprel': 'nmod', 'lemma': 'חדר'}]"
63,),PUNCT,PUNCT,,58.0,punct,"(240, 241)",),
1,מאחר,CCONJ,CCONJ,,3.0,mark,"(1, 5)",מאחר,
"(2, 3)",ומדובר,,,,,,"(6, 12)",,"[{'id': 2, 'text': 'ו', 'upos': 'CCONJ', 'xpos': 'CCONJ', 'head': 1, 'deprel': 'fixed', 'lemma': 'ו'}, {'id': 3, 'text': 'מדובר', 'upos': 'VERB', 'xpos': 'VERB', 'feats': 'Gender=Masc|HebBinyan=PUAL|Number=Sing|Person=1,2,3|VerbForm=Part|Voice=Pass', 'head': 11, 'deprel': 'advcl', 'lemma': 'דובר'}]"
"(4, 5)",בחקירה,,,,,,"(13, 19)",,"[{'id': 4, 'text': 'ב', 'upos': 'ADP', 'xpos': 'ADP', 'head': 5, 'deprel': 'case', 'lemma': 'ב'}, {'id': 5, 'text': 'חקירה', 'upos': 'NOUN', 'xpos': 'NOUN', 'feats': 'Gender=Fem|Number=Sing', 'head': 3, 'deprel': 'obl', 'lemma': 'חקירה'}]"
6,ראשונית,ADJ,ADJ,Gender=Fem|Number=Sing,5.0,amod,"(20, 27)",_,
7,של,ADP,ADP,Case=Gen,8.0,case:gen,"(28, 30)",של,
8,אפשרויות,NOUN,NOUN,Definite=Cons|Gender=Fem|Number=Plur,5.0,nmod,"(31, 39)",אפשרות,
9,הנחתה,NOUN,NOUN,Gender=Fem|Number=Sing,8.0,compound:smixut,"(40, 45)",הנחתה,
10,אקטיבית,ADJ,ADJ,Gender=Fem|Number=Sing,9.0,amod,"(46, 53)",אקטיבי,
11,החלטנו,VERB,VERB,"Gender=Fem,Masc|HebBinyan=HIFIL|Number=Plur|Person=1|Tense=Past|Voice=Act",0.0,root,"(54, 60)",החליט,
12,להמשיך,VERB,VERB,HebBinyan=HIFIL|VerbForm=Inf|Voice=Act,11.0,xcomp,"(61, 67)",המשיך,
"(13, 14)",בבדיקות,,,,,,"(68, 75)",,"[{'id': 13, 'text': 'ב', 'upos': 'ADP', 'xpos': 'ADP', 'head': 14, 'deprel': 'case', 'lemma': 'ב'}, {'id': 14, 'text': 'בדיקות', 'upos': 'NOUN', 'xpos': 'NOUN', 'feats': 'Gender=Fem|Number=Plur', 'head': 12, 'deprel': 'obl', 'lemma': 'בדיקה'}]"
15,עבור,ADP,ADP,,16.0,case,"(76, 80)",עבור,
16,מקרים,NOUN,NOUN,Gender=Masc|Number=Plur,14.0,nmod,"(81, 86)",מקרה,
17,כאשר,SCONJ,SCONJ,,27.0,mark,"(87, 91)",כאשר,
18,עוצמת,NOUN,NOUN,Definite=Cons|Gender=Fem|Number=Sing,27.0,nsubj,"(92, 97)",עוצמה,
"(19, 20)",הרעש,,,,,,"(98, 102)",,"[{'id': 19, 'text': 'ה', 'upos': 'DET', 'xpos': 'DET', 'feats': 'PronType=Art', 'head': 20, 'deprel': 'det:def', 'lemma': 'ה'}, {'id': 20, 'text': 'רעש', 'upos': 'NOUN', 'xpos': 'NOUN', 'feats': 'Gender=Masc|Number=Sing', 'head': 18, 'deprel': 'compound:smixut', 'lemma': 'רעש'}]"
"(21, 22)",המשנית,,,,,,"(103, 109)",,"[{'id': 21, 'text': 'ה', 'upos': 'DET', 'xpos': 'DET', 'feats': 'PronType=Art', 'head': 22, 'deprel': 'det:def', 'lemma': 'ה'}, {'id': 22, 'text': 'משנית', 'upos': 'ADJ', 'xpos': 'ADJ', 'feats': 'Gender=Fem|Number=Sing', 'head': 18, 'deprel': 'amod', 'lemma': 'משני'}]"
23,(,PUNCT,PUNCT,,25.0,punct,"(110, 111)",(,
"(24, 25)",ברמקולים,,,,,,"(111, 119)",,"[{'id': 24, 'text': 'ב', 'upos': 'ADP', 'xpos': 'ADP', 'head': 25, 'deprel': 'case', 'lemma': 'ב'}, {'id': 25, 'text': 'רמקולים', 'upos': 'NOUN', 'xpos': 'NOUN', 'feats': 'Gender=Masc|Number=Plur', 'head': 18, 'deprel': 'appos', 'lemma': 'רמקול'}]"
26,),PUNCT,PUNCT,,25.0,punct,"(119, 120)",),
27,נבחרה,VERB,VERB,Gender=Fem|HebBinyan=NIFAL|Number=Sing|Person=3|Tense=Past|Voice=Mid,12.0,advcl,"(121, 126)",נבחר,
28,להיות,AUX,AUX,Polarity=Pos|VerbForm=Inf|VerbType=Cop,27.0,xcomp,"(127, 132)",היה,
"(29, 30)",באותו,,,,,,"(133, 138)",,"[{'id': 29, 'text': 'ב', 'upos': 'ADP', 'xpos': 'ADP', 'head': 31, 'deprel': 'case', 'lemma': 'ב'}, {'id': 30, 'text': 'אותו', 'upos': 'PRON', 'xpos': 'PRON', 'feats': 'Definite=Def|Gender=Masc|Number=Sing|Person=3|PronType=Prs', 'head': 31, 'deprel': 'det', 'lemma': 'אותו'}]"
31,סדר,NOUN,NOUN,Definite=Cons|Gender=Masc|Number=Sing,28.0,obl,"(139, 142)",סדר,
32,גודל,NOUN,NOUN,Gender=Masc|Number=Sing,31.0,compound:smixut,"(143, 147)",גודל,
33,של,ADP,ADP,Case=Gen,35.0,case:gen,"(148, 150)",של,
"(34, 35)",הרעש,,,,,,"(151, 155)",,"[{'id': 34, 'text': 'ה', 'upos': 'DET', 'xpos': 'DET', 'feats': 'PronType=Art', 'head': 35, 'deprel': 'det:def', 'lemma': 'ה'}, {'id': 35, 'text': 'רעש', 'upos': 'NOUN', 'xpos': 'NOUN', 'feats': 'Gender=Masc|Number=Sing', 'head': 31, 'deprel': 'nmod', 'lemma': 'רעש'}]"
"(36, 37)",הראשוני,,,,,,"(156, 163)",,"[{'id': 36, 'text': 'ה', 'upos': 'DET', 'xpos': 'DET', 'feats': 'PronType=Art', 'head': 37, 'deprel': 'det:def', 'lemma': 'ה'}, {'id': 37, 'text': 'ראשוני', 'upos': 'ADJ', 'xpos': 'ADJ', 'feats': 'Gender=Masc|Number=Sing', 'head': 35, 'deprel': 'amod', 'lemma': 'ראשוני'}]"
38,",",PUNCT,PUNCT,,31.0,punct,"(163, 164)",",",
39,כגון,ADP,ADP,,40.0,case,"(165, 169)",כגון,
40,0,NUM,NUM,,31.0,nmod,"(170, 171)",0,
1,01,NUM,NUM,,0.0,root,"(0, 2)",01,
2,Pa,NOUN,NOUN,,1.0,obl,"(3, 5)",Pa,
1,לאור,ADP,ADP,,2.0,case,"(1, 5)",לאור,
2,זאת,PRON,PRON,Gender=Fem|Number=Sing|Person=3|PronType=Dem,4.0,obl,"(6, 9)",זאת,
3,",",PUNCT,PUNCT,,4.0,punct,"(9, 10)",",",
4,נותר,VERB,VERB,Gender=Masc|HebBinyan=NIFAL|Number=Sing|Person=3|Tense=Past|Voice=Mid,0.0,root,"(11, 15)",נותר,
"(5, 6)",לנו,,,,,,"(16, 19)",,"[{'id': 5, 'text': 'ל_', 'upos': 'ADP', 'xpos': 'ADP', 'head': 6, 'deprel': 'case', 'lemma': 'ל'}, {'id': 6, 'text': '_אנחנו', 'upos': 'PRON', 'xpos': 'PRON', 'feats': 'Gender=Fem,Masc|Number=Plur|Person=1|PronType=Prs', 'head': 4, 'deprel': 'obl', 'lemma': 'הוא'}]"
7,לחקור,VERB,VERB,HebBinyan=PAAL|VerbForm=Inf|Voice=Act,4.0,xcomp,"(20, 25)",חקר,
8,את,ADP,ADP,Case=Acc,9.0,case:acc,"(26, 28)",את,
"(9, 11)",השפעתם,,,,,,"(29, 35)",,"[{'id': 9, 'text': 'השפעה_', 'upos': 'NOUN', 'xpos': 'NOUN', 'feats': 'Definite=Def|Gender=Fem|Number=Plur', 'head': 7, 'deprel': 'obj', 'lemma': 'השפעה'}, {'id': 10, 'text': '_של_', 'upos': 'ADP', 'xpos': 'ADP', 'head': 11, 'deprel': 'case:gen', 'lemma': 'של'}, {'id': 11, 'text': '_הם', 'upos': 'PRON', 'xpos': 'PRON', 'feats': 'Case=Gen|Gender=Masc|Number=Plur|Person=3|PronType=Prs', 'head': 9, 'deprel': 'nmod:poss', 'lemma': 'הוא'}]"
12,של,ADP,ADP,Case=Gen,14.0,case:gen,"(36, 38)",של,
"(13, 14)",המשתנים,,,,,,"(39, 46)",,"[{'id': 13, 'text': 'ה', 'upos': 'DET', 'xpos': 'DET', 'feats': 'PronType=Art', 'head': 14, 'deprel': 'det:def', 'lemma': 'ה'}, {'id': 14, 'text': 'משתנים', 'upos': 'NOUN', 'xpos': 'NOUN', 'feats': 'Gender=Masc|Number=Plur', 'head': 9, 'deprel': 'nmod:poss', 'lemma': 'משתנה'}]"
"(15, 16)",הבאים,,,,,,"(47, 52)",,"[{'id': 15, 'text': 'ה', 'upos': 'DET', 'xpos': 'DET', 'feats': 'PronType=Art', 'head': 16, 'deprel': 'det:def', 'lemma': 'ה'}, {'id': 16, 'text': 'באים', 'upos': 'ADJ', 'xpos': 'ADJ', 'feats': 'Gender=Masc|Number=Plur', 'head': 14, 'deprel': 'amod', 'lemma': 'בא'}]"
17,:,PUNCT,PUNCT,,7.0,punct,"(52, 53)",:,
18,1,NUM,NUM,,20.0,appos,"(54, 55)",1,
19,),PUNCT,PUNCT,,18.0,punct,"(55, 56)",),
20,הנחתה,NOUN,NOUN,Gender=Fem|HebSource=ConvUncertainHead|Number=Sing,7.0,obl,"(57, 62)",הנחתה,
"(21, 22)",בתדרים,,,,,,"(63, 69)",,"[{'id': 21, 'text': 'ב', 'upos': 'ADP', 'xpos': 'ADP', 'head': 22, 'deprel': 'case', 'lemma': 'ב'}, {'id': 22, 'text': 'תדרים', 'upos': 'NOUN', 'xpos': 'NOUN', 'feats': 'Gender=Masc|Number=Plur', 'head': 20, 'deprel': 'nmod', 'lemma': 'תדר'}]"
23,שונים,ADJ,ADJ,Gender=Masc|Number=Plur,22.0,amod,"(70, 75)",שונה,
24,",",PUNCT,PUNCT,,18.0,punct,"(75, 76)",",",
25,2,NUM,NUM,,20.0,appos,"(77, 78)",2,
26,),PUNCT,PUNCT,,25.0,punct,"(78, 79)",),
27,הנחתה,NOUN,NOUN,Gender=Fem|Number=Sing,20.0,conj,"(80, 85)",הנחתה,
28,על,ADP,ADP,,30.0,case,"(86, 88)",על,
29,ידי,NOUN,NOUN,Definite=Cons|Gender=Fem|Number=Plur,28.0,fixed,"(89, 92)",יד,
30,מיקום,NOUN,NOUN,Definite=Cons|Gender=Masc|Number=Sing,27.0,nmod,"(93, 98)",מיקום,
31,זוג,NOUN,NOUN,Definite=Cons|Gender=Masc|Number=Sing,30.0,compound:smixut,"(99, 102)",זוג,
32,רמקולים,NOUN,NOUN,Gender=Masc|Number=Plur,31.0,compound:smixut,"(103, 110)",רמקול,
"(33, 34)",במקומות,,,,,,"(111, 118)",,"[{'id': 33, 'text': 'ב', 'upos': 'ADP', 'xpos': 'ADP', 'head': 34, 'deprel': 'case', 'lemma': 'ב'}, {'id': 34, 'text': 'מקומות', 'upos': 'NOUN', 'xpos': 'NOUN', 'feats': 'Gender=Masc|Number=Plur', 'head': 30, 'deprel': 'nmod', 'lemma': 'מקום'}]"
35,שונים,ADJ,ADJ,Gender=Masc|Number=Plur,34.0,amod,"(119, 124)",שונה,
36,",",PUNCT,PUNCT,,18.0,punct,"(124, 125)",",",
37,3,NUM,NUM,,39.0,dep,"(126, 127)",3,
38,),PUNCT,PUNCT,,37.0,punct,"(127, 128)",),
39,הנחתה,NOUN,NOUN,Gender=Fem|HebSource=ConvUncertainHead|Number=Sing,20.0,conj,"(129, 134)",הנחתה,
"(40, 41)",בפאזות,,,,,,"(135, 141)",,"[{'id': 40, 'text': 'ב', 'upos': 'ADP', 'xpos': 'ADP', 'head': 41, 'deprel': 'case', 'lemma': 'ב'}, {'id': 41, 'text': 'פאזות', 'upos': 'NOUN', 'xpos': 'NOUN', 'feats': 'Gender=Fem|Number=Plur', 'head': 39, 'deprel': 'nmod', 'lemma': 'פאזות'}]"
42,שונות,ADJ,ADJ,Gender=Fem|Number=Plur,41.0,amod,"(142, 147)",שונה,
1,3,NUM,NUM,,0.0,root,"(1, 2)",3,
1,4,NUM,NUM,,0.0,root,"(1, 2)",4,
1,1,NUM,NUM,,0.0,root,"(0, 1)",1,
1,1,NUM,NUM,,16.0,dep,"(0, 1)",1,
2,הנחתה,NOUN,NOUN,Gender=Fem|Number=Sing,16.0,nsubj,"(2, 7)",הנחתה,
"(3, 4)",בתדרים,,,,,,"(8, 14)",,"[{'id': 3, 'text': 'ב', 'upos': 'ADP', 'xpos': 'ADP', 'head': 4, 'deprel': 'case', 'lemma': 'ב'}, {'id': 4, 'text': 'תדרים', 'upos': 'NOUN', 'xpos': 'NOUN', 'feats': 'Gender=Masc|Number=Plur', 'head': 2, 'deprel': 'nmod', 'lemma': 'תדר'}]"
5,שונים,ADJ,ADJ,Gender=Masc|Number=Plur,4.0,amod,"(15, 20)",שונה,
"(6, 7)",לבדיקת,,,,,,"(21, 27)",,"[{'id': 6, 'text': 'ל', 'upos': 'ADP', 'xpos': 'ADP', 'head': 7, 'deprel': 'case', 'lemma': 'ל'}, {'id': 7, 'text': 'בדיקת', 'upos': 'NOUN', 'xpos': 'NOUN', 'feats': 'Definite=Cons|Gender=Fem|Number=Sing', 'head': 2, 'deprel': 'nmod', 'lemma': 'בדיקה'}]"
"(8, 9)",ההשפעה,,,,,,"(28, 34)",,"[{'id': 8, 'text': 'ה', 'upos': 'DET', 'xpos': 'DET', 'feats': 'PronType=Art', 'head': 9, 'deprel': 'det:def', 'lemma': 'ה'}, {'id': 9, 'text': 'השפעה', 'upos': 'NOUN', 'xpos': 'NOUN', 'feats': 'Gender=Fem|Number=Sing', 'head': 7, 'deprel': 'compound:smixut', 'lemma': 'השפעה'}]"
10,של,ADP,ADP,Case=Gen,11.0,case:gen,"(35, 37)",של,
11,תדר,NOUN,NOUN,Definite=Cons|Gender=Masc|Number=Sing,9.0,nmod:poss,"(38, 41)",תדר,
"(12, 13)",המקור,,,,,,"(42, 47)",,"[{'id': 12, 'text': 'ה', 'upos': 'DET', 'xpos': 'DET', 'feats': 'PronType=Art', 'head': 13, 'deprel': 'det:def', 'lemma': 'ה'}, {'id': 13, 'text': 'מקור', 'upos': 'NOUN', 'xpos': 'NOUN', 'feats': 'Gender=Masc|Number=Sing', 'head': 11, 'deprel': 'compound:smixut', 'lemma': 'מקור'}]"
"(14, 15)",המשני,,,,,,"(48, 53)",,"[{'id': 14, 'text': 'ה', 'upos': 'DET', 'xpos': 'DET', 'feats': 'PronType=Art', 'head': 15, 'deprel': 'det:def', 'lemma': 'ה'}, {'id': 15, 'text': 'משני', 'upos': 'NUM', 'xpos': 'NUM', 'feats': 'Gender=Masc|Number=Sing', 'head': 11, 'deprel': 'amod', 'lemma': 'משני'}]"
16,בדקנו,VERB,VERB,"Gender=Fem,Masc|HebBinyan=PAAL|Number=Plur|Person=3|Tense=Past|Voice=Act",0.0,root,"(54, 59)",בדק,
"(17, 18)",בעזרת,,,,,,"(60, 65)",,"[{'id': 17, 'text': 'ב', 'upos': 'ADP', 'xpos': 'ADP', 'head': 18, 'deprel': 'case', 'lemma': 'ב'}, {'id': 18, 'text': 'עזרת', 'upos': 'NOUN', 'xpos': 'NOUN', 'feats': 'Definite=Cons|Gender=Fem|Number=Sing', 'head': 16, 'deprel': 'obl', 'lemma': 'עזרה'}]"
19,שתי,NUM,NUM,Definite=Cons|Gender=Fem|Number=Plur,20.0,nummod,"(66, 69)",שתי,
20,דוגמאות,NOUN,NOUN,Gender=Fem|Number=Plur,18.0,compound:smixut,"(70, 77)",דוגמה,
"(1, 2)",בראשונה,,,,,,"(1, 8)",,"[{'id': 1, 'text': 'ב', 'upos': 'ADP', 'xpos': 'ADP', 'head': 2, 'deprel': 'case', 'lemma': 'ב'}, {'id': 2, 'text': 'ראשונה', 'upos': 'PROPN', 'xpos': 'PROPN', 'feats': 'Gender=Fem|Number=Sing', 'head': 3, 'deprel': 'obl', 'lemma': 'ראשונה'}]"
3,מיקמנו,VERB,VERB,"Gender=Fem,Masc|HebBinyan=PIEL|Number=Plur|Person=1|Tense=Past|Voice=Act",0.0,root,"(9, 15)",ייקם,
4,שני,NUM,NUM,Definite=Cons|Gender=Masc|Number=Plur,5.0,nummod,"(16, 19)",שני,
5,רעשים,NOUN,NOUN,Gender=Masc|Number=Plur,3.0,obj,"(20, 25)",רעש,
6,משניים,ADJ,ADJ,Gender=Masc|Number=Plur,5.0,amod,"(26, 32)",משני,
"(7, 8)",בפינות,,,,,,"(33, 39)",,"[{'id': 7, 'text': 'ב', 'upos': 'ADP', 'xpos': 'ADP', 'head': 8, 'deprel': 'case', 'lemma': 'ב'}, {'id': 8, 'text': 'פינות', 'upos': 'NOUN', 'xpos': 'NOUN', 'feats': 'Definite=Cons|Gender=Fem|Number=Plur', 'head': 3, 'deprel': 'obl', 'lemma': 'פינות'}]"
"(9, 10)",החדר,,,,,,"(40, 44)",,"[{'id': 9, 'text': 'ה', 'upos': 'DET', 'xpos': 'DET', 'feats': 'PronType=Art', 'head': 10, 'deprel': 'det:def', 'lemma': 'ה'}, {'id': 10, 'text': 'חדר', 'upos': 'NOUN', 'xpos': 'NOUN', 'feats': 'Gender=Masc|Number=Sing', 'head': 8, 'deprel': 'compound:smixut', 'lemma': 'חדר'}]"
11,של,ADP,ADP,Case=Gen,13.0,case:gen,"(45, 47)",של,
"(12, 13)",הקיר,,,,,,"(48, 52)",,"[{'id': 12, 'text': 'ה', 'upos': 'DET', 'xpos': 'DET', 'feats': 'PronType=Art', 'head': 13, 'deprel': 'det:def', 'lemma': 'ה'}, {'id': 13, 'text': 'קיר', 'upos': 'NOUN', 'xpos': 'NOUN', 'feats': 'Gender=Masc|Number=Sing', 'head': 8, 'deprel': 'nmod:poss', 'lemma': 'קיר'}]"
14,מול,ADP,ADP,,16.0,case,"(53, 56)",מול,
"(15, 16)",החלון,,,,,,"(57, 62)",,"[{'id': 15, 'text': 'ה', 'upos': 'DET', 'xpos': 'DET', 'feats': 'PronType=Art', 'head': 16, 'deprel': 'det:def', 'lemma': 'ה'}, {'id': 16, 'text': 'חלון', 'upos': 'NOUN', 'xpos': 'NOUN', 'feats': 'Gender=Masc|Number=Sing', 'head': 8, 'deprel': 'nmod', 'lemma': 'חלון'}]"
"(17, 18)",וייצגנו,,,,,,"(63, 70)",,"[{'id': 17, 'text': 'ו', 'upos': 'CCONJ', 'xpos': 'CCONJ', 'head': 18, 'deprel': 'cc', 'lemma': 'ו'}, {'id': 18, 'text': 'ייצגנו', 'upos': 'VERB', 'xpos': 'VERB', 'feats': 'Gender=Fem,Masc|HebBinyan=PIEL|Number=Plur|Person=1|Tense=Past|Voice=Act', 'head': 3, 'deprel': 'conj', 'lemma': 'ניצג'}]"
19,כל,DET,DET,Definite=Cons,20.0,det,"(71, 73)",כול,
20,מקור,NOUN,NOUN,Gender=Masc|Number=Sing,18.0,obj,"(74, 78)",מקור,
21,(,PUNCT,PUNCT,,22.0,punct,"(79, 80)",(,
22,רמקול,NOUN,NOUN,Gender=Masc|Number=Sing,20.0,appos,"(80, 85)",רמקול,
23,),PUNCT,PUNCT,,22.0,punct,"(85, 86)",),
24,על,ADP,ADP,,27.0,case,"(87, 89)",על,
25,ידי,NOUN,NOUN,Definite=Cons|Gender=Fem|Number=Plur,24.0,fixed,"(90, 93)",יד,
26,שלושה,NUM,NUM,Gender=Masc|Number=Sing,27.0,nummod,"(94, 99)",שלושה,
27,צמתים,NOUN,NOUN,Gender=Masc|Number=Plur,18.0,obl,"(100, 105)",צמת,
"(28, 29)",שעוצמת,,,,,,"(106, 112)",,"[{'id': 28, 'text': 'ש', 'upos': 'SCONJ', 'xpos': 'SCONJ', 'head': 34, 'deprel': 'mark', 'lemma': 'ש'}, {'id': 29, 'text': 'עוצמת', 'upos': 'NOUN', 'xpos': 'NOUN', 'feats': 'Definite=Cons|Gender=Fem|Number=Sing', 'head': 34, 'deprel': 'nsubj', 'lemma': 'עוצמה'}]"
"(30, 31)",הרעש,,,,,,"(113, 117)",,"[{'id': 30, 'text': 'ה', 'upos': 'DET', 'xpos': 'DET', 'feats': 'PronType=Art', 'head': 31, 'deprel': 'det:def', 'lemma': 'ה'}, {'id': 31, 'text': 'רעש', 'upos': 'NOUN', 'xpos': 'NOUN', 'feats': 'Gender=Masc|Number=Sing', 'head': 29, 'deprel': 'compound:smixut', 'lemma': 'רעש'}]"
"(32, 33)",בהם,,,,,,"(118, 121)",,"[{'id': 32, 'text': 'ב_', 'upos': 'ADP', 'xpos': 'ADP', 'head': 33, 'deprel': 'case', 'lemma': 'ב'}, {'id': 33, 'text': '_הם', 'upos': 'PRON', 'xpos': 'PRON', 'feats': 'Gender=Masc|Number=Plur|Person=3|PronType=Prs', 'head': 27, 'deprel': 'acl:relcl', 'lemma': 'הוא'}]"
34,0,NUM,NUM,,27.0,acl:relcl,"(122, 123)",0,
1,01,NUM,NUM,,2.0,nummod,"(0, 2)",01,
2,Pa,NUM,NUM,,5.0,nmod,"(3, 5)",Pa,
"(3, 5)",ובפאזה,,,,,,"(6, 12)",,"[{'id': 3, 'text': 'ו', 'upos': 'CCONJ', 'xpos': 'CCONJ', 'head': 5, 'deprel': 'cc', 'lemma': 'ו'}, {'id': 4, 'text': 'ב', 'upos': 'ADP', 'xpos': 'ADP', 'head': 5, 'deprel': 'case', 'lemma': 'ב'}, {'id': 5, 'text': 'פאזה', 'upos': 'NOUN', 'xpos': 'NOUN', 'feats': 'Gender=Fem|Number=Sing', 'head': 0, 'deprel': 'root', 'lemma': 'פאזה'}]"
6,של,ADP,ADP,Case=Gen,8.0,case:gen,"(13, 15)",של,
7,180,NUM,NUM,,8.0,nummod,"(16, 19)",180,
8,°,NOUN,NOUN,,5.0,nmod:poss,"(19, 20)",°,
1,פילוג,NOUN,NOUN,Definite=Cons|Gender=Masc|Number=Sing,23.0,nsubj,"(1, 6)",פילוג,
2,עוצמות,NOUN,NOUN,Definite=Cons|Gender=Fem|Number=Plur,1.0,compound:smixut,"(7, 13)",עוצמה,
"(3, 4)",הרעש,,,,,,"(14, 18)",,"[{'id': 3, 'text': 'ה', 'upos': 'DET', 'xpos': 'DET', 'feats': 'PronType=Art', 'head': 4, 'deprel': 'det:def', 'lemma': 'ה'}, {'id': 4, 'text': 'רעש', 'upos': 'NOUN', 'xpos': 'NOUN', 'feats': 'Gender=Masc|Number=Sing', 'head': 2, 'deprel': 'compound:smixut', 'lemma': 'רעש'}]"
5,עקב,CCONJ,CCONJ,,6.0,case,"(19, 22)",עקב,
6,פעולה,NOUN,NOUN,Gender=Fem|Number=Sing,1.0,nmod,"(23, 28)",פעולה,
7,משולבת,ADJ,ADJ,Gender=Fem|Number=Sing,6.0,amod,"(29, 35)",משולב,
8,של,ADP,ADP,Case=Gen,9.0,case:gen,"(36, 38)",של,
9,מקורות,NOUN,NOUN,Definite=Cons|Gender=Masc|Number=Plur,6.0,nmod,"(39, 45)",מקור,
"(10, 11)",הרעש,,,,,,"(46, 50)",,"[{'id': 10, 'text': 'ה', 'upos': 'DET', 'xpos': 'DET', 'feats': 'PronType=Art', 'head': 11, 'deprel': 'det:def', 'lemma': 'ה'}, {'id': 11, 'text': 'רעש', 'upos': 'NOUN', 'xpos': 'NOUN', 'feats': 'Gender=Masc|Number=Sing', 'head': 9, 'deprel': 'compound:smixut', 'lemma': 'רעש'}]"
"(12, 13)",הראשוני,,,,,,"(51, 58)",,"[{'id': 12, 'text': 'ה', 'upos': 'DET', 'xpos': 'DET', 'feats': 'PronType=Art', 'head': 13, 'deprel': 'det:def', 'lemma': 'ה'}, {'id': 13, 'text': 'ראשוני', 'upos': 'ADJ', 'xpos': 'ADJ', 'feats': 'Gender=Masc|Number=Sing', 'head': 9, 'deprel': 'amod', 'lemma': 'ראשוני'}]"
"(14, 16)",והמשניים,,,,,,"(59, 67)",,"[{'id': 14, 'text': 'ו', 'upos': 'CCONJ', 'xpos': 'CCONJ', 'head': 16, 'deprel': 'cc', 'lemma': 'ו'}, {'id': 15, 'text': 'ה', 'upos': 'DET', 'xpos': 'DET', 'feats': 'PronType=Art', 'head': 16, 'deprel': 'det:def', 'lemma': 'ה'}, {'id': 16, 'text': 'משניים', 'upos': 'ADJ', 'xpos': 'ADJ', 'feats': 'Gender=Masc|Number=Plur', 'head': 13, 'deprel': 'conj', 'lemma': 'משני'}]"
17,עבור,ADP,ADP,,20.0,case,"(68, 72)",עבור,
18,שלושת,NUM,NUM,Definite=Cons|Gender=Masc|Number=Sing,20.0,nummod,"(73, 78)",שלושת,
"(19, 20)",התדרים,,,,,,"(79, 85)",,"[{'id': 19, 'text': 'ה', 'upos': 'DET', 'xpos': 'DET', 'feats': 'PronType=Art', 'head': 20, 'deprel': 'det:def', 'lemma': 'ה'}, {'id': 20, 'text': 'תדרים', 'upos': 'NOUN', 'xpos': 'NOUN', 'feats': 'Gender=Masc|Number=Plur', 'head': 9, 'deprel': 'nmod', 'lemma': 'תדר'}]"
"(21, 22)",האופייניים,,,,,,"(86, 96)",,"[{'id': 21, 'text': 'ה', 'upos': 'DET', 'xpos': 'DET', 'feats': 'PronType=Art', 'head': 22, 'deprel': 'det:def', 'lemma': 'ה'}, {'id': 22, 'text': 'אופייניים', 'upos': 'ADJ', 'xpos': 'ADJ', 'feats': 'Gender=Masc|Number=Plur', 'head': 20, 'deprel': 'amod', 'lemma': 'אופייני'}]"
23,מתוארת,VERB,VERB,"Gender=Fem|HebBinyan=PUAL|Number=Sing|Person=1,2,3|VerbForm=Part|Voice=Pass",0.0,root,"(97, 103)",תואר,
"(24, 25)",בציור,,,,,,"(104, 109)",,"[{'id': 24, 'text': 'ב', 'upos': 'ADP', 'xpos': 'ADP', 'head': 25, 'deprel': 'case', 'lemma': 'ב'}, {'id': 25, 'text': 'ציור', 'upos': 'NOUN', 'xpos': 'NOUN', 'feats': 'Gender=Masc|Number=Sing', 'head': 23, 'deprel': 'obl', 'lemma': 'ציור'}]"
26,14,NUM,NUM,,25.0,nummod,"(110, 112)",14,
1,תדרים,NOUN,NOUN,Gender=Masc|Number=Plur,6.0,dep,"(1, 6)",תדר,
2,24,NUM,NUM,,1.0,dep,"(7, 9)",24,
3,",",PUNCT,PUNCT,,2.0,punct,"(9, 10)",",",
4,36,NUM,NUM,,2.0,dep,"(10, 12)",36,
5,Hz,NOUN,NOUN,Gender=Masc|HebSource=ConvUncertainHead|Number=Plur,2.0,dep,"(13, 15)",Hz,
6,נראית,VERB,VERB,"Gender=Fem|HebBinyan=NIFAL|Number=Sing|Person=1,2,3|VerbForm=Part|Voice=Mid",0.0,root,"(16, 21)",נראה,
"(7, 8)",הנחתה,,,,,,"(22, 27)",,"[{'id': 7, 'text': 'ה', 'upos': 'DET', 'xpos': 'DET', 'feats': 'PronType=Art', 'head': 8, 'deprel': 'det:def', 'lemma': 'ה'}, {'id': 8, 'text': 'נחתה', 'upos': 'NOUN', 'xpos': 'NOUN', 'feats': 'Gender=Fem|Number=Sing', 'head': 6, 'deprel': 'nsubj', 'lemma': 'נחת'}]"
"(9, 10)",באזור,,,,,,"(28, 33)",,"[{'id': 9, 'text': 'ב', 'upos': 'ADP', 'xpos': 'ADP', 'head': 10, 'deprel': 'case', 'lemma': 'ב'}, {'id': 10, 'text': 'אזור', 'upos': 'NOUN', 'xpos': 'NOUN', 'feats': 'Gender=Masc|Number=Sing', 'head': 6, 'deprel': 'obl', 'lemma': 'אזור'}]"
"(11, 12)",המרוחק,,,,,,"(34, 40)",,"[{'id': 11, 'text': 'ה', 'upos': 'DET', 'xpos': 'DET', 'feats': 'PronType=Art', 'head': 12, 'deprel': 'mark', 'lemma': 'ה'}, {'id': 12, 'text': 'מרוחק', 'upos': 'ADJ', 'xpos': 'ADJ', 'feats': 'Gender=Masc|Number=Sing', 'head': 10, 'deprel': 'acl:relcl', 'lemma': 'מרוחק'}]"
"(13, 15)",מהחלון,,,,,,"(41, 47)",,"[{'id': 13, 'text': 'מ', 'upos': 'ADP', 'xpos': 'ADP', 'head': 15, 'deprel': 'case', 'lemma': 'מ'}, {'id': 14, 'text': 'ה', 'upos': 'DET', 'xpos': 'DET', 'feats': 'PronType=Art', 'head': 15, 'deprel': 'det:def', 'lemma': 'ה'}, {'id': 15, 'text': 'חלון', 'upos': 'NOUN', 'xpos': 'NOUN', 'feats': 'Gender=Masc|Number=Sing', 'head': 12, 'deprel': 'obl', 'lemma': 'חלון'}]"
16,",",PUNCT,PUNCT,,6.0,punct,"(47, 48)",",",
17,כאשר,SCONJ,SCONJ,,25.0,mark,"(49, 53)",כאשר,
18,עבור,ADP,ADP,,19.0,case,"(54, 58)",עבור,
19,תדר,NOUN,NOUN,Definite=Cons|Gender=Masc|Number=Sing,25.0,obl,"(59, 62)",תדר,
20,24,NUM,NUM,,21.0,nummod,"(63, 65)",24,
21,Hz,NOUN,NOUN,,19.0,compound:smixut,"(66, 68)",Hz,
22,עוצמת,NOUN,NOUN,Definite=Cons|Gender=Fem|Number=Sing,25.0,nsubj,"(69, 74)",עוצמה,
"(23, 24)",ההנחתה,,,,,,"(75, 81)",,"[{'id': 23, 'text': 'ה', 'upos': 'DET', 'xpos': 'DET', 'feats': 'PronType=Art', 'head': 24, 'deprel': 'det:def', 'lemma': 'ה'}, {'id': 24, 'text': 'הנחתה', 'upos': 'NOUN', 'xpos': 'NOUN', 'feats': 'Gender=Fem|Number=Sing', 'head': 22, 'deprel': 'compound:smixut', 'lemma': 'הנחתה'}]"
25,גבוהה,ADJ,ADJ,Gender=Fem|Number=Sing,6.0,xcomp,"(82, 87)",גבוה,
26,יותר,ADV,ADV,,25.0,advmod,"(88, 92)",יותר,
"(1, 2)",בתדר,,,,,,"(1, 5)",,"[{'id': 1, 'text': 'ב', 'upos': 'ADP', 'xpos': 'ADP', 'head': 2, 'deprel': 'case', 'lemma': 'ב'}, {'id': 2, 'text': 'תדר', 'upos': 'NOUN', 'xpos': 'NOUN', 'feats': 'Definite=Cons|Gender=Masc|Number=Sing', 'head': 13, 'deprel': 'obl', 'lemma': 'תדר'}]"
3,72,NUM,NUM,,4.0,nummod,"(6, 8)",72,
4,Hz,NOUN,NOUN,,2.0,compound:smixut,"(9, 11)",Hz,
5,(,PUNCT,PUNCT,,7.0,punct,"(12, 13)",(,
"(6, 7)",שקרוב,,,,,,"(13, 18)",,"[{'id': 6, 'text': 'ש', 'upos': 'SCONJ', 'xpos': 'SCONJ', 'head': 7, 'deprel': 'mark', 'lemma': 'ש'}, {'id': 7, 'text': 'קרוב', 'upos': 'ADJ', 'xpos': 'ADJ', 'feats': 'Gender=Masc|Number=Sing', 'head': 2, 'deprel': 'appos', 'lemma': 'קרוב'}]"
"(8, 9)",לתדר,,,,,,"(19, 23)",,"[{'id': 8, 'text': 'ל', 'upos': 'ADP', 'xpos': 'ADP', 'head': 9, 'deprel': 'case', 'lemma': 'ל'}, {'id': 9, 'text': 'תדר', 'upos': 'NOUN', 'xpos': 'NOUN', 'feats': 'Definite=Cons|Gender=Masc|Number=Sing', 'head': 7, 'deprel': 'advmod', 'lemma': 'תדר'}]"
"(10, 11)",התהודה,,,,,,"(24, 30)",,"[{'id': 10, 'text': 'ה', 'upos': 'DET', 'xpos': 'DET', 'feats': 'PronType=Art', 'head': 11, 'deprel': 'det:def', 'lemma': 'ה'}, {'id': 11, 'text': 'תהודה', 'upos': 'NOUN', 'xpos': 'NOUN', 'feats': 'Gender=Fem|Number=Sing', 'head': 9, 'deprel': 'compound:smixut', 'lemma': 'תהודה'}]"
12,),PUNCT,PUNCT,,7.0,punct,"(30, 31)",),
13,ניתן,AUX,AUX,"Gender=Masc|Number=Sing|Person=1,2,3|VerbType=Mod",14.0,aux,"(32, 36)",ניתן,
14,לראות,VERB,VERB,HebBinyan=PAAL|VerbForm=Inf|Voice=Act,0.0,root,"(37, 42)",ראה,
"(15, 16)",שגם,,,,,,"(43, 46)",,"[{'id': 15, 'text': 'ש', 'upos': 'SCONJ', 'xpos': 'SCONJ', 'head': 29, 'deprel': 'mark', 'lemma': 'ש'}, {'id': 16, 'text': 'גם', 'upos': 'ADV', 'xpos': 'ADV', 'head': 17, 'deprel': 'advmod', 'lemma': 'גם'}]"
"(17, 18)",בקיר,,,,,,"(47, 51)",,"[{'id': 17, 'text': 'ב', 'upos': 'ADP', 'xpos': 'ADP', 'head': 18, 'deprel': 'case', 'lemma': 'ב'}, {'id': 18, 'text': 'קיר', 'upos': 'NOUN', 'xpos': 'NOUN', 'feats': 'Gender=Masc|Number=Sing', 'head': 29, 'deprel': 'obl', 'lemma': 'קיר'}]"
19,מול,ADP,ADP,,21.0,case,"(52, 55)",מול,
"(20, 21)",החלון,,,,,,"(56, 61)",,"[{'id': 20, 'text': 'ה', 'upos': 'DET', 'xpos': 'DET', 'feats': 'PronType=Art', 'head': 21, 'deprel': 'det:def', 'lemma': 'ה'}, {'id': 21, 'text': 'חלון', 'upos': 'NOUN', 'xpos': 'NOUN', 'feats': 'Gender=Masc|Number=Sing', 'head': 18, 'deprel': 'nmod', 'lemma': 'חלון'}]"
"(22, 23)",וגם,,,,,,"(62, 65)",,"[{'id': 22, 'text': 'ו', 'upos': 'CCONJ', 'xpos': 'CCONJ', 'head': 25, 'deprel': 'cc', 'lemma': 'ו'}, {'id': 23, 'text': 'גם', 'upos': 'ADV', 'xpos': 'ADV', 'head': 24, 'deprel': 'advmod', 'lemma': 'גם'}]"
"(24, 25)",באזור,,,,,,"(66, 71)",,"[{'id': 24, 'text': 'ב', 'upos': 'ADP', 'xpos': 'ADP', 'head': 25, 'deprel': 'case', 'lemma': 'ב'}, {'id': 25, 'text': 'אזור', 'upos': 'NOUN', 'xpos': 'NOUN', 'feats': 'Definite=Cons|Gender=Masc|Number=Sing', 'head': 18, 'deprel': 'conj', 'lemma': 'אזור'}]"
"(26, 27)",החלון,,,,,,"(72, 77)",,"[{'id': 26, 'text': 'ה', 'upos': 'DET', 'xpos': 'DET', 'feats': 'PronType=Art', 'head': 27, 'deprel': 'det:def', 'lemma': 'ה'}, {'id': 27, 'text': 'חלון', 'upos': 'NOUN', 'xpos': 'NOUN', 'feats': 'Gender=Masc|Number=Sing', 'head': 25, 'deprel': 'compound:smixut', 'lemma': 'חלון'}]"
28,עצמו,PRON,PRON,Gender=Masc|Number=Sing|Person=3|PronType=Emp|Reflex=Yes,25.0,nmod,"(78, 82)",עצמו,
29,יש,VERB,VERB,HebExistential=True,14.0,advcl,"(83, 85)",יש,
30,עליה,NOUN,NOUN,Gender=Fem|Number=Sing,29.0,nsubj,"(86, 90)",עלייה,
"(31, 32)",בעוצמת,,,,,,"(91, 97)",,"[{'id': 31, 'text': 'ב', 'upos': 'ADP', 'xpos': 'ADP', 'head': 32, 'deprel': 'case', 'lemma': 'ב'}, {'id': 32, 'text': 'עוצמת', 'upos': 'NOUN', 'xpos': 'NOUN', 'feats': 'Definite=Cons|Gender=Fem|Number=Sing', 'head': 30, 'deprel': 'nmod', 'lemma': 'עוצמה'}]"
"(33, 34)",הרעש,,,,,,"(98, 102)",,"[{'id': 33, 'text': 'ה', 'upos': 'DET', 'xpos': 'DET', 'feats': 'PronType=Art', 'head': 34, 'deprel': 'det:def', 'lemma': 'ה'}, {'id': 34, 'text': 'רעש', 'upos': 'NOUN', 'xpos': 'NOUN', 'feats': 'Gender=Masc|Number=Sing', 'head': 32, 'deprel': 'compound:smixut', 'lemma': 'רעש'}]"
"(1, 2)",בדוגמה,,,,,,"(1, 7)",,"[{'id': 1, 'text': 'ב', 'upos': 'ADP', 'xpos': 'ADP', 'head': 2, 'deprel': 'case', 'lemma': 'ב'}, {'id': 2, 'text': 'דוגמה', 'upos': 'NOUN', 'xpos': 'NOUN', 'feats': 'Gender=Fem|Number=Sing', 'head': 5, 'deprel': 'obl', 'lemma': 'דוגמה'}]"
"(3, 4)",השניה,,,,,,"(8, 13)",,"[{'id': 3, 'text': 'ה', 'upos': 'DET', 'xpos': 'DET', 'feats': 'PronType=Art', 'head': 4, 'deprel': 'det:def', 'lemma': 'ה'}, {'id': 4, 'text': 'שניה', 'upos': 'NUM', 'xpos': 'NUM', 'feats': 'Gender=Fem|Number=Sing', 'head': 2, 'deprel': 'amod', 'lemma': 'שניה'}]"
5,בדקנו,VERB,VERB,"Gender=Fem,Masc|HebBinyan=PAAL|Number=Plur|Person=1|Tense=Past|Voice=Act",0.0,root,"(14, 19)",בדק,
6,את,ADP,ADP,Case=Acc,7.0,case:acc,"(20, 22)",את,
7,השפעת,NOUN,NOUN,Definite=Cons|Gender=Fem|Number=Sing,5.0,obj,"(23, 28)",השפעה,
"(8, 9)",התדירות,,,,,,"(29, 36)",,"[{'id': 8, 'text': 'ה', 'upos': 'DET', 'xpos': 'DET', 'feats': 'PronType=Art', 'head': 9, 'deprel': 'det:def', 'lemma': 'ה'}, {'id': 9, 'text': 'תדירות', 'upos': 'NOUN', 'xpos': 'NOUN', 'feats': 'Gender=Fem|Number=Sing', 'head': 7, 'deprel': 'compound:smixut', 'lemma': 'תדירות'}]"
10,עבור,ADP,ADP,,12.0,case,"(37, 41)",עבור,
11,ארבעה,NUM,NUM,Gender=Masc|Number=Sing,12.0,nummod,"(42, 47)",ארבעה,
12,מקורות,NOUN,NOUN,Definite=Cons|Gender=Masc|Number=Plur,7.0,nmod,"(48, 54)",מקור,
13,רעש,NOUN,NOUN,Gender=Masc|Number=Sing,12.0,compound:smixut,"(55, 58)",רעש,
14,משני,ADJ,ADJ,Gender=Masc|Number=Sing,12.0,amod,"(59, 63)",משני,
15,(,PUNCT,PUNCT,,16.0,punct,"(64, 65)",(,
16,רמקולים,NOUN,NOUN,Gender=Masc|Number=Plur,12.0,appos,"(65, 72)",רמקול,
17,),PUNCT,PUNCT,,16.0,punct,"(72, 73)",),
"(18, 19)",שמוקמו,,,,,,"(74, 80)",,"[{'id': 18, 'text': 'ש', 'upos': 'SCONJ', 'xpos': 'SCONJ', 'head': 19, 'deprel': 'mark', 'lemma': 'ש'}, {'id': 19, 'text': 'מוקמו', 'upos': 'VERB', 'xpos': 'VERB', 'feats': 'Gender=Fem,Masc|HebBinyan=PUAL|Number=Plur|Person=3|Tense=Past|Voice=Pass', 'head': 12, 'deprel': 'acl:relcl', 'lemma': 'הוקם'}]"
"(20, 21)",בארבעת,,,,,,"(81, 87)",,"[{'id': 20, 'text': 'ב', 'upos': 'ADP', 'xpos': 'ADP', 'head': 22, 'deprel': 'case', 'lemma': 'ב'}, {'id': 21, 'text': 'ארבעת', 'upos': 'NUM', 'xpos': 'NUM', 'feats': 'Definite=Cons|Gender=Fem|Number=Sing', 'head': 22, 'deprel': 'nummod', 'lemma': 'ארבעת'}]"
22,פינות,NOUN,NOUN,Definite=Cons|Gender=Fem|Number=Plur,19.0,obl,"(88, 93)",פינות,
"(23, 24)",החדר,,,,,,"(94, 98)",,"[{'id': 23, 'text': 'ה', 'upos': 'DET', 'xpos': 'DET', 'feats': 'PronType=Art', 'head': 24, 'deprel': 'det:def', 'lemma': 'ה'}, {'id': 24, 'text': 'חדר', 'upos': 'NOUN', 'xpos': 'NOUN', 'feats': 'Gender=Masc|Number=Sing', 'head': 22, 'deprel': 'compound:smixut', 'lemma': 'חדר'}]"
1,כל,DET,DET,Definite=Cons,2.0,det,"(1, 3)",כול,
2,רמקול,NOUN,NOUN,Gender=Masc|Number=Sing,3.0,nsubj,"(4, 9)",רמקול,
3,יוצג,VERB,VERB,Gender=Masc|HebBinyan=HITPAEL|Number=Sing|Person=3|Tense=Fut,0.0,root,"(10, 14)",יצג,
4,על,ADP,ADP,,7.0,case,"(15, 17)",על,
5,ידי,NOUN,NOUN,Definite=Cons|Gender=Fem|Number=Plur,4.0,fixed,"(18, 21)",יד,
6,שלושה,NUM,NUM,Gender=Masc|Number=Sing,7.0,nummod,"(22, 27)",שלושה,
7,צמתים,NOUN,NOUN,Gender=Masc|Number=Plur,3.0,obl,"(28, 33)",צמת,
"(8, 9)",בעוצמת,,,,,,"(34, 40)",,"[{'id': 8, 'text': 'ב', 'upos': 'ADP', 'xpos': 'ADP', 'head': 9, 'deprel': 'case', 'lemma': 'ב'}, {'id': 9, 'text': 'עוצמת', 'upos': 'NOUN', 'xpos': 'NOUN', 'feats': 'Definite=Cons|Gender=Fem|Number=Sing', 'head': 3, 'deprel': 'obl', 'lemma': 'עוצמה'}]"
"(10, 11)",הרעש,,,,,,"(41, 45)",,"[{'id': 10, 'text': 'ה', 'upos': 'DET', 'xpos': 'DET', 'feats': 'PronType=Art', 'head': 11, 'deprel': 'det:def', 'lemma': 'ה'}, {'id': 11, 'text': 'רעש', 'upos': 'NOUN', 'xpos': 'NOUN', 'feats': 'Gender=Masc|Number=Sing', 'head': 9, 'deprel': 'compound:smixut', 'lemma': 'רעש'}]"
12,של,ADP,ADP,Case=Gen,13.0,case:gen,"(46, 48)",של,
13,0,NUM,NUM,,9.0,nmod:poss,"(49, 50)",0,
1,01,NUM,NUM,,2.0,nummod,"(0, 2)",01,
2,Pa,NUM,NUM,,5.0,nmod,"(3, 5)",Pa,
"(3, 5)",ובפאזה,,,,,,"(6, 12)",,"[{'id': 3, 'text': 'ו', 'upos': 'CCONJ', 'xpos': 'CCONJ', 'head': 5, 'deprel': 'cc', 'lemma': 'ו'}, {'id': 4, 'text': 'ב', 'upos': 'ADP', 'xpos': 'ADP', 'head': 5, 'deprel': 'case', 'lemma': 'ב'}, {'id': 5, 'text': 'פאזה', 'upos': 'NOUN', 'xpos': 'NOUN', 'feats': 'Gender=Fem|Number=Sing', 'head': 0, 'deprel': 'root', 'lemma': 'פאזה'}]"
6,של,ADP,ADP,Case=Gen,8.0,case:gen,"(13, 15)",של,
7,180,NUM,NUM,,8.0,nummod,"(16, 19)",180,
8,°,NOUN,NOUN,,5.0,nmod:poss,"(19, 20)",°,
"(1, 2)",התוצאות,,,,,,"(1, 8)",,"[{'id': 1, 'text': 'ה', 'upos': 'DET', 'xpos': 'DET', 'feats': 'PronType=Art', 'head': 2, 'deprel': 'det:def', 'lemma': 'ה'}, {'id': 2, 'text': 'תוצאות', 'upos': 'NOUN', 'xpos': 'NOUN', 'feats': 'Gender=Fem|Number=Plur', 'head': 3, 'deprel': 'nsubj', 'lemma': 'תוצאה'}]"
3,מוצגות,VERB,VERB,"Gender=Fem|HebBinyan=HUFAL|Number=Plur|Person=1,2,3|VerbForm=Part|Voice=Pass",0.0,root,"(9, 15)",הוצג,
"(4, 5)",בציור,,,,,,"(16, 21)",,"[{'id': 4, 'text': 'ב', 'upos': 'ADP', 'xpos': 'ADP', 'head': 5, 'deprel': 'case', 'lemma': 'ב'}, {'id': 5, 'text': 'ציור', 'upos': 'NOUN', 'xpos': 'NOUN', 'feats': 'Gender=Masc|Number=Sing', 'head': 3, 'deprel': 'obl', 'lemma': 'ציור'}]"
6,15,NUM,NUM,,5.0,compound:smixut,"(22, 24)",15,
1,עבור,ADP,ADP,,3.0,case,"(1, 5)",עבור,
"(2, 3)",התדרים,,,,,,"(6, 12)",,"[{'id': 2, 'text': 'ה', 'upos': 'DET', 'xpos': 'DET', 'feats': 'PronType=Art', 'head': 3, 'deprel': 'det:def', 'lemma': 'ה'}, {'id': 3, 'text': 'תדרים', 'upos': 'NOUN', 'xpos': 'NOUN', 'feats': 'Gender=Masc|Number=Plur', 'head': 8, 'deprel': 'obl', 'lemma': 'תדר'}]"
4,24,NUM,NUM,,3.0,nmod,"(13, 15)",24,
5,",",PUNCT,PUNCT,,4.0,punct,"(15, 16)",",",
6,36,NUM,NUM,,4.0,dep,"(16, 18)",36,
7,Hz,NOUN,NOUN,HebSource=ConvUncertainHead,4.0,dep,"(19, 21)",Hz,
8,נראית,VERB,VERB,"Gender=Fem|HebBinyan=NIFAL|Number=Sing|Person=1,2,3|VerbForm=Part|Voice=Mid",0.0,root,"(22, 27)",נראה,
"(9, 10)",הנחתה,,,,,,"(28, 33)",,"[{'id': 9, 'text': 'ה', 'upos': 'DET', 'xpos': 'DET', 'feats': 'PronType=Art', 'head': 10, 'deprel': 'det:def', 'lemma': 'ה'}, {'id': 10, 'text': 'נחתה', 'upos': 'NOUN', 'xpos': 'NOUN', 'feats': 'Gender=Fem|Number=Sing', 'head': 8, 'deprel': 'nsubj', 'lemma': 'נחת'}]"
"(11, 12)",באזור,,,,,,"(34, 39)",,"[{'id': 11, 'text': 'ב', 'upos': 'ADP', 'xpos': 'ADP', 'head': 12, 'deprel': 'case', 'lemma': 'ב'}, {'id': 12, 'text': 'אזור', 'upos': 'NOUN', 'xpos': 'NOUN', 'feats': 'Definite=Cons|Gender=Masc|Number=Sing', 'head': 8, 'deprel': 'obl', 'lemma': 'אזור'}]"
13,מרכז,NOUN,NOUN,Definite=Cons|Gender=Masc|Number=Sing,12.0,compound:smixut,"(40, 44)",מרכז,
"(14, 15)",החדר,,,,,,"(45, 49)",,"[{'id': 14, 'text': 'ה', 'upos': 'DET', 'xpos': 'DET', 'feats': 'PronType=Art', 'head': 15, 'deprel': 'det:def', 'lemma': 'ה'}, {'id': 15, 'text': 'חדר', 'upos': 'NOUN', 'xpos': 'NOUN', 'feats': 'Gender=Masc|Number=Sing', 'head': 13, 'deprel': 'compound:smixut', 'lemma': 'חדר'}]"
16,",",PUNCT,PUNCT,,8.0,punct,"(49, 50)",",",
17,כאשר,SCONJ,SCONJ,,25.0,mark,"(51, 55)",כאשר,
18,עבור,ADP,ADP,,19.0,case,"(56, 60)",עבור,
19,תדר,NOUN,NOUN,Definite=Cons|Gender=Masc|Number=Sing,25.0,obl,"(61, 64)",תדר,
20,24,NUM,NUM,,21.0,nummod,"(65, 67)",24,
21,Hz,NOUN,NOUN,,19.0,compound:smixut,"(68, 70)",Hz,
22,עוצמת,NOUN,NOUN,Definite=Cons|Gender=Fem|Number=Sing,25.0,nsubj,"(71, 76)",עוצמה,
"(23, 24)",ההנחתה,,,,,,"(77, 83)",,"[{'id': 23, 'text': 'ה', 'upos': 'DET', 'xpos': 'DET', 'feats': 'PronType=Art', 'head': 24, 'deprel': 'det:def', 'lemma': 'ה'}, {'id': 24, 'text': 'הנחתה', 'upos': 'NOUN', 'xpos': 'NOUN', 'feats': 'Gender=Fem|Number=Sing', 'head': 22, 'deprel': 'compound:smixut', 'lemma': 'הנחתה'}]"
25,גבוהה,ADJ,ADJ,Gender=Fem|Number=Sing,8.0,xcomp,"(84, 89)",גבוה,
26,יותר,ADV,ADV,,25.0,advmod,"(90, 94)",יותר,
"(1, 2)",בתדר,,,,,,"(1, 5)",,"[{'id': 1, 'text': 'ב', 'upos': 'ADP', 'xpos': 'ADP', 'head': 2, 'deprel': 'case', 'lemma': 'ב'}, {'id': 2, 'text': 'תדר', 'upos': 'NOUN', 'xpos': 'NOUN', 'feats': 'Definite=Cons|Gender=Masc|Number=Sing', 'head': 5, 'deprel': 'obl', 'lemma': 'תדר'}]"
3,72,NUM,NUM,,4.0,nummod,"(6, 8)",72,
4,Hz,NOUN,NOUN,,2.0,compound:smixut,"(9, 11)",Hz,
5,ניתן,AUX,AUX,"Gender=Masc|Number=Sing|Person=1,2,3|VerbType=Mod",6.0,aux,"(12, 16)",ניתן,
6,לראות,VERB,VERB,HebBinyan=PAAL|VerbForm=Inf|Voice=Act,0.0,root,"(17, 22)",ראה,
7,עליה,NOUN,NOUN,Gender=Fem|Number=Sing,6.0,obj,"(23, 27)",עלייה,
"(8, 9)",בעוצמת,,,,,,"(28, 34)",,"[{'id': 8, 'text': 'ב', 'upos': 'ADP', 'xpos': 'ADP', 'head': 9, 'deprel': 'case', 'lemma': 'ב'}, {'id': 9, 'text': 'עוצמת', 'upos': 'NOUN', 'xpos': 'NOUN', 'feats': 'Definite=Cons|Gender=Fem|Number=Sing', 'head': 7, 'deprel': 'nmod', 'lemma': 'עוצמה'}]"
"(10, 11)",הרעש,,,,,,"(35, 39)",,"[{'id': 10, 'text': 'ה', 'upos': 'DET', 'xpos': 'DET', 'feats': 'PronType=Art', 'head': 11, 'deprel': 'det:def', 'lemma': 'ה'}, {'id': 11, 'text': 'רעש', 'upos': 'NOUN', 'xpos': 'NOUN', 'feats': 'Gender=Masc|Number=Sing', 'head': 9, 'deprel': 'compound:smixut', 'lemma': 'רעש'}]"
"(12, 13)",בשלוש,,,,,,"(40, 45)",,"[{'id': 12, 'text': 'ב', 'upos': 'ADP', 'xpos': 'ADP', 'head': 14, 'deprel': 'case', 'lemma': 'ב'}, {'id': 13, 'text': 'שלוש', 'upos': 'NUM', 'xpos': 'NUM', 'feats': 'Definite=Cons|Gender=Fem|Number=Sing', 'head': 14, 'deprel': 'nummod', 'lemma': 'שלוש'}]"
14,פינות,NOUN,NOUN,Definite=Cons|Gender=Fem|Number=Plur,9.0,nmod,"(46, 51)",פינות,
"(15, 16)",החדר,,,,,,"(52, 56)",,"[{'id': 15, 'text': 'ה', 'upos': 'DET', 'xpos': 'DET', 'feats': 'PronType=Art', 'head': 16, 'deprel': 'det:def', 'lemma': 'ה'}, {'id': 16, 'text': 'חדר', 'upos': 'NOUN', 'xpos': 'NOUN', 'feats': 'Gender=Masc|Number=Sing', 'head': 14, 'deprel': 'compound:smixut', 'lemma': 'חדר'}]"
"(17, 18)",וגם,,,,,,"(57, 60)",,"[{'id': 17, 'text': 'ו', 'upos': 'CCONJ', 'xpos': 'CCONJ', 'head': 20, 'deprel': 'cc', 'lemma': 'ו'}, {'id': 18, 'text': 'גם', 'upos': 'ADV', 'xpos': 'ADV', 'head': 19, 'deprel': 'advmod', 'lemma': 'גם'}]"
"(19, 20)",בקרבת,,,,,,"(61, 66)",,"[{'id': 19, 'text': 'ב', 'upos': 'ADP', 'xpos': 'ADP', 'head': 20, 'deprel': 'case', 'lemma': 'ב'}, {'id': 20, 'text': 'קרבת', 'upos': 'NOUN', 'xpos': 'NOUN', 'feats': 'Definite=Cons|Gender=Fem|Number=Sing', 'head': 14, 'deprel': 'conj', 'lemma': 'קרבה'}]"
"(21, 22)",החלון,,,,,,"(67, 72)",,"[{'id': 21, 'text': 'ה', 'upos': 'DET', 'xpos': 'DET', 'feats': 'PronType=Art', 'head': 22, 'deprel': 'det:def', 'lemma': 'ה'}, {'id': 22, 'text': 'חלון', 'upos': 'NOUN', 'xpos': 'NOUN', 'feats': 'Gender=Masc|Number=Sing', 'head': 20, 'deprel': 'compound:smixut', 'lemma': 'חלון'}]"
1,3,NUM,NUM,,0.0,root,"(1, 2)",3,
1,4,NUM,NUM,,0.0,root,"(1, 2)",4,
1,1,NUM,NUM,,0.0,root,"(0, 1)",1,
1,2,NUM,NUM,,0.0,root,"(0, 1)",2,
1,רמקולים,NOUN,NOUN,Gender=Masc|Number=Plur,8.0,nsubj,"(1, 8)",רמקול,
"(2, 3)",במיקומים,,,,,,"(9, 17)",,"[{'id': 2, 'text': 'ב', 'upos': 'ADP', 'xpos': 'ADP', 'head': 3, 'deprel': 'case', 'lemma': 'ב'}, {'id': 3, 'text': 'מיקומים', 'upos': 'NOUN', 'xpos': 'NOUN', 'feats': 'Gender=Masc|Number=Plur', 'head': 1, 'deprel': 'nmod', 'lemma': 'מיקום'}]"
4,שונים,ADJ,ADJ,Gender=Masc|Number=Plur,3.0,amod,"(18, 23)",שונה,
"(5, 6)",בבדיקה,,,,,,"(24, 30)",,"[{'id': 5, 'text': 'ב', 'upos': 'ADP', 'xpos': 'ADP', 'head': 6, 'deprel': 'case', 'lemma': 'ב'}, {'id': 6, 'text': 'בדיקה', 'upos': 'NOUN', 'xpos': 'NOUN', 'feats': 'Gender=Fem|Number=Sing', 'head': 8, 'deprel': 'obl', 'lemma': 'בדיקה'}]"
7,זו,PRON,PRON,Gender=Fem|Number=Sing|Person=3|PronType=Dem,6.0,det,"(31, 33)",זו,
8,בדקנו,VERB,VERB,"Gender=Fem,Masc|HebBinyan=PAAL|Number=Plur|Person=3|Tense=Past|Voice=Act",0.0,root,"(34, 39)",בדק,
9,את,ADP,ADP,Case=Acc,10.0,case:acc,"(40, 42)",את,
10,פילוג,NOUN,NOUN,Definite=Cons|Gender=Masc|Number=Sing,8.0,obj,"(43, 48)",פילוג,
"(11, 12)",ההנחתה,,,,,,"(49, 55)",,"[{'id': 11, 'text': 'ה', 'upos': 'DET', 'xpos': 'DET', 'feats': 'PronType=Art', 'head': 12, 'deprel': 'det:def', 'lemma': 'ה'}, {'id': 12, 'text': 'הנחתה', 'upos': 'NOUN', 'xpos': 'NOUN', 'feats': 'Gender=Fem|Number=Sing', 'head': 10, 'deprel': 'compound:smixut', 'lemma': 'הנחתה'}]"
"(13, 14)",במרחב,,,,,,"(56, 61)",,"[{'id': 13, 'text': 'ב', 'upos': 'ADP', 'xpos': 'ADP', 'head': 14, 'deprel': 'case', 'lemma': 'ב'}, {'id': 14, 'text': 'מרחב', 'upos': 'NOUN', 'xpos': 'NOUN', 'feats': 'Definite=Cons|Gender=Masc|Number=Sing', 'head': 10, 'deprel': 'nmod', 'lemma': 'מרחב'}]"
"(15, 16)",החדר,,,,,,"(62, 66)",,"[{'id': 15, 'text': 'ה', 'upos': 'DET', 'xpos': 'DET', 'feats': 'PronType=Art', 'head': 16, 'deprel': 'det:def', 'lemma': 'ה'}, {'id': 16, 'text': 'חדר', 'upos': 'NOUN', 'xpos': 'NOUN', 'feats': 'Gender=Masc|Number=Sing', 'head': 14, 'deprel': 'compound:smixut', 'lemma': 'חדר'}]"
17,על,ADP,ADP,,19.0,case,"(67, 69)",על,
18,־ידי,NOUN,NOUN,Definite=Cons|Gender=Fem|Number=Plur,17.0,fixed,"(69, 73)",יד,
19,מיקום,NOUN,NOUN,Definite=Cons|Gender=Masc|Number=Sing,8.0,obl,"(74, 79)",מיקום,
20,זוג,NOUN,NOUN,Definite=Cons|Gender=Masc|Number=Sing,19.0,compound:smixut,"(80, 83)",זוג,
21,מקורות,NOUN,NOUN,Definite=Cons|Gender=Masc|Number=Plur,20.0,compound:smixut,"(84, 90)",מקור,
22,רעש,NOUN,NOUN,Gender=Masc|Number=Sing,21.0,compound:smixut,"(91, 94)",רעש,
23,משני,ADJ,ADJ,Gender=Masc|Number=Sing,21.0,amod,"(95, 99)",משני,
24,(,PUNCT,PUNCT,,25.0,punct,"(100, 101)",(,
25,רמקולים,NOUN,NOUN,Gender=Masc|Number=Plur,20.0,appos,"(101, 108)",רמקול,
26,),PUNCT,PUNCT,,25.0,punct,"(108, 109)",),
"(27, 28)",במיקומים,,,,,,"(110, 118)",,"[{'id': 27, 'text': 'ב', 'upos': 'ADP', 'xpos': 'ADP', 'head': 28, 'deprel': 'case', 'lemma': 'ב'}, {'id': 28, 'text': 'מיקומים', 'upos': 'NOUN', 'xpos': 'NOUN', 'feats': 'Gender=Masc|Number=Plur', 'head': 19, 'deprel': 'nmod', 'lemma': 'מיקום'}]"
29,שונים,ADJ,ADJ,Gender=Masc|Number=Plur,28.0,amod,"(119, 124)",שונה,
"(30, 31)",בחדר,,,,,,"(125, 129)",,"[{'id': 30, 'text': 'ב', 'upos': 'ADP', 'xpos': 'ADP', 'head': 31, 'deprel': 'case', 'lemma': 'ב'}, {'id': 31, 'text': 'חדר', 'upos': 'NOUN', 'xpos': 'NOUN', 'feats': 'Gender=Masc|Number=Sing', 'head': 28, 'deprel': 'nmod', 'lemma': 'חדר'}]"
"(1, 2)",הרמקולים,,,,,,"(1, 9)",,"[{'id': 1, 'text': 'ה', 'upos': 'DET', 'xpos': 'DET', 'feats': 'PronType=Art', 'head': 2, 'deprel': 'det:def', 'lemma': 'ה'}, {'id': 2, 'text': 'רמקולים', 'upos': 'NOUN', 'xpos': 'NOUN', 'feats': 'Gender=Masc|Number=Plur', 'head': 3, 'deprel': 'nsubj', 'lemma': 'רמקול'}]"
3,מוקמו,VERB,VERB,"Gender=Fem,Masc|HebBinyan=PUAL|Number=Plur|Person=3|Tense=Past|Voice=Pass",0.0,root,"(10, 15)",הוקם,
"(4, 5)",בקיר,,,,,,"(16, 20)",,"[{'id': 4, 'text': 'ב', 'upos': 'ADP', 'xpos': 'ADP', 'head': 5, 'deprel': 'case', 'lemma': 'ב'}, {'id': 5, 'text': 'קיר', 'upos': 'NOUN', 'xpos': 'NOUN', 'feats': 'Gender=Masc|Number=Sing', 'head': 3, 'deprel': 'obl', 'lemma': 'קיר'}]"
6,של,ADP,ADP,Case=Gen,8.0,case:gen,"(21, 23)",של,
"(7, 8)",החלון,,,,,,"(24, 29)",,"[{'id': 7, 'text': 'ה', 'upos': 'DET', 'xpos': 'DET', 'feats': 'PronType=Art', 'head': 8, 'deprel': 'det:def', 'lemma': 'ה'}, {'id': 8, 'text': 'חלון', 'upos': 'NOUN', 'xpos': 'NOUN', 'feats': 'Gender=Masc|Number=Sing', 'head': 5, 'deprel': 'nmod:poss', 'lemma': 'חלון'}]"
"(9, 10)",משני,,,,,,"(30, 34)",,"[{'id': 9, 'text': 'מ', 'upos': 'ADP', 'xpos': 'ADP', 'head': 11, 'deprel': 'case', 'lemma': 'מ'}, {'id': 10, 'text': 'שני', 'upos': 'NUM', 'xpos': 'NUM', 'feats': 'Definite=Cons|Gender=Masc|Number=Plur', 'head': 11, 'deprel': 'nummod', 'lemma': 'שני'}]"
"(11, 13)",צדדיו,,,,,,"(35, 40)",,"[{'id': 11, 'text': 'צדד_', 'upos': 'NOUN', 'xpos': 'NOUN', 'feats': 'Definite=Def|Gender=Masc|Number=Plur', 'head': 5, 'deprel': 'nmod', 'lemma': 'צדד'}, {'id': 12, 'text': '_של_', 'upos': 'ADP', 'xpos': 'ADP', 'head': 13, 'deprel': 'case:gen', 'lemma': 'של'}, {'id': 13, 'text': '_הוא', 'upos': 'PRON', 'xpos': 'PRON', 'feats': 'Case=Gen|Gender=Masc|Number=Sing|Person=3|PronType=Prs', 'head': 11, 'deprel': 'nmod:poss', 'lemma': 'הוא'}]"
14,או,CCONJ,CCONJ,,18.0,cc,"(41, 43)",או,
"(15, 16)",בשני,,,,,,"(44, 48)",,"[{'id': 15, 'text': 'ב', 'upos': 'ADP', 'xpos': 'ADP', 'head': 18, 'deprel': 'case', 'lemma': 'ב'}, {'id': 16, 'text': 'שני', 'upos': 'NUM', 'xpos': 'NUM', 'feats': 'Definite=Cons|Gender=Masc|Number=Plur', 'head': 18, 'deprel': 'nummod', 'lemma': 'שני'}]"
"(17, 18)",הקירות,,,,,,"(49, 55)",,"[{'id': 17, 'text': 'ה', 'upos': 'DET', 'xpos': 'DET', 'feats': 'PronType=Art', 'head': 18, 'deprel': 'det:def', 'lemma': 'ה'}, {'id': 18, 'text': 'קירות', 'upos': 'NOUN', 'xpos': 'NOUN', 'feats': 'Gender=Masc|Number=Plur', 'head': 5, 'deprel': 'conj', 'lemma': 'קיר'}]"
"(19, 20)",הניצבים,,,,,,"(56, 63)",,"[{'id': 19, 'text': 'ה', 'upos': 'SCONJ', 'xpos': 'SCONJ', 'head': 20, 'deprel': 'mark', 'lemma': 'ה'}, {'id': 20, 'text': 'ניצבים', 'upos': 'VERB', 'xpos': 'VERB', 'feats': 'Gender=Masc|HebBinyan=NIFAL|Number=Plur|Person=1,2,3|VerbForm=Part|Voice=Mid', 'head': 18, 'deprel': 'acl:relcl', 'lemma': 'ניצב'}]"
"(21, 23)",לקיר,,,,,,"(64, 68)",,"[{'id': 21, 'text': 'ל', 'upos': 'ADP', 'xpos': 'ADP', 'head': 23, 'deprel': 'case', 'lemma': 'ל'}, {'id': 22, 'text': 'ה_', 'upos': 'DET', 'xpos': 'DET', 'feats': 'PronType=Art', 'head': 23, 'deprel': 'det:def', 'lemma': 'ה'}, {'id': 23, 'text': 'קיר', 'upos': 'NOUN', 'xpos': 'NOUN', 'feats': 'Gender=Masc|Number=Sing', 'head': 20, 'deprel': 'obl', 'lemma': 'קיר'}]"
"(24, 25)",החלון,,,,,,"(69, 74)",,"[{'id': 24, 'text': 'ה', 'upos': 'DET', 'xpos': 'DET', 'feats': 'PronType=Art', 'head': 25, 'deprel': 'det:def', 'lemma': 'ה'}, {'id': 25, 'text': 'חלון', 'upos': 'NOUN', 'xpos': 'NOUN', 'feats': 'Gender=Masc|Number=Sing', 'head': 20, 'deprel': 'dep', 'lemma': 'חלון'}]"
"(1, 2)",בדוגמאות,,,,,,"(1, 9)",,"[{'id': 1, 'text': 'ב', 'upos': 'ADP', 'xpos': 'ADP', 'head': 2, 'deprel': 'case', 'lemma': 'ב'}, {'id': 2, 'text': 'דוגמאות', 'upos': 'NOUN', 'xpos': 'NOUN', 'feats': 'Gender=Fem|Number=Plur', 'head': 4, 'deprel': 'obl', 'lemma': 'דוגמה'}]"
3,אלו,PRON,PRON,"Gender=Fem,Masc|Number=Plur|Person=3|PronType=Dem",2.0,det,"(10, 13)",אלו,
4,ייצגנו,VERB,VERB,"Gender=Fem,Masc|HebBinyan=PIEL|Number=Plur|Person=1|Tense=Past|Voice=Act",0.0,root,"(14, 20)",ניצג,
5,כל,DET,DET,Definite=Cons,6.0,det,"(21, 23)",כול,
6,רמקול,NOUN,NOUN,Gender=Masc|Number=Sing,4.0,obj,"(24, 29)",רמקול,
7,על,ADP,ADP,,10.0,case,"(30, 32)",על,
8,ידי,NOUN,NOUN,Definite=Cons|Gender=Fem|Number=Plur,7.0,fixed,"(33, 36)",יד,
9,שני,NUM,NUM,Definite=Cons|Gender=Masc|Number=Plur,10.0,nummod,"(37, 40)",שני,
10,צמתים,NOUN,NOUN,Gender=Masc|Number=Plur,4.0,obl,"(41, 46)",צמת,
"(11, 12)",בעוצמת,,,,,,"(47, 53)",,"[{'id': 11, 'text': 'ב', 'upos': 'ADP', 'xpos': 'ADP', 'head': 12, 'deprel': 'case', 'lemma': 'ב'}, {'id': 12, 'text': 'עוצמת', 'upos': 'NOUN', 'xpos': 'NOUN', 'feats': 'Definite=Cons|Gender=Fem|Number=Sing', 'head': 4, 'deprel': 'obl', 'lemma': 'עוצמה'}]"
13,רעש,NOUN,NOUN,Gender=Masc|Number=Sing,12.0,compound:smixut,"(54, 57)",רעש,
14,של,ADP,ADP,Case=Gen,15.0,case:gen,"(58, 60)",של,
15,0,NUM,NUM,,12.0,nmod:poss,"(61, 62)",0,
1,01,NUM,NUM,,2.0,nummod,"(0, 2)",01,
2,Pa,NUM,NUM,,5.0,nmod,"(3, 5)",Pa,
"(3, 5)",ובפאזה,,,,,,"(6, 12)",,"[{'id': 3, 'text': 'ו', 'upos': 'CCONJ', 'xpos': 'CCONJ', 'head': 5, 'deprel': 'cc', 'lemma': 'ו'}, {'id': 4, 'text': 'ב', 'upos': 'ADP', 'xpos': 'ADP', 'head': 5, 'deprel': 'case', 'lemma': 'ב'}, {'id': 5, 'text': 'פאזה', 'upos': 'NOUN', 'xpos': 'NOUN', 'feats': 'Gender=Fem|Number=Sing', 'head': 0, 'deprel': 'root', 'lemma': 'פאזה'}]"
6,של,ADP,ADP,Case=Gen,8.0,case:gen,"(13, 15)",של,
7,180,NUM,NUM,,8.0,nummod,"(16, 19)",180,
8,°,NOUN,NOUN,,5.0,nmod:poss,"(19, 20)",°,
"(1, 2)",בדוגמאות,,,,,,"(1, 9)",,"[{'id': 1, 'text': 'ב', 'upos': 'ADP', 'xpos': 'ADP', 'head': 2, 'deprel': 'case', 'lemma': 'ב'}, {'id': 2, 'text': 'דוגמאות', 'upos': 'NOUN', 'xpos': 'NOUN', 'feats': 'Gender=Fem|Number=Plur', 'head': 4, 'deprel': 'obl', 'lemma': 'דוגמה'}]"
3,אלו,PRON,PRON,"Gender=Fem,Masc|Number=Plur|Person=3|PronType=Dem",2.0,det,"(10, 13)",אלו,
4,קבלנו,VERB,VERB,"Gender=Fem,Masc|HebBinyan=PIEL|Number=Plur|Person=1|Tense=Past|Voice=Act",0.0,root,"(14, 19)",קבל,
5,הנחתת,NOUN,NOUN,Definite=Cons|Gender=Fem|Number=Sing,4.0,obj,"(20, 25)",הנחתה,
6,רעש,NOUN,NOUN,Gender=Masc|Number=Sing,5.0,compound:smixut,"(26, 29)",רעש,
"(7, 8)",בכל,,,,,,"(30, 33)",,"[{'id': 7, 'text': 'ב', 'upos': 'ADP', 'xpos': 'ADP', 'head': 9, 'deprel': 'case', 'lemma': 'ב'}, {'id': 8, 'text': 'כל', 'upos': 'DET', 'xpos': 'DET', 'feats': 'Definite=Cons', 'head': 9, 'deprel': 'det', 'lemma': 'כול'}]"
9,מרחב,NOUN,NOUN,Definite=Cons|Gender=Masc|Number=Sing,5.0,nmod,"(34, 38)",מרחב,
"(10, 11)",החדר,,,,,,"(39, 43)",,"[{'id': 10, 'text': 'ה', 'upos': 'DET', 'xpos': 'DET', 'feats': 'PronType=Art', 'head': 11, 'deprel': 'det:def', 'lemma': 'ה'}, {'id': 11, 'text': 'חדר', 'upos': 'NOUN', 'xpos': 'NOUN', 'feats': 'Gender=Masc|Number=Sing', 'head': 9, 'deprel': 'compound:smixut', 'lemma': 'חדר'}]"
12,",",PUNCT,PUNCT,,5.0,punct,"(43, 44)",",",
13,כולל,VERB,VERB,"Gender=Masc|HebBinyan=PAAL|Number=Sing|Person=1,2,3|VerbForm=Part|Voice=Act",9.0,appos,"(45, 49)",כלל,
"(14, 15)",בתדר,,,,,,"(50, 54)",,"[{'id': 14, 'text': 'ב', 'upos': 'ADP', 'xpos': 'ADP', 'head': 15, 'deprel': 'case', 'lemma': 'ב'}, {'id': 15, 'text': 'תדר', 'upos': 'NOUN', 'xpos': 'NOUN', 'feats': 'Gender=Masc|Number=Sing', 'head': 13, 'deprel': 'obl', 'lemma': 'תדר'}]"
16,של,ADP,ADP,Case=Gen,18.0,case:gen,"(55, 57)",של,
17,72,NUM,NUM,,18.0,nummod,"(58, 60)",72,
18,Hz,NOUN,NOUN,,15.0,nmod:poss,"(61, 63)",Hz,
19,(,PUNCT,PUNCT,,21.0,punct,"(64, 65)",(,
"(20, 21)",שקרוב,,,,,,"(65, 70)",,"[{'id': 20, 'text': 'ש', 'upos': 'SCONJ', 'xpos': 'SCONJ', 'head': 21, 'deprel': 'mark', 'lemma': 'ש'}, {'id': 21, 'text': 'קרוב', 'upos': 'ADJ', 'xpos': 'ADJ', 'feats': 'Gender=Masc|Number=Sing', 'head': 15, 'deprel': 'appos', 'lemma': 'קרוב'}]"
"(22, 23)",לתדר,,,,,,"(71, 75)",,"[{'id': 22, 'text': 'ל', 'upos': 'ADP', 'xpos': 'ADP', 'head': 23, 'deprel': 'case', 'lemma': 'ל'}, {'id': 23, 'text': 'תדר', 'upos': 'NOUN', 'xpos': 'NOUN', 'feats': 'Definite=Cons|Gender=Masc|Number=Sing', 'head': 21, 'deprel': 'advmod', 'lemma': 'תדר'}]"
24,תהודה,NOUN,NOUN,Gender=Fem|Number=Sing,23.0,compound:smixut,"(76, 81)",תהודה,
25,),PUNCT,PUNCT,,21.0,punct,"(81, 82)",),
26,כפי,SCONJ,SCONJ,,28.0,mark,"(83, 86)",כפי,
"(27, 28)",שניתן,,,,,,"(87, 92)",,"[{'id': 27, 'text': 'ש', 'upos': 'SCONJ', 'xpos': 'SCONJ', 'head': 26, 'deprel': 'fixed', 'lemma': 'ש'}, {'id': 28, 'text': 'ניתן', 'upos': 'AUX', 'xpos': 'AUX', 'feats': 'Gender=Masc|Number=Sing|Person=1,2,3|VerbType=Mod', 'head': 29, 'deprel': 'advcl', 'lemma': 'ניתן'}]"
29,לראות,VERB,VERB,HebBinyan=PAAL|VerbForm=Inf|Voice=Act,13.0,advcl,"(93, 98)",ראה,
30,;,PUNCT,PUNCT,,4.0,dep,"(99, 100)",;,
"(31, 32)",בציור,,,,,,"(100, 105)",,"[{'id': 31, 'text': 'ב', 'upos': 'ADP', 'xpos': 'ADP', 'head': 32, 'deprel': 'case', 'lemma': 'ב'}, {'id': 32, 'text': 'ציור', 'upos': 'NOUN', 'xpos': 'NOUN', 'feats': 'Gender=Masc|Number=Sing', 'head': 28, 'deprel': 'obl', 'lemma': 'ציור'}]"
33,16,NUM,NUM,,32.0,nummod,"(106, 108)",16,
"(1, 2)",בכל,,,,,,"(1, 4)",,"[{'id': 1, 'text': 'ב', 'upos': 'ADP', 'xpos': 'ADP', 'head': 4, 'deprel': 'case', 'lemma': 'ב'}, {'id': 2, 'text': 'כל', 'upos': 'DET', 'xpos': 'DET', 'feats': 'Definite=Cons', 'head': 4, 'deprel': 'det', 'lemma': 'כול'}]"
"(3, 4)",המקרים,,,,,,"(5, 11)",,"[{'id': 3, 'text': 'ה', 'upos': 'DET', 'xpos': 'DET', 'feats': 'PronType=Art', 'head': 4, 'deprel': 'det:def', 'lemma': 'ה'}, {'id': 4, 'text': 'מקרים', 'upos': 'NOUN', 'xpos': 'NOUN', 'feats': 'Gender=Masc|Number=Plur', 'head': 5, 'deprel': 'obl', 'lemma': 'מקרה'}]"
5,מתקבל,VERB,VERB,"Gender=Masc|HebBinyan=HITPAEL|Number=Sing|Person=1,2,3|VerbForm=Part",0.0,root,"(12, 17)",התקבל,
6,פילוג,NOUN,NOUN,Definite=Cons|Gender=Masc|Number=Sing,5.0,nsubj,"(18, 23)",פילוג,
"(7, 8)",ההנחתה,,,,,,"(24, 30)",,"[{'id': 7, 'text': 'ה', 'upos': 'DET', 'xpos': 'DET', 'feats': 'PronType=Art', 'head': 8, 'deprel': 'det:def', 'lemma': 'ה'}, {'id': 8, 'text': 'הנחתה', 'upos': 'NOUN', 'xpos': 'NOUN', 'feats': 'Gender=Fem|Number=Sing', 'head': 9, 'deprel': 'nsubj', 'lemma': 'הנחתה'}]"
9,דומה,ADJ,ADJ,Gender=Masc|Number=Sing,5.0,advcl,"(31, 35)",דומה,
"(1, 3)",גודלו,,,,,,"(1, 6)",,"[{'id': 1, 'text': 'גודל_', 'upos': 'NOUN', 'xpos': 'NOUN', 'feats': 'Definite=Def|Gender=Masc|Number=Sing', 'head': 4, 'deprel': 'nsubj', 'lemma': 'גודל'}, {'id': 2, 'text': '_של_', 'upos': 'ADP', 'xpos': 'ADP', 'head': 3, 'deprel': 'case:gen', 'lemma': 'של'}, {'id': 3, 'text': '_הוא', 'upos': 'PRON', 'xpos': 'PRON', 'feats': 'Case=Gen|Gender=Masc|Number=Sing|Person=3|PronType=Prs', 'head': 1, 'deprel': 'nmod:poss', 'lemma': 'הוא'}]"
4,יורד,VERB,VERB,"Gender=Masc|HebBinyan=PAAL|Number=Sing|Person=1,2,3|VerbForm=Part|Voice=Act",0.0,root,"(7, 11)",ירד,
"(5, 6)",מאזור,,,,,,"(12, 17)",,"[{'id': 5, 'text': 'מ', 'upos': 'ADP', 'xpos': 'ADP', 'head': 6, 'deprel': 'case', 'lemma': 'מ'}, {'id': 6, 'text': 'אזור', 'upos': 'NOUN', 'xpos': 'NOUN', 'feats': 'Definite=Cons|Gender=Masc|Number=Sing', 'head': 4, 'deprel': 'obl', 'lemma': 'אזור'}]"
"(7, 8)",החלון,,,,,,"(18, 23)",,"[{'id': 7, 'text': 'ה', 'upos': 'DET', 'xpos': 'DET', 'feats': 'PronType=Art', 'head': 8, 'deprel': 'det:def', 'lemma': 'ה'}, {'id': 8, 'text': 'חלון', 'upos': 'NOUN', 'xpos': 'NOUN', 'feats': 'Gender=Masc|Number=Sing', 'head': 6, 'deprel': 'compound:smixut', 'lemma': 'חלון'}]"
"(9, 10)",ומתייצב,,,,,,"(24, 31)",,"[{'id': 9, 'text': 'ו', 'upos': 'CCONJ', 'xpos': 'CCONJ', 'head': 10, 'deprel': 'cc', 'lemma': 'ו'}, {'id': 10, 'text': 'מתייצב', 'upos': 'VERB', 'xpos': 'VERB', 'feats': 'Gender=Masc|HebBinyan=HITPAEL|Number=Sing|Person=1,2,3|VerbForm=Part', 'head': 4, 'deprel': 'conj', 'lemma': 'התייצב'}]"
"(11, 12)",בהנחתה,,,,,,"(32, 38)",,"[{'id': 11, 'text': 'ב', 'upos': 'ADP', 'xpos': 'ADP', 'head': 12, 'deprel': 'case', 'lemma': 'ב'}, {'id': 12, 'text': 'הנחתה', 'upos': 'NOUN', 'xpos': 'NOUN', 'feats': 'Gender=Fem|Number=Sing', 'head': 10, 'deprel': 'obl', 'lemma': 'הנחתה'}]"
13,אחידה,ADJ,ADJ,Gender=Fem|Number=Sing,12.0,amod,"(39, 44)",אחיד,
"(14, 15)",באזור,,,,,,"(45, 50)",,"[{'id': 14, 'text': 'ב', 'upos': 'ADP', 'xpos': 'ADP', 'head': 15, 'deprel': 'case', 'lemma': 'ב'}, {'id': 15, 'text': 'אזור', 'upos': 'NOUN', 'xpos': 'NOUN', 'feats': 'Gender=Masc|Number=Sing', 'head': 12, 'deprel': 'nmod', 'lemma': 'אזור'}]"
"(16, 17)",הרחוק,,,,,,"(51, 56)",,"[{'id': 16, 'text': 'ה', 'upos': 'DET', 'xpos': 'DET', 'feats': 'PronType=Art', 'head': 17, 'deprel': 'det:def', 'lemma': 'ה'}, {'id': 17, 'text': 'רחוק', 'upos': 'ADJ', 'xpos': 'ADJ', 'feats': 'Gender=Masc|Number=Sing', 'head': 15, 'deprel': 'acl:relcl', 'lemma': 'רחוק'}]"
"(18, 20)",מהחלון,,,,,,"(57, 63)",,"[{'id': 18, 'text': 'מ', 'upos': 'ADP', 'xpos': 'ADP', 'head': 20, 'deprel': 'case', 'lemma': 'מ'}, {'id': 19, 'text': 'ה', 'upos': 'DET', 'xpos': 'DET', 'feats': 'PronType=Art', 'head': 20, 'deprel': 'det:def', 'lemma': 'ה'}, {'id': 20, 'text': 'חלון', 'upos': 'NOUN', 'xpos': 'NOUN', 'feats': 'Gender=Masc|Number=Sing', 'head': 17, 'deprel': 'advmod', 'lemma': 'חלון'}]"
1,כאשר,SCONJ,SCONJ,,4.0,mark,"(1, 5)",כאשר,
"(2, 3)",הרמקולים,,,,,,"(6, 14)",,"[{'id': 2, 'text': 'ה', 'upos': 'DET', 'xpos': 'DET', 'feats': 'PronType=Art', 'head': 3, 'deprel': 'det:def', 'lemma': 'ה'}, {'id': 3, 'text': 'רמקולים', 'upos': 'NOUN', 'xpos': 'NOUN', 'feats': 'Gender=Masc|Number=Plur', 'head': 4, 'deprel': 'nsubj', 'lemma': 'רמקול'}]"
4,מוקמו,VERB,VERB,"Gender=Fem,Masc|Number=Plur|Person=3|Tense=Past",16.0,advcl,"(15, 20)",הוקם,
"(5, 7)",בקירות,,,,,,"(21, 27)",,"[{'id': 5, 'text': 'ב', 'upos': 'ADP', 'xpos': 'ADP', 'head': 7, 'deprel': 'case', 'lemma': 'ב'}, {'id': 6, 'text': 'ה_', 'upos': 'DET', 'xpos': 'DET', 'feats': 'PronType=Art', 'head': 7, 'deprel': 'det:def', 'lemma': 'ה'}, {'id': 7, 'text': 'קירות', 'upos': 'NOUN', 'xpos': 'NOUN', 'feats': 'Gender=Masc|Number=Plur', 'head': 4, 'deprel': 'obl', 'lemma': 'קיר'}]"
"(8, 9)",הניצבים,,,,,,"(28, 35)",,"[{'id': 8, 'text': 'ה', 'upos': 'SCONJ', 'xpos': 'SCONJ', 'head': 9, 'deprel': 'mark', 'lemma': 'ה'}, {'id': 9, 'text': 'ניצבים', 'upos': 'VERB', 'xpos': 'VERB', 'feats': 'Gender=Masc|HebBinyan=NIFAL|Number=Plur|Person=1,2,3|VerbForm=Part|Voice=Mid', 'head': 7, 'deprel': 'acl:relcl', 'lemma': 'ניצב'}]"
"(10, 12)",לקיר,,,,,,"(36, 40)",,"[{'id': 10, 'text': 'ל', 'upos': 'ADP', 'xpos': 'ADP', 'head': 12, 'deprel': 'case', 'lemma': 'ל'}, {'id': 11, 'text': 'ה_', 'upos': 'DET', 'xpos': 'DET', 'feats': 'PronType=Art', 'head': 12, 'deprel': 'det:def', 'lemma': 'ה'}, {'id': 12, 'text': 'קיר', 'upos': 'NOUN', 'xpos': 'NOUN', 'feats': 'Gender=Masc|Number=Sing', 'head': 9, 'deprel': 'obl', 'lemma': 'קיר'}]"
"(13, 14)",החלון,,,,,,"(41, 46)",,"[{'id': 13, 'text': 'ה', 'upos': 'DET', 'xpos': 'DET', 'feats': 'PronType=Art', 'head': 14, 'deprel': 'det:def', 'lemma': 'ה'}, {'id': 14, 'text': 'חלון', 'upos': 'NOUN', 'xpos': 'NOUN', 'feats': 'Gender=Masc|Number=Sing', 'head': 12, 'deprel': 'nmod', 'lemma': 'חלון'}]"
15,",",PUNCT,PUNCT,,16.0,punct,"(46, 47)",",",
16,התקבלה,VERB,VERB,Gender=Fem|HebBinyan=HITPAEL|Number=Sing|Person=3|Tense=Past,0.0,root,"(48, 54)",התקבל,
"(17, 18)",ההנחתה,,,,,,"(55, 61)",,"[{'id': 17, 'text': 'ה', 'upos': 'DET', 'xpos': 'DET', 'feats': 'PronType=Art', 'head': 18, 'deprel': 'det:def', 'lemma': 'ה'}, {'id': 18, 'text': 'הנחתה', 'upos': 'NOUN', 'xpos': 'NOUN', 'feats': 'Gender=Fem|Number=Sing', 'head': 16, 'deprel': 'nsubj', 'lemma': 'הנחתה'}]"
19,גבוהה,ADJ,ADJ,Gender=Fem|Number=Sing,18.0,amod,"(62, 67)",גבוה,
20,יותר,ADV,ADV,,19.0,advmod,"(68, 72)",יותר,
"(21, 22)",באזור,,,,,,"(73, 78)",,"[{'id': 21, 'text': 'ב', 'upos': 'ADP', 'xpos': 'ADP', 'head': 22, 'deprel': 'case', 'lemma': 'ב'}, {'id': 22, 'text': 'אזור', 'upos': 'NOUN', 'xpos': 'NOUN', 'feats': 'Definite=Cons|Gender=Masc|Number=Sing', 'head': 16, 'deprel': 'obl', 'lemma': 'אזור'}]"
"(23, 24)",הקיר,,,,,,"(79, 83)",,"[{'id': 23, 'text': 'ה', 'upos': 'DET', 'xpos': 'DET', 'feats': 'PronType=Art', 'head': 24, 'deprel': 'det:def', 'lemma': 'ה'}, {'id': 24, 'text': 'קיר', 'upos': 'NOUN', 'xpos': 'NOUN', 'feats': 'Gender=Masc|Number=Sing', 'head': 22, 'deprel': 'compound:smixut', 'lemma': 'קיר'}]"
"(25, 26)",שמול,,,,,,"(84, 88)",,"[{'id': 25, 'text': 'ש', 'upos': 'SCONJ', 'xpos': 'SCONJ', 'head': 28, 'deprel': 'case', 'lemma': 'ש'}, {'id': 26, 'text': 'מול', 'upos': 'ADP', 'xpos': 'ADP', 'head': 28, 'deprel': 'case', 'lemma': 'מול'}]"
"(27, 28)",החלון,,,,,,"(89, 94)",,"[{'id': 27, 'text': 'ה', 'upos': 'DET', 'xpos': 'DET', 'feats': 'PronType=Art', 'head': 28, 'deprel': 'det:def', 'lemma': 'ה'}, {'id': 28, 'text': 'חלון', 'upos': 'NOUN', 'xpos': 'NOUN', 'feats': 'Gender=Masc|Number=Sing', 'head': 22, 'deprel': 'acl:relcl', 'lemma': 'חלון'}]"
1,לעומת,ADP,ADP,,2.0,case,"(1, 6)",לעומת,
2,זאת,PRON,PRON,Gender=Fem|Number=Sing|Person=3|PronType=Dem,15.0,obl,"(7, 10)",זאת,
3,",",PUNCT,PUNCT,,15.0,punct,"(10, 11)",",",
4,מיקום,NOUN,NOUN,Definite=Cons|Gender=Masc|Number=Sing,15.0,nsubj,"(12, 17)",מיקום,
"(5, 6)",הרמקולים,,,,,,"(18, 26)",,"[{'id': 5, 'text': 'ה', 'upos': 'DET', 'xpos': 'DET', 'feats': 'PronType=Art', 'head': 6, 'deprel': 'det:def', 'lemma': 'ה'}, {'id': 6, 'text': 'רמקולים', 'upos': 'NOUN', 'xpos': 'NOUN', 'feats': 'Gender=Masc|Number=Plur', 'head': 4, 'deprel': 'compound:smixut', 'lemma': 'רמקול'}]"
"(7, 8)",משני,,,,,,"(27, 31)",,"[{'id': 7, 'text': 'מ', 'upos': 'ADP', 'xpos': 'ADP', 'head': 9, 'deprel': 'case', 'lemma': 'מ'}, {'id': 8, 'text': 'שני', 'upos': 'NUM', 'xpos': 'NUM', 'feats': 'Definite=Cons|Gender=Masc|Number=Plur', 'head': 9, 'deprel': 'nummod', 'lemma': 'שני'}]"
"(9, 11)",צדדיו,,,,,,"(32, 37)",,"[{'id': 9, 'text': 'צדד_', 'upos': 'NOUN', 'xpos': 'NOUN', 'feats': 'Definite=Def|Gender=Masc|Number=Plur', 'head': 4, 'deprel': 'nmod', 'lemma': 'צדד'}, {'id': 10, 'text': '_של_', 'upos': 'ADP', 'xpos': 'ADP', 'head': 11, 'deprel': 'case:gen', 'lemma': 'של'}, {'id': 11, 'text': '_הוא', 'upos': 'PRON', 'xpos': 'PRON', 'feats': 'Case=Gen|Gender=Masc|Number=Sing|Person=3|PronType=Prs', 'head': 9, 'deprel': 'nmod:poss', 'lemma': 'הוא'}]"
12,של,ADP,ADP,Case=Gen,14.0,case:gen,"(38, 40)",של,
"(13, 14)",החלון,,,,,,"(41, 46)",,"[{'id': 13, 'text': 'ה', 'upos': 'DET', 'xpos': 'DET', 'feats': 'PronType=Art', 'head': 14, 'deprel': 'det:def', 'lemma': 'ה'}, {'id': 14, 'text': 'חלון', 'upos': 'NOUN', 'xpos': 'NOUN', 'feats': 'Gender=Masc|Number=Sing', 'head': 9, 'deprel': 'nmod:poss', 'lemma': 'חלון'}]"
15,גרם,VERB,VERB,Gender=Masc|HebBinyan=PAAL|Number=Sing|Person=3|Tense=Past|Voice=Act,0.0,root,"(47, 50)",גרם,
"(16, 17)",להנחתה,,,,,,"(51, 57)",,"[{'id': 16, 'text': 'ל', 'upos': 'ADP', 'xpos': 'ADP', 'head': 17, 'deprel': 'case', 'lemma': 'ל'}, {'id': 17, 'text': 'הנחתה', 'upos': 'NOUN', 'xpos': 'NOUN', 'feats': 'Gender=Fem|Number=Sing', 'head': 15, 'deprel': 'obl', 'lemma': 'הנחתה'}]"
18,גדולה,ADJ,ADJ,Gender=Fem|Number=Sing,17.0,amod,"(58, 63)",גדול,
19,יותר,ADV,ADV,,18.0,advmod,"(64, 68)",יותר,
"(20, 21)",בסביבת,,,,,,"(69, 75)",,"[{'id': 20, 'text': 'ב', 'upos': 'ADP', 'xpos': 'ADP', 'head': 21, 'deprel': 'case', 'lemma': 'ב'}, {'id': 21, 'text': 'סביבת', 'upos': 'NOUN', 'xpos': 'NOUN', 'feats': 'Definite=Cons|Gender=Fem|Number=Sing', 'head': 17, 'deprel': 'nmod', 'lemma': 'סביבה'}]"
"(22, 23)",החלון,,,,,,"(76, 81)",,"[{'id': 22, 'text': 'ה', 'upos': 'DET', 'xpos': 'DET', 'feats': 'PronType=Art', 'head': 23, 'deprel': 'det:def', 'lemma': 'ה'}, {'id': 23, 'text': 'חלון', 'upos': 'NOUN', 'xpos': 'NOUN', 'feats': 'Gender=Masc|Number=Sing', 'head': 21, 'deprel': 'compound:smixut', 'lemma': 'חלון'}]"
24,עצמו,PRON,PRON,Gender=Masc|Number=Sing|Person=3|PronType=Emp|Reflex=Yes,23.0,nmod,"(82, 86)",עצמו,
1,3,NUM,NUM,,0.0,root,"(1, 2)",3,
1,4,NUM,NUM,,0.0,root,"(1, 2)",4,
1,1,NUM,NUM,,0.0,root,"(0, 1)",1,
1,3,NUM,NUM,,0.0,root,"(0, 1)",3,
1,הנחתה,NOUN,NOUN,Gender=Fem|Number=Sing,8.0,dep,"(1, 6)",הנחתה,
"(2, 3)",בפאזות,,,,,,"(7, 13)",,"[{'id': 2, 'text': 'ב', 'upos': 'ADP', 'xpos': 'ADP', 'head': 3, 'deprel': 'case', 'lemma': 'ב'}, {'id': 3, 'text': 'פאזות', 'upos': 'NOUN', 'xpos': 'NOUN', 'feats': 'Gender=Fem|Number=Plur', 'head': 1, 'deprel': 'nmod', 'lemma': 'פאזות'}]"
4,שונות,ADJ,ADJ,Gender=Fem|Number=Plur,3.0,amod,"(14, 19)",שונה,
"(5, 6)",בבדיקה,,,,,,"(20, 26)",,"[{'id': 5, 'text': 'ב', 'upos': 'ADP', 'xpos': 'ADP', 'head': 6, 'deprel': 'case', 'lemma': 'ב'}, {'id': 6, 'text': 'בדיקה', 'upos': 'NOUN', 'xpos': 'NOUN', 'feats': 'Gender=Fem|Number=Sing', 'head': 8, 'deprel': 'obl', 'lemma': 'בדיקה'}]"
7,זו,PRON,PRON,Gender=Fem|Number=Sing|Person=3|PronType=Dem,6.0,det,"(27, 29)",זו,
8,מוקמו,VERB,VERB,"Gender=Fem,Masc|HebBinyan=PUAL|Number=Plur|Person=3|Tense=Past|Voice=Pass",0.0,root,"(30, 35)",הוקם,
9,שני,NUM,NUM,Definite=Cons|Gender=Masc|Number=Plur,10.0,nummod,"(36, 39)",שני,
10,מקורות,NOUN,NOUN,Definite=Cons|Gender=Masc|Number=Plur,8.0,nsubj,"(40, 46)",מקור,
11,רעש,NOUN,NOUN,Gender=Masc|Number=Sing,10.0,compound:smixut,"(47, 50)",רעש,
12,(,PUNCT,PUNCT,,13.0,punct,"(51, 52)",(,
13,רמקולים,NOUN,NOUN,Gender=Masc|Number=Plur,10.0,appos,"(52, 59)",רמקול,
14,),PUNCT,PUNCT,,13.0,punct,"(59, 60)",),
"(15, 16)",בפינות,,,,,,"(61, 67)",,"[{'id': 15, 'text': 'ב', 'upos': 'ADP', 'xpos': 'ADP', 'head': 16, 'deprel': 'case', 'lemma': 'ב'}, {'id': 16, 'text': 'פינות', 'upos': 'NOUN', 'xpos': 'NOUN', 'feats': 'Definite=Cons|Gender=Fem|Number=Plur', 'head': 8, 'deprel': 'obl', 'lemma': 'פינות'}]"
"(17, 18)",הקיר,,,,,,"(68, 72)",,"[{'id': 17, 'text': 'ה', 'upos': 'DET', 'xpos': 'DET', 'feats': 'PronType=Art', 'head': 18, 'deprel': 'det:def', 'lemma': 'ה'}, {'id': 18, 'text': 'קיר', 'upos': 'NOUN', 'xpos': 'NOUN', 'feats': 'Gender=Masc|Number=Sing', 'head': 16, 'deprel': 'compound:smixut', 'lemma': 'קיר'}]"
"(19, 20)",שמול,,,,,,"(73, 77)",,"[{'id': 19, 'text': 'ש', 'upos': 'SCONJ', 'xpos': 'SCONJ', 'head': 22, 'deprel': 'case', 'lemma': 'ש'}, {'id': 20, 'text': 'מול', 'upos': 'ADP', 'xpos': 'ADP', 'head': 22, 'deprel': 'case', 'lemma': 'מול'}]"
"(21, 22)",החלון,,,,,,"(78, 83)",,"[{'id': 21, 'text': 'ה', 'upos': 'DET', 'xpos': 'DET', 'feats': 'PronType=Art', 'head': 22, 'deprel': 'det:def', 'lemma': 'ה'}, {'id': 22, 'text': 'חלון', 'upos': 'NOUN', 'xpos': 'NOUN', 'feats': 'Gender=Masc|Number=Sing', 'head': 16, 'deprel': 'acl:relcl', 'lemma': 'חלון'}]"
"(23, 24)",וכל,,,,,,"(84, 87)",,"[{'id': 23, 'text': 'ו', 'upos': 'CCONJ', 'xpos': 'CCONJ', 'head': 26, 'deprel': 'cc', 'lemma': 'ו'}, {'id': 24, 'text': 'כל', 'upos': 'DET', 'xpos': 'DET', 'feats': 'Definite=Cons', 'head': 25, 'deprel': 'det', 'lemma': 'כול'}]"
25,רמקול,NOUN,NOUN,Gender=Masc|Number=Sing,26.0,nsubj,"(88, 93)",רמקול,
26,יוצג,VERB,VERB,"Gender=Fem,Masc|HebBinyan=PUAL|Number=Sing|Person=1|Tense=Past|Voice=Pass",8.0,conj,"(94, 98)",יצג,
27,על,ADP,ADP,,30.0,case,"(99, 101)",על,
28,ידי,NOUN,NOUN,Definite=Cons|Gender=Fem|Number=Plur,27.0,fixed,"(102, 105)",יד,
29,שלושה,NUM,NUM,Gender=Masc|Number=Sing,30.0,nummod,"(106, 111)",שלושה,
30,צמתים,NOUN,NOUN,Gender=Masc|Number=Plur,26.0,obl,"(112, 117)",צמת,
"(31, 32)",בעוצמת,,,,,,"(118, 124)",,"[{'id': 31, 'text': 'ב', 'upos': 'ADP', 'xpos': 'ADP', 'head': 32, 'deprel': 'case', 'lemma': 'ב'}, {'id': 32, 'text': 'עוצמת', 'upos': 'NOUN', 'xpos': 'NOUN', 'feats': 'Definite=Cons|Gender=Fem|Number=Sing', 'head': 26, 'deprel': 'obl', 'lemma': 'עוצמה'}]"
"(33, 34)",הרעש,,,,,,"(125, 129)",,"[{'id': 33, 'text': 'ה', 'upos': 'DET', 'xpos': 'DET', 'feats': 'PronType=Art', 'head': 34, 'deprel': 'det:def', 'lemma': 'ה'}, {'id': 34, 'text': 'רעש', 'upos': 'NOUN', 'xpos': 'NOUN', 'feats': 'Gender=Masc|Number=Sing', 'head': 32, 'deprel': 'compound:smixut', 'lemma': 'רעש'}]"
35,של,ADP,ADP,Case=Gen,36.0,case:gen,"(130, 132)",של,
36,0,NUM,NUM,,32.0,nmod:poss,"(133, 134)",0,
1,01,NUM,NUM,,2.0,nummod,"(0, 2)",01,
2,Pa,NOUN,NOUN,,0.0,root,"(3, 5)",Pa,
"(3, 4)",ובתדר,,,,,,"(6, 11)",,"[{'id': 3, 'text': 'ו', 'upos': 'CCONJ', 'xpos': 'CCONJ', 'head': 4, 'deprel': 'cc', 'lemma': 'ו'}, {'id': 4, 'text': 'בתדר', 'upos': 'NOUN', 'xpos': 'NOUN', 'feats': 'Gender=Masc|Number=Sing', 'head': 2, 'deprel': 'conj', 'lemma': 'בתדר'}]"
5,של,ADP,ADP,Case=Gen,7.0,case:gen,"(12, 14)",של,
6,36,NUM,NUM,,7.0,nummod,"(15, 17)",36,
7,Hz,NOUN,NOUN,Gender=Masc|Number=Plur,2.0,nmod:poss,"(18, 20)",Hz,
"(1, 2)",לצורך,,,,,,"(1, 6)",,"[{'id': 1, 'text': 'ל', 'upos': 'ADP', 'xpos': 'ADP', 'head': 2, 'deprel': 'case', 'lemma': 'ל'}, {'id': 2, 'text': 'צורך', 'upos': 'NOUN', 'xpos': 'NOUN', 'feats': 'Definite=Cons|Gender=Masc|Number=Sing', 'head': 5, 'deprel': 'obl', 'lemma': 'צורך'}]"
"(3, 4)",ההשוואה,,,,,,"(7, 14)",,"[{'id': 3, 'text': 'ה', 'upos': 'DET', 'xpos': 'DET', 'feats': 'PronType=Art', 'head': 4, 'deprel': 'det:def', 'lemma': 'ה'}, {'id': 4, 'text': 'השוואה', 'upos': 'NOUN', 'xpos': 'NOUN', 'feats': 'Gender=Fem|Number=Sing', 'head': 2, 'deprel': 'compound:smixut', 'lemma': 'השוואה'}]"
5,בדקנו,VERB,VERB,"Gender=Fem,Masc|HebBinyan=PAAL|Number=Plur|Person=1|Tense=Past|Voice=Act",0.0,root,"(15, 20)",בדק,
6,הבדלים,NOUN,NOUN,Gender=Masc|Number=Plur,5.0,obj,"(21, 27)",הבדל,
7,עבור,ADP,ADP,,8.0,case,"(28, 32)",עבור,
8,פאזות,NOUN,NOUN,Gender=Fem|Number=Plur,5.0,obl,"(33, 38)",פאזות,
9,של,ADP,ADP,Case=Gen,11.0,case:gen,"(39, 41)",של,
10,",",PUNCT,PUNCT,,8.0,punct,"(42, 43)",",",
11,0,NUM,NUM,,8.0,nummod,"(43, 44)",0,
12,°,NOUN,NOUN,"Gender=Masc|HebSource=ConvUncertainHead|Number=Plur,Sing",11.0,dep,"(44, 45)",°,
13,180,NUM,NUM,,11.0,dep,"(46, 49)",180,
14,°,NOUN,NOUN,"Gender=Masc|HebSource=ConvUncertainHead|Number=Plur,Sing",11.0,dep,"(49, 50)",°,
15,",",PUNCT,PUNCT,,11.0,punct,"(51, 52)",",",
16,135,NUM,NUM,,11.0,dep,"(52, 55)",135,
17,°,NOUN,NOUN,Gender=Masc|HebSource=ConvUncertainHead|Number=Sing,11.0,dep,"(55, 56)",°,
18,",",PUNCT,PUNCT,,11.0,punct,"(57, 58)",",",
19,90,NUM,NUM,,20.0,nummod,"(58, 60)",90,
20,°,NOUN,NOUN,"Gender=Masc|HebSource=ConvUncertainHead|Number=Plur,Sing",11.0,dep,"(60, 61)",°,
"(1, 2)",בציור,,,,,,"(1, 6)",,"[{'id': 1, 'text': 'ב', 'upos': 'ADP', 'xpos': 'ADP', 'head': 2, 'deprel': 'case', 'lemma': 'ב'}, {'id': 2, 'text': 'ציור', 'upos': 'NOUN', 'xpos': 'NOUN', 'feats': 'Gender=Masc|Number=Sing', 'head': 4, 'deprel': 'obl', 'lemma': 'ציור'}]"
3,17,NUM,NUM,,2.0,nummod,"(7, 9)",17,
4,מוצגות,VERB,VERB,"Gender=Fem|HebBinyan=HUFAL|Number=Plur|Person=1,2,3|VerbForm=Part|Voice=Pass",0.0,root,"(10, 16)",הוצג,
5,תוצאות,NOUN,NOUN,Gender=Fem|Number=Plur,4.0,nsubj,"(17, 23)",תוצאה,
6,של,ADP,ADP,Case=Gen,7.0,case:gen,"(24, 26)",של,
7,פילוג,NOUN,NOUN,Definite=Cons|Gender=Masc|Number=Sing,5.0,nmod:poss,"(27, 32)",פילוג,
"(8, 9)",ההנחתה,,,,,,"(33, 39)",,"[{'id': 8, 'text': 'ה', 'upos': 'DET', 'xpos': 'DET', 'feats': 'PronType=Art', 'head': 9, 'deprel': 'det:def', 'lemma': 'ה'}, {'id': 9, 'text': 'הנחתה', 'upos': 'NOUN', 'xpos': 'NOUN', 'feats': 'Gender=Fem|Number=Sing', 'head': 7, 'deprel': 'compound:smixut', 'lemma': 'הנחתה'}]"
10,לאורך,ADP,ADP,,11.0,case,"(40, 45)",לאורך,
11,ציר,NOUN,NOUN,Definite=Cons|Gender=Masc|Number=Sing,7.0,nmod,"(46, 49)",ציר,
12,x,PROPN,PROPN,,11.0,compound:smixut,"(50, 51)",x,
"(13, 14)",שניצב,,,,,,"(52, 57)",,"[{'id': 13, 'text': 'ש', 'upos': 'SCONJ', 'xpos': 'SCONJ', 'head': 14, 'deprel': 'mark', 'lemma': 'ש'}, {'id': 14, 'text': 'ניצב', 'upos': 'VERB', 'xpos': 'VERB', 'feats': 'Gender=Masc|HebBinyan=NIFAL|Number=Sing|Person=3|Tense=Past|Voice=Mid', 'head': 11, 'deprel': 'acl:relcl', 'lemma': 'ייצב'}]"
"(15, 17)",לקיר,,,,,,"(58, 62)",,"[{'id': 15, 'text': 'ל', 'upos': 'ADP', 'xpos': 'ADP', 'head': 17, 'deprel': 'case', 'lemma': 'ל'}, {'id': 16, 'text': 'ה_', 'upos': 'DET', 'xpos': 'DET', 'feats': 'PronType=Art', 'head': 17, 'deprel': 'det:def', 'lemma': 'ה'}, {'id': 17, 'text': 'קיר', 'upos': 'NOUN', 'xpos': 'NOUN', 'feats': 'Gender=Masc|Number=Sing', 'head': 14, 'deprel': 'obl', 'lemma': 'קיר'}]"
"(18, 19)",החלון,,,,,,"(63, 68)",,"[{'id': 18, 'text': 'ה', 'upos': 'DET', 'xpos': 'DET', 'feats': 'PronType=Art', 'head': 19, 'deprel': 'det:def', 'lemma': 'ה'}, {'id': 19, 'text': 'חלון', 'upos': 'NOUN', 'xpos': 'NOUN', 'feats': 'Gender=Masc|Number=Sing', 'head': 17, 'deprel': 'nmod', 'lemma': 'חלון'}]"
20,(,PUNCT,PUNCT,,24.0,punct,"(69, 70)",(,
21,קיר,NOUN,NOUN,Definite=Cons|Gender=Masc|Number=Sing,24.0,nsubj,"(70, 73)",קיר,
"(22, 23)",החלון,,,,,,"(74, 79)",,"[{'id': 22, 'text': 'ה', 'upos': 'DET', 'xpos': 'DET', 'feats': 'PronType=Art', 'head': 23, 'deprel': 'det:def', 'lemma': 'ה'}, {'id': 23, 'text': 'חלון', 'upos': 'NOUN', 'xpos': 'NOUN', 'feats': 'Gender=Masc|Number=Sing', 'head': 21, 'deprel': 'compound:smixut', 'lemma': 'חלון'}]"
24,נמצא,VERB,VERB,Gender=Masc|HebBinyan=NIFAL|Number=Sing|Person=3|Tense=Past|Voice=Mid,14.0,parataxis,"(80, 84)",נמצא,
"(25, 27)",ב־,,,,,,"(85, 87)",,"[{'id': 25, 'text': 'ב', 'upos': 'ADP', 'xpos': 'ADP', 'head': 27, 'deprel': 'case', 'lemma': 'ב'}, {'id': 26, 'text': 'ה_', 'upos': 'DET', 'xpos': 'DET', 'feats': 'PronType=Art', 'head': 27, 'deprel': 'det:def', 'lemma': 'ה'}, {'id': 27, 'text': 'ח', 'upos': 'NOUN', 'xpos': 'NOUN', 'head': 24, 'deprel': 'obl', 'lemma': 'ח'}]"
28,0,NUM,NUM,,27.0,nummod,"(88, 89)",0,
29,=,PUNCT,PUNCT,,30.0,punct,"(90, 91)",=,
30,X,PROPN,PROPN,,28.0,obl,"(92, 93)",X,
31,),PUNCT,PUNCT,,24.0,punct,"(93, 94)",),
"(32, 33)",ועבור,,,,,,"(95, 100)",,"[{'id': 32, 'text': 'ו', 'upos': 'CCONJ', 'xpos': 'CCONJ', 'head': 35, 'deprel': 'cc', 'lemma': 'ו'}, {'id': 33, 'text': 'עבור', 'upos': 'ADP', 'xpos': 'ADP', 'head': 35, 'deprel': 'case', 'lemma': 'עבור'}]"
34,שני,NUM,NUM,Definite=Cons|Gender=Masc|Number=Plur,35.0,nummod,"(101, 104)",שני,
35,ערכי,NOUN,NOUN,Definite=Cons|Gender=Masc|Number=Plur,7.0,conj,"(105, 109)",ערך,
36,Y,PROPN,PROPN,,35.0,compound:smixut,"(110, 111)",Y,
37,שונים,ADJ,ADJ,Gender=Masc|Number=Plur,35.0,amod,"(112, 117)",שונה,
"(1, 2)",בכל,,,,,,"(1, 4)",,"[{'id': 1, 'text': 'ב', 'upos': 'ADP', 'xpos': 'ADP', 'head': 3, 'deprel': 'case', 'lemma': 'ב'}, {'id': 2, 'text': 'כל', 'upos': 'DET', 'xpos': 'DET', 'feats': 'Definite=Cons', 'head': 3, 'deprel': 'det', 'lemma': 'כול'}]"
"(3, 4)",גרף,,,,,,"(5, 8)",,"[{'id': 3, 'text': 'גרף', 'upos': 'NOUN', 'xpos': 'NOUN', 'feats': 'Definite=Cons|Gender=Masc|Number=Sing', 'head': 5, 'deprel': 'obl', 'lemma': 'גרף'}, {'id': 4, 'text': '_הף', 'upos': 'PRON', 'xpos': 'PRON', 'head': 3, 'deprel': 'compound:smixut', 'lemma': 'הוא'}]"
5,נראית,VERB,VERB,"Gender=Fem|HebBinyan=NIFAL|Number=Sing|Person=1,2,3|VerbForm=Part|Voice=Mid",0.0,root,"(9, 14)",נראה,
6,השוואת,NOUN,NOUN,Definite=Cons|Gender=Fem|Number=Sing,5.0,nsubj,"(15, 21)",השוואה,
"(7, 8)",ההנחתה,,,,,,"(22, 28)",,"[{'id': 7, 'text': 'ה', 'upos': 'DET', 'xpos': 'DET', 'feats': 'PronType=Art', 'head': 8, 'deprel': 'det:def', 'lemma': 'ה'}, {'id': 8, 'text': 'הנחתה', 'upos': 'NOUN', 'xpos': 'NOUN', 'feats': 'Gender=Fem|Number=Sing', 'head': 6, 'deprel': 'compound:smixut', 'lemma': 'הנחתה'}]"
9,עקב,CCONJ,CCONJ,,11.0,case,"(29, 32)",עקב,
"(10, 11)",הפאזות,,,,,,"(33, 39)",,"[{'id': 10, 'text': 'ה', 'upos': 'DET', 'xpos': 'DET', 'feats': 'PronType=Art', 'head': 11, 'deprel': 'det:def', 'lemma': 'ה'}, {'id': 11, 'text': 'פאזות', 'upos': 'NOUN', 'xpos': 'NOUN', 'feats': 'Gender=Fem|Number=Plur', 'head': 5, 'deprel': 'obl', 'lemma': 'פאזות'}]"
"(12, 13)",השונות,,,,,,"(40, 46)",,"[{'id': 12, 'text': 'ה', 'upos': 'DET', 'xpos': 'DET', 'feats': 'PronType=Art', 'head': 13, 'deprel': 'det:def', 'lemma': 'ה'}, {'id': 13, 'text': 'שונות', 'upos': 'ADJ', 'xpos': 'ADJ', 'feats': 'Gender=Fem|Number=Plur', 'head': 11, 'deprel': 'amod', 'lemma': 'שונה'}]"
1,ניתן,AUX,AUX,"Gender=Masc|Number=Sing|Person=1,2,3|VerbType=Mod",2.0,aux,"(1, 5)",ניתן,
2,לראות,VERB,VERB,HebBinyan=PAAL|VerbForm=Inf|Voice=Act,0.0,root,"(6, 11)",ראה,
"(3, 6)",שבמעבר,,,,,,"(12, 18)",,"[{'id': 3, 'text': 'ש', 'upos': 'SCONJ', 'xpos': 'SCONJ', 'head': 18, 'deprel': 'mark', 'lemma': 'ש'}, {'id': 4, 'text': 'ב', 'upos': 'ADP', 'xpos': 'ADP', 'head': 6, 'deprel': 'case', 'lemma': 'ב'}, {'id': 5, 'text': 'ה_', 'upos': 'DET', 'xpos': 'DET', 'feats': 'PronType=Art', 'head': 6, 'deprel': 'det:def', 'lemma': 'ה'}, {'id': 6, 'text': 'מעבר', 'upos': 'NOUN', 'xpos': 'NOUN', 'feats': 'Gender=Masc|Number=Sing', 'head': 18, 'deprel': 'obl', 'lemma': 'מעבר'}]"
"(7, 8)",מפאזה,,,,,,"(19, 24)",,"[{'id': 7, 'text': 'מ', 'upos': 'ADP', 'xpos': 'ADP', 'head': 8, 'deprel': 'case', 'lemma': 'מ'}, {'id': 8, 'text': 'פאזה', 'upos': 'NOUN', 'xpos': 'NOUN', 'feats': 'Gender=Fem|Number=Sing', 'head': 6, 'deprel': 'nmod', 'lemma': 'פאזה'}]"
9,0,NUM,NUM,,8.0,nummod,"(25, 26)",0,
10,°,NUM,NUM,,8.0,nummod,"(26, 27)",°,
"(11, 12)",לפאזה,,,,,,"(28, 33)",,"[{'id': 11, 'text': 'ל', 'upos': 'ADP', 'xpos': 'ADP', 'head': 12, 'deprel': 'case', 'lemma': 'ל'}, {'id': 12, 'text': 'פאזה', 'upos': 'NOUN', 'xpos': 'NOUN', 'feats': 'Gender=Fem|Number=Sing', 'head': 6, 'deprel': 'nmod', 'lemma': 'פאזה'}]"
13,180,NUM,NUM,,14.0,nummod,"(34, 37)",180,
14,°,NUM,NUM,,12.0,nmod,"(37, 38)",°,
15,שיעור,NOUN,NOUN,Definite=Cons|Gender=Masc|Number=Sing,18.0,nsubj,"(39, 44)",שיעור,
"(16, 17)",ההנחתה,,,,,,"(45, 51)",,"[{'id': 16, 'text': 'ה', 'upos': 'DET', 'xpos': 'DET', 'feats': 'PronType=Art', 'head': 17, 'deprel': 'det:def', 'lemma': 'ה'}, {'id': 17, 'text': 'הנחתה', 'upos': 'NOUN', 'xpos': 'NOUN', 'feats': 'Gender=Fem|Number=Sing', 'head': 15, 'deprel': 'compound:smixut', 'lemma': 'הנחתה'}]"
18,גדל,VERB,VERB,Gender=Masc|Number=Sing|Person=3|Tense=Past,2.0,advcl,"(52, 55)",גדל,
19,",",PUNCT,PUNCT,,18.0,punct,"(55, 56)",",",
20,כאשר,SCONJ,SCONJ,,25.0,mark,"(57, 61)",כאשר,
"(21, 22)",בפאזה,,,,,,"(62, 67)",,"[{'id': 21, 'text': 'ב', 'upos': 'ADP', 'xpos': 'ADP', 'head': 22, 'deprel': 'case', 'lemma': 'ב'}, {'id': 22, 'text': 'פאזה', 'upos': 'NOUN', 'xpos': 'NOUN', 'feats': 'Gender=Fem|Number=Sing', 'head': 25, 'deprel': 'obl', 'lemma': 'פאזה'}]"
23,180,NUM,NUM,,24.0,nummod,"(68, 71)",180,
24,°,NUM,NUM,,22.0,nummod,"(71, 72)",°,
25,מתקבלת,VERB,VERB,"Gender=Fem|HebBinyan=HITPAEL|Number=Sing|Person=1,2,3|VerbForm=Part",18.0,advcl,"(73, 79)",התקבל,
26,הנחתה,NOUN,NOUN,Gender=Fem|Number=Sing,25.0,nsubj,"(80, 85)",הנחתה,
27,כמעט,ADV,ADV,,28.0,advmod,"(86, 90)",כמעט,
"(28, 29)",בכל,,,,,,"(91, 94)",,"[{'id': 28, 'text': 'ב', 'upos': 'ADP', 'xpos': 'ADP', 'head': 30, 'deprel': 'case', 'lemma': 'ב'}, {'id': 29, 'text': 'כל', 'upos': 'DET', 'xpos': 'DET', 'feats': 'Definite=Cons', 'head': 31, 'deprel': 'det', 'lemma': 'כול'}]"
"(30, 31)",מרחב,,,,,,"(95, 99)",,"[{'id': 30, 'text': 'מ', 'upos': 'ADP', 'xpos': 'ADP', 'head': 25, 'deprel': 'dep', 'lemma': 'מ'}, {'id': 31, 'text': 'רחב', 'upos': 'NOUN', 'xpos': 'NOUN', 'feats': 'Definite=Cons|Gender=Masc|Number=Sing', 'head': 30, 'deprel': 'compound:smixut', 'lemma': 'רחב'}]"
"(32, 33)",החדר,,,,,,"(100, 104)",,"[{'id': 32, 'text': 'ה', 'upos': 'DET', 'xpos': 'DET', 'feats': 'PronType=Art', 'head': 33, 'deprel': 'det:def', 'lemma': 'ה'}, {'id': 33, 'text': 'חדר', 'upos': 'NOUN', 'xpos': 'NOUN', 'feats': 'Gender=Masc|Number=Sing', 'head': 31, 'deprel': 'compound:smixut', 'lemma': 'חדר'}]"
"(1, 2)",בפאזות,,,,,,"(1, 7)",,"[{'id': 1, 'text': 'ב', 'upos': 'ADP', 'xpos': 'ADP', 'head': 2, 'deprel': 'case', 'lemma': 'ב'}, {'id': 2, 'text': 'פאזות', 'upos': 'NOUN', 'xpos': 'NOUN', 'feats': 'Gender=Fem|Number=Plur', 'head': 13, 'deprel': 'obl', 'lemma': 'פאזות'}]"
3,0,NUM,NUM,,2.0,nmod,"(8, 9)",0,
4,°,NOUN,NOUN,,3.0,nummod,"(9, 10)",°,
"(5, 6)",ו־,,,,,,"(11, 13)",,"[{'id': 5, 'text': 'ו', 'upos': 'CCONJ', 'xpos': 'CCONJ', 'head': 6, 'deprel': 'cc', 'lemma': 'ו'}, {'id': 6, 'text': 'ק', 'upos': 'PROPN', 'xpos': 'PROPN', 'head': 3, 'deprel': 'conj', 'lemma': 'ק'}]"
7,90°,NUM,NUM,,6.0,nummod,"(14, 17)",90°,
8,עוצמת,NOUN,NOUN,Definite=Cons|Gender=Fem|Number=Sing,13.0,nsubj,"(18, 23)",עוצמה,
"(9, 10)",הרעש,,,,,,"(24, 28)",,"[{'id': 9, 'text': 'ה', 'upos': 'DET', 'xpos': 'DET', 'feats': 'PronType=Art', 'head': 10, 'deprel': 'det:def', 'lemma': 'ה'}, {'id': 10, 'text': 'רעש', 'upos': 'NOUN', 'xpos': 'NOUN', 'feats': 'Gender=Masc|Number=Sing', 'head': 8, 'deprel': 'compound:smixut', 'lemma': 'רעש'}]"
"(11, 12)",בחדר,,,,,,"(29, 33)",,"[{'id': 11, 'text': 'ב', 'upos': 'ADP', 'xpos': 'ADP', 'head': 12, 'deprel': 'case', 'lemma': 'ב'}, {'id': 12, 'text': 'חדר', 'upos': 'NOUN', 'xpos': 'NOUN', 'feats': 'Gender=Masc|Number=Sing', 'head': 8, 'deprel': 'nmod', 'lemma': 'חדר'}]"
13,עולה,VERB,VERB,"Gender=Fem|HebBinyan=PAAL|Number=Sing|Person=1,2,3|VerbForm=Part|Voice=Act",0.0,root,"(34, 38)",עלה,
"(14, 15)",ואילו,,,,,,"(39, 44)",,"[{'id': 14, 'text': 'ו', 'upos': 'CCONJ', 'xpos': 'CCONJ', 'head': 15, 'deprel': 'cc', 'lemma': 'ו'}, {'id': 15, 'text': 'אילו', 'upos': 'CCONJ', 'xpos': 'CCONJ', 'head': 20, 'deprel': 'cc', 'lemma': 'אילו'}]"
"(16, 17)",בפאזה,,,,,,"(45, 50)",,"[{'id': 16, 'text': 'ב', 'upos': 'ADP', 'xpos': 'ADP', 'head': 17, 'deprel': 'case', 'lemma': 'ב'}, {'id': 17, 'text': 'פאזה', 'upos': 'NOUN', 'xpos': 'NOUN', 'feats': 'Gender=Fem|Number=Sing', 'head': 13, 'deprel': 'obl', 'lemma': 'פאזה'}]"
18,135,NUM,NUM,,19.0,nummod,"(51, 54)",135,
19,°,NUM,NUM,"Gender=Masc|HebSource=ConvUncertainHead|Number=Plur,Sing",17.0,amod,"(54, 55)",°,
20,יש,VERB,VERB,HebExistential=True,13.0,conj,"(56, 58)",יש,
21,הנחתה,NOUN,NOUN,Gender=Fem|Number=Sing,20.0,nsubj,"(59, 64)",הנחתה,
22,רק,ADV,ADV,,23.0,advmod,"(65, 67)",רק,
"(23, 24)",באזורים,,,,,,"(68, 75)",,"[{'id': 23, 'text': 'ב', 'upos': 'ADP', 'xpos': 'ADP', 'head': 24, 'deprel': 'case', 'lemma': 'ב'}, {'id': 24, 'text': 'אזורים', 'upos': 'NOUN', 'xpos': 'NOUN', 'feats': 'Gender=Masc|Number=Plur', 'head': 21, 'deprel': 'nmod', 'lemma': 'אזור'}]"
"(25, 26)",הרחוקים,,,,,,"(76, 83)",,"[{'id': 25, 'text': 'ה', 'upos': 'SCONJ', 'xpos': 'SCONJ', 'head': 26, 'deprel': 'mark', 'lemma': 'ה'}, {'id': 26, 'text': 'רחוקים', 'upos': 'ADJ', 'xpos': 'ADJ', 'feats': 'Gender=Masc|Number=Plur', 'head': 24, 'deprel': 'acl:relcl', 'lemma': 'רחוק'}]"
"(27, 29)",מהחלון,,,,,,"(84, 90)",,"[{'id': 27, 'text': 'מ', 'upos': 'ADP', 'xpos': 'ADP', 'head': 29, 'deprel': 'case', 'lemma': 'מ'}, {'id': 28, 'text': 'ה', 'upos': 'DET', 'xpos': 'DET', 'feats': 'PronType=Art', 'head': 29, 'deprel': 'det:def', 'lemma': 'ה'}, {'id': 29, 'text': 'חלון', 'upos': 'NOUN', 'xpos': 'NOUN', 'feats': 'Gender=Masc|Number=Sing', 'head': 26, 'deprel': 'advmod', 'lemma': 'חלון'}]"
"(30, 32)",ובשיעור,,,,,,"(91, 98)",,"[{'id': 30, 'text': 'ו', 'upos': 'CCONJ', 'xpos': 'CCONJ', 'head': 32, 'deprel': 'cc', 'lemma': 'ו'}, {'id': 31, 'text': 'ב', 'upos': 'ADP', 'xpos': 'ADP', 'head': 32, 'deprel': 'case', 'lemma': 'ב'}, {'id': 32, 'text': 'שיעור', 'upos': 'NOUN', 'xpos': 'NOUN', 'feats': 'Gender=Masc|Number=Sing', 'head': 24, 'deprel': 'conj', 'lemma': 'שיעור'}]"
33,גדול,ADJ,ADJ,Gender=Masc|Number=Sing,32.0,amod,"(99, 103)",גדול,
34,יותר,ADV,ADV,,33.0,advmod,"(104, 108)",יותר,
"(35, 37)",מההנחתה,,,,,,"(109, 116)",,"[{'id': 35, 'text': 'מ', 'upos': 'ADP', 'xpos': 'ADP', 'head': 37, 'deprel': 'case', 'lemma': 'מ'}, {'id': 36, 'text': 'ה', 'upos': 'DET', 'xpos': 'DET', 'feats': 'PronType=Art', 'head': 37, 'deprel': 'det:def', 'lemma': 'ה'}, {'id': 37, 'text': 'הנחתה', 'upos': 'NOUN', 'xpos': 'NOUN', 'feats': 'Gender=Fem|Number=Sing', 'head': 32, 'deprel': 'nmod', 'lemma': 'הנחתה'}]"
"(38, 41)",שנצפתה,,,,,,"(117, 123)",,"[{'id': 38, 'text': 'ש', 'upos': 'SCONJ', 'xpos': 'SCONJ', 'head': 39, 'deprel': 'mark', 'lemma': 'ש'}, {'id': 39, 'text': 'נצפה_', 'upos': 'VERB', 'xpos': 'VERB', 'feats': 'Definite=Def|Gender=Fem|Number=Sing', 'head': 37, 'deprel': 'acl:relcl', 'lemma': 'נצפה'}, {'id': 40, 'text': '_של_', 'upos': 'ADP', 'xpos': 'ADP', 'head': 41, 'deprel': 'case:gen', 'lemma': 'של'}, {'id': 41, 'text': '_היא', 'upos': 'PRON', 'xpos': 'PRON', 'feats': 'Case=Gen|Gender=Fem|Number=Sing|Person=3|PronType=Prs', 'head': 39, 'deprel': 'nmod:poss', 'lemma': 'הוא'}]"
"(42, 43)",בפאזה,,,,,,"(124, 129)",,"[{'id': 42, 'text': 'ב', 'upos': 'ADP', 'xpos': 'ADP', 'head': 43, 'deprel': 'case', 'lemma': 'ב'}, {'id': 43, 'text': 'פאזה', 'upos': 'NOUN', 'xpos': 'NOUN', 'feats': 'Gender=Fem|Number=Sing', 'head': 39, 'deprel': 'obl', 'lemma': 'פאזה'}]"
44,180,NUM,NUM,,45.0,nummod,"(130, 133)",180,
45,°,NUM,NUM,,43.0,amod,"(133, 134)",°,
"(46, 47)",באזורים,,,,,,"(135, 142)",,"[{'id': 46, 'text': 'ב', 'upos': 'ADP', 'xpos': 'ADP', 'head': 47, 'deprel': 'case', 'lemma': 'ב'}, {'id': 47, 'text': 'אזורים', 'upos': 'NOUN', 'xpos': 'NOUN', 'feats': 'Gender=Masc|Number=Plur', 'head': 39, 'deprel': 'obl', 'lemma': 'אזור'}]"
48,אלו,PRON,PRON,"Gender=Fem,Masc|Number=Plur|Person=3|PronType=Dem",47.0,det,"(143, 146)",אלו,
1,בחינת,NOUN,NOUN,Definite=Cons|Gender=Fem|Number=Sing,11.0,nsubj,"(1, 6)",בחינה,
"(2, 3)",המקרים,,,,,,"(7, 13)",,"[{'id': 2, 'text': 'ה', 'upos': 'DET', 'xpos': 'DET', 'feats': 'PronType=Art', 'head': 3, 'deprel': 'det:def', 'lemma': 'ה'}, {'id': 3, 'text': 'מקרים', 'upos': 'NOUN', 'xpos': 'NOUN', 'feats': 'Gender=Masc|Number=Plur', 'head': 1, 'deprel': 'compound:smixut', 'lemma': 'מקרה'}]"
"(4, 5)",השונים,,,,,,"(14, 20)",,"[{'id': 4, 'text': 'ה', 'upos': 'DET', 'xpos': 'DET', 'feats': 'PronType=Art', 'head': 5, 'deprel': 'det:def', 'lemma': 'ה'}, {'id': 5, 'text': 'שונים', 'upos': 'ADJ', 'xpos': 'ADJ', 'feats': 'Gender=Masc|Number=Plur', 'head': 3, 'deprel': 'amod', 'lemma': 'שונה'}]"
"(6, 7)",שחושבו,,,,,,"(21, 27)",,"[{'id': 6, 'text': 'ש', 'upos': 'SCONJ', 'xpos': 'SCONJ', 'head': 7, 'deprel': 'mark', 'lemma': 'ש'}, {'id': 7, 'text': 'חושבו', 'upos': 'VERB', 'xpos': 'VERB', 'feats': 'Gender=Fem,Masc|HebBinyan=PAAL|Number=Plur|Person=3|Tense=Past|Voice=Act', 'head': 3, 'deprel': 'acl:relcl', 'lemma': 'חושב'}]"
8,עבור,ADP,ADP,,9.0,case,"(28, 32)",עבור,
9,משתנים,NOUN,NOUN,Gender=Masc|Number=Plur,7.0,obl,"(33, 39)",משתנה,
10,שונים,ADJ,ADJ,Gender=Masc|Number=Plur,9.0,amod,"(40, 45)",שונה,
11,מראה,VERB,VERB,"Gender=Fem|HebBinyan=HIFIL|Number=Sing|Person=1,2,3|VerbForm=Part|Voice=Act",0.0,root,"(46, 50)",הראה,
"(12, 13)",שקשה,,,,,,"(51, 55)",,"[{'id': 12, 'text': 'ש', 'upos': 'SCONJ', 'xpos': 'SCONJ', 'head': 13, 'deprel': 'mark', 'lemma': 'ש'}, {'id': 13, 'text': 'קשה', 'upos': 'AUX', 'xpos': 'AUX', 'feats': 'Gender=Masc|Number=Sing|Tense=Past|VerbType=Mod', 'head': 14, 'deprel': 'aux', 'lemma': 'קשה'}]"
14,להנחית,VERB,VERB,HebBinyan=HIFIL|VerbForm=Inf|Voice=Act,11.0,ccomp,"(56, 62)",הנחית,
"(15, 16)",באופן,,,,,,"(63, 68)",,"[{'id': 15, 'text': 'ב', 'upos': 'ADP', 'xpos': 'ADP', 'head': 16, 'deprel': 'case', 'lemma': 'ב'}, {'id': 16, 'text': 'אופן', 'upos': 'NOUN', 'xpos': 'NOUN', 'feats': 'Gender=Masc|Number=Sing', 'head': 14, 'deprel': 'obl', 'lemma': 'אופן'}]"
17,משמעותי,ADJ,ADJ,Gender=Masc|Number=Sing,16.0,amod,"(69, 76)",משמעותי,
18,את,ADP,ADP,Case=Acc,19.0,case:acc,"(77, 79)",את,
19,עוצמת,NOUN,NOUN,Definite=Cons|Gender=Fem|Number=Sing,14.0,obj,"(80, 85)",עוצמה,
"(20, 21)",הרעש,,,,,,"(86, 90)",,"[{'id': 20, 'text': 'ה', 'upos': 'DET', 'xpos': 'DET', 'feats': 'PronType=Art', 'head': 21, 'deprel': 'det:def', 'lemma': 'ה'}, {'id': 21, 'text': 'רעש', 'upos': 'NOUN', 'xpos': 'NOUN', 'feats': 'Gender=Masc|Number=Sing', 'head': 19, 'deprel': 'compound:smixut', 'lemma': 'רעש'}]"
"(22, 23)",באזור,,,,,,"(91, 96)",,"[{'id': 22, 'text': 'ב', 'upos': 'ADP', 'xpos': 'ADP', 'head': 23, 'deprel': 'case', 'lemma': 'ב'}, {'id': 23, 'text': 'אזור', 'upos': 'NOUN', 'xpos': 'NOUN', 'feats': 'Gender=Masc|Number=Sing', 'head': 14, 'deprel': 'obl', 'lemma': 'אזור'}]"
"(24, 25)",הקרוב,,,,,,"(97, 102)",,"[{'id': 24, 'text': 'ה', 'upos': 'DET', 'xpos': 'DET', 'feats': 'PronType=Art', 'head': 25, 'deprel': 'mark', 'lemma': 'ה'}, {'id': 25, 'text': 'קרוב', 'upos': 'ADJ', 'xpos': 'ADJ', 'feats': 'Gender=Masc|Number=Sing', 'head': 23, 'deprel': 'amod', 'lemma': 'קרוב'}]"
"(26, 27)",לחלון,,,,,,"(103, 108)",,"[{'id': 26, 'text': 'ל', 'upos': 'ADP', 'xpos': 'ADP', 'head': 27, 'deprel': 'case', 'lemma': 'ל'}, {'id': 27, 'text': 'חלון', 'upos': 'NOUN', 'xpos': 'NOUN', 'feats': 'Gender=Masc|Number=Sing', 'head': 25, 'deprel': 'advmod', 'lemma': 'חלון'}]"
1,3,NUM,NUM,,0.0,root,"(1, 2)",3,
1,4,NUM,NUM,,0.0,root,"(1, 2)",4,
1,1,NUM,NUM,,0.0,root,"(0, 1)",1,
1,4,NUM,NUM,,0.0,root,"(0, 1)",4,
1,השוואה,NOUN,NOUN,Gender=Fem|Number=Sing,14.0,nsubj,"(1, 7)",השוואה,
2,עם,ADP,ADP,,3.0,case,"(8, 10)",עם,
3,מדידות,NOUN,NOUN,Definite=Cons|Gender=Fem|Number=Plur,1.0,nmod,"(11, 17)",מדידה,
4,השוואה,NOUN,NOUN,Gender=Fem|Number=Sing,3.0,compound:smixut,"(18, 24)",השוואה,
5,כמותית,ADJ,ADJ,Gender=Fem|Number=Sing,4.0,amod,"(25, 31)",כמותי,
6,של,ADP,ADP,Case=Gen,7.0,case:gen,"(32, 34)",של,
7,שעור,NOUN,NOUN,Definite=Cons|Gender=Masc|Number=Sing,4.0,nmod,"(35, 39)",שעור,
"(8, 9)",ההנחתה,,,,,,"(40, 46)",,"[{'id': 8, 'text': 'ה', 'upos': 'DET', 'xpos': 'DET', 'feats': 'PronType=Art', 'head': 9, 'deprel': 'det:def', 'lemma': 'ה'}, {'id': 9, 'text': 'הנחתה', 'upos': 'NOUN', 'xpos': 'NOUN', 'feats': 'Gender=Fem|Number=Sing', 'head': 7, 'deprel': 'compound:smixut', 'lemma': 'הנחתה'}]"
"(10, 11)",במקרים,,,,,,"(47, 53)",,"[{'id': 10, 'text': 'ב', 'upos': 'ADP', 'xpos': 'ADP', 'head': 11, 'deprel': 'case', 'lemma': 'ב'}, {'id': 11, 'text': 'מקרים', 'upos': 'NOUN', 'xpos': 'NOUN', 'feats': 'Gender=Masc|Number=Plur', 'head': 7, 'deprel': 'nmod', 'lemma': 'מקרה'}]"
"(12, 13)",השונים,,,,,,"(54, 60)",,"[{'id': 12, 'text': 'ה', 'upos': 'DET', 'xpos': 'DET', 'feats': 'PronType=Art', 'head': 13, 'deprel': 'det:def', 'lemma': 'ה'}, {'id': 13, 'text': 'שונים', 'upos': 'ADJ', 'xpos': 'ADJ', 'feats': 'Gender=Masc|Number=Plur', 'head': 11, 'deprel': 'amod', 'lemma': 'שונה'}]"
14,נעשתה,VERB,VERB,Gender=Fem|HebBinyan=NIFAL|Number=Sing|Person=3|Tense=Past|Voice=Mid,0.0,root,"(61, 66)",נעשה,
15,על,ADP,ADP,,16.0,case,"(67, 69)",על,
"(16, 18)",־ידי,,,,,,"(69, 73)",,"[{'id': 16, 'text': 'חיד_', 'upos': 'NOUN', 'xpos': 'NOUN', 'feats': 'Definite=Def|Gender=Masc|Number=Sing', 'head': 14, 'deprel': 'obl', 'lemma': 'חיד'}, {'id': 17, 'text': '_של_', 'upos': 'ADP', 'xpos': 'ADP', 'head': 18, 'deprel': 'case:gen', 'lemma': 'של'}, {'id': 18, 'text': '_אני', 'upos': 'PRON', 'xpos': 'PRON', 'feats': 'Case=Gen|Gender=Fem,Masc|Number=Sing|Person=1|PronType=Prs', 'head': 16, 'deprel': 'nmod:poss', 'lemma': 'הוא'}]"
19,חישוב,NOUN,NOUN,Definite=Cons|Gender=Masc|Number=Sing,1.0,nmod,"(74, 79)",חישוב,
20,עוצמת,NOUN,NOUN,Definite=Cons|Gender=Fem|Number=Sing,19.0,compound:smixut,"(80, 85)",עוצמה,
"(21, 22)",הרעש,,,,,,"(86, 90)",,"[{'id': 21, 'text': 'ה', 'upos': 'DET', 'xpos': 'DET', 'feats': 'PronType=Art', 'head': 22, 'deprel': 'det:def', 'lemma': 'ה'}, {'id': 22, 'text': 'רעש', 'upos': 'NOUN', 'xpos': 'NOUN', 'feats': 'Gender=Masc|Number=Sing', 'head': 20, 'deprel': 'compound:smixut', 'lemma': 'רעש'}]"
"(23, 24)",המוכללת,,,,,,"(91, 98)",,"[{'id': 23, 'text': 'ה', 'upos': 'SCONJ', 'xpos': 'SCONJ', 'head': 24, 'deprel': 'mark', 'lemma': 'ה'}, {'id': 24, 'text': 'מוכללת', 'upos': 'VERB', 'xpos': 'VERB', 'feats': 'Gender=Fem|HebBinyan=HUFAL|Number=Sing|Person=1,2,3|VerbForm=Part|Voice=Pass', 'head': 20, 'deprel': 'acl:relcl', 'lemma': 'הוכלל'}]"
"(25, 26)",מכל,,,,,,"(99, 102)",,"[{'id': 25, 'text': 'מ', 'upos': 'ADP', 'xpos': 'ADP', 'head': 29, 'deprel': 'case', 'lemma': 'מ'}, {'id': 26, 'text': 'כל', 'upos': 'DET', 'xpos': 'DET', 'feats': 'Definite=Cons', 'head': 29, 'deprel': 'det', 'lemma': 'כול'}]"
27,שלושת,NUM,NUM,Definite=Cons|Gender=Masc|Number=Sing,29.0,nummod,"(103, 108)",שלושת,
"(28, 29)",התדרים,,,,,,"(109, 115)",,"[{'id': 28, 'text': 'ה', 'upos': 'DET', 'xpos': 'DET', 'feats': 'PronType=Art', 'head': 29, 'deprel': 'det:def', 'lemma': 'ה'}, {'id': 29, 'text': 'תדרים', 'upos': 'NOUN', 'xpos': 'NOUN', 'feats': 'Gender=Masc|Number=Plur', 'head': 24, 'deprel': 'obl', 'lemma': 'תדר'}]"
"(30, 31)",האופייניים,,,,,,"(116, 126)",,"[{'id': 30, 'text': 'ה', 'upos': 'DET', 'xpos': 'DET', 'feats': 'PronType=Art', 'head': 31, 'deprel': 'det:def', 'lemma': 'ה'}, {'id': 31, 'text': 'אופייניים', 'upos': 'ADJ', 'xpos': 'ADJ', 'feats': 'Gender=Masc|Number=Plur', 'head': 29, 'deprel': 'amod', 'lemma': 'אופייני'}]"
32,(,PUNCT,PUNCT,,36.0,punct,"(127, 128)",(,
"(33, 34)",בהתאם,,,,,,"(128, 133)",,"[{'id': 33, 'text': 'ב', 'upos': 'ADP', 'xpos': 'ADP', 'head': 36, 'deprel': 'case', 'lemma': 'ב'}, {'id': 34, 'text': 'התאם', 'upos': 'NOUN', 'xpos': 'NOUN', 'feats': 'Gender=Masc|Number=Sing', 'head': 33, 'deprel': 'fixed', 'lemma': 'התאם'}]"
"(35, 36)",למשקלם,,,,,,"(134, 140)",,"[{'id': 35, 'text': 'ל', 'upos': 'ADP', 'xpos': 'ADP', 'head': 33, 'deprel': 'fixed', 'lemma': 'ל'}, {'id': 36, 'text': 'משקלם', 'upos': 'NOUN', 'xpos': 'NOUN', 'head': 20, 'deprel': 'appos', 'lemma': 'משקלם'}]"
"(37, 38)",היחסי,,,,,,"(141, 146)",,"[{'id': 37, 'text': 'ה', 'upos': 'DET', 'xpos': 'DET', 'feats': 'PronType=Art', 'head': 38, 'deprel': 'det:def', 'lemma': 'ה'}, {'id': 38, 'text': 'יחסי', 'upos': 'ADJ', 'xpos': 'ADJ', 'feats': 'Gender=Masc|Number=Sing', 'head': 36, 'deprel': 'amod', 'lemma': 'יחסים'}]"
39,),PUNCT,PUNCT,,36.0,punct,"(146, 147)",),
"(40, 41)",בנקודות,,,,,,"(148, 155)",,"[{'id': 40, 'text': 'ב', 'upos': 'ADP', 'xpos': 'ADP', 'head': 41, 'deprel': 'case', 'lemma': 'ב'}, {'id': 41, 'text': 'נקודות', 'upos': 'NOUN', 'xpos': 'NOUN', 'feats': 'Gender=Fem|Number=Plur', 'head': 24, 'deprel': 'obl', 'lemma': 'נקודה'}]"
42,אופייניות,ADJ,ADJ,Gender=Fem|Number=Plur,41.0,amod,"(156, 165)",אופייני,
"(43, 44)",במרחב,,,,,,"(166, 171)",,"[{'id': 43, 'text': 'ב', 'upos': 'ADP', 'xpos': 'ADP', 'head': 44, 'deprel': 'case', 'lemma': 'ב'}, {'id': 44, 'text': 'מרחב', 'upos': 'NOUN', 'xpos': 'NOUN', 'feats': 'Definite=Cons|Gender=Masc|Number=Sing', 'head': 41, 'deprel': 'nmod', 'lemma': 'מרחב'}]"
"(45, 46)",החדר,,,,,,"(172, 176)",,"[{'id': 45, 'text': 'ה', 'upos': 'DET', 'xpos': 'DET', 'feats': 'PronType=Art', 'head': 46, 'deprel': 'det:def', 'lemma': 'ה'}, {'id': 46, 'text': 'חדר', 'upos': 'NOUN', 'xpos': 'NOUN', 'feats': 'Gender=Masc|Number=Sing', 'head': 44, 'deprel': 'compound:smixut', 'lemma': 'חדר'}]"
"(47, 49)",והשוואה,,,,,,"(177, 184)",,"[{'id': 47, 'text': 'ו', 'upos': 'CCONJ', 'xpos': 'CCONJ', 'head': 49, 'deprel': 'cc', 'lemma': 'ו'}, {'id': 48, 'text': 'ה', 'upos': 'DET', 'xpos': 'DET', 'feats': 'PronType=Art', 'head': 49, 'deprel': 'det:def', 'lemma': 'ה'}, {'id': 49, 'text': 'שוואה', 'upos': 'PROPN', 'xpos': 'PROPN', 'feats': 'HebSource=ConvUncertainHead', 'head': 41, 'deprel': 'conj', 'lemma': 'שוואה'}]"
50,בין,ADP,ADP,,52.0,case,"(185, 188)",בין,
"(51, 52)",העוצמות,,,,,,"(189, 196)",,"[{'id': 51, 'text': 'ה', 'upos': 'DET', 'xpos': 'DET', 'feats': 'PronType=Art', 'head': 52, 'deprel': 'det:def', 'lemma': 'ה'}, {'id': 52, 'text': 'עוצמות', 'upos': 'NOUN', 'xpos': 'NOUN', 'feats': 'Gender=Fem|Number=Plur', 'head': 49, 'deprel': 'nmod', 'lemma': 'עוצמה'}]"
"(53, 54)",המתקבלות,,,,,,"(197, 205)",,"[{'id': 53, 'text': 'ה', 'upos': 'SCONJ', 'xpos': 'SCONJ', 'head': 54, 'deprel': 'mark', 'lemma': 'ה'}, {'id': 54, 'text': 'מתקבלות', 'upos': 'VERB', 'xpos': 'VERB', 'feats': 'Gender=Fem|HebBinyan=HITPAEL|Number=Plur|Person=1,2,3|VerbForm=Part', 'head': 52, 'deprel': 'acl:relcl', 'lemma': 'התקבל'}]"
55,בלי,ADP,ADP,,58.0,case,"(206, 209)",בלי,
"(56, 57)",ועם,,,,,,"(210, 213)",,"[{'id': 56, 'text': 'ו', 'upos': 'CCONJ', 'xpos': 'CCONJ', 'head': 58, 'deprel': 'cc', 'lemma': 'ו'}, {'id': 57, 'text': 'עם', 'upos': 'ADP', 'xpos': 'ADP', 'head': 58, 'deprel': 'case', 'lemma': 'עם'}]"
58,השתקה,NOUN,NOUN,Gender=Fem|Number=Sing,54.0,conj,"(214, 219)",השתקה,
59,אקטיבית,ADJ,ADJ,Gender=Fem|Number=Sing,58.0,amod,"(220, 227)",אקטיבי,
60,באמצעות,ADP,ADP,,62.0,case,"(228, 235)",באמצעות,
"(61, 62)",הרמקולים,,,,,,"(236, 244)",,"[{'id': 61, 'text': 'ה', 'upos': 'DET', 'xpos': 'DET', 'feats': 'PronType=Art', 'head': 62, 'deprel': 'det:def', 'lemma': 'ה'}, {'id': 62, 'text': 'רמקולים', 'upos': 'NOUN', 'xpos': 'NOUN', 'feats': 'Gender=Masc|Number=Plur', 'head': 58, 'deprel': 'nmod', 'lemma': 'רמקול'}]"
1,בחרנו,VERB,VERB,"Gender=Fem,Masc|HebBinyan=HIFIL|Number=Plur|Person=1|Tense=Past|Voice=Act",0.0,root,"(1, 6)",בחר,
2,ב,ADP,ADP,,6.0,case,"(7, 8)",ב,
3,-,PUNCT,PUNCT,,6.0,punct,"(8, 9)",-,
4,6,NUM,NUM,,6.0,nummod,"(10, 11)",6,
"(5, 6)",הנקודות,,,,,,"(12, 19)",,"[{'id': 5, 'text': 'ה', 'upos': 'DET', 'xpos': 'DET', 'feats': 'PronType=Art', 'head': 6, 'deprel': 'det:def', 'lemma': 'ה'}, {'id': 6, 'text': 'נקודות', 'upos': 'NOUN', 'xpos': 'NOUN', 'feats': 'Gender=Fem|Number=Plur', 'head': 1, 'deprel': 'obl', 'lemma': 'נקודה'}]"
"(7, 10)",שעבורם,,,,,,"(20, 26)",,"[{'id': 7, 'text': 'ש', 'upos': 'SCONJ', 'xpos': 'SCONJ', 'head': 12, 'deprel': 'mark', 'lemma': 'ש'}, {'id': 8, 'text': 'עבור_', 'upos': 'ADP', 'xpos': 'ADP', 'head': 10, 'deprel': 'case', 'lemma': 'עבור'}, {'id': 9, 'text': '_של_', 'upos': 'ADP', 'xpos': 'ADP', 'head': 10, 'deprel': 'case:gen', 'lemma': 'של'}, {'id': 10, 'text': '_הם', 'upos': 'PRON', 'xpos': 'PRON', 'feats': 'Gender=Masc|Number=Plur|Person=3|PronType=Prs', 'head': 6, 'deprel': 'nmod', 'lemma': 'הוא'}]"
11,גם,ADV,ADV,,12.0,advmod,"(27, 29)",גם,
12,בצענו,VERB,VERB,"Gender=Fem,Masc|HebBinyan=PAAL|Number=Plur|Person=1|Tense=Past|Voice=Act",6.0,acl:relcl,"(30, 35)",בצע,
13,השוואות,NOUN,NOUN,Gender=Fem|Number=Plur,12.0,obj,"(36, 43)",השוואה,
14,אחרות,ADJ,ADJ,Gender=Fem|Number=Plur,13.0,amod,"(44, 49)",אחר,
15,(,PUNCT,PUNCT,,16.0,punct,"(50, 51)",(,
16,למשל,CCONJ,CCONJ,,12.0,parataxis,"(51, 55)",למשל,
17,",",PUNCT,PUNCT,,16.0,punct,"(55, 56)",",",
18,עם,ADP,ADP,,19.0,case,"(57, 59)",עם,
19,מדידות,NOUN,NOUN,Gender=Fem|Number=Plur,16.0,dep,"(60, 66)",מדידה,
20,),PUNCT,PUNCT,,16.0,punct,"(66, 67)",),
"(1, 3)",בטבלה,,,,,,"(1, 6)",,"[{'id': 1, 'text': 'ב', 'upos': 'ADP', 'xpos': 'ADP', 'head': 3, 'deprel': 'case', 'lemma': 'ב'}, {'id': 2, 'text': 'ה_', 'upos': 'DET', 'xpos': 'DET', 'feats': 'PronType=Art', 'head': 3, 'deprel': 'det:def', 'lemma': 'ה'}, {'id': 3, 'text': 'טבלה', 'upos': 'NOUN', 'xpos': 'NOUN', 'feats': 'Gender=Fem|Number=Sing', 'head': 5, 'deprel': 'obl', 'lemma': 'טבלה'}]"
4,5,NUM,NUM,,3.0,nummod,"(7, 8)",5,
5,מובאים,VERB,VERB,"Gender=Masc|HebBinyan=HUFAL|Number=Plur|Person=1,2,3|VerbForm=Part|Voice=Pass",0.0,root,"(9, 15)",מבא,
6,ערכי,NOUN,NOUN,Definite=Cons|Gender=Masc|Number=Plur,5.0,nsubj,"(16, 20)",ערך,
7,עוצמות,NOUN,NOUN,Definite=Cons|Gender=Masc|Number=Plur,6.0,compound:smixut,"(21, 27)",עוצמה,
"(8, 9)",הרעש,,,,,,"(28, 32)",,"[{'id': 8, 'text': 'ה', 'upos': 'DET', 'xpos': 'DET', 'feats': 'PronType=Art', 'head': 9, 'deprel': 'det:def', 'lemma': 'ה'}, {'id': 9, 'text': 'רעש', 'upos': 'NOUN', 'xpos': 'NOUN', 'feats': 'Gender=Masc|Number=Sing', 'head': 7, 'deprel': 'compound:smixut', 'lemma': 'רעש'}]"
10,כאשר,SCONJ,SCONJ,,15.0,mark,"(33, 37)",כאשר,
"(11, 12)",בעמודה,,,,,,"(38, 44)",,"[{'id': 11, 'text': 'ב', 'upos': 'ADP', 'xpos': 'ADP', 'head': 12, 'deprel': 'case', 'lemma': 'ב'}, {'id': 12, 'text': 'עמודה', 'upos': 'NOUN', 'xpos': 'NOUN', 'feats': 'Gender=Fem|Number=Sing', 'head': 15, 'deprel': 'obl', 'lemma': 'עמודה'}]"
"(13, 14)",הימנית,,,,,,"(45, 51)",,"[{'id': 13, 'text': 'ה', 'upos': 'DET', 'xpos': 'DET', 'feats': 'PronType=Art', 'head': 14, 'deprel': 'det:def', 'lemma': 'ה'}, {'id': 14, 'text': 'ימנית', 'upos': 'ADJ', 'xpos': 'ADJ', 'feats': 'Gender=Fem|Number=Sing', 'head': 12, 'deprel': 'amod', 'lemma': 'ימני'}]"
15,מוצגת,VERB,VERB,"Gender=Fem|HebBinyan=HUFAL|Number=Sing|Person=1,2,3|VerbForm=Part|Voice=Pass",5.0,advcl,"(52, 57)",הוצג,
16,עוצמת,NOUN,NOUN,Definite=Cons|Gender=Fem|Number=Sing,15.0,nsubj,"(58, 63)",עוצמה,
"(17, 18)",הרעש,,,,,,"(64, 68)",,"[{'id': 17, 'text': 'ה', 'upos': 'DET', 'xpos': 'DET', 'feats': 'PronType=Art', 'head': 18, 'deprel': 'det:def', 'lemma': 'ה'}, {'id': 18, 'text': 'רעש', 'upos': 'NOUN', 'xpos': 'NOUN', 'feats': 'Gender=Masc|Number=Sing', 'head': 16, 'deprel': 'compound:smixut', 'lemma': 'רעש'}]"
"(19, 20)",המשוקללת,,,,,,"(69, 77)",,"[{'id': 19, 'text': 'ה', 'upos': 'DET', 'xpos': 'DET', 'feats': 'PronType=Art', 'head': 20, 'deprel': 'det:def', 'lemma': 'ה'}, {'id': 20, 'text': 'משוקללת', 'upos': 'VERB', 'xpos': 'VERB', 'feats': 'Gender=Fem|HebBinyan=PUAL|Number=Sing|Person=1,2,3|VerbForm=Part|Voice=Pass', 'head': 16, 'deprel': 'amod', 'lemma': 'שוקלל'}]"
21,עקב,CCONJ,CCONJ,,22.0,case,"(78, 81)",עקב,
22,רעש,NOUN,NOUN,Gender=Masc|Number=Sing,20.0,obl,"(82, 85)",רעש,
"(23, 25)",מהמקור,,,,,,"(86, 92)",,"[{'id': 23, 'text': 'מ', 'upos': 'ADP', 'xpos': 'ADP', 'head': 25, 'deprel': 'case', 'lemma': 'מ'}, {'id': 24, 'text': 'ה', 'upos': 'DET', 'xpos': 'DET', 'feats': 'PronType=Art', 'head': 25, 'deprel': 'det:def', 'lemma': 'ה'}, {'id': 25, 'text': 'מקור', 'upos': 'NOUN', 'xpos': 'NOUN', 'feats': 'Gender=Masc|Number=Sing', 'head': 22, 'deprel': 'nmod', 'lemma': 'מקור'}]"
"(26, 27)",הראשוני,,,,,,"(93, 100)",,"[{'id': 26, 'text': 'ה', 'upos': 'DET', 'xpos': 'DET', 'feats': 'PronType=Art', 'head': 27, 'deprel': 'det:def', 'lemma': 'ה'}, {'id': 27, 'text': 'ראשוני', 'upos': 'ADJ', 'xpos': 'ADJ', 'feats': 'Gender=Masc|Number=Sing', 'head': 25, 'deprel': 'amod', 'lemma': 'ראשוני'}]"
28,בלבד,ADV,ADV,,25.0,advmod,"(101, 105)",בלבד,
"(29, 30)",ואילו,,,,,,"(106, 111)",,"[{'id': 29, 'text': 'ו', 'upos': 'CCONJ', 'xpos': 'CCONJ', 'head': 30, 'deprel': 'cc', 'lemma': 'ו'}, {'id': 30, 'text': 'אילו', 'upos': 'CCONJ', 'xpos': 'CCONJ', 'head': 35, 'deprel': 'cc', 'lemma': 'אילו'}]"
"(31, 32)",בעמודות,,,,,,"(112, 119)",,"[{'id': 31, 'text': 'ב', 'upos': 'ADP', 'xpos': 'ADP', 'head': 32, 'deprel': 'case', 'lemma': 'ב'}, {'id': 32, 'text': 'עמודות', 'upos': 'NOUN', 'xpos': 'NOUN', 'feats': 'Gender=Fem|Number=Plur', 'head': 35, 'deprel': 'obl', 'lemma': 'עמודה'}]"
"(33, 34)",השמאליות,,,,,,"(120, 128)",,"[{'id': 33, 'text': 'ה', 'upos': 'DET', 'xpos': 'DET', 'feats': 'PronType=Art', 'head': 34, 'deprel': 'det:def', 'lemma': 'ה'}, {'id': 34, 'text': 'שמאליות', 'upos': 'ADJ', 'xpos': 'ADJ', 'feats': 'Gender=Fem|Number=Plur', 'head': 32, 'deprel': 'compound:smixut', 'lemma': 'שמאלי'}]"
35,ניתן,AUX,AUX,"Gender=Masc|Number=Sing|Person=1,2,3|VerbType=Mod",36.0,aux,"(129, 133)",ניתן,
36,לראות,VERB,VERB,HebBinyan=PAAL|VerbForm=Inf|Voice=Act,15.0,conj,"(134, 139)",ראה,
37,את,ADP,ADP,Case=Acc,38.0,case:acc,"(140, 142)",את,
38,עוצמת,NOUN,NOUN,Definite=Cons|Gender=Fem|Number=Sing,36.0,obj,"(143, 148)",עוצמה,
"(39, 40)",הרעש,,,,,,"(149, 153)",,"[{'id': 39, 'text': 'ה', 'upos': 'DET', 'xpos': 'DET', 'feats': 'PronType=Art', 'head': 40, 'deprel': 'det:def', 'lemma': 'ה'}, {'id': 40, 'text': 'רעש', 'upos': 'NOUN', 'xpos': 'NOUN', 'feats': 'Gender=Masc|Number=Sing', 'head': 38, 'deprel': 'compound:smixut', 'lemma': 'רעש'}]"
"(41, 42)",המשוקללת,,,,,,"(154, 162)",,"[{'id': 41, 'text': 'ה', 'upos': 'DET', 'xpos': 'DET', 'feats': 'PronType=Art', 'head': 42, 'deprel': 'det:def', 'lemma': 'ה'}, {'id': 42, 'text': 'משוקללת', 'upos': 'VERB', 'xpos': 'VERB', 'feats': 'Gender=Fem|HebBinyan=PUAL|Number=Sing|Person=1,2,3|VerbForm=Part|Voice=Pass', 'head': 38, 'deprel': 'amod', 'lemma': 'שוקלל'}]"
"(43, 45)",והמונחתת,,,,,,"(163, 171)",,"[{'id': 43, 'text': 'ו', 'upos': 'CCONJ', 'xpos': 'CCONJ', 'head': 45, 'deprel': 'cc', 'lemma': 'ו'}, {'id': 44, 'text': 'ה', 'upos': 'DET', 'xpos': 'DET', 'feats': 'PronType=Art', 'head': 45, 'deprel': 'det:def', 'lemma': 'ה'}, {'id': 45, 'text': 'מונחתת', 'upos': 'VERB', 'xpos': 'VERB', 'feats': 'Gender=Fem|HebBinyan=HUFAL|Number=Sing|Person=1,2,3|VerbForm=Part|Voice=Pass', 'head': 42, 'deprel': 'conj', 'lemma': 'הונח'}]"
46,(,PUNCT,PUNCT,,47.0,punct,"(172, 173)",(,
47,מקור,NOUN,NOUN,Gender=Masc|Number=Sing,38.0,appos,"(173, 177)",מקור,
48,ראשוני,ADJ,ADJ,Gender=Masc|Number=Sing,47.0,amod,"(178, 184)",ראשוני,
49,+,PUNCT,PUNCT,,50.0,case,"(185, 186)",+,
50,מקורות,NOUN,NOUN,Gender=Masc|Number=Plur,47.0,conj,"(187, 193)",מקור,
51,משניים,ADJ,ADJ,Gender=Masc|Number=Plur,50.0,amod,"(194, 200)",משני,
52,),PUNCT,PUNCT,,47.0,punct,"(200, 201)",),
"(53, 54)",למקרים,,,,,,"(202, 208)",,"[{'id': 53, 'text': 'ל', 'upos': 'ADP', 'xpos': 'ADP', 'head': 54, 'deprel': 'case', 'lemma': 'ל'}, {'id': 54, 'text': 'מקרים', 'upos': 'NOUN', 'xpos': 'NOUN', 'feats': 'Gender=Masc|Number=Plur', 'head': 36, 'deprel': 'obl', 'lemma': 'מקרה'}]"
"(55, 56)",הבאים,,,,,,"(209, 214)",,"[{'id': 55, 'text': 'ה', 'upos': 'DET', 'xpos': 'DET', 'feats': 'PronType=Art', 'head': 56, 'deprel': 'det:def', 'lemma': 'ה'}, {'id': 56, 'text': 'באים', 'upos': 'VERB', 'xpos': 'VERB', 'feats': 'Gender=Masc|HebBinyan=PAAL|Number=Plur|Person=1,2,3|VerbForm=Part|Voice=Act', 'head': 54, 'deprel': 'amod', 'lemma': 'בא'}]"
57,:,PUNCT,PUNCT,,5.0,punct,"(214, 215)",:,
58,1,NUM,NUM,,5.0,parataxis,"(216, 217)",1,
1,שני,NUM,NUM,Definite=Cons|Gender=Masc|Number=Plur,2.0,nummod,"(1, 4)",שני,
2,רמקולים,NOUN,NOUN,Gender=Masc|Number=Plur,0.0,root,"(5, 12)",רמקול,
3,ליד,ADP,ADP,,5.0,case,"(13, 16)",ליד,
"(4, 5)",החלון,,,,,,"(17, 22)",,"[{'id': 4, 'text': 'ה', 'upos': 'DET', 'xpos': 'DET', 'feats': 'PronType=Art', 'head': 5, 'deprel': 'det:def', 'lemma': 'ה'}, {'id': 5, 'text': 'חלון', 'upos': 'NOUN', 'xpos': 'NOUN', 'feats': 'Gender=Masc|Number=Sing', 'head': 2, 'deprel': 'nmod', 'lemma': 'חלון'}]"
6,",",PUNCT,PUNCT,,2.0,punct,"(22, 23)",",",
7,2,NUM,NUM,,2.0,appos,"(24, 25)",2,
1,שני,NUM,NUM,Definite=Cons|Gender=Masc|Number=Plur,2.0,nummod,"(1, 4)",שני,
2,רמקולים,NOUN,NOUN,Gender=Masc|Number=Plur,0.0,root,"(5, 12)",רמקול,
"(3, 5)",בקירות,,,,,,"(13, 19)",,"[{'id': 3, 'text': 'ב', 'upos': 'ADP', 'xpos': 'ADP', 'head': 5, 'deprel': 'case', 'lemma': 'ב'}, {'id': 4, 'text': 'ה_', 'upos': 'DET', 'xpos': 'DET', 'feats': 'PronType=Art', 'head': 5, 'deprel': 'det:def', 'lemma': 'ה'}, {'id': 5, 'text': 'קירות', 'upos': 'NOUN', 'xpos': 'NOUN', 'feats': 'Gender=Masc|Number=Plur', 'head': 2, 'deprel': 'nmod', 'lemma': 'קיר'}]"
"(6, 7)",שניצבים,,,,,,"(20, 27)",,"[{'id': 6, 'text': 'ש', 'upos': 'SCONJ', 'xpos': 'SCONJ', 'head': 7, 'deprel': 'mark', 'lemma': 'ש'}, {'id': 7, 'text': 'ניצבים', 'upos': 'VERB', 'xpos': 'VERB', 'feats': 'Gender=Masc|HebBinyan=NIFAL|Number=Plur|Person=1,2,3|VerbForm=Part|Voice=Mid', 'head': 2, 'deprel': 'acl:relcl', 'lemma': 'ניצב'}]"
"(8, 10)",לקיר,,,,,,"(28, 32)",,"[{'id': 8, 'text': 'ל', 'upos': 'ADP', 'xpos': 'ADP', 'head': 10, 'deprel': 'case', 'lemma': 'ל'}, {'id': 9, 'text': 'ה_', 'upos': 'DET', 'xpos': 'DET', 'feats': 'PronType=Art', 'head': 10, 'deprel': 'det:def', 'lemma': 'ה'}, {'id': 10, 'text': 'קיר', 'upos': 'NOUN', 'xpos': 'NOUN', 'feats': 'Gender=Masc|Number=Sing', 'head': 7, 'deprel': 'obl', 'lemma': 'קיר'}]"
"(11, 12)",החלון,,,,,,"(33, 38)",,"[{'id': 11, 'text': 'ה', 'upos': 'DET', 'xpos': 'DET', 'feats': 'PronType=Art', 'head': 12, 'deprel': 'det:def', 'lemma': 'ה'}, {'id': 12, 'text': 'חלון', 'upos': 'NOUN', 'xpos': 'NOUN', 'feats': 'Gender=Masc|Number=Sing', 'head': 10, 'deprel': 'nmod', 'lemma': 'חלון'}]"
13,",",PUNCT,PUNCT,,2.0,punct,"(38, 39)",",",
14,3,NUM,NUM,,2.0,nummod,"(40, 41)",3,
1,שני,NUM,NUM,Definite=Cons|Gender=Masc|Number=Plur,2.0,nummod,"(1, 4)",שני,
"(2, 3)",רמקולים,,,,,,"(5, 12)",,"[{'id': 2, 'text': 'ר', 'upos': 'NOUN', 'xpos': 'NOUN', 'head': 3, 'deprel': 'nsubj', 'lemma': 'ר'}, {'id': 3, 'text': 'מקולים', 'upos': 'VERB', 'xpos': 'VERB', 'feats': 'Gender=Masc|Number=Plur', 'head': 0, 'deprel': 'root', 'lemma': 'קיול'}]"
"(4, 5)",בפינות,,,,,,"(13, 19)",,"[{'id': 4, 'text': 'ב', 'upos': 'ADP', 'xpos': 'ADP', 'head': 5, 'deprel': 'case', 'lemma': 'ב'}, {'id': 5, 'text': 'פינות', 'upos': 'NOUN', 'xpos': 'NOUN', 'feats': 'Definite=Cons|Gender=Fem|Number=Plur', 'head': 3, 'deprel': 'obl', 'lemma': 'פינות'}]"
"(6, 7)",הקיר,,,,,,"(20, 24)",,"[{'id': 6, 'text': 'ה', 'upos': 'DET', 'xpos': 'DET', 'feats': 'PronType=Art', 'head': 7, 'deprel': 'det:def', 'lemma': 'ה'}, {'id': 7, 'text': 'קיר', 'upos': 'NOUN', 'xpos': 'NOUN', 'feats': 'Gender=Masc|Number=Sing', 'head': 5, 'deprel': 'compound:smixut', 'lemma': 'קיר'}]"
8,מול,ADP,ADP,,9.0,case,"(25, 28)",מול,
9,קיר,NOUN,NOUN,Definite=Cons|Gender=Masc|Number=Sing,5.0,nmod,"(29, 32)",קיר,
"(10, 11)",החלון,,,,,,"(33, 38)",,"[{'id': 10, 'text': 'ה', 'upos': 'DET', 'xpos': 'DET', 'feats': 'PronType=Art', 'head': 11, 'deprel': 'det:def', 'lemma': 'ה'}, {'id': 11, 'text': 'חלון', 'upos': 'NOUN', 'xpos': 'NOUN', 'feats': 'Gender=Masc|Number=Sing', 'head': 9, 'deprel': 'compound:smixut', 'lemma': 'חלון'}]"
12,",",PUNCT,PUNCT,,3.0,punct,"(38, 39)",",",
13,4,NUM,NUM,,3.0,parataxis,"(40, 41)",4,
1,ארבעה,NUM,NUM,Gender=Masc|Number=Sing,2.0,nummod,"(1, 6)",ארבעה,
"(2, 3)",רמקולים,,,,,,"(7, 14)",,"[{'id': 2, 'text': 'ר', 'upos': 'ADP', 'xpos': 'ADP', 'head': 3, 'deprel': 'nsubj', 'lemma': 'ר'}, {'id': 3, 'text': 'מקולים', 'upos': 'NOUN', 'xpos': 'NOUN', 'feats': 'Gender=Masc|Number=Plur', 'head': 0, 'deprel': 'root', 'lemma': 'מקול'}]"
"(4, 5)",בארבעת,,,,,,"(15, 21)",,"[{'id': 4, 'text': 'ב', 'upos': 'ADP', 'xpos': 'ADP', 'head': 6, 'deprel': 'case', 'lemma': 'ב'}, {'id': 5, 'text': 'ארבעת', 'upos': 'NUM', 'xpos': 'NUM', 'feats': 'Definite=Cons|Gender=Fem|Number=Sing', 'head': 6, 'deprel': 'nummod', 'lemma': 'ארבעת'}]"
6,פינות,NOUN,NOUN,Definite=Cons|Gender=Fem|Number=Plur,3.0,nmod,"(22, 27)",פינות,
"(7, 8)",החדר,,,,,,"(28, 32)",,"[{'id': 7, 'text': 'ה', 'upos': 'DET', 'xpos': 'DET', 'feats': 'PronType=Art', 'head': 8, 'deprel': 'det:def', 'lemma': 'ה'}, {'id': 8, 'text': 'חדר', 'upos': 'NOUN', 'xpos': 'NOUN', 'feats': 'Gender=Masc|Number=Sing', 'head': 6, 'deprel': 'compound:smixut', 'lemma': 'חדר'}]"
"(1, 2)",בכל,,,,,,"(1, 4)",,"[{'id': 1, 'text': 'ב', 'upos': 'ADP', 'xpos': 'ADP', 'head': 4, 'deprel': 'case', 'lemma': 'ב'}, {'id': 2, 'text': 'כל', 'upos': 'DET', 'xpos': 'DET', 'feats': 'Definite=Cons', 'head': 4, 'deprel': 'det', 'lemma': 'כול'}]"
"(3, 4)",המקרים,,,,,,"(5, 11)",,"[{'id': 3, 'text': 'ה', 'upos': 'DET', 'xpos': 'DET', 'feats': 'PronType=Art', 'head': 4, 'deprel': 'det:def', 'lemma': 'ה'}, {'id': 4, 'text': 'מקרים', 'upos': 'NOUN', 'xpos': 'NOUN', 'feats': 'Gender=Masc|Number=Plur', 'head': 11, 'deprel': 'obl', 'lemma': 'מקרה'}]"
5,עוצמת,NOUN,NOUN,Definite=Cons|Gender=Fem|Number=Sing,11.0,nsubj,"(12, 17)",עוצמה,
"(6, 7)",המקור,,,,,,"(18, 23)",,"[{'id': 6, 'text': 'ה', 'upos': 'DET', 'xpos': 'DET', 'feats': 'PronType=Art', 'head': 7, 'deprel': 'det:def', 'lemma': 'ה'}, {'id': 7, 'text': 'מקור', 'upos': 'NOUN', 'xpos': 'NOUN', 'feats': 'Gender=Masc|Number=Sing', 'head': 5, 'deprel': 'compound:smixut', 'lemma': 'מקור'}]"
"(8, 9)",המשני,,,,,,"(24, 29)",,"[{'id': 8, 'text': 'ה', 'upos': 'DET', 'xpos': 'DET', 'feats': 'PronType=Art', 'head': 9, 'deprel': 'det:def', 'lemma': 'ה'}, {'id': 9, 'text': 'משני', 'upos': 'ADJ', 'xpos': 'ADJ', 'feats': 'Gender=Masc|Number=Sing', 'head': 7, 'deprel': 'amod', 'lemma': 'משני'}]"
10,היתה,AUX,AUX,Gender=Fem|Number=Sing|Person=3|Polarity=Pos|Tense=Past|VerbType=Cop,11.0,cop,"(30, 34)",היה,
11,0,NUM,NUM,,0.0,root,"(35, 36)",0,
1,01,NUM,NUM,,0.0,root,"(0, 2)",01,
2,Pa,NUM,NUM,,1.0,nummod,"(3, 5)",Pa,
"(3, 5)",ובפאזה,,,,,,"(6, 12)",,"[{'id': 3, 'text': 'ו', 'upos': 'CCONJ', 'xpos': 'CCONJ', 'head': 5, 'deprel': 'cc', 'lemma': 'ו'}, {'id': 4, 'text': 'ב', 'upos': 'ADP', 'xpos': 'ADP', 'head': 5, 'deprel': 'case', 'lemma': 'ב'}, {'id': 5, 'text': 'פאזה', 'upos': 'NOUN', 'xpos': 'NOUN', 'feats': 'Gender=Fem|Number=Sing', 'head': 1, 'deprel': 'obl', 'lemma': 'פאזה'}]"
6,של,ADP,ADP,Case=Gen,9.0,case:gen,"(13, 15)",של,
7,־,PUNCT,PUNCT,Case=Gen,9.0,punct,"(16, 17)",־,
8,180,NUM,NUM,,9.0,nummod,"(18, 21)",180,
9,°,NOUN,NOUN,"Gender=Masc|HebSource=ConvUncertainHead|Number=Plur,Sing",5.0,nmod:poss,"(21, 22)",°,
1,3,NUM,NUM,,0.0,root,"(1, 2)",3,
1,4,NUM,NUM,,0.0,root,"(0, 1)",4,
1,2,NUM,NUM,,0.0,root,"(0, 1)",2,
1,מודל,NOUN,NOUN,Gender=Masc|Number=Sing,15.0,nsubj,"(1, 5)",מודל,
2,תלת,ADV,ADV,Prefix=Yes,4.0,compound:affix,"(6, 9)",תלת,
3,־,PUNCT,PUNCT,,4.0,punct,"(9, 10)",־,
4,ממדי,ADJ,ADJ,Gender=Masc|Number=Sing,1.0,amod,"(11, 15)",ממדי,
"(5, 6)",להנחתת,,,,,,"(16, 22)",,"[{'id': 5, 'text': 'ל', 'upos': 'ADP', 'xpos': 'ADP', 'head': 6, 'deprel': 'case', 'lemma': 'ל'}, {'id': 6, 'text': 'הנחתת', 'upos': 'NOUN', 'xpos': 'NOUN', 'feats': 'Definite=Cons|Gender=Fem|Number=Sing', 'head': 1, 'deprel': 'nmod', 'lemma': 'הנחתה'}]"
7,רעש,NOUN,NOUN,Gender=Masc|Number=Sing,6.0,compound:smixut,"(23, 26)",רעש,
8,אקטיבית,ADJ,ADJ,Definite=Cons|Gender=Fem|Number=Sing,6.0,amod,"(27, 34)",אקטיבי,
"(9, 10)",החישובים,,,,,,"(35, 43)",,"[{'id': 9, 'text': 'ה', 'upos': 'DET', 'xpos': 'DET', 'feats': 'PronType=Art', 'head': 10, 'deprel': 'det:def', 'lemma': 'ה'}, {'id': 10, 'text': 'חישובים', 'upos': 'NOUN', 'xpos': 'NOUN', 'feats': 'Gender=Masc|Number=Plur', 'head': 1, 'deprel': 'nmod', 'lemma': 'חישוב'}]"
"(11, 12)",התלת,,,,,,"(44, 48)",,"[{'id': 11, 'text': 'ה', 'upos': 'DET', 'xpos': 'DET', 'feats': 'PronType=Art', 'head': 14, 'deprel': 'det:def', 'lemma': 'ה'}, {'id': 12, 'text': 'תלת', 'upos': 'ADV', 'xpos': 'ADV', 'head': 14, 'deprel': 'compound:affix', 'lemma': 'תלת'}]"
"(13, 14)",־ממדיים,,,,,,"(48, 55)",,"[{'id': 13, 'text': 'ל', 'upos': 'ADP', 'xpos': 'ADP', 'head': 14, 'deprel': 'case', 'lemma': 'ל'}, {'id': 14, 'text': 'ממדיים', 'upos': 'ADJ', 'xpos': 'ADJ', 'feats': 'Gender=Masc|Number=Plur', 'head': 10, 'deprel': 'nmod', 'lemma': 'ממדיים'}]"
15,נעשו,VERB,VERB,"Gender=Fem,Masc|HebBinyan=NIFAL|Number=Plur|Person=3|Tense=Past|Voice=Mid",0.0,root,"(56, 60)",נעשה,
16,באמצעות,ADP,ADP,,18.0,case,"(61, 68)",באמצעות,
"(17, 18)",הגירסה,,,,,,"(69, 75)",,"[{'id': 17, 'text': 'ה', 'upos': 'DET', 'xpos': 'DET', 'feats': 'PronType=Art', 'head': 18, 'deprel': 'det:def', 'lemma': 'ה'}, {'id': 18, 'text': 'גירסה', 'upos': 'NOUN', 'xpos': 'NOUN', 'feats': 'Gender=Fem|Number=Sing', 'head': 15, 'deprel': 'obl', 'lemma': 'גירסה'}]"
"(19, 20)",המעודכנת,,,,,,"(76, 84)",,"[{'id': 19, 'text': 'ה', 'upos': 'DET', 'xpos': 'DET', 'feats': 'PronType=Art', 'head': 20, 'deprel': 'det:def', 'lemma': 'ה'}, {'id': 20, 'text': 'מעודכנת', 'upos': 'ADJ', 'xpos': 'ADJ', 'feats': 'Gender=Fem|Number=Sing', 'head': 18, 'deprel': 'amod', 'lemma': 'מעודכן'}]"
21,5,NUM,NUM,,15.0,punct,"(85, 86)",5,
1,4,NUM,NUM,,2.0,nummod,"(0, 1)",4,
2,anysy,PROPN,PROPN,,0.0,root,"(2, 7)",anysy,
3,עבור,ADP,ADP,,4.0,case,"(8, 12)",עבור,
4,מודל,NOUN,NOUN,Gender=Masc|Number=Sing,2.0,nmod,"(13, 17)",מודל,
5,של,ADP,ADP,Case=Gen,6.0,case:gen,"(18, 20)",של,
6,חדר,NOUN,NOUN,Gender=Masc|Number=Sing,4.0,nmod:poss,"(21, 24)",חדר,
7,עם,ADP,ADP,,8.0,case,"(25, 27)",עם,
8,גיאומטריה,NOUN,NOUN,Gender=Fem|Number=Sing,6.0,nmod,"(28, 37)",גיאומטריה,
"(9, 10)",כמתואר,,,,,,"(38, 44)",,"[{'id': 9, 'text': 'כ', 'upos': 'ADP', 'xpos': 'ADP', 'head': 10, 'deprel': 'mark', 'lemma': 'כ'}, {'id': 10, 'text': 'מתואר', 'upos': 'VERB', 'xpos': 'VERB', 'feats': 'Gender=Masc|HebBinyan=PUAL|Number=Sing|Person=1,2,3|VerbForm=Part|Voice=Pass', 'head': 6, 'deprel': 'acl:relcl', 'lemma': 'תואר'}]"
"(11, 12)",בציור,,,,,,"(45, 50)",,"[{'id': 11, 'text': 'ב', 'upos': 'ADP', 'xpos': 'ADP', 'head': 12, 'deprel': 'case', 'lemma': 'ב'}, {'id': 12, 'text': 'ציור', 'upos': 'NOUN', 'xpos': 'NOUN', 'feats': 'Gender=Masc|Number=Sing', 'head': 10, 'deprel': 'obl', 'lemma': 'ציור'}]"
13,6a,NUM,NUM,,12.0,nummod,"(51, 53)",6a,
"(1, 2)",הפתרון,,,,,,"(1, 7)",,"[{'id': 1, 'text': 'ה', 'upos': 'DET', 'xpos': 'DET', 'feats': 'PronType=Art', 'head': 2, 'deprel': 'det:def', 'lemma': 'ה'}, {'id': 2, 'text': 'פתרון', 'upos': 'NOUN', 'xpos': 'NOUN', 'feats': 'Gender=Masc|Number=Sing', 'head': 9, 'deprel': 'nsubj', 'lemma': 'פתרון'}]"
"(3, 4)",בשיטת,,,,,,"(8, 13)",,"[{'id': 3, 'text': 'ב', 'upos': 'ADP', 'xpos': 'ADP', 'head': 4, 'deprel': 'case', 'lemma': 'ב'}, {'id': 4, 'text': 'שיטת', 'upos': 'NOUN', 'xpos': 'NOUN', 'feats': 'Definite=Cons|Gender=Fem|Number=Sing', 'head': 2, 'deprel': 'nmod', 'lemma': 'שיטה'}]"
"(5, 6)",האלמנטים,,,,,,"(14, 22)",,"[{'id': 5, 'text': 'ה', 'upos': 'DET', 'xpos': 'DET', 'feats': 'PronType=Art', 'head': 6, 'deprel': 'det:def', 'lemma': 'ה'}, {'id': 6, 'text': 'אלמנטים', 'upos': 'NOUN', 'xpos': 'NOUN', 'feats': 'Gender=Masc|Number=Plur', 'head': 4, 'deprel': 'compound:smixut', 'lemma': 'אלמנט'}]"
"(7, 8)",הסופיים,,,,,,"(23, 30)",,"[{'id': 7, 'text': 'ה', 'upos': 'DET', 'xpos': 'DET', 'feats': 'PronType=Art', 'head': 8, 'deprel': 'det:def', 'lemma': 'ה'}, {'id': 8, 'text': 'סופיים', 'upos': 'ADJ', 'xpos': 'ADJ', 'feats': 'Gender=Masc|Number=Plur', 'head': 6, 'deprel': 'amod', 'lemma': 'סופי'}]"
9,נעשה,VERB,VERB,Gender=Masc|HebBinyan=NIFAL|Number=Sing|Person=3|Tense=Past|Voice=Mid,0.0,root,"(31, 35)",נעשה,
10,עבור,ADP,ADP,,11.0,case,"(36, 40)",עבור,
11,רישות,NOUN,NOUN,Definite=Cons|Gender=Fem|Number=Plur,9.0,obl,"(41, 46)",רישות,
"(12, 13)",הבעיה,,,,,,"(47, 52)",,"[{'id': 12, 'text': 'ה', 'upos': 'DET', 'xpos': 'DET', 'feats': 'PronType=Art', 'head': 13, 'deprel': 'det:def', 'lemma': 'ה'}, {'id': 13, 'text': 'בעיה', 'upos': 'NOUN', 'xpos': 'NOUN', 'feats': 'Gender=Fem|Number=Sing', 'head': 11, 'deprel': 'compound:smixut', 'lemma': 'בעיה'}]"
14,כפי,SCONJ,SCONJ,,16.0,mark,"(53, 56)",כפי,
"(15, 16)",שמתואר,,,,,,"(57, 63)",,"[{'id': 15, 'text': 'ש', 'upos': 'SCONJ', 'xpos': 'SCONJ', 'head': 14, 'deprel': 'fixed', 'lemma': 'ש'}, {'id': 16, 'text': 'מתואר', 'upos': 'VERB', 'xpos': 'VERB', 'feats': 'Gender=Masc|HebBinyan=PUAL|Number=Sing|Person=1,2,3|VerbForm=Part|Voice=Pass', 'head': 9, 'deprel': 'advcl', 'lemma': 'תואר'}]"
"(17, 18)",בסכימה,,,,,,"(64, 70)",,"[{'id': 17, 'text': 'ב', 'upos': 'ADP', 'xpos': 'ADP', 'head': 18, 'deprel': 'case', 'lemma': 'ב'}, {'id': 18, 'text': 'סכימה', 'upos': 'NOUN', 'xpos': 'NOUN', 'feats': 'Gender=Fem|Number=Sing', 'head': 16, 'deprel': 'obl', 'lemma': 'סכימה'}]"
"(19, 20)",בציור,,,,,,"(71, 76)",,"[{'id': 19, 'text': 'ב', 'upos': 'ADP', 'xpos': 'ADP', 'head': 20, 'deprel': 'case', 'lemma': 'ב'}, {'id': 20, 'text': 'ציור', 'upos': 'NOUN', 'xpos': 'NOUN', 'feats': 'Gender=Masc|Number=Sing', 'head': 18, 'deprel': 'nmod', 'lemma': 'ציור'}]"
21,2,NUM,NUM,,20.0,nummod,"(77, 78)",2,
"(1, 2)",העומס,,,,,,"(1, 6)",,"[{'id': 1, 'text': 'ה', 'upos': 'DET', 'xpos': 'DET', 'feats': 'PronType=Art', 'head': 2, 'deprel': 'det:def', 'lemma': 'ה'}, {'id': 2, 'text': 'עומס', 'upos': 'NOUN', 'xpos': 'NOUN', 'feats': 'Gender=Masc|Number=Sing', 'head': 0, 'deprel': 'root', 'lemma': 'עומס'}]"
"(3, 4)",הראשוני,,,,,,"(7, 14)",,"[{'id': 3, 'text': 'ה', 'upos': 'DET', 'xpos': 'DET', 'feats': 'PronType=Art', 'head': 4, 'deprel': 'det:def', 'lemma': 'ה'}, {'id': 4, 'text': 'ראשוני', 'upos': 'ADJ', 'xpos': 'ADJ', 'feats': 'Gender=Masc|Number=Sing', 'head': 2, 'deprel': 'amod', 'lemma': 'ראשוני'}]"
"(5, 6)",בעוצמה,,,,,,"(15, 21)",,"[{'id': 5, 'text': 'ב', 'upos': 'ADP', 'xpos': 'ADP', 'head': 6, 'deprel': 'case', 'lemma': 'ב'}, {'id': 6, 'text': 'עוצמה', 'upos': 'NOUN', 'xpos': 'NOUN', 'feats': 'Gender=Fem|Number=Sing', 'head': 2, 'deprel': 'nmod', 'lemma': 'עוצמה'}]"
7,של,ADP,ADP,Case=Gen,8.0,case:gen,"(22, 24)",של,
8,0,NUM,NUM,,6.0,nmod:poss,"(25, 26)",0,
1,0205,NUM,NUM,,19.0,dep,"(0, 4)",0205,
2,Pa,PROPN,PROPN,,1.0,flat:name,"(5, 7)",Pa,
3,(,PUNCT,PUNCT,,5.0,punct,"(8, 9)",(,
"(4, 5)",ההפרעה,,,,,,"(9, 15)",,"[{'id': 4, 'text': 'ה', 'upos': 'DET', 'xpos': 'DET', 'feats': 'PronType=Art', 'head': 5, 'deprel': 'det:def', 'lemma': 'ה'}, {'id': 5, 'text': 'הפרעה', 'upos': 'NOUN', 'xpos': 'NOUN', 'feats': 'Gender=Fem|Number=Sing', 'head': 1, 'deprel': 'appos', 'lemma': 'הפרעה'}]"
6,עקב,CCONJ,CCONJ,,8.0,case,"(16, 19)",עקב,
"(7, 8)",הרעש,,,,,,"(20, 24)",,"[{'id': 7, 'text': 'ה', 'upos': 'DET', 'xpos': 'DET', 'feats': 'PronType=Art', 'head': 8, 'deprel': 'det:def', 'lemma': 'ה'}, {'id': 8, 'text': 'רעש', 'upos': 'NOUN', 'xpos': 'NOUN', 'feats': 'Gender=Masc|Number=Sing', 'head': 5, 'deprel': 'nmod', 'lemma': 'רעש'}]"
"(9, 10)",ממזגן,,,,,,"(25, 30)",,"[{'id': 9, 'text': 'מ', 'upos': 'ADP', 'xpos': 'ADP', 'head': 10, 'deprel': 'case', 'lemma': 'מ'}, {'id': 10, 'text': 'מזגן', 'upos': 'NOUN', 'xpos': 'NOUN', 'feats': 'Definite=Cons|Gender=Masc|Number=Sing', 'head': 8, 'deprel': 'nmod', 'lemma': 'מזגן'}]"
11,a,PROPN,PROPN,,10.0,compound:smixut,"(31, 32)",a,
12,כפי,SCONJ,SCONJ,,14.0,mark,"(33, 36)",כפי,
"(13, 14)",שהתקבל,,,,,,"(37, 43)",,"[{'id': 13, 'text': 'ש', 'upos': 'SCONJ', 'xpos': 'SCONJ', 'head': 12, 'deprel': 'fixed', 'lemma': 'ש'}, {'id': 14, 'text': 'התקבל', 'upos': 'VERB', 'xpos': 'VERB', 'feats': 'Gender=Masc|HebBinyan=HITPAEL|Number=Sing|Person=3|Tense=Past', 'head': 5, 'deprel': 'advcl', 'lemma': 'התקבל'}]"
"(15, 17)",מהמדידות,,,,,,"(44, 52)",,"[{'id': 15, 'text': 'מ', 'upos': 'ADP', 'xpos': 'ADP', 'head': 17, 'deprel': 'case', 'lemma': 'מ'}, {'id': 16, 'text': 'ה', 'upos': 'DET', 'xpos': 'DET', 'feats': 'PronType=Art', 'head': 17, 'deprel': 'det:def', 'lemma': 'ה'}, {'id': 17, 'text': 'מדידות', 'upos': 'NOUN', 'xpos': 'NOUN', 'feats': 'Gender=Fem|Number=Plur', 'head': 14, 'deprel': 'obl', 'lemma': 'מדידה'}]"
18,),PUNCT,PUNCT,,5.0,punct,"(52, 53)",),
19,הוכנס,VERB,VERB,Gender=Masc|HebBinyan=HUFAL|Number=Sing|Person=3|Tense=Past|Voice=Pass,0.0,root,"(54, 59)",הוכנס,
"(20, 21)",בצורה,,,,,,"(60, 65)",,"[{'id': 20, 'text': 'ב', 'upos': 'ADP', 'xpos': 'ADP', 'head': 21, 'deprel': 'case', 'lemma': 'ב'}, {'id': 21, 'text': 'צורה', 'upos': 'NOUN', 'xpos': 'NOUN', 'feats': 'Gender=Fem|Number=Sing', 'head': 19, 'deprel': 'obl', 'lemma': 'צורה'}]"
22,ישירה,ADJ,ADJ,Gender=Fem|Number=Sing,21.0,amod,"(66, 71)",ישיר,
"(23, 24)",לנקודות,,,,,,"(72, 79)",,"[{'id': 23, 'text': 'ל', 'upos': 'ADP', 'xpos': 'ADP', 'head': 24, 'deprel': 'case', 'lemma': 'ל'}, {'id': 24, 'text': 'נקודות', 'upos': 'NOUN', 'xpos': 'NOUN', 'feats': 'Definite=Cons|Gender=Fem|Number=Plur', 'head': 19, 'deprel': 'obl', 'lemma': 'נקודה'}]"
"(25, 26)",הצומת,,,,,,"(80, 85)",,"[{'id': 25, 'text': 'ה', 'upos': 'DET', 'xpos': 'DET', 'feats': 'PronType=Art', 'head': 26, 'deprel': 'det:def', 'lemma': 'ה'}, {'id': 26, 'text': 'צומת', 'upos': 'NOUN', 'xpos': 'NOUN', 'feats': 'Gender=Fem|Number=Sing', 'head': 24, 'deprel': 'compound:smixut', 'lemma': 'צומת'}]"
"(27, 28)",המתארות,,,,,,"(86, 93)",,"[{'id': 27, 'text': 'ה', 'upos': 'SCONJ', 'xpos': 'SCONJ', 'head': 28, 'deprel': 'mark', 'lemma': 'ה'}, {'id': 28, 'text': 'מתארות', 'upos': 'VERB', 'xpos': 'VERB', 'feats': 'Gender=Fem|HebBinyan=PIEL|Number=Plur|Person=1,2,3|VerbForm=Part|Voice=Act', 'head': 24, 'deprel': 'acl:relcl', 'lemma': 'תיאר'}]"
29,את,ADP,ADP,Case=Acc,31.0,case:acc,"(94, 96)",את,
"(30, 31)",החלון,,,,,,"(97, 102)",,"[{'id': 30, 'text': 'ה', 'upos': 'DET', 'xpos': 'DET', 'feats': 'PronType=Art', 'head': 31, 'deprel': 'det:def', 'lemma': 'ה'}, {'id': 31, 'text': 'חלון', 'upos': 'NOUN', 'xpos': 'NOUN', 'feats': 'Gender=Masc|Number=Sing', 'head': 28, 'deprel': 'obj', 'lemma': 'חלון'}]"
"(1, 2)",לצורך,,,,,,"(1, 6)",,"[{'id': 1, 'text': 'ל', 'upos': 'ADP', 'xpos': 'ADP', 'head': 2, 'deprel': 'case', 'lemma': 'ל'}, {'id': 2, 'text': 'צורך', 'upos': 'NOUN', 'xpos': 'NOUN', 'feats': 'Definite=Cons|Gender=Masc|Number=Sing', 'head': 7, 'deprel': 'obl', 'lemma': 'צורך'}]"
3,סימולציה,NOUN,NOUN,Gender=Fem|Number=Sing,2.0,compound:smixut,"(7, 15)",סימולציה,
4,של,ADP,ADP,Case=Gen,5.0,case:gen,"(16, 18)",של,
5,הנחתה,NOUN,NOUN,Gender=Fem|Number=Sing,3.0,nmod:poss,"(19, 24)",הנחתה,
6,אקטיבית,ADJ,ADJ,Gender=Fem|Number=Sing,5.0,amod,"(25, 32)",אקטיבי,
7,מיקמנו,VERB,VERB,"Gender=Fem,Masc|HebBinyan=PIEL|Number=Plur|Person=3|Tense=Past|Voice=Act",0.0,root,"(33, 39)",ייקם,
8,את,ADP,ADP,Case=Acc,9.0,case:acc,"(40, 42)",את,
9,מקורות,NOUN,NOUN,Definite=Cons|Gender=Masc|Number=Plur,7.0,obj,"(43, 49)",מקור,
"(10, 11)",הרעש,,,,,,"(50, 54)",,"[{'id': 10, 'text': 'ה', 'upos': 'DET', 'xpos': 'DET', 'feats': 'PronType=Art', 'head': 11, 'deprel': 'det:def', 'lemma': 'ה'}, {'id': 11, 'text': 'רעש', 'upos': 'NOUN', 'xpos': 'NOUN', 'feats': 'Gender=Masc|Number=Sing', 'head': 9, 'deprel': 'compound:smixut', 'lemma': 'רעש'}]"
"(12, 13)",המשניים,,,,,,"(55, 62)",,"[{'id': 12, 'text': 'ה', 'upos': 'DET', 'xpos': 'DET', 'feats': 'PronType=Art', 'head': 13, 'deprel': 'det:def', 'lemma': 'ה'}, {'id': 13, 'text': 'משניים', 'upos': 'ADJ', 'xpos': 'ADJ', 'feats': 'Gender=Masc|Number=Plur', 'head': 9, 'deprel': 'amod', 'lemma': 'משני'}]"
14,(,PUNCT,PUNCT,,15.0,punct,"(63, 64)",(,
15,רמקולים,NOUN,NOUN,Gender=Masc|Number=Plur,9.0,appos,"(64, 71)",רמקול,
16,),PUNCT,PUNCT,,15.0,punct,"(71, 72)",),
"(17, 18)",בצדי,,,,,,"(73, 77)",,"[{'id': 17, 'text': 'ב', 'upos': 'ADP', 'xpos': 'ADP', 'head': 18, 'deprel': 'case', 'lemma': 'ב'}, {'id': 18, 'text': 'צדי', 'upos': 'NOUN', 'xpos': 'NOUN', 'feats': 'Definite=Cons|Gender=Masc|Number=Plur', 'head': 7, 'deprel': 'obl', 'lemma': 'צד'}]"
"(19, 20)",החלון,,,,,,"(78, 83)",,"[{'id': 19, 'text': 'ה', 'upos': 'DET', 'xpos': 'DET', 'feats': 'PronType=Art', 'head': 20, 'deprel': 'det:def', 'lemma': 'ה'}, {'id': 20, 'text': 'חלון', 'upos': 'NOUN', 'xpos': 'NOUN', 'feats': 'Gender=Masc|Number=Sing', 'head': 18, 'deprel': 'compound:smixut', 'lemma': 'חלון'}]"
21,כיון,SCONJ,SCONJ,,26.0,case,"(84, 88)",כיון,
"(22, 23)",שזה,,,,,,"(89, 92)",,"[{'id': 22, 'text': 'ש', 'upos': 'SCONJ', 'xpos': 'SCONJ', 'head': 26, 'deprel': 'mark', 'lemma': 'ש'}, {'id': 23, 'text': 'זה', 'upos': 'PRON', 'xpos': 'PRON', 'feats': 'Gender=Masc|Number=Sing|Person=3', 'head': 26, 'deprel': 'nsubj', 'lemma': 'זה'}]"
24,היה,AUX,AUX,Gender=Masc|Number=Sing|Person=3|Polarity=Pos|Tense=Past|VerbType=Cop,26.0,cop,"(93, 96)",היה,
"(25, 26)",הפתרון,,,,,,"(97, 103)",,"[{'id': 25, 'text': 'ה', 'upos': 'DET', 'xpos': 'DET', 'feats': 'PronType=Art', 'head': 26, 'deprel': 'det:def', 'lemma': 'ה'}, {'id': 26, 'text': 'פתרון', 'upos': 'NOUN', 'xpos': 'NOUN', 'feats': 'Gender=Masc|Number=Sing', 'head': 7, 'deprel': 'advcl', 'lemma': 'פתרון'}]"
"(27, 28)",האופטימלי,,,,,,"(104, 113)",,"[{'id': 27, 'text': 'ה', 'upos': 'DET', 'xpos': 'DET', 'feats': 'PronType=Art', 'head': 28, 'deprel': 'det:def', 'lemma': 'ה'}, {'id': 28, 'text': 'אופטימלי', 'upos': 'ADJ', 'xpos': 'ADJ', 'feats': 'Gender=Masc|Number=Sing', 'head': 26, 'deprel': 'amod', 'lemma': 'אופטימלי'}]"
"(29, 31)",בחישובים,,,,,,"(114, 122)",,"[{'id': 29, 'text': 'ב', 'upos': 'ADP', 'xpos': 'ADP', 'head': 31, 'deprel': 'case', 'lemma': 'ב'}, {'id': 30, 'text': 'ה_', 'upos': 'DET', 'xpos': 'DET', 'feats': 'PronType=Art', 'head': 31, 'deprel': 'det:def', 'lemma': 'ה'}, {'id': 31, 'text': 'חישובים', 'upos': 'NOUN', 'xpos': 'NOUN', 'feats': 'Gender=Masc|Number=Plur', 'head': 26, 'deprel': 'nmod', 'lemma': 'חישוב'}]"
"(32, 33)",הדו,,,,,,"(123, 126)",,"[{'id': 32, 'text': 'ה', 'upos': 'DET', 'xpos': 'DET', 'feats': 'PronType=Art', 'head': 36, 'deprel': 'det:def', 'lemma': 'ה'}, {'id': 33, 'text': 'דו', 'upos': 'ADV', 'xpos': 'ADV', 'feats': 'Prefix=Yes', 'head': 35, 'deprel': 'compound:affix', 'lemma': 'דו'}]"
34,-,PUNCT,PUNCT,,35.0,punct,"(126, 127)",-,
"(35, 36)",ממדיים,,,,,,"(127, 133)",,"[{'id': 35, 'text': 'מ', 'upos': 'ADP', 'xpos': 'ADP', 'head': 36, 'deprel': 'case', 'lemma': 'מ'}, {'id': 36, 'text': 'מדיים', 'upos': 'ADJ', 'xpos': 'ADJ', 'feats': 'Gender=Masc|Number=Plur', 'head': 31, 'deprel': 'amod', 'lemma': 'מדיים'}]"
"(37, 38)",שבוצעו,,,,,,"(134, 140)",,"[{'id': 37, 'text': 'ש', 'upos': 'SCONJ', 'xpos': 'SCONJ', 'head': 38, 'deprel': 'mark', 'lemma': 'ש'}, {'id': 38, 'text': 'בוצעו', 'upos': 'VERB', 'xpos': 'VERB', 'feats': 'Gender=Fem,Masc|HebBinyan=PUAL|Number=Plur|Person=3|Tense=Past|Voice=Pass', 'head': 31, 'deprel': 'acl:relcl', 'lemma': 'בוצע'}]"
"(39, 40)",בשנה,,,,,,"(141, 145)",,"[{'id': 39, 'text': 'ב', 'upos': 'ADP', 'xpos': 'ADP', 'head': 40, 'deprel': 'case', 'lemma': 'ב'}, {'id': 40, 'text': 'שנה', 'upos': 'NOUN', 'xpos': 'NOUN', 'feats': 'Gender=Fem|Number=Sing', 'head': 38, 'deprel': 'obl', 'lemma': 'שנה'}]"
"(41, 42)",הקודמת,,,,,,"(146, 152)",,"[{'id': 41, 'text': 'ה', 'upos': 'DET', 'xpos': 'DET', 'feats': 'PronType=Art', 'head': 42, 'deprel': 'det:def', 'lemma': 'ה'}, {'id': 42, 'text': 'קודמת', 'upos': 'ADJ', 'xpos': 'ADJ', 'feats': 'Gender=Fem|Number=Sing', 'head': 40, 'deprel': 'amod', 'lemma': 'קודם'}]"
43,של,ADP,ADP,Case=Gen,45.0,case:gen,"(153, 155)",של,
"(44, 45)",המחקר,,,,,,"(156, 161)",,"[{'id': 44, 'text': 'ה', 'upos': 'DET', 'xpos': 'DET', 'feats': 'PronType=Art', 'head': 45, 'deprel': 'det:def', 'lemma': 'ה'}, {'id': 45, 'text': 'מחקר', 'upos': 'NOUN', 'xpos': 'NOUN', 'feats': 'Gender=Masc|Number=Sing', 'head': 40, 'deprel': 'nmod', 'lemma': 'מחקר'}]"
"(1, 2)",בניתוח,,,,,,"(1, 7)",,"[{'id': 1, 'text': 'ב', 'upos': 'ADP', 'xpos': 'ADP', 'head': 2, 'deprel': 'case', 'lemma': 'ב'}, {'id': 2, 'text': 'ניתוח', 'upos': 'NOUN', 'xpos': 'NOUN', 'feats': 'Gender=Masc|Number=Sing', 'head': 5, 'deprel': 'obl', 'lemma': 'ניתוח'}]"
"(3, 4)",הראשוני,,,,,,"(8, 15)",,"[{'id': 3, 'text': 'ה', 'upos': 'DET', 'xpos': 'DET', 'feats': 'PronType=Art', 'head': 4, 'deprel': 'det:def', 'lemma': 'ה'}, {'id': 4, 'text': 'ראשוני', 'upos': 'ADJ', 'xpos': 'ADJ', 'feats': 'Gender=Masc|Number=Sing', 'head': 2, 'deprel': 'amod', 'lemma': 'ראשוני'}]"
5,מיקמנו,VERB,VERB,"Gender=Fem,Masc|HebBinyan=PIEL|Number=Plur|Person=3|Tense=Past|Voice=Act",0.0,root,"(16, 22)",ייקם,
6,את,ADP,ADP,Case=Acc,7.0,case:acc,"(23, 25)",את,
7,מקורות,NOUN,NOUN,Definite=Cons|Gender=Masc|Number=Plur,5.0,obj,"(26, 32)",מקור,
"(8, 9)",הרעש,,,,,,"(33, 37)",,"[{'id': 8, 'text': 'ה', 'upos': 'DET', 'xpos': 'DET', 'feats': 'PronType=Art', 'head': 9, 'deprel': 'det:def', 'lemma': 'ה'}, {'id': 9, 'text': 'רעש', 'upos': 'NOUN', 'xpos': 'NOUN', 'feats': 'Gender=Masc|Number=Sing', 'head': 7, 'deprel': 'compound:smixut', 'lemma': 'רעש'}]"
"(10, 11)",המשני,,,,,,"(38, 43)",,"[{'id': 10, 'text': 'ה', 'upos': 'DET', 'xpos': 'DET', 'feats': 'PronType=Art', 'head': 11, 'deprel': 'det:def', 'lemma': 'ה'}, {'id': 11, 'text': 'משני', 'upos': 'ADJ', 'xpos': 'ADJ', 'feats': 'Gender=Masc|Number=Sing', 'head': 9, 'deprel': 'amod', 'lemma': 'משני'}]"
12,קרוב,ADJ,ADJ,Gender=Masc|Number=Sing,9.0,amod,"(44, 48)",קרוב,
"(13, 15)",לתקרה,,,,,,"(49, 54)",,"[{'id': 13, 'text': 'ל', 'upos': 'ADP', 'xpos': 'ADP', 'head': 15, 'deprel': 'case', 'lemma': 'ל'}, {'id': 14, 'text': 'ה_', 'upos': 'DET', 'xpos': 'DET', 'feats': 'PronType=Art', 'head': 15, 'deprel': 'det:def', 'lemma': 'ה'}, {'id': 15, 'text': 'תקרה', 'upos': 'NOUN', 'xpos': 'NOUN', 'feats': 'Gender=Fem|Number=Sing', 'head': 12, 'deprel': 'fixed', 'lemma': 'תקרה'}]"
"(16, 17)",כמוראה,,,,,,"(55, 61)",,"[{'id': 16, 'text': 'כ', 'upos': 'ADP', 'xpos': 'ADP', 'head': 17, 'deprel': 'case', 'lemma': 'כ'}, {'id': 17, 'text': 'מוראה', 'upos': 'NOUN', 'xpos': 'NOUN', 'feats': 'Gender=Masc|Number=Sing', 'head': 5, 'deprel': 'obl', 'lemma': 'מוראה'}]"
"(18, 19)",בציור,,,,,,"(62, 67)",,"[{'id': 18, 'text': 'ב', 'upos': 'ADP', 'xpos': 'ADP', 'head': 19, 'deprel': 'case', 'lemma': 'ב'}, {'id': 19, 'text': 'ציור', 'upos': 'NOUN', 'xpos': 'NOUN', 'feats': 'Gender=Masc|Number=Sing', 'head': 17, 'deprel': 'nmod', 'lemma': 'ציור'}]"
20,18,NUM,NUM,,19.0,nummod,"(68, 70)",18,
"(1, 2)",העומס,,,,,,"(1, 6)",,"[{'id': 1, 'text': 'ה', 'upos': 'DET', 'xpos': 'DET', 'feats': 'PronType=Art', 'head': 2, 'deprel': 'det:def', 'lemma': 'ה'}, {'id': 2, 'text': 'עומס', 'upos': 'NOUN', 'xpos': 'NOUN', 'feats': 'Gender=Masc|Number=Sing', 'head': 8, 'deprel': 'nsubj', 'lemma': 'עומס'}]"
3,של,ADP,ADP,Case=Gen,5.0,case:gen,"(7, 9)",של,
"(4, 5)",המקור,,,,,,"(10, 15)",,"[{'id': 4, 'text': 'ה', 'upos': 'DET', 'xpos': 'DET', 'feats': 'PronType=Art', 'head': 5, 'deprel': 'det:def', 'lemma': 'ה'}, {'id': 5, 'text': 'מקור', 'upos': 'NOUN', 'xpos': 'NOUN', 'feats': 'Gender=Masc|Number=Sing', 'head': 2, 'deprel': 'nmod:poss', 'lemma': 'מקור'}]"
"(6, 7)",המשני,,,,,,"(16, 21)",,"[{'id': 6, 'text': 'ה', 'upos': 'DET', 'xpos': 'DET', 'feats': 'PronType=Art', 'head': 7, 'deprel': 'det:def', 'lemma': 'ה'}, {'id': 7, 'text': 'משני', 'upos': 'ADJ', 'xpos': 'ADJ', 'feats': 'Gender=Masc|Number=Sing', 'head': 5, 'deprel': 'amod', 'lemma': 'משני'}]"
8,נבחר,VERB,VERB,Gender=Masc|HebBinyan=NIFAL|Number=Sing|Person=3|Tense=Past|Voice=Mid,0.0,root,"(22, 26)",נבחר,
9,להיות,AUX,AUX,Polarity=Pos|VerbForm=Inf|VerbType=Cop,8.0,xcomp,"(27, 32)",היה,
10,0,NUM,NUM,,9.0,obj,"(33, 34)",0,
1,01,NUM,NUM,,0.0,root,"(0, 2)",01,
2,Pa,NUM,NUM,,1.0,nummod,"(3, 5)",Pa,
"(3, 5)",ובפאזה,,,,,,"(6, 12)",,"[{'id': 3, 'text': 'ו', 'upos': 'CCONJ', 'xpos': 'CCONJ', 'head': 5, 'deprel': 'cc', 'lemma': 'ו'}, {'id': 4, 'text': 'ב', 'upos': 'ADP', 'xpos': 'ADP', 'head': 5, 'deprel': 'case', 'lemma': 'ב'}, {'id': 5, 'text': 'פאזה', 'upos': 'NOUN', 'xpos': 'NOUN', 'feats': 'Gender=Fem|Number=Sing', 'head': 1, 'deprel': 'obl', 'lemma': 'פאזה'}]"
6,של,ADP,ADP,Case=Gen,9.0,case:gen,"(13, 15)",של,
7,־,PUNCT,PUNCT,Case=Gen,9.0,punct,"(15, 16)",־,
8,180,NUM,NUM,,9.0,nummod,"(17, 20)",180,
9,°,NOUN,NOUN,"Gender=Masc|HebSource=ConvUncertainHead|Number=Plur,Sing",5.0,nmod:poss,"(20, 21)",°,
"(1, 2)",הפרמטרים,,,,,,"(1, 9)",,"[{'id': 1, 'text': 'ה', 'upos': 'DET', 'xpos': 'DET', 'feats': 'PronType=Art', 'head': 2, 'deprel': 'det:def', 'lemma': 'ה'}, {'id': 2, 'text': 'פרמטרים', 'upos': 'NOUN', 'xpos': 'NOUN', 'feats': 'Gender=Masc|Number=Plur', 'head': 5, 'deprel': 'nsubj', 'lemma': 'פרמטר'}]"
"(3, 4)",הבאים,,,,,,"(10, 15)",,"[{'id': 3, 'text': 'ה', 'upos': 'DET', 'xpos': 'DET', 'feats': 'PronType=Art', 'head': 4, 'deprel': 'det:def', 'lemma': 'ה'}, {'id': 4, 'text': 'באים', 'upos': 'ADJ', 'xpos': 'ADJ', 'feats': 'Gender=Masc|Number=Plur', 'head': 2, 'deprel': 'amod', 'lemma': 'בא'}]"
5,הוכנסו,VERB,VERB,"Gender=Fem,Masc|HebBinyan=HUFAL|Number=Plur|Person=3|Tense=Past|Voice=Pass",0.0,root,"(16, 22)",הוכנס,
"(6, 8)",לתוכנה,,,,,,"(23, 29)",,"[{'id': 6, 'text': 'ל', 'upos': 'ADP', 'xpos': 'ADP', 'head': 8, 'deprel': 'case', 'lemma': 'ל'}, {'id': 7, 'text': 'ה_', 'upos': 'DET', 'xpos': 'DET', 'feats': 'PronType=Art', 'head': 8, 'deprel': 'det:def', 'lemma': 'ה'}, {'id': 8, 'text': 'תוכנה', 'upos': 'NOUN', 'xpos': 'NOUN', 'feats': 'Gender=Fem|Number=Sing', 'head': 5, 'deprel': 'obl', 'lemma': 'תוכנה'}]"
9,:,PUNCT,PUNCT,,5.0,punct,"(29, 30)",:,
10,סוג,NOUN,NOUN,Definite=Cons|Gender=Masc|Number=Sing,8.0,appos,"(31, 34)",סוג,
"(11, 12)",האלמנט,,,,,,"(35, 41)",,"[{'id': 11, 'text': 'ה', 'upos': 'DET', 'xpos': 'DET', 'feats': 'PronType=Art', 'head': 12, 'deprel': 'det:def', 'lemma': 'ה'}, {'id': 12, 'text': 'אלמנט', 'upos': 'NOUN', 'xpos': 'NOUN', 'feats': 'Gender=Masc|Number=Sing', 'head': 10, 'deprel': 'compound:smixut', 'lemma': 'אלמנט'}]"
13,-,PUNCT,PUNCT,,10.0,punct,"(42, 43)",-,
14,30,NUM,NUM,,10.0,nummod,"(44, 46)",30,
15,Fluid,X,X,HebSource=ConvUncertainHead,10.0,nmod,"(47, 52)",_,
16,עבור,ADP,ADP,,17.0,case,"(53, 57)",עבור,
17,בעיה,NOUN,NOUN,Gender=Fem|Number=Sing,10.0,nmod,"(58, 62)",בעיה,
18,אקוסטית,ADJ,ADJ,Gender=Fem|Number=Sing,17.0,amod,"(63, 70)",אקוסטי,
19,תלת,ADV,ADV,Prefix=Yes,20.0,compound:affix,"(71, 74)",תלת,
20,־ממדית,ADJ,ADJ,Gender=Fem|Number=Sing,17.0,amod,"(74, 80)",_,
"(1, 3)",hx=0,,,,,,"(1, 5)",,"[{'id': 1, 'text': 'פ', 'upos': 'PROPN', 'xpos': 'PROPN', 'head': 0, 'deprel': 'root', 'lemma': 'פ'}, {'id': 2, 'text': 'ה_', 'upos': 'DET', 'xpos': 'DET', 'feats': 'PronType=Art', 'head': 3, 'deprel': 'det:def', 'lemma': 'ה'}, {'id': 3, 'text': 'חפ0', 'upos': 'X', 'xpos': 'X', 'feats': 'Xtra=Junk', 'head': 1, 'deprel': 'dep', 'lemma': '_'}]"
1,25,NUM,NUM,,2.0,nummod,"(0, 2)",25,
2,m,NOUN,NOUN,,0.0,root,"(3, 4)",m,
3,",",PUNCT,PUNCT,,2.0,punct,"(4, 5)",",",
4,hy,NOUN,NOUN,HebSource=ConvUncertainHead,2.0,appos,"(6, 8)",hy,
5,=0,NUM,NUM,HebSource=ConvUncertainHead,4.0,nummod,"(8, 10)",=0,
1,30,NUM,NUM,,2.0,nummod,"(0, 2)",30,
2,m,NOUN,NOUN,,0.0,root,"(3, 4)",m,
3,",",PUNCT,PUNCT,,2.0,punct,"(4, 5)",",",
4,hz,PROPN,PROPN,,2.0,appos,"(6, 8)",hz,
5,=0,NUM,NUM,HebSource=ConvUncertainHead,4.0,nummod,"(8, 10)",=0,
1,5,NUM,NUM,,2.0,nummod,"(0, 1)",5,
2,m,NOUN,NOUN,,4.0,compound:smixut,"(2, 3)",m,
3,:,PUNCT,PUNCT,,4.0,punct,"(4, 5)",:,
4,גודל,NOUN,NOUN,Definite=Cons|Gender=Masc|Number=Sing,0.0,root,"(5, 9)",גודל,
5,אלמנט,NOUN,NOUN,Definite=Cons|Gender=Masc|Number=Sing,4.0,compound:smixut,"(10, 15)",אלמנט,
"(6, 7)",־ ערכים,,,,,,"(16, 23)",,"[{'id': 6, 'text': 'ה', 'upos': 'DET', 'xpos': 'DET', 'feats': 'PronType=Art', 'head': 7, 'deprel': 'det:def', 'lemma': 'ה'}, {'id': 7, 'text': 'צערכים', 'upos': 'NOUN', 'xpos': 'NOUN', 'feats': 'Gender=Masc|Number=Plur', 'head': 5, 'deprel': 'compound:smixut', 'lemma': 'צערך'}]"
8,מכסימליים,ADJ,ADJ,,7.0,amod,"(24, 33)",מכסימלי,
9,לחץ,NOUN,NOUN,Definite=Cons|Gender=Masc|Number=Sing,4.0,acl,"(34, 37)",לחץ,
10,יחוס,NOUN,NOUN,Gender=Masc|Number=Sing,9.0,compound:smixut,"(38, 42)",יחוס,
11,־,PUNCT,PUNCT,,12.0,punct,"(43, 44)",־,
12,5,NUM,NUM,,9.0,compound:smixut,"(45, 46)",5,
13,Pa,NOUN,NOUN,Xtra=Junk,9.0,nmod,"(47, 49)",Pa,
14,־2,NUM,NUM,,12.0,nummod,"(49, 51)",־2,
1,10,NUM,NUM,,0.0,root,"(0, 2)",10,
2,(,PUNCT,PUNCT,,3.0,punct,"(3, 4)",(,
3,סף,NOUN,NOUN,Definite=Cons|Gender=Masc|Number=Sing,1.0,appos,"(4, 6)",סף,
"(4, 5)",השמע,,,,,,"(7, 11)",,"[{'id': 4, 'text': 'ה', 'upos': 'DET', 'xpos': 'DET', 'feats': 'PronType=Art', 'head': 5, 'deprel': 'det:def', 'lemma': 'ה'}, {'id': 5, 'text': 'שמע', 'upos': 'NOUN', 'xpos': 'NOUN', 'feats': 'Gender=Masc|Number=Sing', 'head': 3, 'deprel': 'compound:smixut', 'lemma': 'שמע'}]"
6,),PUNCT,PUNCT,,3.0,punct,"(11, 12)",),
1,צפיפות,NOUN,NOUN,Definite=Cons|Gender=Fem|Number=Sing,0.0,root,"(1, 7)",צפיפות,
"(2, 3)",התווך,,,,,,"(8, 13)",,"[{'id': 2, 'text': 'ה', 'upos': 'DET', 'xpos': 'DET', 'feats': 'PronType=Art', 'head': 3, 'deprel': 'det:def', 'lemma': 'ה'}, {'id': 3, 'text': 'תווך', 'upos': 'NOUN', 'xpos': 'NOUN', 'feats': 'Gender=Masc|Number=Sing', 'head': 1, 'deprel': 'compound:smixut', 'lemma': 'תווך'}]"
4,(,PUNCT,PUNCT,,5.0,punct,"(13, 14)",(,
5,1,NUM,NUM,,1.0,appos,"(15, 16)",1,
1,2,NUM,NUM,,2.0,nummod,"(0, 1)",2,
2,kg,NOUN,NOUN,"Gender=Masc|Number=Plur,Sing",0.0,root,"(2, 4)",kg,
3,/,PUNCT,PUNCT,,7.0,punct,"(4, 5)",/,
4,m3,NOUN,NOUN,HebSource=ConvUncertainHead,2.0,nmod,"(5, 7)",m3,
5,-,PUNCT,PUNCT,,2.0,punct,"(8, 9)",-,
6,(,PUNCT,PUNCT,,7.0,punct,"(10, 11)",(,
7,dens,PROPN,PROPN,HebSource=ConvUncertainHead,2.0,appos,"(12, 16)",dens,
"(8, 9)",ומהירות,,,,,,"(17, 24)",,"[{'id': 8, 'text': 'ו', 'upos': 'CCONJ', 'xpos': 'CCONJ', 'feats': 'HebSource=ConvUncertainHead', 'head': 9, 'deprel': 'cc', 'lemma': 'ו'}, {'id': 9, 'text': 'מהירות', 'upos': 'NOUN', 'xpos': 'NOUN', 'feats': 'Definite=Cons|Gender=Fem|Number=Sing', 'head': 7, 'deprel': 'conj', 'lemma': 'מהירות'}]"
"(10, 11)",הקול,,,,,,"(25, 29)",,"[{'id': 10, 'text': 'ה', 'upos': 'DET', 'xpos': 'DET', 'feats': 'PronType=Art', 'head': 11, 'deprel': 'det:def', 'lemma': 'ה'}, {'id': 11, 'text': 'קול', 'upos': 'NOUN', 'xpos': 'NOUN', 'feats': 'Gender=Masc|Number=Sing', 'head': 9, 'deprel': 'compound:smixut', 'lemma': 'קול'}]"
12,(,PUNCT,PUNCT,,13.0,punct,"(29, 30)",(,
13,sonc,PROPN,PROPN,,9.0,appos,"(31, 35)",sonc,
14,),PUNCT,PUNCT,,13.0,punct,"(36, 37)",),
15,־,PUNCT,PUNCT,HebSource=ConvUncertainHead,13.0,punct,"(38, 39)",־,
16,c,PROPN,PROPN,,9.0,appos,"(40, 41)",c,
17,=,PUNCT,PUNCT,,19.0,punct,"(42, 43)",=,
18,340,NUM,NUM,,19.0,nummod,"(44, 47)",340,
19,m/s,NOUN,NOUN,Abbr=Yes|Gender=Masc|HebSource=ConvUncertainLabel|Number=Sing,2.0,nmod,"(48, 51)",m/s,
1,מקדם,ADV,ADV,,2.0,compound:affix,"(1, 5)",מקדם,
2,ספיגה,NOUN,NOUN,Gender=Fem|Number=Sing,0.0,root,"(6, 11)",ספיגה,
3,0,NUM,NUM,,2.0,nummod,"(12, 13)",0,
1,25=1,NUM,NUM,,0.0,root,"(0, 4)",25=1,
2,!,PUNCT,PUNCT,,1.0,punct,"(4, 5)",!,
3,על,ADP,ADP,,5.0,case,"(6, 8)",על,
"(4, 5)",הקירות,,,,,,"(9, 15)",,"[{'id': 4, 'text': 'ה', 'upos': 'DET', 'xpos': 'DET', 'feats': 'PronType=Art', 'head': 5, 'deprel': 'det:def', 'lemma': 'ה'}, {'id': 5, 'text': 'קירות', 'upos': 'NOUN', 'xpos': 'NOUN', 'feats': 'Gender=Masc|Number=Plur', 'head': 1, 'deprel': 'obl', 'lemma': 'קיר'}]"
"(6, 7)",והרצפה,,,,,,"(16, 22)",,"[{'id': 6, 'text': 'ו', 'upos': 'CCONJ', 'xpos': 'CCONJ', 'head': 7, 'deprel': 'cc', 'lemma': 'ו'}, {'id': 7, 'text': 'הרצפה', 'upos': 'NOUN', 'xpos': 'NOUN', 'feats': 'Definite=Cons|Gender=Fem|Number=Sing', 'head': 5, 'deprel': 'conj', 'lemma': 'הרצפה'}]"
"(8, 9)",ו,,,,,,"(23, 24)",,"[{'id': 8, 'text': 'ו', 'upos': 'CCONJ', 'xpos': 'CCONJ', 'feats': 'HebSource=ConvUncertainHead', 'head': 9, 'deprel': 'cc', 'lemma': 'ו'}, {'id': 9, 'text': '_הוא', 'upos': 'PRON', 'xpos': 'PRON', 'feats': 'Gender=Masc|Number=Sing|Person=3|PronType=Prs', 'head': 5, 'deprel': 'conj', 'lemma': 'הוא'}]"
10,-,PUNCT,PUNCT,,9.0,punct,"(24, 25)",-,
11,0,NUM,NUM,HebSource=ConvUncertainHead,9.0,dep,"(26, 27)",0,
1,05=1,NUM,NUM,,5.0,dep,"(0, 4)",05=1,
2,!,PUNCT,PUNCT,,1.0,punct,"(4, 5)",!,
3,על,ADP,ADP,,5.0,case,"(6, 8)",על,
"(4, 5)",התקרה,,,,,,"(9, 14)",,"[{'id': 4, 'text': 'ה', 'upos': 'DET', 'xpos': 'DET', 'feats': 'PronType=Art', 'head': 5, 'deprel': 'det:def', 'lemma': 'ה'}, {'id': 5, 'text': 'תקרה', 'upos': 'NOUN', 'xpos': 'NOUN', 'feats': 'Gender=Fem|Number=Sing', 'head': 0, 'deprel': 'root', 'lemma': 'תקרה'}]"
"(1, 2)",החישובים,,,,,,"(1, 9)",,"[{'id': 1, 'text': 'ה', 'upos': 'DET', 'xpos': 'DET', 'feats': 'PronType=Art', 'head': 2, 'deprel': 'det:def', 'lemma': 'ה'}, {'id': 2, 'text': 'חישובים', 'upos': 'NOUN', 'xpos': 'NOUN', 'feats': 'Gender=Masc|Number=Plur', 'head': 3, 'deprel': 'nsubj', 'lemma': 'חישוב'}]"
3,בוצעו,VERB,VERB,"Gender=Fem,Masc|HebBinyan=PUAL|Number=Plur|Person=3|Tense=Past|Voice=Pass",0.0,root,"(10, 15)",בוצע,
4,ע״י,ADP,ADP,Abbr=Yes,5.0,case,"(16, 19)",ע״י,
5,אנליזות,NOUN,NOUN,Gender=Fem|Number=Plur,3.0,obl,"(20, 27)",אנליזות,
6,הרמוניות,ADJ,ADJ,Gender=Fem|Number=Plur,5.0,amod,"(28, 36)",הרמוני,
7,עבור,ADP,ADP,,9.0,case,"(37, 41)",עבור,
"(8, 9)",התדרים,,,,,,"(42, 48)",,"[{'id': 8, 'text': 'ה', 'upos': 'DET', 'xpos': 'DET', 'feats': 'PronType=Art', 'head': 9, 'deprel': 'det:def', 'lemma': 'ה'}, {'id': 9, 'text': 'תדרים', 'upos': 'NOUN', 'xpos': 'NOUN', 'feats': 'Gender=Masc|Number=Plur', 'head': 5, 'deprel': 'nmod', 'lemma': 'תדר'}]"
"(10, 11)",האופייניים,,,,,,"(49, 59)",,"[{'id': 10, 'text': 'ה', 'upos': 'DET', 'xpos': 'DET', 'feats': 'PronType=Art', 'head': 11, 'deprel': 'det:def', 'lemma': 'ה'}, {'id': 11, 'text': 'אופייניים', 'upos': 'ADJ', 'xpos': 'ADJ', 'feats': 'Gender=Masc|Number=Plur', 'head': 9, 'deprel': 'amod', 'lemma': 'אופייני'}]"
"(12, 13)",שנמדדו,,,,,,"(60, 66)",,"[{'id': 12, 'text': 'ש', 'upos': 'SCONJ', 'xpos': 'SCONJ', 'head': 13, 'deprel': 'mark', 'lemma': 'ש'}, {'id': 13, 'text': 'נמדדו', 'upos': 'VERB', 'xpos': 'VERB', 'feats': 'Gender=Fem,Masc|HebBinyan=NIFAL|Number=Plur|Person=3|Tense=Past|Voice=Mid', 'head': 9, 'deprel': 'acl:relcl', 'lemma': 'נמדד'}]"
"(14, 16)",בשטח,,,,,,"(67, 71)",,"[{'id': 14, 'text': 'ב', 'upos': 'ADP', 'xpos': 'ADP', 'head': 16, 'deprel': 'case', 'lemma': 'ב'}, {'id': 15, 'text': 'ה_', 'upos': 'DET', 'xpos': 'DET', 'feats': 'PronType=Art', 'head': 16, 'deprel': 'det:def', 'lemma': 'ה'}, {'id': 16, 'text': 'שטח', 'upos': 'NOUN', 'xpos': 'NOUN', 'feats': 'Gender=Masc|Number=Sing', 'head': 13, 'deprel': 'obl', 'lemma': 'שטח'}]"
17,:,PUNCT,PUNCT,,9.0,punct,"(71, 72)",:,
18,24,NUM,NUM,,13.0,parataxis,"(73, 75)",24,
19,",",PUNCT,PUNCT,,18.0,punct,"(75, 76)",",",
20,36,NUM,NUM,HebSource=ConvUncertainHead,18.0,dep,"(76, 78)",36,
21,",",PUNCT,PUNCT,,18.0,punct,"(78, 79)",",",
22,72,NUM,NUM,,23.0,nummod,"(79, 81)",72,
23,Hz,NOUN,NOUN,HebSource=ConvUncertainHead,18.0,dep,"(82, 84)",Hz,
1,עבור,ADP,ADP,,4.0,case,"(1, 5)",עבור,
2,כל,DET,DET,Definite=Cons,4.0,det,"(6, 8)",כול,
"(3, 4)",הרצה,,,,,,"(9, 13)",,"[{'id': 3, 'text': 'ה', 'upos': 'DET', 'xpos': 'DET', 'feats': 'PronType=Art', 'head': 4, 'deprel': 'det:def', 'lemma': 'ה'}, {'id': 4, 'text': 'רצה', 'upos': 'VERB', 'xpos': 'VERB', 'feats': 'Gender=Masc|HebBinyan=PAAL|Number=Sing|Person=1,2,3|VerbForm=Part|Voice=Act', 'head': 5, 'deprel': 'obl', 'lemma': 'רצה'}]"
5,קיבלנו,VERB,VERB,"Gender=Fem,Masc|HebBinyan=PIEL|Number=Plur|Person=1|Tense=Past|Voice=Act",0.0,root,"(14, 20)",קיבל,
6,פתרון,NOUN,NOUN,Gender=Masc|Number=Sing,5.0,obj,"(21, 26)",פתרון,
7,עבור,ADP,ADP,,9.0,case,"(27, 31)",עבור,
"(8, 9)",השדה,,,,,,"(32, 36)",,"[{'id': 8, 'text': 'ה', 'upos': 'DET', 'xpos': 'DET', 'feats': 'PronType=Art', 'head': 9, 'deprel': 'det:def', 'lemma': 'ה'}, {'id': 9, 'text': 'שדה', 'upos': 'NOUN', 'xpos': 'NOUN', 'feats': 'Gender=Masc|Number=Sing', 'head': 6, 'deprel': 'nmod', 'lemma': 'שדה'}]"
"(10, 11)",האקוסטי,,,,,,"(37, 44)",,"[{'id': 10, 'text': 'ה', 'upos': 'DET', 'xpos': 'DET', 'feats': 'PronType=Art', 'head': 11, 'deprel': 'det:def', 'lemma': 'ה'}, {'id': 11, 'text': 'אקוסטי', 'upos': 'ADJ', 'xpos': 'ADJ', 'feats': 'Gender=Masc|Number=Sing', 'head': 9, 'deprel': 'amod', 'lemma': 'אקוסטי'}]"
"(12, 13)",בכל,,,,,,"(45, 48)",,"[{'id': 12, 'text': 'ב', 'upos': 'ADP', 'xpos': 'ADP', 'head': 14, 'deprel': 'case', 'lemma': 'ב'}, {'id': 13, 'text': 'כל', 'upos': 'DET', 'xpos': 'DET', 'feats': 'Definite=Cons', 'head': 14, 'deprel': 'det', 'lemma': 'כול'}]"
14,חלל,NOUN,NOUN,Definite=Cons|Gender=Masc|Number=Sing,9.0,nmod,"(49, 52)",חלל,
"(15, 16)",החדר,,,,,,"(53, 57)",,"[{'id': 15, 'text': 'ה', 'upos': 'DET', 'xpos': 'DET', 'feats': 'PronType=Art', 'head': 16, 'deprel': 'det:def', 'lemma': 'ה'}, {'id': 16, 'text': 'חדר', 'upos': 'NOUN', 'xpos': 'NOUN', 'feats': 'Gender=Masc|Number=Sing', 'head': 14, 'deprel': 'compound:smixut', 'lemma': 'חדר'}]"
1,כדי,ADP,ADP,,2.0,case,"(1, 4)",כדי,
2,להדגים,VERB,VERB,HebBinyan=HIFIL|VerbForm=Inf|Voice=Act,6.0,advcl,"(5, 11)",הדגים,
3,את,ADP,ADP,Case=Acc,5.0,case:acc,"(12, 14)",את,
"(4, 5)",התוצאות,,,,,,"(15, 22)",,"[{'id': 4, 'text': 'ה', 'upos': 'DET', 'xpos': 'DET', 'feats': 'PronType=Art', 'head': 5, 'deprel': 'det:def', 'lemma': 'ה'}, {'id': 5, 'text': 'תוצאות', 'upos': 'NOUN', 'xpos': 'NOUN', 'feats': 'Gender=Fem|Number=Plur', 'head': 2, 'deprel': 'obj', 'lemma': 'תוצאה'}]"
6,חלקנו,VERB,VERB,"Gender=Fem,Masc|HebBinyan=PAAL|Number=Plur|Person=1|Tense=Past|Voice=Act",0.0,root,"(23, 28)",חלק,
7,את,ADP,ADP,Case=Acc,8.0,case:acc,"(29, 31)",את,
8,מרחב,NOUN,NOUN,Definite=Cons|Gender=Masc|Number=Sing,6.0,obj,"(32, 36)",מרחב,
"(9, 10)",החדר,,,,,,"(37, 41)",,"[{'id': 9, 'text': 'ה', 'upos': 'DET', 'xpos': 'DET', 'feats': 'PronType=Art', 'head': 10, 'deprel': 'det:def', 'lemma': 'ה'}, {'id': 10, 'text': 'חדר', 'upos': 'NOUN', 'xpos': 'NOUN', 'feats': 'Gender=Masc|Number=Sing', 'head': 8, 'deprel': 'compound:smixut', 'lemma': 'חדר'}]"
"(11, 12)",למשטחים,,,,,,"(42, 49)",,"[{'id': 11, 'text': 'ל', 'upos': 'ADP', 'xpos': 'ADP', 'head': 12, 'deprel': 'case', 'lemma': 'ל'}, {'id': 12, 'text': 'משטחים', 'upos': 'NOUN', 'xpos': 'NOUN', 'feats': 'Gender=Masc|Number=Plur', 'head': 6, 'deprel': 'obl', 'lemma': 'משטח'}]"
"(13, 14)",בגבהים,,,,,,"(50, 56)",,"[{'id': 13, 'text': 'ב', 'upos': 'ADP', 'xpos': 'ADP', 'head': 14, 'deprel': 'case', 'lemma': 'ב'}, {'id': 14, 'text': 'גבהים', 'upos': 'NOUN', 'xpos': 'NOUN', 'feats': 'Gender=Masc|Number=Plur', 'head': 12, 'deprel': 'nmod', 'lemma': 'גבה'}]"
15,שונים,ADJ,ADJ,Gender=Masc|Number=Plur,14.0,amod,"(57, 62)",שונה,
"(16, 17)",והצגנו,,,,,,"(63, 69)",,"[{'id': 16, 'text': 'ו', 'upos': 'CCONJ', 'xpos': 'CCONJ', 'head': 17, 'deprel': 'cc', 'lemma': 'ו'}, {'id': 17, 'text': 'הצגנו', 'upos': 'VERB', 'xpos': 'VERB', 'feats': 'Gender=Fem,Masc|HebBinyan=PAAL|Number=Plur|Person=1|Tense=Past|Voice=Act', 'head': 6, 'deprel': 'conj', 'lemma': 'הצגן'}]"
18,את,ADP,ADP,Case=Acc,19.0,case:acc,"(70, 72)",את,
19,פילוג,NOUN,NOUN,Definite=Cons|Gender=Masc|Number=Sing,17.0,obj,"(73, 78)",פילוג,
20,עוצמת,NOUN,NOUN,Definite=Cons|Gender=Fem|Number=Sing,19.0,compound:smixut,"(79, 84)",עוצמה,
"(21, 22)",הרעש,,,,,,"(85, 89)",,"[{'id': 21, 'text': 'ה', 'upos': 'DET', 'xpos': 'DET', 'feats': 'PronType=Art', 'head': 22, 'deprel': 'det:def', 'lemma': 'ה'}, {'id': 22, 'text': 'רעש', 'upos': 'NOUN', 'xpos': 'NOUN', 'feats': 'Gender=Masc|Number=Sing', 'head': 20, 'deprel': 'compound:smixut', 'lemma': 'רעש'}]"
"(23, 25)",במשטח,,,,,,"(90, 95)",,"[{'id': 23, 'text': 'ב', 'upos': 'ADP', 'xpos': 'ADP', 'head': 25, 'deprel': 'case', 'lemma': 'ב'}, {'id': 24, 'text': 'ה_', 'upos': 'DET', 'xpos': 'DET', 'feats': 'PronType=Art', 'head': 25, 'deprel': 'det:def', 'lemma': 'ה'}, {'id': 25, 'text': 'משטח', 'upos': 'NOUN', 'xpos': 'NOUN', 'feats': 'Gender=Masc|Number=Sing', 'head': 19, 'deprel': 'nmod', 'lemma': 'משטח'}]"
"(1, 2)",בציורים,,,,,,"(1, 8)",,"[{'id': 1, 'text': 'ב', 'upos': 'ADP', 'xpos': 'ADP', 'head': 2, 'deprel': 'case', 'lemma': 'ב'}, {'id': 2, 'text': 'ציורים', 'upos': 'NOUN', 'xpos': 'NOUN', 'feats': 'Gender=Masc|Number=Plur', 'head': 6, 'deprel': 'obl', 'lemma': 'ציור'}]"
3,19,NUM,NUM,,2.0,amod,"(9, 11)",19,
4,-,PUNCT,PUNCT,,3.0,punct,"(11, 12)",-,
5,21,NUM,NUM,,3.0,dep,"(12, 14)",21,
6,מוצגות,VERB,VERB,"Gender=Fem|HebBinyan=HUFAL|Number=Plur|Person=1,2,3|VerbForm=Part|Voice=Pass",0.0,root,"(15, 21)",הוצג,
"(7, 8)",התוצאות,,,,,,"(22, 29)",,"[{'id': 7, 'text': 'ה', 'upos': 'DET', 'xpos': 'DET', 'feats': 'PronType=Art', 'head': 8, 'deprel': 'det:def', 'lemma': 'ה'}, {'id': 8, 'text': 'תוצאות', 'upos': 'NOUN', 'xpos': 'NOUN', 'feats': 'Gender=Fem|Number=Plur', 'head': 6, 'deprel': 'nsubj', 'lemma': 'תוצאה'}]"
9,של,ADP,ADP,Case=Gen,10.0,case:gen,"(30, 32)",של,
10,פילוג,NOUN,NOUN,Definite=Cons|Gender=Masc|Number=Sing,8.0,nmod:poss,"(33, 38)",פילוג,
"(11, 12)",הרעש,,,,,,"(39, 43)",,"[{'id': 11, 'text': 'ה', 'upos': 'DET', 'xpos': 'DET', 'feats': 'PronType=Art', 'head': 12, 'deprel': 'det:def', 'lemma': 'ה'}, {'id': 12, 'text': 'רעש', 'upos': 'NOUN', 'xpos': 'NOUN', 'feats': 'Gender=Masc|Number=Sing', 'head': 10, 'deprel': 'compound:smixut', 'lemma': 'רעש'}]"
"(13, 14)",בגבהים,,,,,,"(44, 50)",,"[{'id': 13, 'text': 'ב', 'upos': 'ADP', 'xpos': 'ADP', 'head': 14, 'deprel': 'case', 'lemma': 'ב'}, {'id': 14, 'text': 'גבהים', 'upos': 'NOUN', 'xpos': 'NOUN', 'feats': 'Gender=Masc|Number=Plur', 'head': 10, 'deprel': 'nmod', 'lemma': 'גבה'}]"
15,50,NUM,NUM,,14.0,nmod,"(51, 53)",50,
16,",",PUNCT,PUNCT,,15.0,punct,"(53, 54)",",",
17,100,NUM,NUM,HebSource=ConvUncertainHead,15.0,dep,"(54, 57)",100,
18,",",PUNCT,PUNCT,,15.0,punct,"(57, 58)",",",
19,150,NUM,NUM,HebSource=ConvUncertainHead,15.0,dep,"(58, 61)",150,
20,",",PUNCT,PUNCT,,15.0,punct,"(61, 62)",",",
21,200,NUM,NUM,,22.0,nummod,"(62, 65)",200,
22,ס״מ,NOUN,NOUN,Abbr=Yes|Gender=Masc|Number=Sing,14.0,nmod,"(66, 69)",ס״מ,
23,מעל,ADP,ADP,,25.0,case,"(70, 73)",מעל,
"(24, 25)",הרצפה,,,,,,"(74, 79)",,"[{'id': 24, 'text': 'ה', 'upos': 'DET', 'xpos': 'DET', 'feats': 'PronType=Art', 'head': 25, 'deprel': 'det:def', 'lemma': 'ה'}, {'id': 25, 'text': 'רצפה', 'upos': 'NOUN', 'xpos': 'NOUN', 'feats': 'Gender=Fem|Number=Sing', 'head': 15, 'deprel': 'obl', 'lemma': 'רצפה'}]"
26,עבור,ADP,ADP,,28.0,case,"(80, 84)",עבור,
"(27, 28)",התדירויות,,,,,,"(85, 94)",,"[{'id': 27, 'text': 'ה', 'upos': 'DET', 'xpos': 'DET', 'feats': 'PronType=Art', 'head': 28, 'deprel': 'det:def', 'lemma': 'ה'}, {'id': 28, 'text': 'תדירויות', 'upos': 'NOUN', 'xpos': 'NOUN', 'feats': 'Gender=Fem|Number=Plur', 'head': 6, 'deprel': 'obl', 'lemma': 'תדירות'}]"
"(29, 30)",הנ״ל,,,,,,"(95, 99)",,"[{'id': 29, 'text': 'ה', 'upos': 'DET', 'xpos': 'DET', 'feats': 'PronType=Art', 'head': 30, 'deprel': 'det:def', 'lemma': 'ה'}, {'id': 30, 'text': 'נקל', 'upos': 'VERB', 'xpos': 'VERB', 'feats': 'Gender=Masc|HebBinyan=NIFAL|Number=Sing|Person=1,2,3|VerbForm=Part|Voice=Mid', 'head': 28, 'deprel': 'acl:relcl', 'lemma': 'נקל'}]"
"(1, 4)",בצידו,,,,,,"(1, 6)",,"[{'id': 1, 'text': 'ב', 'upos': 'ADP', 'xpos': 'ADP', 'head': 2, 'deprel': 'case', 'lemma': 'ב'}, {'id': 2, 'text': 'ציד_', 'upos': 'NOUN', 'xpos': 'NOUN', 'feats': 'Definite=Def|Gender=Masc|Number=Sing', 'head': 10, 'deprel': 'obl', 'lemma': 'ציד'}, {'id': 3, 'text': '_של_', 'upos': 'ADP', 'xpos': 'ADP', 'head': 4, 'deprel': 'case:gen', 'lemma': 'של'}, {'id': 4, 'text': '_הוא', 'upos': 'PRON', 'xpos': 'PRON', 'feats': 'Case=Gen|Gender=Masc|Number=Sing|Person=3|PronType=Prs', 'head': 2, 'deprel': 'nmod:poss', 'lemma': 'הוא'}]"
"(5, 6)",השמאלי,,,,,,"(7, 13)",,"[{'id': 5, 'text': 'ה', 'upos': 'DET', 'xpos': 'DET', 'feats': 'PronType=Art', 'head': 6, 'deprel': 'det:def', 'lemma': 'ה'}, {'id': 6, 'text': 'שמאלי', 'upos': 'ADJ', 'xpos': 'ADJ', 'feats': 'Gender=Masc|Number=Sing', 'head': 2, 'deprel': 'amod', 'lemma': 'שמאלי'}]"
7,של,ADP,ADP,Case=Gen,9.0,case:gen,"(14, 16)",של,
8,כל,DET,DET,Definite=Cons,9.0,det,"(17, 19)",כול,
9,ציור,NOUN,NOUN,Gender=Masc|Number=Sing,2.0,nmod:poss,"(20, 24)",ציור,
10,מתואר,VERB,VERB,"Gender=Masc|HebBinyan=PUAL|Number=Sing|Person=1,2,3|VerbForm=Part|Voice=Pass",0.0,root,"(25, 30)",תואר,
11,פילוג,NOUN,NOUN,Definite=Cons|Gender=Masc|Number=Sing,10.0,nsubj,"(31, 36)",פילוג,
"(12, 13)",הרעש,,,,,,"(37, 41)",,"[{'id': 12, 'text': 'ה', 'upos': 'DET', 'xpos': 'DET', 'feats': 'PronType=Art', 'head': 13, 'deprel': 'det:def', 'lemma': 'ה'}, {'id': 13, 'text': 'רעש', 'upos': 'NOUN', 'xpos': 'NOUN', 'feats': 'Gender=Masc|Number=Sing', 'head': 11, 'deprel': 'compound:smixut', 'lemma': 'רעש'}]"
"(14, 15)",המקורי,,,,,,"(42, 48)",,"[{'id': 14, 'text': 'ה', 'upos': 'DET', 'xpos': 'DET', 'feats': 'PronType=Art', 'head': 15, 'deprel': 'det:def', 'lemma': 'ה'}, {'id': 15, 'text': 'מקורי', 'upos': 'ADJ', 'xpos': 'ADJ', 'feats': 'Gender=Masc|Number=Sing', 'head': 11, 'deprel': 'amod', 'lemma': 'מקורי'}]"
16,עקב,CCONJ,CCONJ,,17.0,case,"(49, 52)",עקב,
17,פעולת,NOUN,NOUN,Definite=Cons|Gender=Fem|Number=Sing,10.0,obl,"(53, 58)",פעולה,
"(18, 19)",המזגנים,,,,,,"(59, 66)",,"[{'id': 18, 'text': 'ה', 'upos': 'DET', 'xpos': 'DET', 'feats': 'PronType=Art', 'head': 19, 'deprel': 'det:def', 'lemma': 'ה'}, {'id': 19, 'text': 'מזגנים', 'upos': 'NOUN', 'xpos': 'NOUN', 'feats': 'Gender=Masc|Number=Plur', 'head': 17, 'deprel': 'compound:smixut', 'lemma': 'מזגן'}]"
20,(,PUNCT,PUNCT,,21.0,punct,"(67, 68)",(,
21,מקור,NOUN,NOUN,Gender=Masc|Number=Sing,17.0,appos,"(68, 72)",מקור,
22,ראשוני,ADJ,ADJ,Gender=Masc|Number=Sing,21.0,amod,"(73, 79)",ראשוני,
23,),PUNCT,PUNCT,,21.0,punct,"(79, 80)",),
24,בלבד,ADV,ADV,,17.0,advmod,"(81, 85)",בלבד,
"(25, 26)",ואילו,,,,,,"(86, 91)",,"[{'id': 25, 'text': 'ו', 'upos': 'CCONJ', 'xpos': 'CCONJ', 'head': 26, 'deprel': 'cc', 'lemma': 'ו'}, {'id': 26, 'text': 'אילו', 'upos': 'ADV', 'xpos': 'ADV', 'head': 32, 'deprel': 'cc', 'lemma': 'אילו'}]"
"(27, 29)",בצד,,,,,,"(92, 95)",,"[{'id': 27, 'text': 'ב', 'upos': 'ADP', 'xpos': 'ADP', 'head': 29, 'deprel': 'case', 'lemma': 'ב'}, {'id': 28, 'text': 'ה_', 'upos': 'DET', 'xpos': 'DET', 'feats': 'PronType=Art', 'head': 29, 'deprel': 'det:def', 'lemma': 'ה'}, {'id': 29, 'text': 'צד', 'upos': 'NOUN', 'xpos': 'NOUN', 'feats': 'Gender=Masc|Number=Sing', 'head': 32, 'deprel': 'obl', 'lemma': 'צד'}]"
"(30, 31)",השמאלי,,,,,,"(96, 102)",,"[{'id': 30, 'text': 'ה', 'upos': 'DET', 'xpos': 'DET', 'feats': 'PronType=Art', 'head': 31, 'deprel': 'det:def', 'lemma': 'ה'}, {'id': 31, 'text': 'שמאלי', 'upos': 'ADJ', 'xpos': 'ADJ', 'feats': 'Gender=Masc|Number=Sing', 'head': 29, 'deprel': 'amod', 'lemma': 'שמאלי'}]"
32,מוצגים,VERB,VERB,"Gender=Masc|HebBinyan=HUFAL|Number=Plur|Person=1,2,3|VerbForm=Part|Voice=Pass",10.0,conj,"(103, 109)",הוצג,
33,פילוגי,NOUN,NOUN,Definite=Cons|Gender=Masc|Number=Plur,32.0,nsubj,"(110, 116)",פילוג,
"(34, 35)",הרעש,,,,,,"(117, 121)",,"[{'id': 34, 'text': 'ה', 'upos': 'DET', 'xpos': 'DET', 'feats': 'PronType=Art', 'head': 35, 'deprel': 'det:def', 'lemma': 'ה'}, {'id': 35, 'text': 'רעש', 'upos': 'NOUN', 'xpos': 'NOUN', 'feats': 'Gender=Masc|Number=Sing', 'head': 33, 'deprel': 'compound:smixut', 'lemma': 'רעש'}]"
36,לאחר,ADP,ADP,,37.0,case,"(122, 126)",לאחר,
37,הנחתה,NOUN,NOUN,Gender=Fem|Number=Sing,32.0,obl,"(127, 132)",הנחתה,
38,אקטיבית,ADJ,ADJ,Gender=Fem|Number=Sing,37.0,amod,"(133, 140)",אקטיבי,
39,באמצעות,ADP,ADP,,41.0,case,"(141, 148)",באמצעות,
"(40, 41)",הרמקולים,,,,,,"(149, 157)",,"[{'id': 40, 'text': 'ה', 'upos': 'DET', 'xpos': 'DET', 'feats': 'PronType=Art', 'head': 41, 'deprel': 'det:def', 'lemma': 'ה'}, {'id': 41, 'text': 'רמקולים', 'upos': 'NOUN', 'xpos': 'NOUN', 'feats': 'Gender=Masc|Number=Plur', 'head': 37, 'deprel': 'nmod', 'lemma': 'רמקול'}]"
42,ליד,ADP,ADP,,44.0,case,"(158, 161)",ליד,
"(43, 44)",החלון,,,,,,"(162, 167)",,"[{'id': 43, 'text': 'ה', 'upos': 'DET', 'xpos': 'DET', 'feats': 'PronType=Art', 'head': 44, 'deprel': 'det:def', 'lemma': 'ה'}, {'id': 44, 'text': 'חלון', 'upos': 'NOUN', 'xpos': 'NOUN', 'feats': 'Gender=Masc|Number=Sing', 'head': 41, 'deprel': 'nmod', 'lemma': 'חלון'}]"
45,(,PUNCT,PUNCT,,46.0,punct,"(168, 169)",(,
46,מקור,NOUN,NOUN,Gender=Masc|Number=Sing,37.0,appos,"(169, 173)",מקור,
47,משני,ADJ,ADJ,Gender=Masc|Number=Sing,46.0,amod,"(174, 178)",משני,
48,),PUNCT,PUNCT,,46.0,punct,"(178, 179)",),
"(1, 3)",מהציורים,,,,,,"(1, 9)",,"[{'id': 1, 'text': 'מ', 'upos': 'ADP', 'xpos': 'ADP', 'head': 3, 'deprel': 'case', 'lemma': 'מ'}, {'id': 2, 'text': 'ה', 'upos': 'DET', 'xpos': 'DET', 'feats': 'PronType=Art', 'head': 3, 'deprel': 'det:def', 'lemma': 'ה'}, {'id': 3, 'text': 'ציורים', 'upos': 'NOUN', 'xpos': 'NOUN', 'feats': 'Gender=Masc|Number=Plur', 'head': 4, 'deprel': 'obl', 'lemma': 'ציור'}]"
4,מתברר,VERB,VERB,"Gender=Masc|HebBinyan=HITPAEL|Number=Sing|Person=1,2,3|VerbForm=Part",0.0,root,"(10, 15)",התברר,
"(5, 7)",שההנחתה,,,,,,"(16, 23)",,"[{'id': 5, 'text': 'ש', 'upos': 'SCONJ', 'xpos': 'SCONJ', 'head': 11, 'deprel': 'mark', 'lemma': 'ש'}, {'id': 6, 'text': 'ה', 'upos': 'DET', 'xpos': 'DET', 'feats': 'PronType=Art', 'head': 7, 'deprel': 'det:def', 'lemma': 'ה'}, {'id': 7, 'text': 'הנחתה', 'upos': 'NOUN', 'xpos': 'NOUN', 'feats': 'Gender=Fem|Number=Sing', 'head': 11, 'deprel': 'nsubj', 'lemma': 'הנחתה'}]"
"(8, 9)",האקטיבית,,,,,,"(24, 32)",,"[{'id': 8, 'text': 'ה', 'upos': 'DET', 'xpos': 'DET', 'feats': 'PronType=Art', 'head': 9, 'deprel': 'det:def', 'lemma': 'ה'}, {'id': 9, 'text': 'אקטיבית', 'upos': 'ADJ', 'xpos': 'ADJ', 'feats': 'Gender=Fem|Number=Sing', 'head': 7, 'deprel': 'amod', 'lemma': 'אקטיבי'}]"
10,אכן,ADV,ADV,,11.0,advmod,"(33, 36)",אכן,
11,מקטינה,VERB,VERB,"Gender=Fem|HebBinyan=HIFIL|Number=Sing|Person=1,2,3|VerbForm=Part|Voice=Act",4.0,ccomp,"(37, 43)",הקטין,
12,את,ADP,ADP,Case=Acc,13.0,case:acc,"(44, 46)",את,
13,עצמת,NOUN,NOUN,Definite=Cons|Gender=Fem|Number=Sing,11.0,obj,"(47, 51)",עצמה,
"(14, 15)",הרעש,,,,,,"(52, 56)",,"[{'id': 14, 'text': 'ה', 'upos': 'DET', 'xpos': 'DET', 'feats': 'PronType=Art', 'head': 15, 'deprel': 'det:def', 'lemma': 'ה'}, {'id': 15, 'text': 'רעש', 'upos': 'NOUN', 'xpos': 'NOUN', 'feats': 'Gender=Masc|Number=Sing', 'head': 13, 'deprel': 'compound:smixut', 'lemma': 'רעש'}]"
"(16, 17)",בכל,,,,,,"(57, 60)",,"[{'id': 16, 'text': 'ב', 'upos': 'ADP', 'xpos': 'ADP', 'head': 18, 'deprel': 'case', 'lemma': 'ב'}, {'id': 17, 'text': 'כל', 'upos': 'DET', 'xpos': 'DET', 'feats': 'Definite=Cons', 'head': 18, 'deprel': 'det', 'lemma': 'כול'}]"
18,איזורי,NOUN,NOUN,Definite=Cons|Gender=Masc|Number=Plur,11.0,obl,"(61, 67)",איזור,
"(19, 20)",החדר,,,,,,"(68, 72)",,"[{'id': 19, 'text': 'ה', 'upos': 'DET', 'xpos': 'DET', 'feats': 'PronType=Art', 'head': 20, 'deprel': 'det:def', 'lemma': 'ה'}, {'id': 20, 'text': 'חדר', 'upos': 'NOUN', 'xpos': 'NOUN', 'feats': 'Gender=Masc|Number=Sing', 'head': 18, 'deprel': 'compound:smixut', 'lemma': 'חדר'}]"
1,כדי,ADP,ADP,,2.0,case,"(1, 4)",כדי,
2,להעריך,VERB,VERB,HebBinyan=HIFIL|VerbForm=Inf|Voice=Act,7.0,advcl,"(5, 11)",העריך,
3,את,ADP,ADP,Case=Acc,4.0,case:acc,"(12, 14)",את,
4,מידת,NOUN,NOUN,Definite=Cons|Gender=Fem|Number=Sing,2.0,obj,"(15, 19)",מידה,
"(5, 6)",ההנחתה,,,,,,"(20, 26)",,"[{'id': 5, 'text': 'ה', 'upos': 'DET', 'xpos': 'DET', 'feats': 'PronType=Art', 'head': 6, 'deprel': 'det:def', 'lemma': 'ה'}, {'id': 6, 'text': 'הנחתה', 'upos': 'NOUN', 'xpos': 'NOUN', 'feats': 'Gender=Fem|Number=Sing', 'head': 4, 'deprel': 'compound:smixut', 'lemma': 'הנחתה'}]"
7,הפחתנו,VERB,VERB,"Gender=Fem,Masc|HebBinyan=HIFIL|Number=Plur|Person=1|Tense=Past|Voice=Act",0.0,root,"(27, 33)",הפחתן,
8,את,ADP,ADP,Case=Acc,10.0,case:acc,"(34, 36)",את,
"(9, 10)",הרעש,,,,,,"(37, 41)",,"[{'id': 9, 'text': 'ה', 'upos': 'DET', 'xpos': 'DET', 'feats': 'PronType=Art', 'head': 10, 'deprel': 'det:def', 'lemma': 'ה'}, {'id': 10, 'text': 'רעש', 'upos': 'NOUN', 'xpos': 'NOUN', 'feats': 'Gender=Masc|Number=Sing', 'head': 7, 'deprel': 'obj', 'lemma': 'רעש'}]"
"(11, 12)",המקורי,,,,,,"(42, 48)",,"[{'id': 11, 'text': 'ה', 'upos': 'DET', 'xpos': 'DET', 'feats': 'PronType=Art', 'head': 12, 'deprel': 'det:def', 'lemma': 'ה'}, {'id': 12, 'text': 'מקורי', 'upos': 'ADJ', 'xpos': 'ADJ', 'feats': 'Gender=Masc|Number=Sing', 'head': 10, 'deprel': 'amod', 'lemma': 'מקורי'}]"
13,מעצמת,NOUN,NOUN,Definite=Cons|Gender=Fem|Number=Sing,10.0,nmod,"(49, 54)",מעצמה,
"(14, 15)",הרעש,,,,,,"(55, 59)",,"[{'id': 14, 'text': 'ה', 'upos': 'DET', 'xpos': 'DET', 'feats': 'PronType=Art', 'head': 15, 'deprel': 'det:def', 'lemma': 'ה'}, {'id': 15, 'text': 'רעש', 'upos': 'NOUN', 'xpos': 'NOUN', 'feats': 'Gender=Masc|Number=Sing', 'head': 13, 'deprel': 'compound:smixut', 'lemma': 'רעש'}]"
16,לאחר,ADP,ADP,,18.0,case,"(60, 64)",לאחר,
"(17, 18)",ההנחתה,,,,,,"(65, 71)",,"[{'id': 17, 'text': 'ה', 'upos': 'DET', 'xpos': 'DET', 'feats': 'PronType=Art', 'head': 18, 'deprel': 'det:def', 'lemma': 'ה'}, {'id': 18, 'text': 'הנחתה', 'upos': 'NOUN', 'xpos': 'NOUN', 'feats': 'Gender=Fem|Number=Sing', 'head': 7, 'deprel': 'obl', 'lemma': 'הנחתה'}]"
"(19, 20)",והצגנו,,,,,,"(72, 78)",,"[{'id': 19, 'text': 'ו', 'upos': 'CCONJ', 'xpos': 'CCONJ', 'head': 20, 'deprel': 'cc', 'lemma': 'ו'}, {'id': 20, 'text': 'הצגנו', 'upos': 'VERB', 'xpos': 'VERB', 'feats': 'Gender=Fem,Masc|HebBinyan=PAAL|Number=Plur|Person=1|Tense=Past|Voice=Act', 'head': 7, 'deprel': 'conj', 'lemma': 'הצגן'}]"
21,את,ADP,ADP,Case=Acc,22.0,case:acc,"(79, 81)",את,
22,מידת,NOUN,NOUN,Definite=Cons|Gender=Fem|Number=Sing,20.0,obj,"(82, 86)",מידה,
"(23, 24)",ההנחתה,,,,,,"(87, 93)",,"[{'id': 23, 'text': 'ה', 'upos': 'DET', 'xpos': 'DET', 'feats': 'PronType=Art', 'head': 24, 'deprel': 'det:def', 'lemma': 'ה'}, {'id': 24, 'text': 'הנחתה', 'upos': 'NOUN', 'xpos': 'NOUN', 'feats': 'Gender=Fem|Number=Sing', 'head': 22, 'deprel': 'compound:smixut', 'lemma': 'הנחתה'}]"
25,(,PUNCT,PUNCT,,27.0,punct,"(94, 95)",(,
"(26, 27)",בערכים,,,,,,"(95, 101)",,"[{'id': 26, 'text': 'ב', 'upos': 'ADP', 'xpos': 'ADP', 'head': 27, 'deprel': 'case', 'lemma': 'ב'}, {'id': 27, 'text': 'ערכים', 'upos': 'NOUN', 'xpos': 'NOUN', 'feats': 'Gender=Masc|Number=Plur', 'head': 22, 'deprel': 'appos', 'lemma': 'ערך'}]"
28,שליליים,ADJ,ADJ,Gender=Masc|Number=Plur,27.0,amod,"(102, 109)",שלילי,
29,של,ADP,ADP,Case=Gen,30.0,case:gen,"(110, 112)",של,
30,dB,PROPN,PROPN,,27.0,nmod,"(113, 115)",dB,
"(31, 32)",בכל,,,,,,"(116, 119)",,"[{'id': 31, 'text': 'ב', 'upos': 'ADP', 'xpos': 'ADP', 'head': 36, 'deprel': 'case', 'lemma': 'ב'}, {'id': 32, 'text': 'כל', 'upos': 'DET', 'xpos': 'DET', 'feats': 'Definite=Cons', 'head': 36, 'deprel': 'det', 'lemma': 'כול'}]"
33,אחד,NUM,NUM,Gender=Masc|Number=Sing,36.0,det,"(120, 123)",אחד,
"(34, 36)",מהגבהים,,,,,,"(124, 131)",,"[{'id': 34, 'text': 'מ', 'upos': 'ADP', 'xpos': 'ADP', 'head': 36, 'deprel': 'case', 'lemma': 'מ'}, {'id': 35, 'text': 'ה', 'upos': 'DET', 'xpos': 'DET', 'feats': 'PronType=Art', 'head': 36, 'deprel': 'det:def', 'lemma': 'ה'}, {'id': 36, 'text': 'גבהים', 'upos': 'NOUN', 'xpos': 'NOUN', 'feats': 'Gender=Masc|Number=Plur', 'head': 27, 'deprel': 'nmod', 'lemma': 'גבה'}]"
"(37, 38)",ועבור,,,,,,"(132, 137)",,"[{'id': 37, 'text': 'ו', 'upos': 'CCONJ', 'xpos': 'CCONJ', 'head': 41, 'deprel': 'cc', 'lemma': 'ו'}, {'id': 38, 'text': 'עבור', 'upos': 'ADP', 'xpos': 'ADP', 'head': 41, 'deprel': 'case', 'lemma': 'עבור'}]"
39,כל,DET,DET,Definite=Cons,41.0,det,"(138, 140)",כול,
"(40, 41)",התדירויות,,,,,,"(141, 150)",,"[{'id': 40, 'text': 'ה', 'upos': 'DET', 'xpos': 'DET', 'feats': 'PronType=Art', 'head': 41, 'deprel': 'det:def', 'lemma': 'ה'}, {'id': 41, 'text': 'תדירויות', 'upos': 'NOUN', 'xpos': 'NOUN', 'feats': 'Gender=Fem|Number=Plur', 'head': 22, 'deprel': 'conj', 'lemma': 'תדירות'}]"
"(42, 43)",בציורים,,,,,,"(151, 158)",,"[{'id': 42, 'text': 'ב', 'upos': 'ADP', 'xpos': 'ADP', 'head': 43, 'deprel': 'case', 'lemma': 'ב'}, {'id': 43, 'text': 'ציורים', 'upos': 'NOUN', 'xpos': 'NOUN', 'feats': 'Gender=Masc|Number=Plur', 'head': 41, 'deprel': 'nmod', 'lemma': 'ציור'}]"
44,24,NUM,NUM,HebSource=ConvUncertainLabel,43.0,nummod,"(159, 161)",24,
"(45, 46)",־22,,,,,,"(161, 164)",,"[{'id': 45, 'text': 'פ', 'upos': 'X', 'xpos': 'X', 'feats': 'HebSource=ConvUncertainHead', 'head': 44, 'deprel': 'dep', 'lemma': 'פ'}, {'id': 46, 'text': '22', 'upos': 'NUM', 'xpos': 'NUM', 'head': 44, 'deprel': 'nummod', 'lemma': '22'}]"
1,מתקבל,VERB,VERB,"Gender=Masc|HebBinyan=HITPAEL|Number=Sing|Person=1,2,3|VerbForm=Part",0.0,root,"(1, 6)",התקבל,
"(2, 3)",ששיעור,,,,,,"(7, 13)",,"[{'id': 2, 'text': 'ש', 'upos': 'SCONJ', 'xpos': 'SCONJ', 'head': 6, 'deprel': 'mark', 'lemma': 'ש'}, {'id': 3, 'text': 'שיעור', 'upos': 'NOUN', 'xpos': 'NOUN', 'feats': 'Definite=Cons|Gender=Masc|Number=Sing', 'head': 6, 'deprel': 'nsubj', 'lemma': 'שיעור'}]"
"(4, 5)",ההנחתה,,,,,,"(14, 20)",,"[{'id': 4, 'text': 'ה', 'upos': 'DET', 'xpos': 'DET', 'feats': 'PronType=Art', 'head': 5, 'deprel': 'det:def', 'lemma': 'ה'}, {'id': 5, 'text': 'הנחתה', 'upos': 'NOUN', 'xpos': 'NOUN', 'feats': 'Gender=Fem|Number=Sing', 'head': 3, 'deprel': 'compound:smixut', 'lemma': 'הנחתה'}]"
6,טוב,ADJ,ADJ,Gender=Masc|Number=Sing,1.0,xcomp,"(21, 24)",טוב,
7,יותר,ADV,ADV,,6.0,advmod,"(25, 29)",יותר,
8,כאשר,SCONJ,SCONJ,,9.0,mark,"(30, 34)",כאשר,
9,מתרחקים,VERB,VERB,"Gender=Masc|HebBinyan=HITPAEL|Number=Plur|Person=1,2,3|VerbForm=Part",6.0,advcl,"(35, 42)",התרחק,
"(10, 12)",מהחלון,,,,,,"(43, 49)",,"[{'id': 10, 'text': 'מ', 'upos': 'ADP', 'xpos': 'ADP', 'head': 12, 'deprel': 'case', 'lemma': 'מ'}, {'id': 11, 'text': 'ה', 'upos': 'DET', 'xpos': 'DET', 'feats': 'PronType=Art', 'head': 12, 'deprel': 'det:def', 'lemma': 'ה'}, {'id': 12, 'text': 'חלון', 'upos': 'NOUN', 'xpos': 'NOUN', 'feats': 'Gender=Masc|Number=Sing', 'head': 9, 'deprel': 'obl', 'lemma': 'חלון'}]"
"(13, 14)",וכמובן,,,,,,"(50, 56)",,"[{'id': 13, 'text': 'ו', 'upos': 'CCONJ', 'xpos': 'CCONJ', 'feats': 'HebSource=ConvUncertainHead', 'head': 16, 'deprel': 'cc', 'lemma': 'ו'}, {'id': 14, 'text': 'כמובן', 'upos': 'ADV', 'xpos': 'ADV', 'head': 6, 'deprel': 'advmod', 'lemma': 'כמובן'}]"
"(15, 16)",בגובה,,,,,,"(57, 62)",,"[{'id': 15, 'text': 'ב', 'upos': 'ADP', 'xpos': 'ADP', 'head': 16, 'deprel': 'case', 'lemma': 'ב'}, {'id': 16, 'text': 'גובה', 'upos': 'NOUN', 'xpos': 'NOUN', 'feats': 'Gender=Masc|HebSource=ConvUncertainHead|Number=Sing', 'head': 14, 'deprel': 'dep', 'lemma': 'גובה'}]"
"(17, 18)",שקרוב,,,,,,"(63, 68)",,"[{'id': 17, 'text': 'ש', 'upos': 'SCONJ', 'xpos': 'SCONJ', 'head': 18, 'deprel': 'mark', 'lemma': 'ש'}, {'id': 18, 'text': 'קרוב', 'upos': 'ADJ', 'xpos': 'ADJ', 'feats': 'Gender=Masc|Number=Sing', 'head': 16, 'deprel': 'acl:relcl', 'lemma': 'קרוב'}]"
"(19, 20)",לרמקולים,,,,,,"(69, 77)",,"[{'id': 19, 'text': 'ל', 'upos': 'ADP', 'xpos': 'ADP', 'head': 20, 'deprel': 'case', 'lemma': 'ל'}, {'id': 20, 'text': 'רמקולים', 'upos': 'NOUN', 'xpos': 'NOUN', 'feats': 'Gender=Masc|Number=Plur', 'head': 18, 'deprel': 'advmod', 'lemma': 'רמקול'}]"
1,מידת,NOUN,NOUN,Definite=Cons|Gender=Fem|Number=Sing,4.0,nsubj,"(1, 5)",מידה,
"(2, 3)",ההנחתה,,,,,,"(6, 12)",,"[{'id': 2, 'text': 'ה', 'upos': 'DET', 'xpos': 'DET', 'feats': 'PronType=Art', 'head': 3, 'deprel': 'det:def', 'lemma': 'ה'}, {'id': 3, 'text': 'הנחתה', 'upos': 'NOUN', 'xpos': 'NOUN', 'feats': 'Gender=Fem|Number=Sing', 'head': 1, 'deprel': 'compound:smixut', 'lemma': 'הנחתה'}]"
4,גדולה,ADJ,ADJ,Gender=Fem|Number=Sing,0.0,root,"(13, 18)",גדול,
5,יותר,ADV,ADV,,4.0,advmod,"(19, 23)",יותר,
6,(,PUNCT,PUNCT,,8.0,punct,"(24, 25)",(,
7,6,NUM,NUM,,8.0,nummod,"(25, 26)",6,
8,dB,NOUN,NOUN,,4.0,parataxis,"(27, 29)",dB,
9,~,PUNCT,PUNCT,,8.0,punct,"(29, 30)",~,
10,),PUNCT,PUNCT,,8.0,punct,"(30, 31)",),
"(11, 12)",בתדירויות,,,,,,"(32, 41)",,"[{'id': 11, 'text': 'ב', 'upos': 'ADP', 'xpos': 'ADP', 'head': 12, 'deprel': 'case', 'lemma': 'ב'}, {'id': 12, 'text': 'תדירויות', 'upos': 'NOUN', 'xpos': 'NOUN', 'feats': 'Gender=Fem|Number=Plur', 'head': 4, 'deprel': 'obl', 'lemma': 'תדירות'}]"
"(13, 14)",הגבוהות,,,,,,"(42, 49)",,"[{'id': 13, 'text': 'ה', 'upos': 'DET', 'xpos': 'DET', 'feats': 'PronType=Art', 'head': 14, 'deprel': 'det:def', 'lemma': 'ה'}, {'id': 14, 'text': 'גבוהות', 'upos': 'ADJ', 'xpos': 'ADJ', 'feats': 'Gender=Fem|Number=Plur', 'head': 12, 'deprel': 'amod', 'lemma': 'גבוה'}]"
15,יותר,ADV,ADV,,14.0,advmod,"(50, 54)",יותר,
16,(,PUNCT,PUNCT,,18.0,punct,"(55, 56)",(,
17,72,NUM,NUM,,18.0,nummod,"(56, 58)",72,
18,Hz,NOUN,NOUN,Gender=Masc|Number=Plur,14.0,parataxis,"(59, 61)",Hz,
19,),PUNCT,PUNCT,,18.0,punct,"(61, 62)",),
"(1, 2)",בשלב,,,,,,"(1, 5)",,"[{'id': 1, 'text': 'ב', 'upos': 'ADP', 'xpos': 'ADP', 'head': 2, 'deprel': 'case', 'lemma': 'ב'}, {'id': 2, 'text': 'שלב', 'upos': 'NOUN', 'xpos': 'NOUN', 'feats': 'Gender=Masc|Number=Sing', 'head': 5, 'deprel': 'obl', 'lemma': 'שלב'}]"
"(3, 4)",הבא,,,,,,"(6, 9)",,"[{'id': 3, 'text': 'ה', 'upos': 'DET', 'xpos': 'DET', 'feats': 'PronType=Art', 'head': 4, 'deprel': 'det:def', 'lemma': 'ה'}, {'id': 4, 'text': 'בא', 'upos': 'ADJ', 'xpos': 'ADJ', 'feats': 'Gender=Masc|Number=Sing', 'head': 2, 'deprel': 'amod', 'lemma': 'בא'}]"
5,בדקנו,VERB,VERB,"Gender=Fem,Masc|HebBinyan=PAAL|Number=Plur|Person=1|Tense=Past|Voice=Act",0.0,root,"(10, 15)",בדק,
6,את,ADP,ADP,Case=Acc,7.0,case:acc,"(16, 18)",את,
7,מידת,NOUN,NOUN,Definite=Cons|Gender=Fem|Number=Sing,5.0,obj,"(19, 23)",מידה,
"(8, 9)",ההנחתה,,,,,,"(24, 30)",,"[{'id': 8, 'text': 'ה', 'upos': 'DET', 'xpos': 'DET', 'feats': 'PronType=Art', 'head': 9, 'deprel': 'det:def', 'lemma': 'ה'}, {'id': 9, 'text': 'הנחתה', 'upos': 'NOUN', 'xpos': 'NOUN', 'feats': 'Gender=Fem|Number=Sing', 'head': 7, 'deprel': 'compound:smixut', 'lemma': 'הנחתה'}]"
10,כאשר,SCONJ,SCONJ,,11.0,mark,"(31, 35)",כאשר,
11,ממקמים,VERB,VERB,"Gender=Masc|HebBinyan=PIEL|Number=Plur|Person=1,2,3|VerbForm=Part|Voice=Act",5.0,advcl,"(36, 42)",מיקם,
12,את,ADP,ADP,Case=Acc,14.0,case:acc,"(43, 45)",את,
"(13, 14)",הרעש,,,,,,"(46, 50)",,"[{'id': 13, 'text': 'ה', 'upos': 'DET', 'xpos': 'DET', 'feats': 'PronType=Art', 'head': 14, 'deprel': 'det:def', 'lemma': 'ה'}, {'id': 14, 'text': 'רעש', 'upos': 'NOUN', 'xpos': 'NOUN', 'feats': 'Gender=Masc|Number=Sing', 'head': 11, 'deprel': 'obj', 'lemma': 'רעש'}]"
"(15, 16)",המשני,,,,,,"(51, 56)",,"[{'id': 15, 'text': 'ה', 'upos': 'DET', 'xpos': 'DET', 'feats': 'PronType=Art', 'head': 16, 'deprel': 'det:def', 'lemma': 'ה'}, {'id': 16, 'text': 'משני', 'upos': 'ADJ', 'xpos': 'ADJ', 'feats': 'Gender=Masc|Number=Sing', 'head': 14, 'deprel': 'amod', 'lemma': 'משני'}]"
"(17, 18)",בצידי,,,,,,"(57, 62)",,"[{'id': 17, 'text': 'ב', 'upos': 'ADP', 'xpos': 'ADP', 'head': 18, 'deprel': 'case', 'lemma': 'ב'}, {'id': 18, 'text': 'צידי', 'upos': 'NOUN', 'xpos': 'NOUN', 'feats': 'Definite=Cons|Gender=Masc|Number=Plur', 'head': 11, 'deprel': 'obl', 'lemma': 'ציד'}]"
"(19, 20)",החלון,,,,,,"(63, 68)",,"[{'id': 19, 'text': 'ה', 'upos': 'DET', 'xpos': 'DET', 'feats': 'PronType=Art', 'head': 20, 'deprel': 'det:def', 'lemma': 'ה'}, {'id': 20, 'text': 'חלון', 'upos': 'NOUN', 'xpos': 'NOUN', 'feats': 'Gender=Masc|Number=Sing', 'head': 18, 'deprel': 'compound:smixut', 'lemma': 'חלון'}]"
21,אך,CCONJ,CCONJ,,23.0,cc,"(69, 71)",אך,
"(22, 23)",בגבהים,,,,,,"(72, 78)",,"[{'id': 22, 'text': 'ב', 'upos': 'ADP', 'xpos': 'ADP', 'head': 23, 'deprel': 'case', 'lemma': 'ב'}, {'id': 23, 'text': 'גבהים', 'upos': 'NOUN', 'xpos': 'NOUN', 'feats': 'Gender=Masc|Number=Plur', 'head': 18, 'deprel': 'conj', 'lemma': 'גבה'}]"
24,שונים,ADJ,ADJ,Gender=Masc|Number=Plur,23.0,amod,"(79, 84)",שונה,
25,מעל,ADP,ADP,,26.0,case,"(85, 88)",מעל,
26,פני,NOUN,NOUN,"Definite=Cons|Gender=Fem,Masc|Number=Plur",23.0,nmod,"(89, 92)",פנים,
"(27, 28)",הרצפה,,,,,,"(93, 98)",,"[{'id': 27, 'text': 'ה', 'upos': 'DET', 'xpos': 'DET', 'feats': 'PronType=Art', 'head': 28, 'deprel': 'det:def', 'lemma': 'ה'}, {'id': 28, 'text': 'רצפה', 'upos': 'NOUN', 'xpos': 'NOUN', 'feats': 'Gender=Fem|Number=Sing', 'head': 26, 'deprel': 'compound:smixut', 'lemma': 'רצפה'}]"
1,לכן,ADV,ADV,,85.0,advmod,"(1, 4)",לכן,
2,",",PUNCT,PUNCT,,3.0,punct,"(4, 5)",",",
3,מיקמנו,VERB,VERB,,85.0,advcl,"(6, 12)",ייקם,
4,את,ADP,ADP,Case=Acc,5.0,case:acc,"(13, 15)",את,
5,מקורות,NOUN,NOUN,Definite=Cons|Gender=Masc|Number=Plur,3.0,obj,"(16, 22)",מקור,
"(6, 7)",הרעש,,,,,,"(23, 27)",,"[{'id': 6, 'text': 'ה', 'upos': 'DET', 'xpos': 'DET', 'feats': 'PronType=Art', 'head': 7, 'deprel': 'det:def', 'lemma': 'ה'}, {'id': 7, 'text': 'רעש', 'upos': 'NOUN', 'xpos': 'NOUN', 'feats': 'Gender=Masc|Number=Sing', 'head': 5, 'deprel': 'compound:smixut', 'lemma': 'רעש'}]"
"(8, 9)",המישני,,,,,,"(28, 34)",,"[{'id': 8, 'text': 'ה', 'upos': 'DET', 'xpos': 'DET', 'feats': 'PronType=Art', 'head': 9, 'deprel': 'det:def', 'lemma': 'ה'}, {'id': 9, 'text': 'מישני', 'upos': 'ADJ', 'xpos': 'ADJ', 'feats': 'Gender=Masc|Number=Sing', 'head': 7, 'deprel': 'amod', 'lemma': 'מישני'}]"
"(10, 11)",בשכבות,,,,,,"(35, 41)",,"[{'id': 10, 'text': 'ב', 'upos': 'ADP', 'xpos': 'ADP', 'head': 11, 'deprel': 'case', 'lemma': 'ב'}, {'id': 11, 'text': 'שכבות', 'upos': 'NOUN', 'xpos': 'NOUN', 'feats': 'Gender=Fem|Number=Plur', 'head': 5, 'deprel': 'nmod', 'lemma': 'שכבה'}]"
"(12, 13)",הבאות,,,,,,"(42, 47)",,"[{'id': 12, 'text': 'ה', 'upos': 'DET', 'xpos': 'DET', 'feats': 'PronType=Art', 'head': 13, 'deprel': 'det:def', 'lemma': 'ה'}, {'id': 13, 'text': 'באות', 'upos': 'ADJ', 'xpos': 'ADJ', 'feats': 'Gender=Fem|Number=Plur', 'head': 11, 'deprel': 'compound:smixut', 'lemma': 'בא'}]"
14,:,PUNCT,PUNCT,,3.0,punct,"(47, 48)",:,
15,2,NUM,NUM,HebSource=ConvUncertainHead,3.0,dep,"(49, 50)",2,
16,100,NUM,NUM,HebSource=ConvUncertainHead,15.0,nummod,"(51, 54)",100,
17,:,PUNCT,PUNCT,HebSource=ConvUncertainHead,15.0,punct,"(55, 56)",:,
18,Layer,NOUN,NOUN,HebSource=ConvUncertainHead,15.0,dep,"(57, 62)",Layer,
"(19, 20)",־50,,,,,,"(62, 65)",,"[{'id': 19, 'text': 'פ', 'upos': 'PROPN', 'xpos': 'PROPN', 'feats': 'HebSource=ConvUncertainHead', 'head': 18, 'deprel': 'flat:name', 'lemma': 'פ'}, {'id': 20, 'text': '55', 'upos': 'NUM', 'xpos': 'NUM', 'head': 21, 'deprel': 'nummod', 'lemma': '55'}]"
21,ס״מ,NOUN,NOUN,Abbr=Yes|Gender=Masc|HebSource=ConvUncertainLabel|Number=Sing,18.0,nmod,"(66, 69)",ס״מ,
22,3,NUM,NUM,HebSource=ConvUncertainHead,15.0,dep,"(70, 71)",3,
23,150,NUM,NUM,HebSource=ConvUncertainHead,22.0,nummod,"(72, 75)",150,
24,:,PUNCT,PUNCT,HebSource=ConvUncertainHead,3.0,dep,"(76, 77)",:,
25,Layer,NOUN,NOUN,HebSource=ConvUncertainHead,18.0,dep,"(78, 83)",Layer,
"(26, 27)",־100,,,,,,"(83, 87)",,"[{'id': 26, 'text': 'פ', 'upos': 'PROPN', 'xpos': 'PROPN', 'head': 25, 'deprel': 'flat:name', 'lemma': 'פ'}, {'id': 27, 'text': '100', 'upos': 'NUM', 'xpos': 'NUM', 'head': 28, 'deprel': 'nummod', 'lemma': '100'}]"
28,ס״מ,NOUN,NOUN,Abbr=Yes|Gender=Masc|HebSource=ConvUncertainLabel|Number=Sing,25.0,nmod,"(88, 91)",ס״מ,
29,4,NUM,NUM,HebSource=ConvUncertainHead,15.0,dep,"(92, 93)",4,
30,200,NUM,NUM,HebSource=ConvUncertainHead,29.0,nummod,"(94, 97)",200,
31,:,PUNCT,PUNCT,HebSource=ConvUncertainHead,15.0,punct,"(98, 99)",:,
32,Layer,VERB,VERB,HebSource=ConvUncertainHead,15.0,dep,"(100, 105)",נליל,
"(33, 34)",־150,,,,,,"(105, 109)",,"[{'id': 33, 'text': 'פ', 'upos': 'PROPN', 'xpos': 'PROPN', 'head': 32, 'deprel': 'flat:name', 'lemma': 'פ'}, {'id': 34, 'text': '150', 'upos': 'NUM', 'xpos': 'NUM', 'head': 35, 'deprel': 'nummod', 'lemma': '150'}]"
35,ס״מ,NOUN,NOUN,Abbr=Yes|Gender=Masc|HebSource=ConvUncertainLabel|Number=Sing,32.0,nmod,"(110, 113)",ס״מ,
36,5,NUM,NUM,HebSource=ConvUncertainHead,15.0,dep,"(114, 115)",5,
37,250,NUM,NUM,HebSource=ConvUncertainHead,36.0,nummod,"(116, 119)",250,
38,:,PUNCT,PUNCT,HebSource=ConvUncertainHead,85.0,punct,"(120, 121)",:,
39,Layer,PROPN,PROPN,HebSource=ConvUncertainHead,15.0,dep,"(122, 127)",Layer,
"(40, 41)",־200,,,,,,"(127, 131)",,"[{'id': 40, 'text': 'פ', 'upos': 'PROPN', 'xpos': 'PROPN', 'head': 39, 'deprel': 'flat:name', 'lemma': 'פ'}, {'id': 41, 'text': '200', 'upos': 'NUM', 'xpos': 'NUM', 'head': 42, 'deprel': 'nummod', 'lemma': '200'}]"
42,ס״מ,NOUN,NOUN,Abbr=Yes|Gender=Masc|HebSource=ConvUncertainLabel|Number=Sing,77.0,dep,"(132, 135)",ס״מ,
43,התפלגות,NOUN,NOUN,Definite=Cons|Gender=Fem|Number=Sing,85.0,nsubj,"(136, 143)",התפלגות,
"(44, 45)",הרעש,,,,,,"(144, 148)",,"[{'id': 44, 'text': 'ה', 'upos': 'DET', 'xpos': 'DET', 'feats': 'PronType=Art', 'head': 45, 'deprel': 'det:def', 'lemma': 'ה'}, {'id': 45, 'text': 'רעש', 'upos': 'NOUN', 'xpos': 'NOUN', 'feats': 'Gender=Masc|Number=Sing', 'head': 43, 'deprel': 'compound:smixut', 'lemma': 'רעש'}]"
"(46, 47)",המתקבל,,,,,,"(149, 155)",,"[{'id': 46, 'text': 'ה', 'upos': 'SCONJ', 'xpos': 'SCONJ', 'head': 47, 'deprel': 'mark', 'lemma': 'ה'}, {'id': 47, 'text': 'מתקבל', 'upos': 'VERB', 'xpos': 'VERB', 'feats': 'Gender=Masc|HebBinyan=HITPAEL|Number=Sing|Person=1,2,3|VerbForm=Part', 'head': 45, 'deprel': 'acl:relcl', 'lemma': 'התקבל'}]"
48,(,PUNCT,PUNCT,,49.0,punct,"(156, 157)",(,
49,מקור,NOUN,NOUN,Gender=Masc|Number=Sing,67.0,appos,"(157, 161)",מקור,
50,+,PUNCT,PUNCT,,49.0,punct,"(162, 163)",+,
51,משני,NOUN,NOUN,Gender=Masc|Number=Sing,49.0,conj,"(164, 168)",משנה,
52,),PUNCT,PUNCT,,49.0,punct,"(168, 169)",),
"(53, 54)",בגבהים,,,,,,"(170, 176)",,"[{'id': 53, 'text': 'ב', 'upos': 'ADP', 'xpos': 'ADP', 'head': 54, 'deprel': 'case', 'lemma': 'ב'}, {'id': 54, 'text': 'גבהים', 'upos': 'NOUN', 'xpos': 'NOUN', 'feats': 'Gender=Masc|Number=Plur', 'head': 43, 'deprel': 'nmod', 'lemma': 'גבה'}]"
55,50,NUM,NUM,HebSource=ConvUncertainHead,54.0,dep,"(177, 179)",50,
56,",",PUNCT,PUNCT,HebSource=ConvUncertainHead,55.0,punct,"(179, 180)",",",
57,100,NUM,NUM,HebSource=ConvUncertainHead,55.0,dep,"(180, 183)",100,
58,",",PUNCT,PUNCT,HebSource=ConvUncertainHead,55.0,punct,"(183, 184)",",",
59,150,NUM,NUM,HebSource=ConvUncertainHead,55.0,dep,"(184, 187)",150,
60,ס״מ,NOUN,NOUN,"Abbr=Yes|Gender=Masc|HebSource=ConvUncertainLabel|Number=Plur,Sing",55.0,dep,"(188, 191)",ס״מ,
61,מעל,ADP,ADP,,63.0,case,"(192, 195)",מעל,
"(62, 63)",הרצפה,,,,,,"(196, 201)",,"[{'id': 62, 'text': 'ה', 'upos': 'DET', 'xpos': 'DET', 'feats': 'PronType=Art', 'head': 63, 'deprel': 'det:def', 'lemma': 'ה'}, {'id': 63, 'text': 'רצפה', 'upos': 'NOUN', 'xpos': 'NOUN', 'feats': 'Gender=Fem|Number=Sing', 'head': 55, 'deprel': 'obl', 'lemma': 'רצפה'}]"
64,(,PUNCT,PUNCT,,67.0,punct,"(202, 203)",(,
"(65, 66)",שהם,,,,,,"(203, 206)",,"[{'id': 65, 'text': 'ש', 'upos': 'SCONJ', 'xpos': 'SCONJ', 'head': 67, 'deprel': 'mark', 'lemma': 'ש'}, {'id': 66, 'text': 'הם', 'upos': 'PRON', 'xpos': 'PRON', 'feats': 'Gender=Masc|Number=Plur|Person=3|PronType=Prs', 'head': 67, 'deprel': 'nsubj', 'lemma': 'הוא'}]"
67,גבהים,NOUN,NOUN,Gender=Masc|Number=Plur,80.0,appos,"(207, 212)",גבה,
68,רלוונטים,ADJ,ADJ,Gender=Masc|Number=Plur,67.0,amod,"(213, 221)",רלוונט,
"(69, 70)",לבני,,,,,,"(222, 226)",,"[{'id': 69, 'text': 'ל', 'upos': 'ADP', 'xpos': 'ADP', 'head': 70, 'deprel': 'case', 'lemma': 'ל'}, {'id': 70, 'text': 'בני', 'upos': 'NOUN', 'xpos': 'NOUN', 'feats': 'Definite=Cons|Gender=Masc|Number=Plur', 'head': 67, 'deprel': 'nmod', 'lemma': 'בן'}]"
71,אדם,NOUN,NOUN,Gender=Masc|Number=Sing,70.0,compound:smixut,"(227, 230)",אדם,
"(72, 73)",בחדר,,,,,,"(231, 235)",,"[{'id': 72, 'text': 'ב', 'upos': 'ADP', 'xpos': 'ADP', 'head': 73, 'deprel': 'case', 'lemma': 'ב'}, {'id': 73, 'text': 'חדר', 'upos': 'NOUN', 'xpos': 'NOUN', 'feats': 'Gender=Masc|Number=Sing', 'head': 70, 'deprel': 'nmod', 'lemma': 'חדר'}]"
74,),PUNCT,PUNCT,,67.0,punct,"(235, 236)",),
"(75, 76)",לכל,,,,,,"(237, 240)",,"[{'id': 75, 'text': 'ל', 'upos': 'ADP', 'xpos': 'ADP', 'head': 80, 'deprel': 'case', 'lemma': 'ל'}, {'id': 76, 'text': 'כל', 'upos': 'DET', 'xpos': 'DET', 'feats': 'Definite=Cons', 'head': 80, 'deprel': 'det', 'lemma': 'כול'}]"
77,אחד,NUM,NUM,Gender=Masc|Number=Sing,80.0,det,"(241, 244)",אחד,
"(78, 80)",מהאפשרויות,,,,,,"(245, 255)",,"[{'id': 78, 'text': 'מ', 'upos': 'ADP', 'xpos': 'ADP', 'head': 80, 'deprel': 'case', 'lemma': 'מ'}, {'id': 79, 'text': 'ה', 'upos': 'DET', 'xpos': 'DET', 'feats': 'PronType=Art', 'head': 80, 'deprel': 'det:def', 'lemma': 'ה'}, {'id': 80, 'text': 'אפשרויות', 'upos': 'NOUN', 'xpos': 'NOUN', 'feats': 'Gender=Fem|Number=Plur', 'head': 43, 'deprel': 'nmod', 'lemma': 'אפשרות'}]"
"(81, 82)",למיקום,,,,,,"(256, 262)",,"[{'id': 81, 'text': 'ל', 'upos': 'ADP', 'xpos': 'ADP', 'head': 82, 'deprel': 'case', 'lemma': 'ל'}, {'id': 82, 'text': 'מיקום', 'upos': 'NOUN', 'xpos': 'NOUN', 'feats': 'Definite=Cons|Gender=Masc|Number=Sing', 'head': 80, 'deprel': 'nmod', 'lemma': 'מיקום'}]"
"(83, 84)",הרמקולים,,,,,,"(263, 271)",,"[{'id': 83, 'text': 'ה', 'upos': 'DET', 'xpos': 'DET', 'feats': 'PronType=Art', 'head': 84, 'deprel': 'det:def', 'lemma': 'ה'}, {'id': 84, 'text': 'רמקולים', 'upos': 'NOUN', 'xpos': 'NOUN', 'feats': 'Gender=Masc|Number=Plur', 'head': 82, 'deprel': 'compound:smixut', 'lemma': 'רמקול'}]"
85,מוצגת,VERB,VERB,"Gender=Fem|HebBinyan=HUFAL|Number=Sing|Person=1,2,3|VerbForm=Part|Voice=Pass",0.0,root,"(272, 277)",הוצג,
"(86, 87)",בציורים,,,,,,"(278, 285)",,"[{'id': 86, 'text': 'ב', 'upos': 'ADP', 'xpos': 'ADP', 'head': 87, 'deprel': 'case', 'lemma': 'ב'}, {'id': 87, 'text': 'ציורים', 'upos': 'NOUN', 'xpos': 'NOUN', 'feats': 'Gender=Masc|Number=Plur', 'head': 85, 'deprel': 'obl', 'lemma': 'ציור'}]"
"(88, 89)",27־25,,,,,,"(286, 291)",,"[{'id': 88, 'text': '2', 'upos': 'NUM', 'xpos': 'NUM', 'head': 87, 'deprel': 'nummod', 'lemma': '2'}, {'id': 89, 'text': '7פ25', 'upos': 'NUM', 'xpos': 'NUM', 'head': 87, 'deprel': 'nummod', 'lemma': '7פ25'}]"
"(1, 2)",בציורים,,,,,,"(1, 8)",,"[{'id': 1, 'text': 'ב', 'upos': 'ADP', 'xpos': 'ADP', 'head': 2, 'deprel': 'case', 'lemma': 'ב'}, {'id': 2, 'text': 'ציורים', 'upos': 'NOUN', 'xpos': 'NOUN', 'feats': 'Gender=Masc|Number=Plur', 'head': 6, 'deprel': 'obl', 'lemma': 'ציור'}]"
"(3, 5)",30־28,,,,,,"(9, 14)",,"[{'id': 3, 'text': 'אפה_', 'upos': 'X', 'xpos': 'X', 'feats': 'Xtra=Junk', 'head': 2, 'deprel': 'compound:smixut', 'lemma': 'אפה'}, {'id': 4, 'text': '_של_', 'upos': 'ADP', 'xpos': 'ADP', 'head': 5, 'deprel': 'case:gen', 'lemma': 'של'}, {'id': 5, 'text': '_הם', 'upos': 'PRON', 'xpos': 'PRON', 'feats': 'Case=Gen|Gender=Masc|Number=Plur|Person=3|PronType=Prs', 'head': 3, 'deprel': 'nmod:poss', 'lemma': 'הוא'}]"
6,מוצגות,VERB,VERB,"Gender=Fem|HebBinyan=HUFAL|Number=Plur|Person=1,2,3|VerbForm=Part|Voice=Pass",0.0,root,"(15, 21)",הוצג,
7,אותן,PRON,PRON,Definite=Def|Gender=Fem|Number=Plur|Person=3|PronType=Prs,9.0,det,"(22, 26)",אותו,
"(8, 9)",התוצאות,,,,,,"(27, 34)",,"[{'id': 8, 'text': 'ה', 'upos': 'DET', 'xpos': 'DET', 'feats': 'PronType=Art', 'head': 9, 'deprel': 'det:def', 'lemma': 'ה'}, {'id': 9, 'text': 'תוצאות', 'upos': 'NOUN', 'xpos': 'NOUN', 'feats': 'Gender=Fem|Number=Plur', 'head': 6, 'deprel': 'nsubj', 'lemma': 'תוצאה'}]"
10,אך,ADV,ADV,,11.0,advmod,"(35, 37)",אך,
"(11, 12)",בצורה,,,,,,"(38, 43)",,"[{'id': 11, 'text': 'ב', 'upos': 'ADP', 'xpos': 'ADP', 'head': 12, 'deprel': 'case', 'lemma': 'ב'}, {'id': 12, 'text': 'צורה', 'upos': 'NOUN', 'xpos': 'NOUN', 'feats': 'Gender=Fem|Number=Sing', 'head': 6, 'deprel': 'obl', 'lemma': 'צורה'}]"
"(13, 14)",שמבהירה,,,,,,"(44, 51)",,"[{'id': 13, 'text': 'ש', 'upos': 'SCONJ', 'xpos': 'SCONJ', 'head': 14, 'deprel': 'mark', 'lemma': 'ש'}, {'id': 14, 'text': 'מבהירה', 'upos': 'VERB', 'xpos': 'VERB', 'feats': 'Gender=Fem|HebBinyan=HIFIL|Number=Sing|Person=1,2,3|VerbForm=Part|Voice=Act', 'head': 12, 'deprel': 'acl:relcl', 'lemma': 'הבהיר'}]"
15,את,ADP,ADP,Case=Acc,16.0,case:acc,"(52, 54)",את,
16,מידת,NOUN,NOUN,Definite=Cons|Gender=Fem|Number=Sing,14.0,obj,"(55, 59)",מידה,
"(17, 18)",ההנחתה,,,,,,"(60, 66)",,"[{'id': 17, 'text': 'ה', 'upos': 'DET', 'xpos': 'DET', 'feats': 'PronType=Art', 'head': 18, 'deprel': 'det:def', 'lemma': 'ה'}, {'id': 18, 'text': 'הנחתה', 'upos': 'NOUN', 'xpos': 'NOUN', 'feats': 'Gender=Fem|Number=Sing', 'head': 16, 'deprel': 'compound:smixut', 'lemma': 'הנחתה'}]"
"(19, 20)",שמתקבלת,,,,,,"(67, 74)",,"[{'id': 19, 'text': 'ש', 'upos': 'SCONJ', 'xpos': 'SCONJ', 'head': 20, 'deprel': 'mark', 'lemma': 'ש'}, {'id': 20, 'text': 'מתקבלת', 'upos': 'VERB', 'xpos': 'VERB', 'feats': 'Gender=Fem|HebBinyan=HITPAEL|Number=Sing|Person=1,2,3|VerbForm=Part', 'head': 16, 'deprel': 'acl:relcl', 'lemma': 'התקבל'}]"
21,ע״י,ADP,ADP,Abbr=Yes,22.0,case,"(75, 78)",ע״י,
22,הפעלת,NOUN,NOUN,Definite=Cons|Gender=Fem|Number=Sing,20.0,obl,"(79, 84)",הפעלה,
23,מקורות,NOUN,NOUN,Definite=Cons|Gender=Masc|Number=Plur,22.0,compound:smixut,"(85, 91)",מקור,
24,רעש,NOUN,NOUN,Gender=Masc|Number=Sing,23.0,compound:smixut,"(92, 95)",רעש,
25,משניים,ADJ,ADJ,Gender=Masc|Number=Plur,23.0,amod,"(96, 102)",משני,
26,באמצעות,ADP,ADP,,28.0,case,"(103, 110)",באמצעות,
"(27, 28)",הרמקולים,,,,,,"(111, 119)",,"[{'id': 27, 'text': 'ה', 'upos': 'DET', 'xpos': 'DET', 'feats': 'PronType=Art', 'head': 28, 'deprel': 'det:def', 'lemma': 'ה'}, {'id': 28, 'text': 'רמקולים', 'upos': 'NOUN', 'xpos': 'NOUN', 'feats': 'Gender=Masc|Number=Plur', 'head': 22, 'deprel': 'nmod', 'lemma': 'רמקול'}]"
1,3,NUM,NUM,,0.0,root,"(1, 2)",3,
1,5,NUM,NUM,,0.0,root,"(0, 1)",5,
1,ניסויים,NOUN,NOUN,Gender=Masc|Number=Plur,22.0,nsubj,"(1, 8)",ניסוי,
"(2, 4)",במודל,,,,,,"(9, 14)",,"[{'id': 2, 'text': 'ב', 'upos': 'ADP', 'xpos': 'ADP', 'head': 4, 'deprel': 'case', 'lemma': 'ב'}, {'id': 3, 'text': 'ה_', 'upos': 'DET', 'xpos': 'DET', 'feats': 'PronType=Art', 'head': 4, 'deprel': 'det:def', 'lemma': 'ה'}, {'id': 4, 'text': 'מודל', 'upos': 'NOUN', 'xpos': 'NOUN', 'feats': 'Gender=Masc|Number=Sing', 'head': 1, 'deprel': 'nmod', 'lemma': 'מודל'}]"
5,מעבדת,NOUN,NOUN,Gender=Fem|HebSource=ConvUncertainLabel|Number=Sing,4.0,nmod,"(15, 20)",עיבד,
6,של,ADP,ADP,Case=Gen,7.0,case:gen,"(21, 23)",של,
7,הנחתת,NOUN,NOUN,Definite=Cons|Gender=Fem|Number=Sing,5.0,nmod:poss,"(24, 29)",הנחתה,
8,רעש,NOUN,NOUN,Gender=Masc|Number=Sing,7.0,compound:smixut,"(30, 33)",רעש,
9,אקטיבית,ADJ,ADJ,Gender=Fem|Number=Sing,7.0,amod,"(34, 41)",אקטיבי,
10,מודל,NOUN,NOUN,Gender=Masc|Number=Sing,22.0,nsubj,"(42, 46)",מודל,
11,מעבדתי,ADJ,ADJ,Gender=Masc|Number=Sing,10.0,amod,"(47, 53)",מעבדתי,
"(12, 13)",לבדיקת,,,,,,"(54, 60)",,"[{'id': 12, 'text': 'ל', 'upos': 'ADP', 'xpos': 'ADP', 'head': 13, 'deprel': 'case', 'lemma': 'ל'}, {'id': 13, 'text': 'בדיקת', 'upos': 'NOUN', 'xpos': 'NOUN', 'feats': 'Definite=Cons|Gender=Fem|Number=Sing', 'head': 10, 'deprel': 'nmod', 'lemma': 'בדיקה'}]"
14,היתכנות,NOUN,NOUN,Gender=Fem|Number=Sing,13.0,compound:smixut,"(61, 68)",היתכנות,
15,של,ADP,ADP,Case=Gen,16.0,case:gen,"(69, 71)",של,
16,הנחתת,NOUN,NOUN,Definite=Cons|Gender=Fem|Number=Sing,14.0,nmod:poss,"(72, 77)",הנחתה,
17,רעש,NOUN,NOUN,Gender=Masc|Number=Sing,16.0,compound:smixut,"(78, 81)",רעש,
18,אקטיבית,ADJ,ADJ,Gender=Fem|Number=Sing,17.0,amod,"(82, 89)",אקטיבי,
"(19, 20)",בחדר,,,,,,"(90, 94)",,"[{'id': 19, 'text': 'ב', 'upos': 'ADP', 'xpos': 'ADP', 'head': 20, 'deprel': 'case', 'lemma': 'ב'}, {'id': 20, 'text': 'חדר', 'upos': 'NOUN', 'xpos': 'NOUN', 'feats': 'Definite=Cons|Gender=Masc|Number=Sing', 'head': 16, 'deprel': 'nmod', 'lemma': 'חדר'}]"
21,מגורים,NOUN,NOUN,Gender=Masc|Number=Plur,20.0,compound:smixut,"(95, 101)",מגורים,
22,נבנה,VERB,VERB,Gender=Masc|HebBinyan=NIFAL|Number=Sing|Person=3|Tense=Past|Voice=Mid,0.0,root,"(102, 106)",נבנה,
"(23, 24)",לצורך,,,,,,"(107, 112)",,"[{'id': 23, 'text': 'ל', 'upos': 'ADP', 'xpos': 'ADP', 'head': 24, 'deprel': 'case', 'lemma': 'ל'}, {'id': 24, 'text': 'צורך', 'upos': 'NOUN', 'xpos': 'NOUN', 'feats': 'Definite=Cons|Gender=Masc|Number=Sing', 'head': 22, 'deprel': 'obl', 'lemma': 'צורך'}]"
25,בדיקה,NOUN,NOUN,Gender=Fem|Number=Sing,24.0,compound:smixut,"(113, 118)",בדיקה,
"(26, 27)",בדירה,,,,,,"(119, 124)",,"[{'id': 26, 'text': 'ב', 'upos': 'ADP', 'xpos': 'ADP', 'head': 27, 'deprel': 'case', 'lemma': 'ב'}, {'id': 27, 'text': 'דירה', 'upos': 'NOUN', 'xpos': 'NOUN', 'feats': 'Gender=Fem|Number=Sing', 'head': 25, 'deprel': 'nmod', 'lemma': 'דירה'}]"
"(28, 29)",ששימשה,,,,,,"(125, 131)",,"[{'id': 28, 'text': 'ש', 'upos': 'SCONJ', 'xpos': 'SCONJ', 'head': 29, 'deprel': 'mark', 'lemma': 'ש'}, {'id': 29, 'text': 'שימשה', 'upos': 'VERB', 'xpos': 'VERB', 'feats': 'Gender=Fem|HebBinyan=PIEL|Number=Sing|Person=3|Tense=Past|Voice=Act', 'head': 27, 'deprel': 'acl:relcl', 'lemma': 'שימש'}]"
30,מודל,NOUN,NOUN,Gender=Masc|Number=Sing,29.0,dep,"(132, 136)",מודל,
"(31, 32)",למחקר,,,,,,"(137, 142)",,"[{'id': 31, 'text': 'ל', 'upos': 'ADP', 'xpos': 'ADP', 'head': 32, 'deprel': 'case', 'lemma': 'ל'}, {'id': 32, 'text': 'מחקר', 'upos': 'NOUN', 'xpos': 'NOUN', 'feats': 'Gender=Masc|Number=Sing', 'head': 30, 'deprel': 'nmod', 'lemma': 'מחקר'}]"
33,(,PUNCT,PUNCT,,34.0,punct,"(143, 144)",(,
34,ציור,NOUN,NOUN,Gender=Masc|Number=Sing,30.0,appos,"(144, 148)",ציור,
35,1,NUM,NUM,,34.0,nummod,"(149, 150)",1,
36,),PUNCT,PUNCT,,34.0,punct,"(150, 151)",),
1,כיון,SCONJ,SCONJ,,12.0,mark,"(1, 5)",כיון,
"(2, 3)",שהתדירויות,,,,,,"(6, 16)",,"[{'id': 2, 'text': 'ש', 'upos': 'SCONJ', 'xpos': 'SCONJ', 'head': 1, 'deprel': 'fixed', 'lemma': 'ש'}, {'id': 3, 'text': 'התדירויות', 'upos': 'NOUN', 'xpos': 'NOUN', 'feats': 'Gender=Fem|Number=Plur', 'head': 12, 'deprel': 'nsubj', 'lemma': 'התדירות'}]"
"(4, 5)",העיקריות,,,,,,"(17, 25)",,"[{'id': 4, 'text': 'ה', 'upos': 'DET', 'xpos': 'DET', 'feats': 'PronType=Art', 'head': 5, 'deprel': 'det:def', 'lemma': 'ה'}, {'id': 5, 'text': 'עיקריות', 'upos': 'ADJ', 'xpos': 'ADJ', 'feats': 'Gender=Fem|Number=Plur', 'head': 3, 'deprel': 'amod', 'lemma': 'עיקרי'}]"
6,של,ADP,ADP,Case=Gen,7.0,case:gen,"(26, 28)",של,
7,מקור,NOUN,NOUN,Definite=Cons|Gender=Masc|Number=Sing,3.0,nmod,"(29, 33)",מקור,
"(8, 9)",הרעש,,,,,,"(34, 38)",,"[{'id': 8, 'text': 'ה', 'upos': 'DET', 'xpos': 'DET', 'feats': 'PronType=Art', 'head': 9, 'deprel': 'det:def', 'lemma': 'ה'}, {'id': 9, 'text': 'רעש', 'upos': 'NOUN', 'xpos': 'NOUN', 'feats': 'Gender=Masc|Number=Sing', 'head': 7, 'deprel': 'compound:smixut', 'lemma': 'רעש'}]"
"(10, 11)",הראשוני,,,,,,"(39, 46)",,"[{'id': 10, 'text': 'ה', 'upos': 'DET', 'xpos': 'DET', 'feats': 'PronType=Art', 'head': 11, 'deprel': 'det:def', 'lemma': 'ה'}, {'id': 11, 'text': 'ראשוני', 'upos': 'ADJ', 'xpos': 'ADJ', 'feats': 'Gender=Masc|Number=Sing', 'head': 7, 'deprel': 'amod', 'lemma': 'ראשוני'}]"
12,נמצאו,VERB,VERB,"Gender=Fem,Masc|HebBinyan=NIFAL|Number=Plur|Person=3|Tense=Past|Voice=Mid",19.0,advcl,"(47, 52)",נמצא,
13,נמוכות,ADJ,ADJ,Gender=Fem|Number=Plur,12.0,xcomp,"(53, 59)",נמוך,
14,מאוד,ADV,ADV,,13.0,advmod,"(60, 64)",מאוד,
15,(,PUNCT,PUNCT,,16.0,punct,"(65, 66)",(,
16,100Hz,NUM,NUM,,13.0,parataxis,"(66, 71)",100Hz,
17,>,PUNCT,PUNCT,,16.0,punct,"(71, 72)",>,
18,),PUNCT,PUNCT,,16.0,punct,"(72, 73)",),
19,רכשנו,VERB,VERB,"Gender=Fem,Masc|HebBinyan=PAAL|Number=Plur|Person=1|Tense=Past|Voice=Act",0.0,root,"(74, 79)",רכש,
20,עבור,ADP,ADP,,21.0,case,"(80, 84)",עבור,
21,מקור,NOUN,NOUN,Definite=Cons|Gender=Masc|Number=Sing,19.0,obl,"(85, 89)",מקור,
"(22, 23)",הרעש,,,,,,"(90, 94)",,"[{'id': 22, 'text': 'ה', 'upos': 'DET', 'xpos': 'DET', 'feats': 'PronType=Art', 'head': 23, 'deprel': 'det:def', 'lemma': 'ה'}, {'id': 23, 'text': 'רעש', 'upos': 'NOUN', 'xpos': 'NOUN', 'feats': 'Gender=Masc|Number=Sing', 'head': 21, 'deprel': 'compound:smixut', 'lemma': 'רעש'}]"
"(24, 25)",המשני,,,,,,"(95, 100)",,"[{'id': 24, 'text': 'ה', 'upos': 'DET', 'xpos': 'DET', 'feats': 'PronType=Art', 'head': 25, 'deprel': 'det:def', 'lemma': 'ה'}, {'id': 25, 'text': 'משני', 'upos': 'ADJ', 'xpos': 'ADJ', 'feats': 'Gender=Masc|Number=Sing', 'head': 21, 'deprel': 'amod', 'lemma': 'משני'}]"
26,שני,NUM,NUM,Definite=Cons|Gender=Masc|Number=Plur,27.0,nummod,"(101, 104)",שני,
27,רמקולים,NOUN,NOUN,Gender=Masc|Number=Plur,19.0,obj,"(105, 112)",רמקול,
"(28, 31)",של ״15,,,,,,"(113, 119)",,"[{'id': 28, 'text': 'ש', 'upos': 'SCONJ', 'xpos': 'SCONJ', 'head': 31, 'deprel': 'mark', 'lemma': 'ש'}, {'id': 29, 'text': 'ל', 'upos': 'ADP', 'xpos': 'ADP', 'head': 31, 'deprel': 'case', 'lemma': 'ל'}, {'id': 30, 'text': 'ה_', 'upos': 'DET', 'xpos': 'DET', 'feats': 'PronType=Art', 'head': 31, 'deprel': 'det:def', 'lemma': 'ה'}, {'id': 31, 'text': 'אפ15', 'upos': 'X', 'xpos': 'X', 'head': 27, 'deprel': 'acl:relcl', 'lemma': 'אפ15'}]"
"(32, 33)",בהספק,,,,,,"(120, 125)",,"[{'id': 32, 'text': 'ב', 'upos': 'ADP', 'xpos': 'ADP', 'head': 33, 'deprel': 'case', 'lemma': 'ב'}, {'id': 33, 'text': 'הספק', 'upos': 'NOUN', 'xpos': 'NOUN', 'feats': 'Gender=Masc|Number=Sing', 'head': 27, 'deprel': 'nmod', 'lemma': 'הספק'}]"
34,של,ADP,ADP,Case=Gen,35.0,case:gen,"(126, 128)",של,
35,300W,NUM,NUM,,33.0,nmod:poss,"(129, 133)",300W,
36,כל,DET,DET,Definite=Cons,37.0,det,"(134, 136)",כול,
37,אחד,NUM,NUM,Gender=Masc|Number=Sing,33.0,nmod:poss,"(137, 140)",אחד,
1,כל,DET,DET,Definite=Cons,2.0,det,"(1, 3)",כול,
2,רמקול,NOUN,NOUN,Gender=Masc|Number=Sing,3.0,nsubj,"(4, 9)",רמקול,
3,הותקן,VERB,VERB,Gender=Masc|HebBinyan=HUFAL|Number=Sing|Person=3|Tense=Past|Voice=Pass,0.0,root,"(10, 15)",הותקן,
"(4, 5)",בתיבה,,,,,,"(16, 21)",,"[{'id': 4, 'text': 'ב', 'upos': 'ADP', 'xpos': 'ADP', 'head': 5, 'deprel': 'case', 'lemma': 'ב'}, {'id': 5, 'text': 'תיבה', 'upos': 'NOUN', 'xpos': 'NOUN', 'feats': 'Gender=Fem|Number=Sing', 'head': 3, 'deprel': 'obl', 'lemma': 'תיבה'}]"
6,סגורה,ADJ,ADJ,Gender=Fem|Number=Sing,5.0,amod,"(22, 27)",סגור,
"(7, 8)",בגודל,,,,,,"(28, 33)",,"[{'id': 7, 'text': 'ב', 'upos': 'ADP', 'xpos': 'ADP', 'head': 8, 'deprel': 'case', 'lemma': 'ב'}, {'id': 8, 'text': 'גודל', 'upos': 'NOUN', 'xpos': 'NOUN', 'feats': 'Definite=Cons|Gender=Masc|Number=Sing', 'head': 5, 'deprel': 'nmod', 'lemma': 'גודל'}]"
9,500,NUM,NUM,,8.0,compound:smixut,"(34, 37)",500,
"(10, 11)",x600,,,,,,"(37, 41)",,"[{'id': 10, 'text': 'פ', 'upos': 'NOUN', 'xpos': 'NOUN', 'feats': 'HebSource=ConvUncertainHead', 'head': 8, 'deprel': 'dep', 'lemma': 'פ'}, {'id': 11, 'text': '600', 'upos': 'NUM', 'xpos': 'NUM', 'feats': 'HebSource=ConvUncertainHead', 'head': 9, 'deprel': 'dep', 'lemma': '600'}]"
"(12, 13)",x400,,,,,,"(41, 45)",,"[{'id': 12, 'text': 'פ', 'upos': 'X', 'xpos': 'X', 'feats': 'HebSource=ConvUncertainHead', 'head': 9, 'deprel': 'dep', 'lemma': 'פ'}, {'id': 13, 'text': '400', 'upos': 'NUM', 'xpos': 'NUM', 'head': 14, 'deprel': 'nummod', 'lemma': '400'}]"
14,ס״מ,NOUN,NOUN,Abbr=Yes|Gender=Masc|HebSource=ConvUncertainLabel|Number=Sing,8.0,nmod,"(46, 49)",ס״מ,
"(15, 16)",שהוספו,,,,,,"(50, 56)",,"[{'id': 15, 'text': 'ש', 'upos': 'SCONJ', 'xpos': 'SCONJ', 'head': 16, 'deprel': 'mark', 'lemma': 'ש'}, {'id': 16, 'text': 'הוסףו', 'upos': 'VERB', 'xpos': 'VERB', 'feats': 'Gender=Fem,Masc|HebBinyan=NIFAL|Number=Plur|Person=3|Tense=Past|Voice=Mid', 'head': 5, 'deprel': 'acl:relcl', 'lemma': 'הוסף'}]"
"(17, 18)",בחזיתה,,,,,,"(57, 63)",,"[{'id': 17, 'text': 'בחזית_', 'upos': 'ADP', 'xpos': 'ADP', 'head': 16, 'deprel': 'obl', 'lemma': 'בחזית'}, {'id': 18, 'text': '_היא', 'upos': 'PRON', 'xpos': 'PRON', 'feats': 'Case=Gen|Gender=Fem|Number=Sing|Person=3|PronType=Prs', 'head': 17, 'deprel': 'nmod:poss', 'lemma': 'הוא'}]"
19,שני,NUM,NUM,Definite=Cons|Gender=Masc|Number=Plur,20.0,nummod,"(64, 67)",שני,
20,חורים,NOUN,NOUN,Gender=Masc|Number=Plur,16.0,nsubj,"(68, 73)",חור,
"(21, 23)",בקוטר,,,,,,"(74, 79)",,"[{'id': 21, 'text': 'ב', 'upos': 'ADP', 'xpos': 'ADP', 'head': 23, 'deprel': 'case', 'lemma': 'ב'}, {'id': 22, 'text': 'ה_', 'upos': 'DET', 'xpos': 'DET', 'feats': 'PronType=Art', 'head': 23, 'deprel': 'det:def', 'lemma': 'ה'}, {'id': 23, 'text': 'קוטר', 'upos': 'NOUN', 'xpos': 'NOUN', 'feats': 'Gender=Masc|Number=Sing', 'head': 20, 'deprel': 'nmod', 'lemma': 'קוטר'}]"
24,10,NUM,NUM,,25.0,nummod,"(80, 82)",10,
25,ס״מ,NOUN,NOUN,Abbr=Yes|Gender=Masc|Number=Sing,20.0,nmod,"(83, 86)",ס״מ,
"(26, 27)",למניעת,,,,,,"(87, 93)",,"[{'id': 26, 'text': 'ל', 'upos': 'ADP', 'xpos': 'ADP', 'head': 27, 'deprel': 'case', 'lemma': 'ל'}, {'id': 27, 'text': 'מניעת', 'upos': 'NOUN', 'xpos': 'NOUN', 'feats': 'Definite=Cons|Gender=Fem|Number=Sing', 'head': 16, 'deprel': 'obl', 'lemma': 'מניעה'}]"
28,היווצרות,NOUN,NOUN,Definite=Cons|Gender=Fem|Number=Sing,27.0,compound:smixut,"(94, 102)",היווצרות,
29,תדרי,NOUN,NOUN,Definite=Cons|Gender=Masc|Number=Plur,28.0,compound:smixut,"(103, 107)",תדר,
30,תהודה,NOUN,NOUN,Gender=Fem|Number=Sing,29.0,compound:smixut,"(108, 113)",תהודה,
31,מיותרים,ADJ,ADJ,Gender=Masc|Number=Plur,29.0,amod,"(114, 121)",מיותר,
"(1, 2)",לצורך,,,,,,"(1, 6)",,"[{'id': 1, 'text': 'ל', 'upos': 'ADP', 'xpos': 'ADP', 'head': 2, 'deprel': 'case', 'lemma': 'ל'}, {'id': 2, 'text': 'צורך', 'upos': 'NOUN', 'xpos': 'NOUN', 'feats': 'Definite=Cons|Gender=Masc|Number=Sing', 'head': 12, 'deprel': 'obl', 'lemma': 'צורך'}]"
3,הפעלת,NOUN,NOUN,Definite=Cons|Gender=Fem|Number=Sing,2.0,compound:smixut,"(7, 12)",הפעלה,
"(4, 5)",הרעש,,,,,,"(13, 17)",,"[{'id': 4, 'text': 'ה', 'upos': 'DET', 'xpos': 'DET', 'feats': 'PronType=Art', 'head': 5, 'deprel': 'det:def', 'lemma': 'ה'}, {'id': 5, 'text': 'רעש', 'upos': 'NOUN', 'xpos': 'NOUN', 'feats': 'Gender=Masc|Number=Sing', 'head': 3, 'deprel': 'compound:smixut', 'lemma': 'רעש'}]"
"(6, 7)",המשני,,,,,,"(18, 23)",,"[{'id': 6, 'text': 'ה', 'upos': 'DET', 'xpos': 'DET', 'feats': 'PronType=Art', 'head': 7, 'deprel': 'det:def', 'lemma': 'ה'}, {'id': 7, 'text': 'משני', 'upos': 'ADJ', 'xpos': 'ADJ', 'feats': 'Gender=Masc|Number=Sing', 'head': 5, 'deprel': 'amod', 'lemma': 'משני'}]"
8,(,PUNCT,PUNCT,,10.0,punct,"(24, 25)",(,
"(9, 10)",הרמקולים,,,,,,"(25, 33)",,"[{'id': 9, 'text': 'ה', 'upos': 'DET', 'xpos': 'DET', 'feats': 'PronType=Art', 'head': 10, 'deprel': 'det:def', 'lemma': 'ה'}, {'id': 10, 'text': 'רמקולים', 'upos': 'NOUN', 'xpos': 'NOUN', 'feats': 'Gender=Masc|Number=Plur', 'head': 3, 'deprel': 'appos', 'lemma': 'רמקול'}]"
11,),PUNCT,PUNCT,,10.0,punct,"(33, 34)",),
12,רכשנו,VERB,VERB,"Gender=Fem,Masc|HebBinyan=PAAL|Number=Plur|Person=1|Tense=Past|Voice=Act",0.0,root,"(35, 40)",רכש,
13,מגבר,NOUN,NOUN,Definite=Cons|Gender=Masc|Number=Sing,12.0,obj,"(41, 45)",מגבר,
14,סטריאו,NOUN,NOUN,,13.0,compound:smixut,"(46, 52)",סטריאו,
"(15, 16)",מתוצרת,,,,,,"(53, 59)",,"[{'id': 15, 'text': 'מ', 'upos': 'ADP', 'xpos': 'ADP', 'head': 16, 'deprel': 'case', 'lemma': 'מ'}, {'id': 16, 'text': 'תוצרת', 'upos': 'NOUN', 'xpos': 'NOUN', 'feats': 'Gender=Fem|Number=Sing', 'head': 13, 'deprel': 'nmod', 'lemma': 'תוצרת'}]"
17,מקומית,ADJ,ADJ,Gender=Fem|Number=Sing,16.0,amod,"(60, 66)",מקומי,
18,(,PUNCT,PUNCT,,19.0,punct,"(67, 68)",(,
19,Cobra,PROPN,PROPN,,16.0,appos,"(68, 73)",Cobra,
20,),PUNCT,PUNCT,,19.0,punct,"(73, 74)",),
"(21, 22)",בהספק,,,,,,"(75, 80)",,"[{'id': 21, 'text': 'ב', 'upos': 'ADP', 'xpos': 'ADP', 'head': 22, 'deprel': 'case', 'lemma': 'ב'}, {'id': 22, 'text': 'הספק', 'upos': 'NOUN', 'xpos': 'NOUN', 'feats': 'Gender=Masc|Number=Sing', 'head': 12, 'deprel': 'obl', 'lemma': 'הספק'}]"
23,של,ADP,ADP,Case=Gen,24.0,case:gen,"(81, 83)",של,
24,250 WRMS,NUM,NUM,,22.0,nmod:poss,"(84, 92)",250 WRMS,
"(1, 2)",באנליזה,,,,,,"(1, 8)",,"[{'id': 1, 'text': 'ב', 'upos': 'ADP', 'xpos': 'ADP', 'head': 2, 'deprel': 'case', 'lemma': 'ב'}, {'id': 2, 'text': 'אנליזה', 'upos': 'NOUN', 'xpos': 'NOUN', 'feats': 'Gender=Fem|Number=Sing', 'head': 5, 'deprel': 'obl', 'lemma': 'אנליזה'}]"
"(3, 4)",החישובית,,,,,,"(9, 17)",,"[{'id': 3, 'text': 'ה', 'upos': 'DET', 'xpos': 'DET', 'feats': 'PronType=Art', 'head': 4, 'deprel': 'det:def', 'lemma': 'ה'}, {'id': 4, 'text': 'חישובית', 'upos': 'ADJ', 'xpos': 'ADJ', 'feats': 'Gender=Fem|Number=Sing', 'head': 2, 'deprel': 'amod', 'lemma': 'חישובי'}]"
5,מצאנו,VERB,VERB,"Gender=Fem,Masc|HebBinyan=PAAL|Number=Plur|Person=1|Tense=Past|Voice=Act",0.0,root,"(18, 23)",מצא,
"(6, 7)",שהנחתה,,,,,,"(24, 30)",,"[{'id': 6, 'text': 'ש', 'upos': 'SCONJ', 'xpos': 'SCONJ', 'head': 10, 'deprel': 'mark', 'lemma': 'ש'}, {'id': 7, 'text': 'הנחתה', 'upos': 'NOUN', 'xpos': 'NOUN', 'feats': 'Gender=Fem|Number=Sing', 'head': 10, 'deprel': 'nsubj', 'lemma': 'הנחתה'}]"
8,אקטיבית,ADJ,ADJ,Gender=Fem|Number=Sing,7.0,amod,"(31, 38)",אקטיבי,
9,אפקטיבית,ADJ,ADJ,Gender=Fem|Number=Sing,7.0,amod,"(39, 47)",אפקטיבי,
10,מתקבלת,VERB,VERB,"Gender=Fem|HebBinyan=HITPAEL|Number=Sing|Person=1,2,3|VerbForm=Part",5.0,ccomp,"(48, 54)",התקבל,
"(11, 12)",בהיפוך,,,,,,"(55, 61)",,"[{'id': 11, 'text': 'ב', 'upos': 'ADP', 'xpos': 'ADP', 'head': 12, 'deprel': 'case', 'lemma': 'ב'}, {'id': 12, 'text': 'היפוך', 'upos': 'NOUN', 'xpos': 'NOUN', 'feats': 'Definite=Cons|Gender=Masc|Number=Sing', 'head': 10, 'deprel': 'obl', 'lemma': 'היפוך'}]"
"(13, 14)",הפאזה,,,,,,"(62, 67)",,"[{'id': 13, 'text': 'ה', 'upos': 'DET', 'xpos': 'DET', 'feats': 'PronType=Art', 'head': 14, 'deprel': 'det:def', 'lemma': 'ה'}, {'id': 14, 'text': 'פאזה', 'upos': 'NOUN', 'xpos': 'NOUN', 'feats': 'Gender=Fem|Number=Sing', 'head': 12, 'deprel': 'compound:smixut', 'lemma': 'פאזה'}]"
15,(,PUNCT,PUNCT,,19.0,punct,"(68, 69)",(,
16,ב,ADP,ADP,,19.0,case,"(69, 70)",ב,
17,-,PUNCT,PUNCT,,19.0,punct,"(70, 71)",-,
18,180,NUM,NUM,,19.0,nummod,"(72, 75)",180,
19,°,NOUN,NOUN,,12.0,appos,"(75, 76)",°,
20,),PUNCT,PUNCT,,19.0,punct,"(76, 77)",),
21,של,ADP,ADP,Case=Gen,25.0,case:gen,"(78, 80)",של,
22,כל,DET,DET,Definite=Cons,25.0,det,"(81, 83)",כול,
23,אחת,NUM,NUM,Gender=Fem|Number=Sing,25.0,det,"(84, 87)",אחת,
"(24, 25)",מהתדירויות,,,,,,"(88, 98)",,"[{'id': 24, 'text': 'מ', 'upos': 'ADP', 'xpos': 'ADP', 'head': 25, 'deprel': 'case', 'lemma': 'מ'}, {'id': 25, 'text': 'התדירויות', 'upos': 'NOUN', 'xpos': 'NOUN', 'feats': 'Gender=Fem|Number=Plur', 'head': 12, 'deprel': 'nmod:poss', 'lemma': 'התדירות'}]"
"(26, 27)",העיקריות,,,,,,"(99, 107)",,"[{'id': 26, 'text': 'ה', 'upos': 'DET', 'xpos': 'DET', 'feats': 'PronType=Art', 'head': 27, 'deprel': 'det:def', 'lemma': 'ה'}, {'id': 27, 'text': 'עיקריות', 'upos': 'ADJ', 'xpos': 'ADJ', 'feats': 'Gender=Fem|Number=Plur', 'head': 25, 'deprel': 'amod', 'lemma': 'עיקרי'}]"
"(1, 2)",בהעדר,,,,,,"(1, 6)",,"[{'id': 1, 'text': 'ב', 'upos': 'ADP', 'xpos': 'ADP', 'head': 3, 'deprel': 'case', 'lemma': 'ב'}, {'id': 2, 'text': 'העדר', 'upos': 'NOUN', 'xpos': 'NOUN', 'feats': 'Definite=Cons|Gender=Masc|Number=Sing', 'head': 1, 'deprel': 'fixed', 'lemma': 'העדר'}]"
3,תוכנות,NOUN,NOUN,Gender=Fem|Number=Plur,27.0,obl,"(7, 13)",תוכנה,
"(4, 5)",לזיהוי,,,,,,"(14, 20)",,"[{'id': 4, 'text': 'ל', 'upos': 'ADP', 'xpos': 'ADP', 'head': 5, 'deprel': 'case', 'lemma': 'ל'}, {'id': 5, 'text': 'זיהוי', 'upos': 'NOUN', 'xpos': 'NOUN', 'feats': 'Gender=Fem|Number=Sing', 'head': 3, 'deprel': 'nmod', 'lemma': 'זיהוי'}]"
6,מקוון,ADJ,ADJ,"Gender=Masc|HebBinyan=PUAL|Number=Sing|Person=1,2,3|VerbForm=Part|Voice=Pass",5.0,amod,"(21, 26)",מקוון,
7,של,ADP,ADP,Case=Gen,8.0,case:gen,"(27, 29)",של,
8,תדירויות,NOUN,NOUN,Gender=Fem|Number=Plur,5.0,nmod,"(30, 38)",תדירות,
9,אלו,PRON,PRON,"Gender=Fem,Masc|Number=Plur|Person=3|PronType=Dem",8.0,det,"(39, 42)",אלו,
"(10, 11)",והיפוכן,,,,,,"(43, 50)",,"[{'id': 10, 'text': 'ו', 'upos': 'CCONJ', 'xpos': 'CCONJ', 'head': 11, 'deprel': 'cc', 'lemma': 'ו'}, {'id': 11, 'text': 'היפוכן', 'upos': 'NOUN', 'xpos': 'NOUN', 'feats': 'Gender=Masc|Number=Sing', 'head': 3, 'deprel': 'conj', 'lemma': 'היפוכן'}]"
12,כדי,ADP,ADP,,13.0,case,"(51, 54)",כדי,
13,להפעיל,VERB,VERB,HebBinyan=HIFIL|VerbForm=Inf|Voice=Act,11.0,advcl,"(55, 61)",הפעיל,
"(14, 15)",בהן,,,,,,"(62, 65)",,"[{'id': 14, 'text': 'ב_', 'upos': 'ADP', 'xpos': 'ADP', 'head': 15, 'deprel': 'case', 'lemma': 'ב'}, {'id': 15, 'text': '_הן', 'upos': 'PRON', 'xpos': 'PRON', 'feats': 'Gender=Fem|Number=Plur|Person=3|PronType=Prs', 'head': 13, 'deprel': 'obl', 'lemma': 'הוא'}]"
16,את,ADP,ADP,Case=Acc,17.0,case:acc,"(66, 68)",את,
17,מקור,NOUN,NOUN,Definite=Cons|Gender=Masc|Number=Sing,13.0,obj,"(69, 73)",מקור,
"(18, 19)",הרעש,,,,,,"(74, 78)",,"[{'id': 18, 'text': 'ה', 'upos': 'DET', 'xpos': 'DET', 'feats': 'PronType=Art', 'head': 19, 'deprel': 'det:def', 'lemma': 'ה'}, {'id': 19, 'text': 'רעש', 'upos': 'NOUN', 'xpos': 'NOUN', 'feats': 'Gender=Masc|Number=Sing', 'head': 17, 'deprel': 'compound:smixut', 'lemma': 'רעש'}]"
"(20, 21)",המשני,,,,,,"(79, 84)",,"[{'id': 20, 'text': 'ה', 'upos': 'DET', 'xpos': 'DET', 'feats': 'PronType=Art', 'head': 21, 'deprel': 'det:def', 'lemma': 'ה'}, {'id': 21, 'text': 'משני', 'upos': 'ADJ', 'xpos': 'ADJ', 'feats': 'Gender=Masc|Number=Sing', 'head': 19, 'deprel': 'amod', 'lemma': 'משני'}]"
22,(,PUNCT,PUNCT,,24.0,punct,"(85, 86)",(,
"(23, 24)",הרמקולים,,,,,,"(86, 94)",,"[{'id': 23, 'text': 'ה', 'upos': 'DET', 'xpos': 'DET', 'feats': 'PronType=Art', 'head': 24, 'deprel': 'det:def', 'lemma': 'ה'}, {'id': 24, 'text': 'רמקולים', 'upos': 'NOUN', 'xpos': 'NOUN', 'feats': 'Gender=Masc|Number=Plur', 'head': 17, 'deprel': 'appos', 'lemma': 'רמקול'}]"
25,),PUNCT,PUNCT,,24.0,punct,"(94, 95)",),
26,",",PUNCT,PUNCT,,27.0,punct,"(95, 96)",",",
27,החלטנו,VERB,VERB,"Gender=Fem,Masc|HebBinyan=HIFIL|Number=Plur|Person=1|Tense=Past|Voice=Act",0.0,root,"(97, 103)",החליט,
28,לבצע,VERB,VERB,HebBinyan=PIEL|VerbForm=Inf|Voice=Act,27.0,xcomp,"(104, 108)",ביצע,
29,ניסוי,NOUN,NOUN,Definite=Cons|Gender=Masc|Number=Plur,28.0,obj,"(109, 114)",ניסוי,
"(30, 31)",היתכנות,,,,,,"(115, 122)",,"[{'id': 30, 'text': 'ה', 'upos': 'DET', 'xpos': 'DET', 'feats': 'PronType=Art', 'head': 31, 'deprel': 'det:def', 'lemma': 'ה'}, {'id': 31, 'text': 'יתכנות', 'upos': 'NOUN', 'xpos': 'NOUN', 'feats': 'Gender=Fem|Number=Sing', 'head': 29, 'deprel': 'compound:smixut', 'lemma': 'יתכנות'}]"
32,ע״י,ADP,ADP,Abbr=Yes,33.0,case,"(123, 126)",ע״י,
33,היפוך,NOUN,NOUN,Definite=Cons|Gender=Masc|Number=Sing,29.0,nmod,"(127, 132)",היפוך,
34,אותות,NOUN,NOUN,Definite=Cons|Gender=Fem|Number=Plur,33.0,compound:smixut,"(133, 138)",אות,
"(35, 36)",הרעש,,,,,,"(139, 143)",,"[{'id': 35, 'text': 'ה', 'upos': 'DET', 'xpos': 'DET', 'feats': 'PronType=Art', 'head': 36, 'deprel': 'det:def', 'lemma': 'ה'}, {'id': 36, 'text': 'רעש', 'upos': 'NOUN', 'xpos': 'NOUN', 'feats': 'Gender=Masc|Number=Sing', 'head': 34, 'deprel': 'compound:smixut', 'lemma': 'רעש'}]"
"(37, 38)",שנקלטים,,,,,,"(144, 151)",,"[{'id': 37, 'text': 'ש', 'upos': 'SCONJ', 'xpos': 'SCONJ', 'head': 38, 'deprel': 'mark', 'lemma': 'ש'}, {'id': 38, 'text': 'נקלטים', 'upos': 'VERB', 'xpos': 'VERB', 'feats': 'Gender=Masc|HebBinyan=NIFAL|Number=Plur|Person=1,2,3|VerbForm=Part|Voice=Mid', 'head': 34, 'deprel': 'acl:relcl', 'lemma': 'נקלט'}]"
39,באמצעות,ADP,ADP,,40.0,case,"(152, 159)",באמצעות,
40,מיקרופון,NOUN,NOUN,Gender=Masc|Number=Sing,38.0,obl,"(160, 168)",מיקרופון,
"(1, 2)",לצורך,,,,,,"(1, 6)",,"[{'id': 1, 'text': 'ל', 'upos': 'ADP', 'xpos': 'ADP', 'head': 2, 'deprel': 'case', 'lemma': 'ל'}, {'id': 2, 'text': 'צורך', 'upos': 'NOUN', 'xpos': 'NOUN', 'feats': 'Gender=Masc|Number=Sing', 'head': 4, 'deprel': 'obl', 'lemma': 'צורך'}]"
3,כך,PRON,PRON,,2.0,advmod,"(7, 9)",כך,
4,בנינו,VERB,VERB,"Gender=Fem,Masc|HebBinyan=PAAL|Number=Plur|Person=1|Tense=Past|Voice=Act",0.0,root,"(10, 15)",בנה,
5,מכשיר,NOUN,NOUN,Gender=Masc|Number=Sing,4.0,obj,"(16, 21)",מכשיר,
"(6, 7)",שמודד,,,,,,"(22, 27)",,"[{'id': 6, 'text': 'ש', 'upos': 'SCONJ', 'xpos': 'SCONJ', 'head': 7, 'deprel': 'mark', 'lemma': 'ש'}, {'id': 7, 'text': 'מודד', 'upos': 'VERB', 'xpos': 'VERB', 'feats': 'Gender=Masc|HebBinyan=HIFIL|Number=Sing|Person=1,2,3|VerbForm=Part|Voice=Act', 'head': 5, 'deprel': 'acl:relcl', 'lemma': 'מדד'}]"
8,את,ADP,ADP,Case=Acc,9.0,case:acc,"(28, 30)",את,
9,אותות,NOUN,NOUN,Definite=Cons|Gender=Fem|Number=Sing,7.0,obj,"(31, 36)",אות,
"(10, 11)",הרעש,,,,,,"(37, 41)",,"[{'id': 10, 'text': 'ה', 'upos': 'DET', 'xpos': 'DET', 'feats': 'PronType=Art', 'head': 11, 'deprel': 'det:def', 'lemma': 'ה'}, {'id': 11, 'text': 'רעש', 'upos': 'NOUN', 'xpos': 'NOUN', 'feats': 'Gender=Masc|Number=Sing', 'head': 9, 'deprel': 'compound:smixut', 'lemma': 'רעש'}]"
12,באמצעות,ADP,ADP,,13.0,case,"(42, 49)",באמצעות,
13,מיקרופון,NOUN,NOUN,Gender=Masc|Number=Sing,7.0,obl,"(50, 58)",מיקרופון,
"(14, 15)",שמותקן,,,,,,"(59, 65)",,"[{'id': 14, 'text': 'ש', 'upos': 'SCONJ', 'xpos': 'SCONJ', 'head': 15, 'deprel': 'mark', 'lemma': 'ש'}, {'id': 15, 'text': 'מותקן', 'upos': 'VERB', 'xpos': 'VERB', 'feats': 'Gender=Masc|HebBinyan=HUFAL|Number=Sing|Person=1,2,3|VerbForm=Part|Voice=Pass', 'head': 13, 'deprel': 'acl:relcl', 'lemma': 'הותקן'}]"
"(16, 17)",בחלון,,,,,,"(66, 71)",,"[{'id': 16, 'text': 'ב', 'upos': 'ADP', 'xpos': 'ADP', 'head': 17, 'deprel': 'case', 'lemma': 'ב'}, {'id': 17, 'text': 'חלון', 'upos': 'NOUN', 'xpos': 'NOUN', 'feats': 'Gender=Masc|Number=Sing', 'head': 15, 'deprel': 'obl', 'lemma': 'חלון'}]"
18,",",PUNCT,PUNCT,,7.0,punct,"(71, 72)",",",
19,הופך,VERB,VERB,"Gender=Masc|HebBinyan=PAAL|Number=Sing|Person=1,2,3|VerbForm=Part|Voice=Act",7.0,conj,"(73, 77)",הפך,
20,ב־,ADP,ADP,,21.0,case,"(78, 80)",ב־,
"(21, 22)",180,,,,,,"(81, 84)",,"[{'id': 21, 'text': '180', 'upos': 'NUM', 'xpos': 'NUM', 'head': 19, 'deprel': 'obl', 'lemma': '180'}, {'id': 22, 'text': '_הם', 'upos': 'PRON', 'xpos': 'PRON', 'feats': 'Case=Gen|Gender=Masc|Number=Plur|Person=3|PronType=Prs', 'head': 21, 'deprel': 'obl', 'lemma': 'הוא'}]"
23,°,X,X,HebSource=ConvUncertainHead,21.0,nummod,"(84, 85)",°,
24,(,PUNCT,PUNCT,,28.0,punct,"(86, 87)",(,
"(25, 26)",ציור,,,,,,"(87, 91)",,"[{'id': 25, 'text': 'ציור', 'upos': 'NOUN', 'xpos': 'NOUN', 'feats': 'Definite=Cons|Gender=Masc|Number=Sing', 'head': 28, 'deprel': 'nsubj', 'lemma': 'ציור'}, {'id': 26, 'text': '_הור', 'upos': 'NOUN', 'xpos': 'NOUN', 'head': 25, 'deprel': 'compound:smixut', 'lemma': '_הור'}]"
27,31,NUM,NUM,,25.0,nummod,"(92, 94)",31,
28,מתאר,VERB,VERB,"Gender=Masc|HebBinyan=PIEL|Number=Sing|Person=1,2,3|VerbForm=Part|Voice=Act",19.0,parataxis,"(95, 99)",תיאר,
29,את,ADP,ADP,Case=Acc,31.0,case:acc,"(100, 102)",את,
"(30, 31)",הסכימה,,,,,,"(103, 109)",,"[{'id': 30, 'text': 'ה', 'upos': 'DET', 'xpos': 'DET', 'feats': 'PronType=Art', 'head': 31, 'deprel': 'det:def', 'lemma': 'ה'}, {'id': 31, 'text': 'סכימה', 'upos': 'NOUN', 'xpos': 'NOUN', 'feats': 'Gender=Fem|Number=Sing', 'head': 28, 'deprel': 'obj', 'lemma': 'סכימה'}]"
"(32, 33)",החשמלית,,,,,,"(110, 117)",,"[{'id': 32, 'text': 'ה', 'upos': 'DET', 'xpos': 'DET', 'feats': 'PronType=Art', 'head': 33, 'deprel': 'det:def', 'lemma': 'ה'}, {'id': 33, 'text': 'חשמלית', 'upos': 'ADJ', 'xpos': 'ADJ', 'feats': 'Gender=Fem|Number=Sing', 'head': 31, 'deprel': 'amod', 'lemma': 'חשמלי'}]"
34,),PUNCT,PUNCT,,28.0,punct,"(117, 118)",),
"(35, 36)",ומיד,,,,,,"(119, 123)",,"[{'id': 35, 'text': 'ו', 'upos': 'CCONJ', 'xpos': 'CCONJ', 'head': 37, 'deprel': 'cc', 'lemma': 'ו'}, {'id': 36, 'text': 'מיד', 'upos': 'ADV', 'xpos': 'ADV', 'head': 37, 'deprel': 'advmod', 'lemma': 'מייד'}]"
37,מזין,VERB,VERB,"Gender=Masc|HebBinyan=HIFIL|Number=Sing|Person=1,2,3|VerbForm=Part|Voice=Act",4.0,conj,"(124, 128)",הזין,
38,את,ADP,ADP,Case=Acc,40.0,case:acc,"(129, 131)",את,
"(39, 40)",המגבר,,,,,,"(132, 137)",,"[{'id': 39, 'text': 'ה', 'upos': 'DET', 'xpos': 'DET', 'feats': 'PronType=Art', 'head': 40, 'deprel': 'det:def', 'lemma': 'ה'}, {'id': 40, 'text': 'מגבר', 'upos': 'NOUN', 'xpos': 'NOUN', 'feats': 'Gender=Masc|Number=Sing', 'head': 37, 'deprel': 'obj', 'lemma': 'מגבר'}]"
"(41, 42)",שמחובר,,,,,,"(138, 144)",,"[{'id': 41, 'text': 'ש', 'upos': 'SCONJ', 'xpos': 'SCONJ', 'head': 42, 'deprel': 'mark', 'lemma': 'ש'}, {'id': 42, 'text': 'מחובר', 'upos': 'VERB', 'xpos': 'VERB', 'feats': 'Gender=Masc|HebBinyan=PUAL|Number=Sing|Person=1,2,3|VerbForm=Part|Voice=Pass', 'head': 40, 'deprel': 'acl:relcl', 'lemma': 'חובר'}]"
43,אל,ADP,ADP,,45.0,case,"(145, 147)",אל,
"(44, 45)",הרמקולים,,,,,,"(148, 156)",,"[{'id': 44, 'text': 'ה', 'upos': 'DET', 'xpos': 'DET', 'feats': 'PronType=Art', 'head': 45, 'deprel': 'det:def', 'lemma': 'ה'}, {'id': 45, 'text': 'רמקולים', 'upos': 'NOUN', 'xpos': 'NOUN', 'feats': 'Gender=Masc|Number=Plur', 'head': 42, 'deprel': 'obl', 'lemma': 'רמקול'}]"
1,מערכת,NOUN,NOUN,Definite=Cons|Gender=Fem|Number=Sing,4.0,nsubj,"(1, 6)",מערכת,
"(2, 3)",הניסוי,,,,,,"(7, 13)",,"[{'id': 2, 'text': 'ה', 'upos': 'DET', 'xpos': 'DET', 'feats': 'PronType=Art', 'head': 3, 'deprel': 'det:def', 'lemma': 'ה'}, {'id': 3, 'text': 'ניסוי', 'upos': 'NOUN', 'xpos': 'NOUN', 'feats': 'Gender=Masc|Number=Sing', 'head': 1, 'deprel': 'compound:smixut', 'lemma': 'ניסוי'}]"
4,מתוארת,VERB,VERB,"Gender=Fem|HebBinyan=PUAL|Number=Sing|Person=1,2,3|VerbForm=Part|Voice=Pass",0.0,root,"(14, 20)",תואר,
"(5, 6)",בציור,,,,,,"(21, 26)",,"[{'id': 5, 'text': 'ב', 'upos': 'ADP', 'xpos': 'ADP', 'head': 6, 'deprel': 'case', 'lemma': 'ב'}, {'id': 6, 'text': 'ציור', 'upos': 'NOUN', 'xpos': 'NOUN', 'feats': 'Definite=Cons|Gender=Masc|Number=Sing', 'head': 4, 'deprel': 'obl', 'lemma': 'ציור'}]"
7,32,NUM,NUM,,6.0,compound:smixut,"(27, 29)",32,
"(8, 9)",כשהיא,,,,,,"(30, 35)",,"[{'id': 8, 'text': 'כש', 'upos': 'SCONJ', 'xpos': 'SCONJ', 'feats': 'Case=Tem', 'head': 10, 'deprel': 'mark', 'lemma': 'כש'}, {'id': 9, 'text': 'היא', 'upos': 'PRON', 'xpos': 'PRON', 'feats': 'Gender=Fem|Number=Sing|Person=3|PronType=Prs', 'head': 10, 'deprel': 'nsubj', 'lemma': 'הוא'}]"
10,מותקנת,VERB,VERB,"Gender=Fem|HebBinyan=HUFAL|Number=Sing|Person=1,2,3|VerbForm=Part|Voice=Pass",4.0,advcl,"(36, 42)",הותקן,
"(11, 12)",בחדר,,,,,,"(43, 47)",,"[{'id': 11, 'text': 'ב', 'upos': 'ADP', 'xpos': 'ADP', 'head': 12, 'deprel': 'case', 'lemma': 'ב'}, {'id': 12, 'text': 'חדר', 'upos': 'NOUN', 'xpos': 'NOUN', 'feats': 'Definite=Cons|Gender=Masc|Number=Sing', 'head': 10, 'deprel': 'obl', 'lemma': 'חדר'}]"
"(13, 14)",הנמדד,,,,,,"(48, 53)",,"[{'id': 13, 'text': 'ה', 'upos': 'DET', 'xpos': 'DET', 'feats': 'PronType=Art', 'head': 14, 'deprel': 'det:def', 'lemma': 'ה'}, {'id': 14, 'text': 'נמדד', 'upos': 'VERB', 'xpos': 'VERB', 'feats': 'Gender=Masc|HebBinyan=NIFAL|Number=Sing|Person=1,2,3|VerbForm=Part|Voice=Mid', 'head': 12, 'deprel': 'compound:smixut', 'lemma': 'נמדד'}]"
1,מדידת,NOUN,NOUN,Definite=Cons|Gender=Fem|Number=Sing,4.0,nsubj,"(1, 6)",מדידה,
"(2, 3)",הרעש,,,,,,"(7, 11)",,"[{'id': 2, 'text': 'ה', 'upos': 'DET', 'xpos': 'DET', 'feats': 'PronType=Art', 'head': 3, 'deprel': 'det:def', 'lemma': 'ה'}, {'id': 3, 'text': 'רעש', 'upos': 'NOUN', 'xpos': 'NOUN', 'feats': 'Gender=Masc|Number=Sing', 'head': 1, 'deprel': 'compound:smixut', 'lemma': 'רעש'}]"
4,נעשתה,VERB,VERB,Gender=Fem|HebBinyan=NIFAL|Number=Sing|Person=3|Tense=Past|Voice=Mid,0.0,root,"(12, 17)",נעשה,
5,באמצעות,ADP,ADP,,6.0,case,"(18, 25)",באמצעות,
6,מד,NOUN,NOUN,Definite=Cons|Gender=Masc|Number=Sing,4.0,obl,"(26, 28)",מד,
7,רעש,NOUN,NOUN,Gender=Masc|Number=Sing,6.0,compound:smixut,"(29, 32)",רעש,
8,תקני,ADJ,ADJ,Gender=Masc|Number=Sing,6.0,amod,"(33, 37)",תקן,
9,(,PUNCT,PUNCT,,10.0,punct,"(38, 39)",(,
10,2232,NUM,NUM,,6.0,appos,"(39, 43)",2232,
11,Bruel,PROPN,PROPN,,10.0,appos,"(44, 49)",Bruel,
12,&,CCONJ,CCONJ,,11.0,flat:name,"(50, 51)",&,
13,Kjaer,PROPN,PROPN,,11.0,flat:name,"(52, 57)",Kjaer,
14,",",PUNCT,PUNCT,,11.0,punct,"(57, 58)",",",
15,Model,NOUN,NOUN,,11.0,appos,"(59, 64)",Model,
16,),PUNCT,PUNCT,,10.0,punct,"(64, 65)",),
"(17, 18)",שמודד,,,,,,"(66, 71)",,"[{'id': 17, 'text': 'ש', 'upos': 'SCONJ', 'xpos': 'SCONJ', 'head': 18, 'deprel': 'mark', 'lemma': 'ש'}, {'id': 18, 'text': 'מודד', 'upos': 'VERB', 'xpos': 'VERB', 'feats': 'Gender=Masc|HebBinyan=HUFAL|Number=Sing|Person=1,2,3|VerbForm=Part|Voice=Pass', 'head': 6, 'deprel': 'acl:relcl', 'lemma': 'מדד'}]"
19,רעש,NOUN,NOUN,Gender=Masc|Number=Sing,18.0,obj,"(72, 75)",רעש,
20,ב־,ADP,ADP,,21.0,case,"(76, 78)",ב־,
21,dB,PROPN,PROPN,,18.0,obl,"(79, 81)",dB,
"(1, 2)",הרמקולים,,,,,,"(1, 9)",,"[{'id': 1, 'text': 'ה', 'upos': 'DET', 'xpos': 'DET', 'feats': 'PronType=Art', 'head': 2, 'deprel': 'det:def', 'lemma': 'ה'}, {'id': 2, 'text': 'רמקולים', 'upos': 'NOUN', 'xpos': 'NOUN', 'feats': 'Gender=Masc|Number=Plur', 'head': 3, 'deprel': 'nsubj', 'lemma': 'רמקול'}]"
3,מוקמו,VERB,VERB,"Gender=Fem,Masc|HebBinyan=PUAL|Number=Plur|Person=3|Tense=Past|Voice=Pass",0.0,root,"(10, 15)",הוקם,
4,כאשר,SCONJ,SCONJ,,14.0,mark,"(16, 20)",כאשר,
"(5, 7)",תחתיתם,,,,,,"(21, 27)",,"[{'id': 5, 'text': 'תחתית_', 'upos': 'NOUN', 'xpos': 'NOUN', 'feats': 'Definite=Def|Gender=Fem|Number=Sing', 'head': 14, 'deprel': 'nsubj', 'lemma': 'תחתית'}, {'id': 6, 'text': '_של_', 'upos': 'ADP', 'xpos': 'ADP', 'head': 7, 'deprel': 'case:gen', 'lemma': 'של'}, {'id': 7, 'text': '_הם', 'upos': 'PRON', 'xpos': 'PRON', 'feats': 'Case=Gen|Gender=Masc|Number=Plur|Person=3|PronType=Prs', 'head': 5, 'deprel': 'nmod:poss', 'lemma': 'הוא'}]"
"(8, 9)",בגובה,,,,,,"(28, 33)",,"[{'id': 8, 'text': 'ב', 'upos': 'ADP', 'xpos': 'ADP', 'head': 9, 'deprel': 'case', 'lemma': 'ב'}, {'id': 9, 'text': 'גובה', 'upos': 'NOUN', 'xpos': 'NOUN', 'feats': 'Definite=Cons|Gender=Masc|Number=Sing', 'head': 14, 'deprel': 'nmod', 'lemma': 'גובה'}]"
10,50,NUM,NUM,,11.0,nummod,"(34, 36)",50,
11,ס״מ,NOUN,NOUN,Abbr=Yes|Gender=Masc|Number=Sing,9.0,nmod,"(37, 40)",ס״מ,
12,מפני,ADP,ADP,,14.0,case,"(41, 45)",מפני,
"(13, 14)",הרצפה,,,,,,"(46, 51)",,"[{'id': 13, 'text': 'ה', 'upos': 'DET', 'xpos': 'DET', 'feats': 'PronType=Art', 'head': 14, 'deprel': 'det:def', 'lemma': 'ה'}, {'id': 14, 'text': 'רצפה', 'upos': 'NOUN', 'xpos': 'NOUN', 'feats': 'Gender=Fem|Number=Sing', 'head': 3, 'deprel': 'advcl', 'lemma': 'רצפה'}]"
1,מדידות,NOUN,NOUN,Definite=Cons|Gender=Fem|Number=Plur,4.0,nsubj,"(1, 7)",מדידה,
"(2, 3)",הרעש,,,,,,"(8, 12)",,"[{'id': 2, 'text': 'ה', 'upos': 'DET', 'xpos': 'DET', 'feats': 'PronType=Art', 'head': 3, 'deprel': 'det:def', 'lemma': 'ה'}, {'id': 3, 'text': 'רעש', 'upos': 'NOUN', 'xpos': 'NOUN', 'feats': 'Gender=Masc|Number=Sing', 'head': 1, 'deprel': 'compound:smixut', 'lemma': 'רעש'}]"
4,נעשו,VERB,VERB,"Gender=Fem,Masc|HebBinyan=NIFAL|Number=Plur|Person=3|Tense=Past|Voice=Mid",0.0,root,"(13, 17)",נעשה,
5,תחילה,ADV,ADV,,4.0,advmod,"(18, 23)",תחילה,
6,כאשר,SCONJ,SCONJ,,16.0,mark,"(24, 28)",כאשר,
"(7, 8)",הרעש,,,,,,"(29, 33)",,"[{'id': 7, 'text': 'ה', 'upos': 'DET', 'xpos': 'DET', 'feats': 'PronType=Art', 'head': 8, 'deprel': 'det:def', 'lemma': 'ה'}, {'id': 8, 'text': 'רעש', 'upos': 'NOUN', 'xpos': 'NOUN', 'feats': 'Gender=Masc|Number=Sing', 'head': 16, 'deprel': 'nsubj', 'lemma': 'רעש'}]"
"(9, 10)",הראשוני,,,,,,"(34, 41)",,"[{'id': 9, 'text': 'ה', 'upos': 'DET', 'xpos': 'DET', 'feats': 'PronType=Art', 'head': 10, 'deprel': 'det:def', 'lemma': 'ה'}, {'id': 10, 'text': 'ראשוני', 'upos': 'ADJ', 'xpos': 'ADJ', 'feats': 'Gender=Masc|Number=Sing', 'head': 8, 'deprel': 'amod', 'lemma': 'ראשוני'}]"
11,(,PUNCT,PUNCT,,14.0,punct,"(42, 43)",(,
12,של,ADP,ADP,Case=Gen,14.0,case:gen,"(43, 45)",של,
"(13, 14)",המזגנים,,,,,,"(46, 53)",,"[{'id': 13, 'text': 'ה', 'upos': 'DET', 'xpos': 'DET', 'feats': 'PronType=Art', 'head': 14, 'deprel': 'det:def', 'lemma': 'ה'}, {'id': 14, 'text': 'מזגנים', 'upos': 'NOUN', 'xpos': 'NOUN', 'feats': 'Gender=Masc|Number=Plur', 'head': 8, 'deprel': 'appos', 'lemma': 'מזגן'}]"
15,),PUNCT,PUNCT,,14.0,punct,"(53, 54)",),
16,פועל,VERB,VERB,"Gender=Masc|HebBinyan=PAAL|Number=Sing|Person=1,2,3|VerbForm=Part|Voice=Act",4.0,advcl,"(55, 59)",פעל,
17,לבד,ADV,ADV,,16.0,advmod,"(60, 63)",לבד,
"(18, 19)",ולאחר,,,,,,"(64, 69)",,"[{'id': 18, 'text': 'ו', 'upos': 'CCONJ', 'xpos': 'CCONJ', 'head': 23, 'deprel': 'cc', 'lemma': 'ו'}, {'id': 19, 'text': 'לאחר', 'upos': 'ADP', 'xpos': 'ADP', 'head': 21, 'deprel': 'case', 'lemma': 'לאחר'}]"
"(20, 21)",מכן,,,,,,"(70, 73)",,"[{'id': 20, 'text': 'מ', 'upos': 'ADP', 'xpos': 'ADP', 'head': 21, 'deprel': 'case', 'lemma': 'מ'}, {'id': 21, 'text': 'כן', 'upos': 'PRON', 'xpos': 'PRON', 'feats': 'Person=3|PronType=Dem', 'head': 23, 'deprel': 'obl', 'lemma': 'כן'}]"
22,כאשר,SCONJ,SCONJ,,23.0,mark,"(74, 78)",כאשר,
23,הופעלה,VERB,VERB,Gender=Fem|HebBinyan=HUFAL|Number=Sing|Person=3|Tense=Past|Voice=Pass,16.0,conj,"(79, 85)",הופעלה,
24,הנחתה,NOUN,NOUN,Gender=Fem|Number=Sing,23.0,nsubj,"(86, 91)",הנחתה,
25,אקטיבית,ADJ,ADJ,Gender=Fem|Number=Sing,24.0,amod,"(92, 99)",אקטיבי,
26,באמצעות,ADP,ADP,,28.0,case,"(100, 107)",באמצעות,
"(27, 28)",הרעש,,,,,,"(108, 112)",,"[{'id': 27, 'text': 'ה', 'upos': 'DET', 'xpos': 'DET', 'feats': 'PronType=Art', 'head': 28, 'deprel': 'det:def', 'lemma': 'ה'}, {'id': 28, 'text': 'רעש', 'upos': 'NOUN', 'xpos': 'NOUN', 'feats': 'Gender=Masc|Number=Sing', 'head': 24, 'deprel': 'nmod', 'lemma': 'רעש'}]"
"(29, 30)",המשני,,,,,,"(113, 118)",,"[{'id': 29, 'text': 'ה', 'upos': 'DET', 'xpos': 'DET', 'feats': 'PronType=Art', 'head': 30, 'deprel': 'det:def', 'lemma': 'ה'}, {'id': 30, 'text': 'משני', 'upos': 'ADJ', 'xpos': 'ADJ', 'feats': 'Gender=Masc|Number=Sing', 'head': 28, 'deprel': 'amod', 'lemma': 'משני'}]"
31,(,PUNCT,PUNCT,,35.0,punct,"(119, 120)",(,
32,של,ADP,ADP,Case=Gen,35.0,case:gen,"(120, 122)",של,
33,שני,NUM,NUM,Definite=Cons|Gender=Masc|Number=Plur,35.0,nummod,"(123, 126)",שני,
"(34, 35)",הרמקולים,,,,,,"(127, 135)",,"[{'id': 34, 'text': 'ה', 'upos': 'DET', 'xpos': 'DET', 'feats': 'PronType=Art', 'head': 35, 'deprel': 'det:def', 'lemma': 'ה'}, {'id': 35, 'text': 'רמקולים', 'upos': 'NOUN', 'xpos': 'NOUN', 'feats': 'Gender=Masc|Number=Plur', 'head': 28, 'deprel': 'appos', 'lemma': 'רמקול'}]"
36,),PUNCT,PUNCT,,35.0,punct,"(135, 136)",),
"(37, 38)",כמתואר,,,,,,"(137, 143)",,"[{'id': 37, 'text': 'כ', 'upos': 'ADP', 'xpos': 'ADP', 'head': 38, 'deprel': 'mark', 'lemma': 'כ'}, {'id': 38, 'text': 'מתואר', 'upos': 'VERB', 'xpos': 'VERB', 'feats': 'Gender=Masc|HebBinyan=PUAL|Number=Sing|Person=1,2,3|VerbForm=Part|Voice=Pass', 'head': 28, 'deprel': 'acl:relcl', 'lemma': 'תואר'}]"
"(39, 40)",בציור,,,,,,"(144, 149)",,"[{'id': 39, 'text': 'ב', 'upos': 'ADP', 'xpos': 'ADP', 'head': 40, 'deprel': 'case', 'lemma': 'ב'}, {'id': 40, 'text': 'ציור', 'upos': 'NOUN', 'xpos': 'NOUN', 'feats': 'Gender=Masc|Number=Sing', 'head': 38, 'deprel': 'obl', 'lemma': 'ציור'}]"
41,32,NUM,NUM,,40.0,nummod,"(150, 152)",32,
"(1, 2)",המדידות,,,,,,"(1, 8)",,"[{'id': 1, 'text': 'ה', 'upos': 'DET', 'xpos': 'DET', 'feats': 'PronType=Art', 'head': 2, 'deprel': 'det:def', 'lemma': 'ה'}, {'id': 2, 'text': 'מדידות', 'upos': 'NOUN', 'xpos': 'NOUN', 'feats': 'Gender=Fem|Number=Plur', 'head': 3, 'deprel': 'nsubj', 'lemma': 'מדידה'}]"
3,בוצעו,VERB,VERB,"Gender=Fem,Masc|HebBinyan=PUAL|Number=Plur|Person=3|Tense=Past|Voice=Pass",0.0,root,"(9, 14)",בוצע,
4,ב־,ADP,ADP,,6.0,case,"(15, 17)",ב־,
5,6,NUM,NUM,,6.0,nummod,"(18, 19)",6,
6,נקודות,NOUN,NOUN,Gender=Fem|Number=Plur,3.0,advmod,"(20, 26)",נקודה,
"(7, 8)",בחדר,,,,,,"(27, 31)",,"[{'id': 7, 'text': 'ב', 'upos': 'ADP', 'xpos': 'ADP', 'head': 8, 'deprel': 'case', 'lemma': 'ב'}, {'id': 8, 'text': 'חדר', 'upos': 'NOUN', 'xpos': 'NOUN', 'feats': 'Definite=Cons|Gender=Masc|Number=Sing', 'head': 3, 'deprel': 'obl', 'lemma': 'חדר'}]"
"(9, 10)",הנמדד,,,,,,"(32, 37)",,"[{'id': 9, 'text': 'ה', 'upos': 'DET', 'xpos': 'DET', 'feats': 'PronType=Art', 'head': 10, 'deprel': 'det:def', 'lemma': 'ה'}, {'id': 10, 'text': 'נמדד', 'upos': 'VERB', 'xpos': 'VERB', 'feats': 'Gender=Masc|HebBinyan=NIFAL|Number=Sing|Person=1,2,3|VerbForm=Part|Voice=Mid', 'head': 8, 'deprel': 'compound:smixut', 'lemma': 'נמדד'}]"
11,(,PUNCT,PUNCT,,12.0,punct,"(38, 39)",(,
12,מס׳,NOUN,NOUN,Definite=Cons|Gender=Masc|HebSource=ConvUncertainHead|Number=Sing,13.0,appos,"(39, 42)",מס׳,
13,m,PROPN,PROPN,,8.0,appos,"(43, 44)",m,
"(14, 15)",בציור,,,,,,"(45, 50)",,"[{'id': 14, 'text': 'ב', 'upos': 'ADP', 'xpos': 'ADP', 'head': 15, 'deprel': 'case', 'lemma': 'ב'}, {'id': 15, 'text': 'ציור', 'upos': 'NOUN', 'xpos': 'NOUN', 'feats': 'Gender=Masc|Number=Sing', 'head': 13, 'deprel': 'obl', 'lemma': 'ציור'}]"
16,1,NUM,NUM,,15.0,nummod,"(51, 52)",1,
17,),PUNCT,PUNCT,,13.0,punct,"(52, 53)",),
"(1, 2)",בגבהים,,,,,,"(1, 7)",,"[{'id': 1, 'text': 'ב', 'upos': 'ADP', 'xpos': 'ADP', 'head': 2, 'deprel': 'case', 'lemma': 'ב'}, {'id': 2, 'text': 'גבהים', 'upos': 'NOUN', 'xpos': 'NOUN', 'feats': 'Gender=Masc|Number=Plur', 'head': 0, 'deprel': 'root', 'lemma': 'גבה'}]"
3,50,NUM,NUM,,9.0,nummod,"(8, 10)",50,
4,",",PUNCT,PUNCT,,3.0,punct,"(10, 11)",",",
5,100,NUM,NUM,,3.0,conj,"(12, 15)",100,
6,ו,CCONJ,CCONJ,,9.0,cc,"(16, 17)",ו,
7,-,PUNCT,PUNCT,,3.0,punct,"(17, 18)",-,
8,150,NUM,NUM,,3.0,conj,"(19, 22)",150,
9,ס״מ,NOUN,NOUN,Abbr=Yes|Gender=Masc|Number=Sing,2.0,dep,"(23, 26)",ס״מ,
10,מעל,ADP,ADP,,13.0,case,"(27, 30)",מעל,
11,פני,NOUN,NOUN,"Definite=Cons|Gender=Fem,Masc|Number=Plur",10.0,fixed,"(31, 34)",פנים,
"(12, 13)",הרצפה,,,,,,"(35, 40)",,"[{'id': 12, 'text': 'ה', 'upos': 'DET', 'xpos': 'DET', 'feats': 'PronType=Art', 'head': 13, 'deprel': 'det:def', 'lemma': 'ה'}, {'id': 13, 'text': 'רצפה', 'upos': 'NOUN', 'xpos': 'NOUN', 'feats': 'Gender=Fem|Number=Sing', 'head': 9, 'deprel': 'nmod', 'lemma': 'רצפה'}]"
1,תוצאות,NOUN,NOUN,Definite=Cons|Gender=Fem|Number=Plur,9.0,nsubj,"(1, 7)",תוצאה,
"(2, 3)",המדידה,,,,,,"(8, 14)",,"[{'id': 2, 'text': 'ה', 'upos': 'DET', 'xpos': 'DET', 'feats': 'PronType=Art', 'head': 3, 'deprel': 'det:def', 'lemma': 'ה'}, {'id': 3, 'text': 'מדידה', 'upos': 'NOUN', 'xpos': 'NOUN', 'feats': 'Gender=Fem|Number=Sing', 'head': 1, 'deprel': 'compound:smixut', 'lemma': 'מדידה'}]"
4,עקב,CCONJ,CCONJ,,6.0,case,"(15, 18)",עקב,
"(5, 6)",הרעש,,,,,,"(19, 23)",,"[{'id': 5, 'text': 'ה', 'upos': 'DET', 'xpos': 'DET', 'feats': 'PronType=Art', 'head': 6, 'deprel': 'det:def', 'lemma': 'ה'}, {'id': 6, 'text': 'רעש', 'upos': 'NOUN', 'xpos': 'NOUN', 'feats': 'Gender=Masc|Number=Sing', 'head': 1, 'deprel': 'nmod', 'lemma': 'רעש'}]"
"(7, 8)",הראשוני,,,,,,"(24, 31)",,"[{'id': 7, 'text': 'ה', 'upos': 'DET', 'xpos': 'DET', 'feats': 'PronType=Art', 'head': 8, 'deprel': 'det:def', 'lemma': 'ה'}, {'id': 8, 'text': 'ראשוני', 'upos': 'ADJ', 'xpos': 'ADJ', 'feats': 'Gender=Masc|Number=Sing', 'head': 6, 'deprel': 'amod', 'lemma': 'ראשוני'}]"
9,מוצגות,VERB,VERB,"Gender=Fem|HebBinyan=HUFAL|Number=Plur|Person=1,2,3|VerbForm=Part|Voice=Pass",0.0,root,"(32, 38)",הוצג,
"(10, 12)",בטבלה,,,,,,"(39, 44)",,"[{'id': 10, 'text': 'ב', 'upos': 'ADP', 'xpos': 'ADP', 'head': 12, 'deprel': 'case', 'lemma': 'ב'}, {'id': 11, 'text': 'ה_', 'upos': 'DET', 'xpos': 'DET', 'feats': 'PronType=Art', 'head': 12, 'deprel': 'det:def', 'lemma': 'ה'}, {'id': 12, 'text': 'טבלה', 'upos': 'NOUN', 'xpos': 'NOUN', 'feats': 'Gender=Fem|Number=Sing', 'head': 9, 'deprel': 'obl', 'lemma': 'טבלה'}]"
"(13, 14)",שכוללת,,,,,,"(45, 51)",,"[{'id': 13, 'text': 'ש', 'upos': 'SCONJ', 'xpos': 'SCONJ', 'head': 14, 'deprel': 'mark', 'lemma': 'ש'}, {'id': 14, 'text': 'כוללת', 'upos': 'VERB', 'xpos': 'VERB', 'feats': 'Gender=Fem|HebBinyan=PAAL|Number=Sing|Person=1,2,3|VerbForm=Part|Voice=Act', 'head': 12, 'deprel': 'acl:relcl', 'lemma': 'כלל'}]"
15,גם,ADV,ADV,,16.0,det,"(52, 54)",גם,
16,השוואה,NOUN,NOUN,Gender=Fem|Number=Sing,14.0,obj,"(55, 61)",השוואה,
"(17, 18)",לתוצאות,,,,,,"(62, 69)",,"[{'id': 17, 'text': 'ל', 'upos': 'ADP', 'xpos': 'ADP', 'head': 18, 'deprel': 'case', 'lemma': 'ל'}, {'id': 18, 'text': 'תוצאות', 'upos': 'NOUN', 'xpos': 'NOUN', 'feats': 'Definite=Cons|Gender=Fem|Number=Plur', 'head': 16, 'deprel': 'nmod', 'lemma': 'תוצאה'}]"
"(19, 20)",הסימולציה,,,,,,"(70, 79)",,"[{'id': 19, 'text': 'ה', 'upos': 'DET', 'xpos': 'DET', 'feats': 'PronType=Art', 'head': 20, 'deprel': 'det:def', 'lemma': 'ה'}, {'id': 20, 'text': 'סימולציה', 'upos': 'NOUN', 'xpos': 'NOUN', 'feats': 'Gender=Fem|Number=Sing', 'head': 18, 'deprel': 'compound:smixut', 'lemma': 'סימולציה'}]"
"(21, 22)",התלת,,,,,,"(80, 84)",,"[{'id': 21, 'text': 'ה', 'upos': 'DET', 'xpos': 'DET', 'feats': 'PronType=Art', 'head': 24, 'deprel': 'det:def', 'lemma': 'ה'}, {'id': 22, 'text': 'תלת', 'upos': 'ADV', 'xpos': 'ADV', 'feats': 'Prefix=Yes', 'head': 24, 'deprel': 'compound:affix', 'lemma': 'תלת'}]"
"(23, 24)",־ממדית,,,,,,"(84, 90)",,"[{'id': 23, 'text': 'ל', 'upos': 'ADP', 'xpos': 'ADP', 'head': 24, 'deprel': 'case', 'lemma': 'ל'}, {'id': 24, 'text': 'ממדית', 'upos': 'ADJ', 'xpos': 'ADJ', 'feats': 'Gender=Fem|Number=Sing', 'head': 20, 'deprel': 'amod', 'lemma': 'ממדי'}]"
"(1, 2)",המדידות,,,,,,"(1, 8)",,"[{'id': 1, 'text': 'ה', 'upos': 'DET', 'xpos': 'DET', 'feats': 'PronType=Art', 'head': 2, 'deprel': 'det:def', 'lemma': 'ה'}, {'id': 2, 'text': 'מדידות', 'upos': 'NOUN', 'xpos': 'NOUN', 'feats': 'Gender=Fem|Number=Plur', 'head': 10, 'deprel': 'nsubj', 'lemma': 'מדידה'}]"
3,לאחר,ADP,ADP,,4.0,case,"(9, 13)",לאחר,
4,הפעלת,NOUN,NOUN,Definite=Cons|Gender=Fem|Number=Sing,2.0,nmod,"(14, 19)",הפעלה,
"(5, 6)",הרעש,,,,,,"(20, 24)",,"[{'id': 5, 'text': 'ה', 'upos': 'DET', 'xpos': 'DET', 'feats': 'PronType=Art', 'head': 6, 'deprel': 'det:def', 'lemma': 'ה'}, {'id': 6, 'text': 'רעש', 'upos': 'NOUN', 'xpos': 'NOUN', 'feats': 'Gender=Masc|Number=Sing', 'head': 4, 'deprel': 'compound:smixut', 'lemma': 'רעש'}]"
"(7, 8)",המשני,,,,,,"(25, 30)",,"[{'id': 7, 'text': 'ה', 'upos': 'DET', 'xpos': 'DET', 'feats': 'PronType=Art', 'head': 8, 'deprel': 'det:def', 'lemma': 'ה'}, {'id': 8, 'text': 'משני', 'upos': 'ADJ', 'xpos': 'ADJ', 'feats': 'Gender=Masc|Number=Sing', 'head': 6, 'deprel': 'amod', 'lemma': 'משני'}]"
9,לא,ADV,ADV,Polarity=Neg,10.0,advmod,"(31, 33)",לא,
10,נתנו,VERB,VERB,"Gender=Fem,Masc|HebBinyan=PAAL|Number=Plur|Person=3|Tense=Past|Voice=Act",0.0,root,"(34, 38)",נתן,
11,את,ADP,ADP,Case=Acc,13.0,case:acc,"(39, 41)",את,
"(12, 13)",ההתנהגות,,,,,,"(42, 50)",,"[{'id': 12, 'text': 'ה', 'upos': 'DET', 'xpos': 'DET', 'feats': 'PronType=Art', 'head': 13, 'deprel': 'det:def', 'lemma': 'ה'}, {'id': 13, 'text': 'התנהגות', 'upos': 'NOUN', 'xpos': 'NOUN', 'feats': 'Gender=Fem|Number=Sing', 'head': 10, 'deprel': 'obj', 'lemma': 'התנהגות'}]"
"(14, 15)",המצופה,,,,,,"(51, 57)",,"[{'id': 14, 'text': 'ה', 'upos': 'DET', 'xpos': 'DET', 'feats': 'PronType=Art', 'head': 15, 'deprel': 'det:def', 'lemma': 'ה'}, {'id': 15, 'text': 'מצופה', 'upos': 'VERB', 'xpos': 'VERB', 'feats': 'Gender=Fem|Number=Sing', 'head': 13, 'deprel': 'amod', 'lemma': 'צופה'}]"
"(16, 17)",ולא,,,,,,"(58, 61)",,"[{'id': 16, 'text': 'ו', 'upos': 'CCONJ', 'xpos': 'CCONJ', 'head': 18, 'deprel': 'cc', 'lemma': 'ו'}, {'id': 17, 'text': 'לא', 'upos': 'ADV', 'xpos': 'ADV', 'feats': 'Polarity=Neg', 'head': 18, 'deprel': 'advmod', 'lemma': 'לא'}]"
18,גרמו,VERB,VERB,"Gender=Fem,Masc|HebBinyan=PAAL|Number=Plur|Person=3|Tense=Past|Voice=Act",10.0,conj,"(62, 66)",גרם,
"(19, 20)",להנחתת,,,,,,"(67, 73)",,"[{'id': 19, 'text': 'ל', 'upos': 'ADP', 'xpos': 'ADP', 'head': 20, 'deprel': 'case', 'lemma': 'ל'}, {'id': 20, 'text': 'הנחתת', 'upos': 'NOUN', 'xpos': 'NOUN', 'feats': 'Definite=Cons|Gender=Fem|Number=Sing', 'head': 18, 'deprel': 'obl', 'lemma': 'הנחתה'}]"
"(21, 22)",הרעש,,,,,,"(74, 78)",,"[{'id': 21, 'text': 'ה', 'upos': 'DET', 'xpos': 'DET', 'feats': 'PronType=Art', 'head': 22, 'deprel': 'det:def', 'lemma': 'ה'}, {'id': 22, 'text': 'רעש', 'upos': 'NOUN', 'xpos': 'NOUN', 'feats': 'Gender=Masc|Number=Sing', 'head': 20, 'deprel': 'compound:smixut', 'lemma': 'רעש'}]"
"(23, 24)",הראשוני,,,,,,"(79, 86)",,"[{'id': 23, 'text': 'ה', 'upos': 'DET', 'xpos': 'DET', 'feats': 'PronType=Art', 'head': 24, 'deprel': 'det:def', 'lemma': 'ה'}, {'id': 24, 'text': 'ראשוני', 'upos': 'ADJ', 'xpos': 'ADJ', 'feats': 'Gender=Masc|Number=Sing', 'head': 22, 'deprel': 'amod', 'lemma': 'ראשוני'}]"
25,אלא,CCONJ,CCONJ,,26.0,cc,"(87, 90)",אלא,
26,הגבירו,VERB,VERB,"Gender=Fem,Masc|HebBinyan=HIFIL|Number=Plur|Person=3|Tense=Past|Voice=Act",10.0,conj,"(91, 97)",הגביר,
27,מעט,ADV,ADV,,26.0,advmod,"(98, 101)",מעט,
28,את,ADP,ADP,Case=Acc,29.0,case:acc,"(102, 104)",את,
29,עוצמת,NOUN,NOUN,Definite=Cons|Gender=Fem|Number=Sing,26.0,obj,"(105, 110)",עוצמה,
"(30, 31)",הרעש,,,,,,"(111, 115)",,"[{'id': 30, 'text': 'ה', 'upos': 'DET', 'xpos': 'DET', 'feats': 'PronType=Art', 'head': 31, 'deprel': 'det:def', 'lemma': 'ה'}, {'id': 31, 'text': 'רעש', 'upos': 'NOUN', 'xpos': 'NOUN', 'feats': 'Gender=Masc|Number=Sing', 'head': 29, 'deprel': 'compound:smixut', 'lemma': 'רעש'}]"
"(32, 33)",הנמדד,,,,,,"(116, 121)",,"[{'id': 32, 'text': 'ה', 'upos': 'SCONJ', 'xpos': 'SCONJ', 'head': 33, 'deprel': 'mark', 'lemma': 'ה'}, {'id': 33, 'text': 'נמדד', 'upos': 'VERB', 'xpos': 'VERB', 'feats': 'Gender=Masc|HebBinyan=NIFAL|Number=Sing|Person=3|Tense=Past|Voice=Mid', 'head': 31, 'deprel': 'acl:relcl', 'lemma': 'נמדד'}]"
"(34, 35)",בכל,,,,,,"(122, 125)",,"[{'id': 34, 'text': 'ב', 'upos': 'ADP', 'xpos': 'ADP', 'head': 36, 'deprel': 'case', 'lemma': 'ב'}, {'id': 35, 'text': 'כל', 'upos': 'DET', 'xpos': 'DET', 'feats': 'Definite=Cons', 'head': 36, 'deprel': 'det', 'lemma': 'כול'}]"
36,נקודות,NOUN,NOUN,Definite=Cons|Gender=Fem|Number=Plur,33.0,obl,"(126, 132)",נקודה,
"(37, 38)",המדידה,,,,,,"(133, 139)",,"[{'id': 37, 'text': 'ה', 'upos': 'DET', 'xpos': 'DET', 'feats': 'PronType=Art', 'head': 38, 'deprel': 'det:def', 'lemma': 'ה'}, {'id': 38, 'text': 'מדידה', 'upos': 'NOUN', 'xpos': 'NOUN', 'feats': 'Gender=Fem|Number=Sing', 'head': 36, 'deprel': 'compound:smixut', 'lemma': 'מדידה'}]"
"(1, 4)",להערכתנו,,,,,,"(1, 9)",,"[{'id': 1, 'text': 'ל', 'upos': 'ADP', 'xpos': 'ADP', 'head': 2, 'deprel': 'case', 'lemma': 'ל'}, {'id': 2, 'text': 'הערכה_', 'upos': 'NOUN', 'xpos': 'NOUN', 'feats': 'Definite=Def|Gender=Fem|Number=Sing', 'head': 10, 'deprel': 'obl', 'lemma': 'הערכה'}, {'id': 3, 'text': '_של_', 'upos': 'ADP', 'xpos': 'ADP', 'head': 4, 'deprel': 'case:gen', 'lemma': 'של'}, {'id': 4, 'text': '_אנחנו', 'upos': 'PRON', 'xpos': 'PRON', 'feats': 'Case=Gen|Gender=Fem,Masc|Number=Plur|Person=1|PronType=Prs', 'head': 2, 'deprel': 'nmod:poss', 'lemma': 'הוא'}]"
"(5, 6)",הרעש,,,,,,"(10, 14)",,"[{'id': 5, 'text': 'ה', 'upos': 'DET', 'xpos': 'DET', 'feats': 'PronType=Art', 'head': 6, 'deprel': 'det:def', 'lemma': 'ה'}, {'id': 6, 'text': 'רעש', 'upos': 'NOUN', 'xpos': 'NOUN', 'feats': 'Gender=Masc|Number=Sing', 'head': 10, 'deprel': 'nsubj', 'lemma': 'רעש'}]"
"(7, 8)",המשני,,,,,,"(15, 20)",,"[{'id': 7, 'text': 'ה', 'upos': 'DET', 'xpos': 'DET', 'feats': 'PronType=Art', 'head': 8, 'deprel': 'det:def', 'lemma': 'ה'}, {'id': 8, 'text': 'משני', 'upos': 'ADJ', 'xpos': 'ADJ', 'feats': 'Gender=Masc|Number=Sing', 'head': 6, 'deprel': 'amod', 'lemma': 'משני'}]"
9,לא,ADV,ADV,Polarity=Neg,10.0,advmod,"(21, 23)",לא,
10,הנחית,VERB,VERB,Gender=Masc|HebBinyan=HIFIL|Number=Sing|Person=3|Tense=Past|Voice=Act,0.0,root,"(24, 29)",הנחית,
11,את,ADP,ADP,Case=Acc,13.0,case:acc,"(30, 32)",את,
"(12, 13)",הרעש,,,,,,"(33, 37)",,"[{'id': 12, 'text': 'ה', 'upos': 'DET', 'xpos': 'DET', 'feats': 'PronType=Art', 'head': 13, 'deprel': 'det:def', 'lemma': 'ה'}, {'id': 13, 'text': 'רעש', 'upos': 'NOUN', 'xpos': 'NOUN', 'feats': 'Gender=Masc|Number=Sing', 'head': 10, 'deprel': 'obj', 'lemma': 'רעש'}]"
"(14, 15)",הראשוני,,,,,,"(38, 45)",,"[{'id': 14, 'text': 'ה', 'upos': 'DET', 'xpos': 'DET', 'feats': 'PronType=Art', 'head': 15, 'deprel': 'det:def', 'lemma': 'ה'}, {'id': 15, 'text': 'ראשוני', 'upos': 'ADJ', 'xpos': 'ADJ', 'feats': 'Gender=Masc|Number=Sing', 'head': 13, 'deprel': 'amod', 'lemma': 'ראשוני'}]"
16,(,PUNCT,PUNCT,,19.0,punct,"(46, 47)",(,
"(17, 19)",מהמזגנים,,,,,,"(47, 55)",,"[{'id': 17, 'text': 'מ', 'upos': 'ADP', 'xpos': 'ADP', 'head': 19, 'deprel': 'case', 'lemma': 'מ'}, {'id': 18, 'text': 'ה', 'upos': 'DET', 'xpos': 'DET', 'feats': 'PronType=Art', 'head': 19, 'deprel': 'det:def', 'lemma': 'ה'}, {'id': 19, 'text': 'מזגנים', 'upos': 'NOUN', 'xpos': 'NOUN', 'feats': 'Gender=Masc|Number=Plur', 'head': 13, 'deprel': 'appos', 'lemma': 'מזגן'}]"
20,),PUNCT,PUNCT,,19.0,punct,"(55, 56)",),
21,כיון,SCONJ,SCONJ,,10.0,advcl,"(57, 61)",כיון,
"(22, 23)",שלא,,,,,,"(62, 65)",,"[{'id': 22, 'text': 'ש', 'upos': 'SCONJ', 'xpos': 'SCONJ', 'head': 24, 'deprel': 'mark', 'lemma': 'ש'}, {'id': 23, 'text': 'לא', 'upos': 'ADV', 'xpos': 'ADV', 'feats': 'Polarity=Neg', 'head': 24, 'deprel': 'advmod', 'lemma': 'לא'}]"
24,בצענו,VERB,VERB,"Gender=Fem,Masc|HebBinyan=PIEL|Number=Plur|Person=1|Tense=Past|Voice=Act",10.0,obl,"(66, 71)",בצע,
25,הפיכה,NOUN,NOUN,Gender=Fem|Number=Sing,24.0,obj,"(72, 77)",הפיכה,
26,מקוונת,ADJ,ADJ,Gender=Fem|Number=Sing,25.0,amod,"(78, 84)",מקוון,
27,של,ADP,ADP,Case=Gen,31.0,case:gen,"(85, 87)",של,
28,כל,DET,DET,Definite=Cons,31.0,det,"(88, 90)",כול,
29,אחת,NUM,NUM,Gender=Fem|Number=Sing,31.0,det,"(91, 94)",אחת,
"(30, 31)",מהתדירויות,,,,,,"(95, 105)",,"[{'id': 30, 'text': 'מ', 'upos': 'ADP', 'xpos': 'ADP', 'head': 31, 'deprel': 'case', 'lemma': 'מ'}, {'id': 31, 'text': 'התדירויות', 'upos': 'NOUN', 'xpos': 'NOUN', 'feats': 'Gender=Fem|Number=Plur', 'head': 25, 'deprel': 'nmod', 'lemma': 'התדירות'}]"
"(32, 33)",העיקריות,,,,,,"(106, 114)",,"[{'id': 32, 'text': 'ה', 'upos': 'DET', 'xpos': 'DET', 'feats': 'PronType=Art', 'head': 33, 'deprel': 'det:def', 'lemma': 'ה'}, {'id': 33, 'text': 'עיקריות', 'upos': 'ADJ', 'xpos': 'ADJ', 'feats': 'Gender=Fem|Number=Plur', 'head': 31, 'deprel': 'amod', 'lemma': 'עיקרי'}]"
34,בפני,ADP,ADP,,35.0,case,"(115, 119)",בפני,
35,עצמה,PRON,PRON,Gender=Fem|Number=Sing|Person=3|PronType=Prs|Reflex=Yes,29.0,obl,"(120, 124)",עצמו,
"(36, 37)",בהעדר,,,,,,"(125, 130)",,"[{'id': 36, 'text': 'ב', 'upos': 'ADP', 'xpos': 'ADP', 'head': 38, 'deprel': 'case', 'lemma': 'ב'}, {'id': 37, 'text': 'העדר', 'upos': 'NOUN', 'xpos': 'NOUN', 'feats': 'Gender=Masc|Number=Sing', 'head': 36, 'deprel': 'fixed', 'lemma': 'העדר'}]"
38,תוכנה,NOUN,NOUN,Gender=Fem|Number=Sing,25.0,nmod,"(131, 136)",תוכנה,
"(39, 40)",ומיכשור,,,,,,"(137, 144)",,"[{'id': 39, 'text': 'ו', 'upos': 'CCONJ', 'xpos': 'CCONJ', 'head': 40, 'deprel': 'cc', 'lemma': 'ו'}, {'id': 40, 'text': 'מיכשור', 'upos': 'NOUN', 'xpos': 'NOUN', 'feats': 'Gender=Masc|Number=Sing', 'head': 38, 'deprel': 'conj', 'lemma': 'מיכשור'}]"
41,מתאימים,ADJ,ADJ,Gender=Masc|Number=Plur,38.0,amod,"(145, 152)",מתאים,
"(1, 2)",כתוצאה,,,,,,"(1, 7)",,"[{'id': 1, 'text': 'כ', 'upos': 'ADP', 'xpos': 'ADP', 'head': 2, 'deprel': 'case', 'lemma': 'כ'}, {'id': 2, 'text': 'תוצאה', 'upos': 'NOUN', 'xpos': 'NOUN', 'feats': 'Gender=Fem|Number=Sing', 'head': 12, 'deprel': 'obl', 'lemma': 'תוצאה'}]"
"(3, 4)",מכך,,,,,,"(8, 11)",,"[{'id': 3, 'text': 'מ', 'upos': 'ADP', 'xpos': 'ADP', 'head': 4, 'deprel': 'case', 'lemma': 'מ'}, {'id': 4, 'text': 'כך', 'upos': 'PRON', 'xpos': 'PRON', 'feats': 'Person=3|PronType=Dem', 'head': 2, 'deprel': 'nmod', 'lemma': 'כך'}]"
5,",",PUNCT,PUNCT,,12.0,punct,"(11, 12)",",",
6,היפוך,NOUN,NOUN,Definite=Cons|Gender=Masc|Number=Sing,12.0,nsubj,"(13, 18)",היפוך,
7,פאזה,NOUN,NOUN,Gender=Fem|Number=Sing,6.0,compound:smixut,"(19, 23)",פאזה,
8,של,ADP,ADP,Case=Gen,11.0,case:gen,"(24, 26)",של,
9,כל,DET,DET,Definite=Cons,11.0,det,"(27, 29)",כול,
"(10, 11)",האות,,,,,,"(30, 34)",,"[{'id': 10, 'text': 'ה', 'upos': 'DET', 'xpos': 'DET', 'feats': 'PronType=Art', 'head': 11, 'deprel': 'det:def', 'lemma': 'ה'}, {'id': 11, 'text': 'אות', 'upos': 'NOUN', 'xpos': 'NOUN', 'feats': 'Gender=Masc|Number=Sing', 'head': 6, 'deprel': 'nmod:poss', 'lemma': 'אות'}]"
12,גרם,VERB,VERB,Gender=Masc|HebBinyan=PAAL|Number=Sing|Person=3|Tense=Past|Voice=Act,0.0,root,"(35, 38)",גרם,
13,כנראה,ADV,ADV,,12.0,advmod,"(39, 44)",כנראה,
"(14, 15)",להגברה,,,,,,"(45, 51)",,"[{'id': 14, 'text': 'ל', 'upos': 'ADP', 'xpos': 'ADP', 'head': 15, 'deprel': 'case', 'lemma': 'ל'}, {'id': 15, 'text': 'הגברה', 'upos': 'NOUN', 'xpos': 'NOUN', 'feats': 'Gender=Fem|Number=Sing', 'head': 12, 'deprel': 'obl', 'lemma': 'הגברה'}]"
16,של,ADP,ADP,Case=Gen,17.0,case:gen,"(52, 54)",של,
17,מרכיבים,NOUN,NOUN,Gender=Masc|Number=Plur,15.0,nmod:poss,"(55, 62)",מרכיב,
18,מסויימים,ADJ,ADJ,Gender=Masc|Number=Plur,17.0,amod,"(63, 71)",מסוים,
"(19, 21)",ובסיכום,,,,,,"(72, 79)",,"[{'id': 19, 'text': 'ו', 'upos': 'CCONJ', 'xpos': 'CCONJ', 'head': 22, 'deprel': 'cc', 'lemma': 'ו'}, {'id': 20, 'text': 'ב', 'upos': 'ADP', 'xpos': 'ADP', 'head': 21, 'deprel': 'case', 'lemma': 'ב'}, {'id': 21, 'text': 'סיכום', 'upos': 'NOUN', 'xpos': 'NOUN', 'feats': 'Gender=Masc|Number=Sing', 'head': 22, 'deprel': 'obl', 'lemma': 'סיכום'}]"
22,קבלנו,VERB,VERB,"Gender=Fem,Masc|HebBinyan=PIEL|Number=Plur|Person=1|Tense=Past|Voice=Act",12.0,conj,"(80, 85)",קבל,
23,הגברה,NOUN,NOUN,Gender=Fem|Number=Sing,22.0,obj,"(86, 91)",הגברה,
24,במקום,ADP,ADP,,26.0,case,"(92, 97)",במקום,
"(25, 26)",הנחתה,,,,,,"(98, 103)",,"[{'id': 25, 'text': 'ה', 'upos': 'DET', 'xpos': 'DET', 'feats': 'PronType=Art', 'head': 26, 'deprel': 'det:def', 'lemma': 'ה'}, {'id': 26, 'text': 'נחתה', 'upos': 'NOUN', 'xpos': 'NOUN', 'feats': 'Gender=Fem|Number=Sing', 'head': 23, 'deprel': 'nmod', 'lemma': 'נחת'}]"
1,לכן,ADV,ADV,,3.0,advmod,"(1, 4)",לכן,
2,",",PUNCT,PUNCT,,3.0,punct,"(4, 5)",",",
3,מומלץ,AUX,AUX,Gender=Masc|Number=Sing|Tense=Past|VerbType=Mod,4.0,aux,"(6, 11)",מומלץ,
4,להמשיך,VERB,VERB,HebBinyan=HIFIL|VerbForm=Inf|Voice=Act,0.0,root,"(12, 18)",המשיך,
"(5, 6)",בחקירה,,,,,,"(19, 25)",,"[{'id': 5, 'text': 'ב', 'upos': 'ADP', 'xpos': 'ADP', 'head': 6, 'deprel': 'case', 'lemma': 'ב'}, {'id': 6, 'text': 'חקירה', 'upos': 'NOUN', 'xpos': 'NOUN', 'feats': 'Gender=Fem|Number=Sing', 'head': 4, 'deprel': 'obl', 'lemma': 'חקירה'}]"
7,ניסויית,ADJ,ADJ,Gender=Fem|Number=Sing,6.0,amod,"(26, 33)",ניסויי,
"(8, 9)",שתכלול,,,,,,"(34, 40)",,"[{'id': 8, 'text': 'ש', 'upos': 'SCONJ', 'xpos': 'SCONJ', 'head': 9, 'deprel': 'mark', 'lemma': 'ש'}, {'id': 9, 'text': 'תכלול', 'upos': 'VERB', 'xpos': 'VERB', 'feats': 'Gender=Fem|HebBinyan=PAAL|Number=Sing|Person=3|Tense=Fut|Voice=Act', 'head': 6, 'deprel': 'acl:relcl', 'lemma': 'כלל'}]"
10,אלמנטים,NOUN,NOUN,Gender=Masc|Number=Plur,9.0,obj,"(41, 48)",אלמנט,
"(11, 12)",שיאפשרו,,,,,,"(49, 56)",,"[{'id': 11, 'text': 'ש', 'upos': 'SCONJ', 'xpos': 'SCONJ', 'head': 12, 'deprel': 'mark', 'lemma': 'ש'}, {'id': 12, 'text': 'יאפשרו', 'upos': 'VERB', 'xpos': 'VERB', 'feats': 'Gender=Fem,Masc|HebBinyan=PIEL|Number=Plur|Person=3|Tense=Fut|Voice=Act', 'head': 10, 'deprel': 'acl:relcl', 'lemma': 'אפשר'}]"
13,מדידה,NOUN,NOUN,Gender=Fem|Number=Sing,12.0,obj,"(57, 62)",מדידה,
14,",",PUNCT,PUNCT,,13.0,punct,"(62, 63)",",",
15,ניתוח,NOUN,NOUN,Gender=Masc|Number=Sing,13.0,conj,"(64, 69)",ניתוח,
"(16, 18)",והיפוך,,,,,,"(70, 76)",,"[{'id': 16, 'text': 'ו', 'upos': 'CCONJ', 'xpos': 'CCONJ', 'head': 18, 'deprel': 'cc', 'lemma': 'ו'}, {'id': 17, 'text': 'ה', 'upos': 'DET', 'xpos': 'DET', 'feats': 'PronType=Art', 'head': 13, 'deprel': 'conj', 'lemma': 'ה'}, {'id': 18, 'text': 'יפוך', 'upos': 'NOUN', 'xpos': 'NOUN', 'feats': 'Gender=Masc|Number=Sing', 'head': 13, 'deprel': 'conj', 'lemma': 'יפוך'}]"
19,של,ADP,ADP,Case=Gen,23.0,case:gen,"(77, 79)",של,
20,כל,DET,DET,Definite=Cons,23.0,det,"(80, 82)",כול,
21,אחד,NUM,NUM,Gender=Masc|Number=Sing,13.0,nmod,"(83, 86)",אחד,
"(22, 23)",ממרכיבי,,,,,,"(87, 94)",,"[{'id': 22, 'text': 'מ', 'upos': 'ADP', 'xpos': 'ADP', 'head': 23, 'deprel': 'case', 'lemma': 'מ'}, {'id': 23, 'text': 'מרכיבי', 'upos': 'NOUN', 'xpos': 'NOUN', 'feats': 'Definite=Cons|Gender=Masc|Number=Plur', 'head': 21, 'deprel': 'obl', 'lemma': 'מרכיב'}]"
24,אותות,NOUN,NOUN,Definite=Cons|Gender=Fem|Number=Sing,23.0,compound:smixut,"(95, 100)",אות,
"(25, 26)",הרעש,,,,,,"(101, 105)",,"[{'id': 25, 'text': 'ה', 'upos': 'DET', 'xpos': 'DET', 'feats': 'PronType=Art', 'head': 26, 'deprel': 'det:def', 'lemma': 'ה'}, {'id': 26, 'text': 'רעש', 'upos': 'NOUN', 'xpos': 'NOUN', 'feats': 'Gender=Masc|Number=Sing', 'head': 24, 'deprel': 'compound:smixut', 'lemma': 'רעש'}]"
"(27, 28)",הראשוני,,,,,,"(106, 113)",,"[{'id': 27, 'text': 'ה', 'upos': 'DET', 'xpos': 'DET', 'feats': 'PronType=Art', 'head': 28, 'deprel': 'det:def', 'lemma': 'ה'}, {'id': 28, 'text': 'ראשוני', 'upos': 'ADJ', 'xpos': 'ADJ', 'feats': 'Gender=Masc|Number=Sing', 'head': 26, 'deprel': 'amod', 'lemma': 'ראשוני'}]"
29,בו,ADV,ADV,,23.0,advmod,"(114, 116)",בו,
"(30, 31)",־זמנית,,,,,,"(116, 122)",,"[{'id': 30, 'text': 'ל', 'upos': 'ADP', 'xpos': 'ADP', 'head': 31, 'deprel': 'case', 'lemma': 'ל'}, {'id': 31, 'text': 'זמנית', 'upos': 'ADV', 'xpos': 'ADV', 'head': 13, 'deprel': 'nmod', 'lemma': 'זמנית'}]"
1,4,NUM,NUM,,0.0,root,"(1, 2)",4,
1,סיכום,NOUN,NOUN,Definite=Cons|Gender=Masc|Number=Sing,6.0,dep,"(1, 6)",סיכום,
2,מטרת,NOUN,NOUN,Definite=Cons|Gender=Fem|Number=Sing,6.0,nsubj,"(7, 11)",מטרה,
"(3, 4)",המחקר,,,,,,"(12, 17)",,"[{'id': 3, 'text': 'ה', 'upos': 'DET', 'xpos': 'DET', 'feats': 'PronType=Art', 'head': 4, 'deprel': 'det:def', 'lemma': 'ה'}, {'id': 4, 'text': 'מחקר', 'upos': 'NOUN', 'xpos': 'NOUN', 'feats': 'Gender=Masc|Number=Sing', 'head': 2, 'deprel': 'compound:smixut', 'lemma': 'מחקר'}]"
5,היתה,AUX,AUX,Gender=Fem|Number=Sing|Person=3|Polarity=Pos|Tense=Past|VerbType=Cop,6.0,cop,"(18, 22)",היה,
6,לתכנן,VERB,VERB,HebBinyan=PIEL|VerbForm=Inf|Voice=Act,0.0,root,"(23, 28)",לתכנן,
"(7, 8)",ולפתח,,,,,,"(29, 34)",,"[{'id': 7, 'text': 'ו', 'upos': 'CCONJ', 'xpos': 'CCONJ', 'head': 8, 'deprel': 'cc', 'lemma': 'ו'}, {'id': 8, 'text': 'לפתח', 'upos': 'VERB', 'xpos': 'VERB', 'feats': 'HebBinyan=PIEL|VerbForm=Inf|Voice=Act', 'head': 6, 'deprel': 'conj', 'lemma': 'פיתח'}]"
9,שיטות,NOUN,NOUN,Gender=Fem|Number=Plur,6.0,obj,"(35, 40)",שיטה,
10,חדשניות,ADJ,ADJ,Gender=Fem|Number=Plur,9.0,amod,"(41, 48)",חדשי,
11,להשתקת,NOUN,NOUN,Definite=Cons|Gender=Fem|Number=Sing,9.0,acl,"(49, 55)",להשתקה,
12,רעשים,NOUN,NOUN,Gender=Masc|Number=Plur,11.0,compound:smixut,"(56, 61)",רעש,
"(13, 14)",בחדרי,,,,,,"(62, 67)",,"[{'id': 13, 'text': 'ב', 'upos': 'ADP', 'xpos': 'ADP', 'head': 14, 'deprel': 'case', 'lemma': 'ב'}, {'id': 14, 'text': 'חדרי', 'upos': 'NOUN', 'xpos': 'NOUN', 'feats': 'Definite=Cons|Gender=Masc|Number=Plur', 'head': 12, 'deprel': 'nmod', 'lemma': 'חדר'}]"
15,מגורים,NOUN,NOUN,Gender=Masc|Number=Plur,14.0,compound:smixut,"(68, 74)",מגורים,
"(16, 17)",הנגרמים,,,,,,"(75, 82)",,"[{'id': 16, 'text': 'ה', 'upos': 'SCONJ', 'xpos': 'SCONJ', 'head': 17, 'deprel': 'mark', 'lemma': 'ה'}, {'id': 17, 'text': 'נגרמים', 'upos': 'VERB', 'xpos': 'VERB', 'feats': 'Gender=Masc|HebBinyan=NIFAL|Number=Plur|Person=1,2,3|VerbForm=Part|Voice=Mid', 'head': 12, 'deprel': 'acl:relcl', 'lemma': 'נגרם'}]"
"(18, 19)",מיחידות,,,,,,"(83, 90)",,"[{'id': 18, 'text': 'מ', 'upos': 'ADP', 'xpos': 'ADP', 'head': 19, 'deprel': 'case', 'lemma': 'מ'}, {'id': 19, 'text': 'יחידות', 'upos': 'NOUN', 'xpos': 'NOUN', 'feats': 'Definite=Cons|Gender=Fem|Number=Plur', 'head': 17, 'deprel': 'obl', 'lemma': 'יחידה'}]"
20,עיבוי,NOUN,NOUN,Gender=Masc|Number=Sing,19.0,compound:smixut,"(91, 96)",עיבוי,
21,של,ADP,ADP,Case=Gen,22.0,case:gen,"(97, 99)",של,
22,מזגן,NOUN,NOUN,Gender=Masc|Number=Sing,19.0,nmod:poss,"(100, 104)",מזגן,
23,דירתי,ADJ,ADJ,Gender=Masc|Number=Sing,22.0,amod,"(105, 110)",דירתי,
24,מרכזי,ADJ,ADJ,Gender=Masc|Number=Sing,22.0,amod,"(111, 116)",מרכזי,
"(1, 2)",בשלב,,,,,,"(1, 5)",,"[{'id': 1, 'text': 'ב', 'upos': 'ADP', 'xpos': 'ADP', 'head': 2, 'deprel': 'case', 'lemma': 'ב'}, {'id': 2, 'text': 'שלב', 'upos': 'NOUN', 'xpos': 'NOUN', 'feats': 'Gender=Masc|Number=Sing', 'head': 5, 'deprel': 'obl', 'lemma': 'שלב'}]"
"(3, 4)",הראשון,,,,,,"(6, 12)",,"[{'id': 3, 'text': 'ה', 'upos': 'DET', 'xpos': 'DET', 'feats': 'PronType=Art', 'head': 4, 'deprel': 'det:def', 'lemma': 'ה'}, {'id': 4, 'text': 'ראשון', 'upos': 'ADJ', 'xpos': 'ADJ', 'feats': 'Gender=Masc|Number=Sing', 'head': 2, 'deprel': 'amod', 'lemma': 'ראשון'}]"
5,בצענו,VERB,VERB,"Gender=Fem,Masc|HebBinyan=PAAL|Number=Plur|Person=1|Tense=Past|Voice=Act",0.0,root,"(13, 18)",בצע,
6,מדידות,NOUN,NOUN,Gender=Fem|Number=Plur,5.0,obj,"(19, 25)",מדידה,
"(7, 8)",ואנליזה,,,,,,"(26, 33)",,"[{'id': 7, 'text': 'ו', 'upos': 'CCONJ', 'xpos': 'CCONJ', 'head': 8, 'deprel': 'cc', 'lemma': 'ו'}, {'id': 8, 'text': 'אנליזה', 'upos': 'NOUN', 'xpos': 'NOUN', 'feats': 'Gender=Fem|Number=Sing', 'head': 6, 'deprel': 'conj', 'lemma': 'אנליזה'}]"
9,מורכבת,VERB,VERB,Gender=Fem|Number=Sing,8.0,amod,"(34, 40)",הורכב,
"(10, 11)",להערכת,,,,,,"(41, 47)",,"[{'id': 10, 'text': 'ל', 'upos': 'ADP', 'xpos': 'ADP', 'head': 11, 'deprel': 'case', 'lemma': 'ל'}, {'id': 11, 'text': 'הערכת', 'upos': 'NOUN', 'xpos': 'NOUN', 'feats': 'Definite=Cons|Gender=Fem|Number=Sing', 'head': 6, 'deprel': 'nmod', 'lemma': 'הערכה'}]"
12,רמות,NOUN,NOUN,Definite=Cons|Gender=Fem|Number=Plur,11.0,compound:smixut,"(48, 52)",רמה,
"(13, 14)",הרעש,,,,,,"(53, 57)",,"[{'id': 13, 'text': 'ה', 'upos': 'DET', 'xpos': 'DET', 'feats': 'PronType=Art', 'head': 14, 'deprel': 'det:def', 'lemma': 'ה'}, {'id': 14, 'text': 'רעש', 'upos': 'NOUN', 'xpos': 'NOUN', 'feats': 'Gender=Masc|Number=Sing', 'head': 12, 'deprel': 'compound:smixut', 'lemma': 'רעש'}]"
"(15, 16)",ותכולת,,,,,,"(58, 64)",,"[{'id': 15, 'text': 'ו', 'upos': 'CCONJ', 'xpos': 'CCONJ', 'head': 16, 'deprel': 'cc', 'lemma': 'ו'}, {'id': 16, 'text': 'תכולת', 'upos': 'NOUN', 'xpos': 'NOUN', 'feats': 'Definite=Cons|Gender=Fem|Number=Sing', 'head': 12, 'deprel': 'conj', 'lemma': 'תכולת'}]"
"(17, 18)",התדרים,,,,,,"(65, 71)",,"[{'id': 17, 'text': 'ה', 'upos': 'DET', 'xpos': 'DET', 'feats': 'PronType=Art', 'head': 18, 'deprel': 'det:def', 'lemma': 'ה'}, {'id': 18, 'text': 'תדרים', 'upos': 'NOUN', 'xpos': 'NOUN', 'feats': 'Gender=Masc|Number=Plur', 'head': 16, 'deprel': 'compound:smixut', 'lemma': 'תדר'}]"
"(19, 20)",בחדרי,,,,,,"(72, 77)",,"[{'id': 19, 'text': 'ב', 'upos': 'ADP', 'xpos': 'ADP', 'head': 20, 'deprel': 'case', 'lemma': 'ב'}, {'id': 20, 'text': 'חדרי', 'upos': 'NOUN', 'xpos': 'NOUN', 'feats': 'Definite=Cons|Gender=Masc|Number=Plur', 'head': 16, 'deprel': 'nmod', 'lemma': 'חדר'}]"
21,שינה,NOUN,NOUN,Gender=Fem|Number=Sing,20.0,compound:smixut,"(78, 82)",שינה,
22,שסמוכים,ADJ,ADJ,Gender=Masc|Number=Plur,20.0,acl:relcl,"(83, 90)",שסמוך,
"(23, 26)",למיקומם,,,,,,"(91, 98)",,"[{'id': 23, 'text': 'ל', 'upos': 'ADP', 'xpos': 'ADP', 'head': 24, 'deprel': 'case', 'lemma': 'ל'}, {'id': 24, 'text': 'מיקום_', 'upos': 'NOUN', 'xpos': 'NOUN', 'feats': 'Definite=Def|Gender=Masc|Number=Sing', 'head': 22, 'deprel': 'obl', 'lemma': 'מיקום'}, {'id': 25, 'text': '_של_', 'upos': 'ADP', 'xpos': 'ADP', 'head': 26, 'deprel': 'case:gen', 'lemma': 'של'}, {'id': 26, 'text': '_הם', 'upos': 'PRON', 'xpos': 'PRON', 'feats': 'Case=Gen|Gender=Masc|Number=Plur|Person=3|PronType=Prs', 'head': 24, 'deprel': 'nmod:poss', 'lemma': 'הוא'}]"
27,של,ADP,ADP,Case=Gen,28.0,case:gen,"(99, 101)",של,
28,יחידות,NOUN,NOUN,Definite=Cons|Gender=Fem|Number=Plur,24.0,nmod:poss,"(102, 108)",יחידה,
"(29, 30)",העיבוי,,,,,,"(109, 115)",,"[{'id': 29, 'text': 'ה', 'upos': 'DET', 'xpos': 'DET', 'feats': 'PronType=Art', 'head': 30, 'deprel': 'det:def', 'lemma': 'ה'}, {'id': 30, 'text': 'עיבוי', 'upos': 'NOUN', 'xpos': 'NOUN', 'feats': 'Gender=Masc|Number=Sing', 'head': 28, 'deprel': 'compound:smixut', 'lemma': 'עיבוי'}]"
1,מצאנו,VERB,VERB,"Gender=Fem,Masc|HebBinyan=PAAL|Number=Plur|Person=1|Tense=Past|Voice=Act",0.0,root,"(1, 6)",מצא,
"(2, 3)",שניתן,,,,,,"(7, 12)",,"[{'id': 2, 'text': 'ש', 'upos': 'SCONJ', 'xpos': 'SCONJ', 'head': 3, 'deprel': 'mark', 'lemma': 'ש'}, {'id': 3, 'text': 'ניתן', 'upos': 'AUX', 'xpos': 'AUX', 'feats': 'Gender=Masc|Number=Sing|Person=1,2,3|VerbType=Mod', 'head': 4, 'deprel': 'aux', 'lemma': 'ניתן'}]"
4,לאפיין,VERB,VERB,HebBinyan=PIEL|VerbForm=Inf|Voice=Act,1.0,ccomp,"(13, 19)",אפיין,
5,את,ADP,ADP,Case=Acc,7.0,case:acc,"(20, 22)",את,
"(6, 7)",הרעש,,,,,,"(23, 27)",,"[{'id': 6, 'text': 'ה', 'upos': 'DET', 'xpos': 'DET', 'feats': 'PronType=Art', 'head': 7, 'deprel': 'det:def', 'lemma': 'ה'}, {'id': 7, 'text': 'רעש', 'upos': 'NOUN', 'xpos': 'NOUN', 'feats': 'Gender=Masc|Number=Sing', 'head': 4, 'deprel': 'obj', 'lemma': 'רעש'}]"
"(8, 10)",על־ידי,,,,,,"(28, 34)",,"[{'id': 8, 'text': 'על', 'upos': 'ADP', 'xpos': 'ADP', 'head': 10, 'deprel': 'case', 'lemma': 'על'}, {'id': 9, 'text': 'ה_', 'upos': 'DET', 'xpos': 'DET', 'feats': 'PronType=Art', 'head': 10, 'deprel': 'det:def', 'lemma': 'ה'}, {'id': 10, 'text': 'לידי', 'upos': 'NOUN', 'xpos': 'NOUN', 'head': 7, 'deprel': 'nmod', 'lemma': 'לידי'}]"
11,שלושה,NUM,NUM,Gender=Masc|Number=Sing,12.0,nummod,"(35, 40)",שלושה,
12,תדרים,NOUN,NOUN,Gender=Masc|Number=Plur,4.0,obl,"(41, 46)",תדר,
13,נמוכים,ADJ,ADJ,Gender=Masc|Number=Plur,12.0,amod,"(47, 53)",נמוך,
"(14, 15)",ועיקריים,,,,,,"(54, 62)",,"[{'id': 14, 'text': 'ו', 'upos': 'CCONJ', 'xpos': 'CCONJ', 'head': 15, 'deprel': 'cc', 'lemma': 'ו'}, {'id': 15, 'text': 'עיקריים', 'upos': 'ADJ', 'xpos': 'ADJ', 'feats': 'Gender=Masc|Number=Plur', 'head': 13, 'deprel': 'conj', 'lemma': 'עיקרי'}]"
16,24,NUM,NUM,,12.0,nummod,"(63, 65)",24,
17,",",PUNCT,PUNCT,,16.0,punct,"(65, 66)",",",
18,36,NUM,NUM,HebSource=ConvUncertainHead,16.0,dep,"(67, 69)",36,
19,",",PUNCT,PUNCT,,16.0,punct,"(69, 70)",",",
20,72,NUM,NUM,,16.0,dep,"(71, 73)",72,
21,Hz,NOUN,NOUN,HebSource=ConvUncertainHead,16.0,dep,"(74, 76)",Hz,
"(1, 2)",בהמשך,,,,,,"(1, 6)",,"[{'id': 1, 'text': 'ב', 'upos': 'ADP', 'xpos': 'ADP', 'head': 2, 'deprel': 'case', 'lemma': 'ב'}, {'id': 2, 'text': 'המשך', 'upos': 'NOUN', 'xpos': 'NOUN', 'feats': 'Definite=Cons|Gender=Masc|Number=Sing', 'head': 5, 'deprel': 'obl', 'lemma': 'המשך'}]"
"(3, 4)",המחקר,,,,,,"(7, 12)",,"[{'id': 3, 'text': 'ה', 'upos': 'DET', 'xpos': 'DET', 'feats': 'PronType=Art', 'head': 4, 'deprel': 'det:def', 'lemma': 'ה'}, {'id': 4, 'text': 'מחקר', 'upos': 'NOUN', 'xpos': 'NOUN', 'feats': 'Gender=Masc|Number=Sing', 'head': 2, 'deprel': 'compound:smixut', 'lemma': 'מחקר'}]"
5,פיתחנו,VERB,VERB,"Gender=Fem,Masc|HebBinyan=PIEL|Number=Plur|Person=3|Tense=Past|Voice=Act",0.0,root,"(13, 19)",פיתח,
6,מודלים,NOUN,NOUN,Gender=Masc|Number=Plur,5.0,obj,"(20, 26)",מודל,
7,חישוביים,ADJ,ADJ,Gender=Masc|Number=Plur,6.0,amod,"(27, 35)",חישובי,
"(8, 9)",לפתרון,,,,,,"(36, 42)",,"[{'id': 8, 'text': 'ל', 'upos': 'ADP', 'xpos': 'ADP', 'head': 9, 'deprel': 'case', 'lemma': 'ל'}, {'id': 9, 'text': 'פתרון', 'upos': 'NOUN', 'xpos': 'NOUN', 'feats': 'Gender=Masc|Number=Sing', 'head': 6, 'deprel': 'nmod', 'lemma': 'פתרון'}]"
10,אקוסטי,ADJ,ADJ,Gender=Masc|Number=Sing,9.0,amod,"(43, 49)",אקוסטי,
11,דו,ADV,ADV,Prefix=Yes,12.0,compound:affix,"(50, 52)",דו,
12,־ממדי,ADJ,ADJ,,10.0,conj,"(52, 57)",־ממדי,
"(13, 14)",ותלת,,,,,,"(58, 62)",,"[{'id': 13, 'text': 'ו', 'upos': 'CCONJ', 'xpos': 'CCONJ', 'head': 16, 'deprel': 'cc', 'lemma': 'ו'}, {'id': 14, 'text': 'תלת', 'upos': 'ADV', 'xpos': 'ADV', 'feats': 'Prefix=Yes', 'head': 16, 'deprel': 'compound:affix', 'lemma': 'תלת'}]"
"(15, 16)",־ממדי,,,,,,"(62, 67)",,"[{'id': 15, 'text': 'ל', 'upos': 'ADP', 'xpos': 'ADP', 'head': 16, 'deprel': 'case', 'lemma': 'ל'}, {'id': 16, 'text': 'ממדי', 'upos': 'ADJ', 'xpos': 'ADJ', 'feats': 'Gender=Masc|Number=Sing', 'head': 12, 'deprel': 'conj', 'lemma': 'ממדי'}]"
"(17, 18)",להדגמת,,,,,,"(68, 74)",,"[{'id': 17, 'text': 'ל', 'upos': 'ADP', 'xpos': 'ADP', 'head': 18, 'deprel': 'case', 'lemma': 'ל'}, {'id': 18, 'text': 'הדגמת', 'upos': 'NOUN', 'xpos': 'NOUN', 'feats': 'Definite=Cons|Gender=Fem|Number=Sing', 'head': 9, 'deprel': 'nmod', 'lemma': 'הדגמה'}]"
19,התפשטות,NOUN,NOUN,Definite=Cons|Gender=Fem|Number=Sing,18.0,compound:smixut,"(75, 82)",התפשטות,
20,גלי,NOUN,NOUN,Definite=Cons|Gender=Masc|Number=Plur,19.0,compound:smixut,"(83, 86)",גל,
21,קול,NOUN,NOUN,Gender=Masc|Number=Sing,20.0,compound:smixut,"(87, 90)",קול,
"(22, 23)",בחדר,,,,,,"(91, 95)",,"[{'id': 22, 'text': 'ב', 'upos': 'ADP', 'xpos': 'ADP', 'head': 23, 'deprel': 'case', 'lemma': 'ב'}, {'id': 23, 'text': 'חדר', 'upos': 'NOUN', 'xpos': 'NOUN', 'feats': 'Gender=Masc|Number=Sing', 'head': 19, 'deprel': 'nmod', 'lemma': 'חדר'}]"
24,סמוך,ADJ,ADJ,Gender=Masc|Number=Sing,23.0,amod,"(96, 100)",סמוך,
"(25, 26)",למקור,,,,,,"(101, 106)",,"[{'id': 25, 'text': 'ל', 'upos': 'ADP', 'xpos': 'ADP', 'head': 26, 'deprel': 'case', 'lemma': 'ל'}, {'id': 26, 'text': 'מקור', 'upos': 'NOUN', 'xpos': 'NOUN', 'feats': 'Definite=Cons|Gender=Masc|Number=Sing', 'head': 23, 'deprel': 'nmod', 'lemma': 'מקור'}]"
27,רעש,NOUN,NOUN,Gender=Masc|Number=Sing,26.0,compound:smixut,"(107, 110)",רעש,
"(28, 29)",ממזגנים,,,,,,"(111, 118)",,"[{'id': 28, 'text': 'מ', 'upos': 'ADP', 'xpos': 'ADP', 'head': 29, 'deprel': 'case', 'lemma': 'מ'}, {'id': 29, 'text': 'מזגנים', 'upos': 'NOUN', 'xpos': 'NOUN', 'feats': 'Gender=Masc|Number=Plur', 'head': 27, 'deprel': 'nmod', 'lemma': 'מזגן'}]"
"(1, 2)",השוואה,,,,,,"(1, 7)",,"[{'id': 1, 'text': 'ה', 'upos': 'DET', 'xpos': 'DET', 'feats': 'PronType=Art', 'head': 2, 'deprel': 'det:def', 'lemma': 'ה'}, {'id': 2, 'text': 'שוואה', 'upos': 'PROPN', 'xpos': 'PROPN', 'head': 22, 'deprel': 'nsubj', 'lemma': 'שוואה'}]"
3,של,ADP,ADP,Case=Gen,4.0,case:gen,"(8, 10)",של,
4,עוצמות,NOUN,NOUN,Definite=Cons|Gender=Fem|Number=Plur,2.0,nmod:poss,"(11, 17)",עוצמה,
"(5, 6)",הרעש,,,,,,"(18, 22)",,"[{'id': 5, 'text': 'ה', 'upos': 'DET', 'xpos': 'DET', 'feats': 'PronType=Art', 'head': 6, 'deprel': 'det:def', 'lemma': 'ה'}, {'id': 6, 'text': 'רעש', 'upos': 'NOUN', 'xpos': 'NOUN', 'feats': 'Gender=Masc|Number=Sing', 'head': 4, 'deprel': 'compound:smixut', 'lemma': 'רעש'}]"
"(7, 8)",שמתקבלות,,,,,,"(23, 31)",,"[{'id': 7, 'text': 'ש', 'upos': 'SCONJ', 'xpos': 'SCONJ', 'head': 8, 'deprel': 'mark', 'lemma': 'ש'}, {'id': 8, 'text': 'מתקבלות', 'upos': 'VERB', 'xpos': 'VERB', 'feats': 'Gender=Fem|HebBinyan=HITPAEL|Number=Plur|Person=1,2,3|VerbForm=Part', 'head': 4, 'deprel': 'acl:relcl', 'lemma': 'התקבל'}]"
"(9, 11)",בחישובים,,,,,,"(32, 40)",,"[{'id': 9, 'text': 'ב', 'upos': 'ADP', 'xpos': 'ADP', 'head': 11, 'deprel': 'case', 'lemma': 'ב'}, {'id': 10, 'text': 'ה_', 'upos': 'DET', 'xpos': 'DET', 'feats': 'PronType=Art', 'head': 11, 'deprel': 'det:def', 'lemma': 'ה'}, {'id': 11, 'text': 'חישובים', 'upos': 'NOUN', 'xpos': 'NOUN', 'feats': 'Gender=Masc|Number=Plur', 'head': 8, 'deprel': 'obl', 'lemma': 'חישוב'}]"
"(12, 13)",הנומריים,,,,,,"(41, 49)",,"[{'id': 12, 'text': 'ה', 'upos': 'DET', 'xpos': 'DET', 'feats': 'PronType=Art', 'head': 13, 'deprel': 'det:def', 'lemma': 'ה'}, {'id': 13, 'text': 'נומריים', 'upos': 'ADJ', 'xpos': 'ADJ', 'feats': 'Gender=Masc|Number=Plur', 'head': 11, 'deprel': 'amod', 'lemma': 'נומרי'}]"
14,עם,ADP,ADP,,16.0,case,"(50, 52)",עם,
"(15, 16)",המדידות,,,,,,"(53, 60)",,"[{'id': 15, 'text': 'ה', 'upos': 'DET', 'xpos': 'DET', 'feats': 'PronType=Art', 'head': 16, 'deprel': 'det:def', 'lemma': 'ה'}, {'id': 16, 'text': 'מדידות', 'upos': 'NOUN', 'xpos': 'NOUN', 'feats': 'Gender=Fem|Number=Plur', 'head': 11, 'deprel': 'nmod', 'lemma': 'מדידה'}]"
"(17, 18)",שבוצעו,,,,,,"(61, 67)",,"[{'id': 17, 'text': 'ש', 'upos': 'SCONJ', 'xpos': 'SCONJ', 'head': 18, 'deprel': 'mark', 'lemma': 'ש'}, {'id': 18, 'text': 'בוצעו', 'upos': 'VERB', 'xpos': 'VERB', 'feats': 'Gender=Fem,Masc|HebBinyan=PUAL|Number=Plur|Person=3|Tense=Past|Voice=Pass', 'head': 16, 'deprel': 'acl:relcl', 'lemma': 'בוצע'}]"
"(19, 21)",בשטח,,,,,,"(68, 72)",,"[{'id': 19, 'text': 'ב', 'upos': 'ADP', 'xpos': 'ADP', 'head': 21, 'deprel': 'case', 'lemma': 'ב'}, {'id': 20, 'text': 'ה_', 'upos': 'DET', 'xpos': 'DET', 'feats': 'PronType=Art', 'head': 21, 'deprel': 'det:def', 'lemma': 'ה'}, {'id': 21, 'text': 'שטח', 'upos': 'NOUN', 'xpos': 'NOUN', 'feats': 'Gender=Masc|Number=Sing', 'head': 18, 'deprel': 'obl', 'lemma': 'שטח'}]"
22,הראתה,VERB,VERB,Gender=Fem|HebBinyan=HIFIL|Number=Sing|Person=3|Tense=Past|Voice=Act,0.0,root,"(73, 78)",הראה,
23,התאמה,NOUN,NOUN,Gender=Fem|Number=Sing,22.0,obj,"(79, 84)",התאמה,
24,טובה,ADJ,ADJ,Gender=Fem|Number=Sing,23.0,amod,"(85, 89)",טוב,
1,חקירה,NOUN,NOUN,Gender=Fem|Number=Sing,12.0,nsubj,"(1, 6)",חקירה,
2,של,ADP,ADP,Case=Gen,3.0,case:gen,"(7, 9)",של,
3,הנחתה,NOUN,NOUN,Gender=Fem|Number=Sing,1.0,nmod:poss,"(10, 15)",הנחתה,
4,אקטיבית,ADJ,ADJ,Gender=Fem|Number=Sing,3.0,amod,"(16, 23)",אקטיבי,
5,באמצעות,ADP,ADP,,6.0,case,"(24, 31)",באמצעות,
6,מקורות,NOUN,NOUN,Definite=Cons|Gender=Masc|Number=Plur,3.0,nmod,"(32, 38)",מקור,
7,רעש,NOUN,NOUN,Gender=Masc|Number=Sing,6.0,compound:smixut,"(39, 42)",רעש,
8,משניים,ADJ,ADJ,Gender=Masc|Number=Plur,6.0,amod,"(43, 49)",משני,
9,(,PUNCT,PUNCT,,10.0,punct,"(50, 51)",(,
10,רמקולים,NOUN,NOUN,Gender=Masc|Number=Plur,6.0,appos,"(51, 58)",רמקול,
11,),PUNCT,PUNCT,,10.0,punct,"(58, 59)",),
12,נעשתה,VERB,VERB,Gender=Fem|HebBinyan=NIFAL|Number=Sing|Person=3|Tense=Past|Voice=Mid,0.0,root,"(60, 65)",נעשה,
13,באמצעות,ADP,ADP,,15.0,case,"(66, 73)",באמצעות,
"(14, 15)",המודל,,,,,,"(74, 79)",,"[{'id': 14, 'text': 'ה', 'upos': 'DET', 'xpos': 'DET', 'feats': 'PronType=Art', 'head': 15, 'deprel': 'det:def', 'lemma': 'ה'}, {'id': 15, 'text': 'מודל', 'upos': 'NOUN', 'xpos': 'NOUN', 'feats': 'Gender=Masc|Number=Sing', 'head': 12, 'deprel': 'obl', 'lemma': 'מודל'}]"
"(16, 17)",הדו־ממדי,,,,,,"(80, 88)",,"[{'id': 16, 'text': 'ה', 'upos': 'DET', 'xpos': 'DET', 'feats': 'PronType=Art', 'head': 17, 'deprel': 'det:def', 'lemma': 'ה'}, {'id': 17, 'text': 'דוקממדי', 'upos': 'ADJ', 'xpos': 'ADJ', 'head': 15, 'deprel': 'amod', 'lemma': 'דוקממדי'}]"
"(18, 19)",והראתה,,,,,,"(89, 95)",,"[{'id': 18, 'text': 'ו', 'upos': 'CCONJ', 'xpos': 'CCONJ', 'head': 19, 'deprel': 'cc', 'lemma': 'ו'}, {'id': 19, 'text': 'הראתה', 'upos': 'VERB', 'xpos': 'VERB', 'feats': 'Gender=Fem|HebBinyan=HIFIL|Number=Sing|Person=3|Tense=Past|Voice=Act', 'head': 12, 'deprel': 'conj', 'lemma': 'הראה'}]"
20,התכנות,NOUN,NOUN,Gender=Fem|Number=Sing,19.0,obj,"(96, 102)",התכנה,
21,של,ADP,ADP,Case=Gen,22.0,case:gen,"(103, 105)",של,
22,הנחתה,NOUN,NOUN,Gender=Fem|Number=Sing,20.0,nmod:poss,"(106, 111)",הנחתה,
23,משמעותית,ADJ,ADJ,Gender=Fem|Number=Sing,22.0,amod,"(112, 120)",משמעותי,
24,(,PUNCT,PUNCT,,26.0,punct,"(121, 122)",(,
25,10,NUM,NUM,,26.0,nummod,"(122, 124)",10,
26,dB,NOUN,NOUN,,22.0,appos,"(125, 127)",dB,
"(27, 29)",־5,,,,,,"(127, 129)",,"[{'id': 27, 'text': 'פף_', 'upos': 'NOUN', 'xpos': 'NOUN', 'feats': 'Definite=Def|Gender=Masc|Number=Sing', 'head': 26, 'deprel': 'nsubj', 'lemma': 'פף'}, {'id': 28, 'text': '_של_', 'upos': 'ADP', 'xpos': 'ADP', 'head': 29, 'deprel': 'case:gen', 'lemma': 'של'}, {'id': 29, 'text': '_היא', 'upos': 'PRON', 'xpos': 'PRON', 'feats': 'Case=Gen|Gender=Fem|Number=Sing|Person=3|PronType=Prs', 'head': 27, 'deprel': 'nmod:poss', 'lemma': 'הוא'}]"
30,),PUNCT,PUNCT,,26.0,punct,"(129, 130)",),
"(31, 32)",באזורים,,,,,,"(131, 138)",,"[{'id': 31, 'text': 'ב', 'upos': 'ADP', 'xpos': 'ADP', 'head': 32, 'deprel': 'case', 'lemma': 'ב'}, {'id': 32, 'text': 'אזורים', 'upos': 'NOUN', 'xpos': 'NOUN', 'feats': 'Gender=Masc|Number=Plur', 'head': 20, 'deprel': 'nmod', 'lemma': 'אזור'}]"
33,נרחבים,ADJ,ADJ,Gender=Masc|Number=Plur,32.0,amod,"(139, 145)",נרחב,
34,של,ADP,ADP,Case=Gen,36.0,case:gen,"(146, 148)",של,
"(35, 36)",החדר,,,,,,"(149, 153)",,"[{'id': 35, 'text': 'ה', 'upos': 'DET', 'xpos': 'DET', 'feats': 'PronType=Art', 'head': 36, 'deprel': 'det:def', 'lemma': 'ה'}, {'id': 36, 'text': 'חדר', 'upos': 'NOUN', 'xpos': 'NOUN', 'feats': 'Gender=Masc|Number=Sing', 'head': 32, 'deprel': 'nmod', 'lemma': 'חדר'}]"
37,על,ADP,ADP,,41.0,case,"(154, 156)",על,
38,-,PUNCT,PUNCT,,37.0,fixed,"(156, 157)",-,
39,ידי,NOUN,NOUN,Definite=Cons|Gender=Fem|Number=Plur,37.0,fixed,"(157, 160)",יד,
40,שני,NUM,NUM,Definite=Cons|Gender=Masc|Number=Plur,41.0,nummod,"(161, 164)",שני,
41,רמקולים,NOUN,NOUN,Gender=Masc|Number=Plur,20.0,nmod,"(165, 172)",רמקול,
"(42, 43)",במיקום,,,,,,"(173, 179)",,"[{'id': 42, 'text': 'ב', 'upos': 'ADP', 'xpos': 'ADP', 'head': 43, 'deprel': 'case', 'lemma': 'ב'}, {'id': 43, 'text': 'מיקום', 'upos': 'NOUN', 'xpos': 'NOUN', 'feats': 'Gender=Masc|Number=Sing', 'head': 41, 'deprel': 'nmod', 'lemma': 'מיקום'}]"
44,סביר,ADJ,ADJ,Gender=Masc|Number=Sing,43.0,amod,"(180, 184)",סביר,
1,הרחבת,NOUN,NOUN,Definite=Cons|Gender=Fem|Number=Sing,11.0,nsubj,"(1, 6)",הרחבה,
"(2, 3)",החישובים,,,,,,"(7, 15)",,"[{'id': 2, 'text': 'ה', 'upos': 'DET', 'xpos': 'DET', 'feats': 'PronType=Art', 'head': 3, 'deprel': 'det:def', 'lemma': 'ה'}, {'id': 3, 'text': 'חישובים', 'upos': 'NOUN', 'xpos': 'NOUN', 'feats': 'Gender=Masc|Number=Plur', 'head': 1, 'deprel': 'compound:smixut', 'lemma': 'חישוב'}]"
4,באמצעות,ADP,ADP,,6.0,case,"(16, 23)",באמצעות,
"(5, 6)",המודל,,,,,,"(24, 29)",,"[{'id': 5, 'text': 'ה', 'upos': 'DET', 'xpos': 'DET', 'feats': 'PronType=Art', 'head': 6, 'deprel': 'det:def', 'lemma': 'ה'}, {'id': 6, 'text': 'מודל', 'upos': 'NOUN', 'xpos': 'NOUN', 'feats': 'Gender=Masc|Number=Sing', 'head': 1, 'deprel': 'nmod', 'lemma': 'מודל'}]"
"(7, 8)",התלת,,,,,,"(30, 34)",,"[{'id': 7, 'text': 'ה', 'upos': 'DET', 'xpos': 'DET', 'feats': 'PronType=Art', 'head': 10, 'deprel': 'det:def', 'lemma': 'ה'}, {'id': 8, 'text': 'תלת', 'upos': 'ADV', 'xpos': 'ADV', 'head': 10, 'deprel': 'compound:affix', 'lemma': 'תלת'}]"
"(9, 10)",־ממדי,,,,,,"(34, 39)",,"[{'id': 9, 'text': 'ל', 'upos': 'ADP', 'xpos': 'ADP', 'head': 10, 'deprel': 'case', 'lemma': 'ל'}, {'id': 10, 'text': 'ממדי', 'upos': 'ADJ', 'xpos': 'ADJ', 'head': 6, 'deprel': 'nmod', 'lemma': 'ממדי'}]"
11,אפשרה,VERB,VERB,Gender=Fem|HebBinyan=PAAL|Number=Sing|Person=3|Tense=Past|Voice=Act,0.0,root,"(40, 45)",אפשר,
12,חקירה,NOUN,NOUN,Gender=Fem|Number=Sing,11.0,obj,"(46, 51)",חקירה,
13,של,ADP,ADP,Case=Gen,14.0,case:gen,"(52, 54)",של,
14,הנחתה,NOUN,NOUN,Gender=Fem|Number=Sing,12.0,nmod:poss,"(55, 60)",הנחתה,
15,אקטיבית,ADJ,ADJ,Gender=Fem|Number=Sing,14.0,amod,"(61, 68)",אקטיבי,
"(16, 17)",במרחב,,,,,,"(69, 74)",,"[{'id': 16, 'text': 'ב', 'upos': 'ADP', 'xpos': 'ADP', 'head': 17, 'deprel': 'case', 'lemma': 'ב'}, {'id': 17, 'text': 'מרחב', 'upos': 'NOUN', 'xpos': 'NOUN', 'feats': 'Definite=Cons|Gender=Masc|Number=Sing', 'head': 14, 'deprel': 'nmod', 'lemma': 'מרחב'}]"
"(18, 19)",החדר,,,,,,"(75, 79)",,"[{'id': 18, 'text': 'ה', 'upos': 'DET', 'xpos': 'DET', 'feats': 'PronType=Art', 'head': 19, 'deprel': 'det:def', 'lemma': 'ה'}, {'id': 19, 'text': 'חדר', 'upos': 'NOUN', 'xpos': 'NOUN', 'feats': 'Gender=Masc|Number=Sing', 'head': 17, 'deprel': 'compound:smixut', 'lemma': 'חדר'}]"
20,באמצעות,ADP,ADP,,22.0,case,"(80, 87)",באמצעות,
21,שני,NUM,NUM,Definite=Cons|Gender=Masc|Number=Plur,22.0,nummod,"(88, 91)",שני,
22,מקורות,NOUN,NOUN,Definite=Cons|Gender=Masc|Number=Plur,12.0,nmod,"(92, 98)",מקור,
23,רעש,NOUN,NOUN,Gender=Masc|Number=Sing,22.0,compound:smixut,"(99, 102)",רעש,
24,משניים,ADJ,ADJ,Gender=Masc|Number=Plur,22.0,amod,"(103, 109)",משני,
25,(,PUNCT,PUNCT,,26.0,punct,"(110, 111)",(,
26,רמקולים,NOUN,NOUN,Gender=Masc|Number=Plur,22.0,appos,"(111, 118)",רמקול,
27,),PUNCT,PUNCT,,26.0,punct,"(118, 119)",),
"(28, 29)",בגבהים,,,,,,"(120, 126)",,"[{'id': 28, 'text': 'ב', 'upos': 'ADP', 'xpos': 'ADP', 'head': 29, 'deprel': 'case', 'lemma': 'ב'}, {'id': 29, 'text': 'גבהים', 'upos': 'NOUN', 'xpos': 'NOUN', 'feats': 'Gender=Masc|Number=Plur', 'head': 22, 'deprel': 'nmod', 'lemma': 'גבה'}]"
30,שונים,ADJ,ADJ,Gender=Masc|Number=Plur,29.0,amod,"(127, 132)",שונה,
31,מעל,ADP,ADP,,32.0,case,"(133, 136)",מעל,
32,פני,NOUN,NOUN,"Definite=Cons|Gender=Fem,Masc|Number=Plur",29.0,nmod,"(137, 140)",פנים,
"(33, 34)",הרצפה,,,,,,"(141, 146)",,"[{'id': 33, 'text': 'ה', 'upos': 'DET', 'xpos': 'DET', 'feats': 'PronType=Art', 'head': 34, 'deprel': 'det:def', 'lemma': 'ה'}, {'id': 34, 'text': 'רצפה', 'upos': 'NOUN', 'xpos': 'NOUN', 'feats': 'Gender=Fem|Number=Sing', 'head': 32, 'deprel': 'compound:smixut', 'lemma': 'רצפה'}]"
1,במקביל,ADV,ADV,,3.0,advmod,"(1, 7)",במקביל,
"(2, 3)",בנינו,,,,,,"(8, 13)",,"[{'id': 2, 'text': 'ב', 'upos': 'ADP', 'xpos': 'ADP', 'head': 3, 'deprel': 'case', 'lemma': 'ב'}, {'id': 3, 'text': 'נינו', 'upos': 'PROPN', 'xpos': 'PROPN', 'head': 0, 'deprel': 'root', 'lemma': 'נין'}]"
4,מערכת,NOUN,NOUN,Gender=Fem|Number=Sing,3.0,nsubj,"(14, 19)",מערכת,
5,מעבדתית,ADJ,ADJ,Gender=Fem|Number=Sing,4.0,amod,"(20, 27)",מעבדתי,
6,פשוטה,ADJ,ADJ,Gender=Fem|Number=Sing,4.0,amod,"(28, 33)",פשוט,
"(7, 8)",לביצוע,,,,,,"(34, 40)",,"[{'id': 7, 'text': 'ל', 'upos': 'ADP', 'xpos': 'ADP', 'head': 8, 'deprel': 'case', 'lemma': 'ל'}, {'id': 8, 'text': 'ביצוע', 'upos': 'NOUN', 'xpos': 'NOUN', 'feats': 'Definite=Cons|Gender=Masc|Number=Sing', 'head': 4, 'deprel': 'nmod', 'lemma': 'ביצוע'}]"
9,ניסויי,NOUN,NOUN,Definite=Cons|Gender=Masc|Number=Plur,8.0,compound:smixut,"(41, 47)",ניסוי,
10,היתכנות,NOUN,NOUN,Gender=Fem|Number=Sing,9.0,compound:smixut,"(48, 55)",היתכנות,
11,של,ADP,ADP,Case=Gen,12.0,case:gen,"(56, 58)",של,
12,הנחתה,NOUN,NOUN,Gender=Fem|Number=Sing,9.0,nmod:poss,"(59, 64)",הנחתה,
13,אקטיבית,ADJ,ADJ,Gender=Fem|Number=Sing,12.0,amod,"(65, 72)",אקטיבי,
"(14, 15)",בתנאי,,,,,,"(73, 78)",,"[{'id': 14, 'text': 'ב', 'upos': 'ADP', 'xpos': 'ADP', 'head': 15, 'deprel': 'case', 'lemma': 'ב'}, {'id': 15, 'text': 'תנאי', 'upos': 'NOUN', 'xpos': 'NOUN', 'feats': 'Definite=Cons|Gender=Masc|Number=Plur', 'head': 12, 'deprel': 'nmod', 'lemma': 'תנאי'}]"
16,אמת,NOUN,NOUN,Gender=Fem|Number=Sing,15.0,compound:smixut,"(79, 82)",אמת,
17,באמצעות,ADP,ADP,,18.0,case,"(83, 90)",באמצעות,
18,מגבר,NOUN,NOUN,Gender=Masc|Number=Sing,4.0,nmod,"(91, 95)",מגבר,
"(19, 20)",ושני,,,,,,"(96, 100)",,"[{'id': 19, 'text': 'ו', 'upos': 'CCONJ', 'xpos': 'CCONJ', 'head': 21, 'deprel': 'cc', 'lemma': 'ו'}, {'id': 20, 'text': 'שני', 'upos': 'NUM', 'xpos': 'NUM', 'feats': 'Definite=Cons|Gender=Masc|Number=Plur', 'head': 21, 'deprel': 'nummod', 'lemma': 'שני'}]"
21,רמקולים,NOUN,NOUN,Gender=Masc|Number=Plur,18.0,conj,"(101, 108)",רמקול,
"(22, 25)",של ״15,,,,,,"(109, 115)",,"[{'id': 22, 'text': 'ש', 'upos': 'SCONJ', 'xpos': 'SCONJ', 'head': 25, 'deprel': 'mark', 'lemma': 'ש'}, {'id': 23, 'text': 'ל', 'upos': 'ADP', 'xpos': 'ADP', 'head': 25, 'deprel': 'case', 'lemma': 'ל'}, {'id': 24, 'text': 'ה_', 'upos': 'DET', 'xpos': 'DET', 'feats': 'PronType=Art', 'head': 25, 'deprel': 'det:def', 'lemma': 'ה'}, {'id': 25, 'text': 'אפ15', 'upos': 'X', 'xpos': 'X', 'head': 21, 'deprel': 'acl:relcl', 'lemma': 'אפ15'}]"
1,תוצאות,NOUN,NOUN,Definite=Cons|Gender=Fem|Number=Plur,6.0,nsubj,"(1, 7)",תוצאה,
"(2, 3)",המחקר,,,,,,"(8, 13)",,"[{'id': 2, 'text': 'ה', 'upos': 'DET', 'xpos': 'DET', 'feats': 'PronType=Art', 'head': 3, 'deprel': 'det:def', 'lemma': 'ה'}, {'id': 3, 'text': 'מחקר', 'upos': 'NOUN', 'xpos': 'NOUN', 'feats': 'Gender=Masc|Number=Sing', 'head': 1, 'deprel': 'compound:smixut', 'lemma': 'מחקר'}]"
"(4, 5)",החישובי,,,,,,"(14, 21)",,"[{'id': 4, 'text': 'ה', 'upos': 'DET', 'xpos': 'DET', 'feats': 'PronType=Art', 'head': 5, 'deprel': 'det:def', 'lemma': 'ה'}, {'id': 5, 'text': 'חישובי', 'upos': 'ADJ', 'xpos': 'ADJ', 'feats': 'Gender=Masc|Number=Sing', 'head': 3, 'deprel': 'amod', 'lemma': 'חישוב'}]"
6,הראו,VERB,VERB,"Gender=Fem,Masc|HebBinyan=HIFIL|Number=Plur|Person=3|Tense=Past|Voice=Act",0.0,root,"(22, 26)",הראה,
"(7, 8)",בברור,,,,,,"(27, 32)",,"[{'id': 7, 'text': 'ב', 'upos': 'ADP', 'xpos': 'ADP', 'head': 8, 'deprel': 'case', 'lemma': 'ב'}, {'id': 8, 'text': 'ברור', 'upos': 'NOUN', 'xpos': 'NOUN', 'feats': 'Gender=Masc|Number=Sing', 'head': 6, 'deprel': 'obl', 'lemma': 'ברור'}]"
"(9, 10)",שניתן,,,,,,"(33, 38)",,"[{'id': 9, 'text': 'ש', 'upos': 'SCONJ', 'xpos': 'SCONJ', 'head': 10, 'deprel': 'mark', 'lemma': 'ש'}, {'id': 10, 'text': 'ניתן', 'upos': 'AUX', 'xpos': 'AUX', 'feats': 'Gender=Masc|Number=Sing|Person=1,2,3|VerbType=Mod', 'head': 11, 'deprel': 'aux', 'lemma': 'ניתן'}]"
11,להקטין,VERB,VERB,HebBinyan=HIFIL|VerbForm=Inf|Voice=Act,6.0,ccomp,"(39, 45)",הקטין,
12,את,ADP,ADP,Case=Acc,13.0,case:acc,"(46, 48)",את,
13,מטרדי,NOUN,NOUN,Definite=Cons|Gender=Masc|Number=Plur,11.0,obj,"(49, 54)",מטרד,
"(14, 15)",הרעש,,,,,,"(55, 59)",,"[{'id': 14, 'text': 'ה', 'upos': 'DET', 'xpos': 'DET', 'feats': 'PronType=Art', 'head': 15, 'deprel': 'det:def', 'lemma': 'ה'}, {'id': 15, 'text': 'רעש', 'upos': 'NOUN', 'xpos': 'NOUN', 'feats': 'Gender=Masc|Number=Sing', 'head': 13, 'deprel': 'compound:smixut', 'lemma': 'רעש'}]"
"(16, 17)",בחדרי,,,,,,"(60, 65)",,"[{'id': 16, 'text': 'ב', 'upos': 'ADP', 'xpos': 'ADP', 'head': 17, 'deprel': 'case', 'lemma': 'ב'}, {'id': 17, 'text': 'חדרי', 'upos': 'NOUN', 'xpos': 'NOUN', 'feats': 'Definite=Cons|Gender=Masc|Number=Plur', 'head': 13, 'deprel': 'nmod', 'lemma': 'חדר'}]"
18,מגורים,NOUN,NOUN,Gender=Masc|Number=Plur,17.0,compound:smixut,"(66, 72)",מגורים,
19,באמצעות,ADP,ADP,,20.0,case,"(73, 80)",באמצעות,
20,הנחתה,NOUN,NOUN,Gender=Fem|Number=Sing,11.0,obl,"(81, 86)",הנחתה,
21,אקטיבית,ADJ,ADJ,Gender=Fem|Number=Sing,20.0,amod,"(87, 94)",אקטיבי,
"(22, 23)",ממקור,,,,,,"(95, 100)",,"[{'id': 22, 'text': 'מ', 'upos': 'ADP', 'xpos': 'ADP', 'head': 23, 'deprel': 'case', 'lemma': 'מ'}, {'id': 23, 'text': 'מקור', 'upos': 'NOUN', 'xpos': 'NOUN', 'feats': 'Gender=Masc|Number=Sing', 'head': 20, 'deprel': 'nmod', 'lemma': 'מקור'}]"
24,משני,ADJ,ADJ,Gender=Masc|Number=Sing,23.0,amod,"(101, 105)",משני,
25,בתוך,ADP,ADP,,27.0,case,"(106, 110)",בתוך,
"(26, 27)",החדר,,,,,,"(111, 115)",,"[{'id': 26, 'text': 'ה', 'upos': 'DET', 'xpos': 'DET', 'feats': 'PronType=Art', 'head': 27, 'deprel': 'det:def', 'lemma': 'ה'}, {'id': 27, 'text': 'חדר', 'upos': 'NOUN', 'xpos': 'NOUN', 'feats': 'Gender=Masc|Number=Sing', 'head': 23, 'deprel': 'nmod', 'lemma': 'חדר'}]"
1,כדי,ADP,ADP,,2.0,case,"(1, 4)",כדי,
2,ליישם,VERB,VERB,HebBinyan=PIEL|VerbForm=Inf|Voice=Act,9.0,advcl,"(5, 10)",יישם,
3,את,ADP,ADP,Case=Acc,5.0,case:acc,"(11, 13)",את,
"(4, 5)",הפתרון,,,,,,"(14, 20)",,"[{'id': 4, 'text': 'ה', 'upos': 'DET', 'xpos': 'DET', 'feats': 'PronType=Art', 'head': 5, 'deprel': 'det:def', 'lemma': 'ה'}, {'id': 5, 'text': 'פתרון', 'upos': 'NOUN', 'xpos': 'NOUN', 'feats': 'Gender=Masc|Number=Sing', 'head': 2, 'deprel': 'obj', 'lemma': 'פתרון'}]"
"(6, 8)",בפועל,,,,,,"(21, 26)",,"[{'id': 6, 'text': 'ב', 'upos': 'ADP', 'xpos': 'ADP', 'head': 8, 'deprel': 'case', 'lemma': 'ב'}, {'id': 7, 'text': 'ה_', 'upos': 'DET', 'xpos': 'DET', 'feats': 'PronType=Art', 'head': 8, 'deprel': 'det:def', 'lemma': 'ה'}, {'id': 8, 'text': 'פועל', 'upos': 'NOUN', 'xpos': 'NOUN', 'feats': 'Gender=Masc|Number=Sing', 'head': 2, 'deprel': 'obl', 'lemma': 'פועל'}]"
9,צריך,AUX,AUX,"Gender=Masc|Number=Sing|Person=1,2,3|VerbType=Mod",0.0,root,"(27, 31)",צריך,
10,מערכת,NOUN,NOUN,Definite=Cons|Gender=Fem|Number=Sing,9.0,obj,"(32, 37)",מערכת,
11,ניסוי,NOUN,NOUN,Gender=Masc|Number=Sing,10.0,compound:smixut,"(38, 43)",ניסוי,
"(12, 13)",שכוללת,,,,,,"(44, 50)",,"[{'id': 12, 'text': 'ש', 'upos': 'SCONJ', 'xpos': 'SCONJ', 'head': 13, 'deprel': 'mark', 'lemma': 'ש'}, {'id': 13, 'text': 'כוללת', 'upos': 'VERB', 'xpos': 'VERB', 'feats': 'Gender=Fem|HebBinyan=PAAL|Number=Sing|Person=1,2,3|VerbForm=Part|Voice=Act', 'head': 10, 'deprel': 'acl:relcl', 'lemma': 'כלל'}]"
14,בין,ADP,ADP,,16.0,case,"(51, 54)",בין,
"(15, 16)",השאר,,,,,,"(55, 59)",,"[{'id': 15, 'text': 'ה', 'upos': 'DET', 'xpos': 'DET', 'feats': 'PronType=Art', 'head': 16, 'deprel': 'det:def', 'lemma': 'ה'}, {'id': 16, 'text': 'שאר', 'upos': 'NOUN', 'xpos': 'NOUN', 'feats': 'Gender=Masc|Number=Sing', 'head': 13, 'deprel': 'obl', 'lemma': 'שאר'}]"
17,גם,ADV,ADV,,18.0,det,"(60, 62)",גם,
18,מערכת,NOUN,NOUN,Definite=Cons|Gender=Fem|Number=Sing,13.0,obj,"(63, 68)",מערכת,
19,בקרה,NOUN,NOUN,Gender=Fem|Number=Sing,18.0,compound:smixut,"(69, 73)",בקרה,
"(20, 21)",ואלגוריתמים,,,,,,"(74, 85)",,"[{'id': 20, 'text': 'ו', 'upos': 'CCONJ', 'xpos': 'CCONJ', 'head': 21, 'deprel': 'cc', 'lemma': 'ו'}, {'id': 21, 'text': 'אלגוריתמים', 'upos': 'NOUN', 'xpos': 'NOUN', 'feats': 'Gender=Masc|Number=Plur', 'head': 18, 'deprel': 'conj', 'lemma': 'אלגורית'}]"
22,כדי,ADP,ADP,,23.0,case,"(86, 89)",כדי,
23,לממש,VERB,VERB,HebBinyan=PIEL|VerbForm=Inf|Voice=Act,9.0,advcl,"(90, 94)",מימש,
24,את,ADP,ADP,Case=Acc,25.0,case:acc,"(95, 97)",את,
25,תוצאות,NOUN,NOUN,Definite=Cons|Gender=Fem|Number=Plur,23.0,obj,"(98, 104)",תוצאה,
"(26, 27)",החישובים,,,,,,"(105, 113)",,"[{'id': 26, 'text': 'ה', 'upos': 'DET', 'xpos': 'DET', 'feats': 'PronType=Art', 'head': 27, 'deprel': 'det:def', 'lemma': 'ה'}, {'id': 27, 'text': 'חישובים', 'upos': 'NOUN', 'xpos': 'NOUN', 'feats': 'Gender=Masc|Number=Plur', 'head': 25, 'deprel': 'compound:smixut', 'lemma': 'חישוב'}]"
28,על,ADP,ADP,,31.0,case,"(114, 116)",על,
29,-,PUNCT,PUNCT,,28.0,fixed,"(116, 117)",-,
30,ידי,NOUN,NOUN,Definite=Cons|Gender=Fem|Number=Plur,28.0,fixed,"(117, 120)",יד,
31,טיפול,NOUN,NOUN,Gender=Masc|Number=Sing,23.0,obl,"(121, 126)",טיפול,
"(32, 34)",במדידות,,,,,,"(127, 134)",,"[{'id': 32, 'text': 'ב', 'upos': 'ADP', 'xpos': 'ADP', 'head': 34, 'deprel': 'case', 'lemma': 'ב'}, {'id': 33, 'text': 'ה_', 'upos': 'DET', 'xpos': 'DET', 'feats': 'PronType=Art', 'head': 34, 'deprel': 'det:def', 'lemma': 'ה'}, {'id': 34, 'text': 'מדידות', 'upos': 'NOUN', 'xpos': 'NOUN', 'feats': 'Gender=Fem|Number=Plur', 'head': 31, 'deprel': 'nmod', 'lemma': 'מדידה'}]"
"(35, 36)",בזמן,,,,,,"(135, 139)",,"[{'id': 35, 'text': 'ב', 'upos': 'ADP', 'xpos': 'ADP', 'head': 36, 'deprel': 'case', 'lemma': 'ב'}, {'id': 36, 'text': 'זמן', 'upos': 'NOUN', 'xpos': 'NOUN', 'feats': 'Definite=Cons|Gender=Masc|Number=Sing', 'head': 31, 'deprel': 'nmod', 'lemma': 'זמן'}]"
37,אמת,NOUN,NOUN,Gender=Fem|Number=Sing,36.0,amod,"(140, 143)",אמת,
"(38, 39)",באופן,,,,,,"(144, 149)",,"[{'id': 38, 'text': 'ב', 'upos': 'ADP', 'xpos': 'ADP', 'head': 39, 'deprel': 'case', 'lemma': 'ב'}, {'id': 39, 'text': 'אופן', 'upos': 'NOUN', 'xpos': 'NOUN', 'feats': 'Gender=Masc|Number=Sing', 'head': 23, 'deprel': 'obl', 'lemma': 'אופן'}]"
40,מקוון,ADJ,ADJ,Gender=Masc|Number=Sing,39.0,amod,"(150, 155)",מקוון,
41,(,PUNCT,PUNCT,,44.0,punct,"(156, 157)",(,
42,on,ADP,ADP,,44.0,case,"(157, 159)",on,
43,-,PUNCT,PUNCT,,44.0,punct,"(159, 160)",-,
44,line,NOUN,NOUN,,39.0,appos,"(160, 164)",line,
45,),PUNCT,PUNCT,,44.0,punct,"(164, 165)",),
